match_id,nick_name,full_name,pos,team,xa,xg
2210271,Leno,Bernd Leno,Goalkeeper,ARS,0.00,0.00
2210271,Xhaka,Granit Xhaka,Midfielder,ARS,0.10,0.13
2210271,Marí,Pablo Marí,Defender,ARS,0.01,0.07
2210271,Chambers,Calum Chambers,Defender,ARS,0.03,0.07
2210271,Tierney,Kieran Tierney,Defender,ARS,0.32,0.13
2210271,Pepe,Nicolas Pepe,Midfielder,ARS,0.20,0.22
2210271,White (Ben),Ben White,Defender,ARS,0.01,0.00
2210271,Nelson (Reiss),Reiss Nelson,Midfielder,ARS,0.08,0.05
2210271,Smith-Rowe,Emile Smith-Rowe,Midfielder,ARS,0.37,0.12
2210271,Saka,Bukayo Saka,Midfielder,ARS,0.02,0.00
2210271,Balogun,Folarin Balogun,Forward,ARS,0.00,0.22
2210271,Nuno Tavares,Nuno Tavares,Defender,ARS,0.00,0.02
2210271,Sambi Lokonga,Albert Sambi Lokonga,Midfielder,ARS,0.20,0.04
2210271,Martinelli,Gabriel Teodoro Martinelli Silva,Midfielder,ARS,0.03,0.20
2210271,Jansson,Pontus Jansson,Defender,BRE,0.00,0.00
2210271,Norgaard,Christian Norgaard,Midfielder,BRE,0.01,0.67
2210271,Toney,Ivan Toney,Forward,BRE,0.14,0.00
2210271,Raya Martin,David Raya Martin,Goalkeeper,BRE,0.01,0.00
2210271,Canos,Sergi Canos,Defender,BRE,0.17,0.14
2210271,Ajer,Kristoffer Ajer,Defender,BRE,0.02,0.00
2210271,Henry,Rico Henry,Defender,BRE,0.01,0.00
2210271,Janelt,Vitaly Janelt,Midfielder,BRE,0.02,0.00
2210271,Forss,Marcus Forss,Forward,BRE,0.00,0.00
2210271,Bech Sørensen,Mads Bech Sørensen,Defender,BRE,0.00,0.00
2210271,Pinnock,Ethan Pinnock,Defender,BRE,0.02,0.00
2210271,Onyeka,Frank Onyeka,Midfielder,BRE,0.04,0.08
2210271,Mbeumo,Bryan Mbeumo,Forward,BRE,0.02,0.35
2210271,Bidstrup,Mads Bidstrup,Midfielder,BRE,0.00,0.00
2210272,Lallana,Adam Lallana,Midfielder,BHA,0.01,0.00
2210272,Groß,Pascal Groß,Midfielder,BHA,0.09,0.04
2210272,Duffy,Shane Duffy,Defender,BHA,0.00,0.07
2210272,Dunk,Lewis Dunk,Defender,BHA,0.00,0.00
2210272,March,Solomon March,Midfielder,BHA,0.11,0.05
2210272,Webster (Adam),Adam Webster,Defender,BHA,0.02,0.00
2210272,Maupay,Neal Maupay,Forward,BHA,0.02,0.57
2210272,Trossard,Leandro Trossard,Midfielder,BHA,0.02,0.09
2210272,Sanchez,Robert Sanchez,Goalkeeper,BHA,0.01,0.00
2210272,Bissouma,Yves Bissouma,Midfielder,BHA,0.02,0.00
2210272,Alzate,Steven Alzate,Midfielder,BHA,0.14,0.00
2210272,Mac Allister,Alexis Mac Allister,Midfielder,BHA,0.00,0.19
2210272,Moder,Jakub Moder,Midfielder,BHA,0.50,0.04
2210272,Mwepu,Enock Mwepu,Midfielder,BHA,0.02,0.00
2210272,Tarkowski,James Tarkowski,Defender,BUR,0.01,0.69
2210272,Cork,Jack Cork,Midfielder,BUR,0.00,0.09
2210272,Rodriguez,Jay Rodriguez,Forward,BUR,0.01,0.16
2210272,Barnes (Ashley),Ashley Barnes,Forward,BUR,0.00,0.00
2210272,Mee,Ben Mee,Defender,BUR,0.00,0.19
2210272,Westwood,Ashley Roy Westwood,Midfielder,BUR,0.56,0.00
2210272,Gudmundsson,Johann Berg Gudmundsson,Midfielder,BUR,0.01,0.14
2210272,Wood,Chris Wood,Forward,BUR,0.00,0.08
2210272,Lowton,Matthew Lowton,Defender,BUR,0.01,0.00
2210272,Vydra,Matej Vydra,Forward,BUR,0.00,0.11
2210272,Pope,Nick Pope,Goalkeeper,BUR,0.00,0.00
2210272,Taylor (Charlie),Charlie Taylor,Defender,BUR,0.03,0.00
2210272,Brownhill,Josh Brownhill,Midfielder,BUR,0.01,0.00
2210272,McNeil,Dwight McNeil,Midfielder,BUR,0.09,0.00
2210273,Azpilicueta,César Azpilicueta,Defender,CHE,0.06,0.03
2210273,Alonso,Marcos Alonso,Defender,CHE,0.20,0.13
2210273,Jorginho,Jorge Luiz Frello Filho,Midfielder,CHE,0.09,0.00
2210273,Kovacic,Mateo Kovacic,Midfielder,CHE,0.12,0.03
2210273,Rüdiger,Antonio Rüdiger,Defender,CHE,0.01,0.00
2210273,Emerson,Emerson Palmieri dos Santos,Defender,CHE,0.00,0.00
2210273,Christensen,Andreas Christensen,Defender,CHE,0.01,0.00
2210273,Werner,Timo Werner,Forward,CHE,0.01,0.08
2210273,Pulisic,Christian Pulisic,Midfielder,CHE,0.03,0.26
2210273,Chalobah (Trevoh),Trevoh Chalobah,Defender,CHE,0.22,0.02
2210273,Mount,Mason Mount,Midfielder,CHE,0.28,0.14
2210273,Havertz,Kai Havertz,Forward,CHE,0.06,0.00
2210273,James (Reece),Reece James,Defender,CHE,0.02,0.00
2210273,Mendy (Edouard),Edouard Mendy,Goalkeeper,CHE,0.00,0.00
2210273,Guaita,Vicente Guaita,Goalkeeper,CRY,0.00,0.00
2210273,McArthur,James McArthur,Midfielder,CRY,0.13,0.00
2210273,Benteke,Christian Benteke,Forward,CRY,0.00,0.03
2210273,Kouyaté,Cheikhou Kouyaté,Defender,CRY,0.00,0.00
2210273,Ward (Joel),Joel Ward,Defender,CRY,0.01,0.00
2210273,Ayew,Jordan Ayew,Midfielder,CRY,0.03,0.05
2210273,Zaha,Wilfried Zaha,Midfielder,CRY,0.05,0.08
2210273,Schlupp,Jeffrey Schlupp,Midfielder,CRY,0.00,0.05
2210273,Riedewald,Jairo Riedewald,Midfielder,CRY,0.01,0.00
2210273,Andersen,Joachim Andersen,Defender,CRY,0.00,0.00
2210273,Marc Guehi,Addji Keaninkin Marc-Israel Guehi,Defender,CRY,0.06,0.00
2210273,Mateta,Jean-Philippe Mateta,Forward,CRY,0.00,0.00
2210273,Mitchell,Tyrick Mitchell,Defender,CRY,0.01,0.00
2210273,Rak-Sakyi,Jesurun Rak-Sakyi,Midfielder,CRY,0.02,0.00
2210274,Coleman,Seamus Coleman,Defender,EVE,0.06,0.00
2210274,Townsend,Andros Townsend,Midfielder,EVE,0.59,0.00
2210274,Digne,Lucas Digne,Defender,EVE,0.07,0.10
2210274,Keane,Michael Keane,Defender,EVE,0.01,0.08
2210274,Pickford,Jordan Pickford,Goalkeeper,EVE,0.00,0.00
2210274,Allan,Allan Marques Loureiro,Midfielder,EVE,0.01,0.04
2210274,Doucouré,Abdoulaye Doucouré,Midfielder,EVE,0.01,0.08
2210274,Iwobi,Alex Iwobi,Midfielder,EVE,0.02,0.35
2210274,Mina,Yerry Mina,Defender,EVE,0.00,0.00
2210274,Gray (Demarai),Demarai Gray,Midfielder,EVE,0.26,0.00
2210274,Calvert-Lewin,Dominic Calvert-Lewin,Forward,EVE,0.01,1.16
2210274,Holgate,Mason Holgate,Defender,EVE,0.01,0.00
2210274,Richarlison,Richarlison de Andrade,Forward,EVE,0.48,0.62
2210274,Gordon (Anthony),Anthony Gordon,Midfielder,EVE,0.00,0.00
2210274,Walcott,Theo Walcott,Midfielder,SOU,0.04,0.00
2210274,McCarthy (Alex),Alex McCarthy,Goalkeeper,SOU,0.00,0.00
2210274,Romeu,Oriol Romeu,Midfielder,SOU,0.02,0.01
2210274,Redmond,Nathan Redmond,Midfielder,SOU,0.01,0.00
2210274,Stephens (Jack),Jack Stephens,Defender,SOU,0.00,0.00
2210274,Ward-Prowse,James Ward-Prowse,Midfielder,SOU,0.28,0.00
2210274,Armstrong (Adam),Adam Armstrong,Forward,SOU,0.00,0.60
2210274,Adams,Che Adams,Forward,SOU,0.21,0.00
2210274,Tella,Nathan Tella,Midfielder,SOU,0.00,0.00
2210274,Diallo,Ibrahima Diallo,Midfielder,SOU,0.00,0.19
2210274,Perraud,Romain Perraud,Defender,SOU,0.03,0.00
2210274,Djenepo,Moussa Djenepo,Midfielder,SOU,0.09,0.00
2210274,Livramento,Valentino Livramento,Defender,SOU,0.03,0.00
2210274,Salisu,Mohammed Salisu,Defender,SOU,0.04,0.05
2210275,Schmeichel,Kasper Schmeichel,Goalkeeper,LEI,0.00,0.00
2210275,Vestergaard,Jannik Vestergaard,Defender,LEI,0.00,0.00
2210275,Vardy,Jamie Vardy,Forward,LEI,0.28,0.33
2210275,Ricardo Pereira,Ricardo Domingos Barbosa Pereira,Defender,LEI,0.09,0.00
2210275,Amartey,Daniel Amartey,Defender,LEI,0.00,0.00
2210275,Tielemans,Youri Tielemans,Midfielder,LEI,0.18,0.02
2210275,Ayoze Pérez,Ayoze Pérez Gutiérrez,Midfielder,LEI,0.03,0.00
2210275,Maddison,James Maddison,Midfielder,LEI,0.07,0.00
2210275,Iheanacho,Kelechi Iheanacho,Forward,LEI,0.00,0.06
2210275,Barnes (Harvey),Harvey Barnes,Midfielder,LEI,0.01,0.08
2210275,Ndidi,Onyinye Wilfred Ndidi,Midfielder,LEI,0.02,0.00
2210275,Söyüncü,Caglar Söyüncü,Defender,LEI,0.00,0.00
2210275,Soumaré,Boubakary Soumaré,Midfielder,LEI,0.00,0.00
2210275,Thomas (Luke),Luke Thomas,Defender,LEI,0.19,0.00
2210275,Moutinho,João Moutinho,Midfielder,WOL,0.18,0.04
2210275,Coady,Conor Coady,Defender,WOL,0.00,0.00
2210275,Raúl Jiménez,Raul Alonso Jimenez Rodriguez,Forward,WOL,0.17,0.16
2210275,Saiss,Romain Saiss,Defender,WOL,0.01,0.00
2210275,Marçal,Fernando Marçal de Oliveira,Defender,WOL,0.10,0.00
2210275,José Sá,José Pedro Malheiro de Sá,Goalkeeper,WOL,0.00,0.00
2210275,Dendoncker (Leander),Leander Dendoncker,Midfielder,WOL,0.00,0.00
2210275,Traoré,Adama Traoré,Midfielder,WOL,0.08,0.72
2210275,Ruben Neves,Rúben Diogo da Silva Neves,Midfielder,WOL,0.10,0.01
2210275,Kilman,Max Kilman,Defender,WOL,0.07,0.16
2210275,Gibbs-White,Morgan Gibbs-White,Midfielder,WOL,0.00,0.11
2210275,Trincão,Francisco António Machado Trincão,Midfielder,WOL,0.01,0.09
2210275,Hoever,Ki-Jana Hoever,Defender,WOL,0.10,0.04
2210275,Fabio Silva,Fabio Daniel Soares Silva,Forward,WOL,0.00,0.00
2210276,Cooper,Liam Cooper,Defender,LEE,0.01,0.00
2210276,Ayling,Luke Ayling,Defender,LEE,0.01,0.05
2210276,Klich,Mateusz Klich,Midfielder,LEE,0.01,0.06
2210276,Rodrigo,Rodrigo Moreno Machado,Midfielder,LEE,0.01,0.00
2210276,Dallas,Stuart Dallas,Defender,LEE,0.02,0.00
2210276,Bamford,Patrick Bamford,Forward,LEE,0.01,0.12
2210276,Hélder Costa,Helder Costa,Midfielder,LEE,0.00,0.01
2210276,Roberts (Tyler),Tyler Roberts,Midfielder,LEE,0.05,0.01
2210276,Koch,Robin Koch,Defender,LEE,0.01,0.00
2210276,Raphinha,Raphael Dias Belloli,Midfielder,LEE,0.11,0.26
2210276,Harrison,Jack Harrison,Midfielder,LEE,0.03,0.02
2210276,Struijk,Pascal Struijk,Defender,LEE,0.00,0.00
2210276,Meslier,Illan Meslier,Goalkeeper,LEE,0.00,0.00
2210276,Firpo,Junior Firpo,Defender,LEE,0.00,0.00
2210276,De Gea,David De Gea,Goalkeeper,MUN,0.00,0.00
2210276,Matic,Nemanja Matic,Midfielder,MUN,0.00,0.00
2210276,Pogba,Paul Pogba,Midfielder,MUN,0.49,0.29
2210276,Maguire,Harry Maguire,Defender,MUN,0.00,0.01
2210276,Fred,Frederico Rodrigues de Paula Santos,Midfielder,MUN,0.01,0.18
2210276,Shaw,Luke Shaw,Defender,MUN,0.19,0.03
2210276,Bruno Fernandes,Bruno Miguel Borges Fernandes,Midfielder,MUN,0.04,0.64
2210276,Martial,Anthony Martial,Forward,MUN,0.00,0.00
2210276,Lindelof,Victor Nilsson-Lindelof,Defender,MUN,0.17,0.00
2210276,McTominay,Scott McTominay,Midfielder,MUN,0.01,0.03
2210276,James (Daniel),Daniel James,Midfielder,MUN,0.01,0.21
2210276,Sancho,Jadon Sancho,Midfielder,MUN,0.00,0.00
2210276,Wan-Bissaka,Aaron Wan-Bissaka,Defender,MUN,0.01,0.00
2210276,Greenwood (Mason),Mason Greenwood,Midfielder,MUN,0.12,0.11
2210277,Shelvey,Jonjo Shelvey,Midfielder,NEW,0.29,0.00
2210277,Ritchie,Matt Ritchie,Defender,NEW,0.38,0.03
2210277,Fernández,Federico Fernández,Defender,NEW,0.00,0.10
2210277,Clark,Ciaran Clark,Defender,NEW,0.01,0.31
2210277,Wilson (Callum),Callum Wilson,Forward,NEW,0.01,1.02
2210277,Fraser,Ryan Fraser,Midfielder,NEW,0.00,0.03
2210277,Krafth,Emil Krafth,Defender,NEW,0.00,0.10
2210277,Murphy (Jacob),Jacob Murphy,Midfielder,NEW,0.30,0.15
2210277,Hayden (Isaac),Isaac Hayden,Midfielder,NEW,0.01,0.02
2210277,Woodman,Freddie Woodman,Goalkeeper,NEW,0.00,0.00
2210277,Saint-Maximin,Allan Saint-Maximin,Midfielder,NEW,0.37,0.00
2210277,Almirón,Miguel Almirón,Midfielder,NEW,0.02,0.05
2210277,Longstaff (Sean),Sean Longstaff,Midfielder,NEW,0.00,0.00
2210277,Joelinton,Joelinton Cássio Apolinário de Lira,Midfielder,NEW,0.01,0.00
2210277,Fabianski,Lukasz Fabianski,Goalkeeper,WHU,0.00,0.00
2210277,Ogbonna,Angelo Ogbonna,Defender,WHU,0.00,0.00
2210277,Cresswell (Aaron),Aaron Cresswell,Defender,WHU,0.06,0.08
2210277,Yarmolenko,Andriy Yarmolenko,Midfielder,WHU,0.00,0.00
2210277,Antonio,Michail Antonio,Forward,WHU,0.15,1.37
2210277,Dawson,Craig Dawson,Defender,WHU,0.00,0.07
2210277,Fredericks,Ryan Fredericks,Defender,WHU,0.00,0.00
2210277,Coufal,Vladimir Coufal,Defender,WHU,0.59,0.00
2210277,Benrahma,Said Benrahma,Midfielder,WHU,0.07,0.36
2210277,Bowen,Jarrod Bowen,Midfielder,WHU,0.05,0.63
2210277,Rice,Declan Rice,Midfielder,WHU,0.18,0.00
2210277,Soucek,Tomas Soucek,Midfielder,WHU,0.02,0.90
2210277,Fornals,Pablo Fornals,Midfielder,WHU,0.11,0.06
2210277,Johnson,Ben Johnson,Defender,WHU,0.00,0.00
2210278,Milner,James Milner,Midfielder,LIV,0.04,0.00
2210278,Matip,Joel Matip,Defender,LIV,0.01,0.10
2210278,Oxlade-Chamberlain,Alex Oxlade-Chamberlain,Midfielder,LIV,0.01,0.03
2210278,Firmino,Roberto Firmino Barbosa de Oliveira,Forward,LIV,0.26,0.51
2210278,van Dijk,Virgil van Dijk,Defender,LIV,0.33,0.05
2210278,Mane,Sadio Mane,Midfielder,LIV,0.18,0.19
2210278,Alisson,Alisson Ramses Becker,Goalkeeper,LIV,0.00,0.00
2210278,Fabinho,Fabio Henrique Tavares,Midfielder,LIV,0.01,0.00
2210278,Salah,Mohamed Salah,Midfielder,LIV,0.41,0.26
2210278,Alexander-Arnold,Trent Alexander-Arnold,Defender,LIV,0.14,0.05
2210278,Keita,Naby Keita,Midfielder,LIV,0.28,0.00
2210278,Diogo Jota,Diogo José Teixeira da Silva,Forward,LIV,0.00,0.36
2210278,Tsimikas,Konstantinos Tsimikas,Defender,LIV,0.02,0.11
2210278,Elliott,Harvey Elliott,Midfielder,LIV,0.00,0.00
2210278,Krul,Tim Krul,Goalkeeper,NOR,0.00,0.00
2210278,Pukki,Teemu Pukki,Forward,NOR,0.00,0.09
2210278,Rupp,Lukas Rupp,Midfielder,NOR,0.01,0.11
2210278,Gibson (Ben),Ben Gibson,Defender,NOR,0.01,0.88
2210278,Hanley,Grant Hanley,Defender,NOR,0.00,0.43
2210278,Dowell,Kieran Dowell,Midfielder,NOR,0.02,0.00
2210278,Giannoulis,Dimitrios Giannoulis,Defender,NOR,0.03,0.00
2210278,Cantwell,Todd Cantwell,Midfielder,NOR,0.34,0.01
2210278,Lees-Melou,Pierre Lees-Melou,Midfielder,NOR,0.35,0.08
2210278,Rashica,Milot Rashica,Midfielder,NOR,0.05,0.03
2210278,Sargent,Joshua Sargent,Forward,NOR,0.00,0.04
2210278,Aarons,Maximillian Aarons,Defender,NOR,0.02,0.02
2210278,Gilmour,Billy Gilmour,Midfielder,NOR,0.00,0.00
2210278,Idah,Adam Idah,Forward,NOR,0.00,0.47
2210279,Fernandinho,Fernando Luiz Rosa,Midfielder,MCI,0.08,0.14
2210279,Gundogan,Ilkay Gundogan,Midfielder,MCI,0.03,0.20
2210279,De Bruyne,Kevin De Bruyne,Midfielder,MCI,0.03,0.02
2210279,Mendy (Benjamin),Benjamin Mendy,Defender,MCI,0.13,0.00
2210279,Mahrez,Riyad Mahrez,Midfielder,MCI,0.08,0.39
2210279,Sterling (Raheem),Raheem Sterling,Midfielder,MCI,0.03,0.03
2210279,Grealish,Jack Grealish,Midfielder,MCI,0.12,0.17
2210279,João Cancelo,João Pedro Cavaco Cancelo,Defender,MCI,0.45,0.19
2210279,Ederson,Ederson Santana de Moraes,Goalkeeper,MCI,0.00,0.00
2210279,Aké,Nathan Aké,Defender,MCI,0.00,0.08
2210279,Rúben Dias,Rúben Santos Gato Alves Dias,Defender,MCI,0.01,0.00
2210279,Jesus,Gabriel Fernando de Jesus,Forward,MCI,0.12,0.00
2210279,Zinchenko,Oleksandr Zinchenko,Defender,MCI,0.01,0.00
2210279,Torres,Ferran Torres,Midfielder,MCI,0.14,0.55
2210279,Lloris,Hugo Lloris,Goalkeeper,TOT,0.00,0.00
2210279,Son,Heung-Min Son,Midfielder,TOT,0.10,0.30
2210279,Doherty,Matt Doherty,Defender,TOT,0.00,0.00
2210279,Dier,Eric Dier,Defender,TOT,0.00,0.00
2210279,Lucas Moura,Lucas Rodrigues Moura da Silva,Midfielder,TOT,0.04,0.15
2210279,Alli,Bamidele Alli,Midfielder,TOT,0.05,0.00
2210279,Højbjerg,Pierre-Emile Højbjerg,Midfielder,TOT,0.02,0.02
2210279,Sánchez (Davinson),Davinson Sánchez,Defender,TOT,0.01,0.10
2210279,Bergwijn,Steven Bergwijn,Midfielder,TOT,0.12,0.47
2210279,Reguilón,Sergio Reguilón,Defender,TOT,0.02,0.00
2210279,Tanganga,Japhet Tanganga,Defender,TOT,0.17,0.00
2210279,Lo Celso,Giovani Lo Celso,Midfielder,TOT,0.00,0.00
2210279,Skipp,Oliver Skipp,Midfielder,TOT,0.00,0.00
2210279,Romero (Cristian),Cristian Romero,Defender,TOT,0.00,0.00
2210280,Young (Ashley),Ashley Young,Defender,AVL,0.04,0.02
2210280,Ings,Danny Ings,Forward,AVL,0.01,0.79
2210280,Martinez,Emiliano Martinez,Goalkeeper,AVL,0.01,0.00
2210280,Traore (Bertrand),Bertrand Traore,Midfielder,AVL,0.04,0.07
2210280,McGinn,John McGinn,Midfielder,AVL,0.02,0.14
2210280,Mings,Tyrone Mings,Defender,AVL,0.01,0.00
2210280,Targett,Matt Targett,Defender,AVL,0.02,0.00
2210280,Nakamba,Marvelous Nakamba,Midfielder,AVL,0.01,0.00
2210280,El Ghazi,Anwar El Ghazi,Midfielder,AVL,0.02,0.00
2210280,Buendía,Emiliano Buendía,Midfielder,AVL,0.03,0.04
2210280,Cash,Matthew Cash,Defender,AVL,0.07,0.01
2210280,Konsa Ngoyo,Ezri Konsa Ngoyo,Defender,AVL,0.01,0.00
2210280,Bailey,Leon Bailey,Midfielder,AVL,0.02,0.07
2210280,Ramsey (Jacob),Jacob Ramsey,Midfielder,AVL,0.03,0.05
2210280,Gosling,Dan Gosling,Midfielder,WAT,0.00,0.00
2210280,Cathcart,Craig Cathcart,Defender,WAT,0.00,0.00
2210280,Deeney,Troy Deeney,Forward,WAT,0.00,0.00
2210280,Cleverley,Tom Cleverley,Midfielder,WAT,0.01,0.00
2210280,Kucka,Juraj Kucka,Midfielder,WAT,0.02,0.11
2210280,Kabasele,Christian Kabasele,Defender,WAT,0.00,0.26
2210280,Troost-Ekong,William Troost-Ekong,Defender,WAT,0.00,0.00
2210280,Bachmann,Daniel Bachmann,Goalkeeper,WAT,0.00,0.00
2210280,Masina,Adam Masina,Defender,WAT,0.01,0.00
2210280,Sema,Ken Sema,Midfielder,WAT,0.16,0.00
2210280,Etebo,Peter Etebo,Midfielder,WAT,0.00,0.00
2210280,Dennis (Emmanuel),Emmanuel Bonaventure Dennis,Forward,WAT,0.02,0.59
2210280,Ismaila Sarr,Ismaila Sarr,Midfielder,WAT,0.11,0.16
2210280,Cucho,Juan Camilo Hernández,Forward,WAT,0.00,0.06
2210281,Aubameyang,Pierre-Emerick Aubameyang,Forward,ARS,0.00,0.03
2210281,Cedric,Cedric Ricardo Alves Soares,Defender,ARS,0.09,0.00
2210281,Leno,Bernd Leno,Goalkeeper,ARS,0.00,0.00
2210281,Xhaka,Granit Xhaka,Midfielder,ARS,0.04,0.00
2210281,Marí,Pablo Marí,Defender,ARS,0.33,0.00
2210281,Holding,Rob Holding,Defender,ARS,0.00,0.13
2210281,Tierney,Kieran Tierney,Defender,ARS,0.01,0.00
2210281,Pepe,Nicolas Pepe,Midfielder,ARS,0.04,0.00
2210281,Smith-Rowe,Emile Smith-Rowe,Midfielder,ARS,0.02,0.14
2210281,Saka,Bukayo Saka,Midfielder,ARS,0.04,0.01
2210281,Balogun,Folarin Balogun,Forward,ARS,0.01,0.00
2210281,Nuno Tavares,Nuno Tavares,Defender,ARS,0.01,0.00
2210281,Sambi Lokonga,Albert Sambi Lokonga,Midfielder,ARS,0.03,0.02
2210281,Martinelli,Gabriel Teodoro Martinelli Silva,Midfielder,ARS,0.00,0.00
2210281,Azpilicueta,César Azpilicueta,Defender,CHE,0.04,0.00
2210281,Lukaku,Romelu Lukaku,Forward,CHE,0.14,1.45
2210281,Alonso,Marcos Alonso,Defender,CHE,0.18,0.00
2210281,Jorginho,Jorge Luiz Frello Filho,Midfielder,CHE,0.05,0.00
2210281,Kovacic,Mateo Kovacic,Midfielder,CHE,0.09,0.04
2210281,Rüdiger,Antonio Rüdiger,Defender,CHE,0.01,0.00
2210281,Kanté,N'Golo Kanté,Midfielder,CHE,0.01,0.00
2210281,Ziyech,Hakim Ziyech,Midfielder,CHE,0.00,0.09
2210281,Christensen,Andreas Christensen,Defender,CHE,0.01,0.00
2210281,Werner,Timo Werner,Forward,CHE,0.00,0.00
2210281,Mount,Mason Mount,Midfielder,CHE,1.07,0.26
2210281,Havertz,Kai Havertz,Forward,CHE,0.03,0.72
2210281,James (Reece),Reece James,Defender,CHE,0.80,0.57
2210281,Mendy (Edouard),Edouard Mendy,Goalkeeper,CHE,0.00,0.00
2210282,Young (Ashley),Ashley Young,Defender,AVL,0.02,0.00
2210282,Ings,Danny Ings,Forward,AVL,0.01,0.19
2210282,Martinez,Emiliano Martinez,Goalkeeper,AVL,0.00,0.00
2210282,McGinn,John McGinn,Midfielder,AVL,0.26,0.04
2210282,Mings,Tyrone Mings,Defender,AVL,0.06,0.17
2210282,Tuanzebe,Axel Tuanzebe,Defender,AVL,0.00,0.00
2210282,El Ghazi,Anwar El Ghazi,Midfielder,AVL,0.03,0.84
2210282,Buendía,Emiliano Buendía,Midfielder,AVL,0.04,0.00
2210282,Cash,Matthew Cash,Defender,AVL,0.02,0.05
2210282,Konsa Ngoyo,Ezri Konsa Ngoyo,Defender,AVL,0.25,0.00
2210282,Wesley,Wesley Moraes Ferreira da Silva,Forward,AVL,0.00,0.00
2210282,Douglas Luiz,Douglas Luiz Soares de Paulo,Midfielder,AVL,0.00,0.02
2210282,Ramsey (Jacob),Jacob Ramsey,Midfielder,AVL,0.01,0.04
2210282,Philogene-Bidace,Jaden Philogene-Bidace,Midfielder,AVL,0.00,0.00
2210282,Ritchie,Matt Ritchie,Defender,NEW,0.46,0.03
2210282,Fernández,Federico Fernández,Defender,NEW,0.18,0.05
2210282,Wilson (Callum),Callum Wilson,Forward,NEW,0.01,0.45
2210282,Fraser,Ryan Fraser,Midfielder,NEW,0.00,0.08
2210282,Lascelles,Jamaal Lascelles,Defender,NEW,0.00,0.04
2210282,Murphy (Jacob),Jacob Murphy,Midfielder,NEW,0.01,0.00
2210282,Schär,Fabian Schär,Defender,NEW,0.17,0.00
2210282,Hayden (Isaac),Isaac Hayden,Midfielder,NEW,0.00,0.00
2210282,Woodman,Freddie Woodman,Goalkeeper,NEW,0.00,0.00
2210282,Saint-Maximin,Allan Saint-Maximin,Midfielder,NEW,0.03,0.02
2210282,Almirón,Miguel Almirón,Midfielder,NEW,0.05,0.00
2210282,Longstaff (Sean),Sean Longstaff,Midfielder,NEW,0.00,0.00
2210282,Joelinton,Joelinton Cássio Apolinário de Lira,Midfielder,NEW,0.02,0.03
2210282,Willock,Joseph Willock,Midfielder,NEW,0.01,0.00
2210283,Lallana,Adam Lallana,Midfielder,BHA,0.01,0.00
2210283,Groß,Pascal Groß,Midfielder,BHA,0.13,0.04
2210283,Duffy,Shane Duffy,Defender,BHA,0.01,0.14
2210283,Dunk,Lewis Dunk,Defender,BHA,0.01,0.00
2210283,March,Solomon March,Midfielder,BHA,0.03,0.00
2210283,Webster (Adam),Adam Webster,Defender,BHA,0.03,0.00
2210283,Maupay,Neal Maupay,Forward,BHA,0.01,0.42
2210283,Trossard,Leandro Trossard,Midfielder,BHA,0.07,0.05
2210283,Sanchez,Robert Sanchez,Goalkeeper,BHA,0.00,0.00
2210283,Bissouma,Yves Bissouma,Midfielder,BHA,0.08,0.05
2210283,Connolly,Aaron Connolly,Forward,BHA,0.00,0.33
2210283,Mac Allister,Alexis Mac Allister,Midfielder,BHA,0.05,0.29
2210283,Moder,Jakub Moder,Midfielder,BHA,0.00,0.00
2210283,Mwepu,Enock Mwepu,Midfielder,BHA,0.00,0.02
2210283,Cathcart,Craig Cathcart,Defender,WAT,0.01,0.00
2210283,Deeney,Troy Deeney,Forward,WAT,0.01,0.14
2210283,Cleverley,Tom Cleverley,Midfielder,WAT,0.02,0.26
2210283,King,Joshua King,Forward,WAT,0.07,0.00
2210283,Kabasele,Christian Kabasele,Defender,WAT,0.00,0.00
2210283,Troost-Ekong,William Troost-Ekong,Defender,WAT,0.00,0.00
2210283,Bachmann,Daniel Bachmann,Goalkeeper,WAT,0.00,0.00
2210283,Masina,Adam Masina,Defender,WAT,0.07,0.00
2210283,Sema,Ken Sema,Midfielder,WAT,0.02,0.07
2210283,Etebo,Peter Etebo,Midfielder,WAT,0.03,0.03
2210283,Dennis (Emmanuel),Emmanuel Bonaventure Dennis,Forward,WAT,0.04,0.09
2210283,Ismaila Sarr,Ismaila Sarr,Midfielder,WAT,0.09,0.41
2210283,Cucho,Juan Camilo Hernández,Forward,WAT,0.01,0.03
2210283,Louza,Imran Louza,Midfielder,WAT,0.00,0.00
2210284,Jansson,Pontus Jansson,Defender,BRE,0.02,0.00
2210284,Norgaard,Christian Norgaard,Midfielder,BRE,0.01,0.00
2210284,Toney,Ivan Toney,Forward,BRE,0.01,0.53
2210284,Raya Martin,David Raya Martin,Goalkeeper,BRE,0.00,0.00
2210284,Canos,Sergi Canos,Defender,BRE,0.09,0.00
2210284,Ajer,Kristoffer Ajer,Defender,BRE,0.01,0.07
2210284,Henry,Rico Henry,Defender,BRE,0.09,0.00
2210284,Janelt,Vitaly Janelt,Midfielder,BRE,0.02,0.05
2210284,Ghoddos,Saman Ghoddos,Midfielder,BRE,0.01,0.00
2210284,Wissa,Yoane Wissa,Midfielder,BRE,0.00,0.00
2210284,Pinnock,Ethan Pinnock,Defender,BRE,0.00,0.01
2210284,Onyeka,Frank Onyeka,Midfielder,BRE,0.02,0.10
2210284,Mbeumo,Bryan Mbeumo,Forward,BRE,0.31,0.10
2210284,Bidstrup,Mads Bidstrup,Midfielder,BRE,0.00,0.00
2210284,Guaita,Vicente Guaita,Goalkeeper,CRY,0.00,0.00
2210284,McArthur,James McArthur,Midfielder,CRY,0.03,0.04
2210284,Benteke,Christian Benteke,Forward,CRY,0.04,0.08
2210284,Kouyaté,Cheikhou Kouyaté,Defender,CRY,0.00,0.00
2210284,Ward (Joel),Joel Ward,Defender,CRY,0.16,0.01
2210284,Ayew,Jordan Ayew,Midfielder,CRY,0.00,0.04
2210284,Zaha,Wilfried Zaha,Midfielder,CRY,0.07,0.00
2210284,Schlupp,Jeffrey Schlupp,Midfielder,CRY,0.01,0.00
2210284,Andersen,Joachim Andersen,Defender,CRY,0.05,0.05
2210284,Marc Guehi,Addji Keaninkin Marc-Israel Guehi,Defender,CRY,0.00,0.00
2210284,Gallagher,Conor Gallagher,Midfielder,CRY,0.07,0.30
2210284,Mitchell,Tyrick Mitchell,Defender,CRY,0.01,0.00
2210285,Delph,Fabian Delph,Midfielder,EVE,0.00,0.00
2210285,Coleman,Seamus Coleman,Defender,EVE,0.01,0.04
2210285,Townsend,Andros Townsend,Midfielder,EVE,0.00,0.02
2210285,Digne,Lucas Digne,Defender,EVE,0.11,0.00
2210285,Keane,Michael Keane,Defender,EVE,0.00,0.04
2210285,Pickford,Jordan Pickford,Goalkeeper,EVE,0.00,0.00
2210285,Allan,Allan Marques Loureiro,Midfielder,EVE,0.01,0.00
2210285,Doucouré,Abdoulaye Doucouré,Midfielder,EVE,0.11,0.07
2210285,Iwobi,Alex Iwobi,Midfielder,EVE,0.34,0.05
2210285,Mina,Yerry Mina,Defender,EVE,0.00,0.00
2210285,Gray (Demarai),Demarai Gray,Midfielder,EVE,0.24,0.07
2210285,Calvert-Lewin,Dominic Calvert-Lewin,Forward,EVE,0.09,1.34
2210285,Richarlison,Richarlison de Andrade,Forward,EVE,0.04,0.19
2210285,Kean,Moise Kean,Forward,EVE,0.00,0.00
2210285,Cooper,Liam Cooper,Defender,LEE,0.05,0.02
2210285,Ayling,Luke Ayling,Defender,LEE,0.02,0.03
2210285,Klich,Mateusz Klich,Midfielder,LEE,0.02,0.51
2210285,Dallas,Stuart Dallas,Defender,LEE,0.10,0.00
2210285,Bamford,Patrick Bamford,Forward,LEE,0.03,0.41
2210285,Phillips (Kalvin),Kalvin Phillips,Midfielder,LEE,0.08,0.01
2210285,Roberts (Tyler),Tyler Roberts,Midfielder,LEE,0.00,0.00
2210285,Raphinha,Raphael Dias Belloli,Midfielder,LEE,0.04,0.18
2210285,Harrison,Jack Harrison,Midfielder,LEE,0.03,0.06
2210285,Shackleton,Jamie Shackleton,Midfielder,LEE,0.01,0.00
2210285,Struijk,Pascal Struijk,Defender,LEE,0.00,0.02
2210285,Meslier,Illan Meslier,Goalkeeper,LEE,0.00,0.00
2210285,Firpo,Junior Firpo,Defender,LEE,0.01,0.00
2210286,Tarkowski,James Tarkowski,Defender,BUR,0.01,0.07
2210286,Pieters,Erik Pieters,Defender,BUR,0.00,0.00
2210286,Cork,Jack Cork,Midfielder,BUR,0.00,0.05
2210286,Rodriguez,Jay Rodriguez,Forward,BUR,0.01,0.07
2210286,Barnes (Ashley),Ashley Barnes,Forward,BUR,0.05,0.46
2210286,Mee,Ben Mee,Defender,BUR,0.00,0.07
2210286,Gudmundsson,Johann Berg Gudmundsson,Midfielder,BUR,0.07,0.00
2210286,Wood,Chris Wood,Forward,BUR,0.00,0.13
2210286,Lowton,Matthew Lowton,Defender,BUR,0.02,0.00
2210286,Pope,Nick Pope,Goalkeeper,BUR,0.00,0.00
2210286,Taylor (Charlie),Charlie Taylor,Defender,BUR,0.00,0.00
2210286,Brownhill,Josh Brownhill,Midfielder,BUR,0.10,0.00
2210286,McNeil,Dwight McNeil,Midfielder,BUR,0.24,0.06
2210286,Henderson (Jordan),Jordan Henderson,Midfielder,LIV,0.04,0.01
2210286,Matip,Joel Matip,Defender,LIV,0.01,0.34
2210286,Thiago Alcántara,Thiago Alcántara do Nascimento,Midfielder,LIV,0.03,0.03
2210286,Firmino,Roberto Firmino Barbosa de Oliveira,Forward,LIV,0.01,0.07
2210286,van Dijk,Virgil van Dijk,Defender,LIV,0.02,0.24
2210286,Mane,Sadio Mane,Midfielder,LIV,0.09,1.20
2210286,Alisson,Alisson Ramses Becker,Goalkeeper,LIV,0.00,0.00
2210286,Salah,Mohamed Salah,Midfielder,LIV,0.09,0.43
2210286,Alexander-Arnold,Trent Alexander-Arnold,Defender,LIV,1.09,0.06
2210286,Gomez,Joseph Gomez,Defender,LIV,0.00,0.00
2210286,Keita,Naby Keita,Midfielder,LIV,0.02,0.02
2210286,Diogo Jota,Diogo José Teixeira da Silva,Forward,LIV,0.14,0.24
2210286,Tsimikas,Konstantinos Tsimikas,Defender,LIV,0.25,0.00
2210286,Elliott,Harvey Elliott,Midfielder,LIV,0.09,0.14
2210287,Walker (Kyle),Kyle Walker,Defender,MCI,0.09,0.02
2210287,Gundogan,Ilkay Gundogan,Midfielder,MCI,0.49,0.00
2210287,Mahrez,Riyad Mahrez,Midfielder,MCI,0.03,0.66
2210287,Sterling (Raheem),Raheem Sterling,Midfielder,MCI,0.02,0.77
2210287,Grealish,Jack Grealish,Midfielder,MCI,0.14,0.55
2210287,João Cancelo,João Pedro Cavaco Cancelo,Defender,MCI,0.09,0.03
2210287,Ederson,Ederson Santana de Moraes,Goalkeeper,MCI,0.00,0.00
2210287,Laporte,Aymeric Laporte,Defender,MCI,0.03,0.35
2210287,Bernardo Silva,Bernardo Mota Veiga de Carvalho e Silva,Midfielder,MCI,0.04,0.03
2210287,Rúben Dias,Rúben Santos Gato Alves Dias,Defender,MCI,0.28,0.00
2210287,Jesus,Gabriel Fernando de Jesus,Forward,MCI,0.61,0.11
2210287,Rodri,Rodrigo Hernández Cascante,Midfielder,MCI,0.05,0.05
2210287,Torres,Ferran Torres,Midfielder,MCI,0.02,0.10
2210287,Palmer,Cole Palmer,Midfielder,MCI,0.04,0.00
2210287,Krul,Tim Krul,Goalkeeper,NOR,0.00,0.00
2210287,Pukki,Teemu Pukki,Forward,NOR,0.00,0.00
2210287,Rupp,Lukas Rupp,Midfielder,NOR,0.00,0.00
2210287,Kenny McLean,Kenneth McLean,Midfielder,NOR,0.00,0.00
2210287,Gibson (Ben),Ben Gibson,Defender,NOR,0.00,0.00
2210287,Hanley,Grant Hanley,Defender,NOR,0.00,0.00
2210287,Giannoulis,Dimitrios Giannoulis,Defender,NOR,0.00,0.00
2210287,Cantwell,Todd Cantwell,Midfielder,NOR,0.00,0.00
2210287,Lees-Melou,Pierre Lees-Melou,Midfielder,NOR,0.01,0.00
2210287,Rashica,Milot Rashica,Midfielder,NOR,0.00,0.06
2210287,Sargent,Joshua Sargent,Forward,NOR,0.00,0.00
2210287,Mumba,Bali Mumba,Defender,NOR,0.00,0.00
2210287,Aarons,Maximillian Aarons,Defender,NOR,0.00,0.00
2210287,Gilmour,Billy Gilmour,Midfielder,NOR,0.03,0.00
2210288,De Gea,David De Gea,Goalkeeper,MUN,0.00,0.00
2210288,Matic,Nemanja Matic,Midfielder,MUN,0.02,0.07
2210288,Pogba,Paul Pogba,Midfielder,MUN,0.19,0.52
2210288,Maguire,Harry Maguire,Defender,MUN,0.00,0.71
2210288,Fred,Frederico Rodrigues de Paula Santos,Midfielder,MUN,0.21,0.00
2210288,Shaw,Luke Shaw,Defender,MUN,0.28,0.00
2210288,Lingard,Jesse Lingard,Midfielder,MUN,0.00,0.00
2210288,Bruno Fernandes,Bruno Miguel Borges Fernandes,Midfielder,MUN,0.42,0.10
2210288,Martial,Anthony Martial,Forward,MUN,0.02,0.32
2210288,Lindelof,Victor Nilsson-Lindelof,Defender,MUN,0.00,0.00
2210288,McTominay,Scott McTominay,Midfielder,MUN,0.00,0.02
2210288,Sancho,Jadon Sancho,Midfielder,MUN,0.02,0.00
2210288,Wan-Bissaka,Aaron Wan-Bissaka,Defender,MUN,0.18,0.00
2210288,Greenwood (Mason),Mason Greenwood,Midfielder,MUN,0.03,0.36
2210288,Walcott,Theo Walcott,Midfielder,SOU,0.00,0.00
2210288,McCarthy (Alex),Alex McCarthy,Goalkeeper,SOU,0.00,0.00
2210288,Romeu,Oriol Romeu,Midfielder,SOU,0.01,0.00
2210288,Stephens (Jack),Jack Stephens,Defender,SOU,0.01,0.00
2210288,Ward-Prowse,James Ward-Prowse,Midfielder,SOU,0.09,0.07
2210288,Armstrong (Adam),Adam Armstrong,Forward,SOU,0.02,0.43
2210288,Walker-Peters,Kyle Walker-Peters,Defender,SOU,0.01,0.00
2210288,Bednarek,Jan Bednarek,Defender,SOU,0.00,0.00
2210288,Adams,Che Adams,Forward,SOU,0.21,0.13
2210288,Diallo,Ibrahima Diallo,Midfielder,SOU,0.01,0.00
2210288,Perraud,Romain Perraud,Defender,SOU,0.00,0.00
2210288,Djenepo,Moussa Djenepo,Midfielder,SOU,0.03,0.02
2210288,Livramento,Valentino Livramento,Defender,SOU,0.01,0.03
2210288,Salisu,Mohammed Salisu,Defender,SOU,0.01,0.00
2210289,Schmeichel,Kasper Schmeichel,Goalkeeper,LEI,0.00,0.00
2210289,Vardy,Jamie Vardy,Forward,LEI,0.00,0.00
2210289,Ricardo Pereira,Ricardo Domingos Barbosa Pereira,Defender,LEI,0.02,0.11
2210289,Amartey,Daniel Amartey,Defender,LEI,0.01,0.00
2210289,Tielemans,Youri Tielemans,Midfielder,LEI,0.01,0.34
2210289,Ayoze Pérez,Ayoze Pérez Gutiérrez,Midfielder,LEI,0.04,0.10
2210289,Maddison,James Maddison,Midfielder,LEI,0.06,0.04
2210289,Iheanacho,Kelechi Iheanacho,Forward,LEI,0.00,0.00
2210289,Barnes (Harvey),Harvey Barnes,Midfielder,LEI,0.01,0.00
2210289,Ndidi,Onyinye Wilfred Ndidi,Midfielder,LEI,0.01,0.00
2210289,Söyüncü,Caglar Söyüncü,Defender,LEI,0.00,0.00
2210289,Soumaré,Boubakary Soumaré,Midfielder,LEI,0.00,0.00
2210289,Thomas (Luke),Luke Thomas,Defender,LEI,0.00,0.00
2210289,Daka,Patson Daka,Forward,LEI,0.00,0.00
2210289,Noble,Mark Noble,Midfielder,WHU,0.00,0.00
2210289,Fabianski,Lukasz Fabianski,Goalkeeper,WHU,0.00,0.00
2210289,Ogbonna,Angelo Ogbonna,Defender,WHU,0.00,0.00
2210289,Cresswell (Aaron),Aaron Cresswell,Defender,WHU,0.03,0.08
2210289,Yarmolenko,Andriy Yarmolenko,Midfielder,WHU,0.00,0.00
2210289,Antonio,Michail Antonio,Forward,WHU,0.13,0.95
2210289,Dawson,Craig Dawson,Defender,WHU,0.07,0.41
2210289,Coufal,Vladimir Coufal,Defender,WHU,0.07,0.00
2210289,Benrahma,Said Benrahma,Midfielder,WHU,0.10,0.42
2210289,Bowen,Jarrod Bowen,Midfielder,WHU,0.63,0.00
2210289,Rice,Declan Rice,Midfielder,WHU,0.15,0.02
2210289,Soucek,Tomas Soucek,Midfielder,WHU,0.02,0.27
2210289,Fornals,Pablo Fornals,Midfielder,WHU,0.49,0.19
2210290,Lloris,Hugo Lloris,Goalkeeper,TOT,0.00,0.00
2210290,Kane,Harry Kane,Forward,TOT,0.03,0.44
2210290,Son,Heung-Min Son,Midfielder,TOT,0.00,0.20
2210290,Dier,Eric Dier,Defender,TOT,0.00,0.09
2210290,Lucas Moura,Lucas Rodrigues Moura da Silva,Midfielder,TOT,0.15,0.00
2210290,Alli,Bamidele Alli,Midfielder,TOT,0.05,0.79
2210290,Højbjerg,Pierre-Emile Højbjerg,Midfielder,TOT,0.01,0.12
2210290,Winks,Harry Winks,Midfielder,TOT,0.00,0.00
2210290,Sánchez (Davinson),Davinson Sánchez,Defender,TOT,0.00,0.00
2210290,Bergwijn,Steven Bergwijn,Midfielder,TOT,0.11,0.11
2210290,Reguilón,Sergio Reguilón,Defender,TOT,0.34,0.00
2210290,Tanganga,Japhet Tanganga,Defender,TOT,0.00,0.00
2210290,Lo Celso,Giovani Lo Celso,Midfielder,TOT,0.05,0.00
2210290,Skipp,Oliver Skipp,Midfielder,TOT,0.01,0.00
2210290,Moutinho,João Moutinho,Midfielder,WOL,0.11,0.08
2210290,Coady,Conor Coady,Defender,WOL,0.01,0.00
2210290,Raúl Jiménez,Raul Alonso Jimenez Rodriguez,Forward,WOL,0.20,0.48
2210290,Saiss,Romain Saiss,Defender,WOL,0.01,0.02
2210290,Marçal,Fernando Marçal de Oliveira,Defender,WOL,0.05,0.03
2210290,José Sá,José Pedro Malheiro de Sá,Goalkeeper,WOL,0.00,0.00
2210290,Dendoncker (Leander),Leander Dendoncker,Midfielder,WOL,0.00,0.09
2210290,Traoré,Adama Traoré,Midfielder,WOL,0.26,0.60
2210290,Ruben Neves,Rúben Diogo da Silva Neves,Midfielder,WOL,0.34,0.12
2210290,Semedo,Nelson Semedo,Defender,WOL,0.23,0.07
2210290,Kilman,Max Kilman,Defender,WOL,0.01,0.00
2210290,Trincão,Francisco António Machado Trincão,Midfielder,WOL,0.08,0.27
2210290,Ait Nouri,Rayan Ait Nouri,Defender,WOL,0.00,0.05
2210290,Fabio Silva,Fabio Daniel Soares Silva,Forward,WOL,0.00,0.02
2210291,Young (Ashley),Ashley Young,Defender,AVL,0.00,0.00
2210291,Ings,Danny Ings,Forward,AVL,0.06,0.20
2210291,Martinez,Emiliano Martinez,Goalkeeper,AVL,0.00,0.00
2210291,Hause,Kortney Hause,Defender,AVL,0.00,0.00
2210291,Targett,Matt Targett,Defender,AVL,0.01,0.00
2210291,Watkins,Ollie Watkins,Forward,AVL,0.01,0.10
2210291,Tuanzebe,Axel Tuanzebe,Defender,AVL,0.00,0.08
2210291,Nakamba,Marvelous Nakamba,Midfielder,AVL,0.00,0.00
2210291,El Ghazi,Anwar El Ghazi,Midfielder,AVL,0.18,0.02
2210291,Buendía,Emiliano Buendía,Midfielder,AVL,0.24,0.15
2210291,Cash,Matthew Cash,Defender,AVL,0.02,0.00
2210291,Konsa Ngoyo,Ezri Konsa Ngoyo,Defender,AVL,0.00,0.19
2210291,Douglas Luiz,Douglas Luiz Soares de Paulo,Midfielder,AVL,0.02,0.00
2210291,Chukwuemeka (Carney),Carney Chukwuemeka,Midfielder,AVL,0.00,0.00
2210291,Jansson,Pontus Jansson,Defender,BRE,0.33,0.00
2210291,Norgaard,Christian Norgaard,Midfielder,BRE,0.01,0.00
2210291,Toney,Ivan Toney,Forward,BRE,0.02,0.20
2210291,Raya Martin,David Raya Martin,Goalkeeper,BRE,0.00,0.00
2210291,Canos,Sergi Canos,Defender,BRE,0.04,0.11
2210291,Ajer,Kristoffer Ajer,Defender,BRE,0.19,0.00
2210291,Henry,Rico Henry,Defender,BRE,0.10,0.10
2210291,Janelt,Vitaly Janelt,Midfielder,BRE,0.08,0.00
2210291,Ghoddos,Saman Ghoddos,Midfielder,BRE,0.23,0.12
2210291,Jensen,Mathias Jensen,Midfielder,BRE,0.04,0.00
2210291,Wissa,Yoane Wissa,Midfielder,BRE,0.00,0.00
2210291,Pinnock,Ethan Pinnock,Defender,BRE,0.05,0.04
2210291,Baptiste (Shandon),Shandon Baptiste,Midfielder,BRE,0.00,0.00
2210291,Mbeumo,Bryan Mbeumo,Forward,BRE,0.01,0.31
2210292,Lallana,Adam Lallana,Midfielder,BHA,0.05,0.00
2210292,Welbeck,Danny Welbeck,Forward,BHA,0.00,0.00
2210292,Groß,Pascal Groß,Midfielder,BHA,0.16,0.14
2210292,Duffy,Shane Duffy,Defender,BHA,0.00,0.03
2210292,Dunk,Lewis Dunk,Defender,BHA,0.01,0.00
2210292,Webster (Adam),Adam Webster,Defender,BHA,0.02,0.00
2210292,Veltman,Joël Veltman,Defender,BHA,0.15,0.05
2210292,Maupay,Neal Maupay,Forward,BHA,0.13,0.16
2210292,Trossard,Leandro Trossard,Midfielder,BHA,0.05,0.30
2210292,Richards (Taylor),Taylor Richards,Midfielder,BHA,0.01,0.02
2210292,Sanchez,Robert Sanchez,Goalkeeper,BHA,0.00,0.00
2210292,Bissouma,Yves Bissouma,Midfielder,BHA,0.05,0.01
2210292,Mac Allister,Alexis Mac Allister,Midfielder,BHA,0.06,0.07
2210292,Moder,Jakub Moder,Midfielder,BHA,0.01,0.02
2210292,Coleman,Seamus Coleman,Defender,EVE,0.01,0.00
2210292,Townsend,Andros Townsend,Midfielder,EVE,0.02,0.04
2210292,Digne,Lucas Digne,Defender,EVE,0.01,0.02
2210292,Keane,Michael Keane,Defender,EVE,0.00,0.00
2210292,Pickford,Jordan Pickford,Goalkeeper,EVE,0.00,0.00
2210292,Allan,Allan Marques Loureiro,Midfielder,EVE,0.06,0.00
2210292,André Gomes,André Filipe Tavares Gomes,Midfielder,EVE,0.01,0.03
2210292,Doucouré,Abdoulaye Doucouré,Midfielder,EVE,0.02,0.23
2210292,Iwobi,Alex Iwobi,Midfielder,EVE,0.03,0.05
2210292,Gray (Demarai),Demarai Gray,Midfielder,EVE,0.02,0.13
2210292,Calvert-Lewin,Dominic Calvert-Lewin,Forward,EVE,0.01,0.84
2210292,Holgate,Mason Holgate,Defender,EVE,0.00,0.00
2210292,Richarlison,Richarlison de Andrade,Forward,EVE,0.04,0.08
2210293,Lennon,Aaron Lennon,Midfielder,BUR,0.00,0.00
2210293,Tarkowski,James Tarkowski,Defender,BUR,0.00,0.04
2210293,Barnes (Ashley),Ashley Barnes,Forward,BUR,0.08,0.05
2210293,Mee,Ben Mee,Defender,BUR,0.00,0.03
2210293,Westwood,Ashley Roy Westwood,Midfielder,BUR,0.04,0.00
2210293,Gudmundsson,Johann Berg Gudmundsson,Midfielder,BUR,0.11,0.07
2210293,Wood,Chris Wood,Forward,BUR,0.10,0.75
2210293,Lowton,Matthew Lowton,Defender,BUR,0.01,0.10
2210293,Vydra,Matej Vydra,Forward,BUR,0.00,0.00
2210293,Pope,Nick Pope,Goalkeeper,BUR,0.01,0.00
2210293,Taylor (Charlie),Charlie Taylor,Defender,BUR,0.01,0.00
2210293,Brownhill,Josh Brownhill,Midfielder,BUR,0.01,0.05
2210293,McNeil,Dwight McNeil,Midfielder,BUR,0.06,0.03
2210293,Cooper,Liam Cooper,Defender,LEE,0.01,0.01
2210293,Ayling,Luke Ayling,Defender,LEE,0.01,0.00
2210293,Rodrigo,Rodrigo Moreno Machado,Midfielder,LEE,0.17,0.00
2210293,Dallas,Stuart Dallas,Defender,LEE,0.02,0.02
2210293,Bamford,Patrick Bamford,Forward,LEE,0.12,0.84
2210293,Diego Llorente,Diego Javier Llorente Ríos,Defender,LEE,0.01,0.00
2210293,Phillips (Kalvin),Kalvin Phillips,Midfielder,LEE,0.14,0.06
2210293,Roberts (Tyler),Tyler Roberts,Midfielder,LEE,0.01,0.00
2210293,Raphinha,Raphael Dias Belloli,Midfielder,LEE,0.28,0.22
2210293,Harrison,Jack Harrison,Midfielder,LEE,0.04,0.05
2210293,Shackleton,Jamie Shackleton,Midfielder,LEE,0.00,0.10
2210293,Struijk,Pascal Struijk,Defender,LEE,0.00,0.00
2210293,Meslier,Illan Meslier,Goalkeeper,LEE,0.00,0.00
2210294,Azpilicueta,César Azpilicueta,Defender,CHE,0.03,0.00
2210294,Thiago Silva,Thiago Emiliano da Silva,Defender,CHE,0.00,0.00
2210294,Lukaku,Romelu Lukaku,Forward,CHE,0.03,0.35
2210294,Alonso,Marcos Alonso,Defender,CHE,0.08,0.00
2210294,Jorginho,Jorge Luiz Frello Filho,Midfielder,CHE,0.00,0.00
2210294,Kovacic,Mateo Kovacic,Midfielder,CHE,0.01,0.04
2210294,Rüdiger,Antonio Rüdiger,Defender,CHE,0.00,0.00
2210294,Kanté,N'Golo Kanté,Midfielder,CHE,0.01,0.00
2210294,Christensen,Andreas Christensen,Defender,CHE,0.00,0.00
2210294,Chalobah (Trevoh),Trevoh Chalobah,Defender,CHE,0.00,0.00
2210294,Mount,Mason Mount,Midfielder,CHE,0.14,0.16
2210294,Havertz,Kai Havertz,Forward,CHE,0.01,0.09
2210294,James (Reece),Reece James,Defender,CHE,0.02,0.00
2210294,Mendy (Edouard),Edouard Mendy,Goalkeeper,CHE,0.00,0.00
2210294,Henderson (Jordan),Jordan Henderson,Midfielder,LIV,0.05,0.36
2210294,Matip,Joel Matip,Defender,LIV,0.02,0.40
2210294,Thiago Alcántara,Thiago Alcántara do Nascimento,Midfielder,LIV,0.06,0.00
2210294,Firmino,Roberto Firmino Barbosa de Oliveira,Forward,LIV,0.03,0.00
2210294,van Dijk,Virgil van Dijk,Defender,LIV,0.02,0.09
2210294,Mane,Sadio Mane,Midfielder,LIV,0.05,0.38
2210294,Alisson,Alisson Ramses Becker,Goalkeeper,LIV,0.00,0.00
2210294,Fabinho,Fabio Henrique Tavares,Midfielder,LIV,0.03,0.05
2210294,Salah,Mohamed Salah,Midfielder,LIV,0.15,1.14
2210294,Robertson,Andrew Robertson,Defender,LIV,0.15,0.03
2210294,Alexander-Arnold,Trent Alexander-Arnold,Defender,LIV,0.51,0.11
2210294,Diogo Jota,Diogo José Teixeira da Silva,Forward,LIV,0.05,0.27
2210294,Tsimikas,Konstantinos Tsimikas,Defender,LIV,0.07,0.00
2210294,Elliott,Harvey Elliott,Midfielder,LIV,0.16,0.20
2210295,Aubameyang,Pierre-Emerick Aubameyang,Forward,ARS,0.00,0.00
2210295,Cedric,Cedric Ricardo Alves Soares,Defender,ARS,0.00,0.00
2210295,Lacazette,Alexandre Lacazette,Forward,ARS,0.00,0.00
2210295,Leno,Bernd Leno,Goalkeeper,ARS,0.00,0.00
2210295,Xhaka,Granit Xhaka,Midfielder,ARS,0.00,0.00
2210295,Chambers,Calum Chambers,Defender,ARS,0.01,0.00
2210295,Kolasinac,Sead Kolasinac,Defender,ARS,0.00,0.00
2210295,Elneny,Mohamed Elneny,Midfielder,ARS,0.00,0.00
2210295,Maitland-Niles,Ainsley Maitland-Niles,Midfielder,ARS,0.00,0.00
2210295,Holding,Rob Holding,Defender,ARS,0.00,0.00
2210295,Odegaard,Martin Odegaard,Midfielder,ARS,0.01,0.00
2210295,Tierney,Kieran Tierney,Defender,ARS,0.18,0.00
2210295,Smith-Rowe,Emile Smith-Rowe,Midfielder,ARS,0.00,0.00
2210295,Saka,Bukayo Saka,Midfielder,ARS,0.01,0.21
2210295,Walker (Kyle),Kyle Walker,Defender,MCI,0.01,0.00
2210295,Gundogan,Ilkay Gundogan,Midfielder,MCI,0.46,0.32
2210295,Mahrez,Riyad Mahrez,Midfielder,MCI,1.15,0.13
2210295,Sterling (Raheem),Raheem Sterling,Midfielder,MCI,0.06,0.89
2210295,Grealish,Jack Grealish,Midfielder,MCI,0.74,0.10
2210295,João Cancelo,João Pedro Cavaco Cancelo,Defender,MCI,0.12,0.32
2210295,Ederson,Ederson Santana de Moraes,Goalkeeper,MCI,0.00,0.00
2210295,Laporte,Aymeric Laporte,Defender,MCI,0.02,0.35
2210295,Bernardo Silva,Bernardo Mota Veiga de Carvalho e Silva,Midfielder,MCI,0.02,0.16
2210295,Rúben Dias,Rúben Santos Gato Alves Dias,Defender,MCI,0.24,0.00
2210295,Jesus,Gabriel Fernando de Jesus,Forward,MCI,0.51,0.45
2210295,Zinchenko,Oleksandr Zinchenko,Defender,MCI,0.04,0.03
2210295,Rodri,Rodrigo Hernández Cascante,Midfielder,MCI,0.18,0.11
2210295,Torres,Ferran Torres,Midfielder,MCI,0.03,1.18
2210296,Ritchie,Matt Ritchie,Defender,NEW,0.01,0.00
2210296,Fernández,Federico Fernández,Defender,NEW,0.00,0.00
2210296,Wilson (Callum),Callum Wilson,Forward,NEW,0.01,0.30
2210296,Fraser,Ryan Fraser,Midfielder,NEW,0.00,0.18
2210296,Lascelles,Jamaal Lascelles,Defender,NEW,0.01,0.03
2210296,Murphy (Jacob),Jacob Murphy,Midfielder,NEW,0.17,0.09
2210296,Schär,Fabian Schär,Defender,NEW,0.03,0.00
2210296,Woodman,Freddie Woodman,Goalkeeper,NEW,0.00,0.00
2210296,Saint-Maximin,Allan Saint-Maximin,Midfielder,NEW,0.13,0.42
2210296,Almirón,Miguel Almirón,Midfielder,NEW,0.01,0.00
2210296,Longstaff (Sean),Sean Longstaff,Midfielder,NEW,0.03,0.02
2210296,Joelinton,Joelinton Cássio Apolinário de Lira,Midfielder,NEW,0.06,0.00
2210296,Willock,Joseph Willock,Midfielder,NEW,0.01,0.00
2210296,McCarthy (Alex),Alex McCarthy,Goalkeeper,SOU,0.00,0.00
2210296,Romeu,Oriol Romeu,Midfielder,SOU,0.05,0.06
2210296,Redmond,Nathan Redmond,Midfielder,SOU,0.63,0.00
2210296,Stephens (Jack),Jack Stephens,Defender,SOU,0.12,0.00
2210296,Elyounoussi,Mohammed Elyounoussi,Midfielder,SOU,0.04,1.07
2210296,Ward-Prowse,James Ward-Prowse,Midfielder,SOU,0.08,0.93
2210296,Armstrong (Adam),Adam Armstrong,Forward,SOU,0.32,0.33
2210296,Walker-Peters,Kyle Walker-Peters,Defender,SOU,0.07,0.04
2210296,Adams,Che Adams,Forward,SOU,0.03,0.06
2210296,Diallo,Ibrahima Diallo,Midfielder,SOU,0.00,0.00
2210296,Djenepo,Moussa Djenepo,Midfielder,SOU,0.01,1.16
2210296,Broja,Armando Broja,Forward,SOU,0.00,0.00
2210296,Livramento,Valentino Livramento,Defender,SOU,0.43,0.00
2210296,Salisu,Mohammed Salisu,Defender,SOU,0.05,0.01
2210297,Schmeichel,Kasper Schmeichel,Goalkeeper,LEI,0.00,0.00
2210297,Albrighton,Marc Albrighton,Midfielder,LEI,0.01,0.03
2210297,Vardy,Jamie Vardy,Forward,LEI,0.03,0.87
2210297,Ricardo Pereira,Ricardo Domingos Barbosa Pereira,Defender,LEI,0.06,0.00
2210297,Amartey,Daniel Amartey,Defender,LEI,0.03,0.00
2210297,Castagne,Timothy Castagne,Defender,LEI,0.00,0.00
2210297,Tielemans,Youri Tielemans,Midfielder,LEI,0.01,0.03
2210297,Maddison,James Maddison,Midfielder,LEI,0.01,0.26
2210297,Iheanacho,Kelechi Iheanacho,Forward,LEI,0.00,0.14
2210297,Barnes (Harvey),Harvey Barnes,Midfielder,LEI,0.04,0.13
2210297,Ndidi,Onyinye Wilfred Ndidi,Midfielder,LEI,0.01,0.00
2210297,Dewsbury-Hall,Kiernan Dewsbury-Hall,Midfielder,LEI,0.00,0.00
2210297,Söyüncü,Caglar Söyüncü,Defender,LEI,0.00,0.00
2210297,Thomas (Luke),Luke Thomas,Defender,LEI,0.00,0.00
2210297,Krul,Tim Krul,Goalkeeper,NOR,0.01,0.00
2210297,Pukki,Teemu Pukki,Forward,NOR,0.02,0.87
2210297,Rupp,Lukas Rupp,Midfielder,NOR,0.04,0.05
2210297,Kenny McLean,Kenneth McLean,Midfielder,NOR,0.01,0.02
2210297,Gibson (Ben),Ben Gibson,Defender,NOR,0.01,0.00
2210297,Hanley,Grant Hanley,Defender,NOR,0.00,0.00
2210297,Cantwell,Todd Cantwell,Midfielder,NOR,0.01,0.10
2210297,Lees-Melou,Pierre Lees-Melou,Midfielder,NOR,0.02,0.09
2210297,Rashica,Milot Rashica,Midfielder,NOR,0.11,0.05
2210297,Sargent,Joshua Sargent,Forward,NOR,0.02,0.13
2210297,Williams (Brandon),Brandon Williams,Defender,NOR,0.01,0.00
2210297,Aarons,Maximillian Aarons,Defender,NOR,0.13,0.04
2210297,Gilmour,Billy Gilmour,Midfielder,NOR,0.01,0.07
2210297,Idah,Adam Idah,Forward,NOR,0.00,0.12
2210298,Lloris,Hugo Lloris,Goalkeeper,TOT,0.00,0.00
2210298,Kane,Harry Kane,Forward,TOT,0.23,0.10
2210298,Son,Heung-Min Son,Midfielder,TOT,0.25,0.10
2210298,Dier,Eric Dier,Defender,TOT,0.11,0.03
2210298,Lucas Moura,Lucas Rodrigues Moura da Silva,Midfielder,TOT,0.01,0.03
2210298,Alli,Bamidele Alli,Midfielder,TOT,0.02,0.22
2210298,Højbjerg,Pierre-Emile Højbjerg,Midfielder,TOT,0.18,0.03
2210298,Sánchez (Davinson),Davinson Sánchez,Defender,TOT,0.01,0.17
2210298,Bergwijn,Steven Bergwijn,Midfielder,TOT,0.09,0.16
2210298,Reguilón,Sergio Reguilón,Defender,TOT,0.10,0.03
2210298,Tanganga,Japhet Tanganga,Defender,TOT,0.18,0.12
2210298,Skipp,Oliver Skipp,Midfielder,TOT,0.03,0.00
2210298,Gil,Bryan Gil,Midfielder,TOT,0.00,0.00
2210298,Cathcart,Craig Cathcart,Defender,WAT,0.00,0.00
2210298,Cleverley,Tom Cleverley,Midfielder,WAT,0.02,0.00
2210298,Sissoko,Moussa Sissoko,Midfielder,WAT,0.57,0.02
2210298,Kucka,Juraj Kucka,Midfielder,WAT,0.01,0.26
2210298,King,Joshua King,Forward,WAT,0.01,0.00
2210298,Troost-Ekong,William Troost-Ekong,Defender,WAT,0.00,0.00
2210298,Bachmann,Daniel Bachmann,Goalkeeper,WAT,0.00,0.00
2210298,Masina,Adam Masina,Defender,WAT,0.20,0.00
2210298,Sierralta,Francisco Sierralta,Defender,WAT,0.00,0.00
2210298,Etebo,Peter Etebo,Midfielder,WAT,0.11,0.00
2210298,Dennis (Emmanuel),Emmanuel Bonaventure Dennis,Forward,WAT,0.19,0.12
2210298,Ismaila Sarr,Ismaila Sarr,Midfielder,WAT,0.10,0.30
2210298,Ngakia,Jeremy Ngakia,Defender,WAT,0.01,0.00
2210298,Cucho,Juan Camilo Hernández,Forward,WAT,0.00,0.07
2210299,Guaita,Vicente Guaita,Goalkeeper,CRY,0.00,0.00
2210299,McArthur,James McArthur,Midfielder,CRY,0.03,0.01
2210299,Benteke,Christian Benteke,Forward,CRY,0.27,0.04
2210299,Kouyaté,Cheikhou Kouyaté,Defender,CRY,0.01,0.00
2210299,Ward (Joel),Joel Ward,Defender,CRY,0.00,0.00
2210299,Ayew,Jordan Ayew,Midfielder,CRY,0.03,0.04
2210299,Zaha,Wilfried Zaha,Midfielder,CRY,0.08,0.03
2210299,Schlupp,Jeffrey Schlupp,Midfielder,CRY,0.00,0.00
2210299,Andersen,Joachim Andersen,Defender,CRY,0.10,0.00
2210299,Marc Guehi,Addji Keaninkin Marc-Israel Guehi,Defender,CRY,0.01,0.62
2210299,Gallagher,Conor Gallagher,Midfielder,CRY,0.37,0.41
2210299,Mitchell,Tyrick Mitchell,Defender,CRY,0.06,0.00
2210299,Fabianski,Lukasz Fabianski,Goalkeeper,WHU,0.00,0.00
2210299,Ogbonna,Angelo Ogbonna,Defender,WHU,0.01,0.00
2210299,Cresswell (Aaron),Aaron Cresswell,Defender,WHU,0.13,0.00
2210299,Yarmolenko,Andriy Yarmolenko,Midfielder,WHU,0.00,0.04
2210299,Antonio,Michail Antonio,Forward,WHU,0.40,0.37
2210299,Dawson,Craig Dawson,Defender,WHU,0.17,0.09
2210299,Lanzini,Manuel Lanzini,Midfielder,WHU,0.00,0.00
2210299,Coufal,Vladimir Coufal,Defender,WHU,0.16,0.00
2210299,Benrahma,Said Benrahma,Midfielder,WHU,0.19,0.17
2210299,Bowen,Jarrod Bowen,Midfielder,WHU,0.38,0.02
2210299,Rice,Declan Rice,Midfielder,WHU,0.05,0.00
2210299,Soucek,Tomas Soucek,Midfielder,WHU,0.01,0.10
2210299,Fornals,Pablo Fornals,Midfielder,WHU,0.11,0.55
2210300,Cavani,Edinson Cavani,Forward,MUN,0.00,0.00
2210300,De Gea,David De Gea,Goalkeeper,MUN,0.00,0.00
2210300,Pogba,Paul Pogba,Midfielder,MUN,0.23,0.04
2210300,Varane,Raphael Varane,Defender,MUN,0.00,0.00
2210300,Maguire,Harry Maguire,Defender,MUN,0.00,0.01
2210300,Fred,Frederico Rodrigues de Paula Santos,Midfielder,MUN,0.02,0.02
2210300,Shaw,Luke Shaw,Defender,MUN,0.03,0.00
2210300,Bruno Fernandes,Bruno Miguel Borges Fernandes,Midfielder,MUN,0.16,0.14
2210300,Martial,Anthony Martial,Forward,MUN,0.03,0.00
2210300,James (Daniel),Daniel James,Midfielder,MUN,0.03,0.04
2210300,Sancho,Jadon Sancho,Midfielder,MUN,0.12,0.00
2210300,Wan-Bissaka,Aaron Wan-Bissaka,Defender,MUN,0.02,0.00
2210300,Dalot,José Diogo Dalot Teixeira,Defender,MUN,0.00,0.00
2210300,Greenwood (Mason),Mason Greenwood,Midfielder,MUN,0.06,0.40
2210300,Moutinho,João Moutinho,Midfielder,WOL,0.12,0.13
2210300,Coady,Conor Coady,Defender,WOL,0.00,0.02
2210300,Raúl Jiménez,Raul Alonso Jimenez Rodriguez,Forward,WOL,0.22,0.21
2210300,Saiss,Romain Saiss,Defender,WOL,0.00,0.65
2210300,Marçal,Fernando Marçal de Oliveira,Defender,WOL,0.01,0.00
2210300,José Sá,José Pedro Malheiro de Sá,Goalkeeper,WOL,0.00,0.00
2210300,Traoré,Adama Traoré,Midfielder,WOL,0.25,0.09
2210300,Ruben Neves,Rúben Diogo da Silva Neves,Midfielder,WOL,0.12,0.08
2210300,Semedo,Nelson Semedo,Defender,WOL,0.01,0.00
2210300,Podence,Daniel Podence,Midfielder,WOL,0.00,0.00
2210300,Kilman,Max Kilman,Defender,WOL,0.00,0.00
2210300,Gibbs-White,Morgan Gibbs-White,Midfielder,WOL,0.00,0.03
2210300,Trincão,Francisco António Machado Trincão,Midfielder,WOL,0.03,0.92
2210300,Fabio Silva,Fabio Daniel Soares Silva,Forward,WOL,0.00,0.00
2210301,Aubameyang,Pierre-Emerick Aubameyang,Forward,ARS,0.10,1.27
2210301,Cedric,Cedric Ricardo Alves Soares,Defender,ARS,0.02,0.03
2210301,Maitland-Niles,Ainsley Maitland-Niles,Midfielder,ARS,0.22,0.06
2210301,Partey,Thomas Partey,Midfielder,ARS,0.01,0.05
2210301,Odegaard,Martin Odegaard,Midfielder,ARS,0.05,0.00
2210301,Tierney,Kieran Tierney,Defender,ARS,0.08,0.04
2210301,Pepe,Nicolas Pepe,Midfielder,ARS,0.25,0.52
2210301,White (Ben),Ben White,Defender,ARS,0.01,0.00
2210301,Smith-Rowe,Emile Smith-Rowe,Midfielder,ARS,0.07,0.33
2210301,Saka,Bukayo Saka,Midfielder,ARS,0.09,0.36
2210301,Tomiyasu,Takehiro Tomiyasu,Defender,ARS,0.02,0.05
2210301,Ramsdale,Aaron Ramsdale,Goalkeeper,ARS,0.00,0.00
2210301,Gabriel Magalhães,Gabriel dos Santos Magalhães,Defender,ARS,0.01,0.08
2210301,Sambi Lokonga,Albert Sambi Lokonga,Midfielder,ARS,0.02,0.07
2210301,Krul,Tim Krul,Goalkeeper,NOR,0.00,0.00
2210301,Pukki,Teemu Pukki,Forward,NOR,0.01,0.28
2210301,Rupp,Lukas Rupp,Midfielder,NOR,0.01,0.02
2210301,Kenny McLean,Kenneth McLean,Midfielder,NOR,0.03,0.21
2210301,Hanley,Grant Hanley,Defender,NOR,0.02,0.00
2210301,Dowell,Kieran Dowell,Midfielder,NOR,0.02,0.07
2210301,Cantwell,Todd Cantwell,Midfielder,NOR,0.01,0.00
2210301,Lees-Melou,Pierre Lees-Melou,Midfielder,NOR,0.31,0.00
2210301,Rashica,Milot Rashica,Midfielder,NOR,0.03,0.00
2210301,Williams (Brandon),Brandon Williams,Defender,NOR,0.02,0.00
2210301,Aarons,Maximillian Aarons,Defender,NOR,0.25,0.12
2210301,Idah,Adam Idah,Forward,NOR,0.06,0.00
2210301,Tzolis,Christos Tzolis,Midfielder,NOR,0.07,0.00
2210301,Omobamidele,Andrew Omobamidele,Defender,NOR,0.00,0.00
2210302,Jansson,Pontus Jansson,Defender,BRE,0.00,0.00
2210302,Norgaard,Christian Norgaard,Midfielder,BRE,0.00,0.00
2210302,Toney,Ivan Toney,Forward,BRE,0.12,0.04
2210302,Raya Martin,David Raya Martin,Goalkeeper,BRE,0.00,0.00
2210302,Canos,Sergi Canos,Defender,BRE,0.00,0.00
2210302,Ajer,Kristoffer Ajer,Defender,BRE,0.01,0.00
2210302,Henry,Rico Henry,Defender,BRE,0.02,0.00
2210302,Janelt,Vitaly Janelt,Midfielder,BRE,0.05,0.07
2210302,Jensen,Mathias Jensen,Midfielder,BRE,0.00,0.00
2210302,Roerslev,Mads Roerslev,Defender,BRE,0.00,0.00
2210302,Pinnock,Ethan Pinnock,Defender,BRE,0.00,0.00
2210302,Onyeka,Frank Onyeka,Midfielder,BRE,0.00,0.00
2210302,Baptiste (Shandon),Shandon Baptiste,Midfielder,BRE,0.01,0.02
2210302,Mbeumo,Bryan Mbeumo,Forward,BRE,0.08,0.28
2210302,Lallana,Adam Lallana,Midfielder,BHA,0.03,0.00
2210302,Welbeck,Danny Welbeck,Forward,BHA,0.01,0.16
2210302,Duffy,Shane Duffy,Defender,BHA,0.01,0.00
2210302,Dunk,Lewis Dunk,Defender,BHA,0.01,0.00
2210302,March,Solomon March,Midfielder,BHA,0.00,0.00
2210302,Webster (Adam),Adam Webster,Defender,BHA,0.00,0.00
2210302,Veltman,Joël Veltman,Defender,BHA,0.02,0.00
2210302,Maupay,Neal Maupay,Forward,BHA,0.02,0.03
2210302,Trossard,Leandro Trossard,Midfielder,BHA,0.15,0.07
2210302,Cucurella,Marc Cucurella,Defender,BHA,0.03,0.00
2210302,Sanchez,Robert Sanchez,Goalkeeper,BHA,0.00,0.00
2210302,Bissouma,Yves Bissouma,Midfielder,BHA,0.05,0.00
2210302,Mac Allister,Alexis Mac Allister,Midfielder,BHA,0.03,0.03
2210302,Moder,Jakub Moder,Midfielder,BHA,0.01,0.00
2210303,Steer,Jed Steer,Goalkeeper,AVL,0.00,0.00
2210303,Ings,Danny Ings,Forward,AVL,0.01,0.07
2210303,Traore (Bertrand),Bertrand Traore,Midfielder,AVL,0.01,0.05
2210303,McGinn,John McGinn,Midfielder,AVL,0.18,0.02
2210303,Mings,Tyrone Mings,Defender,AVL,0.00,0.09
2210303,Targett,Matt Targett,Defender,AVL,0.02,0.00
2210303,Watkins,Ollie Watkins,Forward,AVL,0.05,0.65
2210303,Tuanzebe,Axel Tuanzebe,Defender,AVL,0.00,0.00
2210303,Nakamba,Marvelous Nakamba,Midfielder,AVL,0.02,0.00
2210303,Cash,Matthew Cash,Defender,AVL,0.11,0.00
2210303,Konsa Ngoyo,Ezri Konsa Ngoyo,Defender,AVL,0.01,0.19
2210303,Bailey,Leon Bailey,Midfielder,AVL,0.02,0.00
2210303,Douglas Luiz,Douglas Luiz Soares de Paulo,Midfielder,AVL,0.01,0.05
2210303,Ramsey (Jacob),Jacob Ramsey,Midfielder,AVL,0.02,0.07
2210303,Azpilicueta,César Azpilicueta,Defender,CHE,0.02,0.00
2210303,Thiago Silva,Thiago Emiliano da Silva,Defender,CHE,0.01,0.00
2210303,Lukaku,Romelu Lukaku,Forward,CHE,0.01,0.67
2210303,Alonso,Marcos Alonso,Defender,CHE,0.01,0.07
2210303,Jorginho,Jorge Luiz Frello Filho,Midfielder,CHE,0.01,0.00
2210303,Ñíguez,Saúl Ñíguez,Midfielder,CHE,0.00,0.00
2210303,Kovacic,Mateo Kovacic,Midfielder,CHE,0.15,0.39
2210303,Rüdiger,Antonio Rüdiger,Defender,CHE,0.02,0.03
2210303,Ziyech,Hakim Ziyech,Midfielder,CHE,0.02,0.03
2210303,Werner,Timo Werner,Forward,CHE,0.00,0.00
2210303,Chalobah (Trevoh),Trevoh Chalobah,Defender,CHE,0.01,0.00
2210303,Hudson-Odoi,Callum Hudson-Odoi,Midfielder,CHE,0.02,0.04
2210303,Havertz,Kai Havertz,Forward,CHE,0.01,0.04
2210303,Mendy (Edouard),Edouard Mendy,Goalkeeper,CHE,0.00,0.00
2210304,Guaita,Vicente Guaita,Goalkeeper,CRY,0.00,0.00
2210304,McArthur,James McArthur,Midfielder,CRY,0.04,0.02
2210304,Benteke,Christian Benteke,Forward,CRY,0.21,0.07
2210304,Kouyaté,Cheikhou Kouyaté,Defender,CRY,0.01,0.05
2210304,Ward (Joel),Joel Ward,Defender,CRY,0.03,0.03
2210304,Milivojevic,Luka Milivojevic,Midfielder,CRY,0.00,0.00
2210304,Ayew,Jordan Ayew,Midfielder,CRY,0.04,0.12
2210304,Zaha,Wilfried Zaha,Midfielder,CRY,1.00,0.87
2210304,Andersen,Joachim Andersen,Defender,CRY,0.01,0.00
2210304,Edouard,Odsonne Edouard,Forward,CRY,0.00,0.20
2210304,Marc Guehi,Addji Keaninkin Marc-Israel Guehi,Defender,CRY,0.00,0.00
2210304,Gallagher,Conor Gallagher,Midfielder,CRY,0.19,0.85
2210304,Mitchell,Tyrick Mitchell,Defender,CRY,0.01,0.00
2210304,Olise,Michael Olise,Midfielder,CRY,0.00,0.00
2210304,Lloris,Hugo Lloris,Goalkeeper,TOT,0.00,0.00
2210304,Kane,Harry Kane,Forward,TOT,0.00,0.00
2210304,Dier,Eric Dier,Defender,TOT,0.00,0.00
2210304,Lucas Moura,Lucas Rodrigues Moura da Silva,Midfielder,TOT,0.06,0.06
2210304,Alli,Bamidele Alli,Midfielder,TOT,0.01,0.00
2210304,Davies (Ben),Ben Davies,Defender,TOT,0.00,0.00
2210304,Højbjerg,Pierre-Emile Højbjerg,Midfielder,TOT,0.01,0.00
2210304,Winks,Harry Winks,Midfielder,TOT,0.01,0.00
2210304,Reguilón,Sergio Reguilón,Defender,TOT,0.03,0.00
2210304,Tanganga,Japhet Tanganga,Defender,TOT,0.00,0.00
2210304,Skipp,Oliver Skipp,Midfielder,TOT,0.00,0.00
2210304,Rodon,Joe Rodon,Defender,TOT,0.00,0.00
2210304,Emerson Royal,Emerson Aparecido Leite de Souza Junior,Defender,TOT,0.01,0.00
2210305,Lennon,Aaron Lennon,Midfielder,BUR,0.00,0.00
2210305,Tarkowski,James Tarkowski,Defender,BUR,0.01,0.00
2210305,Rodriguez,Jay Rodriguez,Forward,BUR,0.00,0.06
2210305,Barnes (Ashley),Ashley Barnes,Forward,BUR,0.33,0.00
2210305,Mee,Ben Mee,Defender,BUR,0.00,0.47
2210305,Westwood,Ashley Roy Westwood,Midfielder,BUR,0.28,0.00
2210305,Gudmundsson,Johann Berg Gudmundsson,Midfielder,BUR,0.24,0.00
2210305,Wood,Chris Wood,Forward,BUR,0.02,0.35
2210305,Lowton,Matthew Lowton,Defender,BUR,0.07,0.00
2210305,Vydra,Matej Vydra,Forward,BUR,0.00,0.00
2210305,Pope,Nick Pope,Goalkeeper,BUR,0.02,0.00
2210305,Taylor (Charlie),Charlie Taylor,Defender,BUR,0.07,0.00
2210305,Brownhill,Josh Brownhill,Midfielder,BUR,0.01,0.10
2210305,McNeil,Dwight McNeil,Midfielder,BUR,0.21,0.05
2210305,Rondón,Salomón Rondón,Forward,EVE,0.00,0.00
2210305,Coleman,Seamus Coleman,Defender,EVE,0.03,0.00
2210305,Townsend,Andros Townsend,Midfielder,EVE,0.10,0.06
2210305,Digne,Lucas Digne,Defender,EVE,0.05,0.06
2210305,Keane,Michael Keane,Defender,EVE,0.11,0.25
2210305,Pickford,Jordan Pickford,Goalkeeper,EVE,0.00,0.00
2210305,Allan,Allan Marques Loureiro,Midfielder,EVE,0.02,0.00
2210305,André Gomes,André Filipe Tavares Gomes,Midfielder,EVE,0.02,0.27
2210305,Doucouré,Abdoulaye Doucouré,Midfielder,EVE,0.18,0.07
2210305,Iwobi,Alex Iwobi,Midfielder,EVE,0.00,0.00
2210305,Mina,Yerry Mina,Defender,EVE,0.00,0.04
2210305,Gray (Demarai),Demarai Gray,Midfielder,EVE,0.07,0.68
2210305,Godfrey,Ben Godfrey,Defender,EVE,0.00,0.01
2210305,Richarlison,Richarlison de Andrade,Forward,EVE,0.01,0.02
2210306,Cooper,Liam Cooper,Defender,LEE,0.01,0.00
2210306,Ayling,Luke Ayling,Defender,LEE,0.01,0.10
2210306,Rodrigo,Rodrigo Moreno Machado,Midfielder,LEE,0.07,0.36
2210306,Dallas,Stuart Dallas,Defender,LEE,0.02,0.00
2210306,Bamford,Patrick Bamford,Forward,LEE,0.04,0.40
2210306,Diego Llorente,Diego Javier Llorente Ríos,Defender,LEE,0.00,0.00
2210306,Phillips (Kalvin),Kalvin Phillips,Midfielder,LEE,0.01,0.00
2210306,Roberts (Tyler),Tyler Roberts,Midfielder,LEE,0.01,0.30
2210306,James (Daniel),Daniel James,Midfielder,LEE,0.02,0.00
2210306,Raphinha,Raphael Dias Belloli,Midfielder,LEE,0.64,0.00
2210306,Harrison,Jack Harrison,Midfielder,LEE,0.11,0.00
2210306,Struijk,Pascal Struijk,Defender,LEE,0.00,0.00
2210306,Meslier,Illan Meslier,Goalkeeper,LEE,0.00,0.00
2210306,Firpo,Junior Firpo,Defender,LEE,0.01,0.08
2210306,Henderson (Jordan),Jordan Henderson,Midfielder,LIV,0.06,0.05
2210306,Matip,Joel Matip,Defender,LIV,0.04,0.01
2210306,Thiago Alcántara,Thiago Alcántara do Nascimento,Midfielder,LIV,0.15,0.06
2210306,Oxlade-Chamberlain,Alex Oxlade-Chamberlain,Midfielder,LIV,0.00,0.00
2210306,van Dijk,Virgil van Dijk,Defender,LIV,0.07,0.11
2210306,Mane,Sadio Mane,Midfielder,LIV,0.05,2.09
2210306,Alisson,Alisson Ramses Becker,Goalkeeper,LIV,0.00,0.00
2210306,Fabinho,Fabio Henrique Tavares,Midfielder,LIV,0.01,0.21
2210306,Salah,Mohamed Salah,Midfielder,LIV,0.49,0.94
2210306,Robertson,Andrew Robertson,Defender,LIV,0.12,0.00
2210306,Alexander-Arnold,Trent Alexander-Arnold,Defender,LIV,0.66,0.15
2210306,Keita,Naby Keita,Midfielder,LIV,0.01,0.00
2210306,Diogo Jota,Diogo José Teixeira da Silva,Forward,LIV,0.57,0.51
2210306,Elliott,Harvey Elliott,Midfielder,LIV,0.02,0.40
2210307,Schmeichel,Kasper Schmeichel,Goalkeeper,LEI,0.00,0.00
2210307,Evans,Jonny Evans,Defender,LEI,0.02,0.00
2210307,Bertrand,Ryan Bertrand,Defender,LEI,0.00,0.00
2210307,Albrighton,Marc Albrighton,Midfielder,LEI,0.15,0.00
2210307,Vestergaard,Jannik Vestergaard,Defender,LEI,0.00,0.12
2210307,Vardy,Jamie Vardy,Forward,LEI,0.05,0.00
2210307,Castagne,Timothy Castagne,Defender,LEI,0.01,0.00
2210307,Tielemans,Youri Tielemans,Midfielder,LEI,0.03,0.00
2210307,Maddison,James Maddison,Midfielder,LEI,0.09,0.00
2210307,Iheanacho,Kelechi Iheanacho,Forward,LEI,0.22,0.15
2210307,Barnes (Harvey),Harvey Barnes,Midfielder,LEI,0.00,0.04
2210307,Ndidi,Onyinye Wilfred Ndidi,Midfielder,LEI,0.00,0.10
2210307,Söyüncü,Caglar Söyüncü,Defender,LEI,0.02,0.00
2210307,Lookman,Ademola Lookman,Midfielder,LEI,0.00,0.25
2210307,Fernandinho,Fernando Luiz Rosa,Midfielder,MCI,0.00,0.14
2210307,Walker (Kyle),Kyle Walker,Defender,MCI,0.03,0.07
2210307,Gundogan,Ilkay Gundogan,Midfielder,MCI,0.39,0.50
2210307,Sterling (Raheem),Raheem Sterling,Midfielder,MCI,0.03,0.13
2210307,Grealish,Jack Grealish,Midfielder,MCI,0.32,0.40
2210307,João Cancelo,João Pedro Cavaco Cancelo,Defender,MCI,0.16,0.05
2210307,Ederson,Ederson Santana de Moraes,Goalkeeper,MCI,0.00,0.00
2210307,Laporte,Aymeric Laporte,Defender,MCI,0.25,0.20
2210307,Bernardo Silva,Bernardo Mota Veiga de Carvalho e Silva,Midfielder,MCI,0.34,0.49
2210307,Rúben Dias,Rúben Santos Gato Alves Dias,Defender,MCI,0.32,0.00
2210307,Jesus,Gabriel Fernando de Jesus,Forward,MCI,0.06,0.32
2210307,Rodri,Rodrigo Hernández Cascante,Midfielder,MCI,0.02,0.00
2210307,Torres,Ferran Torres,Midfielder,MCI,0.01,0.68
2210308,Cristiano Ronaldo,Cristiano Ronaldo dos Santos Aveiro,Forward,MUN,0.07,1.31
2210308,De Gea,David De Gea,Goalkeeper,MUN,0.00,0.00
2210308,Matic,Nemanja Matic,Midfielder,MUN,0.09,0.04
2210308,Pogba,Paul Pogba,Midfielder,MUN,0.22,0.00
2210308,Varane,Raphael Varane,Defender,MUN,0.01,0.09
2210308,Maguire,Harry Maguire,Defender,MUN,0.02,0.02
2210308,Shaw,Luke Shaw,Defender,MUN,0.16,0.00
2210308,Lingard,Jesse Lingard,Midfielder,MUN,0.01,0.33
2210308,Bruno Fernandes,Bruno Miguel Borges Fernandes,Midfielder,MUN,0.17,0.14
2210308,Martial,Anthony Martial,Forward,MUN,0.00,0.00
2210308,van de Beek,Donny van de Beek,Midfielder,MUN,0.01,0.00
2210308,Sancho,Jadon Sancho,Midfielder,MUN,0.08,0.58
2210308,Wan-Bissaka,Aaron Wan-Bissaka,Defender,MUN,0.03,0.00
2210308,Greenwood (Mason),Mason Greenwood,Midfielder,MUN,0.05,0.05
2210308,Ritchie,Matt Ritchie,Defender,NEW,0.02,0.03
2210308,Clark,Ciaran Clark,Defender,NEW,0.00,0.00
2210308,Hendrick,Jeff Hendrick,Midfielder,NEW,0.00,0.00
2210308,Lascelles,Jamaal Lascelles,Defender,NEW,0.00,0.00
2210308,Manquillo,Javier Manquillo,Defender,NEW,0.01,0.17
2210308,Murphy (Jacob),Jacob Murphy,Midfielder,NEW,0.00,0.00
2210308,Hayden (Isaac),Isaac Hayden,Midfielder,NEW,0.01,0.00
2210308,Woodman,Freddie Woodman,Goalkeeper,NEW,0.00,0.00
2210308,Saint-Maximin,Allan Saint-Maximin,Midfielder,NEW,0.10,0.04
2210308,Almirón,Miguel Almirón,Midfielder,NEW,0.01,0.02
2210308,Longstaff (Sean),Sean Longstaff,Midfielder,NEW,0.01,0.00
2210308,Joelinton,Joelinton Cássio Apolinário de Lira,Midfielder,NEW,0.00,0.12
2210308,Lewis (Jamal),Jamal Lewis,Defender,NEW,0.00,0.00
2210308,Willock,Joseph Willock,Midfielder,NEW,0.01,0.05
2210309,McCarthy (Alex),Alex McCarthy,Goalkeeper,SOU,0.00,0.00
2210309,Romeu,Oriol Romeu,Midfielder,SOU,0.01,0.00
2210309,Redmond,Nathan Redmond,Midfielder,SOU,0.02,0.23
2210309,Stephens (Jack),Jack Stephens,Defender,SOU,0.01,0.00
2210309,Elyounoussi,Mohammed Elyounoussi,Midfielder,SOU,0.03,0.06
2210309,Ward-Prowse,James Ward-Prowse,Midfielder,SOU,0.12,0.00
2210309,Armstrong (Adam),Adam Armstrong,Forward,SOU,0.02,0.07
2210309,Diallo,Ibrahima Diallo,Midfielder,SOU,0.00,0.09
2210309,Perraud,Romain Perraud,Defender,SOU,0.03,0.00
2210309,Djenepo,Moussa Djenepo,Midfielder,SOU,0.05,0.10
2210309,Broja,Armando Broja,Forward,SOU,0.00,0.17
2210309,Livramento,Valentino Livramento,Defender,SOU,0.10,0.00
2210309,Salisu,Mohammed Salisu,Defender,SOU,0.01,0.00
2210309,Fabianski,Lukasz Fabianski,Goalkeeper,WHU,0.00,0.00
2210309,Ogbonna,Angelo Ogbonna,Defender,WHU,0.00,0.00
2210309,Cresswell (Aaron),Aaron Cresswell,Defender,WHU,0.03,0.09
2210309,Yarmolenko,Andriy Yarmolenko,Midfielder,WHU,0.00,0.04
2210309,Antonio,Michail Antonio,Forward,WHU,0.01,0.15
2210309,Dawson,Craig Dawson,Defender,WHU,0.02,0.10
2210309,Coufal,Vladimir Coufal,Defender,WHU,0.12,0.00
2210309,Benrahma,Said Benrahma,Midfielder,WHU,0.15,0.07
2210309,Bowen,Jarrod Bowen,Midfielder,WHU,0.08,0.08
2210309,Vlasic,Nikola Vlasic,Midfielder,WHU,0.21,0.00
2210309,Rice,Declan Rice,Midfielder,WHU,0.04,0.02
2210309,Soucek,Tomas Soucek,Midfielder,WHU,0.04,0.17
2210309,Fornals,Pablo Fornals,Midfielder,WHU,0.02,0.00
2210310,Rose,Danny Rose,Defender,WAT,0.04,0.00
2210310,Sissoko,Moussa Sissoko,Midfielder,WAT,0.04,0.05
2210310,Kucka,Juraj Kucka,Midfielder,WAT,0.04,0.03
2210310,King,Joshua King,Forward,WAT,0.00,0.08
2210310,Troost-Ekong,William Troost-Ekong,Defender,WAT,0.00,0.00
2210310,Bachmann,Daniel Bachmann,Goalkeeper,WAT,0.00,0.00
2210310,Sema,Ken Sema,Midfielder,WAT,0.00,0.00
2210310,Sierralta,Francisco Sierralta,Defender,WAT,0.00,0.00
2210310,Etebo,Peter Etebo,Midfielder,WAT,0.01,0.04
2210310,Dennis (Emmanuel),Emmanuel Bonaventure Dennis,Forward,WAT,0.01,0.01
2210310,Ismaila Sarr,Ismaila Sarr,Midfielder,WAT,0.07,0.00
2210310,Ngakia,Jeremy Ngakia,Defender,WAT,0.01,0.00
2210310,Cucho,Juan Camilo Hernández,Forward,WAT,0.00,0.00
2210310,Moutinho,João Moutinho,Midfielder,WOL,0.26,0.06
2210310,Coady,Conor Coady,Defender,WOL,0.01,0.04
2210310,Raúl Jiménez,Raul Alonso Jimenez Rodriguez,Forward,WOL,0.23,0.21
2210310,Saiss,Romain Saiss,Defender,WOL,0.01,0.10
2210310,Marçal,Fernando Marçal de Oliveira,Defender,WOL,0.01,0.20
2210310,José Sá,José Pedro Malheiro de Sá,Goalkeeper,WOL,0.00,0.00
2210310,Traoré,Adama Traoré,Midfielder,WOL,0.11,0.00
2210310,Ruben Neves,Rúben Diogo da Silva Neves,Midfielder,WOL,0.02,0.03
2210310,Hwang Hee-Chan,Hee-Chan Hwang,Midfielder,WOL,0.00,0.73
2210310,Semedo,Nelson Semedo,Defender,WOL,0.13,0.91
2210310,Podence,Daniel Podence,Midfielder,WOL,0.41,0.00
2210310,Kilman,Max Kilman,Defender,WOL,0.01,0.00
2210310,Trincão,Francisco António Machado Trincão,Midfielder,WOL,0.14,0.12
2210311,Young (Ashley),Ashley Young,Defender,AVL,0.00,0.00
2210311,Ings,Danny Ings,Forward,AVL,0.01,0.06
2210311,Martinez,Emiliano Martinez,Goalkeeper,AVL,0.00,0.00
2210311,Traore (Bertrand),Bertrand Traore,Midfielder,AVL,0.00,0.06
2210311,McGinn,John McGinn,Midfielder,AVL,0.01,0.06
2210311,Mings,Tyrone Mings,Defender,AVL,0.04,0.16
2210311,Targett,Matt Targett,Defender,AVL,0.24,0.00
2210311,Watkins,Ollie Watkins,Forward,AVL,0.05,0.00
2210311,Tuanzebe,Axel Tuanzebe,Defender,AVL,0.00,0.06
2210311,Nakamba,Marvelous Nakamba,Midfielder,AVL,0.01,0.00
2210311,Cash,Matthew Cash,Defender,AVL,0.00,0.21
2210311,Konsa Ngoyo,Ezri Konsa Ngoyo,Defender,AVL,0.04,0.00
2210311,Bailey,Leon Bailey,Midfielder,AVL,0.00,0.12
2210311,Douglas Luiz,Douglas Luiz Soares de Paulo,Midfielder,AVL,0.22,0.03
2210311,Ramsey (Jacob),Jacob Ramsey,Midfielder,AVL,0.04,0.09
2210311,Begovic,Asmir Begovic,Goalkeeper,EVE,0.00,0.00
2210311,Rondón,Salomón Rondón,Forward,EVE,0.00,0.23
2210311,Townsend,Andros Townsend,Midfielder,EVE,0.11,0.05
2210311,Digne,Lucas Digne,Defender,EVE,0.08,0.00
2210311,Keane,Michael Keane,Defender,EVE,0.00,0.10
2210311,Allan,Allan Marques Loureiro,Midfielder,EVE,0.05,0.00
2210311,André Gomes,André Filipe Tavares Gomes,Midfielder,EVE,0.00,0.10
2210311,Doucouré,Abdoulaye Doucouré,Midfielder,EVE,0.01,0.00
2210311,Iwobi,Alex Iwobi,Midfielder,EVE,0.01,0.07
2210311,Kenny,Jonjoe Kenny,Defender,EVE,0.00,0.00
2210311,Mina,Yerry Mina,Defender,EVE,0.01,0.00
2210311,Gray (Demarai),Demarai Gray,Midfielder,EVE,0.12,0.17
2210311,Davies (Tom),Tom Davies,Midfielder,EVE,0.00,0.03
2210311,Godfrey,Ben Godfrey,Defender,EVE,0.07,0.00
2210311,Gordon (Anthony),Anthony Gordon,Midfielder,EVE,0.00,0.00
2210312,Lallana,Adam Lallana,Midfielder,BHA,0.06,0.17
2210312,Welbeck,Danny Welbeck,Forward,BHA,0.02,0.08
2210312,Duffy,Shane Duffy,Defender,BHA,0.01,0.09
2210312,Burn,Dan Burn,Defender,BHA,0.00,0.00
2210312,Dunk,Lewis Dunk,Defender,BHA,0.00,0.00
2210312,March,Solomon March,Midfielder,BHA,0.05,0.06
2210312,Veltman,Joël Veltman,Defender,BHA,0.01,0.00
2210312,Maupay,Neal Maupay,Forward,BHA,0.02,1.06
2210312,Trossard,Leandro Trossard,Midfielder,BHA,0.17,0.06
2210312,Cucurella,Marc Cucurella,Defender,BHA,0.28,0.00
2210312,Sanchez,Robert Sanchez,Goalkeeper,BHA,0.00,0.00
2210312,Bissouma,Yves Bissouma,Midfielder,BHA,0.00,0.20
2210312,Moder,Jakub Moder,Midfielder,BHA,0.00,0.00
2210312,Mwepu,Enock Mwepu,Midfielder,BHA,0.02,0.00
2210312,Schmeichel,Kasper Schmeichel,Goalkeeper,LEI,0.00,0.00
2210312,Bertrand,Ryan Bertrand,Defender,LEI,0.09,0.00
2210312,Vestergaard,Jannik Vestergaard,Defender,LEI,0.01,0.00
2210312,Vardy,Jamie Vardy,Forward,LEI,0.06,0.81
2210312,Ricardo Pereira,Ricardo Domingos Barbosa Pereira,Defender,LEI,0.12,0.00
2210312,Castagne,Timothy Castagne,Defender,LEI,0.01,0.00
2210312,Tielemans,Youri Tielemans,Midfielder,LEI,0.71,0.18
2210312,Maddison,James Maddison,Midfielder,LEI,0.00,0.04
2210312,Iheanacho,Kelechi Iheanacho,Forward,LEI,0.02,0.00
2210312,Barnes (Harvey),Harvey Barnes,Midfielder,LEI,0.16,0.05
2210312,Ndidi,Onyinye Wilfred Ndidi,Midfielder,LEI,0.02,0.00
2210312,Söyüncü,Caglar Söyüncü,Defender,LEI,0.00,0.20
2210312,Lookman,Ademola Lookman,Midfielder,LEI,0.05,0.13
2210312,Soumaré,Boubakary Soumaré,Midfielder,LEI,0.01,0.07
2210313,Aubameyang,Pierre-Emerick Aubameyang,Forward,ARS,0.33,0.05
2210313,Maitland-Niles,Ainsley Maitland-Niles,Midfielder,ARS,0.00,0.00
2210313,Partey,Thomas Partey,Midfielder,ARS,0.02,0.07
2210313,Odegaard,Martin Odegaard,Midfielder,ARS,0.08,0.15
2210313,Tierney,Kieran Tierney,Defender,ARS,0.01,0.00
2210313,Pepe,Nicolas Pepe,Midfielder,ARS,0.18,0.27
2210313,White (Ben),Ben White,Defender,ARS,0.00,0.00
2210313,Smith-Rowe,Emile Smith-Rowe,Midfielder,ARS,0.01,0.46
2210313,Saka,Bukayo Saka,Midfielder,ARS,0.06,0.03
2210313,Tomiyasu,Takehiro Tomiyasu,Defender,ARS,0.01,0.00
2210313,Ramsdale,Aaron Ramsdale,Goalkeeper,ARS,0.00,0.00
2210313,Gabriel Magalhães,Gabriel dos Santos Magalhães,Defender,ARS,0.00,0.00
2210313,Nuno Tavares,Nuno Tavares,Defender,ARS,0.02,0.02
2210313,Sambi Lokonga,Albert Sambi Lokonga,Midfielder,ARS,0.00,0.00
2210313,Tarkowski,James Tarkowski,Defender,BUR,0.03,0.09
2210313,Rodriguez,Jay Rodriguez,Forward,BUR,0.00,0.05
2210313,Barnes (Ashley),Ashley Barnes,Forward,BUR,0.02,0.12
2210313,Mee,Ben Mee,Defender,BUR,0.01,0.21
2210313,Westwood,Ashley Roy Westwood,Midfielder,BUR,0.24,0.11
2210313,Gudmundsson,Johann Berg Gudmundsson,Midfielder,BUR,0.02,0.07
2210313,Wood,Chris Wood,Forward,BUR,0.01,0.07
2210313,Lowton,Matthew Lowton,Defender,BUR,0.12,0.00
2210313,Vydra,Matej Vydra,Forward,BUR,0.01,0.03
2210313,Pope,Nick Pope,Goalkeeper,BUR,0.01,0.00
2210313,Taylor (Charlie),Charlie Taylor,Defender,BUR,0.03,0.00
2210313,Cornet,Maxwel Cornet,Midfielder,BUR,0.18,0.15
2210313,Brownhill,Josh Brownhill,Midfielder,BUR,0.21,0.04
2210313,McNeil,Dwight McNeil,Midfielder,BUR,0.23,0.07
2210314,Guaita,Vicente Guaita,Goalkeeper,CRY,0.00,0.00
2210314,McArthur,James McArthur,Midfielder,CRY,0.13,0.03
2210314,Benteke,Christian Benteke,Forward,CRY,0.01,0.13
2210314,Kouyaté,Cheikhou Kouyaté,Defender,CRY,0.00,0.00
2210314,Ward (Joel),Joel Ward,Defender,CRY,0.13,0.06
2210314,Ayew,Jordan Ayew,Midfielder,CRY,0.18,0.22
2210314,Zaha,Wilfried Zaha,Midfielder,CRY,0.08,0.03
2210314,Riedewald,Jairo Riedewald,Midfielder,CRY,0.01,0.00
2210314,Andersen,Joachim Andersen,Defender,CRY,0.01,0.00
2210314,Edouard,Odsonne Edouard,Forward,CRY,0.00,0.12
2210314,Marc Guehi,Addji Keaninkin Marc-Israel Guehi,Defender,CRY,0.02,0.00
2210314,Gallagher,Conor Gallagher,Midfielder,CRY,0.17,0.00
2210314,Mitchell,Tyrick Mitchell,Defender,CRY,0.03,0.00
2210314,Olise,Michael Olise,Midfielder,CRY,0.00,0.00
2210314,Milner,James Milner,Midfielder,LIV,0.11,0.04
2210314,Henderson (Jordan),Jordan Henderson,Midfielder,LIV,0.16,0.11
2210314,Thiago Alcántara,Thiago Alcántara do Nascimento,Midfielder,LIV,0.12,0.37
2210314,van Dijk,Virgil van Dijk,Defender,LIV,0.01,0.04
2210314,Mane,Sadio Mane,Midfielder,LIV,0.07,0.68
2210314,Alisson,Alisson Ramses Becker,Goalkeeper,LIV,0.00,0.00
2210314,Fabinho,Fabio Henrique Tavares,Midfielder,LIV,0.03,0.17
2210314,Salah,Mohamed Salah,Midfielder,LIV,0.11,0.49
2210314,Origi,Divock Origi,Forward,LIV,0.00,0.00
2210314,Keita,Naby Keita,Midfielder,LIV,0.00,0.06
2210314,Diogo Jota,Diogo José Teixeira da Silva,Forward,LIV,0.02,1.23
2210314,Konaté,Ibrahima Konaté,Defender,LIV,0.02,0.00
2210314,Jones (Curtis),Curtis Jones,Midfielder,LIV,0.00,0.03
2210314,Tsimikas,Konstantinos Tsimikas,Defender,LIV,0.24,0.04
2210315,Fernandinho,Fernando Luiz Rosa,Midfielder,MCI,0.13,0.04
2210315,Walker (Kyle),Kyle Walker,Defender,MCI,0.14,0.00
2210315,Gundogan,Ilkay Gundogan,Midfielder,MCI,0.11,0.31
2210315,De Bruyne,Kevin De Bruyne,Midfielder,MCI,0.15,0.04
2210315,Mahrez,Riyad Mahrez,Midfielder,MCI,0.02,0.02
2210315,Sterling (Raheem),Raheem Sterling,Midfielder,MCI,0.04,0.13
2210315,Grealish,Jack Grealish,Midfielder,MCI,0.07,0.00
2210315,João Cancelo,João Pedro Cavaco Cancelo,Defender,MCI,0.03,0.04
2210315,Ederson,Ederson Santana de Moraes,Goalkeeper,MCI,0.00,0.00
2210315,Aké,Nathan Aké,Defender,MCI,0.00,0.00
2210315,Bernardo Silva,Bernardo Mota Veiga de Carvalho e Silva,Midfielder,MCI,0.03,0.00
2210315,Rúben Dias,Rúben Santos Gato Alves Dias,Defender,MCI,0.02,0.07
2210315,Jesus,Gabriel Fernando de Jesus,Forward,MCI,0.00,0.27
2210315,Foden,Phil Foden,Midfielder,MCI,0.01,0.10
2210315,McCarthy (Alex),Alex McCarthy,Goalkeeper,SOU,0.00,0.00
2210315,Romeu,Oriol Romeu,Midfielder,SOU,0.03,0.00
2210315,Redmond,Nathan Redmond,Midfielder,SOU,0.03,0.02
2210315,Stephens (Jack),Jack Stephens,Defender,SOU,0.00,0.00
2210315,Elyounoussi,Mohammed Elyounoussi,Midfielder,SOU,0.06,0.09
2210315,Ward-Prowse,James Ward-Prowse,Midfielder,SOU,0.01,0.00
2210315,Armstrong (Adam),Adam Armstrong,Forward,SOU,0.00,0.18
2210315,Walker-Peters,Kyle Walker-Peters,Defender,SOU,0.04,0.00
2210315,Bednarek,Jan Bednarek,Defender,SOU,0.00,0.00
2210315,Adams,Che Adams,Forward,SOU,0.01,0.05
2210315,Perraud,Romain Perraud,Defender,SOU,0.00,0.00
2210315,Broja,Armando Broja,Forward,SOU,0.00,0.07
2210315,Livramento,Valentino Livramento,Defender,SOU,0.03,0.00
2210315,Salisu,Mohammed Salisu,Defender,SOU,0.00,0.00
2210316,Cooper,Liam Cooper,Defender,LEE,0.01,0.00
2210316,Ayling,Luke Ayling,Defender,LEE,0.01,0.00
2210316,Klich,Mateusz Klich,Midfielder,LEE,0.16,0.19
2210316,Rodrigo,Rodrigo Moreno Machado,Midfielder,LEE,0.49,0.16
2210316,Dallas,Stuart Dallas,Defender,LEE,0.02,0.00
2210316,Bamford,Patrick Bamford,Forward,LEE,0.05,0.38
2210316,Phillips (Kalvin),Kalvin Phillips,Midfielder,LEE,0.01,0.06
2210316,Roberts (Tyler),Tyler Roberts,Midfielder,LEE,0.03,0.00
2210316,James (Daniel),Daniel James,Midfielder,LEE,0.00,0.21
2210316,Raphinha,Raphael Dias Belloli,Midfielder,LEE,0.16,0.48
2210316,Shackleton,Jamie Shackleton,Midfielder,LEE,0.00,0.00
2210316,Meslier,Illan Meslier,Goalkeeper,LEE,0.00,0.00
2210316,Firpo,Junior Firpo,Defender,LEE,0.08,0.15
2210316,Summerville,Crysencio Summerville,Midfielder,LEE,0.07,0.00
2210316,Ritchie,Matt Ritchie,Defender,NEW,0.17,0.06
2210316,Clark,Ciaran Clark,Defender,NEW,0.01,0.00
2210316,Darlow,Karl Darlow,Goalkeeper,NEW,0.00,0.00
2210316,Fraser,Ryan Fraser,Midfielder,NEW,0.00,0.06
2210316,Lascelles,Jamaal Lascelles,Defender,NEW,0.00,0.07
2210316,Manquillo,Javier Manquillo,Defender,NEW,0.00,0.00
2210316,Krafth,Emil Krafth,Defender,NEW,0.00,0.00
2210316,Murphy (Jacob),Jacob Murphy,Midfielder,NEW,0.00,0.00
2210316,Hayden (Isaac),Isaac Hayden,Midfielder,NEW,0.00,0.00
2210316,Saint-Maximin,Allan Saint-Maximin,Midfielder,NEW,0.40,0.43
2210316,Almirón,Miguel Almirón,Midfielder,NEW,0.06,0.32
2210316,Longstaff (Sean),Sean Longstaff,Midfielder,NEW,0.03,0.12
2210316,Joelinton,Joelinton Cássio Apolinário de Lira,Midfielder,NEW,0.07,0.29
2210316,Willock,Joseph Willock,Midfielder,NEW,0.09,0.05
2210317,Krul,Tim Krul,Goalkeeper,NOR,0.00,0.00
2210317,Pukki,Teemu Pukki,Forward,NOR,0.07,0.52
2210317,Kenny McLean,Kenneth McLean,Midfielder,NOR,0.02,0.15
2210317,Hanley,Grant Hanley,Defender,NOR,0.01,0.00
2210317,Mathias Normann,Mathias Antonsen Normann,Midfielder,NOR,0.23,0.06
2210317,Cantwell,Todd Cantwell,Midfielder,NOR,0.00,0.00
2210317,Rashica,Milot Rashica,Midfielder,NOR,0.10,0.27
2210317,Sargent,Joshua Sargent,Forward,NOR,0.18,0.05
2210317,Williams (Brandon),Brandon Williams,Defender,NOR,0.11,0.00
2210317,Aarons,Maximillian Aarons,Defender,NOR,0.04,0.00
2210317,Gilmour,Billy Gilmour,Midfielder,NOR,0.15,0.00
2210317,Idah,Adam Idah,Forward,NOR,0.00,0.00
2210317,Kabak,Ozan Kabak,Defender,NOR,0.01,0.00
2210317,Tzolis,Christos Tzolis,Midfielder,NOR,0.06,0.00
2210317,Foster,Ben Foster,Goalkeeper,WAT,0.00,0.00
2210317,Rose,Danny Rose,Defender,WAT,0.24,0.00
2210317,Cathcart,Craig Cathcart,Defender,WAT,0.00,0.06
2210317,Cleverley,Tom Cleverley,Midfielder,WAT,0.36,0.00
2210317,Sissoko,Moussa Sissoko,Midfielder,WAT,0.01,0.00
2210317,Femenía,Francisco Femenía Far,Defender,WAT,0.16,0.00
2210317,Kucka,Juraj Kucka,Midfielder,WAT,0.01,0.07
2210317,King,Joshua King,Forward,WAT,0.09,0.81
2210317,Troost-Ekong,William Troost-Ekong,Defender,WAT,0.00,0.00
2210317,Sema,Ken Sema,Midfielder,WAT,0.00,0.00
2210317,Etebo,Peter Etebo,Midfielder,WAT,0.00,0.00
2210317,Dennis (Emmanuel),Emmanuel Bonaventure Dennis,Forward,WAT,0.00,0.21
2210317,Ismaila Sarr,Ismaila Sarr,Midfielder,WAT,0.01,1.46
2210317,Ngakia,Jeremy Ngakia,Defender,WAT,0.02,0.02
2210318,Azpilicueta,César Azpilicueta,Defender,CHE,0.40,0.00
2210318,Thiago Silva,Thiago Emiliano da Silva,Defender,CHE,0.03,0.13
2210318,Lukaku,Romelu Lukaku,Forward,CHE,0.54,0.29
2210318,Alonso,Marcos Alonso,Defender,CHE,0.20,0.35
2210318,Jorginho,Jorge Luiz Frello Filho,Midfielder,CHE,0.04,0.00
2210318,Kovacic,Mateo Kovacic,Midfielder,CHE,0.47,0.50
2210318,Rüdiger,Antonio Rüdiger,Defender,CHE,0.11,0.08
2210318,Kepa,Kepa Arrizabalaga Revuelta,Goalkeeper,CHE,0.00,0.00
2210318,Kanté,N'Golo Kanté,Midfielder,CHE,0.21,0.03
2210318,Christensen,Andreas Christensen,Defender,CHE,0.10,0.08
2210318,Werner,Timo Werner,Forward,CHE,0.12,0.37
2210318,Mount,Mason Mount,Midfielder,CHE,0.04,0.16
2210318,Havertz,Kai Havertz,Forward,CHE,0.03,0.24
2210318,Lloris,Hugo Lloris,Goalkeeper,TOT,0.00,0.00
2210318,Kane,Harry Kane,Forward,TOT,0.01,0.15
2210318,Son,Heung-Min Son,Midfielder,TOT,0.05,0.14
2210318,Dier,Eric Dier,Defender,TOT,0.01,0.00
2210318,Alli,Bamidele Alli,Midfielder,TOT,0.01,0.00
2210318,Højbjerg,Pierre-Emile Højbjerg,Midfielder,TOT,0.01,0.00
2210318,Sánchez (Davinson),Davinson Sánchez,Defender,TOT,0.00,0.00
2210318,Reguilón,Sergio Reguilón,Defender,TOT,0.12,0.00
2210318,Lo Celso,Giovani Lo Celso,Midfielder,TOT,0.03,0.19
2210318,Skipp,Oliver Skipp,Midfielder,TOT,0.00,0.00
2210318,Romero (Cristian),Cristian Romero,Defender,TOT,0.00,0.00
2210318,NDombele,Tanguy NDombele,Midfielder,TOT,0.01,0.02
2210318,Emerson Royal,Emerson Aparecido Leite de Souza Junior,Defender,TOT,0.05,0.00
2210318,Gil,Bryan Gil,Midfielder,TOT,0.00,0.00
2210319,Cristiano Ronaldo,Cristiano Ronaldo dos Santos Aveiro,Forward,MUN,0.04,1.63
2210319,De Gea,David De Gea,Goalkeeper,MUN,0.00,0.00
2210319,Matic,Nemanja Matic,Midfielder,MUN,0.01,0.00
2210319,Pogba,Paul Pogba,Midfielder,MUN,0.18,0.07
2210319,Varane,Raphael Varane,Defender,MUN,0.01,0.00
2210319,Maguire,Harry Maguire,Defender,MUN,0.01,0.04
2210319,Fred,Frederico Rodrigues de Paula Santos,Midfielder,MUN,0.02,0.00
2210319,Shaw,Luke Shaw,Defender,MUN,0.22,0.03
2210319,Lingard,Jesse Lingard,Midfielder,MUN,0.01,0.05
2210319,Bruno Fernandes,Bruno Miguel Borges Fernandes,Midfielder,MUN,0.22,0.11
2210319,McTominay,Scott McTominay,Midfielder,MUN,0.18,0.11
2210319,Sancho,Jadon Sancho,Midfielder,MUN,0.03,0.00
2210319,Wan-Bissaka,Aaron Wan-Bissaka,Defender,MUN,0.03,0.03
2210319,Greenwood (Mason),Mason Greenwood,Midfielder,MUN,0.04,0.00
2210319,Noble,Mark Noble,Midfielder,WHU,0.00,0.79
2210319,Fabianski,Lukasz Fabianski,Goalkeeper,WHU,0.00,0.00
2210319,Ogbonna,Angelo Ogbonna,Defender,WHU,0.00,0.00
2210319,Cresswell (Aaron),Aaron Cresswell,Defender,WHU,0.06,0.00
2210319,Yarmolenko,Andriy Yarmolenko,Midfielder,WHU,0.03,0.00
2210319,Lanzini,Manuel Lanzini,Midfielder,WHU,0.00,0.00
2210319,Zouma,Kurt Zouma,Defender,WHU,0.00,0.00
2210319,Coufal,Vladimir Coufal,Defender,WHU,0.02,0.00
2210319,Benrahma,Said Benrahma,Midfielder,WHU,0.08,0.09
2210319,Bowen,Jarrod Bowen,Midfielder,WHU,0.16,0.32
2210319,Vlasic,Nikola Vlasic,Midfielder,WHU,0.00,0.15
2210319,Rice,Declan Rice,Midfielder,WHU,0.02,0.00
2210319,Soucek,Tomas Soucek,Midfielder,WHU,0.05,0.08
2210319,Fornals,Pablo Fornals,Midfielder,WHU,0.11,0.18
2210320,Zanka,Mathias Jorgensen,Defender,BRE,0.00,0.00
2210320,Jansson,Pontus Jansson,Defender,BRE,0.00,0.00
2210320,Norgaard,Christian Norgaard,Midfielder,BRE,0.03,0.00
2210320,Toney,Ivan Toney,Forward,BRE,0.62,0.82
2210320,Raya Martin,David Raya Martin,Goalkeeper,BRE,0.00,0.00
2210320,Canos,Sergi Canos,Defender,BRE,0.07,0.00
2210320,Ajer,Kristoffer Ajer,Defender,BRE,0.00,0.00
2210320,Henry,Rico Henry,Defender,BRE,0.00,0.00
2210320,Janelt,Vitaly Janelt,Midfielder,BRE,0.18,0.41
2210320,Roerslev,Mads Roerslev,Defender,BRE,0.00,0.00
2210320,Pinnock,Ethan Pinnock,Defender,BRE,0.00,0.00
2210320,Onyeka,Frank Onyeka,Midfielder,BRE,0.00,0.02
2210320,Baptiste (Shandon),Shandon Baptiste,Midfielder,BRE,0.01,0.00
2210320,Mbeumo,Bryan Mbeumo,Forward,BRE,0.01,1.22
2210320,Moutinho,João Moutinho,Midfielder,WOL,0.09,0.00
2210320,Coady,Conor Coady,Defender,WOL,0.01,0.00
2210320,Raúl Jiménez,Raul Alonso Jimenez Rodriguez,Forward,WOL,0.23,0.08
2210320,Saiss,Romain Saiss,Defender,WOL,0.01,0.02
2210320,Marçal,Fernando Marçal de Oliveira,Defender,WOL,0.01,0.04
2210320,José Sá,José Pedro Malheiro de Sá,Goalkeeper,WOL,0.00,0.00
2210320,Traoré,Adama Traoré,Midfielder,WOL,0.10,0.10
2210320,Ruben Neves,Rúben Diogo da Silva Neves,Midfielder,WOL,0.07,0.02
2210320,Hwang Hee-Chan,Hee-Chan Hwang,Midfielder,WOL,0.01,0.11
2210320,Semedo,Nelson Semedo,Defender,WOL,0.02,0.03
2210320,Podence,Daniel Podence,Midfielder,WOL,0.02,0.00
2210320,Kilman,Max Kilman,Defender,WOL,0.01,0.00
2210320,Trincão,Francisco António Machado Trincão,Midfielder,WOL,0.04,0.24
2210320,Fabio Silva,Fabio Daniel Soares Silva,Forward,WOL,0.01,0.00
2210321,Aubameyang,Pierre-Emerick Aubameyang,Forward,ARS,0.01,0.35
2210321,Xhaka,Granit Xhaka,Midfielder,ARS,0.01,0.00
2210321,Maitland-Niles,Ainsley Maitland-Niles,Midfielder,ARS,0.00,0.00
2210321,Partey,Thomas Partey,Midfielder,ARS,0.02,0.04
2210321,Odegaard,Martin Odegaard,Midfielder,ARS,0.13,0.00
2210321,Tierney,Kieran Tierney,Defender,ARS,0.02,0.03
2210321,White (Ben),Ben White,Defender,ARS,0.01,0.00
2210321,Smith-Rowe,Emile Smith-Rowe,Midfielder,ARS,0.09,0.18
2210321,Saka,Bukayo Saka,Midfielder,ARS,0.36,0.42
2210321,Tomiyasu,Takehiro Tomiyasu,Defender,ARS,0.01,0.04
2210321,Ramsdale,Aaron Ramsdale,Goalkeeper,ARS,0.00,0.00
2210321,Gabriel Magalhães,Gabriel dos Santos Magalhães,Defender,ARS,0.10,0.02
2210321,Nuno Tavares,Nuno Tavares,Defender,ARS,0.00,0.00
2210321,Sambi Lokonga,Albert Sambi Lokonga,Midfielder,ARS,0.00,0.00
2210321,Lloris,Hugo Lloris,Goalkeeper,TOT,0.00,0.00
2210321,Kane,Harry Kane,Forward,TOT,0.00,0.47
2210321,Son,Heung-Min Son,Midfielder,TOT,0.19,0.45
2210321,Dier,Eric Dier,Defender,TOT,0.18,0.00
2210321,Lucas Moura,Lucas Rodrigues Moura da Silva,Midfielder,TOT,0.04,0.02
2210321,Alli,Bamidele Alli,Midfielder,TOT,0.00,0.00
2210321,Højbjerg,Pierre-Emile Højbjerg,Midfielder,TOT,0.02,0.00
2210321,Sánchez (Davinson),Davinson Sánchez,Defender,TOT,0.01,0.00
2210321,Reguilón,Sergio Reguilón,Defender,TOT,0.12,0.00
2210321,Tanganga,Japhet Tanganga,Defender,TOT,0.00,0.08
2210321,Skipp,Oliver Skipp,Midfielder,TOT,0.01,0.00
2210321,NDombele,Tanguy NDombele,Midfielder,TOT,0.01,0.00
2210321,Emerson Royal,Emerson Aparecido Leite de Souza Junior,Defender,TOT,0.01,0.00
2210321,Gil,Bryan Gil,Midfielder,TOT,0.01,0.00
2210322,Zanka,Mathias Jorgensen,Defender,BRE,0.00,0.00
2210322,Jansson,Pontus Jansson,Defender,BRE,0.00,0.18
2210322,Norgaard,Christian Norgaard,Midfielder,BRE,0.01,0.00
2210322,Toney,Ivan Toney,Forward,BRE,0.79,0.22
2210322,Raya Martin,David Raya Martin,Goalkeeper,BRE,0.01,0.00
2210322,Canos,Sergi Canos,Defender,BRE,0.55,0.00
2210322,Ajer,Kristoffer Ajer,Defender,BRE,0.13,0.00
2210322,Henry,Rico Henry,Defender,BRE,0.10,0.04
2210322,Janelt,Vitaly Janelt,Midfielder,BRE,0.06,0.56
2210322,Wissa,Yoane Wissa,Midfielder,BRE,0.00,0.52
2210322,Pinnock,Ethan Pinnock,Defender,BRE,0.00,0.37
2210322,Onyeka,Frank Onyeka,Midfielder,BRE,0.00,0.13
2210322,Baptiste (Shandon),Shandon Baptiste,Midfielder,BRE,0.05,0.00
2210322,Mbeumo,Bryan Mbeumo,Forward,BRE,0.06,0.33
2210322,Henderson (Jordan),Jordan Henderson,Midfielder,LIV,0.23,0.00
2210322,Matip,Joel Matip,Defender,LIV,0.01,0.03
2210322,Firmino,Roberto Firmino Barbosa de Oliveira,Forward,LIV,0.00,0.00
2210322,van Dijk,Virgil van Dijk,Defender,LIV,0.01,0.01
2210322,Mane,Sadio Mane,Midfielder,LIV,0.65,0.38
2210322,Alisson,Alisson Ramses Becker,Goalkeeper,LIV,0.00,0.00
2210322,Fabinho,Fabio Henrique Tavares,Midfielder,LIV,0.36,0.00
2210322,Salah,Mohamed Salah,Midfielder,LIV,0.04,1.56
2210322,Robertson,Andrew Robertson,Defender,LIV,0.13,0.03
2210322,Alexander-Arnold,Trent Alexander-Arnold,Defender,LIV,0.17,0.14
2210322,Diogo Jota,Diogo José Teixeira da Silva,Forward,LIV,0.21,0.72
2210322,Jones (Curtis),Curtis Jones,Midfielder,LIV,0.04,0.17
2210323,Azpilicueta,César Azpilicueta,Defender,CHE,0.03,0.00
2210323,Thiago Silva,Thiago Emiliano da Silva,Defender,CHE,0.00,0.00
2210323,Lukaku,Romelu Lukaku,Forward,CHE,0.01,0.00
2210323,Alonso,Marcos Alonso,Defender,CHE,0.15,0.06
2210323,Jorginho,Jorge Luiz Frello Filho,Midfielder,CHE,0.00,0.00
2210323,Kovacic,Mateo Kovacic,Midfielder,CHE,0.01,0.09
2210323,Rüdiger,Antonio Rüdiger,Defender,CHE,0.04,0.00
2210323,Kanté,N'Golo Kanté,Midfielder,CHE,0.01,0.00
2210323,Loftus-Cheek,Ruben Loftus-Cheek,Midfielder,CHE,0.00,0.00
2210323,Christensen,Andreas Christensen,Defender,CHE,0.01,0.00
2210323,Werner,Timo Werner,Forward,CHE,0.20,0.08
2210323,Havertz,Kai Havertz,Forward,CHE,0.00,0.00
2210323,James (Reece),Reece James,Defender,CHE,0.00,0.00
2210323,Mendy (Edouard),Edouard Mendy,Goalkeeper,CHE,0.00,0.00
2210323,Fernandinho,Fernando Luiz Rosa,Midfielder,MCI,0.00,0.00
2210323,Walker (Kyle),Kyle Walker,Defender,MCI,0.02,0.00
2210323,De Bruyne,Kevin De Bruyne,Midfielder,MCI,0.13,0.18
2210323,Mahrez,Riyad Mahrez,Midfielder,MCI,0.00,0.00
2210323,Sterling (Raheem),Raheem Sterling,Midfielder,MCI,0.00,0.00
2210323,Grealish,Jack Grealish,Midfielder,MCI,0.11,0.55
2210323,João Cancelo,João Pedro Cavaco Cancelo,Defender,MCI,0.04,0.04
2210323,Ederson,Ederson Santana de Moraes,Goalkeeper,MCI,0.00,0.00
2210323,Laporte,Aymeric Laporte,Defender,MCI,0.01,0.42
2210323,Bernardo Silva,Bernardo Mota Veiga de Carvalho e Silva,Midfielder,MCI,0.05,0.00
2210323,Rúben Dias,Rúben Santos Gato Alves Dias,Defender,MCI,0.01,0.11
2210323,Jesus,Gabriel Fernando de Jesus,Forward,MCI,0.02,0.36
2210323,Foden,Phil Foden,Midfielder,MCI,0.48,0.00
2210323,Rodri,Rodrigo Hernández Cascante,Midfielder,MCI,0.03,0.03
2210324,Lallana,Adam Lallana,Midfielder,BHA,0.08,0.07
2210324,Welbeck,Danny Welbeck,Forward,BHA,0.05,0.35
2210324,Groß,Pascal Groß,Midfielder,BHA,0.18,0.00
2210324,Duffy,Shane Duffy,Defender,BHA,0.00,0.06
2210324,Burn,Dan Burn,Defender,BHA,0.00,0.00
2210324,Dunk,Lewis Dunk,Defender,BHA,0.02,0.05
2210324,Veltman,Joël Veltman,Defender,BHA,0.23,0.00
2210324,Maupay,Neal Maupay,Forward,BHA,0.01,0.18
2210324,Trossard,Leandro Trossard,Midfielder,BHA,0.03,0.05
2210324,Cucurella,Marc Cucurella,Defender,BHA,0.08,0.00
2210324,Sanchez,Robert Sanchez,Goalkeeper,BHA,0.19,0.00
2210324,Connolly,Aaron Connolly,Forward,BHA,0.00,0.00
2210324,Alzate,Steven Alzate,Midfielder,BHA,0.00,0.00
2210324,Moder,Jakub Moder,Midfielder,BHA,0.01,0.00
2210324,Guaita,Vicente Guaita,Goalkeeper,CRY,0.00,0.00
2210324,McArthur,James McArthur,Midfielder,CRY,0.04,0.00
2210324,Benteke,Christian Benteke,Forward,CRY,0.11,0.00
2210324,Kouyaté,Cheikhou Kouyaté,Defender,CRY,0.00,0.00
2210324,Ward (Joel),Joel Ward,Defender,CRY,0.01,0.00
2210324,Milivojevic,Luka Milivojevic,Midfielder,CRY,0.04,0.06
2210324,Ayew,Jordan Ayew,Midfielder,CRY,0.06,0.46
2210324,Zaha,Wilfried Zaha,Midfielder,CRY,0.09,0.81
2210324,Schlupp,Jeffrey Schlupp,Midfielder,CRY,0.00,0.00
2210324,Andersen,Joachim Andersen,Defender,CRY,0.03,0.00
2210324,Edouard,Odsonne Edouard,Forward,CRY,0.01,0.07
2210324,Marc Guehi,Addji Keaninkin Marc-Israel Guehi,Defender,CRY,0.01,0.00
2210324,Gallagher,Conor Gallagher,Midfielder,CRY,0.03,0.03
2210324,Mitchell,Tyrick Mitchell,Defender,CRY,0.07,0.00
2210325,Rondón,Salomón Rondón,Forward,EVE,0.05,0.00
2210325,Townsend,Andros Townsend,Midfielder,EVE,0.02,0.86
2210325,Digne,Lucas Digne,Defender,EVE,0.13,0.00
2210325,Keane,Michael Keane,Defender,EVE,0.00,0.05
2210325,Pickford,Jordan Pickford,Goalkeeper,EVE,0.00,0.00
2210325,Allan,Allan Marques Loureiro,Midfielder,EVE,0.01,0.00
2210325,Doucouré,Abdoulaye Doucouré,Midfielder,EVE,0.03,0.20
2210325,Iwobi,Alex Iwobi,Midfielder,EVE,0.14,0.02
2210325,Mina,Yerry Mina,Defender,EVE,0.00,0.00
2210325,Gray (Demarai),Demarai Gray,Midfielder,EVE,0.13,0.04
2210325,Davies (Tom),Tom Davies,Midfielder,EVE,0.02,0.06
2210325,Godfrey,Ben Godfrey,Defender,EVE,0.02,0.75
2210325,Gordon (Anthony),Anthony Gordon,Midfielder,EVE,0.00,0.00
2210325,Dobbin,Lewis Dobbin,Forward,EVE,0.00,0.00
2210325,Krul,Tim Krul,Goalkeeper,NOR,0.00,0.00
2210325,Pukki,Teemu Pukki,Forward,NOR,0.01,0.04
2210325,Kenny McLean,Kenneth McLean,Midfielder,NOR,0.22,0.08
2210325,Gibson (Ben),Ben Gibson,Defender,NOR,0.03,0.24
2210325,Hanley,Grant Hanley,Defender,NOR,0.00,0.00
2210325,Mathias Normann,Mathias Antonsen Normann,Midfielder,NOR,0.05,0.07
2210325,Giannoulis,Dimitrios Giannoulis,Defender,NOR,0.00,0.00
2210325,Lees-Melou,Pierre Lees-Melou,Midfielder,NOR,0.12,0.05
2210325,Rashica,Milot Rashica,Midfielder,NOR,0.00,0.00
2210325,Sargent,Joshua Sargent,Forward,NOR,0.03,0.00
2210325,Williams (Brandon),Brandon Williams,Defender,NOR,0.01,0.00
2210325,Aarons,Maximillian Aarons,Defender,NOR,0.02,0.01
2210325,Kabak,Ozan Kabak,Defender,NOR,0.01,0.00
2210325,Tzolis,Christos Tzolis,Midfielder,NOR,0.03,0.00
2210326,Cooper,Liam Cooper,Defender,LEE,0.01,0.00
2210326,Klich,Mateusz Klich,Midfielder,LEE,0.09,0.41
2210326,Rodrigo,Rodrigo Moreno Machado,Midfielder,LEE,0.09,0.13
2210326,Dallas,Stuart Dallas,Defender,LEE,0.05,0.22
2210326,Phillips (Kalvin),Kalvin Phillips,Midfielder,LEE,0.01,0.05
2210326,Roberts (Tyler),Tyler Roberts,Midfielder,LEE,0.04,0.00
2210326,James (Daniel),Daniel James,Midfielder,LEE,0.01,0.08
2210326,Raphinha,Raphael Dias Belloli,Midfielder,LEE,0.20,0.23
2210326,Harrison,Jack Harrison,Midfielder,LEE,0.00,0.11
2210326,Shackleton,Jamie Shackleton,Midfielder,LEE,0.02,0.00
2210326,Meslier,Illan Meslier,Goalkeeper,LEE,0.00,0.00
2210326,Firpo,Junior Firpo,Defender,LEE,0.06,0.00
2210326,Summerville,Crysencio Summerville,Midfielder,LEE,0.01,0.00
2210326,Cresswell (Charlie),Charlie Cresswell,Defender,LEE,0.00,0.00
2210326,Fabianski,Lukasz Fabianski,Goalkeeper,WHU,0.00,0.00
2210326,Ogbonna,Angelo Ogbonna,Defender,WHU,0.01,0.00
2210326,Cresswell (Aaron),Aaron Cresswell,Defender,WHU,0.04,0.07
2210326,Yarmolenko,Andriy Yarmolenko,Midfielder,WHU,0.00,0.00
2210326,Antonio,Michail Antonio,Forward,WHU,0.41,0.77
2210326,Dawson,Craig Dawson,Defender,WHU,0.00,0.00
2210326,Zouma,Kurt Zouma,Defender,WHU,0.01,0.00
2210326,Coufal,Vladimir Coufal,Defender,WHU,0.02,0.00
2210326,Benrahma,Said Benrahma,Midfielder,WHU,0.10,0.20
2210326,Bowen,Jarrod Bowen,Midfielder,WHU,0.02,0.07
2210326,Vlasic,Nikola Vlasic,Midfielder,WHU,0.00,0.00
2210326,Rice,Declan Rice,Midfielder,WHU,0.01,0.09
2210326,Soucek,Tomas Soucek,Midfielder,WHU,0.01,0.04
2210326,Fornals,Pablo Fornals,Midfielder,WHU,0.37,0.42
2210327,Lennon,Aaron Lennon,Midfielder,BUR,0.00,0.02
2210327,Tarkowski,James Tarkowski,Defender,BUR,0.07,0.00
2210327,Barnes (Ashley),Ashley Barnes,Forward,BUR,0.00,0.04
2210327,Mee,Ben Mee,Defender,BUR,0.00,0.00
2210327,Westwood,Ashley Roy Westwood,Midfielder,BUR,0.08,0.07
2210327,Gudmundsson,Johann Berg Gudmundsson,Midfielder,BUR,0.02,0.00
2210327,Wood,Chris Wood,Forward,BUR,0.01,0.08
2210327,Lowton,Matthew Lowton,Defender,BUR,0.15,0.00
2210327,Vydra,Matej Vydra,Forward,BUR,0.08,0.08
2210327,Pope,Nick Pope,Goalkeeper,BUR,0.00,0.00
2210327,Taylor (Charlie),Charlie Taylor,Defender,BUR,0.01,0.00
2210327,Cornet,Maxwel Cornet,Midfielder,BUR,0.01,0.15
2210327,Brownhill,Josh Brownhill,Midfielder,BUR,0.06,0.03
2210327,McNeil,Dwight McNeil,Midfielder,BUR,0.02,0.00
2210327,Schmeichel,Kasper Schmeichel,Goalkeeper,LEI,0.00,0.00
2210327,Bertrand,Ryan Bertrand,Defender,LEI,0.05,0.00
2210327,Vestergaard,Jannik Vestergaard,Defender,LEI,0.01,0.00
2210327,Vardy,Jamie Vardy,Forward,LEI,0.04,1.53
2210327,Ricardo Pereira,Ricardo Domingos Barbosa Pereira,Defender,LEI,0.56,0.00
2210327,Castagne,Timothy Castagne,Defender,LEI,0.05,0.00
2210327,Tielemans,Youri Tielemans,Midfielder,LEI,0.54,0.14
2210327,Maddison,James Maddison,Midfielder,LEI,0.03,0.00
2210327,Iheanacho,Kelechi Iheanacho,Forward,LEI,0.14,0.10
2210327,Barnes (Harvey),Harvey Barnes,Midfielder,LEI,0.08,0.42
2210327,Ndidi,Onyinye Wilfred Ndidi,Midfielder,LEI,0.04,0.02
2210327,Söyüncü,Caglar Söyüncü,Defender,LEI,0.01,0.00
2210327,Lookman,Ademola Lookman,Midfielder,LEI,0.39,0.08
2210327,Soumaré,Boubakary Soumaré,Midfielder,LEI,0.05,0.08
2210328,Ings,Danny Ings,Forward,AVL,0.05,0.00
2210328,Martinez,Emiliano Martinez,Goalkeeper,AVL,0.00,0.00
2210328,McGinn,John McGinn,Midfielder,AVL,0.07,0.00
2210328,Hause,Kortney Hause,Defender,AVL,0.01,0.10
2210328,Mings,Tyrone Mings,Defender,AVL,0.01,0.00
2210328,Targett,Matt Targett,Defender,AVL,0.01,0.28
2210328,Watkins,Ollie Watkins,Forward,AVL,0.01,0.35
2210328,Buendía,Emiliano Buendía,Midfielder,AVL,0.08,0.00
2210328,Cash,Matthew Cash,Defender,AVL,0.28,0.00
2210328,Konsa Ngoyo,Ezri Konsa Ngoyo,Defender,AVL,0.00,0.23
2210328,Douglas Luiz,Douglas Luiz Soares de Paulo,Midfielder,AVL,0.39,0.03
2210328,Ramsey (Jacob),Jacob Ramsey,Midfielder,AVL,0.05,0.03
2210328,Archer,Cameron Archer,Forward,AVL,0.00,0.00
2210328,Cristiano Ronaldo,Cristiano Ronaldo dos Santos Aveiro,Forward,MUN,0.04,0.12
2210328,Cavani,Edinson Cavani,Forward,MUN,0.00,0.03
2210328,De Gea,David De Gea,Goalkeeper,MUN,0.00,0.00
2210328,Pogba,Paul Pogba,Midfielder,MUN,0.06,0.40
2210328,Varane,Raphael Varane,Defender,MUN,0.07,0.02
2210328,Maguire,Harry Maguire,Defender,MUN,0.00,0.03
2210328,Fred,Frederico Rodrigues de Paula Santos,Midfielder,MUN,0.01,0.02
2210328,Shaw,Luke Shaw,Defender,MUN,0.05,0.00
2210328,Bruno Fernandes,Bruno Miguel Borges Fernandes,Midfielder,MUN,0.48,1.00
2210328,Lindelof,Victor Nilsson-Lindelof,Defender,MUN,0.00,0.00
2210328,McTominay,Scott McTominay,Midfielder,MUN,0.04,0.00
2210328,Wan-Bissaka,Aaron Wan-Bissaka,Defender,MUN,0.02,0.00
2210328,Dalot,José Diogo Dalot Teixeira,Defender,MUN,0.03,0.00
2210328,Greenwood (Mason),Mason Greenwood,Midfielder,MUN,0.06,0.58
2210329,Long (Shane),Shane Long,Forward,SOU,0.00,0.13
2210329,McCarthy (Alex),Alex McCarthy,Goalkeeper,SOU,0.00,0.00
2210329,Romeu,Oriol Romeu,Midfielder,SOU,0.20,0.01
2210329,Redmond,Nathan Redmond,Midfielder,SOU,0.03,0.14
2210329,Elyounoussi,Mohammed Elyounoussi,Midfielder,SOU,0.01,0.19
2210329,Ward-Prowse,James Ward-Prowse,Midfielder,SOU,0.05,0.04
2210329,Armstrong (Adam),Adam Armstrong,Forward,SOU,0.12,0.32
2210329,Walker-Peters,Kyle Walker-Peters,Defender,SOU,0.02,0.04
2210329,Bednarek,Jan Bednarek,Defender,SOU,0.01,0.00
2210329,Adams,Che Adams,Forward,SOU,0.08,0.15
2210329,Djenepo,Moussa Djenepo,Midfielder,SOU,0.01,0.03
2210329,Broja,Armando Broja,Forward,SOU,0.00,0.00
2210329,Livramento,Valentino Livramento,Defender,SOU,0.03,0.03
2210329,Salisu,Mohammed Salisu,Defender,SOU,0.12,0.00
2210329,Moutinho,João Moutinho,Midfielder,WOL,0.04,0.00
2210329,Coady,Conor Coady,Defender,WOL,0.01,0.00
2210329,Raúl Jiménez,Raul Alonso Jimenez Rodriguez,Forward,WOL,0.02,0.82
2210329,Saiss,Romain Saiss,Defender,WOL,0.01,0.00
2210329,Marçal,Fernando Marçal de Oliveira,Defender,WOL,0.00,0.00
2210329,José Sá,José Pedro Malheiro de Sá,Goalkeeper,WOL,0.01,0.00
2210329,Dendoncker (Leander),Leander Dendoncker,Midfielder,WOL,0.01,0.08
2210329,Traoré,Adama Traoré,Midfielder,WOL,0.00,0.00
2210329,Ruben Neves,Rúben Diogo da Silva Neves,Midfielder,WOL,0.00,0.00
2210329,Hwang Hee-Chan,Hee-Chan Hwang,Midfielder,WOL,0.00,0.02
2210329,Semedo,Nelson Semedo,Defender,WOL,0.01,0.09
2210329,Podence,Daniel Podence,Midfielder,WOL,0.05,0.00
2210329,Kilman,Max Kilman,Defender,WOL,0.04,0.00
2210329,Hoever,Ki-Jana Hoever,Defender,WOL,0.00,0.00
2210330,Ritchie,Matt Ritchie,Defender,NEW,0.71,0.08
2210330,Fernández,Federico Fernández,Defender,NEW,0.00,0.15
2210330,Clark,Ciaran Clark,Defender,NEW,0.00,0.66
2210330,Darlow,Karl Darlow,Goalkeeper,NEW,0.00,0.00
2210330,Gayle,Dwight Gayle,Forward,NEW,0.00,0.00
2210330,Manquillo,Javier Manquillo,Defender,NEW,0.00,0.00
2210330,Murphy (Jacob),Jacob Murphy,Midfielder,NEW,0.00,0.10
2210330,Hayden (Isaac),Isaac Hayden,Midfielder,NEW,0.01,0.00
2210330,Saint-Maximin,Allan Saint-Maximin,Midfielder,NEW,0.48,0.24
2210330,Almirón,Miguel Almirón,Midfielder,NEW,0.02,0.09
2210330,Longstaff (Sean),Sean Longstaff,Midfielder,NEW,0.01,0.30
2210330,Joelinton,Joelinton Cássio Apolinário de Lira,Midfielder,NEW,0.02,0.09
2210330,Willock,Joseph Willock,Midfielder,NEW,0.01,0.21
2210330,Foster,Ben Foster,Goalkeeper,WAT,0.00,0.00
2210330,Rose,Danny Rose,Defender,WAT,0.12,0.03
2210330,Cathcart,Craig Cathcart,Defender,WAT,0.00,0.00
2210330,Cleverley,Tom Cleverley,Midfielder,WAT,0.01,0.00
2210330,Sissoko,Moussa Sissoko,Midfielder,WAT,0.01,0.04
2210330,Femenía,Francisco Femenía Far,Defender,WAT,0.01,0.00
2210330,Kucka,Juraj Kucka,Midfielder,WAT,0.01,0.07
2210330,King,Joshua King,Forward,WAT,0.18,0.16
2210330,Tufan,Ozan Tufan,Midfielder,WAT,0.02,0.03
2210330,Troost-Ekong,William Troost-Ekong,Defender,WAT,0.01,0.02
2210330,Etebo,Peter Etebo,Midfielder,WAT,0.01,0.00
2210330,Dennis (Emmanuel),Emmanuel Bonaventure Dennis,Forward,WAT,0.02,0.42
2210330,Ismaila Sarr,Ismaila Sarr,Midfielder,WAT,0.00,0.38
2210330,Ngakia,Jeremy Ngakia,Defender,WAT,0.03,0.00
2210330,João Pedro,João Pedro Junqueira de Jesus,Forward,WAT,0.00,0.00
2210331,Aubameyang,Pierre-Emerick Aubameyang,Forward,ARS,0.01,0.08
2210331,Lacazette,Alexandre Lacazette,Forward,ARS,0.01,0.00
2210331,Maitland-Niles,Ainsley Maitland-Niles,Midfielder,ARS,0.00,0.00
2210331,Partey,Thomas Partey,Midfielder,ARS,0.03,0.11
2210331,Odegaard,Martin Odegaard,Midfielder,ARS,0.04,0.00
2210331,Tierney,Kieran Tierney,Defender,ARS,0.01,0.00
2210331,Pepe,Nicolas Pepe,Midfielder,ARS,0.05,0.00
2210331,White (Ben),Ben White,Defender,ARS,0.08,0.00
2210331,Smith-Rowe,Emile Smith-Rowe,Midfielder,ARS,0.03,0.10
2210331,Saka,Bukayo Saka,Midfielder,ARS,0.06,0.09
2210331,Tomiyasu,Takehiro Tomiyasu,Defender,ARS,0.01,0.00
2210331,Ramsdale,Aaron Ramsdale,Goalkeeper,ARS,0.00,0.00
2210331,Gabriel Magalhães,Gabriel dos Santos Magalhães,Defender,ARS,0.03,0.04
2210331,Sambi Lokonga,Albert Sambi Lokonga,Midfielder,ARS,0.02,0.02
2210331,Lallana,Adam Lallana,Midfielder,BHA,0.06,0.04
2210331,Groß,Pascal Groß,Midfielder,BHA,0.29,0.05
2210331,Duffy,Shane Duffy,Defender,BHA,0.01,0.16
2210331,Burn,Dan Burn,Defender,BHA,0.02,0.20
2210331,Dunk,Lewis Dunk,Defender,BHA,0.11,0.08
2210331,March,Solomon March,Midfielder,BHA,0.03,0.06
2210331,Veltman,Joël Veltman,Defender,BHA,0.02,0.00
2210331,Maupay,Neal Maupay,Forward,BHA,0.12,0.20
2210331,Trossard,Leandro Trossard,Midfielder,BHA,0.06,0.19
2210331,Cucurella,Marc Cucurella,Defender,BHA,0.13,0.00
2210331,Sanchez,Robert Sanchez,Goalkeeper,BHA,0.00,0.00
2210331,Mac Allister,Alexis Mac Allister,Midfielder,BHA,0.08,0.02
2210331,Moder,Jakub Moder,Midfielder,BHA,0.06,0.10
2210332,Lennon,Aaron Lennon,Midfielder,BUR,0.01,0.08
2210332,Tarkowski,James Tarkowski,Defender,BUR,0.00,0.00
2210332,Rodriguez,Jay Rodriguez,Forward,BUR,0.03,0.13
2210332,Barnes (Ashley),Ashley Barnes,Forward,BUR,0.00,0.00
2210332,Westwood,Ashley Roy Westwood,Midfielder,BUR,0.35,0.00
2210332,Gudmundsson,Johann Berg Gudmundsson,Midfielder,BUR,0.14,0.00
2210332,Wood,Chris Wood,Forward,BUR,0.03,0.47
2210332,Lowton,Matthew Lowton,Defender,BUR,0.07,0.07
2210332,Vydra,Matej Vydra,Forward,BUR,0.02,0.32
2210332,Pope,Nick Pope,Goalkeeper,BUR,0.00,0.00
2210332,Taylor (Charlie),Charlie Taylor,Defender,BUR,0.41,0.00
2210332,Brownhill,Josh Brownhill,Midfielder,BUR,0.17,0.03
2210332,Collins,Nathan Collins,Defender,BUR,0.00,0.04
2210332,McNeil,Dwight McNeil,Midfielder,BUR,0.05,0.04
2210332,Krul,Tim Krul,Goalkeeper,NOR,0.00,0.00
2210332,Pukki,Teemu Pukki,Forward,NOR,0.05,0.12
2210332,Rupp,Lukas Rupp,Midfielder,NOR,0.01,0.00
2210332,Kenny McLean,Kenneth McLean,Midfielder,NOR,0.01,0.00
2210332,Gibson (Ben),Ben Gibson,Defender,NOR,0.04,0.00
2210332,Hanley,Grant Hanley,Defender,NOR,0.00,0.02
2210332,Mathias Normann,Mathias Antonsen Normann,Midfielder,NOR,0.13,0.14
2210332,Giannoulis,Dimitrios Giannoulis,Defender,NOR,0.01,0.05
2210332,Lees-Melou,Pierre Lees-Melou,Midfielder,NOR,0.21,0.07
2210332,Rashica,Milot Rashica,Midfielder,NOR,0.00,0.00
2210332,Sargent,Joshua Sargent,Forward,NOR,0.10,0.04
2210332,Aarons,Maximillian Aarons,Defender,NOR,0.05,0.09
2210332,Idah,Adam Idah,Forward,NOR,0.00,0.00
2210332,Kabak,Ozan Kabak,Defender,NOR,0.14,0.00
2210333,Azpilicueta,César Azpilicueta,Defender,CHE,0.56,0.17
2210333,Thiago Silva,Thiago Emiliano da Silva,Defender,CHE,0.02,0.00
2210333,Lukaku,Romelu Lukaku,Forward,CHE,0.01,0.74
2210333,Jorginho,Jorge Luiz Frello Filho,Midfielder,CHE,0.01,0.00
2210333,Barkley,Ross Barkley,Midfielder,CHE,0.03,0.00
2210333,Kovacic,Mateo Kovacic,Midfielder,CHE,0.14,0.00
2210333,Rüdiger,Antonio Rüdiger,Defender,CHE,0.02,0.14
2210333,Loftus-Cheek,Ruben Loftus-Cheek,Midfielder,CHE,0.02,0.11
2210333,Werner,Timo Werner,Forward,CHE,0.03,1.34
2210333,Chilwell,Benjamin Chilwell,Defender,CHE,0.17,0.25
2210333,Chalobah (Trevoh),Trevoh Chalobah,Defender,CHE,0.01,0.59
2210333,Mount,Mason Mount,Midfielder,CHE,0.58,0.05
2210333,Hudson-Odoi,Callum Hudson-Odoi,Midfielder,CHE,0.02,0.07
2210333,Mendy (Edouard),Edouard Mendy,Goalkeeper,CHE,0.00,0.00
2210333,Walcott,Theo Walcott,Midfielder,SOU,0.01,0.33
2210333,McCarthy (Alex),Alex McCarthy,Goalkeeper,SOU,0.00,0.00
2210333,Romeu,Oriol Romeu,Midfielder,SOU,0.02,0.00
2210333,Redmond,Nathan Redmond,Midfielder,SOU,0.03,0.00
2210333,Elyounoussi,Mohammed Elyounoussi,Midfielder,SOU,0.00,0.00
2210333,Ward-Prowse,James Ward-Prowse,Midfielder,SOU,0.02,0.83
2210333,Armstrong (Adam),Adam Armstrong,Forward,SOU,0.01,0.18
2210333,Walker-Peters,Kyle Walker-Peters,Defender,SOU,0.42,0.00
2210333,Bednarek,Jan Bednarek,Defender,SOU,0.00,0.00
2210333,Tella,Nathan Tella,Midfielder,SOU,0.00,0.00
2210333,Diallo,Ibrahima Diallo,Midfielder,SOU,0.01,0.00
2210333,Djenepo,Moussa Djenepo,Midfielder,SOU,0.00,0.00
2210333,Livramento,Valentino Livramento,Defender,SOU,0.01,0.00
2210333,Salisu,Mohammed Salisu,Defender,SOU,0.01,0.00
2210334,Guaita,Vicente Guaita,Goalkeeper,CRY,0.00,0.00
2210334,McArthur,James McArthur,Midfielder,CRY,0.11,0.00
2210334,Benteke,Christian Benteke,Forward,CRY,0.00,0.00
2210334,Ward (Joel),Joel Ward,Defender,CRY,0.02,0.05
2210334,Milivojevic,Luka Milivojevic,Midfielder,CRY,0.11,0.00
2210334,Ayew,Jordan Ayew,Midfielder,CRY,0.01,0.03
2210334,Zaha,Wilfried Zaha,Midfielder,CRY,0.22,0.27
2210334,Schlupp,Jeffrey Schlupp,Midfielder,CRY,0.00,0.36
2210334,Andersen,Joachim Andersen,Defender,CRY,0.01,0.00
2210334,Edouard,Odsonne Edouard,Forward,CRY,0.06,0.25
2210334,Marc Guehi,Addji Keaninkin Marc-Israel Guehi,Defender,CRY,0.01,0.00
2210334,Gallagher,Conor Gallagher,Midfielder,CRY,0.01,0.21
2210334,Mitchell,Tyrick Mitchell,Defender,CRY,0.04,0.00
2210334,Olise,Michael Olise,Midfielder,CRY,0.13,0.37
2210334,Schmeichel,Kasper Schmeichel,Goalkeeper,LEI,0.00,0.00
2210334,Bertrand,Ryan Bertrand,Defender,LEI,0.00,0.00
2210334,Albrighton,Marc Albrighton,Midfielder,LEI,0.00,0.00
2210334,Vestergaard,Jannik Vestergaard,Defender,LEI,0.03,0.00
2210334,Vardy,Jamie Vardy,Forward,LEI,0.01,0.59
2210334,Castagne,Timothy Castagne,Defender,LEI,0.00,0.00
2210334,Tielemans,Youri Tielemans,Midfielder,LEI,0.11,0.02
2210334,Maddison,James Maddison,Midfielder,LEI,0.00,0.06
2210334,Iheanacho,Kelechi Iheanacho,Forward,LEI,0.02,0.34
2210334,Choudhury,Hamza Choudhury,Midfielder,LEI,0.00,0.00
2210334,Barnes (Harvey),Harvey Barnes,Midfielder,LEI,0.01,0.12
2210334,Söyüncü,Caglar Söyüncü,Defender,LEI,0.00,0.00
2210334,Lookman,Ademola Lookman,Midfielder,LEI,0.03,0.07
2210334,Soumaré,Boubakary Soumaré,Midfielder,LEI,0.00,0.00
2210335,Cooper,Liam Cooper,Defender,LEE,0.01,0.00
2210335,Klich,Mateusz Klich,Midfielder,LEE,0.07,0.05
2210335,Rodrigo,Rodrigo Moreno Machado,Midfielder,LEE,0.15,0.07
2210335,Dallas,Stuart Dallas,Defender,LEE,0.07,0.51
2210335,Diego Llorente,Diego Javier Llorente Ríos,Defender,LEE,0.01,0.15
2210335,Phillips (Kalvin),Kalvin Phillips,Midfielder,LEE,0.03,0.00
2210335,Roberts (Tyler),Tyler Roberts,Midfielder,LEE,0.00,0.08
2210335,James (Daniel),Daniel James,Midfielder,LEE,0.01,0.08
2210335,Raphinha,Raphael Dias Belloli,Midfielder,LEE,0.38,0.36
2210335,Shackleton,Jamie Shackleton,Midfielder,LEE,0.02,0.04
2210335,Struijk,Pascal Struijk,Defender,LEE,0.00,0.00
2210335,Meslier,Illan Meslier,Goalkeeper,LEE,0.00,0.00
2210335,Firpo,Junior Firpo,Defender,LEE,0.08,0.00
2210335,Foster,Ben Foster,Goalkeeper,WAT,0.00,0.00
2210335,Rose,Danny Rose,Defender,WAT,0.03,0.00
2210335,Sissoko,Moussa Sissoko,Midfielder,WAT,0.01,0.00
2210335,Femenía,Francisco Femenía Far,Defender,WAT,0.03,0.00
2210335,Kucka,Juraj Kucka,Midfielder,WAT,0.01,0.03
2210335,King,Joshua King,Forward,WAT,0.04,0.00
2210335,Kabasele,Christian Kabasele,Defender,WAT,0.00,0.00
2210335,Tufan,Ozan Tufan,Midfielder,WAT,0.00,0.06
2210335,Troost-Ekong,William Troost-Ekong,Defender,WAT,0.02,0.00
2210335,Sema,Ken Sema,Midfielder,WAT,0.00,0.00
2210335,Sierralta,Francisco Sierralta,Defender,WAT,0.00,0.00
2210335,Dennis (Emmanuel),Emmanuel Bonaventure Dennis,Forward,WAT,0.00,0.07
2210335,Ismaila Sarr,Ismaila Sarr,Midfielder,WAT,0.06,0.02
2210335,João Pedro,João Pedro Junqueira de Jesus,Forward,WAT,0.00,0.03
2210336,Milner,James Milner,Midfielder,LIV,0.04,0.00
2210336,Henderson (Jordan),Jordan Henderson,Midfielder,LIV,0.01,0.00
2210336,Matip,Joel Matip,Defender,LIV,0.03,0.00
2210336,Firmino,Roberto Firmino Barbosa de Oliveira,Forward,LIV,0.00,0.00
2210336,van Dijk,Virgil van Dijk,Defender,LIV,0.01,0.00
2210336,Mane,Sadio Mane,Midfielder,LIV,0.00,0.36
2210336,Alisson,Alisson Ramses Becker,Goalkeeper,LIV,0.00,0.00
2210336,Fabinho,Fabio Henrique Tavares,Midfielder,LIV,0.01,0.23
2210336,Salah,Mohamed Salah,Midfielder,LIV,0.29,0.21
2210336,Robertson,Andrew Robertson,Defender,LIV,0.01,0.00
2210336,Gomez,Joseph Gomez,Defender,LIV,0.00,0.00
2210336,Diogo Jota,Diogo José Teixeira da Silva,Forward,LIV,0.01,0.09
2210336,Jones (Curtis),Curtis Jones,Midfielder,LIV,0.01,0.00
2210336,Walker (Kyle),Kyle Walker,Defender,MCI,0.01,0.04
2210336,De Bruyne,Kevin De Bruyne,Midfielder,MCI,0.12,0.41
2210336,Sterling (Raheem),Raheem Sterling,Midfielder,MCI,0.06,0.00
2210336,Grealish,Jack Grealish,Midfielder,MCI,0.02,0.03
2210336,João Cancelo,João Pedro Cavaco Cancelo,Defender,MCI,0.13,0.00
2210336,Ederson,Ederson Santana de Moraes,Goalkeeper,MCI,0.11,0.00
2210336,Laporte,Aymeric Laporte,Defender,MCI,0.00,0.00
2210336,Bernardo Silva,Bernardo Mota Veiga de Carvalho e Silva,Midfielder,MCI,0.23,0.00
2210336,Rúben Dias,Rúben Santos Gato Alves Dias,Defender,MCI,0.00,0.00
2210336,Jesus,Gabriel Fernando de Jesus,Forward,MCI,0.13,0.13
2210336,Foden,Phil Foden,Midfielder,MCI,0.09,0.62
2210336,Rodri,Rodrigo Hernández Cascante,Midfielder,MCI,0.01,0.02
2210337,Rondón,Salomón Rondón,Forward,EVE,0.00,0.20
2210337,Townsend,Andros Townsend,Midfielder,EVE,0.14,0.70
2210337,Digne,Lucas Digne,Defender,EVE,0.09,0.00
2210337,Keane,Michael Keane,Defender,EVE,0.00,0.06
2210337,Pickford,Jordan Pickford,Goalkeeper,EVE,0.00,0.00
2210337,Allan,Allan Marques Loureiro,Midfielder,EVE,0.00,0.00
2210337,Doucouré,Abdoulaye Doucouré,Midfielder,EVE,0.26,0.19
2210337,Mina,Yerry Mina,Defender,EVE,0.00,0.03
2210337,Gray (Demarai),Demarai Gray,Midfielder,EVE,0.07,0.10
2210337,Davies (Tom),Tom Davies,Midfielder,EVE,0.00,0.00
2210337,Godfrey,Ben Godfrey,Defender,EVE,0.02,0.00
2210337,Gordon (Anthony),Anthony Gordon,Midfielder,EVE,0.10,0.00
2210337,Dobbin,Lewis Dobbin,Forward,EVE,0.00,0.00
2210337,Cristiano Ronaldo,Cristiano Ronaldo dos Santos Aveiro,Forward,MUN,0.04,0.08
2210337,Cavani,Edinson Cavani,Forward,MUN,0.02,0.07
2210337,De Gea,David De Gea,Goalkeeper,MUN,0.00,0.00
2210337,Pogba,Paul Pogba,Midfielder,MUN,0.08,0.31
2210337,Varane,Raphael Varane,Defender,MUN,0.01,0.04
2210337,Fred,Frederico Rodrigues de Paula Santos,Midfielder,MUN,0.12,0.00
2210337,Shaw,Luke Shaw,Defender,MUN,0.09,0.00
2210337,Bruno Fernandes,Bruno Miguel Borges Fernandes,Midfielder,MUN,0.23,0.03
2210337,Martial,Anthony Martial,Forward,MUN,0.03,0.27
2210337,Lindelof,Victor Nilsson-Lindelof,Defender,MUN,0.02,0.00
2210337,McTominay,Scott McTominay,Midfielder,MUN,0.11,0.08
2210337,Sancho,Jadon Sancho,Midfielder,MUN,0.13,0.05
2210337,Wan-Bissaka,Aaron Wan-Bissaka,Defender,MUN,0.21,0.00
2210337,Greenwood (Mason),Mason Greenwood,Midfielder,MUN,0.05,0.05
2210338,Ings,Danny Ings,Forward,AVL,0.03,0.15
2210338,Martinez,Emiliano Martinez,Goalkeeper,AVL,0.00,0.00
2210338,Traore (Bertrand),Bertrand Traore,Midfielder,AVL,0.00,0.00
2210338,McGinn,John McGinn,Midfielder,AVL,0.04,0.06
2210338,Hause,Kortney Hause,Defender,AVL,0.00,0.00
2210338,Mings,Tyrone Mings,Defender,AVL,0.09,0.00
2210338,Targett,Matt Targett,Defender,AVL,0.52,0.07
2210338,Watkins,Ollie Watkins,Forward,AVL,0.04,0.60
2210338,Buendía,Emiliano Buendía,Midfielder,AVL,0.01,0.00
2210338,Cash,Matthew Cash,Defender,AVL,0.12,0.08
2210338,Konsa Ngoyo,Ezri Konsa Ngoyo,Defender,AVL,0.13,0.12
2210338,Douglas Luiz,Douglas Luiz Soares de Paulo,Midfielder,AVL,0.12,0.00
2210338,Ramsey (Jacob),Jacob Ramsey,Midfielder,AVL,0.01,0.12
2210338,Archer,Cameron Archer,Forward,AVL,0.00,0.00
2210338,Lloris,Hugo Lloris,Goalkeeper,TOT,0.02,0.00
2210338,Kane,Harry Kane,Forward,TOT,0.10,0.39
2210338,Son,Heung-Min Son,Midfielder,TOT,0.11,0.39
2210338,Dier,Eric Dier,Defender,TOT,0.00,0.00
2210338,Lucas Moura,Lucas Rodrigues Moura da Silva,Midfielder,TOT,0.08,0.02
2210338,Højbjerg,Pierre-Emile Højbjerg,Midfielder,TOT,0.05,0.12
2210338,Reguilón,Sergio Reguilón,Defender,TOT,0.14,0.00
2210338,Lo Celso,Giovani Lo Celso,Midfielder,TOT,0.01,0.25
2210338,Skipp,Oliver Skipp,Midfielder,TOT,0.01,0.00
2210338,Romero (Cristian),Cristian Romero,Defender,TOT,0.00,0.00
2210338,NDombele,Tanguy NDombele,Midfielder,TOT,0.01,0.07
2210338,Emerson Royal,Emerson Aparecido Leite de Souza Junior,Defender,TOT,0.02,0.05
2210338,Gil,Bryan Gil,Midfielder,TOT,0.01,0.00
2210339,Zanka,Mathias Jorgensen,Defender,BRE,0.00,0.00
2210339,Jansson,Pontus Jansson,Defender,BRE,0.00,0.08
2210339,Norgaard,Christian Norgaard,Midfielder,BRE,0.01,0.00
2210339,Toney,Ivan Toney,Forward,BRE,0.22,0.10
2210339,Raya Martin,David Raya Martin,Goalkeeper,BRE,0.00,0.00
2210339,Canos,Sergi Canos,Defender,BRE,0.00,0.26
2210339,Henry,Rico Henry,Defender,BRE,0.18,0.00
2210339,Jensen,Mathias Jensen,Midfielder,BRE,0.11,0.05
2210339,Wissa,Yoane Wissa,Midfielder,BRE,0.00,0.08
2210339,Pinnock,Ethan Pinnock,Defender,BRE,0.05,0.01
2210339,Onyeka,Frank Onyeka,Midfielder,BRE,0.00,0.00
2210339,Baptiste (Shandon),Shandon Baptiste,Midfielder,BRE,0.00,0.04
2210339,Mbeumo,Bryan Mbeumo,Forward,BRE,0.05,0.74
2210339,Bidstrup,Mads Bidstrup,Midfielder,BRE,0.00,0.00
2210339,Fabianski,Lukasz Fabianski,Goalkeeper,WHU,0.00,0.00
2210339,Ogbonna,Angelo Ogbonna,Defender,WHU,0.00,0.05
2210339,Cresswell (Aaron),Aaron Cresswell,Defender,WHU,0.33,0.00
2210339,Antonio,Michail Antonio,Forward,WHU,0.13,0.10
2210339,Zouma,Kurt Zouma,Defender,WHU,0.00,0.13
2210339,Coufal,Vladimir Coufal,Defender,WHU,0.18,0.13
2210339,Benrahma,Said Benrahma,Midfielder,WHU,0.30,0.23
2210339,Bowen,Jarrod Bowen,Midfielder,WHU,0.01,0.65
2210339,Rice,Declan Rice,Midfielder,WHU,0.01,0.00
2210339,Soucek,Tomas Soucek,Midfielder,WHU,0.05,0.06
2210339,Fornals,Pablo Fornals,Midfielder,WHU,0.03,0.22
2210340,Ritchie,Matt Ritchie,Defender,NEW,0.26,0.00
2210340,Fernández,Federico Fernández,Defender,NEW,0.00,0.06
2210340,Clark,Ciaran Clark,Defender,NEW,0.01,0.00
2210340,Darlow,Karl Darlow,Goalkeeper,NEW,0.00,0.00
2210340,Hendrick,Jeff Hendrick,Midfielder,NEW,0.01,0.09
2210340,Gayle,Dwight Gayle,Forward,NEW,0.00,0.07
2210340,Manquillo,Javier Manquillo,Defender,NEW,0.01,0.00
2210340,Murphy (Jacob),Jacob Murphy,Midfielder,NEW,0.00,0.00
2210340,Hayden (Isaac),Isaac Hayden,Midfielder,NEW,0.00,0.00
2210340,Saint-Maximin,Allan Saint-Maximin,Midfielder,NEW,0.01,0.27
2210340,Almirón,Miguel Almirón,Midfielder,NEW,0.01,0.00
2210340,Longstaff (Sean),Sean Longstaff,Midfielder,NEW,0.02,0.06
2210340,Joelinton,Joelinton Cássio Apolinário de Lira,Midfielder,NEW,0.01,0.10
2210340,Willock,Joseph Willock,Midfielder,NEW,0.00,0.00
2210340,Moutinho,João Moutinho,Midfielder,WOL,0.02,0.03
2210340,Coady,Conor Coady,Defender,WOL,0.00,0.00
2210340,Raúl Jiménez,Raul Alonso Jimenez Rodriguez,Forward,WOL,0.10,0.02
2210340,Saiss,Romain Saiss,Defender,WOL,0.01,0.00
2210340,Marçal,Fernando Marçal de Oliveira,Defender,WOL,0.01,0.00
2210340,José Sá,José Pedro Malheiro de Sá,Goalkeeper,WOL,0.00,0.00
2210340,Dendoncker (Leander),Leander Dendoncker,Midfielder,WOL,0.00,0.00
2210340,Traoré,Adama Traoré,Midfielder,WOL,0.00,0.00
2210340,Ruben Neves,Rúben Diogo da Silva Neves,Midfielder,WOL,0.02,0.00
2210340,Hwang Hee-Chan,Hee-Chan Hwang,Midfielder,WOL,0.17,0.42
2210340,Semedo,Nelson Semedo,Defender,WOL,0.02,0.00
2210340,Kilman,Max Kilman,Defender,WOL,0.01,0.00
2210340,Trincão,Francisco António Machado Trincão,Midfielder,WOL,0.02,0.56
2210341,Aubameyang,Pierre-Emerick Aubameyang,Forward,ARS,0.22,0.39
2210341,Lacazette,Alexandre Lacazette,Forward,ARS,0.09,0.57
2210341,Partey,Thomas Partey,Midfielder,ARS,0.13,0.06
2210341,Odegaard,Martin Odegaard,Midfielder,ARS,0.02,0.00
2210341,Tierney,Kieran Tierney,Defender,ARS,0.06,0.05
2210341,Pepe,Nicolas Pepe,Midfielder,ARS,0.08,0.18
2210341,White (Ben),Ben White,Defender,ARS,0.01,0.10
2210341,Smith-Rowe,Emile Smith-Rowe,Midfielder,ARS,0.04,0.16
2210341,Saka,Bukayo Saka,Midfielder,ARS,0.01,0.00
2210341,Tomiyasu,Takehiro Tomiyasu,Defender,ARS,0.02,0.00
2210341,Ramsdale,Aaron Ramsdale,Goalkeeper,ARS,0.00,0.00
2210341,Gabriel Magalhães,Gabriel dos Santos Magalhães,Defender,ARS,0.02,0.03
2210341,Sambi Lokonga,Albert Sambi Lokonga,Midfielder,ARS,0.03,0.00
2210341,Martinelli,Gabriel Teodoro Martinelli Silva,Midfielder,ARS,0.00,0.28
2210341,Guaita,Vicente Guaita,Goalkeeper,CRY,0.00,0.00
2210341,Tomkins,James Tomkins,Defender,CRY,0.00,0.00
2210341,McArthur,James McArthur,Midfielder,CRY,0.02,0.00
2210341,Benteke,Christian Benteke,Forward,CRY,0.00,0.23
2210341,Kouyaté,Cheikhou Kouyaté,Defender,CRY,0.00,0.00
2210341,Ward (Joel),Joel Ward,Defender,CRY,0.01,0.00
2210341,Milivojevic,Luka Milivojevic,Midfielder,CRY,0.07,0.00
2210341,Ayew,Jordan Ayew,Midfielder,CRY,0.01,0.07
2210341,Andersen,Joachim Andersen,Defender,CRY,0.00,0.00
2210341,Edouard,Odsonne Edouard,Forward,CRY,0.09,0.30
2210341,Marc Guehi,Addji Keaninkin Marc-Israel Guehi,Defender,CRY,0.01,0.01
2210341,Gallagher,Conor Gallagher,Midfielder,CRY,0.02,0.11
2210341,Mitchell,Tyrick Mitchell,Defender,CRY,0.06,0.00
2210341,Olise,Michael Olise,Midfielder,CRY,0.00,0.00
2210342,Young (Ashley),Ashley Young,Defender,AVL,0.00,0.00
2210342,Ings,Danny Ings,Forward,AVL,0.00,0.46
2210342,Martinez,Emiliano Martinez,Goalkeeper,AVL,0.00,0.00
2210342,McGinn,John McGinn,Midfielder,AVL,0.14,0.05
2210342,Mings,Tyrone Mings,Defender,AVL,0.00,0.00
2210342,Targett,Matt Targett,Defender,AVL,0.13,0.00
2210342,Watkins,Ollie Watkins,Forward,AVL,0.02,0.10
2210342,Tuanzebe,Axel Tuanzebe,Defender,AVL,0.00,0.00
2210342,Nakamba,Marvelous Nakamba,Midfielder,AVL,0.00,0.00
2210342,Buendía,Emiliano Buendía,Midfielder,AVL,0.33,0.11
2210342,Cash,Matthew Cash,Defender,AVL,0.03,0.20
2210342,Konsa Ngoyo,Ezri Konsa Ngoyo,Defender,AVL,0.00,0.06
2210342,Douglas Luiz,Douglas Luiz Soares de Paulo,Midfielder,AVL,0.01,0.04
2210342,Ramsey (Jacob),Jacob Ramsey,Midfielder,AVL,0.00,0.00
2210342,Moutinho,João Moutinho,Midfielder,WOL,0.06,0.00
2210342,Coady,Conor Coady,Defender,WOL,0.00,0.67
2210342,Raúl Jiménez,Raul Alonso Jimenez Rodriguez,Forward,WOL,0.00,0.00
2210342,Saiss,Romain Saiss,Defender,WOL,0.01,0.86
2210342,Marçal,Fernando Marçal de Oliveira,Defender,WOL,0.05,0.00
2210342,José Sá,José Pedro Malheiro de Sá,Goalkeeper,WOL,0.00,0.00
2210342,Dendoncker (Leander),Leander Dendoncker,Midfielder,WOL,0.05,0.01
2210342,Traoré,Adama Traoré,Midfielder,WOL,0.13,0.27
2210342,Ruben Neves,Rúben Diogo da Silva Neves,Midfielder,WOL,0.11,0.07
2210342,Hwang Hee-Chan,Hee-Chan Hwang,Midfielder,WOL,0.03,0.11
2210342,Semedo,Nelson Semedo,Defender,WOL,0.05,0.00
2210342,Podence,Daniel Podence,Midfielder,WOL,0.61,0.00
2210342,Kilman,Max Kilman,Defender,WOL,0.01,0.13
2210342,Fabio Silva,Fabio Daniel Soares Silva,Forward,WOL,0.37,0.00
2210343,Zanka,Mathias Jorgensen,Defender,BRE,0.15,0.00
2210343,Jansson,Pontus Jansson,Defender,BRE,0.03,0.23
2210343,Norgaard,Christian Norgaard,Midfielder,BRE,0.39,0.41
2210343,Toney,Ivan Toney,Forward,BRE,0.01,0.14
2210343,Raya Martin,David Raya Martin,Goalkeeper,BRE,0.01,0.00
2210343,Canos,Sergi Canos,Defender,BRE,0.04,0.00
2210343,Henry,Rico Henry,Defender,BRE,0.27,0.00
2210343,Ghoddos,Saman Ghoddos,Midfielder,BRE,0.08,0.18
2210343,Jensen,Mathias Jensen,Midfielder,BRE,0.21,0.00
2210343,Forss,Marcus Forss,Forward,BRE,0.00,0.10
2210343,Pinnock,Ethan Pinnock,Defender,BRE,0.52,0.21
2210343,Onyeka,Frank Onyeka,Midfielder,BRE,0.04,0.00
2210343,Mbeumo,Bryan Mbeumo,Forward,BRE,0.02,0.28
2210343,Azpilicueta,César Azpilicueta,Defender,CHE,0.03,0.00
2210343,Lukaku,Romelu Lukaku,Forward,CHE,0.05,0.05
2210343,Kovacic,Mateo Kovacic,Midfielder,CHE,0.08,0.07
2210343,Kanté,N'Golo Kanté,Midfielder,CHE,0.06,0.00
2210343,Loftus-Cheek,Ruben Loftus-Cheek,Midfielder,CHE,0.03,0.00
2210343,Christensen,Andreas Christensen,Defender,CHE,0.01,0.00
2210343,Werner,Timo Werner,Forward,CHE,0.05,0.08
2210343,Chilwell,Benjamin Chilwell,Defender,CHE,0.05,0.14
2210343,Chalobah (Trevoh),Trevoh Chalobah,Defender,CHE,0.02,0.00
2210343,Mount,Mason Mount,Midfielder,CHE,0.01,0.00
2210343,Sarr (Malang),Malang Sarr,Defender,CHE,0.01,0.00
2210343,Havertz,Kai Havertz,Forward,CHE,0.00,0.00
2210343,James (Reece),Reece James,Defender,CHE,0.00,0.00
2210343,Mendy (Edouard),Edouard Mendy,Goalkeeper,CHE,0.00,0.00
2210344,Rondón,Salomón Rondón,Forward,EVE,0.02,0.14
2210344,Coleman,Seamus Coleman,Defender,EVE,0.03,0.03
2210344,Townsend,Andros Townsend,Midfielder,EVE,0.32,0.00
2210344,Digne,Lucas Digne,Defender,EVE,0.10,0.00
2210344,Keane,Michael Keane,Defender,EVE,0.00,0.00
2210344,Pickford,Jordan Pickford,Goalkeeper,EVE,0.00,0.00
2210344,Allan,Allan Marques Loureiro,Midfielder,EVE,0.05,0.00
2210344,Doucouré,Abdoulaye Doucouré,Midfielder,EVE,0.07,0.09
2210344,Iwobi,Alex Iwobi,Midfielder,EVE,0.01,0.34
2210344,Gray (Demarai),Demarai Gray,Midfielder,EVE,0.13,0.13
2210344,Godfrey,Ben Godfrey,Defender,EVE,0.01,0.17
2210344,Gordon (Anthony),Anthony Gordon,Midfielder,EVE,0.00,0.00
2210344,Fabianski,Lukasz Fabianski,Goalkeeper,WHU,0.00,0.00
2210344,Ogbonna,Angelo Ogbonna,Defender,WHU,0.00,0.27
2210344,Cresswell (Aaron),Aaron Cresswell,Defender,WHU,0.02,0.00
2210344,Yarmolenko,Andriy Yarmolenko,Midfielder,WHU,0.00,0.00
2210344,Antonio,Michail Antonio,Forward,WHU,0.05,0.43
2210344,Dawson,Craig Dawson,Defender,WHU,0.00,0.00
2210344,Lanzini,Manuel Lanzini,Midfielder,WHU,0.00,0.00
2210344,Zouma,Kurt Zouma,Defender,WHU,0.00,0.00
2210344,Benrahma,Said Benrahma,Midfielder,WHU,0.07,0.17
2210344,Bowen,Jarrod Bowen,Midfielder,WHU,0.32,0.15
2210344,Rice,Declan Rice,Midfielder,WHU,0.03,0.03
2210344,Soucek,Tomas Soucek,Midfielder,WHU,0.16,0.00
2210344,Fornals,Pablo Fornals,Midfielder,WHU,0.05,0.24
2210344,Johnson,Ben Johnson,Defender,WHU,0.02,0.00
2210345,Schmeichel,Kasper Schmeichel,Goalkeeper,LEI,0.00,0.00
2210345,Evans,Jonny Evans,Defender,LEI,0.00,0.00
2210345,Vestergaard,Jannik Vestergaard,Defender,LEI,0.00,0.00
2210345,Vardy,Jamie Vardy,Forward,LEI,0.17,0.24
2210345,Ricardo Pereira,Ricardo Domingos Barbosa Pereira,Defender,LEI,0.03,0.18
2210345,Amartey,Daniel Amartey,Defender,LEI,0.00,0.00
2210345,Castagne,Timothy Castagne,Defender,LEI,0.03,0.07
2210345,Tielemans,Youri Tielemans,Midfielder,LEI,0.20,0.22
2210345,Ayoze Pérez,Ayoze Pérez Gutiérrez,Midfielder,LEI,0.06,0.23
2210345,Maddison,James Maddison,Midfielder,LEI,0.07,0.11
2210345,Iheanacho,Kelechi Iheanacho,Forward,LEI,0.08,0.22
2210345,Söyüncü,Caglar Söyüncü,Defender,LEI,0.00,0.70
2210345,Soumaré,Boubakary Soumaré,Midfielder,LEI,0.02,0.00
2210345,Daka,Patson Daka,Forward,LEI,0.00,0.62
2210345,Cristiano Ronaldo,Cristiano Ronaldo dos Santos Aveiro,Forward,MUN,0.05,0.20
2210345,De Gea,David De Gea,Goalkeeper,MUN,0.00,0.00
2210345,Matic,Nemanja Matic,Midfielder,MUN,0.04,0.01
2210345,Pogba,Paul Pogba,Midfielder,MUN,0.07,0.17
2210345,Maguire,Harry Maguire,Defender,MUN,0.00,0.09
2210345,Shaw,Luke Shaw,Defender,MUN,0.07,0.00
2210345,Lingard,Jesse Lingard,Midfielder,MUN,0.01,0.03
2210345,Bruno Fernandes,Bruno Miguel Borges Fernandes,Midfielder,MUN,0.27,0.03
2210345,Rashford,Marcus Rashford,Midfielder,MUN,0.00,0.32
2210345,Lindelof,Victor Nilsson-Lindelof,Defender,MUN,0.20,0.00
2210345,McTominay,Scott McTominay,Midfielder,MUN,0.00,0.05
2210345,Sancho,Jadon Sancho,Midfielder,MUN,0.09,0.00
2210345,Wan-Bissaka,Aaron Wan-Bissaka,Defender,MUN,0.01,0.00
2210345,Greenwood (Mason),Mason Greenwood,Midfielder,MUN,0.03,0.25
2210346,Tarkowski,James Tarkowski,Defender,BUR,0.02,0.00
2210346,Pieters,Erik Pieters,Defender,BUR,0.01,0.00
2210346,Cork,Jack Cork,Midfielder,BUR,0.04,0.00
2210346,Rodriguez,Jay Rodriguez,Forward,BUR,0.00,0.00
2210346,Barnes (Ashley),Ashley Barnes,Forward,BUR,0.02,0.17
2210346,Westwood,Ashley Roy Westwood,Midfielder,BUR,0.07,0.00
2210346,Gudmundsson,Johann Berg Gudmundsson,Midfielder,BUR,0.01,0.00
2210346,Wood,Chris Wood,Forward,BUR,0.01,0.37
2210346,Lowton,Matthew Lowton,Defender,BUR,0.04,0.00
2210346,Pope,Nick Pope,Goalkeeper,BUR,0.00,0.00
2210346,Cornet,Maxwel Cornet,Midfielder,BUR,0.01,0.27
2210346,Brownhill,Josh Brownhill,Midfielder,BUR,0.02,0.10
2210346,Collins,Nathan Collins,Defender,BUR,0.15,0.00
2210346,McNeil,Dwight McNeil,Midfielder,BUR,0.24,0.00
2210346,Fernandinho,Fernando Luiz Rosa,Midfielder,MCI,0.00,0.00
2210346,De Bruyne,Kevin De Bruyne,Midfielder,MCI,0.34,0.21
2210346,Stones,John Stones,Defender,MCI,0.01,0.00
2210346,Mahrez,Riyad Mahrez,Midfielder,MCI,0.22,0.34
2210346,Sterling (Raheem),Raheem Sterling,Midfielder,MCI,0.09,0.14
2210346,João Cancelo,João Pedro Cavaco Cancelo,Defender,MCI,0.09,0.27
2210346,Aké,Nathan Aké,Defender,MCI,0.08,0.00
2210346,Laporte,Aymeric Laporte,Defender,MCI,0.02,0.15
2210346,Steffen,Zackary Steffen,Goalkeeper,MCI,0.00,0.00
2210346,Bernardo Silva,Bernardo Mota Veiga de Carvalho e Silva,Midfielder,MCI,0.22,0.90
2210346,Rúben Dias,Rúben Santos Gato Alves Dias,Defender,MCI,0.00,0.00
2210346,Foden,Phil Foden,Midfielder,MCI,0.06,0.21
2210346,Rodri,Rodrigo Hernández Cascante,Midfielder,MCI,0.08,0.00
2210346,Palmer,Cole Palmer,Midfielder,MCI,0.00,0.00
2210347,Shelvey,Jonjo Shelvey,Midfielder,NEW,0.00,0.00
2210347,Ritchie,Matt Ritchie,Defender,NEW,0.06,0.00
2210347,Clark,Ciaran Clark,Defender,NEW,0.00,0.03
2210347,Darlow,Karl Darlow,Goalkeeper,NEW,0.00,0.00
2210347,Wilson (Callum),Callum Wilson,Forward,NEW,0.04,0.20
2210347,Fraser,Ryan Fraser,Midfielder,NEW,0.02,0.04
2210347,Lascelles,Jamaal Lascelles,Defender,NEW,0.01,0.03
2210347,Manquillo,Javier Manquillo,Defender,NEW,0.24,0.00
2210347,Murphy (Jacob),Jacob Murphy,Midfielder,NEW,0.00,0.02
2210347,Hayden (Isaac),Isaac Hayden,Midfielder,NEW,0.00,0.00
2210347,Saint-Maximin,Allan Saint-Maximin,Midfielder,NEW,0.02,0.06
2210347,Longstaff (Sean),Sean Longstaff,Midfielder,NEW,0.01,0.00
2210347,Joelinton,Joelinton Cássio Apolinário de Lira,Midfielder,NEW,0.04,0.00
2210347,Willock,Joseph Willock,Midfielder,NEW,0.02,0.00
2210347,Lloris,Hugo Lloris,Goalkeeper,TOT,0.00,0.00
2210347,Kane,Harry Kane,Forward,TOT,0.57,0.50
2210347,Son,Heung-Min Son,Midfielder,TOT,0.14,0.73
2210347,Dier,Eric Dier,Defender,TOT,0.01,0.01
2210347,Lucas Moura,Lucas Rodrigues Moura da Silva,Midfielder,TOT,0.04,0.19
2210347,Højbjerg,Pierre-Emile Højbjerg,Midfielder,TOT,0.34,0.02
2210347,Reguilón,Sergio Reguilón,Defender,TOT,0.02,0.00
2210347,Skipp,Oliver Skipp,Midfielder,TOT,0.02,0.00
2210347,Romero (Cristian),Cristian Romero,Defender,TOT,0.15,0.00
2210347,NDombele,Tanguy NDombele,Midfielder,TOT,0.04,0.24
2210347,Emerson Royal,Emerson Aparecido Leite de Souza Junior,Defender,TOT,0.01,0.00
2210348,Lallana,Adam Lallana,Midfielder,BHA,0.09,0.06
2210348,Groß,Pascal Groß,Midfielder,BHA,0.39,0.14
2210348,Duffy,Shane Duffy,Defender,BHA,0.01,0.01
2210348,Burn,Dan Burn,Defender,BHA,0.02,0.00
2210348,Dunk,Lewis Dunk,Defender,BHA,0.02,0.03
2210348,March,Solomon March,Midfielder,BHA,0.64,0.00
2210348,Veltman,Joël Veltman,Defender,BHA,0.02,0.00
2210348,Maupay,Neal Maupay,Forward,BHA,0.13,0.26
2210348,Trossard,Leandro Trossard,Midfielder,BHA,0.05,0.10
2210348,Cucurella,Marc Cucurella,Defender,BHA,0.08,0.00
2210348,Sanchez,Robert Sanchez,Goalkeeper,BHA,0.00,0.00
2210348,Lamptey,Tariq Lamptey,Defender,BHA,0.02,0.00
2210348,Mac Allister,Alexis Mac Allister,Midfielder,BHA,0.01,0.00
2210348,Moder,Jakub Moder,Midfielder,BHA,0.38,0.18
2210348,Krul,Tim Krul,Goalkeeper,NOR,0.00,0.00
2210348,Pukki,Teemu Pukki,Forward,NOR,0.02,0.32
2210348,Rupp,Lukas Rupp,Midfielder,NOR,0.00,0.00
2210348,Kenny McLean,Kenneth McLean,Midfielder,NOR,0.01,0.00
2210348,Gibson (Ben),Ben Gibson,Defender,NOR,0.01,0.03
2210348,Hanley,Grant Hanley,Defender,NOR,0.00,0.08
2210348,Mathias Normann,Mathias Antonsen Normann,Midfielder,NOR,0.04,0.16
2210348,Giannoulis,Dimitrios Giannoulis,Defender,NOR,0.15,0.00
2210348,Lees-Melou,Pierre Lees-Melou,Midfielder,NOR,0.17,0.12
2210348,Rashica,Milot Rashica,Midfielder,NOR,0.02,0.00
2210348,Sargent,Joshua Sargent,Forward,NOR,0.04,0.86
2210348,Aarons,Maximillian Aarons,Defender,NOR,0.28,0.00
2210348,Idah,Adam Idah,Forward,NOR,0.01,0.00
2210348,Kabak,Ozan Kabak,Defender,NOR,0.00,0.05
2210349,Cooper,Liam Cooper,Defender,LEE,0.00,0.00
2210349,Klich,Mateusz Klich,Midfielder,LEE,0.04,0.00
2210349,Forshaw,Adam Forshaw,Midfielder,LEE,0.00,0.00
2210349,Rodrigo,Rodrigo Moreno Machado,Midfielder,LEE,0.00,0.00
2210349,Dallas,Stuart Dallas,Defender,LEE,0.02,0.00
2210349,Diego Llorente,Diego Javier Llorente Ríos,Defender,LEE,0.00,0.00
2210349,Roberts (Tyler),Tyler Roberts,Midfielder,LEE,0.03,0.01
2210349,James (Daniel),Daniel James,Midfielder,LEE,0.03,0.07
2210349,Harrison,Jack Harrison,Midfielder,LEE,0.03,0.10
2210349,Shackleton,Jamie Shackleton,Midfielder,LEE,0.02,0.00
2210349,Struijk,Pascal Struijk,Defender,LEE,0.00,0.00
2210349,Meslier,Illan Meslier,Goalkeeper,LEE,0.00,0.00
2210349,Summerville,Crysencio Summerville,Midfielder,LEE,0.00,0.00
2210349,Gelhardt,Joe Gelhardt,Forward,LEE,0.01,0.00
2210349,Walcott,Theo Walcott,Midfielder,SOU,0.00,0.00
2210349,McCarthy (Alex),Alex McCarthy,Goalkeeper,SOU,0.00,0.00
2210349,Romeu,Oriol Romeu,Midfielder,SOU,0.01,0.00
2210349,Redmond,Nathan Redmond,Midfielder,SOU,0.54,0.18
2210349,Armstrong (Stuart),Stuart Armstrong,Midfielder,SOU,0.00,0.00
2210349,Elyounoussi,Mohammed Elyounoussi,Midfielder,SOU,0.02,1.02
2210349,Bednarek,Jan Bednarek,Defender,SOU,0.00,0.00
2210349,Tella,Nathan Tella,Midfielder,SOU,0.00,0.00
2210349,Diallo,Ibrahima Diallo,Midfielder,SOU,0.01,0.00
2210349,Perraud,Romain Perraud,Defender,SOU,0.06,0.01
2210349,Djenepo,Moussa Djenepo,Midfielder,SOU,0.31,0.08
2210349,Broja,Armando Broja,Forward,SOU,0.03,0.54
2210349,Livramento,Valentino Livramento,Defender,SOU,0.02,0.03
2210349,Salisu,Mohammed Salisu,Defender,SOU,0.02,0.06
2210350,Milner,James Milner,Midfielder,LIV,0.55,0.07
2210350,Henderson (Jordan),Jordan Henderson,Midfielder,LIV,0.02,0.00
2210350,Matip,Joel Matip,Defender,LIV,0.02,0.01
2210350,Oxlade-Chamberlain,Alex Oxlade-Chamberlain,Midfielder,LIV,0.02,0.00
2210350,Firmino,Roberto Firmino Barbosa de Oliveira,Forward,LIV,0.13,1.87
2210350,van Dijk,Virgil van Dijk,Defender,LIV,0.01,0.00
2210350,Mane,Sadio Mane,Midfielder,LIV,0.05,0.79
2210350,Salah,Mohamed Salah,Midfielder,LIV,0.19,0.35
2210350,Robertson,Andrew Robertson,Defender,LIV,0.05,0.00
2210350,Alexander-Arnold,Trent Alexander-Arnold,Defender,LIV,0.15,0.09
2210350,Keita,Naby Keita,Midfielder,LIV,0.01,0.11
2210350,Kelleher,Caoimhin Kelleher,Goalkeeper,LIV,0.00,0.00
2210350,Tsimikas,Konstantinos Tsimikas,Defender,LIV,0.00,0.00
2210350,Williams (Neco),Neco Williams,Defender,LIV,0.47,0.00
2210350,Foster,Ben Foster,Goalkeeper,WAT,0.00,0.00
2210350,Rose,Danny Rose,Defender,WAT,0.01,0.00
2210350,Cathcart,Craig Cathcart,Defender,WAT,0.00,0.00
2210350,Cleverley,Tom Cleverley,Midfielder,WAT,0.01,0.00
2210350,Sissoko,Moussa Sissoko,Midfielder,WAT,0.02,0.00
2210350,Femenía,Francisco Femenía Far,Defender,WAT,0.00,0.00
2210350,Kucka,Juraj Kucka,Midfielder,WAT,0.00,0.02
2210350,Troost-Ekong,William Troost-Ekong,Defender,WAT,0.01,0.00
2210350,Masina,Adam Masina,Defender,WAT,0.00,0.00
2210350,Dennis (Emmanuel),Emmanuel Bonaventure Dennis,Forward,WAT,0.00,0.00
2210350,Ismaila Sarr,Ismaila Sarr,Midfielder,WAT,0.64,0.38
2210350,Ngakia,Jeremy Ngakia,Defender,WAT,0.06,0.00
2210350,Cucho,Juan Camilo Hernández,Forward,WAT,0.00,0.06
2210350,João Pedro,João Pedro Junqueira de Jesus,Forward,WAT,0.12,0.00
2210351,Aubameyang,Pierre-Emerick Aubameyang,Forward,ARS,0.12,1.15
2210351,Lacazette,Alexandre Lacazette,Forward,ARS,0.13,0.00
2210351,Maitland-Niles,Ainsley Maitland-Niles,Midfielder,ARS,0.00,0.00
2210351,Partey,Thomas Partey,Midfielder,ARS,0.02,0.35
2210351,Odegaard,Martin Odegaard,Midfielder,ARS,0.01,0.04
2210351,White (Ben),Ben White,Defender,ARS,0.00,0.00
2210351,Smith-Rowe,Emile Smith-Rowe,Midfielder,ARS,0.19,0.16
2210351,Saka,Bukayo Saka,Midfielder,ARS,0.29,0.68
2210351,Tomiyasu,Takehiro Tomiyasu,Defender,ARS,0.02,0.03
2210351,Ramsdale,Aaron Ramsdale,Goalkeeper,ARS,0.00,0.00
2210351,Gabriel Magalhães,Gabriel dos Santos Magalhães,Defender,ARS,0.00,0.00
2210351,Nuno Tavares,Nuno Tavares,Defender,ARS,0.18,0.20
2210351,Sambi Lokonga,Albert Sambi Lokonga,Midfielder,ARS,0.19,0.11
2210351,Martinelli,Gabriel Teodoro Martinelli Silva,Midfielder,ARS,0.00,0.00
2210351,Ings,Danny Ings,Forward,AVL,0.00,0.24
2210351,Martinez,Emiliano Martinez,Goalkeeper,AVL,0.00,0.00
2210351,McGinn,John McGinn,Midfielder,AVL,0.14,0.03
2210351,Mings,Tyrone Mings,Defender,AVL,0.00,0.00
2210351,Targett,Matt Targett,Defender,AVL,0.08,0.00
2210351,Watkins,Ollie Watkins,Forward,AVL,0.10,0.69
2210351,Tuanzebe,Axel Tuanzebe,Defender,AVL,0.00,0.00
2210351,El Ghazi,Anwar El Ghazi,Midfielder,AVL,0.00,0.00
2210351,Buendía,Emiliano Buendía,Midfielder,AVL,0.15,0.21
2210351,Cash,Matthew Cash,Defender,AVL,0.05,0.00
2210351,Konsa Ngoyo,Ezri Konsa Ngoyo,Defender,AVL,0.00,0.00
2210351,Bailey,Leon Bailey,Midfielder,AVL,0.01,0.10
2210351,Douglas Luiz,Douglas Luiz Soares de Paulo,Midfielder,AVL,0.04,0.00
2210351,Ramsey (Jacob),Jacob Ramsey,Midfielder,AVL,0.02,0.18
2210352,Zanka,Mathias Jorgensen,Defender,BRE,0.02,0.13
2210352,Jansson,Pontus Jansson,Defender,BRE,0.00,0.20
2210352,Norgaard,Christian Norgaard,Midfielder,BRE,0.18,0.22
2210352,Toney,Ivan Toney,Forward,BRE,0.02,0.18
2210352,Raya Martin,David Raya Martin,Goalkeeper,BRE,0.01,0.00
2210352,Canos,Sergi Canos,Defender,BRE,0.29,0.00
2210352,Ajer,Kristoffer Ajer,Defender,BRE,0.06,0.05
2210352,Henry,Rico Henry,Defender,BRE,0.02,0.03
2210352,Ghoddos,Saman Ghoddos,Midfielder,BRE,0.00,0.00
2210352,Jensen,Mathias Jensen,Midfielder,BRE,0.22,0.00
2210352,Forss,Marcus Forss,Forward,BRE,0.00,0.00
2210352,Pinnock,Ethan Pinnock,Defender,BRE,0.05,0.00
2210352,Onyeka,Frank Onyeka,Midfielder,BRE,0.26,0.02
2210352,Mbeumo,Bryan Mbeumo,Forward,BRE,0.00,0.21
2210352,Schmeichel,Kasper Schmeichel,Goalkeeper,LEI,0.00,0.00
2210352,Evans,Jonny Evans,Defender,LEI,0.00,0.00
2210352,Vestergaard,Jannik Vestergaard,Defender,LEI,0.00,0.00
2210352,Vardy,Jamie Vardy,Forward,LEI,0.00,0.00
2210352,Ricardo Pereira,Ricardo Domingos Barbosa Pereira,Defender,LEI,0.05,0.00
2210352,Amartey,Daniel Amartey,Defender,LEI,0.00,0.00
2210352,Castagne,Timothy Castagne,Defender,LEI,0.01,0.00
2210352,Tielemans,Youri Tielemans,Midfielder,LEI,0.43,0.01
2210352,Ayoze Pérez,Ayoze Pérez Gutiérrez,Midfielder,LEI,0.00,0.25
2210352,Maddison,James Maddison,Midfielder,LEI,0.02,0.96
2210352,Iheanacho,Kelechi Iheanacho,Forward,LEI,0.11,0.03
2210352,Söyüncü,Caglar Söyüncü,Defender,LEI,0.00,0.00
2210352,Soumaré,Boubakary Soumaré,Midfielder,LEI,0.01,0.07
2210352,Daka,Patson Daka,Forward,LEI,0.16,0.18
2210353,Lallana,Adam Lallana,Midfielder,BHA,0.01,0.00
2210353,Groß,Pascal Groß,Midfielder,BHA,0.09,0.25
2210353,Burn,Dan Burn,Defender,BHA,0.00,0.00
2210353,Dunk,Lewis Dunk,Defender,BHA,0.01,0.00
2210353,March,Solomon March,Midfielder,BHA,0.17,0.04
2210353,Veltman,Joël Veltman,Defender,BHA,0.00,0.00
2210353,Maupay,Neal Maupay,Forward,BHA,0.00,0.00
2210353,Trossard,Leandro Trossard,Midfielder,BHA,0.23,0.12
2210353,Cucurella,Marc Cucurella,Defender,BHA,0.04,0.00
2210353,Sanchez,Robert Sanchez,Goalkeeper,BHA,0.00,0.00
2210353,Lamptey,Tariq Lamptey,Defender,BHA,0.01,0.03
2210353,Mac Allister,Alexis Mac Allister,Midfielder,BHA,0.00,0.79
2210353,Moder,Jakub Moder,Midfielder,BHA,0.07,0.07
2210353,Mwepu,Enock Mwepu,Midfielder,BHA,0.01,0.00
2210353,Fernandinho,Fernando Luiz Rosa,Midfielder,MCI,0.02,0.00
2210353,Walker (Kyle),Kyle Walker,Defender,MCI,0.02,0.00
2210353,Gundogan,Ilkay Gundogan,Midfielder,MCI,0.21,0.96
2210353,De Bruyne,Kevin De Bruyne,Midfielder,MCI,0.01,0.00
2210353,Mahrez,Riyad Mahrez,Midfielder,MCI,0.01,0.44
2210353,Grealish,Jack Grealish,Midfielder,MCI,0.30,0.35
2210353,João Cancelo,João Pedro Cavaco Cancelo,Defender,MCI,0.02,0.14
2210353,Ederson,Ederson Santana de Moraes,Goalkeeper,MCI,0.00,0.00
2210353,Laporte,Aymeric Laporte,Defender,MCI,0.01,0.00
2210353,Bernardo Silva,Bernardo Mota Veiga de Carvalho e Silva,Midfielder,MCI,0.23,0.24
2210353,Rúben Dias,Rúben Santos Gato Alves Dias,Defender,MCI,0.01,0.13
2210353,Jesus,Gabriel Fernando de Jesus,Forward,MCI,0.02,0.34
2210353,Foden,Phil Foden,Midfielder,MCI,0.11,1.88
2210353,Rodri,Rodrigo Hernández Cascante,Midfielder,MCI,0.02,0.03
2210354,Thiago Silva,Thiago Emiliano da Silva,Defender,CHE,0.02,0.00
2210354,Jorginho,Jorge Luiz Frello Filho,Midfielder,CHE,0.06,0.00
2210354,Barkley,Ross Barkley,Midfielder,CHE,0.01,0.24
2210354,Kovacic,Mateo Kovacic,Midfielder,CHE,0.27,0.02
2210354,Rüdiger,Antonio Rüdiger,Defender,CHE,0.03,0.20
2210354,Ziyech,Hakim Ziyech,Midfielder,CHE,0.11,0.12
2210354,Loftus-Cheek,Ruben Loftus-Cheek,Midfielder,CHE,0.27,0.08
2210354,Chilwell,Benjamin Chilwell,Defender,CHE,0.05,0.07
2210354,Chalobah (Trevoh),Trevoh Chalobah,Defender,CHE,0.02,0.00
2210354,Mount,Mason Mount,Midfielder,CHE,0.44,1.55
2210354,Hudson-Odoi,Callum Hudson-Odoi,Midfielder,CHE,0.13,0.47
2210354,Havertz,Kai Havertz,Forward,CHE,0.04,0.29
2210354,James (Reece),Reece James,Defender,CHE,0.05,0.39
2210354,Mendy (Edouard),Edouard Mendy,Goalkeeper,CHE,0.00,0.00
2210354,Krul,Tim Krul,Goalkeeper,NOR,0.00,0.00
2210354,Pukki,Teemu Pukki,Forward,NOR,0.01,0.00
2210354,Kenny McLean,Kenneth McLean,Midfielder,NOR,0.01,0.00
2210354,Gibson (Ben),Ben Gibson,Defender,NOR,0.00,0.00
2210354,Hanley,Grant Hanley,Defender,NOR,0.00,0.00
2210354,Mathias Normann,Mathias Antonsen Normann,Midfielder,NOR,0.00,0.03
2210354,Giannoulis,Dimitrios Giannoulis,Defender,NOR,0.00,0.00
2210354,Lees-Melou,Pierre Lees-Melou,Midfielder,NOR,0.00,0.00
2210354,Rashica,Milot Rashica,Midfielder,NOR,0.00,0.06
2210354,Sargent,Joshua Sargent,Forward,NOR,0.01,0.00
2210354,Williams (Brandon),Brandon Williams,Defender,NOR,0.01,0.00
2210354,Aarons,Maximillian Aarons,Defender,NOR,0.00,0.00
2210354,Kabak,Ozan Kabak,Defender,NOR,0.00,0.03
2210354,Omobamidele,Andrew Omobamidele,Defender,NOR,0.00,0.00
2210355,Guaita,Vicente Guaita,Goalkeeper,CRY,0.00,0.00
2210355,McArthur,James McArthur,Midfielder,CRY,0.07,0.07
2210355,Benteke,Christian Benteke,Forward,CRY,0.12,1.56
2210355,Ward (Joel),Joel Ward,Defender,CRY,0.08,0.00
2210355,Milivojevic,Luka Milivojevic,Midfielder,CRY,0.04,0.02
2210355,Zaha,Wilfried Zaha,Midfielder,CRY,0.03,0.06
2210355,Schlupp,Jeffrey Schlupp,Midfielder,CRY,0.03,0.04
2210355,Andersen,Joachim Andersen,Defender,CRY,0.01,0.00
2210355,Edouard,Odsonne Edouard,Forward,CRY,0.05,0.05
2210355,Marc Guehi,Addji Keaninkin Marc-Israel Guehi,Defender,CRY,0.02,0.05
2210355,Mateta,Jean-Philippe Mateta,Forward,CRY,0.00,0.00
2210355,Gallagher,Conor Gallagher,Midfielder,CRY,0.07,0.02
2210355,Mitchell,Tyrick Mitchell,Defender,CRY,0.29,0.00
2210355,Olise,Michael Olise,Midfielder,CRY,0.59,0.00
2210355,Ritchie,Matt Ritchie,Defender,NEW,0.15,0.01
2210355,Clark,Ciaran Clark,Defender,NEW,0.00,0.00
2210355,Darlow,Karl Darlow,Goalkeeper,NEW,0.01,0.00
2210355,Wilson (Callum),Callum Wilson,Forward,NEW,0.02,0.19
2210355,Fraser,Ryan Fraser,Midfielder,NEW,0.03,0.00
2210355,Lascelles,Jamaal Lascelles,Defender,NEW,0.10,0.03
2210355,Manquillo,Javier Manquillo,Defender,NEW,0.00,0.00
2210355,Krafth,Emil Krafth,Defender,NEW,0.02,0.10
2210355,Hayden (Isaac),Isaac Hayden,Midfielder,NEW,0.01,0.00
2210355,Saint-Maximin,Allan Saint-Maximin,Midfielder,NEW,0.00,0.03
2210355,Almirón,Miguel Almirón,Midfielder,NEW,0.18,0.00
2210355,Longstaff (Sean),Sean Longstaff,Midfielder,NEW,0.01,0.00
2210355,Joelinton,Joelinton Cássio Apolinário de Lira,Midfielder,NEW,0.04,0.00
2210355,Willock,Joseph Willock,Midfielder,NEW,0.00,0.00
2210356,Rondón,Salomón Rondón,Forward,EVE,0.01,0.02
2210356,Coleman,Seamus Coleman,Defender,EVE,0.29,0.00
2210356,Townsend,Andros Townsend,Midfielder,EVE,0.27,0.08
2210356,Digne,Lucas Digne,Defender,EVE,0.32,0.11
2210356,Keane,Michael Keane,Defender,EVE,0.19,0.06
2210356,Pickford,Jordan Pickford,Goalkeeper,EVE,0.07,0.00
2210356,Allan,Allan Marques Loureiro,Midfielder,EVE,0.02,0.04
2210356,Iwobi,Alex Iwobi,Midfielder,EVE,0.00,0.00
2210356,Gray (Demarai),Demarai Gray,Midfielder,EVE,0.28,0.00
2210356,Davies (Tom),Tom Davies,Midfielder,EVE,0.01,0.62
2210356,Godfrey,Ben Godfrey,Defender,EVE,0.00,0.00
2210356,Richarlison,Richarlison de Andrade,Forward,EVE,0.03,0.33
2210356,Gordon (Anthony),Anthony Gordon,Midfielder,EVE,0.06,0.26
2210356,Foster,Ben Foster,Goalkeeper,WAT,0.00,0.00
2210356,Cathcart,Craig Cathcart,Defender,WAT,0.02,0.00
2210356,Sissoko,Moussa Sissoko,Midfielder,WAT,0.03,0.02
2210356,N'Koulou,Nicolas N'Koulou,Defender,WAT,0.00,0.00
2210356,Kucka,Juraj Kucka,Midfielder,WAT,0.05,0.39
2210356,King,Joshua King,Forward,WAT,0.03,2.60
2210356,Tufan,Ozan Tufan,Midfielder,WAT,0.01,0.00
2210356,Troost-Ekong,William Troost-Ekong,Defender,WAT,0.00,0.00
2210356,Masina,Adam Masina,Defender,WAT,0.03,0.00
2210356,Dennis (Emmanuel),Emmanuel Bonaventure Dennis,Forward,WAT,0.08,0.54
2210356,Ismaila Sarr,Ismaila Sarr,Midfielder,WAT,0.25,0.06
2210356,Ngakia,Jeremy Ngakia,Defender,WAT,0.01,0.00
2210356,Cucho,Juan Camilo Hernández,Forward,WAT,0.19,0.11
2210356,João Pedro,João Pedro Junqueira de Jesus,Forward,WAT,0.07,0.09
2210357,Cooper,Liam Cooper,Defender,LEE,0.01,0.18
2210357,Klich,Mateusz Klich,Midfielder,LEE,0.01,0.03
2210357,Rodrigo,Rodrigo Moreno Machado,Midfielder,LEE,0.19,0.91
2210357,Dallas,Stuart Dallas,Defender,LEE,0.14,0.03
2210357,Diego Llorente,Diego Javier Llorente Ríos,Defender,LEE,0.03,0.05
2210357,Roberts (Tyler),Tyler Roberts,Midfielder,LEE,0.01,0.08
2210357,James (Daniel),Daniel James,Midfielder,LEE,0.03,0.00
2210357,Raphinha,Raphael Dias Belloli,Midfielder,LEE,0.12,0.07
2210357,Harrison,Jack Harrison,Midfielder,LEE,0.02,0.03
2210357,Shackleton,Jamie Shackleton,Midfielder,LEE,0.01,0.00
2210357,Struijk,Pascal Struijk,Defender,LEE,0.02,0.00
2210357,Meslier,Illan Meslier,Goalkeeper,LEE,0.00,0.00
2210357,Summerville,Crysencio Summerville,Midfielder,LEE,0.01,0.03
2210357,Gelhardt,Joe Gelhardt,Forward,LEE,0.04,0.24
2210357,Moutinho,João Moutinho,Midfielder,WOL,0.00,0.19
2210357,Coady,Conor Coady,Defender,WOL,0.00,0.00
2210357,Raúl Jiménez,Raul Alonso Jimenez Rodriguez,Forward,WOL,0.06,0.11
2210357,Saiss,Romain Saiss,Defender,WOL,0.00,0.00
2210357,José Sá,José Pedro Malheiro de Sá,Goalkeeper,WOL,0.00,0.00
2210357,Dendoncker (Leander),Leander Dendoncker,Midfielder,WOL,0.00,0.00
2210357,Traoré,Adama Traoré,Midfielder,WOL,0.08,0.00
2210357,Ruben Neves,Rúben Diogo da Silva Neves,Midfielder,WOL,0.00,0.00
2210357,Hwang Hee-Chan,Hee-Chan Hwang,Midfielder,WOL,0.00,0.42
2210357,Semedo,Nelson Semedo,Defender,WOL,0.07,0.00
2210357,Podence,Daniel Podence,Midfielder,WOL,0.00,0.09
2210357,Kilman,Max Kilman,Defender,WOL,0.00,0.06
2210357,Hoever,Ki-Jana Hoever,Defender,WOL,0.00,0.00
2210357,Ait Nouri,Rayan Ait Nouri,Defender,WOL,0.01,0.03
2210358,Milner,James Milner,Midfielder,LIV,0.00,0.00
2210358,Henderson (Jordan),Jordan Henderson,Midfielder,LIV,0.16,0.03
2210358,Oxlade-Chamberlain,Alex Oxlade-Chamberlain,Midfielder,LIV,0.02,0.03
2210358,Firmino,Roberto Firmino Barbosa de Oliveira,Forward,LIV,0.04,0.51
2210358,van Dijk,Virgil van Dijk,Defender,LIV,0.00,0.00
2210358,Mane,Sadio Mane,Midfielder,LIV,0.00,0.05
2210358,Alisson,Alisson Ramses Becker,Goalkeeper,LIV,0.00,0.00
2210358,Salah,Mohamed Salah,Midfielder,LIV,0.20,1.30
2210358,Robertson,Andrew Robertson,Defender,LIV,0.07,0.00
2210358,Alexander-Arnold,Trent Alexander-Arnold,Defender,LIV,0.70,0.04
2210358,Keita,Naby Keita,Midfielder,LIV,0.63,0.55
2210358,Diogo Jota,Diogo José Teixeira da Silva,Forward,LIV,0.14,0.71
2210358,Konaté,Ibrahima Konaté,Defender,LIV,0.00,0.00
2210358,Jones (Curtis),Curtis Jones,Midfielder,LIV,0.03,0.21
2210358,Cristiano Ronaldo,Cristiano Ronaldo dos Santos Aveiro,Forward,MUN,0.03,0.59
2210358,Cavani,Edinson Cavani,Forward,MUN,0.01,0.38
2210358,De Gea,David De Gea,Goalkeeper,MUN,0.00,0.00
2210358,Pogba,Paul Pogba,Midfielder,MUN,0.00,0.00
2210358,Maguire,Harry Maguire,Defender,MUN,0.10,0.06
2210358,Fred,Frederico Rodrigues de Paula Santos,Midfielder,MUN,0.02,0.00
2210358,Shaw,Luke Shaw,Defender,MUN,0.17,0.02
2210358,Bruno Fernandes,Bruno Miguel Borges Fernandes,Midfielder,MUN,0.05,0.37
2210358,Rashford,Marcus Rashford,Midfielder,MUN,0.01,0.12
2210358,Lindelof,Victor Nilsson-Lindelof,Defender,MUN,0.00,0.00
2210358,McTominay,Scott McTominay,Midfielder,MUN,0.41,0.00
2210358,Wan-Bissaka,Aaron Wan-Bissaka,Defender,MUN,0.01,0.00
2210358,Dalot,José Diogo Dalot Teixeira,Defender,MUN,0.16,0.00
2210358,Greenwood (Mason),Mason Greenwood,Midfielder,MUN,0.20,0.03
2210359,Tarkowski,James Tarkowski,Defender,BUR,0.01,0.00
2210359,Cork,Jack Cork,Midfielder,BUR,0.04,0.00
2210359,Rodriguez,Jay Rodriguez,Forward,BUR,0.00,0.06
2210359,Westwood,Ashley Roy Westwood,Midfielder,BUR,0.07,0.06
2210359,Gudmundsson,Johann Berg Gudmundsson,Midfielder,BUR,0.00,0.02
2210359,Wood,Chris Wood,Forward,BUR,0.01,0.14
2210359,Lowton,Matthew Lowton,Defender,BUR,0.12,0.00
2210359,Vydra,Matej Vydra,Forward,BUR,0.00,0.00
2210359,Pope,Nick Pope,Goalkeeper,BUR,0.00,0.00
2210359,Taylor (Charlie),Charlie Taylor,Defender,BUR,0.02,0.00
2210359,Cornet,Maxwel Cornet,Midfielder,BUR,0.02,0.30
2210359,Brownhill,Josh Brownhill,Midfielder,BUR,0.03,0.00
2210359,Collins,Nathan Collins,Defender,BUR,0.02,0.00
2210359,McNeil,Dwight McNeil,Midfielder,BUR,0.08,0.12
2210359,Walcott,Theo Walcott,Midfielder,SOU,0.03,0.21
2210359,McCarthy (Alex),Alex McCarthy,Goalkeeper,SOU,0.00,0.00
2210359,Romeu,Oriol Romeu,Midfielder,SOU,0.10,0.00
2210359,Redmond,Nathan Redmond,Midfielder,SOU,0.23,0.81
2210359,Armstrong (Stuart),Stuart Armstrong,Midfielder,SOU,0.01,0.00
2210359,Elyounoussi,Mohammed Elyounoussi,Midfielder,SOU,0.03,0.03
2210359,Armstrong (Adam),Adam Armstrong,Forward,SOU,0.00,0.00
2210359,Bednarek,Jan Bednarek,Defender,SOU,0.00,0.00
2210359,Adams,Che Adams,Forward,SOU,0.01,0.05
2210359,Diallo,Ibrahima Diallo,Midfielder,SOU,0.03,0.05
2210359,Perraud,Romain Perraud,Defender,SOU,0.02,0.01
2210359,Broja,Armando Broja,Forward,SOU,0.01,0.18
2210359,Livramento,Valentino Livramento,Defender,SOU,0.17,0.28
2210359,Salisu,Mohammed Salisu,Defender,SOU,0.01,0.00
2210360,Lloris,Hugo Lloris,Goalkeeper,TOT,0.09,0.00
2210360,Kane,Harry Kane,Forward,TOT,0.04,0.08
2210360,Son,Heung-Min Son,Midfielder,TOT,0.20,0.23
2210360,Dier,Eric Dier,Defender,TOT,0.02,0.00
2210360,Lucas Moura,Lucas Rodrigues Moura da Silva,Midfielder,TOT,0.04,0.25
2210360,Højbjerg,Pierre-Emile Højbjerg,Midfielder,TOT,0.03,0.02
2210360,Bergwijn,Steven Bergwijn,Midfielder,TOT,0.00,0.00
2210360,Reguilón,Sergio Reguilón,Defender,TOT,0.19,0.01
2210360,Lo Celso,Giovani Lo Celso,Midfielder,TOT,0.00,0.00
2210360,Skipp,Oliver Skipp,Midfielder,TOT,0.03,0.00
2210360,Romero (Cristian),Cristian Romero,Defender,TOT,0.02,0.00
2210360,NDombele,Tanguy NDombele,Midfielder,TOT,0.19,0.11
2210360,Emerson Royal,Emerson Aparecido Leite de Souza Junior,Defender,TOT,0.01,0.00
2210360,Gil,Bryan Gil,Midfielder,TOT,0.01,0.00
2210360,Fabianski,Lukasz Fabianski,Goalkeeper,WHU,0.00,0.00
2210360,Ogbonna,Angelo Ogbonna,Defender,WHU,0.00,0.00
2210360,Cresswell (Aaron),Aaron Cresswell,Defender,WHU,0.17,0.00
2210360,Antonio,Michail Antonio,Forward,WHU,0.17,0.31
2210360,Dawson,Craig Dawson,Defender,WHU,0.00,0.00
2210360,Lanzini,Manuel Lanzini,Midfielder,WHU,0.00,0.00
2210360,Zouma,Kurt Zouma,Defender,WHU,0.00,0.00
2210360,Benrahma,Said Benrahma,Midfielder,WHU,0.02,0.19
2210360,Bowen,Jarrod Bowen,Midfielder,WHU,0.07,0.10
2210360,Rice,Declan Rice,Midfielder,WHU,0.02,0.00
2210360,Soucek,Tomas Soucek,Midfielder,WHU,0.13,0.47
2210360,Fornals,Pablo Fornals,Midfielder,WHU,0.15,0.15
2210360,Johnson,Ben Johnson,Defender,WHU,0.02,0.05
2210361,Young (Ashley),Ashley Young,Defender,AVL,0.03,0.00
2210361,Martinez,Emiliano Martinez,Goalkeeper,AVL,0.00,0.00
2210361,McGinn,John McGinn,Midfielder,AVL,0.14,0.11
2210361,Hause,Kortney Hause,Defender,AVL,0.03,0.00
2210361,Mings,Tyrone Mings,Defender,AVL,0.03,0.00
2210361,Targett,Matt Targett,Defender,AVL,0.07,0.00
2210361,Watkins,Ollie Watkins,Forward,AVL,0.01,0.44
2210361,Nakamba,Marvelous Nakamba,Midfielder,AVL,0.01,0.00
2210361,El Ghazi,Anwar El Ghazi,Midfielder,AVL,0.00,0.00
2210361,Buendía,Emiliano Buendía,Midfielder,AVL,0.14,0.00
2210361,Cash,Matthew Cash,Defender,AVL,0.00,0.05
2210361,Konsa Ngoyo,Ezri Konsa Ngoyo,Defender,AVL,0.00,0.01
2210361,Bailey,Leon Bailey,Midfielder,AVL,0.01,0.07
2210361,Ramsey (Jacob),Jacob Ramsey,Midfielder,AVL,0.00,0.00
2210361,Fabianski,Lukasz Fabianski,Goalkeeper,WHU,0.00,0.00
2210361,Ogbonna,Angelo Ogbonna,Defender,WHU,0.00,0.00
2210361,Cresswell (Aaron),Aaron Cresswell,Defender,WHU,0.13,0.10
2210361,Antonio,Michail Antonio,Forward,WHU,0.24,0.10
2210361,Lanzini,Manuel Lanzini,Midfielder,WHU,0.69,0.06
2210361,Zouma,Kurt Zouma,Defender,WHU,0.03,0.00
2210361,Coufal,Vladimir Coufal,Defender,WHU,0.00,0.00
2210361,Benrahma,Said Benrahma,Midfielder,WHU,0.02,0.06
2210361,Bowen,Jarrod Bowen,Midfielder,WHU,0.11,1.49
2210361,Vlasic,Nikola Vlasic,Midfielder,WHU,0.00,0.00
2210361,Rice,Declan Rice,Midfielder,WHU,0.02,0.14
2210361,Soucek,Tomas Soucek,Midfielder,WHU,0.01,0.13
2210361,Fornals,Pablo Fornals,Midfielder,WHU,0.04,0.35
2210361,Johnson,Ben Johnson,Defender,WHU,0.00,0.04
2210362,Zanka,Mathias Jorgensen,Defender,BRE,0.02,0.00
2210362,Jansson,Pontus Jansson,Defender,BRE,0.00,0.00
2210362,Norgaard,Christian Norgaard,Midfielder,BRE,0.05,0.06
2210362,Toney,Ivan Toney,Forward,BRE,0.00,0.39
2210362,Canos,Sergi Canos,Defender,BRE,0.12,0.07
2210362,Henry,Rico Henry,Defender,BRE,0.01,0.00
2210362,Janelt,Vitaly Janelt,Midfielder,BRE,0.02,0.02
2210362,Ghoddos,Saman Ghoddos,Midfielder,BRE,0.03,0.19
2210362,Jensen,Mathias Jensen,Midfielder,BRE,0.08,0.00
2210362,Forss,Marcus Forss,Forward,BRE,0.01,0.10
2210362,Roerslev,Mads Roerslev,Defender,BRE,0.01,0.00
2210362,Pinnock,Ethan Pinnock,Defender,BRE,0.01,0.00
2210362,Fernández (Álvaro),Álvaro Fernández,Goalkeeper,BRE,0.00,0.00
2210362,Onyeka,Frank Onyeka,Midfielder,BRE,0.00,0.02
2210362,Tarkowski,James Tarkowski,Defender,BUR,0.00,0.52
2210362,Mee,Ben Mee,Defender,BUR,0.01,0.20
2210362,Westwood,Ashley Roy Westwood,Midfielder,BUR,0.28,0.00
2210362,Gudmundsson,Johann Berg Gudmundsson,Midfielder,BUR,0.01,0.75
2210362,Wood,Chris Wood,Forward,BUR,0.01,0.54
2210362,Lowton,Matthew Lowton,Defender,BUR,0.11,0.38
2210362,Vydra,Matej Vydra,Forward,BUR,0.01,0.00
2210362,Pope,Nick Pope,Goalkeeper,BUR,0.00,0.00
2210362,Taylor (Charlie),Charlie Taylor,Defender,BUR,0.27,0.03
2210362,Cornet,Maxwel Cornet,Midfielder,BUR,0.10,0.20
2210362,Brownhill,Josh Brownhill,Midfielder,BUR,0.01,0.00
2210362,McNeil,Dwight McNeil,Midfielder,BUR,0.14,0.09
2210363,Aubameyang,Pierre-Emerick Aubameyang,Forward,ARS,0.01,0.25
2210363,Lacazette,Alexandre Lacazette,Forward,ARS,0.06,0.00
2210363,Kolasinac,Sead Kolasinac,Defender,ARS,0.00,0.00
2210363,Partey,Thomas Partey,Midfielder,ARS,0.02,0.04
2210363,Odegaard,Martin Odegaard,Midfielder,ARS,0.05,0.00
2210363,Pepe,Nicolas Pepe,Midfielder,ARS,0.00,0.00
2210363,White (Ben),Ben White,Defender,ARS,0.00,0.00
2210363,Smith-Rowe,Emile Smith-Rowe,Midfielder,ARS,0.20,0.14
2210363,Saka,Bukayo Saka,Midfielder,ARS,0.09,0.09
2210363,Tomiyasu,Takehiro Tomiyasu,Defender,ARS,0.01,0.00
2210363,Ramsdale,Aaron Ramsdale,Goalkeeper,ARS,0.00,0.00
2210363,Gabriel Magalhães,Gabriel dos Santos Magalhães,Defender,ARS,0.00,0.14
2210363,Nuno Tavares,Nuno Tavares,Defender,ARS,0.02,0.03
2210363,Sambi Lokonga,Albert Sambi Lokonga,Midfielder,ARS,0.01,0.02
2210363,Schmeichel,Kasper Schmeichel,Goalkeeper,LEI,0.00,0.00
2210363,Evans,Jonny Evans,Defender,LEI,0.02,0.21
2210363,Vardy,Jamie Vardy,Forward,LEI,0.04,0.10
2210363,Amartey,Daniel Amartey,Defender,LEI,0.03,0.00
2210363,Castagne,Timothy Castagne,Defender,LEI,0.04,0.00
2210363,Tielemans,Youri Tielemans,Midfielder,LEI,0.21,0.06
2210363,Maddison,James Maddison,Midfielder,LEI,0.05,0.22
2210363,Iheanacho,Kelechi Iheanacho,Forward,LEI,0.01,0.04
2210363,Barnes (Harvey),Harvey Barnes,Midfielder,LEI,0.21,0.56
2210363,Söyüncü,Caglar Söyüncü,Defender,LEI,0.01,0.00
2210363,Lookman,Ademola Lookman,Midfielder,LEI,0.03,0.08
2210363,Soumaré,Boubakary Soumaré,Midfielder,LEI,0.03,0.00
2210363,Thomas (Luke),Luke Thomas,Defender,LEI,0.03,0.03
2210363,Daka,Patson Daka,Forward,LEI,0.01,0.00
2210364,Lallana,Adam Lallana,Midfielder,BHA,0.07,0.07
2210364,Groß,Pascal Groß,Midfielder,BHA,0.16,0.00
2210364,Duffy,Shane Duffy,Defender,BHA,0.00,0.04
2210364,Dunk,Lewis Dunk,Defender,BHA,0.00,0.00
2210364,March,Solomon March,Midfielder,BHA,0.03,0.07
2210364,Veltman,Joël Veltman,Defender,BHA,0.00,0.00
2210364,Trossard,Leandro Trossard,Midfielder,BHA,0.17,0.50
2210364,Cucurella,Marc Cucurella,Defender,BHA,0.24,0.03
2210364,Sanchez,Robert Sanchez,Goalkeeper,BHA,0.00,0.00
2210364,Bissouma,Yves Bissouma,Midfielder,BHA,0.01,0.04
2210364,Lamptey,Tariq Lamptey,Defender,BHA,0.00,0.00
2210364,Mac Allister,Alexis Mac Allister,Midfielder,BHA,0.01,0.00
2210364,Moder,Jakub Moder,Midfielder,BHA,0.00,0.00
2210364,Mwepu,Enock Mwepu,Midfielder,BHA,0.03,0.27
2210364,Henderson (Jordan),Jordan Henderson,Midfielder,LIV,0.03,0.06
2210364,Oxlade-Chamberlain,Alex Oxlade-Chamberlain,Midfielder,LIV,0.18,0.09
2210364,Firmino,Roberto Firmino Barbosa de Oliveira,Forward,LIV,0.02,0.79
2210364,van Dijk,Virgil van Dijk,Defender,LIV,0.01,0.00
2210364,Mane,Sadio Mane,Midfielder,LIV,0.10,0.40
2210364,Alisson,Alisson Ramses Becker,Goalkeeper,LIV,0.00,0.00
2210364,Salah,Mohamed Salah,Midfielder,LIV,0.10,0.11
2210364,Robertson,Andrew Robertson,Defender,LIV,0.15,0.00
2210364,Minamino,Takumi Minamino,Midfielder,LIV,0.00,0.00
2210364,Alexander-Arnold,Trent Alexander-Arnold,Defender,LIV,0.17,0.01
2210364,Keita,Naby Keita,Midfielder,LIV,0.01,0.00
2210364,Diogo Jota,Diogo José Teixeira da Silva,Forward,LIV,0.06,0.00
2210364,Konaté,Ibrahima Konaté,Defender,LIV,0.01,0.00
2210364,Jones (Curtis),Curtis Jones,Midfielder,LIV,0.03,0.00
2210365,Guaita,Vicente Guaita,Goalkeeper,CRY,0.00,0.00
2210365,McArthur,James McArthur,Midfielder,CRY,0.02,0.05
2210365,Benteke,Christian Benteke,Forward,CRY,0.01,0.02
2210365,Kouyaté,Cheikhou Kouyaté,Defender,CRY,0.00,0.00
2210365,Ward (Joel),Joel Ward,Defender,CRY,0.00,0.00
2210365,Ayew,Jordan Ayew,Midfielder,CRY,0.01,0.19
2210365,Zaha,Wilfried Zaha,Midfielder,CRY,0.11,0.10
2210365,Schlupp,Jeffrey Schlupp,Midfielder,CRY,0.00,0.01
2210365,Andersen,Joachim Andersen,Defender,CRY,0.00,0.00
2210365,Edouard,Odsonne Edouard,Forward,CRY,0.01,0.00
2210365,Marc Guehi,Addji Keaninkin Marc-Israel Guehi,Defender,CRY,0.00,0.12
2210365,Gallagher,Conor Gallagher,Midfielder,CRY,0.16,0.19
2210365,Mitchell,Tyrick Mitchell,Defender,CRY,0.00,0.00
2210365,Olise,Michael Olise,Midfielder,CRY,0.21,0.00
2210365,Walker (Kyle),Kyle Walker,Defender,MCI,0.02,0.00
2210365,De Bruyne,Kevin De Bruyne,Midfielder,MCI,0.04,0.02
2210365,Stones,John Stones,Defender,MCI,0.00,0.00
2210365,Mahrez,Riyad Mahrez,Midfielder,MCI,0.01,0.05
2210365,Sterling (Raheem),Raheem Sterling,Midfielder,MCI,0.05,0.00
2210365,Grealish,Jack Grealish,Midfielder,MCI,0.19,0.03
2210365,João Cancelo,João Pedro Cavaco Cancelo,Defender,MCI,0.07,0.09
2210365,Ederson,Ederson Santana de Moraes,Goalkeeper,MCI,0.00,0.00
2210365,Laporte,Aymeric Laporte,Defender,MCI,0.02,0.00
2210365,Bernardo Silva,Bernardo Mota Veiga de Carvalho e Silva,Midfielder,MCI,0.06,0.00
2210365,Rúben Dias,Rúben Santos Gato Alves Dias,Defender,MCI,0.03,0.00
2210365,Jesus,Gabriel Fernando de Jesus,Forward,MCI,0.04,0.30
2210365,Foden,Phil Foden,Midfielder,MCI,0.25,0.00
2210365,Rodri,Rodrigo Hernández Cascante,Midfielder,MCI,0.15,0.22
2210366,Thiago Silva,Thiago Emiliano da Silva,Defender,CHE,0.06,0.00
2210366,Jorginho,Jorge Luiz Frello Filho,Midfielder,CHE,0.06,0.82
2210366,Barkley,Ross Barkley,Midfielder,CHE,0.35,0.00
2210366,Ñíguez,Saúl Ñíguez,Midfielder,CHE,0.00,0.00
2210366,Rüdiger,Antonio Rüdiger,Defender,CHE,0.18,0.08
2210366,Kanté,N'Golo Kanté,Midfielder,CHE,0.03,0.02
2210366,Ziyech,Hakim Ziyech,Midfielder,CHE,0.07,0.88
2210366,Loftus-Cheek,Ruben Loftus-Cheek,Midfielder,CHE,0.03,0.05
2210366,Christensen,Andreas Christensen,Defender,CHE,0.05,0.00
2210366,Chilwell,Benjamin Chilwell,Defender,CHE,0.09,0.00
2210366,Hudson-Odoi,Callum Hudson-Odoi,Midfielder,CHE,0.13,0.00
2210366,Havertz,Kai Havertz,Forward,CHE,0.06,0.31
2210366,James (Reece),Reece James,Defender,CHE,0.26,0.19
2210366,Mendy (Edouard),Edouard Mendy,Goalkeeper,CHE,0.00,0.00
2210366,Shelvey,Jonjo Shelvey,Midfielder,NEW,0.02,0.00
2210366,Ritchie,Matt Ritchie,Defender,NEW,0.04,0.00
2210366,Clark,Ciaran Clark,Defender,NEW,0.12,0.00
2210366,Darlow,Karl Darlow,Goalkeeper,NEW,0.00,0.00
2210366,Wilson (Callum),Callum Wilson,Forward,NEW,0.00,0.02
2210366,Fraser,Ryan Fraser,Midfielder,NEW,0.00,0.00
2210366,Lascelles,Jamaal Lascelles,Defender,NEW,0.00,0.12
2210366,Manquillo,Javier Manquillo,Defender,NEW,0.01,0.02
2210366,Krafth,Emil Krafth,Defender,NEW,0.00,0.00
2210366,Hayden (Isaac),Isaac Hayden,Midfielder,NEW,0.00,0.00
2210366,Saint-Maximin,Allan Saint-Maximin,Midfielder,NEW,0.00,0.02
2210366,Almirón,Miguel Almirón,Midfielder,NEW,0.00,0.02
2210366,Longstaff (Sean),Sean Longstaff,Midfielder,NEW,0.00,0.01
2210366,Willock,Joseph Willock,Midfielder,NEW,0.00,0.00
2210367,Cooper,Liam Cooper,Defender,LEE,0.00,0.00
2210367,Forshaw,Adam Forshaw,Midfielder,LEE,0.01,0.00
2210367,Rodrigo,Rodrigo Moreno Machado,Midfielder,LEE,0.03,0.07
2210367,Dallas,Stuart Dallas,Defender,LEE,0.21,0.07
2210367,Diego Llorente,Diego Javier Llorente Ríos,Defender,LEE,0.00,0.05
2210367,Phillips (Kalvin),Kalvin Phillips,Midfielder,LEE,0.02,0.00
2210367,Roberts (Tyler),Tyler Roberts,Midfielder,LEE,0.00,0.00
2210367,James (Daniel),Daniel James,Midfielder,LEE,0.22,0.18
2210367,Raphinha,Raphael Dias Belloli,Midfielder,LEE,0.25,0.33
2210367,Harrison,Jack Harrison,Midfielder,LEE,0.08,0.03
2210367,Shackleton,Jamie Shackleton,Midfielder,LEE,0.00,0.00
2210367,Struijk,Pascal Struijk,Defender,LEE,0.00,0.00
2210367,Drameh,Cody Drameh,Defender,LEE,0.00,0.00
2210367,Meslier,Illan Meslier,Goalkeeper,LEE,0.00,0.00
2210367,Krul,Tim Krul,Goalkeeper,NOR,0.00,0.00
2210367,Pukki,Teemu Pukki,Forward,NOR,0.01,0.10
2210367,Kenny McLean,Kenneth McLean,Midfielder,NOR,0.01,0.10
2210367,Hanley,Grant Hanley,Defender,NOR,0.00,0.00
2210367,Dowell,Kieran Dowell,Midfielder,NOR,0.01,0.04
2210367,Mathias Normann,Mathias Antonsen Normann,Midfielder,NOR,0.09,0.03
2210367,Rashica,Milot Rashica,Midfielder,NOR,0.19,0.38
2210367,Sargent,Joshua Sargent,Forward,NOR,0.01,0.00
2210367,Aarons,Maximillian Aarons,Defender,NOR,0.01,0.06
2210367,Placheta,Przemyslaw Placheta,Midfielder,NOR,0.00,0.00
2210367,Idah,Adam Idah,Forward,NOR,0.00,0.00
2210367,Kabak,Ozan Kabak,Defender,NOR,0.01,0.00
2210367,Tzolis,Christos Tzolis,Midfielder,NOR,0.00,0.00
2210367,Omobamidele,Andrew Omobamidele,Defender,NOR,0.01,0.13
2210368,Cristiano Ronaldo,Cristiano Ronaldo dos Santos Aveiro,Forward,MUN,0.22,0.12
2210368,Cavani,Edinson Cavani,Forward,MUN,0.13,0.87
2210368,De Gea,David De Gea,Goalkeeper,MUN,0.00,0.00
2210368,Matic,Nemanja Matic,Midfielder,MUN,0.16,0.00
2210368,Varane,Raphael Varane,Defender,MUN,0.00,0.00
2210368,Maguire,Harry Maguire,Defender,MUN,0.01,0.00
2210368,Fred,Frederico Rodrigues de Paula Santos,Midfielder,MUN,0.56,0.02
2210368,Shaw,Luke Shaw,Defender,MUN,0.04,0.00
2210368,Lingard,Jesse Lingard,Midfielder,MUN,0.00,0.00
2210368,Bruno Fernandes,Bruno Miguel Borges Fernandes,Midfielder,MUN,0.59,0.00
2210368,Rashford,Marcus Rashford,Midfielder,MUN,0.00,0.45
2210368,Lindelof,Victor Nilsson-Lindelof,Defender,MUN,0.00,0.00
2210368,McTominay,Scott McTominay,Midfielder,MUN,0.03,0.01
2210368,Wan-Bissaka,Aaron Wan-Bissaka,Defender,MUN,0.10,0.02
2210368,Lloris,Hugo Lloris,Goalkeeper,TOT,0.00,0.00
2210368,Kane,Harry Kane,Forward,TOT,0.02,0.04
2210368,Son,Heung-Min Son,Midfielder,TOT,0.10,0.37
2210368,Dier,Eric Dier,Defender,TOT,0.00,0.07
2210368,Lucas Moura,Lucas Rodrigues Moura da Silva,Midfielder,TOT,0.06,0.00
2210368,Alli,Bamidele Alli,Midfielder,TOT,0.01,0.00
2210368,Davies (Ben),Ben Davies,Defender,TOT,0.01,0.42
2210368,Højbjerg,Pierre-Emile Højbjerg,Midfielder,TOT,0.05,0.00
2210368,Bergwijn,Steven Bergwijn,Midfielder,TOT,0.09,0.00
2210368,Lo Celso,Giovani Lo Celso,Midfielder,TOT,0.23,0.13
2210368,Skipp,Oliver Skipp,Midfielder,TOT,0.01,0.00
2210368,Romero (Cristian),Cristian Romero,Defender,TOT,0.01,0.00
2210368,NDombele,Tanguy NDombele,Midfielder,TOT,0.01,0.00
2210368,Emerson Royal,Emerson Aparecido Leite de Souza Junior,Defender,TOT,0.04,0.00
2210369,McCarthy (Alex),Alex McCarthy,Goalkeeper,SOU,0.00,0.00
2210369,Romeu,Oriol Romeu,Midfielder,SOU,0.07,0.13
2210369,Redmond,Nathan Redmond,Midfielder,SOU,0.05,0.04
2210369,Armstrong (Stuart),Stuart Armstrong,Midfielder,SOU,0.00,0.00
2210369,Elyounoussi,Mohammed Elyounoussi,Midfielder,SOU,0.04,0.01
2210369,Ward-Prowse,James Ward-Prowse,Midfielder,SOU,0.13,0.00
2210369,Armstrong (Adam),Adam Armstrong,Forward,SOU,0.47,0.89
2210369,Walker-Peters,Kyle Walker-Peters,Defender,SOU,0.33,0.00
2210369,Bednarek,Jan Bednarek,Defender,SOU,0.00,0.11
2210369,Adams,Che Adams,Forward,SOU,0.01,0.57
2210369,Lyanco,Lyanco Evangelista Silveira Neves Vojnovic,Defender,SOU,0.00,0.00
2210369,Diallo,Ibrahima Diallo,Midfielder,SOU,0.00,0.00
2210369,Livramento,Valentino Livramento,Defender,SOU,0.07,0.00
2210369,Salisu,Mohammed Salisu,Defender,SOU,0.01,0.00
2210369,Foster,Ben Foster,Goalkeeper,WAT,0.01,0.00
2210369,Cathcart,Craig Cathcart,Defender,WAT,0.00,0.00
2210369,Cleverley,Tom Cleverley,Midfielder,WAT,0.03,0.00
2210369,Sissoko,Moussa Sissoko,Midfielder,WAT,0.01,0.00
2210369,Kucka,Juraj Kucka,Midfielder,WAT,0.02,0.06
2210369,King,Joshua King,Forward,WAT,0.22,0.14
2210369,Troost-Ekong,William Troost-Ekong,Defender,WAT,0.00,0.00
2210369,Masina,Adam Masina,Defender,WAT,0.02,0.03
2210369,Sema,Ken Sema,Midfielder,WAT,0.02,0.00
2210369,Fletcher,Ashley Fletcher,Forward,WAT,0.00,0.59
2210369,Ismaila Sarr,Ismaila Sarr,Midfielder,WAT,0.00,0.15
2210369,Ngakia,Jeremy Ngakia,Defender,WAT,0.01,0.00
2210369,Cucho,Juan Camilo Hernández,Forward,WAT,0.01,0.07
2210369,João Pedro,João Pedro Junqueira de Jesus,Forward,WAT,0.14,0.00
2210370,Delph,Fabian Delph,Midfielder,EVE,0.01,0.01
2210370,Rondón,Salomón Rondón,Forward,EVE,0.00,0.00
2210370,Coleman,Seamus Coleman,Defender,EVE,0.01,0.04
2210370,Townsend,Andros Townsend,Midfielder,EVE,0.22,0.00
2210370,Keane,Michael Keane,Defender,EVE,0.01,0.03
2210370,Pickford,Jordan Pickford,Goalkeeper,EVE,0.00,0.00
2210370,Allan,Allan Marques Loureiro,Midfielder,EVE,0.02,0.00
2210370,Iwobi,Alex Iwobi,Midfielder,EVE,0.17,0.17
2210370,Gbamin,Jean-Philippe Gbamin,Midfielder,EVE,0.00,0.00
2210370,Gray (Demarai),Demarai Gray,Midfielder,EVE,0.06,0.24
2210370,Holgate,Mason Holgate,Defender,EVE,0.01,0.47
2210370,Godfrey,Ben Godfrey,Defender,EVE,0.03,0.07
2210370,Richarlison,Richarlison de Andrade,Forward,EVE,0.10,0.40
2210370,Gordon (Anthony),Anthony Gordon,Midfielder,EVE,0.05,0.05
2210370,Moutinho,João Moutinho,Midfielder,WOL,0.06,0.00
2210370,Coady,Conor Coady,Defender,WOL,0.01,0.64
2210370,Raúl Jiménez,Raul Alonso Jimenez Rodriguez,Forward,WOL,0.07,0.24
2210370,Saiss,Romain Saiss,Defender,WOL,0.02,0.00
2210370,José Sá,José Pedro Malheiro de Sá,Goalkeeper,WOL,0.00,0.00
2210370,Dendoncker (Leander),Leander Dendoncker,Midfielder,WOL,0.00,0.00
2210370,Ruben Neves,Rúben Diogo da Silva Neves,Midfielder,WOL,0.01,0.10
2210370,Hwang Hee-Chan,Hee-Chan Hwang,Midfielder,WOL,0.19,0.00
2210370,Semedo,Nelson Semedo,Defender,WOL,0.15,0.00
2210370,Podence,Daniel Podence,Midfielder,WOL,0.00,0.00
2210370,Kilman,Max Kilman,Defender,WOL,0.00,0.08
2210370,Trincão,Francisco António Machado Trincão,Midfielder,WOL,0.02,0.62
2210370,Ait Nouri,Rayan Ait Nouri,Defender,WOL,0.13,0.00
2210370,Fabio Silva,Fabio Daniel Soares Silva,Forward,WOL,0.00,0.00
2210371,Aubameyang,Pierre-Emerick Aubameyang,Forward,ARS,0.00,0.87
2210371,Lacazette,Alexandre Lacazette,Forward,ARS,0.06,0.15
2210371,Elneny,Mohamed Elneny,Midfielder,ARS,0.02,0.00
2210371,Maitland-Niles,Ainsley Maitland-Niles,Midfielder,ARS,0.26,0.01
2210371,Odegaard,Martin Odegaard,Midfielder,ARS,0.01,0.10
2210371,White (Ben),Ben White,Defender,ARS,0.00,0.00
2210371,Smith-Rowe,Emile Smith-Rowe,Midfielder,ARS,0.01,0.17
2210371,Saka,Bukayo Saka,Midfielder,ARS,0.28,0.00
2210371,Tomiyasu,Takehiro Tomiyasu,Defender,ARS,0.11,0.00
2210371,Ramsdale,Aaron Ramsdale,Goalkeeper,ARS,0.00,0.00
2210371,Gabriel Magalhães,Gabriel dos Santos Magalhães,Defender,ARS,0.01,0.15
2210371,Nuno Tavares,Nuno Tavares,Defender,ARS,0.36,0.04
2210371,Sambi Lokonga,Albert Sambi Lokonga,Midfielder,ARS,0.05,0.14
2210371,Martinelli,Gabriel Teodoro Martinelli Silva,Midfielder,ARS,0.00,0.00
2210371,Foster,Ben Foster,Goalkeeper,WAT,0.00,0.00
2210371,Rose,Danny Rose,Defender,WAT,0.02,0.07
2210371,Cathcart,Craig Cathcart,Defender,WAT,0.00,0.00
2210371,Sissoko,Moussa Sissoko,Midfielder,WAT,0.01,0.00
2210371,N'Koulou,Nicolas N'Koulou,Defender,WAT,0.00,0.00
2210371,Femenía,Francisco Femenía Far,Defender,WAT,0.01,0.00
2210371,Kucka,Juraj Kucka,Midfielder,WAT,0.00,0.07
2210371,King,Joshua King,Forward,WAT,0.02,0.32
2210371,Tufan,Ozan Tufan,Midfielder,WAT,0.02,0.00
2210371,Fletcher,Ashley Fletcher,Forward,WAT,0.00,0.00
2210371,Dennis (Emmanuel),Emmanuel Bonaventure Dennis,Forward,WAT,0.01,0.04
2210371,Ismaila Sarr,Ismaila Sarr,Midfielder,WAT,0.00,0.00
2210371,Cucho,Juan Camilo Hernández,Forward,WAT,0.04,0.00
2210371,João Pedro,João Pedro Junqueira de Jesus,Forward,WAT,0.03,0.00
2210372,Zanka,Mathias Jorgensen,Defender,BRE,0.00,0.00
2210372,Jansson,Pontus Jansson,Defender,BRE,0.01,0.21
2210372,Norgaard,Christian Norgaard,Midfielder,BRE,0.06,0.92
2210372,Toney,Ivan Toney,Forward,BRE,0.01,0.16
2210372,Canos,Sergi Canos,Defender,BRE,0.05,0.49
2210372,Henry,Rico Henry,Defender,BRE,0.01,0.44
2210372,Janelt,Vitaly Janelt,Midfielder,BRE,0.01,0.00
2210372,Ghoddos,Saman Ghoddos,Midfielder,BRE,0.31,0.00
2210372,Jensen,Mathias Jensen,Midfielder,BRE,0.44,0.10
2210372,Goode,Charlie Goode,Defender,BRE,0.10,0.11
2210372,Forss,Marcus Forss,Forward,BRE,0.00,0.00
2210372,Pinnock,Ethan Pinnock,Defender,BRE,0.27,0.30
2210372,Fernández (Álvaro),Álvaro Fernández,Goalkeeper,BRE,0.01,0.00
2210372,Mbeumo,Bryan Mbeumo,Forward,BRE,0.21,0.07
2210372,Krul,Tim Krul,Goalkeeper,NOR,0.00,0.00
2210372,Pukki,Teemu Pukki,Forward,NOR,0.00,0.98
2210372,Kenny McLean,Kenneth McLean,Midfielder,NOR,0.01,0.06
2210372,Gibson (Ben),Ben Gibson,Defender,NOR,0.00,0.00
2210372,Dowell,Kieran Dowell,Midfielder,NOR,0.03,0.00
2210372,Mathias Normann,Mathias Antonsen Normann,Midfielder,NOR,0.17,0.09
2210372,Giannoulis,Dimitrios Giannoulis,Defender,NOR,0.00,0.00
2210372,Lees-Melou,Pierre Lees-Melou,Midfielder,NOR,0.07,0.02
2210372,Rashica,Milot Rashica,Midfielder,NOR,0.01,0.07
2210372,Sargent,Joshua Sargent,Forward,NOR,0.00,0.00
2210372,Williams (Brandon),Brandon Williams,Defender,NOR,0.07,0.00
2210372,Aarons,Maximillian Aarons,Defender,NOR,0.01,0.00
2210372,Idah,Adam Idah,Forward,NOR,0.00,0.00
2210372,Omobamidele,Andrew Omobamidele,Defender,NOR,0.00,0.00
2210373,Lallana,Adam Lallana,Midfielder,BHA,0.06,0.13
2210373,Duffy,Shane Duffy,Defender,BHA,0.00,0.03
2210373,Dunk,Lewis Dunk,Defender,BHA,0.01,0.00
2210373,March,Solomon March,Midfielder,BHA,0.03,0.02
2210373,Webster (Adam),Adam Webster,Defender,BHA,0.01,0.00
2210373,Veltman,Joël Veltman,Defender,BHA,0.05,0.00
2210373,Maupay,Neal Maupay,Forward,BHA,0.01,0.00
2210373,Trossard,Leandro Trossard,Midfielder,BHA,0.23,0.93
2210373,Cucurella,Marc Cucurella,Defender,BHA,0.07,0.08
2210373,Sanchez,Robert Sanchez,Goalkeeper,BHA,0.00,0.00
2210373,Bissouma,Yves Bissouma,Midfielder,BHA,0.02,0.03
2210373,Lamptey,Tariq Lamptey,Defender,BHA,0.24,0.25
2210373,Mac Allister,Alexis Mac Allister,Midfielder,BHA,0.01,0.02
2210373,Mwepu,Enock Mwepu,Midfielder,BHA,0.01,0.00
2210373,Shelvey,Jonjo Shelvey,Midfielder,NEW,0.01,0.00
2210373,Ritchie,Matt Ritchie,Defender,NEW,0.03,0.01
2210373,Clark,Ciaran Clark,Defender,NEW,0.09,0.00
2210373,Darlow,Karl Darlow,Goalkeeper,NEW,0.00,0.00
2210373,Wilson (Callum),Callum Wilson,Forward,NEW,0.00,0.02
2210373,Lascelles,Jamaal Lascelles,Defender,NEW,0.00,0.00
2210373,Gayle,Dwight Gayle,Forward,NEW,0.00,0.00
2210373,Krafth,Emil Krafth,Defender,NEW,0.00,0.00
2210373,Murphy (Jacob),Jacob Murphy,Midfielder,NEW,0.01,0.05
2210373,Hayden (Isaac),Isaac Hayden,Midfielder,NEW,0.00,0.20
2210373,Saint-Maximin,Allan Saint-Maximin,Midfielder,NEW,0.01,0.00
2210373,Almirón,Miguel Almirón,Midfielder,NEW,0.01,0.00
2210373,Joelinton,Joelinton Cássio Apolinário de Lira,Midfielder,NEW,0.00,0.00
2210374,Tarkowski,James Tarkowski,Defender,BUR,0.02,0.00
2210374,Pieters,Erik Pieters,Defender,BUR,0.00,0.00
2210374,Rodriguez,Jay Rodriguez,Forward,BUR,0.24,0.06
2210374,Mee,Ben Mee,Defender,BUR,0.00,0.00
2210374,Westwood,Ashley Roy Westwood,Midfielder,BUR,0.11,0.00
2210374,Gudmundsson,Johann Berg Gudmundsson,Midfielder,BUR,0.05,0.00
2210374,Wood,Chris Wood,Forward,BUR,0.00,0.00
2210374,Lowton,Matthew Lowton,Defender,BUR,0.01,0.00
2210374,Vydra,Matej Vydra,Forward,BUR,0.00,0.53
2210374,Pope,Nick Pope,Goalkeeper,BUR,0.02,0.00
2210374,Taylor (Charlie),Charlie Taylor,Defender,BUR,0.05,0.00
2210374,Cornet,Maxwel Cornet,Midfielder,BUR,0.01,0.03
2210374,Brownhill,Josh Brownhill,Midfielder,BUR,0.01,0.03
2210374,McNeil,Dwight McNeil,Midfielder,BUR,0.06,0.00
2210374,Thiago Silva,Thiago Emiliano da Silva,Defender,CHE,0.02,0.14
2210374,Jorginho,Jorge Luiz Frello Filho,Midfielder,CHE,0.06,0.07
2210374,Barkley,Ross Barkley,Midfielder,CHE,0.17,0.33
2210374,Rüdiger,Antonio Rüdiger,Defender,CHE,0.05,0.11
2210374,Kanté,N'Golo Kanté,Midfielder,CHE,0.07,0.00
2210374,Loftus-Cheek,Ruben Loftus-Cheek,Midfielder,CHE,0.02,0.00
2210374,Christensen,Andreas Christensen,Defender,CHE,0.02,0.34
2210374,Chilwell,Benjamin Chilwell,Defender,CHE,0.20,0.08
2210374,Pulisic,Christian Pulisic,Midfielder,CHE,0.01,0.00
2210374,Mount,Mason Mount,Midfielder,CHE,0.02,0.00
2210374,Hudson-Odoi,Callum Hudson-Odoi,Midfielder,CHE,0.69,0.26
2210374,Havertz,Kai Havertz,Forward,CHE,0.07,0.35
2210374,James (Reece),Reece James,Defender,CHE,0.38,0.15
2210374,Mendy (Edouard),Edouard Mendy,Goalkeeper,CHE,0.00,0.00
2210375,Guaita,Vicente Guaita,Goalkeeper,CRY,0.00,0.00
2210375,McArthur,James McArthur,Midfielder,CRY,0.14,0.00
2210375,Benteke,Christian Benteke,Forward,CRY,0.05,0.12
2210375,Kouyaté,Cheikhou Kouyaté,Defender,CRY,0.01,0.02
2210375,Ward (Joel),Joel Ward,Defender,CRY,0.01,0.00
2210375,Ayew,Jordan Ayew,Midfielder,CRY,0.00,0.02
2210375,Zaha,Wilfried Zaha,Midfielder,CRY,0.12,0.73
2210375,Schlupp,Jeffrey Schlupp,Midfielder,CRY,0.17,0.00
2210375,Andersen,Joachim Andersen,Defender,CRY,0.01,0.00
2210375,Edouard,Odsonne Edouard,Forward,CRY,0.50,0.34
2210375,Marc Guehi,Addji Keaninkin Marc-Israel Guehi,Defender,CRY,0.01,0.00
2210375,Gallagher,Conor Gallagher,Midfielder,CRY,0.16,0.79
2210375,Mitchell,Tyrick Mitchell,Defender,CRY,0.05,0.00
2210375,Olise,Michael Olise,Midfielder,CRY,0.00,0.00
2210375,Moutinho,João Moutinho,Midfielder,WOL,0.16,0.06
2210375,Coady,Conor Coady,Defender,WOL,0.00,0.00
2210375,Raúl Jiménez,Raul Alonso Jimenez Rodriguez,Forward,WOL,0.09,0.11
2210375,Saiss,Romain Saiss,Defender,WOL,0.01,0.00
2210375,José Sá,José Pedro Malheiro de Sá,Goalkeeper,WOL,0.00,0.00
2210375,Traoré,Adama Traoré,Midfielder,WOL,0.01,0.00
2210375,Ruben Neves,Rúben Diogo da Silva Neves,Midfielder,WOL,0.02,0.02
2210375,Hwang Hee-Chan,Hee-Chan Hwang,Midfielder,WOL,0.02,0.00
2210375,Semedo,Nelson Semedo,Defender,WOL,0.01,0.00
2210375,Podence,Daniel Podence,Midfielder,WOL,0.02,0.00
2210375,Kilman,Max Kilman,Defender,WOL,0.00,0.00
2210375,Trincão,Francisco António Machado Trincão,Midfielder,WOL,0.00,0.11
2210375,Ait Nouri,Rayan Ait Nouri,Defender,WOL,0.03,0.00
2210375,Fabio Silva,Fabio Daniel Soares Silva,Forward,WOL,0.00,0.00
2210376,Delph,Fabian Delph,Midfielder,EVE,0.03,0.00
2210376,Coleman,Seamus Coleman,Defender,EVE,0.27,0.00
2210376,Townsend,Andros Townsend,Midfielder,EVE,0.02,0.00
2210376,Digne,Lucas Digne,Defender,EVE,0.12,0.00
2210376,Keane,Michael Keane,Defender,EVE,0.01,0.02
2210376,Pickford,Jordan Pickford,Goalkeeper,EVE,0.00,0.00
2210376,Allan,Allan Marques Loureiro,Midfielder,EVE,0.14,0.00
2210376,Gbamin,Jean-Philippe Gbamin,Midfielder,EVE,0.00,0.00
2210376,Gray (Demarai),Demarai Gray,Midfielder,EVE,0.04,0.32
2210376,Davies (Tom),Tom Davies,Midfielder,EVE,0.01,0.13
2210376,Holgate,Mason Holgate,Defender,EVE,0.00,0.00
2210376,Godfrey,Ben Godfrey,Defender,EVE,0.05,0.03
2210376,Richarlison,Richarlison de Andrade,Forward,EVE,0.00,0.03
2210376,Gordon (Anthony),Anthony Gordon,Midfielder,EVE,0.07,0.07
2210376,Lloris,Hugo Lloris,Goalkeeper,TOT,0.00,0.00
2210376,Kane,Harry Kane,Forward,TOT,0.14,0.08
2210376,Son,Heung-Min Son,Midfielder,TOT,0.02,0.00
2210376,Doherty,Matt Doherty,Defender,TOT,0.01,0.00
2210376,Dier,Eric Dier,Defender,TOT,0.01,0.00
2210376,Lucas Moura,Lucas Rodrigues Moura da Silva,Midfielder,TOT,0.04,0.15
2210376,Davies (Ben),Ben Davies,Defender,TOT,0.01,0.02
2210376,Højbjerg,Pierre-Emile Højbjerg,Midfielder,TOT,0.03,0.00
2210376,Reguilón,Sergio Reguilón,Defender,TOT,0.11,0.35
2210376,Lo Celso,Giovani Lo Celso,Midfielder,TOT,0.00,0.04
2210376,Skipp,Oliver Skipp,Midfielder,TOT,0.02,0.00
2210376,Romero (Cristian),Cristian Romero,Defender,TOT,0.01,0.00
2210376,NDombele,Tanguy NDombele,Midfielder,TOT,0.00,0.00
2210376,Emerson Royal,Emerson Aparecido Leite de Souza Junior,Defender,TOT,0.02,0.07
2210377,Cooper,Liam Cooper,Defender,LEE,0.00,0.00
2210377,Forshaw,Adam Forshaw,Midfielder,LEE,0.03,0.00
2210377,Rodrigo,Rodrigo Moreno Machado,Midfielder,LEE,0.05,0.26
2210377,Dallas,Stuart Dallas,Defender,LEE,0.07,0.00
2210377,Diego Llorente,Diego Javier Llorente Ríos,Defender,LEE,0.00,0.00
2210377,Phillips (Kalvin),Kalvin Phillips,Midfielder,LEE,0.01,0.25
2210377,Roberts (Tyler),Tyler Roberts,Midfielder,LEE,0.00,0.00
2210377,James (Daniel),Daniel James,Midfielder,LEE,0.11,0.25
2210377,Raphinha,Raphael Dias Belloli,Midfielder,LEE,0.20,0.08
2210377,Harrison,Jack Harrison,Midfielder,LEE,0.04,0.54
2210377,Struijk,Pascal Struijk,Defender,LEE,0.02,0.00
2210377,Meslier,Illan Meslier,Goalkeeper,LEE,0.00,0.00
2210377,Cresswell (Charlie),Charlie Cresswell,Defender,LEE,0.00,0.00
2210377,Schmeichel,Kasper Schmeichel,Goalkeeper,LEI,0.01,0.00
2210377,Evans,Jonny Evans,Defender,LEI,0.01,0.00
2210377,Vardy,Jamie Vardy,Forward,LEI,0.03,0.06
2210377,Ricardo Pereira,Ricardo Domingos Barbosa Pereira,Defender,LEI,0.01,0.00
2210377,Amartey,Daniel Amartey,Defender,LEI,0.00,0.00
2210377,Castagne,Timothy Castagne,Defender,LEI,0.00,0.00
2210377,Tielemans,Youri Tielemans,Midfielder,LEI,0.06,0.40
2210377,Maddison,James Maddison,Midfielder,LEI,0.07,0.00
2210377,Barnes (Harvey),Harvey Barnes,Midfielder,LEI,0.00,0.08
2210377,Ndidi,Onyinye Wilfred Ndidi,Midfielder,LEI,0.01,0.08
2210377,Dewsbury-Hall,Kiernan Dewsbury-Hall,Midfielder,LEI,0.05,0.00
2210377,Söyüncü,Caglar Söyüncü,Defender,LEI,0.00,0.08
2210377,Lookman,Ademola Lookman,Midfielder,LEI,0.15,0.00
2210377,Soumaré,Boubakary Soumaré,Midfielder,LEI,0.01,0.04
2210378,Walker (Kyle),Kyle Walker,Defender,MCI,0.44,0.00
2210378,Gundogan,Ilkay Gundogan,Midfielder,MCI,0.04,0.40
2210378,De Bruyne,Kevin De Bruyne,Midfielder,MCI,0.10,0.33
2210378,Stones,John Stones,Defender,MCI,0.01,0.12
2210378,João Cancelo,João Pedro Cavaco Cancelo,Defender,MCI,0.59,0.10
2210378,Ederson,Ederson Santana de Moraes,Goalkeeper,MCI,0.00,0.00
2210378,Bernardo Silva,Bernardo Mota Veiga de Carvalho e Silva,Midfielder,MCI,0.06,0.28
2210378,Rúben Dias,Rúben Santos Gato Alves Dias,Defender,MCI,0.01,0.00
2210378,Jesus,Gabriel Fernando de Jesus,Forward,MCI,0.08,0.21
2210378,Foden,Phil Foden,Midfielder,MCI,0.18,0.16
2210378,Rodri,Rodrigo Hernández Cascante,Midfielder,MCI,0.08,0.07
2210378,Cristiano Ronaldo,Cristiano Ronaldo dos Santos Aveiro,Forward,MUN,0.01,0.13
2210378,De Gea,David De Gea,Goalkeeper,MUN,0.00,0.00
2210378,Maguire,Harry Maguire,Defender,MUN,0.01,0.08
2210378,Fred,Frederico Rodrigues de Paula Santos,Midfielder,MUN,0.01,0.00
2210378,Shaw,Luke Shaw,Defender,MUN,0.13,0.00
2210378,Bruno Fernandes,Bruno Miguel Borges Fernandes,Midfielder,MUN,0.01,0.03
2210378,Alex Telles,Alex Nicolao Telles,Defender,MUN,0.00,0.00
2210378,Rashford,Marcus Rashford,Midfielder,MUN,0.00,0.00
2210378,van de Beek,Donny van de Beek,Midfielder,MUN,0.00,0.00
2210378,Lindelof,Victor Nilsson-Lindelof,Defender,MUN,0.01,0.00
2210378,McTominay,Scott McTominay,Midfielder,MUN,0.02,0.00
2210378,Bailly,Eric Bailly,Defender,MUN,0.00,0.00
2210378,Sancho,Jadon Sancho,Midfielder,MUN,0.01,0.00
2210378,Wan-Bissaka,Aaron Wan-Bissaka,Defender,MUN,0.01,0.00
2210378,Greenwood (Mason),Mason Greenwood,Midfielder,MUN,0.00,0.76
2210379,Martinez,Emiliano Martinez,Goalkeeper,AVL,0.00,0.00
2210379,McGinn,John McGinn,Midfielder,AVL,0.30,0.05
2210379,Mings,Tyrone Mings,Defender,AVL,0.01,0.07
2210379,Targett,Matt Targett,Defender,AVL,0.10,0.00
2210379,Watkins,Ollie Watkins,Forward,AVL,0.10,0.11
2210379,Tuanzebe,Axel Tuanzebe,Defender,AVL,0.00,0.00
2210379,Nakamba,Marvelous Nakamba,Midfielder,AVL,0.00,0.00
2210379,El Ghazi,Anwar El Ghazi,Midfielder,AVL,0.10,0.25
2210379,Buendía,Emiliano Buendía,Midfielder,AVL,0.11,0.24
2210379,Cash,Matthew Cash,Defender,AVL,0.03,0.00
2210379,Bailey,Leon Bailey,Midfielder,AVL,0.07,0.06
2210379,Davis (Keinan),Keinan Davis,Forward,AVL,0.00,0.00
2210379,Ramsey (Jacob),Jacob Ramsey,Midfielder,AVL,0.01,0.00
2210379,Archer,Cameron Archer,Forward,AVL,0.02,0.06
2210379,McCarthy (Alex),Alex McCarthy,Goalkeeper,SOU,0.00,0.00
2210379,Romeu,Oriol Romeu,Midfielder,SOU,0.02,0.07
2210379,Armstrong (Stuart),Stuart Armstrong,Midfielder,SOU,0.10,0.25
2210379,Elyounoussi,Mohammed Elyounoussi,Midfielder,SOU,0.02,0.08
2210379,Ward-Prowse,James Ward-Prowse,Midfielder,SOU,0.27,0.03
2210379,Armstrong (Adam),Adam Armstrong,Forward,SOU,0.02,0.05
2210379,Walker-Peters,Kyle Walker-Peters,Defender,SOU,0.09,0.00
2210379,Bednarek,Jan Bednarek,Defender,SOU,0.00,0.00
2210379,Adams,Che Adams,Forward,SOU,0.03,0.12
2210379,Lyanco,Lyanco Evangelista Silveira Neves Vojnovic,Defender,SOU,0.00,0.00
2210379,Diallo,Ibrahima Diallo,Midfielder,SOU,0.00,0.00
2210379,Broja,Armando Broja,Forward,SOU,0.00,0.00
2210379,Livramento,Valentino Livramento,Defender,SOU,0.05,0.00
2210379,Salisu,Mohammed Salisu,Defender,SOU,0.01,0.03
2210380,Henderson (Jordan),Jordan Henderson,Midfielder,LIV,0.42,0.01
2210380,Matip,Joel Matip,Defender,LIV,0.03,0.00
2210380,Thiago Alcántara,Thiago Alcántara do Nascimento,Midfielder,LIV,0.04,0.04
2210380,Oxlade-Chamberlain,Alex Oxlade-Chamberlain,Midfielder,LIV,0.04,0.02
2210380,van Dijk,Virgil van Dijk,Defender,LIV,0.02,0.03
2210380,Mane,Sadio Mane,Midfielder,LIV,0.09,0.66
2210380,Alisson,Alisson Ramses Becker,Goalkeeper,LIV,0.00,0.00
2210380,Fabinho,Fabio Henrique Tavares,Midfielder,LIV,0.04,0.00
2210380,Salah,Mohamed Salah,Midfielder,LIV,0.08,0.09
2210380,Robertson,Andrew Robertson,Defender,LIV,0.22,0.00
2210380,Origi,Divock Origi,Forward,LIV,0.00,0.10
2210380,Minamino,Takumi Minamino,Midfielder,LIV,0.00,0.00
2210380,Alexander-Arnold,Trent Alexander-Arnold,Defender,LIV,0.52,0.16
2210380,Diogo Jota,Diogo José Teixeira da Silva,Forward,LIV,0.02,0.10
2210380,Fabianski,Lukasz Fabianski,Goalkeeper,WHU,0.00,0.00
2210380,Ogbonna,Angelo Ogbonna,Defender,WHU,0.00,0.00
2210380,Cresswell (Aaron),Aaron Cresswell,Defender,WHU,0.01,0.00
2210380,Antonio,Michail Antonio,Forward,WHU,0.01,0.03
2210380,Dawson,Craig Dawson,Defender,WHU,0.00,0.21
2210380,Zouma,Kurt Zouma,Defender,WHU,0.00,0.38
2210380,Masuaku,Arthur Masuaku,Defender,WHU,0.00,0.00
2210380,Coufal,Vladimir Coufal,Defender,WHU,0.00,0.00
2210380,Benrahma,Said Benrahma,Midfielder,WHU,0.15,0.00
2210380,Bowen,Jarrod Bowen,Midfielder,WHU,0.29,0.08
2210380,Rice,Declan Rice,Midfielder,WHU,0.01,0.00
2210380,Soucek,Tomas Soucek,Midfielder,WHU,0.00,0.00
2210380,Fornals,Pablo Fornals,Midfielder,WHU,0.18,0.30
2210380,Johnson,Ben Johnson,Defender,WHU,0.02,0.02
2210381,Young (Ashley),Ashley Young,Defender,AVL,0.01,0.00
2210381,Ings,Danny Ings,Forward,AVL,0.02,0.00
2210381,Martinez,Emiliano Martinez,Goalkeeper,AVL,0.00,0.00
2210381,McGinn,John McGinn,Midfielder,AVL,0.11,0.00
2210381,Mings,Tyrone Mings,Defender,AVL,0.01,0.19
2210381,Targett,Matt Targett,Defender,AVL,0.22,0.00
2210381,Watkins,Ollie Watkins,Forward,AVL,0.02,0.29
2210381,Nakamba,Marvelous Nakamba,Midfielder,AVL,0.01,0.00
2210381,El Ghazi,Anwar El Ghazi,Midfielder,AVL,0.01,0.00
2210381,Buendía,Emiliano Buendía,Midfielder,AVL,0.04,0.02
2210381,Cash,Matthew Cash,Defender,AVL,0.02,0.04
2210381,Konsa Ngoyo,Ezri Konsa Ngoyo,Defender,AVL,0.01,0.00
2210381,Bailey,Leon Bailey,Midfielder,AVL,0.00,0.20
2210381,Ramsey (Jacob),Jacob Ramsey,Midfielder,AVL,0.02,0.00
2210381,Lallana,Adam Lallana,Midfielder,BHA,0.01,0.00
2210381,Steele,Jason Steele,Goalkeeper,BHA,0.00,0.00
2210381,Groß,Pascal Groß,Midfielder,BHA,0.07,0.07
2210381,Duffy,Shane Duffy,Defender,BHA,0.03,0.00
2210381,Dunk,Lewis Dunk,Defender,BHA,0.01,0.00
2210381,March,Solomon March,Midfielder,BHA,0.00,0.00
2210381,Webster (Adam),Adam Webster,Defender,BHA,0.05,0.02
2210381,Maupay,Neal Maupay,Forward,BHA,0.00,0.00
2210381,Trossard,Leandro Trossard,Midfielder,BHA,0.03,0.16
2210381,Cucurella,Marc Cucurella,Defender,BHA,0.01,0.00
2210381,Bissouma,Yves Bissouma,Midfielder,BHA,0.01,0.00
2210381,Lamptey,Tariq Lamptey,Defender,BHA,0.01,0.12
2210381,Mac Allister,Alexis Mac Allister,Midfielder,BHA,0.00,0.06
2210381,Moder,Jakub Moder,Midfielder,BHA,0.05,0.00
2210382,Tarkowski,James Tarkowski,Defender,BUR,0.15,0.12
2210382,Rodriguez,Jay Rodriguez,Forward,BUR,0.00,0.00
2210382,Mee,Ben Mee,Defender,BUR,0.01,0.28
2210382,Westwood,Ashley Roy Westwood,Midfielder,BUR,0.16,0.04
2210382,Gudmundsson,Johann Berg Gudmundsson,Midfielder,BUR,0.03,0.19
2210382,Wood,Chris Wood,Forward,BUR,0.00,0.10
2210382,Lowton,Matthew Lowton,Defender,BUR,0.01,0.03
2210382,Vydra,Matej Vydra,Forward,BUR,0.00,0.54
2210382,Pope,Nick Pope,Goalkeeper,BUR,0.00,0.00
2210382,Taylor (Charlie),Charlie Taylor,Defender,BUR,0.00,0.00
2210382,Cornet,Maxwel Cornet,Midfielder,BUR,0.01,0.07
2210382,Brownhill,Josh Brownhill,Midfielder,BUR,0.03,0.13
2210382,McNeil,Dwight McNeil,Midfielder,BUR,0.45,0.00
2210382,Guaita,Vicente Guaita,Goalkeeper,CRY,0.00,0.00
2210382,Benteke,Christian Benteke,Forward,CRY,0.11,0.79
2210382,Kouyaté,Cheikhou Kouyaté,Defender,CRY,0.43,0.00
2210382,Ward (Joel),Joel Ward,Defender,CRY,0.01,0.04
2210382,Milivojevic,Luka Milivojevic,Midfielder,CRY,0.13,0.11
2210382,Ayew,Jordan Ayew,Midfielder,CRY,0.48,0.05
2210382,Zaha,Wilfried Zaha,Midfielder,CRY,0.09,0.26
2210382,Schlupp,Jeffrey Schlupp,Midfielder,CRY,0.01,0.00
2210382,Andersen,Joachim Andersen,Defender,CRY,0.23,0.32
2210382,Edouard,Odsonne Edouard,Forward,CRY,0.00,0.00
2210382,Marc Guehi,Addji Keaninkin Marc-Israel Guehi,Defender,CRY,0.01,0.70
2210382,Gallagher,Conor Gallagher,Midfielder,CRY,0.16,0.11
2210382,Mitchell,Tyrick Mitchell,Defender,CRY,0.01,0.00
2210382,Olise,Michael Olise,Midfielder,CRY,0.01,0.08
2210383,Thiago Silva,Thiago Emiliano da Silva,Defender,CHE,0.01,0.00
2210383,Jorginho,Jorge Luiz Frello Filho,Midfielder,CHE,0.22,0.00
2210383,Rüdiger,Antonio Rüdiger,Defender,CHE,0.01,0.23
2210383,Kanté,N'Golo Kanté,Midfielder,CHE,0.03,0.28
2210383,Ziyech,Hakim Ziyech,Midfielder,CHE,0.37,0.21
2210383,Loftus-Cheek,Ruben Loftus-Cheek,Midfielder,CHE,0.00,0.00
2210383,Chilwell,Benjamin Chilwell,Defender,CHE,0.16,0.35
2210383,Pulisic,Christian Pulisic,Midfielder,CHE,0.01,0.56
2210383,Chalobah (Trevoh),Trevoh Chalobah,Defender,CHE,0.04,0.01
2210383,Mount,Mason Mount,Midfielder,CHE,0.01,0.09
2210383,Hudson-Odoi,Callum Hudson-Odoi,Midfielder,CHE,0.05,0.07
2210383,Havertz,Kai Havertz,Forward,CHE,0.02,0.07
2210383,James (Reece),Reece James,Defender,CHE,0.10,0.17
2210383,Mendy (Edouard),Edouard Mendy,Goalkeeper,CHE,0.00,0.00
2210383,Schmeichel,Kasper Schmeichel,Goalkeeper,LEI,0.00,0.00
2210383,Evans,Jonny Evans,Defender,LEI,0.00,0.00
2210383,Albrighton,Marc Albrighton,Midfielder,LEI,0.01,0.00
2210383,Vardy,Jamie Vardy,Forward,LEI,0.01,0.32
2210383,Amartey,Daniel Amartey,Defender,LEI,0.00,0.01
2210383,Castagne,Timothy Castagne,Defender,LEI,0.01,0.00
2210383,Maddison,James Maddison,Midfielder,LEI,0.26,0.03
2210383,Iheanacho,Kelechi Iheanacho,Forward,LEI,0.01,0.00
2210383,Barnes (Harvey),Harvey Barnes,Midfielder,LEI,0.00,0.00
2210383,Ndidi,Onyinye Wilfred Ndidi,Midfielder,LEI,0.02,0.00
2210383,Dewsbury-Hall,Kiernan Dewsbury-Hall,Midfielder,LEI,0.01,0.00
2210383,Söyüncü,Caglar Söyüncü,Defender,LEI,0.00,0.00
2210383,Lookman,Ademola Lookman,Midfielder,LEI,0.00,0.00
2210383,Soumaré,Boubakary Soumaré,Midfielder,LEI,0.01,0.00
2210384,Aubameyang,Pierre-Emerick Aubameyang,Forward,ARS,0.00,0.11
2210384,Lacazette,Alexandre Lacazette,Forward,ARS,0.13,0.00
2210384,Elneny,Mohamed Elneny,Midfielder,ARS,0.00,0.00
2210384,Maitland-Niles,Ainsley Maitland-Niles,Midfielder,ARS,0.01,0.00
2210384,Partey,Thomas Partey,Midfielder,ARS,0.01,0.02
2210384,Odegaard,Martin Odegaard,Midfielder,ARS,0.00,0.00
2210384,White (Ben),Ben White,Defender,ARS,0.00,0.00
2210384,Smith-Rowe,Emile Smith-Rowe,Midfielder,ARS,0.01,0.00
2210384,Saka,Bukayo Saka,Midfielder,ARS,0.06,0.24
2210384,Tomiyasu,Takehiro Tomiyasu,Defender,ARS,0.19,0.00
2210384,Ramsdale,Aaron Ramsdale,Goalkeeper,ARS,0.00,0.00
2210384,Gabriel Magalhães,Gabriel dos Santos Magalhães,Defender,ARS,0.00,0.00
2210384,Nuno Tavares,Nuno Tavares,Defender,ARS,0.01,0.00
2210384,Sambi Lokonga,Albert Sambi Lokonga,Midfielder,ARS,0.00,0.02
2210384,Henderson (Jordan),Jordan Henderson,Midfielder,LIV,0.00,0.00
2210384,Matip,Joel Matip,Defender,LIV,0.01,0.00
2210384,Thiago Alcántara,Thiago Alcántara do Nascimento,Midfielder,LIV,0.03,0.15
2210384,Oxlade-Chamberlain,Alex Oxlade-Chamberlain,Midfielder,LIV,0.09,0.12
2210384,van Dijk,Virgil van Dijk,Defender,LIV,0.01,0.07
2210384,Mane,Sadio Mane,Midfielder,LIV,0.64,0.34
2210384,Alisson,Alisson Ramses Becker,Goalkeeper,LIV,0.00,0.00
2210384,Fabinho,Fabio Henrique Tavares,Midfielder,LIV,0.01,0.00
2210384,Salah,Mohamed Salah,Midfielder,LIV,0.26,1.35
2210384,Minamino,Takumi Minamino,Midfielder,LIV,0.00,0.90
2210384,Alexander-Arnold,Trent Alexander-Arnold,Defender,LIV,0.74,0.22
2210384,Diogo Jota,Diogo José Teixeira da Silva,Forward,LIV,0.03,1.19
2210384,Tsimikas,Konstantinos Tsimikas,Defender,LIV,0.27,0.00
2210384,Morton,Tyler Morton,Midfielder,LIV,0.00,0.00
2210385,Delph,Fabian Delph,Midfielder,EVE,0.01,0.00
2210385,Rondón,Salomón Rondón,Forward,EVE,0.00,0.00
2210385,Coleman,Seamus Coleman,Defender,EVE,0.00,0.08
2210385,Townsend,Andros Townsend,Midfielder,EVE,0.09,0.04
2210385,Digne,Lucas Digne,Defender,EVE,0.00,0.00
2210385,Keane,Michael Keane,Defender,EVE,0.01,0.00
2210385,Pickford,Jordan Pickford,Goalkeeper,EVE,0.00,0.00
2210385,Allan,Allan Marques Loureiro,Midfielder,EVE,0.01,0.00
2210385,Iwobi,Alex Iwobi,Midfielder,EVE,0.13,0.00
2210385,Gray (Demarai),Demarai Gray,Midfielder,EVE,0.00,0.03
2210385,Godfrey,Ben Godfrey,Defender,EVE,0.00,0.00
2210385,Richarlison,Richarlison de Andrade,Forward,EVE,0.01,0.00
2210385,Gordon (Anthony),Anthony Gordon,Midfielder,EVE,0.02,0.06
2210385,Onyango,Tyler Onyango,Midfielder,EVE,0.00,0.00
2210385,Walker (Kyle),Kyle Walker,Defender,MCI,0.72,0.00
2210385,Gundogan,Ilkay Gundogan,Midfielder,MCI,0.06,0.17
2210385,Stones,John Stones,Defender,MCI,0.04,0.00
2210385,Mahrez,Riyad Mahrez,Midfielder,MCI,0.04,0.12
2210385,Sterling (Raheem),Raheem Sterling,Midfielder,MCI,0.19,0.93
2210385,João Cancelo,João Pedro Cavaco Cancelo,Defender,MCI,0.35,0.03
2210385,Ederson,Ederson Santana de Moraes,Goalkeeper,MCI,0.00,0.00
2210385,Aké,Nathan Aké,Defender,MCI,0.00,0.00
2210385,Laporte,Aymeric Laporte,Defender,MCI,0.08,0.00
2210385,Bernardo Silva,Bernardo Mota Veiga de Carvalho e Silva,Midfielder,MCI,0.15,0.53
2210385,Foden,Phil Foden,Midfielder,MCI,0.20,0.24
2210385,Rodri,Rodrigo Hernández Cascante,Midfielder,MCI,0.09,0.02
2210385,Palmer,Cole Palmer,Midfielder,MCI,0.22,0.42
2210385,Mcatee,James Mcatee,Midfielder,MCI,0.02,0.08
2210386,Jansson,Pontus Jansson,Defender,BRE,0.00,0.00
2210386,Norgaard,Christian Norgaard,Midfielder,BRE,0.01,0.00
2210386,Toney,Ivan Toney,Forward,BRE,0.01,0.22
2210386,Canos,Sergi Canos,Defender,BRE,0.32,0.13
2210386,Henry,Rico Henry,Defender,BRE,0.03,0.35
2210386,Janelt,Vitaly Janelt,Midfielder,BRE,0.02,0.00
2210386,Ghoddos,Saman Ghoddos,Midfielder,BRE,0.02,0.00
2210386,Goode,Charlie Goode,Defender,BRE,0.00,0.00
2210386,Roerslev,Mads Roerslev,Defender,BRE,0.00,0.02
2210386,Pinnock,Ethan Pinnock,Defender,BRE,0.01,0.00
2210386,Fernández (Álvaro),Álvaro Fernández,Goalkeeper,BRE,0.00,0.00
2210386,Onyeka,Frank Onyeka,Midfielder,BRE,0.00,0.03
2210386,Baptiste (Shandon),Shandon Baptiste,Midfielder,BRE,0.00,0.00
2210386,Mbeumo,Bryan Mbeumo,Forward,BRE,0.11,0.10
2210386,Shelvey,Jonjo Shelvey,Midfielder,NEW,0.09,0.01
2210386,Ritchie,Matt Ritchie,Defender,NEW,0.14,0.00
2210386,Clark,Ciaran Clark,Defender,NEW,0.07,0.08
2210386,Darlow,Karl Darlow,Goalkeeper,NEW,0.00,0.00
2210386,Wilson (Callum),Callum Wilson,Forward,NEW,0.07,0.62
2210386,Fraser,Ryan Fraser,Midfielder,NEW,0.13,0.00
2210386,Lascelles,Jamaal Lascelles,Defender,NEW,0.01,0.17
2210386,Murphy (Jacob),Jacob Murphy,Midfielder,NEW,0.11,0.03
2210386,Schär,Fabian Schär,Defender,NEW,0.19,0.02
2210386,Saint-Maximin,Allan Saint-Maximin,Midfielder,NEW,0.07,0.44
2210386,Longstaff (Sean),Sean Longstaff,Midfielder,NEW,0.00,0.00
2210386,Joelinton,Joelinton Cássio Apolinário de Lira,Midfielder,NEW,0.13,0.20
2210386,Willock,Joseph Willock,Midfielder,NEW,0.02,0.00
2210387,Krul,Tim Krul,Goalkeeper,NOR,0.00,0.00
2210387,Pukki,Teemu Pukki,Forward,NOR,0.01,0.15
2210387,Rupp,Lukas Rupp,Midfielder,NOR,0.00,0.00
2210387,Kenny McLean,Kenneth McLean,Midfielder,NOR,0.02,0.02
2210387,Gibson (Ben),Ben Gibson,Defender,NOR,0.00,0.11
2210387,Hanley,Grant Hanley,Defender,NOR,0.00,0.09
2210387,Mathias Normann,Mathias Antonsen Normann,Midfielder,NOR,0.03,0.02
2210387,Cantwell,Todd Cantwell,Midfielder,NOR,0.01,0.00
2210387,Rashica,Milot Rashica,Midfielder,NOR,0.02,0.09
2210387,Sargent,Joshua Sargent,Forward,NOR,0.02,0.06
2210387,Williams (Brandon),Brandon Williams,Defender,NOR,0.03,0.00
2210387,Aarons,Maximillian Aarons,Defender,NOR,0.10,0.00
2210387,Gilmour,Billy Gilmour,Midfielder,NOR,0.16,0.00
2210387,Tzolis,Christos Tzolis,Midfielder,NOR,0.01,0.00
2210387,Walcott,Theo Walcott,Midfielder,SOU,0.01,0.07
2210387,McCarthy (Alex),Alex McCarthy,Goalkeeper,SOU,0.00,0.00
2210387,Romeu,Oriol Romeu,Midfielder,SOU,0.02,0.04
2210387,Elyounoussi,Mohammed Elyounoussi,Midfielder,SOU,0.24,0.26
2210387,Ward-Prowse,James Ward-Prowse,Midfielder,SOU,0.22,0.05
2210387,Armstrong (Adam),Adam Armstrong,Forward,SOU,0.11,0.28
2210387,Walker-Peters,Kyle Walker-Peters,Defender,SOU,0.06,0.04
2210387,Bednarek,Jan Bednarek,Defender,SOU,0.02,0.04
2210387,Adams,Che Adams,Forward,SOU,0.02,0.19
2210387,Lyanco,Lyanco Evangelista Silveira Neves Vojnovic,Defender,SOU,0.01,0.00
2210387,Diallo,Ibrahima Diallo,Midfielder,SOU,0.05,0.00
2210387,Broja,Armando Broja,Forward,SOU,0.00,0.00
2210387,Livramento,Valentino Livramento,Defender,SOU,0.14,0.00
2210387,Salisu,Mohammed Salisu,Defender,SOU,0.02,0.02
2210388,Cooper,Liam Cooper,Defender,LEE,0.00,0.00
2210388,Klich,Mateusz Klich,Midfielder,LEE,0.04,0.00
2210388,Forshaw,Adam Forshaw,Midfielder,LEE,0.03,0.02
2210388,Dallas,Stuart Dallas,Defender,LEE,0.38,0.02
2210388,Diego Llorente,Diego Javier Llorente Ríos,Defender,LEE,0.02,0.00
2210388,Phillips (Kalvin),Kalvin Phillips,Midfielder,LEE,0.01,0.06
2210388,Roberts (Tyler),Tyler Roberts,Midfielder,LEE,0.00,0.00
2210388,James (Daniel),Daniel James,Midfielder,LEE,0.01,0.92
2210388,Harrison,Jack Harrison,Midfielder,LEE,0.54,0.00
2210388,Struijk,Pascal Struijk,Defender,LEE,0.01,0.11
2210388,Meslier,Illan Meslier,Goalkeeper,LEE,0.00,0.00
2210388,Firpo,Junior Firpo,Defender,LEE,0.01,0.11
2210388,Gelhardt,Joe Gelhardt,Forward,LEE,0.02,0.21
2210388,McKinstry,Stuart McKinstry,Midfielder,LEE,0.00,0.00
2210388,Lloris,Hugo Lloris,Goalkeeper,TOT,0.00,0.00
2210388,Kane,Harry Kane,Forward,TOT,0.07,0.69
2210388,Son,Heung-Min Son,Midfielder,TOT,0.09,0.04
2210388,Dier,Eric Dier,Defender,TOT,0.20,0.13
2210388,Lucas Moura,Lucas Rodrigues Moura da Silva,Midfielder,TOT,0.12,0.02
2210388,Alli,Bamidele Alli,Midfielder,TOT,0.00,0.00
2210388,Davies (Ben),Ben Davies,Defender,TOT,0.00,0.44
2210388,Højbjerg,Pierre-Emile Højbjerg,Midfielder,TOT,0.02,0.15
2210388,Winks,Harry Winks,Midfielder,TOT,0.04,0.00
2210388,Sánchez (Davinson),Davinson Sánchez,Defender,TOT,0.00,0.00
2210388,Sessegnon (Ryan),Kouassi Ryan Sessegnon,Defender,TOT,0.00,0.00
2210388,Reguilón,Sergio Reguilón,Defender,TOT,0.09,0.72
2210388,Tanganga,Japhet Tanganga,Defender,TOT,0.00,0.00
2210388,Emerson Royal,Emerson Aparecido Leite de Souza Junior,Defender,TOT,0.08,0.00
2210389,Cristiano Ronaldo,Cristiano Ronaldo dos Santos Aveiro,Forward,MUN,0.34,0.48
2210389,De Gea,David De Gea,Goalkeeper,MUN,0.00,0.00
2210389,Matic,Nemanja Matic,Midfielder,MUN,0.01,0.03
2210389,Maguire,Harry Maguire,Defender,MUN,0.01,0.00
2210389,Shaw,Luke Shaw,Defender,MUN,0.01,0.00
2210389,Lingard,Jesse Lingard,Midfielder,MUN,0.00,0.00
2210389,Bruno Fernandes,Bruno Miguel Borges Fernandes,Midfielder,MUN,0.20,0.26
2210389,Martial,Anthony Martial,Forward,MUN,0.22,0.00
2210389,Rashford,Marcus Rashford,Midfielder,MUN,0.01,0.30
2210389,van de Beek,Donny van de Beek,Midfielder,MUN,0.18,0.33
2210389,Lindelof,Victor Nilsson-Lindelof,Defender,MUN,0.00,0.00
2210389,McTominay,Scott McTominay,Midfielder,MUN,0.00,0.00
2210389,Sancho,Jadon Sancho,Midfielder,MUN,0.49,0.00
2210389,Wan-Bissaka,Aaron Wan-Bissaka,Defender,MUN,0.01,0.00
2210389,Dalot,José Diogo Dalot Teixeira,Defender,MUN,0.00,0.00
2210389,Foster,Ben Foster,Goalkeeper,WAT,0.01,0.00
2210389,Cathcart,Craig Cathcart,Defender,WAT,0.01,0.00
2210389,Cleverley,Tom Cleverley,Midfielder,WAT,0.02,0.00
2210389,Sissoko,Moussa Sissoko,Midfielder,WAT,0.03,0.14
2210389,N'Koulou,Nicolas N'Koulou,Defender,WAT,0.00,0.00
2210389,Femenía,Francisco Femenía Far,Defender,WAT,0.04,0.00
2210389,King,Joshua King,Forward,WAT,0.06,1.03
2210389,Troost-Ekong,William Troost-Ekong,Defender,WAT,0.00,0.00
2210389,Masina,Adam Masina,Defender,WAT,0.09,0.00
2210389,Dennis (Emmanuel),Emmanuel Bonaventure Dennis,Forward,WAT,0.28,0.23
2210389,Ismaila Sarr,Ismaila Sarr,Midfielder,WAT,0.02,0.93
2210389,Cucho,Juan Camilo Hernández,Forward,WAT,0.15,0.00
2210389,Louza,Imran Louza,Midfielder,WAT,0.21,0.05
2210389,João Pedro,João Pedro Junqueira de Jesus,Forward,WAT,0.01,0.43
2210390,Fabianski,Lukasz Fabianski,Goalkeeper,WHU,0.00,0.00
2210390,Cresswell (Aaron),Aaron Cresswell,Defender,WHU,0.21,0.00
2210390,Yarmolenko,Andriy Yarmolenko,Midfielder,WHU,0.02,0.04
2210390,Antonio,Michail Antonio,Forward,WHU,0.02,0.09
2210390,Dawson,Craig Dawson,Defender,WHU,0.10,0.10
2210390,Lanzini,Manuel Lanzini,Midfielder,WHU,0.02,0.00
2210390,Zouma,Kurt Zouma,Defender,WHU,0.00,0.00
2210390,Benrahma,Said Benrahma,Midfielder,WHU,0.01,0.00
2210390,Bowen,Jarrod Bowen,Midfielder,WHU,0.01,0.10
2210390,Vlasic,Nikola Vlasic,Midfielder,WHU,0.01,0.00
2210390,Rice,Declan Rice,Midfielder,WHU,0.02,0.02
2210390,Soucek,Tomas Soucek,Midfielder,WHU,0.03,0.05
2210390,Fornals,Pablo Fornals,Midfielder,WHU,0.01,0.00
2210390,Johnson,Ben Johnson,Defender,WHU,0.03,0.00
2210390,Moutinho,João Moutinho,Midfielder,WOL,0.04,0.02
2210390,Coady,Conor Coady,Defender,WOL,0.00,0.00
2210390,Raúl Jiménez,Raul Alonso Jimenez Rodriguez,Forward,WOL,0.01,0.52
2210390,Saiss,Romain Saiss,Defender,WOL,0.01,0.09
2210390,José Sá,José Pedro Malheiro de Sá,Goalkeeper,WOL,0.00,0.00
2210390,Dendoncker (Leander),Leander Dendoncker,Midfielder,WOL,0.00,0.00
2210390,Traoré,Adama Traoré,Midfielder,WOL,0.00,0.06
2210390,Ruben Neves,Rúben Diogo da Silva Neves,Midfielder,WOL,0.19,0.07
2210390,Hwang Hee-Chan,Hee-Chan Hwang,Midfielder,WOL,0.05,0.00
2210390,Semedo,Nelson Semedo,Defender,WOL,0.01,0.25
2210390,Podence,Daniel Podence,Midfielder,WOL,0.06,0.05
2210390,Kilman,Max Kilman,Defender,WOL,0.01,0.36
2210390,Ait Nouri,Rayan Ait Nouri,Defender,WOL,0.21,0.00
2210391,Aubameyang,Pierre-Emerick Aubameyang,Forward,ARS,0.04,0.56
2210391,Lacazette,Alexandre Lacazette,Forward,ARS,0.01,0.08
2210391,Elneny,Mohamed Elneny,Midfielder,ARS,0.00,0.00
2210391,Partey,Thomas Partey,Midfielder,ARS,0.03,0.04
2210391,Odegaard,Martin Odegaard,Midfielder,ARS,0.08,0.13
2210391,White (Ben),Ben White,Defender,ARS,0.02,0.00
2210391,Smith-Rowe,Emile Smith-Rowe,Midfielder,ARS,0.36,0.61
2210391,Saka,Bukayo Saka,Midfielder,ARS,0.20,0.66
2210391,Tomiyasu,Takehiro Tomiyasu,Defender,ARS,0.30,0.09
2210391,Ramsdale,Aaron Ramsdale,Goalkeeper,ARS,0.00,0.00
2210391,Gabriel Magalhães,Gabriel dos Santos Magalhães,Defender,ARS,0.01,0.00
2210391,Nuno Tavares,Nuno Tavares,Defender,ARS,0.07,0.15
2210391,Sambi Lokonga,Albert Sambi Lokonga,Midfielder,ARS,0.30,0.00
2210391,Martinelli,Gabriel Teodoro Martinelli Silva,Midfielder,ARS,0.07,0.37
2210391,Shelvey,Jonjo Shelvey,Midfielder,NEW,0.35,0.11
2210391,Ritchie,Matt Ritchie,Defender,NEW,0.01,0.00
2210391,Dubravka,Martin Dubravka,Goalkeeper,NEW,0.00,0.00
2210391,Wilson (Callum),Callum Wilson,Forward,NEW,0.02,0.00
2210391,Fraser,Ryan Fraser,Midfielder,NEW,0.05,0.00
2210391,Lascelles,Jamaal Lascelles,Defender,NEW,0.00,0.00
2210391,Krafth,Emil Krafth,Defender,NEW,0.00,0.00
2210391,Murphy (Jacob),Jacob Murphy,Midfielder,NEW,0.01,0.00
2210391,Schär,Fabian Schär,Defender,NEW,0.00,0.05
2210391,Hayden (Isaac),Isaac Hayden,Midfielder,NEW,0.00,0.00
2210391,Saint-Maximin,Allan Saint-Maximin,Midfielder,NEW,0.08,0.07
2210391,Almirón,Miguel Almirón,Midfielder,NEW,0.02,0.00
2210391,Joelinton,Joelinton Cássio Apolinário de Lira,Midfielder,NEW,0.01,0.00
2210391,Willock,Joseph Willock,Midfielder,NEW,0.01,0.03
2210392,Jansson,Pontus Jansson,Defender,BRE,0.00,0.00
2210392,Norgaard,Christian Norgaard,Midfielder,BRE,0.00,0.00
2210392,Toney,Ivan Toney,Forward,BRE,0.27,0.79
2210392,Canos,Sergi Canos,Defender,BRE,0.01,0.12
2210392,Henry,Rico Henry,Defender,BRE,0.00,0.00
2210392,Janelt,Vitaly Janelt,Midfielder,BRE,0.02,0.00
2210392,Goode,Charlie Goode,Defender,BRE,0.03,0.00
2210392,Wissa,Yoane Wissa,Midfielder,BRE,0.00,0.07
2210392,Roerslev,Mads Roerslev,Defender,BRE,0.00,0.00
2210392,Pinnock,Ethan Pinnock,Defender,BRE,0.02,0.08
2210392,Fernández (Álvaro),Álvaro Fernández,Goalkeeper,BRE,0.00,0.00
2210392,Onyeka,Frank Onyeka,Midfielder,BRE,0.01,0.00
2210392,Baptiste (Shandon),Shandon Baptiste,Midfielder,BRE,0.02,0.00
2210392,Mbeumo,Bryan Mbeumo,Forward,BRE,0.00,0.18
2210392,Rondón,Salomón Rondón,Forward,EVE,0.02,0.40
2210392,Coleman,Seamus Coleman,Defender,EVE,0.11,0.00
2210392,Townsend,Andros Townsend,Midfielder,EVE,0.34,0.00
2210392,Digne,Lucas Digne,Defender,EVE,0.12,0.06
2210392,Keane,Michael Keane,Defender,EVE,0.03,0.02
2210392,Pickford,Jordan Pickford,Goalkeeper,EVE,0.00,0.00
2210392,Allan,Allan Marques Loureiro,Midfielder,EVE,0.23,0.00
2210392,Doucouré,Abdoulaye Doucouré,Midfielder,EVE,0.11,0.21
2210392,Iwobi,Alex Iwobi,Midfielder,EVE,0.04,0.15
2210392,Gray (Demarai),Demarai Gray,Midfielder,EVE,0.02,0.02
2210392,Godfrey,Ben Godfrey,Defender,EVE,0.00,0.00
2210392,Gordon (Anthony),Anthony Gordon,Midfielder,EVE,0.03,0.16
2210393,Groß,Pascal Groß,Midfielder,BHA,0.19,0.13
2210393,Dunk,Lewis Dunk,Defender,BHA,0.01,0.00
2210393,Locadia,Jürgen Locadia,Forward,BHA,0.00,0.14
2210393,March,Solomon March,Midfielder,BHA,0.00,0.17
2210393,Webster (Adam),Adam Webster,Defender,BHA,0.02,0.00
2210393,Veltman,Joël Veltman,Defender,BHA,0.07,0.00
2210393,Maupay,Neal Maupay,Forward,BHA,0.08,1.19
2210393,Trossard,Leandro Trossard,Midfielder,BHA,0.12,0.38
2210393,Cucurella,Marc Cucurella,Defender,BHA,0.05,0.01
2210393,Sanchez,Robert Sanchez,Goalkeeper,BHA,0.00,0.00
2210393,Bissouma,Yves Bissouma,Midfielder,BHA,0.02,0.12
2210393,Lamptey,Tariq Lamptey,Defender,BHA,0.56,0.00
2210393,Moder,Jakub Moder,Midfielder,BHA,0.02,0.44
2210393,Sarmiento,Jeremy Sarmiento,Midfielder,BHA,0.01,0.00
2210393,Cooper,Liam Cooper,Defender,LEE,0.00,0.00
2210393,Forshaw,Adam Forshaw,Midfielder,LEE,0.13,0.06
2210393,Rodrigo,Rodrigo Moreno Machado,Midfielder,LEE,0.08,0.03
2210393,Dallas,Stuart Dallas,Defender,LEE,0.01,0.03
2210393,Diego Llorente,Diego Javier Llorente Ríos,Defender,LEE,0.00,0.00
2210393,Phillips (Kalvin),Kalvin Phillips,Midfielder,LEE,0.01,0.00
2210393,Roberts (Tyler),Tyler Roberts,Midfielder,LEE,0.00,0.24
2210393,James (Daniel),Daniel James,Midfielder,LEE,0.01,0.23
2210393,Raphinha,Raphael Dias Belloli,Midfielder,LEE,0.04,0.04
2210393,Harrison,Jack Harrison,Midfielder,LEE,0.01,0.04
2210393,Shackleton,Jamie Shackleton,Midfielder,LEE,0.00,0.00
2210393,Struijk,Pascal Struijk,Defender,LEE,0.01,0.00
2210393,Meslier,Illan Meslier,Goalkeeper,LEE,0.00,0.00
2210393,Firpo,Junior Firpo,Defender,LEE,0.00,0.00
2210394,Lennon,Aaron Lennon,Midfielder,BUR,0.00,0.00
2210394,Tarkowski,James Tarkowski,Defender,BUR,0.18,0.03
2210394,Pieters,Erik Pieters,Defender,BUR,0.01,0.00
2210394,Cork,Jack Cork,Midfielder,BUR,0.01,0.00
2210394,Rodriguez,Jay Rodriguez,Forward,BUR,0.01,0.45
2210394,Barnes (Ashley),Ashley Barnes,Forward,BUR,0.00,0.00
2210394,Mee,Ben Mee,Defender,BUR,0.01,0.49
2210394,Pope,Nick Pope,Goalkeeper,BUR,0.00,0.00
2210394,Weghorst,Wout Weghorst,Forward,BUR,0.01,0.01
2210394,Brownhill,Josh Brownhill,Midfielder,BUR,0.19,0.07
2210394,Roberts (Connor),Connor Roberts,Defender,BUR,0.06,0.00
2210394,McNeil,Dwight McNeil,Midfielder,BUR,0.13,0.03
2210394,Lloris,Hugo Lloris,Goalkeeper,TOT,0.00,0.00
2210394,Kane,Harry Kane,Forward,TOT,0.04,0.16
2210394,Son,Heung-Min Son,Midfielder,TOT,0.35,0.00
2210394,Dier,Eric Dier,Defender,TOT,0.03,0.00
2210394,Lucas Moura,Lucas Rodrigues Moura da Silva,Midfielder,TOT,0.01,0.04
2210394,Davies (Ben),Ben Davies,Defender,TOT,0.02,0.05
2210394,Højbjerg,Pierre-Emile Højbjerg,Midfielder,TOT,0.03,0.00
2210394,Winks,Harry Winks,Midfielder,TOT,0.04,0.00
2210394,Sessegnon (Ryan),Kouassi Ryan Sessegnon,Defender,TOT,0.03,0.00
2210394,Bergwijn,Steven Bergwijn,Midfielder,TOT,0.00,0.12
2210394,Bentancur,Rodrigo Bentancur,Midfielder,TOT,0.01,0.00
2210394,Romero (Cristian),Cristian Romero,Defender,TOT,0.03,0.11
2210394,Emerson Royal,Emerson Aparecido Leite de Souza Junior,Defender,TOT,0.39,0.04
2210394,Kulusevski,Dejan Kulusevski,Midfielder,TOT,0.10,0.22
2210395,Thiago Silva,Thiago Emiliano da Silva,Defender,CHE,0.01,0.06
2210395,Lukaku,Romelu Lukaku,Forward,CHE,0.03,0.00
2210395,Alonso,Marcos Alonso,Defender,CHE,0.12,0.00
2210395,Jorginho,Jorge Luiz Frello Filho,Midfielder,CHE,0.04,0.79
2210395,Rüdiger,Antonio Rüdiger,Defender,CHE,0.02,0.23
2210395,Ziyech,Hakim Ziyech,Midfielder,CHE,0.35,0.47
2210395,Loftus-Cheek,Ruben Loftus-Cheek,Midfielder,CHE,0.02,0.32
2210395,Werner,Timo Werner,Forward,CHE,0.04,0.65
2210395,Pulisic,Christian Pulisic,Midfielder,CHE,0.07,0.00
2210395,Chalobah (Trevoh),Trevoh Chalobah,Defender,CHE,0.02,0.00
2210395,Mount,Mason Mount,Midfielder,CHE,0.03,0.00
2210395,Hudson-Odoi,Callum Hudson-Odoi,Midfielder,CHE,0.24,0.38
2210395,James (Reece),Reece James,Defender,CHE,0.06,0.21
2210395,Mendy (Edouard),Edouard Mendy,Goalkeeper,CHE,0.00,0.00
2210395,Cristiano Ronaldo,Cristiano Ronaldo dos Santos Aveiro,Forward,MUN,0.00,0.00
2210395,De Gea,David De Gea,Goalkeeper,MUN,0.00,0.00
2210395,Matic,Nemanja Matic,Midfielder,MUN,0.00,0.00
2210395,Fred,Frederico Rodrigues de Paula Santos,Midfielder,MUN,0.15,0.07
2210395,Lingard,Jesse Lingard,Midfielder,MUN,0.00,0.00
2210395,Bruno Fernandes,Bruno Miguel Borges Fernandes,Midfielder,MUN,0.01,0.02
2210395,Alex Telles,Alex Nicolao Telles,Defender,MUN,0.00,0.00
2210395,Rashford,Marcus Rashford,Midfielder,MUN,0.05,0.00
2210395,van de Beek,Donny van de Beek,Midfielder,MUN,0.00,0.00
2210395,Lindelof,Victor Nilsson-Lindelof,Defender,MUN,0.00,0.00
2210395,McTominay,Scott McTominay,Midfielder,MUN,0.03,0.00
2210395,Bailly,Eric Bailly,Defender,MUN,0.00,0.00
2210395,Sancho,Jadon Sancho,Midfielder,MUN,0.01,0.81
2210395,Wan-Bissaka,Aaron Wan-Bissaka,Defender,MUN,0.00,0.00
2210396,Young (Ashley),Ashley Young,Defender,AVL,0.09,0.10
2210396,Martinez,Emiliano Martinez,Goalkeeper,AVL,0.00,0.00
2210396,McGinn,John McGinn,Midfielder,AVL,0.07,0.15
2210396,Mings,Tyrone Mings,Defender,AVL,0.00,0.00
2210396,Targett,Matt Targett,Defender,AVL,0.05,0.07
2210396,Watkins,Ollie Watkins,Forward,AVL,0.02,0.00
2210396,Nakamba,Marvelous Nakamba,Midfielder,AVL,0.04,0.00
2210396,El Ghazi,Anwar El Ghazi,Midfielder,AVL,0.03,0.00
2210396,Buendía,Emiliano Buendía,Midfielder,AVL,0.01,0.00
2210396,Cash,Matthew Cash,Defender,AVL,0.00,0.07
2210396,Konsa Ngoyo,Ezri Konsa Ngoyo,Defender,AVL,0.00,0.03
2210396,Bailey,Leon Bailey,Midfielder,AVL,0.05,0.05
2210396,Douglas Luiz,Douglas Luiz Soares de Paulo,Midfielder,AVL,0.01,0.00
2210396,Ramsey (Jacob),Jacob Ramsey,Midfielder,AVL,0.01,0.00
2210396,Guaita,Vicente Guaita,Goalkeeper,CRY,0.00,0.00
2210396,Tomkins,James Tomkins,Defender,CRY,0.04,0.00
2210396,Benteke,Christian Benteke,Forward,CRY,0.01,0.38
2210396,Kouyaté,Cheikhou Kouyaté,Defender,CRY,0.45,0.00
2210396,Ward (Joel),Joel Ward,Defender,CRY,0.39,0.00
2210396,Milivojevic,Luka Milivojevic,Midfielder,CRY,0.01,0.00
2210396,Ayew,Jordan Ayew,Midfielder,CRY,0.00,0.02
2210396,Zaha,Wilfried Zaha,Midfielder,CRY,0.02,0.09
2210396,Edouard,Odsonne Edouard,Forward,CRY,0.01,0.06
2210396,Marc Guehi,Addji Keaninkin Marc-Israel Guehi,Defender,CRY,0.03,0.40
2210396,Eze,Eberechi Eze,Midfielder,CRY,0.02,0.00
2210396,Gallagher,Conor Gallagher,Midfielder,CRY,0.05,0.00
2210396,Mitchell,Tyrick Mitchell,Defender,CRY,0.08,0.00
2210396,Olise,Michael Olise,Midfielder,CRY,0.06,0.00
2210397,Schmeichel,Kasper Schmeichel,Goalkeeper,LEI,0.00,0.00
2210397,Evans,Jonny Evans,Defender,LEI,0.03,0.16
2210397,Albrighton,Marc Albrighton,Midfielder,LEI,0.00,0.00
2210397,Vardy,Jamie Vardy,Forward,LEI,0.04,0.31
2210397,Castagne,Timothy Castagne,Defender,LEI,0.19,0.00
2210397,Maddison,James Maddison,Midfielder,LEI,0.30,0.47
2210397,Barnes (Harvey),Harvey Barnes,Midfielder,LEI,0.02,0.27
2210397,Ndidi,Onyinye Wilfred Ndidi,Midfielder,LEI,0.01,0.15
2210397,Dewsbury-Hall,Kiernan Dewsbury-Hall,Midfielder,LEI,0.00,0.00
2210397,Söyüncü,Caglar Söyüncü,Defender,LEI,0.01,0.02
2210397,Lookman,Ademola Lookman,Midfielder,LEI,0.02,1.02
2210397,Soumaré,Boubakary Soumaré,Midfielder,LEI,0.01,0.00
2210397,Thomas (Luke),Luke Thomas,Defender,LEI,0.15,0.00
2210397,Cathcart,Craig Cathcart,Defender,WAT,0.00,0.00
2210397,Cleverley,Tom Cleverley,Midfielder,WAT,0.22,0.00
2210397,Sissoko,Moussa Sissoko,Midfielder,WAT,0.10,0.01
2210397,Femenía,Francisco Femenía Far,Defender,WAT,0.18,0.00
2210397,King,Joshua King,Forward,WAT,0.01,0.99
2210397,Tufan,Ozan Tufan,Midfielder,WAT,0.01,0.48
2210397,Troost-Ekong,William Troost-Ekong,Defender,WAT,0.00,0.10
2210397,Bachmann,Daniel Bachmann,Goalkeeper,WAT,0.00,0.00
2210397,Masina,Adam Masina,Defender,WAT,0.10,0.06
2210397,Fletcher,Ashley Fletcher,Forward,WAT,0.01,0.01
2210397,Dennis (Emmanuel),Emmanuel Bonaventure Dennis,Forward,WAT,0.01,0.70
2210397,Cucho,Juan Camilo Hernández,Forward,WAT,0.24,0.32
2210397,Louza,Imran Louza,Midfielder,WAT,0.00,0.00
2210397,João Pedro,João Pedro Junqueira de Jesus,Forward,WAT,0.01,0.11
2210398,Milner,James Milner,Midfielder,LIV,0.02,0.02
2210398,Henderson (Jordan),Jordan Henderson,Midfielder,LIV,0.13,0.05
2210398,Thiago Alcántara,Thiago Alcántara do Nascimento,Midfielder,LIV,0.03,0.06
2210398,Oxlade-Chamberlain,Alex Oxlade-Chamberlain,Midfielder,LIV,0.02,0.15
2210398,van Dijk,Virgil van Dijk,Defender,LIV,0.01,0.09
2210398,Mane,Sadio Mane,Midfielder,LIV,0.10,0.13
2210398,Alisson,Alisson Ramses Becker,Goalkeeper,LIV,0.00,0.00
2210398,Fabinho,Fabio Henrique Tavares,Midfielder,LIV,0.03,0.00
2210398,Salah,Mohamed Salah,Midfielder,LIV,0.05,0.11
2210398,Robertson,Andrew Robertson,Defender,LIV,0.88,0.00
2210398,Minamino,Takumi Minamino,Midfielder,LIV,0.00,0.00
2210398,Alexander-Arnold,Trent Alexander-Arnold,Defender,LIV,0.06,0.00
2210398,Diogo Jota,Diogo José Teixeira da Silva,Forward,LIV,0.04,2.35
2210398,Konaté,Ibrahima Konaté,Defender,LIV,0.00,0.00
2210398,McCarthy (Alex),Alex McCarthy,Goalkeeper,SOU,0.00,0.00
2210398,Romeu,Oriol Romeu,Midfielder,SOU,0.02,0.00
2210398,Redmond,Nathan Redmond,Midfielder,SOU,0.00,0.00
2210398,Ward-Prowse,James Ward-Prowse,Midfielder,SOU,0.03,0.00
2210398,Armstrong (Adam),Adam Armstrong,Forward,SOU,0.01,0.67
2210398,Walker-Peters,Kyle Walker-Peters,Defender,SOU,0.00,0.00
2210398,Bednarek,Jan Bednarek,Defender,SOU,0.00,0.07
2210398,Adams,Che Adams,Forward,SOU,0.07,0.00
2210398,Tella,Nathan Tella,Midfielder,SOU,0.16,0.00
2210398,Lyanco,Lyanco Evangelista Silveira Neves Vojnovic,Defender,SOU,0.00,0.00
2210398,Perraud,Romain Perraud,Defender,SOU,0.01,0.03
2210398,Broja,Armando Broja,Forward,SOU,0.01,0.30
2210398,Livramento,Valentino Livramento,Defender,SOU,0.04,0.00
2210398,Salisu,Mohammed Salisu,Defender,SOU,0.00,0.00
2210399,Fernandinho,Fernando Luiz Rosa,Midfielder,MCI,0.00,0.14
2210399,Walker (Kyle),Kyle Walker,Defender,MCI,0.04,0.03
2210399,Gundogan,Ilkay Gundogan,Midfielder,MCI,0.08,0.84
2210399,Mahrez,Riyad Mahrez,Midfielder,MCI,0.23,0.17
2210399,Sterling (Raheem),Raheem Sterling,Midfielder,MCI,0.32,0.07
2210399,João Cancelo,João Pedro Cavaco Cancelo,Defender,MCI,0.06,0.13
2210399,Ederson,Ederson Santana de Moraes,Goalkeeper,MCI,0.00,0.00
2210399,Laporte,Aymeric Laporte,Defender,MCI,0.02,0.09
2210399,Bernardo Silva,Bernardo Mota Veiga de Carvalho e Silva,Midfielder,MCI,0.07,0.13
2210399,Rúben Dias,Rúben Santos Gato Alves Dias,Defender,MCI,0.01,0.07
2210399,Jesus,Gabriel Fernando de Jesus,Forward,MCI,0.09,0.48
2210399,Rodri,Rodrigo Hernández Cascante,Midfielder,MCI,0.03,0.00
2210399,Fabianski,Lukasz Fabianski,Goalkeeper,WHU,0.00,0.00
2210399,Cresswell (Aaron),Aaron Cresswell,Defender,WHU,0.05,0.04
2210399,Antonio,Michail Antonio,Forward,WHU,0.23,0.00
2210399,Dawson,Craig Dawson,Defender,WHU,0.00,0.00
2210399,Lanzini,Manuel Lanzini,Midfielder,WHU,0.01,0.02
2210399,Zouma,Kurt Zouma,Defender,WHU,0.00,0.00
2210399,Masuaku,Arthur Masuaku,Defender,WHU,0.01,0.00
2210399,Coufal,Vladimir Coufal,Defender,WHU,0.05,0.00
2210399,Benrahma,Said Benrahma,Midfielder,WHU,0.00,0.07
2210399,Bowen,Jarrod Bowen,Midfielder,WHU,0.00,0.00
2210399,Rice,Declan Rice,Midfielder,WHU,0.02,0.03
2210399,Soucek,Tomas Soucek,Midfielder,WHU,0.01,0.02
2210399,Fornals,Pablo Fornals,Midfielder,WHU,0.03,0.00
2210399,Johnson,Ben Johnson,Defender,WHU,0.04,0.00
2210400,Krul,Tim Krul,Goalkeeper,NOR,0.00,0.00
2210400,Pukki,Teemu Pukki,Forward,NOR,0.03,0.91
2210400,Rupp,Lukas Rupp,Midfielder,NOR,0.51,0.26
2210400,Kenny McLean,Kenneth McLean,Midfielder,NOR,0.01,0.00
2210400,Gibson (Ben),Ben Gibson,Defender,NOR,0.01,0.00
2210400,Hanley,Grant Hanley,Defender,NOR,0.00,0.02
2210400,Dowell,Kieran Dowell,Midfielder,NOR,0.09,0.00
2210400,Mathias Normann,Mathias Antonsen Normann,Midfielder,NOR,0.01,0.00
2210400,Rashica,Milot Rashica,Midfielder,NOR,0.11,0.06
2210400,Sargent,Joshua Sargent,Forward,NOR,0.10,0.06
2210400,Williams (Brandon),Brandon Williams,Defender,NOR,0.03,0.00
2210400,Aarons,Maximillian Aarons,Defender,NOR,0.08,0.37
2210400,Gilmour,Billy Gilmour,Midfielder,NOR,0.11,0.00
2210400,Tzolis,Christos Tzolis,Midfielder,NOR,0.01,0.00
2210400,Moutinho,João Moutinho,Midfielder,WOL,0.03,0.08
2210400,Coady,Conor Coady,Defender,WOL,0.01,0.04
2210400,Raúl Jiménez,Raul Alonso Jimenez Rodriguez,Forward,WOL,0.01,0.13
2210400,Saiss,Romain Saiss,Defender,WOL,0.01,0.00
2210400,José Sá,José Pedro Malheiro de Sá,Goalkeeper,WOL,0.00,0.00
2210400,Dendoncker (Leander),Leander Dendoncker,Midfielder,WOL,0.00,0.00
2210400,Traoré,Adama Traoré,Midfielder,WOL,0.00,0.00
2210400,Ruben Neves,Rúben Diogo da Silva Neves,Midfielder,WOL,0.02,0.00
2210400,Hwang Hee-Chan,Hee-Chan Hwang,Midfielder,WOL,0.04,0.00
2210400,Semedo,Nelson Semedo,Defender,WOL,0.02,0.00
2210400,Kilman,Max Kilman,Defender,WOL,0.04,0.00
2210400,Trincão,Francisco António Machado Trincão,Midfielder,WOL,0.13,0.00
2210400,Hoever,Ki-Jana Hoever,Defender,WOL,0.00,0.00
2210400,Ait Nouri,Rayan Ait Nouri,Defender,WOL,0.06,0.02
2210401,Young (Ashley),Ashley Young,Defender,AVL,0.00,0.00
2210401,Martinez,Emiliano Martinez,Goalkeeper,AVL,0.00,0.00
2210401,Sanson,Morgan Sanson,Midfielder,AVL,0.00,0.00
2210401,McGinn,John McGinn,Midfielder,AVL,0.06,0.00
2210401,Mings,Tyrone Mings,Defender,AVL,0.03,0.09
2210401,Targett,Matt Targett,Defender,AVL,0.00,0.00
2210401,Watkins,Ollie Watkins,Forward,AVL,0.24,0.04
2210401,Nakamba,Marvelous Nakamba,Midfielder,AVL,0.01,0.00
2210401,Buendía,Emiliano Buendía,Midfielder,AVL,0.35,0.10
2210401,Cash,Matthew Cash,Defender,AVL,0.01,0.00
2210401,Konsa Ngoyo,Ezri Konsa Ngoyo,Defender,AVL,0.00,0.01
2210401,Bailey,Leon Bailey,Midfielder,AVL,0.00,0.10
2210401,Douglas Luiz,Douglas Luiz Soares de Paulo,Midfielder,AVL,0.09,0.00
2210401,Chukwuemeka (Carney),Carney Chukwuemeka,Midfielder,AVL,0.00,0.44
2210401,Fernandinho,Fernando Luiz Rosa,Midfielder,MCI,0.06,0.00
2210401,Mahrez,Riyad Mahrez,Midfielder,MCI,0.08,0.08
2210401,Sterling (Raheem),Raheem Sterling,Midfielder,MCI,0.10,0.00
2210401,Grealish,Jack Grealish,Midfielder,MCI,0.00,0.00
2210401,João Cancelo,João Pedro Cavaco Cancelo,Defender,MCI,0.06,0.03
2210401,Ederson,Ederson Santana de Moraes,Goalkeeper,MCI,0.00,0.00
2210401,Aké,Nathan Aké,Defender,MCI,0.00,0.00
2210401,Bernardo Silva,Bernardo Mota Veiga de Carvalho e Silva,Midfielder,MCI,0.07,0.28
2210401,Rúben Dias,Rúben Santos Gato Alves Dias,Defender,MCI,0.00,0.07
2210401,Jesus,Gabriel Fernando de Jesus,Forward,MCI,0.10,0.40
2210401,Zinchenko,Oleksandr Zinchenko,Defender,MCI,0.04,0.06
2210401,Rodri,Rodrigo Hernández Cascante,Midfielder,MCI,0.05,0.05
2210402,Delph,Fabian Delph,Midfielder,EVE,0.01,0.00
2210402,Rondón,Salomón Rondón,Forward,EVE,0.02,0.00
2210402,Coleman,Seamus Coleman,Defender,EVE,0.00,0.00
2210402,Townsend,Andros Townsend,Midfielder,EVE,0.07,0.11
2210402,Tosun,Cenk Tosun,Forward,EVE,0.00,0.00
2210402,Digne,Lucas Digne,Defender,EVE,0.01,0.00
2210402,Keane,Michael Keane,Defender,EVE,0.01,0.00
2210402,Pickford,Jordan Pickford,Goalkeeper,EVE,0.01,0.00
2210402,Allan,Allan Marques Loureiro,Midfielder,EVE,0.02,0.00
2210402,Doucouré,Abdoulaye Doucouré,Midfielder,EVE,0.01,0.15
2210402,Gray (Demarai),Demarai Gray,Midfielder,EVE,0.11,0.39
2210402,Godfrey,Ben Godfrey,Defender,EVE,0.00,0.00
2210402,Richarlison,Richarlison de Andrade,Forward,EVE,0.01,0.07
2210402,Gordon (Anthony),Anthony Gordon,Midfielder,EVE,0.01,0.00
2210402,Milner,James Milner,Midfielder,LIV,0.02,0.00
2210402,Henderson (Jordan),Jordan Henderson,Midfielder,LIV,0.24,0.10
2210402,Matip,Joel Matip,Defender,LIV,0.00,0.09
2210402,Thiago Alcántara,Thiago Alcántara do Nascimento,Midfielder,LIV,0.03,0.09
2210402,Oxlade-Chamberlain,Alex Oxlade-Chamberlain,Midfielder,LIV,0.00,0.00
2210402,van Dijk,Virgil van Dijk,Defender,LIV,0.01,0.06
2210402,Mane,Sadio Mane,Midfielder,LIV,0.15,0.51
2210402,Alisson,Alisson Ramses Becker,Goalkeeper,LIV,0.00,0.00
2210402,Fabinho,Fabio Henrique Tavares,Midfielder,LIV,0.02,0.00
2210402,Salah,Mohamed Salah,Midfielder,LIV,0.10,1.24
2210402,Robertson,Andrew Robertson,Defender,LIV,0.18,0.00
2210402,Minamino,Takumi Minamino,Midfielder,LIV,0.00,0.00
2210402,Alexander-Arnold,Trent Alexander-Arnold,Defender,LIV,0.36,0.05
2210402,Diogo Jota,Diogo José Teixeira da Silva,Forward,LIV,0.36,0.50
2210403,Guaita,Vicente Guaita,Goalkeeper,CRY,0.00,0.00
2210403,Tomkins,James Tomkins,Defender,CRY,0.00,0.00
2210403,Benteke,Christian Benteke,Forward,CRY,0.00,0.70
2210403,Kouyaté,Cheikhou Kouyaté,Defender,CRY,0.00,0.00
2210403,Ward (Joel),Joel Ward,Defender,CRY,0.04,0.00
2210403,Ayew,Jordan Ayew,Midfielder,CRY,0.34,0.11
2210403,Zaha,Wilfried Zaha,Midfielder,CRY,0.42,0.06
2210403,Schlupp,Jeffrey Schlupp,Midfielder,CRY,0.03,0.03
2210403,Hughes (Will),Will Hughes,Midfielder,CRY,0.00,0.00
2210403,Edouard,Odsonne Edouard,Forward,CRY,0.01,0.00
2210403,Marc Guehi,Addji Keaninkin Marc-Israel Guehi,Defender,CRY,0.00,0.00
2210403,Gallagher,Conor Gallagher,Midfielder,CRY,0.09,0.24
2210403,Mitchell,Tyrick Mitchell,Defender,CRY,0.05,0.00
2210403,Olise,Michael Olise,Midfielder,CRY,0.00,0.00
2210403,Cooper,Liam Cooper,Defender,LEE,0.01,0.04
2210403,Klich,Mateusz Klich,Midfielder,LEE,0.00,0.00
2210403,Forshaw,Adam Forshaw,Midfielder,LEE,0.02,0.14
2210403,Rodrigo,Rodrigo Moreno Machado,Midfielder,LEE,0.01,0.07
2210403,Dallas,Stuart Dallas,Defender,LEE,0.10,0.05
2210403,Diego Llorente,Diego Javier Llorente Ríos,Defender,LEE,0.01,0.00
2210403,Phillips (Kalvin),Kalvin Phillips,Midfielder,LEE,0.01,0.08
2210403,Roberts (Tyler),Tyler Roberts,Midfielder,LEE,0.01,0.02
2210403,James (Daniel),Daniel James,Midfielder,LEE,0.34,0.20
2210403,Raphinha,Raphael Dias Belloli,Midfielder,LEE,0.05,0.81
2210403,Struijk,Pascal Struijk,Defender,LEE,0.01,0.00
2210403,Meslier,Illan Meslier,Goalkeeper,LEE,0.00,0.00
2210403,Firpo,Junior Firpo,Defender,LEE,0.02,0.00
2210403,Cresswell (Charlie),Charlie Cresswell,Defender,LEE,0.00,0.00
2210404,Aubameyang,Pierre-Emerick Aubameyang,Forward,ARS,0.01,0.62
2210404,Lacazette,Alexandre Lacazette,Forward,ARS,0.00,0.00
2210404,Elneny,Mohamed Elneny,Midfielder,ARS,0.07,0.02
2210404,Partey,Thomas Partey,Midfielder,ARS,0.05,0.07
2210404,Odegaard,Martin Odegaard,Midfielder,ARS,0.16,0.17
2210404,White (Ben),Ben White,Defender,ARS,0.13,0.05
2210404,Eddie Nketiah,Edward Nketiah,Forward,ARS,0.01,0.00
2210404,Smith-Rowe,Emile Smith-Rowe,Midfielder,ARS,0.03,0.02
2210404,Saka,Bukayo Saka,Midfielder,ARS,0.01,0.04
2210404,Tomiyasu,Takehiro Tomiyasu,Defender,ARS,0.08,0.00
2210404,Ramsdale,Aaron Ramsdale,Goalkeeper,ARS,0.00,0.00
2210404,Gabriel Magalhães,Gabriel dos Santos Magalhães,Defender,ARS,0.00,0.08
2210404,Nuno Tavares,Nuno Tavares,Defender,ARS,0.03,0.10
2210404,Martinelli,Gabriel Teodoro Martinelli Silva,Midfielder,ARS,0.07,0.29
2210404,Cristiano Ronaldo,Cristiano Ronaldo dos Santos Aveiro,Forward,MUN,0.06,1.54
2210404,De Gea,David De Gea,Goalkeeper,MUN,0.00,0.00
2210404,Maguire,Harry Maguire,Defender,MUN,0.03,0.04
2210404,Fred,Frederico Rodrigues de Paula Santos,Midfielder,MUN,0.19,0.00
2210404,Lingard,Jesse Lingard,Midfielder,MUN,0.00,0.02
2210404,Bruno Fernandes,Bruno Miguel Borges Fernandes,Midfielder,MUN,0.06,0.27
2210404,Martial,Anthony Martial,Forward,MUN,0.00,0.00
2210404,Alex Telles,Alex Nicolao Telles,Defender,MUN,0.02,0.00
2210404,Rashford,Marcus Rashford,Midfielder,MUN,0.26,0.03
2210404,van de Beek,Donny van de Beek,Midfielder,MUN,0.00,0.00
2210404,Lindelof,Victor Nilsson-Lindelof,Defender,MUN,0.01,0.01
2210404,McTominay,Scott McTominay,Midfielder,MUN,0.01,0.00
2210404,Sancho,Jadon Sancho,Midfielder,MUN,0.12,0.00
2210404,Dalot,José Diogo Dalot Teixeira,Defender,MUN,0.02,0.02
2210405,Azpilicueta,César Azpilicueta,Defender,CHE,0.02,0.01
2210405,Thiago Silva,Thiago Emiliano da Silva,Defender,CHE,0.00,0.00
2210405,Lukaku,Romelu Lukaku,Forward,CHE,0.00,0.00
2210405,Alonso,Marcos Alonso,Defender,CHE,0.09,0.00
2210405,Ñíguez,Saúl Ñíguez,Midfielder,CHE,0.00,0.24
2210405,Rüdiger,Antonio Rüdiger,Defender,CHE,0.01,0.00
2210405,Ziyech,Hakim Ziyech,Midfielder,CHE,0.02,0.29
2210405,Loftus-Cheek,Ruben Loftus-Cheek,Midfielder,CHE,0.15,0.04
2210405,Christensen,Andreas Christensen,Defender,CHE,0.01,0.00
2210405,Pulisic,Christian Pulisic,Midfielder,CHE,0.04,0.00
2210405,Chalobah (Trevoh),Trevoh Chalobah,Defender,CHE,0.00,0.00
2210405,Mount,Mason Mount,Midfielder,CHE,0.08,0.30
2210405,Havertz,Kai Havertz,Forward,CHE,0.26,0.04
2210405,Mendy (Edouard),Edouard Mendy,Goalkeeper,CHE,0.00,0.00
2210405,Rose,Danny Rose,Defender,WAT,0.02,0.14
2210405,Cathcart,Craig Cathcart,Defender,WAT,0.00,0.00
2210405,Cleverley,Tom Cleverley,Midfielder,WAT,0.06,0.06
2210405,Sissoko,Moussa Sissoko,Midfielder,WAT,0.03,0.45
2210405,Femenía,Francisco Femenía Far,Defender,WAT,0.04,0.04
2210405,Kucka,Juraj Kucka,Midfielder,WAT,0.00,0.08
2210405,King,Joshua King,Forward,WAT,0.05,0.03
2210405,Troost-Ekong,William Troost-Ekong,Defender,WAT,0.00,0.00
2210405,Bachmann,Daniel Bachmann,Goalkeeper,WAT,0.01,0.00
2210405,Masina,Adam Masina,Defender,WAT,0.00,0.00
2210405,Dennis (Emmanuel),Emmanuel Bonaventure Dennis,Forward,WAT,0.36,0.07
2210405,Ngakia,Jeremy Ngakia,Defender,WAT,0.02,0.00
2210405,Louza,Imran Louza,Midfielder,WAT,0.03,0.09
2210405,João Pedro,João Pedro Junqueira de Jesus,Forward,WAT,0.21,0.06
2210406,Lallana,Adam Lallana,Midfielder,BHA,0.08,0.20
2210406,Duffy,Shane Duffy,Defender,BHA,0.00,0.00
2210406,Dunk,Lewis Dunk,Defender,BHA,0.01,0.21
2210406,March,Solomon March,Midfielder,BHA,0.14,0.00
2210406,Webster (Adam),Adam Webster,Defender,BHA,0.00,0.00
2210406,Veltman,Joël Veltman,Defender,BHA,0.01,0.08
2210406,Maupay,Neal Maupay,Forward,BHA,0.43,0.34
2210406,Trossard,Leandro Trossard,Midfielder,BHA,0.12,0.04
2210406,Cucurella,Marc Cucurella,Defender,BHA,0.03,0.01
2210406,Sanchez,Robert Sanchez,Goalkeeper,BHA,0.00,0.00
2210406,Bissouma,Yves Bissouma,Midfielder,BHA,0.09,0.00
2210406,Lamptey,Tariq Lamptey,Defender,BHA,0.14,0.00
2210406,Moder,Jakub Moder,Midfielder,BHA,0.13,0.44
2210406,Sarmiento,Jeremy Sarmiento,Midfielder,BHA,0.00,0.00
2210406,Fabianski,Lukasz Fabianski,Goalkeeper,WHU,0.00,0.00
2210406,Antonio,Michail Antonio,Forward,WHU,0.05,0.07
2210406,Dawson,Craig Dawson,Defender,WHU,0.00,0.00
2210406,Lanzini,Manuel Lanzini,Midfielder,WHU,0.01,0.00
2210406,Zouma,Kurt Zouma,Defender,WHU,0.00,0.08
2210406,Masuaku,Arthur Masuaku,Defender,WHU,0.01,0.00
2210406,Coufal,Vladimir Coufal,Defender,WHU,0.11,0.12
2210406,Benrahma,Said Benrahma,Midfielder,WHU,0.02,0.03
2210406,Bowen,Jarrod Bowen,Midfielder,WHU,0.01,0.21
2210406,Rice,Declan Rice,Midfielder,WHU,0.11,0.04
2210406,Soucek,Tomas Soucek,Midfielder,WHU,0.01,0.64
2210406,Fornals,Pablo Fornals,Midfielder,WHU,0.25,0.12
2210406,Johnson,Ben Johnson,Defender,WHU,0.01,0.00
2210407,Lennon,Aaron Lennon,Midfielder,BUR,0.00,0.00
2210407,Cork,Jack Cork,Midfielder,BUR,0.00,0.00
2210407,Rodriguez,Jay Rodriguez,Forward,BUR,0.00,0.05
2210407,Mee,Ben Mee,Defender,BUR,0.00,0.00
2210407,Gudmundsson,Johann Berg Gudmundsson,Midfielder,BUR,0.02,0.00
2210407,Wood,Chris Wood,Forward,BUR,0.02,0.03
2210407,Lowton,Matthew Lowton,Defender,BUR,0.06,0.02
2210407,Vydra,Matej Vydra,Forward,BUR,0.00,0.00
2210407,Pope,Nick Pope,Goalkeeper,BUR,0.00,0.00
2210407,Taylor (Charlie),Charlie Taylor,Defender,BUR,0.01,0.01
2210407,Cornet,Maxwel Cornet,Midfielder,BUR,0.19,0.00
2210407,Brownhill,Josh Brownhill,Midfielder,BUR,0.25,0.00
2210407,Collins,Nathan Collins,Defender,BUR,0.03,0.00
2210407,McNeil,Dwight McNeil,Midfielder,BUR,0.06,0.10
2210407,Moutinho,João Moutinho,Midfielder,WOL,0.07,0.02
2210407,Coady,Conor Coady,Defender,WOL,0.01,0.00
2210407,Raúl Jiménez,Raul Alonso Jimenez Rodriguez,Forward,WOL,0.11,0.09
2210407,Saiss,Romain Saiss,Defender,WOL,0.01,0.03
2210407,José Sá,José Pedro Malheiro de Sá,Goalkeeper,WOL,0.00,0.00
2210407,Dendoncker (Leander),Leander Dendoncker,Midfielder,WOL,0.04,0.05
2210407,Traoré,Adama Traoré,Midfielder,WOL,0.12,0.23
2210407,Hwang Hee-Chan,Hee-Chan Hwang,Midfielder,WOL,0.05,0.16
2210407,Semedo,Nelson Semedo,Defender,WOL,0.12,0.04
2210407,Kilman,Max Kilman,Defender,WOL,0.02,0.00
2210407,Trincão,Francisco António Machado Trincão,Midfielder,WOL,0.02,0.03
2210407,Ait Nouri,Rayan Ait Nouri,Defender,WOL,0.06,0.06
2210408,Shelvey,Jonjo Shelvey,Midfielder,NEW,0.07,0.03
2210408,Fernández,Federico Fernández,Defender,NEW,0.00,0.04
2210408,Clark,Ciaran Clark,Defender,NEW,0.00,0.00
2210408,Dubravka,Martin Dubravka,Goalkeeper,NEW,0.00,0.00
2210408,Wilson (Callum),Callum Wilson,Forward,NEW,0.01,0.91
2210408,Fraser,Ryan Fraser,Midfielder,NEW,0.03,0.04
2210408,Manquillo,Javier Manquillo,Defender,NEW,0.00,0.00
2210408,Schär,Fabian Schär,Defender,NEW,0.00,0.00
2210408,Hayden (Isaac),Isaac Hayden,Midfielder,NEW,0.00,0.03
2210408,Saint-Maximin,Allan Saint-Maximin,Midfielder,NEW,0.02,0.08
2210408,Almirón,Miguel Almirón,Midfielder,NEW,0.00,0.00
2210408,Joelinton,Joelinton Cássio Apolinário de Lira,Midfielder,NEW,0.01,0.04
2210408,Lewis (Jamal),Jamal Lewis,Defender,NEW,0.00,0.00
2210408,Willock,Joseph Willock,Midfielder,NEW,0.02,0.00
2210408,Krul,Tim Krul,Goalkeeper,NOR,0.00,0.00
2210408,Pukki,Teemu Pukki,Forward,NOR,0.01,0.15
2210408,Rupp,Lukas Rupp,Midfielder,NOR,0.03,0.03
2210408,Kenny McLean,Kenneth McLean,Midfielder,NOR,0.03,0.03
2210408,Gibson (Ben),Ben Gibson,Defender,NOR,0.08,0.00
2210408,Hanley,Grant Hanley,Defender,NOR,0.01,0.08
2210408,Giannoulis,Dimitrios Giannoulis,Defender,NOR,0.23,0.00
2210408,Lees-Melou,Pierre Lees-Melou,Midfielder,NOR,0.07,0.35
2210408,Sargent,Joshua Sargent,Forward,NOR,0.01,0.25
2210408,Williams (Brandon),Brandon Williams,Defender,NOR,0.13,0.00
2210408,Aarons,Maximillian Aarons,Defender,NOR,0.10,0.00
2210408,Gilmour,Billy Gilmour,Midfielder,NOR,0.21,0.06
2210408,Idah,Adam Idah,Forward,NOR,0.00,0.04
2210408,Tzolis,Christos Tzolis,Midfielder,NOR,0.21,0.22
2210409,Schmeichel,Kasper Schmeichel,Goalkeeper,LEI,0.00,0.00
2210409,Evans,Jonny Evans,Defender,LEI,0.00,0.23
2210409,Vardy,Jamie Vardy,Forward,LEI,0.03,0.57
2210409,Castagne,Timothy Castagne,Defender,LEI,0.02,0.00
2210409,Ayoze Pérez,Ayoze Pérez Gutiérrez,Midfielder,LEI,0.00,0.09
2210409,Maddison,James Maddison,Midfielder,LEI,0.10,0.22
2210409,Barnes (Harvey),Harvey Barnes,Midfielder,LEI,0.20,0.26
2210409,Ndidi,Onyinye Wilfred Ndidi,Midfielder,LEI,0.00,0.08
2210409,Dewsbury-Hall,Kiernan Dewsbury-Hall,Midfielder,LEI,0.01,0.09
2210409,Söyüncü,Caglar Söyüncü,Defender,LEI,0.01,0.00
2210409,Lookman,Ademola Lookman,Midfielder,LEI,0.05,0.00
2210409,Soumaré,Boubakary Soumaré,Midfielder,LEI,0.06,0.00
2210409,Thomas (Luke),Luke Thomas,Defender,LEI,0.02,0.00
2210409,Daka,Patson Daka,Forward,LEI,0.01,0.00
2210409,McCarthy (Alex),Alex McCarthy,Goalkeeper,SOU,0.00,0.00
2210409,Romeu,Oriol Romeu,Midfielder,SOU,0.05,0.00
2210409,Redmond,Nathan Redmond,Midfielder,SOU,0.32,0.02
2210409,Elyounoussi,Mohammed Elyounoussi,Midfielder,SOU,0.02,0.04
2210409,Ward-Prowse,James Ward-Prowse,Midfielder,SOU,0.37,0.00
2210409,Armstrong (Adam),Adam Armstrong,Forward,SOU,0.04,0.02
2210409,Walker-Peters,Kyle Walker-Peters,Defender,SOU,0.01,0.06
2210409,Bednarek,Jan Bednarek,Defender,SOU,0.07,0.43
2210409,Adams,Che Adams,Forward,SOU,0.16,0.33
2210409,Tella,Nathan Tella,Midfielder,SOU,0.05,0.28
2210409,Lyanco,Lyanco Evangelista Silveira Neves Vojnovic,Defender,SOU,0.00,0.00
2210409,Broja,Armando Broja,Forward,SOU,0.00,0.00
2210409,Livramento,Valentino Livramento,Defender,SOU,0.01,0.00
2210409,Salisu,Mohammed Salisu,Defender,SOU,0.01,0.34
2210410,Jansson,Pontus Jansson,Defender,BRE,0.05,0.03
2210410,Norgaard,Christian Norgaard,Midfielder,BRE,0.09,0.00
2210410,Toney,Ivan Toney,Forward,BRE,0.04,0.23
2210410,Canos,Sergi Canos,Defender,BRE,0.01,0.00
2210410,Henry,Rico Henry,Defender,BRE,0.01,0.00
2210410,Janelt,Vitaly Janelt,Midfielder,BRE,0.02,0.00
2210410,Jensen,Mathias Jensen,Midfielder,BRE,0.00,0.00
2210410,Goode,Charlie Goode,Defender,BRE,0.38,0.00
2210410,Wissa,Yoane Wissa,Midfielder,BRE,0.00,0.00
2210410,Pinnock,Ethan Pinnock,Defender,BRE,0.00,0.00
2210410,Fernández (Álvaro),Álvaro Fernández,Goalkeeper,BRE,0.00,0.00
2210410,Onyeka,Frank Onyeka,Midfielder,BRE,0.01,0.00
2210410,Baptiste (Shandon),Shandon Baptiste,Midfielder,BRE,0.05,0.00
2210410,Mbeumo,Bryan Mbeumo,Forward,BRE,0.06,0.02
2210410,Lloris,Hugo Lloris,Goalkeeper,TOT,0.00,0.00
2210410,Kane,Harry Kane,Forward,TOT,0.36,0.26
2210410,Son,Heung-Min Son,Midfielder,TOT,0.02,0.89
2210410,Dier,Eric Dier,Defender,TOT,0.00,0.00
2210410,Lucas Moura,Lucas Rodrigues Moura da Silva,Midfielder,TOT,0.04,0.09
2210410,Davies (Ben),Ben Davies,Defender,TOT,0.01,0.06
2210410,Højbjerg,Pierre-Emile Højbjerg,Midfielder,TOT,0.02,0.30
2210410,Winks,Harry Winks,Midfielder,TOT,0.01,0.00
2210410,Sánchez (Davinson),Davinson Sánchez,Defender,TOT,0.00,0.25
2210410,Bergwijn,Steven Bergwijn,Midfielder,TOT,0.00,0.00
2210410,Reguilón,Sergio Reguilón,Defender,TOT,0.87,0.09
2210410,Tanganga,Japhet Tanganga,Defender,TOT,0.00,0.02
2210410,Skipp,Oliver Skipp,Midfielder,TOT,0.31,0.00
2210410,Emerson Royal,Emerson Aparecido Leite de Souza Junior,Defender,TOT,0.03,0.00
2210411,Young (Ashley),Ashley Young,Defender,AVL,0.01,0.07
2210411,Martinez,Emiliano Martinez,Goalkeeper,AVL,0.00,0.00
2210411,Sanson,Morgan Sanson,Midfielder,AVL,0.00,0.00
2210411,McGinn,John McGinn,Midfielder,AVL,0.99,0.00
2210411,Mings,Tyrone Mings,Defender,AVL,0.00,0.00
2210411,Watkins,Ollie Watkins,Forward,AVL,0.05,0.66
2210411,Tuanzebe,Axel Tuanzebe,Defender,AVL,0.00,0.00
2210411,Nakamba,Marvelous Nakamba,Midfielder,AVL,0.01,0.00
2210411,Buendía,Emiliano Buendía,Midfielder,AVL,0.03,0.12
2210411,Cash,Matthew Cash,Defender,AVL,0.17,0.19
2210411,Konsa Ngoyo,Ezri Konsa Ngoyo,Defender,AVL,0.00,0.62
2210411,Douglas Luiz,Douglas Luiz Soares de Paulo,Midfielder,AVL,0.02,0.02
2210411,Ramsey (Jacob),Jacob Ramsey,Midfielder,AVL,0.04,0.54
2210411,Chukwuemeka (Carney),Carney Chukwuemeka,Midfielder,AVL,0.01,0.00
2210411,Schmeichel,Kasper Schmeichel,Goalkeeper,LEI,0.01,0.00
2210411,Evans,Jonny Evans,Defender,LEI,0.14,0.00
2210411,Vardy,Jamie Vardy,Forward,LEI,0.01,0.00
2210411,Castagne,Timothy Castagne,Defender,LEI,0.07,0.00
2210411,Ayoze Pérez,Ayoze Pérez Gutiérrez,Midfielder,LEI,0.02,0.04
2210411,Maddison,James Maddison,Midfielder,LEI,0.05,0.42
2210411,Iheanacho,Kelechi Iheanacho,Forward,LEI,0.00,0.00
2210411,Barnes (Harvey),Harvey Barnes,Midfielder,LEI,0.06,0.13
2210411,Ndidi,Onyinye Wilfred Ndidi,Midfielder,LEI,0.02,0.00
2210411,Dewsbury-Hall,Kiernan Dewsbury-Hall,Midfielder,LEI,0.04,0.30
2210411,Söyüncü,Caglar Söyüncü,Defender,LEI,0.05,0.00
2210411,Lookman,Ademola Lookman,Midfielder,LEI,0.13,0.00
2210411,Thomas (Luke),Luke Thomas,Defender,LEI,0.14,0.05
2210411,Daka,Patson Daka,Forward,LEI,0.06,0.13
2210412,Aubameyang,Pierre-Emerick Aubameyang,Forward,ARS,0.00,0.13
2210412,Lacazette,Alexandre Lacazette,Forward,ARS,0.01,0.00
2210412,Xhaka,Granit Xhaka,Midfielder,ARS,0.02,0.00
2210412,Partey,Thomas Partey,Midfielder,ARS,0.02,0.03
2210412,Odegaard,Martin Odegaard,Midfielder,ARS,0.25,0.40
2210412,Tierney,Kieran Tierney,Defender,ARS,0.01,0.00
2210412,White (Ben),Ben White,Defender,ARS,0.00,0.00
2210412,Eddie Nketiah,Edward Nketiah,Forward,ARS,0.12,0.28
2210412,Saka,Bukayo Saka,Midfielder,ARS,0.28,0.03
2210412,Tomiyasu,Takehiro Tomiyasu,Defender,ARS,0.02,0.00
2210412,Ramsdale,Aaron Ramsdale,Goalkeeper,ARS,0.00,0.00
2210412,Gabriel Magalhães,Gabriel dos Santos Magalhães,Defender,ARS,0.01,0.10
2210412,Nuno Tavares,Nuno Tavares,Defender,ARS,0.00,0.00
2210412,Martinelli,Gabriel Teodoro Martinelli Silva,Midfielder,ARS,0.00,0.03
2210412,Coleman,Seamus Coleman,Defender,EVE,0.04,0.00
2210412,Townsend,Andros Townsend,Midfielder,EVE,0.03,0.00
2210412,Keane,Michael Keane,Defender,EVE,0.01,0.08
2210412,Pickford,Jordan Pickford,Goalkeeper,EVE,0.00,0.00
2210412,Allan,Allan Marques Loureiro,Midfielder,EVE,0.01,0.00
2210412,André Gomes,André Filipe Tavares Gomes,Midfielder,EVE,0.00,0.04
2210412,Doucouré,Abdoulaye Doucouré,Midfielder,EVE,0.01,0.11
2210412,Iwobi,Alex Iwobi,Midfielder,EVE,0.00,0.14
2210412,Mina,Yerry Mina,Defender,EVE,0.00,0.00
2210412,Gray (Demarai),Demarai Gray,Midfielder,EVE,0.06,0.12
2210412,Holgate,Mason Holgate,Defender,EVE,0.00,0.00
2210412,Godfrey,Ben Godfrey,Defender,EVE,0.01,0.00
2210412,Richarlison,Richarlison de Andrade,Forward,EVE,0.36,0.37
2210412,Gordon (Anthony),Anthony Gordon,Midfielder,EVE,0.01,0.10
2210413,Jansson,Pontus Jansson,Defender,BRE,0.01,0.00
2210413,Norgaard,Christian Norgaard,Midfielder,BRE,0.08,0.00
2210413,Canos,Sergi Canos,Defender,BRE,0.02,0.70
2210413,Henry,Rico Henry,Defender,BRE,0.02,0.00
2210413,Janelt,Vitaly Janelt,Midfielder,BRE,0.10,0.00
2210413,Jensen,Mathias Jensen,Midfielder,BRE,0.00,0.00
2210413,Goode,Charlie Goode,Defender,BRE,0.02,0.00
2210413,Wissa,Yoane Wissa,Midfielder,BRE,0.00,0.00
2210413,Roerslev,Mads Roerslev,Defender,BRE,0.22,0.00
2210413,Pinnock,Ethan Pinnock,Defender,BRE,0.05,0.00
2210413,Fernández (Álvaro),Álvaro Fernández,Goalkeeper,BRE,0.00,0.00
2210413,Onyeka,Frank Onyeka,Midfielder,BRE,0.00,0.00
2210413,Baptiste (Shandon),Shandon Baptiste,Midfielder,BRE,0.03,0.12
2210413,Mbeumo,Bryan Mbeumo,Forward,BRE,0.09,0.23
2210413,Cooper,Liam Cooper,Defender,LEE,0.00,0.00
2210413,Ayling,Luke Ayling,Defender,LEE,0.01,0.18
2210413,Klich,Mateusz Klich,Midfielder,LEE,0.00,0.06
2210413,Forshaw,Adam Forshaw,Midfielder,LEE,0.04,0.00
2210413,Dallas,Stuart Dallas,Defender,LEE,0.02,0.02
2210413,Bamford,Patrick Bamford,Forward,LEE,0.00,0.19
2210413,Diego Llorente,Diego Javier Llorente Ríos,Defender,LEE,0.01,0.00
2210413,Phillips (Kalvin),Kalvin Phillips,Midfielder,LEE,0.01,0.02
2210413,Roberts (Tyler),Tyler Roberts,Midfielder,LEE,0.05,0.75
2210413,James (Daniel),Daniel James,Midfielder,LEE,0.09,0.00
2210413,Raphinha,Raphael Dias Belloli,Midfielder,LEE,0.48,0.02
2210413,Harrison,Jack Harrison,Midfielder,LEE,0.02,0.00
2210413,Meslier,Illan Meslier,Goalkeeper,LEE,0.00,0.00
2210413,Firpo,Junior Firpo,Defender,LEE,0.08,0.00
2210414,Guaita,Vicente Guaita,Goalkeeper,CRY,0.00,0.00
2210414,Tomkins,James Tomkins,Defender,CRY,0.06,0.01
2210414,Benteke,Christian Benteke,Forward,CRY,0.00,0.35
2210414,Kouyaté,Cheikhou Kouyaté,Defender,CRY,0.01,0.01
2210414,Clyne,Nathaniel Clyne,Defender,CRY,0.00,0.00
2210414,Ayew,Jordan Ayew,Midfielder,CRY,0.01,0.12
2210414,Zaha,Wilfried Zaha,Midfielder,CRY,0.25,0.02
2210414,Schlupp,Jeffrey Schlupp,Midfielder,CRY,0.01,0.00
2210414,Edouard,Odsonne Edouard,Forward,CRY,0.00,0.00
2210414,Marc Guehi,Addji Keaninkin Marc-Israel Guehi,Defender,CRY,0.00,0.00
2210414,Eze,Eberechi Eze,Midfielder,CRY,0.00,0.00
2210414,Gallagher,Conor Gallagher,Midfielder,CRY,0.10,0.02
2210414,Mitchell,Tyrick Mitchell,Defender,CRY,0.06,0.00
2210414,Olise,Michael Olise,Midfielder,CRY,0.00,0.00
2210414,Cristiano Ronaldo,Cristiano Ronaldo dos Santos Aveiro,Forward,MUN,0.03,0.31
2210414,De Gea,David De Gea,Goalkeeper,MUN,0.00,0.00
2210414,Maguire,Harry Maguire,Defender,MUN,0.01,0.00
2210414,Fred,Frederico Rodrigues de Paula Santos,Midfielder,MUN,0.04,0.17
2210414,Bruno Fernandes,Bruno Miguel Borges Fernandes,Midfielder,MUN,0.35,0.16
2210414,Alex Telles,Alex Nicolao Telles,Defender,MUN,0.22,0.06
2210414,Rashford,Marcus Rashford,Midfielder,MUN,0.20,0.00
2210414,van de Beek,Donny van de Beek,Midfielder,MUN,0.00,0.00
2210414,Lindelof,Victor Nilsson-Lindelof,Defender,MUN,0.01,0.00
2210414,McTominay,Scott McTominay,Midfielder,MUN,0.05,0.06
2210414,Sancho,Jadon Sancho,Midfielder,MUN,0.13,0.03
2210414,Dalot,José Diogo Dalot Teixeira,Defender,MUN,0.08,0.11
2210414,Greenwood (Mason),Mason Greenwood,Midfielder,MUN,0.03,0.06
2210414,Elanga,Anthony Elanga,Midfielder,MUN,0.00,0.00
2210415,Tarkowski,James Tarkowski,Defender,BUR,0.00,0.24
2210415,Rodriguez,Jay Rodriguez,Forward,BUR,0.00,0.00
2210415,Westwood,Ashley Roy Westwood,Midfielder,BUR,0.20,0.00
2210415,Gudmundsson,Johann Berg Gudmundsson,Midfielder,BUR,0.01,0.11
2210415,Wood,Chris Wood,Forward,BUR,0.09,0.00
2210415,Lowton,Matthew Lowton,Defender,BUR,0.03,0.00
2210415,Vydra,Matej Vydra,Forward,BUR,0.04,0.18
2210415,Pope,Nick Pope,Goalkeeper,BUR,0.01,0.00
2210415,Taylor (Charlie),Charlie Taylor,Defender,BUR,0.04,0.00
2210415,Cornet,Maxwel Cornet,Midfielder,BUR,0.00,0.15
2210415,Brownhill,Josh Brownhill,Midfielder,BUR,0.02,0.04
2210415,Roberts (Connor),Connor Roberts,Defender,BUR,0.03,0.00
2210415,Collins,Nathan Collins,Defender,BUR,0.00,0.00
2210415,McNeil,Dwight McNeil,Midfielder,BUR,0.05,0.08
2210415,Shelvey,Jonjo Shelvey,Midfielder,NEW,0.10,0.08
2210415,Fernández,Federico Fernández,Defender,NEW,0.00,0.00
2210415,Dubravka,Martin Dubravka,Goalkeeper,NEW,0.00,0.00
2210415,Wilson (Callum),Callum Wilson,Forward,NEW,0.16,0.29
2210415,Lascelles,Jamaal Lascelles,Defender,NEW,0.00,0.02
2210415,Manquillo,Javier Manquillo,Defender,NEW,0.00,0.00
2210415,Murphy (Jacob),Jacob Murphy,Midfielder,NEW,0.00,0.05
2210415,Schär,Fabian Schär,Defender,NEW,0.00,0.00
2210415,Saint-Maximin,Allan Saint-Maximin,Midfielder,NEW,0.20,0.11
2210415,Almirón,Miguel Almirón,Midfielder,NEW,0.04,0.30
2210415,Joelinton,Joelinton Cássio Apolinário de Lira,Midfielder,NEW,0.02,0.05
2210415,Lewis (Jamal),Jamal Lewis,Defender,NEW,0.01,0.00
2210415,Willock,Joseph Willock,Midfielder,NEW,0.03,0.15
2210416,Groß,Pascal Groß,Midfielder,BHA,0.10,0.00
2210416,Duffy,Shane Duffy,Defender,BHA,0.06,0.03
2210416,Burn,Dan Burn,Defender,BHA,0.00,0.00
2210416,March,Solomon March,Midfielder,BHA,0.01,0.00
2210416,Veltman,Joël Veltman,Defender,BHA,0.00,0.04
2210416,Maupay,Neal Maupay,Forward,BHA,0.01,0.97
2210416,Trossard,Leandro Trossard,Midfielder,BHA,0.04,0.05
2210416,Cucurella,Marc Cucurella,Defender,BHA,0.12,0.00
2210416,Sanchez,Robert Sanchez,Goalkeeper,BHA,0.00,0.00
2210416,Bissouma,Yves Bissouma,Midfielder,BHA,0.01,0.03
2210416,Lamptey,Tariq Lamptey,Defender,BHA,0.02,0.00
2210416,Connolly,Aaron Connolly,Forward,BHA,0.13,0.03
2210416,Moder,Jakub Moder,Midfielder,BHA,0.00,0.14
2210416,Mwepu,Enock Mwepu,Midfielder,BHA,0.03,0.41
2210416,McCarthy (Alex),Alex McCarthy,Goalkeeper,SOU,0.00,0.00
2210416,Romeu,Oriol Romeu,Midfielder,SOU,0.08,0.00
2210416,Redmond,Nathan Redmond,Midfielder,SOU,0.13,0.00
2210416,Elyounoussi,Mohammed Elyounoussi,Midfielder,SOU,0.00,0.00
2210416,Ward-Prowse,James Ward-Prowse,Midfielder,SOU,0.03,0.07
2210416,Armstrong (Adam),Adam Armstrong,Forward,SOU,0.00,0.00
2210416,Walker-Peters,Kyle Walker-Peters,Defender,SOU,0.03,0.00
2210416,Adams,Che Adams,Forward,SOU,0.02,0.26
2210416,Tella,Nathan Tella,Midfielder,SOU,0.02,0.03
2210416,Lyanco,Lyanco Evangelista Silveira Neves Vojnovic,Defender,SOU,0.04,0.05
2210416,Broja,Armando Broja,Forward,SOU,0.01,1.03
2210416,Livramento,Valentino Livramento,Defender,SOU,0.12,0.13
2210416,Salisu,Mohammed Salisu,Defender,SOU,0.07,0.04
2210417,Krul,Tim Krul,Goalkeeper,NOR,0.00,0.00
2210417,Pukki,Teemu Pukki,Forward,NOR,0.34,0.33
2210417,Kenny McLean,Kenneth McLean,Midfielder,NOR,0.08,0.00
2210417,Gibson (Ben),Ben Gibson,Defender,NOR,0.07,0.00
2210417,Hanley,Grant Hanley,Defender,NOR,0.21,0.16
2210417,Dowell,Kieran Dowell,Midfielder,NOR,0.01,0.00
2210417,Lees-Melou,Pierre Lees-Melou,Midfielder,NOR,0.04,0.01
2210417,Sargent,Joshua Sargent,Forward,NOR,0.00,0.00
2210417,Williams (Brandon),Brandon Williams,Defender,NOR,0.10,0.09
2210417,Aarons,Maximillian Aarons,Defender,NOR,0.02,0.00
2210417,Sørensen,Jacob Sørensen,Defender,NOR,0.08,0.00
2210417,Gilmour,Billy Gilmour,Midfielder,NOR,0.07,0.04
2210417,Idah,Adam Idah,Forward,NOR,0.21,0.58
2210417,Omobamidele,Andrew Omobamidele,Defender,NOR,0.01,0.11
2210417,Lloris,Hugo Lloris,Goalkeeper,TOT,0.00,0.00
2210417,Kane,Harry Kane,Forward,TOT,0.01,0.38
2210417,Son,Heung-Min Son,Midfielder,TOT,0.19,0.21
2210417,Doherty,Matt Doherty,Defender,TOT,0.02,0.07
2210417,Dier,Eric Dier,Defender,TOT,0.00,0.00
2210417,Lucas Moura,Lucas Rodrigues Moura da Silva,Midfielder,TOT,0.04,0.07
2210417,Davies (Ben),Ben Davies,Defender,TOT,0.14,0.63
2210417,Højbjerg,Pierre-Emile Højbjerg,Midfielder,TOT,0.02,0.06
2210417,Sánchez (Davinson),Davinson Sánchez,Defender,TOT,0.01,0.17
2210417,Sessegnon (Ryan),Kouassi Ryan Sessegnon,Defender,TOT,0.02,0.00
2210417,Bergwijn,Steven Bergwijn,Midfielder,TOT,0.00,0.00
2210417,Reguilón,Sergio Reguilón,Defender,TOT,0.00,0.00
2210417,Tanganga,Japhet Tanganga,Defender,TOT,0.01,0.00
2210417,Skipp,Oliver Skipp,Midfielder,TOT,0.04,0.06
2210418,Walker (Kyle),Kyle Walker,Defender,MCI,0.07,0.00
2210418,Gundogan,Ilkay Gundogan,Midfielder,MCI,0.35,0.53
2210418,De Bruyne,Kevin De Bruyne,Midfielder,MCI,0.01,0.06
2210418,Mahrez,Riyad Mahrez,Midfielder,MCI,0.03,0.00
2210418,Sterling (Raheem),Raheem Sterling,Midfielder,MCI,0.26,0.80
2210418,Grealish,Jack Grealish,Midfielder,MCI,0.09,0.64
2210418,João Cancelo,João Pedro Cavaco Cancelo,Defender,MCI,0.07,0.06
2210418,Ederson,Ederson Santana de Moraes,Goalkeeper,MCI,0.00,0.00
2210418,Laporte,Aymeric Laporte,Defender,MCI,0.03,0.47
2210418,Bernardo Silva,Bernardo Mota Veiga de Carvalho e Silva,Midfielder,MCI,0.17,0.19
2210418,Rúben Dias,Rúben Santos Gato Alves Dias,Defender,MCI,0.08,0.00
2210418,Jesus,Gabriel Fernando de Jesus,Forward,MCI,0.01,0.00
2210418,Foden,Phil Foden,Midfielder,MCI,0.70,0.45
2210418,Rodri,Rodrigo Hernández Cascante,Midfielder,MCI,0.10,0.00
2210418,Rose,Danny Rose,Defender,WAT,0.00,0.00
2210418,Cathcart,Craig Cathcart,Defender,WAT,0.00,0.00
2210418,Cleverley,Tom Cleverley,Midfielder,WAT,0.01,0.00
2210418,Sissoko,Moussa Sissoko,Midfielder,WAT,0.01,0.05
2210418,Femenía,Francisco Femenía Far,Defender,WAT,0.01,0.00
2210418,Kucka,Juraj Kucka,Midfielder,WAT,0.00,0.04
2210418,King,Joshua King,Forward,WAT,0.06,0.20
2210418,Troost-Ekong,William Troost-Ekong,Defender,WAT,0.01,0.00
2210418,Bachmann,Daniel Bachmann,Goalkeeper,WAT,0.00,0.00
2210418,Dennis (Emmanuel),Emmanuel Bonaventure Dennis,Forward,WAT,0.11,0.06
2210418,Ngakia,Jeremy Ngakia,Defender,WAT,0.00,0.02
2210418,Cucho,Juan Camilo Hernández,Forward,WAT,0.12,0.18
2210418,Louza,Imran Louza,Midfielder,WAT,0.00,0.00
2210418,João Pedro,João Pedro Junqueira de Jesus,Forward,WAT,0.02,0.19
2210419,Thiago Silva,Thiago Emiliano da Silva,Defender,CHE,0.01,0.10
2210419,Lukaku,Romelu Lukaku,Forward,CHE,0.03,0.10
2210419,Alonso,Marcos Alonso,Defender,CHE,0.04,0.04
2210419,Jorginho,Jorge Luiz Frello Filho,Midfielder,CHE,0.07,0.08
2210419,Rüdiger,Antonio Rüdiger,Defender,CHE,0.20,0.05
2210419,Ziyech,Hakim Ziyech,Midfielder,CHE,0.07,0.33
2210419,Loftus-Cheek,Ruben Loftus-Cheek,Midfielder,CHE,0.13,0.15
2210419,Christensen,Andreas Christensen,Defender,CHE,0.02,0.02
2210419,Pulisic,Christian Pulisic,Midfielder,CHE,0.00,0.08
2210419,Mount,Mason Mount,Midfielder,CHE,0.23,0.19
2210419,Hudson-Odoi,Callum Hudson-Odoi,Midfielder,CHE,0.12,0.00
2210419,Havertz,Kai Havertz,Forward,CHE,0.03,0.18
2210419,James (Reece),Reece James,Defender,CHE,0.16,0.04
2210419,Mendy (Edouard),Edouard Mendy,Goalkeeper,CHE,0.00,0.00
2210419,Fabianski,Lukasz Fabianski,Goalkeeper,WHU,0.00,0.00
2210419,Antonio,Michail Antonio,Forward,WHU,0.47,0.04
2210419,Dawson,Craig Dawson,Defender,WHU,0.00,0.07
2210419,Lanzini,Manuel Lanzini,Midfielder,WHU,0.19,0.79
2210419,Zouma,Kurt Zouma,Defender,WHU,0.00,0.00
2210419,Masuaku,Arthur Masuaku,Defender,WHU,0.00,0.01
2210419,Coufal,Vladimir Coufal,Defender,WHU,0.05,0.02
2210419,Benrahma,Said Benrahma,Midfielder,WHU,0.00,0.00
2210419,Bowen,Jarrod Bowen,Midfielder,WHU,0.01,0.83
2210419,Rice,Declan Rice,Midfielder,WHU,0.00,0.00
2210419,Soucek,Tomas Soucek,Midfielder,WHU,0.13,0.07
2210419,Fornals,Pablo Fornals,Midfielder,WHU,0.01,0.00
2210419,Diop,Issa Diop,Defender,WHU,0.24,0.00
2210419,Johnson,Ben Johnson,Defender,WHU,0.00,0.00
2210420,Milner,James Milner,Midfielder,LIV,0.00,0.00
2210420,Henderson (Jordan),Jordan Henderson,Midfielder,LIV,0.02,0.00
2210420,Matip,Joel Matip,Defender,LIV,0.02,0.01
2210420,Thiago Alcántara,Thiago Alcántara do Nascimento,Midfielder,LIV,0.08,0.73
2210420,Oxlade-Chamberlain,Alex Oxlade-Chamberlain,Midfielder,LIV,0.01,0.00
2210420,van Dijk,Virgil van Dijk,Defender,LIV,0.02,0.00
2210420,Mane,Sadio Mane,Midfielder,LIV,0.09,0.30
2210420,Alisson,Alisson Ramses Becker,Goalkeeper,LIV,0.00,0.00
2210420,Fabinho,Fabio Henrique Tavares,Midfielder,LIV,0.07,0.00
2210420,Salah,Mohamed Salah,Midfielder,LIV,0.46,0.17
2210420,Robertson,Andrew Robertson,Defender,LIV,0.22,0.00
2210420,Origi,Divock Origi,Forward,LIV,0.03,0.45
2210420,Alexander-Arnold,Trent Alexander-Arnold,Defender,LIV,0.43,0.09
2210420,Diogo Jota,Diogo José Teixeira da Silva,Forward,LIV,0.06,1.06
2210420,Moutinho,João Moutinho,Midfielder,WOL,0.00,0.00
2210420,Coady,Conor Coady,Defender,WOL,0.00,0.00
2210420,Raúl Jiménez,Raul Alonso Jimenez Rodriguez,Forward,WOL,0.00,0.00
2210420,Saiss,Romain Saiss,Defender,WOL,0.00,0.00
2210420,José Sá,José Pedro Malheiro de Sá,Goalkeeper,WOL,0.00,0.00
2210420,Dendoncker (Leander),Leander Dendoncker,Midfielder,WOL,0.00,0.05
2210420,Traoré,Adama Traoré,Midfielder,WOL,0.03,0.00
2210420,Ruben Neves,Rúben Diogo da Silva Neves,Midfielder,WOL,0.03,0.00
2210420,Hwang Hee-Chan,Hee-Chan Hwang,Midfielder,WOL,0.01,0.00
2210420,Semedo,Nelson Semedo,Defender,WOL,0.01,0.00
2210420,Kilman,Max Kilman,Defender,WOL,0.00,0.00
2210420,Trincão,Francisco António Machado Trincão,Midfielder,WOL,0.00,0.00
2210420,Hoever,Ki-Jana Hoever,Defender,WOL,0.00,0.00
2210420,Ait Nouri,Rayan Ait Nouri,Defender,WOL,0.00,0.04
2210421,Lacazette,Alexandre Lacazette,Forward,ARS,0.02,0.37
2210421,Xhaka,Granit Xhaka,Midfielder,ARS,0.04,0.04
2210421,Holding,Rob Holding,Defender,ARS,0.00,0.02
2210421,Partey,Thomas Partey,Midfielder,ARS,0.06,0.03
2210421,Odegaard,Martin Odegaard,Midfielder,ARS,0.26,0.32
2210421,Tierney,Kieran Tierney,Defender,ARS,0.17,0.00
2210421,Pepe,Nicolas Pepe,Midfielder,ARS,0.00,0.00
2210421,White (Ben),Ben White,Defender,ARS,0.00,0.00
2210421,Saka,Bukayo Saka,Midfielder,ARS,0.28,0.53
2210421,Tomiyasu,Takehiro Tomiyasu,Defender,ARS,0.05,0.13
2210421,Ramsdale,Aaron Ramsdale,Goalkeeper,ARS,0.00,0.00
2210421,Gabriel Magalhães,Gabriel dos Santos Magalhães,Defender,ARS,0.00,0.37
2210421,Sambi Lokonga,Albert Sambi Lokonga,Midfielder,ARS,0.00,0.00
2210421,Martinelli,Gabriel Teodoro Martinelli Silva,Midfielder,ARS,0.36,0.04
2210421,Caballero,Willy Caballero,Goalkeeper,SOU,0.00,0.00
2210421,Redmond,Nathan Redmond,Midfielder,SOU,0.02,0.06
2210421,Stephens (Jack),Jack Stephens,Defender,SOU,0.01,0.00
2210421,Elyounoussi,Mohammed Elyounoussi,Midfielder,SOU,0.01,0.00
2210421,Ward-Prowse,James Ward-Prowse,Midfielder,SOU,0.09,0.13
2210421,Armstrong (Adam),Adam Armstrong,Forward,SOU,0.00,0.11
2210421,Walker-Peters,Kyle Walker-Peters,Defender,SOU,0.01,0.00
2210421,Bednarek,Jan Bednarek,Defender,SOU,0.00,0.19
2210421,Tella,Nathan Tella,Midfielder,SOU,0.01,0.17
2210421,Lyanco,Lyanco Evangelista Silveira Neves Vojnovic,Defender,SOU,0.00,0.00
2210421,Diallo,Ibrahima Diallo,Midfielder,SOU,0.01,0.00
2210421,Broja,Armando Broja,Forward,SOU,0.00,0.00
2210421,Livramento,Valentino Livramento,Defender,SOU,0.02,0.00
2210422,Jansson,Pontus Jansson,Defender,BRE,0.01,0.26
2210422,Norgaard,Christian Norgaard,Midfielder,BRE,0.03,0.17
2210422,Henry,Rico Henry,Defender,BRE,0.02,0.06
2210422,Janelt,Vitaly Janelt,Midfielder,BRE,0.17,0.08
2210422,Ghoddos,Saman Ghoddos,Midfielder,BRE,0.01,0.00
2210422,Jensen,Mathias Jensen,Midfielder,BRE,0.03,0.00
2210422,Goode,Charlie Goode,Defender,BRE,0.13,0.00
2210422,Forss,Marcus Forss,Forward,BRE,0.00,0.04
2210422,Wissa,Yoane Wissa,Midfielder,BRE,0.00,0.00
2210422,Roerslev,Mads Roerslev,Defender,BRE,0.01,0.00
2210422,Fernández (Álvaro),Álvaro Fernández,Goalkeeper,BRE,0.00,0.00
2210422,Onyeka,Frank Onyeka,Midfielder,BRE,0.00,0.07
2210422,Baptiste (Shandon),Shandon Baptiste,Midfielder,BRE,0.06,0.06
2210422,Mbeumo,Bryan Mbeumo,Forward,BRE,0.03,0.85
2210422,Cathcart,Craig Cathcart,Defender,WAT,0.02,0.00
2210422,Cleverley,Tom Cleverley,Midfielder,WAT,0.17,0.00
2210422,Sissoko,Moussa Sissoko,Midfielder,WAT,0.09,0.00
2210422,Femenía,Francisco Femenía Far,Defender,WAT,0.00,0.00
2210422,Kucka,Juraj Kucka,Midfielder,WAT,0.01,0.14
2210422,King,Joshua King,Forward,WAT,0.07,0.11
2210422,Tufan,Ozan Tufan,Midfielder,WAT,0.00,0.00
2210422,Troost-Ekong,William Troost-Ekong,Defender,WAT,0.00,0.00
2210422,Bachmann,Daniel Bachmann,Goalkeeper,WAT,0.00,0.00
2210422,Sema,Ken Sema,Midfielder,WAT,0.00,0.00
2210422,Dennis (Emmanuel),Emmanuel Bonaventure Dennis,Forward,WAT,0.05,0.17
2210422,Ngakia,Jeremy Ngakia,Defender,WAT,0.00,0.00
2210422,Cucho,Juan Camilo Hernández,Forward,WAT,0.02,0.06
2210422,João Pedro,João Pedro Junqueira de Jesus,Forward,WAT,0.17,0.00
2210423,Welbeck,Danny Welbeck,Forward,BHA,0.03,0.00
2210423,Groß,Pascal Groß,Midfielder,BHA,0.08,0.00
2210423,Duffy,Shane Duffy,Defender,BHA,0.01,0.06
2210423,Dunk,Lewis Dunk,Defender,BHA,0.01,0.00
2210423,March,Solomon March,Midfielder,BHA,0.11,0.00
2210423,Veltman,Joël Veltman,Defender,BHA,0.05,0.00
2210423,Maupay,Neal Maupay,Forward,BHA,0.08,0.23
2210423,Trossard,Leandro Trossard,Midfielder,BHA,0.14,0.09
2210423,Cucurella,Marc Cucurella,Defender,BHA,0.11,0.03
2210423,Sanchez,Robert Sanchez,Goalkeeper,BHA,0.00,0.00
2210423,Bissouma,Yves Bissouma,Midfielder,BHA,0.01,0.02
2210423,Lamptey,Tariq Lamptey,Defender,BHA,0.00,0.00
2210423,Mac Allister,Alexis Mac Allister,Midfielder,BHA,0.03,0.29
2210423,Moder,Jakub Moder,Midfielder,BHA,0.00,0.00
2210423,Lloris,Hugo Lloris,Goalkeeper,TOT,0.00,0.00
2210423,Kane,Harry Kane,Forward,TOT,0.06,0.97
2210423,Son,Heung-Min Son,Midfielder,TOT,0.04,0.05
2210423,Doherty,Matt Doherty,Defender,TOT,0.02,0.05
2210423,Dier,Eric Dier,Defender,TOT,0.00,0.00
2210423,Lucas Moura,Lucas Rodrigues Moura da Silva,Midfielder,TOT,0.00,0.00
2210423,Davies (Ben),Ben Davies,Defender,TOT,0.01,0.02
2210423,Højbjerg,Pierre-Emile Højbjerg,Midfielder,TOT,0.08,0.05
2210423,Bergwijn,Steven Bergwijn,Midfielder,TOT,0.00,0.00
2210423,Reguilón,Sergio Reguilón,Defender,TOT,0.03,0.29
2210423,Bentancur,Rodrigo Bentancur,Midfielder,TOT,0.14,0.00
2210423,Romero (Cristian),Cristian Romero,Defender,TOT,0.03,0.23
2210423,Emerson Royal,Emerson Aparecido Leite de Souza Junior,Defender,TOT,0.01,0.00
2210423,Kulusevski,Dejan Kulusevski,Midfielder,TOT,0.03,0.56
2210424,Lennon,Aaron Lennon,Midfielder,BUR,0.00,0.00
2210424,Tarkowski,James Tarkowski,Defender,BUR,0.00,0.03
2210424,Cork,Jack Cork,Midfielder,BUR,0.02,0.00
2210424,Rodriguez,Jay Rodriguez,Forward,BUR,0.02,0.51
2210424,Mee,Ben Mee,Defender,BUR,0.01,0.00
2210424,Westwood,Ashley Roy Westwood,Midfielder,BUR,0.33,0.00
2210424,Gudmundsson,Johann Berg Gudmundsson,Midfielder,BUR,0.01,0.00
2210424,Wood,Chris Wood,Forward,BUR,0.01,0.18
2210424,Lowton,Matthew Lowton,Defender,BUR,0.20,0.01
2210424,Vydra,Matej Vydra,Forward,BUR,0.00,0.06
2210424,Pope,Nick Pope,Goalkeeper,BUR,0.00,0.00
2210424,Taylor (Charlie),Charlie Taylor,Defender,BUR,0.20,0.02
2210424,Brownhill,Josh Brownhill,Midfielder,BUR,0.01,0.00
2210424,McNeil,Dwight McNeil,Midfielder,BUR,0.25,0.03
2210424,Fabianski,Lukasz Fabianski,Goalkeeper,WHU,0.00,0.00
2210424,Antonio,Michail Antonio,Forward,WHU,0.07,0.08
2210424,Dawson,Craig Dawson,Defender,WHU,0.00,0.00
2210424,Lanzini,Manuel Lanzini,Midfielder,WHU,0.07,0.07
2210424,Masuaku,Arthur Masuaku,Defender,WHU,0.02,0.02
2210424,Coufal,Vladimir Coufal,Defender,WHU,0.02,0.00
2210424,Benrahma,Said Benrahma,Midfielder,WHU,0.03,0.17
2210424,Bowen,Jarrod Bowen,Midfielder,WHU,0.16,0.09
2210424,Vlasic,Nikola Vlasic,Midfielder,WHU,0.07,0.00
2210424,Rice,Declan Rice,Midfielder,WHU,0.04,0.02
2210424,Soucek,Tomas Soucek,Midfielder,WHU,0.06,0.25
2210424,Fornals,Pablo Fornals,Midfielder,WHU,0.01,0.00
2210424,Diop,Issa Diop,Defender,WHU,0.00,0.05
2210425,Azpilicueta,César Azpilicueta,Defender,CHE,0.03,0.00
2210425,Thiago Silva,Thiago Emiliano da Silva,Defender,CHE,0.06,0.12
2210425,Lukaku,Romelu Lukaku,Forward,CHE,0.00,0.00
2210425,Alonso,Marcos Alonso,Defender,CHE,0.06,0.11
2210425,Jorginho,Jorge Luiz Frello Filho,Midfielder,CHE,0.05,1.58
2210425,Rüdiger,Antonio Rüdiger,Defender,CHE,0.01,0.03
2210425,Loftus-Cheek,Ruben Loftus-Cheek,Midfielder,CHE,0.03,0.17
2210425,Christensen,Andreas Christensen,Defender,CHE,0.00,0.00
2210425,Werner,Timo Werner,Forward,CHE,0.01,0.03
2210425,Mount,Mason Mount,Midfielder,CHE,0.16,0.17
2210425,Hudson-Odoi,Callum Hudson-Odoi,Midfielder,CHE,0.06,0.00
2210425,Havertz,Kai Havertz,Forward,CHE,0.02,0.47
2210425,James (Reece),Reece James,Defender,CHE,0.08,0.03
2210425,Mendy (Edouard),Edouard Mendy,Goalkeeper,CHE,0.00,0.00
2210425,Ayling,Luke Ayling,Defender,LEE,0.00,0.00
2210425,Klich,Mateusz Klich,Midfielder,LEE,0.01,0.07
2210425,Forshaw,Adam Forshaw,Midfielder,LEE,0.01,0.00
2210425,Dallas,Stuart Dallas,Defender,LEE,0.01,0.00
2210425,Diego Llorente,Diego Javier Llorente Ríos,Defender,LEE,0.00,0.00
2210425,Roberts (Tyler),Tyler Roberts,Midfielder,LEE,0.31,0.08
2210425,James (Daniel),Daniel James,Midfielder,LEE,0.02,0.00
2210425,Raphinha,Raphael Dias Belloli,Midfielder,LEE,0.07,0.98
2210425,Harrison,Jack Harrison,Midfielder,LEE,0.01,0.04
2210425,Shackleton,Jamie Shackleton,Midfielder,LEE,0.00,0.00
2210425,Meslier,Illan Meslier,Goalkeeper,LEE,0.00,0.00
2210425,Firpo,Junior Firpo,Defender,LEE,0.02,0.07
2210425,Gelhardt,Joe Gelhardt,Forward,LEE,0.01,0.21
2210425,Cresswell (Charlie),Charlie Cresswell,Defender,LEE,0.00,0.00
2210426,Guaita,Vicente Guaita,Goalkeeper,CRY,0.00,0.00
2210426,Tomkins,James Tomkins,Defender,CRY,0.00,0.44
2210426,Benteke,Christian Benteke,Forward,CRY,0.00,0.14
2210426,Kouyaté,Cheikhou Kouyaté,Defender,CRY,0.01,0.02
2210426,Ward (Joel),Joel Ward,Defender,CRY,0.00,0.00
2210426,Clyne,Nathaniel Clyne,Defender,CRY,0.00,0.00
2210426,Ayew,Jordan Ayew,Midfielder,CRY,0.74,0.24
2210426,Zaha,Wilfried Zaha,Midfielder,CRY,0.15,0.12
2210426,Schlupp,Jeffrey Schlupp,Midfielder,CRY,0.00,0.00
2210426,Hughes (Will),Will Hughes,Midfielder,CRY,0.22,0.00
2210426,Edouard,Odsonne Edouard,Forward,CRY,0.02,0.34
2210426,Marc Guehi,Addji Keaninkin Marc-Israel Guehi,Defender,CRY,0.16,0.05
2210426,Gallagher,Conor Gallagher,Midfielder,CRY,0.44,0.85
2210426,Mitchell,Tyrick Mitchell,Defender,CRY,0.04,0.00
2210426,Delph,Fabian Delph,Midfielder,EVE,0.01,0.00
2210426,Rondón,Salomón Rondón,Forward,EVE,0.15,0.27
2210426,Coleman,Seamus Coleman,Defender,EVE,0.05,0.00
2210426,Townsend,Andros Townsend,Midfielder,EVE,0.01,0.16
2210426,Keane,Michael Keane,Defender,EVE,0.01,0.00
2210426,Pickford,Jordan Pickford,Goalkeeper,EVE,0.00,0.00
2210426,André Gomes,André Filipe Tavares Gomes,Midfielder,EVE,0.02,0.12
2210426,Doucouré,Abdoulaye Doucouré,Midfielder,EVE,0.01,0.12
2210426,Gray (Demarai),Demarai Gray,Midfielder,EVE,0.02,0.15
2210426,Holgate,Mason Holgate,Defender,EVE,0.01,0.00
2210426,Godfrey,Ben Godfrey,Defender,EVE,0.11,0.02
2210426,Richarlison,Richarlison de Andrade,Forward,EVE,0.01,0.00
2210426,Gordon (Anthony),Anthony Gordon,Midfielder,EVE,0.01,0.21
2210427,Schmeichel,Kasper Schmeichel,Goalkeeper,LEI,0.00,0.00
2210427,Evans,Jonny Evans,Defender,LEI,0.00,0.00
2210427,Albrighton,Marc Albrighton,Midfielder,LEI,0.00,0.00
2210427,Castagne,Timothy Castagne,Defender,LEI,0.00,0.00
2210427,Tielemans,Youri Tielemans,Midfielder,LEI,0.01,1.32
2210427,Maddison,James Maddison,Midfielder,LEI,0.28,0.15
2210427,Barnes (Harvey),Harvey Barnes,Midfielder,LEI,0.25,0.02
2210427,Ndidi,Onyinye Wilfred Ndidi,Midfielder,LEI,0.00,0.14
2210427,Dewsbury-Hall,Kiernan Dewsbury-Hall,Midfielder,LEI,0.02,0.00
2210427,Söyüncü,Caglar Söyüncü,Defender,LEI,0.00,0.00
2210427,Soumaré,Boubakary Soumaré,Midfielder,LEI,0.01,0.00
2210427,Thomas (Luke),Luke Thomas,Defender,LEI,0.01,0.00
2210427,Daka,Patson Daka,Forward,LEI,0.11,0.97
2210427,McAteer,Kasey McAteer,Midfielder,LEI,0.00,0.00
2210427,Shelvey,Jonjo Shelvey,Midfielder,NEW,0.03,0.03
2210427,Ritchie,Matt Ritchie,Defender,NEW,0.00,0.46
2210427,Dubravka,Martin Dubravka,Goalkeeper,NEW,0.00,0.00
2210427,Wilson (Callum),Callum Wilson,Forward,NEW,0.00,0.00
2210427,Fraser,Ryan Fraser,Midfielder,NEW,0.08,0.00
2210427,Lascelles,Jamaal Lascelles,Defender,NEW,0.00,0.00
2210427,Manquillo,Javier Manquillo,Defender,NEW,0.01,0.06
2210427,Murphy (Jacob),Jacob Murphy,Midfielder,NEW,0.26,0.00
2210427,Schär,Fabian Schär,Defender,NEW,0.01,0.08
2210427,Saint-Maximin,Allan Saint-Maximin,Midfielder,NEW,0.06,0.13
2210427,Almirón,Miguel Almirón,Midfielder,NEW,0.02,0.04
2210427,Joelinton,Joelinton Cássio Apolinário de Lira,Midfielder,NEW,0.06,0.03
2210427,Lewis (Jamal),Jamal Lewis,Defender,NEW,0.01,0.00
2210427,Willock,Joseph Willock,Midfielder,NEW,0.02,0.12
2210428,Young (Ashley),Ashley Young,Defender,AVL,0.00,0.03
2210428,Ings,Danny Ings,Forward,AVL,0.03,0.14
2210428,Martinez,Emiliano Martinez,Goalkeeper,AVL,0.00,0.00
2210428,Sanson,Morgan Sanson,Midfielder,AVL,0.03,0.00
2210428,McGinn,John McGinn,Midfielder,AVL,0.04,0.00
2210428,Mings,Tyrone Mings,Defender,AVL,0.02,0.00
2210428,Targett,Matt Targett,Defender,AVL,0.01,0.00
2210428,Watkins,Ollie Watkins,Forward,AVL,0.01,0.00
2210428,Nakamba,Marvelous Nakamba,Midfielder,AVL,0.00,0.00
2210428,Buendía,Emiliano Buendía,Midfielder,AVL,0.04,0.00
2210428,Cash,Matthew Cash,Defender,AVL,0.02,0.00
2210428,Konsa Ngoyo,Ezri Konsa Ngoyo,Defender,AVL,0.00,0.00
2210428,Douglas Luiz,Douglas Luiz Soares de Paulo,Midfielder,AVL,0.02,0.04
2210428,Ramsey (Jacob),Jacob Ramsey,Midfielder,AVL,0.00,0.00
2210428,Milner,James Milner,Midfielder,LIV,0.00,0.00
2210428,Henderson (Jordan),Jordan Henderson,Midfielder,LIV,0.15,0.00
2210428,Matip,Joel Matip,Defender,LIV,0.02,0.05
2210428,Thiago Alcántara,Thiago Alcántara do Nascimento,Midfielder,LIV,0.06,0.02
2210428,Oxlade-Chamberlain,Alex Oxlade-Chamberlain,Midfielder,LIV,0.05,0.04
2210428,van Dijk,Virgil van Dijk,Defender,LIV,0.01,0.08
2210428,Mane,Sadio Mane,Midfielder,LIV,0.14,0.34
2210428,Alisson,Alisson Ramses Becker,Goalkeeper,LIV,0.00,0.00
2210428,Fabinho,Fabio Henrique Tavares,Midfielder,LIV,0.03,0.00
2210428,Salah,Mohamed Salah,Midfielder,LIV,0.19,1.14
2210428,Robertson,Andrew Robertson,Defender,LIV,0.45,0.03
2210428,Minamino,Takumi Minamino,Midfielder,LIV,0.00,0.00
2210428,Alexander-Arnold,Trent Alexander-Arnold,Defender,LIV,0.43,0.13
2210428,Diogo Jota,Diogo José Teixeira da Silva,Forward,LIV,0.02,0.35
2210429,Gundogan,Ilkay Gundogan,Midfielder,MCI,0.03,0.23
2210429,De Bruyne,Kevin De Bruyne,Midfielder,MCI,0.10,0.00
2210429,Sterling (Raheem),Raheem Sterling,Midfielder,MCI,0.78,0.91
2210429,Grealish,Jack Grealish,Midfielder,MCI,0.14,0.78
2210429,João Cancelo,João Pedro Cavaco Cancelo,Defender,MCI,0.71,0.09
2210429,Ederson,Ederson Santana de Moraes,Goalkeeper,MCI,0.00,0.00
2210429,Laporte,Aymeric Laporte,Defender,MCI,0.03,0.19
2210429,Bernardo Silva,Bernardo Mota Veiga de Carvalho e Silva,Midfielder,MCI,0.09,0.40
2210429,Rúben Dias,Rúben Santos Gato Alves Dias,Defender,MCI,0.02,0.00
2210429,Jesus,Gabriel Fernando de Jesus,Forward,MCI,0.09,0.26
2210429,Zinchenko,Oleksandr Zinchenko,Defender,MCI,0.38,0.02
2210429,Foden,Phil Foden,Midfielder,MCI,0.06,0.25
2210429,Rodri,Rodrigo Hernández Cascante,Midfielder,MCI,0.11,0.12
2210429,Moutinho,João Moutinho,Midfielder,WOL,0.00,0.00
2210429,Coady,Conor Coady,Defender,WOL,0.00,0.00
2210429,Raúl Jiménez,Raul Alonso Jimenez Rodriguez,Forward,WOL,0.01,0.02
2210429,Saiss,Romain Saiss,Defender,WOL,0.00,0.00
2210429,José Sá,José Pedro Malheiro de Sá,Goalkeeper,WOL,0.00,0.00
2210429,Dendoncker (Leander),Leander Dendoncker,Midfielder,WOL,0.03,0.00
2210429,Traoré,Adama Traoré,Midfielder,WOL,0.00,0.00
2210429,Ruben Neves,Rúben Diogo da Silva Neves,Midfielder,WOL,0.00,0.00
2210429,Hwang Hee-Chan,Hee-Chan Hwang,Midfielder,WOL,0.00,0.00
2210429,Semedo,Nelson Semedo,Defender,WOL,0.01,0.00
2210429,Podence,Daniel Podence,Midfielder,WOL,0.08,0.00
2210429,Kilman,Max Kilman,Defender,WOL,0.00,0.17
2210429,Trincão,Francisco António Machado Trincão,Midfielder,WOL,0.00,0.00
2210429,Ait Nouri,Rayan Ait Nouri,Defender,WOL,0.02,0.00
2210430,Cristiano Ronaldo,Cristiano Ronaldo dos Santos Aveiro,Forward,MUN,0.01,1.64
2210430,De Gea,David De Gea,Goalkeeper,MUN,0.00,0.00
2210430,Maguire,Harry Maguire,Defender,MUN,0.01,0.03
2210430,Fred,Frederico Rodrigues de Paula Santos,Midfielder,MUN,0.18,0.02
2210430,Bruno Fernandes,Bruno Miguel Borges Fernandes,Midfielder,MUN,0.04,0.03
2210430,Alex Telles,Alex Nicolao Telles,Defender,MUN,0.08,0.05
2210430,Rashford,Marcus Rashford,Midfielder,MUN,0.40,0.12
2210430,van de Beek,Donny van de Beek,Midfielder,MUN,0.00,0.00
2210430,Lindelof,Victor Nilsson-Lindelof,Defender,MUN,0.01,0.00
2210430,McTominay,Scott McTominay,Midfielder,MUN,0.51,0.11
2210430,Bailly,Eric Bailly,Defender,MUN,0.00,0.00
2210430,Sancho,Jadon Sancho,Midfielder,MUN,0.11,0.00
2210430,Dalot,José Diogo Dalot Teixeira,Defender,MUN,0.02,0.04
2210430,Greenwood (Mason),Mason Greenwood,Midfielder,MUN,0.00,0.00
2210430,Krul,Tim Krul,Goalkeeper,NOR,0.00,0.00
2210430,Pukki,Teemu Pukki,Forward,NOR,0.03,0.19
2210430,Rupp,Lukas Rupp,Midfielder,NOR,0.42,0.14
2210430,Kenny McLean,Kenneth McLean,Midfielder,NOR,0.03,0.00
2210430,Hanley,Grant Hanley,Defender,NOR,0.00,0.00
2210430,Giannoulis,Dimitrios Giannoulis,Defender,NOR,0.17,0.00
2210430,Cantwell,Todd Cantwell,Midfielder,NOR,0.00,0.00
2210430,Lees-Melou,Pierre Lees-Melou,Midfielder,NOR,0.18,0.02
2210430,Sargent,Joshua Sargent,Forward,NOR,0.36,0.04
2210430,Aarons,Maximillian Aarons,Defender,NOR,0.03,0.00
2210430,Sørensen,Jacob Sørensen,Defender,NOR,0.00,0.37
2210430,Gilmour,Billy Gilmour,Midfielder,NOR,0.12,0.17
2210430,Placheta,Przemyslaw Placheta,Midfielder,NOR,0.04,0.05
2210430,Kabak,Ozan Kabak,Defender,NOR,0.00,0.22
2210431,Lacazette,Alexandre Lacazette,Forward,ARS,0.30,0.97
2210431,Xhaka,Granit Xhaka,Midfielder,ARS,0.23,0.42
2210431,Partey,Thomas Partey,Midfielder,ARS,0.04,0.09
2210431,Odegaard,Martin Odegaard,Midfielder,ARS,0.15,0.10
2210431,Tierney,Kieran Tierney,Defender,ARS,0.03,0.02
2210431,White (Ben),Ben White,Defender,ARS,0.01,0.00
2210431,Eddie Nketiah,Edward Nketiah,Forward,ARS,0.01,0.00
2210431,Smith-Rowe,Emile Smith-Rowe,Midfielder,ARS,0.04,0.15
2210431,Saka,Bukayo Saka,Midfielder,ARS,0.22,0.36
2210431,Tomiyasu,Takehiro Tomiyasu,Defender,ARS,0.09,0.00
2210431,Ramsdale,Aaron Ramsdale,Goalkeeper,ARS,0.00,0.00
2210431,Gabriel Magalhães,Gabriel dos Santos Magalhães,Defender,ARS,0.01,0.07
2210431,Nuno Tavares,Nuno Tavares,Defender,ARS,0.00,0.00
2210431,Martinelli,Gabriel Teodoro Martinelli Silva,Midfielder,ARS,0.31,0.69
2210431,Fabianski,Lukasz Fabianski,Goalkeeper,WHU,0.00,0.00
2210431,Antonio,Michail Antonio,Forward,WHU,0.12,0.00
2210431,Dawson,Craig Dawson,Defender,WHU,0.01,0.03
2210431,Lanzini,Manuel Lanzini,Midfielder,WHU,0.03,0.00
2210431,Masuaku,Arthur Masuaku,Defender,WHU,0.01,0.00
2210431,Coufal,Vladimir Coufal,Defender,WHU,0.01,0.00
2210431,Benrahma,Said Benrahma,Midfielder,WHU,0.03,0.11
2210431,Bowen,Jarrod Bowen,Midfielder,WHU,0.01,0.21
2210431,Rice,Declan Rice,Midfielder,WHU,0.02,0.01
2210431,Soucek,Tomas Soucek,Midfielder,WHU,0.01,0.00
2210431,Fornals,Pablo Fornals,Midfielder,WHU,0.04,0.02
2210431,Diop,Issa Diop,Defender,WHU,0.00,0.00
2210431,Ashby,Harrison Ashby,Defender,WHU,0.01,0.00
2210432,Lössl,Jonas Lössl,Goalkeeper,BRE,0.00,0.00
2210432,Jansson,Pontus Jansson,Defender,BRE,0.01,0.00
2210432,Norgaard,Christian Norgaard,Midfielder,BRE,0.41,0.08
2210432,Toney,Ivan Toney,Forward,BRE,0.34,0.62
2210432,Canos,Sergi Canos,Defender,BRE,0.00,0.00
2210432,Henry,Rico Henry,Defender,BRE,0.00,0.00
2210432,Janelt,Vitaly Janelt,Midfielder,BRE,0.01,0.21
2210432,Jensen,Mathias Jensen,Midfielder,BRE,0.18,1.23
2210432,Wissa,Yoane Wissa,Midfielder,BRE,0.01,0.00
2210432,Roerslev,Mads Roerslev,Defender,BRE,0.01,0.11
2210432,Bech Sørensen,Mads Bech Sørensen,Defender,BRE,0.05,0.05
2210432,Pinnock,Ethan Pinnock,Defender,BRE,0.02,0.15
2210432,Baptiste (Shandon),Shandon Baptiste,Midfielder,BRE,0.05,0.00
2210432,Mbeumo,Bryan Mbeumo,Forward,BRE,0.19,0.00
2210432,Cristiano Ronaldo,Cristiano Ronaldo dos Santos Aveiro,Forward,MUN,0.03,0.12
2210432,De Gea,David De Gea,Goalkeeper,MUN,0.00,0.00
2210432,Matic,Nemanja Matic,Midfielder,MUN,0.00,0.00
2210432,Varane,Raphael Varane,Defender,MUN,0.00,0.14
2210432,Maguire,Harry Maguire,Defender,MUN,0.00,0.00
2210432,Fred,Frederico Rodrigues de Paula Santos,Midfielder,MUN,0.56,0.02
2210432,Bruno Fernandes,Bruno Miguel Borges Fernandes,Midfielder,MUN,0.48,0.43
2210432,Alex Telles,Alex Nicolao Telles,Defender,MUN,0.03,0.00
2210432,Rashford,Marcus Rashford,Midfielder,MUN,0.00,0.11
2210432,Lindelof,Victor Nilsson-Lindelof,Defender,MUN,0.02,0.00
2210432,McTominay,Scott McTominay,Midfielder,MUN,0.02,0.02
2210432,Dalot,José Diogo Dalot Teixeira,Defender,MUN,0.04,0.05
2210432,Greenwood (Mason),Mason Greenwood,Midfielder,MUN,0.02,0.95
2210432,Elanga,Anthony Elanga,Midfielder,MUN,0.02,0.47
2210433,Lallana,Adam Lallana,Midfielder,BHA,0.02,0.00
2210433,Burn,Dan Burn,Defender,BHA,0.01,0.38
2210433,March,Solomon March,Midfielder,BHA,0.03,0.10
2210433,Veltman,Joël Veltman,Defender,BHA,0.01,0.00
2210433,Trossard,Leandro Trossard,Midfielder,BHA,0.02,0.13
2210433,Cucurella,Marc Cucurella,Defender,BHA,0.09,0.02
2210433,Richards (Taylor),Taylor Richards,Midfielder,BHA,0.02,0.00
2210433,Sanchez,Robert Sanchez,Goalkeeper,BHA,0.00,0.00
2210433,Bissouma,Yves Bissouma,Midfielder,BHA,0.02,0.00
2210433,Lamptey,Tariq Lamptey,Defender,BHA,0.02,0.02
2210433,Connolly,Aaron Connolly,Forward,BHA,0.01,0.00
2210433,Mac Allister,Alexis Mac Allister,Midfielder,BHA,0.03,0.03
2210433,Moder,Jakub Moder,Midfielder,BHA,0.25,0.00
2210433,Mwepu,Enock Mwepu,Midfielder,BHA,0.07,0.79
2210433,Moutinho,João Moutinho,Midfielder,WOL,0.02,0.00
2210433,Coady,Conor Coady,Defender,WOL,0.00,0.00
2210433,Saiss,Romain Saiss,Defender,WOL,0.01,0.47
2210433,Marçal,Fernando Marçal de Oliveira,Defender,WOL,0.01,0.00
2210433,José Sá,José Pedro Malheiro de Sá,Goalkeeper,WOL,0.00,0.00
2210433,Dendoncker (Leander),Leander Dendoncker,Midfielder,WOL,0.00,0.00
2210433,Traoré,Adama Traoré,Midfielder,WOL,0.25,0.00
2210433,Ruben Neves,Rúben Diogo da Silva Neves,Midfielder,WOL,0.42,0.03
2210433,Hwang Hee-Chan,Hee-Chan Hwang,Midfielder,WOL,0.00,0.00
2210433,Semedo,Nelson Semedo,Defender,WOL,0.00,0.02
2210433,Podence,Daniel Podence,Midfielder,WOL,0.03,0.67
2210433,Kilman,Max Kilman,Defender,WOL,0.01,0.00
2210433,Trincão,Francisco António Machado Trincão,Midfielder,WOL,0.02,0.13
2210433,Fabio Silva,Fabio Daniel Soares Silva,Forward,WOL,0.00,0.00
2210434,Lennon,Aaron Lennon,Midfielder,BUR,0.00,0.00
2210434,Tarkowski,James Tarkowski,Defender,BUR,0.03,0.00
2210434,Pieters,Erik Pieters,Defender,BUR,0.02,0.11
2210434,Stephens (Dale),Dale Stephens,Midfielder,BUR,0.07,0.03
2210434,Rodriguez,Jay Rodriguez,Forward,BUR,0.00,0.03
2210434,Mee,Ben Mee,Defender,BUR,0.01,0.00
2210434,Westwood,Ashley Roy Westwood,Midfielder,BUR,0.05,0.04
2210434,Pope,Nick Pope,Goalkeeper,BUR,0.00,0.00
2210434,Weghorst,Wout Weghorst,Forward,BUR,0.03,0.23
2210434,Cornet,Maxwel Cornet,Midfielder,BUR,0.01,0.17
2210434,Roberts (Connor),Connor Roberts,Defender,BUR,0.06,0.00
2210434,McNeil,Dwight McNeil,Midfielder,BUR,0.03,0.03
2210434,Foster,Ben Foster,Goalkeeper,WAT,0.00,0.00
2210434,Cathcart,Craig Cathcart,Defender,WAT,0.05,0.00
2210434,Cleverley,Tom Cleverley,Midfielder,WAT,0.03,0.05
2210434,Sissoko,Moussa Sissoko,Midfielder,WAT,0.02,0.00
2210434,Femenía,Francisco Femenía Far,Defender,WAT,0.20,0.00
2210434,Kucka,Juraj Kucka,Midfielder,WAT,0.58,0.04
2210434,King,Joshua King,Forward,WAT,0.09,0.32
2210434,Sema,Ken Sema,Midfielder,WAT,0.00,0.00
2210434,Samir,Samir Caetano de Souza Santos,Defender,WAT,0.04,0.00
2210434,Kamara (Hassane),Hassane Kamara,Defender,WAT,0.09,0.00
2210434,Cucho,Juan Camilo Hernández,Forward,WAT,0.00,0.03
2210434,Kayembe,Edo Kayembe,Midfielder,WAT,0.01,0.00
2210434,João Pedro,João Pedro Junqueira de Jesus,Forward,WAT,0.03,0.36
2210435,Tomkins,James Tomkins,Defender,CRY,0.00,0.16
2210435,Benteke,Christian Benteke,Forward,CRY,0.00,0.00
2210435,Kouyaté,Cheikhou Kouyaté,Defender,CRY,0.01,0.00
2210435,Ward (Joel),Joel Ward,Defender,CRY,0.01,0.05
2210435,Ayew,Jordan Ayew,Midfielder,CRY,0.04,0.19
2210435,Zaha,Wilfried Zaha,Midfielder,CRY,0.16,0.12
2210435,Butland,Jack Butland,Goalkeeper,CRY,0.00,0.00
2210435,Hughes (Will),Will Hughes,Midfielder,CRY,0.01,0.00
2210435,Andersen,Joachim Andersen,Defender,CRY,0.00,0.00
2210435,Edouard,Odsonne Edouard,Forward,CRY,0.08,0.72
2210435,Marc Guehi,Addji Keaninkin Marc-Israel Guehi,Defender,CRY,0.00,0.00
2210435,Gallagher,Conor Gallagher,Midfielder,CRY,0.02,0.00
2210435,Mitchell,Tyrick Mitchell,Defender,CRY,0.03,0.00
2210435,Olise,Michael Olise,Midfielder,CRY,0.01,0.00
2210435,Caballero,Willy Caballero,Goalkeeper,SOU,0.00,0.00
2210435,Long (Shane),Shane Long,Forward,SOU,0.00,0.05
2210435,Walcott,Theo Walcott,Midfielder,SOU,0.00,0.00
2210435,Romeu,Oriol Romeu,Midfielder,SOU,0.02,0.07
2210435,Redmond,Nathan Redmond,Midfielder,SOU,0.07,0.00
2210435,Ward-Prowse,James Ward-Prowse,Midfielder,SOU,0.22,0.18
2210435,Walker-Peters,Kyle Walker-Peters,Defender,SOU,0.02,0.00
2210435,Tella,Nathan Tella,Midfielder,SOU,0.02,0.05
2210435,Lyanco,Lyanco Evangelista Silveira Neves Vojnovic,Defender,SOU,0.01,0.14
2210435,Smallbone,William Smallbone,Midfielder,SOU,0.04,0.05
2210435,Djenepo,Moussa Djenepo,Midfielder,SOU,0.01,0.03
2210435,Broja,Armando Broja,Forward,SOU,0.02,0.07
2210435,Livramento,Valentino Livramento,Defender,SOU,0.00,0.00
2210435,Salisu,Mohammed Salisu,Defender,SOU,0.01,0.00
2210436,Schmeichel,Kasper Schmeichel,Goalkeeper,LEI,0.00,0.00
2210436,Albrighton,Marc Albrighton,Midfielder,LEI,0.01,0.00
2210436,Vestergaard,Jannik Vestergaard,Defender,LEI,0.00,0.00
2210436,Tielemans,Youri Tielemans,Midfielder,LEI,0.03,0.10
2210436,Maddison,James Maddison,Midfielder,LEI,0.07,0.26
2210436,Choudhury,Hamza Choudhury,Midfielder,LEI,0.00,0.02
2210436,Barnes (Harvey),Harvey Barnes,Midfielder,LEI,0.04,0.16
2210436,Dewsbury-Hall,Kiernan Dewsbury-Hall,Midfielder,LEI,0.21,0.02
2210436,Söyüncü,Caglar Söyüncü,Defender,LEI,0.00,0.06
2210436,Lookman,Ademola Lookman,Midfielder,LEI,0.13,0.03
2210436,Justin,James Justin,Defender,LEI,0.01,0.00
2210436,Soumaré,Boubakary Soumaré,Midfielder,LEI,0.00,0.00
2210436,Thomas (Luke),Luke Thomas,Defender,LEI,0.01,0.00
2210436,Daka,Patson Daka,Forward,LEI,0.10,0.52
2210436,Lloris,Hugo Lloris,Goalkeeper,TOT,0.00,0.00
2210436,Kane,Harry Kane,Forward,TOT,0.24,1.49
2210436,Doherty,Matt Doherty,Defender,TOT,0.08,0.32
2210436,Lucas Moura,Lucas Rodrigues Moura da Silva,Midfielder,TOT,0.15,0.14
2210436,Davies (Ben),Ben Davies,Defender,TOT,0.03,0.00
2210436,Højbjerg,Pierre-Emile Højbjerg,Midfielder,TOT,0.36,0.28
2210436,Winks,Harry Winks,Midfielder,TOT,0.40,0.00
2210436,Sánchez (Davinson),Davinson Sánchez,Defender,TOT,0.49,0.14
2210436,Bergwijn,Steven Bergwijn,Midfielder,TOT,0.03,0.39
2210436,Reguilón,Sergio Reguilón,Defender,TOT,0.19,0.17
2210436,Tanganga,Japhet Tanganga,Defender,TOT,0.01,0.17
2210436,Lo Celso,Giovani Lo Celso,Midfielder,TOT,0.01,0.00
2210436,Skipp,Oliver Skipp,Midfielder,TOT,0.02,0.05
2210436,Emerson Royal,Emerson Aparecido Leite de Souza Junior,Defender,TOT,0.01,0.04
2210437,Young (Ashley),Ashley Young,Defender,AVL,0.02,0.17
2210437,Ings,Danny Ings,Forward,AVL,0.05,0.00
2210437,Martinez,Emiliano Martinez,Goalkeeper,AVL,0.00,0.00
2210437,McGinn,John McGinn,Midfielder,AVL,0.31,0.02
2210437,Mings,Tyrone Mings,Defender,AVL,0.00,0.00
2210437,Targett,Matt Targett,Defender,AVL,0.04,0.05
2210437,Watkins,Ollie Watkins,Forward,AVL,0.22,1.23
2210437,Tuanzebe,Axel Tuanzebe,Defender,AVL,0.00,0.00
2210437,Buendía,Emiliano Buendía,Midfielder,AVL,0.07,0.14
2210437,Cash,Matthew Cash,Defender,AVL,0.28,0.02
2210437,Konsa Ngoyo,Ezri Konsa Ngoyo,Defender,AVL,0.00,0.00
2210437,Douglas Luiz,Douglas Luiz Soares de Paulo,Midfielder,AVL,0.05,0.00
2210437,Ramsey (Jacob),Jacob Ramsey,Midfielder,AVL,0.03,0.37
2210437,Chukwuemeka (Carney),Carney Chukwuemeka,Midfielder,AVL,0.48,0.00
2210437,Krul,Tim Krul,Goalkeeper,NOR,0.00,0.00
2210437,Pukki,Teemu Pukki,Forward,NOR,0.00,0.00
2210437,Kenny McLean,Kenneth McLean,Midfielder,NOR,0.01,0.26
2210437,Gibson (Ben),Ben Gibson,Defender,NOR,0.01,0.05
2210437,Byram,Sam Byram,Defender,NOR,0.00,0.00
2210437,Dowell,Kieran Dowell,Midfielder,NOR,0.09,0.00
2210437,Cantwell,Todd Cantwell,Midfielder,NOR,0.01,0.03
2210437,Williams (Brandon),Brandon Williams,Defender,NOR,0.01,0.00
2210437,Aarons,Maximillian Aarons,Defender,NOR,0.02,0.00
2210437,Sørensen,Jacob Sørensen,Defender,NOR,0.01,0.08
2210437,Gilmour,Billy Gilmour,Midfielder,NOR,0.28,0.00
2210437,Placheta,Przemyslaw Placheta,Midfielder,NOR,0.02,0.00
2210437,Idah,Adam Idah,Forward,NOR,0.01,0.03
2210437,Kabak,Ozan Kabak,Defender,NOR,0.00,0.00
2210438,Azpilicueta,César Azpilicueta,Defender,CHE,0.03,0.06
2210438,Thiago Silva,Thiago Emiliano da Silva,Defender,CHE,0.10,0.03
2210438,Alonso,Marcos Alonso,Defender,CHE,0.42,0.07
2210438,Jorginho,Jorge Luiz Frello Filho,Midfielder,CHE,0.19,0.10
2210438,Barkley,Ross Barkley,Midfielder,CHE,0.07,0.00
2210438,Ñíguez,Saúl Ñíguez,Midfielder,CHE,0.01,0.00
2210438,Rüdiger,Antonio Rüdiger,Defender,CHE,0.06,0.22
2210438,Ziyech,Hakim Ziyech,Midfielder,CHE,0.35,0.19
2210438,Loftus-Cheek,Ruben Loftus-Cheek,Midfielder,CHE,0.03,0.14
2210438,Pulisic,Christian Pulisic,Midfielder,CHE,0.05,0.40
2210438,Chalobah (Trevoh),Trevoh Chalobah,Defender,CHE,0.02,0.00
2210438,Mount,Mason Mount,Midfielder,CHE,0.13,1.15
2210438,James (Reece),Reece James,Defender,CHE,0.54,0.55
2210438,Mendy (Edouard),Edouard Mendy,Goalkeeper,CHE,0.00,0.00
2210438,Keane,Michael Keane,Defender,EVE,0.00,0.00
2210438,Pickford,Jordan Pickford,Goalkeeper,EVE,0.00,0.00
2210438,André Gomes,André Filipe Tavares Gomes,Midfielder,EVE,0.00,0.02
2210438,Doucouré,Abdoulaye Doucouré,Midfielder,EVE,0.01,0.00
2210438,Iwobi,Alex Iwobi,Midfielder,EVE,0.02,0.00
2210438,Kenny,Jonjoe Kenny,Defender,EVE,0.03,0.03
2210438,Gbamin,Jean-Philippe Gbamin,Midfielder,EVE,0.00,0.00
2210438,Holgate,Mason Holgate,Defender,EVE,0.00,0.00
2210438,Godfrey,Ben Godfrey,Defender,EVE,0.04,0.02
2210438,Simms,Ellis Simms,Forward,EVE,0.01,0.00
2210438,Gordon (Anthony),Anthony Gordon,Midfielder,EVE,0.20,0.02
2210438,Dobbin,Lewis Dobbin,Forward,EVE,0.00,0.00
2210438,Onyango,Tyler Onyango,Midfielder,EVE,0.00,0.00
2210438,Branthwaite,Jarrad Branthwaite,Defender,EVE,0.00,0.47
2210439,Milner,James Milner,Midfielder,LIV,0.00,0.00
2210439,Henderson (Jordan),Jordan Henderson,Midfielder,LIV,0.13,0.08
2210439,Matip,Joel Matip,Defender,LIV,0.06,0.01
2210439,Thiago Alcántara,Thiago Alcántara do Nascimento,Midfielder,LIV,0.12,0.00
2210439,Oxlade-Chamberlain,Alex Oxlade-Chamberlain,Midfielder,LIV,0.02,0.02
2210439,Firmino,Roberto Firmino Barbosa de Oliveira,Forward,LIV,0.02,0.07
2210439,Mane,Sadio Mane,Midfielder,LIV,0.55,0.33
2210439,Alisson,Alisson Ramses Becker,Goalkeeper,LIV,0.00,0.00
2210439,Salah,Mohamed Salah,Midfielder,LIV,0.19,0.74
2210439,Robertson,Andrew Robertson,Defender,LIV,0.11,0.00
2210439,Alexander-Arnold,Trent Alexander-Arnold,Defender,LIV,0.33,0.02
2210439,Keita,Naby Keita,Midfielder,LIV,0.02,0.08
2210439,Diogo Jota,Diogo José Teixeira da Silva,Forward,LIV,0.11,1.41
2210439,Konaté,Ibrahima Konaté,Defender,LIV,0.02,0.03
2210439,Shelvey,Jonjo Shelvey,Midfielder,NEW,0.00,0.10
2210439,Ritchie,Matt Ritchie,Defender,NEW,0.01,0.00
2210439,Dubravka,Martin Dubravka,Goalkeeper,NEW,0.00,0.00
2210439,Wilson (Callum),Callum Wilson,Forward,NEW,0.00,0.00
2210439,Fraser,Ryan Fraser,Midfielder,NEW,0.00,0.00
2210439,Lascelles,Jamaal Lascelles,Defender,NEW,0.00,0.00
2210439,Manquillo,Javier Manquillo,Defender,NEW,0.00,0.00
2210439,Murphy (Jacob),Jacob Murphy,Midfielder,NEW,0.05,0.01
2210439,Schär,Fabian Schär,Defender,NEW,0.00,0.01
2210439,Hayden (Isaac),Isaac Hayden,Midfielder,NEW,0.02,0.00
2210439,Saint-Maximin,Allan Saint-Maximin,Midfielder,NEW,0.05,0.14
2210439,Joelinton,Joelinton Cássio Apolinário de Lira,Midfielder,NEW,0.00,0.00
2210439,Lewis (Jamal),Jamal Lewis,Defender,NEW,0.00,0.00
2210439,Willock,Joseph Willock,Midfielder,NEW,0.00,0.00
2210440,Ayling,Luke Ayling,Defender,LEE,0.00,0.00
2210440,Klich,Mateusz Klich,Midfielder,LEE,0.01,0.03
2210440,Forshaw,Adam Forshaw,Midfielder,LEE,0.00,0.04
2210440,Dallas,Stuart Dallas,Defender,LEE,0.01,0.06
2210440,Diego Llorente,Diego Javier Llorente Ríos,Defender,LEE,0.00,0.00
2210440,Roberts (Tyler),Tyler Roberts,Midfielder,LEE,0.01,0.05
2210440,James (Daniel),Daniel James,Midfielder,LEE,0.00,0.00
2210440,Raphinha,Raphael Dias Belloli,Midfielder,LEE,0.04,0.00
2210440,Harrison,Jack Harrison,Midfielder,LEE,0.02,0.15
2210440,Shackleton,Jamie Shackleton,Midfielder,LEE,0.00,0.00
2210440,Drameh,Cody Drameh,Defender,LEE,0.00,0.00
2210440,Meslier,Illan Meslier,Goalkeeper,LEE,0.00,0.00
2210440,Firpo,Junior Firpo,Defender,LEE,0.01,0.00
2210440,Gelhardt,Joe Gelhardt,Forward,LEE,0.00,0.00
2210440,Fernandinho,Fernando Luiz Rosa,Midfielder,MCI,0.11,0.00
2210440,Gundogan,Ilkay Gundogan,Midfielder,MCI,0.03,0.49
2210440,De Bruyne,Kevin De Bruyne,Midfielder,MCI,0.27,0.70
2210440,Stones,John Stones,Defender,MCI,0.01,0.35
2210440,Mahrez,Riyad Mahrez,Midfielder,MCI,0.58,0.39
2210440,Grealish,Jack Grealish,Midfielder,MCI,0.18,0.32
2210440,Ederson,Ederson Santana de Moraes,Goalkeeper,MCI,0.00,0.00
2210440,Aké,Nathan Aké,Defender,MCI,0.00,0.08
2210440,Laporte,Aymeric Laporte,Defender,MCI,0.03,0.12
2210440,Bernardo Silva,Bernardo Mota Veiga de Carvalho e Silva,Midfielder,MCI,0.05,0.31
2210440,Rúben Dias,Rúben Santos Gato Alves Dias,Defender,MCI,0.02,0.00
2210440,Zinchenko,Oleksandr Zinchenko,Defender,MCI,0.02,0.00
2210440,Foden,Phil Foden,Midfielder,MCI,0.30,0.39
2210440,Rodri,Rodrigo Hernández Cascante,Midfielder,MCI,0.10,0.00
2210441,Coutinho,Philippe Coutinho,Midfielder,AVL,0.11,0.03
2210441,Ings,Danny Ings,Forward,AVL,0.00,0.44
2210441,Martinez,Emiliano Martinez,Goalkeeper,AVL,0.00,0.00
2210441,Chambers,Calum Chambers,Defender,AVL,0.30,0.08
2210441,Digne,Lucas Digne,Defender,AVL,0.15,0.04
2210441,Traore (Bertrand),Bertrand Traore,Midfielder,AVL,0.01,0.10
2210441,McGinn,John McGinn,Midfielder,AVL,0.13,0.09
2210441,Mings,Tyrone Mings,Defender,AVL,0.01,0.00
2210441,Watkins,Ollie Watkins,Forward,AVL,0.02,0.06
2210441,Buendía,Emiliano Buendía,Midfielder,AVL,0.29,0.30
2210441,Cash,Matthew Cash,Defender,AVL,0.03,0.29
2210441,Douglas Luiz,Douglas Luiz Soares de Paulo,Midfielder,AVL,0.04,0.00
2210441,Ramsey (Jacob),Jacob Ramsey,Midfielder,AVL,0.04,0.05
2210441,Chukwuemeka (Carney),Carney Chukwuemeka,Midfielder,AVL,0.01,0.00
2210441,Lennon,Aaron Lennon,Midfielder,BUR,0.00,0.05
2210441,Tarkowski,James Tarkowski,Defender,BUR,0.11,0.00
2210441,Cork,Jack Cork,Midfielder,BUR,0.01,0.02
2210441,Long (Kevin),Kevin Long,Defender,BUR,0.00,0.02
2210441,Barnes (Ashley),Ashley Barnes,Forward,BUR,0.01,0.87
2210441,Lowton,Matthew Lowton,Defender,BUR,0.00,0.00
2210441,Pope,Nick Pope,Goalkeeper,BUR,0.00,0.00
2210441,Taylor (Charlie),Charlie Taylor,Defender,BUR,0.25,0.00
2210441,Weghorst,Wout Weghorst,Forward,BUR,0.00,0.36
2210441,Cornet,Maxwel Cornet,Midfielder,BUR,0.07,0.02
2210441,Brownhill,Josh Brownhill,Midfielder,BUR,0.05,0.04
2210441,Roberts (Connor),Connor Roberts,Defender,BUR,0.64,0.24
2210441,Collins,Nathan Collins,Defender,BUR,0.01,0.00
2210441,McNeil,Dwight McNeil,Midfielder,BUR,0.03,0.06
2210442,Delph,Fabian Delph,Midfielder,EVE,0.02,0.00
2210442,Rondón,Salomón Rondón,Forward,EVE,0.16,0.09
2210442,Coleman,Seamus Coleman,Defender,EVE,0.09,0.00
2210442,Alli,Bamidele Alli,Midfielder,EVE,0.07,0.00
2210442,Pickford,Jordan Pickford,Goalkeeper,EVE,0.01,0.00
2210442,Allan,Allan Marques Loureiro,Midfielder,EVE,0.01,0.00
2210442,Iwobi,Alex Iwobi,Midfielder,EVE,0.05,0.20
2210442,Mina,Yerry Mina,Defender,EVE,0.01,0.04
2210442,Gray (Demarai),Demarai Gray,Midfielder,EVE,0.42,0.15
2210442,Godfrey,Ben Godfrey,Defender,EVE,0.00,0.00
2210442,Richarlison,Richarlison de Andrade,Forward,EVE,0.01,1.29
2210442,Mykolenko,Vitaliy Mykolenko,Defender,EVE,0.08,0.00
2210442,Gordon (Anthony),Anthony Gordon,Midfielder,EVE,0.71,0.00
2210442,Schmeichel,Kasper Schmeichel,Goalkeeper,LEI,0.00,0.00
2210442,Evans,Jonny Evans,Defender,LEI,0.01,0.00
2210442,Mendy (Nampalys),Nampalys Mendy,Midfielder,LEI,0.01,0.00
2210442,Ricardo Pereira,Ricardo Domingos Barbosa Pereira,Defender,LEI,0.02,0.02
2210442,Amartey,Daniel Amartey,Defender,LEI,0.00,0.00
2210442,Castagne,Timothy Castagne,Defender,LEI,0.01,0.00
2210442,Tielemans,Youri Tielemans,Midfielder,LEI,0.01,0.00
2210442,Maddison,James Maddison,Midfielder,LEI,0.23,0.36
2210442,Iheanacho,Kelechi Iheanacho,Forward,LEI,0.08,0.15
2210442,Barnes (Harvey),Harvey Barnes,Midfielder,LEI,0.01,0.25
2210442,Dewsbury-Hall,Kiernan Dewsbury-Hall,Midfielder,LEI,0.17,0.00
2210442,Lookman,Ademola Lookman,Midfielder,LEI,0.03,0.00
2210442,Daka,Patson Daka,Forward,LEI,0.11,0.00
2210442,Fofana,Wesley Fofana,Defender,LEI,0.00,0.12
2210443,Cedric,Cedric Ricardo Alves Soares,Defender,ARS,0.02,0.00
2210443,Lacazette,Alexandre Lacazette,Forward,ARS,0.07,0.86
2210443,Xhaka,Granit Xhaka,Midfielder,ARS,0.35,0.08
2210443,Partey,Thomas Partey,Midfielder,ARS,0.01,0.09
2210443,Odegaard,Martin Odegaard,Midfielder,ARS,1.14,0.20
2210443,Tierney,Kieran Tierney,Defender,ARS,0.01,0.08
2210443,White (Ben),Ben White,Defender,ARS,0.01,0.00
2210443,Smith-Rowe,Emile Smith-Rowe,Midfielder,ARS,0.01,0.37
2210443,Saka,Bukayo Saka,Midfielder,ARS,0.13,1.29
2210443,Tomiyasu,Takehiro Tomiyasu,Defender,ARS,0.00,0.00
2210443,Ramsdale,Aaron Ramsdale,Goalkeeper,ARS,0.00,0.00
2210443,Gabriel Magalhães,Gabriel dos Santos Magalhães,Defender,ARS,0.00,0.05
2210443,Nuno Tavares,Nuno Tavares,Defender,ARS,0.00,0.00
2210443,Martinelli,Gabriel Teodoro Martinelli Silva,Midfielder,ARS,0.08,0.85
2210443,Ayling,Luke Ayling,Defender,LEE,0.00,0.00
2210443,Klich,Mateusz Klich,Midfielder,LEE,0.12,0.00
2210443,Forshaw,Adam Forshaw,Midfielder,LEE,0.01,0.00
2210443,Dallas,Stuart Dallas,Defender,LEE,0.03,0.00
2210443,Roberts (Tyler),Tyler Roberts,Midfielder,LEE,0.02,0.16
2210443,Koch,Robin Koch,Defender,LEE,0.00,0.00
2210443,Raphinha,Raphael Dias Belloli,Midfielder,LEE,0.04,1.26
2210443,Harrison,Jack Harrison,Midfielder,LEE,0.00,0.00
2210443,Greenwood (Sam),Sam Greenwood,Forward,LEE,0.00,0.00
2210443,Drameh,Cody Drameh,Defender,LEE,0.03,0.00
2210443,Meslier,Illan Meslier,Goalkeeper,LEE,0.00,0.00
2210443,Summerville,Crysencio Summerville,Midfielder,LEE,0.02,0.21
2210443,Gelhardt,Joe Gelhardt,Forward,LEE,0.00,0.00
2210443,McCarron,Liam McCarron,Midfielder,LEE,0.00,0.00
2210444,Welbeck,Danny Welbeck,Forward,BHA,0.00,0.22
2210444,Groß,Pascal Groß,Midfielder,BHA,0.11,0.03
2210444,Dunk,Lewis Dunk,Defender,BHA,0.00,0.00
2210444,Webster (Adam),Adam Webster,Defender,BHA,0.01,0.00
2210444,Veltman,Joël Veltman,Defender,BHA,0.09,0.00
2210444,Maupay,Neal Maupay,Forward,BHA,0.02,0.03
2210444,Trossard,Leandro Trossard,Midfielder,BHA,0.02,0.00
2210444,Cucurella,Marc Cucurella,Defender,BHA,0.02,0.00
2210444,Sanchez,Robert Sanchez,Goalkeeper,BHA,0.00,0.00
2210444,Bissouma,Yves Bissouma,Midfielder,BHA,0.03,0.14
2210444,Lamptey,Tariq Lamptey,Defender,BHA,0.16,0.00
2210444,Alzate,Steven Alzate,Midfielder,BHA,0.00,0.00
2210444,Mac Allister,Alexis Mac Allister,Midfielder,BHA,0.03,0.12
2210444,Moder,Jakub Moder,Midfielder,BHA,0.14,0.17
2210444,Cristiano Ronaldo,Cristiano Ronaldo dos Santos Aveiro,Forward,MUN,0.37,0.48
2210444,De Gea,David De Gea,Goalkeeper,MUN,0.00,0.00
2210444,Pogba,Paul Pogba,Midfielder,MUN,0.02,0.06
2210444,Maguire,Harry Maguire,Defender,MUN,0.00,0.10
2210444,Fred,Frederico Rodrigues de Paula Santos,Midfielder,MUN,0.02,0.03
2210444,Shaw,Luke Shaw,Defender,MUN,0.03,0.01
2210444,Bruno Fernandes,Bruno Miguel Borges Fernandes,Midfielder,MUN,0.44,0.69
2210444,Alex Telles,Alex Nicolao Telles,Defender,MUN,0.01,0.04
2210444,Rashford,Marcus Rashford,Midfielder,MUN,0.03,0.00
2210444,Lindelof,Victor Nilsson-Lindelof,Defender,MUN,0.00,0.00
2210444,McTominay,Scott McTominay,Midfielder,MUN,0.02,0.04
2210444,Sancho,Jadon Sancho,Midfielder,MUN,0.06,0.22
2210444,Dalot,José Diogo Dalot Teixeira,Defender,MUN,0.04,0.02
2210444,Elanga,Anthony Elanga,Midfielder,MUN,0.03,0.02
2210445,Fernandinho,Fernando Luiz Rosa,Midfielder,MCI,0.01,0.00
2210445,De Bruyne,Kevin De Bruyne,Midfielder,MCI,0.31,0.06
2210445,Stones,John Stones,Defender,MCI,0.00,0.00
2210445,Mahrez,Riyad Mahrez,Midfielder,MCI,0.21,0.30
2210445,Sterling (Raheem),Raheem Sterling,Midfielder,MCI,0.21,0.79
2210445,João Cancelo,João Pedro Cavaco Cancelo,Defender,MCI,0.57,0.17
2210445,Ederson,Ederson Santana de Moraes,Goalkeeper,MCI,0.00,0.00
2210445,Laporte,Aymeric Laporte,Defender,MCI,0.01,0.20
2210445,Bernardo Silva,Bernardo Mota Veiga de Carvalho e Silva,Midfielder,MCI,0.34,0.05
2210445,Rúben Dias,Rúben Santos Gato Alves Dias,Defender,MCI,0.01,0.78
2210445,Jesus,Gabriel Fernando de Jesus,Forward,MCI,0.82,0.59
2210445,Zinchenko,Oleksandr Zinchenko,Defender,MCI,0.06,0.04
2210445,Rodri,Rodrigo Hernández Cascante,Midfielder,MCI,0.02,0.04
2210445,Palmer,Cole Palmer,Midfielder,MCI,0.00,0.00
2210445,Ritchie,Matt Ritchie,Defender,NEW,0.01,0.00
2210445,Clark,Ciaran Clark,Defender,NEW,0.00,0.00
2210445,Dubravka,Martin Dubravka,Goalkeeper,NEW,0.00,0.00
2210445,Wilson (Callum),Callum Wilson,Forward,NEW,0.09,0.07
2210445,Hendrick,Jeff Hendrick,Midfielder,NEW,0.00,0.00
2210445,Fraser,Ryan Fraser,Midfielder,NEW,0.22,0.00
2210445,Lascelles,Jamaal Lascelles,Defender,NEW,0.03,0.00
2210445,Murphy (Jacob),Jacob Murphy,Midfielder,NEW,0.01,0.02
2210445,Hayden (Isaac),Isaac Hayden,Midfielder,NEW,0.00,0.17
2210445,Saint-Maximin,Allan Saint-Maximin,Midfielder,NEW,0.04,0.02
2210445,Almirón,Miguel Almirón,Midfielder,NEW,0.00,0.00
2210445,Longstaff (Sean),Sean Longstaff,Midfielder,NEW,0.00,0.00
2210445,Joelinton,Joelinton Cássio Apolinário de Lira,Midfielder,NEW,0.01,0.03
2210445,Willock,Joseph Willock,Midfielder,NEW,0.00,0.00
2210446,Jansson,Pontus Jansson,Defender,BRE,0.00,0.00
2210446,Norgaard,Christian Norgaard,Midfielder,BRE,0.02,0.00
2210446,Toney,Ivan Toney,Forward,BRE,0.02,0.20
2210446,Canos,Sergi Canos,Defender,BRE,0.00,0.00
2210446,Ajer,Kristoffer Ajer,Defender,BRE,0.01,0.00
2210446,Janelt,Vitaly Janelt,Midfielder,BRE,0.02,0.10
2210446,Jensen,Mathias Jensen,Midfielder,BRE,0.23,0.00
2210446,Wissa,Yoane Wissa,Midfielder,BRE,0.00,0.00
2210446,Roerslev,Mads Roerslev,Defender,BRE,0.06,0.00
2210446,Pinnock,Ethan Pinnock,Defender,BRE,0.01,0.00
2210446,Fernández (Álvaro),Álvaro Fernández,Goalkeeper,BRE,0.00,0.00
2210446,Baptiste (Shandon),Shandon Baptiste,Midfielder,BRE,0.00,0.00
2210446,Mbeumo,Bryan Mbeumo,Forward,BRE,0.10,0.25
2210446,Stevens (Finley),Finley Stevens,Defender,BRE,0.02,0.00
2210446,Forster,Fraser Forster,Goalkeeper,SOU,0.00,0.00
2210446,Romeu,Oriol Romeu,Midfielder,SOU,0.21,0.17
2210446,Redmond,Nathan Redmond,Midfielder,SOU,0.05,0.00
2210446,Armstrong (Stuart),Stuart Armstrong,Midfielder,SOU,0.00,0.00
2210446,Ward-Prowse,James Ward-Prowse,Midfielder,SOU,0.20,0.02
2210446,Armstrong (Adam),Adam Armstrong,Forward,SOU,0.00,0.03
2210446,Bednarek,Jan Bednarek,Defender,SOU,0.01,0.20
2210446,Adams,Che Adams,Forward,SOU,0.01,0.22
2210446,Tella,Nathan Tella,Midfielder,SOU,0.01,0.03
2210446,Lyanco,Lyanco Evangelista Silveira Neves Vojnovic,Defender,SOU,0.00,0.00
2210446,Diallo,Ibrahima Diallo,Midfielder,SOU,0.04,0.04
2210446,Perraud,Romain Perraud,Defender,SOU,0.01,0.06
2210446,Broja,Armando Broja,Forward,SOU,0.00,0.64
2210446,Salisu,Mohammed Salisu,Defender,SOU,0.03,0.00
2210447,Milner,James Milner,Midfielder,LIV,0.11,0.09
2210447,Matip,Joel Matip,Defender,LIV,0.01,0.04
2210447,Firmino,Roberto Firmino Barbosa de Oliveira,Forward,LIV,0.01,0.00
2210447,Mane,Sadio Mane,Midfielder,LIV,0.17,0.08
2210447,Alisson,Alisson Ramses Becker,Goalkeeper,LIV,0.00,0.00
2210447,Salah,Mohamed Salah,Midfielder,LIV,0.04,0.12
2210447,Robertson,Andrew Robertson,Defender,LIV,0.28,0.44
2210447,Alexander-Arnold,Trent Alexander-Arnold,Defender,LIV,1.25,0.31
2210447,Gomez,Joseph Gomez,Defender,LIV,0.00,0.00
2210447,Keita,Naby Keita,Midfielder,LIV,0.07,0.11
2210447,Diogo Jota,Diogo José Teixeira da Silva,Forward,LIV,0.04,0.28
2210447,Konaté,Ibrahima Konaté,Defender,LIV,0.03,0.00
2210447,Tsimikas,Konstantinos Tsimikas,Defender,LIV,0.00,0.00
2210447,Morton,Tyler Morton,Midfielder,LIV,0.02,0.00
2210447,Lloris,Hugo Lloris,Goalkeeper,TOT,0.00,0.00
2210447,Kane,Harry Kane,Forward,TOT,0.34,1.07
2210447,Son,Heung-Min Son,Midfielder,TOT,0.47,1.17
2210447,Dier,Eric Dier,Defender,TOT,0.21,0.00
2210447,Lucas Moura,Lucas Rodrigues Moura da Silva,Midfielder,TOT,0.00,0.00
2210447,Alli,Bamidele Alli,Midfielder,TOT,0.27,0.57
2210447,Davies (Ben),Ben Davies,Defender,TOT,0.00,0.00
2210447,Winks,Harry Winks,Midfielder,TOT,0.21,0.00
2210447,Sánchez (Davinson),Davinson Sánchez,Defender,TOT,0.17,0.22
2210447,Sessegnon (Ryan),Kouassi Ryan Sessegnon,Defender,TOT,0.13,0.00
2210447,Reguilón,Sergio Reguilón,Defender,TOT,0.00,0.00
2210447,Skipp,Oliver Skipp,Midfielder,TOT,0.01,0.00
2210447,NDombele,Tanguy NDombele,Midfielder,TOT,0.22,0.00
2210447,Emerson Royal,Emerson Aparecido Leite de Souza Junior,Defender,TOT,0.09,0.00
2210448,McArthur,James McArthur,Midfielder,CRY,0.00,0.00
2210448,Kouyaté,Cheikhou Kouyaté,Defender,CRY,0.00,0.00
2210448,Clyne,Nathaniel Clyne,Defender,CRY,0.01,0.00
2210448,Ayew,Jordan Ayew,Midfielder,CRY,0.06,0.00
2210448,Zaha,Wilfried Zaha,Midfielder,CRY,0.18,0.19
2210448,Butland,Jack Butland,Goalkeeper,CRY,0.00,0.00
2210448,Hughes (Will),Will Hughes,Midfielder,CRY,0.01,0.00
2210448,Andersen,Joachim Andersen,Defender,CRY,0.01,0.00
2210448,Edouard,Odsonne Edouard,Forward,CRY,0.00,0.00
2210448,Marc Guehi,Addji Keaninkin Marc-Israel Guehi,Defender,CRY,0.01,0.00
2210448,Mateta,Jean-Philippe Mateta,Forward,CRY,0.02,0.25
2210448,Gallagher,Conor Gallagher,Midfielder,CRY,0.01,0.52
2210448,Mitchell,Tyrick Mitchell,Defender,CRY,0.06,0.03
2210448,Olise,Michael Olise,Midfielder,CRY,0.02,0.13
2210448,Foster,Ben Foster,Goalkeeper,WAT,0.00,0.00
2210448,Cathcart,Craig Cathcart,Defender,WAT,0.19,0.00
2210448,Cleverley,Tom Cleverley,Midfielder,WAT,0.01,0.00
2210448,Sissoko,Moussa Sissoko,Midfielder,WAT,0.15,0.44
2210448,Femenía,Francisco Femenía Far,Defender,WAT,0.26,0.00
2210448,King,Joshua King,Forward,WAT,0.00,0.00
2210448,Samir,Samir Caetano de Souza Santos,Defender,WAT,0.03,0.02
2210448,Kamara (Hassane),Hassane Kamara,Defender,WAT,0.14,0.00
2210448,Dennis (Emmanuel),Emmanuel Bonaventure Dennis,Forward,WAT,0.05,0.87
2210448,Ismaila Sarr,Ismaila Sarr,Midfielder,WAT,0.03,0.03
2210448,Cucho,Juan Camilo Hernández,Forward,WAT,0.01,0.02
2210448,Kayembe,Edo Kayembe,Midfielder,WAT,0.00,0.00
2210448,Louza,Imran Louza,Midfielder,WAT,0.06,0.00
2210449,Krul,Tim Krul,Goalkeeper,NOR,0.00,0.00
2210449,Pukki,Teemu Pukki,Forward,NOR,0.13,0.00
2210449,Kenny McLean,Kenneth McLean,Midfielder,NOR,0.01,0.04
2210449,Gibson (Ben),Ben Gibson,Defender,NOR,0.00,0.00
2210449,Hanley,Grant Hanley,Defender,NOR,0.00,0.00
2210449,Dowell,Kieran Dowell,Midfielder,NOR,0.00,0.04
2210449,Lees-Melou,Pierre Lees-Melou,Midfielder,NOR,0.01,0.00
2210449,Rashica,Milot Rashica,Midfielder,NOR,0.10,0.05
2210449,Williams (Brandon),Brandon Williams,Defender,NOR,0.07,0.00
2210449,Aarons,Maximillian Aarons,Defender,NOR,0.01,0.00
2210449,Placheta,Przemyslaw Placheta,Midfielder,NOR,0.03,0.02
2210449,Idah,Adam Idah,Forward,NOR,0.05,0.15
2210449,Tzolis,Christos Tzolis,Midfielder,NOR,0.00,0.02
2210449,Rowe (Jonathan),Jonathan Rowe,Midfielder,NOR,0.00,0.00
2210449,Fabianski,Lukasz Fabianski,Goalkeeper,WHU,0.00,0.00
2210449,Cresswell (Aaron),Aaron Cresswell,Defender,WHU,0.10,0.00
2210449,Yarmolenko,Andriy Yarmolenko,Midfielder,WHU,0.00,0.06
2210449,Antonio,Michail Antonio,Forward,WHU,0.05,0.13
2210449,Dawson,Craig Dawson,Defender,WHU,0.01,0.16
2210449,Lanzini,Manuel Lanzini,Midfielder,WHU,0.05,0.19
2210449,Masuaku,Arthur Masuaku,Defender,WHU,0.58,0.00
2210449,Coufal,Vladimir Coufal,Defender,WHU,0.18,0.00
2210449,Bowen,Jarrod Bowen,Midfielder,WHU,0.03,1.88
2210449,Vlasic,Nikola Vlasic,Midfielder,WHU,0.03,0.03
2210449,Rice,Declan Rice,Midfielder,WHU,0.07,0.00
2210449,Fornals,Pablo Fornals,Midfielder,WHU,0.45,0.03
2210449,Diop,Issa Diop,Defender,WHU,0.13,0.00
2210450,Azpilicueta,César Azpilicueta,Defender,CHE,0.25,0.14
2210450,Thiago Silva,Thiago Emiliano da Silva,Defender,CHE,0.06,0.00
2210450,Alonso,Marcos Alonso,Defender,CHE,0.03,0.00
2210450,Ñíguez,Saúl Ñíguez,Midfielder,CHE,0.01,0.00
2210450,Kovacic,Mateo Kovacic,Midfielder,CHE,0.01,0.00
2210450,Rüdiger,Antonio Rüdiger,Defender,CHE,0.04,0.08
2210450,Kanté,N'Golo Kanté,Midfielder,CHE,0.31,0.24
2210450,Ziyech,Hakim Ziyech,Midfielder,CHE,0.05,0.00
2210450,Pulisic,Christian Pulisic,Midfielder,CHE,0.02,0.35
2210450,Chalobah (Trevoh),Trevoh Chalobah,Defender,CHE,0.02,0.00
2210450,Mount,Mason Mount,Midfielder,CHE,0.37,0.09
2210450,James (Reece),Reece James,Defender,CHE,0.07,0.00
2210450,Mendy (Edouard),Edouard Mendy,Goalkeeper,CHE,0.00,0.00
2210450,Moutinho,João Moutinho,Midfielder,WOL,0.02,0.00
2210450,Coady,Conor Coady,Defender,WOL,0.00,0.00
2210450,Raúl Jiménez,Raul Alonso Jimenez Rodriguez,Forward,WOL,0.02,0.00
2210450,Saiss,Romain Saiss,Defender,WOL,0.01,0.00
2210450,Marçal,Fernando Marçal de Oliveira,Defender,WOL,0.03,0.00
2210450,José Sá,José Pedro Malheiro de Sá,Goalkeeper,WOL,0.00,0.00
2210450,Dendoncker (Leander),Leander Dendoncker,Midfielder,WOL,0.00,0.18
2210450,Traoré,Adama Traoré,Midfielder,WOL,0.00,0.00
2210450,Ruben Neves,Rúben Diogo da Silva Neves,Midfielder,WOL,0.01,0.00
2210450,Podence,Daniel Podence,Midfielder,WOL,0.15,0.07
2210450,Kilman,Max Kilman,Defender,WOL,0.01,0.00
2210450,Trincão,Francisco António Machado Trincão,Midfielder,WOL,0.00,0.00
2210450,Hoever,Ki-Jana Hoever,Defender,WOL,0.00,0.00
2210451,Ings,Danny Ings,Forward,AVL,0.02,0.20
2210451,Martinez,Emiliano Martinez,Goalkeeper,AVL,0.00,0.00
2210451,Traore (Bertrand),Bertrand Traore,Midfielder,AVL,0.01,0.00
2210451,Sanson,Morgan Sanson,Midfielder,AVL,0.01,0.02
2210451,Mings,Tyrone Mings,Defender,AVL,0.00,0.00
2210451,Targett,Matt Targett,Defender,AVL,0.04,0.00
2210451,Watkins,Ollie Watkins,Forward,AVL,0.21,0.11
2210451,El Ghazi,Anwar El Ghazi,Midfielder,AVL,0.00,0.01
2210451,Buendía,Emiliano Buendía,Midfielder,AVL,0.03,0.00
2210451,Cash,Matthew Cash,Defender,AVL,0.14,0.06
2210451,Konsa Ngoyo,Ezri Konsa Ngoyo,Defender,AVL,0.00,0.00
2210451,Douglas Luiz,Douglas Luiz Soares de Paulo,Midfielder,AVL,0.01,0.00
2210451,Ramsey (Jacob),Jacob Ramsey,Midfielder,AVL,0.02,0.00
2210451,Chukwuemeka (Carney),Carney Chukwuemeka,Midfielder,AVL,0.01,0.05
2210451,Thiago Silva,Thiago Emiliano da Silva,Defender,CHE,0.03,0.00
2210451,Lukaku,Romelu Lukaku,Forward,CHE,0.05,0.09
2210451,Alonso,Marcos Alonso,Defender,CHE,0.05,0.15
2210451,Jorginho,Jorge Luiz Frello Filho,Midfielder,CHE,0.04,1.58
2210451,Kovacic,Mateo Kovacic,Midfielder,CHE,0.12,0.00
2210451,Rüdiger,Antonio Rüdiger,Defender,CHE,0.01,0.00
2210451,Kanté,N'Golo Kanté,Midfielder,CHE,0.16,0.00
2210451,Christensen,Andreas Christensen,Defender,CHE,0.00,0.00
2210451,Pulisic,Christian Pulisic,Midfielder,CHE,0.08,0.00
2210451,Chalobah (Trevoh),Trevoh Chalobah,Defender,CHE,0.01,0.00
2210451,Mount,Mason Mount,Midfielder,CHE,0.21,0.16
2210451,Hudson-Odoi,Callum Hudson-Odoi,Midfielder,CHE,0.12,0.61
2210451,James (Reece),Reece James,Defender,CHE,0.07,0.06
2210451,Mendy (Edouard),Edouard Mendy,Goalkeeper,CHE,0.00,0.00
2210452,Jansson,Pontus Jansson,Defender,BRE,0.00,0.05
2210452,Norgaard,Christian Norgaard,Midfielder,BRE,0.18,0.00
2210452,Toney,Ivan Toney,Forward,BRE,0.11,0.09
2210452,Canos,Sergi Canos,Defender,BRE,0.06,0.24
2210452,Ghoddos,Saman Ghoddos,Midfielder,BRE,0.05,0.00
2210452,Jensen,Mathias Jensen,Midfielder,BRE,0.04,0.00
2210452,Wissa,Yoane Wissa,Midfielder,BRE,0.03,0.02
2210452,Bech Sørensen,Mads Bech Sørensen,Defender,BRE,0.06,0.00
2210452,Pinnock,Ethan Pinnock,Defender,BRE,0.01,0.12
2210452,Thompson (Dominic),Dominic Thompson,Defender,BRE,0.00,0.06
2210452,Fernández (Álvaro),Álvaro Fernández,Goalkeeper,BRE,0.00,0.00
2210452,Onyeka,Frank Onyeka,Midfielder,BRE,0.01,0.00
2210452,Baptiste (Shandon),Shandon Baptiste,Midfielder,BRE,0.01,0.37
2210452,Mbeumo,Bryan Mbeumo,Forward,BRE,0.00,0.02
2210452,Lallana,Adam Lallana,Midfielder,BHA,0.06,0.03
2210452,Welbeck,Danny Welbeck,Forward,BHA,0.06,0.02
2210452,Groß,Pascal Groß,Midfielder,BHA,0.00,0.03
2210452,Burn,Dan Burn,Defender,BHA,0.00,0.03
2210452,Webster (Adam),Adam Webster,Defender,BHA,0.01,0.00
2210452,Maupay,Neal Maupay,Forward,BHA,0.08,0.10
2210452,Trossard,Leandro Trossard,Midfielder,BHA,0.08,0.26
2210452,Cucurella,Marc Cucurella,Defender,BHA,0.05,0.00
2210452,Sanchez,Robert Sanchez,Goalkeeper,BHA,0.00,0.00
2210452,Lamptey,Tariq Lamptey,Defender,BHA,0.01,0.00
2210452,Alzate,Steven Alzate,Midfielder,BHA,0.00,0.07
2210452,Mac Allister,Alexis Mac Allister,Midfielder,BHA,0.08,0.14
2210452,Moder,Jakub Moder,Midfielder,BHA,0.03,0.05
2210452,Mwepu,Enock Mwepu,Midfielder,BHA,0.19,0.08
2210453,Lennon,Aaron Lennon,Midfielder,BUR,0.05,0.00
2210453,Tarkowski,James Tarkowski,Defender,BUR,0.03,0.00
2210453,Rodriguez,Jay Rodriguez,Forward,BUR,0.02,0.94
2210453,Westwood,Ashley Roy Westwood,Midfielder,BUR,0.02,0.13
2210453,Lowton,Matthew Lowton,Defender,BUR,0.01,0.00
2210453,Vydra,Matej Vydra,Forward,BUR,0.25,0.06
2210453,Pope,Nick Pope,Goalkeeper,BUR,0.01,0.00
2210453,Taylor (Charlie),Charlie Taylor,Defender,BUR,0.12,0.08
2210453,Weghorst,Wout Weghorst,Forward,BUR,0.05,0.01
2210453,Cornet,Maxwel Cornet,Midfielder,BUR,0.36,0.51
2210453,Brownhill,Josh Brownhill,Midfielder,BUR,0.64,0.00
2210453,Roberts (Connor),Connor Roberts,Defender,BUR,0.01,0.00
2210453,Collins,Nathan Collins,Defender,BUR,0.01,0.28
2210453,McNeil,Dwight McNeil,Midfielder,BUR,0.00,0.01
2210453,Rondón,Salomón Rondón,Forward,EVE,0.00,0.06
2210453,Pickford,Jordan Pickford,Goalkeeper,EVE,0.01,0.00
2210453,Doucouré,Abdoulaye Doucouré,Midfielder,EVE,0.02,0.03
2210453,Iwobi,Alex Iwobi,Midfielder,EVE,0.29,0.00
2210453,Kenny,Jonjoe Kenny,Defender,EVE,0.04,0.02
2210453,Gray (Demarai),Demarai Gray,Midfielder,EVE,0.01,0.04
2210453,Calvert-Lewin,Dominic Calvert-Lewin,Forward,EVE,0.05,0.11
2210453,Holgate,Mason Holgate,Defender,EVE,0.01,0.00
2210453,Godfrey,Ben Godfrey,Defender,EVE,0.01,0.00
2210453,Richarlison,Richarlison de Andrade,Forward,EVE,0.10,1.90
2210453,Mykolenko,Vitaliy Mykolenko,Defender,EVE,0.22,0.00
2210453,Gordon (Anthony),Anthony Gordon,Midfielder,EVE,0.05,0.21
2210453,Branthwaite,Jarrad Branthwaite,Defender,EVE,0.00,0.03
2210454,Ayling,Luke Ayling,Defender,LEE,0.00,0.00
2210454,Klich,Mateusz Klich,Midfielder,LEE,0.08,0.00
2210454,Forshaw,Adam Forshaw,Midfielder,LEE,0.00,0.03
2210454,Rodrigo,Rodrigo Moreno Machado,Midfielder,LEE,0.02,0.00
2210454,Dallas,Stuart Dallas,Defender,LEE,0.00,0.18
2210454,Roberts (Tyler),Tyler Roberts,Midfielder,LEE,0.01,0.00
2210454,James (Daniel),Daniel James,Midfielder,LEE,0.00,0.00
2210454,Raphinha,Raphael Dias Belloli,Midfielder,LEE,0.00,0.03
2210454,Harrison,Jack Harrison,Midfielder,LEE,0.02,0.00
2210454,Shackleton,Jamie Shackleton,Midfielder,LEE,0.00,0.00
2210454,Struijk,Pascal Struijk,Defender,LEE,0.00,0.00
2210454,Meslier,Illan Meslier,Goalkeeper,LEE,0.00,0.00
2210454,Firpo,Junior Firpo,Defender,LEE,0.06,0.00
2210454,Gelhardt,Joe Gelhardt,Forward,LEE,0.00,0.00
2210454,Milner,James Milner,Midfielder,LIV,0.09,0.06
2210454,Henderson (Jordan),Jordan Henderson,Midfielder,LIV,0.28,0.00
2210454,Matip,Joel Matip,Defender,LIV,0.02,0.23
2210454,Thiago Alcántara,Thiago Alcántara do Nascimento,Midfielder,LIV,0.02,0.00
2210454,van Dijk,Virgil van Dijk,Defender,LIV,0.01,0.22
2210454,Mane,Sadio Mane,Midfielder,LIV,0.07,1.36
2210454,Alisson,Alisson Ramses Becker,Goalkeeper,LIV,0.00,0.00
2210454,Fabinho,Fabio Henrique Tavares,Midfielder,LIV,0.02,0.42
2210454,Salah,Mohamed Salah,Midfielder,LIV,0.47,2.12
2210454,Robertson,Andrew Robertson,Defender,LIV,0.23,0.22
2210454,Origi,Divock Origi,Forward,LIV,0.00,0.03
2210454,Alexander-Arnold,Trent Alexander-Arnold,Defender,LIV,0.34,0.00
2210454,Jones (Curtis),Curtis Jones,Midfielder,LIV,0.12,0.19
2210454,Díaz,Luis Díaz,Midfielder,LIV,0.15,0.52
2210455,Schmeichel,Kasper Schmeichel,Goalkeeper,LEI,0.00,0.00
2210455,Albrighton,Marc Albrighton,Midfielder,LEI,0.03,0.41
2210455,Vestergaard,Jannik Vestergaard,Defender,LEI,0.00,0.00
2210455,Amartey,Daniel Amartey,Defender,LEI,0.00,0.00
2210455,Castagne,Timothy Castagne,Defender,LEI,0.00,0.00
2210455,Tielemans,Youri Tielemans,Midfielder,LEI,0.01,0.00
2210455,Ayoze Pérez,Ayoze Pérez Gutiérrez,Midfielder,LEI,0.01,0.06
2210455,Maddison,James Maddison,Midfielder,LEI,0.06,0.64
2210455,Iheanacho,Kelechi Iheanacho,Forward,LEI,0.25,0.99
2210455,Choudhury,Hamza Choudhury,Midfielder,LEI,0.00,0.00
2210455,Dewsbury-Hall,Kiernan Dewsbury-Hall,Midfielder,LEI,0.08,0.07
2210455,Lookman,Ademola Lookman,Midfielder,LEI,0.13,0.51
2210455,Thomas (Luke),Luke Thomas,Defender,LEI,0.38,0.00
2210455,Fernandinho,Fernando Luiz Rosa,Midfielder,MCI,0.05,0.04
2210455,Gundogan,Ilkay Gundogan,Midfielder,MCI,0.05,0.22
2210455,De Bruyne,Kevin De Bruyne,Midfielder,MCI,0.11,0.22
2210455,Mahrez,Riyad Mahrez,Midfielder,MCI,0.14,1.14
2210455,Sterling (Raheem),Raheem Sterling,Midfielder,MCI,0.11,1.78
2210455,João Cancelo,João Pedro Cavaco Cancelo,Defender,MCI,0.03,0.02
2210455,Ederson,Ederson Santana de Moraes,Goalkeeper,MCI,0.00,0.00
2210455,Laporte,Aymeric Laporte,Defender,MCI,0.02,0.08
2210455,Bernardo Silva,Bernardo Mota Veiga de Carvalho e Silva,Midfielder,MCI,0.23,0.00
2210455,Rúben Dias,Rúben Santos Gato Alves Dias,Defender,MCI,0.02,0.21
2210455,Zinchenko,Oleksandr Zinchenko,Defender,MCI,0.26,0.00
2210455,Foden,Phil Foden,Midfielder,MCI,0.00,0.00
2210456,Cristiano Ronaldo,Cristiano Ronaldo dos Santos Aveiro,Forward,MUN,0.03,0.20
2210456,Cavani,Edinson Cavani,Forward,MUN,0.01,1.21
2210456,De Gea,David De Gea,Goalkeeper,MUN,0.00,0.00
2210456,Matic,Nemanja Matic,Midfielder,MUN,0.00,0.00
2210456,Varane,Raphael Varane,Defender,MUN,0.03,0.01
2210456,Maguire,Harry Maguire,Defender,MUN,0.03,0.00
2210456,Fred,Frederico Rodrigues de Paula Santos,Midfielder,MUN,0.01,0.00
2210456,Bruno Fernandes,Bruno Miguel Borges Fernandes,Midfielder,MUN,0.16,0.00
2210456,Alex Telles,Alex Nicolao Telles,Defender,MUN,0.60,0.00
2210456,Rashford,Marcus Rashford,Midfielder,MUN,0.02,0.13
2210456,McTominay,Scott McTominay,Midfielder,MUN,0.04,0.01
2210456,Sancho,Jadon Sancho,Midfielder,MUN,0.09,0.00
2210456,Dalot,José Diogo Dalot Teixeira,Defender,MUN,0.06,0.00
2210456,Greenwood (Mason),Mason Greenwood,Midfielder,MUN,0.01,0.16
2210456,Shelvey,Jonjo Shelvey,Midfielder,NEW,0.00,0.04
2210456,Dubravka,Martin Dubravka,Goalkeeper,NEW,0.00,0.00
2210456,Wilson (Callum),Callum Wilson,Forward,NEW,0.00,0.00
2210456,Fraser,Ryan Fraser,Midfielder,NEW,0.00,0.07
2210456,Lascelles,Jamaal Lascelles,Defender,NEW,0.01,0.00
2210456,Gayle,Dwight Gayle,Forward,NEW,0.00,0.00
2210456,Manquillo,Javier Manquillo,Defender,NEW,0.00,0.00
2210456,Krafth,Emil Krafth,Defender,NEW,0.48,0.00
2210456,Murphy (Jacob),Jacob Murphy,Midfielder,NEW,0.02,0.06
2210456,Schär,Fabian Schär,Defender,NEW,0.01,0.00
2210456,Saint-Maximin,Allan Saint-Maximin,Midfielder,NEW,0.01,0.97
2210456,Almirón,Miguel Almirón,Midfielder,NEW,0.00,0.07
2210456,Longstaff (Sean),Sean Longstaff,Midfielder,NEW,0.06,0.00
2210456,Joelinton,Joelinton Cássio Apolinário de Lira,Midfielder,NEW,0.04,0.06
2210457,Lacazette,Alexandre Lacazette,Forward,ARS,0.04,1.02
2210457,Xhaka,Granit Xhaka,Midfielder,ARS,0.05,0.00
2210457,Elneny,Mohamed Elneny,Midfielder,ARS,0.00,0.00
2210457,Holding,Rob Holding,Defender,ARS,0.00,0.00
2210457,Partey,Thomas Partey,Midfielder,ARS,0.03,0.12
2210457,Odegaard,Martin Odegaard,Midfielder,ARS,0.21,0.15
2210457,Tierney,Kieran Tierney,Defender,ARS,0.02,0.15
2210457,Pepe,Nicolas Pepe,Midfielder,ARS,0.00,0.07
2210457,White (Ben),Ben White,Defender,ARS,0.01,0.00
2210457,Smith-Rowe,Emile Smith-Rowe,Midfielder,ARS,0.04,0.75
2210457,Saka,Bukayo Saka,Midfielder,ARS,0.37,0.23
2210457,Ramsdale,Aaron Ramsdale,Goalkeeper,ARS,0.00,0.00
2210457,Gabriel Magalhães,Gabriel dos Santos Magalhães,Defender,ARS,0.01,0.00
2210457,Martinelli,Gabriel Teodoro Martinelli Silva,Midfielder,ARS,0.04,0.12
2210457,Pukki,Teemu Pukki,Forward,NOR,0.01,0.00
2210457,Kenny McLean,Kenneth McLean,Midfielder,NOR,0.01,0.01
2210457,Gibson (Ben),Ben Gibson,Defender,NOR,0.00,0.00
2210457,Gunn,Angus Gunn,Goalkeeper,NOR,0.00,0.00
2210457,Dowell,Kieran Dowell,Midfielder,NOR,0.00,0.00
2210457,Lees-Melou,Pierre Lees-Melou,Midfielder,NOR,0.00,0.00
2210457,Sargent,Joshua Sargent,Forward,NOR,0.01,0.00
2210457,Williams (Brandon),Brandon Williams,Defender,NOR,0.01,0.00
2210457,Aarons,Maximillian Aarons,Defender,NOR,0.01,0.00
2210457,Gilmour,Billy Gilmour,Midfielder,NOR,0.09,0.02
2210457,Placheta,Przemyslaw Placheta,Midfielder,NOR,0.00,0.09
2210457,Idah,Adam Idah,Forward,NOR,0.00,0.00
2210457,Kabak,Ozan Kabak,Defender,NOR,0.00,0.00
2210457,Tzolis,Christos Tzolis,Midfielder,NOR,0.01,0.00
2210458,Tomkins,James Tomkins,Defender,CRY,0.00,0.03
2210458,Kouyaté,Cheikhou Kouyaté,Defender,CRY,0.02,0.00
2210458,Ward (Joel),Joel Ward,Defender,CRY,0.01,0.00
2210458,Ayew,Jordan Ayew,Midfielder,CRY,0.02,0.22
2210458,Zaha,Wilfried Zaha,Midfielder,CRY,0.01,0.00
2210458,Schlupp,Jeffrey Schlupp,Midfielder,CRY,0.00,0.00
2210458,Butland,Jack Butland,Goalkeeper,CRY,0.00,0.00
2210458,Hughes (Will),Will Hughes,Midfielder,CRY,0.06,0.00
2210458,Andersen,Joachim Andersen,Defender,CRY,0.00,0.00
2210458,Edouard,Odsonne Edouard,Forward,CRY,0.08,0.00
2210458,Mateta,Jean-Philippe Mateta,Forward,CRY,0.00,0.00
2210458,Ferguson (Nathan),Nathan Ferguson,Defender,CRY,0.00,0.00
2210458,Gallagher,Conor Gallagher,Midfielder,CRY,0.04,0.00
2210458,Mitchell,Tyrick Mitchell,Defender,CRY,0.01,0.00
2210458,Lloris,Hugo Lloris,Goalkeeper,TOT,0.00,0.00
2210458,Kane,Harry Kane,Forward,TOT,0.07,0.50
2210458,Son,Heung-Min Son,Midfielder,TOT,0.08,0.43
2210458,Dier,Eric Dier,Defender,TOT,0.02,0.00
2210458,Lucas Moura,Lucas Rodrigues Moura da Silva,Midfielder,TOT,0.37,0.85
2210458,Højbjerg,Pierre-Emile Højbjerg,Midfielder,TOT,0.21,0.00
2210458,Sánchez (Davinson),Davinson Sánchez,Defender,TOT,0.02,0.14
2210458,Bergwijn,Steven Bergwijn,Midfielder,TOT,0.07,0.05
2210458,Reguilón,Sergio Reguilón,Defender,TOT,0.43,0.05
2210458,Tanganga,Japhet Tanganga,Defender,TOT,0.03,0.05
2210458,Skipp,Oliver Skipp,Midfielder,TOT,0.37,0.13
2210458,NDombele,Tanguy NDombele,Midfielder,TOT,0.02,0.00
2210458,Emerson Royal,Emerson Aparecido Leite de Souza Junior,Defender,TOT,0.75,0.09
2210458,Gil,Bryan Gil,Midfielder,TOT,0.03,0.00
2210459,Walcott,Theo Walcott,Midfielder,SOU,0.01,0.02
2210459,Forster,Fraser Forster,Goalkeeper,SOU,0.00,0.00
2210459,Romeu,Oriol Romeu,Midfielder,SOU,0.02,0.03
2210459,Redmond,Nathan Redmond,Midfielder,SOU,0.04,0.04
2210459,Armstrong (Stuart),Stuart Armstrong,Midfielder,SOU,0.00,0.02
2210459,Elyounoussi,Mohammed Elyounoussi,Midfielder,SOU,0.01,0.15
2210459,Ward-Prowse,James Ward-Prowse,Midfielder,SOU,0.10,0.79
2210459,Walker-Peters,Kyle Walker-Peters,Defender,SOU,0.04,0.06
2210459,Bednarek,Jan Bednarek,Defender,SOU,0.00,0.06
2210459,Adams,Che Adams,Forward,SOU,0.00,0.00
2210459,Diallo,Ibrahima Diallo,Midfielder,SOU,0.00,0.00
2210459,Broja,Armando Broja,Forward,SOU,0.00,0.03
2210459,Livramento,Valentino Livramento,Defender,SOU,0.01,0.00
2210459,Salisu,Mohammed Salisu,Defender,SOU,0.00,0.00
2210459,Fabianski,Lukasz Fabianski,Goalkeeper,WHU,0.00,0.00
2210459,Yarmolenko,Andriy Yarmolenko,Midfielder,WHU,0.11,0.00
2210459,Antonio,Michail Antonio,Forward,WHU,0.01,0.91
2210459,Dawson,Craig Dawson,Defender,WHU,0.54,0.15
2210459,Lanzini,Manuel Lanzini,Midfielder,WHU,0.18,0.00
2210459,Masuaku,Arthur Masuaku,Defender,WHU,0.04,0.01
2210459,Coufal,Vladimir Coufal,Defender,WHU,0.07,0.00
2210459,Benrahma,Said Benrahma,Midfielder,WHU,0.09,0.26
2210459,Bowen,Jarrod Bowen,Midfielder,WHU,0.15,0.00
2210459,Vlasic,Nikola Vlasic,Midfielder,WHU,0.04,0.10
2210459,Rice,Declan Rice,Midfielder,WHU,0.03,0.03
2210459,Soucek,Tomas Soucek,Midfielder,WHU,0.54,0.16
2210459,Fornals,Pablo Fornals,Midfielder,WHU,0.01,0.00
2210459,Diop,Issa Diop,Defender,WHU,0.00,0.00
2210460,Foster,Ben Foster,Goalkeeper,WAT,0.00,0.00
2210460,Cathcart,Craig Cathcart,Defender,WAT,0.00,0.00
2210460,Cleverley,Tom Cleverley,Midfielder,WAT,0.00,0.00
2210460,Sissoko,Moussa Sissoko,Midfielder,WAT,0.51,0.00
2210460,Femenía,Francisco Femenía Far,Defender,WAT,0.00,0.00
2210460,King,Joshua King,Forward,WAT,0.04,0.22
2210460,Kabasele,Christian Kabasele,Defender,WAT,0.03,0.08
2210460,Samir,Samir Caetano de Souza Santos,Defender,WAT,0.00,0.02
2210460,Kamara (Hassane),Hassane Kamara,Defender,WAT,0.01,0.00
2210460,Kalu,Samuel Kalu,Midfielder,WAT,0.00,0.00
2210460,Etebo,Peter Etebo,Midfielder,WAT,0.00,0.00
2210460,Dennis (Emmanuel),Emmanuel Bonaventure Dennis,Forward,WAT,0.01,0.18
2210460,Cucho,Juan Camilo Hernández,Forward,WAT,0.09,0.11
2210460,Louza,Imran Louza,Midfielder,WAT,0.08,0.06
2210460,Moutinho,João Moutinho,Midfielder,WOL,0.02,0.00
2210460,Boly,Willy Boly,Defender,WOL,0.01,0.00
2210460,Coady,Conor Coady,Defender,WOL,0.00,0.00
2210460,Raúl Jiménez,Raul Alonso Jimenez Rodriguez,Forward,WOL,0.07,0.10
2210460,Saiss,Romain Saiss,Defender,WOL,0.01,0.00
2210460,Jonny,Jonathan Castro Otto,Defender,WOL,0.14,0.00
2210460,José Sá,José Pedro Malheiro de Sá,Goalkeeper,WOL,0.00,0.00
2210460,Ruben Neves,Rúben Diogo da Silva Neves,Midfielder,WOL,0.04,0.05
2210460,Hwang Hee-Chan,Hee-Chan Hwang,Midfielder,WOL,0.16,0.06
2210460,Podence,Daniel Podence,Midfielder,WOL,0.04,0.18
2210460,Neto,Pedro Neto,Midfielder,WOL,0.24,0.11
2210460,Ait Nouri,Rayan Ait Nouri,Defender,WOL,0.09,0.00
2210460,Fabio Silva,Fabio Daniel Soares Silva,Forward,WOL,0.00,0.17
2210460,Chiquinho,Francisco Jorge Tomás Oliveira,Midfielder,WOL,0.00,0.00
2210461,Cedric,Cedric Ricardo Alves Soares,Defender,ARS,0.02,0.00
2210461,Lacazette,Alexandre Lacazette,Forward,ARS,0.11,1.86
2210461,Xhaka,Granit Xhaka,Midfielder,ARS,0.07,0.27
2210461,Partey,Thomas Partey,Midfielder,ARS,0.14,0.18
2210461,Odegaard,Martin Odegaard,Midfielder,ARS,0.21,0.29
2210461,Tierney,Kieran Tierney,Defender,ARS,0.42,0.00
2210461,Pepe,Nicolas Pepe,Midfielder,ARS,0.06,0.93
2210461,White (Ben),Ben White,Defender,ARS,0.16,0.13
2210461,Eddie Nketiah,Edward Nketiah,Forward,ARS,0.09,0.00
2210461,Saka,Bukayo Saka,Midfielder,ARS,0.57,0.75
2210461,Ramsdale,Aaron Ramsdale,Goalkeeper,ARS,0.00,0.00
2210461,Gabriel Magalhães,Gabriel dos Santos Magalhães,Defender,ARS,0.01,0.08
2210461,Nuno Tavares,Nuno Tavares,Defender,ARS,0.00,0.00
2210461,Martinelli,Gabriel Teodoro Martinelli Silva,Midfielder,ARS,0.21,0.41
2210461,Moutinho,João Moutinho,Midfielder,WOL,0.00,0.02
2210461,Coady,Conor Coady,Defender,WOL,0.00,0.00
2210461,Raúl Jiménez,Raul Alonso Jimenez Rodriguez,Forward,WOL,0.00,0.64
2210461,Saiss,Romain Saiss,Defender,WOL,0.00,0.00
2210461,Jonny,Jonathan Castro Otto,Defender,WOL,0.00,0.00
2210461,José Sá,José Pedro Malheiro de Sá,Goalkeeper,WOL,0.00,0.00
2210461,Dendoncker (Leander),Leander Dendoncker,Midfielder,WOL,0.00,0.00
2210461,Ruben Neves,Rúben Diogo da Silva Neves,Midfielder,WOL,0.01,0.00
2210461,Hwang Hee-Chan,Hee-Chan Hwang,Midfielder,WOL,0.01,0.58
2210461,Semedo,Nelson Semedo,Defender,WOL,0.00,0.00
2210461,Podence,Daniel Podence,Midfielder,WOL,0.19,0.00
2210461,Kilman,Max Kilman,Defender,WOL,0.00,0.00
2210461,Neto,Pedro Neto,Midfielder,WOL,0.00,0.12
2210461,Ait Nouri,Rayan Ait Nouri,Defender,WOL,0.06,0.00
2210462,Jansson,Pontus Jansson,Defender,BRE,0.00,0.00
2210462,Toney,Ivan Toney,Forward,BRE,0.00,0.00
2210462,Canos,Sergi Canos,Defender,BRE,0.00,0.00
2210462,Ghoddos,Saman Ghoddos,Midfielder,BRE,0.00,0.00
2210462,Jensen,Mathias Jensen,Midfielder,BRE,0.05,0.01
2210462,Wissa,Yoane Wissa,Midfielder,BRE,0.00,0.18
2210462,Roerslev,Mads Roerslev,Defender,BRE,0.00,0.00
2210462,Bech Sørensen,Mads Bech Sørensen,Defender,BRE,0.00,0.00
2210462,Pinnock,Ethan Pinnock,Defender,BRE,0.09,0.00
2210462,Thompson (Dominic),Dominic Thompson,Defender,BRE,0.00,0.00
2210462,Fernández (Álvaro),Álvaro Fernández,Goalkeeper,BRE,0.00,0.00
2210462,Onyeka,Frank Onyeka,Midfielder,BRE,0.01,0.16
2210462,Baptiste (Shandon),Shandon Baptiste,Midfielder,BRE,0.00,0.04
2210462,Bidstrup,Mads Bidstrup,Midfielder,BRE,0.00,0.00
2210462,Fernandinho,Fernando Luiz Rosa,Midfielder,MCI,0.14,0.13
2210462,De Bruyne,Kevin De Bruyne,Midfielder,MCI,0.49,0.12
2210462,Grealish,Jack Grealish,Midfielder,MCI,0.04,0.00
2210462,João Cancelo,João Pedro Cavaco Cancelo,Defender,MCI,0.07,0.00
2210462,Ederson,Ederson Santana de Moraes,Goalkeeper,MCI,0.00,0.00
2210462,Aké,Nathan Aké,Defender,MCI,0.03,0.00
2210462,Laporte,Aymeric Laporte,Defender,MCI,0.02,0.00
2210462,Bernardo Silva,Bernardo Mota Veiga de Carvalho e Silva,Midfielder,MCI,0.04,0.00
2210462,Rúben Dias,Rúben Santos Gato Alves Dias,Defender,MCI,0.01,0.02
2210462,Jesus,Gabriel Fernando de Jesus,Forward,MCI,0.05,0.11
2210462,Foden,Phil Foden,Midfielder,MCI,0.05,0.73
2210463,Lallana,Adam Lallana,Midfielder,BHA,0.22,0.16
2210463,Welbeck,Danny Welbeck,Forward,BHA,0.00,0.07
2210463,Burn,Dan Burn,Defender,BHA,0.03,0.00
2210463,March,Solomon March,Midfielder,BHA,0.09,0.00
2210463,Veltman,Joël Veltman,Defender,BHA,0.17,0.01
2210463,Maupay,Neal Maupay,Forward,BHA,0.05,0.23
2210463,Cucurella,Marc Cucurella,Defender,BHA,0.15,0.02
2210463,Sanchez,Robert Sanchez,Goalkeeper,BHA,0.00,0.00
2210463,Bissouma,Yves Bissouma,Midfielder,BHA,0.06,0.04
2210463,Lamptey,Tariq Lamptey,Defender,BHA,0.01,0.11
2210463,Alzate,Steven Alzate,Midfielder,BHA,0.00,0.00
2210463,Mac Allister,Alexis Mac Allister,Midfielder,BHA,0.25,0.14
2210463,Moder,Jakub Moder,Midfielder,BHA,0.00,0.13
2210463,Mwepu,Enock Mwepu,Midfielder,BHA,0.01,0.00
2210463,Azpilicueta,César Azpilicueta,Defender,CHE,0.03,0.08
2210463,Lukaku,Romelu Lukaku,Forward,CHE,0.07,0.20
2210463,Alonso,Marcos Alonso,Defender,CHE,0.01,0.00
2210463,Jorginho,Jorge Luiz Frello Filho,Midfielder,CHE,0.06,0.00
2210463,Kovacic,Mateo Kovacic,Midfielder,CHE,0.35,0.05
2210463,Rüdiger,Antonio Rüdiger,Defender,CHE,0.01,0.11
2210463,Kanté,N'Golo Kanté,Midfielder,CHE,0.02,0.05
2210463,Christensen,Andreas Christensen,Defender,CHE,0.00,0.00
2210463,Pulisic,Christian Pulisic,Midfielder,CHE,0.01,0.00
2210463,Chalobah (Trevoh),Trevoh Chalobah,Defender,CHE,0.00,0.02
2210463,Mount,Mason Mount,Midfielder,CHE,0.55,0.11
2210463,Hudson-Odoi,Callum Hudson-Odoi,Midfielder,CHE,0.00,0.08
2210463,James (Reece),Reece James,Defender,CHE,0.07,0.00
2210463,Mendy (Edouard),Edouard Mendy,Goalkeeper,CHE,0.00,0.00
2210464,Guaita,Vicente Guaita,Goalkeeper,CRY,0.00,0.00
2210464,Tomkins,James Tomkins,Defender,CRY,0.01,0.00
2210464,Benteke,Christian Benteke,Forward,CRY,0.00,0.00
2210464,Kouyaté,Cheikhou Kouyaté,Defender,CRY,0.01,0.00
2210464,Ward (Joel),Joel Ward,Defender,CRY,0.01,0.03
2210464,Milivojevic,Luka Milivojevic,Midfielder,CRY,0.18,0.00
2210464,Ayew,Jordan Ayew,Midfielder,CRY,0.05,0.00
2210464,Schlupp,Jeffrey Schlupp,Midfielder,CRY,0.05,0.32
2210464,Hughes (Will),Will Hughes,Midfielder,CRY,0.08,0.00
2210464,Andersen,Joachim Andersen,Defender,CRY,0.00,0.03
2210464,Edouard,Odsonne Edouard,Forward,CRY,0.43,1.19
2210464,Marc Guehi,Addji Keaninkin Marc-Israel Guehi,Defender,CRY,0.00,0.07
2210464,Mateta,Jean-Philippe Mateta,Forward,CRY,0.02,0.41
2210464,Mitchell,Tyrick Mitchell,Defender,CRY,0.10,0.00
2210464,Kenny McLean,Kenneth McLean,Midfielder,NOR,0.00,0.08
2210464,Gibson (Ben),Ben Gibson,Defender,NOR,0.01,0.00
2210464,Gunn,Angus Gunn,Goalkeeper,NOR,0.00,0.00
2210464,Byram,Sam Byram,Defender,NOR,0.01,0.23
2210464,Giannoulis,Dimitrios Giannoulis,Defender,NOR,0.00,0.00
2210464,Lees-Melou,Pierre Lees-Melou,Midfielder,NOR,0.18,0.25
2210464,Sargent,Joshua Sargent,Forward,NOR,0.00,0.00
2210464,Williams (Brandon),Brandon Williams,Defender,NOR,0.01,0.00
2210464,Sørensen,Jacob Sørensen,Defender,NOR,0.00,0.00
2210464,Gilmour,Billy Gilmour,Midfielder,NOR,0.07,0.02
2210464,Placheta,Przemyslaw Placheta,Midfielder,NOR,0.24,0.17
2210464,Idah,Adam Idah,Forward,NOR,0.01,0.00
2210464,Tzolis,Christos Tzolis,Midfielder,NOR,0.17,0.20
2210464,Rowe (Jonathan),Jonathan Rowe,Midfielder,NOR,0.03,0.00
2210465,Begovic,Asmir Begovic,Goalkeeper,EVE,0.00,0.00
2210465,Coleman,Seamus Coleman,Defender,EVE,0.03,0.09
2210465,Townsend,Andros Townsend,Midfielder,EVE,0.00,0.00
2210465,Keane,Michael Keane,Defender,EVE,0.00,0.00
2210465,Allan,Allan Marques Loureiro,Midfielder,EVE,0.03,0.00
2210465,André Gomes,André Filipe Tavares Gomes,Midfielder,EVE,0.00,0.00
2210465,Doucouré,Abdoulaye Doucouré,Midfielder,EVE,0.01,0.02
2210465,Iwobi,Alex Iwobi,Midfielder,EVE,0.02,0.23
2210465,Gray (Demarai),Demarai Gray,Midfielder,EVE,0.07,0.18
2210465,Calvert-Lewin,Dominic Calvert-Lewin,Forward,EVE,0.11,0.00
2210465,Holgate,Mason Holgate,Defender,EVE,0.01,0.00
2210465,Godfrey,Ben Godfrey,Defender,EVE,0.01,0.03
2210465,Richarlison,Richarlison de Andrade,Forward,EVE,0.01,0.00
2210465,Gordon (Anthony),Anthony Gordon,Midfielder,EVE,0.03,0.11
2210465,Wood,Chris Wood,Forward,NEW,0.03,0.20
2210465,Dubravka,Martin Dubravka,Goalkeeper,NEW,0.00,0.00
2210465,Burn,Dan Burn,Defender,NEW,0.06,0.03
2210465,Fraser,Ryan Fraser,Midfielder,NEW,0.16,0.10
2210465,Manquillo,Javier Manquillo,Defender,NEW,0.01,0.00
2210465,Krafth,Emil Krafth,Defender,NEW,0.03,0.01
2210465,Murphy (Jacob),Jacob Murphy,Midfielder,NEW,0.10,0.00
2210465,Schär,Fabian Schär,Defender,NEW,0.06,0.07
2210465,Targett,Matt Targett,Defender,NEW,0.03,0.00
2210465,Saint-Maximin,Allan Saint-Maximin,Midfielder,NEW,0.01,0.08
2210465,Almirón,Miguel Almirón,Midfielder,NEW,0.04,0.04
2210465,Joelinton,Joelinton Cássio Apolinário de Lira,Midfielder,NEW,0.01,0.04
2210465,Willock,Joseph Willock,Midfielder,NEW,0.00,0.14
2210465,Bruno Guimarães,Bruno Guimarães Rodriguez Moura,Midfielder,NEW,0.02,0.16
2210466,Young (Ashley),Ashley Young,Defender,AVL,0.00,0.00
2210466,Coutinho,Philippe Coutinho,Midfielder,AVL,0.05,0.34
2210466,Ings,Danny Ings,Forward,AVL,0.15,0.01
2210466,Martinez,Emiliano Martinez,Goalkeeper,AVL,0.00,0.00
2210466,Chambers,Calum Chambers,Defender,AVL,0.00,0.04
2210466,Digne,Lucas Digne,Defender,AVL,0.05,0.14
2210466,Sanson,Morgan Sanson,Midfielder,AVL,0.01,0.00
2210466,McGinn,John McGinn,Midfielder,AVL,0.01,0.06
2210466,Mings,Tyrone Mings,Defender,AVL,0.02,0.20
2210466,Watkins,Ollie Watkins,Forward,AVL,0.06,0.13
2210466,Buendía,Emiliano Buendía,Midfielder,AVL,0.19,0.00
2210466,Cash,Matthew Cash,Defender,AVL,0.07,0.53
2210466,Douglas Luiz,Douglas Luiz Soares de Paulo,Midfielder,AVL,0.04,0.10
2210466,Ramsey (Jacob),Jacob Ramsey,Midfielder,AVL,0.16,0.00
2210466,Ayling,Luke Ayling,Defender,LEE,0.01,0.00
2210466,Klich,Mateusz Klich,Midfielder,LEE,0.01,0.00
2210466,Forshaw,Adam Forshaw,Midfielder,LEE,0.02,0.00
2210466,Rodrigo,Rodrigo Moreno Machado,Midfielder,LEE,0.01,0.00
2210466,Dallas,Stuart Dallas,Defender,LEE,0.01,0.00
2210466,Bamford,Patrick Bamford,Forward,LEE,0.00,0.10
2210466,Koch,Robin Koch,Defender,LEE,0.03,0.05
2210466,James (Daniel),Daniel James,Midfielder,LEE,0.01,0.00
2210466,Raphinha,Raphael Dias Belloli,Midfielder,LEE,0.02,0.00
2210466,Harrison,Jack Harrison,Midfielder,LEE,0.01,0.00
2210466,Struijk,Pascal Struijk,Defender,LEE,0.00,0.00
2210466,Meslier,Illan Meslier,Goalkeeper,LEE,0.00,0.00
2210466,Firpo,Junior Firpo,Defender,LEE,0.01,0.00
2210466,Gelhardt,Joe Gelhardt,Forward,LEE,0.00,0.07
2210467,Schmeichel,Kasper Schmeichel,Goalkeeper,LEI,0.00,0.00
2210467,Albrighton,Marc Albrighton,Midfielder,LEI,0.00,0.00
2210467,Vardy,Jamie Vardy,Forward,LEI,0.04,0.17
2210467,Amartey,Daniel Amartey,Defender,LEI,0.01,0.00
2210467,Castagne,Timothy Castagne,Defender,LEI,0.02,0.00
2210467,Tielemans,Youri Tielemans,Midfielder,LEI,0.00,0.00
2210467,Maddison,James Maddison,Midfielder,LEI,0.01,0.09
2210467,Iheanacho,Kelechi Iheanacho,Forward,LEI,0.09,0.03
2210467,Choudhury,Hamza Choudhury,Midfielder,LEI,0.00,0.00
2210467,Ndidi,Onyinye Wilfred Ndidi,Midfielder,LEI,0.00,0.00
2210467,Dewsbury-Hall,Kiernan Dewsbury-Hall,Midfielder,LEI,0.03,0.00
2210467,Lookman,Ademola Lookman,Midfielder,LEI,0.03,0.10
2210467,Soumaré,Boubakary Soumaré,Midfielder,LEI,0.01,0.04
2210467,Thomas (Luke),Luke Thomas,Defender,LEI,0.02,0.00
2210467,Milner,James Milner,Midfielder,LIV,0.06,0.00
2210467,Henderson (Jordan),Jordan Henderson,Midfielder,LIV,0.07,0.05
2210467,Matip,Joel Matip,Defender,LIV,0.07,0.15
2210467,Oxlade-Chamberlain,Alex Oxlade-Chamberlain,Midfielder,LIV,0.07,0.00
2210467,Firmino,Roberto Firmino Barbosa de Oliveira,Forward,LIV,0.04,0.00
2210467,van Dijk,Virgil van Dijk,Defender,LIV,0.01,0.02
2210467,Mane,Sadio Mane,Midfielder,LIV,0.25,0.62
2210467,Alisson,Alisson Ramses Becker,Goalkeeper,LIV,0.00,0.00
2210467,Fabinho,Fabio Henrique Tavares,Midfielder,LIV,0.02,0.00
2210467,Salah,Mohamed Salah,Midfielder,LIV,0.16,1.07
2210467,Alexander-Arnold,Trent Alexander-Arnold,Defender,LIV,0.27,0.00
2210467,Keita,Naby Keita,Midfielder,LIV,0.15,0.11
2210467,Diogo Jota,Diogo José Teixeira da Silva,Forward,LIV,0.20,0.31
2210467,Tsimikas,Konstantinos Tsimikas,Defender,LIV,0.36,0.00
2210468,Lennon,Aaron Lennon,Midfielder,BUR,0.01,0.15
2210468,Tarkowski,James Tarkowski,Defender,BUR,0.00,0.30
2210468,Hennessey,Wayne Hennessey,Goalkeeper,BUR,0.06,0.00
2210468,Pieters,Erik Pieters,Defender,BUR,0.00,0.00
2210468,Cork,Jack Cork,Midfielder,BUR,0.00,0.00
2210468,Stephens (Dale),Dale Stephens,Midfielder,BUR,0.00,0.00
2210468,Mee,Ben Mee,Defender,BUR,0.00,0.18
2210468,Westwood,Ashley Roy Westwood,Midfielder,BUR,0.63,0.00
2210468,Gudmundsson,Johann Berg Gudmundsson,Midfielder,BUR,0.01,0.16
2210468,Wood,Chris Wood,Forward,BUR,0.10,0.31
2210468,Lowton,Matthew Lowton,Defender,BUR,0.36,0.00
2210468,Vydra,Matej Vydra,Forward,BUR,0.03,0.00
2210468,Taylor (Charlie),Charlie Taylor,Defender,BUR,0.00,0.00
2210468,McNeil,Dwight McNeil,Midfielder,BUR,0.01,0.04
2210468,Cristiano Ronaldo,Cristiano Ronaldo dos Santos Aveiro,Forward,MUN,0.05,1.94
2210468,Cavani,Edinson Cavani,Forward,MUN,0.06,0.06
2210468,De Gea,David De Gea,Goalkeeper,MUN,0.00,0.00
2210468,Matic,Nemanja Matic,Midfielder,MUN,0.01,0.00
2210468,Varane,Raphael Varane,Defender,MUN,0.00,0.00
2210468,Maguire,Harry Maguire,Defender,MUN,0.01,0.00
2210468,Fred,Frederico Rodrigues de Paula Santos,Midfielder,MUN,0.00,0.00
2210468,Shaw,Luke Shaw,Defender,MUN,0.22,0.05
2210468,McTominay,Scott McTominay,Midfielder,MUN,0.10,0.10
2210468,Bailly,Eric Bailly,Defender,MUN,0.00,0.00
2210468,Sancho,Jadon Sancho,Midfielder,MUN,0.19,0.13
2210468,Wan-Bissaka,Aaron Wan-Bissaka,Defender,MUN,0.02,0.00
2210468,Dalot,José Diogo Dalot Teixeira,Defender,MUN,0.00,0.00
2210468,Greenwood (Mason),Mason Greenwood,Midfielder,MUN,0.50,0.18
2210469,Long (Shane),Shane Long,Forward,SOU,0.00,0.00
2210469,Forster,Fraser Forster,Goalkeeper,SOU,0.00,0.00
2210469,Redmond,Nathan Redmond,Midfielder,SOU,0.00,0.00
2210469,Armstrong (Stuart),Stuart Armstrong,Midfielder,SOU,0.03,0.08
2210469,Ward-Prowse,James Ward-Prowse,Midfielder,SOU,0.01,0.05
2210469,Armstrong (Adam),Adam Armstrong,Forward,SOU,0.00,0.13
2210469,Walker-Peters,Kyle Walker-Peters,Defender,SOU,0.18,0.00
2210469,Bednarek,Jan Bednarek,Defender,SOU,0.00,0.00
2210469,Valery,Yann Valery,Defender,SOU,0.00,0.02
2210469,Diallo,Ibrahima Diallo,Midfielder,SOU,0.03,0.00
2210469,Perraud,Romain Perraud,Defender,SOU,0.04,0.01
2210469,Broja,Armando Broja,Forward,SOU,0.00,0.07
2210469,Salisu,Mohammed Salisu,Defender,SOU,0.00,0.00
2210469,Lloris,Hugo Lloris,Goalkeeper,TOT,0.00,0.00
2210469,Kane,Harry Kane,Forward,TOT,0.02,0.96
2210469,Son,Heung-Min Son,Midfielder,TOT,0.22,0.33
2210469,Doherty,Matt Doherty,Defender,TOT,0.43,0.55
2210469,Dier,Eric Dier,Defender,TOT,0.04,0.10
2210469,Lucas Moura,Lucas Rodrigues Moura da Silva,Midfielder,TOT,0.05,0.24
2210469,Alli,Bamidele Alli,Midfielder,TOT,0.01,0.00
2210469,Davies (Ben),Ben Davies,Defender,TOT,0.03,0.02
2210469,Højbjerg,Pierre-Emile Højbjerg,Midfielder,TOT,0.08,0.03
2210469,Winks,Harry Winks,Midfielder,TOT,0.66,0.00
2210469,Sánchez (Davinson),Davinson Sánchez,Defender,TOT,0.13,0.04
2210469,Reguilón,Sergio Reguilón,Defender,TOT,0.01,0.00
2210469,Emerson Royal,Emerson Aparecido Leite de Souza Junior,Defender,TOT,0.02,0.00
2210469,Gil,Bryan Gil,Midfielder,TOT,0.09,0.06
2210470,Cathcart,Craig Cathcart,Defender,WAT,0.00,0.00
2210470,Sissoko,Moussa Sissoko,Midfielder,WAT,0.01,0.06
2210470,Femenía,Francisco Femenía Far,Defender,WAT,0.00,0.00
2210470,Kucka,Juraj Kucka,Midfielder,WAT,0.11,0.09
2210470,King,Joshua King,Forward,WAT,0.07,0.50
2210470,Tufan,Ozan Tufan,Midfielder,WAT,0.00,0.00
2210470,Bachmann,Daniel Bachmann,Goalkeeper,WAT,0.00,0.00
2210470,Masina,Adam Masina,Defender,WAT,0.03,0.13
2210470,Sema,Ken Sema,Midfielder,WAT,0.00,0.00
2210470,Sierralta,Francisco Sierralta,Defender,WAT,0.00,0.06
2210470,Dennis (Emmanuel),Emmanuel Bonaventure Dennis,Forward,WAT,0.03,0.64
2210470,Cucho,Juan Camilo Hernández,Forward,WAT,0.02,0.06
2210470,Louza,Imran Louza,Midfielder,WAT,0.10,0.00
2210470,João Pedro,João Pedro Junqueira de Jesus,Forward,WAT,0.07,0.11
2210470,Noble,Mark Noble,Midfielder,WHU,0.01,0.79
2210470,Fabianski,Lukasz Fabianski,Goalkeeper,WHU,0.00,0.00
2210470,Antonio,Michail Antonio,Forward,WHU,0.28,0.76
2210470,Dawson,Craig Dawson,Defender,WHU,0.00,0.00
2210470,Lanzini,Manuel Lanzini,Midfielder,WHU,0.07,0.00
2210470,Masuaku,Arthur Masuaku,Defender,WHU,0.01,0.00
2210470,Coufal,Vladimir Coufal,Defender,WHU,0.06,0.00
2210470,Benrahma,Said Benrahma,Midfielder,WHU,0.34,0.46
2210470,Bowen,Jarrod Bowen,Midfielder,WHU,0.37,0.57
2210470,Vlasic,Nikola Vlasic,Midfielder,WHU,0.00,0.90
2210470,Kral,Alex Kral,Midfielder,WHU,0.00,0.00
2210470,Soucek,Tomas Soucek,Midfielder,WHU,0.03,0.12
2210470,Diop,Issa Diop,Defender,WHU,0.00,0.00
2210470,Johnson,Ben Johnson,Defender,WHU,0.00,0.00
2210471,Lacazette,Alexandre Lacazette,Forward,ARS,0.04,0.03
2210471,Xhaka,Granit Xhaka,Midfielder,ARS,0.03,0.00
2210471,Elneny,Mohamed Elneny,Midfielder,ARS,0.00,0.00
2210471,Holding,Rob Holding,Defender,ARS,0.00,0.00
2210471,Partey,Thomas Partey,Midfielder,ARS,0.02,0.00
2210471,Odegaard,Martin Odegaard,Midfielder,ARS,0.01,0.00
2210471,Tierney,Kieran Tierney,Defender,ARS,0.07,0.00
2210471,White (Ben),Ben White,Defender,ARS,0.01,0.00
2210471,Smith-Rowe,Emile Smith-Rowe,Midfielder,ARS,0.00,0.00
2210471,Saka,Bukayo Saka,Midfielder,ARS,0.01,0.12
2210471,Tomiyasu,Takehiro Tomiyasu,Defender,ARS,0.03,0.00
2210471,Ramsdale,Aaron Ramsdale,Goalkeeper,ARS,0.01,0.00
2210471,Gabriel Magalhães,Gabriel dos Santos Magalhães,Defender,ARS,0.00,0.00
2210471,Martinelli,Gabriel Teodoro Martinelli Silva,Midfielder,ARS,0.02,0.61
2210471,Gundogan,Ilkay Gundogan,Midfielder,MCI,0.02,0.00
2210471,De Bruyne,Kevin De Bruyne,Midfielder,MCI,0.13,0.06
2210471,Mahrez,Riyad Mahrez,Midfielder,MCI,0.22,0.89
2210471,Sterling (Raheem),Raheem Sterling,Midfielder,MCI,0.12,0.05
2210471,João Cancelo,João Pedro Cavaco Cancelo,Defender,MCI,0.08,0.11
2210471,Ederson,Ederson Santana de Moraes,Goalkeeper,MCI,0.00,0.00
2210471,Aké,Nathan Aké,Defender,MCI,0.01,0.00
2210471,Laporte,Aymeric Laporte,Defender,MCI,0.02,0.17
2210471,Bernardo Silva,Bernardo Mota Veiga de Carvalho e Silva,Midfielder,MCI,0.11,0.16
2210471,Rúben Dias,Rúben Santos Gato Alves Dias,Defender,MCI,0.02,0.44
2210471,Jesus,Gabriel Fernando de Jesus,Forward,MCI,0.01,0.10
2210471,Rodri,Rodrigo Hernández Cascante,Midfielder,MCI,0.05,0.31
2210472,Ings,Danny Ings,Forward,AVL,0.04,0.44
2210472,Martinez,Emiliano Martinez,Goalkeeper,AVL,0.00,0.00
2210472,Traore (Bertrand),Bertrand Traore,Midfielder,AVL,0.01,0.00
2210472,Sanson,Morgan Sanson,Midfielder,AVL,0.01,0.00
2210472,McGinn,John McGinn,Midfielder,AVL,0.45,0.03
2210472,Hause,Kortney Hause,Defender,AVL,0.00,0.00
2210472,Trezeguet,Mahmoud Hassan,Midfielder,AVL,0.01,0.05
2210472,Targett,Matt Targett,Defender,AVL,0.07,0.05
2210472,Buendía,Emiliano Buendía,Midfielder,AVL,0.28,0.18
2210472,Cash,Matthew Cash,Defender,AVL,0.01,0.00
2210472,Konsa Ngoyo,Ezri Konsa Ngoyo,Defender,AVL,0.00,0.07
2210472,Douglas Luiz,Douglas Luiz Soares de Paulo,Midfielder,AVL,0.17,0.00
2210472,Ramsey (Jacob),Jacob Ramsey,Midfielder,AVL,0.02,0.00
2210472,Jansson,Pontus Jansson,Defender,BRE,0.00,0.01
2210472,Norgaard,Christian Norgaard,Midfielder,BRE,0.05,0.00
2210472,Toney,Ivan Toney,Forward,BRE,0.01,0.10
2210472,Canos,Sergi Canos,Defender,BRE,0.00,0.00
2210472,Janelt,Vitaly Janelt,Midfielder,BRE,0.01,0.00
2210472,Ghoddos,Saman Ghoddos,Midfielder,BRE,0.01,0.00
2210472,Jensen,Mathias Jensen,Midfielder,BRE,0.08,0.05
2210472,Wissa,Yoane Wissa,Midfielder,BRE,0.08,0.12
2210472,Roerslev,Mads Roerslev,Defender,BRE,0.01,0.24
2210472,Bech Sørensen,Mads Bech Sørensen,Defender,BRE,0.04,0.00
2210472,Pinnock,Ethan Pinnock,Defender,BRE,0.00,0.00
2210472,Fernández (Álvaro),Álvaro Fernández,Goalkeeper,BRE,0.00,0.00
2210472,Onyeka,Frank Onyeka,Midfielder,BRE,0.00,0.05
2210472,Baptiste (Shandon),Shandon Baptiste,Midfielder,BRE,0.11,0.00
2210473,Azpilicueta,César Azpilicueta,Defender,CHE,0.04,0.00
2210473,Thiago Silva,Thiago Emiliano da Silva,Defender,CHE,0.06,0.00
2210473,Alonso,Marcos Alonso,Defender,CHE,0.18,0.25
2210473,Jorginho,Jorge Luiz Frello Filho,Midfielder,CHE,0.01,0.00
2210473,Kovacic,Mateo Kovacic,Midfielder,CHE,0.02,0.05
2210473,Rüdiger,Antonio Rüdiger,Defender,CHE,0.01,0.10
2210473,Kanté,N'Golo Kanté,Midfielder,CHE,0.27,0.00
2210473,Pulisic,Christian Pulisic,Midfielder,CHE,0.02,0.57
2210473,Chalobah (Trevoh),Trevoh Chalobah,Defender,CHE,0.01,0.00
2210473,Mount,Mason Mount,Midfielder,CHE,0.10,0.19
2210473,Hudson-Odoi,Callum Hudson-Odoi,Midfielder,CHE,0.01,0.00
2210473,Havertz,Kai Havertz,Forward,CHE,0.08,0.06
2210473,Mendy (Edouard),Edouard Mendy,Goalkeeper,CHE,0.00,0.00
2210473,Milner,James Milner,Midfielder,LIV,0.01,0.00
2210473,Henderson (Jordan),Jordan Henderson,Midfielder,LIV,0.02,0.00
2210473,Oxlade-Chamberlain,Alex Oxlade-Chamberlain,Midfielder,LIV,0.01,0.00
2210473,van Dijk,Virgil van Dijk,Defender,LIV,0.00,0.00
2210473,Mane,Sadio Mane,Midfielder,LIV,0.05,0.82
2210473,Fabinho,Fabio Henrique Tavares,Midfielder,LIV,0.20,0.00
2210473,Salah,Mohamed Salah,Midfielder,LIV,0.04,0.71
2210473,Alexander-Arnold,Trent Alexander-Arnold,Defender,LIV,0.04,0.06
2210473,Keita,Naby Keita,Midfielder,LIV,0.03,0.00
2210473,Diogo Jota,Diogo José Teixeira da Silva,Forward,LIV,0.03,0.00
2210473,Kelleher,Caoimhin Kelleher,Goalkeeper,LIV,0.00,0.00
2210473,Konaté,Ibrahima Konaté,Defender,LIV,0.00,0.10
2210473,Jones (Curtis),Curtis Jones,Midfielder,LIV,0.01,0.00
2210473,Tsimikas,Konstantinos Tsimikas,Defender,LIV,0.04,0.05
2210474,Guaita,Vicente Guaita,Goalkeeper,CRY,0.00,0.00
2210474,Benteke,Christian Benteke,Forward,CRY,0.04,0.33
2210474,Ward (Joel),Joel Ward,Defender,CRY,0.04,0.00
2210474,Milivojevic,Luka Milivojevic,Midfielder,CRY,0.23,0.06
2210474,Ayew,Jordan Ayew,Midfielder,CRY,0.55,0.09
2210474,Schlupp,Jeffrey Schlupp,Midfielder,CRY,0.12,0.34
2210474,Hughes (Will),Will Hughes,Midfielder,CRY,0.10,0.04
2210474,Riedewald,Jairo Riedewald,Midfielder,CRY,0.01,0.00
2210474,Andersen,Joachim Andersen,Defender,CRY,0.04,0.00
2210474,Edouard,Odsonne Edouard,Forward,CRY,0.07,1.25
2210474,Marc Guehi,Addji Keaninkin Marc-Israel Guehi,Defender,CRY,0.01,0.00
2210474,Mateta,Jean-Philippe Mateta,Forward,CRY,0.06,0.16
2210474,Mitchell,Tyrick Mitchell,Defender,CRY,0.26,0.08
2210474,Olise,Michael Olise,Midfielder,CRY,0.34,0.05
2210474,Noble,Mark Noble,Midfielder,WHU,0.00,0.00
2210474,Fabianski,Lukasz Fabianski,Goalkeeper,WHU,0.00,0.00
2210474,Antonio,Michail Antonio,Forward,WHU,0.23,0.84
2210474,Dawson,Craig Dawson,Defender,WHU,0.02,0.00
2210474,Lanzini,Manuel Lanzini,Midfielder,WHU,0.08,0.91
2210474,Masuaku,Arthur Masuaku,Defender,WHU,0.00,0.00
2210474,Coufal,Vladimir Coufal,Defender,WHU,0.34,0.11
2210474,Benrahma,Said Benrahma,Midfielder,WHU,0.40,0.29
2210474,Bowen,Jarrod Bowen,Midfielder,WHU,0.08,0.04
2210474,Vlasic,Nikola Vlasic,Midfielder,WHU,0.00,0.00
2210474,Rice,Declan Rice,Midfielder,WHU,0.03,0.00
2210474,Soucek,Tomas Soucek,Midfielder,WHU,0.01,0.00
2210474,Diop,Issa Diop,Defender,WHU,0.00,0.00
2210474,Johnson,Ben Johnson,Defender,WHU,0.10,0.00
2210475,Lallana,Adam Lallana,Midfielder,BHA,0.04,0.06
2210475,Duffy,Shane Duffy,Defender,BHA,0.00,0.00
2210475,Burn,Dan Burn,Defender,BHA,0.01,0.86
2210475,Webster (Adam),Adam Webster,Defender,BHA,0.00,0.00
2210475,Veltman,Joël Veltman,Defender,BHA,0.04,0.00
2210475,Maupay,Neal Maupay,Forward,BHA,0.17,0.09
2210475,Trossard,Leandro Trossard,Midfielder,BHA,0.11,0.03
2210475,Cucurella,Marc Cucurella,Defender,BHA,0.01,0.03
2210475,Sanchez,Robert Sanchez,Goalkeeper,BHA,0.00,0.00
2210475,Bissouma,Yves Bissouma,Midfielder,BHA,0.03,0.09
2210475,Lamptey,Tariq Lamptey,Defender,BHA,0.00,0.00
2210475,Mac Allister,Alexis Mac Allister,Midfielder,BHA,0.13,0.57
2210475,Moder,Jakub Moder,Midfielder,BHA,0.00,0.00
2210475,Mwepu,Enock Mwepu,Midfielder,BHA,0.27,0.00
2210475,Rondón,Salomón Rondón,Forward,EVE,0.20,0.12
2210475,Coleman,Seamus Coleman,Defender,EVE,0.01,0.02
2210475,Keane,Michael Keane,Defender,EVE,0.02,0.02
2210475,Pickford,Jordan Pickford,Goalkeeper,EVE,0.00,0.00
2210475,Allan,Allan Marques Loureiro,Midfielder,EVE,0.01,0.02
2210475,André Gomes,André Filipe Tavares Gomes,Midfielder,EVE,0.02,0.00
2210475,Doucouré,Abdoulaye Doucouré,Midfielder,EVE,0.01,0.01
2210475,Kenny,Jonjoe Kenny,Defender,EVE,0.19,0.00
2210475,Gray (Demarai),Demarai Gray,Midfielder,EVE,0.05,0.14
2210475,Calvert-Lewin,Dominic Calvert-Lewin,Forward,EVE,0.00,1.13
2210475,Holgate,Mason Holgate,Defender,EVE,0.01,0.00
2210475,Godfrey,Ben Godfrey,Defender,EVE,0.14,0.00
2210475,Gordon (Anthony),Anthony Gordon,Midfielder,EVE,0.19,0.28
2210476,Lennon,Aaron Lennon,Midfielder,BUR,0.02,0.00
2210476,Tarkowski,James Tarkowski,Defender,BUR,0.01,0.00
2210476,Hennessey,Wayne Hennessey,Goalkeeper,BUR,0.02,0.00
2210476,Cork,Jack Cork,Midfielder,BUR,0.02,0.00
2210476,Rodriguez,Jay Rodriguez,Forward,BUR,0.00,0.00
2210476,Mee,Ben Mee,Defender,BUR,0.01,0.00
2210476,Westwood,Ashley Roy Westwood,Midfielder,BUR,0.17,0.03
2210476,Gudmundsson,Johann Berg Gudmundsson,Midfielder,BUR,0.00,0.03
2210476,Wood,Chris Wood,Forward,BUR,0.00,0.59
2210476,Lowton,Matthew Lowton,Defender,BUR,0.03,0.00
2210476,Vydra,Matej Vydra,Forward,BUR,0.00,0.00
2210476,Taylor (Charlie),Charlie Taylor,Defender,BUR,0.25,0.00
2210476,Cornet,Maxwel Cornet,Midfielder,BUR,0.00,0.34
2210476,McNeil,Dwight McNeil,Midfielder,BUR,0.02,0.00
2210476,Ayling,Luke Ayling,Defender,LEE,0.35,0.00
2210476,Klich,Mateusz Klich,Midfielder,LEE,0.09,0.00
2210476,Forshaw,Adam Forshaw,Midfielder,LEE,0.01,0.00
2210476,Dallas,Stuart Dallas,Defender,LEE,0.01,0.08
2210476,Diego Llorente,Diego Javier Llorente Ríos,Defender,LEE,0.00,0.00
2210476,Roberts (Tyler),Tyler Roberts,Midfielder,LEE,0.13,0.56
2210476,Koch,Robin Koch,Defender,LEE,0.00,0.00
2210476,James (Daniel),Daniel James,Midfielder,LEE,0.03,0.29
2210476,Raphinha,Raphael Dias Belloli,Midfielder,LEE,0.07,0.64
2210476,Harrison,Jack Harrison,Midfielder,LEE,0.03,0.12
2210476,Meslier,Illan Meslier,Goalkeeper,LEE,0.00,0.00
2210476,Firpo,Junior Firpo,Defender,LEE,0.03,0.10
2210476,Gelhardt,Joe Gelhardt,Forward,LEE,0.23,0.08
2210477,Schmeichel,Kasper Schmeichel,Goalkeeper,LEI,0.00,0.00
2210477,Evans,Jonny Evans,Defender,LEI,0.01,0.00
2210477,Mendy (Nampalys),Nampalys Mendy,Midfielder,LEI,0.00,0.00
2210477,Vardy,Jamie Vardy,Forward,LEI,0.05,1.30
2210477,Amartey,Daniel Amartey,Defender,LEI,0.01,0.00
2210477,Castagne,Timothy Castagne,Defender,LEI,0.07,0.00
2210477,Tielemans,Youri Tielemans,Midfielder,LEI,0.44,0.07
2210477,Maddison,James Maddison,Midfielder,LEI,0.10,0.26
2210477,Barnes (Harvey),Harvey Barnes,Midfielder,LEI,0.40,0.07
2210477,Dewsbury-Hall,Kiernan Dewsbury-Hall,Midfielder,LEI,0.32,0.00
2210477,Lookman,Ademola Lookman,Midfielder,LEI,0.03,0.31
2210477,Justin,James Justin,Defender,LEI,0.05,0.00
2210477,Pukki,Teemu Pukki,Forward,NOR,0.01,0.53
2210477,Rupp,Lukas Rupp,Midfielder,NOR,0.00,0.00
2210477,Hanley,Grant Hanley,Defender,NOR,0.15,0.05
2210477,Gunn,Angus Gunn,Goalkeeper,NOR,0.00,0.00
2210477,Byram,Sam Byram,Defender,NOR,0.00,0.08
2210477,Giannoulis,Dimitrios Giannoulis,Defender,NOR,0.02,0.07
2210477,Lees-Melou,Pierre Lees-Melou,Midfielder,NOR,0.01,0.00
2210477,Rashica,Milot Rashica,Midfielder,NOR,0.14,0.00
2210477,Aarons,Maximillian Aarons,Defender,NOR,0.05,0.00
2210477,Sørensen,Jacob Sørensen,Defender,NOR,0.01,0.00
2210477,Gilmour,Billy Gilmour,Midfielder,NOR,0.03,0.17
2210477,Placheta,Przemyslaw Placheta,Midfielder,NOR,0.00,0.00
2210477,Springett,Tony Springett,Midfielder,NOR,0.01,0.17
2210477,Rowe (Jonathan),Jonathan Rowe,Midfielder,NOR,0.00,0.00
2210478,Cristiano Ronaldo,Cristiano Ronaldo dos Santos Aveiro,Forward,MUN,0.01,0.07
2210478,Cavani,Edinson Cavani,Forward,MUN,0.01,0.06
2210478,De Gea,David De Gea,Goalkeeper,MUN,0.00,0.00
2210478,Matic,Nemanja Matic,Midfielder,MUN,0.04,0.00
2210478,Jones (Phil),Phil Jones,Defender,MUN,0.01,0.00
2210478,Varane,Raphael Varane,Defender,MUN,0.00,0.00
2210478,Shaw,Luke Shaw,Defender,MUN,0.01,0.00
2210478,Bruno Fernandes,Bruno Miguel Borges Fernandes,Midfielder,MUN,0.02,0.41
2210478,Rashford,Marcus Rashford,Midfielder,MUN,0.00,0.00
2210478,McTominay,Scott McTominay,Midfielder,MUN,0.03,0.08
2210478,Sancho,Jadon Sancho,Midfielder,MUN,0.01,0.16
2210478,Wan-Bissaka,Aaron Wan-Bissaka,Defender,MUN,0.06,0.00
2210478,Greenwood (Mason),Mason Greenwood,Midfielder,MUN,0.01,0.01
2210478,Elanga,Anthony Elanga,Midfielder,MUN,0.00,0.00
2210478,Moutinho,João Moutinho,Midfielder,WOL,0.08,0.08
2210478,Coady,Conor Coady,Defender,WOL,0.00,0.07
2210478,Raúl Jiménez,Raul Alonso Jimenez Rodriguez,Forward,WOL,0.02,0.10
2210478,Saiss,Romain Saiss,Defender,WOL,0.01,0.16
2210478,Marçal,Fernando Marçal de Oliveira,Defender,WOL,0.01,0.01
2210478,José Sá,José Pedro Malheiro de Sá,Goalkeeper,WOL,0.00,0.00
2210478,Dendoncker (Leander),Leander Dendoncker,Midfielder,WOL,0.00,0.00
2210478,Traoré,Adama Traoré,Midfielder,WOL,0.02,0.00
2210478,Ruben Neves,Rúben Diogo da Silva Neves,Midfielder,WOL,0.11,0.03
2210478,Semedo,Nelson Semedo,Defender,WOL,0.04,0.10
2210478,Podence,Daniel Podence,Midfielder,WOL,0.25,0.15
2210478,Kilman,Max Kilman,Defender,WOL,0.01,0.00
2210478,Trincão,Francisco António Machado Trincão,Midfielder,WOL,0.20,0.00
2210478,Fabio Silva,Fabio Daniel Soares Silva,Forward,WOL,0.00,0.00
2210479,Shelvey,Jonjo Shelvey,Midfielder,NEW,0.12,0.00
2210479,Wood,Chris Wood,Forward,NEW,0.03,0.17
2210479,Dubravka,Martin Dubravka,Goalkeeper,NEW,0.01,0.00
2210479,Burn,Dan Burn,Defender,NEW,0.14,0.00
2210479,Fraser,Ryan Fraser,Midfielder,NEW,0.01,0.04
2210479,Manquillo,Javier Manquillo,Defender,NEW,0.00,0.00
2210479,Krafth,Emil Krafth,Defender,NEW,0.01,0.00
2210479,Murphy (Jacob),Jacob Murphy,Midfielder,NEW,0.19,0.02
2210479,Schär,Fabian Schär,Defender,NEW,0.02,0.00
2210479,Targett,Matt Targett,Defender,NEW,0.03,0.07
2210479,Almirón,Miguel Almirón,Midfielder,NEW,0.00,0.00
2210479,Longstaff (Sean),Sean Longstaff,Midfielder,NEW,0.00,0.00
2210479,Willock,Joseph Willock,Midfielder,NEW,0.05,0.07
2210479,Bruno Guimarães,Bruno Guimarães Rodriguez Moura,Midfielder,NEW,0.07,0.29
2210479,Long (Shane),Shane Long,Forward,SOU,0.00,0.00
2210479,Forster,Fraser Forster,Goalkeeper,SOU,0.00,0.00
2210479,Romeu,Oriol Romeu,Midfielder,SOU,0.19,0.04
2210479,Armstrong (Stuart),Stuart Armstrong,Midfielder,SOU,0.12,0.40
2210479,Elyounoussi,Mohammed Elyounoussi,Midfielder,SOU,0.03,0.09
2210479,Ward-Prowse,James Ward-Prowse,Midfielder,SOU,0.15,0.00
2210479,Armstrong (Adam),Adam Armstrong,Forward,SOU,0.01,0.03
2210479,Walker-Peters,Kyle Walker-Peters,Defender,SOU,0.34,0.00
2210479,Bednarek,Jan Bednarek,Defender,SOU,0.02,0.00
2210479,Adams,Che Adams,Forward,SOU,0.10,0.12
2210479,Djenepo,Moussa Djenepo,Midfielder,SOU,0.00,0.00
2210479,Broja,Armando Broja,Forward,SOU,0.00,0.13
2210479,Livramento,Valentino Livramento,Defender,SOU,0.03,0.10
2210479,Salisu,Mohammed Salisu,Defender,SOU,0.02,0.26
2210480,Lloris,Hugo Lloris,Goalkeeper,TOT,0.00,0.00
2210480,Kane,Harry Kane,Forward,TOT,0.11,0.34
2210480,Son,Heung-Min Son,Midfielder,TOT,0.40,0.89
2210480,Dier,Eric Dier,Defender,TOT,0.03,0.00
2210480,Lucas Moura,Lucas Rodrigues Moura da Silva,Midfielder,TOT,0.48,0.03
2210480,Davies (Ben),Ben Davies,Defender,TOT,0.32,0.03
2210480,Højbjerg,Pierre-Emile Højbjerg,Midfielder,TOT,0.12,0.11
2210480,Winks,Harry Winks,Midfielder,TOT,0.05,0.00
2210480,Sánchez (Davinson),Davinson Sánchez,Defender,TOT,0.05,0.72
2210480,Reguilón,Sergio Reguilón,Defender,TOT,0.06,0.09
2210480,Lo Celso,Giovani Lo Celso,Midfielder,TOT,0.00,0.00
2210480,Skipp,Oliver Skipp,Midfielder,TOT,0.08,0.00
2210480,Emerson Royal,Emerson Aparecido Leite de Souza Junior,Defender,TOT,0.60,0.06
2210480,Gil,Bryan Gil,Midfielder,TOT,0.00,0.00
2210480,Cathcart,Craig Cathcart,Defender,WAT,0.00,0.00
2210480,Cleverley,Tom Cleverley,Midfielder,WAT,0.00,0.00
2210480,Sissoko,Moussa Sissoko,Midfielder,WAT,0.00,0.00
2210480,Kucka,Juraj Kucka,Midfielder,WAT,0.00,0.00
2210480,King,Joshua King,Forward,WAT,0.11,0.10
2210480,Troost-Ekong,William Troost-Ekong,Defender,WAT,0.00,0.00
2210480,Bachmann,Daniel Bachmann,Goalkeeper,WAT,0.00,0.00
2210480,Masina,Adam Masina,Defender,WAT,0.00,0.00
2210480,Sema,Ken Sema,Midfielder,WAT,0.00,0.04
2210480,Sierralta,Francisco Sierralta,Defender,WAT,0.00,0.00
2210480,Dennis (Emmanuel),Emmanuel Bonaventure Dennis,Forward,WAT,0.01,0.05
2210480,Cucho,Juan Camilo Hernández,Forward,WAT,0.00,0.00
2210480,Louza,Imran Louza,Midfielder,WAT,0.06,0.00
2210480,João Pedro,João Pedro Junqueira de Jesus,Forward,WAT,0.00,0.10
2210481,Coutinho,Philippe Coutinho,Midfielder,AVL,0.01,0.79
2210481,Ings,Danny Ings,Forward,AVL,0.00,0.00
2210481,Martinez,Emiliano Martinez,Goalkeeper,AVL,0.00,0.00
2210481,Digne,Lucas Digne,Defender,AVL,0.12,0.12
2210481,Sanson,Morgan Sanson,Midfielder,AVL,0.01,0.00
2210481,Hause,Kortney Hause,Defender,AVL,0.01,0.02
2210481,Mings,Tyrone Mings,Defender,AVL,0.12,0.00
2210481,Watkins,Ollie Watkins,Forward,AVL,0.03,0.37
2210481,Buendía,Emiliano Buendía,Midfielder,AVL,0.15,0.23
2210481,Cash,Matthew Cash,Defender,AVL,0.12,0.00
2210481,Konsa Ngoyo,Ezri Konsa Ngoyo,Defender,AVL,0.00,0.00
2210481,Douglas Luiz,Douglas Luiz Soares de Paulo,Midfielder,AVL,0.13,0.00
2210481,Ramsey (Jacob),Jacob Ramsey,Midfielder,AVL,0.63,0.29
2210481,Chukwuemeka (Carney),Carney Chukwuemeka,Midfielder,AVL,0.02,0.00
2210481,Cavani,Edinson Cavani,Forward,MUN,0.00,0.00
2210481,De Gea,David De Gea,Goalkeeper,MUN,0.00,0.00
2210481,Matic,Nemanja Matic,Midfielder,MUN,0.01,0.00
2210481,Varane,Raphael Varane,Defender,MUN,0.00,0.00
2210481,Fred,Frederico Rodrigues de Paula Santos,Midfielder,MUN,0.20,0.00
2210481,Lingard,Jesse Lingard,Midfielder,MUN,0.00,0.00
2210481,Bruno Fernandes,Bruno Miguel Borges Fernandes,Midfielder,MUN,0.06,0.21
2210481,Alex Telles,Alex Nicolao Telles,Defender,MUN,0.01,0.04
2210481,van de Beek,Donny van de Beek,Midfielder,MUN,0.00,0.14
2210481,Lindelof,Victor Nilsson-Lindelof,Defender,MUN,0.00,0.00
2210481,Sancho,Jadon Sancho,Midfielder,MUN,0.02,0.00
2210481,Dalot,José Diogo Dalot Teixeira,Defender,MUN,0.02,0.00
2210481,Greenwood (Mason),Mason Greenwood,Midfielder,MUN,0.02,0.25
2210481,Elanga,Anthony Elanga,Midfielder,MUN,0.01,0.35
2210482,Lallana,Adam Lallana,Midfielder,BHA,0.01,0.03
2210482,Welbeck,Danny Welbeck,Forward,BHA,0.01,0.14
2210482,Groß,Pascal Groß,Midfielder,BHA,0.16,0.81
2210482,Burn,Dan Burn,Defender,BHA,0.01,0.05
2210482,March,Solomon March,Midfielder,BHA,0.13,0.04
2210482,Webster (Adam),Adam Webster,Defender,BHA,0.02,0.07
2210482,Veltman,Joël Veltman,Defender,BHA,0.04,0.00
2210482,Maupay,Neal Maupay,Forward,BHA,0.03,0.02
2210482,Trossard,Leandro Trossard,Midfielder,BHA,0.03,0.38
2210482,Cucurella,Marc Cucurella,Defender,BHA,0.05,0.00
2210482,Sanchez,Robert Sanchez,Goalkeeper,BHA,0.00,0.00
2210482,Lamptey,Tariq Lamptey,Defender,BHA,0.02,0.00
2210482,Mac Allister,Alexis Mac Allister,Midfielder,BHA,0.37,0.02
2210482,Moder,Jakub Moder,Midfielder,BHA,0.05,0.45
2210482,Benteke,Christian Benteke,Forward,CRY,0.00,0.00
2210482,Ward (Joel),Joel Ward,Defender,CRY,0.21,0.00
2210482,Milivojevic,Luka Milivojevic,Midfielder,CRY,0.00,0.00
2210482,Schlupp,Jeffrey Schlupp,Midfielder,CRY,0.25,0.00
2210482,Butland,Jack Butland,Goalkeeper,CRY,0.00,0.00
2210482,Hughes (Will),Will Hughes,Midfielder,CRY,0.02,0.00
2210482,Andersen,Joachim Andersen,Defender,CRY,0.00,0.00
2210482,Edouard,Odsonne Edouard,Forward,CRY,0.00,0.00
2210482,Marc Guehi,Addji Keaninkin Marc-Israel Guehi,Defender,CRY,0.00,0.00
2210482,Mateta,Jean-Philippe Mateta,Forward,CRY,0.00,0.00
2210482,Eze,Eberechi Eze,Midfielder,CRY,0.00,0.04
2210482,Gallagher,Conor Gallagher,Midfielder,CRY,0.00,0.14
2210482,Mitchell,Tyrick Mitchell,Defender,CRY,0.12,0.00
2210482,Olise,Michael Olise,Midfielder,CRY,0.02,0.00
2210483,Lennon,Aaron Lennon,Midfielder,BUR,0.01,0.03
2210483,Tarkowski,James Tarkowski,Defender,BUR,0.01,0.00
2210483,Rodriguez,Jay Rodriguez,Forward,BUR,0.01,0.03
2210483,Barnes (Ashley),Ashley Barnes,Forward,BUR,0.01,0.00
2210483,Mee,Ben Mee,Defender,BUR,0.00,0.00
2210483,Westwood,Ashley Roy Westwood,Midfielder,BUR,0.30,0.01
2210483,Pope,Nick Pope,Goalkeeper,BUR,0.01,0.00
2210483,Taylor (Charlie),Charlie Taylor,Defender,BUR,0.01,0.01
2210483,Weghorst,Wout Weghorst,Forward,BUR,0.02,0.36
2210483,Cornet,Maxwel Cornet,Midfielder,BUR,0.00,0.27
2210483,Brownhill,Josh Brownhill,Midfielder,BUR,0.07,0.00
2210483,Roberts (Connor),Connor Roberts,Defender,BUR,0.04,0.03
2210483,Collins,Nathan Collins,Defender,BUR,0.01,0.18
2210483,McNeil,Dwight McNeil,Midfielder,BUR,0.36,0.00
2210483,Schmeichel,Kasper Schmeichel,Goalkeeper,LEI,0.00,0.00
2210483,Albrighton,Marc Albrighton,Midfielder,LEI,0.04,0.00
2210483,Vardy,Jamie Vardy,Forward,LEI,0.01,0.33
2210483,Ricardo Pereira,Ricardo Domingos Barbosa Pereira,Defender,LEI,0.05,0.11
2210483,Amartey,Daniel Amartey,Defender,LEI,0.14,0.00
2210483,Tielemans,Youri Tielemans,Midfielder,LEI,0.02,0.04
2210483,Maddison,James Maddison,Midfielder,LEI,0.00,0.05
2210483,Barnes (Harvey),Harvey Barnes,Midfielder,LEI,0.21,0.42
2210483,Ndidi,Onyinye Wilfred Ndidi,Midfielder,LEI,0.03,0.02
2210483,Dewsbury-Hall,Kiernan Dewsbury-Hall,Midfielder,LEI,0.03,0.31
2210483,Söyüncü,Caglar Söyüncü,Defender,LEI,0.04,0.01
2210483,Lookman,Ademola Lookman,Midfielder,LEI,0.04,0.00
2210483,Thomas (Luke),Luke Thomas,Defender,LEI,0.01,0.03
2210483,Daka,Patson Daka,Forward,LEI,0.01,0.18
2210484,Jansson,Pontus Jansson,Defender,BRE,0.00,0.00
2210484,Norgaard,Christian Norgaard,Midfielder,BRE,0.24,0.00
2210484,Toney,Ivan Toney,Forward,BRE,0.31,0.32
2210484,Canos,Sergi Canos,Defender,BRE,0.01,0.11
2210484,Ajer,Kristoffer Ajer,Defender,BRE,0.06,0.00
2210484,Henry,Rico Henry,Defender,BRE,0.00,0.00
2210484,Janelt,Vitaly Janelt,Midfielder,BRE,0.01,0.01
2210484,Jensen,Mathias Jensen,Midfielder,BRE,0.00,0.00
2210484,Wissa,Yoane Wissa,Midfielder,BRE,0.02,0.00
2210484,Roerslev,Mads Roerslev,Defender,BRE,0.00,0.00
2210484,Pinnock,Ethan Pinnock,Defender,BRE,0.01,0.00
2210484,Fernández (Álvaro),Álvaro Fernández,Goalkeeper,BRE,0.00,0.00
2210484,Baptiste (Shandon),Shandon Baptiste,Midfielder,BRE,0.00,0.00
2210484,Mbeumo,Bryan Mbeumo,Forward,BRE,0.02,0.27
2210484,Milner,James Milner,Midfielder,LIV,0.02,0.00
2210484,Henderson (Jordan),Jordan Henderson,Midfielder,LIV,0.10,0.00
2210484,Matip,Joel Matip,Defender,LIV,0.01,0.25
2210484,Oxlade-Chamberlain,Alex Oxlade-Chamberlain,Midfielder,LIV,0.12,0.18
2210484,Firmino,Roberto Firmino Barbosa de Oliveira,Forward,LIV,0.38,0.06
2210484,van Dijk,Virgil van Dijk,Defender,LIV,0.01,0.10
2210484,Alisson,Alisson Ramses Becker,Goalkeeper,LIV,0.00,0.00
2210484,Fabinho,Fabio Henrique Tavares,Midfielder,LIV,0.04,0.23
2210484,Robertson,Andrew Robertson,Defender,LIV,0.13,0.04
2210484,Minamino,Takumi Minamino,Midfielder,LIV,0.49,0.44
2210484,Alexander-Arnold,Trent Alexander-Arnold,Defender,LIV,0.44,0.12
2210484,Diogo Jota,Diogo José Teixeira da Silva,Forward,LIV,0.03,0.87
2210484,Jones (Curtis),Curtis Jones,Midfielder,LIV,0.03,0.05
2210484,Gordon (Kaide),Kaide Gordon,Midfielder,LIV,0.00,0.45
2210485,Azpilicueta,César Azpilicueta,Defender,CHE,0.08,0.00
2210485,Thiago Silva,Thiago Emiliano da Silva,Defender,CHE,0.00,0.00
2210485,Lukaku,Romelu Lukaku,Forward,CHE,0.01,0.06
2210485,Alonso,Marcos Alonso,Defender,CHE,0.02,0.03
2210485,Kovacic,Mateo Kovacic,Midfielder,CHE,0.18,0.00
2210485,Rüdiger,Antonio Rüdiger,Defender,CHE,0.01,0.00
2210485,Kepa,Kepa Arrizabalaga Revuelta,Goalkeeper,CHE,0.00,0.00
2210485,Kanté,N'Golo Kanté,Midfielder,CHE,0.01,0.00
2210485,Ziyech,Hakim Ziyech,Midfielder,CHE,0.01,0.08
2210485,Werner,Timo Werner,Forward,CHE,0.00,0.14
2210485,Pulisic,Christian Pulisic,Midfielder,CHE,0.01,0.00
2210485,Mount,Mason Mount,Midfielder,CHE,0.00,0.00
2210485,Sarr (Malang),Malang Sarr,Defender,CHE,0.01,0.00
2210485,Hudson-Odoi,Callum Hudson-Odoi,Midfielder,CHE,0.03,0.00
2210485,Walker (Kyle),Kyle Walker,Defender,MCI,0.02,0.00
2210485,Gundogan,Ilkay Gundogan,Midfielder,MCI,0.00,0.00
2210485,De Bruyne,Kevin De Bruyne,Midfielder,MCI,0.02,0.18
2210485,Stones,John Stones,Defender,MCI,0.01,0.08
2210485,Sterling (Raheem),Raheem Sterling,Midfielder,MCI,0.20,0.05
2210485,Grealish,Jack Grealish,Midfielder,MCI,0.09,0.57
2210485,João Cancelo,João Pedro Cavaco Cancelo,Defender,MCI,0.03,0.02
2210485,Ederson,Ederson Santana de Moraes,Goalkeeper,MCI,0.00,0.00
2210485,Laporte,Aymeric Laporte,Defender,MCI,0.01,0.00
2210485,Bernardo Silva,Bernardo Mota Veiga de Carvalho e Silva,Midfielder,MCI,0.04,0.00
2210485,Jesus,Gabriel Fernando de Jesus,Forward,MCI,0.00,0.00
2210485,Foden,Phil Foden,Midfielder,MCI,0.02,0.08
2210485,Rodri,Rodrigo Hernández Cascante,Midfielder,MCI,0.05,0.02
2210486,Shelvey,Jonjo Shelvey,Midfielder,NEW,0.02,0.03
2210486,Wood,Chris Wood,Forward,NEW,0.00,0.47
2210486,Dubravka,Martin Dubravka,Goalkeeper,NEW,0.00,0.00
2210486,Trippier,Kieran Trippier,Defender,NEW,0.16,0.00
2210486,Fraser,Ryan Fraser,Midfielder,NEW,0.36,0.01
2210486,Lascelles,Jamaal Lascelles,Defender,NEW,0.27,0.05
2210486,Dummett,Paul Dummett,Defender,NEW,0.00,0.00
2210486,Murphy (Jacob),Jacob Murphy,Midfielder,NEW,0.00,0.00
2210486,Schär,Fabian Schär,Defender,NEW,0.02,0.08
2210486,Saint-Maximin,Allan Saint-Maximin,Midfielder,NEW,0.01,0.06
2210486,Almirón,Miguel Almirón,Midfielder,NEW,0.00,0.00
2210486,Longstaff (Sean),Sean Longstaff,Midfielder,NEW,0.09,0.07
2210486,Joelinton,Joelinton Cássio Apolinário de Lira,Midfielder,NEW,0.02,0.40
2210486,Foster,Ben Foster,Goalkeeper,WAT,0.00,0.00
2210486,Cathcart,Craig Cathcart,Defender,WAT,0.01,0.00
2210486,Cleverley,Tom Cleverley,Midfielder,WAT,0.00,0.00
2210486,Sissoko,Moussa Sissoko,Midfielder,WAT,0.00,0.37
2210486,Femenía,Francisco Femenía Far,Defender,WAT,0.02,0.02
2210486,Kucka,Juraj Kucka,Midfielder,WAT,0.02,0.04
2210486,King,Joshua King,Forward,WAT,0.14,0.41
2210486,Samir,Samir Caetano de Souza Santos,Defender,WAT,0.00,0.08
2210486,Kamara (Hassane),Hassane Kamara,Defender,WAT,0.03,0.00
2210486,Dennis (Emmanuel),Emmanuel Bonaventure Dennis,Forward,WAT,0.14,0.09
2210486,Ngakia,Jeremy Ngakia,Defender,WAT,0.07,0.00
2210486,Cucho,Juan Camilo Hernández,Forward,WAT,0.01,0.00
2210486,Kayembe,Edo Kayembe,Midfielder,WAT,0.11,0.03
2210486,João Pedro,João Pedro Junqueira de Jesus,Forward,WAT,0.06,0.32
2210487,Rondón,Salomón Rondón,Forward,EVE,0.01,0.06
2210487,Coleman,Seamus Coleman,Defender,EVE,0.06,0.00
2210487,Keane,Michael Keane,Defender,EVE,0.00,0.04
2210487,Pickford,Jordan Pickford,Goalkeeper,EVE,0.00,0.00
2210487,André Gomes,André Filipe Tavares Gomes,Midfielder,EVE,0.06,0.03
2210487,Doucouré,Abdoulaye Doucouré,Midfielder,EVE,0.05,0.02
2210487,Mina,Yerry Mina,Defender,EVE,0.00,0.00
2210487,Gray (Demarai),Demarai Gray,Midfielder,EVE,0.19,0.09
2210487,Calvert-Lewin,Dominic Calvert-Lewin,Forward,EVE,0.03,0.05
2210487,Godfrey,Ben Godfrey,Defender,EVE,0.14,0.02
2210487,Richarlison,Richarlison de Andrade,Forward,EVE,0.05,0.16
2210487,Mykolenko,Vitaliy Mykolenko,Defender,EVE,0.01,0.00
2210487,Gordon (Anthony),Anthony Gordon,Midfielder,EVE,0.08,0.15
2210487,Krul,Tim Krul,Goalkeeper,NOR,0.00,0.00
2210487,Pukki,Teemu Pukki,Forward,NOR,0.03,0.00
2210487,Gibson (Ben),Ben Gibson,Defender,NOR,0.00,0.03
2210487,Hanley,Grant Hanley,Defender,NOR,0.00,0.00
2210487,Byram,Sam Byram,Defender,NOR,0.00,0.00
2210487,Giannoulis,Dimitrios Giannoulis,Defender,NOR,0.00,0.00
2210487,Lees-Melou,Pierre Lees-Melou,Midfielder,NOR,0.02,0.06
2210487,Rashica,Milot Rashica,Midfielder,NOR,0.18,0.05
2210487,Sargent,Joshua Sargent,Forward,NOR,0.01,0.12
2210487,Williams (Brandon),Brandon Williams,Defender,NOR,0.20,0.00
2210487,Aarons,Maximillian Aarons,Defender,NOR,0.01,0.00
2210487,Sørensen,Jacob Sørensen,Defender,NOR,0.00,0.01
2210487,Idah,Adam Idah,Forward,NOR,0.02,0.74
2210487,Tzolis,Christos Tzolis,Midfielder,NOR,0.01,0.00
2210488,Cedric,Cedric Ricardo Alves Soares,Defender,ARS,0.01,0.00
2210488,Lacazette,Alexandre Lacazette,Forward,ARS,0.00,0.00
2210488,Xhaka,Granit Xhaka,Midfielder,ARS,0.03,0.02
2210488,Elneny,Mohamed Elneny,Midfielder,ARS,0.02,0.00
2210488,Holding,Rob Holding,Defender,ARS,0.00,0.00
2210488,Odegaard,Martin Odegaard,Midfielder,ARS,0.06,0.28
2210488,Eddie Nketiah,Edward Nketiah,Forward,ARS,0.00,0.05
2210488,Smith-Rowe,Emile Smith-Rowe,Midfielder,ARS,0.01,0.00
2210488,Saka,Bukayo Saka,Midfielder,ARS,0.02,0.14
2210488,Tomiyasu,Takehiro Tomiyasu,Defender,ARS,0.01,0.00
2210488,Ramsdale,Aaron Ramsdale,Goalkeeper,ARS,0.00,0.00
2210488,Gabriel Magalhães,Gabriel dos Santos Magalhães,Defender,ARS,0.00,0.00
2210488,Nuno Tavares,Nuno Tavares,Defender,ARS,0.07,0.00
2210488,Martinelli,Gabriel Teodoro Martinelli Silva,Midfielder,ARS,0.11,0.00
2210488,Lloris,Hugo Lloris,Goalkeeper,TOT,0.00,0.00
2210488,Kane,Harry Kane,Forward,TOT,0.11,1.78
2210488,Son,Heung-Min Son,Midfielder,TOT,0.08,0.55
2210488,Dier,Eric Dier,Defender,TOT,0.01,0.00
2210488,Lucas Moura,Lucas Rodrigues Moura da Silva,Midfielder,TOT,0.00,0.00
2210488,Davies (Ben),Ben Davies,Defender,TOT,0.02,0.00
2210488,Højbjerg,Pierre-Emile Højbjerg,Midfielder,TOT,0.06,0.00
2210488,Sánchez (Davinson),Davinson Sánchez,Defender,TOT,0.07,0.00
2210488,Sessegnon (Ryan),Kouassi Ryan Sessegnon,Defender,TOT,0.56,0.07
2210488,Bergwijn,Steven Bergwijn,Midfielder,TOT,0.01,0.00
2210488,Bentancur,Rodrigo Bentancur,Midfielder,TOT,0.02,0.08
2210488,Rodon,Joe Rodon,Defender,TOT,0.00,0.00
2210488,Emerson Royal,Emerson Aparecido Leite de Souza Junior,Defender,TOT,0.12,0.35
2210488,Kulusevski,Dejan Kulusevski,Midfielder,TOT,0.01,0.00
2210489,Ayling,Luke Ayling,Defender,LEE,0.01,0.07
2210489,Klich,Mateusz Klich,Midfielder,LEE,0.16,0.36
2210489,Forshaw,Adam Forshaw,Midfielder,LEE,0.05,0.00
2210489,Rodrigo,Rodrigo Moreno Machado,Midfielder,LEE,0.01,0.08
2210489,Dallas,Stuart Dallas,Defender,LEE,0.01,0.10
2210489,Koch,Robin Koch,Defender,LEE,0.01,0.00
2210489,James (Daniel),Daniel James,Midfielder,LEE,0.01,0.32
2210489,Raphinha,Raphael Dias Belloli,Midfielder,LEE,0.36,0.16
2210489,Harrison,Jack Harrison,Midfielder,LEE,0.08,1.14
2210489,Struijk,Pascal Struijk,Defender,LEE,0.00,0.00
2210489,Meslier,Illan Meslier,Goalkeeper,LEE,0.00,0.00
2210489,Firpo,Junior Firpo,Defender,LEE,0.00,0.00
2210489,Bate,Lewis Bate,Midfielder,LEE,0.00,0.00
2210489,Hjelde,Leo Fuhr Hjelde,Defender,LEE,0.00,0.00
2210489,Fabianski,Lukasz Fabianski,Goalkeeper,WHU,0.00,0.00
2210489,Cresswell (Aaron),Aaron Cresswell,Defender,WHU,0.35,0.00
2210489,Yarmolenko,Andriy Yarmolenko,Midfielder,WHU,0.00,0.04
2210489,Antonio,Michail Antonio,Forward,WHU,0.40,0.13
2210489,Dawson,Craig Dawson,Defender,WHU,0.01,0.35
2210489,Lanzini,Manuel Lanzini,Midfielder,WHU,0.18,0.00
2210489,Masuaku,Arthur Masuaku,Defender,WHU,0.00,0.00
2210489,Coufal,Vladimir Coufal,Defender,WHU,0.06,0.34
2210489,Bowen,Jarrod Bowen,Midfielder,WHU,0.00,1.18
2210489,Vlasic,Nikola Vlasic,Midfielder,WHU,0.04,0.00
2210489,Rice,Declan Rice,Midfielder,WHU,0.11,0.21
2210489,Fornals,Pablo Fornals,Midfielder,WHU,0.20,0.12
2210489,Diop,Issa Diop,Defender,WHU,0.00,0.00
2210489,Perkins,Sonny Perkins,Midfielder,WHU,0.00,0.00
2210490,Forster,Fraser Forster,Goalkeeper,SOU,0.00,0.00
2210490,Romeu,Oriol Romeu,Midfielder,SOU,0.25,0.02
2210490,Redmond,Nathan Redmond,Midfielder,SOU,0.10,0.00
2210490,Armstrong (Stuart),Stuart Armstrong,Midfielder,SOU,0.01,0.06
2210490,Ward-Prowse,James Ward-Prowse,Midfielder,SOU,0.08,0.13
2210490,Armstrong (Adam),Adam Armstrong,Forward,SOU,0.00,0.00
2210490,Bednarek,Jan Bednarek,Defender,SOU,0.07,0.21
2210490,Adams,Che Adams,Forward,SOU,0.00,0.04
2210490,Tella,Nathan Tella,Midfielder,SOU,0.01,0.00
2210490,Lyanco,Lyanco Evangelista Silveira Neves Vojnovic,Defender,SOU,0.00,0.01
2210490,Diallo,Ibrahima Diallo,Midfielder,SOU,0.01,0.00
2210490,Perraud,Romain Perraud,Defender,SOU,0.01,0.08
2210490,Broja,Armando Broja,Forward,SOU,0.01,0.03
2210490,Salisu,Mohammed Salisu,Defender,SOU,0.10,0.19
2210490,Moutinho,João Moutinho,Midfielder,WOL,0.02,0.00
2210490,Coady,Conor Coady,Defender,WOL,0.00,0.88
2210490,Raúl Jiménez,Raul Alonso Jimenez Rodriguez,Forward,WOL,0.06,0.90
2210490,José Sá,José Pedro Malheiro de Sá,Goalkeeper,WOL,0.00,0.00
2210490,Dendoncker (Leander),Leander Dendoncker,Midfielder,WOL,0.00,0.02
2210490,Traoré,Adama Traoré,Midfielder,WOL,0.00,0.75
2210490,Semedo,Nelson Semedo,Defender,WOL,0.01,0.00
2210490,Podence,Daniel Podence,Midfielder,WOL,0.08,0.02
2210490,Kilman,Max Kilman,Defender,WOL,0.00,0.05
2210490,Trincão,Francisco António Machado Trincão,Midfielder,WOL,0.03,0.00
2210490,Cundle,Luke Cundle,Midfielder,WOL,0.00,0.00
2210490,Ait Nouri,Rayan Ait Nouri,Defender,WOL,0.03,0.00
2210490,Fabio Silva,Fabio Daniel Soares Silva,Forward,WOL,0.00,0.06
2210490,Toti,Toti António Gomes,Defender,WOL,0.00,0.00
2210491,Lacazette,Alexandre Lacazette,Forward,ARS,0.13,0.27
2210491,Holding,Rob Holding,Defender,ARS,0.01,0.07
2210491,Odegaard,Martin Odegaard,Midfielder,ARS,0.11,0.29
2210491,Tierney,Kieran Tierney,Defender,ARS,0.04,0.06
2210491,White (Ben),Ben White,Defender,ARS,0.03,0.01
2210491,Eddie Nketiah,Edward Nketiah,Forward,ARS,0.01,0.00
2210491,Smith-Rowe,Emile Smith-Rowe,Midfielder,ARS,0.17,0.26
2210491,Saka,Bukayo Saka,Midfielder,ARS,0.28,0.11
2210491,Ramsdale,Aaron Ramsdale,Goalkeeper,ARS,0.00,0.00
2210491,Gabriel Magalhães,Gabriel dos Santos Magalhães,Defender,ARS,0.02,0.06
2210491,Sambi Lokonga,Albert Sambi Lokonga,Midfielder,ARS,0.02,0.01
2210491,Martinelli,Gabriel Teodoro Martinelli Silva,Midfielder,ARS,0.14,0.09
2210491,Lennon,Aaron Lennon,Midfielder,BUR,0.00,0.00
2210491,Tarkowski,James Tarkowski,Defender,BUR,0.04,0.00
2210491,Pieters,Erik Pieters,Defender,BUR,0.01,0.02
2210491,Rodriguez,Jay Rodriguez,Forward,BUR,0.01,0.05
2210491,Mee,Ben Mee,Defender,BUR,0.00,0.13
2210491,Westwood,Ashley Roy Westwood,Midfielder,BUR,0.14,0.00
2210491,Gudmundsson,Johann Berg Gudmundsson,Midfielder,BUR,0.00,0.02
2210491,Vydra,Matej Vydra,Forward,BUR,0.01,0.06
2210491,Pope,Nick Pope,Goalkeeper,BUR,0.00,0.00
2210491,Brownhill,Josh Brownhill,Midfielder,BUR,0.01,0.00
2210491,Roberts (Connor),Connor Roberts,Defender,BUR,0.04,0.00
2210491,McNeil,Dwight McNeil,Midfielder,BUR,0.02,0.11
2210492,Lössl,Jonas Lössl,Goalkeeper,BRE,0.00,0.00
2210492,Jansson,Pontus Jansson,Defender,BRE,0.00,0.00
2210492,Norgaard,Christian Norgaard,Midfielder,BRE,0.30,0.00
2210492,Toney,Ivan Toney,Forward,BRE,0.02,0.85
2210492,Canos,Sergi Canos,Defender,BRE,0.02,0.25
2210492,Ajer,Kristoffer Ajer,Defender,BRE,0.33,0.04
2210492,Henry,Rico Henry,Defender,BRE,0.00,0.00
2210492,Janelt,Vitaly Janelt,Midfielder,BRE,0.18,0.00
2210492,Ghoddos,Saman Ghoddos,Midfielder,BRE,0.02,0.00
2210492,Jensen,Mathias Jensen,Midfielder,BRE,0.21,0.00
2210492,Forss,Marcus Forss,Forward,BRE,0.00,0.07
2210492,Wissa,Yoane Wissa,Midfielder,BRE,0.01,0.06
2210492,Roerslev,Mads Roerslev,Defender,BRE,0.00,0.00
2210492,Pinnock,Ethan Pinnock,Defender,BRE,0.06,0.22
2210492,Baptiste (Shandon),Shandon Baptiste,Midfielder,BRE,0.01,0.00
2210492,Mbeumo,Bryan Mbeumo,Forward,BRE,0.10,0.06
2210492,Moutinho,João Moutinho,Midfielder,WOL,0.07,0.08
2210492,Coady,Conor Coady,Defender,WOL,0.00,0.00
2210492,José Sá,José Pedro Malheiro de Sá,Goalkeeper,WOL,0.00,0.00
2210492,Dendoncker (Leander),Leander Dendoncker,Midfielder,WOL,0.01,0.00
2210492,Traoré,Adama Traoré,Midfielder,WOL,0.00,0.00
2210492,Ruben Neves,Rúben Diogo da Silva Neves,Midfielder,WOL,0.02,0.04
2210492,Semedo,Nelson Semedo,Defender,WOL,0.07,0.06
2210492,Podence,Daniel Podence,Midfielder,WOL,0.07,0.00
2210492,Kilman,Max Kilman,Defender,WOL,0.00,0.00
2210492,Trincão,Francisco António Machado Trincão,Midfielder,WOL,0.00,0.00
2210492,Ait Nouri,Rayan Ait Nouri,Defender,WOL,0.04,0.00
2210492,Fabio Silva,Fabio Daniel Soares Silva,Forward,WOL,0.01,0.05
2210492,Toti,Toti António Gomes,Defender,WOL,0.00,0.00
2210493,Azpilicueta,César Azpilicueta,Defender,CHE,0.06,0.00
2210493,Thiago Silva,Thiago Emiliano da Silva,Defender,CHE,0.00,0.21
2210493,Lukaku,Romelu Lukaku,Forward,CHE,0.12,0.46
2210493,Alonso,Marcos Alonso,Defender,CHE,0.00,0.00
2210493,Jorginho,Jorge Luiz Frello Filho,Midfielder,CHE,0.04,0.00
2210493,Ñíguez,Saúl Ñíguez,Midfielder,CHE,0.00,0.00
2210493,Kovacic,Mateo Kovacic,Midfielder,CHE,0.03,0.00
2210493,Rüdiger,Antonio Rüdiger,Defender,CHE,0.01,0.00
2210493,Kepa,Kepa Arrizabalaga Revuelta,Goalkeeper,CHE,0.00,0.00
2210493,Kanté,N'Golo Kanté,Midfielder,CHE,0.00,0.00
2210493,Ziyech,Hakim Ziyech,Midfielder,CHE,0.33,0.14
2210493,Mount,Mason Mount,Midfielder,CHE,0.35,0.14
2210493,Sarr (Malang),Malang Sarr,Defender,CHE,0.01,0.00
2210493,Hudson-Odoi,Callum Hudson-Odoi,Midfielder,CHE,0.07,0.24
2210493,Lloris,Hugo Lloris,Goalkeeper,TOT,0.00,0.00
2210493,Kane,Harry Kane,Forward,TOT,0.03,0.04
2210493,Doherty,Matt Doherty,Defender,TOT,0.00,0.03
2210493,Dier,Eric Dier,Defender,TOT,0.01,0.00
2210493,Lucas Moura,Lucas Rodrigues Moura da Silva,Midfielder,TOT,0.01,0.00
2210493,Davies (Ben),Ben Davies,Defender,TOT,0.04,0.00
2210493,Højbjerg,Pierre-Emile Højbjerg,Midfielder,TOT,0.00,0.00
2210493,Winks,Harry Winks,Midfielder,TOT,0.03,0.08
2210493,Sánchez (Davinson),Davinson Sánchez,Defender,TOT,0.01,0.00
2210493,Sessegnon (Ryan),Kouassi Ryan Sessegnon,Defender,TOT,0.00,0.08
2210493,Bergwijn,Steven Bergwijn,Midfielder,TOT,0.02,0.28
2210493,Tanganga,Japhet Tanganga,Defender,TOT,0.00,0.00
2210493,Skipp,Oliver Skipp,Midfielder,TOT,0.09,0.00
2210493,Gil,Bryan Gil,Midfielder,TOT,0.00,0.00
2210494,Guaita,Vicente Guaita,Goalkeeper,CRY,0.00,0.00
2210494,Benteke,Christian Benteke,Forward,CRY,0.00,0.00
2210494,Ward (Joel),Joel Ward,Defender,CRY,0.00,0.00
2210494,Ayew,Jordan Ayew,Midfielder,CRY,0.00,0.00
2210494,Schlupp,Jeffrey Schlupp,Midfielder,CRY,0.17,0.04
2210494,Hughes (Will),Will Hughes,Midfielder,CRY,0.00,0.00
2210494,Andersen,Joachim Andersen,Defender,CRY,0.18,0.03
2210494,Edouard,Odsonne Edouard,Forward,CRY,0.01,1.10
2210494,Marc Guehi,Addji Keaninkin Marc-Israel Guehi,Defender,CRY,0.00,0.00
2210494,Mateta,Jean-Philippe Mateta,Forward,CRY,0.24,0.07
2210494,Eze,Eberechi Eze,Midfielder,CRY,0.02,0.00
2210494,Gallagher,Conor Gallagher,Midfielder,CRY,0.00,0.53
2210494,Mitchell,Tyrick Mitchell,Defender,CRY,0.01,0.00
2210494,Olise,Michael Olise,Midfielder,CRY,0.83,0.41
2210494,Milner,James Milner,Midfielder,LIV,0.00,0.00
2210494,Henderson (Jordan),Jordan Henderson,Midfielder,LIV,0.03,0.27
2210494,Matip,Joel Matip,Defender,LIV,0.02,0.00
2210494,Oxlade-Chamberlain,Alex Oxlade-Chamberlain,Midfielder,LIV,0.05,0.49
2210494,Firmino,Roberto Firmino Barbosa de Oliveira,Forward,LIV,0.18,0.00
2210494,van Dijk,Virgil van Dijk,Defender,LIV,0.01,0.08
2210494,Alisson,Alisson Ramses Becker,Goalkeeper,LIV,0.00,0.00
2210494,Fabinho,Fabio Henrique Tavares,Midfielder,LIV,0.02,0.94
2210494,Robertson,Andrew Robertson,Defender,LIV,0.24,0.06
2210494,Minamino,Takumi Minamino,Midfielder,LIV,0.00,0.00
2210494,Alexander-Arnold,Trent Alexander-Arnold,Defender,LIV,0.33,0.00
2210494,Gomez,Joseph Gomez,Defender,LIV,0.00,0.00
2210494,Diogo Jota,Diogo José Teixeira da Silva,Forward,LIV,0.12,0.02
2210494,Jones (Curtis),Curtis Jones,Midfielder,LIV,0.06,0.00
2210495,Coutinho,Philippe Coutinho,Midfielder,AVL,0.04,0.18
2210495,Ings,Danny Ings,Forward,AVL,0.00,0.00
2210495,Martinez,Emiliano Martinez,Goalkeeper,AVL,0.00,0.00
2210495,Digne,Lucas Digne,Defender,AVL,0.16,0.00
2210495,McGinn,John McGinn,Midfielder,AVL,0.02,0.00
2210495,Hause,Kortney Hause,Defender,AVL,0.00,0.00
2210495,Mings,Tyrone Mings,Defender,AVL,0.23,0.00
2210495,Watkins,Ollie Watkins,Forward,AVL,0.03,0.48
2210495,Buendía,Emiliano Buendía,Midfielder,AVL,0.02,0.13
2210495,Cash,Matthew Cash,Defender,AVL,0.05,0.00
2210495,Konsa Ngoyo,Ezri Konsa Ngoyo,Defender,AVL,0.00,0.00
2210495,Douglas Luiz,Douglas Luiz Soares de Paulo,Midfielder,AVL,0.00,0.03
2210495,Ramsey (Jacob),Jacob Ramsey,Midfielder,AVL,0.01,0.00
2210495,Chukwuemeka (Carney),Carney Chukwuemeka,Midfielder,AVL,0.00,0.00
2210495,Townsend,Andros Townsend,Midfielder,EVE,0.08,0.00
2210495,Pickford,Jordan Pickford,Goalkeeper,EVE,0.01,0.00
2210495,Allan,Allan Marques Loureiro,Midfielder,EVE,0.07,0.00
2210495,André Gomes,André Filipe Tavares Gomes,Midfielder,EVE,0.06,0.00
2210495,Doucouré,Abdoulaye Doucouré,Midfielder,EVE,0.01,0.05
2210495,Kenny,Jonjoe Kenny,Defender,EVE,0.02,0.00
2210495,Mina,Yerry Mina,Defender,EVE,0.01,0.21
2210495,Gray (Demarai),Demarai Gray,Midfielder,EVE,0.08,0.28
2210495,Calvert-Lewin,Dominic Calvert-Lewin,Forward,EVE,0.14,0.56
2210495,Holgate,Mason Holgate,Defender,EVE,0.00,0.00
2210495,Godfrey,Ben Godfrey,Defender,EVE,0.01,0.18
2210495,Richarlison,Richarlison de Andrade,Forward,EVE,0.02,0.34
2210495,Gordon (Anthony),Anthony Gordon,Midfielder,EVE,0.44,0.03
2210495,Onyango,Tyler Onyango,Midfielder,EVE,0.00,0.05
2210496,Ayling,Luke Ayling,Defender,LEE,0.03,0.00
2210496,Klich,Mateusz Klich,Midfielder,LEE,0.03,0.03
2210496,Rodrigo,Rodrigo Moreno Machado,Midfielder,LEE,0.10,0.09
2210496,Dallas,Stuart Dallas,Defender,LEE,0.03,0.00
2210496,Diego Llorente,Diego Javier Llorente Ríos,Defender,LEE,0.01,0.00
2210496,Roberts (Tyler),Tyler Roberts,Midfielder,LEE,0.00,0.00
2210496,Koch,Robin Koch,Defender,LEE,0.02,0.09
2210496,James (Daniel),Daniel James,Midfielder,LEE,0.01,0.30
2210496,Raphinha,Raphael Dias Belloli,Midfielder,LEE,0.23,0.10
2210496,Harrison,Jack Harrison,Midfielder,LEE,0.10,0.09
2210496,Struijk,Pascal Struijk,Defender,LEE,0.01,0.00
2210496,Meslier,Illan Meslier,Goalkeeper,LEE,0.00,0.00
2210496,Gelhardt,Joe Gelhardt,Forward,LEE,0.00,0.00
2210496,Shelvey,Jonjo Shelvey,Midfielder,NEW,0.01,0.09
2210496,Clark,Ciaran Clark,Defender,NEW,0.00,0.00
2210496,Wood,Chris Wood,Forward,NEW,0.10,0.12
2210496,Dubravka,Martin Dubravka,Goalkeeper,NEW,0.00,0.00
2210496,Trippier,Kieran Trippier,Defender,NEW,0.13,0.00
2210496,Fraser,Ryan Fraser,Midfielder,NEW,0.04,0.08
2210496,Lascelles,Jamaal Lascelles,Defender,NEW,0.00,0.00
2210496,Dummett,Paul Dummett,Defender,NEW,0.00,0.00
2210496,Manquillo,Javier Manquillo,Defender,NEW,0.00,0.00
2210496,Schär,Fabian Schär,Defender,NEW,0.07,0.00
2210496,Saint-Maximin,Allan Saint-Maximin,Midfielder,NEW,0.33,0.11
2210496,Longstaff (Sean),Sean Longstaff,Midfielder,NEW,0.00,0.07
2210496,Joelinton,Joelinton Cássio Apolinário de Lira,Midfielder,NEW,0.02,0.20
2210496,Willock,Joseph Willock,Midfielder,NEW,0.11,0.29
2210497,Welbeck,Danny Welbeck,Forward,BHA,0.01,0.26
2210497,Groß,Pascal Groß,Midfielder,BHA,0.09,0.15
2210497,Burn,Dan Burn,Defender,BHA,0.01,0.03
2210497,March,Solomon March,Midfielder,BHA,0.02,0.00
2210497,Webster (Adam),Adam Webster,Defender,BHA,0.01,0.00
2210497,Veltman,Joël Veltman,Defender,BHA,0.03,0.00
2210497,Maupay,Neal Maupay,Forward,BHA,0.14,0.19
2210497,Trossard,Leandro Trossard,Midfielder,BHA,0.27,0.26
2210497,Cucurella,Marc Cucurella,Defender,BHA,0.02,0.02
2210497,Sanchez,Robert Sanchez,Goalkeeper,BHA,0.00,0.00
2210497,Lamptey,Tariq Lamptey,Defender,BHA,0.06,0.04
2210497,Alzate,Steven Alzate,Midfielder,BHA,0.01,0.00
2210497,Mac Allister,Alexis Mac Allister,Midfielder,BHA,0.05,0.14
2210497,Moder,Jakub Moder,Midfielder,BHA,0.05,0.02
2210497,Schmeichel,Kasper Schmeichel,Goalkeeper,LEI,0.00,0.00
2210497,Albrighton,Marc Albrighton,Midfielder,LEI,0.00,0.00
2210497,Amartey,Daniel Amartey,Defender,LEI,0.00,0.00
2210497,Tielemans,Youri Tielemans,Midfielder,LEI,0.04,0.06
2210497,Ayoze Pérez,Ayoze Pérez Gutiérrez,Midfielder,LEI,0.00,0.00
2210497,Maddison,James Maddison,Midfielder,LEI,0.21,0.31
2210497,Barnes (Harvey),Harvey Barnes,Midfielder,LEI,0.09,0.53
2210497,Dewsbury-Hall,Kiernan Dewsbury-Hall,Midfielder,LEI,0.03,0.02
2210497,Söyüncü,Caglar Söyüncü,Defender,LEI,0.01,0.00
2210497,Lookman,Ademola Lookman,Midfielder,LEI,0.23,0.28
2210497,Justin,James Justin,Defender,LEI,0.03,0.00
2210497,Soumaré,Boubakary Soumaré,Midfielder,LEI,0.00,0.00
2210497,Thomas (Luke),Luke Thomas,Defender,LEI,0.01,0.03
2210497,Daka,Patson Daka,Forward,LEI,0.02,0.32
2210498,Cristiano Ronaldo,Cristiano Ronaldo dos Santos Aveiro,Forward,MUN,0.05,0.33
2210498,Cavani,Edinson Cavani,Forward,MUN,0.54,0.00
2210498,De Gea,David De Gea,Goalkeeper,MUN,0.00,0.00
2210498,Varane,Raphael Varane,Defender,MUN,0.00,0.05
2210498,Maguire,Harry Maguire,Defender,MUN,0.01,0.00
2210498,Fred,Frederico Rodrigues de Paula Santos,Midfielder,MUN,0.05,0.09
2210498,Bruno Fernandes,Bruno Miguel Borges Fernandes,Midfielder,MUN,0.12,0.12
2210498,Martial,Anthony Martial,Forward,MUN,0.11,0.08
2210498,Alex Telles,Alex Nicolao Telles,Defender,MUN,0.06,0.02
2210498,Rashford,Marcus Rashford,Midfielder,MUN,0.01,0.95
2210498,McTominay,Scott McTominay,Midfielder,MUN,0.04,0.03
2210498,Dalot,José Diogo Dalot Teixeira,Defender,MUN,0.03,0.08
2210498,Greenwood (Mason),Mason Greenwood,Midfielder,MUN,0.10,0.07
2210498,Elanga,Anthony Elanga,Midfielder,MUN,0.13,0.07
2210498,Cresswell (Aaron),Aaron Cresswell,Defender,WHU,0.02,0.00
2210498,Antonio,Michail Antonio,Forward,WHU,0.01,0.09
2210498,Dawson,Craig Dawson,Defender,WHU,0.00,0.00
2210498,Fredericks,Ryan Fredericks,Defender,WHU,0.00,0.00
2210498,Areola,Alphonse Areola,Goalkeeper,WHU,0.00,0.00
2210498,Lanzini,Manuel Lanzini,Midfielder,WHU,0.01,0.00
2210498,Zouma,Kurt Zouma,Defender,WHU,0.00,0.00
2210498,Coufal,Vladimir Coufal,Defender,WHU,0.03,0.00
2210498,Bowen,Jarrod Bowen,Midfielder,WHU,0.05,0.03
2210498,Rice,Declan Rice,Midfielder,WHU,0.02,0.04
2210498,Soucek,Tomas Soucek,Midfielder,WHU,0.05,0.05
2210498,Fornals,Pablo Fornals,Midfielder,WHU,0.01,0.07
2210499,Walker (Kyle),Kyle Walker,Defender,MCI,0.13,0.00
2210499,De Bruyne,Kevin De Bruyne,Midfielder,MCI,0.29,0.13
2210499,Sterling (Raheem),Raheem Sterling,Midfielder,MCI,0.03,0.62
2210499,Grealish,Jack Grealish,Midfielder,MCI,0.06,0.21
2210499,João Cancelo,João Pedro Cavaco Cancelo,Defender,MCI,0.21,0.05
2210499,Ederson,Ederson Santana de Moraes,Goalkeeper,MCI,0.02,0.00
2210499,Laporte,Aymeric Laporte,Defender,MCI,0.01,0.36
2210499,Bernardo Silva,Bernardo Mota Veiga de Carvalho e Silva,Midfielder,MCI,0.29,0.04
2210499,Rúben Dias,Rúben Santos Gato Alves Dias,Defender,MCI,0.07,0.00
2210499,Jesus,Gabriel Fernando de Jesus,Forward,MCI,0.05,0.21
2210499,Foden,Phil Foden,Midfielder,MCI,0.24,0.10
2210499,Rodri,Rodrigo Hernández Cascante,Midfielder,MCI,0.10,0.13
2210499,Forster,Fraser Forster,Goalkeeper,SOU,0.00,0.00
2210499,Romeu,Oriol Romeu,Midfielder,SOU,0.01,0.00
2210499,Redmond,Nathan Redmond,Midfielder,SOU,0.01,0.00
2210499,Armstrong (Stuart),Stuart Armstrong,Midfielder,SOU,0.01,0.00
2210499,Elyounoussi,Mohammed Elyounoussi,Midfielder,SOU,0.00,0.00
2210499,Ward-Prowse,James Ward-Prowse,Midfielder,SOU,0.11,0.00
2210499,Walker-Peters,Kyle Walker-Peters,Defender,SOU,0.00,0.08
2210499,Bednarek,Jan Bednarek,Defender,SOU,0.00,0.24
2210499,Adams,Che Adams,Forward,SOU,0.00,0.00
2210499,Lyanco,Lyanco Evangelista Silveira Neves Vojnovic,Defender,SOU,0.00,0.00
2210499,Diallo,Ibrahima Diallo,Midfielder,SOU,0.01,0.04
2210499,Perraud,Romain Perraud,Defender,SOU,0.00,0.00
2210499,Broja,Armando Broja,Forward,SOU,0.00,0.48
2210499,Salisu,Mohammed Salisu,Defender,SOU,0.00,0.02
2210500,Pukki,Teemu Pukki,Forward,NOR,0.35,0.00
2210500,Kenny McLean,Kenneth McLean,Midfielder,NOR,0.00,0.00
2210500,Gibson (Ben),Ben Gibson,Defender,NOR,0.00,0.00
2210500,Hanley,Grant Hanley,Defender,NOR,0.00,0.14
2210500,Gunn,Angus Gunn,Goalkeeper,NOR,0.00,0.00
2210500,Byram,Sam Byram,Defender,NOR,0.00,0.00
2210500,Lees-Melou,Pierre Lees-Melou,Midfielder,NOR,0.02,0.00
2210500,Rashica,Milot Rashica,Midfielder,NOR,0.13,0.14
2210500,Sargent,Joshua Sargent,Forward,NOR,0.04,0.81
2210500,Williams (Brandon),Brandon Williams,Defender,NOR,0.01,0.00
2210500,Aarons,Maximillian Aarons,Defender,NOR,0.01,0.00
2210500,Sørensen,Jacob Sørensen,Defender,NOR,0.01,0.00
2210500,Placheta,Przemyslaw Placheta,Midfielder,NOR,0.00,0.00
2210500,Idah,Adam Idah,Forward,NOR,0.00,0.02
2210500,Cleverley,Tom Cleverley,Midfielder,WAT,0.07,0.03
2210500,Sissoko,Moussa Sissoko,Midfielder,WAT,0.04,0.49
2210500,Femenía,Francisco Femenía Far,Defender,WAT,0.01,0.00
2210500,Kucka,Juraj Kucka,Midfielder,WAT,0.00,0.00
2210500,King,Joshua King,Forward,WAT,0.15,0.04
2210500,Kabasele,Christian Kabasele,Defender,WAT,0.04,0.00
2210500,Bachmann,Daniel Bachmann,Goalkeeper,WAT,0.00,0.00
2210500,Sema,Ken Sema,Midfielder,WAT,0.01,0.00
2210500,Samir,Samir Caetano de Souza Santos,Defender,WAT,0.01,0.02
2210500,Kamara (Hassane),Hassane Kamara,Defender,WAT,0.01,0.00
2210500,Dennis (Emmanuel),Emmanuel Bonaventure Dennis,Forward,WAT,0.03,0.03
2210500,Cucho,Juan Camilo Hernández,Forward,WAT,0.03,0.25
2210500,Kayembe,Edo Kayembe,Midfielder,WAT,0.06,0.00
2210500,João Pedro,João Pedro Junqueira de Jesus,Forward,WAT,0.11,0.33
2210501,Young (Ashley),Ashley Young,Defender,AVL,0.00,0.00
2210501,Coutinho,Philippe Coutinho,Midfielder,AVL,0.18,0.16
2210501,Martinez,Emiliano Martinez,Goalkeeper,AVL,0.00,0.00
2210501,Chambers,Calum Chambers,Defender,AVL,0.00,0.00
2210501,Digne,Lucas Digne,Defender,AVL,0.07,0.10
2210501,McGinn,John McGinn,Midfielder,AVL,0.02,0.00
2210501,Mings,Tyrone Mings,Defender,AVL,0.14,0.52
2210501,Watkins,Ollie Watkins,Forward,AVL,0.02,0.15
2210501,Buendía,Emiliano Buendía,Midfielder,AVL,0.01,0.04
2210501,Cash,Matthew Cash,Defender,AVL,0.07,0.17
2210501,Konsa Ngoyo,Ezri Konsa Ngoyo,Defender,AVL,0.00,0.00
2210501,Douglas Luiz,Douglas Luiz Soares de Paulo,Midfielder,AVL,0.21,0.00
2210501,Ramsey (Jacob),Jacob Ramsey,Midfielder,AVL,0.01,0.88
2210501,Chukwuemeka (Carney),Carney Chukwuemeka,Midfielder,AVL,0.03,0.05
2210501,Ayling,Luke Ayling,Defender,LEE,0.01,0.01
2210501,Klich,Mateusz Klich,Midfielder,LEE,0.01,0.19
2210501,Forshaw,Adam Forshaw,Midfielder,LEE,0.00,0.00
2210501,Rodrigo,Rodrigo Moreno Machado,Midfielder,LEE,0.09,0.00
2210501,Dallas,Stuart Dallas,Defender,LEE,0.21,0.02
2210501,Diego Llorente,Diego Javier Llorente Ríos,Defender,LEE,0.01,0.27
2210501,Koch,Robin Koch,Defender,LEE,0.07,0.00
2210501,James (Daniel),Daniel James,Midfielder,LEE,0.00,1.02
2210501,Raphinha,Raphael Dias Belloli,Midfielder,LEE,0.08,0.04
2210501,Harrison,Jack Harrison,Midfielder,LEE,0.02,0.00
2210501,Struijk,Pascal Struijk,Defender,LEE,0.00,0.40
2210501,Meslier,Illan Meslier,Goalkeeper,LEE,0.00,0.00
2210502,Welbeck,Danny Welbeck,Forward,BHA,0.05,0.20
2210502,Groß,Pascal Groß,Midfielder,BHA,0.17,0.00
2210502,Burn,Dan Burn,Defender,BHA,0.01,0.00
2210502,March,Solomon March,Midfielder,BHA,0.04,0.00
2210502,Webster (Adam),Adam Webster,Defender,BHA,0.01,0.07
2210502,Veltman,Joël Veltman,Defender,BHA,0.01,0.00
2210502,Maupay,Neal Maupay,Forward,BHA,0.01,0.06
2210502,Trossard,Leandro Trossard,Midfielder,BHA,0.03,0.06
2210502,Cucurella,Marc Cucurella,Defender,BHA,0.10,0.00
2210502,Sanchez,Robert Sanchez,Goalkeeper,BHA,0.00,0.00
2210502,Lamptey,Tariq Lamptey,Defender,BHA,0.49,0.00
2210502,Alzate,Steven Alzate,Midfielder,BHA,0.05,0.00
2210502,Mac Allister,Alexis Mac Allister,Midfielder,BHA,0.11,0.21
2210502,Moder,Jakub Moder,Midfielder,BHA,0.03,0.12
2210502,Azpilicueta,César Azpilicueta,Defender,CHE,0.06,0.05
2210502,Thiago Silva,Thiago Emiliano da Silva,Defender,CHE,0.01,0.00
2210502,Lukaku,Romelu Lukaku,Forward,CHE,0.03,0.25
2210502,Alonso,Marcos Alonso,Defender,CHE,0.04,0.09
2210502,Jorginho,Jorge Luiz Frello Filho,Midfielder,CHE,0.05,0.04
2210502,Kovacic,Mateo Kovacic,Midfielder,CHE,0.03,0.02
2210502,Rüdiger,Antonio Rüdiger,Defender,CHE,0.21,0.00
2210502,Kepa,Kepa Arrizabalaga Revuelta,Goalkeeper,CHE,0.00,0.00
2210502,Kanté,N'Golo Kanté,Midfielder,CHE,0.07,0.04
2210502,Ziyech,Hakim Ziyech,Midfielder,CHE,0.02,0.04
2210502,Werner,Timo Werner,Forward,CHE,0.08,0.05
2210502,Mount,Mason Mount,Midfielder,CHE,0.05,0.00
2210502,Hudson-Odoi,Callum Hudson-Odoi,Midfielder,CHE,0.17,0.16
2210502,Havertz,Kai Havertz,Forward,CHE,0.00,0.00
2210503,Lennon,Aaron Lennon,Midfielder,BUR,0.00,0.00
2210503,Tarkowski,James Tarkowski,Defender,BUR,0.00,0.02
2210503,Pieters,Erik Pieters,Defender,BUR,0.03,0.03
2210503,Rodriguez,Jay Rodriguez,Forward,BUR,0.04,0.11
2210503,Barnes (Ashley),Ashley Barnes,Forward,BUR,0.00,0.00
2210503,Mee,Ben Mee,Defender,BUR,0.01,0.00
2210503,Westwood,Ashley Roy Westwood,Midfielder,BUR,0.06,0.00
2210503,Pope,Nick Pope,Goalkeeper,BUR,0.01,0.00
2210503,Weghorst,Wout Weghorst,Forward,BUR,0.03,0.16
2210503,Cornet,Maxwel Cornet,Midfielder,BUR,0.01,0.00
2210503,Brownhill,Josh Brownhill,Midfielder,BUR,0.01,0.00
2210503,Roberts (Connor),Connor Roberts,Defender,BUR,0.03,0.04
2210503,McNeil,Dwight McNeil,Midfielder,BUR,0.08,0.02
2210503,Cristiano Ronaldo,Cristiano Ronaldo dos Santos Aveiro,Forward,MUN,0.04,0.21
2210503,Cavani,Edinson Cavani,Forward,MUN,0.00,0.49
2210503,De Gea,David De Gea,Goalkeeper,MUN,0.00,0.00
2210503,Pogba,Paul Pogba,Midfielder,MUN,0.05,0.32
2210503,Varane,Raphael Varane,Defender,MUN,0.01,0.25
2210503,Maguire,Harry Maguire,Defender,MUN,0.01,0.02
2210503,Shaw,Luke Shaw,Defender,MUN,0.27,0.00
2210503,Lingard,Jesse Lingard,Midfielder,MUN,0.01,0.05
2210503,Bruno Fernandes,Bruno Miguel Borges Fernandes,Midfielder,MUN,0.27,0.18
2210503,Rashford,Marcus Rashford,Midfielder,MUN,0.47,0.14
2210503,McTominay,Scott McTominay,Midfielder,MUN,0.03,0.05
2210503,Sancho,Jadon Sancho,Midfielder,MUN,0.14,0.14
2210503,Dalot,José Diogo Dalot Teixeira,Defender,MUN,0.08,0.00
2210503,Elanga,Anthony Elanga,Midfielder,MUN,0.10,0.00
2210504,Guaita,Vicente Guaita,Goalkeeper,CRY,0.00,0.00
2210504,Ward (Joel),Joel Ward,Defender,CRY,0.01,0.00
2210504,Ayew,Jordan Ayew,Midfielder,CRY,0.00,0.00
2210504,Zaha,Wilfried Zaha,Midfielder,CRY,0.03,0.87
2210504,Schlupp,Jeffrey Schlupp,Midfielder,CRY,0.02,0.12
2210504,Hughes (Will),Will Hughes,Midfielder,CRY,0.02,0.05
2210504,Andersen,Joachim Andersen,Defender,CRY,0.02,0.00
2210504,Edouard,Odsonne Edouard,Forward,CRY,0.00,0.00
2210504,Marc Guehi,Addji Keaninkin Marc-Israel Guehi,Defender,CRY,0.16,0.00
2210504,Mateta,Jean-Philippe Mateta,Forward,CRY,0.01,0.03
2210504,Eze,Eberechi Eze,Midfielder,CRY,0.00,0.00
2210504,Gallagher,Conor Gallagher,Midfielder,CRY,0.15,0.21
2210504,Mitchell,Tyrick Mitchell,Defender,CRY,0.01,0.00
2210504,Olise,Michael Olise,Midfielder,CRY,0.18,0.00
2210504,Pukki,Teemu Pukki,Forward,NOR,0.00,0.22
2210504,Kenny McLean,Kenneth McLean,Midfielder,NOR,0.00,0.00
2210504,Gibson (Ben),Ben Gibson,Defender,NOR,0.00,0.00
2210504,Hanley,Grant Hanley,Defender,NOR,0.00,0.00
2210504,Gunn,Angus Gunn,Goalkeeper,NOR,0.00,0.00
2210504,Mathias Normann,Mathias Antonsen Normann,Midfielder,NOR,0.00,0.00
2210504,Lees-Melou,Pierre Lees-Melou,Midfielder,NOR,0.00,0.00
2210504,Rashica,Milot Rashica,Midfielder,NOR,0.17,0.02
2210504,Williams (Brandon),Brandon Williams,Defender,NOR,0.00,0.00
2210504,Aarons,Maximillian Aarons,Defender,NOR,0.00,0.00
2210504,Gilmour,Billy Gilmour,Midfielder,NOR,0.00,0.00
2210504,Placheta,Przemyslaw Placheta,Midfielder,NOR,0.00,0.00
2210504,Idah,Adam Idah,Forward,NOR,0.07,0.16
2210504,Rowe (Jonathan),Jonathan Rowe,Midfielder,NOR,0.00,0.00
2210505,Foster,Ben Foster,Goalkeeper,WAT,0.00,0.00
2210505,Cathcart,Craig Cathcart,Defender,WAT,0.09,0.00
2210505,Cleverley,Tom Cleverley,Midfielder,WAT,0.01,0.18
2210505,Sissoko,Moussa Sissoko,Midfielder,WAT,0.03,0.02
2210505,Femenía,Francisco Femenía Far,Defender,WAT,0.03,0.00
2210505,Kucka,Juraj Kucka,Midfielder,WAT,0.01,0.07
2210505,King,Joshua King,Forward,WAT,0.09,0.00
2210505,Samir,Samir Caetano de Souza Santos,Defender,WAT,0.00,0.00
2210505,Kamara (Hassane),Hassane Kamara,Defender,WAT,0.25,0.02
2210505,Dennis (Emmanuel),Emmanuel Bonaventure Dennis,Forward,WAT,0.06,0.04
2210505,Ngakia,Jeremy Ngakia,Defender,WAT,0.00,0.00
2210505,Kayembe,Edo Kayembe,Midfielder,WAT,0.01,0.00
2210505,Louza,Imran Louza,Midfielder,WAT,0.00,0.00
2210505,João Pedro,João Pedro Junqueira de Jesus,Forward,WAT,0.01,0.00
2210505,Fabianski,Lukasz Fabianski,Goalkeeper,WHU,0.00,0.00
2210505,Cresswell (Aaron),Aaron Cresswell,Defender,WHU,0.13,0.00
2210505,Antonio,Michail Antonio,Forward,WHU,0.01,0.00
2210505,Dawson,Craig Dawson,Defender,WHU,0.00,0.00
2210505,Lanzini,Manuel Lanzini,Midfielder,WHU,0.01,0.00
2210505,Zouma,Kurt Zouma,Defender,WHU,0.00,0.00
2210505,Coufal,Vladimir Coufal,Defender,WHU,0.11,0.09
2210505,Benrahma,Said Benrahma,Midfielder,WHU,0.00,0.30
2210505,Bowen,Jarrod Bowen,Midfielder,WHU,0.37,0.08
2210505,Rice,Declan Rice,Midfielder,WHU,0.01,0.00
2210505,Soucek,Tomas Soucek,Midfielder,WHU,0.06,0.36
2210505,Fornals,Pablo Fornals,Midfielder,WHU,0.02,0.00
2210506,Cedric,Cedric Ricardo Alves Soares,Defender,ARS,0.04,0.00
2210506,Lacazette,Alexandre Lacazette,Forward,ARS,0.02,0.94
2210506,Xhaka,Granit Xhaka,Midfielder,ARS,0.01,0.00
2210506,Holding,Rob Holding,Defender,ARS,0.00,0.00
2210506,Partey,Thomas Partey,Midfielder,ARS,0.01,0.08
2210506,Odegaard,Martin Odegaard,Midfielder,ARS,0.18,0.00
2210506,Tierney,Kieran Tierney,Defender,ARS,0.01,0.00
2210506,White (Ben),Ben White,Defender,ARS,0.29,0.21
2210506,Eddie Nketiah,Edward Nketiah,Forward,ARS,0.00,0.00
2210506,Smith-Rowe,Emile Smith-Rowe,Midfielder,ARS,0.00,0.00
2210506,Saka,Bukayo Saka,Midfielder,ARS,0.22,0.01
2210506,Ramsdale,Aaron Ramsdale,Goalkeeper,ARS,0.00,0.00
2210506,Gabriel Magalhães,Gabriel dos Santos Magalhães,Defender,ARS,0.15,0.83
2210506,Martinelli,Gabriel Teodoro Martinelli Silva,Midfielder,ARS,0.03,0.00
2210506,Coady,Conor Coady,Defender,WOL,0.00,0.00
2210506,Raúl Jiménez,Raul Alonso Jimenez Rodriguez,Forward,WOL,0.62,0.13
2210506,Saiss,Romain Saiss,Defender,WOL,0.01,0.05
2210506,Marçal,Fernando Marçal de Oliveira,Defender,WOL,0.00,0.04
2210506,José Sá,José Pedro Malheiro de Sá,Goalkeeper,WOL,0.00,0.00
2210506,Dendoncker (Leander),Leander Dendoncker,Midfielder,WOL,0.01,0.16
2210506,Ruben Neves,Rúben Diogo da Silva Neves,Midfielder,WOL,0.29,0.06
2210506,Semedo,Nelson Semedo,Defender,WOL,0.13,0.02
2210506,Podence,Daniel Podence,Midfielder,WOL,0.34,0.09
2210506,Kilman,Max Kilman,Defender,WOL,0.02,0.00
2210506,Trincão,Francisco António Machado Trincão,Midfielder,WOL,0.04,0.00
2210506,Ait Nouri,Rayan Ait Nouri,Defender,WOL,0.00,0.00
2210506,Fabio Silva,Fabio Daniel Soares Silva,Forward,WOL,0.01,0.09
2210506,Chiquinho,Francisco Jorge Tomás Oliveira,Midfielder,WOL,0.03,0.16
2210507,Schmeichel,Kasper Schmeichel,Goalkeeper,LEI,0.00,0.00
2210507,Albrighton,Marc Albrighton,Midfielder,LEI,0.01,0.00
2210507,Amartey,Daniel Amartey,Defender,LEI,0.00,0.00
2210507,Tielemans,Youri Tielemans,Midfielder,LEI,0.00,0.00
2210507,Maddison,James Maddison,Midfielder,LEI,0.07,0.37
2210507,Iheanacho,Kelechi Iheanacho,Forward,LEI,0.00,0.05
2210507,Barnes (Harvey),Harvey Barnes,Midfielder,LEI,0.02,0.00
2210507,Ndidi,Onyinye Wilfred Ndidi,Midfielder,LEI,0.00,0.00
2210507,Dewsbury-Hall,Kiernan Dewsbury-Hall,Midfielder,LEI,0.01,0.00
2210507,Lookman,Ademola Lookman,Midfielder,LEI,0.13,0.00
2210507,Justin,James Justin,Defender,LEI,0.36,0.00
2210507,Soumaré,Boubakary Soumaré,Midfielder,LEI,0.00,0.10
2210507,Thomas (Luke),Luke Thomas,Defender,LEI,0.01,0.00
2210507,Daka,Patson Daka,Forward,LEI,0.00,0.00
2210507,Matip,Joel Matip,Defender,LIV,0.42,0.04
2210507,Thiago Alcántara,Thiago Alcántara do Nascimento,Midfielder,LIV,0.07,0.04
2210507,Firmino,Roberto Firmino Barbosa de Oliveira,Forward,LIV,0.06,0.15
2210507,van Dijk,Virgil van Dijk,Defender,LIV,0.01,0.08
2210507,Alisson,Alisson Ramses Becker,Goalkeeper,LIV,0.00,0.00
2210507,Fabinho,Fabio Henrique Tavares,Midfielder,LIV,0.03,0.00
2210507,Salah,Mohamed Salah,Midfielder,LIV,0.05,0.47
2210507,Robertson,Andrew Robertson,Defender,LIV,0.10,0.00
2210507,Minamino,Takumi Minamino,Midfielder,LIV,0.00,0.00
2210507,Alexander-Arnold,Trent Alexander-Arnold,Defender,LIV,0.20,0.09
2210507,Diogo Jota,Diogo José Teixeira da Silva,Forward,LIV,0.20,0.68
2210507,Jones (Curtis),Curtis Jones,Midfielder,LIV,0.02,0.02
2210507,Díaz,Luis Díaz,Midfielder,LIV,0.11,0.23
2210507,Elliott,Harvey Elliott,Midfielder,LIV,0.05,0.00
2210508,Jansson,Pontus Jansson,Defender,BRE,0.00,0.00
2210508,Norgaard,Christian Norgaard,Midfielder,BRE,0.09,0.00
2210508,Raya Martin,David Raya Martin,Goalkeeper,BRE,0.01,0.00
2210508,Canos,Sergi Canos,Defender,BRE,0.00,0.00
2210508,Dasilva,Pelenda Joshua Dasilva,Midfielder,BRE,0.03,0.00
2210508,Ajer,Kristoffer Ajer,Defender,BRE,0.00,0.00
2210508,Henry,Rico Henry,Defender,BRE,0.01,0.16
2210508,Ghoddos,Saman Ghoddos,Midfielder,BRE,0.16,0.00
2210508,Jensen,Mathias Jensen,Midfielder,BRE,0.20,0.02
2210508,Wissa,Yoane Wissa,Midfielder,BRE,0.00,0.04
2210508,Roerslev,Mads Roerslev,Defender,BRE,0.09,0.00
2210508,Pinnock,Ethan Pinnock,Defender,BRE,0.00,0.00
2210508,Onyeka,Frank Onyeka,Midfielder,BRE,0.00,0.15
2210508,Mbeumo,Bryan Mbeumo,Forward,BRE,0.00,0.00
2210508,Gundogan,Ilkay Gundogan,Midfielder,MCI,0.01,0.00
2210508,De Bruyne,Kevin De Bruyne,Midfielder,MCI,0.19,0.09
2210508,Stones,John Stones,Defender,MCI,0.07,0.00
2210508,Mahrez,Riyad Mahrez,Midfielder,MCI,0.12,0.79
2210508,Sterling (Raheem),Raheem Sterling,Midfielder,MCI,0.05,0.61
2210508,Grealish,Jack Grealish,Midfielder,MCI,0.03,0.00
2210508,João Cancelo,João Pedro Cavaco Cancelo,Defender,MCI,0.08,0.30
2210508,Ederson,Ederson Santana de Moraes,Goalkeeper,MCI,0.00,0.00
2210508,Laporte,Aymeric Laporte,Defender,MCI,0.03,0.04
2210508,Bernardo Silva,Bernardo Mota Veiga de Carvalho e Silva,Midfielder,MCI,0.04,0.02
2210508,Rúben Dias,Rúben Santos Gato Alves Dias,Defender,MCI,0.05,0.00
2210508,Foden,Phil Foden,Midfielder,MCI,0.15,0.03
2210508,Rodri,Rodrigo Hernández Cascante,Midfielder,MCI,0.06,0.03
2210509,Coleman,Seamus Coleman,Defender,EVE,0.04,0.00
2210509,Townsend,Andros Townsend,Midfielder,EVE,0.01,0.08
2210509,Keane,Michael Keane,Defender,EVE,0.00,0.00
2210509,Alli,Bamidele Alli,Midfielder,EVE,0.01,0.06
2210509,Pickford,Jordan Pickford,Goalkeeper,EVE,0.00,0.00
2210509,Allan,Allan Marques Loureiro,Midfielder,EVE,0.01,0.00
2210509,André Gomes,André Filipe Tavares Gomes,Midfielder,EVE,0.00,0.00
2210509,Mina,Yerry Mina,Defender,EVE,0.00,0.09
2210509,Gray (Demarai),Demarai Gray,Midfielder,EVE,0.06,0.00
2210509,van de Beek,Donny van de Beek,Midfielder,EVE,0.01,0.03
2210509,Holgate,Mason Holgate,Defender,EVE,0.00,0.25
2210509,Richarlison,Richarlison de Andrade,Forward,EVE,0.01,0.13
2210509,Gordon (Anthony),Anthony Gordon,Midfielder,EVE,0.02,0.07
2210509,Branthwaite,Jarrad Branthwaite,Defender,EVE,0.00,0.06
2210509,Shelvey,Jonjo Shelvey,Midfielder,NEW,0.01,0.07
2210509,Wood,Chris Wood,Forward,NEW,0.00,0.33
2210509,Dubravka,Martin Dubravka,Goalkeeper,NEW,0.00,0.00
2210509,Trippier,Kieran Trippier,Defender,NEW,0.11,0.07
2210509,Fraser,Ryan Fraser,Midfielder,NEW,0.02,0.47
2210509,Lascelles,Jamaal Lascelles,Defender,NEW,0.00,0.05
2210509,Manquillo,Javier Manquillo,Defender,NEW,0.00,0.00
2210509,Murphy (Jacob),Jacob Murphy,Midfielder,NEW,0.00,0.16
2210509,Schär,Fabian Schär,Defender,NEW,0.00,0.08
2210509,Targett,Matt Targett,Defender,NEW,0.05,0.00
2210509,Saint-Maximin,Allan Saint-Maximin,Midfielder,NEW,0.13,0.32
2210509,Joelinton,Joelinton Cássio Apolinário de Lira,Midfielder,NEW,0.01,0.12
2210509,Willock,Joseph Willock,Midfielder,NEW,0.00,0.32
2210509,Bruno Guimarães,Bruno Guimarães Rodriguez Moura,Midfielder,NEW,0.00,0.00
2210510,Long (Shane),Shane Long,Forward,SOU,0.01,0.00
2210510,Walcott,Theo Walcott,Midfielder,SOU,0.00,0.00
2210510,Forster,Fraser Forster,Goalkeeper,SOU,0.00,0.00
2210510,Romeu,Oriol Romeu,Midfielder,SOU,0.04,0.12
2210510,Armstrong (Stuart),Stuart Armstrong,Midfielder,SOU,0.06,0.25
2210510,Elyounoussi,Mohammed Elyounoussi,Midfielder,SOU,0.69,0.17
2210510,Ward-Prowse,James Ward-Prowse,Midfielder,SOU,0.37,0.05
2210510,Walker-Peters,Kyle Walker-Peters,Defender,SOU,0.20,0.00
2210510,Bednarek,Jan Bednarek,Defender,SOU,0.00,0.02
2210510,Adams,Che Adams,Forward,SOU,0.02,0.55
2210510,Diallo,Ibrahima Diallo,Midfielder,SOU,0.00,0.00
2210510,Perraud,Romain Perraud,Defender,SOU,0.13,0.01
2210510,Broja,Armando Broja,Forward,SOU,0.01,0.80
2210510,Salisu,Mohammed Salisu,Defender,SOU,0.01,0.29
2210510,Lloris,Hugo Lloris,Goalkeeper,TOT,0.00,0.00
2210510,Kane,Harry Kane,Forward,TOT,0.36,0.17
2210510,Son,Heung-Min Son,Midfielder,TOT,0.02,0.44
2210510,Lucas Moura,Lucas Rodrigues Moura da Silva,Midfielder,TOT,0.26,0.06
2210510,Davies (Ben),Ben Davies,Defender,TOT,0.00,0.04
2210510,Højbjerg,Pierre-Emile Højbjerg,Midfielder,TOT,0.01,0.00
2210510,Winks,Harry Winks,Midfielder,TOT,0.09,0.00
2210510,Sánchez (Davinson),Davinson Sánchez,Defender,TOT,0.02,0.00
2210510,Bergwijn,Steven Bergwijn,Midfielder,TOT,0.00,0.00
2210510,Reguilón,Sergio Reguilón,Defender,TOT,0.56,0.48
2210510,Bentancur,Rodrigo Bentancur,Midfielder,TOT,0.01,0.05
2210510,Romero (Cristian),Cristian Romero,Defender,TOT,0.00,0.00
2210510,Emerson Royal,Emerson Aparecido Leite de Souza Junior,Defender,TOT,0.01,0.00
2210510,Kulusevski,Dejan Kulusevski,Midfielder,TOT,0.02,0.00
2210511,Jansson,Pontus Jansson,Defender,BRE,0.00,0.11
2210511,Norgaard,Christian Norgaard,Midfielder,BRE,0.02,0.01
2210511,Raya Martin,David Raya Martin,Goalkeeper,BRE,0.00,0.00
2210511,Canos,Sergi Canos,Defender,BRE,0.21,0.32
2210511,Dasilva,Pelenda Joshua Dasilva,Midfielder,BRE,0.01,0.00
2210511,Ajer,Kristoffer Ajer,Defender,BRE,0.07,0.00
2210511,Henry,Rico Henry,Defender,BRE,0.08,0.05
2210511,Janelt,Vitaly Janelt,Midfielder,BRE,0.00,0.05
2210511,Ghoddos,Saman Ghoddos,Midfielder,BRE,0.00,0.00
2210511,Jensen,Mathias Jensen,Midfielder,BRE,0.69,0.00
2210511,Wissa,Yoane Wissa,Midfielder,BRE,0.00,0.88
2210511,Pinnock,Ethan Pinnock,Defender,BRE,0.02,0.00
2210511,Baptiste (Shandon),Shandon Baptiste,Midfielder,BRE,0.00,0.00
2210511,Mbeumo,Bryan Mbeumo,Forward,BRE,0.48,0.17
2210511,Guaita,Vicente Guaita,Goalkeeper,CRY,0.00,0.00
2210511,McArthur,James McArthur,Midfielder,CRY,0.01,0.02
2210511,Ward (Joel),Joel Ward,Defender,CRY,0.02,0.00
2210511,Ayew,Jordan Ayew,Midfielder,CRY,0.02,0.11
2210511,Zaha,Wilfried Zaha,Midfielder,CRY,0.08,0.05
2210511,Schlupp,Jeffrey Schlupp,Midfielder,CRY,0.03,0.02
2210511,Hughes (Will),Will Hughes,Midfielder,CRY,0.02,0.00
2210511,Andersen,Joachim Andersen,Defender,CRY,0.05,0.06
2210511,Edouard,Odsonne Edouard,Forward,CRY,0.03,0.00
2210511,Marc Guehi,Addji Keaninkin Marc-Israel Guehi,Defender,CRY,0.01,0.00
2210511,Mateta,Jean-Philippe Mateta,Forward,CRY,0.00,0.00
2210511,Gallagher,Conor Gallagher,Midfielder,CRY,0.06,0.00
2210511,Mitchell,Tyrick Mitchell,Defender,CRY,0.02,0.00
2210511,Olise,Michael Olise,Midfielder,CRY,0.03,0.00
2210512,Lennon,Aaron Lennon,Midfielder,BUR,0.03,0.00
2210512,Tarkowski,James Tarkowski,Defender,BUR,0.00,0.00
2210512,Pieters,Erik Pieters,Defender,BUR,0.00,0.00
2210512,Rodriguez,Jay Rodriguez,Forward,BUR,0.02,0.62
2210512,Barnes (Ashley),Ashley Barnes,Forward,BUR,0.00,0.00
2210512,Mee,Ben Mee,Defender,BUR,0.00,0.08
2210512,Westwood,Ashley Roy Westwood,Midfielder,BUR,0.00,0.00
2210512,Pope,Nick Pope,Goalkeeper,BUR,0.00,0.00
2210512,Weghorst,Wout Weghorst,Forward,BUR,0.01,0.66
2210512,Cornet,Maxwel Cornet,Midfielder,BUR,0.06,0.14
2210512,Brownhill,Josh Brownhill,Midfielder,BUR,0.00,0.05
2210512,Roberts (Connor),Connor Roberts,Defender,BUR,0.21,0.00
2210512,McNeil,Dwight McNeil,Midfielder,BUR,0.00,0.00
2210512,Milner,James Milner,Midfielder,LIV,0.00,0.00
2210512,Henderson (Jordan),Jordan Henderson,Midfielder,LIV,0.01,0.00
2210512,Matip,Joel Matip,Defender,LIV,0.01,0.00
2210512,Thiago Alcántara,Thiago Alcántara do Nascimento,Midfielder,LIV,0.02,0.00
2210512,Firmino,Roberto Firmino Barbosa de Oliveira,Forward,LIV,0.03,0.01
2210512,van Dijk,Virgil van Dijk,Defender,LIV,0.02,0.00
2210512,Mane,Sadio Mane,Midfielder,LIV,0.04,0.58
2210512,Alisson,Alisson Ramses Becker,Goalkeeper,LIV,0.00,0.00
2210512,Fabinho,Fabio Henrique Tavares,Midfielder,LIV,0.04,0.89
2210512,Salah,Mohamed Salah,Midfielder,LIV,0.04,0.14
2210512,Robertson,Andrew Robertson,Defender,LIV,0.09,0.02
2210512,Alexander-Arnold,Trent Alexander-Arnold,Defender,LIV,0.16,0.02
2210512,Keita,Naby Keita,Midfielder,LIV,0.02,0.08
2210512,Diogo Jota,Diogo José Teixeira da Silva,Forward,LIV,0.01,0.20
2210513,Cedric,Cedric Ricardo Alves Soares,Defender,ARS,0.06,0.00
2210513,Lacazette,Alexandre Lacazette,Forward,ARS,0.00,0.00
2210513,Xhaka,Granit Xhaka,Midfielder,ARS,0.10,0.06
2210513,Elneny,Mohamed Elneny,Midfielder,ARS,0.02,0.02
2210513,Holding,Rob Holding,Defender,ARS,0.00,0.00
2210513,Odegaard,Martin Odegaard,Midfielder,ARS,0.12,0.00
2210513,White (Ben),Ben White,Defender,ARS,0.00,0.00
2210513,Eddie Nketiah,Edward Nketiah,Forward,ARS,0.01,0.75
2210513,Smith-Rowe,Emile Smith-Rowe,Midfielder,ARS,0.02,0.22
2210513,Saka,Bukayo Saka,Midfielder,ARS,0.08,0.88
2210513,Ramsdale,Aaron Ramsdale,Goalkeeper,ARS,0.00,0.00
2210513,Gabriel Magalhães,Gabriel dos Santos Magalhães,Defender,ARS,0.00,0.00
2210513,Nuno Tavares,Nuno Tavares,Defender,ARS,0.01,0.10
2210513,Martinelli,Gabriel Teodoro Martinelli Silva,Midfielder,ARS,0.00,0.00
2210513,Azpilicueta,César Azpilicueta,Defender,CHE,0.04,0.13
2210513,Thiago Silva,Thiago Emiliano da Silva,Defender,CHE,0.01,0.00
2210513,Lukaku,Romelu Lukaku,Forward,CHE,0.08,0.02
2210513,Alonso,Marcos Alonso,Defender,CHE,0.08,0.39
2210513,Kanté,N'Golo Kanté,Midfielder,CHE,0.05,0.00
2210513,Ziyech,Hakim Ziyech,Midfielder,CHE,0.00,0.00
2210513,Loftus-Cheek,Ruben Loftus-Cheek,Midfielder,CHE,0.23,0.00
2210513,Christensen,Andreas Christensen,Defender,CHE,0.00,0.00
2210513,Werner,Timo Werner,Forward,CHE,0.05,0.09
2210513,Mount,Mason Mount,Midfielder,CHE,0.35,0.05
2210513,Sarr (Malang),Malang Sarr,Defender,CHE,0.02,0.00
2210513,Havertz,Kai Havertz,Forward,CHE,0.03,0.00
2210513,James (Reece),Reece James,Defender,CHE,0.02,0.00
2210513,Mendy (Edouard),Edouard Mendy,Goalkeeper,CHE,0.00,0.00
2210514,Rondón,Salomón Rondón,Forward,EVE,0.01,0.23
2210514,Coleman,Seamus Coleman,Defender,EVE,0.02,0.88
2210514,Keane,Michael Keane,Defender,EVE,0.00,0.13
2210514,Alli,Bamidele Alli,Midfielder,EVE,0.19,0.05
2210514,Pickford,Jordan Pickford,Goalkeeper,EVE,0.00,0.00
2210514,Allan,Allan Marques Loureiro,Midfielder,EVE,0.03,0.07
2210514,Iwobi,Alex Iwobi,Midfielder,EVE,0.05,0.46
2210514,Kenny,Jonjoe Kenny,Defender,EVE,0.02,0.02
2210514,Calvert-Lewin,Dominic Calvert-Lewin,Forward,EVE,0.13,0.11
2210514,van de Beek,Donny van de Beek,Midfielder,EVE,0.04,0.00
2210514,El Ghazi,Anwar El Ghazi,Midfielder,EVE,0.00,0.00
2210514,Holgate,Mason Holgate,Defender,EVE,0.00,0.00
2210514,Richarlison,Richarlison de Andrade,Forward,EVE,0.06,0.25
2210514,Gordon (Anthony),Anthony Gordon,Midfielder,EVE,0.35,0.55
2210514,Ayling,Luke Ayling,Defender,LEE,0.01,0.00
2210514,Klich,Mateusz Klich,Midfielder,LEE,0.01,0.00
2210514,Forshaw,Adam Forshaw,Midfielder,LEE,0.01,0.00
2210514,Rodrigo,Rodrigo Moreno Machado,Midfielder,LEE,0.05,0.13
2210514,Dallas,Stuart Dallas,Defender,LEE,0.00,0.00
2210514,Diego Llorente,Diego Javier Llorente Ríos,Defender,LEE,0.00,0.00
2210514,Roberts (Tyler),Tyler Roberts,Midfielder,LEE,0.02,0.00
2210514,Koch,Robin Koch,Defender,LEE,0.01,0.04
2210514,James (Daniel),Daniel James,Midfielder,LEE,0.00,0.08
2210514,Raphinha,Raphael Dias Belloli,Midfielder,LEE,0.02,0.00
2210514,Harrison,Jack Harrison,Midfielder,LEE,0.03,0.02
2210514,Struijk,Pascal Struijk,Defender,LEE,0.01,0.00
2210514,Meslier,Illan Meslier,Goalkeeper,LEE,0.00,0.00
2210514,Hjelde,Leo Fuhr Hjelde,Defender,LEE,0.01,0.00
2210515,Schmeichel,Kasper Schmeichel,Goalkeeper,LEI,0.00,0.00
2210515,Vestergaard,Jannik Vestergaard,Defender,LEI,0.00,0.00
2210515,Ricardo Pereira,Ricardo Domingos Barbosa Pereira,Defender,LEI,0.02,0.20
2210515,Amartey,Daniel Amartey,Defender,LEI,0.00,0.00
2210515,Tielemans,Youri Tielemans,Midfielder,LEI,0.03,0.84
2210515,Maddison,James Maddison,Midfielder,LEI,0.01,0.11
2210515,Barnes (Harvey),Harvey Barnes,Midfielder,LEI,0.44,0.11
2210515,Ndidi,Onyinye Wilfred Ndidi,Midfielder,LEI,0.01,0.03
2210515,Dewsbury-Hall,Kiernan Dewsbury-Hall,Midfielder,LEI,0.12,0.02
2210515,Söyüncü,Caglar Söyüncü,Defender,LEI,0.01,0.00
2210515,Lookman,Ademola Lookman,Midfielder,LEI,0.00,0.07
2210515,Justin,James Justin,Defender,LEI,0.01,0.00
2210515,Thomas (Luke),Luke Thomas,Defender,LEI,0.00,0.00
2210515,Daka,Patson Daka,Forward,LEI,0.01,0.00
2210515,Fabianski,Lukasz Fabianski,Goalkeeper,WHU,0.00,0.00
2210515,Cresswell (Aaron),Aaron Cresswell,Defender,WHU,0.01,0.15
2210515,Antonio,Michail Antonio,Forward,WHU,0.04,0.00
2210515,Dawson,Craig Dawson,Defender,WHU,0.00,0.32
2210515,Fredericks,Ryan Fredericks,Defender,WHU,0.00,0.00
2210515,Lanzini,Manuel Lanzini,Midfielder,WHU,0.03,0.00
2210515,Coufal,Vladimir Coufal,Defender,WHU,0.01,0.00
2210515,Benrahma,Said Benrahma,Midfielder,WHU,0.00,0.08
2210515,Bowen,Jarrod Bowen,Midfielder,WHU,0.23,0.54
2210515,Vlasic,Nikola Vlasic,Midfielder,WHU,0.00,0.00
2210515,Rice,Declan Rice,Midfielder,WHU,0.06,0.00
2210515,Soucek,Tomas Soucek,Midfielder,WHU,0.01,0.00
2210515,Fornals,Pablo Fornals,Midfielder,WHU,0.07,0.00
2210515,Diop,Issa Diop,Defender,WHU,0.19,0.00
2210516,Cristiano Ronaldo,Cristiano Ronaldo dos Santos Aveiro,Forward,MUN,0.01,0.73
2210516,De Gea,David De Gea,Goalkeeper,MUN,0.00,0.00
2210516,Pogba,Paul Pogba,Midfielder,MUN,0.05,0.27
2210516,Varane,Raphael Varane,Defender,MUN,0.00,0.00
2210516,Maguire,Harry Maguire,Defender,MUN,0.00,0.31
2210516,Shaw,Luke Shaw,Defender,MUN,0.43,0.00
2210516,Lingard,Jesse Lingard,Midfielder,MUN,0.01,0.00
2210516,Bruno Fernandes,Bruno Miguel Borges Fernandes,Midfielder,MUN,0.19,0.00
2210516,Rashford,Marcus Rashford,Midfielder,MUN,0.44,0.03
2210516,McTominay,Scott McTominay,Midfielder,MUN,0.01,0.05
2210516,Sancho,Jadon Sancho,Midfielder,MUN,0.24,0.71
2210516,Dalot,José Diogo Dalot Teixeira,Defender,MUN,0.04,0.05
2210516,Elanga,Anthony Elanga,Midfielder,MUN,0.01,0.00
2210516,Forster,Fraser Forster,Goalkeeper,SOU,0.00,0.00
2210516,Romeu,Oriol Romeu,Midfielder,SOU,0.03,0.02
2210516,Stephens (Jack),Jack Stephens,Defender,SOU,0.00,0.00
2210516,Armstrong (Stuart),Stuart Armstrong,Midfielder,SOU,0.02,0.48
2210516,Elyounoussi,Mohammed Elyounoussi,Midfielder,SOU,0.25,0.00
2210516,Ward-Prowse,James Ward-Prowse,Midfielder,SOU,0.02,0.13
2210516,Walker-Peters,Kyle Walker-Peters,Defender,SOU,0.67,0.06
2210516,Bednarek,Jan Bednarek,Defender,SOU,0.00,0.00
2210516,Adams,Che Adams,Forward,SOU,0.00,0.17
2210516,Diallo,Ibrahima Diallo,Midfielder,SOU,0.00,0.00
2210516,Perraud,Romain Perraud,Defender,SOU,0.01,0.07
2210516,Broja,Armando Broja,Forward,SOU,0.02,0.14
2210516,Livramento,Valentino Livramento,Defender,SOU,0.00,0.00
2210516,Salisu,Mohammed Salisu,Defender,SOU,0.01,0.00
2210517,Coutinho,Philippe Coutinho,Midfielder,AVL,0.03,0.15
2210517,Ings,Danny Ings,Forward,AVL,0.00,0.06
2210517,Martinez,Emiliano Martinez,Goalkeeper,AVL,0.00,0.00
2210517,Chambers,Calum Chambers,Defender,AVL,0.01,0.00
2210517,Digne,Lucas Digne,Defender,AVL,0.16,0.00
2210517,McGinn,John McGinn,Midfielder,AVL,0.10,0.02
2210517,Mings,Tyrone Mings,Defender,AVL,0.00,0.11
2210517,Watkins,Ollie Watkins,Forward,AVL,0.01,0.04
2210517,Buendía,Emiliano Buendía,Midfielder,AVL,0.04,0.05
2210517,Cash,Matthew Cash,Defender,AVL,0.08,0.10
2210517,Bailey,Leon Bailey,Midfielder,AVL,0.00,0.00
2210517,Douglas Luiz,Douglas Luiz Soares de Paulo,Midfielder,AVL,0.02,0.04
2210517,Ramsey (Jacob),Jacob Ramsey,Midfielder,AVL,0.02,0.00
2210517,Chukwuemeka (Carney),Carney Chukwuemeka,Midfielder,AVL,0.01,0.00
2210517,Shelvey,Jonjo Shelvey,Midfielder,NEW,0.04,0.02
2210517,Wood,Chris Wood,Forward,NEW,0.01,0.06
2210517,Dubravka,Martin Dubravka,Goalkeeper,NEW,0.00,0.00
2210517,Trippier,Kieran Trippier,Defender,NEW,0.01,0.16
2210517,Burn,Dan Burn,Defender,NEW,0.00,0.01
2210517,Fraser,Ryan Fraser,Midfielder,NEW,0.16,0.00
2210517,Dummett,Paul Dummett,Defender,NEW,0.00,0.00
2210517,Manquillo,Javier Manquillo,Defender,NEW,0.00,0.00
2210517,Krafth,Emil Krafth,Defender,NEW,0.00,0.00
2210517,Schär,Fabian Schär,Defender,NEW,0.01,0.00
2210517,Saint-Maximin,Allan Saint-Maximin,Midfielder,NEW,0.02,0.06
2210517,Joelinton,Joelinton Cássio Apolinário de Lira,Midfielder,NEW,0.03,0.00
2210517,Willock,Joseph Willock,Midfielder,NEW,0.01,0.22
2210517,Bruno Guimarães,Bruno Guimarães Rodriguez Moura,Midfielder,NEW,0.00,0.00
2210518,Fernandinho,Fernando Luiz Rosa,Midfielder,MCI,0.10,0.63
2210518,Walker (Kyle),Kyle Walker,Defender,MCI,0.08,0.08
2210518,Gundogan,Ilkay Gundogan,Midfielder,MCI,0.59,0.72
2210518,Mahrez,Riyad Mahrez,Midfielder,MCI,0.06,0.14
2210518,Sterling (Raheem),Raheem Sterling,Midfielder,MCI,0.06,1.94
2210518,Ederson,Ederson Santana de Moraes,Goalkeeper,MCI,0.00,0.00
2210518,Aké,Nathan Aké,Defender,MCI,0.29,0.26
2210518,Bernardo Silva,Bernardo Mota Veiga de Carvalho e Silva,Midfielder,MCI,0.08,0.15
2210518,Rúben Dias,Rúben Santos Gato Alves Dias,Defender,MCI,0.33,0.08
2210518,Zinchenko,Oleksandr Zinchenko,Defender,MCI,0.29,0.00
2210518,Foden,Phil Foden,Midfielder,MCI,0.23,0.75
2210518,Mcatee,James Mcatee,Midfielder,MCI,0.00,0.00
2210518,Delap,Liam Delap,Forward,MCI,0.00,0.00
2210518,Kayky,Kayky da Silva Chagas,Forward,MCI,0.00,0.00
2210518,Pukki,Teemu Pukki,Forward,NOR,0.05,0.07
2210518,Kenny McLean,Kenneth McLean,Midfielder,NOR,0.02,0.07
2210518,Gibson (Ben),Ben Gibson,Defender,NOR,0.00,0.03
2210518,Hanley,Grant Hanley,Defender,NOR,0.00,0.03
2210518,Gunn,Angus Gunn,Goalkeeper,NOR,0.00,0.00
2210518,Byram,Sam Byram,Defender,NOR,0.00,0.00
2210518,Dowell,Kieran Dowell,Midfielder,NOR,0.00,0.00
2210518,Mathias Normann,Mathias Antonsen Normann,Midfielder,NOR,0.00,0.00
2210518,Lees-Melou,Pierre Lees-Melou,Midfielder,NOR,0.06,0.00
2210518,Rashica,Milot Rashica,Midfielder,NOR,0.02,0.08
2210518,Sargent,Joshua Sargent,Forward,NOR,0.02,0.07
2210518,Williams (Brandon),Brandon Williams,Defender,NOR,0.02,0.00
2210518,Aarons,Maximillian Aarons,Defender,NOR,0.00,0.06
2210518,Gilmour,Billy Gilmour,Midfielder,NOR,0.17,0.00
2210519,Lloris,Hugo Lloris,Goalkeeper,TOT,0.00,0.00
2210519,Kane,Harry Kane,Forward,TOT,0.02,0.67
2210519,Son,Heung-Min Son,Midfielder,TOT,0.38,0.24
2210519,Doherty,Matt Doherty,Defender,TOT,0.11,0.00
2210519,Lucas Moura,Lucas Rodrigues Moura da Silva,Midfielder,TOT,0.10,0.06
2210519,Davies (Ben),Ben Davies,Defender,TOT,0.03,0.00
2210519,Winks,Harry Winks,Midfielder,TOT,0.06,0.02
2210519,Sánchez (Davinson),Davinson Sánchez,Defender,TOT,0.00,0.00
2210519,Sessegnon (Ryan),Kouassi Ryan Sessegnon,Defender,TOT,0.00,0.00
2210519,Bergwijn,Steven Bergwijn,Midfielder,TOT,0.01,0.00
2210519,Bentancur,Rodrigo Bentancur,Midfielder,TOT,0.18,0.02
2210519,Romero (Cristian),Cristian Romero,Defender,TOT,0.02,0.08
2210519,Emerson Royal,Emerson Aparecido Leite de Souza Junior,Defender,TOT,0.28,0.00
2210519,Kulusevski,Dejan Kulusevski,Midfielder,TOT,0.07,0.10
2210519,Coady,Conor Coady,Defender,WOL,0.00,0.00
2210519,Raúl Jiménez,Raul Alonso Jimenez Rodriguez,Forward,WOL,0.01,0.37
2210519,Saiss,Romain Saiss,Defender,WOL,0.00,0.00
2210519,José Sá,José Pedro Malheiro de Sá,Goalkeeper,WOL,0.00,0.00
2210519,Dendoncker (Leander),Leander Dendoncker,Midfielder,WOL,0.02,0.54
2210519,Ruben Neves,Rúben Diogo da Silva Neves,Midfielder,WOL,0.02,0.06
2210519,Hwang Hee-Chan,Hee-Chan Hwang,Midfielder,WOL,0.00,0.00
2210519,Semedo,Nelson Semedo,Defender,WOL,0.19,0.00
2210519,Podence,Daniel Podence,Midfielder,WOL,0.00,0.33
2210519,Kilman,Max Kilman,Defender,WOL,0.01,0.00
2210519,Trincão,Francisco António Machado Trincão,Midfielder,WOL,0.00,0.00
2210519,Cundle,Luke Cundle,Midfielder,WOL,0.21,0.00
2210519,Ait Nouri,Rayan Ait Nouri,Defender,WOL,0.02,0.04
2210519,Fabio Silva,Fabio Daniel Soares Silva,Forward,WOL,0.00,0.00
2210520,Lallana,Adam Lallana,Midfielder,BHA,0.04,0.00
2210520,Welbeck,Danny Welbeck,Forward,BHA,0.01,0.00
2210520,Groß,Pascal Groß,Midfielder,BHA,0.11,0.14
2210520,Duffy,Shane Duffy,Defender,BHA,0.00,0.00
2210520,Dunk,Lewis Dunk,Defender,BHA,0.00,0.14
2210520,Webster (Adam),Adam Webster,Defender,BHA,0.01,0.65
2210520,Veltman,Joël Veltman,Defender,BHA,0.08,0.00
2210520,Maupay,Neal Maupay,Forward,BHA,0.05,0.38
2210520,Cucurella,Marc Cucurella,Defender,BHA,0.15,0.05
2210520,Sanchez,Robert Sanchez,Goalkeeper,BHA,0.00,0.00
2210520,Bissouma,Yves Bissouma,Midfielder,BHA,0.01,0.00
2210520,Lamptey,Tariq Lamptey,Defender,BHA,0.04,0.00
2210520,Mac Allister,Alexis Mac Allister,Midfielder,BHA,0.10,0.00
2210520,Moder,Jakub Moder,Midfielder,BHA,0.13,0.34
2210520,Foster,Ben Foster,Goalkeeper,WAT,0.00,0.00
2210520,Cathcart,Craig Cathcart,Defender,WAT,0.00,0.09
2210520,Cleverley,Tom Cleverley,Midfielder,WAT,0.02,0.00
2210520,Sissoko,Moussa Sissoko,Midfielder,WAT,0.03,0.00
2210520,Femenía,Francisco Femenía Far,Defender,WAT,0.07,0.00
2210520,Kucka,Juraj Kucka,Midfielder,WAT,0.02,0.00
2210520,King,Joshua King,Forward,WAT,0.04,0.05
2210520,Samir,Samir Caetano de Souza Santos,Defender,WAT,0.00,0.00
2210520,Kamara (Hassane),Hassane Kamara,Defender,WAT,0.00,0.00
2210520,Dennis (Emmanuel),Emmanuel Bonaventure Dennis,Forward,WAT,0.03,0.16
2210520,Ismaila Sarr,Ismaila Sarr,Midfielder,WAT,0.04,0.15
2210520,Kayembe,Edo Kayembe,Midfielder,WAT,0.00,0.00
2210520,Louza,Imran Louza,Midfielder,WAT,0.07,0.09
2210520,João Pedro,João Pedro Junqueira de Jesus,Forward,WAT,0.00,0.00
2210521,Cedric,Cedric Ricardo Alves Soares,Defender,ARS,0.11,0.03
2210521,Lacazette,Alexandre Lacazette,Forward,ARS,0.02,0.20
2210521,Xhaka,Granit Xhaka,Midfielder,ARS,0.07,0.00
2210521,Partey,Thomas Partey,Midfielder,ARS,0.05,0.17
2210521,Odegaard,Martin Odegaard,Midfielder,ARS,0.16,0.57
2210521,Tierney,Kieran Tierney,Defender,ARS,0.02,0.04
2210521,Pepe,Nicolas Pepe,Midfielder,ARS,0.01,0.22
2210521,White (Ben),Ben White,Defender,ARS,0.01,0.12
2210521,Eddie Nketiah,Edward Nketiah,Forward,ARS,0.00,0.00
2210521,Smith-Rowe,Emile Smith-Rowe,Midfielder,ARS,0.08,0.15
2210521,Saka,Bukayo Saka,Midfielder,ARS,0.12,0.30
2210521,Ramsdale,Aaron Ramsdale,Goalkeeper,ARS,0.01,0.00
2210521,Gabriel Magalhães,Gabriel dos Santos Magalhães,Defender,ARS,0.01,0.00
2210521,Jansson,Pontus Jansson,Defender,BRE,0.00,0.00
2210521,Norgaard,Christian Norgaard,Midfielder,BRE,0.01,0.48
2210521,Raya Martin,David Raya Martin,Goalkeeper,BRE,0.00,0.00
2210521,Canos,Sergi Canos,Defender,BRE,0.01,0.00
2210521,Dasilva,Pelenda Joshua Dasilva,Midfielder,BRE,0.01,0.00
2210521,Ajer,Kristoffer Ajer,Defender,BRE,0.00,0.00
2210521,Henry,Rico Henry,Defender,BRE,0.00,0.00
2210521,Janelt,Vitaly Janelt,Midfielder,BRE,0.19,0.06
2210521,Ghoddos,Saman Ghoddos,Midfielder,BRE,0.00,0.00
2210521,Jensen,Mathias Jensen,Midfielder,BRE,0.01,0.00
2210521,Wissa,Yoane Wissa,Midfielder,BRE,0.01,0.06
2210521,Pinnock,Ethan Pinnock,Defender,BRE,0.00,0.00
2210521,Baptiste (Shandon),Shandon Baptiste,Midfielder,BRE,0.03,0.00
2210521,Mbeumo,Bryan Mbeumo,Forward,BRE,0.01,0.07
2210522,Young (Ashley),Ashley Young,Defender,AVL,0.06,0.00
2210522,Coutinho,Philippe Coutinho,Midfielder,AVL,0.02,0.22
2210522,Ings,Danny Ings,Forward,AVL,0.04,0.68
2210522,Martinez,Emiliano Martinez,Goalkeeper,AVL,0.00,0.00
2210522,Chambers,Calum Chambers,Defender,AVL,0.02,0.00
2210522,Digne,Lucas Digne,Defender,AVL,0.09,0.13
2210522,McGinn,John McGinn,Midfielder,AVL,0.15,0.05
2210522,Mings,Tyrone Mings,Defender,AVL,0.02,0.00
2210522,Watkins,Ollie Watkins,Forward,AVL,0.05,0.06
2210522,Buendía,Emiliano Buendía,Midfielder,AVL,0.48,0.07
2210522,Cash,Matthew Cash,Defender,AVL,0.03,0.00
2210522,Bailey,Leon Bailey,Midfielder,AVL,0.01,0.00
2210522,Douglas Luiz,Douglas Luiz Soares de Paulo,Midfielder,AVL,0.01,0.03
2210522,Ramsey (Jacob),Jacob Ramsey,Midfielder,AVL,0.07,0.11
2210522,Foster,Ben Foster,Goalkeeper,WAT,0.00,0.00
2210522,Cathcart,Craig Cathcart,Defender,WAT,0.00,0.00
2210522,Cleverley,Tom Cleverley,Midfielder,WAT,0.01,0.09
2210522,Sissoko,Moussa Sissoko,Midfielder,WAT,0.01,0.10
2210522,Femenía,Francisco Femenía Far,Defender,WAT,0.01,0.00
2210522,King,Joshua King,Forward,WAT,0.12,0.39
2210522,Kabasele,Christian Kabasele,Defender,WAT,0.00,0.00
2210522,Sema,Ken Sema,Midfielder,WAT,0.00,0.00
2210522,Samir,Samir Caetano de Souza Santos,Defender,WAT,0.00,0.00
2210522,Kamara (Hassane),Hassane Kamara,Defender,WAT,0.01,0.00
2210522,Dennis (Emmanuel),Emmanuel Bonaventure Dennis,Forward,WAT,0.06,0.60
2210522,Ismaila Sarr,Ismaila Sarr,Midfielder,WAT,0.68,0.02
2210522,Cucho,Juan Camilo Hernández,Forward,WAT,0.00,0.00
2210522,Louza,Imran Louza,Midfielder,WAT,0.01,0.00
2210523,Lallana,Adam Lallana,Midfielder,BHA,0.02,0.08
2210523,Welbeck,Danny Welbeck,Forward,BHA,0.00,0.00
2210523,Duffy,Shane Duffy,Defender,BHA,0.01,0.11
2210523,March,Solomon March,Midfielder,BHA,0.08,0.00
2210523,Veltman,Joël Veltman,Defender,BHA,0.02,0.00
2210523,Maupay,Neal Maupay,Forward,BHA,0.02,0.13
2210523,Trossard,Leandro Trossard,Midfielder,BHA,0.04,0.08
2210523,Cucurella,Marc Cucurella,Defender,BHA,0.10,0.06
2210523,Sanchez,Robert Sanchez,Goalkeeper,BHA,0.00,0.00
2210523,Bissouma,Yves Bissouma,Midfielder,BHA,0.02,0.00
2210523,Lamptey,Tariq Lamptey,Defender,BHA,0.08,0.00
2210523,Mac Allister,Alexis Mac Allister,Midfielder,BHA,0.10,0.13
2210523,Moder,Jakub Moder,Midfielder,BHA,0.02,0.00
2210523,Ferguson (Evan),Evan Ferguson,Forward,BHA,0.01,0.00
2210523,Lennon,Aaron Lennon,Midfielder,BUR,0.02,0.30
2210523,Pieters,Erik Pieters,Defender,BUR,0.00,0.00
2210523,Cork,Jack Cork,Midfielder,BUR,0.01,0.00
2210523,Rodriguez,Jay Rodriguez,Forward,BUR,0.02,0.04
2210523,Barnes (Ashley),Ashley Barnes,Forward,BUR,0.00,0.00
2210523,Mee,Ben Mee,Defender,BUR,0.00,0.00
2210523,Lowton,Matthew Lowton,Defender,BUR,0.00,0.00
2210523,Pope,Nick Pope,Goalkeeper,BUR,0.00,0.00
2210523,Weghorst,Wout Weghorst,Forward,BUR,0.02,0.10
2210523,Cornet,Maxwel Cornet,Midfielder,BUR,0.02,0.03
2210523,Brownhill,Josh Brownhill,Midfielder,BUR,0.02,0.19
2210523,Roberts (Connor),Connor Roberts,Defender,BUR,0.07,0.03
2210523,Collins,Nathan Collins,Defender,BUR,0.00,0.00
2210523,McNeil,Dwight McNeil,Midfielder,BUR,0.01,0.03
2210524,Thiago Silva,Thiago Emiliano da Silva,Defender,CHE,0.01,0.00
2210524,Lukaku,Romelu Lukaku,Forward,CHE,0.01,0.00
2210524,Alonso,Marcos Alonso,Defender,CHE,0.08,0.00
2210524,Jorginho,Jorge Luiz Frello Filho,Midfielder,CHE,0.01,0.00
2210524,Kovacic,Mateo Kovacic,Midfielder,CHE,0.00,0.00
2210524,Rüdiger,Antonio Rüdiger,Defender,CHE,0.08,0.02
2210524,Kanté,N'Golo Kanté,Midfielder,CHE,0.06,0.32
2210524,Ziyech,Hakim Ziyech,Midfielder,CHE,0.02,0.20
2210524,Loftus-Cheek,Ruben Loftus-Cheek,Midfielder,CHE,0.00,0.00
2210524,Christensen,Andreas Christensen,Defender,CHE,0.10,0.00
2210524,Pulisic,Christian Pulisic,Midfielder,CHE,0.04,0.29
2210524,Sarr (Malang),Malang Sarr,Defender,CHE,0.20,0.04
2210524,Havertz,Kai Havertz,Forward,CHE,0.08,0.07
2210524,Mendy (Edouard),Edouard Mendy,Goalkeeper,CHE,0.00,0.00
2210524,Guaita,Vicente Guaita,Goalkeeper,CRY,0.00,0.00
2210524,McArthur,James McArthur,Midfielder,CRY,0.01,0.00
2210524,Kouyaté,Cheikhou Kouyaté,Defender,CRY,0.01,0.03
2210524,Clyne,Nathaniel Clyne,Defender,CRY,0.04,0.00
2210524,Ayew,Jordan Ayew,Midfielder,CRY,0.00,0.00
2210524,Zaha,Wilfried Zaha,Midfielder,CRY,0.03,0.18
2210524,Schlupp,Jeffrey Schlupp,Midfielder,CRY,0.00,0.08
2210524,Butland,Jack Butland,Goalkeeper,CRY,0.00,0.00
2210524,Andersen,Joachim Andersen,Defender,CRY,0.01,0.00
2210524,Marc Guehi,Addji Keaninkin Marc-Israel Guehi,Defender,CRY,0.00,0.15
2210524,Mateta,Jean-Philippe Mateta,Forward,CRY,0.00,0.00
2210524,Eze,Eberechi Eze,Midfielder,CRY,0.00,0.00
2210524,Mitchell,Tyrick Mitchell,Defender,CRY,0.01,0.00
2210524,Olise,Michael Olise,Midfielder,CRY,0.13,0.08
2210525,Ayling,Luke Ayling,Defender,LEE,0.01,0.00
2210525,Klich,Mateusz Klich,Midfielder,LEE,0.19,0.35
2210525,Forshaw,Adam Forshaw,Midfielder,LEE,0.02,0.08
2210525,Rodrigo,Rodrigo Moreno Machado,Midfielder,LEE,0.03,0.06
2210525,Dallas,Stuart Dallas,Defender,LEE,0.01,0.00
2210525,Diego Llorente,Diego Javier Llorente Ríos,Defender,LEE,0.00,0.00
2210525,Koch,Robin Koch,Defender,LEE,0.00,0.00
2210525,James (Daniel),Daniel James,Midfielder,LEE,0.24,0.00
2210525,Raphinha,Raphael Dias Belloli,Midfielder,LEE,0.02,0.65
2210525,Harrison,Jack Harrison,Midfielder,LEE,0.00,0.35
2210525,Struijk,Pascal Struijk,Defender,LEE,0.00,0.00
2210525,Meslier,Illan Meslier,Goalkeeper,LEE,0.00,0.00
2210525,Firpo,Junior Firpo,Defender,LEE,0.24,0.00
2210525,Gelhardt,Joe Gelhardt,Forward,LEE,0.02,0.29
2210525,Cristiano Ronaldo,Cristiano Ronaldo dos Santos Aveiro,Forward,MUN,0.05,0.70
2210525,De Gea,David De Gea,Goalkeeper,MUN,0.00,0.00
2210525,Pogba,Paul Pogba,Midfielder,MUN,0.57,0.07
2210525,Varane,Raphael Varane,Defender,MUN,0.00,0.00
2210525,Maguire,Harry Maguire,Defender,MUN,0.00,0.11
2210525,Fred,Frederico Rodrigues de Paula Santos,Midfielder,MUN,0.06,0.07
2210525,Shaw,Luke Shaw,Defender,MUN,0.10,0.00
2210525,Lingard,Jesse Lingard,Midfielder,MUN,0.03,0.00
2210525,Bruno Fernandes,Bruno Miguel Borges Fernandes,Midfielder,MUN,0.14,0.45
2210525,Lindelof,Victor Nilsson-Lindelof,Defender,MUN,0.04,0.00
2210525,McTominay,Scott McTominay,Midfielder,MUN,0.02,0.00
2210525,Sancho,Jadon Sancho,Midfielder,MUN,0.51,0.19
2210525,Wan-Bissaka,Aaron Wan-Bissaka,Defender,MUN,0.01,0.07
2210525,Elanga,Anthony Elanga,Midfielder,MUN,0.00,0.55
2210526,Henderson (Jordan),Jordan Henderson,Midfielder,LIV,0.31,0.07
2210526,Matip,Joel Matip,Defender,LIV,0.03,0.00
2210526,Thiago Alcántara,Thiago Alcántara do Nascimento,Midfielder,LIV,0.05,0.03
2210526,Oxlade-Chamberlain,Alex Oxlade-Chamberlain,Midfielder,LIV,0.07,0.17
2210526,van Dijk,Virgil van Dijk,Defender,LIV,0.02,0.04
2210526,Mane,Sadio Mane,Midfielder,LIV,0.08,1.00
2210526,Alisson,Alisson Ramses Becker,Goalkeeper,LIV,0.01,0.00
2210526,Salah,Mohamed Salah,Midfielder,LIV,0.76,1.14
2210526,Origi,Divock Origi,Forward,LIV,0.00,0.08
2210526,Minamino,Takumi Minamino,Midfielder,LIV,0.00,0.00
2210526,Gomez,Joseph Gomez,Defender,LIV,0.03,0.00
2210526,Keita,Naby Keita,Midfielder,LIV,0.11,0.06
2210526,Tsimikas,Konstantinos Tsimikas,Defender,LIV,0.17,0.43
2210526,Díaz,Luis Díaz,Midfielder,LIV,0.13,0.65
2210526,Pukki,Teemu Pukki,Forward,NOR,0.01,0.49
2210526,Kenny McLean,Kenneth McLean,Midfielder,NOR,0.02,0.00
2210526,Gibson (Ben),Ben Gibson,Defender,NOR,0.00,0.00
2210526,Hanley,Grant Hanley,Defender,NOR,0.00,0.00
2210526,Gunn,Angus Gunn,Goalkeeper,NOR,0.00,0.00
2210526,Mathias Normann,Mathias Antonsen Normann,Midfielder,NOR,0.18,0.00
2210526,Lees-Melou,Pierre Lees-Melou,Midfielder,NOR,0.00,0.00
2210526,Rashica,Milot Rashica,Midfielder,NOR,0.09,0.03
2210526,Sargent,Joshua Sargent,Forward,NOR,0.01,0.01
2210526,Williams (Brandon),Brandon Williams,Defender,NOR,0.19,0.00
2210526,Aarons,Maximillian Aarons,Defender,NOR,0.10,0.00
2210526,Gilmour,Billy Gilmour,Midfielder,NOR,0.04,0.05
2210526,Placheta,Przemyslaw Placheta,Midfielder,NOR,0.00,0.00
2210526,Rowe (Jonathan),Jonathan Rowe,Midfielder,NOR,0.00,0.00
2210527,Walker (Kyle),Kyle Walker,Defender,MCI,0.12,0.00
2210527,Gundogan,Ilkay Gundogan,Midfielder,MCI,0.07,0.50
2210527,De Bruyne,Kevin De Bruyne,Midfielder,MCI,0.26,0.00
2210527,Mahrez,Riyad Mahrez,Midfielder,MCI,0.04,0.86
2210527,Sterling (Raheem),Raheem Sterling,Midfielder,MCI,0.71,0.06
2210527,João Cancelo,João Pedro Cavaco Cancelo,Defender,MCI,0.19,0.13
2210527,Ederson,Ederson Santana de Moraes,Goalkeeper,MCI,0.00,0.00
2210527,Laporte,Aymeric Laporte,Defender,MCI,0.10,0.00
2210527,Bernardo Silva,Bernardo Mota Veiga de Carvalho e Silva,Midfielder,MCI,0.05,0.18
2210527,Rúben Dias,Rúben Santos Gato Alves Dias,Defender,MCI,0.05,0.11
2210527,Foden,Phil Foden,Midfielder,MCI,0.41,0.28
2210527,Rodri,Rodrigo Hernández Cascante,Midfielder,MCI,0.18,0.00
2210527,Lloris,Hugo Lloris,Goalkeeper,TOT,0.00,0.00
2210527,Kane,Harry Kane,Forward,TOT,0.25,1.14
2210527,Son,Heung-Min Son,Midfielder,TOT,0.58,0.07
2210527,Doherty,Matt Doherty,Defender,TOT,0.00,0.00
2210527,Dier,Eric Dier,Defender,TOT,0.00,0.00
2210527,Lucas Moura,Lucas Rodrigues Moura da Silva,Midfielder,TOT,0.00,0.00
2210527,Davies (Ben),Ben Davies,Defender,TOT,0.00,0.00
2210527,Højbjerg,Pierre-Emile Højbjerg,Midfielder,TOT,0.00,0.00
2210527,Sánchez (Davinson),Davinson Sánchez,Defender,TOT,0.00,0.00
2210527,Sessegnon (Ryan),Kouassi Ryan Sessegnon,Defender,TOT,0.01,0.00
2210527,Bentancur,Rodrigo Bentancur,Midfielder,TOT,0.01,0.00
2210527,Romero (Cristian),Cristian Romero,Defender,TOT,0.00,0.00
2210527,Emerson Royal,Emerson Aparecido Leite de Souza Junior,Defender,TOT,0.01,0.04
2210527,Kulusevski,Dejan Kulusevski,Midfielder,TOT,0.37,0.17
2210528,Coleman,Seamus Coleman,Defender,EVE,0.14,0.01
2210528,Townsend,Andros Townsend,Midfielder,EVE,0.01,0.00
2210528,Keane,Michael Keane,Defender,EVE,0.00,0.00
2210528,Alli,Bamidele Alli,Midfielder,EVE,0.00,0.01
2210528,Pickford,Jordan Pickford,Goalkeeper,EVE,0.01,0.00
2210528,Allan,Allan Marques Loureiro,Midfielder,EVE,0.04,0.00
2210528,André Gomes,André Filipe Tavares Gomes,Midfielder,EVE,0.01,0.03
2210528,Iwobi,Alex Iwobi,Midfielder,EVE,0.03,0.00
2210528,Kenny,Jonjoe Kenny,Defender,EVE,0.06,0.00
2210528,Calvert-Lewin,Dominic Calvert-Lewin,Forward,EVE,0.01,0.05
2210528,van de Beek,Donny van de Beek,Midfielder,EVE,0.07,0.13
2210528,Holgate,Mason Holgate,Defender,EVE,0.01,0.00
2210528,Richarlison,Richarlison de Andrade,Forward,EVE,0.03,0.03
2210528,Gordon (Anthony),Anthony Gordon,Midfielder,EVE,0.01,0.00
2210528,Long (Shane),Shane Long,Forward,SOU,0.00,0.14
2210528,Forster,Fraser Forster,Goalkeeper,SOU,0.00,0.00
2210528,Romeu,Oriol Romeu,Midfielder,SOU,0.31,0.02
2210528,Armstrong (Stuart),Stuart Armstrong,Midfielder,SOU,0.10,0.09
2210528,Elyounoussi,Mohammed Elyounoussi,Midfielder,SOU,0.03,0.17
2210528,Ward-Prowse,James Ward-Prowse,Midfielder,SOU,0.65,0.03
2210528,Armstrong (Adam),Adam Armstrong,Forward,SOU,0.00,0.00
2210528,Walker-Peters,Kyle Walker-Peters,Defender,SOU,0.05,0.23
2210528,Bednarek,Jan Bednarek,Defender,SOU,0.00,0.00
2210528,Adams,Che Adams,Forward,SOU,0.05,0.75
2210528,Djenepo,Moussa Djenepo,Midfielder,SOU,0.00,0.00
2210528,Broja,Armando Broja,Forward,SOU,0.01,0.30
2210528,Livramento,Valentino Livramento,Defender,SOU,0.34,0.78
2210528,Salisu,Mohammed Salisu,Defender,SOU,0.01,0.00
2210529,Shelvey,Jonjo Shelvey,Midfielder,NEW,0.04,0.00
2210529,Wood,Chris Wood,Forward,NEW,0.04,0.00
2210529,Dubravka,Martin Dubravka,Goalkeeper,NEW,0.00,0.00
2210529,Burn,Dan Burn,Defender,NEW,0.01,0.05
2210529,Fraser,Ryan Fraser,Midfielder,NEW,0.09,0.09
2210529,Krafth,Emil Krafth,Defender,NEW,0.06,0.00
2210529,Murphy (Jacob),Jacob Murphy,Midfielder,NEW,0.04,0.20
2210529,Schär,Fabian Schär,Defender,NEW,0.05,0.06
2210529,Targett,Matt Targett,Defender,NEW,0.08,0.00
2210529,Almirón,Miguel Almirón,Midfielder,NEW,0.00,0.00
2210529,Joelinton,Joelinton Cássio Apolinário de Lira,Midfielder,NEW,0.13,0.13
2210529,Willock,Joseph Willock,Midfielder,NEW,0.01,0.26
2210529,Bruno Guimarães,Bruno Guimarães Rodriguez Moura,Midfielder,NEW,0.00,0.00
2210529,Fabianski,Lukasz Fabianski,Goalkeeper,WHU,0.00,0.00
2210529,Cresswell (Aaron),Aaron Cresswell,Defender,WHU,0.14,0.04
2210529,Antonio,Michail Antonio,Forward,WHU,0.02,0.13
2210529,Dawson,Craig Dawson,Defender,WHU,0.00,0.25
2210529,Fredericks,Ryan Fredericks,Defender,WHU,0.02,0.00
2210529,Zouma,Kurt Zouma,Defender,WHU,0.00,0.00
2210529,Benrahma,Said Benrahma,Midfielder,WHU,0.06,0.00
2210529,Bowen,Jarrod Bowen,Midfielder,WHU,0.02,0.05
2210529,Vlasic,Nikola Vlasic,Midfielder,WHU,0.04,0.00
2210529,Rice,Declan Rice,Midfielder,WHU,0.10,0.00
2210529,Soucek,Tomas Soucek,Midfielder,WHU,0.05,0.02
2210529,Fornals,Pablo Fornals,Midfielder,WHU,0.08,0.10
2210529,Johnson,Ben Johnson,Defender,WHU,0.00,0.00
2210530,Schmeichel,Kasper Schmeichel,Goalkeeper,LEI,0.00,0.00
2210530,Albrighton,Marc Albrighton,Midfielder,LEI,0.44,0.00
2210530,Ricardo Pereira,Ricardo Domingos Barbosa Pereira,Defender,LEI,0.04,0.12
2210530,Amartey,Daniel Amartey,Defender,LEI,0.00,0.00
2210530,Tielemans,Youri Tielemans,Midfielder,LEI,0.07,0.32
2210530,Maddison,James Maddison,Midfielder,LEI,0.01,0.20
2210530,Iheanacho,Kelechi Iheanacho,Forward,LEI,0.00,0.00
2210530,Ndidi,Onyinye Wilfred Ndidi,Midfielder,LEI,0.02,0.06
2210530,Dewsbury-Hall,Kiernan Dewsbury-Hall,Midfielder,LEI,0.04,0.00
2210530,Söyüncü,Caglar Söyüncü,Defender,LEI,0.01,0.00
2210530,Lookman,Ademola Lookman,Midfielder,LEI,0.12,0.90
2210530,Thomas (Luke),Luke Thomas,Defender,LEI,0.01,0.00
2210530,Daka,Patson Daka,Forward,LEI,0.01,0.12
2210530,Moutinho,João Moutinho,Midfielder,WOL,0.10,0.00
2210530,Coady,Conor Coady,Defender,WOL,0.01,0.00
2210530,Raúl Jiménez,Raul Alonso Jimenez Rodriguez,Forward,WOL,0.02,0.03
2210530,Saiss,Romain Saiss,Defender,WOL,0.00,0.01
2210530,Marçal,Fernando Marçal de Oliveira,Defender,WOL,0.00,0.00
2210530,José Sá,José Pedro Malheiro de Sá,Goalkeeper,WOL,0.00,0.00
2210530,Dendoncker (Leander),Leander Dendoncker,Midfielder,WOL,0.04,0.04
2210530,Ruben Neves,Rúben Diogo da Silva Neves,Midfielder,WOL,0.00,0.09
2210530,Hwang Hee-Chan,Hee-Chan Hwang,Midfielder,WOL,0.01,0.00
2210530,Semedo,Nelson Semedo,Defender,WOL,0.01,0.00
2210530,Podence,Daniel Podence,Midfielder,WOL,0.08,0.10
2210530,Kilman,Max Kilman,Defender,WOL,0.00,0.07
2210530,Neto,Pedro Neto,Midfielder,WOL,0.00,0.11
2210530,Ait Nouri,Rayan Ait Nouri,Defender,WOL,0.11,0.09
2210531,Cedric,Cedric Ricardo Alves Soares,Defender,ARS,0.02,0.02
2210531,Lacazette,Alexandre Lacazette,Forward,ARS,0.11,0.02
2210531,Xhaka,Granit Xhaka,Midfielder,ARS,0.03,0.03
2210531,Partey,Thomas Partey,Midfielder,ARS,0.02,0.04
2210531,Odegaard,Martin Odegaard,Midfielder,ARS,0.01,0.23
2210531,Tierney,Kieran Tierney,Defender,ARS,0.02,0.00
2210531,Pepe,Nicolas Pepe,Midfielder,ARS,0.01,0.00
2210531,White (Ben),Ben White,Defender,ARS,0.00,0.00
2210531,Eddie Nketiah,Edward Nketiah,Forward,ARS,0.00,0.00
2210531,Smith-Rowe,Emile Smith-Rowe,Midfielder,ARS,0.01,0.08
2210531,Saka,Bukayo Saka,Midfielder,ARS,0.02,0.03
2210531,Ramsdale,Aaron Ramsdale,Goalkeeper,ARS,0.00,0.00
2210531,Gabriel Magalhães,Gabriel dos Santos Magalhães,Defender,ARS,0.01,0.00
2210531,Martinelli,Gabriel Teodoro Martinelli Silva,Midfielder,ARS,0.02,0.06
2210531,Henderson (Jordan),Jordan Henderson,Midfielder,LIV,0.02,0.00
2210531,Matip,Joel Matip,Defender,LIV,0.01,0.04
2210531,Thiago Alcántara,Thiago Alcántara do Nascimento,Midfielder,LIV,0.03,0.00
2210531,Firmino,Roberto Firmino Barbosa de Oliveira,Forward,LIV,0.10,0.30
2210531,van Dijk,Virgil van Dijk,Defender,LIV,0.01,0.02
2210531,Mane,Sadio Mane,Midfielder,LIV,0.04,0.12
2210531,Alisson,Alisson Ramses Becker,Goalkeeper,LIV,0.00,0.00
2210531,Fabinho,Fabio Henrique Tavares,Midfielder,LIV,0.01,0.00
2210531,Salah,Mohamed Salah,Midfielder,LIV,0.01,0.22
2210531,Robertson,Andrew Robertson,Defender,LIV,0.56,0.04
2210531,Alexander-Arnold,Trent Alexander-Arnold,Defender,LIV,0.25,0.00
2210531,Diogo Jota,Diogo José Teixeira da Silva,Forward,LIV,0.01,0.04
2210531,Jones (Curtis),Curtis Jones,Midfielder,LIV,0.00,0.00
2210531,Díaz,Luis Díaz,Midfielder,LIV,0.00,0.00
2210532,Jansson,Pontus Jansson,Defender,BRE,0.00,0.00
2210532,Eriksen,Christian Eriksen,Midfielder,BRE,0.09,0.00
2210532,Norgaard,Christian Norgaard,Midfielder,BRE,0.14,0.07
2210532,Toney,Ivan Toney,Forward,BRE,0.05,0.04
2210532,Raya Martin,David Raya Martin,Goalkeeper,BRE,0.01,0.00
2210532,Canos,Sergi Canos,Defender,BRE,0.00,0.00
2210532,Dasilva,Pelenda Joshua Dasilva,Midfielder,BRE,0.00,0.00
2210532,Ajer,Kristoffer Ajer,Defender,BRE,0.00,0.00
2210532,Henry,Rico Henry,Defender,BRE,0.01,0.00
2210532,Janelt,Vitaly Janelt,Midfielder,BRE,0.03,0.15
2210532,Jensen,Mathias Jensen,Midfielder,BRE,0.01,0.00
2210532,Wissa,Yoane Wissa,Midfielder,BRE,0.01,0.03
2210532,Pinnock,Ethan Pinnock,Defender,BRE,0.01,0.00
2210532,Mbeumo,Bryan Mbeumo,Forward,BRE,0.06,0.08
2210532,Shelvey,Jonjo Shelvey,Midfielder,NEW,0.02,0.17
2210532,Wood,Chris Wood,Forward,NEW,0.04,0.49
2210532,Dubravka,Martin Dubravka,Goalkeeper,NEW,0.00,0.00
2210532,Burn,Dan Burn,Defender,NEW,0.01,0.00
2210532,Fraser,Ryan Fraser,Midfielder,NEW,0.73,0.19
2210532,Lascelles,Jamaal Lascelles,Defender,NEW,0.00,0.00
2210532,Krafth,Emil Krafth,Defender,NEW,0.03,0.08
2210532,Murphy (Jacob),Jacob Murphy,Midfielder,NEW,0.29,0.07
2210532,Schär,Fabian Schär,Defender,NEW,0.05,0.35
2210532,Targett,Matt Targett,Defender,NEW,0.33,0.12
2210532,Almirón,Miguel Almirón,Midfielder,NEW,0.00,0.04
2210532,Joelinton,Joelinton Cássio Apolinário de Lira,Midfielder,NEW,0.03,0.16
2210532,Willock,Joseph Willock,Midfielder,NEW,0.03,0.71
2210532,Bruno Guimarães,Bruno Guimarães Rodriguez Moura,Midfielder,NEW,0.17,0.41
2210533,Young (Ashley),Ashley Young,Defender,AVL,0.00,0.00
2210533,Coutinho,Philippe Coutinho,Midfielder,AVL,0.01,0.08
2210533,Ings,Danny Ings,Forward,AVL,0.01,0.00
2210533,Martinez,Emiliano Martinez,Goalkeeper,AVL,0.00,0.00
2210533,Digne,Lucas Digne,Defender,AVL,0.01,0.00
2210533,Sanson,Morgan Sanson,Midfielder,AVL,0.00,0.00
2210533,McGinn,John McGinn,Midfielder,AVL,0.02,0.26
2210533,Mings,Tyrone Mings,Defender,AVL,0.16,0.00
2210533,Watkins,Ollie Watkins,Forward,AVL,0.00,0.47
2210533,Cash,Matthew Cash,Defender,AVL,0.38,0.07
2210533,Konsa Ngoyo,Ezri Konsa Ngoyo,Defender,AVL,0.02,0.00
2210533,Douglas Luiz,Douglas Luiz Soares de Paulo,Midfielder,AVL,0.04,0.00
2210533,Ramsey (Jacob),Jacob Ramsey,Midfielder,AVL,0.02,0.15
2210533,Iroegbunam,Tim Iroegbunam,Midfielder,AVL,0.00,0.00
2210533,Welbeck,Danny Welbeck,Forward,BHA,0.01,0.20
2210533,Dunk,Lewis Dunk,Defender,BHA,0.01,0.02
2210533,March,Solomon March,Midfielder,BHA,0.26,0.02
2210533,Veltman,Joël Veltman,Defender,BHA,0.01,0.00
2210533,Maupay,Neal Maupay,Forward,BHA,0.02,0.07
2210533,Trossard,Leandro Trossard,Midfielder,BHA,0.04,0.06
2210533,Cucurella,Marc Cucurella,Defender,BHA,0.06,0.00
2210533,Sanchez,Robert Sanchez,Goalkeeper,BHA,0.00,0.00
2210533,Bissouma,Yves Bissouma,Midfielder,BHA,0.01,0.06
2210533,Lamptey,Tariq Lamptey,Defender,BHA,0.07,0.02
2210533,Mac Allister,Alexis Mac Allister,Midfielder,BHA,0.03,0.20
2210533,Moder,Jakub Moder,Midfielder,BHA,0.02,0.04
2210534,Azpilicueta,César Azpilicueta,Defender,CHE,0.02,0.00
2210534,Thiago Silva,Thiago Emiliano da Silva,Defender,CHE,0.04,0.05
2210534,Lukaku,Romelu Lukaku,Forward,CHE,0.31,0.15
2210534,Alonso,Marcos Alonso,Defender,CHE,0.20,0.24
2210534,Jorginho,Jorge Luiz Frello Filho,Midfielder,CHE,0.07,0.00
2210534,Rüdiger,Antonio Rüdiger,Defender,CHE,0.02,0.04
2210534,Kanté,N'Golo Kanté,Midfielder,CHE,0.19,0.00
2210534,Ziyech,Hakim Ziyech,Midfielder,CHE,0.19,0.21
2210534,Loftus-Cheek,Ruben Loftus-Cheek,Midfielder,CHE,0.04,0.00
2210534,Pulisic,Christian Pulisic,Midfielder,CHE,0.01,0.57
2210534,Chalobah (Trevoh),Trevoh Chalobah,Defender,CHE,0.02,0.24
2210534,Havertz,Kai Havertz,Forward,CHE,0.01,0.00
2210534,James (Reece),Reece James,Defender,CHE,0.35,0.13
2210534,Mendy (Edouard),Edouard Mendy,Goalkeeper,CHE,0.00,0.00
2210534,Schmeichel,Kasper Schmeichel,Goalkeeper,LEI,0.00,0.00
2210534,Evans,Jonny Evans,Defender,LEI,0.00,0.00
2210534,Mendy (Nampalys),Nampalys Mendy,Midfielder,LEI,0.00,0.00
2210534,Vardy,Jamie Vardy,Forward,LEI,0.00,0.00
2210534,Amartey,Daniel Amartey,Defender,LEI,0.01,0.00
2210534,Castagne,Timothy Castagne,Defender,LEI,0.01,0.00
2210534,Ayoze Pérez,Ayoze Pérez Gutiérrez,Midfielder,LEI,0.00,0.00
2210534,Maddison,James Maddison,Midfielder,LEI,0.02,0.06
2210534,Iheanacho,Kelechi Iheanacho,Forward,LEI,0.00,0.02
2210534,Barnes (Harvey),Harvey Barnes,Midfielder,LEI,0.00,0.00
2210534,Dewsbury-Hall,Kiernan Dewsbury-Hall,Midfielder,LEI,0.01,0.00
2210534,Thomas (Luke),Luke Thomas,Defender,LEI,0.00,0.00
2210534,Fofana,Wesley Fofana,Defender,LEI,0.00,0.00
2210535,Lennon,Aaron Lennon,Midfielder,BUR,0.02,0.01
2210535,Tarkowski,James Tarkowski,Defender,BUR,0.01,0.02
2210535,Pieters,Erik Pieters,Defender,BUR,0.00,0.01
2210535,Cork,Jack Cork,Midfielder,BUR,0.01,0.00
2210535,Rodriguez,Jay Rodriguez,Forward,BUR,0.03,0.00
2210535,Barnes (Ashley),Ashley Barnes,Forward,BUR,0.00,0.00
2210535,Mee,Ben Mee,Defender,BUR,0.01,0.01
2210535,Westwood,Ashley Roy Westwood,Midfielder,BUR,0.00,0.00
2210535,Pope,Nick Pope,Goalkeeper,BUR,0.00,0.00
2210535,Taylor (Charlie),Charlie Taylor,Defender,BUR,0.00,0.00
2210535,Weghorst,Wout Weghorst,Forward,BUR,0.01,0.15
2210535,Brownhill,Josh Brownhill,Midfielder,BUR,0.11,0.00
2210535,Roberts (Connor),Connor Roberts,Defender,BUR,0.03,0.00
2210535,McNeil,Dwight McNeil,Midfielder,BUR,0.00,0.00
2210535,McArthur,James McArthur,Midfielder,CRY,0.06,0.00
2210535,Kouyaté,Cheikhou Kouyaté,Defender,CRY,0.00,0.00
2210535,Clyne,Nathaniel Clyne,Defender,CRY,0.02,0.04
2210535,Milivojevic,Luka Milivojevic,Midfielder,CRY,0.01,0.06
2210535,Zaha,Wilfried Zaha,Midfielder,CRY,0.07,0.20
2210535,Schlupp,Jeffrey Schlupp,Midfielder,CRY,0.01,0.38
2210535,Butland,Jack Butland,Goalkeeper,CRY,0.00,0.00
2210535,Andersen,Joachim Andersen,Defender,CRY,0.00,0.00
2210535,Marc Guehi,Addji Keaninkin Marc-Israel Guehi,Defender,CRY,0.00,0.00
2210535,Mateta,Jean-Philippe Mateta,Forward,CRY,0.00,0.00
2210535,Gallagher,Conor Gallagher,Midfielder,CRY,0.03,0.00
2210535,Mitchell,Tyrick Mitchell,Defender,CRY,0.03,0.10
2210535,Olise,Michael Olise,Midfielder,CRY,0.32,0.32
2210536,Coleman,Seamus Coleman,Defender,EVE,0.01,0.00
2210536,Keane,Michael Keane,Defender,EVE,0.00,0.00
2210536,Alli,Bamidele Alli,Midfielder,EVE,0.05,0.00
2210536,Pickford,Jordan Pickford,Goalkeeper,EVE,0.00,0.00
2210536,Allan,Allan Marques Loureiro,Midfielder,EVE,0.04,0.00
2210536,Doucouré,Abdoulaye Doucouré,Midfielder,EVE,0.04,0.00
2210536,Iwobi,Alex Iwobi,Midfielder,EVE,0.18,0.00
2210536,Kenny,Jonjoe Kenny,Defender,EVE,0.00,0.13
2210536,Gray (Demarai),Demarai Gray,Midfielder,EVE,0.00,0.00
2210536,van de Beek,Donny van de Beek,Midfielder,EVE,0.00,0.00
2210536,El Ghazi,Anwar El Ghazi,Midfielder,EVE,0.00,0.00
2210536,Holgate,Mason Holgate,Defender,EVE,0.00,0.00
2210536,Richarlison,Richarlison de Andrade,Forward,EVE,0.05,0.22
2210536,Gordon (Anthony),Anthony Gordon,Midfielder,EVE,0.02,0.11
2210536,Gundogan,Ilkay Gundogan,Midfielder,MCI,0.07,0.00
2210536,De Bruyne,Kevin De Bruyne,Midfielder,MCI,0.63,0.08
2210536,Stones,John Stones,Defender,MCI,0.04,0.05
2210536,Mahrez,Riyad Mahrez,Midfielder,MCI,0.01,0.00
2210536,Sterling (Raheem),Raheem Sterling,Midfielder,MCI,0.04,0.00
2210536,João Cancelo,João Pedro Cavaco Cancelo,Defender,MCI,0.04,0.05
2210536,Ederson,Ederson Santana de Moraes,Goalkeeper,MCI,0.00,0.00
2210536,Laporte,Aymeric Laporte,Defender,MCI,0.04,0.01
2210536,Bernardo Silva,Bernardo Mota Veiga de Carvalho e Silva,Midfielder,MCI,0.07,0.23
2210536,Rúben Dias,Rúben Santos Gato Alves Dias,Defender,MCI,0.01,0.00
2210536,Jesus,Gabriel Fernando de Jesus,Forward,MCI,0.00,0.00
2210536,Foden,Phil Foden,Midfielder,MCI,0.27,1.33
2210536,Rodri,Rodrigo Hernández Cascante,Midfielder,MCI,0.07,0.07
2210537,Ayling,Luke Ayling,Defender,LEE,0.05,0.06
2210537,Klich,Mateusz Klich,Midfielder,LEE,0.02,0.06
2210537,Forshaw,Adam Forshaw,Midfielder,LEE,0.02,0.05
2210537,Rodrigo,Rodrigo Moreno Machado,Midfielder,LEE,0.16,0.20
2210537,Dallas,Stuart Dallas,Defender,LEE,0.32,0.34
2210537,Diego Llorente,Diego Javier Llorente Ríos,Defender,LEE,0.02,0.00
2210537,Koch,Robin Koch,Defender,LEE,0.05,0.11
2210537,James (Daniel),Daniel James,Midfielder,LEE,0.03,0.15
2210537,Raphinha,Raphael Dias Belloli,Midfielder,LEE,0.27,0.27
2210537,Harrison,Jack Harrison,Midfielder,LEE,0.04,0.07
2210537,Shackleton,Jamie Shackleton,Midfielder,LEE,0.01,0.04
2210537,Struijk,Pascal Struijk,Defender,LEE,0.05,0.17
2210537,Meslier,Illan Meslier,Goalkeeper,LEE,0.00,0.00
2210537,Firpo,Junior Firpo,Defender,LEE,0.03,0.00
2210537,Lloris,Hugo Lloris,Goalkeeper,TOT,0.00,0.00
2210537,Kane,Harry Kane,Forward,TOT,0.66,0.15
2210537,Son,Heung-Min Son,Midfielder,TOT,0.09,0.75
2210537,Doherty,Matt Doherty,Defender,TOT,0.07,0.55
2210537,Dier,Eric Dier,Defender,TOT,0.01,0.00
2210537,Davies (Ben),Ben Davies,Defender,TOT,0.00,0.06
2210537,Højbjerg,Pierre-Emile Højbjerg,Midfielder,TOT,0.13,0.00
2210537,Winks,Harry Winks,Midfielder,TOT,0.08,0.00
2210537,Sessegnon (Ryan),Kouassi Ryan Sessegnon,Defender,TOT,0.20,0.05
2210537,Bergwijn,Steven Bergwijn,Midfielder,TOT,0.17,0.00
2210537,Romero (Cristian),Cristian Romero,Defender,TOT,0.01,0.00
2210537,Emerson Royal,Emerson Aparecido Leite de Souza Junior,Defender,TOT,0.00,0.00
2210537,Kulusevski,Dejan Kulusevski,Midfielder,TOT,0.05,0.42
2210537,Scarlett,Dane Scarlett,Forward,TOT,0.00,0.00
2210538,Cristiano Ronaldo,Cristiano Ronaldo dos Santos Aveiro,Forward,MUN,0.20,0.48
2210538,De Gea,David De Gea,Goalkeeper,MUN,0.00,0.00
2210538,Matic,Nemanja Matic,Midfielder,MUN,0.18,0.00
2210538,Pogba,Paul Pogba,Midfielder,MUN,0.44,0.06
2210538,Varane,Raphael Varane,Defender,MUN,0.01,0.00
2210538,Fred,Frederico Rodrigues de Paula Santos,Midfielder,MUN,0.06,0.03
2210538,Shaw,Luke Shaw,Defender,MUN,0.06,0.00
2210538,Bruno Fernandes,Bruno Miguel Borges Fernandes,Midfielder,MUN,0.47,1.40
2210538,Alex Telles,Alex Nicolao Telles,Defender,MUN,0.20,0.06
2210538,Rashford,Marcus Rashford,Midfielder,MUN,0.03,0.00
2210538,Lindelof,Victor Nilsson-Lindelof,Defender,MUN,0.02,0.10
2210538,Sancho,Jadon Sancho,Midfielder,MUN,0.06,0.02
2210538,Wan-Bissaka,Aaron Wan-Bissaka,Defender,MUN,0.15,0.04
2210538,Elanga,Anthony Elanga,Midfielder,MUN,0.08,0.64
2210538,Foster,Ben Foster,Goalkeeper,WAT,0.00,0.00
2210538,Cathcart,Craig Cathcart,Defender,WAT,0.00,0.00
2210538,Cleverley,Tom Cleverley,Midfielder,WAT,0.18,0.00
2210538,Sissoko,Moussa Sissoko,Midfielder,WAT,0.04,0.00
2210538,Kucka,Juraj Kucka,Midfielder,WAT,0.00,0.06
2210538,King,Joshua King,Forward,WAT,0.14,0.02
2210538,Kabasele,Christian Kabasele,Defender,WAT,0.00,0.00
2210538,Sema,Ken Sema,Midfielder,WAT,0.00,0.00
2210538,Samir,Samir Caetano de Souza Santos,Defender,WAT,0.00,0.19
2210538,Kamara (Hassane),Hassane Kamara,Defender,WAT,0.00,0.03
2210538,Dennis (Emmanuel),Emmanuel Bonaventure Dennis,Forward,WAT,0.00,0.19
2210538,Ismaila Sarr,Ismaila Sarr,Midfielder,WAT,0.03,0.09
2210538,Ngakia,Jeremy Ngakia,Defender,WAT,0.00,0.02
2210538,Louza,Imran Louza,Midfielder,WAT,0.01,0.03
2210539,Pukki,Teemu Pukki,Forward,NOR,0.07,0.06
2210539,Rupp,Lukas Rupp,Midfielder,NOR,0.02,0.00
2210539,Kenny McLean,Kenneth McLean,Midfielder,NOR,0.03,0.10
2210539,Gibson (Ben),Ben Gibson,Defender,NOR,0.00,0.00
2210539,Hanley,Grant Hanley,Defender,NOR,0.00,0.23
2210539,Gunn,Angus Gunn,Goalkeeper,NOR,0.00,0.00
2210539,Dowell,Kieran Dowell,Midfielder,NOR,0.00,0.00
2210539,Mathias Normann,Mathias Antonsen Normann,Midfielder,NOR,0.01,0.05
2210539,Lees-Melou,Pierre Lees-Melou,Midfielder,NOR,0.13,0.00
2210539,Rashica,Milot Rashica,Midfielder,NOR,0.00,0.00
2210539,Sargent,Joshua Sargent,Forward,NOR,0.03,0.11
2210539,Williams (Brandon),Brandon Williams,Defender,NOR,0.01,0.00
2210539,Aarons,Maximillian Aarons,Defender,NOR,0.02,0.00
2210539,Gilmour,Billy Gilmour,Midfielder,NOR,0.06,0.05
2210539,Long (Shane),Shane Long,Forward,SOU,0.00,0.00
2210539,Forster,Fraser Forster,Goalkeeper,SOU,0.00,0.00
2210539,Romeu,Oriol Romeu,Midfielder,SOU,0.03,0.03
2210539,Stephens (Jack),Jack Stephens,Defender,SOU,0.00,0.00
2210539,Armstrong (Stuart),Stuart Armstrong,Midfielder,SOU,0.20,0.39
2210539,Elyounoussi,Mohammed Elyounoussi,Midfielder,SOU,0.11,0.41
2210539,Ward-Prowse,James Ward-Prowse,Midfielder,SOU,0.50,0.07
2210539,Walker-Peters,Kyle Walker-Peters,Defender,SOU,0.07,0.20
2210539,Bednarek,Jan Bednarek,Defender,SOU,0.44,0.35
2210539,Adams,Che Adams,Forward,SOU,0.01,1.00
2210539,Djenepo,Moussa Djenepo,Midfielder,SOU,0.00,0.00
2210539,Broja,Armando Broja,Forward,SOU,0.02,0.20
2210539,Livramento,Valentino Livramento,Defender,SOU,0.11,0.00
2210539,Salisu,Mohammed Salisu,Defender,SOU,0.01,0.04
2210540,Fabianski,Lukasz Fabianski,Goalkeeper,WHU,0.00,0.00
2210540,Cresswell (Aaron),Aaron Cresswell,Defender,WHU,0.04,0.07
2210540,Antonio,Michail Antonio,Forward,WHU,0.73,0.07
2210540,Dawson,Craig Dawson,Defender,WHU,0.00,0.04
2210540,Lanzini,Manuel Lanzini,Midfielder,WHU,0.18,0.23
2210540,Zouma,Kurt Zouma,Defender,WHU,0.00,0.20
2210540,Bowen,Jarrod Bowen,Midfielder,WHU,0.03,0.43
2210540,Vlasic,Nikola Vlasic,Midfielder,WHU,0.00,0.00
2210540,Rice,Declan Rice,Midfielder,WHU,0.07,0.03
2210540,Soucek,Tomas Soucek,Midfielder,WHU,0.14,0.70
2210540,Fornals,Pablo Fornals,Midfielder,WHU,0.33,0.01
2210540,Diop,Issa Diop,Defender,WHU,0.00,0.00
2210540,Johnson,Ben Johnson,Defender,WHU,0.00,0.00
2210540,Coady,Conor Coady,Defender,WOL,0.01,0.03
2210540,Raúl Jiménez,Raul Alonso Jimenez Rodriguez,Forward,WOL,0.02,0.02
2210540,Saiss,Romain Saiss,Defender,WOL,0.02,0.00
2210540,Marçal,Fernando Marçal de Oliveira,Defender,WOL,0.14,0.02
2210540,José Sá,José Pedro Malheiro de Sá,Goalkeeper,WOL,0.00,0.00
2210540,Dendoncker (Leander),Leander Dendoncker,Midfielder,WOL,0.04,0.00
2210540,Ruben Neves,Rúben Diogo da Silva Neves,Midfielder,WOL,0.17,0.04
2210540,Hwang Hee-Chan,Hee-Chan Hwang,Midfielder,WOL,0.08,0.21
2210540,Podence,Daniel Podence,Midfielder,WOL,0.05,0.04
2210540,Kilman,Max Kilman,Defender,WOL,0.01,0.07
2210540,Trincão,Francisco António Machado Trincão,Midfielder,WOL,0.02,0.09
2210540,Neto,Pedro Neto,Midfielder,WOL,0.03,0.05
2210540,Hoever,Ki-Jana Hoever,Defender,WOL,0.01,0.00
2210540,Fabio Silva,Fabio Daniel Soares Silva,Forward,WOL,0.01,0.35
2210541,Young (Ashley),Ashley Young,Defender,AVL,0.01,0.02
2210541,Coutinho,Philippe Coutinho,Midfielder,AVL,0.57,0.90
2210541,Ings,Danny Ings,Forward,AVL,0.04,0.23
2210541,Martinez,Emiliano Martinez,Goalkeeper,AVL,0.00,0.00
2210541,Chambers,Calum Chambers,Defender,AVL,0.09,0.00
2210541,Sanson,Morgan Sanson,Midfielder,AVL,0.00,0.00
2210541,McGinn,John McGinn,Midfielder,AVL,0.14,0.00
2210541,Mings,Tyrone Mings,Defender,AVL,0.00,0.00
2210541,Watkins,Ollie Watkins,Forward,AVL,0.13,0.73
2210541,Buendía,Emiliano Buendía,Midfielder,AVL,0.00,0.00
2210541,Cash,Matthew Cash,Defender,AVL,0.07,0.00
2210541,Bailey,Leon Bailey,Midfielder,AVL,0.01,0.09
2210541,Douglas Luiz,Douglas Luiz Soares de Paulo,Midfielder,AVL,0.01,0.62
2210541,Ramsey (Jacob),Jacob Ramsey,Midfielder,AVL,0.00,0.16
2210541,Forster,Fraser Forster,Goalkeeper,SOU,0.00,0.00
2210541,Romeu,Oriol Romeu,Midfielder,SOU,0.11,0.00
2210541,Stephens (Jack),Jack Stephens,Defender,SOU,0.00,0.00
2210541,Armstrong (Stuart),Stuart Armstrong,Midfielder,SOU,0.05,0.19
2210541,Elyounoussi,Mohammed Elyounoussi,Midfielder,SOU,0.02,0.00
2210541,Ward-Prowse,James Ward-Prowse,Midfielder,SOU,0.13,0.14
2210541,Walker-Peters,Kyle Walker-Peters,Defender,SOU,0.00,0.00
2210541,Bednarek,Jan Bednarek,Defender,SOU,0.01,0.12
2210541,Adams,Che Adams,Forward,SOU,0.01,0.63
2210541,Valery,Yann Valery,Defender,SOU,0.07,0.01
2210541,Diallo,Ibrahima Diallo,Midfielder,SOU,0.00,0.00
2210541,Perraud,Romain Perraud,Defender,SOU,0.06,0.04
2210541,Broja,Armando Broja,Forward,SOU,0.05,0.00
2210541,Livramento,Valentino Livramento,Defender,SOU,0.51,0.00
2210542,Lennon,Aaron Lennon,Midfielder,BUR,0.17,0.00
2210542,Tarkowski,James Tarkowski,Defender,BUR,0.02,0.00
2210542,Rodriguez,Jay Rodriguez,Forward,BUR,0.00,0.02
2210542,Barnes (Ashley),Ashley Barnes,Forward,BUR,0.00,0.00
2210542,Westwood,Ashley Roy Westwood,Midfielder,BUR,0.02,0.00
2210542,Pope,Nick Pope,Goalkeeper,BUR,0.00,0.00
2210542,Taylor (Charlie),Charlie Taylor,Defender,BUR,0.00,0.00
2210542,Weghorst,Wout Weghorst,Forward,BUR,0.01,0.12
2210542,Cornet,Maxwel Cornet,Midfielder,BUR,0.00,0.07
2210542,Brownhill,Josh Brownhill,Midfielder,BUR,0.02,0.00
2210542,Roberts (Connor),Connor Roberts,Defender,BUR,0.02,0.00
2210542,Collins,Nathan Collins,Defender,BUR,0.01,0.23
2210542,McNeil,Dwight McNeil,Midfielder,BUR,0.38,0.32
2210542,Thiago Silva,Thiago Emiliano da Silva,Defender,CHE,0.02,0.00
2210542,Jorginho,Jorge Luiz Frello Filho,Midfielder,CHE,0.06,0.03
2210542,Ñíguez,Saúl Ñíguez,Midfielder,CHE,0.12,0.00
2210542,Kovacic,Mateo Kovacic,Midfielder,CHE,0.02,0.00
2210542,Rüdiger,Antonio Rüdiger,Defender,CHE,0.04,0.07
2210542,Kanté,N'Golo Kanté,Midfielder,CHE,0.11,0.00
2210542,Loftus-Cheek,Ruben Loftus-Cheek,Midfielder,CHE,0.01,0.00
2210542,Werner,Timo Werner,Forward,CHE,0.00,0.00
2210542,Pulisic,Christian Pulisic,Midfielder,CHE,0.41,0.70
2210542,Chalobah (Trevoh),Trevoh Chalobah,Defender,CHE,0.02,0.00
2210542,Mount,Mason Mount,Midfielder,CHE,0.04,0.06
2210542,Havertz,Kai Havertz,Forward,CHE,0.06,1.18
2210542,James (Reece),Reece James,Defender,CHE,0.04,0.25
2210542,Mendy (Edouard),Edouard Mendy,Goalkeeper,CHE,0.00,0.00
2210543,Ayling,Luke Ayling,Defender,LEE,0.22,0.21
2210543,Klich,Mateusz Klich,Midfielder,LEE,0.01,0.00
2210543,Forshaw,Adam Forshaw,Midfielder,LEE,0.00,0.00
2210543,Rodrigo,Rodrigo Moreno Machado,Midfielder,LEE,0.02,0.22
2210543,Dallas,Stuart Dallas,Defender,LEE,0.13,0.00
2210543,Roberts (Tyler),Tyler Roberts,Midfielder,LEE,0.00,0.00
2210543,Koch,Robin Koch,Defender,LEE,0.02,0.12
2210543,James (Daniel),Daniel James,Midfielder,LEE,0.05,0.09
2210543,Raphinha,Raphael Dias Belloli,Midfielder,LEE,0.18,0.66
2210543,Harrison,Jack Harrison,Midfielder,LEE,0.20,0.09
2210543,Struijk,Pascal Struijk,Defender,LEE,0.04,0.00
2210543,Meslier,Illan Meslier,Goalkeeper,LEE,0.00,0.00
2210543,Firpo,Junior Firpo,Defender,LEE,0.52,0.22
2210543,Gelhardt,Joe Gelhardt,Forward,LEE,0.04,0.12
2210543,Schmeichel,Kasper Schmeichel,Goalkeeper,LEI,0.00,0.00
2210543,Albrighton,Marc Albrighton,Midfielder,LEI,0.08,0.00
2210543,Mendy (Nampalys),Nampalys Mendy,Midfielder,LEI,0.00,0.00
2210543,Vardy,Jamie Vardy,Forward,LEI,0.02,0.00
2210543,Amartey,Daniel Amartey,Defender,LEI,0.00,0.00
2210543,Tielemans,Youri Tielemans,Midfielder,LEI,0.01,0.03
2210543,Iheanacho,Kelechi Iheanacho,Forward,LEI,0.04,0.00
2210543,Choudhury,Hamza Choudhury,Midfielder,LEI,0.00,0.00
2210543,Barnes (Harvey),Harvey Barnes,Midfielder,LEI,0.05,0.22
2210543,Ndidi,Onyinye Wilfred Ndidi,Midfielder,LEI,0.01,0.09
2210543,Dewsbury-Hall,Kiernan Dewsbury-Hall,Midfielder,LEI,0.05,0.00
2210543,Söyüncü,Caglar Söyüncü,Defender,LEI,0.02,0.00
2210543,Lookman,Ademola Lookman,Midfielder,LEI,0.04,0.06
2210543,Thomas (Luke),Luke Thomas,Defender,LEI,0.01,0.00
2210544,Milner,James Milner,Midfielder,LIV,0.00,0.00
2210544,Henderson (Jordan),Jordan Henderson,Midfielder,LIV,0.08,0.00
2210544,van Dijk,Virgil van Dijk,Defender,LIV,0.01,0.09
2210544,Mane,Sadio Mane,Midfielder,LIV,0.11,1.10
2210544,Alisson,Alisson Ramses Becker,Goalkeeper,LIV,0.00,0.00
2210544,Fabinho,Fabio Henrique Tavares,Midfielder,LIV,0.04,0.00
2210544,Salah,Mohamed Salah,Midfielder,LIV,0.06,0.68
2210544,Robertson,Andrew Robertson,Defender,LIV,0.15,0.00
2210544,Alexander-Arnold,Trent Alexander-Arnold,Defender,LIV,0.84,0.16
2210544,Keita,Naby Keita,Midfielder,LIV,0.05,0.02
2210544,Diogo Jota,Diogo José Teixeira da Silva,Forward,LIV,0.00,0.09
2210544,Konaté,Ibrahima Konaté,Defender,LIV,0.01,0.00
2210544,Jones (Curtis),Curtis Jones,Midfielder,LIV,0.00,0.00
2210544,Díaz,Luis Díaz,Midfielder,LIV,0.24,0.32
2210544,Noble,Mark Noble,Midfielder,WHU,0.01,0.00
2210544,Fabianski,Lukasz Fabianski,Goalkeeper,WHU,0.00,0.00
2210544,Cresswell (Aaron),Aaron Cresswell,Defender,WHU,0.01,0.00
2210544,Antonio,Michail Antonio,Forward,WHU,0.00,0.21
2210544,Dawson,Craig Dawson,Defender,WHU,0.00,0.00
2210544,Lanzini,Manuel Lanzini,Midfielder,WHU,0.01,0.53
2210544,Zouma,Kurt Zouma,Defender,WHU,0.00,0.00
2210544,Benrahma,Said Benrahma,Midfielder,WHU,0.01,0.00
2210544,Bowen,Jarrod Bowen,Midfielder,WHU,0.15,0.11
2210544,Vlasic,Nikola Vlasic,Midfielder,WHU,0.04,0.10
2210544,Soucek,Tomas Soucek,Midfielder,WHU,0.08,0.15
2210544,Fornals,Pablo Fornals,Midfielder,WHU,0.04,0.24
2210544,Johnson,Ben Johnson,Defender,WHU,0.02,0.00
2210544,Chesters,Daniel Chesters,Midfielder,WHU,0.00,0.00
2210545,Walker (Kyle),Kyle Walker,Defender,MCI,0.04,0.00
2210545,Gundogan,Ilkay Gundogan,Midfielder,MCI,0.38,0.20
2210545,De Bruyne,Kevin De Bruyne,Midfielder,MCI,0.21,0.79
2210545,Stones,John Stones,Defender,MCI,0.01,0.00
2210545,Mahrez,Riyad Mahrez,Midfielder,MCI,0.04,0.98
2210545,Grealish,Jack Grealish,Midfielder,MCI,0.29,0.11
2210545,João Cancelo,João Pedro Cavaco Cancelo,Defender,MCI,0.04,0.03
2210545,Ederson,Ederson Santana de Moraes,Goalkeeper,MCI,0.00,0.00
2210545,Laporte,Aymeric Laporte,Defender,MCI,0.01,0.00
2210545,Bernardo Silva,Bernardo Mota Veiga de Carvalho e Silva,Midfielder,MCI,0.16,0.46
2210545,Foden,Phil Foden,Midfielder,MCI,0.06,0.48
2210545,Rodri,Rodrigo Hernández Cascante,Midfielder,MCI,0.13,0.00
2210545,De Gea,David De Gea,Goalkeeper,MUN,0.00,0.00
2210545,Pogba,Paul Pogba,Midfielder,MUN,0.01,0.00
2210545,Maguire,Harry Maguire,Defender,MUN,0.00,0.00
2210545,Fred,Frederico Rodrigues de Paula Santos,Midfielder,MUN,0.03,0.22
2210545,Lingard,Jesse Lingard,Midfielder,MUN,0.00,0.00
2210545,Bruno Fernandes,Bruno Miguel Borges Fernandes,Midfielder,MUN,0.16,0.02
2210545,Alex Telles,Alex Nicolao Telles,Defender,MUN,0.01,0.06
2210545,Rashford,Marcus Rashford,Midfielder,MUN,0.00,0.00
2210545,Lindelof,Victor Nilsson-Lindelof,Defender,MUN,0.01,0.00
2210545,McTominay,Scott McTominay,Midfielder,MUN,0.01,0.00
2210545,Sancho,Jadon Sancho,Midfielder,MUN,0.04,0.19
2210545,Wan-Bissaka,Aaron Wan-Bissaka,Defender,MUN,0.00,0.00
2210545,Elanga,Anthony Elanga,Midfielder,MUN,0.06,0.00
2210546,Welbeck,Danny Welbeck,Forward,BHA,0.01,0.46
2210546,Groß,Pascal Groß,Midfielder,BHA,0.42,0.24
2210546,Duffy,Shane Duffy,Defender,BHA,0.02,0.28
2210546,Dunk,Lewis Dunk,Defender,BHA,0.03,0.41
2210546,March,Solomon March,Midfielder,BHA,0.05,0.00
2210546,Veltman,Joël Veltman,Defender,BHA,0.04,0.04
2210546,Maupay,Neal Maupay,Forward,BHA,0.02,0.14
2210546,Trossard,Leandro Trossard,Midfielder,BHA,0.06,0.14
2210546,Cucurella,Marc Cucurella,Defender,BHA,0.11,0.00
2210546,Sanchez,Robert Sanchez,Goalkeeper,BHA,0.00,0.00
2210546,Lamptey,Tariq Lamptey,Defender,BHA,0.19,0.07
2210546,Alzate,Steven Alzate,Midfielder,BHA,0.03,0.00
2210546,Mac Allister,Alexis Mac Allister,Midfielder,BHA,0.03,0.00
2210546,Moder,Jakub Moder,Midfielder,BHA,0.23,0.00
2210546,Shelvey,Jonjo Shelvey,Midfielder,NEW,0.00,0.03
2210546,Wood,Chris Wood,Forward,NEW,0.18,0.00
2210546,Dubravka,Martin Dubravka,Goalkeeper,NEW,0.00,0.00
2210546,Burn,Dan Burn,Defender,NEW,0.00,0.20
2210546,Fraser,Ryan Fraser,Midfielder,NEW,0.10,0.89
2210546,Krafth,Emil Krafth,Defender,NEW,0.01,0.00
2210546,Murphy (Jacob),Jacob Murphy,Midfielder,NEW,0.03,0.72
2210546,Schär,Fabian Schär,Defender,NEW,0.00,0.08
2210546,Targett,Matt Targett,Defender,NEW,0.06,0.06
2210546,Saint-Maximin,Allan Saint-Maximin,Midfielder,NEW,0.00,0.11
2210546,Longstaff (Sean),Sean Longstaff,Midfielder,NEW,0.01,0.00
2210546,Joelinton,Joelinton Cássio Apolinário de Lira,Midfielder,NEW,0.02,0.00
2210546,Willock,Joseph Willock,Midfielder,NEW,0.04,0.05
2210546,Bruno Guimarães,Bruno Guimarães Rodriguez Moura,Midfielder,NEW,0.01,0.00
2210547,Jansson,Pontus Jansson,Defender,BRE,0.00,0.00
2210547,Eriksen,Christian Eriksen,Midfielder,BRE,0.10,0.04
2210547,Norgaard,Christian Norgaard,Midfielder,BRE,0.04,0.00
2210547,Toney,Ivan Toney,Forward,BRE,0.02,1.73
2210547,Raya Martin,David Raya Martin,Goalkeeper,BRE,0.00,0.00
2210547,Canos,Sergi Canos,Defender,BRE,0.02,0.08
2210547,Ajer,Kristoffer Ajer,Defender,BRE,0.06,0.00
2210547,Henry,Rico Henry,Defender,BRE,0.01,0.00
2210547,Janelt,Vitaly Janelt,Midfielder,BRE,0.01,0.01
2210547,Wissa,Yoane Wissa,Midfielder,BRE,0.01,0.00
2210547,Roerslev,Mads Roerslev,Defender,BRE,0.00,0.00
2210547,Pinnock,Ethan Pinnock,Defender,BRE,0.04,0.00
2210547,Onyeka,Frank Onyeka,Midfielder,BRE,0.00,0.00
2210547,Mbeumo,Bryan Mbeumo,Forward,BRE,0.02,0.12
2210547,Krul,Tim Krul,Goalkeeper,NOR,0.00,0.00
2210547,Pukki,Teemu Pukki,Forward,NOR,0.03,0.29
2210547,Kenny McLean,Kenneth McLean,Midfielder,NOR,0.03,0.10
2210547,Gibson (Ben),Ben Gibson,Defender,NOR,0.01,0.00
2210547,Hanley,Grant Hanley,Defender,NOR,0.00,0.00
2210547,Byram,Sam Byram,Defender,NOR,0.01,0.10
2210547,Mathias Normann,Mathias Antonsen Normann,Midfielder,NOR,0.01,0.00
2210547,Lees-Melou,Pierre Lees-Melou,Midfielder,NOR,0.02,0.01
2210547,Rashica,Milot Rashica,Midfielder,NOR,0.05,0.30
2210547,Sargent,Joshua Sargent,Forward,NOR,0.01,0.09
2210547,Williams (Brandon),Brandon Williams,Defender,NOR,0.01,0.00
2210547,Aarons,Maximillian Aarons,Defender,NOR,0.00,0.00
2210547,Gilmour,Billy Gilmour,Midfielder,NOR,0.10,0.12
2210547,Rowe (Jonathan),Jonathan Rowe,Midfielder,NOR,0.01,0.00
2210548,Coleman,Seamus Coleman,Defender,EVE,0.02,0.00
2210548,Keane,Michael Keane,Defender,EVE,0.01,0.00
2210548,Alli,Bamidele Alli,Midfielder,EVE,0.02,0.00
2210548,Pickford,Jordan Pickford,Goalkeeper,EVE,0.00,0.00
2210548,Allan,Allan Marques Loureiro,Midfielder,EVE,0.04,0.03
2210548,Doucouré,Abdoulaye Doucouré,Midfielder,EVE,0.06,0.00
2210548,Kenny,Jonjoe Kenny,Defender,EVE,0.01,0.00
2210548,Calvert-Lewin,Dominic Calvert-Lewin,Forward,EVE,0.00,0.09
2210548,van de Beek,Donny van de Beek,Midfielder,EVE,0.04,0.00
2210548,Holgate,Mason Holgate,Defender,EVE,0.01,0.00
2210548,Richarlison,Richarlison de Andrade,Forward,EVE,0.01,0.02
2210548,Mykolenko,Vitaliy Mykolenko,Defender,EVE,0.00,0.00
2210548,Gordon (Anthony),Anthony Gordon,Midfielder,EVE,0.05,0.06
2210548,Branthwaite,Jarrad Branthwaite,Defender,EVE,0.00,0.00
2210548,Lloris,Hugo Lloris,Goalkeeper,TOT,0.00,0.00
2210548,Kane,Harry Kane,Forward,TOT,0.25,0.89
2210548,Son,Heung-Min Son,Midfielder,TOT,0.18,0.53
2210548,Doherty,Matt Doherty,Defender,TOT,0.49,0.13
2210548,Dier,Eric Dier,Defender,TOT,0.01,0.40
2210548,Davies (Ben),Ben Davies,Defender,TOT,0.02,0.00
2210548,Højbjerg,Pierre-Emile Højbjerg,Midfielder,TOT,0.04,0.00
2210548,Sánchez (Davinson),Davinson Sánchez,Defender,TOT,0.00,0.11
2210548,Sessegnon (Ryan),Kouassi Ryan Sessegnon,Defender,TOT,0.02,0.00
2210548,Bergwijn,Steven Bergwijn,Midfielder,TOT,0.00,0.17
2210548,Reguilón,Sergio Reguilón,Defender,TOT,0.15,0.44
2210548,Bentancur,Rodrigo Bentancur,Midfielder,TOT,0.02,0.00
2210548,Romero (Cristian),Cristian Romero,Defender,TOT,0.00,0.00
2210548,Kulusevski,Dejan Kulusevski,Midfielder,TOT,0.47,0.04
2210549,Cedric,Cedric Ricardo Alves Soares,Defender,ARS,0.06,0.03
2210549,Lacazette,Alexandre Lacazette,Forward,ARS,0.17,0.15
2210549,Xhaka,Granit Xhaka,Midfielder,ARS,0.04,0.08
2210549,Holding,Rob Holding,Defender,ARS,0.00,0.00
2210549,Partey,Thomas Partey,Midfielder,ARS,0.05,0.06
2210549,Odegaard,Martin Odegaard,Midfielder,ARS,0.24,0.07
2210549,Tierney,Kieran Tierney,Defender,ARS,0.10,0.00
2210549,Pepe,Nicolas Pepe,Midfielder,ARS,0.00,0.04
2210549,White (Ben),Ben White,Defender,ARS,0.01,0.17
2210549,Eddie Nketiah,Edward Nketiah,Forward,ARS,0.00,0.04
2210549,Saka,Bukayo Saka,Midfielder,ARS,0.14,0.10
2210549,Ramsdale,Aaron Ramsdale,Goalkeeper,ARS,0.00,0.00
2210549,Gabriel Magalhães,Gabriel dos Santos Magalhães,Defender,ARS,0.03,0.09
2210549,Martinelli,Gabriel Teodoro Martinelli Silva,Midfielder,ARS,0.07,0.21
2210549,Foster,Ben Foster,Goalkeeper,WAT,0.00,0.00
2210549,Cathcart,Craig Cathcart,Defender,WAT,0.00,0.00
2210549,Cleverley,Tom Cleverley,Midfielder,WAT,0.01,0.04
2210549,Sissoko,Moussa Sissoko,Midfielder,WAT,0.03,0.26
2210549,Femenía,Francisco Femenía Far,Defender,WAT,0.20,0.00
2210549,Samir,Samir Caetano de Souza Santos,Defender,WAT,0.00,0.00
2210549,Kamara (Hassane),Hassane Kamara,Defender,WAT,0.02,0.04
2210549,Kalu,Samuel Kalu,Midfielder,WAT,0.00,0.02
2210549,Dennis (Emmanuel),Emmanuel Bonaventure Dennis,Forward,WAT,0.04,0.38
2210549,Cucho,Juan Camilo Hernández,Forward,WAT,0.05,0.19
2210549,Kayembe,Edo Kayembe,Midfielder,WAT,0.00,0.00
2210549,Louza,Imran Louza,Midfielder,WAT,0.02,0.05
2210549,João Pedro,João Pedro Junqueira de Jesus,Forward,WAT,0.01,0.00
2210550,Guaita,Vicente Guaita,Goalkeeper,CRY,0.00,0.00
2210550,Benteke,Christian Benteke,Forward,CRY,0.01,0.00
2210550,Kouyaté,Cheikhou Kouyaté,Defender,CRY,0.00,0.00
2210550,Clyne,Nathaniel Clyne,Defender,CRY,0.00,0.00
2210550,Milivojevic,Luka Milivojevic,Midfielder,CRY,0.00,0.00
2210550,Zaha,Wilfried Zaha,Midfielder,CRY,0.88,0.86
2210550,Schlupp,Jeffrey Schlupp,Midfielder,CRY,0.01,0.11
2210550,Hughes (Will),Will Hughes,Midfielder,CRY,0.00,0.00
2210550,Andersen,Joachim Andersen,Defender,CRY,0.18,0.00
2210550,Marc Guehi,Addji Keaninkin Marc-Israel Guehi,Defender,CRY,0.04,0.00
2210550,Mateta,Jean-Philippe Mateta,Forward,CRY,0.00,1.54
2210550,Gallagher,Conor Gallagher,Midfielder,CRY,0.05,0.13
2210550,Mitchell,Tyrick Mitchell,Defender,CRY,0.05,0.00
2210550,Olise,Michael Olise,Midfielder,CRY,0.07,0.13
2210550,Moutinho,João Moutinho,Midfielder,WOL,0.17,0.00
2210550,Coady,Conor Coady,Defender,WOL,0.00,0.06
2210550,Raúl Jiménez,Raul Alonso Jimenez Rodriguez,Forward,WOL,0.01,0.00
2210550,Saiss,Romain Saiss,Defender,WOL,0.01,0.00
2210550,Marçal,Fernando Marçal de Oliveira,Defender,WOL,0.08,0.03
2210550,Jonny,Jonathan Castro Otto,Defender,WOL,0.11,0.08
2210550,José Sá,José Pedro Malheiro de Sá,Goalkeeper,WOL,0.00,0.00
2210550,Ruben Neves,Rúben Diogo da Silva Neves,Midfielder,WOL,0.03,0.10
2210550,Hwang Hee-Chan,Hee-Chan Hwang,Midfielder,WOL,0.03,0.05
2210550,Podence,Daniel Podence,Midfielder,WOL,0.33,0.09
2210550,Kilman,Max Kilman,Defender,WOL,0.01,0.00
2210550,Neto,Pedro Neto,Midfielder,WOL,0.04,0.00
2210550,Hoever,Ki-Jana Hoever,Defender,WOL,0.00,0.00
2210550,Chiquinho,Francisco Jorge Tomás Oliveira,Midfielder,WOL,0.00,0.32
2210551,Cedric,Cedric Ricardo Alves Soares,Defender,ARS,0.14,0.07
2210551,Lacazette,Alexandre Lacazette,Forward,ARS,0.19,1.07
2210551,Xhaka,Granit Xhaka,Midfielder,ARS,0.14,0.13
2210551,Partey,Thomas Partey,Midfielder,ARS,0.02,1.03
2210551,Odegaard,Martin Odegaard,Midfielder,ARS,0.07,0.00
2210551,Tierney,Kieran Tierney,Defender,ARS,0.06,0.00
2210551,Pepe,Nicolas Pepe,Midfielder,ARS,0.00,0.00
2210551,White (Ben),Ben White,Defender,ARS,0.01,0.29
2210551,Eddie Nketiah,Edward Nketiah,Forward,ARS,0.00,0.00
2210551,Smith-Rowe,Emile Smith-Rowe,Midfielder,ARS,0.01,0.14
2210551,Saka,Bukayo Saka,Midfielder,ARS,0.09,0.29
2210551,Ramsdale,Aaron Ramsdale,Goalkeeper,ARS,0.00,0.00
2210551,Gabriel Magalhães,Gabriel dos Santos Magalhães,Defender,ARS,0.00,0.00
2210551,Martinelli,Gabriel Teodoro Martinelli Silva,Midfielder,ARS,0.59,0.13
2210551,Schmeichel,Kasper Schmeichel,Goalkeeper,LEI,0.00,0.00
2210551,Albrighton,Marc Albrighton,Midfielder,LEI,0.10,0.06
2210551,Mendy (Nampalys),Nampalys Mendy,Midfielder,LEI,0.00,0.00
2210551,Ricardo Pereira,Ricardo Domingos Barbosa Pereira,Defender,LEI,0.01,0.00
2210551,Amartey,Daniel Amartey,Defender,LEI,0.01,0.00
2210551,Maddison,James Maddison,Midfielder,LEI,0.08,0.00
2210551,Iheanacho,Kelechi Iheanacho,Forward,LEI,0.01,0.03
2210551,Barnes (Harvey),Harvey Barnes,Midfielder,LEI,0.16,0.22
2210551,Ndidi,Onyinye Wilfred Ndidi,Midfielder,LEI,0.00,0.00
2210551,Dewsbury-Hall,Kiernan Dewsbury-Hall,Midfielder,LEI,0.11,0.04
2210551,Söyüncü,Caglar Söyüncü,Defender,LEI,0.01,0.03
2210551,Justin,James Justin,Defender,LEI,0.00,0.00
2210551,Thomas (Luke),Luke Thomas,Defender,LEI,0.01,0.00
2210551,Daka,Patson Daka,Forward,LEI,0.00,0.00
2210552,Jansson,Pontus Jansson,Defender,BRE,0.00,0.00
2210552,Eriksen,Christian Eriksen,Midfielder,BRE,0.35,0.11
2210552,Norgaard,Christian Norgaard,Midfielder,BRE,0.01,0.01
2210552,Toney,Ivan Toney,Forward,BRE,0.33,1.25
2210552,Raya Martin,David Raya Martin,Goalkeeper,BRE,0.00,0.00
2210552,Canos,Sergi Canos,Defender,BRE,0.23,0.11
2210552,Ajer,Kristoffer Ajer,Defender,BRE,0.01,0.00
2210552,Henry,Rico Henry,Defender,BRE,0.01,0.01
2210552,Janelt,Vitaly Janelt,Midfielder,BRE,0.01,0.17
2210552,Jensen,Mathias Jensen,Midfielder,BRE,0.00,0.00
2210552,Wissa,Yoane Wissa,Midfielder,BRE,0.00,0.00
2210552,Pinnock,Ethan Pinnock,Defender,BRE,0.02,0.00
2210552,Onyeka,Frank Onyeka,Midfielder,BRE,0.00,0.00
2210552,Mbeumo,Bryan Mbeumo,Forward,BRE,0.04,0.27
2210552,Lennon,Aaron Lennon,Midfielder,BUR,0.01,0.00
2210552,Tarkowski,James Tarkowski,Defender,BUR,0.04,0.00
2210552,Rodriguez,Jay Rodriguez,Forward,BUR,0.00,0.02
2210552,Westwood,Ashley Roy Westwood,Midfielder,BUR,0.21,0.00
2210552,Pope,Nick Pope,Goalkeeper,BUR,0.01,0.00
2210552,Taylor (Charlie),Charlie Taylor,Defender,BUR,0.00,0.02
2210552,Weghorst,Wout Weghorst,Forward,BUR,0.01,0.00
2210552,Cornet,Maxwel Cornet,Midfielder,BUR,0.11,0.23
2210552,Brownhill,Josh Brownhill,Midfielder,BUR,0.04,0.08
2210552,Roberts (Connor),Connor Roberts,Defender,BUR,0.02,0.00
2210552,Collins,Nathan Collins,Defender,BUR,0.00,0.00
2210552,McNeil,Dwight McNeil,Midfielder,BUR,0.07,0.32
2210553,Lallana,Adam Lallana,Midfielder,BHA,0.00,0.00
2210553,Welbeck,Danny Welbeck,Forward,BHA,0.01,0.12
2210553,Groß,Pascal Groß,Midfielder,BHA,0.14,0.00
2210553,Dunk,Lewis Dunk,Defender,BHA,0.00,0.00
2210553,March,Solomon March,Midfielder,BHA,0.13,0.08
2210553,Veltman,Joël Veltman,Defender,BHA,0.00,0.00
2210553,Maupay,Neal Maupay,Forward,BHA,0.11,0.06
2210553,Trossard,Leandro Trossard,Midfielder,BHA,0.02,0.20
2210553,Cucurella,Marc Cucurella,Defender,BHA,0.01,0.00
2210553,Sanchez,Robert Sanchez,Goalkeeper,BHA,0.00,0.00
2210553,Bissouma,Yves Bissouma,Midfielder,BHA,0.00,0.00
2210553,Lamptey,Tariq Lamptey,Defender,BHA,0.09,0.01
2210553,Alzate,Steven Alzate,Midfielder,BHA,0.00,0.00
2210553,Mac Allister,Alexis Mac Allister,Midfielder,BHA,0.03,0.00
2210553,Milner,James Milner,Midfielder,LIV,0.00,0.00
2210553,Henderson (Jordan),Jordan Henderson,Midfielder,LIV,0.01,0.06
2210553,Matip,Joel Matip,Defender,LIV,0.24,0.07
2210553,Thiago Alcántara,Thiago Alcántara do Nascimento,Midfielder,LIV,0.01,0.00
2210553,van Dijk,Virgil van Dijk,Defender,LIV,0.10,0.00
2210553,Mane,Sadio Mane,Midfielder,LIV,0.05,0.42
2210553,Alisson,Alisson Ramses Becker,Goalkeeper,LIV,0.00,0.00
2210553,Fabinho,Fabio Henrique Tavares,Midfielder,LIV,0.28,0.00
2210553,Salah,Mohamed Salah,Midfielder,LIV,0.55,1.45
2210553,Robertson,Andrew Robertson,Defender,LIV,0.03,0.09
2210553,Alexander-Arnold,Trent Alexander-Arnold,Defender,LIV,0.30,0.06
2210553,Keita,Naby Keita,Midfielder,LIV,0.02,0.08
2210553,Diogo Jota,Diogo José Teixeira da Silva,Forward,LIV,0.00,0.00
2210553,Díaz,Luis Díaz,Midfielder,LIV,0.06,0.19
2210554,Lukaku,Romelu Lukaku,Forward,CHE,0.00,0.00
2210554,Jorginho,Jorge Luiz Frello Filho,Midfielder,CHE,0.29,0.00
2210554,Kovacic,Mateo Kovacic,Midfielder,CHE,0.03,0.00
2210554,Rüdiger,Antonio Rüdiger,Defender,CHE,0.05,0.07
2210554,Kanté,N'Golo Kanté,Midfielder,CHE,0.04,0.00
2210554,Ziyech,Hakim Ziyech,Midfielder,CHE,0.21,0.00
2210554,Christensen,Andreas Christensen,Defender,CHE,0.15,0.03
2210554,Werner,Timo Werner,Forward,CHE,0.03,0.03
2210554,Pulisic,Christian Pulisic,Midfielder,CHE,0.02,0.00
2210554,Chalobah (Trevoh),Trevoh Chalobah,Defender,CHE,0.01,0.00
2210554,Mount,Mason Mount,Midfielder,CHE,0.02,0.08
2210554,Sarr (Malang),Malang Sarr,Defender,CHE,0.02,0.00
2210554,Havertz,Kai Havertz,Forward,CHE,0.03,0.79
2210554,Mendy (Edouard),Edouard Mendy,Goalkeeper,CHE,0.00,0.00
2210554,Wood,Chris Wood,Forward,NEW,0.00,0.00
2210554,Dubravka,Martin Dubravka,Goalkeeper,NEW,0.00,0.00
2210554,Burn,Dan Burn,Defender,NEW,0.00,0.04
2210554,Fraser,Ryan Fraser,Midfielder,NEW,0.00,0.00
2210554,Lascelles,Jamaal Lascelles,Defender,NEW,0.00,0.00
2210554,Gayle,Dwight Gayle,Forward,NEW,0.00,0.00
2210554,Manquillo,Javier Manquillo,Defender,NEW,0.00,0.00
2210554,Murphy (Jacob),Jacob Murphy,Midfielder,NEW,0.00,0.02
2210554,Schär,Fabian Schär,Defender,NEW,0.01,0.13
2210554,Targett,Matt Targett,Defender,NEW,0.36,0.00
2210554,Saint-Maximin,Allan Saint-Maximin,Midfielder,NEW,0.00,0.00
2210554,Almirón,Miguel Almirón,Midfielder,NEW,0.01,0.01
2210554,Longstaff (Sean),Sean Longstaff,Midfielder,NEW,0.01,0.03
2210554,Bruno Guimarães,Bruno Guimarães Rodriguez Moura,Midfielder,NEW,0.02,0.02
2210555,Guaita,Vicente Guaita,Goalkeeper,CRY,0.00,0.00
2210555,Kouyaté,Cheikhou Kouyaté,Defender,CRY,0.02,0.36
2210555,Clyne,Nathaniel Clyne,Defender,CRY,0.00,0.00
2210555,Ayew,Jordan Ayew,Midfielder,CRY,0.00,0.00
2210555,Zaha,Wilfried Zaha,Midfielder,CRY,0.01,0.05
2210555,Schlupp,Jeffrey Schlupp,Midfielder,CRY,0.00,0.00
2210555,Andersen,Joachim Andersen,Defender,CRY,0.08,0.00
2210555,Edouard,Odsonne Edouard,Forward,CRY,0.00,0.09
2210555,Marc Guehi,Addji Keaninkin Marc-Israel Guehi,Defender,CRY,0.25,0.00
2210555,Mateta,Jean-Philippe Mateta,Forward,CRY,0.04,0.03
2210555,Gallagher,Conor Gallagher,Midfielder,CRY,0.01,0.04
2210555,Mitchell,Tyrick Mitchell,Defender,CRY,0.00,0.00
2210555,Olise,Michael Olise,Midfielder,CRY,0.06,0.03
2210555,Walker (Kyle),Kyle Walker,Defender,MCI,0.09,0.00
2210555,De Bruyne,Kevin De Bruyne,Midfielder,MCI,0.15,0.35
2210555,Stones,John Stones,Defender,MCI,0.05,0.03
2210555,Mahrez,Riyad Mahrez,Midfielder,MCI,0.09,0.26
2210555,Grealish,Jack Grealish,Midfielder,MCI,0.60,0.13
2210555,João Cancelo,João Pedro Cavaco Cancelo,Defender,MCI,0.31,0.01
2210555,Ederson,Ederson Santana de Moraes,Goalkeeper,MCI,0.00,0.00
2210555,Laporte,Aymeric Laporte,Defender,MCI,0.04,0.95
2210555,Bernardo Silva,Bernardo Mota Veiga de Carvalho e Silva,Midfielder,MCI,0.04,1.03
2210555,Foden,Phil Foden,Midfielder,MCI,0.04,0.09
2210555,Rodri,Rodrigo Hernández Cascante,Midfielder,MCI,0.11,0.09
2210556,Coleman,Seamus Coleman,Defender,EVE,0.04,0.00
2210556,Townsend,Andros Townsend,Midfielder,EVE,0.00,0.06
2210556,Alli,Bamidele Alli,Midfielder,EVE,0.00,0.00
2210556,Pickford,Jordan Pickford,Goalkeeper,EVE,0.00,0.00
2210556,Doucouré,Abdoulaye Doucouré,Midfielder,EVE,0.01,0.00
2210556,Kenny,Jonjoe Kenny,Defender,EVE,0.04,0.02
2210556,Gray (Demarai),Demarai Gray,Midfielder,EVE,0.10,0.08
2210556,van de Beek,Donny van de Beek,Midfielder,EVE,0.00,0.00
2210556,Holgate,Mason Holgate,Defender,EVE,0.09,0.00
2210556,Godfrey,Ben Godfrey,Defender,EVE,0.00,0.01
2210556,Richarlison,Richarlison de Andrade,Forward,EVE,0.00,0.22
2210556,Mykolenko,Vitaliy Mykolenko,Defender,EVE,0.14,0.00
2210556,Gordon (Anthony),Anthony Gordon,Midfielder,EVE,0.01,0.00
2210556,Moutinho,João Moutinho,Midfielder,WOL,0.08,0.05
2210556,Coady,Conor Coady,Defender,WOL,0.01,0.08
2210556,Raúl Jiménez,Raul Alonso Jimenez Rodriguez,Forward,WOL,0.01,0.37
2210556,Saiss,Romain Saiss,Defender,WOL,0.00,0.00
2210556,Marçal,Fernando Marçal de Oliveira,Defender,WOL,0.01,0.02
2210556,Jonny,Jonathan Castro Otto,Defender,WOL,0.04,0.01
2210556,José Sá,José Pedro Malheiro de Sá,Goalkeeper,WOL,0.00,0.00
2210556,Dendoncker (Leander),Leander Dendoncker,Midfielder,WOL,0.01,0.01
2210556,Ruben Neves,Rúben Diogo da Silva Neves,Midfielder,WOL,0.09,0.08
2210556,Hwang Hee-Chan,Hee-Chan Hwang,Midfielder,WOL,0.00,0.00
2210556,Podence,Daniel Podence,Midfielder,WOL,0.17,0.08
2210556,Kilman,Max Kilman,Defender,WOL,0.01,0.00
2210556,Trincão,Francisco António Machado Trincão,Midfielder,WOL,0.01,0.10
2210556,Fabio Silva,Fabio Daniel Soares Silva,Forward,WOL,0.00,0.00
2210557,Ayling,Luke Ayling,Defender,LEE,0.03,0.00
2210557,Klich,Mateusz Klich,Midfielder,LEE,0.57,0.00
2210557,Forshaw,Adam Forshaw,Midfielder,LEE,0.19,0.00
2210557,Rodrigo,Rodrigo Moreno Machado,Midfielder,LEE,0.03,0.10
2210557,Dallas,Stuart Dallas,Defender,LEE,0.29,0.00
2210557,Bamford,Patrick Bamford,Forward,LEE,0.19,0.41
2210557,Diego Llorente,Diego Javier Llorente Ríos,Defender,LEE,0.00,0.00
2210557,Koch,Robin Koch,Defender,LEE,0.00,0.00
2210557,James (Daniel),Daniel James,Midfielder,LEE,0.02,0.04
2210557,Raphinha,Raphael Dias Belloli,Midfielder,LEE,1.03,0.64
2210557,Harrison,Jack Harrison,Midfielder,LEE,0.01,0.06
2210557,Struijk,Pascal Struijk,Defender,LEE,0.00,0.53
2210557,Meslier,Illan Meslier,Goalkeeper,LEE,0.00,0.00
2210557,Gelhardt,Joe Gelhardt,Forward,LEE,0.00,0.94
2210557,Krul,Tim Krul,Goalkeeper,NOR,0.49,0.00
2210557,Pukki,Teemu Pukki,Forward,NOR,0.32,0.66
2210557,Rupp,Lukas Rupp,Midfielder,NOR,0.01,0.06
2210557,Kenny McLean,Kenneth McLean,Midfielder,NOR,0.00,0.39
2210557,Gibson (Ben),Ben Gibson,Defender,NOR,0.01,0.00
2210557,Mathias Normann,Mathias Antonsen Normann,Midfielder,NOR,0.04,0.00
2210557,Lees-Melou,Pierre Lees-Melou,Midfielder,NOR,0.01,0.00
2210557,Rashica,Milot Rashica,Midfielder,NOR,0.02,0.13
2210557,Sargent,Joshua Sargent,Forward,NOR,0.24,0.02
2210557,Williams (Brandon),Brandon Williams,Defender,NOR,0.24,0.00
2210557,Aarons,Maximillian Aarons,Defender,NOR,0.19,0.03
2210557,Gilmour,Billy Gilmour,Midfielder,NOR,0.03,0.00
2210557,Kabak,Ozan Kabak,Defender,NOR,0.00,0.00
2210557,Rowe (Jonathan),Jonathan Rowe,Midfielder,NOR,0.00,0.19
2210558,Cristiano Ronaldo,Cristiano Ronaldo dos Santos Aveiro,Forward,MUN,0.02,0.91
2210558,Cavani,Edinson Cavani,Forward,MUN,0.00,0.00
2210558,De Gea,David De Gea,Goalkeeper,MUN,0.00,0.00
2210558,Matic,Nemanja Matic,Midfielder,MUN,0.01,0.00
2210558,Pogba,Paul Pogba,Midfielder,MUN,0.02,0.04
2210558,Varane,Raphael Varane,Defender,MUN,0.01,0.00
2210558,Maguire,Harry Maguire,Defender,MUN,0.01,0.00
2210558,Fred,Frederico Rodrigues de Paula Santos,Midfielder,MUN,0.02,0.00
2210558,Alex Telles,Alex Nicolao Telles,Defender,MUN,0.09,0.00
2210558,Rashford,Marcus Rashford,Midfielder,MUN,0.01,0.00
2210558,Lindelof,Victor Nilsson-Lindelof,Defender,MUN,0.00,0.00
2210558,Sancho,Jadon Sancho,Midfielder,MUN,0.30,0.04
2210558,Dalot,José Diogo Dalot Teixeira,Defender,MUN,0.02,0.00
2210558,Elanga,Anthony Elanga,Midfielder,MUN,0.00,0.00
2210558,Lloris,Hugo Lloris,Goalkeeper,TOT,0.00,0.00
2210558,Kane,Harry Kane,Forward,TOT,0.06,0.80
2210558,Son,Heung-Min Son,Midfielder,TOT,0.11,0.32
2210558,Doherty,Matt Doherty,Defender,TOT,0.04,0.07
2210558,Dier,Eric Dier,Defender,TOT,0.00,0.23
2210558,Lucas Moura,Lucas Rodrigues Moura da Silva,Midfielder,TOT,0.00,0.00
2210558,Davies (Ben),Ben Davies,Defender,TOT,0.01,0.00
2210558,Højbjerg,Pierre-Emile Højbjerg,Midfielder,TOT,0.02,0.06
2210558,Winks,Harry Winks,Midfielder,TOT,0.00,0.00
2210558,Bergwijn,Steven Bergwijn,Midfielder,TOT,0.01,0.00
2210558,Reguilón,Sergio Reguilón,Defender,TOT,0.05,0.00
2210558,Bentancur,Rodrigo Bentancur,Midfielder,TOT,0.23,0.09
2210558,Romero (Cristian),Cristian Romero,Defender,TOT,0.06,0.00
2210558,Kulusevski,Dejan Kulusevski,Midfielder,TOT,0.22,0.00
2210559,Long (Shane),Shane Long,Forward,SOU,0.02,0.00
2210559,Forster,Fraser Forster,Goalkeeper,SOU,0.00,0.00
2210559,Romeu,Oriol Romeu,Midfielder,SOU,0.06,0.00
2210559,Redmond,Nathan Redmond,Midfielder,SOU,0.21,0.05
2210559,Armstrong (Stuart),Stuart Armstrong,Midfielder,SOU,0.17,0.01
2210559,Elyounoussi,Mohammed Elyounoussi,Midfielder,SOU,0.02,0.49
2210559,Ward-Prowse,James Ward-Prowse,Midfielder,SOU,0.46,0.07
2210559,Walker-Peters,Kyle Walker-Peters,Defender,SOU,0.04,0.06
2210559,Bednarek,Jan Bednarek,Defender,SOU,0.01,0.05
2210559,Adams,Che Adams,Forward,SOU,0.40,0.14
2210559,Smallbone,William Smallbone,Midfielder,SOU,0.00,0.00
2210559,Perraud,Romain Perraud,Defender,SOU,0.01,0.02
2210559,Broja,Armando Broja,Forward,SOU,0.00,0.00
2210559,Salisu,Mohammed Salisu,Defender,SOU,0.02,0.53
2210559,Foster,Ben Foster,Goalkeeper,WAT,0.01,0.00
2210559,Cathcart,Craig Cathcart,Defender,WAT,0.00,0.00
2210559,Sissoko,Moussa Sissoko,Midfielder,WAT,0.15,0.00
2210559,Femenía,Francisco Femenía Far,Defender,WAT,0.01,0.00
2210559,Kucka,Juraj Kucka,Midfielder,WAT,0.06,0.52
2210559,King,Joshua King,Forward,WAT,0.14,0.00
2210559,Kabasele,Christian Kabasele,Defender,WAT,0.00,0.00
2210559,Sema,Ken Sema,Midfielder,WAT,0.00,0.00
2210559,Samir,Samir Caetano de Souza Santos,Defender,WAT,0.00,0.00
2210559,Kamara (Hassane),Hassane Kamara,Defender,WAT,0.00,0.00
2210559,Dennis (Emmanuel),Emmanuel Bonaventure Dennis,Forward,WAT,0.05,0.12
2210559,Cucho,Juan Camilo Hernández,Forward,WAT,0.01,0.79
2210559,Louza,Imran Louza,Midfielder,WAT,0.02,0.17
2210559,João Pedro,João Pedro Junqueira de Jesus,Forward,WAT,0.04,0.13
2210560,Young (Ashley),Ashley Young,Defender,AVL,0.08,0.00
2210560,Coutinho,Philippe Coutinho,Midfielder,AVL,0.05,0.27
2210560,Ings,Danny Ings,Forward,AVL,0.06,0.08
2210560,Martinez,Emiliano Martinez,Goalkeeper,AVL,0.00,0.00
2210560,Chambers,Calum Chambers,Defender,AVL,0.00,0.06
2210560,Digne,Lucas Digne,Defender,AVL,0.00,0.00
2210560,McGinn,John McGinn,Midfielder,AVL,0.04,0.03
2210560,Mings,Tyrone Mings,Defender,AVL,0.06,0.03
2210560,Watkins,Ollie Watkins,Forward,AVL,0.08,0.09
2210560,Buendía,Emiliano Buendía,Midfielder,AVL,0.05,0.45
2210560,Cash,Matthew Cash,Defender,AVL,0.01,0.00
2210560,Bailey,Leon Bailey,Midfielder,AVL,0.63,0.02
2210560,Douglas Luiz,Douglas Luiz Soares de Paulo,Midfielder,AVL,0.03,0.00
2210560,Ramsey (Jacob),Jacob Ramsey,Midfielder,AVL,0.53,0.11
2210560,Fabianski,Lukasz Fabianski,Goalkeeper,WHU,0.00,0.00
2210560,Cresswell (Aaron),Aaron Cresswell,Defender,WHU,0.08,0.00
2210560,Yarmolenko,Andriy Yarmolenko,Midfielder,WHU,0.03,0.18
2210560,Antonio,Michail Antonio,Forward,WHU,0.01,0.00
2210560,Dawson,Craig Dawson,Defender,WHU,0.01,0.41
2210560,Fredericks,Ryan Fredericks,Defender,WHU,0.00,0.00
2210560,Lanzini,Manuel Lanzini,Midfielder,WHU,0.04,0.00
2210560,Zouma,Kurt Zouma,Defender,WHU,0.01,0.28
2210560,Benrahma,Said Benrahma,Midfielder,WHU,0.15,0.12
2210560,Rice,Declan Rice,Midfielder,WHU,0.01,0.00
2210560,Soucek,Tomas Soucek,Midfielder,WHU,0.04,0.04
2210560,Fornals,Pablo Fornals,Midfielder,WHU,0.32,0.30
2210560,Diop,Issa Diop,Defender,WHU,0.00,0.00
2210560,Johnson,Ben Johnson,Defender,WHU,0.04,0.00
2210561,Cedric,Cedric Ricardo Alves Soares,Defender,ARS,0.09,0.00
2210561,Lacazette,Alexandre Lacazette,Forward,ARS,0.00,0.13
2210561,Leno,Bernd Leno,Goalkeeper,ARS,0.00,0.00
2210561,Xhaka,Granit Xhaka,Midfielder,ARS,0.07,0.00
2210561,Holding,Rob Holding,Defender,ARS,0.00,0.00
2210561,Partey,Thomas Partey,Midfielder,ARS,0.09,0.12
2210561,Odegaard,Martin Odegaard,Midfielder,ARS,0.21,0.09
2210561,Tierney,Kieran Tierney,Defender,ARS,0.02,0.00
2210561,Pepe,Nicolas Pepe,Midfielder,ARS,0.00,0.00
2210561,White (Ben),Ben White,Defender,ARS,0.00,0.00
2210561,Eddie Nketiah,Edward Nketiah,Forward,ARS,0.00,0.00
2210561,Smith-Rowe,Emile Smith-Rowe,Midfielder,ARS,0.05,0.85
2210561,Saka,Bukayo Saka,Midfielder,ARS,0.41,0.14
2210561,Gabriel Magalhães,Gabriel dos Santos Magalhães,Defender,ARS,0.00,0.00
2210561,Young (Ashley),Ashley Young,Defender,AVL,0.02,0.00
2210561,Coutinho,Philippe Coutinho,Midfielder,AVL,0.07,0.04
2210561,Ings,Danny Ings,Forward,AVL,0.00,0.25
2210561,Martinez,Emiliano Martinez,Goalkeeper,AVL,0.00,0.00
2210561,Traore (Bertrand),Bertrand Traore,Midfielder,AVL,0.03,0.04
2210561,McGinn,John McGinn,Midfielder,AVL,0.12,0.09
2210561,Mings,Tyrone Mings,Defender,AVL,0.00,0.00
2210561,Watkins,Ollie Watkins,Forward,AVL,0.02,0.04
2210561,Buendía,Emiliano Buendía,Midfielder,AVL,0.01,0.00
2210561,Cash,Matthew Cash,Defender,AVL,0.03,0.00
2210561,Konsa Ngoyo,Ezri Konsa Ngoyo,Defender,AVL,0.01,0.00
2210561,Bailey,Leon Bailey,Midfielder,AVL,0.00,0.00
2210561,Douglas Luiz,Douglas Luiz Soares de Paulo,Midfielder,AVL,0.02,0.05
2210561,Ramsey (Jacob),Jacob Ramsey,Midfielder,AVL,0.01,0.00
2210562,Lennon,Aaron Lennon,Midfielder,BUR,0.00,0.00
2210562,Tarkowski,James Tarkowski,Defender,BUR,0.00,0.19
2210562,Cork,Jack Cork,Midfielder,BUR,0.01,0.00
2210562,Rodriguez,Jay Rodriguez,Forward,BUR,0.00,0.38
2210562,Lowton,Matthew Lowton,Defender,BUR,0.00,0.00
2210562,Vydra,Matej Vydra,Forward,BUR,0.00,0.00
2210562,Pope,Nick Pope,Goalkeeper,BUR,0.00,0.00
2210562,Taylor (Charlie),Charlie Taylor,Defender,BUR,0.02,0.00
2210562,Weghorst,Wout Weghorst,Forward,BUR,0.05,0.68
2210562,Cornet,Maxwel Cornet,Midfielder,BUR,0.01,0.03
2210562,Brownhill,Josh Brownhill,Midfielder,BUR,0.32,0.00
2210562,Roberts (Connor),Connor Roberts,Defender,BUR,0.04,0.02
2210562,Collins,Nathan Collins,Defender,BUR,0.00,0.24
2210562,McNeil,Dwight McNeil,Midfielder,BUR,0.16,0.11
2210562,Forster,Fraser Forster,Goalkeeper,SOU,0.00,0.00
2210562,Romeu,Oriol Romeu,Midfielder,SOU,0.03,0.22
2210562,Redmond,Nathan Redmond,Midfielder,SOU,0.36,0.00
2210562,Armstrong (Stuart),Stuart Armstrong,Midfielder,SOU,0.03,0.07
2210562,Elyounoussi,Mohammed Elyounoussi,Midfielder,SOU,0.07,0.07
2210562,Ward-Prowse,James Ward-Prowse,Midfielder,SOU,0.20,0.04
2210562,Walker-Peters,Kyle Walker-Peters,Defender,SOU,0.02,0.05
2210562,Bednarek,Jan Bednarek,Defender,SOU,0.01,0.00
2210562,Adams,Che Adams,Forward,SOU,0.00,0.36
2210562,Lyanco,Lyanco Evangelista Silveira Neves Vojnovic,Defender,SOU,0.01,0.05
2210562,Valery,Yann Valery,Defender,SOU,0.01,0.00
2210562,Perraud,Romain Perraud,Defender,SOU,0.01,0.00
2210562,Broja,Armando Broja,Forward,SOU,0.02,0.04
2210562,Livramento,Valentino Livramento,Defender,SOU,0.00,0.00
2210563,Jansson,Pontus Jansson,Defender,BRE,0.05,0.36
2210563,Norgaard,Christian Norgaard,Midfielder,BRE,0.04,0.00
2210563,Toney,Ivan Toney,Forward,BRE,0.40,0.10
2210563,Fosu-Henry,Tariqe Fosu-Henry,Midfielder,BRE,0.03,0.04
2210563,Raya Martin,David Raya Martin,Goalkeeper,BRE,0.00,0.00
2210563,Ajer,Kristoffer Ajer,Defender,BRE,0.31,0.00
2210563,Henry,Rico Henry,Defender,BRE,0.05,0.00
2210563,Janelt,Vitaly Janelt,Midfielder,BRE,0.02,0.01
2210563,Jensen,Mathias Jensen,Midfielder,BRE,0.11,0.18
2210563,Wissa,Yoane Wissa,Midfielder,BRE,0.51,0.06
2210563,Roerslev,Mads Roerslev,Defender,BRE,0.01,0.00
2210563,Pinnock,Ethan Pinnock,Defender,BRE,0.06,0.00
2210563,Baptiste (Shandon),Shandon Baptiste,Midfielder,BRE,0.05,0.16
2210563,Mbeumo,Bryan Mbeumo,Forward,BRE,0.12,0.50
2210563,Schmeichel,Kasper Schmeichel,Goalkeeper,LEI,0.00,0.00
2210563,Evans,Jonny Evans,Defender,LEI,0.00,0.00
2210563,Mendy (Nampalys),Nampalys Mendy,Midfielder,LEI,0.02,0.00
2210563,Amartey,Daniel Amartey,Defender,LEI,0.01,0.00
2210563,Castagne,Timothy Castagne,Defender,LEI,0.01,0.04
2210563,Tielemans,Youri Tielemans,Midfielder,LEI,0.01,0.00
2210563,Maddison,James Maddison,Midfielder,LEI,0.20,0.15
2210563,Iheanacho,Kelechi Iheanacho,Forward,LEI,0.24,0.32
2210563,Barnes (Harvey),Harvey Barnes,Midfielder,LEI,0.06,0.20
2210563,Dewsbury-Hall,Kiernan Dewsbury-Hall,Midfielder,LEI,0.07,0.05
2210563,Söyüncü,Caglar Söyüncü,Defender,LEI,0.00,0.00
2210563,Justin,James Justin,Defender,LEI,0.02,0.23
2210563,Soumaré,Boubakary Soumaré,Midfielder,LEI,0.00,0.00
2210563,Daka,Patson Daka,Forward,LEI,0.00,0.00
2210564,Milner,James Milner,Midfielder,LIV,0.00,0.00
2210564,Henderson (Jordan),Jordan Henderson,Midfielder,LIV,0.06,0.05
2210564,Matip,Joel Matip,Defender,LIV,0.01,0.00
2210564,Thiago Alcántara,Thiago Alcántara do Nascimento,Midfielder,LIV,0.27,0.00
2210564,van Dijk,Virgil van Dijk,Defender,LIV,0.01,0.00
2210564,Mane,Sadio Mane,Midfielder,LIV,0.17,0.29
2210564,Alisson,Alisson Ramses Becker,Goalkeeper,LIV,0.00,0.00
2210564,Fabinho,Fabio Henrique Tavares,Midfielder,LIV,0.26,0.01
2210564,Salah,Mohamed Salah,Midfielder,LIV,0.81,0.76
2210564,Robertson,Andrew Robertson,Defender,LIV,0.04,0.00
2210564,Alexander-Arnold,Trent Alexander-Arnold,Defender,LIV,0.10,0.00
2210564,Keita,Naby Keita,Midfielder,LIV,0.00,0.00
2210564,Diogo Jota,Diogo José Teixeira da Silva,Forward,LIV,0.26,0.26
2210564,Díaz,Luis Díaz,Midfielder,LIV,0.12,0.60
2210564,De Gea,David De Gea,Goalkeeper,MUN,0.00,0.00
2210564,Matic,Nemanja Matic,Midfielder,MUN,0.01,0.00
2210564,Pogba,Paul Pogba,Midfielder,MUN,0.00,0.00
2210564,Jones (Phil),Phil Jones,Defender,MUN,0.00,0.00
2210564,Maguire,Harry Maguire,Defender,MUN,0.00,0.00
2210564,Lingard,Jesse Lingard,Midfielder,MUN,0.02,0.00
2210564,Bruno Fernandes,Bruno Miguel Borges Fernandes,Midfielder,MUN,0.06,0.00
2210564,Rashford,Marcus Rashford,Midfielder,MUN,0.00,0.00
2210564,Lindelof,Victor Nilsson-Lindelof,Defender,MUN,0.17,0.00
2210564,Sancho,Jadon Sancho,Midfielder,MUN,0.01,0.03
2210564,Wan-Bissaka,Aaron Wan-Bissaka,Defender,MUN,0.00,0.00
2210564,Dalot,José Diogo Dalot Teixeira,Defender,MUN,0.00,0.00
2210564,Elanga,Anthony Elanga,Midfielder,MUN,0.01,0.07
2210564,Mejbri,Hannibal Mejbri,Midfielder,MUN,0.00,0.00
2210565,Welbeck,Danny Welbeck,Forward,BHA,0.00,0.12
2210565,Groß,Pascal Groß,Midfielder,BHA,0.14,0.00
2210565,Dunk,Lewis Dunk,Defender,BHA,0.00,0.00
2210565,March,Solomon March,Midfielder,BHA,0.02,0.00
2210565,Webster (Adam),Adam Webster,Defender,BHA,0.00,0.00
2210565,Veltman,Joël Veltman,Defender,BHA,0.00,0.00
2210565,Maupay,Neal Maupay,Forward,BHA,0.00,0.00
2210565,Cucurella,Marc Cucurella,Defender,BHA,0.05,0.00
2210565,Sanchez,Robert Sanchez,Goalkeeper,BHA,0.00,0.00
2210565,Lamptey,Tariq Lamptey,Defender,BHA,0.00,0.00
2210565,Mac Allister,Alexis Mac Allister,Midfielder,BHA,0.01,0.04
2210565,Mwepu,Enock Mwepu,Midfielder,BHA,0.01,0.00
2210565,Sarmiento,Jeremy Sarmiento,Midfielder,BHA,0.00,0.00
2210565,Moises Caicedo,Moises Caicedo,Midfielder,BHA,0.00,0.00
2210565,Gundogan,Ilkay Gundogan,Midfielder,MCI,0.05,0.24
2210565,De Bruyne,Kevin De Bruyne,Midfielder,MCI,0.36,0.05
2210565,Stones,John Stones,Defender,MCI,0.02,0.12
2210565,Mahrez,Riyad Mahrez,Midfielder,MCI,0.12,0.40
2210565,João Cancelo,João Pedro Cavaco Cancelo,Defender,MCI,0.04,0.03
2210565,Ederson,Ederson Santana de Moraes,Goalkeeper,MCI,0.00,0.00
2210565,Aké,Nathan Aké,Defender,MCI,0.01,0.00
2210565,Laporte,Aymeric Laporte,Defender,MCI,0.03,0.00
2210565,Bernardo Silva,Bernardo Mota Veiga de Carvalho e Silva,Midfielder,MCI,0.09,0.29
2210565,Rúben Dias,Rúben Santos Gato Alves Dias,Defender,MCI,0.01,0.00
2210565,Jesus,Gabriel Fernando de Jesus,Forward,MCI,0.00,0.00
2210565,Zinchenko,Oleksandr Zinchenko,Defender,MCI,0.00,0.00
2210565,Foden,Phil Foden,Midfielder,MCI,0.19,0.08
2210565,Rodri,Rodrigo Hernández Cascante,Midfielder,MCI,0.04,0.05
2210566,Guaita,Vicente Guaita,Goalkeeper,CRY,0.00,0.00
2210566,McArthur,James McArthur,Midfielder,CRY,0.10,0.03
2210566,Kouyaté,Cheikhou Kouyaté,Defender,CRY,0.00,0.03
2210566,Clyne,Nathaniel Clyne,Defender,CRY,0.00,0.00
2210566,Ayew,Jordan Ayew,Midfielder,CRY,0.00,0.00
2210566,Zaha,Wilfried Zaha,Midfielder,CRY,0.06,0.10
2210566,Schlupp,Jeffrey Schlupp,Midfielder,CRY,0.01,0.00
2210566,Andersen,Joachim Andersen,Defender,CRY,0.12,0.00
2210566,Edouard,Odsonne Edouard,Forward,CRY,0.07,0.22
2210566,Marc Guehi,Addji Keaninkin Marc-Israel Guehi,Defender,CRY,0.01,0.02
2210566,Mateta,Jean-Philippe Mateta,Forward,CRY,0.09,0.06
2210566,Gallagher,Conor Gallagher,Midfielder,CRY,0.00,0.00
2210566,Mitchell,Tyrick Mitchell,Defender,CRY,0.04,0.00
2210566,Olise,Michael Olise,Midfielder,CRY,0.00,0.00
2210566,Shelvey,Jonjo Shelvey,Midfielder,NEW,0.01,0.00
2210566,Wood,Chris Wood,Forward,NEW,0.03,0.00
2210566,Dubravka,Martin Dubravka,Goalkeeper,NEW,0.00,0.00
2210566,Burn,Dan Burn,Defender,NEW,0.00,0.02
2210566,Krafth,Emil Krafth,Defender,NEW,0.01,0.00
2210566,Murphy (Jacob),Jacob Murphy,Midfielder,NEW,0.00,0.00
2210566,Schär,Fabian Schär,Defender,NEW,0.08,0.00
2210566,Targett,Matt Targett,Defender,NEW,0.19,0.00
2210566,Saint-Maximin,Allan Saint-Maximin,Midfielder,NEW,0.05,0.12
2210566,Almirón,Miguel Almirón,Midfielder,NEW,0.01,0.37
2210566,Longstaff (Sean),Sean Longstaff,Midfielder,NEW,0.00,0.00
2210566,Joelinton,Joelinton Cássio Apolinário de Lira,Midfielder,NEW,0.03,0.35
2210566,Willock,Joseph Willock,Midfielder,NEW,0.00,0.00
2210566,Bruno Guimarães,Bruno Guimarães Rodriguez Moura,Midfielder,NEW,0.05,0.02
2210567,Azpilicueta,César Azpilicueta,Defender,CHE,0.20,0.00
2210567,Thiago Silva,Thiago Emiliano da Silva,Defender,CHE,0.04,0.00
2210567,Lukaku,Romelu Lukaku,Forward,CHE,0.00,0.11
2210567,Jorginho,Jorge Luiz Frello Filho,Midfielder,CHE,0.05,0.00
2210567,Ñíguez,Saúl Ñíguez,Midfielder,CHE,0.02,0.02
2210567,Kovacic,Mateo Kovacic,Midfielder,CHE,0.17,0.04
2210567,Kanté,N'Golo Kanté,Midfielder,CHE,0.06,0.00
2210567,Loftus-Cheek,Ruben Loftus-Cheek,Midfielder,CHE,0.18,0.00
2210567,Christensen,Andreas Christensen,Defender,CHE,0.02,0.14
2210567,Werner,Timo Werner,Forward,CHE,0.04,0.23
2210567,Chalobah (Trevoh),Trevoh Chalobah,Defender,CHE,0.04,0.20
2210567,Mount,Mason Mount,Midfielder,CHE,0.26,0.63
2210567,Havertz,Kai Havertz,Forward,CHE,0.31,0.39
2210567,Mendy (Edouard),Edouard Mendy,Goalkeeper,CHE,0.00,0.00
2210567,Krul,Tim Krul,Goalkeeper,NOR,0.00,0.00
2210567,Pukki,Teemu Pukki,Forward,NOR,0.01,0.83
2210567,Rupp,Lukas Rupp,Midfielder,NOR,0.01,0.00
2210567,Kenny McLean,Kenneth McLean,Midfielder,NOR,0.01,0.07
2210567,Hanley,Grant Hanley,Defender,NOR,0.00,0.00
2210567,Mathias Normann,Mathias Antonsen Normann,Midfielder,NOR,0.01,0.02
2210567,Zimmermann,Christoph Zimmermann,Defender,NOR,0.00,0.03
2210567,Lees-Melou,Pierre Lees-Melou,Midfielder,NOR,0.03,0.04
2210567,Rashica,Milot Rashica,Midfielder,NOR,0.14,0.02
2210567,Sargent,Joshua Sargent,Forward,NOR,0.00,0.00
2210567,Williams (Brandon),Brandon Williams,Defender,NOR,0.04,0.00
2210567,Aarons,Maximillian Aarons,Defender,NOR,0.01,0.00
2210567,Kabak,Ozan Kabak,Defender,NOR,0.00,0.00
2210567,Rowe (Jonathan),Jonathan Rowe,Midfielder,NOR,0.00,0.00
2210568,Lloris,Hugo Lloris,Goalkeeper,TOT,0.00,0.00
2210568,Kane,Harry Kane,Forward,TOT,0.13,1.04
2210568,Son,Heung-Min Son,Midfielder,TOT,0.11,1.22
2210568,Doherty,Matt Doherty,Defender,TOT,0.13,0.21
2210568,Dier,Eric Dier,Defender,TOT,0.00,0.00
2210568,Lucas Moura,Lucas Rodrigues Moura da Silva,Midfielder,TOT,0.01,0.00
2210568,Davies (Ben),Ben Davies,Defender,TOT,0.03,0.00
2210568,Højbjerg,Pierre-Emile Højbjerg,Midfielder,TOT,0.38,0.02
2210568,Bergwijn,Steven Bergwijn,Midfielder,TOT,0.37,0.00
2210568,Reguilón,Sergio Reguilón,Defender,TOT,0.01,0.19
2210568,Bentancur,Rodrigo Bentancur,Midfielder,TOT,0.05,0.05
2210568,Romero (Cristian),Cristian Romero,Defender,TOT,0.01,0.00
2210568,Emerson Royal,Emerson Aparecido Leite de Souza Junior,Defender,TOT,0.02,0.13
2210568,Kulusevski,Dejan Kulusevski,Midfielder,TOT,0.29,0.18
2210568,Fabianski,Lukasz Fabianski,Goalkeeper,WHU,0.00,0.00
2210568,Cresswell (Aaron),Aaron Cresswell,Defender,WHU,0.13,0.00
2210568,Yarmolenko,Andriy Yarmolenko,Midfielder,WHU,0.00,0.06
2210568,Antonio,Michail Antonio,Forward,WHU,0.00,0.32
2210568,Dawson,Craig Dawson,Defender,WHU,0.00,0.08
2210568,Lanzini,Manuel Lanzini,Midfielder,WHU,0.06,0.00
2210568,Zouma,Kurt Zouma,Defender,WHU,0.01,0.00
2210568,Masuaku,Arthur Masuaku,Defender,WHU,0.04,0.00
2210568,Benrahma,Said Benrahma,Midfielder,WHU,0.23,0.16
2210568,Vlasic,Nikola Vlasic,Midfielder,WHU,0.00,0.00
2210568,Rice,Declan Rice,Midfielder,WHU,0.02,0.00
2210568,Soucek,Tomas Soucek,Midfielder,WHU,0.00,0.00
2210568,Fornals,Pablo Fornals,Midfielder,WHU,0.05,0.00
2210568,Johnson,Ben Johnson,Defender,WHU,0.01,0.00
2210569,Delph,Fabian Delph,Midfielder,EVE,0.02,0.03
2210569,Coleman,Seamus Coleman,Defender,EVE,0.00,0.02
2210569,Keane,Michael Keane,Defender,EVE,0.01,0.22
2210569,Pickford,Jordan Pickford,Goalkeeper,EVE,0.00,0.00
2210569,Allan,Allan Marques Loureiro,Midfielder,EVE,0.01,0.00
2210569,Doucouré,Abdoulaye Doucouré,Midfielder,EVE,0.03,0.06
2210569,Iwobi,Alex Iwobi,Midfielder,EVE,0.35,0.08
2210569,Gray (Demarai),Demarai Gray,Midfielder,EVE,0.17,0.28
2210569,Calvert-Lewin,Dominic Calvert-Lewin,Forward,EVE,0.00,0.00
2210569,Holgate,Mason Holgate,Defender,EVE,0.01,0.00
2210569,Richarlison,Richarlison de Andrade,Forward,EVE,0.04,0.09
2210569,Mykolenko,Vitaliy Mykolenko,Defender,EVE,0.02,0.18
2210569,Gordon (Anthony),Anthony Gordon,Midfielder,EVE,0.10,0.12
2210569,Foster,Ben Foster,Goalkeeper,WAT,0.00,0.00
2210569,Gosling,Dan Gosling,Midfielder,WAT,0.01,0.02
2210569,Cathcart,Craig Cathcart,Defender,WAT,0.00,0.00
2210569,Sissoko,Moussa Sissoko,Midfielder,WAT,0.01,0.13
2210569,Kabasele,Christian Kabasele,Defender,WAT,0.00,0.07
2210569,Masina,Adam Masina,Defender,WAT,0.01,0.00
2210569,Sema,Ken Sema,Midfielder,WAT,0.56,0.00
2210569,Samir,Samir Caetano de Souza Santos,Defender,WAT,0.01,0.00
2210569,Kalu,Samuel Kalu,Midfielder,WAT,0.03,0.07
2210569,Etebo,Peter Etebo,Midfielder,WAT,0.00,0.00
2210569,Ngakia,Jeremy Ngakia,Defender,WAT,0.03,0.00
2210569,Kayembe,Edo Kayembe,Midfielder,WAT,0.02,0.01
2210569,João Pedro,João Pedro Junqueira de Jesus,Forward,WAT,0.03,0.00
2210570,Ayling,Luke Ayling,Defender,LEE,0.11,0.39
2210570,Klich,Mateusz Klich,Midfielder,LEE,0.01,0.00
2210570,Forshaw,Adam Forshaw,Midfielder,LEE,0.01,0.00
2210570,Rodrigo,Rodrigo Moreno Machado,Midfielder,LEE,0.36,0.41
2210570,Dallas,Stuart Dallas,Defender,LEE,0.01,0.00
2210570,Bamford,Patrick Bamford,Forward,LEE,0.00,0.12
2210570,Diego Llorente,Diego Javier Llorente Ríos,Defender,LEE,0.00,0.00
2210570,Koch,Robin Koch,Defender,LEE,0.01,0.00
2210570,James (Daniel),Daniel James,Midfielder,LEE,0.35,0.64
2210570,Harrison,Jack Harrison,Midfielder,LEE,0.40,0.50
2210570,Struijk,Pascal Struijk,Defender,LEE,0.00,0.00
2210570,Klaesson,Kristoffer Klaesson,Goalkeeper,LEE,0.00,0.00
2210570,Greenwood (Sam),Sam Greenwood,Forward,LEE,0.00,0.07
2210570,Meslier,Illan Meslier,Goalkeeper,LEE,0.00,0.00
2210570,Cresswell (Charlie),Charlie Cresswell,Defender,LEE,0.00,0.08
2210570,Moutinho,João Moutinho,Midfielder,WOL,0.06,0.00
2210570,Boly,Willy Boly,Defender,WOL,0.00,0.00
2210570,Coady,Conor Coady,Defender,WOL,0.00,0.01
2210570,Raúl Jiménez,Raul Alonso Jimenez Rodriguez,Forward,WOL,0.01,0.29
2210570,Saiss,Romain Saiss,Defender,WOL,0.02,0.00
2210570,Jonny,Jonathan Castro Otto,Defender,WOL,0.06,0.52
2210570,José Sá,José Pedro Malheiro de Sá,Goalkeeper,WOL,0.00,0.00
2210570,Dendoncker (Leander),Leander Dendoncker,Midfielder,WOL,0.02,0.13
2210570,Ruben Neves,Rúben Diogo da Silva Neves,Midfielder,WOL,0.00,0.02
2210570,Hwang Hee-Chan,Hee-Chan Hwang,Midfielder,WOL,0.00,0.01
2210570,Podence,Daniel Podence,Midfielder,WOL,0.06,0.03
2210570,Trincão,Francisco António Machado Trincão,Midfielder,WOL,0.71,0.14
2210570,Ait Nouri,Rayan Ait Nouri,Defender,WOL,0.12,0.00
2210570,Fabio Silva,Fabio Daniel Soares Silva,Forward,WOL,0.02,0.00
2210570,Chiquinho,Francisco Jorge Tomás Oliveira,Midfielder,WOL,0.01,0.00
2210571,Welbeck,Danny Welbeck,Forward,BHA,0.03,0.38
2210571,Groß,Pascal Groß,Midfielder,BHA,0.12,0.00
2210571,Dunk,Lewis Dunk,Defender,BHA,0.01,0.15
2210571,March,Solomon March,Midfielder,BHA,0.24,0.08
2210571,Veltman,Joël Veltman,Defender,BHA,0.01,0.28
2210571,Maupay,Neal Maupay,Forward,BHA,0.07,1.30
2210571,Trossard,Leandro Trossard,Midfielder,BHA,0.54,0.24
2210571,Cucurella,Marc Cucurella,Defender,BHA,0.09,0.00
2210571,Sanchez,Robert Sanchez,Goalkeeper,BHA,0.00,0.00
2210571,Lamptey,Tariq Lamptey,Defender,BHA,0.05,0.11
2210571,Mac Allister,Alexis Mac Allister,Midfielder,BHA,0.05,0.33
2210571,Moder,Jakub Moder,Midfielder,BHA,0.00,0.00
2210571,Mwepu,Enock Mwepu,Midfielder,BHA,0.00,0.00
2210571,Sarmiento,Jeremy Sarmiento,Midfielder,BHA,0.01,0.00
2210571,Krul,Tim Krul,Goalkeeper,NOR,0.00,0.00
2210571,Pukki,Teemu Pukki,Forward,NOR,0.21,0.01
2210571,Kenny McLean,Kenneth McLean,Midfielder,NOR,0.03,0.04
2210571,Gibson (Ben),Ben Gibson,Defender,NOR,0.00,0.00
2210571,Hanley,Grant Hanley,Defender,NOR,0.00,0.00
2210571,Byram,Sam Byram,Defender,NOR,0.00,0.00
2210571,Dowell,Kieran Dowell,Midfielder,NOR,0.00,0.00
2210571,Mathias Normann,Mathias Antonsen Normann,Midfielder,NOR,0.02,0.00
2210571,Giannoulis,Dimitrios Giannoulis,Defender,NOR,0.10,0.00
2210571,Lees-Melou,Pierre Lees-Melou,Midfielder,NOR,0.01,0.00
2210571,Rashica,Milot Rashica,Midfielder,NOR,0.02,0.31
2210571,Gilmour,Billy Gilmour,Midfielder,NOR,0.10,0.01
2210571,Tzolis,Christos Tzolis,Midfielder,NOR,0.00,0.00
2210571,Rowe (Jonathan),Jonathan Rowe,Midfielder,NOR,0.00,0.00
2210572,Lennon,Aaron Lennon,Midfielder,BUR,0.02,0.00
2210572,Tarkowski,James Tarkowski,Defender,BUR,0.00,0.00
2210572,Cork,Jack Cork,Midfielder,BUR,0.00,0.00
2210572,Long (Kevin),Kevin Long,Defender,BUR,0.00,0.01
2210572,Rodriguez,Jay Rodriguez,Forward,BUR,0.00,0.07
2210572,Barnes (Ashley),Ashley Barnes,Forward,BUR,0.00,0.00
2210572,Westwood,Ashley Roy Westwood,Midfielder,BUR,0.02,0.00
2210572,Pope,Nick Pope,Goalkeeper,BUR,0.00,0.00
2210572,Taylor (Charlie),Charlie Taylor,Defender,BUR,0.00,0.00
2210572,Weghorst,Wout Weghorst,Forward,BUR,0.01,0.00
2210572,Cornet,Maxwel Cornet,Midfielder,BUR,0.00,0.00
2210572,Brownhill,Josh Brownhill,Midfielder,BUR,0.01,0.01
2210572,Roberts (Connor),Connor Roberts,Defender,BUR,0.00,0.00
2210572,McNeil,Dwight McNeil,Midfielder,BUR,0.00,0.00
2210572,Walker (Kyle),Kyle Walker,Defender,MCI,0.03,0.04
2210572,Gundogan,Ilkay Gundogan,Midfielder,MCI,0.04,0.41
2210572,De Bruyne,Kevin De Bruyne,Midfielder,MCI,0.16,0.08
2210572,Sterling (Raheem),Raheem Sterling,Midfielder,MCI,0.25,0.15
2210572,Grealish,Jack Grealish,Midfielder,MCI,0.05,0.02
2210572,João Cancelo,João Pedro Cavaco Cancelo,Defender,MCI,0.38,0.02
2210572,Ederson,Ederson Santana de Moraes,Goalkeeper,MCI,0.01,0.00
2210572,Aké,Nathan Aké,Defender,MCI,0.01,0.00
2210572,Laporte,Aymeric Laporte,Defender,MCI,0.03,0.00
2210572,Bernardo Silva,Bernardo Mota Veiga de Carvalho e Silva,Midfielder,MCI,0.08,0.00
2210572,Jesus,Gabriel Fernando de Jesus,Forward,MCI,0.03,0.66
2210572,Foden,Phil Foden,Midfielder,MCI,0.05,0.28
2210572,Rodri,Rodrigo Hernández Cascante,Midfielder,MCI,0.06,0.14
2210573,Jansson,Pontus Jansson,Defender,BRE,0.00,0.00
2210573,Eriksen,Christian Eriksen,Midfielder,BRE,0.18,0.53
2210573,Norgaard,Christian Norgaard,Midfielder,BRE,0.03,0.07
2210573,Toney,Ivan Toney,Forward,BRE,0.14,0.39
2210573,Raya Martin,David Raya Martin,Goalkeeper,BRE,0.00,0.00
2210573,Canos,Sergi Canos,Defender,BRE,0.00,0.00
2210573,Ajer,Kristoffer Ajer,Defender,BRE,0.00,0.19
2210573,Henry,Rico Henry,Defender,BRE,0.32,0.00
2210573,Janelt,Vitaly Janelt,Midfielder,BRE,0.06,0.42
2210573,Jensen,Mathias Jensen,Midfielder,BRE,0.00,0.00
2210573,Wissa,Yoane Wissa,Midfielder,BRE,0.00,0.13
2210573,Roerslev,Mads Roerslev,Defender,BRE,0.01,0.00
2210573,Pinnock,Ethan Pinnock,Defender,BRE,0.00,0.00
2210573,Mbeumo,Bryan Mbeumo,Forward,BRE,0.39,0.10
2210573,Azpilicueta,César Azpilicueta,Defender,CHE,0.07,0.02
2210573,Thiago Silva,Thiago Emiliano da Silva,Defender,CHE,0.02,0.00
2210573,Lukaku,Romelu Lukaku,Forward,CHE,0.00,0.00
2210573,Alonso,Marcos Alonso,Defender,CHE,0.05,0.17
2210573,Kovacic,Mateo Kovacic,Midfielder,CHE,0.30,0.03
2210573,Rüdiger,Antonio Rüdiger,Defender,CHE,0.02,0.15
2210573,Kanté,N'Golo Kanté,Midfielder,CHE,0.06,0.03
2210573,Ziyech,Hakim Ziyech,Midfielder,CHE,0.44,0.05
2210573,Loftus-Cheek,Ruben Loftus-Cheek,Midfielder,CHE,0.15,0.05
2210573,Werner,Timo Werner,Forward,CHE,0.02,0.13
2210573,Mount,Mason Mount,Midfielder,CHE,0.05,0.11
2210573,Havertz,Kai Havertz,Forward,CHE,0.19,0.63
2210573,James (Reece),Reece James,Defender,CHE,0.12,0.00
2210573,Mendy (Edouard),Edouard Mendy,Goalkeeper,CHE,0.00,0.00
2210574,Cedric,Cedric Ricardo Alves Soares,Defender,ARS,0.02,0.00
2210574,Lacazette,Alexandre Lacazette,Forward,ARS,0.06,0.18
2210574,Xhaka,Granit Xhaka,Midfielder,ARS,0.08,0.04
2210574,Partey,Thomas Partey,Midfielder,ARS,0.02,0.00
2210574,Odegaard,Martin Odegaard,Midfielder,ARS,0.03,0.28
2210574,White (Ben),Ben White,Defender,ARS,0.02,0.00
2210574,Eddie Nketiah,Edward Nketiah,Forward,ARS,0.10,0.03
2210574,Smith-Rowe,Emile Smith-Rowe,Midfielder,ARS,0.20,0.16
2210574,Saka,Bukayo Saka,Midfielder,ARS,0.22,0.02
2210574,Ramsdale,Aaron Ramsdale,Goalkeeper,ARS,0.00,0.00
2210574,Gabriel Magalhães,Gabriel dos Santos Magalhães,Defender,ARS,0.03,0.13
2210574,Nuno Tavares,Nuno Tavares,Defender,ARS,0.00,0.00
2210574,Sambi Lokonga,Albert Sambi Lokonga,Midfielder,ARS,0.03,0.00
2210574,Martinelli,Gabriel Teodoro Martinelli Silva,Midfielder,ARS,0.15,0.00
2210574,Guaita,Vicente Guaita,Goalkeeper,CRY,0.00,0.00
2210574,McArthur,James McArthur,Midfielder,CRY,0.00,0.00
2210574,Kouyaté,Cheikhou Kouyaté,Defender,CRY,0.00,0.00
2210574,Clyne,Nathaniel Clyne,Defender,CRY,0.00,0.00
2210574,Milivojevic,Luka Milivojevic,Midfielder,CRY,0.00,0.00
2210574,Ayew,Jordan Ayew,Midfielder,CRY,0.01,0.24
2210574,Zaha,Wilfried Zaha,Midfielder,CRY,0.02,0.79
2210574,Schlupp,Jeffrey Schlupp,Midfielder,CRY,0.01,0.00
2210574,Andersen,Joachim Andersen,Defender,CRY,0.00,0.13
2210574,Edouard,Odsonne Edouard,Forward,CRY,0.00,0.00
2210574,Marc Guehi,Addji Keaninkin Marc-Israel Guehi,Defender,CRY,0.00,0.00
2210574,Mateta,Jean-Philippe Mateta,Forward,CRY,0.00,0.34
2210574,Gallagher,Conor Gallagher,Midfielder,CRY,0.00,0.00
2210574,Mitchell,Tyrick Mitchell,Defender,CRY,0.02,0.00
2210575,Cooper,Liam Cooper,Defender,LEE,0.00,0.00
2210575,Ayling,Luke Ayling,Defender,LEE,0.03,0.00
2210575,Klich,Mateusz Klich,Midfielder,LEE,0.03,0.11
2210575,Forshaw,Adam Forshaw,Midfielder,LEE,0.04,0.09
2210575,Rodrigo,Rodrigo Moreno Machado,Midfielder,LEE,0.15,0.00
2210575,Dallas,Stuart Dallas,Defender,LEE,0.04,0.05
2210575,Diego Llorente,Diego Javier Llorente Ríos,Defender,LEE,0.00,0.20
2210575,Phillips (Kalvin),Kalvin Phillips,Midfielder,LEE,0.01,0.00
2210575,James (Daniel),Daniel James,Midfielder,LEE,0.00,0.28
2210575,Raphinha,Raphael Dias Belloli,Midfielder,LEE,0.08,0.20
2210575,Harrison,Jack Harrison,Midfielder,LEE,0.12,0.26
2210575,Struijk,Pascal Struijk,Defender,LEE,0.00,0.00
2210575,Meslier,Illan Meslier,Goalkeeper,LEE,0.00,0.00
2210575,Gelhardt,Joe Gelhardt,Forward,LEE,0.09,0.00
2210575,Long (Shane),Shane Long,Forward,SOU,0.00,0.12
2210575,Forster,Fraser Forster,Goalkeeper,SOU,0.00,0.00
2210575,Romeu,Oriol Romeu,Midfielder,SOU,0.17,0.00
2210575,Armstrong (Stuart),Stuart Armstrong,Midfielder,SOU,0.02,0.00
2210575,Elyounoussi,Mohammed Elyounoussi,Midfielder,SOU,0.03,0.57
2210575,Ward-Prowse,James Ward-Prowse,Midfielder,SOU,0.18,0.09
2210575,Walker-Peters,Kyle Walker-Peters,Defender,SOU,0.03,0.03
2210575,Bednarek,Jan Bednarek,Defender,SOU,0.01,0.04
2210575,Adams,Che Adams,Forward,SOU,0.10,0.54
2210575,Tella,Nathan Tella,Midfielder,SOU,0.00,0.00
2210575,Diallo,Ibrahima Diallo,Midfielder,SOU,0.07,0.02
2210575,Broja,Armando Broja,Forward,SOU,0.02,0.16
2210575,Livramento,Valentino Livramento,Defender,SOU,0.38,0.04
2210575,Salisu,Mohammed Salisu,Defender,SOU,0.01,0.00
2210576,Milner,James Milner,Midfielder,LIV,0.00,0.00
2210576,Henderson (Jordan),Jordan Henderson,Midfielder,LIV,0.17,0.00
2210576,Matip,Joel Matip,Defender,LIV,0.02,0.08
2210576,Thiago Alcántara,Thiago Alcántara do Nascimento,Midfielder,LIV,0.05,0.09
2210576,Firmino,Roberto Firmino Barbosa de Oliveira,Forward,LIV,0.06,0.12
2210576,van Dijk,Virgil van Dijk,Defender,LIV,0.01,0.03
2210576,Mane,Sadio Mane,Midfielder,LIV,0.00,0.09
2210576,Alisson,Alisson Ramses Becker,Goalkeeper,LIV,0.00,0.00
2210576,Fabinho,Fabio Henrique Tavares,Midfielder,LIV,0.15,0.79
2210576,Salah,Mohamed Salah,Midfielder,LIV,0.03,0.10
2210576,Robertson,Andrew Robertson,Defender,LIV,0.15,0.03
2210576,Gomez,Joseph Gomez,Defender,LIV,0.33,0.00
2210576,Diogo Jota,Diogo José Teixeira da Silva,Forward,LIV,0.39,0.83
2210576,Jones (Curtis),Curtis Jones,Midfielder,LIV,0.05,0.06
2210576,Foster,Ben Foster,Goalkeeper,WAT,0.00,0.00
2210576,Cleverley,Tom Cleverley,Midfielder,WAT,0.00,0.00
2210576,Sissoko,Moussa Sissoko,Midfielder,WAT,0.03,0.00
2210576,Femenía,Francisco Femenía Far,Defender,WAT,0.00,0.00
2210576,Kucka,Juraj Kucka,Midfielder,WAT,0.01,0.20
2210576,King,Joshua King,Forward,WAT,0.00,0.00
2210576,Kabasele,Christian Kabasele,Defender,WAT,0.00,0.00
2210576,Samir,Samir Caetano de Souza Santos,Defender,WAT,0.00,0.00
2210576,Kamara (Hassane),Hassane Kamara,Defender,WAT,0.01,0.00
2210576,Dennis (Emmanuel),Emmanuel Bonaventure Dennis,Forward,WAT,0.00,0.00
2210576,Ismaila Sarr,Ismaila Sarr,Midfielder,WAT,0.07,0.05
2210576,Cucho,Juan Camilo Hernández,Forward,WAT,0.09,0.05
2210576,Louza,Imran Louza,Midfielder,WAT,0.02,0.00
2210576,João Pedro,João Pedro Junqueira de Jesus,Forward,WAT,0.01,0.34
2210577,Schmeichel,Kasper Schmeichel,Goalkeeper,LEI,0.00,0.00
2210577,Evans,Jonny Evans,Defender,LEI,0.00,0.00
2210577,Mendy (Nampalys),Nampalys Mendy,Midfielder,LEI,0.01,0.00
2210577,Amartey,Daniel Amartey,Defender,LEI,0.00,0.00
2210577,Castagne,Timothy Castagne,Defender,LEI,0.03,0.00
2210577,Tielemans,Youri Tielemans,Midfielder,LEI,0.02,0.02
2210577,Maddison,James Maddison,Midfielder,LEI,0.32,0.00
2210577,Iheanacho,Kelechi Iheanacho,Forward,LEI,0.04,0.46
2210577,Choudhury,Hamza Choudhury,Midfielder,LEI,0.00,0.00
2210577,Barnes (Harvey),Harvey Barnes,Midfielder,LEI,0.04,0.28
2210577,Dewsbury-Hall,Kiernan Dewsbury-Hall,Midfielder,LEI,0.03,0.00
2210577,Justin,James Justin,Defender,LEI,0.03,0.00
2210577,Daka,Patson Daka,Forward,LEI,0.00,0.00
2210577,Fofana,Wesley Fofana,Defender,LEI,0.00,0.04
2210577,De Gea,David De Gea,Goalkeeper,MUN,0.00,0.00
2210577,Matic,Nemanja Matic,Midfielder,MUN,0.02,0.00
2210577,Pogba,Paul Pogba,Midfielder,MUN,0.01,0.04
2210577,Varane,Raphael Varane,Defender,MUN,0.00,0.00
2210577,Maguire,Harry Maguire,Defender,MUN,0.01,0.05
2210577,Fred,Frederico Rodrigues de Paula Santos,Midfielder,MUN,0.05,0.31
2210577,Shaw,Luke Shaw,Defender,MUN,0.20,0.00
2210577,Bruno Fernandes,Bruno Miguel Borges Fernandes,Midfielder,MUN,0.18,0.23
2210577,Alex Telles,Alex Nicolao Telles,Defender,MUN,0.02,0.00
2210577,Rashford,Marcus Rashford,Midfielder,MUN,0.01,0.00
2210577,McTominay,Scott McTominay,Midfielder,MUN,0.01,0.07
2210577,Sancho,Jadon Sancho,Midfielder,MUN,0.11,0.14
2210577,Dalot,José Diogo Dalot Teixeira,Defender,MUN,0.14,0.04
2210577,Elanga,Anthony Elanga,Midfielder,MUN,0.01,0.07
2210578,Shelvey,Jonjo Shelvey,Midfielder,NEW,0.03,0.03
2210578,Wood,Chris Wood,Forward,NEW,0.00,0.06
2210578,Dubravka,Martin Dubravka,Goalkeeper,NEW,0.00,0.00
2210578,Burn,Dan Burn,Defender,NEW,0.01,0.11
2210578,Fraser,Ryan Fraser,Midfielder,NEW,0.11,0.00
2210578,Lascelles,Jamaal Lascelles,Defender,NEW,0.00,0.00
2210578,Manquillo,Javier Manquillo,Defender,NEW,0.00,0.00
2210578,Murphy (Jacob),Jacob Murphy,Midfielder,NEW,0.01,0.00
2210578,Schär,Fabian Schär,Defender,NEW,0.01,0.08
2210578,Targett,Matt Targett,Defender,NEW,0.02,0.00
2210578,Saint-Maximin,Allan Saint-Maximin,Midfielder,NEW,0.04,0.03
2210578,Joelinton,Joelinton Cássio Apolinário de Lira,Midfielder,NEW,0.01,0.00
2210578,Willock,Joseph Willock,Midfielder,NEW,0.01,0.23
2210578,Bruno Guimarães,Bruno Guimarães Rodriguez Moura,Midfielder,NEW,0.19,0.00
2210578,Lloris,Hugo Lloris,Goalkeeper,TOT,0.00,0.00
2210578,Kane,Harry Kane,Forward,TOT,0.33,0.21
2210578,Son,Heung-Min Son,Midfielder,TOT,0.40,0.66
2210578,Doherty,Matt Doherty,Defender,TOT,0.01,0.48
2210578,Dier,Eric Dier,Defender,TOT,0.01,0.06
2210578,Lucas Moura,Lucas Rodrigues Moura da Silva,Midfielder,TOT,0.01,0.00
2210578,Davies (Ben),Ben Davies,Defender,TOT,0.01,0.35
2210578,Højbjerg,Pierre-Emile Højbjerg,Midfielder,TOT,0.05,0.19
2210578,Winks,Harry Winks,Midfielder,TOT,0.00,0.02
2210578,Bergwijn,Steven Bergwijn,Midfielder,TOT,0.00,0.53
2210578,Bentancur,Rodrigo Bentancur,Midfielder,TOT,0.04,0.03
2210578,Romero (Cristian),Cristian Romero,Defender,TOT,0.02,0.00
2210578,Emerson Royal,Emerson Aparecido Leite de Souza Junior,Defender,TOT,0.02,0.55
2210578,Kulusevski,Dejan Kulusevski,Midfielder,TOT,0.51,0.00
2210579,Keane,Michael Keane,Defender,EVE,0.01,0.00
2210579,Pickford,Jordan Pickford,Goalkeeper,EVE,0.00,0.00
2210579,Doucouré,Abdoulaye Doucouré,Midfielder,EVE,0.02,0.00
2210579,Iwobi,Alex Iwobi,Midfielder,EVE,0.34,0.00
2210579,Kenny,Jonjoe Kenny,Defender,EVE,0.12,0.00
2210579,Gray (Demarai),Demarai Gray,Midfielder,EVE,0.20,0.05
2210579,Calvert-Lewin,Dominic Calvert-Lewin,Forward,EVE,0.01,0.10
2210579,Holgate,Mason Holgate,Defender,EVE,0.01,0.23
2210579,Godfrey,Ben Godfrey,Defender,EVE,0.01,0.00
2210579,Richarlison,Richarlison de Andrade,Forward,EVE,0.24,0.26
2210579,Mykolenko,Vitaliy Mykolenko,Defender,EVE,0.01,0.02
2210579,Gordon (Anthony),Anthony Gordon,Midfielder,EVE,0.01,0.00
2210579,Noble,Mark Noble,Midfielder,WHU,0.01,0.00
2210579,Fabianski,Lukasz Fabianski,Goalkeeper,WHU,0.00,0.00
2210579,Cresswell (Aaron),Aaron Cresswell,Defender,WHU,0.01,0.19
2210579,Yarmolenko,Andriy Yarmolenko,Midfielder,WHU,0.00,0.00
2210579,Antonio,Michail Antonio,Forward,WHU,0.22,0.52
2210579,Dawson,Craig Dawson,Defender,WHU,0.01,0.00
2210579,Fredericks,Ryan Fredericks,Defender,WHU,0.02,0.00
2210579,Zouma,Kurt Zouma,Defender,WHU,0.00,0.00
2210579,Benrahma,Said Benrahma,Midfielder,WHU,0.37,0.05
2210579,Bowen,Jarrod Bowen,Midfielder,WHU,0.03,0.42
2210579,Rice,Declan Rice,Midfielder,WHU,0.03,0.00
2210579,Soucek,Tomas Soucek,Midfielder,WHU,0.01,0.00
2210579,Fornals,Pablo Fornals,Midfielder,WHU,0.02,0.15
2210580,Young (Ashley),Ashley Young,Defender,AVL,0.03,0.00
2210580,Coutinho,Philippe Coutinho,Midfielder,AVL,0.02,0.10
2210580,Martinez,Emiliano Martinez,Goalkeeper,AVL,0.00,0.00
2210580,Digne,Lucas Digne,Defender,AVL,0.01,0.00
2210580,Sanson,Morgan Sanson,Midfielder,AVL,0.01,0.00
2210580,McGinn,John McGinn,Midfielder,AVL,0.41,0.02
2210580,Mings,Tyrone Mings,Defender,AVL,0.02,0.12
2210580,Watkins,Ollie Watkins,Forward,AVL,0.09,1.61
2210580,Buendía,Emiliano Buendía,Midfielder,AVL,0.12,0.00
2210580,Cash,Matthew Cash,Defender,AVL,0.01,0.27
2210580,Konsa Ngoyo,Ezri Konsa Ngoyo,Defender,AVL,0.00,0.00
2210580,Bailey,Leon Bailey,Midfielder,AVL,0.02,0.10
2210580,Douglas Luiz,Douglas Luiz Soares de Paulo,Midfielder,AVL,0.01,0.00
2210580,Ramsey (Jacob),Jacob Ramsey,Midfielder,AVL,0.04,0.05
2210580,Moutinho,João Moutinho,Midfielder,WOL,0.01,0.14
2210580,Boly,Willy Boly,Defender,WOL,0.01,0.00
2210580,Coady,Conor Coady,Defender,WOL,0.00,0.00
2210580,Marçal,Fernando Marçal de Oliveira,Defender,WOL,0.09,0.00
2210580,Jonny,Jonathan Castro Otto,Defender,WOL,0.00,0.17
2210580,José Sá,José Pedro Malheiro de Sá,Goalkeeper,WOL,0.00,0.00
2210580,Dendoncker (Leander),Leander Dendoncker,Midfielder,WOL,0.01,0.09
2210580,Hwang Hee-Chan,Hee-Chan Hwang,Midfielder,WOL,0.01,0.16
2210580,Podence,Daniel Podence,Midfielder,WOL,0.03,0.21
2210580,Kilman,Max Kilman,Defender,WOL,0.02,0.00
2210580,Trincão,Francisco António Machado Trincão,Midfielder,WOL,0.00,0.12
2210580,Neto,Pedro Neto,Midfielder,WOL,0.00,0.00
2210580,Fabio Silva,Fabio Daniel Soares Silva,Forward,WOL,0.21,0.53
2210580,Chiquinho,Francisco Jorge Tomás Oliveira,Midfielder,WOL,0.00,0.00
2210581,Cedric,Cedric Ricardo Alves Soares,Defender,ARS,0.29,0.14
2210581,Lacazette,Alexandre Lacazette,Forward,ARS,0.04,0.00
2210581,Xhaka,Granit Xhaka,Midfielder,ARS,0.10,0.02
2210581,Odegaard,Martin Odegaard,Midfielder,ARS,0.07,0.14
2210581,Pepe,Nicolas Pepe,Midfielder,ARS,0.03,0.29
2210581,White (Ben),Ben White,Defender,ARS,0.02,0.00
2210581,Eddie Nketiah,Edward Nketiah,Forward,ARS,0.03,0.45
2210581,Smith-Rowe,Emile Smith-Rowe,Midfielder,ARS,0.01,0.06
2210581,Saka,Bukayo Saka,Midfielder,ARS,0.93,0.20
2210581,Ramsdale,Aaron Ramsdale,Goalkeeper,ARS,0.00,0.00
2210581,Gabriel Magalhães,Gabriel dos Santos Magalhães,Defender,ARS,0.01,0.16
2210581,Sambi Lokonga,Albert Sambi Lokonga,Midfielder,ARS,0.03,0.05
2210581,Martinelli,Gabriel Teodoro Martinelli Silva,Midfielder,ARS,0.09,0.45
2210581,Lallana,Adam Lallana,Midfielder,BHA,0.00,0.00
2210581,Welbeck,Danny Welbeck,Forward,BHA,0.01,0.00
2210581,Groß,Pascal Groß,Midfielder,BHA,0.04,0.00
2210581,Dunk,Lewis Dunk,Defender,BHA,0.00,0.03
2210581,Webster (Adam),Adam Webster,Defender,BHA,0.00,0.00
2210581,Veltman,Joël Veltman,Defender,BHA,0.00,0.00
2210581,Trossard,Leandro Trossard,Midfielder,BHA,0.05,0.26
2210581,Cucurella,Marc Cucurella,Defender,BHA,0.01,0.00
2210581,Sanchez,Robert Sanchez,Goalkeeper,BHA,0.00,0.00
2210581,Bissouma,Yves Bissouma,Midfielder,BHA,0.00,0.02
2210581,Lamptey,Tariq Lamptey,Defender,BHA,0.00,0.00
2210581,Mac Allister,Alexis Mac Allister,Midfielder,BHA,0.01,0.00
2210581,Mwepu,Enock Mwepu,Midfielder,BHA,0.09,0.19
2210581,Moises Caicedo,Moises Caicedo,Midfielder,BHA,0.04,0.08
2210582,Young (Ashley),Ashley Young,Defender,AVL,0.00,0.00
2210582,Coutinho,Philippe Coutinho,Midfielder,AVL,0.39,0.10
2210582,Ings,Danny Ings,Forward,AVL,0.08,0.82
2210582,Martinez,Emiliano Martinez,Goalkeeper,AVL,0.00,0.00
2210582,Digne,Lucas Digne,Defender,AVL,0.14,0.00
2210582,McGinn,John McGinn,Midfielder,AVL,0.10,0.01
2210582,Mings,Tyrone Mings,Defender,AVL,0.00,0.00
2210582,Watkins,Ollie Watkins,Forward,AVL,0.09,0.23
2210582,Buendía,Emiliano Buendía,Midfielder,AVL,0.03,0.04
2210582,Cash,Matthew Cash,Defender,AVL,0.01,0.09
2210582,Konsa Ngoyo,Ezri Konsa Ngoyo,Defender,AVL,0.01,0.05
2210582,Bailey,Leon Bailey,Midfielder,AVL,0.02,0.10
2210582,Douglas Luiz,Douglas Luiz Soares de Paulo,Midfielder,AVL,0.06,0.00
2210582,Ramsey (Jacob),Jacob Ramsey,Midfielder,AVL,0.11,0.18
2210582,Lloris,Hugo Lloris,Goalkeeper,TOT,0.00,0.00
2210582,Kane,Harry Kane,Forward,TOT,0.02,0.09
2210582,Son,Heung-Min Son,Midfielder,TOT,0.00,0.79
2210582,Doherty,Matt Doherty,Defender,TOT,0.00,0.03
2210582,Dier,Eric Dier,Defender,TOT,0.00,0.00
2210582,Lucas Moura,Lucas Rodrigues Moura da Silva,Midfielder,TOT,0.00,0.00
2210582,Davies (Ben),Ben Davies,Defender,TOT,0.02,0.00
2210582,Højbjerg,Pierre-Emile Højbjerg,Midfielder,TOT,0.01,0.07
2210582,Bergwijn,Steven Bergwijn,Midfielder,TOT,0.07,0.00
2210582,Reguilón,Sergio Reguilón,Defender,TOT,0.06,0.04
2210582,Bentancur,Rodrigo Bentancur,Midfielder,TOT,0.02,0.00
2210582,Romero (Cristian),Cristian Romero,Defender,TOT,0.00,0.00
2210582,Emerson Royal,Emerson Aparecido Leite de Souza Junior,Defender,TOT,0.03,0.00
2210582,Kulusevski,Dejan Kulusevski,Midfielder,TOT,0.08,0.05
2210583,Zanka,Mathias Jorgensen,Defender,BRE,0.01,0.00
2210583,Eriksen,Christian Eriksen,Midfielder,BRE,0.21,0.05
2210583,Norgaard,Christian Norgaard,Midfielder,BRE,0.02,0.00
2210583,Toney,Ivan Toney,Forward,BRE,0.26,0.70
2210583,Raya Martin,David Raya Martin,Goalkeeper,BRE,0.00,0.00
2210583,Canos,Sergi Canos,Defender,BRE,0.00,0.01
2210583,Ajer,Kristoffer Ajer,Defender,BRE,0.05,0.04
2210583,Henry,Rico Henry,Defender,BRE,0.16,0.00
2210583,Janelt,Vitaly Janelt,Midfielder,BRE,0.55,0.04
2210583,Jensen,Mathias Jensen,Midfielder,BRE,0.01,0.00
2210583,Wissa,Yoane Wissa,Midfielder,BRE,0.10,0.00
2210583,Roerslev,Mads Roerslev,Defender,BRE,0.00,0.00
2210583,Pinnock,Ethan Pinnock,Defender,BRE,0.00,0.00
2210583,Mbeumo,Bryan Mbeumo,Forward,BRE,0.55,0.58
2210583,Fabianski,Lukasz Fabianski,Goalkeeper,WHU,0.00,0.00
2210583,Cresswell (Aaron),Aaron Cresswell,Defender,WHU,0.03,0.04
2210583,Antonio,Michail Antonio,Forward,WHU,0.00,0.00
2210583,Dawson,Craig Dawson,Defender,WHU,0.01,0.00
2210583,Lanzini,Manuel Lanzini,Midfielder,WHU,0.02,0.00
2210583,Zouma,Kurt Zouma,Defender,WHU,0.00,0.00
2210583,Coufal,Vladimir Coufal,Defender,WHU,0.09,0.00
2210583,Benrahma,Said Benrahma,Midfielder,WHU,0.01,0.03
2210583,Bowen,Jarrod Bowen,Midfielder,WHU,0.13,0.00
2210583,Vlasic,Nikola Vlasic,Midfielder,WHU,0.00,0.00
2210583,Rice,Declan Rice,Midfielder,WHU,0.02,0.20
2210583,Soucek,Tomas Soucek,Midfielder,WHU,0.01,0.05
2210583,Fornals,Pablo Fornals,Midfielder,WHU,0.21,0.00
2210583,Diop,Issa Diop,Defender,WHU,0.00,0.00
2210584,Delph,Fabian Delph,Midfielder,EVE,0.00,0.00
2210584,Coleman,Seamus Coleman,Defender,EVE,0.00,0.00
2210584,Keane,Michael Keane,Defender,EVE,0.01,0.03
2210584,Pickford,Jordan Pickford,Goalkeeper,EVE,0.00,0.00
2210584,Allan,Allan Marques Loureiro,Midfielder,EVE,0.01,0.03
2210584,Doucouré,Abdoulaye Doucouré,Midfielder,EVE,0.00,0.00
2210584,Iwobi,Alex Iwobi,Midfielder,EVE,0.02,0.00
2210584,Gray (Demarai),Demarai Gray,Midfielder,EVE,0.00,0.00
2210584,Calvert-Lewin,Dominic Calvert-Lewin,Forward,EVE,0.01,0.00
2210584,Godfrey,Ben Godfrey,Defender,EVE,0.00,0.07
2210584,Richarlison,Richarlison de Andrade,Forward,EVE,0.01,0.08
2210584,Mykolenko,Vitaliy Mykolenko,Defender,EVE,0.08,0.00
2210584,Gordon (Anthony),Anthony Gordon,Midfielder,EVE,0.10,0.18
2210584,Cristiano Ronaldo,Cristiano Ronaldo dos Santos Aveiro,Forward,MUN,0.02,0.12
2210584,Mata,Juan Mata,Midfielder,MUN,0.05,0.11
2210584,De Gea,David De Gea,Goalkeeper,MUN,0.00,0.00
2210584,Matic,Nemanja Matic,Midfielder,MUN,0.02,0.00
2210584,Pogba,Paul Pogba,Midfielder,MUN,0.04,0.02
2210584,Maguire,Harry Maguire,Defender,MUN,0.28,0.16
2210584,Fred,Frederico Rodrigues de Paula Santos,Midfielder,MUN,0.01,0.00
2210584,Bruno Fernandes,Bruno Miguel Borges Fernandes,Midfielder,MUN,0.33,0.03
2210584,Alex Telles,Alex Nicolao Telles,Defender,MUN,0.22,0.00
2210584,Rashford,Marcus Rashford,Midfielder,MUN,0.02,0.16
2210584,Lindelof,Victor Nilsson-Lindelof,Defender,MUN,0.01,0.00
2210584,Sancho,Jadon Sancho,Midfielder,MUN,0.28,0.00
2210584,Wan-Bissaka,Aaron Wan-Bissaka,Defender,MUN,0.01,0.16
2210584,Elanga,Anthony Elanga,Midfielder,MUN,0.00,0.00
2210585,Guaita,Vicente Guaita,Goalkeeper,CRY,0.00,0.00
2210585,McArthur,James McArthur,Midfielder,CRY,0.01,0.00
2210585,Kouyaté,Cheikhou Kouyaté,Defender,CRY,0.00,0.00
2210585,Ward (Joel),Joel Ward,Defender,CRY,0.01,0.00
2210585,Clyne,Nathaniel Clyne,Defender,CRY,0.01,0.00
2210585,Ayew,Jordan Ayew,Midfielder,CRY,0.02,0.06
2210585,Zaha,Wilfried Zaha,Midfielder,CRY,0.19,1.23
2210585,Schlupp,Jeffrey Schlupp,Midfielder,CRY,0.13,0.12
2210585,Andersen,Joachim Andersen,Defender,CRY,0.08,0.09
2210585,Marc Guehi,Addji Keaninkin Marc-Israel Guehi,Defender,CRY,0.00,0.00
2210585,Mateta,Jean-Philippe Mateta,Forward,CRY,0.01,0.16
2210585,Eze,Eberechi Eze,Midfielder,CRY,0.03,0.00
2210585,Gallagher,Conor Gallagher,Midfielder,CRY,0.06,0.00
2210585,Mitchell,Tyrick Mitchell,Defender,CRY,0.00,0.00
2210585,Schmeichel,Kasper Schmeichel,Goalkeeper,LEI,0.00,0.00
2210585,Mendy (Nampalys),Nampalys Mendy,Midfielder,LEI,0.01,0.00
2210585,Amartey,Daniel Amartey,Defender,LEI,0.00,0.00
2210585,Castagne,Timothy Castagne,Defender,LEI,0.00,0.00
2210585,Tielemans,Youri Tielemans,Midfielder,LEI,0.02,0.05
2210585,Maddison,James Maddison,Midfielder,LEI,0.14,0.39
2210585,Iheanacho,Kelechi Iheanacho,Forward,LEI,0.00,0.00
2210585,Barnes (Harvey),Harvey Barnes,Midfielder,LEI,0.08,0.00
2210585,Dewsbury-Hall,Kiernan Dewsbury-Hall,Midfielder,LEI,0.25,0.12
2210585,Söyüncü,Caglar Söyüncü,Defender,LEI,0.01,0.00
2210585,Lookman,Ademola Lookman,Midfielder,LEI,0.01,0.35
2210585,Justin,James Justin,Defender,LEI,0.02,0.06
2210585,Thomas (Luke),Luke Thomas,Defender,LEI,0.20,0.00
2210585,Daka,Patson Daka,Forward,LEI,0.02,0.01
2210586,Henderson (Jordan),Jordan Henderson,Midfielder,LIV,0.19,0.03
2210586,Matip,Joel Matip,Defender,LIV,0.01,0.00
2210586,Thiago Alcántara,Thiago Alcántara do Nascimento,Midfielder,LIV,0.03,0.00
2210586,Firmino,Roberto Firmino Barbosa de Oliveira,Forward,LIV,0.00,0.00
2210586,van Dijk,Virgil van Dijk,Defender,LIV,0.01,0.00
2210586,Mane,Sadio Mane,Midfielder,LIV,0.05,0.39
2210586,Alisson,Alisson Ramses Becker,Goalkeeper,LIV,0.01,0.00
2210586,Fabinho,Fabio Henrique Tavares,Midfielder,LIV,0.01,0.00
2210586,Salah,Mohamed Salah,Midfielder,LIV,0.44,0.06
2210586,Robertson,Andrew Robertson,Defender,LIV,0.07,0.00
2210586,Alexander-Arnold,Trent Alexander-Arnold,Defender,LIV,0.46,0.01
2210586,Keita,Naby Keita,Midfielder,LIV,0.00,0.00
2210586,Diogo Jota,Diogo José Teixeira da Silva,Forward,LIV,0.01,0.82
2210586,Díaz,Luis Díaz,Midfielder,LIV,0.01,0.00
2210586,Walker (Kyle),Kyle Walker,Defender,MCI,0.02,0.00
2210586,De Bruyne,Kevin De Bruyne,Midfielder,MCI,0.27,0.13
2210586,Stones,John Stones,Defender,MCI,0.01,0.00
2210586,Mahrez,Riyad Mahrez,Midfielder,MCI,0.02,0.26
2210586,Sterling (Raheem),Raheem Sterling,Midfielder,MCI,0.04,0.42
2210586,Grealish,Jack Grealish,Midfielder,MCI,0.01,0.00
2210586,João Cancelo,João Pedro Cavaco Cancelo,Defender,MCI,0.25,0.02
2210586,Ederson,Ederson Santana de Moraes,Goalkeeper,MCI,0.00,0.00
2210586,Laporte,Aymeric Laporte,Defender,MCI,0.01,0.00
2210586,Bernardo Silva,Bernardo Mota Veiga de Carvalho e Silva,Midfielder,MCI,0.02,0.00
2210586,Jesus,Gabriel Fernando de Jesus,Forward,MCI,0.16,0.42
2210586,Foden,Phil Foden,Midfielder,MCI,0.04,0.00
2210586,Rodri,Rodrigo Hernández Cascante,Midfielder,MCI,0.02,0.02
2210587,Shelvey,Jonjo Shelvey,Midfielder,NEW,0.03,0.00
2210587,Wood,Chris Wood,Forward,NEW,0.03,0.79
2210587,Dubravka,Martin Dubravka,Goalkeeper,NEW,0.00,0.00
2210587,Burn,Dan Burn,Defender,NEW,0.00,0.10
2210587,Fraser,Ryan Fraser,Midfielder,NEW,0.00,0.00
2210587,Krafth,Emil Krafth,Defender,NEW,0.01,0.00
2210587,Murphy (Jacob),Jacob Murphy,Midfielder,NEW,0.00,0.00
2210587,Schär,Fabian Schär,Defender,NEW,0.04,0.07
2210587,Targett,Matt Targett,Defender,NEW,0.04,0.02
2210587,Saint-Maximin,Allan Saint-Maximin,Midfielder,NEW,0.02,0.28
2210587,Almirón,Miguel Almirón,Midfielder,NEW,0.01,0.07
2210587,Longstaff (Sean),Sean Longstaff,Midfielder,NEW,0.00,0.00
2210587,Joelinton,Joelinton Cássio Apolinário de Lira,Midfielder,NEW,0.19,0.05
2210587,Bruno Guimarães,Bruno Guimarães Rodriguez Moura,Midfielder,NEW,0.09,0.13
2210587,Moutinho,João Moutinho,Midfielder,WOL,0.02,0.00
2210587,Boly,Willy Boly,Defender,WOL,0.01,0.00
2210587,Coady,Conor Coady,Defender,WOL,0.01,0.00
2210587,Marçal,Fernando Marçal de Oliveira,Defender,WOL,0.11,0.00
2210587,Jonny,Jonathan Castro Otto,Defender,WOL,0.01,0.08
2210587,José Sá,José Pedro Malheiro de Sá,Goalkeeper,WOL,0.00,0.00
2210587,Hwang Hee-Chan,Hee-Chan Hwang,Midfielder,WOL,0.02,0.10
2210587,Kilman,Max Kilman,Defender,WOL,0.00,0.00
2210587,Trincão,Francisco António Machado Trincão,Midfielder,WOL,0.01,0.00
2210587,Cundle,Luke Cundle,Midfielder,WOL,0.03,0.00
2210587,Neto,Pedro Neto,Midfielder,WOL,0.02,0.00
2210587,Ait Nouri,Rayan Ait Nouri,Defender,WOL,0.00,0.00
2210587,Fabio Silva,Fabio Daniel Soares Silva,Forward,WOL,0.01,0.23
2210587,Campbell,Chem Campbell,Midfielder,WOL,0.01,0.00
2210588,Lennon,Aaron Lennon,Midfielder,BUR,0.03,0.00
2210588,Tarkowski,James Tarkowski,Defender,BUR,0.01,0.00
2210588,Rodriguez,Jay Rodriguez,Forward,BUR,0.03,0.34
2210588,Barnes (Ashley),Ashley Barnes,Forward,BUR,0.00,0.00
2210588,Westwood,Ashley Roy Westwood,Midfielder,BUR,0.12,0.10
2210588,Lowton,Matthew Lowton,Defender,BUR,0.13,0.07
2210588,Vydra,Matej Vydra,Forward,BUR,0.01,0.11
2210588,Pope,Nick Pope,Goalkeeper,BUR,0.00,0.00
2210588,Taylor (Charlie),Charlie Taylor,Defender,BUR,0.18,0.00
2210588,Weghorst,Wout Weghorst,Forward,BUR,0.01,0.06
2210588,Cornet,Maxwel Cornet,Midfielder,BUR,0.12,0.77
2210588,Brownhill,Josh Brownhill,Midfielder,BUR,0.15,0.20
2210588,Collins,Nathan Collins,Defender,BUR,0.02,0.05
2210588,McNeil,Dwight McNeil,Midfielder,BUR,0.34,0.02
2210588,Krul,Tim Krul,Goalkeeper,NOR,0.00,0.00
2210588,Pukki,Teemu Pukki,Forward,NOR,0.04,1.32
2210588,Rupp,Lukas Rupp,Midfielder,NOR,0.01,0.00
2210588,Kenny McLean,Kenneth McLean,Midfielder,NOR,0.04,0.04
2210588,Gibson (Ben),Ben Gibson,Defender,NOR,0.00,0.00
2210588,Hanley,Grant Hanley,Defender,NOR,0.00,0.24
2210588,Byram,Sam Byram,Defender,NOR,0.01,0.10
2210588,Dowell,Kieran Dowell,Midfielder,NOR,0.12,0.00
2210588,Mathias Normann,Mathias Antonsen Normann,Midfielder,NOR,0.22,0.04
2210588,Giannoulis,Dimitrios Giannoulis,Defender,NOR,0.02,0.00
2210588,Lees-Melou,Pierre Lees-Melou,Midfielder,NOR,0.05,0.09
2210588,Rashica,Milot Rashica,Midfielder,NOR,0.08,0.17
2210588,Williams (Brandon),Brandon Williams,Defender,NOR,0.00,0.03
2210588,Tzolis,Christos Tzolis,Midfielder,NOR,0.00,0.00
2210589,Thiago Silva,Thiago Emiliano da Silva,Defender,CHE,0.01,0.00
2210589,Alonso,Marcos Alonso,Defender,CHE,0.21,0.25
2210589,Kovacic,Mateo Kovacic,Midfielder,CHE,0.13,0.00
2210589,Rüdiger,Antonio Rüdiger,Defender,CHE,0.03,0.02
2210589,Kanté,N'Golo Kanté,Midfielder,CHE,0.05,0.19
2210589,Ziyech,Hakim Ziyech,Midfielder,CHE,0.05,0.05
2210589,Loftus-Cheek,Ruben Loftus-Cheek,Midfielder,CHE,0.68,0.06
2210589,Christensen,Andreas Christensen,Defender,CHE,0.01,0.00
2210589,Werner,Timo Werner,Forward,CHE,0.03,2.56
2210589,Pulisic,Christian Pulisic,Midfielder,CHE,0.01,0.15
2210589,Mount,Mason Mount,Midfielder,CHE,0.25,0.65
2210589,Havertz,Kai Havertz,Forward,CHE,0.03,0.73
2210589,James (Reece),Reece James,Defender,CHE,0.02,0.02
2210589,Mendy (Edouard),Edouard Mendy,Goalkeeper,CHE,0.00,0.00
2210589,Forster,Fraser Forster,Goalkeeper,SOU,0.00,0.00
2210589,Romeu,Oriol Romeu,Midfielder,SOU,0.00,0.00
2210589,Armstrong (Stuart),Stuart Armstrong,Midfielder,SOU,0.04,0.03
2210589,Elyounoussi,Mohammed Elyounoussi,Midfielder,SOU,0.01,0.00
2210589,Ward-Prowse,James Ward-Prowse,Midfielder,SOU,0.02,0.00
2210589,Armstrong (Adam),Adam Armstrong,Forward,SOU,0.01,0.02
2210589,Walker-Peters,Kyle Walker-Peters,Defender,SOU,0.31,0.00
2210589,Bednarek,Jan Bednarek,Defender,SOU,0.00,0.00
2210589,Adams,Che Adams,Forward,SOU,0.02,0.44
2210589,Valery,Yann Valery,Defender,SOU,0.00,0.00
2210589,Smallbone,William Smallbone,Midfielder,SOU,0.00,0.00
2210589,Diallo,Ibrahima Diallo,Midfielder,SOU,0.01,0.00
2210589,Livramento,Valentino Livramento,Defender,SOU,0.00,0.00
2210589,Salisu,Mohammed Salisu,Defender,SOU,0.00,0.00
2210590,Cooper,Liam Cooper,Defender,LEE,0.00,0.00
2210590,Ayling,Luke Ayling,Defender,LEE,0.03,0.15
2210590,Klich,Mateusz Klich,Midfielder,LEE,0.01,0.00
2210590,Rodrigo,Rodrigo Moreno Machado,Midfielder,LEE,0.01,0.32
2210590,Dallas,Stuart Dallas,Defender,LEE,0.07,0.00
2210590,Diego Llorente,Diego Javier Llorente Ríos,Defender,LEE,0.01,0.07
2210590,Phillips (Kalvin),Kalvin Phillips,Midfielder,LEE,0.00,0.04
2210590,Koch,Robin Koch,Defender,LEE,0.00,0.00
2210590,James (Daniel),Daniel James,Midfielder,LEE,0.00,0.00
2210590,Raphinha,Raphael Dias Belloli,Midfielder,LEE,0.06,0.10
2210590,Harrison,Jack Harrison,Midfielder,LEE,0.02,0.04
2210590,Greenwood (Sam),Sam Greenwood,Forward,LEE,0.01,0.00
2210590,Meslier,Illan Meslier,Goalkeeper,LEE,0.00,0.00
2210590,Summerville,Crysencio Summerville,Midfielder,LEE,0.00,0.00
2210590,Foster,Ben Foster,Goalkeeper,WAT,0.00,0.00
2210590,Sissoko,Moussa Sissoko,Midfielder,WAT,0.04,0.39
2210590,Femenía,Francisco Femenía Far,Defender,WAT,0.24,0.00
2210590,Kucka,Juraj Kucka,Midfielder,WAT,0.01,0.06
2210590,King,Joshua King,Forward,WAT,0.00,0.00
2210590,Kabasele,Christian Kabasele,Defender,WAT,0.00,0.00
2210590,Samir,Samir Caetano de Souza Santos,Defender,WAT,0.00,0.00
2210590,Kamara (Hassane),Hassane Kamara,Defender,WAT,0.01,0.00
2210590,Dennis (Emmanuel),Emmanuel Bonaventure Dennis,Forward,WAT,0.02,0.00
2210590,Ismaila Sarr,Ismaila Sarr,Midfielder,WAT,0.01,0.48
2210590,Cucho,Juan Camilo Hernández,Forward,WAT,0.00,0.04
2210590,Kayembe,Edo Kayembe,Midfielder,WAT,0.00,0.00
2210590,Louza,Imran Louza,Midfielder,WAT,0.09,0.07
2210590,João Pedro,João Pedro Junqueira de Jesus,Forward,WAT,0.04,0.04
2210591,Coutinho,Philippe Coutinho,Midfielder,AVL,0.06,0.01
2210591,Ings,Danny Ings,Forward,AVL,0.03,0.51
2210591,Martinez,Emiliano Martinez,Goalkeeper,AVL,0.00,0.00
2210591,Digne,Lucas Digne,Defender,AVL,0.10,0.03
2210591,Traore (Bertrand),Bertrand Traore,Midfielder,AVL,0.00,0.00
2210591,McGinn,John McGinn,Midfielder,AVL,0.14,0.00
2210591,Mings,Tyrone Mings,Defender,AVL,0.01,0.00
2210591,Watkins,Ollie Watkins,Forward,AVL,0.13,0.14
2210591,Nakamba,Marvelous Nakamba,Midfielder,AVL,0.01,0.00
2210591,Buendía,Emiliano Buendía,Midfielder,AVL,0.02,0.04
2210591,Cash,Matthew Cash,Defender,AVL,0.03,0.02
2210591,Konsa Ngoyo,Ezri Konsa Ngoyo,Defender,AVL,0.00,0.00
2210591,Douglas Luiz,Douglas Luiz Soares de Paulo,Midfielder,AVL,0.04,0.82
2210591,Chukwuemeka (Carney),Carney Chukwuemeka,Midfielder,AVL,0.00,0.00
2210591,Henderson (Jordan),Jordan Henderson,Midfielder,LIV,0.01,0.00
2210591,Matip,Joel Matip,Defender,LIV,0.01,0.94
2210591,Thiago Alcántara,Thiago Alcántara do Nascimento,Midfielder,LIV,0.01,0.00
2210591,van Dijk,Virgil van Dijk,Defender,LIV,0.01,0.15
2210591,Mane,Sadio Mane,Midfielder,LIV,0.06,0.46
2210591,Alisson,Alisson Ramses Becker,Goalkeeper,LIV,0.00,0.00
2210591,Fabinho,Fabio Henrique Tavares,Midfielder,LIV,0.00,0.00
2210591,Salah,Mohamed Salah,Midfielder,LIV,0.01,0.12
2210591,Alexander-Arnold,Trent Alexander-Arnold,Defender,LIV,0.48,0.07
2210591,Keita,Naby Keita,Midfielder,LIV,0.25,0.05
2210591,Diogo Jota,Diogo José Teixeira da Silva,Forward,LIV,0.07,0.11
2210591,Jones (Curtis),Curtis Jones,Midfielder,LIV,0.03,0.06
2210591,Tsimikas,Konstantinos Tsimikas,Defender,LIV,0.19,0.00
2210591,Díaz,Luis Díaz,Midfielder,LIV,0.23,0.03
2210592,Benteke,Christian Benteke,Forward,CRY,0.00,0.00
2210592,Clyne,Nathaniel Clyne,Defender,CRY,0.01,0.00
2210592,Milivojevic,Luka Milivojevic,Midfielder,CRY,0.00,0.00
2210592,Ayew,Jordan Ayew,Midfielder,CRY,0.02,0.42
2210592,Zaha,Wilfried Zaha,Midfielder,CRY,0.03,0.09
2210592,Schlupp,Jeffrey Schlupp,Midfielder,CRY,0.00,0.09
2210592,Butland,Jack Butland,Goalkeeper,CRY,0.00,0.00
2210592,Hughes (Will),Will Hughes,Midfielder,CRY,0.00,0.00
2210592,Andersen,Joachim Andersen,Defender,CRY,0.02,0.00
2210592,Marc Guehi,Addji Keaninkin Marc-Israel Guehi,Defender,CRY,0.00,0.00
2210592,Mateta,Jean-Philippe Mateta,Forward,CRY,0.00,0.56
2210592,Eze,Eberechi Eze,Midfielder,CRY,0.41,0.00
2210592,Gallagher,Conor Gallagher,Midfielder,CRY,0.00,0.00
2210592,Mitchell,Tyrick Mitchell,Defender,CRY,0.03,0.00
2210592,Coleman,Seamus Coleman,Defender,EVE,0.04,0.00
2210592,Keane,Michael Keane,Defender,EVE,0.01,0.05
2210592,Alli,Bamidele Alli,Midfielder,EVE,0.01,0.00
2210592,Pickford,Jordan Pickford,Goalkeeper,EVE,0.02,0.00
2210592,André Gomes,André Filipe Tavares Gomes,Midfielder,EVE,0.01,0.03
2210592,Doucouré,Abdoulaye Doucouré,Midfielder,EVE,0.08,0.02
2210592,Iwobi,Alex Iwobi,Midfielder,EVE,0.09,0.01
2210592,Kenny,Jonjoe Kenny,Defender,EVE,0.00,0.00
2210592,Gray (Demarai),Demarai Gray,Midfielder,EVE,0.12,0.00
2210592,Calvert-Lewin,Dominic Calvert-Lewin,Forward,EVE,0.01,0.26
2210592,Holgate,Mason Holgate,Defender,EVE,0.05,0.00
2210592,Richarlison,Richarlison de Andrade,Forward,EVE,0.01,0.32
2210592,Mykolenko,Vitaliy Mykolenko,Defender,EVE,0.24,0.08
2210592,Gordon (Anthony),Anthony Gordon,Midfielder,EVE,0.07,0.00
2210593,Azpilicueta,César Azpilicueta,Defender,CHE,0.00,0.00
2210593,Lukaku,Romelu Lukaku,Forward,CHE,0.05,0.65
2210593,Alonso,Marcos Alonso,Defender,CHE,0.11,0.00
2210593,Jorginho,Jorge Luiz Frello Filho,Midfielder,CHE,0.09,0.00
2210593,Kovacic,Mateo Kovacic,Midfielder,CHE,0.01,0.00
2210593,Rüdiger,Antonio Rüdiger,Defender,CHE,0.02,0.00
2210593,Ziyech,Hakim Ziyech,Midfielder,CHE,0.25,0.04
2210593,Loftus-Cheek,Ruben Loftus-Cheek,Midfielder,CHE,0.06,0.07
2210593,Christensen,Andreas Christensen,Defender,CHE,0.01,0.00
2210593,Pulisic,Christian Pulisic,Midfielder,CHE,0.15,0.25
2210593,Chalobah (Trevoh),Trevoh Chalobah,Defender,CHE,0.02,0.02
2210593,Mount,Mason Mount,Midfielder,CHE,0.26,0.31
2210593,James (Reece),Reece James,Defender,CHE,0.28,0.00
2210593,Mendy (Edouard),Edouard Mendy,Goalkeeper,CHE,0.00,0.00
2210593,Cooper,Liam Cooper,Defender,LEE,0.00,0.00
2210593,Klich,Mateusz Klich,Midfielder,LEE,0.00,0.01
2210593,Rodrigo,Rodrigo Moreno Machado,Midfielder,LEE,0.00,0.00
2210593,Diego Llorente,Diego Javier Llorente Ríos,Defender,LEE,0.00,0.03
2210593,Phillips (Kalvin),Kalvin Phillips,Midfielder,LEE,0.00,0.00
2210593,Koch,Robin Koch,Defender,LEE,0.00,0.30
2210593,James (Daniel),Daniel James,Midfielder,LEE,0.00,0.00
2210593,Raphinha,Raphael Dias Belloli,Midfielder,LEE,0.02,0.06
2210593,Harrison,Jack Harrison,Midfielder,LEE,0.00,0.00
2210593,Struijk,Pascal Struijk,Defender,LEE,0.00,0.00
2210593,Meslier,Illan Meslier,Goalkeeper,LEE,0.00,0.00
2210593,Firpo,Junior Firpo,Defender,LEE,0.05,0.00
2210593,Bate,Lewis Bate,Midfielder,LEE,0.00,0.01
2210593,Gelhardt,Joe Gelhardt,Forward,LEE,0.20,0.00
2210594,Cristiano Ronaldo,Cristiano Ronaldo dos Santos Aveiro,Forward,MUN,0.07,1.30
2210594,Mata,Juan Mata,Midfielder,MUN,0.01,0.07
2210594,De Gea,David De Gea,Goalkeeper,MUN,0.00,0.00
2210594,Matic,Nemanja Matic,Midfielder,MUN,0.01,0.00
2210594,Pogba,Paul Pogba,Midfielder,MUN,0.07,0.00
2210594,Maguire,Harry Maguire,Defender,MUN,0.02,0.00
2210594,Lingard,Jesse Lingard,Midfielder,MUN,0.07,0.16
2210594,Bruno Fernandes,Bruno Miguel Borges Fernandes,Midfielder,MUN,0.11,0.10
2210594,Alex Telles,Alex Nicolao Telles,Defender,MUN,0.17,0.00
2210594,Rashford,Marcus Rashford,Midfielder,MUN,0.00,0.00
2210594,Lindelof,Victor Nilsson-Lindelof,Defender,MUN,0.07,0.00
2210594,Sancho,Jadon Sancho,Midfielder,MUN,0.19,0.21
2210594,Dalot,José Diogo Dalot Teixeira,Defender,MUN,0.15,0.06
2210594,Elanga,Anthony Elanga,Midfielder,MUN,0.38,0.08
2210594,Krul,Tim Krul,Goalkeeper,NOR,0.00,0.00
2210594,Pukki,Teemu Pukki,Forward,NOR,0.55,0.72
2210594,Kenny McLean,Kenneth McLean,Midfielder,NOR,0.01,0.00
2210594,Gibson (Ben),Ben Gibson,Defender,NOR,0.00,0.00
2210594,Hanley,Grant Hanley,Defender,NOR,0.00,0.00
2210594,Byram,Sam Byram,Defender,NOR,0.07,0.13
2210594,Dowell,Kieran Dowell,Midfielder,NOR,0.43,0.38
2210594,Mathias Normann,Mathias Antonsen Normann,Midfielder,NOR,0.03,0.04
2210594,Giannoulis,Dimitrios Giannoulis,Defender,NOR,0.21,0.00
2210594,Lees-Melou,Pierre Lees-Melou,Midfielder,NOR,0.22,0.09
2210594,Rashica,Milot Rashica,Midfielder,NOR,0.11,0.18
2210594,Gilmour,Billy Gilmour,Midfielder,NOR,0.01,0.00
2210594,Placheta,Przemyslaw Placheta,Midfielder,NOR,0.01,0.00
2210594,Rowe (Jonathan),Jonathan Rowe,Midfielder,NOR,0.00,0.00
2210595,Schmeichel,Kasper Schmeichel,Goalkeeper,LEI,0.00,0.00
2210595,Mendy (Nampalys),Nampalys Mendy,Midfielder,LEI,0.01,0.00
2210595,Amartey,Daniel Amartey,Defender,LEI,0.01,0.00
2210595,Tielemans,Youri Tielemans,Midfielder,LEI,0.06,0.07
2210595,Ayoze Pérez,Ayoze Pérez Gutiérrez,Midfielder,LEI,0.36,0.02
2210595,Maddison,James Maddison,Midfielder,LEI,0.01,0.00
2210595,Iheanacho,Kelechi Iheanacho,Forward,LEI,0.00,0.28
2210595,Barnes (Harvey),Harvey Barnes,Midfielder,LEI,0.02,0.00
2210595,Dewsbury-Hall,Kiernan Dewsbury-Hall,Midfielder,LEI,0.60,0.09
2210595,Söyüncü,Caglar Söyüncü,Defender,LEI,0.01,0.00
2210595,Lookman,Ademola Lookman,Midfielder,LEI,0.04,0.14
2210595,Justin,James Justin,Defender,LEI,0.03,0.05
2210595,Thomas (Luke),Luke Thomas,Defender,LEI,0.03,0.00
2210595,Daka,Patson Daka,Forward,LEI,0.02,0.00
2210595,Shelvey,Jonjo Shelvey,Midfielder,NEW,0.02,0.03
2210595,Wood,Chris Wood,Forward,NEW,0.02,0.14
2210595,Dubravka,Martin Dubravka,Goalkeeper,NEW,0.00,0.00
2210595,Burn,Dan Burn,Defender,NEW,0.00,0.07
2210595,Gayle,Dwight Gayle,Forward,NEW,0.00,0.00
2210595,Krafth,Emil Krafth,Defender,NEW,0.01,0.00
2210595,Murphy (Jacob),Jacob Murphy,Midfielder,NEW,0.00,0.00
2210595,Schär,Fabian Schär,Defender,NEW,0.03,0.00
2210595,Targett,Matt Targett,Defender,NEW,0.07,0.02
2210595,Saint-Maximin,Allan Saint-Maximin,Midfielder,NEW,0.05,0.09
2210595,Almirón,Miguel Almirón,Midfielder,NEW,0.01,0.14
2210595,Joelinton,Joelinton Cássio Apolinário de Lira,Midfielder,NEW,0.18,0.09
2210595,Willock,Joseph Willock,Midfielder,NEW,0.00,0.00
2210595,Bruno Guimarães,Bruno Guimarães Rodriguez Moura,Midfielder,NEW,0.07,1.21
2210596,Cedric,Cedric Ricardo Alves Soares,Defender,ARS,0.11,0.04
2210596,Xhaka,Granit Xhaka,Midfielder,ARS,0.11,0.19
2210596,Odegaard,Martin Odegaard,Midfielder,ARS,0.31,0.17
2210596,Pepe,Nicolas Pepe,Midfielder,ARS,0.03,0.05
2210596,White (Ben),Ben White,Defender,ARS,0.02,0.00
2210596,Eddie Nketiah,Edward Nketiah,Forward,ARS,0.04,0.07
2210596,Smith-Rowe,Emile Smith-Rowe,Midfielder,ARS,0.02,0.23
2210596,Saka,Bukayo Saka,Midfielder,ARS,0.07,0.58
2210596,Ramsdale,Aaron Ramsdale,Goalkeeper,ARS,0.00,0.00
2210596,Gabriel Magalhães,Gabriel dos Santos Magalhães,Defender,ARS,0.04,0.02
2210596,Nuno Tavares,Nuno Tavares,Defender,ARS,0.09,0.05
2210596,Sambi Lokonga,Albert Sambi Lokonga,Midfielder,ARS,0.09,0.00
2210596,Martinelli,Gabriel Teodoro Martinelli Silva,Midfielder,ARS,0.08,0.31
2210596,Long (Shane),Shane Long,Forward,SOU,0.00,0.00
2210596,Forster,Fraser Forster,Goalkeeper,SOU,0.00,0.00
2210596,Romeu,Oriol Romeu,Midfielder,SOU,0.00,0.00
2210596,Redmond,Nathan Redmond,Midfielder,SOU,0.00,0.00
2210596,Armstrong (Stuart),Stuart Armstrong,Midfielder,SOU,0.03,0.05
2210596,Elyounoussi,Mohammed Elyounoussi,Midfielder,SOU,0.09,0.43
2210596,Ward-Prowse,James Ward-Prowse,Midfielder,SOU,0.04,0.04
2210596,Walker-Peters,Kyle Walker-Peters,Defender,SOU,0.00,0.00
2210596,Bednarek,Jan Bednarek,Defender,SOU,0.00,0.11
2210596,Lyanco,Lyanco Evangelista Silveira Neves Vojnovic,Defender,SOU,0.00,0.00
2210596,Valery,Yann Valery,Defender,SOU,0.00,0.00
2210596,Perraud,Romain Perraud,Defender,SOU,0.01,0.10
2210596,Broja,Armando Broja,Forward,SOU,0.02,0.03
2210596,Livramento,Valentino Livramento,Defender,SOU,0.00,0.00
2210597,Lallana,Adam Lallana,Midfielder,BHA,0.01,0.00
2210597,Welbeck,Danny Welbeck,Forward,BHA,0.01,0.17
2210597,Groß,Pascal Groß,Midfielder,BHA,0.21,0.00
2210597,Dunk,Lewis Dunk,Defender,BHA,0.00,0.01
2210597,March,Solomon March,Midfielder,BHA,0.00,0.00
2210597,Veltman,Joël Veltman,Defender,BHA,0.01,0.12
2210597,Trossard,Leandro Trossard,Midfielder,BHA,0.03,0.15
2210597,Cucurella,Marc Cucurella,Defender,BHA,0.02,0.04
2210597,Sanchez,Robert Sanchez,Goalkeeper,BHA,0.00,0.00
2210597,Bissouma,Yves Bissouma,Midfielder,BHA,0.01,0.00
2210597,Lamptey,Tariq Lamptey,Defender,BHA,0.24,0.02
2210597,Mac Allister,Alexis Mac Allister,Midfielder,BHA,0.08,0.06
2210597,Mwepu,Enock Mwepu,Midfielder,BHA,0.00,0.06
2210597,Moises Caicedo,Moises Caicedo,Midfielder,BHA,0.01,0.00
2210597,Lloris,Hugo Lloris,Goalkeeper,TOT,0.00,0.00
2210597,Kane,Harry Kane,Forward,TOT,0.12,0.02
2210597,Son,Heung-Min Son,Midfielder,TOT,0.01,0.22
2210597,Dier,Eric Dier,Defender,TOT,0.01,0.00
2210597,Lucas Moura,Lucas Rodrigues Moura da Silva,Midfielder,TOT,0.00,0.00
2210597,Davies (Ben),Ben Davies,Defender,TOT,0.00,0.00
2210597,Højbjerg,Pierre-Emile Højbjerg,Midfielder,TOT,0.01,0.00
2210597,Winks,Harry Winks,Midfielder,TOT,0.00,0.00
2210597,Bergwijn,Steven Bergwijn,Midfielder,TOT,0.00,0.25
2210597,Reguilón,Sergio Reguilón,Defender,TOT,0.05,0.00
2210597,Bentancur,Rodrigo Bentancur,Midfielder,TOT,0.01,0.02
2210597,Romero (Cristian),Cristian Romero,Defender,TOT,0.04,0.00
2210597,Emerson Royal,Emerson Aparecido Leite de Souza Junior,Defender,TOT,0.00,0.00
2210597,Kulusevski,Dejan Kulusevski,Midfielder,TOT,0.01,0.00
2210598,Jansson,Pontus Jansson,Defender,BRE,0.02,0.84
2210598,Eriksen,Christian Eriksen,Midfielder,BRE,0.61,0.08
2210598,Norgaard,Christian Norgaard,Midfielder,BRE,0.01,0.39
2210598,Toney,Ivan Toney,Forward,BRE,0.01,0.24
2210598,Raya Martin,David Raya Martin,Goalkeeper,BRE,0.00,0.00
2210598,Ajer,Kristoffer Ajer,Defender,BRE,0.30,0.00
2210598,Henry,Rico Henry,Defender,BRE,0.08,0.00
2210598,Janelt,Vitaly Janelt,Midfielder,BRE,0.01,0.10
2210598,Ghoddos,Saman Ghoddos,Midfielder,BRE,0.00,0.00
2210598,Jensen,Mathias Jensen,Midfielder,BRE,0.00,0.00
2210598,Wissa,Yoane Wissa,Midfielder,BRE,0.01,0.11
2210598,Bech Sørensen,Mads Bech Sørensen,Defender,BRE,0.11,0.00
2210598,Pinnock,Ethan Pinnock,Defender,BRE,0.03,0.00
2210598,Mbeumo,Bryan Mbeumo,Forward,BRE,0.06,0.10
2210598,Foster,Ben Foster,Goalkeeper,WAT,0.00,0.00
2210598,Cathcart,Craig Cathcart,Defender,WAT,0.00,0.00
2210598,Cleverley,Tom Cleverley,Midfielder,WAT,0.00,0.00
2210598,Sissoko,Moussa Sissoko,Midfielder,WAT,0.12,0.10
2210598,Femenía,Francisco Femenía Far,Defender,WAT,0.29,0.00
2210598,Kucka,Juraj Kucka,Midfielder,WAT,0.15,0.11
2210598,King,Joshua King,Forward,WAT,0.01,0.38
2210598,Kabasele,Christian Kabasele,Defender,WAT,0.00,0.00
2210598,Samir,Samir Caetano de Souza Santos,Defender,WAT,0.01,0.13
2210598,Kamara (Hassane),Hassane Kamara,Defender,WAT,0.05,0.00
2210598,Dennis (Emmanuel),Emmanuel Bonaventure Dennis,Forward,WAT,0.03,0.20
2210598,Ismaila Sarr,Ismaila Sarr,Midfielder,WAT,0.03,0.29
2210598,Louza,Imran Louza,Midfielder,WAT,0.03,0.61
2210598,João Pedro,João Pedro Junqueira de Jesus,Forward,WAT,0.03,0.09
2210599,Tarkowski,James Tarkowski,Defender,BUR,0.05,0.00
2210599,Cork,Jack Cork,Midfielder,BUR,0.03,0.00
2210599,Rodriguez,Jay Rodriguez,Forward,BUR,0.02,0.47
2210599,Westwood,Ashley Roy Westwood,Midfielder,BUR,0.01,0.00
2210599,Lowton,Matthew Lowton,Defender,BUR,0.01,0.00
2210599,Vydra,Matej Vydra,Forward,BUR,0.00,0.00
2210599,Pope,Nick Pope,Goalkeeper,BUR,0.00,0.00
2210599,Taylor (Charlie),Charlie Taylor,Defender,BUR,0.01,0.00
2210599,Weghorst,Wout Weghorst,Forward,BUR,0.29,0.48
2210599,Cornet,Maxwel Cornet,Midfielder,BUR,0.29,1.04
2210599,Brownhill,Josh Brownhill,Midfielder,BUR,0.19,0.00
2210599,Roberts (Connor),Connor Roberts,Defender,BUR,0.00,0.00
2210599,Collins,Nathan Collins,Defender,BUR,0.01,0.00
2210599,McNeil,Dwight McNeil,Midfielder,BUR,0.02,0.00
2210599,Fabianski,Lukasz Fabianski,Goalkeeper,WHU,0.00,0.00
2210599,Cresswell (Aaron),Aaron Cresswell,Defender,WHU,0.11,0.05
2210599,Antonio,Michail Antonio,Forward,WHU,0.03,0.92
2210599,Dawson,Craig Dawson,Defender,WHU,0.02,0.00
2210599,Lanzini,Manuel Lanzini,Midfielder,WHU,0.32,0.00
2210599,Benrahma,Said Benrahma,Midfielder,WHU,0.05,0.37
2210599,Bowen,Jarrod Bowen,Midfielder,WHU,0.15,0.16
2210599,Vlasic,Nikola Vlasic,Midfielder,WHU,0.08,0.03
2210599,Rice,Declan Rice,Midfielder,WHU,0.09,0.12
2210599,Soucek,Tomas Soucek,Midfielder,WHU,0.01,0.46
2210599,Fornals,Pablo Fornals,Midfielder,WHU,0.12,0.00
2210599,Diop,Issa Diop,Defender,WHU,0.00,0.06
2210599,Johnson,Ben Johnson,Defender,WHU,0.11,0.07
2210600,Fernandinho,Fernando Luiz Rosa,Midfielder,MCI,0.00,0.00
2210600,Gundogan,Ilkay Gundogan,Midfielder,MCI,0.02,0.00
2210600,De Bruyne,Kevin De Bruyne,Midfielder,MCI,0.17,0.74
2210600,Mahrez,Riyad Mahrez,Midfielder,MCI,0.00,0.00
2210600,Sterling (Raheem),Raheem Sterling,Midfielder,MCI,0.05,1.12
2210600,Grealish,Jack Grealish,Midfielder,MCI,0.17,0.00
2210600,João Cancelo,João Pedro Cavaco Cancelo,Defender,MCI,0.05,0.23
2210600,Ederson,Ederson Santana de Moraes,Goalkeeper,MCI,0.00,0.00
2210600,Aké,Nathan Aké,Defender,MCI,0.00,0.00
2210600,Laporte,Aymeric Laporte,Defender,MCI,0.00,0.00
2210600,Bernardo Silva,Bernardo Mota Veiga de Carvalho e Silva,Midfielder,MCI,0.15,0.05
2210600,Zinchenko,Oleksandr Zinchenko,Defender,MCI,0.04,0.00
2210600,Foden,Phil Foden,Midfielder,MCI,0.41,0.29
2210600,Rodri,Rodrigo Hernández Cascante,Midfielder,MCI,0.01,0.04
2210600,Moutinho,João Moutinho,Midfielder,WOL,0.02,0.00
2210600,Boly,Willy Boly,Defender,WOL,0.00,0.00
2210600,Coady,Conor Coady,Defender,WOL,0.00,0.00
2210600,Raúl Jiménez,Raul Alonso Jimenez Rodriguez,Forward,WOL,0.03,0.02
2210600,Jonny,Jonathan Castro Otto,Defender,WOL,0.00,0.00
2210600,José Sá,José Pedro Malheiro de Sá,Goalkeeper,WOL,0.00,0.00
2210600,Dendoncker (Leander),Leander Dendoncker,Midfielder,WOL,0.00,0.35
2210600,Ruben Neves,Rúben Diogo da Silva Neves,Midfielder,WOL,0.03,0.00
2210600,Hwang Hee-Chan,Hee-Chan Hwang,Midfielder,WOL,0.00,0.04
2210600,Trincão,Francisco António Machado Trincão,Midfielder,WOL,0.00,0.00
2210600,Cundle,Luke Cundle,Midfielder,WOL,0.00,0.00
2210600,Neto,Pedro Neto,Midfielder,WOL,0.14,0.04
2210600,Ait Nouri,Rayan Ait Nouri,Defender,WOL,0.03,0.00
2210600,Chiquinho,Francisco Jorge Tomás Oliveira,Midfielder,WOL,0.05,0.08
2210601,Cedric,Cedric Ricardo Alves Soares,Defender,ARS,0.01,0.00
2210601,Xhaka,Granit Xhaka,Midfielder,ARS,0.11,0.03
2210601,Elneny,Mohamed Elneny,Midfielder,ARS,0.03,0.01
2210601,Holding,Rob Holding,Defender,ARS,0.00,0.00
2210601,Odegaard,Martin Odegaard,Midfielder,ARS,0.42,0.15
2210601,White (Ben),Ben White,Defender,ARS,0.01,0.00
2210601,Eddie Nketiah,Edward Nketiah,Forward,ARS,0.04,0.41
2210601,Smith-Rowe,Emile Smith-Rowe,Midfielder,ARS,0.07,0.00
2210601,Saka,Bukayo Saka,Midfielder,ARS,0.03,1.03
2210601,Tomiyasu,Takehiro Tomiyasu,Defender,ARS,0.00,0.00
2210601,Ramsdale,Aaron Ramsdale,Goalkeeper,ARS,0.00,0.00
2210601,Gabriel Magalhães,Gabriel dos Santos Magalhães,Defender,ARS,0.01,0.03
2210601,Nuno Tavares,Nuno Tavares,Defender,ARS,0.01,1.03
2210601,Martinelli,Gabriel Teodoro Martinelli Silva,Midfielder,ARS,0.00,0.00
2210601,Cristiano Ronaldo,Cristiano Ronaldo dos Santos Aveiro,Forward,MUN,0.03,0.53
2210601,Mata,Juan Mata,Midfielder,MUN,0.00,0.00
2210601,De Gea,David De Gea,Goalkeeper,MUN,0.00,0.00
2210601,Matic,Nemanja Matic,Midfielder,MUN,0.18,0.00
2210601,Varane,Raphael Varane,Defender,MUN,0.00,0.00
2210601,Lingard,Jesse Lingard,Midfielder,MUN,0.00,0.00
2210601,Bruno Fernandes,Bruno Miguel Borges Fernandes,Midfielder,MUN,0.05,0.87
2210601,Alex Telles,Alex Nicolao Telles,Defender,MUN,0.08,0.02
2210601,Rashford,Marcus Rashford,Midfielder,MUN,0.00,0.00
2210601,Lindelof,Victor Nilsson-Lindelof,Defender,MUN,0.02,0.00
2210601,McTominay,Scott McTominay,Midfielder,MUN,0.02,0.11
2210601,Sancho,Jadon Sancho,Midfielder,MUN,0.06,0.00
2210601,Dalot,José Diogo Dalot Teixeira,Defender,MUN,0.03,0.07
2210601,Elanga,Anthony Elanga,Midfielder,MUN,0.01,0.18
2210602,Jansson,Pontus Jansson,Defender,BRE,0.00,0.11
2210602,Eriksen,Christian Eriksen,Midfielder,BRE,0.24,0.08
2210602,Toney,Ivan Toney,Forward,BRE,0.22,0.24
2210602,Raya Martin,David Raya Martin,Goalkeeper,BRE,0.00,0.00
2210602,Dasilva,Pelenda Joshua Dasilva,Midfielder,BRE,0.00,0.00
2210602,Henry,Rico Henry,Defender,BRE,0.14,0.00
2210602,Janelt,Vitaly Janelt,Midfielder,BRE,0.01,0.00
2210602,Ghoddos,Saman Ghoddos,Midfielder,BRE,0.04,0.02
2210602,Jensen,Mathias Jensen,Midfielder,BRE,0.17,0.00
2210602,Wissa,Yoane Wissa,Midfielder,BRE,0.00,0.00
2210602,Roerslev,Mads Roerslev,Defender,BRE,0.29,0.00
2210602,Bech Sørensen,Mads Bech Sørensen,Defender,BRE,0.02,0.00
2210602,Mbeumo,Bryan Mbeumo,Forward,BRE,0.01,0.46
2210602,Lloris,Hugo Lloris,Goalkeeper,TOT,0.00,0.00
2210602,Kane,Harry Kane,Forward,TOT,0.00,0.23
2210602,Son,Heung-Min Son,Midfielder,TOT,0.19,0.00
2210602,Dier,Eric Dier,Defender,TOT,0.01,0.00
2210602,Lucas Moura,Lucas Rodrigues Moura da Silva,Midfielder,TOT,0.00,0.00
2210602,Davies (Ben),Ben Davies,Defender,TOT,0.02,0.00
2210602,Højbjerg,Pierre-Emile Højbjerg,Midfielder,TOT,0.20,0.00
2210602,Sánchez (Davinson),Davinson Sánchez,Defender,TOT,0.01,0.00
2210602,Sessegnon (Ryan),Kouassi Ryan Sessegnon,Defender,TOT,0.02,0.00
2210602,Bentancur,Rodrigo Bentancur,Midfielder,TOT,0.11,0.29
2210602,Romero (Cristian),Cristian Romero,Defender,TOT,0.05,0.00
2210602,Emerson Royal,Emerson Aparecido Leite de Souza Junior,Defender,TOT,0.20,0.00
2210602,Kulusevski,Dejan Kulusevski,Midfielder,TOT,0.13,0.08
2210603,Welbeck,Danny Welbeck,Forward,BHA,0.01,1.54
2210603,Groß,Pascal Groß,Midfielder,BHA,0.04,0.00
2210603,Dunk,Lewis Dunk,Defender,BHA,0.00,0.01
2210603,March,Solomon March,Midfielder,BHA,0.02,0.02
2210603,Webster (Adam),Adam Webster,Defender,BHA,0.01,0.00
2210603,Veltman,Joël Veltman,Defender,BHA,0.01,0.00
2210603,Maupay,Neal Maupay,Forward,BHA,0.04,0.00
2210603,Trossard,Leandro Trossard,Midfielder,BHA,0.55,0.00
2210603,Cucurella,Marc Cucurella,Defender,BHA,0.16,0.00
2210603,Sanchez,Robert Sanchez,Goalkeeper,BHA,0.00,0.00
2210603,Mac Allister,Alexis Mac Allister,Midfielder,BHA,0.07,0.07
2210603,Mwepu,Enock Mwepu,Midfielder,BHA,0.04,0.00
2210603,Sarmiento,Jeremy Sarmiento,Midfielder,BHA,0.00,0.00
2210603,Moises Caicedo,Moises Caicedo,Midfielder,BHA,0.01,0.02
2210603,Long (Shane),Shane Long,Forward,SOU,0.04,0.33
2210603,Forster,Fraser Forster,Goalkeeper,SOU,0.00,0.00
2210603,Romeu,Oriol Romeu,Midfielder,SOU,0.02,0.14
2210603,Redmond,Nathan Redmond,Midfielder,SOU,0.04,0.00
2210603,Armstrong (Stuart),Stuart Armstrong,Midfielder,SOU,0.17,0.02
2210603,Ward-Prowse,James Ward-Prowse,Midfielder,SOU,0.37,0.21
2210603,Walker-Peters,Kyle Walker-Peters,Defender,SOU,0.09,0.06
2210603,Bednarek,Jan Bednarek,Defender,SOU,0.00,0.00
2210603,Adams,Che Adams,Forward,SOU,0.06,0.00
2210603,Tella,Nathan Tella,Midfielder,SOU,0.02,0.02
2210603,Perraud,Romain Perraud,Defender,SOU,0.02,0.02
2210603,Broja,Armando Broja,Forward,SOU,0.01,0.00
2210603,Livramento,Valentino Livramento,Defender,SOU,0.01,0.03
2210603,Salisu,Mohammed Salisu,Defender,SOU,0.01,0.04
2210604,Lennon,Aaron Lennon,Midfielder,BUR,0.02,0.25
2210604,Tarkowski,James Tarkowski,Defender,BUR,0.00,0.01
2210604,Cork,Jack Cork,Midfielder,BUR,0.04,0.00
2210604,Long (Kevin),Kevin Long,Defender,BUR,0.00,0.00
2210604,Rodriguez,Jay Rodriguez,Forward,BUR,0.00,0.05
2210604,Barnes (Ashley),Ashley Barnes,Forward,BUR,0.01,0.00
2210604,Vydra,Matej Vydra,Forward,BUR,0.00,0.60
2210604,Pope,Nick Pope,Goalkeeper,BUR,0.00,0.00
2210604,Taylor (Charlie),Charlie Taylor,Defender,BUR,0.00,0.00
2210604,Weghorst,Wout Weghorst,Forward,BUR,0.59,0.38
2210604,Brownhill,Josh Brownhill,Midfielder,BUR,0.04,0.00
2210604,Roberts (Connor),Connor Roberts,Defender,BUR,0.03,0.00
2210604,Collins,Nathan Collins,Defender,BUR,0.00,0.03
2210604,McNeil,Dwight McNeil,Midfielder,BUR,0.43,0.09
2210604,Moutinho,João Moutinho,Midfielder,WOL,0.10,0.02
2210604,Boly,Willy Boly,Defender,WOL,0.01,0.00
2210604,Coady,Conor Coady,Defender,WOL,0.02,0.00
2210604,Raúl Jiménez,Raul Alonso Jimenez Rodriguez,Forward,WOL,0.18,0.17
2210604,Saiss,Romain Saiss,Defender,WOL,0.01,0.00
2210604,Jonny,Jonathan Castro Otto,Defender,WOL,0.07,0.06
2210604,José Sá,José Pedro Malheiro de Sá,Goalkeeper,WOL,0.00,0.00
2210604,Dendoncker (Leander),Leander Dendoncker,Midfielder,WOL,0.02,0.00
2210604,Hwang Hee-Chan,Hee-Chan Hwang,Midfielder,WOL,0.08,0.07
2210604,Semedo,Nelson Semedo,Defender,WOL,0.06,0.05
2210604,Trincão,Francisco António Machado Trincão,Midfielder,WOL,0.00,0.03
2210604,Neto,Pedro Neto,Midfielder,WOL,0.00,0.06
2210604,Fabio Silva,Fabio Daniel Soares Silva,Forward,WOL,0.06,0.17
2210605,Azpilicueta,César Azpilicueta,Defender,CHE,0.04,0.10
2210605,Thiago Silva,Thiago Emiliano da Silva,Defender,CHE,0.05,0.06
2210605,Lukaku,Romelu Lukaku,Forward,CHE,0.00,0.02
2210605,Alonso,Marcos Alonso,Defender,CHE,0.05,0.20
2210605,Jorginho,Jorge Luiz Frello Filho,Midfielder,CHE,0.09,0.79
2210605,Kanté,N'Golo Kanté,Midfielder,CHE,0.09,0.20
2210605,Ziyech,Hakim Ziyech,Midfielder,CHE,0.01,0.02
2210605,Loftus-Cheek,Ruben Loftus-Cheek,Midfielder,CHE,0.14,0.00
2210605,Werner,Timo Werner,Forward,CHE,0.08,0.75
2210605,Pulisic,Christian Pulisic,Midfielder,CHE,0.01,0.56
2210605,Chalobah (Trevoh),Trevoh Chalobah,Defender,CHE,0.05,0.02
2210605,Mount,Mason Mount,Midfielder,CHE,0.23,0.26
2210605,Havertz,Kai Havertz,Forward,CHE,0.05,0.04
2210605,Mendy (Edouard),Edouard Mendy,Goalkeeper,CHE,0.00,0.00
2210605,Noble,Mark Noble,Midfielder,WHU,0.01,0.00
2210605,Fabianski,Lukasz Fabianski,Goalkeeper,WHU,0.00,0.00
2210605,Cresswell (Aaron),Aaron Cresswell,Defender,WHU,0.01,0.00
2210605,Yarmolenko,Andriy Yarmolenko,Midfielder,WHU,0.10,0.31
2210605,Dawson,Craig Dawson,Defender,WHU,0.00,0.00
2210605,Lanzini,Manuel Lanzini,Midfielder,WHU,0.00,0.00
2210605,Masuaku,Arthur Masuaku,Defender,WHU,0.02,0.02
2210605,Coufal,Vladimir Coufal,Defender,WHU,0.01,0.00
2210605,Benrahma,Said Benrahma,Midfielder,WHU,0.01,0.02
2210605,Bowen,Jarrod Bowen,Midfielder,WHU,0.00,0.00
2210605,Rice,Declan Rice,Midfielder,WHU,0.00,0.00
2210605,Soucek,Tomas Soucek,Midfielder,WHU,0.01,0.13
2210605,Fornals,Pablo Fornals,Midfielder,WHU,0.03,0.00
2210605,Johnson,Ben Johnson,Defender,WHU,0.00,0.00
2210606,Guaita,Vicente Guaita,Goalkeeper,CRY,0.00,0.00
2210606,McArthur,James McArthur,Midfielder,CRY,0.00,0.00
2210606,Benteke,Christian Benteke,Forward,CRY,0.01,0.00
2210606,Ward (Joel),Joel Ward,Defender,CRY,0.02,0.01
2210606,Clyne,Nathaniel Clyne,Defender,CRY,0.29,0.00
2210606,Ayew,Jordan Ayew,Midfielder,CRY,0.00,0.00
2210606,Zaha,Wilfried Zaha,Midfielder,CRY,0.13,0.35
2210606,Schlupp,Jeffrey Schlupp,Midfielder,CRY,0.02,0.00
2210606,Andersen,Joachim Andersen,Defender,CRY,0.04,0.00
2210606,Marc Guehi,Addji Keaninkin Marc-Israel Guehi,Defender,CRY,0.08,0.15
2210606,Mateta,Jean-Philippe Mateta,Forward,CRY,0.01,1.02
2210606,Eze,Eberechi Eze,Midfielder,CRY,0.15,0.05
2210606,Gallagher,Conor Gallagher,Midfielder,CRY,0.02,0.29
2210606,Olise,Michael Olise,Midfielder,CRY,0.20,0.00
2210606,Cooper,Liam Cooper,Defender,LEE,0.03,0.09
2210606,Ayling,Luke Ayling,Defender,LEE,0.01,0.00
2210606,Klich,Mateusz Klich,Midfielder,LEE,0.02,0.00
2210606,Rodrigo,Rodrigo Moreno Machado,Midfielder,LEE,0.01,0.08
2210606,Dallas,Stuart Dallas,Defender,LEE,0.02,0.09
2210606,Diego Llorente,Diego Javier Llorente Ríos,Defender,LEE,0.01,0.00
2210606,Phillips (Kalvin),Kalvin Phillips,Midfielder,LEE,0.01,0.00
2210606,Koch,Robin Koch,Defender,LEE,0.00,0.00
2210606,James (Daniel),Daniel James,Midfielder,LEE,0.02,0.00
2210606,Raphinha,Raphael Dias Belloli,Midfielder,LEE,0.03,0.10
2210606,Harrison,Jack Harrison,Midfielder,LEE,0.07,0.09
2210606,Greenwood (Sam),Sam Greenwood,Forward,LEE,0.02,0.00
2210606,Meslier,Illan Meslier,Goalkeeper,LEE,0.00,0.00
2210606,Gelhardt,Joe Gelhardt,Forward,LEE,0.00,0.03
2210607,Young (Ashley),Ashley Young,Defender,AVL,0.01,0.03
2210607,Coutinho,Philippe Coutinho,Midfielder,AVL,0.02,0.00
2210607,Martinez,Emiliano Martinez,Goalkeeper,AVL,0.00,0.00
2210607,McGinn,John McGinn,Midfielder,AVL,0.18,0.01
2210607,Mings,Tyrone Mings,Defender,AVL,0.00,0.16
2210607,Watkins,Ollie Watkins,Forward,AVL,0.17,0.17
2210607,Nakamba,Marvelous Nakamba,Midfielder,AVL,0.00,0.00
2210607,Buendía,Emiliano Buendía,Midfielder,AVL,0.02,0.03
2210607,Cash,Matthew Cash,Defender,AVL,0.01,0.00
2210607,Konsa Ngoyo,Ezri Konsa Ngoyo,Defender,AVL,0.03,0.00
2210607,Bailey,Leon Bailey,Midfielder,AVL,0.16,0.43
2210607,Douglas Luiz,Douglas Luiz Soares de Paulo,Midfielder,AVL,0.14,0.00
2210607,Ramsey (Jacob),Jacob Ramsey,Midfielder,AVL,0.17,0.04
2210607,Iroegbunam,Tim Iroegbunam,Midfielder,AVL,0.00,0.00
2210607,Schmeichel,Kasper Schmeichel,Goalkeeper,LEI,0.00,0.00
2210607,Mendy (Nampalys),Nampalys Mendy,Midfielder,LEI,0.01,0.00
2210607,Vardy,Jamie Vardy,Forward,LEI,0.00,0.00
2210607,Castagne,Timothy Castagne,Defender,LEI,0.01,0.00
2210607,Tielemans,Youri Tielemans,Midfielder,LEI,0.01,0.00
2210607,Ayoze Pérez,Ayoze Pérez Gutiérrez,Midfielder,LEI,0.02,0.00
2210607,Maddison,James Maddison,Midfielder,LEI,0.01,0.09
2210607,Barnes (Harvey),Harvey Barnes,Midfielder,LEI,0.05,0.03
2210607,Dewsbury-Hall,Kiernan Dewsbury-Hall,Midfielder,LEI,0.01,0.07
2210607,Söyüncü,Caglar Söyüncü,Defender,LEI,0.00,0.00
2210607,Lookman,Ademola Lookman,Midfielder,LEI,0.02,0.00
2210607,Justin,James Justin,Defender,LEI,0.05,0.00
2210607,Daka,Patson Daka,Forward,LEI,0.00,0.12
2210607,Fofana,Wesley Fofana,Defender,LEI,0.01,0.00
2210608,Rondón,Salomón Rondón,Forward,EVE,0.00,0.03
2210608,Coleman,Seamus Coleman,Defender,EVE,0.02,0.00
2210608,Keane,Michael Keane,Defender,EVE,0.00,0.00
2210608,Alli,Bamidele Alli,Midfielder,EVE,0.00,0.00
2210608,Pickford,Jordan Pickford,Goalkeeper,EVE,0.01,0.00
2210608,Allan,Allan Marques Loureiro,Midfielder,EVE,0.00,0.00
2210608,Doucouré,Abdoulaye Doucouré,Midfielder,EVE,0.01,0.08
2210608,Iwobi,Alex Iwobi,Midfielder,EVE,0.10,0.03
2210608,Gray (Demarai),Demarai Gray,Midfielder,EVE,0.00,0.14
2210608,Holgate,Mason Holgate,Defender,EVE,0.00,0.00
2210608,Richarlison,Richarlison de Andrade,Forward,EVE,0.01,0.06
2210608,Mykolenko,Vitaliy Mykolenko,Defender,EVE,0.03,0.00
2210608,Gordon (Anthony),Anthony Gordon,Midfielder,EVE,0.00,0.06
2210608,Henderson (Jordan),Jordan Henderson,Midfielder,LIV,0.03,0.00
2210608,Matip,Joel Matip,Defender,LIV,0.05,0.18
2210608,Thiago Alcántara,Thiago Alcántara do Nascimento,Midfielder,LIV,0.11,0.12
2210608,van Dijk,Virgil van Dijk,Defender,LIV,0.02,0.02
2210608,Mane,Sadio Mane,Midfielder,LIV,0.05,0.08
2210608,Alisson,Alisson Ramses Becker,Goalkeeper,LIV,0.00,0.00
2210608,Fabinho,Fabio Henrique Tavares,Midfielder,LIV,0.05,0.03
2210608,Salah,Mohamed Salah,Midfielder,LIV,0.39,0.24
2210608,Robertson,Andrew Robertson,Defender,LIV,0.08,0.24
2210608,Origi,Divock Origi,Forward,LIV,0.04,0.80
2210608,Alexander-Arnold,Trent Alexander-Arnold,Defender,LIV,0.34,0.00
2210608,Keita,Naby Keita,Midfielder,LIV,0.15,0.04
2210608,Diogo Jota,Diogo José Teixeira da Silva,Forward,LIV,0.02,0.08
2210608,Díaz,Luis Díaz,Midfielder,LIV,0.04,0.24
2210609,Fernandinho,Fernando Luiz Rosa,Midfielder,MCI,0.30,0.13
2210609,Gundogan,Ilkay Gundogan,Midfielder,MCI,0.11,0.00
2210609,De Bruyne,Kevin De Bruyne,Midfielder,MCI,0.51,0.02
2210609,Mahrez,Riyad Mahrez,Midfielder,MCI,0.11,0.15
2210609,Sterling (Raheem),Raheem Sterling,Midfielder,MCI,0.07,0.28
2210609,Grealish,Jack Grealish,Midfielder,MCI,0.05,0.18
2210609,João Cancelo,João Pedro Cavaco Cancelo,Defender,MCI,0.21,0.05
2210609,Ederson,Ederson Santana de Moraes,Goalkeeper,MCI,0.00,0.00
2210609,Aké,Nathan Aké,Defender,MCI,0.00,0.00
2210609,Laporte,Aymeric Laporte,Defender,MCI,0.01,0.00
2210609,Rúben Dias,Rúben Santos Gato Alves Dias,Defender,MCI,0.02,0.23
2210609,Jesus,Gabriel Fernando de Jesus,Forward,MCI,0.23,2.45
2210609,Zinchenko,Oleksandr Zinchenko,Defender,MCI,0.61,0.00
2210609,Rodri,Rodrigo Hernández Cascante,Midfielder,MCI,0.06,0.18
2210609,Foster,Ben Foster,Goalkeeper,WAT,0.00,0.00
2210609,Cathcart,Craig Cathcart,Defender,WAT,0.00,0.00
2210609,Cleverley,Tom Cleverley,Midfielder,WAT,0.00,0.00
2210609,Sissoko,Moussa Sissoko,Midfielder,WAT,0.01,0.02
2210609,King,Joshua King,Forward,WAT,0.17,0.00
2210609,Kabasele,Christian Kabasele,Defender,WAT,0.00,0.00
2210609,Samir,Samir Caetano de Souza Santos,Defender,WAT,0.00,0.00
2210609,Kamara (Hassane),Hassane Kamara,Defender,WAT,0.00,0.06
2210609,Dennis (Emmanuel),Emmanuel Bonaventure Dennis,Forward,WAT,0.16,0.34
2210609,Ismaila Sarr,Ismaila Sarr,Midfielder,WAT,0.00,0.02
2210609,Ngakia,Jeremy Ngakia,Defender,WAT,0.01,0.00
2210609,Kayembe,Edo Kayembe,Midfielder,WAT,0.00,0.00
2210609,Louza,Imran Louza,Midfielder,WAT,0.20,0.00
2210609,João Pedro,João Pedro Junqueira de Jesus,Forward,WAT,0.00,0.04
2210610,Ritchie,Matt Ritchie,Defender,NEW,0.04,0.00
2210610,Dubravka,Martin Dubravka,Goalkeeper,NEW,0.00,0.00
2210610,Burn,Dan Burn,Defender,NEW,0.00,0.02
2210610,Lascelles,Jamaal Lascelles,Defender,NEW,0.00,0.00
2210610,Gayle,Dwight Gayle,Forward,NEW,0.00,0.00
2210610,Krafth,Emil Krafth,Defender,NEW,0.02,0.00
2210610,Murphy (Jacob),Jacob Murphy,Midfielder,NEW,0.15,0.31
2210610,Targett,Matt Targett,Defender,NEW,0.02,0.00
2210610,Saint-Maximin,Allan Saint-Maximin,Midfielder,NEW,0.09,0.04
2210610,Almirón,Miguel Almirón,Midfielder,NEW,0.01,0.10
2210610,Longstaff (Sean),Sean Longstaff,Midfielder,NEW,0.01,0.05
2210610,Joelinton,Joelinton Cássio Apolinário de Lira,Midfielder,NEW,0.02,0.64
2210610,Willock,Joseph Willock,Midfielder,NEW,0.04,0.30
2210610,Bruno Guimarães,Bruno Guimarães Rodriguez Moura,Midfielder,NEW,0.30,0.49
2210610,Krul,Tim Krul,Goalkeeper,NOR,0.00,0.00
2210610,Pukki,Teemu Pukki,Forward,NOR,0.13,0.04
2210610,Kenny McLean,Kenneth McLean,Midfielder,NOR,0.26,0.00
2210610,Hanley,Grant Hanley,Defender,NOR,0.00,0.00
2210610,Byram,Sam Byram,Defender,NOR,0.01,0.00
2210610,Dowell,Kieran Dowell,Midfielder,NOR,0.01,0.52
2210610,Mathias Normann,Mathias Antonsen Normann,Midfielder,NOR,0.03,0.00
2210610,Giannoulis,Dimitrios Giannoulis,Defender,NOR,0.02,0.00
2210610,Zimmermann,Christoph Zimmermann,Defender,NOR,0.01,0.00
2210610,Lees-Melou,Pierre Lees-Melou,Midfielder,NOR,0.03,0.00
2210610,Rashica,Milot Rashica,Midfielder,NOR,0.00,0.00
2210610,Aarons,Maximillian Aarons,Defender,NOR,0.03,0.00
2210610,Tzolis,Christos Tzolis,Midfielder,NOR,0.01,0.00
2210610,Rowe (Jonathan),Jonathan Rowe,Midfielder,NOR,0.11,0.07
2210611,Coutinho,Philippe Coutinho,Midfielder,AVL,0.05,0.17
2210611,Ings,Danny Ings,Forward,AVL,0.09,0.44
2210611,Martinez,Emiliano Martinez,Goalkeeper,AVL,0.00,0.00
2210611,Chambers,Calum Chambers,Defender,AVL,0.00,0.00
2210611,Digne,Lucas Digne,Defender,AVL,0.20,0.00
2210611,McGinn,John McGinn,Midfielder,AVL,0.07,0.07
2210611,Mings,Tyrone Mings,Defender,AVL,0.00,0.00
2210611,Watkins,Ollie Watkins,Forward,AVL,0.43,0.55
2210611,Buendía,Emiliano Buendía,Midfielder,AVL,0.21,0.06
2210611,Cash,Matthew Cash,Defender,AVL,0.00,0.05
2210611,Bailey,Leon Bailey,Midfielder,AVL,0.01,0.03
2210611,Douglas Luiz,Douglas Luiz Soares de Paulo,Midfielder,AVL,0.01,0.00
2210611,Ramsey (Jacob),Jacob Ramsey,Midfielder,AVL,0.10,0.37
2210611,Iroegbunam,Tim Iroegbunam,Midfielder,AVL,0.00,0.12
2210611,Krul,Tim Krul,Goalkeeper,NOR,0.00,0.00
2210611,Pukki,Teemu Pukki,Forward,NOR,0.09,0.00
2210611,Rupp,Lukas Rupp,Midfielder,NOR,0.00,0.00
2210611,Hanley,Grant Hanley,Defender,NOR,0.00,0.11
2210611,Byram,Sam Byram,Defender,NOR,0.01,0.00
2210611,Dowell,Kieran Dowell,Midfielder,NOR,0.09,0.00
2210611,Mathias Normann,Mathias Antonsen Normann,Midfielder,NOR,0.01,0.03
2210611,Lees-Melou,Pierre Lees-Melou,Midfielder,NOR,0.03,0.23
2210611,Rashica,Milot Rashica,Midfielder,NOR,0.14,0.02
2210611,Sargent,Joshua Sargent,Forward,NOR,0.00,0.00
2210611,Williams (Brandon),Brandon Williams,Defender,NOR,0.05,0.13
2210611,Aarons,Maximillian Aarons,Defender,NOR,0.02,0.02
2210611,Gilmour,Billy Gilmour,Midfielder,NOR,0.03,0.00
2210611,Rowe (Jonathan),Jonathan Rowe,Midfielder,NOR,0.00,0.00
2210612,Azpilicueta,César Azpilicueta,Defender,CHE,0.08,0.08
2210612,Thiago Silva,Thiago Emiliano da Silva,Defender,CHE,0.06,0.00
2210612,Alonso,Marcos Alonso,Defender,CHE,0.44,0.08
2210612,Jorginho,Jorge Luiz Frello Filho,Midfielder,CHE,0.03,0.00
2210612,Kovacic,Mateo Kovacic,Midfielder,CHE,0.11,0.12
2210612,Rüdiger,Antonio Rüdiger,Defender,CHE,0.02,0.14
2210612,Ziyech,Hakim Ziyech,Midfielder,CHE,0.03,0.00
2210612,Loftus-Cheek,Ruben Loftus-Cheek,Midfielder,CHE,0.10,0.17
2210612,Werner,Timo Werner,Forward,CHE,0.01,0.04
2210612,Pulisic,Christian Pulisic,Midfielder,CHE,0.01,0.00
2210612,Mount,Mason Mount,Midfielder,CHE,0.12,0.06
2210612,Havertz,Kai Havertz,Forward,CHE,0.03,0.05
2210612,James (Reece),Reece James,Defender,CHE,0.06,0.13
2210612,Mendy (Edouard),Edouard Mendy,Goalkeeper,CHE,0.00,0.00
2210612,Delph,Fabian Delph,Midfielder,EVE,0.00,0.00
2210612,Rondón,Salomón Rondón,Forward,EVE,0.00,0.00
2210612,Coleman,Seamus Coleman,Defender,EVE,0.00,0.00
2210612,Alli,Bamidele Alli,Midfielder,EVE,0.00,0.00
2210612,Pickford,Jordan Pickford,Goalkeeper,EVE,0.00,0.00
2210612,Allan,Allan Marques Loureiro,Midfielder,EVE,0.00,0.00
2210612,Doucouré,Abdoulaye Doucouré,Midfielder,EVE,0.12,0.01
2210612,Iwobi,Alex Iwobi,Midfielder,EVE,0.03,0.00
2210612,Mina,Yerry Mina,Defender,EVE,0.00,0.00
2210612,Gray (Demarai),Demarai Gray,Midfielder,EVE,0.01,0.10
2210612,Holgate,Mason Holgate,Defender,EVE,0.01,0.00
2210612,Richarlison,Richarlison de Andrade,Forward,EVE,0.34,0.29
2210612,Mykolenko,Vitaliy Mykolenko,Defender,EVE,0.00,0.22
2210612,Gordon (Anthony),Anthony Gordon,Midfielder,EVE,0.01,0.19
2210613,Ayling,Luke Ayling,Defender,LEE,0.00,0.00
2210613,Klich,Mateusz Klich,Midfielder,LEE,0.07,0.00
2210613,Rodrigo,Rodrigo Moreno Machado,Midfielder,LEE,0.03,0.00
2210613,Dallas,Stuart Dallas,Defender,LEE,0.01,0.00
2210613,Phillips (Kalvin),Kalvin Phillips,Midfielder,LEE,0.01,0.00
2210613,Koch,Robin Koch,Defender,LEE,0.00,0.07
2210613,James (Daniel),Daniel James,Midfielder,LEE,0.00,0.64
2210613,Raphinha,Raphael Dias Belloli,Midfielder,LEE,0.11,0.08
2210613,Harrison,Jack Harrison,Midfielder,LEE,0.03,0.00
2210613,Struijk,Pascal Struijk,Defender,LEE,0.00,0.00
2210613,Greenwood (Sam),Sam Greenwood,Forward,LEE,0.00,0.17
2210613,Meslier,Illan Meslier,Goalkeeper,LEE,0.00,0.00
2210613,Firpo,Junior Firpo,Defender,LEE,0.00,0.05
2210613,Gelhardt,Joe Gelhardt,Forward,LEE,0.40,0.40
2210613,Fernandinho,Fernando Luiz Rosa,Midfielder,MCI,0.01,0.05
2210613,Gundogan,Ilkay Gundogan,Midfielder,MCI,0.25,0.27
2210613,Sterling (Raheem),Raheem Sterling,Midfielder,MCI,0.04,0.33
2210613,Grealish,Jack Grealish,Midfielder,MCI,0.03,0.11
2210613,João Cancelo,João Pedro Cavaco Cancelo,Defender,MCI,0.05,0.52
2210613,Ederson,Ederson Santana de Moraes,Goalkeeper,MCI,0.00,0.00
2210613,Aké,Nathan Aké,Defender,MCI,0.02,0.29
2210613,Laporte,Aymeric Laporte,Defender,MCI,0.01,0.00
2210613,Bernardo Silva,Bernardo Mota Veiga de Carvalho e Silva,Midfielder,MCI,0.15,0.06
2210613,Rúben Dias,Rúben Santos Gato Alves Dias,Defender,MCI,0.19,0.00
2210613,Jesus,Gabriel Fernando de Jesus,Forward,MCI,0.15,0.62
2210613,Zinchenko,Oleksandr Zinchenko,Defender,MCI,0.01,0.02
2210613,Foden,Phil Foden,Midfielder,MCI,0.47,0.00
2210613,Rodri,Rodrigo Hernández Cascante,Midfielder,MCI,0.02,0.24
2210614,Jansson,Pontus Jansson,Defender,BRE,0.00,0.00
2210614,Eriksen,Christian Eriksen,Midfielder,BRE,0.16,0.11
2210614,Norgaard,Christian Norgaard,Midfielder,BRE,0.03,0.00
2210614,Toney,Ivan Toney,Forward,BRE,0.10,0.23
2210614,Raya Martin,David Raya Martin,Goalkeeper,BRE,0.00,0.00
2210614,Dasilva,Pelenda Joshua Dasilva,Midfielder,BRE,0.06,0.00
2210614,Ajer,Kristoffer Ajer,Defender,BRE,0.07,0.00
2210614,Henry,Rico Henry,Defender,BRE,0.09,0.02
2210614,Janelt,Vitaly Janelt,Midfielder,BRE,0.02,0.00
2210614,Jensen,Mathias Jensen,Midfielder,BRE,0.00,0.10
2210614,Wissa,Yoane Wissa,Midfielder,BRE,0.00,0.00
2210614,Roerslev,Mads Roerslev,Defender,BRE,0.08,0.00
2210614,Bech Sørensen,Mads Bech Sørensen,Defender,BRE,0.01,0.02
2210614,Mbeumo,Bryan Mbeumo,Forward,BRE,0.02,0.17
2210614,Cristiano Ronaldo,Cristiano Ronaldo dos Santos Aveiro,Forward,MUN,0.09,0.83
2210614,Cavani,Edinson Cavani,Forward,MUN,0.00,0.00
2210614,Mata,Juan Mata,Midfielder,MUN,0.04,0.04
2210614,De Gea,David De Gea,Goalkeeper,MUN,0.00,0.00
2210614,Matic,Nemanja Matic,Midfielder,MUN,0.21,0.00
2210614,Jones (Phil),Phil Jones,Defender,MUN,0.00,0.00
2210614,Varane,Raphael Varane,Defender,MUN,0.00,0.11
2210614,Fred,Frederico Rodrigues de Paula Santos,Midfielder,MUN,0.01,0.00
2210614,Bruno Fernandes,Bruno Miguel Borges Fernandes,Midfielder,MUN,0.04,0.94
2210614,Alex Telles,Alex Nicolao Telles,Defender,MUN,0.08,0.00
2210614,Lindelof,Victor Nilsson-Lindelof,Defender,MUN,0.00,0.00
2210614,McTominay,Scott McTominay,Midfielder,MUN,0.03,0.10
2210614,Dalot,José Diogo Dalot Teixeira,Defender,MUN,0.26,0.00
2210614,Elanga,Anthony Elanga,Midfielder,MUN,0.35,0.00
2210615,Milner,James Milner,Midfielder,LIV,0.23,0.06
2210615,Henderson (Jordan),Jordan Henderson,Midfielder,LIV,0.05,0.04
2210615,Matip,Joel Matip,Defender,LIV,0.01,0.00
2210615,Thiago Alcántara,Thiago Alcántara do Nascimento,Midfielder,LIV,0.00,0.00
2210615,van Dijk,Virgil van Dijk,Defender,LIV,0.01,0.05
2210615,Mane,Sadio Mane,Midfielder,LIV,0.11,0.47
2210615,Alisson,Alisson Ramses Becker,Goalkeeper,LIV,0.00,0.00
2210615,Fabinho,Fabio Henrique Tavares,Midfielder,LIV,0.00,0.05
2210615,Salah,Mohamed Salah,Midfielder,LIV,0.00,0.16
2210615,Robertson,Andrew Robertson,Defender,LIV,0.07,0.03
2210615,Gomez,Joseph Gomez,Defender,LIV,0.07,0.03
2210615,Keita,Naby Keita,Midfielder,LIV,0.06,0.34
2210615,Diogo Jota,Diogo José Teixeira da Silva,Forward,LIV,0.06,0.52
2210615,Díaz,Luis Díaz,Midfielder,LIV,0.08,0.65
2210615,Shelvey,Jonjo Shelvey,Midfielder,NEW,0.14,0.08
2210615,Wood,Chris Wood,Forward,NEW,0.00,0.00
2210615,Dubravka,Martin Dubravka,Goalkeeper,NEW,0.00,0.00
2210615,Burn,Dan Burn,Defender,NEW,0.00,0.00
2210615,Lascelles,Jamaal Lascelles,Defender,NEW,0.00,0.00
2210615,Krafth,Emil Krafth,Defender,NEW,0.00,0.00
2210615,Murphy (Jacob),Jacob Murphy,Midfielder,NEW,0.00,0.00
2210615,Schär,Fabian Schär,Defender,NEW,0.00,0.00
2210615,Targett,Matt Targett,Defender,NEW,0.01,0.00
2210615,Saint-Maximin,Allan Saint-Maximin,Midfielder,NEW,0.06,0.04
2210615,Almirón,Miguel Almirón,Midfielder,NEW,0.00,0.00
2210615,Joelinton,Joelinton Cássio Apolinário de Lira,Midfielder,NEW,0.01,0.00
2210615,Willock,Joseph Willock,Midfielder,NEW,0.00,0.00
2210615,Bruno Guimarães,Bruno Guimarães Rodriguez Moura,Midfielder,NEW,0.04,0.08
2210616,Guaita,Vicente Guaita,Goalkeeper,CRY,0.00,0.00
2210616,McArthur,James McArthur,Midfielder,CRY,0.08,0.01
2210616,Ward (Joel),Joel Ward,Defender,CRY,0.01,0.00
2210616,Clyne,Nathaniel Clyne,Defender,CRY,0.03,0.00
2210616,Ayew,Jordan Ayew,Midfielder,CRY,0.11,0.06
2210616,Zaha,Wilfried Zaha,Midfielder,CRY,0.02,0.08
2210616,Schlupp,Jeffrey Schlupp,Midfielder,CRY,0.08,0.15
2210616,Hughes (Will),Will Hughes,Midfielder,CRY,0.00,0.05
2210616,Andersen,Joachim Andersen,Defender,CRY,0.13,0.00
2210616,Marc Guehi,Addji Keaninkin Marc-Israel Guehi,Defender,CRY,0.01,0.00
2210616,Mateta,Jean-Philippe Mateta,Forward,CRY,0.02,0.43
2210616,Eze,Eberechi Eze,Midfielder,CRY,0.04,0.17
2210616,Gallagher,Conor Gallagher,Midfielder,CRY,0.30,0.15
2210616,Olise,Michael Olise,Midfielder,CRY,0.01,0.00
2210616,Long (Shane),Shane Long,Forward,SOU,0.03,0.10
2210616,Forster,Fraser Forster,Goalkeeper,SOU,0.00,0.00
2210616,Romeu,Oriol Romeu,Midfielder,SOU,0.24,0.15
2210616,Redmond,Nathan Redmond,Midfielder,SOU,0.05,0.00
2210616,Armstrong (Stuart),Stuart Armstrong,Midfielder,SOU,0.00,0.17
2210616,Elyounoussi,Mohammed Elyounoussi,Midfielder,SOU,0.00,0.00
2210616,Ward-Prowse,James Ward-Prowse,Midfielder,SOU,0.14,0.03
2210616,Walker-Peters,Kyle Walker-Peters,Defender,SOU,0.01,0.00
2210616,Bednarek,Jan Bednarek,Defender,SOU,0.00,0.00
2210616,Adams,Che Adams,Forward,SOU,0.03,0.15
2210616,Tella,Nathan Tella,Midfielder,SOU,0.01,0.02
2210616,Perraud,Romain Perraud,Defender,SOU,0.00,0.00
2210616,Broja,Armando Broja,Forward,SOU,0.00,0.00
2210616,Salisu,Mohammed Salisu,Defender,SOU,0.03,0.00
2210617,Schmeichel,Kasper Schmeichel,Goalkeeper,LEI,0.00,0.00
2210617,Albrighton,Marc Albrighton,Midfielder,LEI,0.05,0.00
2210617,Mendy (Nampalys),Nampalys Mendy,Midfielder,LEI,0.02,0.00
2210617,Vardy,Jamie Vardy,Forward,LEI,0.02,0.13
2210617,Amartey,Daniel Amartey,Defender,LEI,0.06,0.00
2210617,Castagne,Timothy Castagne,Defender,LEI,0.13,0.00
2210617,Tielemans,Youri Tielemans,Midfielder,LEI,0.02,0.00
2210617,Ayoze Pérez,Ayoze Pérez Gutiérrez,Midfielder,LEI,0.02,0.07
2210617,Iheanacho,Kelechi Iheanacho,Forward,LEI,0.01,0.08
2210617,Söyüncü,Caglar Söyüncü,Defender,LEI,0.01,0.00
2210617,Soumaré,Boubakary Soumaré,Midfielder,LEI,0.04,0.00
2210617,Brunt,Lewis Brunt,Defender,LEI,0.00,0.00
2210617,Thomas (Luke),Luke Thomas,Defender,LEI,0.05,0.00
2210617,Daka,Patson Daka,Forward,LEI,0.01,0.22
2210617,Lloris,Hugo Lloris,Goalkeeper,TOT,0.00,0.00
2210617,Kane,Harry Kane,Forward,TOT,0.16,0.66
2210617,Son,Heung-Min Son,Midfielder,TOT,0.19,0.21
2210617,Dier,Eric Dier,Defender,TOT,0.09,0.09
2210617,Lucas Moura,Lucas Rodrigues Moura da Silva,Midfielder,TOT,0.01,0.12
2210617,Davies (Ben),Ben Davies,Defender,TOT,0.03,0.07
2210617,Højbjerg,Pierre-Emile Højbjerg,Midfielder,TOT,0.13,0.00
2210617,Winks,Harry Winks,Midfielder,TOT,0.00,0.00
2210617,Sessegnon (Ryan),Kouassi Ryan Sessegnon,Defender,TOT,0.13,0.00
2210617,Bergwijn,Steven Bergwijn,Midfielder,TOT,0.00,0.00
2210617,Bentancur,Rodrigo Bentancur,Midfielder,TOT,0.04,0.00
2210617,Romero (Cristian),Cristian Romero,Defender,TOT,0.03,0.07
2210617,Emerson Royal,Emerson Aparecido Leite de Souza Junior,Defender,TOT,0.02,0.00
2210617,Kulusevski,Dejan Kulusevski,Midfielder,TOT,0.11,0.00
2210618,Lennon,Aaron Lennon,Midfielder,BUR,0.04,0.15
2210618,Tarkowski,James Tarkowski,Defender,BUR,0.02,0.20
2210618,Cork,Jack Cork,Midfielder,BUR,0.01,0.35
2210618,Stephens (Dale),Dale Stephens,Midfielder,BUR,0.00,0.00
2210618,Barnes (Ashley),Ashley Barnes,Forward,BUR,0.00,0.24
2210618,Lowton,Matthew Lowton,Defender,BUR,0.00,0.00
2210618,Vydra,Matej Vydra,Forward,BUR,0.12,0.26
2210618,Pope,Nick Pope,Goalkeeper,BUR,0.00,0.00
2210618,Taylor (Charlie),Charlie Taylor,Defender,BUR,0.20,0.00
2210618,Weghorst,Wout Weghorst,Forward,BUR,0.07,0.04
2210618,Brownhill,Josh Brownhill,Midfielder,BUR,0.14,0.19
2210618,Roberts (Connor),Connor Roberts,Defender,BUR,0.07,0.00
2210618,Collins,Nathan Collins,Defender,BUR,0.00,0.12
2210618,McNeil,Dwight McNeil,Midfielder,BUR,0.16,0.07
2210618,Foster,Ben Foster,Goalkeeper,WAT,0.00,0.00
2210618,Sissoko,Moussa Sissoko,Midfielder,WAT,0.01,0.00
2210618,Femenía,Francisco Femenía Far,Defender,WAT,0.09,0.00
2210618,Kucka,Juraj Kucka,Midfielder,WAT,0.00,0.67
2210618,Kabasele,Christian Kabasele,Defender,WAT,0.00,0.00
2210618,Samir,Samir Caetano de Souza Santos,Defender,WAT,0.00,0.00
2210618,Kamara (Hassane),Hassane Kamara,Defender,WAT,0.00,0.00
2210618,Dennis (Emmanuel),Emmanuel Bonaventure Dennis,Forward,WAT,0.15,0.25
2210618,Ismaila Sarr,Ismaila Sarr,Midfielder,WAT,0.07,0.00
2210618,Louza,Imran Louza,Midfielder,WAT,0.08,0.04
2210618,João Pedro,João Pedro Junqueira de Jesus,Forward,WAT,0.04,0.08
2210619,Cedric,Cedric Ricardo Alves Soares,Defender,ARS,0.00,0.00
2210619,Xhaka,Granit Xhaka,Midfielder,ARS,0.03,0.00
2210619,Elneny,Mohamed Elneny,Midfielder,ARS,0.02,0.03
2210619,Holding,Rob Holding,Defender,ARS,0.00,0.15
2210619,Odegaard,Martin Odegaard,Midfielder,ARS,0.03,0.00
2210619,Eddie Nketiah,Edward Nketiah,Forward,ARS,0.03,0.39
2210619,Smith-Rowe,Emile Smith-Rowe,Midfielder,ARS,0.06,0.00
2210619,Saka,Bukayo Saka,Midfielder,ARS,0.23,0.08
2210619,Tomiyasu,Takehiro Tomiyasu,Defender,ARS,0.00,0.00
2210619,Ramsdale,Aaron Ramsdale,Goalkeeper,ARS,0.00,0.00
2210619,Gabriel Magalhães,Gabriel dos Santos Magalhães,Defender,ARS,0.00,0.23
2210619,Nuno Tavares,Nuno Tavares,Defender,ARS,0.01,0.00
2210619,Sambi Lokonga,Albert Sambi Lokonga,Midfielder,ARS,0.00,0.04
2210619,Martinelli,Gabriel Teodoro Martinelli Silva,Midfielder,ARS,0.16,0.02
2210619,Noble,Mark Noble,Midfielder,WHU,0.02,0.00
2210619,Fabianski,Lukasz Fabianski,Goalkeeper,WHU,0.00,0.00
2210619,Cresswell (Aaron),Aaron Cresswell,Defender,WHU,0.01,0.00
2210619,Yarmolenko,Andriy Yarmolenko,Midfielder,WHU,0.00,0.00
2210619,Antonio,Michail Antonio,Forward,WHU,0.00,0.00
2210619,Fredericks,Ryan Fredericks,Defender,WHU,0.02,0.00
2210619,Lanzini,Manuel Lanzini,Midfielder,WHU,0.02,0.05
2210619,Zouma,Kurt Zouma,Defender,WHU,0.00,0.07
2210619,Coufal,Vladimir Coufal,Defender,WHU,0.07,0.00
2210619,Benrahma,Said Benrahma,Midfielder,WHU,0.10,0.11
2210619,Bowen,Jarrod Bowen,Midfielder,WHU,0.00,0.10
2210619,Rice,Declan Rice,Midfielder,WHU,0.04,0.06
2210619,Soucek,Tomas Soucek,Midfielder,WHU,0.00,0.00
2210619,Fornals,Pablo Fornals,Midfielder,WHU,0.07,0.12
2210620,Welbeck,Danny Welbeck,Forward,BHA,0.08,0.17
2210620,Groß,Pascal Groß,Midfielder,BHA,0.04,0.05
2210620,Dunk,Lewis Dunk,Defender,BHA,0.08,0.00
2210620,March,Solomon March,Midfielder,BHA,0.02,0.00
2210620,Webster (Adam),Adam Webster,Defender,BHA,0.01,0.00
2210620,Veltman,Joël Veltman,Defender,BHA,0.01,0.00
2210620,Trossard,Leandro Trossard,Midfielder,BHA,0.16,0.28
2210620,Cucurella,Marc Cucurella,Defender,BHA,0.11,0.09
2210620,Sanchez,Robert Sanchez,Goalkeeper,BHA,0.00,0.00
2210620,Bissouma,Yves Bissouma,Midfielder,BHA,0.02,0.08
2210620,Lamptey,Tariq Lamptey,Defender,BHA,0.00,0.00
2210620,Mac Allister,Alexis Mac Allister,Midfielder,BHA,0.07,1.73
2210620,Mwepu,Enock Mwepu,Midfielder,BHA,0.02,0.20
2210620,Moises Caicedo,Moises Caicedo,Midfielder,BHA,0.06,0.04
2210620,Moutinho,João Moutinho,Midfielder,WOL,0.05,0.13
2210620,Boly,Willy Boly,Defender,WOL,0.00,0.18
2210620,Coady,Conor Coady,Defender,WOL,0.00,0.00
2210620,Raúl Jiménez,Raul Alonso Jimenez Rodriguez,Forward,WOL,0.00,0.00
2210620,Saiss,Romain Saiss,Defender,WOL,0.02,0.00
2210620,Jonny,Jonathan Castro Otto,Defender,WOL,0.03,0.05
2210620,José Sá,José Pedro Malheiro de Sá,Goalkeeper,WOL,0.00,0.00
2210620,Dendoncker (Leander),Leander Dendoncker,Midfielder,WOL,0.00,0.00
2210620,Ruben Neves,Rúben Diogo da Silva Neves,Midfielder,WOL,0.01,0.03
2210620,Hwang Hee-Chan,Hee-Chan Hwang,Midfielder,WOL,0.25,0.00
2210620,Semedo,Nelson Semedo,Defender,WOL,0.00,0.02
2210620,Neto,Pedro Neto,Midfielder,WOL,0.12,0.13
2210620,Ait Nouri,Rayan Ait Nouri,Defender,WOL,0.00,0.00
2210620,Fabio Silva,Fabio Daniel Soares Silva,Forward,WOL,0.01,0.12
2210621,Cedric,Cedric Ricardo Alves Soares,Defender,ARS,0.11,0.05
2210621,Lacazette,Alexandre Lacazette,Forward,ARS,0.00,0.00
2210621,Xhaka,Granit Xhaka,Midfielder,ARS,0.26,0.03
2210621,Elneny,Mohamed Elneny,Midfielder,ARS,0.04,0.00
2210621,Holding,Rob Holding,Defender,ARS,0.01,0.00
2210621,Odegaard,Martin Odegaard,Midfielder,ARS,0.21,0.20
2210621,Pepe,Nicolas Pepe,Midfielder,ARS,0.01,0.00
2210621,Eddie Nketiah,Edward Nketiah,Forward,ARS,0.01,0.95
2210621,Smith-Rowe,Emile Smith-Rowe,Midfielder,ARS,0.01,0.00
2210621,Saka,Bukayo Saka,Midfielder,ARS,0.06,0.08
2210621,Tomiyasu,Takehiro Tomiyasu,Defender,ARS,0.17,0.14
2210621,Ramsdale,Aaron Ramsdale,Goalkeeper,ARS,0.00,0.00
2210621,Gabriel Magalhães,Gabriel dos Santos Magalhães,Defender,ARS,0.02,0.10
2210621,Martinelli,Gabriel Teodoro Martinelli Silva,Midfielder,ARS,0.33,0.45
2210621,Ayling,Luke Ayling,Defender,LEE,0.00,0.00
2210621,Klich,Mateusz Klich,Midfielder,LEE,0.00,0.00
2210621,Rodrigo,Rodrigo Moreno Machado,Midfielder,LEE,0.00,0.12
2210621,Diego Llorente,Diego Javier Llorente Ríos,Defender,LEE,0.00,0.17
2210621,Phillips (Kalvin),Kalvin Phillips,Midfielder,LEE,0.04,0.02
2210621,Koch,Robin Koch,Defender,LEE,0.00,0.00
2210621,James (Daniel),Daniel James,Midfielder,LEE,0.00,0.00
2210621,Raphinha,Raphael Dias Belloli,Midfielder,LEE,0.00,0.00
2210621,Harrison,Jack Harrison,Midfielder,LEE,0.00,0.00
2210621,Struijk,Pascal Struijk,Defender,LEE,0.00,0.00
2210621,Meslier,Illan Meslier,Goalkeeper,LEE,0.00,0.00
2210621,Firpo,Junior Firpo,Defender,LEE,0.19,0.00
2210621,Bate,Lewis Bate,Midfielder,LEE,0.00,0.00
2210621,Gelhardt,Joe Gelhardt,Forward,LEE,0.07,0.00
2210622,Jansson,Pontus Jansson,Defender,BRE,0.00,0.36
2210622,Eriksen,Christian Eriksen,Midfielder,BRE,0.20,0.08
2210622,Norgaard,Christian Norgaard,Midfielder,BRE,0.14,0.13
2210622,Toney,Ivan Toney,Forward,BRE,0.89,0.24
2210622,Raya Martin,David Raya Martin,Goalkeeper,BRE,0.00,0.00
2210622,Dasilva,Pelenda Joshua Dasilva,Midfielder,BRE,0.00,0.09
2210622,Ajer,Kristoffer Ajer,Defender,BRE,0.10,0.23
2210622,Henry,Rico Henry,Defender,BRE,0.34,0.00
2210622,Jensen,Mathias Jensen,Midfielder,BRE,0.09,0.56
2210622,Wissa,Yoane Wissa,Midfielder,BRE,0.03,0.95
2210622,Bech Sørensen,Mads Bech Sørensen,Defender,BRE,0.00,0.00
2210622,Baptiste (Shandon),Shandon Baptiste,Midfielder,BRE,0.00,0.00
2210622,Mbeumo,Bryan Mbeumo,Forward,BRE,0.01,0.19
2210622,Young-Coombes,Nathan Young-Coombes,Forward,BRE,0.00,0.00
2210622,Forster,Fraser Forster,Goalkeeper,SOU,0.00,0.00
2210622,Romeu,Oriol Romeu,Midfielder,SOU,0.00,0.00
2210622,Redmond,Nathan Redmond,Midfielder,SOU,0.13,0.03
2210622,Armstrong (Stuart),Stuart Armstrong,Midfielder,SOU,0.19,0.03
2210622,Elyounoussi,Mohammed Elyounoussi,Midfielder,SOU,0.01,0.08
2210622,Ward-Prowse,James Ward-Prowse,Midfielder,SOU,0.36,0.26
2210622,Armstrong (Adam),Adam Armstrong,Forward,SOU,0.02,0.16
2210622,Walker-Peters,Kyle Walker-Peters,Defender,SOU,0.04,0.11
2210622,Bednarek,Jan Bednarek,Defender,SOU,0.00,0.00
2210622,Diallo,Ibrahima Diallo,Midfielder,SOU,0.04,0.00
2210622,Perraud,Romain Perraud,Defender,SOU,0.04,0.05
2210622,Broja,Armando Broja,Forward,SOU,0.02,0.57
2210622,Salisu,Mohammed Salisu,Defender,SOU,0.01,0.08
2210623,Welbeck,Danny Welbeck,Forward,BHA,0.06,0.63
2210623,Groß,Pascal Groß,Midfielder,BHA,0.47,0.43
2210623,Dunk,Lewis Dunk,Defender,BHA,0.01,0.17
2210623,March,Solomon March,Midfielder,BHA,0.06,0.00
2210623,Webster (Adam),Adam Webster,Defender,BHA,0.07,0.00
2210623,Veltman,Joël Veltman,Defender,BHA,0.04,0.00
2210623,Maupay,Neal Maupay,Forward,BHA,0.00,0.00
2210623,Trossard,Leandro Trossard,Midfielder,BHA,0.50,0.98
2210623,Cucurella,Marc Cucurella,Defender,BHA,0.05,0.13
2210623,Sanchez,Robert Sanchez,Goalkeeper,BHA,0.00,0.00
2210623,Bissouma,Yves Bissouma,Midfielder,BHA,0.01,0.00
2210623,Lamptey,Tariq Lamptey,Defender,BHA,0.03,0.00
2210623,Mac Allister,Alexis Mac Allister,Midfielder,BHA,0.10,0.27
2210623,Moises Caicedo,Moises Caicedo,Midfielder,BHA,0.03,0.03
2210623,Cristiano Ronaldo,Cristiano Ronaldo dos Santos Aveiro,Forward,MUN,0.01,0.29
2210623,Cavani,Edinson Cavani,Forward,MUN,0.07,0.23
2210623,Mata,Juan Mata,Midfielder,MUN,0.16,0.10
2210623,De Gea,David De Gea,Goalkeeper,MUN,0.00,0.00
2210623,Matic,Nemanja Matic,Midfielder,MUN,0.02,0.04
2210623,Varane,Raphael Varane,Defender,MUN,0.01,0.00
2210623,Maguire,Harry Maguire,Defender,MUN,0.00,0.08
2210623,Fred,Frederico Rodrigues de Paula Santos,Midfielder,MUN,0.04,0.00
2210623,Bruno Fernandes,Bruno Miguel Borges Fernandes,Midfielder,MUN,0.21,0.10
2210623,Alex Telles,Alex Nicolao Telles,Defender,MUN,0.01,0.00
2210623,Lindelof,Victor Nilsson-Lindelof,Defender,MUN,0.00,0.00
2210623,McTominay,Scott McTominay,Midfielder,MUN,0.11,0.00
2210623,Dalot,José Diogo Dalot Teixeira,Defender,MUN,0.02,0.02
2210623,Elanga,Anthony Elanga,Midfielder,MUN,0.01,0.00
2210624,Young (Ashley),Ashley Young,Defender,AVL,0.01,0.00
2210624,Coutinho,Philippe Coutinho,Midfielder,AVL,0.01,0.00
2210624,Ings,Danny Ings,Forward,AVL,0.05,0.39
2210624,Martinez,Emiliano Martinez,Goalkeeper,AVL,0.00,0.00
2210624,Chambers,Calum Chambers,Defender,AVL,0.01,0.00
2210624,Digne,Lucas Digne,Defender,AVL,0.27,0.00
2210624,McGinn,John McGinn,Midfielder,AVL,0.29,0.05
2210624,Mings,Tyrone Mings,Defender,AVL,0.01,0.00
2210624,Watkins,Ollie Watkins,Forward,AVL,0.08,0.77
2210624,Buendía,Emiliano Buendía,Midfielder,AVL,0.21,0.69
2210624,Cash,Matthew Cash,Defender,AVL,0.03,0.06
2210624,Konsa Ngoyo,Ezri Konsa Ngoyo,Defender,AVL,0.00,0.00
2210624,Douglas Luiz,Douglas Luiz Soares de Paulo,Midfielder,AVL,0.01,0.04
2210624,Chukwuemeka (Carney),Carney Chukwuemeka,Midfielder,AVL,0.00,0.06
2210624,Lennon,Aaron Lennon,Midfielder,BUR,0.00,0.04
2210624,Tarkowski,James Tarkowski,Defender,BUR,0.00,0.00
2210624,Pieters,Erik Pieters,Defender,BUR,0.22,0.00
2210624,Cork,Jack Cork,Midfielder,BUR,0.01,0.00
2210624,Long (Kevin),Kevin Long,Defender,BUR,0.00,0.00
2210624,Barnes (Ashley),Ashley Barnes,Forward,BUR,0.02,0.10
2210624,Pope,Nick Pope,Goalkeeper,BUR,0.01,0.00
2210624,Taylor (Charlie),Charlie Taylor,Defender,BUR,0.01,0.00
2210624,Weghorst,Wout Weghorst,Forward,BUR,0.02,0.28
2210624,Cornet,Maxwel Cornet,Midfielder,BUR,0.00,0.99
2210624,Brownhill,Josh Brownhill,Midfielder,BUR,0.17,0.00
2210624,Roberts (Connor),Connor Roberts,Defender,BUR,0.03,0.02
2210624,Collins,Nathan Collins,Defender,BUR,0.00,0.23
2210624,McNeil,Dwight McNeil,Midfielder,BUR,0.16,0.25
2210625,Azpilicueta,César Azpilicueta,Defender,CHE,0.01,0.00
2210625,Thiago Silva,Thiago Emiliano da Silva,Defender,CHE,0.03,0.08
2210625,Lukaku,Romelu Lukaku,Forward,CHE,0.07,0.99
2210625,Alonso,Marcos Alonso,Defender,CHE,0.24,0.05
2210625,Ñíguez,Saúl Ñíguez,Midfielder,CHE,0.03,0.00
2210625,Kovacic,Mateo Kovacic,Midfielder,CHE,0.10,0.08
2210625,Rüdiger,Antonio Rüdiger,Defender,CHE,0.05,0.00
2210625,Loftus-Cheek,Ruben Loftus-Cheek,Midfielder,CHE,0.04,0.00
2210625,Werner,Timo Werner,Forward,CHE,0.01,0.29
2210625,Pulisic,Christian Pulisic,Midfielder,CHE,0.09,0.17
2210625,Sarr (Malang),Malang Sarr,Defender,CHE,0.00,0.00
2210625,Havertz,Kai Havertz,Forward,CHE,0.00,0.03
2210625,James (Reece),Reece James,Defender,CHE,0.04,0.05
2210625,Mendy (Edouard),Edouard Mendy,Goalkeeper,CHE,0.00,0.00
2210625,Moutinho,João Moutinho,Midfielder,WOL,0.01,0.00
2210625,Boly,Willy Boly,Defender,WOL,0.00,0.00
2210625,Coady,Conor Coady,Defender,WOL,0.00,0.21
2210625,Raúl Jiménez,Raul Alonso Jimenez Rodriguez,Forward,WOL,0.02,0.32
2210625,Saiss,Romain Saiss,Defender,WOL,0.00,0.35
2210625,Jonny,Jonathan Castro Otto,Defender,WOL,0.02,0.00
2210625,José Sá,José Pedro Malheiro de Sá,Goalkeeper,WOL,0.00,0.00
2210625,Dendoncker (Leander),Leander Dendoncker,Midfielder,WOL,0.01,0.20
2210625,Ruben Neves,Rúben Diogo da Silva Neves,Midfielder,WOL,0.23,0.02
2210625,Hwang Hee-Chan,Hee-Chan Hwang,Midfielder,WOL,0.02,0.53
2210625,Trincão,Francisco António Machado Trincão,Midfielder,WOL,0.02,0.26
2210625,Neto,Pedro Neto,Midfielder,WOL,0.15,0.07
2210625,Ait Nouri,Rayan Ait Nouri,Defender,WOL,0.04,0.08
2210625,Chiquinho,Francisco Jorge Tomás Oliveira,Midfielder,WOL,0.26,0.00
2210626,Ward (Joel),Joel Ward,Defender,CRY,0.02,0.00
2210626,Clyne,Nathaniel Clyne,Defender,CRY,0.01,0.00
2210626,Zaha,Wilfried Zaha,Midfielder,CRY,0.15,0.87
2210626,Schlupp,Jeffrey Schlupp,Midfielder,CRY,0.00,0.03
2210626,Butland,Jack Butland,Goalkeeper,CRY,0.00,0.00
2210626,Hughes (Will),Will Hughes,Midfielder,CRY,0.02,0.00
2210626,Andersen,Joachim Andersen,Defender,CRY,0.02,0.00
2210626,Edouard,Odsonne Edouard,Forward,CRY,0.05,0.14
2210626,Marc Guehi,Addji Keaninkin Marc-Israel Guehi,Defender,CRY,0.00,0.17
2210626,Mateta,Jean-Philippe Mateta,Forward,CRY,0.01,0.64
2210626,Eze,Eberechi Eze,Midfielder,CRY,0.11,0.12
2210626,Gallagher,Conor Gallagher,Midfielder,CRY,0.02,0.03
2210626,Mitchell,Tyrick Mitchell,Defender,CRY,0.00,0.00
2210626,Olise,Michael Olise,Midfielder,CRY,0.37,0.24
2210626,Foster,Ben Foster,Goalkeeper,WAT,0.00,0.00
2210626,Cathcart,Craig Cathcart,Defender,WAT,0.00,0.07
2210626,Cleverley,Tom Cleverley,Midfielder,WAT,0.00,0.00
2210626,Sissoko,Moussa Sissoko,Midfielder,WAT,0.01,0.26
2210626,Femenía,Francisco Femenía Far,Defender,WAT,0.32,0.00
2210626,King,Joshua King,Forward,WAT,0.00,0.02
2210626,Troost-Ekong,William Troost-Ekong,Defender,WAT,0.00,0.00
2210626,Masina,Adam Masina,Defender,WAT,0.01,0.00
2210626,Sema,Ken Sema,Midfielder,WAT,0.00,0.00
2210626,Samir,Samir Caetano de Souza Santos,Defender,WAT,0.00,0.05
2210626,Kamara (Hassane),Hassane Kamara,Defender,WAT,0.00,0.02
2210626,Dennis (Emmanuel),Emmanuel Bonaventure Dennis,Forward,WAT,0.02,0.00
2210626,Ismaila Sarr,Ismaila Sarr,Midfielder,WAT,0.00,0.00
2210626,Kayembe,Edo Kayembe,Midfielder,WAT,0.00,0.03
2210627,Delph,Fabian Delph,Midfielder,EVE,0.01,0.00
2210627,Rondón,Salomón Rondón,Forward,EVE,0.00,0.00
2210627,Coleman,Seamus Coleman,Defender,EVE,0.01,0.00
2210627,Keane,Michael Keane,Defender,EVE,0.00,0.00
2210627,Pickford,Jordan Pickford,Goalkeeper,EVE,0.00,0.00
2210627,Doucouré,Abdoulaye Doucouré,Midfielder,EVE,0.01,0.36
2210627,Iwobi,Alex Iwobi,Midfielder,EVE,0.27,0.00
2210627,Kenny,Jonjoe Kenny,Defender,EVE,0.00,0.00
2210627,Mina,Yerry Mina,Defender,EVE,0.00,0.00
2210627,Gray (Demarai),Demarai Gray,Midfielder,EVE,0.36,0.01
2210627,Holgate,Mason Holgate,Defender,EVE,0.00,0.36
2210627,Richarlison,Richarlison de Andrade,Forward,EVE,0.01,0.28
2210627,Mykolenko,Vitaliy Mykolenko,Defender,EVE,0.00,0.05
2210627,Gordon (Anthony),Anthony Gordon,Midfielder,EVE,0.20,0.08
2210627,Schmeichel,Kasper Schmeichel,Goalkeeper,LEI,0.00,0.00
2210627,Evans,Jonny Evans,Defender,LEI,0.09,0.00
2210627,Mendy (Nampalys),Nampalys Mendy,Midfielder,LEI,0.02,0.02
2210627,Vardy,Jamie Vardy,Forward,LEI,0.00,0.05
2210627,Amartey,Daniel Amartey,Defender,LEI,0.04,0.01
2210627,Castagne,Timothy Castagne,Defender,LEI,0.18,0.04
2210627,Tielemans,Youri Tielemans,Midfielder,LEI,0.07,0.06
2210627,Ayoze Pérez,Ayoze Pérez Gutiérrez,Midfielder,LEI,0.06,0.00
2210627,Iheanacho,Kelechi Iheanacho,Forward,LEI,0.32,0.13
2210627,Barnes (Harvey),Harvey Barnes,Midfielder,LEI,0.02,0.39
2210627,Dewsbury-Hall,Kiernan Dewsbury-Hall,Midfielder,LEI,0.09,0.00
2210627,Lookman,Ademola Lookman,Midfielder,LEI,0.00,0.08
2210627,Daka,Patson Daka,Forward,LEI,0.13,0.73
2210627,Fofana,Wesley Fofana,Defender,LEI,0.05,0.00
2210628,Henderson (Jordan),Jordan Henderson,Midfielder,LIV,0.08,0.04
2210628,Thiago Alcántara,Thiago Alcántara do Nascimento,Midfielder,LIV,0.31,0.08
2210628,van Dijk,Virgil van Dijk,Defender,LIV,0.11,0.24
2210628,Mane,Sadio Mane,Midfielder,LIV,0.05,0.02
2210628,Alisson,Alisson Ramses Becker,Goalkeeper,LIV,0.00,0.00
2210628,Fabinho,Fabio Henrique Tavares,Midfielder,LIV,0.04,0.00
2210628,Salah,Mohamed Salah,Midfielder,LIV,0.05,0.40
2210628,Robertson,Andrew Robertson,Defender,LIV,0.24,0.00
2210628,Alexander-Arnold,Trent Alexander-Arnold,Defender,LIV,0.30,0.18
2210628,Keita,Naby Keita,Midfielder,LIV,0.01,0.00
2210628,Diogo Jota,Diogo José Teixeira da Silva,Forward,LIV,0.01,0.00
2210628,Konaté,Ibrahima Konaté,Defender,LIV,0.03,0.05
2210628,Tsimikas,Konstantinos Tsimikas,Defender,LIV,0.08,0.00
2210628,Díaz,Luis Díaz,Midfielder,LIV,0.14,0.32
2210628,Lloris,Hugo Lloris,Goalkeeper,TOT,0.00,0.00
2210628,Kane,Harry Kane,Forward,TOT,0.06,0.05
2210628,Son,Heung-Min Son,Midfielder,TOT,0.04,0.63
2210628,Dier,Eric Dier,Defender,TOT,0.00,0.00
2210628,Davies (Ben),Ben Davies,Defender,TOT,0.00,0.03
2210628,Højbjerg,Pierre-Emile Højbjerg,Midfielder,TOT,0.03,0.04
2210628,Winks,Harry Winks,Midfielder,TOT,0.17,0.00
2210628,Sánchez (Davinson),Davinson Sánchez,Defender,TOT,0.00,0.00
2210628,Sessegnon (Ryan),Kouassi Ryan Sessegnon,Defender,TOT,0.76,0.00
2210628,Bergwijn,Steven Bergwijn,Midfielder,TOT,0.01,0.00
2210628,Bentancur,Rodrigo Bentancur,Midfielder,TOT,0.00,0.10
2210628,Romero (Cristian),Cristian Romero,Defender,TOT,0.00,0.00
2210628,Emerson Royal,Emerson Aparecido Leite de Souza Junior,Defender,TOT,0.12,0.01
2210628,Kulusevski,Dejan Kulusevski,Midfielder,TOT,0.00,0.03
2210629,Fernandinho,Fernando Luiz Rosa,Midfielder,MCI,0.01,0.00
2210629,Gundogan,Ilkay Gundogan,Midfielder,MCI,0.21,0.20
2210629,De Bruyne,Kevin De Bruyne,Midfielder,MCI,0.31,0.04
2210629,Sterling (Raheem),Raheem Sterling,Midfielder,MCI,0.24,0.90
2210629,Grealish,Jack Grealish,Midfielder,MCI,0.34,0.05
2210629,João Cancelo,João Pedro Cavaco Cancelo,Defender,MCI,0.43,0.35
2210629,Ederson,Ederson Santana de Moraes,Goalkeeper,MCI,0.00,0.00
2210629,Laporte,Aymeric Laporte,Defender,MCI,0.01,0.68
2210629,Rúben Dias,Rúben Santos Gato Alves Dias,Defender,MCI,0.00,0.31
2210629,Jesus,Gabriel Fernando de Jesus,Forward,MCI,0.02,0.00
2210629,Zinchenko,Oleksandr Zinchenko,Defender,MCI,0.06,0.15
2210629,Foden,Phil Foden,Midfielder,MCI,0.06,0.56
2210629,Rodri,Rodrigo Hernández Cascante,Midfielder,MCI,0.05,0.05
2210629,CJ Egan-Riley,Conrad Egan-Riley,Defender,MCI,0.00,0.00
2210629,Wood,Chris Wood,Forward,NEW,0.00,0.26
2210629,Dubravka,Martin Dubravka,Goalkeeper,NEW,0.00,0.00
2210629,Wilson (Callum),Callum Wilson,Forward,NEW,0.08,0.31
2210629,Trippier,Kieran Trippier,Defender,NEW,0.03,0.00
2210629,Burn,Dan Burn,Defender,NEW,0.00,0.00
2210629,Lascelles,Jamaal Lascelles,Defender,NEW,0.01,0.15
2210629,Krafth,Emil Krafth,Defender,NEW,0.00,0.00
2210629,Murphy (Jacob),Jacob Murphy,Midfielder,NEW,0.17,0.00
2210629,Targett,Matt Targett,Defender,NEW,0.08,0.00
2210629,Saint-Maximin,Allan Saint-Maximin,Midfielder,NEW,0.39,0.08
2210629,Almirón,Miguel Almirón,Midfielder,NEW,0.01,0.00
2210629,Longstaff (Sean),Sean Longstaff,Midfielder,NEW,0.00,0.00
2210629,Joelinton,Joelinton Cássio Apolinário de Lira,Midfielder,NEW,0.02,0.00
2210629,Bruno Guimarães,Bruno Guimarães Rodriguez Moura,Midfielder,NEW,0.21,0.02
2210630,Krul,Tim Krul,Goalkeeper,NOR,0.00,0.00
2210630,Pukki,Teemu Pukki,Forward,NOR,0.02,0.51
2210630,Rupp,Lukas Rupp,Midfielder,NOR,0.04,0.00
2210630,Hanley,Grant Hanley,Defender,NOR,0.00,0.00
2210630,Byram,Sam Byram,Defender,NOR,0.13,0.00
2210630,Dowell,Kieran Dowell,Midfielder,NOR,0.02,0.00
2210630,Lees-Melou,Pierre Lees-Melou,Midfielder,NOR,0.01,0.07
2210630,Rashica,Milot Rashica,Midfielder,NOR,0.02,0.00
2210630,Williams (Brandon),Brandon Williams,Defender,NOR,0.02,0.00
2210630,Aarons,Maximillian Aarons,Defender,NOR,0.02,0.00
2210630,Sørensen,Jacob Sørensen,Defender,NOR,0.01,0.02
2210630,Gilmour,Billy Gilmour,Midfielder,NOR,0.07,0.14
2210630,Placheta,Przemyslaw Placheta,Midfielder,NOR,0.23,0.05
2210630,Springett,Tony Springett,Midfielder,NOR,0.01,0.00
2210630,Noble,Mark Noble,Midfielder,WHU,0.01,0.00
2210630,Fabianski,Lukasz Fabianski,Goalkeeper,WHU,0.00,0.00
2210630,Cresswell (Aaron),Aaron Cresswell,Defender,WHU,0.51,0.00
2210630,Yarmolenko,Andriy Yarmolenko,Midfielder,WHU,0.00,0.00
2210630,Antonio,Michail Antonio,Forward,WHU,0.05,0.83
2210630,Dawson,Craig Dawson,Defender,WHU,0.00,0.12
2210630,Lanzini,Manuel Lanzini,Midfielder,WHU,0.11,0.83
2210630,Zouma,Kurt Zouma,Defender,WHU,0.00,0.00
2210630,Coufal,Vladimir Coufal,Defender,WHU,0.07,0.00
2210630,Benrahma,Said Benrahma,Midfielder,WHU,0.10,0.22
2210630,Bowen,Jarrod Bowen,Midfielder,WHU,0.06,0.42
2210630,Vlasic,Nikola Vlasic,Midfielder,WHU,0.00,0.03
2210630,Rice,Declan Rice,Midfielder,WHU,0.03,0.00
2210630,Fornals,Pablo Fornals,Midfielder,WHU,0.23,0.68
2210631,Coutinho,Philippe Coutinho,Midfielder,AVL,0.02,0.18
2210631,Ings,Danny Ings,Forward,AVL,0.00,0.28
2210631,Martinez,Emiliano Martinez,Goalkeeper,AVL,0.00,0.00
2210631,Chambers,Calum Chambers,Defender,AVL,0.00,0.00
2210631,Digne,Lucas Digne,Defender,AVL,0.04,0.02
2210631,McGinn,John McGinn,Midfielder,AVL,0.04,0.04
2210631,Mings,Tyrone Mings,Defender,AVL,0.00,0.00
2210631,Watkins,Ollie Watkins,Forward,AVL,0.04,0.42
2210631,Nakamba,Marvelous Nakamba,Midfielder,AVL,0.01,0.00
2210631,Buendía,Emiliano Buendía,Midfielder,AVL,0.33,0.04
2210631,Cash,Matthew Cash,Defender,AVL,0.01,0.00
2210631,Konsa Ngoyo,Ezri Konsa Ngoyo,Defender,AVL,0.00,0.00
2210631,Douglas Luiz,Douglas Luiz Soares de Paulo,Midfielder,AVL,0.18,0.03
2210631,Ramsey (Jacob),Jacob Ramsey,Midfielder,AVL,0.01,0.00
2210631,Benteke,Christian Benteke,Forward,CRY,0.00,0.00
2210631,Kouyaté,Cheikhou Kouyaté,Defender,CRY,0.00,0.00
2210631,Clyne,Nathaniel Clyne,Defender,CRY,0.02,0.08
2210631,Milivojevic,Luka Milivojevic,Midfielder,CRY,0.12,0.00
2210631,Zaha,Wilfried Zaha,Midfielder,CRY,0.05,0.05
2210631,Schlupp,Jeffrey Schlupp,Midfielder,CRY,0.00,0.77
2210631,Butland,Jack Butland,Goalkeeper,CRY,0.00,0.00
2210631,Andersen,Joachim Andersen,Defender,CRY,0.47,0.02
2210631,Edouard,Odsonne Edouard,Forward,CRY,0.00,0.00
2210631,Marc Guehi,Addji Keaninkin Marc-Israel Guehi,Defender,CRY,0.01,0.18
2210631,Mateta,Jean-Philippe Mateta,Forward,CRY,0.03,0.09
2210631,Eze,Eberechi Eze,Midfielder,CRY,0.02,0.06
2210631,Gallagher,Conor Gallagher,Midfielder,CRY,0.07,0.13
2210631,Mitchell,Tyrick Mitchell,Defender,CRY,0.04,0.05
2210632,Jansson,Pontus Jansson,Defender,BRE,0.01,0.00
2210632,Eriksen,Christian Eriksen,Midfielder,BRE,0.49,0.45
2210632,Norgaard,Christian Norgaard,Midfielder,BRE,0.09,0.00
2210632,Toney,Ivan Toney,Forward,BRE,0.03,0.52
2210632,Raya Martin,David Raya Martin,Goalkeeper,BRE,0.01,0.00
2210632,Dasilva,Pelenda Joshua Dasilva,Midfielder,BRE,0.18,0.00
2210632,Ajer,Kristoffer Ajer,Defender,BRE,0.05,0.00
2210632,Henry,Rico Henry,Defender,BRE,0.04,0.55
2210632,Janelt,Vitaly Janelt,Midfielder,BRE,0.03,0.00
2210632,Jensen,Mathias Jensen,Midfielder,BRE,0.12,0.55
2210632,Wissa,Yoane Wissa,Midfielder,BRE,0.01,0.31
2210632,Roerslev,Mads Roerslev,Defender,BRE,0.00,0.00
2210632,Bech Sørensen,Mads Bech Sørensen,Defender,BRE,0.00,0.00
2210632,Mbeumo,Bryan Mbeumo,Forward,BRE,0.04,0.31
2210632,Rondón,Salomón Rondón,Forward,EVE,0.00,0.00
2210632,Coleman,Seamus Coleman,Defender,EVE,0.02,0.00
2210632,Pickford,Jordan Pickford,Goalkeeper,EVE,0.03,0.00
2210632,André Gomes,André Filipe Tavares Gomes,Midfielder,EVE,0.02,0.01
2210632,Doucouré,Abdoulaye Doucouré,Midfielder,EVE,0.00,0.13
2210632,Iwobi,Alex Iwobi,Midfielder,EVE,0.16,0.00
2210632,Kenny,Jonjoe Kenny,Defender,EVE,0.03,0.00
2210632,Gray (Demarai),Demarai Gray,Midfielder,EVE,0.07,0.00
2210632,Calvert-Lewin,Dominic Calvert-Lewin,Forward,EVE,0.02,0.71
2210632,Holgate,Mason Holgate,Defender,EVE,0.00,0.00
2210632,Richarlison,Richarlison de Andrade,Forward,EVE,0.01,1.60
2210632,Mykolenko,Vitaliy Mykolenko,Defender,EVE,0.01,0.07
2210632,Gordon (Anthony),Anthony Gordon,Midfielder,EVE,0.08,0.35
2210632,Branthwaite,Jarrad Branthwaite,Defender,EVE,0.00,0.00
2210633,Lallana,Adam Lallana,Midfielder,BHA,0.01,0.00
2210633,Welbeck,Danny Welbeck,Forward,BHA,0.02,0.76
2210633,Groß,Pascal Groß,Midfielder,BHA,0.07,0.10
2210633,Dunk,Lewis Dunk,Defender,BHA,0.00,0.00
2210633,March,Solomon March,Midfielder,BHA,0.23,0.44
2210633,Webster (Adam),Adam Webster,Defender,BHA,0.00,0.00
2210633,Veltman,Joël Veltman,Defender,BHA,0.02,0.00
2210633,Trossard,Leandro Trossard,Midfielder,BHA,0.69,0.05
2210633,Cucurella,Marc Cucurella,Defender,BHA,0.05,0.00
2210633,Sanchez,Robert Sanchez,Goalkeeper,BHA,0.00,0.00
2210633,Bissouma,Yves Bissouma,Midfielder,BHA,0.05,0.05
2210633,Lamptey,Tariq Lamptey,Defender,BHA,0.00,0.04
2210633,Mac Allister,Alexis Mac Allister,Midfielder,BHA,0.49,0.36
2210633,Moises Caicedo,Moises Caicedo,Midfielder,BHA,0.02,0.51
2210633,Cooper,Liam Cooper,Defender,LEE,0.00,0.03
2210633,Klich,Mateusz Klich,Midfielder,LEE,0.08,0.26
2210633,Rodrigo,Rodrigo Moreno Machado,Midfielder,LEE,0.18,0.24
2210633,Diego Llorente,Diego Javier Llorente Ríos,Defender,LEE,0.02,0.00
2210633,Phillips (Kalvin),Kalvin Phillips,Midfielder,LEE,0.07,0.02
2210633,Koch,Robin Koch,Defender,LEE,0.05,0.01
2210633,Raphinha,Raphael Dias Belloli,Midfielder,LEE,0.34,0.21
2210633,Harrison,Jack Harrison,Midfielder,LEE,0.16,0.23
2210633,Shackleton,Jamie Shackleton,Midfielder,LEE,0.00,0.00
2210633,Struijk,Pascal Struijk,Defender,LEE,0.00,0.22
2210633,Greenwood (Sam),Sam Greenwood,Forward,LEE,0.00,0.00
2210633,Meslier,Illan Meslier,Goalkeeper,LEE,0.00,0.00
2210633,Firpo,Junior Firpo,Defender,LEE,0.03,0.08
2210633,Gelhardt,Joe Gelhardt,Forward,LEE,0.22,0.37
2210634,Azpilicueta,César Azpilicueta,Defender,CHE,0.02,0.00
2210634,Thiago Silva,Thiago Emiliano da Silva,Defender,CHE,0.02,0.00
2210634,Lukaku,Romelu Lukaku,Forward,CHE,0.00,0.00
2210634,Alonso,Marcos Alonso,Defender,CHE,0.11,0.18
2210634,Jorginho,Jorge Luiz Frello Filho,Midfielder,CHE,0.12,0.01
2210634,Rüdiger,Antonio Rüdiger,Defender,CHE,0.06,0.17
2210634,Kanté,N'Golo Kanté,Midfielder,CHE,0.36,0.14
2210634,Loftus-Cheek,Ruben Loftus-Cheek,Midfielder,CHE,0.00,0.00
2210634,Werner,Timo Werner,Forward,CHE,0.03,0.05
2210634,Pulisic,Christian Pulisic,Midfielder,CHE,0.00,0.00
2210634,Mount,Mason Mount,Midfielder,CHE,0.17,0.12
2210634,Havertz,Kai Havertz,Forward,CHE,0.08,1.02
2210634,James (Reece),Reece James,Defender,CHE,0.61,0.23
2210634,Mendy (Edouard),Edouard Mendy,Goalkeeper,CHE,0.00,0.00
2210634,Cristiano Ronaldo,Cristiano Ronaldo dos Santos Aveiro,Forward,MUN,0.01,0.37
2210634,Mata,Juan Mata,Midfielder,MUN,0.01,0.00
2210634,De Gea,David De Gea,Goalkeeper,MUN,0.00,0.00
2210634,Matic,Nemanja Matic,Midfielder,MUN,0.31,0.00
2210634,Jones (Phil),Phil Jones,Defender,MUN,0.00,0.00
2210634,Varane,Raphael Varane,Defender,MUN,0.06,0.00
2210634,Bruno Fernandes,Bruno Miguel Borges Fernandes,Midfielder,MUN,0.08,0.05
2210634,Alex Telles,Alex Nicolao Telles,Defender,MUN,0.13,0.00
2210634,Rashford,Marcus Rashford,Midfielder,MUN,0.01,0.00
2210634,Lindelof,Victor Nilsson-Lindelof,Defender,MUN,0.00,0.09
2210634,McTominay,Scott McTominay,Midfielder,MUN,0.04,0.00
2210634,Dalot,José Diogo Dalot Teixeira,Defender,MUN,0.01,0.00
2210634,Elanga,Anthony Elanga,Midfielder,MUN,0.00,0.02
2210634,Garnacho,Alejandro Garnacho Ferreyra,Midfielder,MUN,0.00,0.00
2210635,Cedric,Cedric Ricardo Alves Soares,Defender,ARS,0.01,0.01
2210635,Lacazette,Alexandre Lacazette,Forward,ARS,0.00,0.00
2210635,Xhaka,Granit Xhaka,Midfielder,ARS,0.02,0.04
2210635,Elneny,Mohamed Elneny,Midfielder,ARS,0.01,0.03
2210635,Odegaard,Martin Odegaard,Midfielder,ARS,0.06,0.14
2210635,Pepe,Nicolas Pepe,Midfielder,ARS,0.05,0.00
2210635,White (Ben),Ben White,Defender,ARS,0.01,0.00
2210635,Eddie Nketiah,Edward Nketiah,Forward,ARS,0.08,0.03
2210635,Smith-Rowe,Emile Smith-Rowe,Midfielder,ARS,0.00,0.00
2210635,Saka,Bukayo Saka,Midfielder,ARS,0.30,0.18
2210635,Tomiyasu,Takehiro Tomiyasu,Defender,ARS,0.00,0.12
2210635,Ramsdale,Aaron Ramsdale,Goalkeeper,ARS,0.00,0.00
2210635,Gabriel Magalhães,Gabriel dos Santos Magalhães,Defender,ARS,0.00,0.00
2210635,Nuno Tavares,Nuno Tavares,Defender,ARS,0.05,0.00
2210635,Martinelli,Gabriel Teodoro Martinelli Silva,Midfielder,ARS,0.04,0.00
2210635,Dubravka,Martin Dubravka,Goalkeeper,NEW,0.00,0.00
2210635,Wilson (Callum),Callum Wilson,Forward,NEW,0.04,0.24
2210635,Burn,Dan Burn,Defender,NEW,0.00,0.00
2210635,Fraser,Ryan Fraser,Midfielder,NEW,0.02,0.28
2210635,Lascelles,Jamaal Lascelles,Defender,NEW,0.00,0.11
2210635,Gayle,Dwight Gayle,Forward,NEW,0.06,0.48
2210635,Krafth,Emil Krafth,Defender,NEW,0.12,0.01
2210635,Murphy (Jacob),Jacob Murphy,Midfielder,NEW,0.00,0.13
2210635,Schär,Fabian Schär,Defender,NEW,0.02,0.02
2210635,Targett,Matt Targett,Defender,NEW,0.15,0.00
2210635,Saint-Maximin,Allan Saint-Maximin,Midfielder,NEW,0.03,0.06
2210635,Almirón,Miguel Almirón,Midfielder,NEW,0.03,0.01
2210635,Longstaff (Sean),Sean Longstaff,Midfielder,NEW,0.43,0.01
2210635,Joelinton,Joelinton Cássio Apolinário de Lira,Midfielder,NEW,0.01,0.08
2210635,Bruno Guimarães,Bruno Guimarães Rodriguez Moura,Midfielder,NEW,0.12,0.31
2210636,Milner,James Milner,Midfielder,LIV,0.12,0.07
2210636,Henderson (Jordan),Jordan Henderson,Midfielder,LIV,0.04,0.00
2210636,Matip,Joel Matip,Defender,LIV,0.03,0.02
2210636,Firmino,Roberto Firmino Barbosa de Oliveira,Forward,LIV,0.17,0.19
2210636,Alisson,Alisson Ramses Becker,Goalkeeper,LIV,0.00,0.00
2210636,Origi,Divock Origi,Forward,LIV,0.00,0.00
2210636,Minamino,Takumi Minamino,Midfielder,LIV,0.10,0.30
2210636,Gomez,Joseph Gomez,Defender,LIV,0.06,0.00
2210636,Keita,Naby Keita,Midfielder,LIV,0.00,0.00
2210636,Diogo Jota,Diogo José Teixeira da Silva,Forward,LIV,0.13,0.40
2210636,Konaté,Ibrahima Konaté,Defender,LIV,0.01,0.05
2210636,Jones (Curtis),Curtis Jones,Midfielder,LIV,0.08,0.15
2210636,Tsimikas,Konstantinos Tsimikas,Defender,LIV,0.18,0.02
2210636,Elliott,Harvey Elliott,Midfielder,LIV,0.12,0.09
2210636,McCarthy (Alex),Alex McCarthy,Goalkeeper,SOU,0.00,0.00
2210636,Romeu,Oriol Romeu,Midfielder,SOU,0.00,0.00
2210636,Redmond,Nathan Redmond,Midfielder,SOU,0.00,0.06
2210636,Stephens (Jack),Jack Stephens,Defender,SOU,0.01,0.00
2210636,Armstrong (Stuart),Stuart Armstrong,Midfielder,SOU,0.00,0.00
2210636,Elyounoussi,Mohammed Elyounoussi,Midfielder,SOU,0.01,0.00
2210636,Ward-Prowse,James Ward-Prowse,Midfielder,SOU,0.01,0.03
2210636,Walker-Peters,Kyle Walker-Peters,Defender,SOU,0.02,0.00
2210636,Adams,Che Adams,Forward,SOU,0.00,0.00
2210636,Tella,Nathan Tella,Midfielder,SOU,0.00,0.00
2210636,Lyanco,Lyanco Evangelista Silveira Neves Vojnovic,Defender,SOU,0.01,0.02
2210636,Diallo,Ibrahima Diallo,Midfielder,SOU,0.00,0.00
2210636,Broja,Armando Broja,Forward,SOU,0.03,0.00
2210636,Salisu,Mohammed Salisu,Defender,SOU,0.00,0.00
2210637,Lennon,Aaron Lennon,Midfielder,BUR,0.00,0.00
2210637,Cork,Jack Cork,Midfielder,BUR,0.02,0.00
2210637,Long (Kevin),Kevin Long,Defender,BUR,0.00,0.12
2210637,Barnes (Ashley),Ashley Barnes,Forward,BUR,0.00,0.08
2210637,Lowton,Matthew Lowton,Defender,BUR,0.01,0.00
2210637,Pope,Nick Pope,Goalkeeper,BUR,0.00,0.00
2210637,Taylor (Charlie),Charlie Taylor,Defender,BUR,0.02,0.00
2210637,Weghorst,Wout Weghorst,Forward,BUR,0.04,0.00
2210637,Cornet,Maxwel Cornet,Midfielder,BUR,0.01,0.29
2210637,Brownhill,Josh Brownhill,Midfielder,BUR,0.08,0.00
2210637,Roberts (Connor),Connor Roberts,Defender,BUR,0.08,0.00
2210637,Collins,Nathan Collins,Defender,BUR,0.20,0.16
2210637,McNeil,Dwight McNeil,Midfielder,BUR,0.39,0.03
2210637,Lloris,Hugo Lloris,Goalkeeper,TOT,0.00,0.00
2210637,Kane,Harry Kane,Forward,TOT,0.04,1.09
2210637,Son,Heung-Min Son,Midfielder,TOT,0.14,0.67
2210637,Dier,Eric Dier,Defender,TOT,0.07,0.00
2210637,Lucas Moura,Lucas Rodrigues Moura da Silva,Midfielder,TOT,0.35,0.07
2210637,Davies (Ben),Ben Davies,Defender,TOT,0.03,0.07
2210637,Højbjerg,Pierre-Emile Højbjerg,Midfielder,TOT,0.05,0.01
2210637,Sánchez (Davinson),Davinson Sánchez,Defender,TOT,0.02,0.02
2210637,Sessegnon (Ryan),Kouassi Ryan Sessegnon,Defender,TOT,0.49,0.12
2210637,Bentancur,Rodrigo Bentancur,Midfielder,TOT,0.07,0.10
2210637,Rodon,Joe Rodon,Defender,TOT,0.00,0.00
2210637,Emerson Royal,Emerson Aparecido Leite de Souza Junior,Defender,TOT,0.02,0.03
2210637,Kulusevski,Dejan Kulusevski,Midfielder,TOT,0.00,0.00
2210638,Evans,Jonny Evans,Defender,LEI,0.01,0.00
2210638,Albrighton,Marc Albrighton,Midfielder,LEI,0.06,0.00
2210638,Mendy (Nampalys),Nampalys Mendy,Midfielder,LEI,0.00,0.00
2210638,Ward (Danny),Danny Ward,Goalkeeper,LEI,0.00,0.00
2210638,Vardy,Jamie Vardy,Forward,LEI,0.05,1.05
2210638,Amartey,Daniel Amartey,Defender,LEI,0.00,0.00
2210638,Castagne,Timothy Castagne,Defender,LEI,0.00,0.30
2210638,Tielemans,Youri Tielemans,Midfielder,LEI,0.34,0.00
2210638,Maddison,James Maddison,Midfielder,LEI,0.43,0.45
2210638,Barnes (Harvey),Harvey Barnes,Midfielder,LEI,0.36,0.58
2210638,Dewsbury-Hall,Kiernan Dewsbury-Hall,Midfielder,LEI,0.16,0.03
2210638,Justin,James Justin,Defender,LEI,0.02,0.00
2210638,Daka,Patson Daka,Forward,LEI,0.00,0.10
2210638,Fofana,Wesley Fofana,Defender,LEI,0.00,0.00
2210638,Foster,Ben Foster,Goalkeeper,WAT,0.00,0.00
2210638,Gosling,Dan Gosling,Midfielder,WAT,0.01,0.00
2210638,Cathcart,Craig Cathcart,Defender,WAT,0.00,0.00
2210638,Sissoko,Moussa Sissoko,Midfielder,WAT,0.07,0.00
2210638,Kabasele,Christian Kabasele,Defender,WAT,0.00,0.46
2210638,Masina,Adam Masina,Defender,WAT,0.02,0.10
2210638,Sema,Ken Sema,Midfielder,WAT,0.31,0.00
2210638,Kamara (Hassane),Hassane Kamara,Defender,WAT,0.00,0.00
2210638,Kalu,Samuel Kalu,Midfielder,WAT,0.06,0.31
2210638,Etebo,Peter Etebo,Midfielder,WAT,0.00,0.00
2210638,Ngakia,Jeremy Ngakia,Defender,WAT,0.31,0.02
2210638,Kayembe,Edo Kayembe,Midfielder,WAT,0.04,0.00
2210638,João Pedro,João Pedro Junqueira de Jesus,Forward,WAT,0.16,0.53
2210639,Fernandinho,Fernando Luiz Rosa,Midfielder,MCI,0.05,0.10
2210639,De Bruyne,Kevin De Bruyne,Midfielder,MCI,0.39,0.19
2210639,Mahrez,Riyad Mahrez,Midfielder,MCI,0.05,0.99
2210639,Grealish,Jack Grealish,Midfielder,MCI,0.37,0.49
2210639,João Cancelo,João Pedro Cavaco Cancelo,Defender,MCI,0.06,0.00
2210639,Ederson,Ederson Santana de Moraes,Goalkeeper,MCI,0.00,0.00
2210639,Laporte,Aymeric Laporte,Defender,MCI,0.27,0.17
2210639,Bernardo Silva,Bernardo Mota Veiga de Carvalho e Silva,Midfielder,MCI,0.05,0.16
2210639,Jesus,Gabriel Fernando de Jesus,Forward,MCI,0.04,0.33
2210639,Zinchenko,Oleksandr Zinchenko,Defender,MCI,0.26,0.18
2210639,Rodri,Rodrigo Hernández Cascante,Midfielder,MCI,0.50,0.28
2210639,Noble,Mark Noble,Midfielder,WHU,0.00,0.00
2210639,Fabianski,Lukasz Fabianski,Goalkeeper,WHU,0.00,0.00
2210639,Cresswell (Aaron),Aaron Cresswell,Defender,WHU,0.00,0.00
2210639,Yarmolenko,Andriy Yarmolenko,Midfielder,WHU,0.00,0.00
2210639,Antonio,Michail Antonio,Forward,WHU,0.20,0.19
2210639,Dawson,Craig Dawson,Defender,WHU,0.00,0.04
2210639,Lanzini,Manuel Lanzini,Midfielder,WHU,0.03,0.00
2210639,Zouma,Kurt Zouma,Defender,WHU,0.00,0.00
2210639,Coufal,Vladimir Coufal,Defender,WHU,0.00,0.00
2210639,Bowen,Jarrod Bowen,Midfielder,WHU,0.11,0.84
2210639,Rice,Declan Rice,Midfielder,WHU,0.00,0.00
2210639,Soucek,Tomas Soucek,Midfielder,WHU,0.04,0.00
2210639,Fornals,Pablo Fornals,Midfielder,WHU,0.22,0.00
2210639,Johnson,Ben Johnson,Defender,WHU,0.00,0.00
2210640,Pukki,Teemu Pukki,Forward,NOR,0.00,0.58
2210640,Rupp,Lukas Rupp,Midfielder,NOR,0.01,0.00
2210640,Gibson (Ben),Ben Gibson,Defender,NOR,0.00,0.00
2210640,Hanley,Grant Hanley,Defender,NOR,0.00,0.37
2210640,Gunn,Angus Gunn,Goalkeeper,NOR,0.00,0.00
2210640,Byram,Sam Byram,Defender,NOR,0.00,0.00
2210640,Dowell,Kieran Dowell,Midfielder,NOR,0.04,0.00
2210640,Mathias Normann,Mathias Antonsen Normann,Midfielder,NOR,0.20,0.06
2210640,Giannoulis,Dimitrios Giannoulis,Defender,NOR,0.01,0.00
2210640,Lees-Melou,Pierre Lees-Melou,Midfielder,NOR,0.00,0.03
2210640,Aarons,Maximillian Aarons,Defender,NOR,0.01,0.00
2210640,Sørensen,Jacob Sørensen,Defender,NOR,0.00,0.00
2210640,Gilmour,Billy Gilmour,Midfielder,NOR,0.00,0.00
2210640,Rowe (Jonathan),Jonathan Rowe,Midfielder,NOR,0.05,0.00
2210640,Ruddy,John Ruddy,Goalkeeper,WOL,0.00,0.00
2210640,Moutinho,João Moutinho,Midfielder,WOL,0.20,0.03
2210640,Boly,Willy Boly,Defender,WOL,0.01,0.00
2210640,Coady,Conor Coady,Defender,WOL,0.00,0.00
2210640,Raúl Jiménez,Raul Alonso Jimenez Rodriguez,Forward,WOL,0.18,0.02
2210640,Jonny,Jonathan Castro Otto,Defender,WOL,0.04,0.04
2210640,Ruben Neves,Rúben Diogo da Silva Neves,Midfielder,WOL,0.05,0.05
2210640,Hwang Hee-Chan,Hee-Chan Hwang,Midfielder,WOL,0.05,0.11
2210640,Podence,Daniel Podence,Midfielder,WOL,0.06,0.00
2210640,Neto,Pedro Neto,Midfielder,WOL,0.05,0.41
2210640,Ait Nouri,Rayan Ait Nouri,Defender,WOL,0.04,0.12
2210640,Fabio Silva,Fabio Daniel Soares Silva,Forward,WOL,0.00,0.03
2210640,Toti,Toti António Gomes,Defender,WOL,0.01,0.04
2210640,Chiquinho,Francisco Jorge Tomás Oliveira,Midfielder,WOL,0.23,0.03
2210641,Cedric,Cedric Ricardo Alves Soares,Defender,ARS,0.03,0.14
2210641,Lacazette,Alexandre Lacazette,Forward,ARS,0.00,0.16
2210641,Xhaka,Granit Xhaka,Midfielder,ARS,0.12,0.02
2210641,Elneny,Mohamed Elneny,Midfielder,ARS,0.06,0.05
2210641,Holding,Rob Holding,Defender,ARS,0.01,0.00
2210641,Odegaard,Martin Odegaard,Midfielder,ARS,0.23,0.23
2210641,Pepe,Nicolas Pepe,Midfielder,ARS,0.03,0.03
2210641,Eddie Nketiah,Edward Nketiah,Forward,ARS,0.18,0.92
2210641,Saka,Bukayo Saka,Midfielder,ARS,0.20,0.38
2210641,Ramsdale,Aaron Ramsdale,Goalkeeper,ARS,0.00,0.00
2210641,Gabriel Magalhães,Gabriel dos Santos Magalhães,Defender,ARS,0.02,0.40
2210641,Nuno Tavares,Nuno Tavares,Defender,ARS,0.08,0.12
2210641,Sambi Lokonga,Albert Sambi Lokonga,Midfielder,ARS,0.09,0.05
2210641,Martinelli,Gabriel Teodoro Martinelli Silva,Midfielder,ARS,0.41,1.86
2210641,Begovic,Asmir Begovic,Goalkeeper,EVE,0.00,0.00
2210641,Keane,Michael Keane,Defender,EVE,0.00,0.00
2210641,Alli,Bamidele Alli,Midfielder,EVE,0.00,0.00
2210641,Doucouré,Abdoulaye Doucouré,Midfielder,EVE,0.00,0.00
2210641,Iwobi,Alex Iwobi,Midfielder,EVE,0.08,0.00
2210641,Kenny,Jonjoe Kenny,Defender,EVE,0.02,0.00
2210641,Gray (Demarai),Demarai Gray,Midfielder,EVE,0.00,0.11
2210641,Davies (Tom),Tom Davies,Midfielder,EVE,0.00,0.00
2210641,Calvert-Lewin,Dominic Calvert-Lewin,Forward,EVE,0.59,0.03
2210641,van de Beek,Donny van de Beek,Midfielder,EVE,0.01,0.91
2210641,Holgate,Mason Holgate,Defender,EVE,0.00,0.00
2210641,Gordon (Anthony),Anthony Gordon,Midfielder,EVE,0.01,0.00
2210641,Branthwaite,Jarrad Branthwaite,Defender,EVE,0.00,0.00
2210641,Price,Isaac Price,Midfielder,EVE,0.00,0.08
2210642,Jansson,Pontus Jansson,Defender,BRE,0.00,0.00
2210642,Eriksen,Christian Eriksen,Midfielder,BRE,0.14,0.01
2210642,Toney,Ivan Toney,Forward,BRE,0.00,0.09
2210642,Raya Martin,David Raya Martin,Goalkeeper,BRE,0.00,0.00
2210642,Canos,Sergi Canos,Defender,BRE,0.00,0.05
2210642,Dasilva,Pelenda Joshua Dasilva,Midfielder,BRE,0.00,0.00
2210642,Ajer,Kristoffer Ajer,Defender,BRE,0.00,0.00
2210642,Henry,Rico Henry,Defender,BRE,0.00,0.00
2210642,Janelt,Vitaly Janelt,Midfielder,BRE,0.01,0.03
2210642,Jensen,Mathias Jensen,Midfielder,BRE,0.04,0.18
2210642,Wissa,Yoane Wissa,Midfielder,BRE,0.17,0.18
2210642,Bech Sørensen,Mads Bech Sørensen,Defender,BRE,0.04,0.00
2210642,Baptiste (Shandon),Shandon Baptiste,Midfielder,BRE,0.00,0.00
2210642,Mbeumo,Bryan Mbeumo,Forward,BRE,0.07,0.29
2210642,Cooper,Liam Cooper,Defender,LEE,0.00,0.00
2210642,Klich,Mateusz Klich,Midfielder,LEE,0.01,0.06
2210642,Rodrigo,Rodrigo Moreno Machado,Midfielder,LEE,0.03,0.15
2210642,Diego Llorente,Diego Javier Llorente Ríos,Defender,LEE,0.00,0.00
2210642,Phillips (Kalvin),Kalvin Phillips,Midfielder,LEE,0.06,0.00
2210642,Koch,Robin Koch,Defender,LEE,0.02,0.00
2210642,Raphinha,Raphael Dias Belloli,Midfielder,LEE,0.18,0.89
2210642,Harrison,Jack Harrison,Midfielder,LEE,0.21,0.11
2210642,Struijk,Pascal Struijk,Defender,LEE,0.00,0.00
2210642,Greenwood (Sam),Sam Greenwood,Forward,LEE,0.01,0.06
2210642,Meslier,Illan Meslier,Goalkeeper,LEE,0.00,0.00
2210642,Firpo,Junior Firpo,Defender,LEE,0.02,0.03
2210642,Gelhardt,Joe Gelhardt,Forward,LEE,0.00,0.00
2210643,Welbeck,Danny Welbeck,Forward,BHA,0.21,0.60
2210643,Groß,Pascal Groß,Midfielder,BHA,0.30,0.13
2210643,Dunk,Lewis Dunk,Defender,BHA,0.00,0.00
2210643,March,Solomon March,Midfielder,BHA,0.12,0.00
2210643,Webster (Adam),Adam Webster,Defender,BHA,0.01,0.09
2210643,Veltman,Joël Veltman,Defender,BHA,0.01,0.10
2210643,Maupay,Neal Maupay,Forward,BHA,0.09,0.28
2210643,Cucurella,Marc Cucurella,Defender,BHA,0.09,0.07
2210643,Sanchez,Robert Sanchez,Goalkeeper,BHA,0.00,0.00
2210643,Bissouma,Yves Bissouma,Midfielder,BHA,0.01,0.00
2210643,Lamptey,Tariq Lamptey,Defender,BHA,0.30,0.02
2210643,Mac Allister,Alexis Mac Allister,Midfielder,BHA,0.08,0.01
2210643,Mwepu,Enock Mwepu,Midfielder,BHA,0.01,0.07
2210643,Moises Caicedo,Moises Caicedo,Midfielder,BHA,0.23,0.21
2210643,Noble,Mark Noble,Midfielder,WHU,0.00,0.00
2210643,Fabianski,Lukasz Fabianski,Goalkeeper,WHU,0.00,0.00
2210643,Cresswell (Aaron),Aaron Cresswell,Defender,WHU,0.01,0.07
2210643,Yarmolenko,Andriy Yarmolenko,Midfielder,WHU,0.00,0.00
2210643,Antonio,Michail Antonio,Forward,WHU,0.02,0.06
2210643,Dawson,Craig Dawson,Defender,WHU,0.00,0.00
2210643,Lanzini,Manuel Lanzini,Midfielder,WHU,0.05,0.00
2210643,Zouma,Kurt Zouma,Defender,WHU,0.00,0.00
2210643,Coufal,Vladimir Coufal,Defender,WHU,0.07,0.00
2210643,Bowen,Jarrod Bowen,Midfielder,WHU,0.02,0.03
2210643,Rice,Declan Rice,Midfielder,WHU,0.05,0.02
2210643,Soucek,Tomas Soucek,Midfielder,WHU,0.00,0.02
2210643,Fornals,Pablo Fornals,Midfielder,WHU,0.03,0.02
2210643,Johnson,Ben Johnson,Defender,WHU,0.00,0.00
2210644,Lennon,Aaron Lennon,Midfielder,BUR,0.01,0.00
2210644,Tarkowski,James Tarkowski,Defender,BUR,0.02,0.07
2210644,Cork,Jack Cork,Midfielder,BUR,0.05,0.17
2210644,Long (Kevin),Kevin Long,Defender,BUR,0.00,0.00
2210644,Barnes (Ashley),Ashley Barnes,Forward,BUR,0.42,0.00
2210644,Pope,Nick Pope,Goalkeeper,BUR,0.00,0.00
2210644,Taylor (Charlie),Charlie Taylor,Defender,BUR,0.15,0.00
2210644,Weghorst,Wout Weghorst,Forward,BUR,0.02,0.67
2210644,Cornet,Maxwel Cornet,Midfielder,BUR,0.10,0.61
2210644,Brownhill,Josh Brownhill,Midfielder,BUR,0.01,0.00
2210644,Roberts (Connor),Connor Roberts,Defender,BUR,0.01,0.00
2210644,Collins,Nathan Collins,Defender,BUR,0.29,0.00
2210644,McNeil,Dwight McNeil,Midfielder,BUR,0.27,0.09
2210644,Ritchie,Matt Ritchie,Defender,NEW,0.00,0.00
2210644,Wood,Chris Wood,Forward,NEW,0.00,0.00
2210644,Dubravka,Martin Dubravka,Goalkeeper,NEW,0.00,0.00
2210644,Wilson (Callum),Callum Wilson,Forward,NEW,0.03,1.52
2210644,Trippier,Kieran Trippier,Defender,NEW,0.01,0.00
2210644,Burn,Dan Burn,Defender,NEW,0.00,0.00
2210644,Lascelles,Jamaal Lascelles,Defender,NEW,0.00,0.00
2210644,Murphy (Jacob),Jacob Murphy,Midfielder,NEW,0.00,0.00
2210644,Targett,Matt Targett,Defender,NEW,0.00,0.00
2210644,Saint-Maximin,Allan Saint-Maximin,Midfielder,NEW,0.44,0.21
2210644,Almirón,Miguel Almirón,Midfielder,NEW,0.03,0.03
2210644,Longstaff (Sean),Sean Longstaff,Midfielder,NEW,0.01,0.00
2210644,Joelinton,Joelinton Cássio Apolinário de Lira,Midfielder,NEW,0.00,0.00
2210644,Bruno Guimarães,Bruno Guimarães Rodriguez Moura,Midfielder,NEW,0.02,0.06
2210645,Azpilicueta,César Azpilicueta,Defender,CHE,0.02,0.00
2210645,Thiago Silva,Thiago Emiliano da Silva,Defender,CHE,0.01,0.00
2210645,Barkley,Ross Barkley,Midfielder,CHE,0.06,0.40
2210645,Ñíguez,Saúl Ñíguez,Midfielder,CHE,0.02,0.08
2210645,Rüdiger,Antonio Rüdiger,Defender,CHE,0.01,0.00
2210645,Kanté,N'Golo Kanté,Midfielder,CHE,0.10,0.00
2210645,Ziyech,Hakim Ziyech,Midfielder,CHE,0.10,0.07
2210645,Kenedy,Robert Kenedy Nunes do Nascimento,Defender,CHE,0.06,0.04
2210645,Chilwell,Benjamin Chilwell,Defender,CHE,0.00,0.00
2210645,Mount,Mason Mount,Midfielder,CHE,0.27,0.81
2210645,Sarr (Malang),Malang Sarr,Defender,CHE,0.01,0.00
2210645,Havertz,Kai Havertz,Forward,CHE,0.06,0.84
2210645,James (Reece),Reece James,Defender,CHE,0.52,0.00
2210645,Mendy (Edouard),Edouard Mendy,Goalkeeper,CHE,0.00,0.00
2210645,Gosling,Dan Gosling,Midfielder,WAT,0.00,0.19
2210645,Cleverley,Tom Cleverley,Midfielder,WAT,0.02,0.07
2210645,Sissoko,Moussa Sissoko,Midfielder,WAT,0.05,0.05
2210645,Femenía,Francisco Femenía Far,Defender,WAT,0.04,0.12
2210645,King,Joshua King,Forward,WAT,0.02,0.00
2210645,Kabasele,Christian Kabasele,Defender,WAT,0.00,0.00
2210645,Bachmann,Daniel Bachmann,Goalkeeper,WAT,0.00,0.00
2210645,Masina,Adam Masina,Defender,WAT,0.10,0.00
2210645,Sema,Ken Sema,Midfielder,WAT,0.03,0.06
2210645,Samir,Samir Caetano de Souza Santos,Defender,WAT,0.00,0.00
2210645,Kamara (Hassane),Hassane Kamara,Defender,WAT,0.02,0.00
2210645,Cucho,Juan Camilo Hernández,Forward,WAT,0.00,0.00
2210645,Kayembe,Edo Kayembe,Midfielder,WAT,0.03,0.14
2210645,João Pedro,João Pedro Junqueira de Jesus,Forward,WAT,0.03,0.18
2210646,Guaita,Vicente Guaita,Goalkeeper,CRY,0.00,0.00
2210646,McArthur,James McArthur,Midfielder,CRY,0.00,0.00
2210646,Kouyaté,Cheikhou Kouyaté,Defender,CRY,0.00,0.00
2210646,Ward (Joel),Joel Ward,Defender,CRY,0.00,0.08
2210646,Clyne,Nathaniel Clyne,Defender,CRY,0.00,0.00
2210646,Zaha,Wilfried Zaha,Midfielder,CRY,0.50,0.23
2210646,Schlupp,Jeffrey Schlupp,Midfielder,CRY,0.04,0.23
2210646,Hughes (Will),Will Hughes,Midfielder,CRY,0.01,0.00
2210646,Andersen,Joachim Andersen,Defender,CRY,0.01,0.00
2210646,Edouard,Odsonne Edouard,Forward,CRY,0.03,0.00
2210646,Eze,Eberechi Eze,Midfielder,CRY,0.00,0.00
2210646,Gallagher,Conor Gallagher,Midfielder,CRY,0.14,0.10
2210646,Mitchell,Tyrick Mitchell,Defender,CRY,0.01,0.00
2210646,Rak-Sakyi,Jesurun Rak-Sakyi,Midfielder,CRY,0.00,0.00
2210646,Cavani,Edinson Cavani,Forward,MUN,0.01,0.13
2210646,Mata,Juan Mata,Midfielder,MUN,0.01,0.00
2210646,De Gea,David De Gea,Goalkeeper,MUN,0.00,0.00
2210646,Maguire,Harry Maguire,Defender,MUN,0.01,0.00
2210646,Fred,Frederico Rodrigues de Paula Santos,Midfielder,MUN,0.33,0.00
2210646,Bruno Fernandes,Bruno Miguel Borges Fernandes,Midfielder,MUN,0.04,0.16
2210646,Alex Telles,Alex Nicolao Telles,Defender,MUN,0.11,0.02
2210646,Lindelof,Victor Nilsson-Lindelof,Defender,MUN,0.01,0.00
2210646,McTominay,Scott McTominay,Midfielder,MUN,0.05,0.26
2210646,Dalot,José Diogo Dalot Teixeira,Defender,MUN,0.03,0.00
2210646,Elanga,Anthony Elanga,Midfielder,MUN,0.01,0.10
2210646,Mejbri,Hannibal Mejbri,Midfielder,MUN,0.01,0.07
2210646,Shoretire,Shola Shoretire,Midfielder,MUN,0.00,0.00
2210646,Garnacho,Alejandro Garnacho Ferreyra,Midfielder,MUN,0.00,0.00
2210647,Schmeichel,Kasper Schmeichel,Goalkeeper,LEI,0.00,0.00
2210647,Evans,Jonny Evans,Defender,LEI,0.35,0.00
2210647,Mendy (Nampalys),Nampalys Mendy,Midfielder,LEI,0.01,0.00
2210647,Vardy,Jamie Vardy,Forward,LEI,0.00,1.75
2210647,Ricardo Pereira,Ricardo Domingos Barbosa Pereira,Defender,LEI,0.13,0.00
2210647,Amartey,Daniel Amartey,Defender,LEI,0.00,0.00
2210647,Castagne,Timothy Castagne,Defender,LEI,0.10,0.28
2210647,Tielemans,Youri Tielemans,Midfielder,LEI,0.02,0.03
2210647,Ayoze Pérez,Ayoze Pérez Gutiérrez,Midfielder,LEI,0.01,0.73
2210647,Maddison,James Maddison,Midfielder,LEI,0.48,0.81
2210647,Barnes (Harvey),Harvey Barnes,Midfielder,LEI,0.04,0.04
2210647,Dewsbury-Hall,Kiernan Dewsbury-Hall,Midfielder,LEI,0.01,0.00
2210647,Lookman,Ademola Lookman,Midfielder,LEI,0.01,0.00
2210647,Justin,James Justin,Defender,LEI,0.03,0.00
2210647,Fofana,Wesley Fofana,Defender,LEI,0.01,0.23
2210647,Long (Shane),Shane Long,Forward,SOU,0.00,0.00
2210647,McCarthy (Alex),Alex McCarthy,Goalkeeper,SOU,0.00,0.00
2210647,Romeu,Oriol Romeu,Midfielder,SOU,0.03,0.00
2210647,Redmond,Nathan Redmond,Midfielder,SOU,0.02,0.06
2210647,Stephens (Jack),Jack Stephens,Defender,SOU,0.01,0.00
2210647,Armstrong (Stuart),Stuart Armstrong,Midfielder,SOU,0.07,0.00
2210647,Elyounoussi,Mohammed Elyounoussi,Midfielder,SOU,0.24,0.00
2210647,Ward-Prowse,James Ward-Prowse,Midfielder,SOU,0.18,0.87
2210647,Armstrong (Adam),Adam Armstrong,Forward,SOU,0.23,0.06
2210647,Walker-Peters,Kyle Walker-Peters,Defender,SOU,0.15,0.00
2210647,Adams,Che Adams,Forward,SOU,0.00,0.13
2210647,Lyanco,Lyanco Evangelista Silveira Neves Vojnovic,Defender,SOU,0.00,0.00
2210647,Smallbone,William Smallbone,Midfielder,SOU,0.00,0.00
2210647,Djenepo,Moussa Djenepo,Midfielder,SOU,0.03,0.03
2210647,Salisu,Mohammed Salisu,Defender,SOU,0.03,0.00
2210648,Milner,James Milner,Midfielder,LIV,0.05,0.00
2210648,Henderson (Jordan),Jordan Henderson,Midfielder,LIV,0.23,0.00
2210648,Matip,Joel Matip,Defender,LIV,0.72,0.14
2210648,Thiago Alcántara,Thiago Alcántara do Nascimento,Midfielder,LIV,0.03,0.09
2210648,Firmino,Roberto Firmino Barbosa de Oliveira,Forward,LIV,0.16,0.08
2210648,Mane,Sadio Mane,Midfielder,LIV,0.08,0.47
2210648,Alisson,Alisson Ramses Becker,Goalkeeper,LIV,0.00,0.00
2210648,Salah,Mohamed Salah,Midfielder,LIV,0.02,1.12
2210648,Robertson,Andrew Robertson,Defender,LIV,0.29,0.17
2210648,Alexander-Arnold,Trent Alexander-Arnold,Defender,LIV,0.48,0.19
2210648,Keita,Naby Keita,Midfielder,LIV,0.20,0.24
2210648,Diogo Jota,Diogo José Teixeira da Silva,Forward,LIV,0.02,0.35
2210648,Konaté,Ibrahima Konaté,Defender,LIV,0.01,0.00
2210648,Díaz,Luis Díaz,Midfielder,LIV,0.17,0.33
2210648,Ruddy,John Ruddy,Goalkeeper,WOL,0.00,0.00
2210648,Moutinho,João Moutinho,Midfielder,WOL,0.04,0.00
2210648,Boly,Willy Boly,Defender,WOL,0.00,0.00
2210648,Coady,Conor Coady,Defender,WOL,0.00,0.00
2210648,Raúl Jiménez,Raul Alonso Jimenez Rodriguez,Forward,WOL,0.36,0.00
2210648,Jonny,Jonathan Castro Otto,Defender,WOL,0.17,0.00
2210648,José Sá,José Pedro Malheiro de Sá,Goalkeeper,WOL,0.00,0.00
2210648,Dendoncker (Leander),Leander Dendoncker,Midfielder,WOL,0.01,0.21
2210648,Ruben Neves,Rúben Diogo da Silva Neves,Midfielder,WOL,0.06,0.00
2210648,Hwang Hee-Chan,Hee-Chan Hwang,Midfielder,WOL,0.01,0.57
2210648,Trincão,Francisco António Machado Trincão,Midfielder,WOL,0.00,0.00
2210648,Neto,Pedro Neto,Midfielder,WOL,0.10,0.43
2210648,Ait Nouri,Rayan Ait Nouri,Defender,WOL,0.01,0.05
2210648,Toti,Toti António Gomes,Defender,WOL,0.00,0.00
2210649,Young (Ashley),Ashley Young,Defender,AVL,0.00,0.00
2210649,Coutinho,Philippe Coutinho,Midfielder,AVL,0.01,0.12
2210649,Ings,Danny Ings,Forward,AVL,0.00,0.00
2210649,Chambers,Calum Chambers,Defender,AVL,0.01,0.00
2210649,Digne,Lucas Digne,Defender,AVL,0.13,0.00
2210649,Olsen,Robin Olsen,Goalkeeper,AVL,0.00,0.00
2210649,McGinn,John McGinn,Midfielder,AVL,0.00,0.00
2210649,Mings,Tyrone Mings,Defender,AVL,0.00,0.00
2210649,Watkins,Ollie Watkins,Forward,AVL,0.01,0.04
2210649,Nakamba,Marvelous Nakamba,Midfielder,AVL,0.00,0.00
2210649,Buendía,Emiliano Buendía,Midfielder,AVL,0.01,0.00
2210649,Cash,Matthew Cash,Defender,AVL,0.00,0.09
2210649,Douglas Luiz,Douglas Luiz Soares de Paulo,Midfielder,AVL,0.00,0.00
2210649,Ramsey (Jacob),Jacob Ramsey,Midfielder,AVL,0.02,0.00
2210649,Fernandinho,Fernando Luiz Rosa,Midfielder,MCI,0.01,0.04
2210649,Gundogan,Ilkay Gundogan,Midfielder,MCI,0.01,1.30
2210649,De Bruyne,Kevin De Bruyne,Midfielder,MCI,1.19,0.49
2210649,Stones,John Stones,Defender,MCI,0.02,0.15
2210649,Mahrez,Riyad Mahrez,Midfielder,MCI,0.10,0.15
2210649,Sterling (Raheem),Raheem Sterling,Midfielder,MCI,0.35,0.00
2210649,João Cancelo,João Pedro Cavaco Cancelo,Defender,MCI,0.43,0.13
2210649,Ederson,Ederson Santana de Moraes,Goalkeeper,MCI,0.00,0.00
2210649,Laporte,Aymeric Laporte,Defender,MCI,0.02,0.04
2210649,Bernardo Silva,Bernardo Mota Veiga de Carvalho e Silva,Midfielder,MCI,0.06,0.00
2210649,Jesus,Gabriel Fernando de Jesus,Forward,MCI,0.07,0.72
2210649,Zinchenko,Oleksandr Zinchenko,Defender,MCI,0.40,0.00
2210649,Foden,Phil Foden,Midfielder,MCI,0.19,0.18
2210649,Rodri,Rodrigo Hernández Cascante,Midfielder,MCI,0.05,0.15
2210650,Krul,Tim Krul,Goalkeeper,NOR,0.00,0.00
2210650,Pukki,Teemu Pukki,Forward,NOR,0.24,0.24
2210650,Rupp,Lukas Rupp,Midfielder,NOR,0.00,0.00
2210650,Hanley,Grant Hanley,Defender,NOR,0.01,0.02
2210650,Byram,Sam Byram,Defender,NOR,0.00,0.00
2210650,Dowell,Kieran Dowell,Midfielder,NOR,0.01,0.00
2210650,Mathias Normann,Mathias Antonsen Normann,Midfielder,NOR,0.02,0.05
2210650,Giannoulis,Dimitrios Giannoulis,Defender,NOR,0.02,0.00
2210650,Zimmermann,Christoph Zimmermann,Defender,NOR,0.00,0.01
2210650,Lees-Melou,Pierre Lees-Melou,Midfielder,NOR,0.05,0.00
2210650,Rashica,Milot Rashica,Midfielder,NOR,0.27,0.12
2210650,Aarons,Maximillian Aarons,Defender,NOR,0.01,0.02
2210650,Sørensen,Jacob Sørensen,Defender,NOR,0.01,0.00
2210650,Springett,Tony Springett,Midfielder,NOR,0.02,0.00
2210650,Lloris,Hugo Lloris,Goalkeeper,TOT,0.00,0.00
2210650,Kane,Harry Kane,Forward,TOT,0.45,0.63
2210650,Son,Heung-Min Son,Midfielder,TOT,0.10,1.76
2210650,Dier,Eric Dier,Defender,TOT,0.01,0.00
2210650,Lucas Moura,Lucas Rodrigues Moura da Silva,Midfielder,TOT,0.23,0.00
2210650,Davies (Ben),Ben Davies,Defender,TOT,0.06,0.03
2210650,Højbjerg,Pierre-Emile Højbjerg,Midfielder,TOT,0.12,0.21
2210650,Winks,Harry Winks,Midfielder,TOT,0.00,0.00
2210650,Sánchez (Davinson),Davinson Sánchez,Defender,TOT,0.01,0.00
2210650,Sessegnon (Ryan),Kouassi Ryan Sessegnon,Defender,TOT,0.06,0.00
2210650,Bergwijn,Steven Bergwijn,Midfielder,TOT,0.02,0.00
2210650,Bentancur,Rodrigo Bentancur,Midfielder,TOT,0.41,0.00
2210650,Emerson Royal,Emerson Aparecido Leite de Souza Junior,Defender,TOT,0.01,0.00
2210650,Kulusevski,Dejan Kulusevski,Midfielder,TOT,0.18,0.89
