match_id,nick_name,full_name,pos,team,xa,xg
2444470,Cairney,Tom Cairney,Midfielder,FUL,0.05,0.00
2444470,Leno,Bernd Leno,Goalkeeper,FUL,0.00,0.00
2444470,Raúl Jiménez,Raul Alonso Jimenez Rodriguez,Forward,FUL,0.00,0.00
2444470,Iwobi,Alex Iwobi,Midfielder,FUL,0.15,0.04
2444470,Reed,Harrison Reed,Midfielder,FUL,0.00,0.00
2444470,Wilson (Harry),Harry Wilson,Midfielder,FUL,0.01,0.00
2444470,Pereira,Andreas Pereira,Midfielder,FUL,0.16,0.00
2444470,Traoré (Adama),Adama Traoré,Midfielder,FUL,0.02,0.10
2444470,Tete,Kenny Tete,Defender,FUL,0.00,0.09
2444470,Robinson (Antonee),Antonee Robinson,Defender,FUL,0.01,0.00
2444470,Smith-Rowe,Emile Smith-Rowe,Midfielder,FUL,0.00,0.00
2444470,Lukic,Sasa Lukic,Midfielder,FUL,0.01,0.00
2444470,Diop,Issa Diop,Defender,FUL,0.00,0.00
2444470,Bassey,Calvin Bassey,Defender,FUL,0.03,0.10
2444470,Rodrigo Muniz,Rodrigo Muniz Carvalho,Forward,FUL,0.00,0.11
2444470,Stansfield,Jay Stansfield,Forward,FUL,0.00,0.00
2444470,Evans (Jonny),Jonny Evans,Defender,MUN,0.00,0.00
2444470,Casemiro,Carlos Henrique Jose Francisco Venancio,Midfielder,MUN,0.50,0.16
2444470,Maguire,Harry Maguire,Defender,MUN,0.01,0.00
2444470,Bruno Fernandes,Bruno Miguel Borges Fernandes,Midfielder,MUN,0.03,1.19
2444470,Rashford,Marcus Rashford,Midfielder,MUN,0.11,0.00
2444470,Mount,Mason Mount,Midfielder,MUN,0.03,0.30
2444470,McTominay,Scott McTominay,Midfielder,MUN,0.00,0.00
2444470,Onana,André Onana,Goalkeeper,MUN,0.00,0.00
2444470,de Ligt,Matthijs de Ligt,Defender,MUN,0.00,0.00
2444470,Dalot,José Diogo Dalot Teixeira,Defender,MUN,0.02,0.00
2444470,Martínez,Lisandro Martínez,Defender,MUN,0.02,0.00
2444470,Mazraoui,Noussair Mazraoui,Defender,MUN,0.01,0.00
2444470,Zirkzee,Joshua Zirkzee,Forward,MUN,0.00,0.07
2444470,Garnacho,Alejandro Garnacho Ferreyra,Midfielder,MUN,0.09,0.68
2444470,Amad Diallo,Amad Diallo Traore,Midfielder,MUN,0.13,0.00
2444470,Mainoo,Kobbie Mainoo,Midfielder,MUN,0.01,0.03
2444471,Trossard,Leandro Trossard,Midfielder,ARS,0.00,0.00
2444471,Raya Martin,David Raya Martin,Goalkeeper,ARS,0.00,0.00
2444471,Partey,Thomas Partey,Midfielder,ARS,0.06,0.06
2444471,Odegaard,Martin Odegaard,Midfielder,ARS,0.06,0.02
2444471,White (Ben),Ben White,Defender,ARS,0.06,0.07
2444471,Rice,Declan Rice,Midfielder,ARS,0.05,0.09
2444471,Jesus,Gabriel Fernando de Jesus,Forward,ARS,0.00,0.00
2444471,Zinchenko,Oleksandr Zinchenko,Defender,ARS,0.04,0.00
2444471,Havertz,Kai Havertz,Forward,ARS,0.04,0.45
2444471,Saka,Bukayo Saka,Midfielder,ARS,0.37,0.35
2444471,Gabriel Magalhães,Gabriel dos Santos Magalhães,Defender,ARS,0.02,0.12
2444471,Martinelli,Gabriel Teodoro Martinelli Silva,Midfielder,ARS,0.19,0.08
2444471,Jurriën Timber,Jurriën Timber,Defender,ARS,0.01,0.02
2444471,Saliba,William Saliba,Defender,ARS,0.00,0.00
2444471,Dawson,Craig Dawson,Defender,WOL,0.00,0.00
2444471,Doherty,Matt Doherty,Defender,WOL,0.01,0.08
2444471,Sarabia,Pablo Sarabia,Midfielder,WOL,0.01,0.08
2444471,José Sá,José Pedro Malheiro de Sá,Goalkeeper,WOL,0.00,0.00
2444471,Lemina (Mario),Mario Lemina,Midfielder,WOL,0.01,0.00
2444471,Hwang Hee-Chan,Hee-Chan Hwang,Midfielder,WOL,0.11,0.00
2444471,Podence,Daniel Podence,Midfielder,WOL,0.00,0.04
2444471,Bellegarde,Jean-Ricner Bellegarde,Midfielder,WOL,0.00,0.07
2444471,Strand Larsen,Jørgen Strand Larsen,Forward,WOL,0.00,0.08
2444471,Matheus Cunha,Matheus Santos Carneiro Da Cunha,Forward,WOL,0.02,0.06
2444471,João Gomes,João Victor Gomes da Silva,Midfielder,WOL,0.02,0.00
2444471,Ait Nouri,Rayan Ait Nouri,Defender,WOL,0.02,0.02
2444471,Rodrigo Gomes,Rodrigo Martins Gomes,Midfielder,WOL,0.01,0.05
2444471,Mosquera,Yerson Mosquera,Defender,WOL,0.02,0.00
2444471,Toti,Toti António Gomes,Defender,WOL,0.01,0.00
2444471,Chiquinho,Francisco Jorge Tomás Oliveira,Midfielder,WOL,0.05,0.00
2444472,Milner,James Milner,Midfielder,BHA,0.11,0.00
2444472,Steele,Jason Steele,Goalkeeper,BHA,0.00,0.00
2444472,Welbeck,Danny Welbeck,Forward,BHA,0.04,0.20
2444472,Dunk,Lewis Dunk,Defender,BHA,0.00,0.07
2444472,Webster,Adam Webster,Defender,BHA,0.02,0.00
2444472,Veltman,Joël Veltman,Defender,BHA,0.00,0.00
2444472,Gilmour,Billy Gilmour,Midfielder,BHA,0.00,0.00
2444472,Sarmiento,Jeremy Sarmiento,Midfielder,BHA,0.00,0.00
2444472,Mitoma,Kaoru Mitoma,Midfielder,BHA,0.04,0.97
2444472,Wieffer,Mats Wieffer,Midfielder,BHA,0.02,0.00
2444472,van Hecke,Jan-Paul van Hecke,Defender,BHA,0.00,0.00
2444472,João Pedro,João Pedro Junqueira de Jesus,Forward,BHA,0.02,0.03
2444472,Ayari,Yasin Ayari,Midfielder,BHA,0.00,0.00
2444472,Hinshelwood,Jack Hinshelwood,Midfielder,BHA,0.01,0.00
2444472,Adingra,Simon Adingra,Midfielder,BHA,0.05,0.17
2444472,Minteh,Yankuba Minteh,Midfielder,BHA,0.65,0.00
2444472,Tarkowski,James Tarkowski,Defender,EVE,0.01,0.01
2444472,Young (Ashley),Ashley Young,Defender,EVE,0.17,0.00
2444472,Gueye,Idrissa Gueye,Midfielder,EVE,0.01,0.02
2444472,Keane,Michael Keane,Defender,EVE,0.01,0.01
2444472,Pickford,Jordan Pickford,Goalkeeper,EVE,0.02,0.00
2444472,Doucouré,Abdoulaye Doucouré,Midfielder,EVE,0.01,0.14
2444472,Calvert-Lewin,Dominic Calvert-Lewin,Forward,EVE,0.01,0.00
2444472,Holgate,Mason Holgate,Defender,EVE,0.00,0.00
2444472,Harrison (Jack),Jack Harrison,Midfielder,EVE,0.26,0.14
2444472,Mykolenko,Vitaliy Mykolenko,Defender,EVE,0.00,0.00
2444472,McNeil,Dwight McNeil,Midfielder,EVE,0.16,0.00
2444472,Ndiaye,Iliman Ndiaye,Forward,EVE,0.00,0.00
2444472,Beto,Norberto Bercique Gomes Betuncal,Forward,EVE,0.00,0.00
2444472,Iroegbunam,Tim Iroegbunam,Midfielder,EVE,0.01,0.14
2444473,Morsy,Sam Morsy,Midfielder,IPS,0.08,0.00
2444473,Luongo,Massimo Luongo,Midfielder,IPS,0.00,0.00
2444473,Walton,Christian Walton,Goalkeeper,IPS,0.00,0.00
2444473,Burns,Wes Burns,Midfielder,IPS,0.00,0.00
2444473,Harness,Marcus Harness,Midfielder,IPS,0.03,0.00
2444473,Szmodics,Sammie Szmodics,Midfielder,IPS,0.02,0.00
2444473,Tuanzebe,Axel Tuanzebe,Defender,IPS,0.00,0.07
2444473,Chaplin,Conor Chaplin,Midfielder,IPS,0.01,0.00
2444473,Woolfenden,Luke Woolfenden,Defender,IPS,0.00,0.00
2444473,Johnson (Ben),Ben Johnson,Defender,IPS,0.00,0.00
2444473,Taylor (Jack),Jack Taylor,Midfielder,IPS,0.01,0.02
2444473,Greaves,Jacob Greaves,Defender,IPS,0.00,0.10
2444473,Davis,Leif Davis,Defender,IPS,0.02,0.00
2444473,Ali Al Hamadi,Ali Ibrahim Karim Al Hamadi,Forward,IPS,0.00,0.00
2444473,Delap,Liam Delap,Forward,IPS,0.00,0.00
2444473,Hutchinson,Omari Hutchinson,Midfielder,IPS,0.02,0.27
2444473,van Dijk,Virgil van Dijk,Defender,LIV,0.01,0.00
2444473,Alisson,Alisson Ramses Becker,Goalkeeper,LIV,0.00,0.00
2444473,Salah,Mohamed Salah,Midfielder,LIV,0.15,0.70
2444473,Robertson,Andrew Robertson,Defender,LIV,0.13,0.00
2444473,Alexander-Arnold,Trent Alexander-Arnold,Defender,LIV,1.00,0.06
2444473,Diogo Jota,Diogo José Teixeira da Silva,Midfielder,LIV,0.04,0.95
2444473,Konaté,Ibrahima Konaté,Defender,LIV,0.00,0.00
2444473,Tsimikas,Konstantinos Tsimikas,Defender,LIV,0.01,0.00
2444473,Mac Allister,Alexis Mac Allister,Midfielder,LIV,0.06,0.10
2444473,Gakpo,Cody Gakpo,Forward,LIV,0.00,0.00
2444473,Díaz,Luis Díaz,Midfielder,LIV,0.38,0.46
2444473,Szoboszlai,Dominik Szoboszlai,Midfielder,LIV,0.24,0.15
2444473,Gravenberch,Ryan Gravenberch,Midfielder,LIV,0.39,0.00
2444473,Quansah,Jarell Quansah,Defender,LIV,0.00,0.00
2444473,Bradley,Conor Bradley,Defender,LIV,0.02,0.24
2444474,Burn,Dan Burn,Defender,NEW,0.00,0.00
2444474,Pope,Nick Pope,Goalkeeper,NEW,0.00,0.00
2444474,Krafth,Emil Krafth,Defender,NEW,0.00,0.00
2444474,Murphy (Jacob),Jacob Murphy,Midfielder,NEW,0.01,0.00
2444474,Schär,Fabian Schär,Defender,NEW,0.00,0.04
2444474,Longstaff (Sean),Sean Longstaff,Midfielder,NEW,0.01,0.00
2444474,Joelinton,Joelinton Cássio Apolinário de Lira,Midfielder,NEW,0.01,0.22
2444474,Barnes,Harvey Barnes,Midfielder,NEW,0.00,0.00
2444474,Bruno Guimarães,Bruno Guimarães Rodriguez Moura,Midfielder,NEW,0.04,0.00
2444474,Isak,Alexander Isak,Forward,NEW,0.08,0.00
2444474,Gordon (Anthony),Anthony Gordon,Midfielder,NEW,0.02,0.00
2444474,Kelly,Lloyd Kelly,Defender,NEW,0.00,0.00
2444474,Livramento,Valentino Livramento,Defender,NEW,0.00,0.00
2444474,Lewis Hall,Lewis Hall,Defender,NEW,0.02,0.00
2444474,McCarthy,Alex McCarthy,Goalkeeper,SOU,0.00,0.00
2444474,Stephens,Jack Stephens,Defender,SOU,0.04,0.00
2444474,Armstrong (Adam),Adam Armstrong,Forward,SOU,0.08,0.71
2444474,Walker-Peters,Kyle Walker-Peters,Defender,SOU,0.08,0.06
2444474,Bednarek,Jan Bednarek,Defender,SOU,0.03,0.00
2444474,Aribo,Joe Aribo,Midfielder,SOU,0.44,0.05
2444474,Brereton,Ben Brereton,Midfielder,SOU,0.02,0.30
2444474,Smallbone,William Smallbone,Midfielder,SOU,0.25,0.31
2444474,Sugawara,Yukinari Sugawara,Defender,SOU,0.22,0.00
2444474,Downes,Flynn Downes,Midfielder,SOU,0.10,0.11
2444474,Harwood-Bellis,Taylor Harwood-Bellis,Defender,SOU,0.02,0.00
2444474,Archer,Cameron Archer,Forward,SOU,0.00,0.19
2444474,Edozie (Samuel),Samuel Edozie,Midfielder,SOU,0.15,0.00
2444474,Dibling,Tyler Dibling,Midfielder,SOU,0.02,0.00
2444474,Amo-Ameyaw,Samuel Amo-Ameyaw,Midfielder,SOU,0.13,0.02
2444474,Alcaraz,Carlos Alcaraz,Midfielder,SOU,0.03,0.07
2444475,Smith,Adam Smith,Defender,BOU,0.01,0.00
2444475,Neto,Norberto Murara Neto,Goalkeeper,BOU,0.00,0.00
2444475,Cook,Lewis Cook,Midfielder,BOU,0.21,0.00
2444475,Christie,Ryan Christie,Midfielder,BOU,0.01,0.00
2444475,Billing,Philip Billing,Midfielder,BOU,0.00,0.00
2444475,Tavernier,Marcus Tavernier,Midfielder,BOU,0.12,0.42
2444475,Kluivert,Justin Kluivert,Midfielder,BOU,0.02,0.00
2444475,Sinisterra,Luis Sinisterra,Midfielder,BOU,0.02,0.15
2444475,Araujo,Julian Araujo,Defender,BOU,0.01,0.00
2444475,Semenyo,Antoine Semenyo,Midfielder,BOU,0.04,0.44
2444475,Zabarnyi,Illia Zabarnyi,Defender,BOU,0.02,0.00
2444475,Scott,Alex Scott,Midfielder,BOU,0.01,0.00
2444475,Jebbison,Daniel Jebbison,Forward,BOU,0.00,0.00
2444475,Dango Ouattara,Dango Ouattara,Midfielder,BOU,0.01,0.22
2444475,Kerkez,Milos Kerkez,Defender,BOU,0.01,0.00
2444475,Huijsen,Dean Huijsen,Defender,BOU,0.01,0.00
2444475,Wood (Chris),Chris Wood,Forward,NFO,0.02,0.71
2444475,Sels,Matz Sels,Goalkeeper,NFO,0.00,0.00
2444475,Boly,Willy Boly,Defender,NFO,0.00,0.07
2444475,Toffolo,Harry Toffolo,Defender,NFO,0.01,0.02
2444475,Aina,Ola Aina,Defender,NFO,0.02,0.02
2444475,Yates,Ryan Yates,Midfielder,NFO,0.03,0.24
2444475,Hudson-Odoi,Callum Hudson-Odoi,Midfielder,NFO,0.20,0.07
2444475,Awoniyi,Taiwo Awoniyi,Forward,NFO,0.03,0.12
2444475,Sangaré,Ibrahim Sangaré,Midfielder,NFO,0.01,0.00
2444475,Williams (Neco),Neco Williams,Defender,NFO,0.13,0.03
2444475,Anderson,Elliot Anderson,Midfielder,NFO,0.01,0.00
2444475,Gibbs-White,Morgan Gibbs-White,Midfielder,NFO,0.07,0.10
2444475,Nicolás Domínguez,Nicolás Domínguez,Midfielder,NFO,0.09,0.00
2444475,Elanga,Anthony Elanga,Midfielder,NFO,0.16,0.02
2444475,Danilo,Danilo dos Santos de Oliveira,Midfielder,NFO,0.00,0.00
2444475,Murillo,Murillo Santiago Costa dos Santos,Defender,NFO,0.00,0.00
2444476,Martinez,Emiliano Martinez,Goalkeeper,AVL,0.00,0.00
2444476,Digne,Lucas Digne,Defender,AVL,0.13,0.00
2444476,McGinn,John McGinn,Midfielder,AVL,0.01,0.30
2444476,Tielemans,Youri Tielemans,Midfielder,AVL,0.24,0.18
2444476,Watkins,Ollie Watkins,Forward,AVL,0.00,0.00
2444476,Cash,Matthew Cash,Defender,AVL,0.01,0.00
2444476,Konsa Ngoyo,Ezri Konsa Ngoyo,Defender,AVL,0.01,0.07
2444476,Bailey,Leon Bailey,Midfielder,AVL,0.21,0.21
2444476,Ramsey (Jacob),Jacob Ramsey,Midfielder,AVL,0.13,0.06
2444476,Rogers,Morgan Rogers,Midfielder,AVL,0.08,0.21
2444476,Torres,Pau Torres,Defender,AVL,0.01,0.00
2444476,Maatsen,Ian Maatsen,Defender,AVL,0.04,0.00
2444476,Mvom Onana,Amadou Mvom Onana,Midfielder,AVL,0.01,0.55
2444476,Durán,Jhon Durán,Forward,AVL,0.00,0.38
2444476,Philogene-Bidace,Jaden Philogene-Bidace,Midfielder,AVL,0.01,0.07
2444476,Nedeljkovic,Kosta Nedeljkovic,Defender,AVL,0.00,0.00
2444476,Antonio,Michail Antonio,Forward,WHU,0.00,0.15
2444476,Areola,Alphonse Areola,Goalkeeper,WHU,0.00,0.00
2444476,Ings,Danny Ings,Forward,WHU,0.00,0.25
2444476,Füllkrug,Niclas Füllkrug,Forward,WHU,0.00,0.00
2444476,Ward-Prowse,James Ward-Prowse,Midfielder,WHU,0.00,0.00
2444476,Emerson,Emerson Palmieri dos Santos,Defender,WHU,0.02,0.04
2444476,Coufal,Vladimir Coufal,Defender,WHU,0.10,0.00
2444476,Bowen,Jarrod Bowen,Midfielder,WHU,0.07,0.00
2444476,Rodríguez,Guido Rodríguez,Midfielder,WHU,0.03,0.02
2444476,Kilman,Max Kilman,Defender,WHU,0.07,0.00
2444476,Soucek,Tomas Soucek,Midfielder,WHU,0.12,1.10
2444476,Lucas Paquetá,Lucas Tolentino Coelho de Lima,Midfielder,WHU,0.04,0.79
2444476,Mavropanos,Konstantinos Mavropanos,Defender,WHU,0.00,0.02
2444476,Summerville,Crysencio Summerville,Midfielder,WHU,0.17,0.00
2444476,Kudus,Mohammed Kudus,Midfielder,WHU,0.47,0.08
2444476,Todibo,Jean-Clair Todibo,Defender,WHU,0.00,0.00
2444477,Mee (Ben),Ben Mee,Defender,BRE,0.00,0.00
2444477,Flekken,Mark Flekken,Goalkeeper,BRE,0.00,0.00
2444477,Norgaard,Christian Norgaard,Midfielder,BRE,0.01,0.00
2444477,Ajer,Kristoffer Ajer,Defender,BRE,0.00,0.28
2444477,Janelt,Vitaly Janelt,Midfielder,BRE,0.03,0.07
2444477,Jensen,Mathias Jensen,Midfielder,BRE,0.03,0.00
2444477,Wissa,Yoane Wissa,Forward,BRE,0.01,1.00
2444477,Roerslev,Mads Roerslev,Defender,BRE,0.00,0.00
2444477,Pinnock,Ethan Pinnock,Defender,BRE,0.00,0.01
2444477,Carvalho,Fabio Carvalho,Midfielder,BRE,0.00,0.00
2444477,Lewis-Potter,Keane Lewis-Potter,Midfielder,BRE,0.00,0.00
2444477,Onyeka,Frank Onyeka,Midfielder,BRE,0.00,0.00
2444477,Collins,Nathan Collins,Defender,BRE,0.00,0.22
2444477,Damsgaard,Mikkel Damsgaard,Midfielder,BRE,0.00,0.00
2444477,Mbeumo,Bryan Mbeumo,Midfielder,BRE,0.45,0.09
2444477,Schade,Kevin Schade,Midfielder,BRE,0.01,0.13
2444477,Ayew,Jordan Ayew,Midfielder,CRY,0.01,0.46
2444477,Hughes,Will Hughes,Midfielder,CRY,0.05,0.00
2444477,Lerma,Jefferson Lerma,Midfielder,CRY,0.32,0.00
2444477,Henderson,Dean Henderson,Goalkeeper,CRY,0.00,0.00
2444477,Andersen,Joachim Andersen,Defender,CRY,0.02,0.04
2444477,Edouard,Odsonne Edouard,Forward,CRY,0.02,0.05
2444477,Marc Guehi,Addji Keaninkin Marc-Israel Guehi,Defender,CRY,0.02,0.00
2444477,Kamada,Daichi Kamada,Midfielder,CRY,0.06,0.00
2444477,Mateta,Jean-Philippe Mateta,Forward,CRY,0.01,0.00
2444477,Ismaila Sarr,Ismaila Sarr,Midfielder,CRY,0.00,0.00
2444477,Eze,Eberechi Eze,Midfielder,CRY,0.05,0.41
2444477,Mitchell,Tyrick Mitchell,Defender,CRY,0.03,0.12
2444477,Muñoz,Daniel Muñoz,Defender,CRY,0.02,0.00
2444477,Richards (Chris),Chris Richards,Defender,CRY,0.01,0.00
2444477,Doucoure,Cheick Oumar Doucoure,Midfielder,CRY,0.00,0.00
2444477,Wharton,Adam Wharton,Midfielder,CRY,0.02,0.09
2444478,Cucurella,Marc Cucurella,Defender,CHE,0.02,0.00
2444478,Nkunku,Christopher Nkunku,Midfielder,CHE,0.06,0.15
2444478,Sanchez,Robert Sanchez,Goalkeeper,CHE,0.00,0.00
2444478,Dewsbury-Hall,Kiernan Dewsbury-Hall,Midfielder,CHE,0.01,0.00
2444478,Palmer (Cole),Cole Palmer,Midfielder,CHE,0.19,0.07
2444478,Neto,Pedro Neto,Midfielder,CHE,0.16,0.04
2444478,Fofana (Wesley),Wesley Fofana,Defender,CHE,0.01,0.04
2444478,Fernández,Enzo Fernández,Midfielder,CHE,0.08,0.22
2444478,Colwill,Levi Colwill,Defender,CHE,0.01,0.00
2444478,Gusto,Malo Gusto,Defender,CHE,0.07,0.00
2444478,Moises Caicedo,Moises Caicedo,Midfielder,CHE,0.06,0.03
2444478,Guiu,Marc Guiu,Forward,CHE,0.00,0.00
2444478,Lavia,Romeo Lavia,Midfielder,CHE,0.18,0.00
2444478,Jackson (Nicolas),Nicolas Jackson,Forward,CHE,0.06,0.47
2444478,Renato Veiga,Renato da Palma Veiga,Midfielder,CHE,0.00,0.00
2444478,De Bruyne,Kevin De Bruyne,Midfielder,MCI,0.32,0.07
2444478,Kovacic,Mateo Kovacic,Midfielder,MCI,0.02,0.13
2444478,Ederson,Ederson Santana de Moraes,Goalkeeper,MCI,0.00,0.00
2444478,Bernardo Silva,Bernardo Mota Veiga de Carvalho e Silva,Midfielder,MCI,0.20,0.13
2444478,Rúben Dias,Rúben Santos Gato Alves Dias,Defender,MCI,0.00,0.00
2444478,Foden,Phil Foden,Midfielder,MCI,0.01,0.00
2444478,Akanji,Manuel Akanji,Defender,MCI,0.01,0.00
2444478,Haaland,Erling Haaland,Forward,MCI,0.00,0.28
2444478,Doku,Jéremy Doku,Midfielder,MCI,0.09,0.13
2444478,Lewis (Rico),Rico Lewis,Defender,MCI,0.01,0.00
2444478,Gvardiol,Joško Gvardiol,Defender,MCI,0.02,0.03
2444478,Savinho,Sávio Moreira de Oliveira,Midfielder,MCI,0.16,0.00
2444479,Vestergaard,Jannik Vestergaard,Defender,LEI,0.00,0.00
2444479,DeCordova-Reid,Bobby DeCordova-Reid,Midfielder,LEI,0.01,0.06
2444479,Vardy,Jamie Vardy,Forward,LEI,0.00,0.80
2444479,Mavididi,Stephy Mavididi,Midfielder,LEI,0.06,0.00
2444479,Winks,Harry Winks,Midfielder,LEI,0.03,0.00
2444479,Ndidi,Onyinye Wilfred Ndidi,Midfielder,LEI,0.01,0.07
2444479,Faes,Wout Faes,Defender,LEI,0.00,0.00
2444479,Justin,James Justin,Defender,LEI,0.01,0.08
2444479,Soumaré,Boubakary Soumaré,Midfielder,LEI,0.00,0.00
2444479,McAteer,Kasey McAteer,Midfielder,LEI,0.00,0.02
2444479,Hermansen,Mads Hermansen,Goalkeeper,LEI,0.00,0.00
2444479,Kristiansen,Victor Kristiansen,Defender,LEI,0.03,0.00
2444479,Fatawu,Abdul Fatawu Issahaku,Midfielder,LEI,0.60,0.00
2444479,Buonanotte,Facundo Buonanotte,Midfielder,LEI,0.19,0.00
2444479,Son,Heung-Min Son,Midfielder,TOT,0.29,0.03
2444479,Solanke,Dominic Solanke,Forward,TOT,0.15,0.34
2444479,Werner,Timo Werner,Midfielder,TOT,0.02,0.00
2444479,Maddison,James Maddison,Midfielder,TOT,0.98,0.02
2444479,Vicario,Guglielmo Vicario,Goalkeeper,TOT,0.00,0.00
2444479,Bentancur,Rodrigo Bentancur,Midfielder,TOT,0.04,0.25
2444479,Richarlison,Richarlison de Andrade,Forward,TOT,0.00,0.19
2444479,Romero,Cristian Romero,Defender,TOT,0.03,0.09
2444479,Spence,Djed Spence,Defender,TOT,0.00,0.00
2444479,Johnson (Brennan),Brennan Johnson,Midfielder,TOT,0.08,0.08
2444479,Porro,Pedro Porro,Defender,TOT,0.34,0.09
2444479,Kulusevski,Dejan Kulusevski,Midfielder,TOT,0.17,0.00
2444479,Sarr (Pape),Pape Sarr,Midfielder,TOT,0.04,0.01
2444479,Destiny Udogie,Iyenoma Destiny Udogie,Defender,TOT,0.06,0.00
2444479,van de Ven,Micky van de Ven,Defender,TOT,0.02,0.00
2444479,Gray (Archie),Archie Gray,Midfielder,TOT,0.01,0.00
2444479,Bergvall,Lucas Bergvall,Midfielder,TOT,0.14,0.06
2444480,Smith,Adam Smith,Defender,BOU,0.00,0.00
2444480,Neto,Norberto Murara Neto,Goalkeeper,BOU,0.00,0.00
2444480,Cook,Lewis Cook,Midfielder,BOU,0.31,0.00
2444480,Christie,Ryan Christie,Midfielder,BOU,0.04,0.00
2444480,Tavernier,Marcus Tavernier,Midfielder,BOU,0.04,0.87
2444480,Senesi,Marcos Senesi,Defender,BOU,0.03,0.00
2444480,Kluivert,Justin Kluivert,Midfielder,BOU,0.20,0.03
2444480,Sinisterra,Luis Sinisterra,Midfielder,BOU,0.06,0.05
2444480,Araujo,Julian Araujo,Defender,BOU,0.00,0.00
2444480,Semenyo,Antoine Semenyo,Midfielder,BOU,1.13,0.33
2444480,Evanilson,Francisco Evanilson de Lima Barbosa,Forward,BOU,0.00,0.81
2444480,Zabarnyi,Illia Zabarnyi,Defender,BOU,0.01,0.00
2444480,Scott,Alex Scott,Midfielder,BOU,0.01,0.04
2444480,Jebbison,Daniel Jebbison,Forward,BOU,0.00,0.00
2444480,Dango Ouattara,Dango Ouattara,Midfielder,BOU,0.00,0.13
2444480,Kerkez,Milos Kerkez,Defender,BOU,0.01,0.00
2444480,Trippier,Kieran Trippier,Defender,NEW,0.01,0.00
2444480,Burn,Dan Burn,Defender,NEW,0.01,0.28
2444480,Pope,Nick Pope,Goalkeeper,NEW,0.00,0.00
2444480,Krafth,Emil Krafth,Defender,NEW,0.01,0.00
2444480,Murphy (Jacob),Jacob Murphy,Midfielder,NEW,0.01,0.00
2444480,Almirón,Miguel Almirón,Midfielder,NEW,0.03,0.00
2444480,Longstaff (Sean),Sean Longstaff,Midfielder,NEW,0.01,0.00
2444480,Joelinton,Joelinton Cássio Apolinário de Lira,Midfielder,NEW,0.03,0.31
2444480,Willock,Joseph Willock,Midfielder,NEW,0.01,0.08
2444480,Barnes,Harvey Barnes,Midfielder,NEW,0.48,0.16
2444480,Bruno Guimarães,Bruno Guimarães Rodriguez Moura,Midfielder,NEW,0.23,0.07
2444480,Isak,Alexander Isak,Forward,NEW,0.03,0.32
2444480,Gordon (Anthony),Anthony Gordon,Midfielder,NEW,0.40,0.47
2444480,Kelly,Lloyd Kelly,Defender,NEW,0.01,0.00
2444480,Livramento,Valentino Livramento,Defender,NEW,0.01,0.00
2444480,Lewis Hall,Lewis Hall,Defender,NEW,0.10,0.00
2444481,Trossard,Leandro Trossard,Midfielder,ARS,0.02,0.18
2444481,Raya Martin,David Raya Martin,Goalkeeper,ARS,0.00,0.00
2444481,Partey,Thomas Partey,Midfielder,ARS,0.08,0.10
2444481,Odegaard,Martin Odegaard,Midfielder,ARS,0.60,0.26
2444481,White (Ben),Ben White,Defender,ARS,0.02,0.00
2444481,Nelson (Reiss),Reiss Nelson,Midfielder,ARS,0.00,0.00
2444481,Rice,Declan Rice,Midfielder,ARS,0.11,0.07
2444481,Havertz,Kai Havertz,Forward,ARS,0.03,0.21
2444481,Saka,Bukayo Saka,Midfielder,ARS,0.10,0.05
2444481,Gabriel Magalhães,Gabriel dos Santos Magalhães,Defender,ARS,0.02,0.00
2444481,Martinelli,Gabriel Teodoro Martinelli Silva,Midfielder,ARS,0.41,0.00
2444481,Jurriën Timber,Jurriën Timber,Defender,ARS,0.01,0.00
2444481,Saliba,William Saliba,Defender,ARS,0.01,0.00
2444481,Calafiori,Riccardo Calafiori,Defender,ARS,0.00,0.00
2444481,Barkley,Ross Barkley,Midfielder,AVL,0.01,0.02
2444481,Martinez,Emiliano Martinez,Goalkeeper,AVL,0.00,0.00
2444481,Digne,Lucas Digne,Defender,AVL,0.03,0.00
2444481,McGinn,John McGinn,Midfielder,AVL,0.01,0.00
2444481,Tielemans,Youri Tielemans,Midfielder,AVL,0.04,0.00
2444481,Watkins,Ollie Watkins,Forward,AVL,0.00,0.87
2444481,Cash,Matthew Cash,Defender,AVL,0.00,0.00
2444481,Konsa Ngoyo,Ezri Konsa Ngoyo,Defender,AVL,0.01,0.00
2444481,Bailey,Leon Bailey,Midfielder,AVL,0.02,0.04
2444481,Ramsey (Jacob),Jacob Ramsey,Midfielder,AVL,0.01,0.03
2444481,Rogers,Morgan Rogers,Midfielder,AVL,0.07,0.11
2444481,Torres,Pau Torres,Defender,AVL,0.01,0.00
2444481,Maatsen,Ian Maatsen,Defender,AVL,0.09,0.00
2444481,Mvom Onana,Amadou Mvom Onana,Midfielder,AVL,0.01,0.11
2444481,Durán,Jhon Durán,Forward,AVL,0.14,0.10
2444481,Nedeljkovic,Kosta Nedeljkovic,Defender,AVL,0.01,0.00
2444482,Milner,James Milner,Midfielder,BHA,0.04,0.16
2444482,Steele,Jason Steele,Goalkeeper,BHA,0.00,0.00
2444482,Welbeck,Danny Welbeck,Forward,BHA,0.02,1.11
2444482,Dunk,Lewis Dunk,Defender,BHA,0.01,0.00
2444482,Veltman,Joël Veltman,Defender,BHA,0.45,0.00
2444482,Gilmour,Billy Gilmour,Midfielder,BHA,0.04,0.08
2444482,Mitoma,Kaoru Mitoma,Midfielder,BHA,0.58,0.00
2444482,Rutter,Georginio Rutter,Midfielder,BHA,0.01,0.00
2444482,van Hecke,Jan-Paul van Hecke,Defender,BHA,0.02,0.00
2444482,Enciso,Julio Enciso,Midfielder,BHA,0.00,0.03
2444482,João Pedro,João Pedro Junqueira de Jesus,Forward,BHA,0.12,0.53
2444482,Ayari,Yasin Ayari,Midfielder,BHA,0.03,0.02
2444482,Hinshelwood,Jack Hinshelwood,Midfielder,BHA,0.19,0.00
2444482,Baleba,Carlos Baleba,Midfielder,BHA,0.00,0.00
2444482,Adingra,Simon Adingra,Midfielder,BHA,0.56,0.09
2444482,Minteh,Yankuba Minteh,Midfielder,BHA,0.24,0.08
2444482,Casemiro,Carlos Henrique Jose Francisco Venancio,Midfielder,MUN,0.02,0.10
2444482,Maguire,Harry Maguire,Defender,MUN,0.00,0.04
2444482,Bruno Fernandes,Bruno Miguel Borges Fernandes,Midfielder,MUN,0.73,0.07
2444482,Rashford,Marcus Rashford,Midfielder,MUN,0.01,0.00
2444482,Mount,Mason Mount,Midfielder,MUN,0.00,0.09
2444482,McTominay,Scott McTominay,Midfielder,MUN,0.00,0.07
2444482,Onana,André Onana,Goalkeeper,MUN,0.00,0.00
2444482,de Ligt,Matthijs de Ligt,Defender,MUN,0.00,0.00
2444482,Dalot,José Diogo Dalot Teixeira,Defender,MUN,0.05,0.02
2444482,Martínez,Lisandro Martínez,Defender,MUN,0.19,0.00
2444482,Mazraoui,Noussair Mazraoui,Defender,MUN,0.02,0.00
2444482,Zirkzee,Joshua Zirkzee,Forward,MUN,0.03,0.00
2444482,Antony,Antony Matheus dos Santos,Midfielder,MUN,0.05,0.00
2444482,Garnacho,Alejandro Garnacho Ferreyra,Midfielder,MUN,0.06,0.71
2444482,Amad Diallo,Amad Diallo Traore,Midfielder,MUN,0.11,0.33
2444482,Mainoo,Kobbie Mainoo,Midfielder,MUN,0.01,0.00
2444483,Schlupp,Jeffrey Schlupp,Midfielder,CRY,0.00,0.00
2444483,Lerma,Jefferson Lerma,Midfielder,CRY,0.01,0.02
2444483,Henderson,Dean Henderson,Goalkeeper,CRY,0.00,0.00
2444483,Edouard,Odsonne Edouard,Forward,CRY,0.01,0.34
2444483,Marc Guehi,Addji Keaninkin Marc-Israel Guehi,Defender,CRY,0.02,0.00
2444483,Kamada,Daichi Kamada,Midfielder,CRY,0.03,0.00
2444483,Mateta,Jean-Philippe Mateta,Forward,CRY,0.23,0.30
2444483,Ismaila Sarr,Ismaila Sarr,Midfielder,CRY,0.17,0.10
2444483,Eze,Eberechi Eze,Midfielder,CRY,0.17,0.45
2444483,Mitchell,Tyrick Mitchell,Defender,CRY,0.08,0.00
2444483,Muñoz,Daniel Muñoz,Defender,CRY,0.02,0.00
2444483,Richards (Chris),Chris Richards,Defender,CRY,0.00,0.12
2444483,Wharton,Adam Wharton,Midfielder,CRY,0.17,0.02
2444483,Riad,Chadi Riad,Defender,CRY,0.02,0.00
2444483,Cresswell,Aaron Cresswell,Defender,WHU,0.00,0.00
2444483,Antonio,Michail Antonio,Forward,WHU,0.01,0.56
2444483,Areola,Alphonse Areola,Goalkeeper,WHU,0.00,0.00
2444483,Füllkrug,Niclas Füllkrug,Forward,WHU,0.00,0.25
2444483,Emerson,Emerson Palmieri dos Santos,Defender,WHU,0.01,0.00
2444483,Coufal,Vladimir Coufal,Defender,WHU,0.00,0.02
2444483,Bowen,Jarrod Bowen,Midfielder,WHU,0.25,0.10
2444483,Rodríguez,Guido Rodríguez,Midfielder,WHU,0.00,0.02
2444483,Álvarez (Edson),Edson Álvarez,Midfielder,WHU,0.21,0.01
2444483,Kilman,Max Kilman,Defender,WHU,0.01,0.06
2444483,Wan-Bissaka,Aaron Wan-Bissaka,Defender,WHU,0.00,0.00
2444483,Soucek,Tomas Soucek,Midfielder,WHU,0.10,0.15
2444483,Lucas Paquetá,Lucas Tolentino Coelho de Lima,Midfielder,WHU,0.02,0.13
2444483,Mavropanos,Konstantinos Mavropanos,Defender,WHU,0.00,0.00
2444483,Kudus,Mohammed Kudus,Midfielder,WHU,0.16,0.08
2444483,Todibo,Jean-Clair Todibo,Defender,WHU,0.00,0.00
2444484,Cairney,Tom Cairney,Midfielder,FUL,0.00,0.00
2444484,Leno,Bernd Leno,Goalkeeper,FUL,0.00,0.00
2444484,Raúl Jiménez,Raul Alonso Jimenez Rodriguez,Forward,FUL,0.00,0.00
2444484,Iwobi,Alex Iwobi,Midfielder,FUL,0.05,0.21
2444484,Reed,Harrison Reed,Midfielder,FUL,0.01,0.00
2444484,Wilson (Harry),Harry Wilson,Midfielder,FUL,0.01,0.00
2444484,Pereira,Andreas Pereira,Midfielder,FUL,0.37,0.06
2444484,Traoré (Adama),Adama Traoré,Midfielder,FUL,0.50,0.21
2444484,Tete,Kenny Tete,Defender,FUL,0.02,0.19
2444484,Robinson (Antonee),Antonee Robinson,Defender,FUL,0.11,0.00
2444484,Smith-Rowe,Emile Smith-Rowe,Midfielder,FUL,0.03,0.53
2444484,Lukic,Sasa Lukic,Midfielder,FUL,0.03,0.00
2444484,Diop,Issa Diop,Defender,FUL,0.01,0.00
2444484,Bassey,Calvin Bassey,Defender,FUL,0.00,0.00
2444484,Rodrigo Muniz,Rodrigo Muniz Carvalho,Forward,FUL,0.01,0.58
2444484,Ayew,Jordan Ayew,Midfielder,LEI,0.04,0.09
2444484,Vestergaard,Jannik Vestergaard,Defender,LEI,0.00,0.01
2444484,DeCordova-Reid,Bobby DeCordova-Reid,Midfielder,LEI,0.03,0.02
2444484,Vardy,Jamie Vardy,Forward,LEI,0.00,0.00
2444484,Mavididi,Stephy Mavididi,Midfielder,LEI,0.00,0.00
2444484,Winks,Harry Winks,Midfielder,LEI,0.09,0.00
2444484,Ndidi,Onyinye Wilfred Ndidi,Midfielder,LEI,0.01,0.09
2444484,Skipp,Oliver Skipp,Midfielder,LEI,0.00,0.00
2444484,Faes,Wout Faes,Defender,LEI,0.00,0.33
2444484,Justin,James Justin,Defender,LEI,0.00,0.00
2444484,McAteer,Kasey McAteer,Midfielder,LEI,0.00,0.00
2444484,Hermansen,Mads Hermansen,Goalkeeper,LEI,0.00,0.00
2444484,Kristiansen,Victor Kristiansen,Defender,LEI,0.00,0.00
2444484,Fatawu,Abdul Fatawu Issahaku,Midfielder,LEI,0.00,0.06
2444484,Buonanotte,Facundo Buonanotte,Midfielder,LEI,0.19,0.00
2444485,Flekken,Mark Flekken,Goalkeeper,BRE,0.00,0.00
2444485,Norgaard,Christian Norgaard,Midfielder,BRE,0.01,0.22
2444485,Ajer,Kristoffer Ajer,Defender,BRE,0.02,0.00
2444485,Janelt,Vitaly Janelt,Midfielder,BRE,0.01,0.00
2444485,Jensen,Mathias Jensen,Midfielder,BRE,0.13,0.03
2444485,Wissa,Yoane Wissa,Forward,BRE,0.00,0.00
2444485,Roerslev,Mads Roerslev,Defender,BRE,0.00,0.01
2444485,Pinnock,Ethan Pinnock,Defender,BRE,0.00,0.00
2444485,Carvalho,Fabio Carvalho,Midfielder,BRE,0.01,0.00
2444485,Lewis-Potter,Keane Lewis-Potter,Midfielder,BRE,0.02,0.07
2444485,Onyeka,Frank Onyeka,Midfielder,BRE,0.02,0.00
2444485,Collins,Nathan Collins,Defender,BRE,0.00,0.20
2444485,Damsgaard,Mikkel Damsgaard,Midfielder,BRE,0.00,0.00
2444485,Mbeumo,Bryan Mbeumo,Midfielder,BRE,0.17,0.03
2444485,Schade,Kevin Schade,Midfielder,BRE,0.00,0.00
2444485,van Dijk,Virgil van Dijk,Defender,LIV,0.01,0.02
2444485,Alisson,Alisson Ramses Becker,Goalkeeper,LIV,0.00,0.00
2444485,Salah,Mohamed Salah,Midfielder,LIV,0.30,0.55
2444485,Robertson,Andrew Robertson,Defender,LIV,0.19,0.34
2444485,Endo,Wataru Endo,Midfielder,LIV,0.00,0.00
2444485,Alexander-Arnold,Trent Alexander-Arnold,Defender,LIV,0.49,0.11
2444485,Diogo Jota,Diogo José Teixeira da Silva,Midfielder,LIV,0.07,0.61
2444485,Konaté,Ibrahima Konaté,Defender,LIV,0.02,0.18
2444485,Mac Allister,Alexis Mac Allister,Midfielder,LIV,0.04,0.00
2444485,Gakpo,Cody Gakpo,Forward,LIV,0.01,0.03
2444485,Díaz,Luis Díaz,Midfielder,LIV,0.17,0.73
2444485,Szoboszlai,Dominik Szoboszlai,Midfielder,LIV,0.26,0.08
2444485,Gravenberch,Ryan Gravenberch,Midfielder,LIV,0.05,0.00
2444485,Elliott,Harvey Elliott,Midfielder,LIV,0.02,0.00
2444485,Núñez,Darwin Núñez,Forward,LIV,0.00,0.00
2444485,Bradley,Conor Bradley,Defender,LIV,0.01,0.00
2444486,Morsy,Sam Morsy,Midfielder,IPS,0.00,0.00
2444486,Luongo,Massimo Luongo,Midfielder,IPS,0.00,0.00
2444486,Harness,Marcus Harness,Midfielder,IPS,0.02,0.00
2444486,Szmodics,Sammie Szmodics,Midfielder,IPS,0.00,0.29
2444486,Tuanzebe,Axel Tuanzebe,Defender,IPS,0.00,0.00
2444486,Chaplin,Conor Chaplin,Midfielder,IPS,0.00,0.00
2444486,Edmundson,George Edmundson,Defender,IPS,0.00,0.00
2444486,Woolfenden,Luke Woolfenden,Defender,IPS,0.00,0.00
2444486,Johnson (Ben),Ben Johnson,Defender,IPS,0.20,0.00
2444486,Taylor (Jack),Jack Taylor,Midfielder,IPS,0.00,0.00
2444486,Muric,Arijanet Muric,Goalkeeper,IPS,0.00,0.00
2444486,Greaves,Jacob Greaves,Defender,IPS,0.00,0.00
2444486,Davis,Leif Davis,Defender,IPS,0.10,0.00
2444486,Ali Al Hamadi,Ali Ibrahim Karim Al Hamadi,Forward,IPS,0.00,0.00
2444486,Delap,Liam Delap,Forward,IPS,0.01,0.00
2444486,Hutchinson,Omari Hutchinson,Midfielder,IPS,0.00,0.00
2444486,Gundogan,Ilkay Gundogan,Midfielder,MCI,0.05,0.00
2444486,De Bruyne,Kevin De Bruyne,Midfielder,MCI,0.65,0.81
2444486,Kovacic,Mateo Kovacic,Midfielder,MCI,0.06,0.00
2444486,Stones,John Stones,Defender,MCI,0.01,0.00
2444486,Grealish,Jack Grealish,Midfielder,MCI,0.01,0.10
2444486,Ederson,Ederson Santana de Moraes,Goalkeeper,MCI,0.00,0.00
2444486,Bernardo Silva,Bernardo Mota Veiga de Carvalho e Silva,Midfielder,MCI,0.07,0.11
2444486,Rúben Dias,Rúben Santos Gato Alves Dias,Defender,MCI,0.05,0.00
2444486,Akanji,Manuel Akanji,Defender,MCI,0.16,0.00
2444486,Haaland,Erling Haaland,Forward,MCI,0.04,1.79
2444486,Doku,Jéremy Doku,Midfielder,MCI,0.44,0.00
2444486,Mcatee,James Mcatee,Midfielder,MCI,0.02,0.00
2444486,Matheus Nunes,Matheus Luiz Nunes,Midfielder,MCI,0.00,0.00
2444486,Lewis (Rico),Rico Lewis,Defender,MCI,0.06,0.53
2444486,Gvardiol,Joško Gvardiol,Defender,MCI,0.04,0.00
2444486,Savinho,Sávio Moreira de Oliveira,Midfielder,MCI,0.20,0.00
2444487,Wood (Chris),Chris Wood,Forward,NFO,0.09,0.24
2444487,Sels,Matz Sels,Goalkeeper,NFO,0.00,0.00
2444487,Boly,Willy Boly,Defender,NFO,0.00,0.00
2444487,Aina,Ola Aina,Defender,NFO,0.09,0.00
2444487,Yates,Ryan Yates,Midfielder,NFO,0.00,0.02
2444487,Hudson-Odoi,Callum Hudson-Odoi,Midfielder,NFO,0.34,0.04
2444487,Awoniyi,Taiwo Awoniyi,Forward,NFO,0.00,0.00
2444487,Sangaré,Ibrahim Sangaré,Midfielder,NFO,0.04,0.02
2444487,Williams (Neco),Neco Williams,Defender,NFO,0.02,0.28
2444487,Anderson,Elliot Anderson,Midfielder,NFO,0.03,0.05
2444487,Gibbs-White,Morgan Gibbs-White,Midfielder,NFO,0.02,0.47
2444487,Milenkovic,Nikola Milenkovic,Defender,NFO,0.01,0.98
2444487,Nicolás Domínguez,Nicolás Domínguez,Midfielder,NFO,0.00,0.12
2444487,Elanga,Anthony Elanga,Midfielder,NFO,0.24,0.22
2444487,Jota Silva,João Pedro Ferreira da Silva,Midfielder,NFO,0.00,0.00
2444487,Murillo,Murillo Santiago Costa dos Santos,Defender,NFO,0.11,0.00
2444487,McCarthy,Alex McCarthy,Goalkeeper,SOU,0.00,0.00
2444487,Stephens,Jack Stephens,Defender,SOU,0.03,0.00
2444487,Taylor (Charlie),Charlie Taylor,Defender,SOU,0.01,0.00
2444487,Armstrong (Adam),Adam Armstrong,Forward,SOU,0.01,0.02
2444487,Walker-Peters,Kyle Walker-Peters,Defender,SOU,0.02,0.10
2444487,Bednarek,Jan Bednarek,Defender,SOU,0.01,0.00
2444487,Aribo,Joe Aribo,Midfielder,SOU,0.03,0.00
2444487,Brereton,Ben Brereton,Midfielder,SOU,0.06,0.00
2444487,Smallbone,William Smallbone,Midfielder,SOU,0.01,0.00
2444487,Sugawara,Yukinari Sugawara,Defender,SOU,0.07,0.02
2444487,Downes,Flynn Downes,Midfielder,SOU,0.06,0.00
2444487,Harwood-Bellis,Taylor Harwood-Bellis,Defender,SOU,0.01,0.00
2444487,Archer,Cameron Archer,Forward,SOU,0.02,0.00
2444487,Edozie (Samuel),Samuel Edozie,Midfielder,SOU,0.00,0.00
2444487,Dibling,Tyler Dibling,Midfielder,SOU,0.00,0.00
2444487,Mateus Fernandes,Mateus Gonçalo Espanha Fernandes,Midfielder,SOU,0.01,0.00
2444488,Tarkowski,James Tarkowski,Defender,EVE,0.19,0.23
2444488,Gueye,Idrissa Gueye,Midfielder,EVE,0.01,0.00
2444488,Keane,Michael Keane,Defender,EVE,0.01,0.00
2444488,Pickford,Jordan Pickford,Goalkeeper,EVE,0.00,0.00
2444488,Doucouré,Abdoulaye Doucouré,Midfielder,EVE,0.00,0.07
2444488,Calvert-Lewin,Dominic Calvert-Lewin,Forward,EVE,0.00,0.05
2444488,Harrison (Jack),Jack Harrison,Midfielder,EVE,0.00,0.54
2444488,Mykolenko,Vitaliy Mykolenko,Defender,EVE,0.02,0.00
2444488,McNeil,Dwight McNeil,Midfielder,EVE,0.63,0.03
2444488,Ndiaye,Iliman Ndiaye,Forward,EVE,0.02,0.04
2444488,Lindstrom,Jesper Lindstrom,Midfielder,EVE,0.01,0.04
2444488,Beto,Norberto Bercique Gomes Betuncal,Forward,EVE,0.00,0.00
2444488,Iroegbunam,Tim Iroegbunam,Midfielder,EVE,0.01,0.00
2444488,Dixon,Roman Dixon,Defender,EVE,0.00,0.00
2444488,Armstrong (Harrison),Harrison Armstrong,Midfielder,EVE,0.00,0.00
2444488,Son,Heung-Min Son,Midfielder,TOT,0.05,1.14
2444488,Maddison,James Maddison,Midfielder,TOT,0.38,0.41
2444488,Vicario,Guglielmo Vicario,Goalkeeper,TOT,0.00,0.00
2444488,Richarlison,Richarlison de Andrade,Forward,TOT,0.00,0.00
2444488,Romero,Cristian Romero,Defender,TOT,0.30,0.53
2444488,Bissouma,Yves Bissouma,Midfielder,TOT,0.04,0.10
2444488,Spence,Djed Spence,Defender,TOT,0.00,0.00
2444488,Johnson (Brennan),Brennan Johnson,Midfielder,TOT,0.03,0.18
2444488,Porro,Pedro Porro,Defender,TOT,0.11,0.03
2444488,Kulusevski,Dejan Kulusevski,Midfielder,TOT,0.11,0.00
2444488,Sarr (Pape),Pape Sarr,Midfielder,TOT,0.00,0.00
2444488,Destiny Udogie,Iyenoma Destiny Udogie,Defender,TOT,0.01,0.00
2444488,van de Ven,Micky van de Ven,Defender,TOT,0.04,0.00
2444488,Gray (Archie),Archie Gray,Midfielder,TOT,0.00,0.00
2444488,Odobert,Wilson Odobert,Midfielder,TOT,0.03,0.05
2444488,Bergvall,Lucas Bergvall,Midfielder,TOT,0.02,0.00
2444489,Cucurella,Marc Cucurella,Defender,CHE,0.18,0.00
2444489,Nkunku,Christopher Nkunku,Midfielder,CHE,0.02,0.00
2444489,Sanchez,Robert Sanchez,Goalkeeper,CHE,0.00,0.00
2444489,Dewsbury-Hall,Kiernan Dewsbury-Hall,Midfielder,CHE,0.00,0.00
2444489,Palmer (Cole),Cole Palmer,Midfielder,CHE,0.15,0.67
2444489,Neto,Pedro Neto,Midfielder,CHE,0.05,0.00
2444489,Madueke,Noni Madueke,Midfielder,CHE,0.11,0.58
2444489,João Félix,João Félix Sequeira,Midfielder,CHE,0.01,0.26
2444489,Fofana (Wesley),Wesley Fofana,Defender,CHE,0.00,0.00
2444489,Fernández,Enzo Fernández,Midfielder,CHE,0.04,0.00
2444489,Colwill,Levi Colwill,Defender,CHE,0.00,0.00
2444489,Mudryk,Mykhailo Mudryk,Midfielder,CHE,0.01,0.00
2444489,Gusto,Malo Gusto,Defender,CHE,0.03,0.00
2444489,Moises Caicedo,Moises Caicedo,Midfielder,CHE,0.02,0.00
2444489,Jackson (Nicolas),Nicolas Jackson,Forward,CHE,0.01,0.17
2444489,Renato Veiga,Renato da Palma Veiga,Midfielder,CHE,0.00,0.00
2444489,Dawson,Craig Dawson,Defender,WOL,0.00,0.00
2444489,Doherty,Matt Doherty,Defender,WOL,0.06,0.00
2444489,Sarabia,Pablo Sarabia,Midfielder,WOL,0.01,0.02
2444489,José Sá,José Pedro Malheiro de Sá,Goalkeeper,WOL,0.01,0.00
2444489,Lemina (Mario),Mario Lemina,Midfielder,WOL,0.28,0.05
2444489,Hwang Hee-Chan,Hee-Chan Hwang,Midfielder,WOL,0.01,0.00
2444489,Podence,Daniel Podence,Midfielder,WOL,0.01,0.00
2444489,Doyle (Tommy),Tommy Doyle,Midfielder,WOL,0.00,0.00
2444489,Bellegarde,Jean-Ricner Bellegarde,Midfielder,WOL,0.01,0.00
2444489,Strand Larsen,Jørgen Strand Larsen,Forward,WOL,0.16,0.62
2444489,Matheus Cunha,Matheus Santos Carneiro Da Cunha,Forward,WOL,0.20,0.93
2444489,João Gomes,João Victor Gomes da Silva,Midfielder,WOL,0.02,0.02
2444489,Ait Nouri,Rayan Ait Nouri,Defender,WOL,0.16,0.06
2444489,Rodrigo Gomes,Rodrigo Martins Gomes,Midfielder,WOL,0.00,0.01
2444489,Mosquera,Yerson Mosquera,Defender,WOL,0.00,0.25
2444489,Toti,Toti António Gomes,Defender,WOL,0.22,0.00
2444490,Trossard,Leandro Trossard,Midfielder,ARS,0.08,0.03
2444490,Raya Martin,David Raya Martin,Goalkeeper,ARS,0.01,0.00
2444490,Partey,Thomas Partey,Midfielder,ARS,0.00,0.00
2444490,Odegaard,Martin Odegaard,Midfielder,ARS,0.08,0.18
2444490,White (Ben),Ben White,Defender,ARS,0.00,0.04
2444490,Rice,Declan Rice,Midfielder,ARS,0.03,0.03
2444490,Zinchenko,Oleksandr Zinchenko,Defender,ARS,0.00,0.00
2444490,Havertz,Kai Havertz,Forward,ARS,0.05,0.82
2444490,Saka,Bukayo Saka,Midfielder,ARS,0.20,0.98
2444490,Gabriel Magalhães,Gabriel dos Santos Magalhães,Defender,ARS,0.01,0.12
2444490,Martinelli,Gabriel Teodoro Martinelli Silva,Midfielder,ARS,0.00,0.00
2444490,Jurriën Timber,Jurriën Timber,Defender,ARS,0.02,0.00
2444490,Saliba,William Saliba,Defender,ARS,0.01,0.00
2444490,Calafiori,Riccardo Calafiori,Defender,ARS,0.00,0.00
2444490,Milner,James Milner,Midfielder,BHA,0.00,0.00
2444490,Welbeck,Danny Welbeck,Forward,BHA,0.01,0.10
2444490,Dunk,Lewis Dunk,Defender,BHA,0.23,0.00
2444490,Veltman,Joël Veltman,Defender,BHA,0.01,0.05
2444490,Estupiñán,Pervis Estupiñán,Defender,BHA,0.07,0.04
2444490,Mitoma,Kaoru Mitoma,Midfielder,BHA,0.14,0.04
2444490,Rutter,Georginio Rutter,Midfielder,BHA,0.00,0.14
2444490,van Hecke,Jan-Paul van Hecke,Defender,BHA,0.04,0.05
2444490,Enciso,Julio Enciso,Midfielder,BHA,0.11,0.00
2444490,João Pedro,João Pedro Junqueira de Jesus,Forward,BHA,0.12,0.26
2444490,Verbruggen,Bart Verbruggen,Goalkeeper,BHA,0.00,0.00
2444490,Ayari,Yasin Ayari,Midfielder,BHA,0.06,0.41
2444490,Hinshelwood,Jack Hinshelwood,Midfielder,BHA,0.14,0.21
2444490,Baleba,Carlos Baleba,Midfielder,BHA,0.03,0.18
2444490,Adingra,Simon Adingra,Midfielder,BHA,0.01,0.00
2444490,Minteh,Yankuba Minteh,Midfielder,BHA,0.01,0.37
2444491,Flekken,Mark Flekken,Goalkeeper,BRE,0.00,0.00
2444491,Norgaard,Christian Norgaard,Midfielder,BRE,0.01,0.27
2444491,Ajer,Kristoffer Ajer,Defender,BRE,0.00,0.00
2444491,Janelt,Vitaly Janelt,Midfielder,BRE,0.11,0.00
2444491,Jensen,Mathias Jensen,Midfielder,BRE,0.30,0.08
2444491,Wissa,Yoane Wissa,Forward,BRE,0.25,1.09
2444491,Roerslev,Mads Roerslev,Defender,BRE,0.18,0.00
2444491,Pinnock,Ethan Pinnock,Defender,BRE,0.01,0.00
2444491,Carvalho,Fabio Carvalho,Midfielder,BRE,0.00,0.08
2444491,Lewis-Potter,Keane Lewis-Potter,Midfielder,BRE,0.01,0.00
2444491,Collins,Nathan Collins,Defender,BRE,0.00,0.02
2444491,Damsgaard,Mikkel Damsgaard,Midfielder,BRE,0.13,0.23
2444491,van den Berg,Sepp van den Berg,Defender,BRE,0.01,0.00
2444491,Mbeumo,Bryan Mbeumo,Midfielder,BRE,0.34,0.81
2444491,Schade,Kevin Schade,Midfielder,BRE,0.00,0.23
2444491,Lallana,Adam Lallana,Midfielder,SOU,0.06,0.07
2444491,Stephens,Jack Stephens,Defender,SOU,0.02,0.23
2444491,Armstrong (Adam),Adam Armstrong,Forward,SOU,0.05,0.05
2444491,Walker-Peters,Kyle Walker-Peters,Defender,SOU,0.04,0.04
2444491,Bednarek,Jan Bednarek,Defender,SOU,0.02,0.00
2444491,Aribo,Joe Aribo,Midfielder,SOU,0.02,0.48
2444491,Brereton,Ben Brereton,Midfielder,SOU,0.03,0.20
2444491,Smallbone,William Smallbone,Midfielder,SOU,0.28,0.00
2444491,Sugawara,Yukinari Sugawara,Defender,SOU,0.33,0.18
2444491,Downes,Flynn Downes,Midfielder,SOU,0.33,0.09
2444491,Ramsdale,Aaron Ramsdale,Goalkeeper,SOU,0.00,0.00
2444491,Harwood-Bellis,Taylor Harwood-Bellis,Defender,SOU,0.04,0.00
2444491,Archer,Cameron Archer,Forward,SOU,0.00,0.00
2444491,Dibling,Tyler Dibling,Midfielder,SOU,0.17,0.05
2444491,Mateus Fernandes,Mateus Gonçalo Espanha Fernandes,Midfielder,SOU,0.06,0.18
2444492,Cucurella,Marc Cucurella,Defender,CHE,0.01,0.00
2444492,Nkunku,Christopher Nkunku,Midfielder,CHE,0.02,0.00
2444492,Sanchez,Robert Sanchez,Goalkeeper,CHE,0.00,0.00
2444492,Palmer (Cole),Cole Palmer,Midfielder,CHE,0.59,0.10
2444492,Neto,Pedro Neto,Midfielder,CHE,0.02,0.00
2444492,Madueke,Noni Madueke,Midfielder,CHE,0.04,0.48
2444492,João Félix,João Félix Sequeira,Midfielder,CHE,0.01,0.02
2444492,Fofana (Wesley),Wesley Fofana,Defender,CHE,0.06,0.00
2444492,Fernández,Enzo Fernández,Midfielder,CHE,0.08,0.00
2444492,Colwill,Levi Colwill,Defender,CHE,0.01,0.16
2444492,Mudryk,Mykhailo Mudryk,Midfielder,CHE,0.15,0.00
2444492,Gusto,Malo Gusto,Defender,CHE,0.01,0.03
2444492,Moises Caicedo,Moises Caicedo,Midfielder,CHE,0.03,0.00
2444492,Jackson (Nicolas),Nicolas Jackson,Forward,CHE,0.00,1.58
2444492,Clyne,Nathaniel Clyne,Defender,CRY,0.00,0.00
2444492,Schlupp,Jeffrey Schlupp,Midfielder,CRY,0.00,0.00
2444492,Hughes,Will Hughes,Midfielder,CRY,0.01,0.00
2444492,Henderson,Dean Henderson,Goalkeeper,CRY,0.00,0.00
2444492,Marc Guehi,Addji Keaninkin Marc-Israel Guehi,Defender,CRY,0.02,0.00
2444492,Kamada,Daichi Kamada,Midfielder,CRY,0.03,0.14
2444492,Mateta,Jean-Philippe Mateta,Forward,CRY,0.00,0.04
2444492,Ismaila Sarr,Ismaila Sarr,Midfielder,CRY,0.45,0.00
2444492,Eze,Eberechi Eze,Midfielder,CRY,0.06,0.23
2444492,Mitchell,Tyrick Mitchell,Defender,CRY,0.00,0.09
2444492,Muñoz,Daniel Muñoz,Defender,CRY,0.26,0.00
2444492,Richards (Chris),Chris Richards,Defender,CRY,0.00,0.00
2444492,Doucoure,Cheick Oumar Doucoure,Midfielder,CRY,0.00,0.02
2444492,Wharton,Adam Wharton,Midfielder,CRY,0.04,0.02
2444493,Smith,Adam Smith,Defender,BOU,0.00,0.00
2444493,Kepa,Kepa Arrizabalaga Revuelta,Goalkeeper,BOU,0.00,0.00
2444493,Cook,Lewis Cook,Midfielder,BOU,0.02,0.19
2444493,Christie,Ryan Christie,Midfielder,BOU,0.02,0.00
2444493,Tavernier,Marcus Tavernier,Midfielder,BOU,0.22,0.67
2444493,Senesi,Marcos Senesi,Defender,BOU,0.05,0.00
2444493,Kluivert,Justin Kluivert,Midfielder,BOU,0.27,0.10
2444493,Sinisterra,Luis Sinisterra,Midfielder,BOU,0.24,0.37
2444493,Araujo,Julian Araujo,Defender,BOU,0.01,0.00
2444493,Semenyo,Antoine Semenyo,Midfielder,BOU,0.03,0.65
2444493,Evanilson,Francisco Evanilson de Lima Barbosa,Forward,BOU,0.07,0.20
2444493,Zabarnyi,Illia Zabarnyi,Defender,BOU,0.00,0.19
2444493,Scott,Alex Scott,Midfielder,BOU,0.01,0.00
2444493,Dango Ouattara,Dango Ouattara,Midfielder,BOU,0.78,0.00
2444493,Kerkez,Milos Kerkez,Defender,BOU,0.06,0.01
2444493,Huijsen,Dean Huijsen,Defender,BOU,0.00,0.00
2444493,Tarkowski,James Tarkowski,Defender,EVE,0.01,0.13
2444493,Coleman,Seamus Coleman,Defender,EVE,0.01,0.57
2444493,Gueye,Idrissa Gueye,Midfielder,EVE,0.06,0.11
2444493,Keane,Michael Keane,Defender,EVE,0.00,0.23
2444493,Pickford,Jordan Pickford,Goalkeeper,EVE,0.00,0.00
2444493,Doucouré,Abdoulaye Doucouré,Midfielder,EVE,0.01,0.00
2444493,Calvert-Lewin,Dominic Calvert-Lewin,Forward,EVE,0.40,0.40
2444493,Harrison (Jack),Jack Harrison,Midfielder,EVE,0.16,0.12
2444493,Mykolenko,Vitaliy Mykolenko,Defender,EVE,0.04,0.00
2444493,McNeil,Dwight McNeil,Midfielder,EVE,0.75,0.10
2444493,Ndiaye,Iliman Ndiaye,Forward,EVE,0.04,0.27
2444493,Beto,Norberto Bercique Gomes Betuncal,Forward,EVE,0.00,0.00
2444493,Iroegbunam,Tim Iroegbunam,Midfielder,EVE,0.06,0.08
2444494,Cairney,Tom Cairney,Midfielder,FUL,0.00,0.00
2444494,Leno,Bernd Leno,Goalkeeper,FUL,0.00,0.00
2444494,Raúl Jiménez,Raul Alonso Jimenez Rodriguez,Forward,FUL,0.00,0.04
2444494,Iwobi,Alex Iwobi,Midfielder,FUL,0.14,0.03
2444494,Reed,Harrison Reed,Midfielder,FUL,0.00,0.00
2444494,Wilson (Harry),Harry Wilson,Midfielder,FUL,0.00,0.00
2444494,Pereira,Andreas Pereira,Midfielder,FUL,0.48,0.00
2444494,Traoré (Adama),Adama Traoré,Midfielder,FUL,0.25,0.15
2444494,Tete,Kenny Tete,Defender,FUL,0.01,0.04
2444494,Robinson (Antonee),Antonee Robinson,Defender,FUL,0.06,0.00
2444494,Berge,Sander Berge,Midfielder,FUL,0.00,0.00
2444494,Smith-Rowe,Emile Smith-Rowe,Midfielder,FUL,0.01,0.17
2444494,Lukic,Sasa Lukic,Midfielder,FUL,0.02,0.00
2444494,Diop,Issa Diop,Defender,FUL,0.01,0.17
2444494,Bassey,Calvin Bassey,Defender,FUL,0.00,0.00
2444494,Rodrigo Muniz,Rodrigo Muniz Carvalho,Forward,FUL,0.01,0.34
2444494,Morsy,Sam Morsy,Midfielder,IPS,0.12,0.00
2444494,Phillips (Kalvin),Kalvin Phillips,Midfielder,IPS,0.01,0.00
2444494,Szmodics,Sammie Szmodics,Midfielder,IPS,0.01,0.00
2444494,Tuanzebe,Axel Tuanzebe,Defender,IPS,0.02,0.00
2444494,Chaplin,Conor Chaplin,Midfielder,IPS,0.01,0.00
2444494,Woolfenden,Luke Woolfenden,Defender,IPS,0.00,0.03
2444494,Ogbene,Chiedozie Ogbene,Midfielder,IPS,0.01,0.00
2444494,Muric,Arijanet Muric,Goalkeeper,IPS,0.00,0.00
2444494,Clarke (Jack),Jack Clarke,Midfielder,IPS,0.00,0.08
2444494,Greaves,Jacob Greaves,Defender,IPS,0.00,0.02
2444494,Cajuste,Jens Cajuste,Midfielder,IPS,0.00,0.00
2444494,Davis,Leif Davis,Defender,IPS,0.21,0.05
2444494,Ali Al Hamadi,Ali Ibrahim Karim Al Hamadi,Forward,IPS,0.02,0.00
2444494,Delap,Liam Delap,Forward,IPS,0.00,0.21
2444494,Hutchinson,Omari Hutchinson,Midfielder,IPS,0.02,0.05
2444495,Barkley,Ross Barkley,Midfielder,AVL,0.05,0.00
2444495,Martinez,Emiliano Martinez,Goalkeeper,AVL,0.00,0.00
2444495,Digne,Lucas Digne,Defender,AVL,0.10,0.00
2444495,McGinn,John McGinn,Midfielder,AVL,0.01,0.09
2444495,Tielemans,Youri Tielemans,Midfielder,AVL,0.30,0.00
2444495,Watkins,Ollie Watkins,Forward,AVL,0.01,0.71
2444495,Konsa Ngoyo,Ezri Konsa Ngoyo,Defender,AVL,0.00,0.00
2444495,Bailey,Leon Bailey,Midfielder,AVL,0.01,0.00
2444495,Ramsey (Jacob),Jacob Ramsey,Midfielder,AVL,0.55,0.06
2444495,Rogers,Morgan Rogers,Midfielder,AVL,0.20,0.00
2444495,Torres,Pau Torres,Defender,AVL,0.00,0.00
2444495,Maatsen,Ian Maatsen,Defender,AVL,0.00,0.01
2444495,Mvom Onana,Amadou Mvom Onana,Midfielder,AVL,0.03,0.45
2444495,Durán,Jhon Durán,Forward,AVL,0.00,0.23
2444495,Bogarde,Lamar Bogarde,Defender,AVL,0.00,0.00
2444495,Nedeljkovic,Kosta Nedeljkovic,Defender,AVL,0.01,0.00
2444495,Ayew,Jordan Ayew,Midfielder,LEI,0.04,0.04
2444495,DeCordova-Reid,Bobby DeCordova-Reid,Midfielder,LEI,0.00,0.00
2444495,Vardy,Jamie Vardy,Forward,LEI,0.02,0.00
2444495,Mavididi,Stephy Mavididi,Midfielder,LEI,0.56,0.00
2444495,Winks,Harry Winks,Midfielder,LEI,0.13,0.00
2444495,Ndidi,Onyinye Wilfred Ndidi,Midfielder,LEI,0.01,0.00
2444495,Skipp,Oliver Skipp,Midfielder,LEI,0.02,0.05
2444495,Faes,Wout Faes,Defender,LEI,0.01,0.00
2444495,Justin,James Justin,Defender,LEI,0.01,0.08
2444495,McAteer,Kasey McAteer,Midfielder,LEI,0.00,0.00
2444495,Hermansen,Mads Hermansen,Goalkeeper,LEI,0.00,0.00
2444495,Okoli,Caleb Okoli,Defender,LEI,0.01,0.04
2444495,Kristiansen,Victor Kristiansen,Defender,LEI,0.13,0.00
2444495,El Khannouss,Bilal El Khannouss,Midfielder,LEI,0.01,0.03
2444495,Fatawu,Abdul Fatawu Issahaku,Midfielder,LEI,0.01,0.05
2444495,Buonanotte,Facundo Buonanotte,Midfielder,LEI,0.00,0.17
2444496,van Dijk,Virgil van Dijk,Defender,LIV,0.03,0.00
2444496,Alisson,Alisson Ramses Becker,Goalkeeper,LIV,0.00,0.00
2444496,Salah,Mohamed Salah,Midfielder,LIV,0.63,0.58
2444496,Robertson,Andrew Robertson,Defender,LIV,0.07,0.00
2444496,Alexander-Arnold,Trent Alexander-Arnold,Defender,LIV,0.01,0.00
2444496,Diogo Jota,Diogo José Teixeira da Silva,Midfielder,LIV,0.01,0.04
2444496,Konaté,Ibrahima Konaté,Defender,LIV,0.00,0.04
2444496,Tsimikas,Konstantinos Tsimikas,Defender,LIV,0.00,0.00
2444496,Mac Allister,Alexis Mac Allister,Midfielder,LIV,0.04,0.00
2444496,Gakpo,Cody Gakpo,Forward,LIV,0.00,0.34
2444496,Díaz,Luis Díaz,Midfielder,LIV,0.01,0.61
2444496,Szoboszlai,Dominik Szoboszlai,Midfielder,LIV,0.14,0.03
2444496,Gravenberch,Ryan Gravenberch,Midfielder,LIV,0.07,0.00
2444496,Núñez,Darwin Núñez,Forward,LIV,0.00,0.15
2444496,Bradley,Conor Bradley,Defender,LIV,0.11,0.00
2444496,Casemiro,Carlos Henrique Jose Francisco Venancio,Midfielder,MUN,0.00,0.00
2444496,Eriksen,Christian Eriksen,Midfielder,MUN,0.01,0.00
2444496,Maguire,Harry Maguire,Defender,MUN,0.00,0.00
2444496,Bruno Fernandes,Bruno Miguel Borges Fernandes,Midfielder,MUN,0.07,0.02
2444496,Rashford,Marcus Rashford,Midfielder,MUN,0.59,0.00
2444496,Onana,André Onana,Goalkeeper,MUN,0.00,0.00
2444496,de Ligt,Matthijs de Ligt,Defender,MUN,0.00,0.00
2444496,Dalot,José Diogo Dalot Teixeira,Defender,MUN,0.02,0.00
2444496,Martínez,Lisandro Martínez,Defender,MUN,0.01,0.34
2444496,Mazraoui,Noussair Mazraoui,Defender,MUN,0.02,0.08
2444496,Zirkzee,Joshua Zirkzee,Forward,MUN,0.02,0.88
2444496,Collyer,Toby Collyer,Midfielder,MUN,0.01,0.00
2444496,Garnacho,Alejandro Garnacho Ferreyra,Midfielder,MUN,0.10,0.00
2444496,Amad Diallo,Amad Diallo Traore,Midfielder,MUN,0.13,0.03
2444496,Mainoo,Kobbie Mainoo,Midfielder,MUN,0.04,0.00
2444497,Burn,Dan Burn,Defender,NEW,0.06,0.00
2444497,Pope,Nick Pope,Goalkeeper,NEW,0.00,0.00
2444497,Krafth,Emil Krafth,Defender,NEW,0.00,0.03
2444497,Murphy (Jacob),Jacob Murphy,Midfielder,NEW,0.68,0.09
2444497,Almirón,Miguel Almirón,Midfielder,NEW,0.00,0.00
2444497,Longstaff (Sean),Sean Longstaff,Midfielder,NEW,0.00,0.00
2444497,Joelinton,Joelinton Cássio Apolinário de Lira,Midfielder,NEW,0.17,0.00
2444497,Barnes,Harvey Barnes,Midfielder,NEW,0.01,0.50
2444497,Bruno Guimarães,Bruno Guimarães Rodriguez Moura,Midfielder,NEW,0.01,0.00
2444497,Isak,Alexander Isak,Forward,NEW,0.01,1.02
2444497,Gordon (Anthony),Anthony Gordon,Midfielder,NEW,0.38,0.00
2444497,Kelly,Lloyd Kelly,Defender,NEW,0.09,0.19
2444497,Tonali,Sandro Tonali,Midfielder,NEW,0.00,0.00
2444497,Livramento,Valentino Livramento,Defender,NEW,0.00,0.00
2444497,Lewis Hall,Lewis Hall,Defender,NEW,0.00,0.00
2444497,Son,Heung-Min Son,Midfielder,TOT,0.18,0.13
2444497,Werner,Timo Werner,Midfielder,TOT,0.01,0.00
2444497,Maddison,James Maddison,Midfielder,TOT,0.07,0.08
2444497,Vicario,Guglielmo Vicario,Goalkeeper,TOT,0.00,0.00
2444497,Bentancur,Rodrigo Bentancur,Midfielder,TOT,0.02,0.00
2444497,Romero,Cristian Romero,Defender,TOT,0.02,0.00
2444497,Bissouma,Yves Bissouma,Midfielder,TOT,0.06,0.00
2444497,Johnson (Brennan),Brennan Johnson,Midfielder,TOT,0.06,0.32
2444497,Porro,Pedro Porro,Defender,TOT,0.17,0.21
2444497,Kulusevski,Dejan Kulusevski,Midfielder,TOT,0.11,0.09
2444497,Sarr (Pape),Pape Sarr,Midfielder,TOT,0.08,0.07
2444497,Destiny Udogie,Iyenoma Destiny Udogie,Defender,TOT,0.02,0.00
2444497,Dragusin,Radu Dragusin,Defender,TOT,0.01,0.02
2444497,Odobert,Wilson Odobert,Midfielder,TOT,0.03,0.34
2444497,Bergvall,Lucas Bergvall,Midfielder,TOT,0.01,0.00
2444498,Wood (Chris),Chris Wood,Forward,NFO,0.01,0.47
2444498,Sels,Matz Sels,Goalkeeper,NFO,0.00,0.00
2444498,Aina,Ola Aina,Defender,NFO,0.11,0.01
2444498,Yates,Ryan Yates,Midfielder,NFO,0.02,0.00
2444498,Hudson-Odoi,Callum Hudson-Odoi,Midfielder,NFO,0.05,0.15
2444498,Awoniyi,Taiwo Awoniyi,Forward,NFO,0.00,0.00
2444498,Sangaré,Ibrahim Sangaré,Midfielder,NFO,0.01,0.00
2444498,Williams (Neco),Neco Williams,Defender,NFO,0.03,0.12
2444498,Anderson,Elliot Anderson,Midfielder,NFO,0.07,0.05
2444498,Gibbs-White,Morgan Gibbs-White,Midfielder,NFO,0.70,0.13
2444498,Milenkovic,Nikola Milenkovic,Defender,NFO,0.01,0.00
2444498,Elanga,Anthony Elanga,Midfielder,NFO,0.07,0.02
2444498,Sosa,Ramón Sosa,Midfielder,NFO,0.06,0.09
2444498,Jota Silva,João Pedro Ferreira da Silva,Midfielder,NFO,0.00,0.00
2444498,Murillo,Murillo Santiago Costa dos Santos,Defender,NFO,0.01,0.00
2444498,Dawson,Craig Dawson,Defender,WOL,0.00,0.00
2444498,Doherty,Matt Doherty,Defender,WOL,0.00,0.00
2444498,Johnstone,Sam Johnstone,Goalkeeper,WOL,0.00,0.00
2444498,Lemina (Mario),Mario Lemina,Midfielder,WOL,0.01,0.00
2444498,Gonçalo Guedes,Gonçalo Manuel Ganchinho Guedes,Midfielder,WOL,0.00,0.00
2444498,Hwang Hee-Chan,Hee-Chan Hwang,Midfielder,WOL,0.01,0.00
2444498,Semedo,Nelson Semedo,Defender,WOL,0.04,0.00
2444498,Doyle (Tommy),Tommy Doyle,Midfielder,WOL,0.02,0.04
2444498,Bellegarde,Jean-Ricner Bellegarde,Midfielder,WOL,0.00,0.07
2444498,Strand Larsen,Jørgen Strand Larsen,Forward,WOL,0.04,0.00
2444498,Matheus Cunha,Matheus Santos Carneiro Da Cunha,Forward,WOL,0.34,0.24
2444498,João Gomes,João Victor Gomes da Silva,Midfielder,WOL,0.01,0.06
2444498,Ait Nouri,Rayan Ait Nouri,Defender,WOL,0.02,0.34
2444498,Mosquera,Yerson Mosquera,Defender,WOL,0.00,0.00
2444498,André,André Trindade da Costa Neto,Midfielder,WOL,0.00,0.00
2444498,Toti,Toti António Gomes,Defender,WOL,0.01,0.00
2444499,Walker,Kyle Walker,Defender,MCI,0.00,0.00
2444499,Gundogan,Ilkay Gundogan,Midfielder,MCI,0.14,0.00
2444499,De Bruyne,Kevin De Bruyne,Midfielder,MCI,0.64,0.27
2444499,Kovacic,Mateo Kovacic,Midfielder,MCI,0.09,0.00
2444499,Grealish,Jack Grealish,Midfielder,MCI,0.24,0.23
2444499,Ederson,Ederson Santana de Moraes,Goalkeeper,MCI,0.00,0.00
2444499,Aké,Nathan Aké,Defender,MCI,0.00,0.00
2444499,Bernardo Silva,Bernardo Mota Veiga de Carvalho e Silva,Midfielder,MCI,0.50,0.29
2444499,Rúben Dias,Rúben Santos Gato Alves Dias,Defender,MCI,0.02,0.28
2444499,Akanji,Manuel Akanji,Defender,MCI,0.04,0.00
2444499,Haaland,Erling Haaland,Forward,MCI,0.11,1.71
2444499,Doku,Jéremy Doku,Midfielder,MCI,0.23,0.05
2444499,Matheus Nunes,Matheus Luiz Nunes,Midfielder,MCI,0.17,0.00
2444499,Lewis (Rico),Rico Lewis,Defender,MCI,0.09,0.09
2444499,Gvardiol,Joško Gvardiol,Defender,MCI,0.45,0.10
2444499,Fabianski,Lukasz Fabianski,Goalkeeper,WHU,0.00,0.00
2444499,Antonio,Michail Antonio,Forward,WHU,0.00,0.11
2444499,Areola,Alphonse Areola,Goalkeeper,WHU,0.00,0.00
2444499,Füllkrug,Niclas Füllkrug,Forward,WHU,0.09,0.00
2444499,Emerson,Emerson Palmieri dos Santos,Defender,WHU,0.06,0.00
2444499,Coufal,Vladimir Coufal,Defender,WHU,0.00,0.00
2444499,Bowen,Jarrod Bowen,Midfielder,WHU,0.22,0.08
2444499,Rodríguez,Guido Rodríguez,Midfielder,WHU,0.00,0.01
2444499,Álvarez (Edson),Edson Álvarez,Midfielder,WHU,0.02,0.00
2444499,Kilman,Max Kilman,Defender,WHU,0.00,0.22
2444499,Wan-Bissaka,Aaron Wan-Bissaka,Defender,WHU,0.05,0.00
2444499,Soucek,Tomas Soucek,Midfielder,WHU,0.08,0.13
2444499,Lucas Paquetá,Lucas Tolentino Coelho de Lima,Midfielder,WHU,0.07,0.00
2444499,Mavropanos,Konstantinos Mavropanos,Defender,WHU,0.01,0.00
2444499,Summerville,Crysencio Summerville,Midfielder,WHU,0.00,0.06
2444499,Kudus,Mohammed Kudus,Midfielder,WHU,0.03,0.11
2444500,Smith,Adam Smith,Defender,BOU,0.00,0.00
2444500,Cook,Lewis Cook,Midfielder,BOU,0.01,0.03
2444500,Christie,Ryan Christie,Midfielder,BOU,0.06,0.08
2444500,Unal,Enes Unal,Forward,BOU,0.04,0.08
2444500,Billing,Philip Billing,Midfielder,BOU,0.07,0.00
2444500,Tavernier,Marcus Tavernier,Midfielder,BOU,0.26,0.10
2444500,Senesi,Marcos Senesi,Defender,BOU,0.01,0.00
2444500,Kluivert,Justin Kluivert,Midfielder,BOU,0.02,0.29
2444500,Sinisterra,Luis Sinisterra,Midfielder,BOU,0.00,0.09
2444500,Travers,Mark Travers,Goalkeeper,BOU,0.00,0.00
2444500,Araujo,Julian Araujo,Defender,BOU,0.00,0.00
2444500,Semenyo,Antoine Semenyo,Midfielder,BOU,0.03,0.10
2444500,Evanilson,Francisco Evanilson de Lima Barbosa,Forward,BOU,0.08,0.91
2444500,Zabarnyi,Illia Zabarnyi,Defender,BOU,0.01,0.00
2444500,Scott,Alex Scott,Midfielder,BOU,0.00,0.00
2444500,Kerkez,Milos Kerkez,Defender,BOU,0.00,0.07
2444500,Tosin,Oluwatosin Adarabioyo,Defender,CHE,0.00,0.00
2444500,Cucurella,Marc Cucurella,Defender,CHE,0.03,0.00
2444500,Sancho,Jadon Sancho,Midfielder,CHE,0.14,0.00
2444500,Nkunku,Christopher Nkunku,Midfielder,CHE,0.00,0.30
2444500,Sanchez,Robert Sanchez,Goalkeeper,CHE,0.00,0.00
2444500,Disasi,Axel Disasi,Defender,CHE,0.00,0.00
2444500,Palmer (Cole),Cole Palmer,Midfielder,CHE,0.03,0.00
2444500,Neto,Pedro Neto,Midfielder,CHE,0.03,0.00
2444500,Madueke,Noni Madueke,Midfielder,CHE,0.00,0.11
2444500,João Félix,João Félix Sequeira,Midfielder,CHE,0.02,0.00
2444500,Fofana (Wesley),Wesley Fofana,Defender,CHE,0.05,0.00
2444500,Colwill,Levi Colwill,Defender,CHE,0.05,0.00
2444500,Moises Caicedo,Moises Caicedo,Midfielder,CHE,0.10,0.02
2444500,Jackson (Nicolas),Nicolas Jackson,Forward,CHE,0.01,0.31
2444500,Renato Veiga,Renato da Palma Veiga,Midfielder,CHE,0.01,0.03
2444501,Barkley,Ross Barkley,Midfielder,AVL,0.04,0.03
2444501,Martinez,Emiliano Martinez,Goalkeeper,AVL,0.00,0.00
2444501,Digne,Lucas Digne,Defender,AVL,0.68,0.00
2444501,McGinn,John McGinn,Midfielder,AVL,0.32,0.09
2444501,Tielemans,Youri Tielemans,Midfielder,AVL,0.23,0.00
2444501,Watkins,Ollie Watkins,Forward,AVL,0.07,1.18
2444501,Buendía,Emiliano Buendía,Midfielder,AVL,0.01,0.00
2444501,Konsa Ngoyo,Ezri Konsa Ngoyo,Defender,AVL,0.01,0.00
2444501,Ramsey (Jacob),Jacob Ramsey,Midfielder,AVL,0.07,0.25
2444501,Rogers,Morgan Rogers,Midfielder,AVL,0.04,0.23
2444501,Torres,Pau Torres,Defender,AVL,0.04,0.00
2444501,Maatsen,Ian Maatsen,Defender,AVL,0.40,0.00
2444501,Mvom Onana,Amadou Mvom Onana,Midfielder,AVL,0.03,0.00
2444501,Durán,Jhon Durán,Forward,AVL,0.00,0.33
2444501,Philogene-Bidace,Jaden Philogene-Bidace,Midfielder,AVL,0.00,0.00
2444501,Bogarde,Lamar Bogarde,Defender,AVL,0.08,0.00
2444501,Tarkowski,James Tarkowski,Defender,EVE,0.02,0.00
2444501,Young (Ashley),Ashley Young,Defender,EVE,0.01,0.00
2444501,Gueye,Idrissa Gueye,Midfielder,EVE,0.00,0.00
2444501,Keane,Michael Keane,Defender,EVE,0.00,0.02
2444501,Pickford,Jordan Pickford,Goalkeeper,EVE,0.01,0.00
2444501,Calvert-Lewin,Dominic Calvert-Lewin,Forward,EVE,0.00,0.76
2444501,Mangala,Orel Mangala,Midfielder,EVE,0.00,0.09
2444501,Harrison (Jack),Jack Harrison,Midfielder,EVE,0.05,0.00
2444501,Mykolenko,Vitaliy Mykolenko,Defender,EVE,0.00,0.00
2444501,Garner,James Garner,Midfielder,EVE,0.05,0.00
2444501,McNeil,Dwight McNeil,Midfielder,EVE,0.72,0.02
2444501,Ndiaye,Iliman Ndiaye,Forward,EVE,0.01,0.00
2444501,Lindstrom,Jesper Lindstrom,Midfielder,EVE,0.00,0.00
2444501,Beto,Norberto Bercique Gomes Betuncal,Forward,EVE,0.00,0.00
2444501,Iroegbunam,Tim Iroegbunam,Midfielder,EVE,0.00,0.00
2444501,O'Brien (Jake),Jake O'Brien,Defender,EVE,0.00,0.00
2444502,Welbeck,Danny Welbeck,Forward,BHA,0.13,0.18
2444502,Dunk,Lewis Dunk,Defender,BHA,0.01,0.09
2444502,Veltman,Joël Veltman,Defender,BHA,0.02,0.00
2444502,Kadioglu,Ferdi Kadioglu,Defender,BHA,0.02,0.03
2444502,Mitoma,Kaoru Mitoma,Midfielder,BHA,0.02,0.65
2444502,Rutter,Georginio Rutter,Midfielder,BHA,0.10,0.40
2444502,van Hecke,Jan-Paul van Hecke,Defender,BHA,0.02,0.00
2444502,Enciso,Julio Enciso,Midfielder,BHA,0.01,0.05
2444502,Ferguson,Evan Ferguson,Forward,BHA,0.00,0.06
2444502,Verbruggen,Bart Verbruggen,Goalkeeper,BHA,0.00,0.00
2444502,Ayari,Yasin Ayari,Midfielder,BHA,0.30,0.08
2444502,Hinshelwood,Jack Hinshelwood,Midfielder,BHA,0.11,0.00
2444502,Baleba,Carlos Baleba,Midfielder,BHA,0.04,0.20
2444502,Adingra,Simon Adingra,Midfielder,BHA,0.01,0.03
2444502,Minteh,Yankuba Minteh,Midfielder,BHA,0.20,0.00
2444502,Morsy,Sam Morsy,Midfielder,IPS,0.14,0.00
2444502,Luongo,Massimo Luongo,Midfielder,IPS,0.00,0.00
2444502,Burns,Wes Burns,Midfielder,IPS,0.01,0.00
2444502,Phillips (Kalvin),Kalvin Phillips,Midfielder,IPS,0.03,0.00
2444502,Szmodics,Sammie Szmodics,Midfielder,IPS,0.00,0.00
2444502,Tuanzebe,Axel Tuanzebe,Defender,IPS,0.00,0.00
2444502,Chaplin,Conor Chaplin,Midfielder,IPS,0.00,0.00
2444502,O'Shea,Dara O'Shea,Defender,IPS,0.00,0.06
2444502,Hirst,George Hirst,Forward,IPS,0.00,0.00
2444502,Ogbene,Chiedozie Ogbene,Midfielder,IPS,0.01,0.00
2444502,Muric,Arijanet Muric,Goalkeeper,IPS,0.00,0.00
2444502,Clarke (Jack),Jack Clarke,Midfielder,IPS,0.01,0.03
2444502,Greaves,Jacob Greaves,Defender,IPS,0.00,0.00
2444502,Davis,Leif Davis,Defender,IPS,0.15,0.02
2444502,Delap,Liam Delap,Forward,IPS,0.00,0.21
2444502,Hutchinson,Omari Hutchinson,Midfielder,IPS,0.00,0.04
2444503,Clyne,Nathaniel Clyne,Defender,CRY,0.02,0.00
2444503,Schlupp,Jeffrey Schlupp,Midfielder,CRY,0.00,0.00
2444503,Hughes,Will Hughes,Midfielder,CRY,0.02,0.00
2444503,Henderson,Dean Henderson,Goalkeeper,CRY,0.00,0.00
2444503,Eddie Nketiah,Edward Nketiah,Forward,CRY,0.23,0.34
2444503,Marc Guehi,Addji Keaninkin Marc-Israel Guehi,Defender,CRY,0.04,0.00
2444503,Kamada,Daichi Kamada,Midfielder,CRY,0.01,0.09
2444503,Mateta,Jean-Philippe Mateta,Forward,CRY,0.01,1.36
2444503,Ismaila Sarr,Ismaila Sarr,Midfielder,CRY,0.00,0.08
2444503,Eze,Eberechi Eze,Midfielder,CRY,0.34,0.46
2444503,Mitchell,Tyrick Mitchell,Defender,CRY,0.66,0.04
2444503,Muñoz,Daniel Muñoz,Defender,CRY,0.02,0.15
2444503,Lacroix,Maxence Lacroix,Defender,CRY,0.04,0.00
2444503,Doucoure,Cheick Oumar Doucoure,Midfielder,CRY,0.01,0.02
2444503,Wharton,Adam Wharton,Midfielder,CRY,0.11,0.00
2444503,Ayew,Jordan Ayew,Midfielder,LEI,0.01,0.10
2444503,Coady,Conor Coady,Defender,LEI,0.00,0.00
2444503,Vardy,Jamie Vardy,Forward,LEI,0.05,0.64
2444503,Mavididi,Stephy Mavididi,Midfielder,LEI,0.01,0.41
2444503,Winks,Harry Winks,Midfielder,LEI,0.00,0.00
2444503,Choudhury,Hamza Choudhury,Midfielder,LEI,0.00,0.00
2444503,Ndidi,Onyinye Wilfred Ndidi,Midfielder,LEI,0.79,0.00
2444503,Skipp,Oliver Skipp,Midfielder,LEI,0.18,0.00
2444503,Faes,Wout Faes,Defender,LEI,0.00,0.00
2444503,Justin,James Justin,Defender,LEI,0.00,0.05
2444503,Hermansen,Mads Hermansen,Goalkeeper,LEI,0.00,0.00
2444503,Okoli,Caleb Okoli,Defender,LEI,0.00,0.02
2444503,Kristiansen,Victor Kristiansen,Defender,LEI,0.05,0.00
2444503,Fatawu,Abdul Fatawu Issahaku,Midfielder,LEI,0.00,0.01
2444504,Cairney,Tom Cairney,Midfielder,FUL,0.13,0.00
2444504,Leno,Bernd Leno,Goalkeeper,FUL,0.00,0.00
2444504,Raúl Jiménez,Raul Alonso Jimenez Rodriguez,Forward,FUL,0.04,0.26
2444504,Iwobi,Alex Iwobi,Midfielder,FUL,0.39,0.04
2444504,Reed,Harrison Reed,Midfielder,FUL,0.08,0.00
2444504,Pereira,Andreas Pereira,Midfielder,FUL,0.03,0.21
2444504,Traoré (Adama),Adama Traoré,Midfielder,FUL,0.02,0.56
2444504,Tete,Kenny Tete,Defender,FUL,0.02,0.09
2444504,Robinson (Antonee),Antonee Robinson,Defender,FUL,0.18,0.00
2444504,Andersen,Joachim Andersen,Defender,FUL,0.01,0.01
2444504,Nelson (Reiss),Reiss Nelson,Midfielder,FUL,0.01,0.08
2444504,Berge,Sander Berge,Midfielder,FUL,0.01,0.00
2444504,Smith-Rowe,Emile Smith-Rowe,Midfielder,FUL,0.66,0.22
2444504,Lukic,Sasa Lukic,Midfielder,FUL,0.00,0.00
2444504,Bassey,Calvin Bassey,Defender,FUL,0.00,0.08
2444504,Rodrigo Muniz,Rodrigo Muniz Carvalho,Forward,FUL,0.00,0.00
2444504,Antonio,Michail Antonio,Forward,WHU,0.00,0.02
2444504,Areola,Alphonse Areola,Goalkeeper,WHU,0.00,0.00
2444504,Ings,Danny Ings,Forward,WHU,0.00,0.25
2444504,Emerson,Emerson Palmieri dos Santos,Defender,WHU,0.05,0.00
2444504,Coufal,Vladimir Coufal,Defender,WHU,0.00,0.00
2444504,Bowen,Jarrod Bowen,Midfielder,WHU,0.09,0.28
2444504,Rodríguez,Guido Rodríguez,Midfielder,WHU,0.01,0.00
2444504,Álvarez (Edson),Edson Álvarez,Midfielder,WHU,0.01,0.00
2444504,Kilman,Max Kilman,Defender,WHU,0.00,0.00
2444504,Wan-Bissaka,Aaron Wan-Bissaka,Defender,WHU,0.03,0.00
2444504,Soucek,Tomas Soucek,Midfielder,WHU,0.00,0.07
2444504,Lucas Paquetá,Lucas Tolentino Coelho de Lima,Midfielder,WHU,0.07,0.02
2444504,Soler (Carlos),Carlos Soler,Midfielder,WHU,0.00,0.00
2444504,Mavropanos,Konstantinos Mavropanos,Defender,WHU,0.00,0.09
2444504,Summerville,Crysencio Summerville,Midfielder,WHU,0.01,0.00
2444504,Kudus,Mohammed Kudus,Midfielder,WHU,0.07,0.03
2444505,van Dijk,Virgil van Dijk,Defender,LIV,0.02,0.14
2444505,Alisson,Alisson Ramses Becker,Goalkeeper,LIV,0.00,0.00
2444505,Salah,Mohamed Salah,Midfielder,LIV,0.13,0.13
2444505,Robertson,Andrew Robertson,Defender,LIV,0.09,0.00
2444505,Alexander-Arnold,Trent Alexander-Arnold,Defender,LIV,0.33,0.02
2444505,Diogo Jota,Diogo José Teixeira da Silva,Midfielder,LIV,0.00,0.30
2444505,Konaté,Ibrahima Konaté,Defender,LIV,0.02,0.00
2444505,Jones,Curtis Jones,Midfielder,LIV,0.01,0.00
2444505,Tsimikas,Konstantinos Tsimikas,Defender,LIV,0.00,0.00
2444505,Mac Allister,Alexis Mac Allister,Midfielder,LIV,0.60,0.06
2444505,Gakpo,Cody Gakpo,Forward,LIV,0.00,0.00
2444505,Díaz,Luis Díaz,Midfielder,LIV,0.03,0.11
2444505,Szoboszlai,Dominik Szoboszlai,Midfielder,LIV,0.08,0.16
2444505,Gravenberch,Ryan Gravenberch,Midfielder,LIV,0.05,0.04
2444505,Núñez,Darwin Núñez,Forward,LIV,0.00,0.00
2444505,Bradley,Conor Bradley,Defender,LIV,0.01,0.00
2444505,Wood (Chris),Chris Wood,Forward,NFO,0.01,0.13
2444505,Sels,Matz Sels,Goalkeeper,NFO,0.00,0.00
2444505,Ward-Prowse,James Ward-Prowse,Midfielder,NFO,0.01,0.00
2444505,Álex Moreno,Alexandre Moreno Lopera,Defender,NFO,0.01,0.00
2444505,Aina,Ola Aina,Defender,NFO,0.01,0.00
2444505,Yates,Ryan Yates,Midfielder,NFO,0.00,0.00
2444505,Hudson-Odoi,Callum Hudson-Odoi,Midfielder,NFO,0.02,0.07
2444505,Williams (Neco),Neco Williams,Defender,NFO,0.00,0.00
2444505,Anderson,Elliot Anderson,Midfielder,NFO,0.01,0.00
2444505,Gibbs-White,Morgan Gibbs-White,Midfielder,NFO,0.05,0.02
2444505,Milenkovic,Nikola Milenkovic,Defender,NFO,0.00,0.00
2444505,Nicolás Domínguez,Nicolás Domínguez,Midfielder,NFO,0.01,0.00
2444505,Elanga,Anthony Elanga,Midfielder,NFO,0.00,0.23
2444505,Morato,Felipe Rodrigues da Silva,Defender,NFO,0.00,0.00
2444505,Jota Silva,João Pedro Ferreira da Silva,Midfielder,NFO,0.03,0.00
2444505,Murillo,Murillo Santiago Costa dos Santos,Defender,NFO,0.00,0.00
2444506,Flekken,Mark Flekken,Goalkeeper,BRE,0.01,0.00
2444506,Norgaard,Christian Norgaard,Midfielder,BRE,0.03,0.00
2444506,Ajer,Kristoffer Ajer,Defender,BRE,0.02,0.00
2444506,Janelt,Vitaly Janelt,Midfielder,BRE,0.04,0.00
2444506,Wissa,Yoane Wissa,Forward,BRE,0.00,0.34
2444506,Roerslev,Mads Roerslev,Defender,BRE,0.00,0.00
2444506,Pinnock,Ethan Pinnock,Defender,BRE,0.03,0.22
2444506,Carvalho,Fabio Carvalho,Midfielder,BRE,0.00,0.00
2444506,Lewis-Potter,Keane Lewis-Potter,Midfielder,BRE,0.03,0.02
2444506,Collins,Nathan Collins,Defender,BRE,0.01,0.14
2444506,Damsgaard,Mikkel Damsgaard,Midfielder,BRE,0.24,0.00
2444506,van den Berg,Sepp van den Berg,Defender,BRE,0.00,0.00
2444506,Mbeumo,Bryan Mbeumo,Midfielder,BRE,0.35,0.19
2444506,Yarmolyuk,Ehor Yarmolyuk,Midfielder,BRE,0.00,0.04
2444506,Schade,Kevin Schade,Midfielder,BRE,0.02,0.00
2444506,Walker,Kyle Walker,Defender,MCI,0.14,0.03
2444506,Gundogan,Ilkay Gundogan,Midfielder,MCI,0.16,0.08
2444506,De Bruyne,Kevin De Bruyne,Midfielder,MCI,0.56,0.06
2444506,Kovacic,Mateo Kovacic,Midfielder,MCI,0.04,0.00
2444506,Stones,John Stones,Defender,MCI,0.03,0.00
2444506,Grealish,Jack Grealish,Midfielder,MCI,0.15,0.15
2444506,Ederson,Ederson Santana de Moraes,Goalkeeper,MCI,0.01,0.00
2444506,Bernardo Silva,Bernardo Mota Veiga de Carvalho e Silva,Midfielder,MCI,0.00,0.00
2444506,Rúben Dias,Rúben Santos Gato Alves Dias,Defender,MCI,0.00,0.00
2444506,Akanji,Manuel Akanji,Defender,MCI,0.07,0.00
2444506,Rodri,Rodrigo Hernández Cascante,Midfielder,MCI,0.08,0.00
2444506,Haaland,Erling Haaland,Forward,MCI,0.01,1.10
2444506,Matheus Nunes,Matheus Luiz Nunes,Midfielder,MCI,0.00,0.00
2444506,Lewis (Rico),Rico Lewis,Defender,MCI,0.02,0.00
2444506,Gvardiol,Joško Gvardiol,Defender,MCI,0.14,0.00
2444506,Savinho,Sávio Moreira de Oliveira,Midfielder,MCI,0.11,0.74
2444507,Evans (Jonny),Jonny Evans,Defender,MUN,0.00,0.00
2444507,Casemiro,Carlos Henrique Jose Francisco Venancio,Midfielder,MUN,0.05,0.00
2444507,Eriksen,Christian Eriksen,Midfielder,MUN,0.35,0.00
2444507,Maguire,Harry Maguire,Defender,MUN,0.01,0.00
2444507,Bruno Fernandes,Bruno Miguel Borges Fernandes,Midfielder,MUN,0.35,0.22
2444507,Rashford,Marcus Rashford,Midfielder,MUN,0.01,0.40
2444507,Onana,André Onana,Goalkeeper,MUN,0.00,0.00
2444507,de Ligt,Matthijs de Ligt,Defender,MUN,0.00,0.41
2444507,Dalot,José Diogo Dalot Teixeira,Defender,MUN,0.48,0.00
2444507,Martínez,Lisandro Martínez,Defender,MUN,0.00,0.00
2444507,Mazraoui,Noussair Mazraoui,Defender,MUN,0.34,0.12
2444507,Ugarte,Manuel Ugarte,Midfielder,MUN,0.00,0.00
2444507,Zirkzee,Joshua Zirkzee,Forward,MUN,0.03,1.14
2444507,Garnacho,Alejandro Garnacho Ferreyra,Midfielder,MUN,0.04,0.31
2444507,Amad Diallo,Amad Diallo Traore,Midfielder,MUN,0.36,0.02
2444507,Mainoo,Kobbie Mainoo,Midfielder,MUN,0.13,0.05
2444507,Lallana,Adam Lallana,Midfielder,SOU,0.00,0.00
2444507,Stephens,Jack Stephens,Defender,SOU,0.01,0.00
2444507,Fraser (Ryan),Ryan Fraser,Midfielder,SOU,0.00,0.00
2444507,Cornet,Maxwel Cornet,Midfielder,SOU,0.00,0.00
2444507,Walker-Peters,Kyle Walker-Peters,Defender,SOU,0.03,0.00
2444507,Bednarek,Jan Bednarek,Defender,SOU,0.00,0.00
2444507,Brereton,Ben Brereton,Midfielder,SOU,0.01,0.00
2444507,Sugawara,Yukinari Sugawara,Defender,SOU,0.17,0.04
2444507,Downes,Flynn Downes,Midfielder,SOU,0.02,0.00
2444507,Ramsdale,Aaron Ramsdale,Goalkeeper,SOU,0.00,0.00
2444507,Stewart,Ross Stewart,Forward,SOU,0.00,0.00
2444507,Harwood-Bellis,Taylor Harwood-Bellis,Defender,SOU,0.00,0.00
2444507,Archer,Cameron Archer,Forward,SOU,0.00,0.83
2444507,Dibling,Tyler Dibling,Midfielder,SOU,0.01,0.03
2444507,Ugochukwu,Lesley Ugochukwu,Midfielder,SOU,0.01,0.21
2444507,Mateus Fernandes,Mateus Gonçalo Espanha Fernandes,Midfielder,SOU,0.03,0.00
2444508,Jorginho,Jorge Luiz Frello Filho,Midfielder,ARS,0.00,0.00
2444508,Sterling,Raheem Sterling,Midfielder,ARS,0.00,0.00
2444508,Trossard,Leandro Trossard,Midfielder,ARS,0.03,0.05
2444508,Raya Martin,David Raya Martin,Goalkeeper,ARS,0.00,0.00
2444508,Partey,Thomas Partey,Midfielder,ARS,0.07,0.00
2444508,White (Ben),Ben White,Defender,ARS,0.01,0.00
2444508,Jesus,Gabriel Fernando de Jesus,Forward,ARS,0.00,0.00
2444508,Havertz,Kai Havertz,Forward,ARS,0.00,0.17
2444508,Saka,Bukayo Saka,Midfielder,ARS,0.35,0.07
2444508,Gabriel Magalhães,Gabriel dos Santos Magalhães,Defender,ARS,0.00,0.23
2444508,Martinelli,Gabriel Teodoro Martinelli Silva,Midfielder,ARS,0.14,0.17
2444508,Jurriën Timber,Jurriën Timber,Defender,ARS,0.01,0.05
2444508,Saliba,William Saliba,Defender,ARS,0.01,0.00
2444508,Nwaneri,Ethan Nwaneri,Midfielder,ARS,0.00,0.00
2444508,Son,Heung-Min Son,Midfielder,TOT,0.13,0.02
2444508,Solanke,Dominic Solanke,Forward,TOT,0.03,0.19
2444508,Werner,Timo Werner,Midfielder,TOT,0.01,0.00
2444508,Maddison,James Maddison,Midfielder,TOT,0.35,0.00
2444508,Vicario,Guglielmo Vicario,Goalkeeper,TOT,0.00,0.00
2444508,Bentancur,Rodrigo Bentancur,Midfielder,TOT,0.04,0.00
2444508,Romero,Cristian Romero,Defender,TOT,0.03,0.04
2444508,Johnson (Brennan),Brennan Johnson,Midfielder,TOT,0.07,0.21
2444508,Porro,Pedro Porro,Defender,TOT,0.07,0.00
2444508,Kulusevski,Dejan Kulusevski,Midfielder,TOT,0.12,0.14
2444508,Sarr (Pape),Pape Sarr,Midfielder,TOT,0.01,0.06
2444508,Destiny Udogie,Iyenoma Destiny Udogie,Defender,TOT,0.03,0.00
2444508,van de Ven,Micky van de Ven,Defender,TOT,0.02,0.02
2444508,Odobert,Wilson Odobert,Midfielder,TOT,0.02,0.02
2444509,Trippier,Kieran Trippier,Defender,NEW,0.02,0.00
2444509,Burn,Dan Burn,Defender,NEW,0.02,0.03
2444509,Pope,Nick Pope,Goalkeeper,NEW,0.00,0.00
2444509,Murphy (Jacob),Jacob Murphy,Midfielder,NEW,0.20,0.12
2444509,Schär,Fabian Schär,Defender,NEW,0.01,0.07
2444509,Longstaff (Sean),Sean Longstaff,Midfielder,NEW,0.01,0.00
2444509,Joelinton,Joelinton Cássio Apolinário de Lira,Midfielder,NEW,0.01,0.00
2444509,Willock,Joseph Willock,Midfielder,NEW,0.08,0.09
2444509,Barnes,Harvey Barnes,Midfielder,NEW,0.20,0.51
2444509,Bruno Guimarães,Bruno Guimarães Rodriguez Moura,Midfielder,NEW,0.04,0.03
2444509,Isak,Alexander Isak,Forward,NEW,0.16,0.05
2444509,Gordon (Anthony),Anthony Gordon,Midfielder,NEW,0.39,0.21
2444509,Kelly,Lloyd Kelly,Defender,NEW,0.00,0.00
2444509,Tonali,Sandro Tonali,Midfielder,NEW,0.03,0.42
2444509,Livramento,Valentino Livramento,Defender,NEW,0.00,0.00
2444509,Lewis Hall,Lewis Hall,Defender,NEW,0.03,0.00
2444509,Dawson,Craig Dawson,Defender,WOL,0.04,0.00
2444509,Doherty,Matt Doherty,Defender,WOL,0.01,0.00
2444509,Johnstone,Sam Johnstone,Goalkeeper,WOL,0.00,0.00
2444509,Lemina (Mario),Mario Lemina,Midfielder,WOL,0.31,0.55
2444509,Gonçalo Guedes,Gonçalo Manuel Ganchinho Guedes,Midfielder,WOL,0.01,0.00
2444509,Hwang Hee-Chan,Hee-Chan Hwang,Midfielder,WOL,0.02,0.00
2444509,Semedo,Nelson Semedo,Defender,WOL,0.09,0.01
2444509,Doyle (Tommy),Tommy Doyle,Midfielder,WOL,0.04,0.00
2444509,Bellegarde,Jean-Ricner Bellegarde,Midfielder,WOL,0.01,0.12
2444509,Strand Larsen,Jørgen Strand Larsen,Forward,WOL,0.20,0.17
2444509,Matheus Cunha,Matheus Santos Carneiro Da Cunha,Forward,WOL,0.02,0.20
2444509,João Gomes,João Victor Gomes da Silva,Midfielder,WOL,0.02,0.08
2444509,Ait Nouri,Rayan Ait Nouri,Defender,WOL,0.03,0.00
2444509,Carlos Borges,Carlos Roberto Forbs Borges,Midfielder,WOL,0.00,0.00
2444509,Mosquera,Yerson Mosquera,Defender,WOL,0.00,0.10
2444509,André,André Trindade da Costa Neto,Midfielder,WOL,0.17,0.00
2444510,Barkley,Ross Barkley,Midfielder,AVL,0.01,0.05
2444510,Martinez,Emiliano Martinez,Goalkeeper,AVL,0.00,0.00
2444510,Digne,Lucas Digne,Defender,AVL,0.01,0.00
2444510,McGinn,John McGinn,Midfielder,AVL,0.19,0.03
2444510,Diego Carlos,Diego Carlos Santos Silva,Defender,AVL,0.01,0.00
2444510,Tielemans,Youri Tielemans,Midfielder,AVL,0.38,0.00
2444510,Watkins,Ollie Watkins,Forward,AVL,0.06,0.34
2444510,Buendía,Emiliano Buendía,Midfielder,AVL,0.00,0.00
2444510,Konsa Ngoyo,Ezri Konsa Ngoyo,Defender,AVL,0.02,0.21
2444510,Bailey,Leon Bailey,Midfielder,AVL,0.33,0.07
2444510,Ramsey (Jacob),Jacob Ramsey,Midfielder,AVL,0.03,0.00
2444510,Rogers,Morgan Rogers,Midfielder,AVL,0.60,0.00
2444510,Torres,Pau Torres,Defender,AVL,0.02,0.00
2444510,Maatsen,Ian Maatsen,Defender,AVL,0.02,0.00
2444510,Mvom Onana,Amadou Mvom Onana,Midfielder,AVL,0.03,0.00
2444510,Durán,Jhon Durán,Forward,AVL,0.00,1.03
2444510,Dawson,Craig Dawson,Defender,WOL,0.00,0.07
2444510,Johnstone,Sam Johnstone,Goalkeeper,WOL,0.00,0.00
2444510,Lemina (Mario),Mario Lemina,Midfielder,WOL,0.02,0.19
2444510,Gonçalo Guedes,Gonçalo Manuel Ganchinho Guedes,Midfielder,WOL,0.00,0.00
2444510,Semedo,Nelson Semedo,Defender,WOL,0.01,0.00
2444510,Doyle (Tommy),Tommy Doyle,Midfielder,WOL,0.01,0.00
2444510,Bellegarde,Jean-Ricner Bellegarde,Midfielder,WOL,0.19,0.00
2444510,Bueno (Santiago),Santiago Bueno,Defender,WOL,0.00,0.00
2444510,Strand Larsen,Jørgen Strand Larsen,Forward,WOL,0.01,0.05
2444510,Matheus Cunha,Matheus Santos Carneiro Da Cunha,Forward,WOL,0.22,0.03
2444510,João Gomes,João Victor Gomes da Silva,Midfielder,WOL,0.02,0.00
2444510,Ait Nouri,Rayan Ait Nouri,Defender,WOL,0.02,0.13
2444510,Rodrigo Gomes,Rodrigo Martins Gomes,Midfielder,WOL,0.00,0.00
2444510,Mosquera,Yerson Mosquera,Defender,WOL,0.01,0.00
2444510,André,André Trindade da Costa Neto,Midfielder,WOL,0.01,0.06
2444511,Welbeck,Danny Welbeck,Forward,BHA,0.07,0.39
2444511,Dunk,Lewis Dunk,Defender,BHA,0.03,0.00
2444511,Veltman,Joël Veltman,Defender,BHA,0.01,0.00
2444511,Estupiñán,Pervis Estupiñán,Defender,BHA,0.17,0.02
2444511,Mitoma,Kaoru Mitoma,Midfielder,BHA,0.23,0.00
2444511,Rutter,Georginio Rutter,Midfielder,BHA,0.05,0.38
2444511,Wieffer,Mats Wieffer,Midfielder,BHA,0.01,0.00
2444511,van Hecke,Jan-Paul van Hecke,Defender,BHA,0.05,0.00
2444511,João Pedro,João Pedro Junqueira de Jesus,Forward,BHA,0.00,0.02
2444511,Ferguson,Evan Ferguson,Forward,BHA,0.00,0.01
2444511,Verbruggen,Bart Verbruggen,Goalkeeper,BHA,0.00,0.00
2444511,Hinshelwood,Jack Hinshelwood,Midfielder,BHA,0.15,0.12
2444511,Baleba,Carlos Baleba,Midfielder,BHA,0.01,0.02
2444511,Adingra,Simon Adingra,Midfielder,BHA,0.02,0.04
2444511,Minteh,Yankuba Minteh,Midfielder,BHA,0.06,0.00
2444511,Wood (Chris),Chris Wood,Forward,NFO,0.00,0.79
2444511,Sels,Matz Sels,Goalkeeper,NFO,0.00,0.00
2444511,Ward-Prowse,James Ward-Prowse,Midfielder,NFO,0.07,0.00
2444511,Álex Moreno,Alexandre Moreno Lopera,Defender,NFO,0.00,0.00
2444511,Aina,Ola Aina,Defender,NFO,0.00,0.00
2444511,Yates,Ryan Yates,Midfielder,NFO,0.00,0.00
2444511,Hudson-Odoi,Callum Hudson-Odoi,Midfielder,NFO,0.03,0.11
2444511,Williams (Neco),Neco Williams,Defender,NFO,0.00,0.00
2444511,Anderson,Elliot Anderson,Midfielder,NFO,0.00,0.00
2444511,Gibbs-White,Morgan Gibbs-White,Midfielder,NFO,0.03,0.07
2444511,Milenkovic,Nikola Milenkovic,Defender,NFO,0.00,0.00
2444511,Elanga,Anthony Elanga,Midfielder,NFO,0.00,0.00
2444511,Morato,Felipe Rodrigues da Silva,Defender,NFO,0.00,0.00
2444511,Sosa,Ramón Sosa,Midfielder,NFO,0.00,0.45
2444511,Jota Silva,João Pedro Ferreira da Silva,Midfielder,NFO,0.24,0.00
2444511,Murillo,Murillo Santiago Costa dos Santos,Defender,NFO,0.01,0.00
2444512,Schlupp,Jeffrey Schlupp,Midfielder,CRY,0.05,0.00
2444512,Hughes,Will Hughes,Midfielder,CRY,0.00,0.03
2444512,Lerma,Jefferson Lerma,Midfielder,CRY,0.00,0.03
2444512,Henderson,Dean Henderson,Goalkeeper,CRY,0.00,0.00
2444512,Eddie Nketiah,Edward Nketiah,Forward,CRY,0.01,0.15
2444512,Marc Guehi,Addji Keaninkin Marc-Israel Guehi,Defender,CRY,0.00,0.00
2444512,Kamada,Daichi Kamada,Midfielder,CRY,0.02,0.00
2444512,Mateta,Jean-Philippe Mateta,Forward,CRY,0.00,0.00
2444512,Ismaila Sarr,Ismaila Sarr,Midfielder,CRY,0.12,0.31
2444512,Eze,Eberechi Eze,Midfielder,CRY,0.13,0.50
2444512,Mitchell,Tyrick Mitchell,Defender,CRY,0.08,0.00
2444512,Muñoz,Daniel Muñoz,Defender,CRY,0.01,0.00
2444512,Richards (Chris),Chris Richards,Defender,CRY,0.00,0.00
2444512,Lacroix,Maxence Lacroix,Defender,CRY,0.00,0.02
2444512,Wharton,Adam Wharton,Midfielder,CRY,0.00,0.00
2444512,Eriksen,Christian Eriksen,Midfielder,MUN,0.35,0.00
2444512,Bruno Fernandes,Bruno Miguel Borges Fernandes,Midfielder,MUN,0.14,0.36
2444512,Rashford,Marcus Rashford,Midfielder,MUN,0.05,0.00
2444512,Onana,André Onana,Goalkeeper,MUN,0.00,0.00
2444512,de Ligt,Matthijs de Ligt,Defender,MUN,0.00,0.54
2444512,Dalot,José Diogo Dalot Teixeira,Defender,MUN,0.23,0.00
2444512,Martínez,Lisandro Martínez,Defender,MUN,0.01,0.21
2444512,Mazraoui,Noussair Mazraoui,Defender,MUN,0.07,0.00
2444512,Ugarte,Manuel Ugarte,Midfielder,MUN,0.00,0.00
2444512,Zirkzee,Joshua Zirkzee,Forward,MUN,0.22,0.10
2444512,Garnacho,Alejandro Garnacho Ferreyra,Midfielder,MUN,0.01,0.47
2444512,Amad Diallo,Amad Diallo Traore,Midfielder,MUN,0.11,0.05
2444512,Højlund,Rasmus Højlund,Forward,MUN,0.01,0.00
2444512,Mainoo,Kobbie Mainoo,Midfielder,MUN,0.14,0.04
2444513,Leno,Bernd Leno,Goalkeeper,FUL,0.00,0.00
2444513,Raúl Jiménez,Raul Alonso Jimenez Rodriguez,Forward,FUL,0.01,0.49
2444513,Iwobi,Alex Iwobi,Midfielder,FUL,0.23,0.35
2444513,Reed,Harrison Reed,Midfielder,FUL,0.00,0.00
2444513,Pereira,Andreas Pereira,Midfielder,FUL,0.08,0.06
2444513,Traoré (Adama),Adama Traoré,Midfielder,FUL,0.63,0.10
2444513,Tete,Kenny Tete,Defender,FUL,0.02,0.29
2444513,Robinson (Antonee),Antonee Robinson,Defender,FUL,0.02,0.07
2444513,Andersen,Joachim Andersen,Defender,FUL,0.01,0.06
2444513,Nelson (Reiss),Reiss Nelson,Midfielder,FUL,0.05,0.31
2444513,Berge,Sander Berge,Midfielder,FUL,0.01,0.00
2444513,Smith-Rowe,Emile Smith-Rowe,Midfielder,FUL,0.02,0.41
2444513,Lukic,Sasa Lukic,Midfielder,FUL,0.07,0.00
2444513,Diop,Issa Diop,Defender,FUL,0.00,0.00
2444513,Bassey,Calvin Bassey,Defender,FUL,0.00,0.00
2444513,Rodrigo Muniz,Rodrigo Muniz Carvalho,Forward,FUL,0.01,0.16
2444513,Trippier,Kieran Trippier,Defender,NEW,0.02,0.00
2444513,Burn,Dan Burn,Defender,NEW,0.00,0.01
2444513,Pope,Nick Pope,Goalkeeper,NEW,0.00,0.00
2444513,Murphy (Jacob),Jacob Murphy,Midfielder,NEW,0.10,0.03
2444513,Schär,Fabian Schär,Defender,NEW,0.20,0.40
2444513,Joelinton,Joelinton Cássio Apolinário de Lira,Midfielder,NEW,0.02,0.10
2444513,Willock,Joseph Willock,Midfielder,NEW,0.01,0.00
2444513,Barnes,Harvey Barnes,Midfielder,NEW,0.14,0.43
2444513,Bruno Guimarães,Bruno Guimarães Rodriguez Moura,Midfielder,NEW,0.05,0.05
2444513,Isak,Alexander Isak,Forward,NEW,0.02,0.09
2444513,Gordon (Anthony),Anthony Gordon,Midfielder,NEW,0.08,0.39
2444513,Kelly,Lloyd Kelly,Defender,NEW,0.00,0.00
2444513,Tonali,Sandro Tonali,Midfielder,NEW,0.09,0.04
2444513,Livramento,Valentino Livramento,Defender,NEW,0.00,0.00
2444513,Lewis Hall,Lewis Hall,Defender,NEW,0.02,0.00
2444513,Osula,William Osula,Forward,NEW,0.00,0.00
2444514,Tarkowski,James Tarkowski,Defender,EVE,0.00,0.00
2444514,Young (Ashley),Ashley Young,Defender,EVE,0.16,0.00
2444514,Keane,Michael Keane,Defender,EVE,0.00,0.00
2444514,Pickford,Jordan Pickford,Goalkeeper,EVE,0.01,0.00
2444514,Doucouré,Abdoulaye Doucouré,Midfielder,EVE,0.01,0.02
2444514,Calvert-Lewin,Dominic Calvert-Lewin,Forward,EVE,0.01,0.26
2444514,Mangala,Orel Mangala,Midfielder,EVE,0.06,0.00
2444514,Harrison (Jack),Jack Harrison,Midfielder,EVE,0.01,0.00
2444514,Garner,James Garner,Midfielder,EVE,0.00,0.01
2444514,McNeil,Dwight McNeil,Midfielder,EVE,0.34,0.13
2444514,Ndiaye,Iliman Ndiaye,Forward,EVE,0.06,0.21
2444514,Lindstrom,Jesper Lindstrom,Midfielder,EVE,0.05,0.47
2444514,Iroegbunam,Tim Iroegbunam,Midfielder,EVE,0.00,0.00
2444514,Ayew,Jordan Ayew,Midfielder,LEI,0.01,0.09
2444514,Vardy,Jamie Vardy,Forward,LEI,0.01,0.00
2444514,Mavididi,Stephy Mavididi,Midfielder,LEI,0.31,0.29
2444514,Winks,Harry Winks,Midfielder,LEI,0.18,0.02
2444514,Edouard,Odsonne Edouard,Forward,LEI,0.04,0.00
2444514,Ndidi,Onyinye Wilfred Ndidi,Midfielder,LEI,0.04,0.08
2444514,Faes,Wout Faes,Defender,LEI,0.06,0.06
2444514,Justin,James Justin,Defender,LEI,0.02,0.00
2444514,Hermansen,Mads Hermansen,Goalkeeper,LEI,0.00,0.00
2444514,Okoli,Caleb Okoli,Defender,LEI,0.00,0.08
2444514,Kristiansen,Victor Kristiansen,Defender,LEI,0.11,0.00
2444514,El Khannouss,Bilal El Khannouss,Midfielder,LEI,0.03,0.00
2444514,Fatawu,Abdul Fatawu Issahaku,Midfielder,LEI,0.00,0.00
2444514,Buonanotte,Facundo Buonanotte,Midfielder,LEI,0.01,0.04
2444515,Smith,Adam Smith,Defender,BOU,0.00,0.00
2444515,Kepa,Kepa Arrizabalaga Revuelta,Goalkeeper,BOU,0.00,0.00
2444515,Cook,Lewis Cook,Midfielder,BOU,0.19,0.00
2444515,Christie,Ryan Christie,Midfielder,BOU,0.03,0.00
2444515,Unal,Enes Unal,Forward,BOU,0.00,0.04
2444515,Tavernier,Marcus Tavernier,Midfielder,BOU,0.07,0.02
2444515,Kluivert,Justin Kluivert,Midfielder,BOU,0.00,0.14
2444515,Sinisterra,Luis Sinisterra,Midfielder,BOU,0.01,0.35
2444515,Araujo,Julian Araujo,Defender,BOU,0.01,0.00
2444515,Semenyo,Antoine Semenyo,Midfielder,BOU,0.01,0.35
2444515,Evanilson,Francisco Evanilson de Lima Barbosa,Forward,BOU,0.24,0.04
2444515,Zabarnyi,Illia Zabarnyi,Defender,BOU,0.01,0.00
2444515,Scott,Alex Scott,Midfielder,BOU,0.02,0.10
2444515,Dango Ouattara,Dango Ouattara,Midfielder,BOU,0.01,0.00
2444515,Kerkez,Milos Kerkez,Defender,BOU,0.09,0.01
2444515,Huijsen,Dean Huijsen,Defender,BOU,0.00,0.04
2444515,van Dijk,Virgil van Dijk,Defender,LIV,0.00,0.00
2444515,Salah,Mohamed Salah,Midfielder,LIV,0.17,0.61
2444515,Robertson,Andrew Robertson,Defender,LIV,0.02,0.08
2444515,Alexander-Arnold,Trent Alexander-Arnold,Defender,LIV,0.13,0.00
2444515,Kelleher,Caoimhin Kelleher,Goalkeeper,LIV,0.00,0.00
2444515,Konaté,Ibrahima Konaté,Defender,LIV,0.03,0.00
2444515,Jones,Curtis Jones,Midfielder,LIV,0.01,0.14
2444515,Chiesa,Federico Chiesa,Midfielder,LIV,0.08,0.16
2444515,Mac Allister,Alexis Mac Allister,Midfielder,LIV,0.23,0.03
2444515,Gakpo,Cody Gakpo,Forward,LIV,0.09,0.07
2444515,Díaz,Luis Díaz,Midfielder,LIV,0.09,0.59
2444515,Szoboszlai,Dominik Szoboszlai,Midfielder,LIV,0.02,0.04
2444515,Gravenberch,Ryan Gravenberch,Midfielder,LIV,0.09,0.02
2444515,Núñez,Darwin Núñez,Forward,LIV,0.01,0.31
2444516,Trossard,Leandro Trossard,Midfielder,ARS,0.00,0.09
2444516,Raya Martin,David Raya Martin,Goalkeeper,ARS,0.00,0.00
2444516,Partey,Thomas Partey,Midfielder,ARS,0.02,0.00
2444516,White (Ben),Ben White,Defender,ARS,0.00,0.00
2444516,Rice,Declan Rice,Midfielder,ARS,0.01,0.00
2444516,Jesus,Gabriel Fernando de Jesus,Forward,ARS,0.00,0.00
2444516,Havertz,Kai Havertz,Forward,ARS,0.00,0.07
2444516,Saka,Bukayo Saka,Midfielder,ARS,0.41,0.00
2444516,Gabriel Magalhães,Gabriel dos Santos Magalhães,Defender,ARS,0.01,0.49
2444516,Kiwior,Jakub Kiwior,Defender,ARS,0.00,0.00
2444516,Martinelli,Gabriel Teodoro Martinelli Silva,Midfielder,ARS,0.05,0.00
2444516,Jurriën Timber,Jurriën Timber,Defender,ARS,0.00,0.00
2444516,Saliba,William Saliba,Defender,ARS,0.00,0.00
2444516,Calafiori,Riccardo Calafiori,Defender,ARS,0.00,0.02
2444516,Lewis-Skelly,Myles Lewis-Skelly,Midfielder,ARS,0.00,0.00
2444516,Walker,Kyle Walker,Defender,MCI,0.68,0.11
2444516,Gundogan,Ilkay Gundogan,Midfielder,MCI,0.16,0.23
2444516,Kovacic,Mateo Kovacic,Midfielder,MCI,0.31,0.18
2444516,Stones,John Stones,Defender,MCI,0.01,0.18
2444516,Grealish,Jack Grealish,Midfielder,MCI,0.09,0.00
2444516,Ederson,Ederson Santana de Moraes,Goalkeeper,MCI,0.00,0.00
2444516,Bernardo Silva,Bernardo Mota Veiga de Carvalho e Silva,Midfielder,MCI,0.25,0.11
2444516,Rúben Dias,Rúben Santos Gato Alves Dias,Defender,MCI,0.34,0.18
2444516,Foden,Phil Foden,Midfielder,MCI,0.24,0.07
2444516,Akanji,Manuel Akanji,Defender,MCI,0.30,0.03
2444516,Rodri,Rodrigo Hernández Cascante,Midfielder,MCI,0.01,0.00
2444516,Haaland,Erling Haaland,Forward,MCI,0.03,0.94
2444516,Doku,Jéremy Doku,Midfielder,MCI,0.06,0.05
2444516,Gvardiol,Joško Gvardiol,Defender,MCI,0.09,0.08
2444516,Savinho,Sávio Moreira de Oliveira,Midfielder,MCI,0.29,0.03
2444517,Morsy,Sam Morsy,Midfielder,IPS,0.12,0.11
2444517,Burns,Wes Burns,Midfielder,IPS,0.38,0.00
2444517,Szmodics,Sammie Szmodics,Midfielder,IPS,0.00,0.70
2444517,Tuanzebe,Axel Tuanzebe,Defender,IPS,0.02,0.00
2444517,Chaplin,Conor Chaplin,Midfielder,IPS,0.00,0.00
2444517,O'Shea,Dara O'Shea,Defender,IPS,0.01,0.06
2444517,Johnson (Ben),Ben Johnson,Defender,IPS,0.00,0.00
2444517,Hirst,George Hirst,Forward,IPS,0.01,0.50
2444517,Taylor (Jack),Jack Taylor,Midfielder,IPS,0.00,0.00
2444517,Muric,Arijanet Muric,Goalkeeper,IPS,0.00,0.00
2444517,Clarke (Jack),Jack Clarke,Midfielder,IPS,0.20,0.00
2444517,Greaves,Jacob Greaves,Defender,IPS,0.01,0.03
2444517,Cajuste,Jens Cajuste,Midfielder,IPS,0.02,0.02
2444517,Davis,Leif Davis,Defender,IPS,0.06,0.19
2444517,Delap,Liam Delap,Forward,IPS,0.03,0.05
2444517,Hutchinson,Omari Hutchinson,Midfielder,IPS,0.21,0.03
2444517,Lallana,Adam Lallana,Midfielder,SOU,0.05,0.03
2444517,Fraser (Ryan),Ryan Fraser,Midfielder,SOU,0.00,0.00
2444517,Taylor (Charlie),Charlie Taylor,Defender,SOU,0.00,0.00
2444517,Armstrong (Adam),Adam Armstrong,Forward,SOU,0.00,0.00
2444517,Bednarek,Jan Bednarek,Defender,SOU,0.01,0.00
2444517,Aribo,Joe Aribo,Midfielder,SOU,0.00,0.00
2444517,Brereton,Ben Brereton,Midfielder,SOU,0.01,0.25
2444517,Sugawara,Yukinari Sugawara,Defender,SOU,0.03,0.00
2444517,Downes,Flynn Downes,Midfielder,SOU,0.26,0.02
2444517,Ramsdale,Aaron Ramsdale,Goalkeeper,SOU,0.00,0.00
2444517,Stewart,Ross Stewart,Forward,SOU,0.01,0.04
2444517,Harwood-Bellis,Taylor Harwood-Bellis,Defender,SOU,0.01,0.07
2444517,Archer,Cameron Archer,Forward,SOU,0.01,1.26
2444517,Dibling,Tyler Dibling,Midfielder,SOU,0.20,0.72
2444517,Ugochukwu,Lesley Ugochukwu,Midfielder,SOU,0.00,0.00
2444517,Mateus Fernandes,Mateus Gonçalo Espanha Fernandes,Midfielder,SOU,0.23,0.10
2444518,Flekken,Mark Flekken,Goalkeeper,BRE,0.01,0.00
2444518,Ajer,Kristoffer Ajer,Defender,BRE,0.01,0.00
2444518,Janelt,Vitaly Janelt,Midfielder,BRE,0.01,0.00
2444518,Roerslev,Mads Roerslev,Defender,BRE,0.00,0.00
2444518,Pinnock,Ethan Pinnock,Defender,BRE,0.00,0.00
2444518,Carvalho,Fabio Carvalho,Midfielder,BRE,0.34,0.00
2444518,Lewis-Potter,Keane Lewis-Potter,Midfielder,BRE,0.15,0.02
2444518,Collins,Nathan Collins,Defender,BRE,0.01,0.00
2444518,Damsgaard,Mikkel Damsgaard,Midfielder,BRE,0.03,0.09
2444518,van den Berg,Sepp van den Berg,Defender,BRE,0.21,0.00
2444518,Mbeumo,Bryan Mbeumo,Midfielder,BRE,0.02,0.64
2444518,Yarmolyuk,Ehor Yarmolyuk,Midfielder,BRE,0.01,0.00
2444518,Schade,Kevin Schade,Midfielder,BRE,0.00,0.06
2444518,Trevitt,Ryan Trevitt,Midfielder,BRE,0.00,0.00
2444518,Konak,Yunus Konak,Midfielder,BRE,0.00,0.00
2444518,Son,Heung-Min Son,Midfielder,TOT,0.45,0.07
2444518,Solanke,Dominic Solanke,Forward,TOT,0.07,1.61
2444518,Maddison,James Maddison,Midfielder,TOT,1.08,0.92
2444518,Vicario,Guglielmo Vicario,Goalkeeper,TOT,0.00,0.00
2444518,Bentancur,Rodrigo Bentancur,Midfielder,TOT,0.02,0.08
2444518,Romero,Cristian Romero,Defender,TOT,0.03,0.07
2444518,Bissouma,Yves Bissouma,Midfielder,TOT,0.03,0.00
2444518,Johnson (Brennan),Brennan Johnson,Midfielder,TOT,0.06,0.49
2444518,Porro,Pedro Porro,Defender,TOT,0.03,0.06
2444518,Kulusevski,Dejan Kulusevski,Midfielder,TOT,0.11,0.38
2444518,Sarr (Pape),Pape Sarr,Midfielder,TOT,0.02,0.00
2444518,Destiny Udogie,Iyenoma Destiny Udogie,Defender,TOT,0.04,0.05
2444518,van de Ven,Micky van de Ven,Defender,TOT,0.01,0.00
2444518,Moore (Mikey),Mikey Moore,Midfielder,TOT,0.00,0.00
2444518,Gray (Archie),Archie Gray,Midfielder,TOT,0.00,0.00
2444518,Bergvall,Lucas Bergvall,Midfielder,TOT,0.00,0.00
2444519,Tosin,Oluwatosin Adarabioyo,Defender,CHE,0.00,0.00
2444519,Cucurella,Marc Cucurella,Defender,CHE,0.00,0.00
2444519,Sancho,Jadon Sancho,Midfielder,CHE,0.21,0.00
2444519,Nkunku,Christopher Nkunku,Midfielder,CHE,0.04,0.59
2444519,Sanchez,Robert Sanchez,Goalkeeper,CHE,0.00,0.00
2444519,Dewsbury-Hall,Kiernan Dewsbury-Hall,Midfielder,CHE,0.02,0.00
2444519,Disasi,Axel Disasi,Defender,CHE,0.00,0.00
2444519,Palmer (Cole),Cole Palmer,Midfielder,CHE,0.00,0.42
2444519,Neto,Pedro Neto,Midfielder,CHE,0.02,0.00
2444519,Madueke,Noni Madueke,Midfielder,CHE,0.01,0.16
2444519,João Félix,João Félix Sequeira,Midfielder,CHE,0.05,0.20
2444519,Fofana (Wesley),Wesley Fofana,Defender,CHE,0.00,0.00
2444519,Fernández,Enzo Fernández,Midfielder,CHE,0.13,0.00
2444519,Colwill,Levi Colwill,Defender,CHE,0.31,0.00
2444519,Moises Caicedo,Moises Caicedo,Midfielder,CHE,0.41,0.08
2444519,Jackson (Nicolas),Nicolas Jackson,Forward,CHE,0.06,0.76
2444519,Cresswell,Aaron Cresswell,Defender,WHU,0.01,0.00
2444519,Antonio,Michail Antonio,Forward,WHU,0.01,0.13
2444519,Areola,Alphonse Areola,Goalkeeper,WHU,0.00,0.00
2444519,Emerson,Emerson Palmieri dos Santos,Defender,WHU,0.16,0.00
2444519,Bowen,Jarrod Bowen,Midfielder,WHU,0.11,0.12
2444519,Rodríguez,Guido Rodríguez,Midfielder,WHU,0.01,0.00
2444519,Álvarez (Edson),Edson Álvarez,Midfielder,WHU,0.01,0.01
2444519,Kilman,Max Kilman,Defender,WHU,0.02,0.00
2444519,Wan-Bissaka,Aaron Wan-Bissaka,Defender,WHU,0.29,0.00
2444519,Soucek,Tomas Soucek,Midfielder,WHU,0.13,0.06
2444519,Lucas Paquetá,Lucas Tolentino Coelho de Lima,Midfielder,WHU,0.06,0.08
2444519,Soler (Carlos),Carlos Soler,Midfielder,WHU,0.01,0.09
2444519,Irving,Andy Irving,Midfielder,WHU,0.00,0.04
2444519,Mavropanos,Konstantinos Mavropanos,Defender,WHU,0.01,0.12
2444519,Summerville,Crysencio Summerville,Midfielder,WHU,0.01,0.00
2444519,Kudus,Mohammed Kudus,Midfielder,WHU,0.01,0.19
2444520,Smith,Adam Smith,Defender,BOU,0.01,0.00
2444520,Kepa,Kepa Arrizabalaga Revuelta,Goalkeeper,BOU,0.00,0.00
2444520,Cook,Lewis Cook,Midfielder,BOU,0.21,0.10
2444520,Christie,Ryan Christie,Midfielder,BOU,0.01,0.04
2444520,Unal,Enes Unal,Forward,BOU,0.01,0.00
2444520,Tavernier,Marcus Tavernier,Midfielder,BOU,0.11,0.03
2444520,Senesi,Marcos Senesi,Defender,BOU,0.16,0.00
2444520,Kluivert,Justin Kluivert,Midfielder,BOU,0.03,0.08
2444520,Sinisterra,Luis Sinisterra,Midfielder,BOU,0.00,0.09
2444520,Semenyo,Antoine Semenyo,Midfielder,BOU,0.10,0.20
2444520,Evanilson,Francisco Evanilson de Lima Barbosa,Forward,BOU,0.00,0.39
2444520,Zabarnyi,Illia Zabarnyi,Defender,BOU,0.01,0.00
2444520,Scott,Alex Scott,Midfielder,BOU,0.00,0.00
2444520,Dango Ouattara,Dango Ouattara,Midfielder,BOU,0.02,0.42
2444520,Kerkez,Milos Kerkez,Defender,BOU,0.01,0.02
2444520,Lallana,Adam Lallana,Midfielder,SOU,0.08,0.07
2444520,Fraser (Ryan),Ryan Fraser,Midfielder,SOU,0.00,0.03
2444520,Taylor (Charlie),Charlie Taylor,Defender,SOU,0.07,0.00
2444520,Cornet,Maxwel Cornet,Midfielder,SOU,0.00,0.16
2444520,Bednarek,Jan Bednarek,Defender,SOU,0.01,0.00
2444520,Aribo,Joe Aribo,Midfielder,SOU,0.02,0.02
2444520,Brereton,Ben Brereton,Midfielder,SOU,0.01,0.03
2444520,Sugawara,Yukinari Sugawara,Defender,SOU,0.03,0.00
2444520,Downes,Flynn Downes,Midfielder,SOU,0.14,0.00
2444520,Ramsdale,Aaron Ramsdale,Goalkeeper,SOU,0.00,0.00
2444520,Stewart,Ross Stewart,Forward,SOU,0.01,0.07
2444520,Harwood-Bellis,Taylor Harwood-Bellis,Defender,SOU,0.02,0.18
2444520,Archer,Cameron Archer,Forward,SOU,0.01,0.00
2444520,Dibling,Tyler Dibling,Midfielder,SOU,0.16,0.02
2444520,Ugochukwu,Lesley Ugochukwu,Midfielder,SOU,0.04,0.00
2444520,Mateus Fernandes,Mateus Gonçalo Espanha Fernandes,Midfielder,SOU,0.00,0.00
2444521,Sterling,Raheem Sterling,Midfielder,ARS,0.03,0.00
2444521,Trossard,Leandro Trossard,Midfielder,ARS,0.12,1.11
2444521,Raya Martin,David Raya Martin,Goalkeeper,ARS,0.00,0.00
2444521,Partey,Thomas Partey,Midfielder,ARS,0.09,0.00
2444521,Rice,Declan Rice,Midfielder,ARS,0.22,0.06
2444521,Jesus,Gabriel Fernando de Jesus,Forward,ARS,0.00,0.11
2444521,Havertz,Kai Havertz,Forward,ARS,0.04,1.89
2444521,Saka,Bukayo Saka,Midfielder,ARS,0.79,0.29
2444521,Gabriel Magalhães,Gabriel dos Santos Magalhães,Defender,ARS,0.05,0.27
2444521,Martinelli,Gabriel Teodoro Martinelli Silva,Midfielder,ARS,0.55,0.39
2444521,Jurriën Timber,Jurriën Timber,Defender,ARS,0.12,0.21
2444521,Saliba,William Saliba,Defender,ARS,0.01,0.00
2444521,Calafiori,Riccardo Calafiori,Defender,ARS,0.28,0.48
2444521,Nwaneri,Ethan Nwaneri,Midfielder,ARS,0.16,0.02
2444521,Ayew,Jordan Ayew,Midfielder,LEI,0.00,0.00
2444521,DeCordova-Reid,Bobby DeCordova-Reid,Midfielder,LEI,0.00,0.00
2444521,Vardy,Jamie Vardy,Forward,LEI,0.01,0.00
2444521,Mavididi,Stephy Mavididi,Midfielder,LEI,0.06,0.00
2444521,Winks,Harry Winks,Midfielder,LEI,0.01,0.00
2444521,Edouard,Odsonne Edouard,Forward,LEI,0.00,0.00
2444521,Ndidi,Onyinye Wilfred Ndidi,Midfielder,LEI,0.02,0.00
2444521,Skipp,Oliver Skipp,Midfielder,LEI,0.00,0.00
2444521,Faes,Wout Faes,Defender,LEI,0.00,0.00
2444521,Justin,James Justin,Defender,LEI,0.00,0.15
2444521,Hermansen,Mads Hermansen,Goalkeeper,LEI,0.00,0.00
2444521,Okoli,Caleb Okoli,Defender,LEI,0.00,0.00
2444521,Kristiansen,Victor Kristiansen,Defender,LEI,0.00,0.00
2444521,El Khannouss,Bilal El Khannouss,Midfielder,LEI,0.00,0.00
2444521,Fatawu,Abdul Fatawu Issahaku,Midfielder,LEI,0.00,0.00
2444521,Buonanotte,Facundo Buonanotte,Midfielder,LEI,0.06,0.18
2444522,Flekken,Mark Flekken,Goalkeeper,BRE,0.00,0.00
2444522,Ajer,Kristoffer Ajer,Defender,BRE,0.02,0.00
2444522,Janelt,Vitaly Janelt,Midfielder,BRE,0.03,0.00
2444522,Pinnock,Ethan Pinnock,Defender,BRE,0.02,0.00
2444522,Carvalho,Fabio Carvalho,Midfielder,BRE,0.06,0.02
2444522,Lewis-Potter,Keane Lewis-Potter,Midfielder,BRE,0.08,0.01
2444522,Collins,Nathan Collins,Defender,BRE,0.05,0.00
2444522,Damsgaard,Mikkel Damsgaard,Midfielder,BRE,0.07,0.00
2444522,van den Berg,Sepp van den Berg,Defender,BRE,0.04,0.04
2444522,Mbeumo,Bryan Mbeumo,Midfielder,BRE,0.41,0.25
2444522,Yarmolyuk,Ehor Yarmolyuk,Midfielder,BRE,0.02,0.04
2444522,Schade,Kevin Schade,Midfielder,BRE,0.02,0.00
2444522,Konak,Yunus Konak,Midfielder,BRE,0.00,0.00
2444522,Antonio,Michail Antonio,Forward,WHU,0.09,0.28
2444522,Areola,Alphonse Areola,Goalkeeper,WHU,0.00,0.00
2444522,Ings,Danny Ings,Forward,WHU,0.00,0.00
2444522,Emerson,Emerson Palmieri dos Santos,Defender,WHU,0.01,0.02
2444522,Bowen,Jarrod Bowen,Midfielder,WHU,0.25,0.08
2444522,Rodríguez,Guido Rodríguez,Midfielder,WHU,0.02,0.01
2444522,Kilman,Max Kilman,Defender,WHU,0.02,0.00
2444522,Wan-Bissaka,Aaron Wan-Bissaka,Defender,WHU,0.06,0.02
2444522,Soucek,Tomas Soucek,Midfielder,WHU,0.08,0.22
2444522,Lucas Paquetá,Lucas Tolentino Coelho de Lima,Midfielder,WHU,0.07,0.03
2444522,Soler (Carlos),Carlos Soler,Midfielder,WHU,0.04,0.06
2444522,Irving,Andy Irving,Midfielder,WHU,0.00,0.00
2444522,Mavropanos,Konstantinos Mavropanos,Defender,WHU,0.27,0.01
2444522,Summerville,Crysencio Summerville,Midfielder,WHU,0.00,0.05
2444522,Kudus,Mohammed Kudus,Midfielder,WHU,0.02,0.11
2444522,Todibo,Jean-Clair Todibo,Defender,WHU,0.01,0.10
2444523,Welbeck,Danny Welbeck,Forward,BHA,0.01,0.41
2444523,Dunk,Lewis Dunk,Defender,BHA,0.01,0.00
2444523,Webster,Adam Webster,Defender,BHA,0.01,0.00
2444523,Estupiñán,Pervis Estupiñán,Defender,BHA,0.03,0.00
2444523,Igor Julio,Igor Julio dos Santos de Paulo,Defender,BHA,0.01,0.00
2444523,Kadioglu,Ferdi Kadioglu,Defender,BHA,0.04,0.00
2444523,Mitoma,Kaoru Mitoma,Midfielder,BHA,0.13,0.03
2444523,Rutter,Georginio Rutter,Midfielder,BHA,0.26,0.14
2444523,Wieffer,Mats Wieffer,Midfielder,BHA,0.01,0.00
2444523,Enciso,Julio Enciso,Midfielder,BHA,0.01,0.08
2444523,Ferguson,Evan Ferguson,Forward,BHA,0.00,0.00
2444523,Verbruggen,Bart Verbruggen,Goalkeeper,BHA,0.00,0.00
2444523,Ayari,Yasin Ayari,Midfielder,BHA,0.01,0.02
2444523,Hinshelwood,Jack Hinshelwood,Midfielder,BHA,0.02,0.00
2444523,Baleba,Carlos Baleba,Midfielder,BHA,0.04,0.34
2444523,Minteh,Yankuba Minteh,Midfielder,BHA,0.02,0.08
2444523,Cucurella,Marc Cucurella,Defender,CHE,0.38,0.00
2444523,Sancho,Jadon Sancho,Midfielder,CHE,0.22,0.08
2444523,Nkunku,Christopher Nkunku,Midfielder,CHE,0.01,0.00
2444523,Sanchez,Robert Sanchez,Goalkeeper,CHE,0.00,0.00
2444523,Palmer (Cole),Cole Palmer,Midfielder,CHE,0.62,2.41
2444523,Neto,Pedro Neto,Midfielder,CHE,0.09,0.07
2444523,Madueke,Noni Madueke,Midfielder,CHE,0.00,0.23
2444523,Fofana (Wesley),Wesley Fofana,Defender,CHE,0.00,0.00
2444523,Fernández,Enzo Fernández,Midfielder,CHE,0.16,0.00
2444523,Colwill,Levi Colwill,Defender,CHE,0.00,0.00
2444523,Mudryk,Mykhailo Mudryk,Midfielder,CHE,0.00,0.00
2444523,Gusto,Malo Gusto,Defender,CHE,0.00,0.00
2444523,Moises Caicedo,Moises Caicedo,Midfielder,CHE,0.10,0.00
2444523,Lavia,Romeo Lavia,Midfielder,CHE,0.00,0.00
2444523,Jackson (Nicolas),Nicolas Jackson,Forward,CHE,0.06,1.37
2444523,Renato Veiga,Renato da Palma Veiga,Midfielder,CHE,0.00,0.00
2444524,Schlupp,Jeffrey Schlupp,Midfielder,CRY,0.01,0.05
2444524,Hughes,Will Hughes,Midfielder,CRY,0.00,0.00
2444524,Lerma,Jefferson Lerma,Midfielder,CRY,0.03,0.02
2444524,Henderson,Dean Henderson,Goalkeeper,CRY,0.00,0.01
2444524,Eddie Nketiah,Edward Nketiah,Forward,CRY,0.01,0.09
2444524,Marc Guehi,Addji Keaninkin Marc-Israel Guehi,Defender,CRY,0.10,0.18
2444524,Kamada,Daichi Kamada,Midfielder,CRY,0.07,0.00
2444524,Mateta,Jean-Philippe Mateta,Forward,CRY,0.01,0.02
2444524,Ismaila Sarr,Ismaila Sarr,Midfielder,CRY,0.00,0.00
2444524,Eze,Eberechi Eze,Midfielder,CRY,0.09,0.21
2444524,Mitchell,Tyrick Mitchell,Defender,CRY,0.01,0.00
2444524,Muñoz,Daniel Muñoz,Defender,CRY,0.07,0.18
2444524,Lacroix,Maxence Lacroix,Defender,CRY,0.15,0.16
2444524,Wharton,Adam Wharton,Midfielder,CRY,0.22,0.03
2444524,Tarkowski,James Tarkowski,Defender,EVE,0.01,0.26
2444524,Young (Ashley),Ashley Young,Defender,EVE,0.02,0.00
2444524,Gueye,Idrissa Gueye,Midfielder,EVE,0.03,0.02
2444524,Pickford,Jordan Pickford,Goalkeeper,EVE,0.01,0.00
2444524,Doucouré,Abdoulaye Doucouré,Midfielder,EVE,0.02,0.00
2444524,Calvert-Lewin,Dominic Calvert-Lewin,Forward,EVE,0.01,0.34
2444524,Mangala,Orel Mangala,Midfielder,EVE,0.01,0.00
2444524,Harrison (Jack),Jack Harrison,Midfielder,EVE,0.00,0.00
2444524,Mykolenko,Vitaliy Mykolenko,Defender,EVE,0.11,0.02
2444524,Garner,James Garner,Midfielder,EVE,0.00,0.00
2444524,McNeil,Dwight McNeil,Midfielder,EVE,0.21,0.25
2444524,Ndiaye,Iliman Ndiaye,Forward,EVE,0.05,0.00
2444524,Lindstrom,Jesper Lindstrom,Midfielder,EVE,0.41,0.00
2444524,Branthwaite,Jarrad Branthwaite,Defender,EVE,0.00,0.00
2444525,Barkley,Ross Barkley,Midfielder,AVL,0.00,0.02
2444525,Martinez,Emiliano Martinez,Goalkeeper,AVL,0.00,0.00
2444525,Digne,Lucas Digne,Defender,AVL,0.02,0.00
2444525,Diego Carlos,Diego Carlos Santos Silva,Defender,AVL,0.01,0.00
2444525,Tielemans,Youri Tielemans,Midfielder,AVL,0.16,0.03
2444525,Watkins,Ollie Watkins,Forward,AVL,0.13,0.40
2444525,Buendía,Emiliano Buendía,Midfielder,AVL,0.00,0.09
2444525,Konsa Ngoyo,Ezri Konsa Ngoyo,Defender,AVL,0.02,0.00
2444525,Bailey,Leon Bailey,Midfielder,AVL,0.45,0.00
2444525,Ramsey (Jacob),Jacob Ramsey,Midfielder,AVL,0.04,0.05
2444525,Rogers,Morgan Rogers,Midfielder,AVL,0.14,0.24
2444525,Torres,Pau Torres,Defender,AVL,0.02,0.00
2444525,Maatsen,Ian Maatsen,Defender,AVL,0.00,0.00
2444525,Mvom Onana,Amadou Mvom Onana,Midfielder,AVL,0.02,0.00
2444525,Durán,Jhon Durán,Forward,AVL,0.00,0.00
2444525,Philogene-Bidace,Jaden Philogene-Bidace,Midfielder,AVL,0.01,0.00
2444525,Morsy,Sam Morsy,Midfielder,IPS,0.02,0.07
2444525,Luongo,Massimo Luongo,Midfielder,IPS,0.00,0.00
2444525,Burns,Wes Burns,Midfielder,IPS,0.00,0.16
2444525,Phillips (Kalvin),Kalvin Phillips,Midfielder,IPS,0.02,0.02
2444525,Szmodics,Sammie Szmodics,Midfielder,IPS,0.02,0.00
2444525,Tuanzebe,Axel Tuanzebe,Defender,IPS,0.00,0.11
2444525,O'Shea,Dara O'Shea,Defender,IPS,0.00,0.04
2444525,Hirst,George Hirst,Forward,IPS,0.00,0.00
2444525,Ogbene,Chiedozie Ogbene,Midfielder,IPS,0.03,0.00
2444525,Taylor (Jack),Jack Taylor,Midfielder,IPS,0.03,0.03
2444525,Muric,Arijanet Muric,Goalkeeper,IPS,0.00,0.00
2444525,Clarke (Jack),Jack Clarke,Midfielder,IPS,0.13,0.14
2444525,Greaves,Jacob Greaves,Defender,IPS,0.00,0.00
2444525,Davis,Leif Davis,Defender,IPS,0.48,0.04
2444525,Delap,Liam Delap,Forward,IPS,0.00,0.57
2444525,Hutchinson,Omari Hutchinson,Midfielder,IPS,0.02,0.02
2444526,Casemiro,Carlos Henrique Jose Francisco Venancio,Midfielder,MUN,0.07,0.17
2444526,Eriksen,Christian Eriksen,Midfielder,MUN,0.03,0.00
2444526,Bruno Fernandes,Bruno Miguel Borges Fernandes,Midfielder,MUN,0.02,0.00
2444526,Rashford,Marcus Rashford,Midfielder,MUN,0.05,0.00
2444526,Mount,Mason Mount,Midfielder,MUN,0.01,0.00
2444526,Onana,André Onana,Goalkeeper,MUN,0.00,0.00
2444526,de Ligt,Matthijs de Ligt,Defender,MUN,0.01,0.17
2444526,Dalot,José Diogo Dalot Teixeira,Defender,MUN,0.02,0.00
2444526,Martínez,Lisandro Martínez,Defender,MUN,0.03,0.24
2444526,Mazraoui,Noussair Mazraoui,Defender,MUN,0.01,0.00
2444526,Ugarte,Manuel Ugarte,Midfielder,MUN,0.00,0.00
2444526,Zirkzee,Joshua Zirkzee,Forward,MUN,0.01,0.25
2444526,Garnacho,Alejandro Garnacho Ferreyra,Midfielder,MUN,0.07,0.14
2444526,Amad Diallo,Amad Diallo Traore,Midfielder,MUN,0.02,0.00
2444526,Højlund,Rasmus Højlund,Forward,MUN,0.01,0.00
2444526,Mainoo,Kobbie Mainoo,Midfielder,MUN,0.10,0.00
2444526,Solanke,Dominic Solanke,Forward,TOT,0.01,1.33
2444526,Werner,Timo Werner,Midfielder,TOT,0.03,0.61
2444526,Maddison,James Maddison,Midfielder,TOT,0.08,0.45
2444526,Vicario,Guglielmo Vicario,Goalkeeper,TOT,0.00,0.00
2444526,Bentancur,Rodrigo Bentancur,Midfielder,TOT,0.04,0.00
2444526,Romero,Cristian Romero,Defender,TOT,0.02,0.08
2444526,Spence,Djed Spence,Defender,TOT,0.01,0.00
2444526,Johnson (Brennan),Brennan Johnson,Midfielder,TOT,0.15,0.97
2444526,Porro,Pedro Porro,Defender,TOT,0.09,0.12
2444526,Kulusevski,Dejan Kulusevski,Midfielder,TOT,0.39,0.43
2444526,Sarr (Pape),Pape Sarr,Midfielder,TOT,0.00,0.47
2444526,Destiny Udogie,Iyenoma Destiny Udogie,Defender,TOT,0.01,0.09
2444526,van de Ven,Micky van de Ven,Defender,TOT,0.57,0.09
2444526,Dragusin,Radu Dragusin,Defender,TOT,0.00,0.00
2444526,Moore (Mikey),Mikey Moore,Midfielder,TOT,0.00,0.04
2444526,Bergvall,Lucas Bergvall,Midfielder,TOT,0.10,0.02
2444527,Walker,Kyle Walker,Defender,MCI,0.03,0.00
2444527,Gundogan,Ilkay Gundogan,Midfielder,MCI,0.25,0.11
2444527,Kovacic,Mateo Kovacic,Midfielder,MCI,0.09,0.05
2444527,Grealish,Jack Grealish,Midfielder,MCI,0.32,0.02
2444527,Ederson,Ederson Santana de Moraes,Goalkeeper,MCI,0.00,0.00
2444527,Bernardo Silva,Bernardo Mota Veiga de Carvalho e Silva,Midfielder,MCI,0.14,0.09
2444527,Rúben Dias,Rúben Santos Gato Alves Dias,Defender,MCI,0.04,0.00
2444527,Foden,Phil Foden,Midfielder,MCI,0.12,0.06
2444527,Akanji,Manuel Akanji,Defender,MCI,0.10,0.06
2444527,Haaland,Erling Haaland,Forward,MCI,0.10,0.45
2444527,Doku,Jéremy Doku,Midfielder,MCI,0.01,0.00
2444527,Lewis (Rico),Rico Lewis,Defender,MCI,0.02,0.00
2444527,Gvardiol,Joško Gvardiol,Defender,MCI,0.02,0.08
2444527,Savinho,Sávio Moreira de Oliveira,Midfielder,MCI,0.17,0.00
2444527,Trippier,Kieran Trippier,Defender,NEW,0.04,0.03
2444527,Burn,Dan Burn,Defender,NEW,0.03,0.04
2444527,Pope,Nick Pope,Goalkeeper,NEW,0.00,0.00
2444527,Murphy (Jacob),Jacob Murphy,Midfielder,NEW,0.07,0.00
2444527,Schär,Fabian Schär,Defender,NEW,0.04,0.08
2444527,Longstaff (Sean),Sean Longstaff,Midfielder,NEW,0.00,0.21
2444527,Joelinton,Joelinton Cássio Apolinário de Lira,Midfielder,NEW,0.02,0.19
2444527,Willock,Joseph Willock,Midfielder,NEW,0.00,0.00
2444527,Barnes,Harvey Barnes,Midfielder,NEW,0.02,0.25
2444527,Bruno Guimarães,Bruno Guimarães Rodriguez Moura,Midfielder,NEW,0.26,0.00
2444527,Gordon (Anthony),Anthony Gordon,Midfielder,NEW,0.10,0.79
2444527,Tonali,Sandro Tonali,Midfielder,NEW,0.02,0.00
2444527,Livramento,Valentino Livramento,Defender,NEW,0.00,0.00
2444527,Lewis Hall,Lewis Hall,Defender,NEW,0.11,0.00
2444528,Leno,Bernd Leno,Goalkeeper,FUL,0.00,0.00
2444528,Raúl Jiménez,Raul Alonso Jimenez Rodriguez,Forward,FUL,0.03,0.91
2444528,Iwobi,Alex Iwobi,Midfielder,FUL,0.14,0.03
2444528,Reed,Harrison Reed,Midfielder,FUL,0.00,0.00
2444528,Pereira,Andreas Pereira,Midfielder,FUL,0.06,0.05
2444528,Traoré (Adama),Adama Traoré,Midfielder,FUL,0.01,0.04
2444528,Tete,Kenny Tete,Defender,FUL,0.01,0.02
2444528,Robinson (Antonee),Antonee Robinson,Defender,FUL,0.02,0.04
2444528,Andersen,Joachim Andersen,Defender,FUL,0.02,0.06
2444528,Nelson (Reiss),Reiss Nelson,Midfielder,FUL,0.01,0.02
2444528,Berge,Sander Berge,Midfielder,FUL,0.00,0.00
2444528,Smith-Rowe,Emile Smith-Rowe,Midfielder,FUL,0.05,0.15
2444528,Lukic,Sasa Lukic,Midfielder,FUL,0.02,0.00
2444528,Diop,Issa Diop,Defender,FUL,0.00,0.00
2444528,Bassey,Calvin Bassey,Defender,FUL,0.01,0.01
2444528,Rodrigo Muniz,Rodrigo Muniz Carvalho,Forward,FUL,0.00,0.00
2444528,Wood (Chris),Chris Wood,Forward,NFO,0.02,0.00
2444528,Sels,Matz Sels,Goalkeeper,NFO,0.04,0.00
2444528,Ward-Prowse,James Ward-Prowse,Midfielder,NFO,0.10,0.02
2444528,Álex Moreno,Alexandre Moreno Lopera,Defender,NFO,0.01,0.05
2444528,Aina,Ola Aina,Defender,NFO,0.31,0.00
2444528,Yates,Ryan Yates,Midfielder,NFO,0.16,0.02
2444528,Hudson-Odoi,Callum Hudson-Odoi,Midfielder,NFO,0.10,0.15
2444528,Awoniyi,Taiwo Awoniyi,Forward,NFO,0.01,0.16
2444528,Williams (Neco),Neco Williams,Defender,NFO,0.00,0.00
2444528,Anderson,Elliot Anderson,Midfielder,NFO,0.04,0.03
2444528,Milenkovic,Nikola Milenkovic,Defender,NFO,0.00,0.14
2444528,Nicolás Domínguez,Nicolás Domínguez,Midfielder,NFO,0.00,0.03
2444528,Elanga,Anthony Elanga,Midfielder,NFO,0.01,0.07
2444528,Sosa,Ramón Sosa,Midfielder,NFO,0.01,0.00
2444528,Jota Silva,João Pedro Ferreira da Silva,Midfielder,NFO,0.04,0.14
2444528,Murillo,Murillo Santiago Costa dos Santos,Defender,NFO,0.15,0.00
2444529,van Dijk,Virgil van Dijk,Defender,LIV,0.02,0.00
2444529,Alisson,Alisson Ramses Becker,Goalkeeper,LIV,0.00,0.00
2444529,Salah,Mohamed Salah,Midfielder,LIV,0.05,1.32
2444529,Robertson,Andrew Robertson,Defender,LIV,0.56,0.00
2444529,Alexander-Arnold,Trent Alexander-Arnold,Defender,LIV,0.10,0.09
2444529,Gomez,Joseph Gomez,Defender,LIV,0.00,0.00
2444529,Diogo Jota,Diogo José Teixeira da Silva,Midfielder,LIV,0.15,0.00
2444529,Konaté,Ibrahima Konaté,Defender,LIV,0.01,0.17
2444529,Jones,Curtis Jones,Midfielder,LIV,0.01,0.09
2444529,Mac Allister,Alexis Mac Allister,Midfielder,LIV,0.20,0.00
2444529,Gakpo,Cody Gakpo,Forward,LIV,0.01,0.00
2444529,Díaz,Luis Díaz,Midfielder,LIV,0.05,0.12
2444529,Szoboszlai,Dominik Szoboszlai,Midfielder,LIV,0.01,0.75
2444529,Gravenberch,Ryan Gravenberch,Midfielder,LIV,0.04,0.00
2444529,Johnstone,Sam Johnstone,Goalkeeper,WOL,0.00,0.00
2444529,Lemina (Mario),Mario Lemina,Midfielder,WOL,0.06,0.01
2444529,Hwang Hee-Chan,Hee-Chan Hwang,Midfielder,WOL,0.00,0.00
2444529,Semedo,Nelson Semedo,Defender,WOL,0.01,0.01
2444529,Doyle (Tommy),Tommy Doyle,Midfielder,WOL,0.01,0.00
2444529,Bellegarde,Jean-Ricner Bellegarde,Midfielder,WOL,0.07,0.04
2444529,Bueno (Santiago),Santiago Bueno,Defender,WOL,0.00,0.00
2444529,Strand Larsen,Jørgen Strand Larsen,Forward,WOL,0.03,0.04
2444529,Matheus Cunha,Matheus Santos Carneiro Da Cunha,Forward,WOL,0.01,0.05
2444529,João Gomes,João Victor Gomes da Silva,Midfielder,WOL,0.01,0.00
2444529,Ait Nouri,Rayan Ait Nouri,Defender,WOL,0.02,0.38
2444529,Carlos Borges,Carlos Roberto Forbs Borges,Midfielder,WOL,0.01,0.11
2444529,André,André Trindade da Costa Neto,Midfielder,WOL,0.01,0.00
2444529,Toti,Toti António Gomes,Defender,WOL,0.01,0.00
2444530,Jorginho,Jorge Luiz Frello Filho,Midfielder,ARS,0.14,0.04
2444530,Sterling,Raheem Sterling,Midfielder,ARS,0.02,0.33
2444530,Trossard,Leandro Trossard,Midfielder,ARS,0.07,0.00
2444530,Raya Martin,David Raya Martin,Goalkeeper,ARS,0.00,0.00
2444530,Partey,Thomas Partey,Midfielder,ARS,0.05,0.11
2444530,Merino,Mikel Merino,Midfielder,ARS,0.03,0.00
2444530,Rice,Declan Rice,Midfielder,ARS,0.20,0.14
2444530,Jesus,Gabriel Fernando de Jesus,Forward,ARS,0.06,0.38
2444530,Havertz,Kai Havertz,Forward,ARS,0.04,0.77
2444530,Saka,Bukayo Saka,Midfielder,ARS,0.93,0.31
2444530,Tomiyasu,Takehiro Tomiyasu,Defender,ARS,0.00,0.18
2444530,Gabriel Magalhães,Gabriel dos Santos Magalhães,Defender,ARS,0.04,0.20
2444530,Kiwior,Jakub Kiwior,Defender,ARS,0.00,0.00
2444530,Martinelli,Gabriel Teodoro Martinelli Silva,Midfielder,ARS,0.04,0.41
2444530,Saliba,William Saliba,Defender,ARS,0.03,0.00
2444530,Calafiori,Riccardo Calafiori,Defender,ARS,0.12,0.00
2444530,Taylor (Charlie),Charlie Taylor,Defender,SOU,0.00,0.00
2444530,Paul Onuachu,Ebere Paul Onuachu,Forward,SOU,0.00,0.00
2444530,Armstrong (Adam),Adam Armstrong,Forward,SOU,0.01,0.00
2444530,Walker-Peters,Kyle Walker-Peters,Defender,SOU,0.01,0.02
2444530,Bednarek,Jan Bednarek,Defender,SOU,0.01,0.00
2444530,Aribo,Joe Aribo,Midfielder,SOU,0.00,0.04
2444530,Manning,Ryan Manning,Defender,SOU,0.00,0.00
2444530,Sugawara,Yukinari Sugawara,Defender,SOU,0.14,0.00
2444530,Downes,Flynn Downes,Midfielder,SOU,0.00,0.04
2444530,Ramsdale,Aaron Ramsdale,Goalkeeper,SOU,0.01,0.00
2444530,Stewart,Ross Stewart,Forward,SOU,0.00,0.00
2444530,Harwood-Bellis,Taylor Harwood-Bellis,Defender,SOU,0.00,0.26
2444530,Archer,Cameron Archer,Forward,SOU,0.00,0.06
2444530,Dibling,Tyler Dibling,Midfielder,SOU,0.02,0.06
2444530,Mateus Fernandes,Mateus Gonçalo Espanha Fernandes,Midfielder,SOU,0.00,0.17
2444531,Barkley,Ross Barkley,Midfielder,AVL,0.07,0.00
2444531,Martinez,Emiliano Martinez,Goalkeeper,AVL,0.00,0.00
2444531,Digne,Lucas Digne,Defender,AVL,0.08,0.05
2444531,Diego Carlos,Diego Carlos Santos Silva,Defender,AVL,0.01,0.00
2444531,Tielemans,Youri Tielemans,Midfielder,AVL,0.06,0.09
2444531,Watkins,Ollie Watkins,Forward,AVL,0.06,0.06
2444531,Cash,Matthew Cash,Defender,AVL,0.01,0.03
2444531,Konsa Ngoyo,Ezri Konsa Ngoyo,Defender,AVL,0.00,0.00
2444531,Bailey,Leon Bailey,Midfielder,AVL,0.06,0.02
2444531,Rogers,Morgan Rogers,Midfielder,AVL,0.02,0.14
2444531,Torres,Pau Torres,Defender,AVL,0.01,0.00
2444531,Maatsen,Ian Maatsen,Defender,AVL,0.09,0.00
2444531,Durán,Jhon Durán,Forward,AVL,0.03,0.00
2444531,Philogene-Bidace,Jaden Philogene-Bidace,Midfielder,AVL,0.03,0.12
2444531,Evans (Jonny),Jonny Evans,Defender,MUN,0.01,0.10
2444531,Casemiro,Carlos Henrique Jose Francisco Venancio,Midfielder,MUN,0.01,0.00
2444531,Eriksen,Christian Eriksen,Midfielder,MUN,0.14,0.00
2444531,Maguire,Harry Maguire,Defender,MUN,0.00,0.00
2444531,Bruno Fernandes,Bruno Miguel Borges Fernandes,Midfielder,MUN,0.02,0.04
2444531,Rashford,Marcus Rashford,Midfielder,MUN,0.01,0.20
2444531,Lindelof,Victor Nilsson-Lindelof,Defender,MUN,0.01,0.00
2444531,Onana,André Onana,Goalkeeper,MUN,0.00,0.00
2444531,de Ligt,Matthijs de Ligt,Defender,MUN,0.00,0.00
2444531,Dalot,José Diogo Dalot Teixeira,Defender,MUN,0.12,0.00
2444531,Mazraoui,Noussair Mazraoui,Defender,MUN,0.00,0.00
2444531,Zirkzee,Joshua Zirkzee,Forward,MUN,0.00,0.00
2444531,Antony,Antony Matheus dos Santos,Midfielder,MUN,0.00,0.15
2444531,Garnacho,Alejandro Garnacho Ferreyra,Midfielder,MUN,0.01,0.07
2444531,Højlund,Rasmus Højlund,Forward,MUN,0.00,0.00
2444531,Mainoo,Kobbie Mainoo,Midfielder,MUN,0.02,0.01
2444532,Flekken,Mark Flekken,Goalkeeper,BRE,0.00,0.00
2444532,Norgaard,Christian Norgaard,Midfielder,BRE,0.01,0.39
2444532,Ajer,Kristoffer Ajer,Defender,BRE,0.02,0.00
2444532,Janelt,Vitaly Janelt,Midfielder,BRE,0.16,0.10
2444532,Roerslev,Mads Roerslev,Defender,BRE,0.00,0.00
2444532,Pinnock,Ethan Pinnock,Defender,BRE,0.00,0.19
2444532,Carvalho,Fabio Carvalho,Midfielder,BRE,0.02,0.89
2444532,Lewis-Potter,Keane Lewis-Potter,Midfielder,BRE,0.39,0.25
2444532,Collins,Nathan Collins,Defender,BRE,0.23,0.71
2444532,Damsgaard,Mikkel Damsgaard,Midfielder,BRE,0.73,0.00
2444532,van den Berg,Sepp van den Berg,Defender,BRE,0.02,0.19
2444532,Mbeumo,Bryan Mbeumo,Midfielder,BRE,0.29,0.84
2444532,Yarmolyuk,Ehor Yarmolyuk,Midfielder,BRE,0.01,0.00
2444532,Schade,Kevin Schade,Midfielder,BRE,0.00,0.54
2444532,Konak,Yunus Konak,Midfielder,BRE,0.00,0.15
2444532,Dawson,Craig Dawson,Defender,WOL,0.02,0.05
2444532,Johnstone,Sam Johnstone,Goalkeeper,WOL,0.00,0.00
2444532,Lemina (Mario),Mario Lemina,Midfielder,WOL,0.02,0.22
2444532,Gonçalo Guedes,Gonçalo Manuel Ganchinho Guedes,Midfielder,WOL,0.07,0.04
2444532,Hwang Hee-Chan,Hee-Chan Hwang,Midfielder,WOL,0.01,0.00
2444532,Semedo,Nelson Semedo,Defender,WOL,0.12,0.04
2444532,Bellegarde,Jean-Ricner Bellegarde,Midfielder,WOL,0.00,0.00
2444532,Strand Larsen,Jørgen Strand Larsen,Forward,WOL,0.00,0.16
2444532,Matheus Cunha,Matheus Santos Carneiro Da Cunha,Forward,WOL,0.27,0.44
2444532,João Gomes,João Victor Gomes da Silva,Midfielder,WOL,0.03,0.02
2444532,Ait Nouri,Rayan Ait Nouri,Defender,WOL,0.22,0.06
2444532,Carlos Borges,Carlos Roberto Forbs Borges,Midfielder,WOL,0.07,0.00
2444532,André,André Trindade da Costa Neto,Midfielder,WOL,0.01,0.01
2444532,Toti,Toti António Gomes,Defender,WOL,0.01,0.01
2444533,Welbeck,Danny Welbeck,Forward,BHA,0.02,1.11
2444533,Dunk,Lewis Dunk,Defender,BHA,0.00,0.00
2444533,Webster,Adam Webster,Defender,BHA,0.00,0.00
2444533,Veltman,Joël Veltman,Defender,BHA,0.01,0.00
2444533,Estupiñán,Pervis Estupiñán,Defender,BHA,0.11,0.00
2444533,Igor Julio,Igor Julio dos Santos de Paulo,Defender,BHA,0.01,0.00
2444533,Kadioglu,Ferdi Kadioglu,Defender,BHA,0.11,0.00
2444533,Mitoma,Kaoru Mitoma,Midfielder,BHA,0.20,0.11
2444533,Rutter,Georginio Rutter,Midfielder,BHA,0.01,0.22
2444533,Wieffer,Mats Wieffer,Midfielder,BHA,0.00,0.00
2444533,Enciso,Julio Enciso,Midfielder,BHA,0.02,0.00
2444533,Verbruggen,Bart Verbruggen,Goalkeeper,BHA,0.00,0.00
2444533,Gruda,Brajan Gruda,Midfielder,BHA,0.00,0.00
2444533,Hinshelwood,Jack Hinshelwood,Midfielder,BHA,0.01,0.05
2444533,Baleba,Carlos Baleba,Midfielder,BHA,0.01,0.00
2444533,Minteh,Yankuba Minteh,Midfielder,BHA,0.02,0.26
2444533,Solanke,Dominic Solanke,Forward,TOT,0.28,0.00
2444533,Werner,Timo Werner,Midfielder,TOT,0.09,0.12
2444533,Maddison,James Maddison,Midfielder,TOT,0.03,0.26
2444533,Vicario,Guglielmo Vicario,Goalkeeper,TOT,0.00,0.00
2444533,Bentancur,Rodrigo Bentancur,Midfielder,TOT,0.01,0.00
2444533,Romero,Cristian Romero,Defender,TOT,0.04,0.16
2444533,Bissouma,Yves Bissouma,Midfielder,TOT,0.00,0.00
2444533,Johnson (Brennan),Brennan Johnson,Midfielder,TOT,0.01,0.62
2444533,Porro,Pedro Porro,Defender,TOT,0.16,0.03
2444533,Kulusevski,Dejan Kulusevski,Midfielder,TOT,0.16,0.04
2444533,Sarr (Pape),Pape Sarr,Midfielder,TOT,0.00,0.00
2444533,Destiny Udogie,Iyenoma Destiny Udogie,Defender,TOT,0.01,0.11
2444533,van de Ven,Micky van de Ven,Defender,TOT,0.01,0.00
2444533,Moore (Mikey),Mikey Moore,Midfielder,TOT,0.00,0.00
2444534,Tosin,Oluwatosin Adarabioyo,Defender,CHE,0.00,0.00
2444534,Cucurella,Marc Cucurella,Defender,CHE,0.02,0.00
2444534,Sancho,Jadon Sancho,Midfielder,CHE,0.31,0.00
2444534,Nkunku,Christopher Nkunku,Midfielder,CHE,0.01,0.51
2444534,Sanchez,Robert Sanchez,Goalkeeper,CHE,0.00,0.00
2444534,Palmer (Cole),Cole Palmer,Midfielder,CHE,0.10,0.70
2444534,Neto,Pedro Neto,Midfielder,CHE,0.12,0.00
2444534,Madueke,Noni Madueke,Midfielder,CHE,0.43,0.35
2444534,João Félix,João Félix Sequeira,Midfielder,CHE,0.02,0.21
2444534,Fofana (Wesley),Wesley Fofana,Defender,CHE,0.02,0.00
2444534,Fernández,Enzo Fernández,Midfielder,CHE,0.24,0.06
2444534,Colwill,Levi Colwill,Defender,CHE,0.01,0.00
2444534,Mudryk,Mykhailo Mudryk,Midfielder,CHE,0.19,0.00
2444534,Gusto,Malo Gusto,Defender,CHE,0.13,0.10
2444534,Moises Caicedo,Moises Caicedo,Midfielder,CHE,0.06,0.03
2444534,Jackson (Nicolas),Nicolas Jackson,Forward,CHE,0.04,0.50
2444534,Wood (Chris),Chris Wood,Forward,NFO,0.00,0.16
2444534,Sels,Matz Sels,Goalkeeper,NFO,0.00,0.00
2444534,Ward-Prowse,James Ward-Prowse,Midfielder,NFO,0.03,0.04
2444534,Álex Moreno,Alexandre Moreno Lopera,Defender,NFO,0.08,0.01
2444534,Aina,Ola Aina,Defender,NFO,0.08,0.02
2444534,Yates,Ryan Yates,Midfielder,NFO,0.00,0.19
2444534,Hudson-Odoi,Callum Hudson-Odoi,Midfielder,NFO,0.11,0.00
2444534,Williams (Neco),Neco Williams,Defender,NFO,0.00,0.16
2444534,Anderson,Elliot Anderson,Midfielder,NFO,0.01,0.11
2444534,Gibbs-White,Morgan Gibbs-White,Midfielder,NFO,0.01,0.08
2444534,Milenkovic,Nikola Milenkovic,Defender,NFO,0.07,0.00
2444534,Nicolás Domínguez,Nicolás Domínguez,Midfielder,NFO,0.00,0.00
2444534,Elanga,Anthony Elanga,Midfielder,NFO,0.01,0.00
2444534,Morato,Felipe Rodrigues da Silva,Defender,NFO,0.00,0.00
2444534,Jota Silva,João Pedro Ferreira da Silva,Midfielder,NFO,0.01,0.06
2444534,Murillo,Murillo Santiago Costa dos Santos,Defender,NFO,0.00,0.05
2444535,Clyne,Nathaniel Clyne,Defender,CRY,0.00,0.01
2444535,Hughes,Will Hughes,Midfielder,CRY,0.01,0.02
2444535,Lerma,Jefferson Lerma,Midfielder,CRY,0.02,0.02
2444535,Henderson,Dean Henderson,Goalkeeper,CRY,0.00,0.00
2444535,Chalobah,Trevoh Chalobah,Defender,CRY,0.01,0.21
2444535,Eddie Nketiah,Edward Nketiah,Forward,CRY,0.01,0.07
2444535,Marc Guehi,Addji Keaninkin Marc-Israel Guehi,Defender,CRY,0.01,0.00
2444535,Kamada,Daichi Kamada,Midfielder,CRY,0.00,0.00
2444535,Mateta,Jean-Philippe Mateta,Forward,CRY,0.07,0.00
2444535,Ismaila Sarr,Ismaila Sarr,Midfielder,CRY,0.00,0.08
2444535,Eze,Eberechi Eze,Midfielder,CRY,0.20,0.24
2444535,Mitchell,Tyrick Mitchell,Defender,CRY,0.00,0.00
2444535,Muñoz,Daniel Muñoz,Defender,CRY,0.00,0.00
2444535,Lacroix,Maxence Lacroix,Defender,CRY,0.19,0.00
2444535,Wharton,Adam Wharton,Midfielder,CRY,0.02,0.00
2444535,van Dijk,Virgil van Dijk,Defender,LIV,0.09,0.03
2444535,Alisson,Alisson Ramses Becker,Goalkeeper,LIV,0.00,0.00
2444535,Salah,Mohamed Salah,Midfielder,LIV,0.02,0.21
2444535,Robertson,Andrew Robertson,Defender,LIV,0.00,0.00
2444535,Endo,Wataru Endo,Midfielder,LIV,0.01,0.00
2444535,Alexander-Arnold,Trent Alexander-Arnold,Defender,LIV,0.48,0.06
2444535,Diogo Jota,Diogo José Teixeira da Silva,Midfielder,LIV,0.06,0.81
2444535,Konaté,Ibrahima Konaté,Defender,LIV,0.01,0.00
2444535,Jones,Curtis Jones,Midfielder,LIV,0.03,0.03
2444535,Tsimikas,Konstantinos Tsimikas,Defender,LIV,0.07,0.03
2444535,Mac Allister,Alexis Mac Allister,Midfielder,LIV,0.04,0.00
2444535,Gakpo,Cody Gakpo,Forward,LIV,0.24,0.06
2444535,Díaz,Luis Díaz,Midfielder,LIV,0.01,0.07
2444535,Szoboszlai,Dominik Szoboszlai,Midfielder,LIV,0.06,0.04
2444535,Jaros,Vitezslav Jaros,Goalkeeper,LIV,0.00,0.00
2444535,Gravenberch,Ryan Gravenberch,Midfielder,LIV,0.36,0.06
2444536,Tarkowski,James Tarkowski,Defender,EVE,0.01,0.00
2444536,Young (Ashley),Ashley Young,Defender,EVE,0.00,0.00
2444536,Gueye,Idrissa Gueye,Midfielder,EVE,0.00,0.41
2444536,Keane,Michael Keane,Defender,EVE,0.00,0.00
2444536,Pickford,Jordan Pickford,Goalkeeper,EVE,0.00,0.00
2444536,Doucouré,Abdoulaye Doucouré,Midfielder,EVE,0.02,0.00
2444536,Calvert-Lewin,Dominic Calvert-Lewin,Forward,EVE,0.01,0.21
2444536,Mangala,Orel Mangala,Midfielder,EVE,0.00,0.02
2444536,Harrison (Jack),Jack Harrison,Midfielder,EVE,0.02,0.00
2444536,Garner,James Garner,Midfielder,EVE,0.00,0.04
2444536,McNeil,Dwight McNeil,Midfielder,EVE,0.09,0.04
2444536,Ndiaye,Iliman Ndiaye,Forward,EVE,0.06,0.00
2444536,Iroegbunam,Tim Iroegbunam,Midfielder,EVE,0.00,0.00
2444536,Trippier,Kieran Trippier,Defender,NEW,0.12,0.00
2444536,Burn,Dan Burn,Defender,NEW,0.00,0.03
2444536,Pope,Nick Pope,Goalkeeper,NEW,0.00,0.00
2444536,Murphy (Jacob),Jacob Murphy,Midfielder,NEW,0.12,0.05
2444536,Schär,Fabian Schär,Defender,NEW,0.01,0.00
2444536,Almirón,Miguel Almirón,Midfielder,NEW,0.13,0.19
2444536,Longstaff (Sean),Sean Longstaff,Midfielder,NEW,0.01,0.00
2444536,Joelinton,Joelinton Cássio Apolinário de Lira,Midfielder,NEW,0.18,0.32
2444536,Willock,Joseph Willock,Midfielder,NEW,0.01,0.00
2444536,Barnes,Harvey Barnes,Midfielder,NEW,0.04,0.00
2444536,Bruno Guimarães,Bruno Guimarães Rodriguez Moura,Midfielder,NEW,0.03,0.26
2444536,Gordon (Anthony),Anthony Gordon,Midfielder,NEW,0.14,0.97
2444536,Tonali,Sandro Tonali,Midfielder,NEW,0.04,0.23
2444536,Livramento,Valentino Livramento,Defender,NEW,0.01,0.00
2444536,Lewis Hall,Lewis Hall,Defender,NEW,0.12,0.00
2444537,Smith,Adam Smith,Defender,BOU,0.00,0.00
2444537,Kepa,Kepa Arrizabalaga Revuelta,Goalkeeper,BOU,0.00,0.00
2444537,Brooks,David Brooks,Midfielder,BOU,0.26,0.00
2444537,Cook,Lewis Cook,Midfielder,BOU,0.32,0.00
2444537,Christie,Ryan Christie,Midfielder,BOU,0.03,0.14
2444537,Unal,Enes Unal,Forward,BOU,0.01,0.44
2444537,Tavernier,Marcus Tavernier,Midfielder,BOU,0.06,0.14
2444537,Senesi,Marcos Senesi,Defender,BOU,0.02,0.12
2444537,Kluivert,Justin Kluivert,Midfielder,BOU,0.03,0.10
2444537,Sinisterra,Luis Sinisterra,Midfielder,BOU,0.59,0.03
2444537,Semenyo,Antoine Semenyo,Midfielder,BOU,0.04,0.26
2444537,Evanilson,Francisco Evanilson de Lima Barbosa,Forward,BOU,0.16,0.12
2444537,Zabarnyi,Illia Zabarnyi,Defender,BOU,0.01,0.11
2444537,Scott,Alex Scott,Midfielder,BOU,0.04,0.00
2444537,Dango Ouattara,Dango Ouattara,Midfielder,BOU,0.01,0.71
2444537,Kerkez,Milos Kerkez,Defender,BOU,0.03,0.00
2444537,Ayew,Jordan Ayew,Midfielder,LEI,0.01,0.00
2444537,DeCordova-Reid,Bobby DeCordova-Reid,Midfielder,LEI,0.00,0.00
2444537,Vardy,Jamie Vardy,Forward,LEI,0.00,0.46
2444537,Mavididi,Stephy Mavididi,Midfielder,LEI,0.13,0.00
2444537,Edouard,Odsonne Edouard,Forward,LEI,0.00,0.00
2444537,Ndidi,Onyinye Wilfred Ndidi,Midfielder,LEI,0.01,0.00
2444537,Skipp,Oliver Skipp,Midfielder,LEI,0.00,0.00
2444537,Faes,Wout Faes,Defender,LEI,0.00,0.00
2444537,Justin,James Justin,Defender,LEI,0.04,0.00
2444537,Soumaré,Boubakary Soumaré,Midfielder,LEI,0.00,0.00
2444537,Hermansen,Mads Hermansen,Goalkeeper,LEI,0.00,0.00
2444537,Okoli,Caleb Okoli,Defender,LEI,0.00,0.00
2444537,Kristiansen,Victor Kristiansen,Defender,LEI,0.03,0.00
2444537,Fatawu,Abdul Fatawu Issahaku,Midfielder,LEI,0.00,0.03
2444537,Buonanotte,Facundo Buonanotte,Midfielder,LEI,0.15,0.30
2444538,Cairney,Tom Cairney,Midfielder,FUL,0.02,0.00
2444538,Leno,Bernd Leno,Goalkeeper,FUL,0.00,0.00
2444538,Raúl Jiménez,Raul Alonso Jimenez Rodriguez,Forward,FUL,0.79,0.45
2444538,Iwobi,Alex Iwobi,Midfielder,FUL,0.44,0.05
2444538,Pereira,Andreas Pereira,Midfielder,FUL,0.32,0.59
2444538,Traoré (Adama),Adama Traoré,Midfielder,FUL,0.02,1.29
2444538,Castagne,Timothy Castagne,Defender,FUL,0.00,0.00
2444538,Tete,Kenny Tete,Defender,FUL,0.01,0.00
2444538,Robinson (Antonee),Antonee Robinson,Defender,FUL,0.22,0.00
2444538,Andersen,Joachim Andersen,Defender,FUL,0.01,0.00
2444538,Nelson (Reiss),Reiss Nelson,Midfielder,FUL,0.17,0.00
2444538,Berge,Sander Berge,Midfielder,FUL,0.01,0.00
2444538,Smith-Rowe,Emile Smith-Rowe,Midfielder,FUL,0.01,0.00
2444538,Lukic,Sasa Lukic,Midfielder,FUL,0.05,0.00
2444538,Bassey,Calvin Bassey,Defender,FUL,0.02,0.00
2444538,Rodrigo Muniz,Rodrigo Muniz Carvalho,Forward,FUL,0.00,0.22
2444538,Walker,Kyle Walker,Defender,MCI,0.00,0.00
2444538,Gundogan,Ilkay Gundogan,Midfielder,MCI,0.07,0.46
2444538,Kovacic,Mateo Kovacic,Midfielder,MCI,0.07,0.30
2444538,Stones,John Stones,Defender,MCI,0.00,0.00
2444538,Grealish,Jack Grealish,Midfielder,MCI,0.05,0.00
2444538,Ederson,Ederson Santana de Moraes,Goalkeeper,MCI,0.00,0.00
2444538,Bernardo Silva,Bernardo Mota Veiga de Carvalho e Silva,Midfielder,MCI,0.32,0.20
2444538,Rúben Dias,Rúben Santos Gato Alves Dias,Defender,MCI,0.04,0.05
2444538,Foden,Phil Foden,Midfielder,MCI,0.44,0.10
2444538,Akanji,Manuel Akanji,Defender,MCI,0.03,0.00
2444538,Haaland,Erling Haaland,Forward,MCI,0.09,0.25
2444538,Doku,Jéremy Doku,Midfielder,MCI,0.00,0.06
2444538,Matheus Nunes,Matheus Luiz Nunes,Midfielder,MCI,0.00,0.00
2444538,Lewis (Rico),Rico Lewis,Defender,MCI,0.04,0.10
2444538,Gvardiol,Joško Gvardiol,Defender,MCI,0.09,0.08
2444539,Morsy,Sam Morsy,Midfielder,IPS,0.04,0.04
2444539,Burns,Wes Burns,Midfielder,IPS,0.08,0.01
2444539,Phillips (Kalvin),Kalvin Phillips,Midfielder,IPS,0.02,0.03
2444539,Szmodics,Sammie Szmodics,Midfielder,IPS,0.00,0.09
2444539,Chaplin,Conor Chaplin,Midfielder,IPS,0.02,0.00
2444539,O'Shea,Dara O'Shea,Defender,IPS,0.00,0.05
2444539,Johnson (Ben),Ben Johnson,Defender,IPS,0.02,0.00
2444539,Hirst,George Hirst,Forward,IPS,0.00,0.00
2444539,Ogbene,Chiedozie Ogbene,Midfielder,IPS,0.00,0.00
2444539,Taylor (Jack),Jack Taylor,Midfielder,IPS,0.00,0.04
2444539,Muric,Arijanet Muric,Goalkeeper,IPS,0.00,0.00
2444539,Clarke (Jack),Jack Clarke,Midfielder,IPS,0.01,0.00
2444539,Greaves,Jacob Greaves,Defender,IPS,0.00,0.27
2444539,Davis,Leif Davis,Defender,IPS,0.34,0.00
2444539,Delap,Liam Delap,Forward,IPS,0.03,0.12
2444539,Hutchinson,Omari Hutchinson,Midfielder,IPS,0.02,0.00
2444539,Cresswell,Aaron Cresswell,Defender,WHU,0.00,0.03
2444539,Antonio,Michail Antonio,Forward,WHU,0.14,0.57
2444539,Areola,Alphonse Areola,Goalkeeper,WHU,0.00,0.00
2444539,Emerson,Emerson Palmieri dos Santos,Defender,WHU,0.11,0.00
2444539,Bowen,Jarrod Bowen,Midfielder,WHU,1.04,0.29
2444539,Rodríguez,Guido Rodríguez,Midfielder,WHU,0.01,0.00
2444539,Álvarez (Edson),Edson Álvarez,Midfielder,WHU,0.00,0.00
2444539,Kilman,Max Kilman,Defender,WHU,0.00,0.00
2444539,Wan-Bissaka,Aaron Wan-Bissaka,Defender,WHU,0.09,0.02
2444539,Soucek,Tomas Soucek,Midfielder,WHU,0.01,0.38
2444539,Lucas Paquetá,Lucas Tolentino Coelho de Lima,Midfielder,WHU,0.25,0.99
2444539,Soler (Carlos),Carlos Soler,Midfielder,WHU,0.00,0.04
2444539,Summerville,Crysencio Summerville,Midfielder,WHU,0.00,0.00
2444539,Kudus,Mohammed Kudus,Midfielder,WHU,0.06,1.53
2444539,Todibo,Jean-Clair Todibo,Defender,WHU,0.00,0.00
2444539,Luis Guilherme,Luis Guilherme Lira dos Santos,Midfielder,WHU,0.00,0.00
2444540,Sterling,Raheem Sterling,Midfielder,ARS,0.00,0.00
2444540,Trossard,Leandro Trossard,Midfielder,ARS,0.01,0.00
2444540,Raya Martin,David Raya Martin,Goalkeeper,ARS,0.00,0.00
2444540,Partey,Thomas Partey,Midfielder,ARS,0.03,0.05
2444540,Merino,Mikel Merino,Midfielder,ARS,0.11,0.15
2444540,White (Ben),Ben White,Defender,ARS,0.01,0.00
2444540,Rice,Declan Rice,Midfielder,ARS,0.15,0.00
2444540,Jesus,Gabriel Fernando de Jesus,Forward,ARS,0.00,0.00
2444540,Havertz,Kai Havertz,Forward,ARS,0.02,0.04
2444540,Gabriel Magalhães,Gabriel dos Santos Magalhães,Defender,ARS,0.00,0.02
2444540,Kiwior,Jakub Kiwior,Defender,ARS,0.00,0.00
2444540,Martinelli,Gabriel Teodoro Martinelli Silva,Midfielder,ARS,0.01,0.42
2444540,Saliba,William Saliba,Defender,ARS,0.00,0.00
2444540,Calafiori,Riccardo Calafiori,Defender,ARS,0.01,0.00
2444540,Nwaneri,Ethan Nwaneri,Midfielder,ARS,0.00,0.00
2444540,Smith,Adam Smith,Defender,BOU,0.00,0.00
2444540,Kepa,Kepa Arrizabalaga Revuelta,Goalkeeper,BOU,0.00,0.00
2444540,Cook,Lewis Cook,Midfielder,BOU,0.04,0.00
2444540,Christie,Ryan Christie,Midfielder,BOU,0.02,0.11
2444540,Unal,Enes Unal,Forward,BOU,0.00,0.00
2444540,Tavernier,Marcus Tavernier,Midfielder,BOU,0.03,0.20
2444540,Senesi,Marcos Senesi,Defender,BOU,0.03,0.00
2444540,Kluivert,Justin Kluivert,Midfielder,BOU,0.06,0.79
2444540,Sinisterra,Luis Sinisterra,Midfielder,BOU,0.00,0.00
2444540,Araujo,Julian Araujo,Defender,BOU,0.01,0.00
2444540,Semenyo,Antoine Semenyo,Midfielder,BOU,0.08,0.64
2444540,Evanilson,Francisco Evanilson de Lima Barbosa,Forward,BOU,0.04,0.04
2444540,Zabarnyi,Illia Zabarnyi,Defender,BOU,0.02,0.00
2444540,Scott,Alex Scott,Midfielder,BOU,0.08,0.00
2444540,Dango Ouattara,Dango Ouattara,Midfielder,BOU,0.04,0.00
2444540,Kerkez,Milos Kerkez,Defender,BOU,0.03,0.05
2444541,Barkley,Ross Barkley,Midfielder,AVL,0.01,0.11
2444541,Martinez,Emiliano Martinez,Goalkeeper,AVL,0.00,0.00
2444541,Digne,Lucas Digne,Defender,AVL,0.04,0.22
2444541,McGinn,John McGinn,Midfielder,AVL,0.01,0.00
2444541,Diego Carlos,Diego Carlos Santos Silva,Defender,AVL,0.01,0.00
2444541,Tielemans,Youri Tielemans,Midfielder,AVL,0.32,0.00
2444541,Watkins,Ollie Watkins,Forward,AVL,0.00,0.41
2444541,Buendía,Emiliano Buendía,Midfielder,AVL,0.00,0.00
2444541,Cash,Matthew Cash,Defender,AVL,0.00,0.00
2444541,Bailey,Leon Bailey,Midfielder,AVL,0.05,0.02
2444541,Ramsey (Jacob),Jacob Ramsey,Midfielder,AVL,0.18,0.08
2444541,Rogers,Morgan Rogers,Midfielder,AVL,0.19,0.65
2444541,Torres,Pau Torres,Defender,AVL,0.02,0.12
2444541,Mvom Onana,Amadou Mvom Onana,Midfielder,AVL,0.03,0.00
2444541,Durán,Jhon Durán,Forward,AVL,0.01,0.02
2444541,Philogene-Bidace,Jaden Philogene-Bidace,Midfielder,AVL,0.00,0.04
2444541,Cairney,Tom Cairney,Midfielder,FUL,0.31,0.00
2444541,Leno,Bernd Leno,Goalkeeper,FUL,0.02,0.00
2444541,Raúl Jiménez,Raul Alonso Jimenez Rodriguez,Forward,FUL,0.00,0.74
2444541,Iwobi,Alex Iwobi,Midfielder,FUL,0.20,0.00
2444541,Wilson (Harry),Harry Wilson,Midfielder,FUL,0.01,0.00
2444541,Pereira,Andreas Pereira,Midfielder,FUL,0.24,0.92
2444541,Traoré (Adama),Adama Traoré,Midfielder,FUL,0.27,0.00
2444541,Tete,Kenny Tete,Defender,FUL,0.04,0.07
2444541,Robinson (Antonee),Antonee Robinson,Defender,FUL,0.07,0.02
2444541,Andersen,Joachim Andersen,Defender,FUL,0.01,0.00
2444541,Nelson (Reiss),Reiss Nelson,Midfielder,FUL,0.11,0.00
2444541,Berge,Sander Berge,Midfielder,FUL,0.01,0.00
2444541,Smith-Rowe,Emile Smith-Rowe,Midfielder,FUL,0.01,0.00
2444541,Diop,Issa Diop,Defender,FUL,0.00,0.03
2444541,Bassey,Calvin Bassey,Defender,FUL,0.01,0.00
2444542,Tarkowski,James Tarkowski,Defender,EVE,0.00,0.00
2444542,Young (Ashley),Ashley Young,Defender,EVE,0.10,0.06
2444542,Gueye,Idrissa Gueye,Midfielder,EVE,0.01,0.00
2444542,Keane,Michael Keane,Defender,EVE,0.00,0.03
2444542,Pickford,Jordan Pickford,Goalkeeper,EVE,0.00,0.00
2444542,Doucouré,Abdoulaye Doucouré,Midfielder,EVE,0.07,0.00
2444542,Calvert-Lewin,Dominic Calvert-Lewin,Forward,EVE,0.00,1.31
2444542,Mangala,Orel Mangala,Midfielder,EVE,0.00,0.00
2444542,Harrison (Jack),Jack Harrison,Midfielder,EVE,0.21,0.00
2444542,Mykolenko,Vitaliy Mykolenko,Defender,EVE,0.01,0.00
2444542,McNeil,Dwight McNeil,Midfielder,EVE,0.18,0.05
2444542,Ndiaye,Iliman Ndiaye,Forward,EVE,0.13,0.29
2444542,Morsy,Sam Morsy,Midfielder,IPS,0.05,0.00
2444542,Burgess,Cameron Burgess,Defender,IPS,0.01,0.11
2444542,Burns,Wes Burns,Midfielder,IPS,0.10,0.00
2444542,Phillips (Kalvin),Kalvin Phillips,Midfielder,IPS,0.12,0.14
2444542,Szmodics,Sammie Szmodics,Midfielder,IPS,0.06,0.00
2444542,Chaplin,Conor Chaplin,Midfielder,IPS,0.00,0.15
2444542,O'Shea,Dara O'Shea,Defender,IPS,0.01,0.09
2444542,Woolfenden,Luke Woolfenden,Defender,IPS,0.01,0.00
2444542,Hirst,George Hirst,Forward,IPS,0.00,0.00
2444542,Taylor (Jack),Jack Taylor,Midfielder,IPS,0.06,0.22
2444542,Harry Clarke,Harrison Clarke,Defender,IPS,0.02,0.00
2444542,Muric,Arijanet Muric,Goalkeeper,IPS,0.00,0.00
2444542,Clarke (Jack),Jack Clarke,Midfielder,IPS,0.01,0.28
2444542,Davis,Leif Davis,Defender,IPS,0.23,0.00
2444542,Delap,Liam Delap,Forward,IPS,0.01,0.20
2444542,Hutchinson,Omari Hutchinson,Midfielder,IPS,0.13,0.08
2444543,Tosin,Oluwatosin Adarabioyo,Defender,CHE,0.00,0.00
2444543,Sancho,Jadon Sancho,Midfielder,CHE,0.03,0.00
2444543,Nkunku,Christopher Nkunku,Midfielder,CHE,0.01,0.05
2444543,Sanchez,Robert Sanchez,Goalkeeper,CHE,0.01,0.00
2444543,James,Reece James,Defender,CHE,0.01,0.00
2444543,Badiashile,Benoît Badiashile,Defender,CHE,0.00,0.00
2444543,Palmer (Cole),Cole Palmer,Midfielder,CHE,0.17,0.38
2444543,Neto,Pedro Neto,Midfielder,CHE,0.09,0.02
2444543,Madueke,Noni Madueke,Midfielder,CHE,0.06,0.02
2444543,Fernández,Enzo Fernández,Midfielder,CHE,0.01,0.00
2444543,Colwill,Levi Colwill,Defender,CHE,0.01,0.00
2444543,Gusto,Malo Gusto,Defender,CHE,0.04,0.07
2444543,Moises Caicedo,Moises Caicedo,Midfielder,CHE,0.32,0.00
2444543,Lavia,Romeo Lavia,Midfielder,CHE,0.01,0.00
2444543,Jackson (Nicolas),Nicolas Jackson,Forward,CHE,0.00,0.33
2444543,Renato Veiga,Renato da Palma Veiga,Midfielder,CHE,0.14,0.12
2444543,van Dijk,Virgil van Dijk,Defender,LIV,0.00,0.02
2444543,Salah,Mohamed Salah,Midfielder,LIV,0.12,0.80
2444543,Robertson,Andrew Robertson,Defender,LIV,0.01,0.00
2444543,Alexander-Arnold,Trent Alexander-Arnold,Defender,LIV,0.00,0.00
2444543,Gomez,Joseph Gomez,Defender,LIV,0.00,0.00
2444543,Diogo Jota,Diogo José Teixeira da Silva,Midfielder,LIV,0.00,0.00
2444543,Kelleher,Caoimhin Kelleher,Goalkeeper,LIV,0.00,0.00
2444543,Konaté,Ibrahima Konaté,Defender,LIV,0.00,0.00
2444543,Jones,Curtis Jones,Midfielder,LIV,0.01,0.80
2444543,Mac Allister,Alexis Mac Allister,Midfielder,LIV,0.01,0.00
2444543,Gakpo,Cody Gakpo,Forward,LIV,0.15,0.02
2444543,Díaz,Luis Díaz,Midfielder,LIV,0.01,0.07
2444543,Szoboszlai,Dominik Szoboszlai,Midfielder,LIV,0.02,0.22
2444543,Gravenberch,Ryan Gravenberch,Midfielder,LIV,0.00,0.00
2444543,Núñez,Darwin Núñez,Forward,LIV,0.00,0.00
2444544,Flekken,Mark Flekken,Goalkeeper,BRE,0.00,0.00
2444544,Norgaard,Christian Norgaard,Midfielder,BRE,0.04,0.02
2444544,Ajer,Kristoffer Ajer,Defender,BRE,0.02,0.00
2444544,Janelt,Vitaly Janelt,Midfielder,BRE,0.16,0.00
2444544,Wissa,Yoane Wissa,Forward,BRE,0.01,0.00
2444544,Roerslev,Mads Roerslev,Defender,BRE,0.04,0.00
2444544,Pinnock,Ethan Pinnock,Defender,BRE,0.13,0.42
2444544,Carvalho,Fabio Carvalho,Midfielder,BRE,0.00,0.16
2444544,Lewis-Potter,Keane Lewis-Potter,Midfielder,BRE,0.01,0.06
2444544,Collins,Nathan Collins,Defender,BRE,0.03,0.00
2444544,Damsgaard,Mikkel Damsgaard,Midfielder,BRE,0.24,0.08
2444544,van den Berg,Sepp van den Berg,Defender,BRE,0.00,0.00
2444544,Mbeumo,Bryan Mbeumo,Midfielder,BRE,0.05,0.03
2444544,Yarmolyuk,Ehor Yarmolyuk,Midfielder,BRE,0.01,0.00
2444544,Schade,Kevin Schade,Midfielder,BRE,0.01,0.09
2444544,Evans (Jonny),Jonny Evans,Defender,MUN,0.01,0.00
2444544,Casemiro,Carlos Henrique Jose Francisco Venancio,Midfielder,MUN,0.19,0.07
2444544,Eriksen,Christian Eriksen,Midfielder,MUN,0.08,0.07
2444544,Bruno Fernandes,Bruno Miguel Borges Fernandes,Midfielder,MUN,0.05,0.12
2444544,Rashford,Marcus Rashford,Midfielder,MUN,0.35,0.07
2444544,Lindelof,Victor Nilsson-Lindelof,Defender,MUN,0.00,0.00
2444544,Onana,André Onana,Goalkeeper,MUN,0.19,0.00
2444544,de Ligt,Matthijs de Ligt,Defender,MUN,0.01,0.00
2444544,Dalot,José Diogo Dalot Teixeira,Defender,MUN,0.01,0.17
2444544,Martínez,Lisandro Martínez,Defender,MUN,0.02,0.02
2444544,Mazraoui,Noussair Mazraoui,Defender,MUN,0.00,0.00
2444544,Ugarte,Manuel Ugarte,Midfielder,MUN,0.00,0.00
2444544,Zirkzee,Joshua Zirkzee,Forward,MUN,0.02,0.00
2444544,Garnacho,Alejandro Garnacho Ferreyra,Midfielder,MUN,0.04,0.39
2444544,Højlund,Rasmus Højlund,Forward,MUN,0.01,0.42
2444545,Welbeck,Danny Welbeck,Forward,BHA,0.01,0.42
2444545,Dunk,Lewis Dunk,Defender,BHA,0.00,0.09
2444545,Veltman,Joël Veltman,Defender,BHA,0.16,0.00
2444545,Estupiñán,Pervis Estupiñán,Defender,BHA,0.00,0.00
2444545,Igor Julio,Igor Julio dos Santos de Paulo,Defender,BHA,0.00,0.05
2444545,Kadioglu,Ferdi Kadioglu,Defender,BHA,0.01,0.19
2444545,Mitoma,Kaoru Mitoma,Midfielder,BHA,0.01,0.21
2444545,Rutter,Georginio Rutter,Midfielder,BHA,0.26,0.00
2444545,Wieffer,Mats Wieffer,Midfielder,BHA,0.00,0.14
2444545,van Hecke,Jan-Paul van Hecke,Defender,BHA,0.00,0.00
2444545,Enciso,Julio Enciso,Midfielder,BHA,0.01,0.01
2444545,Ferguson,Evan Ferguson,Forward,BHA,0.00,0.00
2444545,Verbruggen,Bart Verbruggen,Goalkeeper,BHA,0.00,0.00
2444545,Ayari,Yasin Ayari,Midfielder,BHA,0.05,0.00
2444545,Hinshelwood,Jack Hinshelwood,Midfielder,BHA,0.03,0.01
2444545,Baleba,Carlos Baleba,Midfielder,BHA,0.01,0.00
2444545,Burn,Dan Burn,Defender,NEW,0.00,0.00
2444545,Pope,Nick Pope,Goalkeeper,NEW,0.00,0.00
2444545,Murphy (Jacob),Jacob Murphy,Midfielder,NEW,0.03,0.04
2444545,Schär,Fabian Schär,Defender,NEW,0.23,0.04
2444545,Almirón,Miguel Almirón,Midfielder,NEW,0.00,0.00
2444545,Longstaff (Sean),Sean Longstaff,Midfielder,NEW,0.00,0.00
2444545,Joelinton,Joelinton Cássio Apolinário de Lira,Midfielder,NEW,0.09,0.57
2444545,Willock,Joseph Willock,Midfielder,NEW,0.03,0.00
2444545,Barnes,Harvey Barnes,Midfielder,NEW,0.17,0.03
2444545,Bruno Guimarães,Bruno Guimarães Rodriguez Moura,Midfielder,NEW,0.26,0.05
2444545,Isak,Alexander Isak,Forward,NEW,0.19,0.81
2444545,Gordon (Anthony),Anthony Gordon,Midfielder,NEW,0.17,0.49
2444545,Tonali,Sandro Tonali,Midfielder,NEW,0.01,0.00
2444545,Livramento,Valentino Livramento,Defender,NEW,0.03,0.00
2444545,Lewis Hall,Lewis Hall,Defender,NEW,0.10,0.00
2444545,Osula,William Osula,Forward,NEW,0.00,0.00
2444546,Schlupp,Jeffrey Schlupp,Midfielder,CRY,0.01,0.04
2444546,Hughes,Will Hughes,Midfielder,CRY,0.06,0.10
2444546,Lerma,Jefferson Lerma,Midfielder,CRY,0.01,0.02
2444546,Henderson,Dean Henderson,Goalkeeper,CRY,0.00,0.00
2444546,Chalobah,Trevoh Chalobah,Defender,CRY,0.05,0.11
2444546,Eddie Nketiah,Edward Nketiah,Forward,CRY,0.06,0.17
2444546,Marc Guehi,Addji Keaninkin Marc-Israel Guehi,Defender,CRY,0.01,0.00
2444546,Kamada,Daichi Kamada,Midfielder,CRY,0.03,0.18
2444546,Mateta,Jean-Philippe Mateta,Forward,CRY,0.00,0.06
2444546,Ismaila Sarr,Ismaila Sarr,Midfielder,CRY,0.00,0.00
2444546,Eze,Eberechi Eze,Midfielder,CRY,0.08,0.29
2444546,Mitchell,Tyrick Mitchell,Defender,CRY,0.00,0.00
2444546,Muñoz,Daniel Muñoz,Defender,CRY,0.08,0.00
2444546,Lacroix,Maxence Lacroix,Defender,CRY,0.01,0.00
2444546,Agbinone,Asher Agbinone,Midfielder,CRY,0.01,0.02
2444546,Wood (Chris),Chris Wood,Forward,NFO,0.00,0.89
2444546,Sels,Matz Sels,Goalkeeper,NFO,0.00,0.00
2444546,Álex Moreno,Alexandre Moreno Lopera,Defender,NFO,0.10,0.05
2444546,Aina,Ola Aina,Defender,NFO,0.04,0.00
2444546,Yates,Ryan Yates,Midfielder,NFO,0.04,0.31
2444546,Hudson-Odoi,Callum Hudson-Odoi,Midfielder,NFO,0.07,0.07
2444546,Awoniyi,Taiwo Awoniyi,Forward,NFO,0.02,0.00
2444546,Williams (Neco),Neco Williams,Defender,NFO,0.02,0.00
2444546,Anderson,Elliot Anderson,Midfielder,NFO,0.58,0.27
2444546,Milenkovic,Nikola Milenkovic,Defender,NFO,0.00,0.00
2444546,Nicolás Domínguez,Nicolás Domínguez,Midfielder,NFO,0.02,0.12
2444546,Elanga,Anthony Elanga,Midfielder,NFO,0.26,0.00
2444546,Morato,Felipe Rodrigues da Silva,Defender,NFO,0.00,0.00
2444546,Sosa,Ramón Sosa,Midfielder,NFO,0.06,0.04
2444546,Jota Silva,João Pedro Ferreira da Silva,Midfielder,NFO,0.00,0.00
2444546,Murillo,Murillo Santiago Costa dos Santos,Defender,NFO,0.01,0.01
2444547,Ayew,Jordan Ayew,Midfielder,LEI,0.01,0.10
2444547,DeCordova-Reid,Bobby DeCordova-Reid,Midfielder,LEI,0.02,0.02
2444547,Vardy,Jamie Vardy,Forward,LEI,0.00,1.03
2444547,Mavididi,Stephy Mavididi,Midfielder,LEI,0.40,0.04
2444547,Winks,Harry Winks,Midfielder,LEI,0.08,0.00
2444547,Ndidi,Onyinye Wilfred Ndidi,Midfielder,LEI,0.05,0.00
2444547,Skipp,Oliver Skipp,Midfielder,LEI,0.01,0.00
2444547,Faes,Wout Faes,Defender,LEI,0.03,0.44
2444547,Justin,James Justin,Defender,LEI,0.06,0.03
2444547,Hermansen,Mads Hermansen,Goalkeeper,LEI,0.00,0.00
2444547,Okoli,Caleb Okoli,Defender,LEI,0.02,0.00
2444547,Kristiansen,Victor Kristiansen,Defender,LEI,0.05,0.00
2444547,El Khannouss,Bilal El Khannouss,Midfielder,LEI,0.23,0.05
2444547,Fatawu,Abdul Fatawu Issahaku,Midfielder,LEI,0.34,0.17
2444547,Buonanotte,Facundo Buonanotte,Midfielder,LEI,0.17,1.34
2444547,Fraser (Ryan),Ryan Fraser,Midfielder,SOU,0.09,0.00
2444547,Taylor (Charlie),Charlie Taylor,Defender,SOU,0.01,0.00
2444547,Paul Onuachu,Ebere Paul Onuachu,Forward,SOU,0.00,0.02
2444547,Walker-Peters,Kyle Walker-Peters,Defender,SOU,0.22,0.00
2444547,Bednarek,Jan Bednarek,Defender,SOU,0.63,0.00
2444547,Aribo,Joe Aribo,Midfielder,SOU,0.01,0.64
2444547,Manning,Ryan Manning,Defender,SOU,0.16,0.05
2444547,Smallbone,William Smallbone,Midfielder,SOU,0.00,0.00
2444547,Sugawara,Yukinari Sugawara,Defender,SOU,0.13,0.00
2444547,Downes,Flynn Downes,Midfielder,SOU,0.01,0.20
2444547,Ramsdale,Aaron Ramsdale,Goalkeeper,SOU,0.00,0.00
2444547,Harwood-Bellis,Taylor Harwood-Bellis,Defender,SOU,0.00,0.18
2444547,Archer,Cameron Archer,Forward,SOU,0.00,1.02
2444547,Dibling,Tyler Dibling,Midfielder,SOU,0.01,0.04
2444547,Sulemana,Kamaldeen Sulemana,Midfielder,SOU,0.00,0.02
2444547,Mateus Fernandes,Mateus Gonçalo Espanha Fernandes,Midfielder,SOU,0.02,0.00
2444548,Son,Heung-Min Son,Midfielder,TOT,0.06,0.41
2444548,Solanke,Dominic Solanke,Forward,TOT,0.03,0.08
2444548,Werner,Timo Werner,Midfielder,TOT,0.00,0.04
2444548,Maddison,James Maddison,Midfielder,TOT,0.60,0.00
2444548,Vicario,Guglielmo Vicario,Goalkeeper,TOT,0.00,0.00
2444548,Bentancur,Rodrigo Bentancur,Midfielder,TOT,0.01,0.00
2444548,Richarlison,Richarlison de Andrade,Forward,TOT,0.00,0.00
2444548,Romero,Cristian Romero,Defender,TOT,0.13,0.00
2444548,Bissouma,Yves Bissouma,Midfielder,TOT,0.02,0.16
2444548,Johnson (Brennan),Brennan Johnson,Midfielder,TOT,0.04,0.89
2444548,Porro,Pedro Porro,Defender,TOT,0.15,0.11
2444548,Kulusevski,Dejan Kulusevski,Midfielder,TOT,0.06,0.17
2444548,Sarr (Pape),Pape Sarr,Midfielder,TOT,0.01,0.00
2444548,Destiny Udogie,Iyenoma Destiny Udogie,Defender,TOT,0.51,0.06
2444548,van de Ven,Micky van de Ven,Defender,TOT,0.01,0.00
2444548,Gray (Archie),Archie Gray,Midfielder,TOT,0.00,0.00
2444548,Antonio,Michail Antonio,Forward,WHU,0.00,0.00
2444548,Areola,Alphonse Areola,Goalkeeper,WHU,0.00,0.00
2444548,Emerson,Emerson Palmieri dos Santos,Defender,WHU,0.67,0.01
2444548,Bowen,Jarrod Bowen,Midfielder,WHU,0.06,0.01
2444548,Rodríguez,Guido Rodríguez,Midfielder,WHU,0.00,0.00
2444548,Álvarez (Edson),Edson Álvarez,Midfielder,WHU,0.01,0.04
2444548,Kilman,Max Kilman,Defender,WHU,0.00,0.00
2444548,Wan-Bissaka,Aaron Wan-Bissaka,Defender,WHU,0.02,0.03
2444548,Soucek,Tomas Soucek,Midfielder,WHU,0.02,0.00
2444548,Lucas Paquetá,Lucas Tolentino Coelho de Lima,Midfielder,WHU,0.03,0.00
2444548,Soler (Carlos),Carlos Soler,Midfielder,WHU,0.01,0.00
2444548,Mavropanos,Konstantinos Mavropanos,Defender,WHU,0.00,0.00
2444548,Summerville,Crysencio Summerville,Midfielder,WHU,0.02,0.00
2444548,Kudus,Mohammed Kudus,Midfielder,WHU,0.04,0.70
2444548,Todibo,Jean-Clair Todibo,Defender,WHU,0.01,0.00
2444549,Gundogan,Ilkay Gundogan,Midfielder,MCI,0.15,0.42
2444549,Kovacic,Mateo Kovacic,Midfielder,MCI,0.13,0.03
2444549,Stones,John Stones,Defender,MCI,0.06,0.26
2444549,Grealish,Jack Grealish,Midfielder,MCI,0.18,0.04
2444549,Ederson,Ederson Santana de Moraes,Goalkeeper,MCI,0.00,0.00
2444549,Bernardo Silva,Bernardo Mota Veiga de Carvalho e Silva,Midfielder,MCI,0.17,0.35
2444549,Rúben Dias,Rúben Santos Gato Alves Dias,Defender,MCI,0.13,0.06
2444549,Foden,Phil Foden,Midfielder,MCI,0.27,0.03
2444549,Haaland,Erling Haaland,Forward,MCI,0.02,0.00
2444549,Doku,Jéremy Doku,Midfielder,MCI,0.21,0.11
2444549,Matheus Nunes,Matheus Luiz Nunes,Midfielder,MCI,0.00,0.04
2444549,Lewis (Rico),Rico Lewis,Defender,MCI,0.12,0.00
2444549,Gvardiol,Joško Gvardiol,Defender,MCI,0.15,0.02
2444549,Savinho,Sávio Moreira de Oliveira,Midfielder,MCI,0.90,0.27
2444549,Dawson,Craig Dawson,Defender,WOL,0.00,0.00
2444549,José Sá,José Pedro Malheiro de Sá,Goalkeeper,WOL,0.00,0.00
2444549,Lemina (Mario),Mario Lemina,Midfielder,WOL,0.00,0.00
2444549,Gonçalo Guedes,Gonçalo Manuel Ganchinho Guedes,Midfielder,WOL,0.00,0.00
2444549,Semedo,Nelson Semedo,Defender,WOL,0.09,0.39
2444549,Doyle (Tommy),Tommy Doyle,Midfielder,WOL,0.00,0.00
2444549,Bellegarde,Jean-Ricner Bellegarde,Midfielder,WOL,0.00,0.00
2444549,Bueno (Santiago),Santiago Bueno,Defender,WOL,0.00,0.00
2444549,Strand Larsen,Jørgen Strand Larsen,Forward,WOL,0.00,0.54
2444549,Matheus Cunha,Matheus Santos Carneiro Da Cunha,Forward,WOL,0.19,0.04
2444549,João Gomes,João Victor Gomes da Silva,Midfielder,WOL,0.00,0.00
2444549,Ait Nouri,Rayan Ait Nouri,Defender,WOL,0.00,0.00
2444549,Carlos Borges,Carlos Roberto Forbs Borges,Midfielder,WOL,0.00,0.00
2444549,André,André Trindade da Costa Neto,Midfielder,WOL,0.00,0.00
2444549,Toti,Toti António Gomes,Defender,WOL,0.00,0.00
2444550,Trossard,Leandro Trossard,Midfielder,ARS,0.04,0.00
2444550,Raya Martin,David Raya Martin,Goalkeeper,ARS,0.00,0.00
2444550,Partey,Thomas Partey,Midfielder,ARS,0.02,0.00
2444550,Merino,Mikel Merino,Midfielder,ARS,0.04,0.40
2444550,White (Ben),Ben White,Defender,ARS,0.01,0.00
2444550,Rice,Declan Rice,Midfielder,ARS,0.20,0.00
2444550,Jesus,Gabriel Fernando de Jesus,Forward,ARS,0.00,0.10
2444550,Havertz,Kai Havertz,Forward,ARS,0.47,0.17
2444550,Saka,Bukayo Saka,Midfielder,ARS,0.01,0.20
2444550,Gabriel Magalhães,Gabriel dos Santos Magalhães,Defender,ARS,0.00,0.00
2444550,Kiwior,Jakub Kiwior,Defender,ARS,0.00,0.00
2444550,Martinelli,Gabriel Teodoro Martinelli Silva,Midfielder,ARS,0.39,0.05
2444550,Jurriën Timber,Jurriën Timber,Defender,ARS,0.02,0.00
2444550,Lewis-Skelly,Myles Lewis-Skelly,Midfielder,ARS,0.00,0.00
2444550,Nwaneri,Ethan Nwaneri,Midfielder,ARS,0.00,0.00
2444550,van Dijk,Virgil van Dijk,Defender,LIV,0.03,0.25
2444550,Salah,Mohamed Salah,Midfielder,LIV,0.08,0.35
2444550,Robertson,Andrew Robertson,Defender,LIV,0.00,0.00
2444550,Endo,Wataru Endo,Midfielder,LIV,0.00,0.00
2444550,Alexander-Arnold,Trent Alexander-Arnold,Defender,LIV,0.32,0.05
2444550,Kelleher,Caoimhin Kelleher,Goalkeeper,LIV,0.00,0.00
2444550,Konaté,Ibrahima Konaté,Defender,LIV,0.02,0.00
2444550,Jones,Curtis Jones,Midfielder,LIV,0.01,0.05
2444550,Tsimikas,Konstantinos Tsimikas,Defender,LIV,0.01,0.00
2444550,Mac Allister,Alexis Mac Allister,Midfielder,LIV,0.04,0.08
2444550,Gakpo,Cody Gakpo,Forward,LIV,0.01,0.00
2444550,Díaz,Luis Díaz,Midfielder,LIV,0.39,0.00
2444550,Szoboszlai,Dominik Szoboszlai,Midfielder,LIV,0.00,0.00
2444550,Gravenberch,Ryan Gravenberch,Midfielder,LIV,0.07,0.03
2444550,Núñez,Darwin Núñez,Forward,LIV,0.13,0.00
2444551,Barkley,Ross Barkley,Midfielder,AVL,0.01,0.52
2444551,Martinez,Emiliano Martinez,Goalkeeper,AVL,0.00,0.00
2444551,Digne,Lucas Digne,Defender,AVL,0.41,0.00
2444551,McGinn,John McGinn,Midfielder,AVL,0.07,0.00
2444551,Tielemans,Youri Tielemans,Midfielder,AVL,0.27,0.25
2444551,Watkins,Ollie Watkins,Forward,AVL,0.23,0.35
2444551,Cash,Matthew Cash,Defender,AVL,0.14,0.00
2444551,Konsa Ngoyo,Ezri Konsa Ngoyo,Defender,AVL,0.11,0.07
2444551,Bailey,Leon Bailey,Midfielder,AVL,0.16,0.00
2444551,Kamara,Boubacar Kamara,Midfielder,AVL,0.00,0.00
2444551,Ramsey (Jacob),Jacob Ramsey,Midfielder,AVL,0.15,0.00
2444551,Rogers,Morgan Rogers,Midfielder,AVL,0.08,0.08
2444551,Torres,Pau Torres,Defender,AVL,0.01,0.05
2444551,Maatsen,Ian Maatsen,Defender,AVL,0.04,0.00
2444551,Mvom Onana,Amadou Mvom Onana,Midfielder,AVL,0.02,0.21
2444551,Durán,Jhon Durán,Forward,AVL,0.00,0.29
2444551,Smith,Adam Smith,Defender,BOU,0.01,0.00
2444551,Brooks,David Brooks,Midfielder,BOU,0.00,0.00
2444551,Cook,Lewis Cook,Midfielder,BOU,0.01,0.00
2444551,Christie,Ryan Christie,Midfielder,BOU,0.07,0.00
2444551,Unal,Enes Unal,Forward,BOU,0.02,0.10
2444551,Adams (Tyler),Tyler Adams,Midfielder,BOU,0.00,0.00
2444551,Tavernier,Marcus Tavernier,Midfielder,BOU,0.07,0.04
2444551,Senesi,Marcos Senesi,Defender,BOU,0.05,0.00
2444551,Kluivert,Justin Kluivert,Midfielder,BOU,0.01,0.04
2444551,Travers,Mark Travers,Goalkeeper,BOU,0.00,0.00
2444551,Araujo,Julian Araujo,Defender,BOU,0.00,0.00
2444551,Semenyo,Antoine Semenyo,Midfielder,BOU,0.03,0.02
2444551,Evanilson,Francisco Evanilson de Lima Barbosa,Forward,BOU,0.00,0.04
2444551,Zabarnyi,Illia Zabarnyi,Defender,BOU,0.03,0.00
2444551,Dango Ouattara,Dango Ouattara,Midfielder,BOU,0.02,0.05
2444551,Kerkez,Milos Kerkez,Defender,BOU,0.09,0.02
2444552,Flekken,Mark Flekken,Goalkeeper,BRE,0.00,0.00
2444552,Norgaard,Christian Norgaard,Midfielder,BRE,0.01,0.29
2444552,Janelt,Vitaly Janelt,Midfielder,BRE,0.17,0.00
2444552,Jensen,Mathias Jensen,Midfielder,BRE,0.04,0.00
2444552,Wissa,Yoane Wissa,Forward,BRE,0.02,1.43
2444552,Roerslev,Mads Roerslev,Defender,BRE,0.23,0.00
2444552,Pinnock,Ethan Pinnock,Defender,BRE,0.20,0.00
2444552,Carvalho,Fabio Carvalho,Midfielder,BRE,0.00,0.00
2444552,Lewis-Potter,Keane Lewis-Potter,Midfielder,BRE,0.50,0.35
2444552,Collins,Nathan Collins,Defender,BRE,0.01,0.49
2444552,Damsgaard,Mikkel Damsgaard,Midfielder,BRE,0.32,0.33
2444552,van den Berg,Sepp van den Berg,Defender,BRE,0.04,0.16
2444552,Mbeumo,Bryan Mbeumo,Midfielder,BRE,0.38,0.91
2444552,Schade,Kevin Schade,Midfielder,BRE,0.00,0.14
2444552,Townsend,Conor Townsend,Defender,IPS,0.00,0.00
2444552,Burgess,Cameron Burgess,Defender,IPS,0.03,0.02
2444552,Burns,Wes Burns,Midfielder,IPS,0.01,0.06
2444552,Phillips (Kalvin),Kalvin Phillips,Midfielder,IPS,0.01,0.00
2444552,Szmodics,Sammie Szmodics,Midfielder,IPS,0.02,0.64
2444552,Chaplin,Conor Chaplin,Midfielder,IPS,0.13,0.00
2444552,O'Shea,Dara O'Shea,Defender,IPS,0.01,0.00
2444552,Woolfenden,Luke Woolfenden,Defender,IPS,0.00,0.00
2444552,Hirst,George Hirst,Forward,IPS,0.07,0.27
2444552,Ogbene,Chiedozie Ogbene,Midfielder,IPS,0.00,0.00
2444552,Harry Clarke,Harrison Clarke,Defender,IPS,0.02,0.00
2444552,Muric,Arijanet Muric,Goalkeeper,IPS,0.00,0.00
2444552,Clarke (Jack),Jack Clarke,Midfielder,IPS,0.00,0.00
2444552,Cajuste,Jens Cajuste,Midfielder,IPS,0.11,0.00
2444552,Davis,Leif Davis,Defender,IPS,0.16,0.16
2444552,Delap,Liam Delap,Forward,IPS,0.00,0.16
2444553,Welbeck,Danny Welbeck,Forward,BHA,0.01,0.63
2444553,Veltman,Joël Veltman,Defender,BHA,0.10,0.02
2444553,Estupiñán,Pervis Estupiñán,Defender,BHA,0.08,0.04
2444553,Igor Julio,Igor Julio dos Santos de Paulo,Defender,BHA,0.02,0.00
2444553,Kadioglu,Ferdi Kadioglu,Defender,BHA,0.01,0.00
2444553,Lamptey,Tariq Lamptey,Defender,BHA,0.03,0.00
2444553,Mitoma,Kaoru Mitoma,Midfielder,BHA,0.19,0.23
2444553,Rutter,Georginio Rutter,Midfielder,BHA,0.23,0.19
2444553,Wieffer,Mats Wieffer,Midfielder,BHA,0.00,0.00
2444553,van Hecke,Jan-Paul van Hecke,Defender,BHA,0.10,0.00
2444553,Enciso,Julio Enciso,Midfielder,BHA,0.00,0.00
2444553,Ferguson,Evan Ferguson,Forward,BHA,0.00,0.08
2444553,Verbruggen,Bart Verbruggen,Goalkeeper,BHA,0.00,0.00
2444553,Ayari,Yasin Ayari,Midfielder,BHA,0.13,0.05
2444553,Gruda,Brajan Gruda,Midfielder,BHA,0.00,0.00
2444553,Baleba,Carlos Baleba,Midfielder,BHA,0.04,0.08
2444553,Dawson,Craig Dawson,Defender,WOL,0.00,0.34
2444553,Sarabia,Pablo Sarabia,Midfielder,WOL,0.36,0.00
2444553,José Sá,José Pedro Malheiro de Sá,Goalkeeper,WOL,0.00,0.00
2444553,Lemina (Mario),Mario Lemina,Midfielder,WOL,0.00,0.00
2444553,Gonçalo Guedes,Gonçalo Manuel Ganchinho Guedes,Midfielder,WOL,0.00,0.00
2444553,Semedo,Nelson Semedo,Defender,WOL,0.01,0.04
2444553,Doyle (Tommy),Tommy Doyle,Midfielder,WOL,0.02,0.23
2444553,Bueno (Santiago),Santiago Bueno,Defender,WOL,0.01,0.21
2444553,Strand Larsen,Jørgen Strand Larsen,Forward,WOL,0.00,0.24
2444553,Matheus Cunha,Matheus Santos Carneiro Da Cunha,Forward,WOL,0.33,0.22
2444553,João Gomes,João Victor Gomes da Silva,Midfielder,WOL,0.01,0.03
2444553,Ait Nouri,Rayan Ait Nouri,Defender,WOL,0.01,0.06
2444553,Carlos Borges,Carlos Roberto Forbs Borges,Midfielder,WOL,0.01,0.00
2444553,Rodrigo Gomes,Rodrigo Martins Gomes,Midfielder,WOL,0.00,0.00
2444553,André,André Trindade da Costa Neto,Midfielder,WOL,0.00,0.00
2444553,Toti,Toti António Gomes,Defender,WOL,0.00,0.00
2444554,Cucurella,Marc Cucurella,Defender,CHE,0.00,0.00
2444554,Nkunku,Christopher Nkunku,Midfielder,CHE,0.02,0.11
2444554,Sanchez,Robert Sanchez,Goalkeeper,CHE,0.00,0.00
2444554,James,Reece James,Defender,CHE,0.04,0.00
2444554,Palmer (Cole),Cole Palmer,Midfielder,CHE,0.26,0.05
2444554,Neto,Pedro Neto,Midfielder,CHE,0.27,0.18
2444554,Madueke,Noni Madueke,Midfielder,CHE,0.18,0.08
2444554,Fofana (Wesley),Wesley Fofana,Defender,CHE,0.01,0.00
2444554,Fernández,Enzo Fernández,Midfielder,CHE,0.00,0.00
2444554,Colwill,Levi Colwill,Defender,CHE,0.01,0.00
2444554,Mudryk,Mykhailo Mudryk,Midfielder,CHE,0.00,0.25
2444554,Gusto,Malo Gusto,Defender,CHE,0.03,0.30
2444554,Moises Caicedo,Moises Caicedo,Midfielder,CHE,0.04,0.08
2444554,Lavia,Romeo Lavia,Midfielder,CHE,0.02,0.00
2444554,Jackson (Nicolas),Nicolas Jackson,Forward,CHE,0.04,0.56
2444554,Burn,Dan Burn,Defender,NEW,0.05,0.06
2444554,Pope,Nick Pope,Goalkeeper,NEW,0.00,0.00
2444554,Murphy (Jacob),Jacob Murphy,Midfielder,NEW,0.00,0.00
2444554,Schär,Fabian Schär,Defender,NEW,0.02,0.13
2444554,Almirón,Miguel Almirón,Midfielder,NEW,0.01,0.17
2444554,Longstaff (Sean),Sean Longstaff,Midfielder,NEW,0.00,0.00
2444554,Joelinton,Joelinton Cássio Apolinário de Lira,Midfielder,NEW,0.02,0.00
2444554,Willock,Joseph Willock,Midfielder,NEW,0.17,0.00
2444554,Barnes,Harvey Barnes,Midfielder,NEW,0.04,0.16
2444554,Bruno Guimarães,Bruno Guimarães Rodriguez Moura,Midfielder,NEW,0.04,0.04
2444554,Isak,Alexander Isak,Forward,NEW,0.09,1.21
2444554,Kelly,Lloyd Kelly,Defender,NEW,0.00,0.00
2444554,Tonali,Sandro Tonali,Midfielder,NEW,0.00,0.05
2444554,Livramento,Valentino Livramento,Defender,NEW,0.02,0.00
2444554,Lewis Hall,Lewis Hall,Defender,NEW,0.78,0.00
2444554,Osula,William Osula,Forward,NEW,0.00,0.00
2444555,Hughes,Will Hughes,Midfielder,CRY,0.19,0.01
2444555,Lerma,Jefferson Lerma,Midfielder,CRY,0.01,0.00
2444555,Henderson,Dean Henderson,Goalkeeper,CRY,0.00,0.00
2444555,Chalobah,Trevoh Chalobah,Defender,CRY,0.00,0.00
2444555,Eddie Nketiah,Edward Nketiah,Forward,CRY,0.01,0.00
2444555,Marc Guehi,Addji Keaninkin Marc-Israel Guehi,Defender,CRY,0.00,0.16
2444555,Kamada,Daichi Kamada,Midfielder,CRY,0.01,0.00
2444555,Mateta,Jean-Philippe Mateta,Forward,CRY,0.01,0.12
2444555,Ismaila Sarr,Ismaila Sarr,Midfielder,CRY,0.09,0.08
2444555,Eze,Eberechi Eze,Midfielder,CRY,0.28,0.22
2444555,Mitchell,Tyrick Mitchell,Defender,CRY,0.06,0.00
2444555,Muñoz,Daniel Muñoz,Defender,CRY,0.12,0.07
2444555,Lacroix,Maxence Lacroix,Defender,CRY,0.00,0.06
2444555,Wharton,Adam Wharton,Midfielder,CRY,0.02,0.07
2444555,Solanke,Dominic Solanke,Forward,TOT,0.01,0.05
2444555,Werner,Timo Werner,Midfielder,TOT,0.02,0.00
2444555,Maddison,James Maddison,Midfielder,TOT,0.04,0.13
2444555,Vicario,Guglielmo Vicario,Goalkeeper,TOT,0.00,0.00
2444555,Bentancur,Rodrigo Bentancur,Midfielder,TOT,0.01,0.03
2444555,Richarlison,Richarlison de Andrade,Forward,TOT,0.00,0.00
2444555,Romero,Cristian Romero,Defender,TOT,0.02,0.05
2444555,Bissouma,Yves Bissouma,Midfielder,TOT,0.09,0.00
2444555,Johnson (Brennan),Brennan Johnson,Midfielder,TOT,0.11,0.26
2444555,Porro,Pedro Porro,Defender,TOT,0.11,0.02
2444555,Kulusevski,Dejan Kulusevski,Midfielder,TOT,0.02,0.10
2444555,Sarr (Pape),Pape Sarr,Midfielder,TOT,0.02,0.00
2444555,Destiny Udogie,Iyenoma Destiny Udogie,Defender,TOT,0.06,0.00
2444555,van de Ven,Micky van de Ven,Defender,TOT,0.01,0.10
2444555,Moore (Mikey),Mikey Moore,Midfielder,TOT,0.03,0.00
2444556,Tarkowski,James Tarkowski,Defender,EVE,0.15,0.00
2444556,Young (Ashley),Ashley Young,Defender,EVE,0.50,0.00
2444556,Gueye,Idrissa Gueye,Midfielder,EVE,0.03,0.04
2444556,Keane,Michael Keane,Defender,EVE,0.00,0.04
2444556,Pickford,Jordan Pickford,Goalkeeper,EVE,0.01,0.00
2444556,Doucouré,Abdoulaye Doucouré,Midfielder,EVE,0.02,0.06
2444556,Calvert-Lewin,Dominic Calvert-Lewin,Forward,EVE,0.02,0.12
2444556,Mangala,Orel Mangala,Midfielder,EVE,0.01,0.00
2444556,Harrison (Jack),Jack Harrison,Midfielder,EVE,0.13,0.06
2444556,Mykolenko,Vitaliy Mykolenko,Defender,EVE,0.13,0.00
2444556,McNeil,Dwight McNeil,Midfielder,EVE,0.13,0.06
2444556,Ndiaye,Iliman Ndiaye,Forward,EVE,0.04,0.00
2444556,Lindstrom,Jesper Lindstrom,Midfielder,EVE,0.00,0.02
2444556,Branthwaite,Jarrad Branthwaite,Defender,EVE,0.00,0.00
2444556,Beto,Norberto Bercique Gomes Betuncal,Forward,EVE,0.00,0.39
2444556,Leno,Bernd Leno,Goalkeeper,FUL,0.00,0.00
2444556,Raúl Jiménez,Raul Alonso Jimenez Rodriguez,Forward,FUL,0.24,0.47
2444556,Iwobi,Alex Iwobi,Midfielder,FUL,0.07,0.15
2444556,Reed,Harrison Reed,Midfielder,FUL,0.00,0.01
2444556,Wilson (Harry),Harry Wilson,Midfielder,FUL,0.01,0.00
2444556,Pereira,Andreas Pereira,Midfielder,FUL,0.16,0.03
2444556,Traoré (Adama),Adama Traoré,Midfielder,FUL,0.12,0.13
2444556,Tete,Kenny Tete,Defender,FUL,0.05,0.04
2444556,Robinson (Antonee),Antonee Robinson,Defender,FUL,0.03,0.02
2444556,Nelson (Reiss),Reiss Nelson,Midfielder,FUL,0.04,0.00
2444556,Berge,Sander Berge,Midfielder,FUL,0.02,0.00
2444556,Smith-Rowe,Emile Smith-Rowe,Midfielder,FUL,0.02,0.34
2444556,Diop,Issa Diop,Defender,FUL,0.00,0.06
2444556,Bassey,Calvin Bassey,Defender,FUL,0.01,0.00
2444556,Rodrigo Muniz,Rodrigo Muniz Carvalho,Forward,FUL,0.00,0.00
2444556,Cuenca,Jorge Cuenca,Defender,FUL,0.00,0.00
2444557,Ayew,Jordan Ayew,Midfielder,LEI,0.01,0.00
2444557,Vardy,Jamie Vardy,Forward,LEI,0.07,0.54
2444557,Ricardo Pereira,Ricardo Domingos Barbosa Pereira,Defender,LEI,0.02,0.00
2444557,Mavididi,Stephy Mavididi,Midfielder,LEI,0.02,0.03
2444557,Winks,Harry Winks,Midfielder,LEI,0.60,0.02
2444557,Ndidi,Onyinye Wilfred Ndidi,Midfielder,LEI,0.01,0.04
2444557,Faes,Wout Faes,Defender,LEI,0.04,0.00
2444557,Justin,James Justin,Defender,LEI,0.02,0.00
2444557,Soumaré,Boubakary Soumaré,Midfielder,LEI,0.02,0.00
2444557,Hermansen,Mads Hermansen,Goalkeeper,LEI,0.00,0.00
2444557,Okoli,Caleb Okoli,Defender,LEI,0.01,0.00
2444557,El Khannouss,Bilal El Khannouss,Midfielder,LEI,0.02,0.00
2444557,Fatawu,Abdul Fatawu Issahaku,Midfielder,LEI,0.09,0.01
2444557,Buonanotte,Facundo Buonanotte,Midfielder,LEI,0.09,0.12
2444557,Wood (Chris),Chris Wood,Forward,NFO,0.01,0.35
2444557,Sels,Matz Sels,Goalkeeper,NFO,0.00,0.00
2444557,Álex Moreno,Alexandre Moreno Lopera,Defender,NFO,0.02,0.00
2444557,Aina,Ola Aina,Defender,NFO,0.02,0.00
2444557,Yates,Ryan Yates,Midfielder,NFO,0.01,0.40
2444557,Hudson-Odoi,Callum Hudson-Odoi,Midfielder,NFO,0.03,0.08
2444557,Awoniyi,Taiwo Awoniyi,Forward,NFO,0.01,0.06
2444557,Williams (Neco),Neco Williams,Defender,NFO,0.00,0.00
2444557,Anderson,Elliot Anderson,Midfielder,NFO,0.08,0.24
2444557,Milenkovic,Nikola Milenkovic,Defender,NFO,0.00,0.06
2444557,Nicolás Domínguez,Nicolás Domínguez,Midfielder,NFO,0.02,0.28
2444557,Elanga,Anthony Elanga,Midfielder,NFO,0.01,0.05
2444557,Morato,Felipe Rodrigues da Silva,Defender,NFO,0.00,0.00
2444557,Sosa,Ramón Sosa,Midfielder,NFO,0.05,0.02
2444557,Jota Silva,João Pedro Ferreira da Silva,Midfielder,NFO,0.01,0.05
2444557,Murillo,Murillo Santiago Costa dos Santos,Defender,NFO,0.08,0.17
2444558,Gundogan,Ilkay Gundogan,Midfielder,MCI,0.00,0.00
2444558,Kovacic,Mateo Kovacic,Midfielder,MCI,0.13,0.18
2444558,Stones,John Stones,Defender,MCI,0.00,0.00
2444558,Ederson,Ederson Santana de Moraes,Goalkeeper,MCI,0.00,0.00
2444558,Bernardo Silva,Bernardo Mota Veiga de Carvalho e Silva,Midfielder,MCI,0.07,0.00
2444558,Rúben Dias,Rúben Santos Gato Alves Dias,Defender,MCI,0.06,0.02
2444558,Foden,Phil Foden,Midfielder,MCI,0.72,0.18
2444558,Akanji,Manuel Akanji,Defender,MCI,0.09,0.04
2444558,Haaland,Erling Haaland,Forward,MCI,0.00,2.33
2444558,Matheus Nunes,Matheus Luiz Nunes,Midfielder,MCI,0.56,0.06
2444558,Lewis (Rico),Rico Lewis,Defender,MCI,0.05,0.00
2444558,Gvardiol,Joško Gvardiol,Defender,MCI,0.16,0.07
2444558,Savinho,Sávio Moreira de Oliveira,Midfielder,MCI,0.87,0.07
2444558,Lallana,Adam Lallana,Midfielder,SOU,0.01,0.00
2444558,Stephens,Jack Stephens,Defender,SOU,0.01,0.00
2444558,Paul Onuachu,Ebere Paul Onuachu,Forward,SOU,0.00,0.04
2444558,Armstrong (Adam),Adam Armstrong,Forward,SOU,0.05,0.07
2444558,Walker-Peters,Kyle Walker-Peters,Defender,SOU,0.01,0.00
2444558,Bednarek,Jan Bednarek,Defender,SOU,0.01,0.00
2444558,Bree,James Bree,Defender,SOU,0.02,0.00
2444558,Aribo,Joe Aribo,Midfielder,SOU,0.03,0.00
2444558,Manning,Ryan Manning,Defender,SOU,0.01,0.00
2444558,Downes,Flynn Downes,Midfielder,SOU,0.00,0.00
2444558,Ramsdale,Aaron Ramsdale,Goalkeeper,SOU,0.00,0.00
2444558,Harwood-Bellis,Taylor Harwood-Bellis,Defender,SOU,0.00,0.00
2444558,Archer,Cameron Archer,Forward,SOU,0.05,0.10
2444558,Dibling,Tyler Dibling,Midfielder,SOU,0.00,0.00
2444558,Sulemana,Kamaldeen Sulemana,Midfielder,SOU,0.00,0.00
2444558,Mateus Fernandes,Mateus Gonçalo Espanha Fernandes,Midfielder,SOU,0.05,0.00
2444559,Casemiro,Carlos Henrique Jose Francisco Venancio,Midfielder,MUN,0.29,0.37
2444559,Eriksen,Christian Eriksen,Midfielder,MUN,0.10,0.02
2444559,Bruno Fernandes,Bruno Miguel Borges Fernandes,Midfielder,MUN,0.28,0.47
2444559,Rashford,Marcus Rashford,Midfielder,MUN,0.02,0.00
2444559,Lindelof,Victor Nilsson-Lindelof,Defender,MUN,0.01,0.00
2444559,Onana,André Onana,Goalkeeper,MUN,0.00,0.00
2444559,de Ligt,Matthijs de Ligt,Defender,MUN,0.01,0.00
2444559,Dalot,José Diogo Dalot Teixeira,Defender,MUN,0.15,0.46
2444559,Martínez,Lisandro Martínez,Defender,MUN,0.01,0.00
2444559,Mazraoui,Noussair Mazraoui,Defender,MUN,0.20,0.00
2444559,Zirkzee,Joshua Zirkzee,Forward,MUN,0.01,0.15
2444559,Garnacho,Alejandro Garnacho Ferreyra,Midfielder,MUN,0.05,0.23
2444559,Amad Diallo,Amad Diallo Traore,Midfielder,MUN,0.10,0.04
2444559,Højlund,Rasmus Højlund,Forward,MUN,0.02,0.61
2444559,Fabianski,Lukasz Fabianski,Goalkeeper,WHU,0.00,0.00
2444559,Cresswell,Aaron Cresswell,Defender,WHU,0.00,0.00
2444559,Antonio,Michail Antonio,Forward,WHU,0.58,0.05
2444559,Ings,Danny Ings,Forward,WHU,0.00,0.20
2444559,Emerson,Emerson Palmieri dos Santos,Defender,WHU,0.03,0.86
2444559,Bowen,Jarrod Bowen,Midfielder,WHU,0.23,0.92
2444559,Rodríguez,Guido Rodríguez,Midfielder,WHU,0.01,0.00
2444559,Álvarez (Edson),Edson Álvarez,Midfielder,WHU,0.01,0.00
2444559,Kilman,Max Kilman,Defender,WHU,0.00,0.37
2444559,Wan-Bissaka,Aaron Wan-Bissaka,Defender,WHU,0.04,0.00
2444559,Soucek,Tomas Soucek,Midfielder,WHU,0.01,0.03
2444559,Lucas Paquetá,Lucas Tolentino Coelho de Lima,Midfielder,WHU,0.01,0.04
2444559,Soler (Carlos),Carlos Soler,Midfielder,WHU,0.03,0.00
2444559,Mavropanos,Konstantinos Mavropanos,Defender,WHU,0.00,0.00
2444559,Summerville,Crysencio Summerville,Midfielder,WHU,0.17,0.53
2444559,Todibo,Jean-Clair Todibo,Defender,WHU,0.00,0.00
2444560,Smith,Adam Smith,Defender,BOU,0.01,0.60
2444560,Brooks,David Brooks,Midfielder,BOU,0.00,0.10
2444560,Cook,Lewis Cook,Midfielder,BOU,0.01,0.00
2444560,Christie,Ryan Christie,Midfielder,BOU,0.01,0.00
2444560,Unal,Enes Unal,Forward,BOU,0.00,0.00
2444560,Adams (Tyler),Tyler Adams,Midfielder,BOU,0.01,0.00
2444560,Tavernier,Marcus Tavernier,Midfielder,BOU,0.15,0.06
2444560,Senesi,Marcos Senesi,Defender,BOU,0.05,0.00
2444560,Kluivert,Justin Kluivert,Midfielder,BOU,0.19,0.35
2444560,Travers,Mark Travers,Goalkeeper,BOU,0.01,0.00
2444560,Semenyo,Antoine Semenyo,Midfielder,BOU,0.15,0.55
2444560,Evanilson,Francisco Evanilson de Lima Barbosa,Forward,BOU,0.00,0.47
2444560,Zabarnyi,Illia Zabarnyi,Defender,BOU,0.00,0.00
2444560,Kerkez,Milos Kerkez,Defender,BOU,0.42,0.00
2444560,Huijsen,Dean Huijsen,Defender,BOU,0.00,0.00
2444560,Walker,Kyle Walker,Defender,MCI,0.10,0.00
2444560,Gundogan,Ilkay Gundogan,Midfielder,MCI,0.23,0.00
2444560,Kovacic,Mateo Kovacic,Midfielder,MCI,0.09,0.07
2444560,Ederson,Ederson Santana de Moraes,Goalkeeper,MCI,0.00,0.00
2444560,Aké,Nathan Aké,Defender,MCI,0.01,0.02
2444560,Bernardo Silva,Bernardo Mota Veiga de Carvalho e Silva,Midfielder,MCI,0.13,0.09
2444560,Foden,Phil Foden,Midfielder,MCI,0.69,0.35
2444560,Akanji,Manuel Akanji,Defender,MCI,0.02,0.00
2444560,Haaland,Erling Haaland,Forward,MCI,0.02,0.88
2444560,Doku,Jéremy Doku,Midfielder,MCI,0.01,0.04
2444560,Matheus Nunes,Matheus Luiz Nunes,Midfielder,MCI,0.48,0.00
2444560,Lewis (Rico),Rico Lewis,Defender,MCI,0.07,0.00
2444560,Gvardiol,Joško Gvardiol,Defender,MCI,0.02,0.13
2444561,Mee (Ben),Ben Mee,Defender,BRE,0.00,0.00
2444561,Flekken,Mark Flekken,Goalkeeper,BRE,0.00,0.00
2444561,Norgaard,Christian Norgaard,Midfielder,BRE,0.03,0.00
2444561,Janelt,Vitaly Janelt,Midfielder,BRE,0.02,0.11
2444561,Jensen,Mathias Jensen,Midfielder,BRE,0.00,0.00
2444561,Wissa,Yoane Wissa,Forward,BRE,0.01,0.00
2444561,Roerslev,Mads Roerslev,Defender,BRE,0.11,0.00
2444561,Pinnock,Ethan Pinnock,Defender,BRE,0.01,0.00
2444561,Carvalho,Fabio Carvalho,Midfielder,BRE,0.01,0.32
2444561,Lewis-Potter,Keane Lewis-Potter,Midfielder,BRE,0.03,0.07
2444561,Collins,Nathan Collins,Defender,BRE,0.00,0.00
2444561,Damsgaard,Mikkel Damsgaard,Midfielder,BRE,0.00,0.00
2444561,van den Berg,Sepp van den Berg,Defender,BRE,0.00,0.00
2444561,Mbeumo,Bryan Mbeumo,Midfielder,BRE,0.01,0.00
2444561,Yarmolyuk,Ehor Yarmolyuk,Midfielder,BRE,0.00,0.14
2444561,Schade,Kevin Schade,Midfielder,BRE,0.00,0.00
2444561,Cairney,Tom Cairney,Midfielder,FUL,0.03,0.00
2444561,Leno,Bernd Leno,Goalkeeper,FUL,0.00,0.00
2444561,Raúl Jiménez,Raul Alonso Jimenez Rodriguez,Forward,FUL,0.01,0.08
2444561,Iwobi,Alex Iwobi,Midfielder,FUL,0.45,0.09
2444561,Wilson (Harry),Harry Wilson,Midfielder,FUL,0.01,0.25
2444561,Pereira,Andreas Pereira,Midfielder,FUL,0.25,0.08
2444561,Traoré (Adama),Adama Traoré,Midfielder,FUL,0.08,0.18
2444561,Castagne,Timothy Castagne,Defender,FUL,0.01,0.05
2444561,Tete,Kenny Tete,Defender,FUL,0.03,0.06
2444561,Robinson (Antonee),Antonee Robinson,Defender,FUL,0.33,0.00
2444561,Andersen,Joachim Andersen,Defender,FUL,0.03,0.08
2444561,Nelson (Reiss),Reiss Nelson,Midfielder,FUL,0.12,0.24
2444561,Berge,Sander Berge,Midfielder,FUL,0.04,0.00
2444561,Smith-Rowe,Emile Smith-Rowe,Midfielder,FUL,0.28,0.20
2444561,Bassey,Calvin Bassey,Defender,FUL,0.02,0.05
2444561,Rodrigo Muniz,Rodrigo Muniz Carvalho,Forward,FUL,0.00,0.00
2444562,Morsy,Sam Morsy,Midfielder,IPS,0.07,0.00
2444562,Burgess,Cameron Burgess,Defender,IPS,0.00,0.00
2444562,Burns,Wes Burns,Midfielder,IPS,0.00,0.00
2444562,Phillips (Kalvin),Kalvin Phillips,Midfielder,IPS,0.01,0.12
2444562,Szmodics,Sammie Szmodics,Midfielder,IPS,0.00,0.30
2444562,Chaplin,Conor Chaplin,Midfielder,IPS,0.04,0.16
2444562,O'Shea,Dara O'Shea,Defender,IPS,0.01,0.18
2444562,Johnson (Ben),Ben Johnson,Defender,IPS,0.01,0.04
2444562,Hirst,George Hirst,Forward,IPS,0.00,0.00
2444562,Muric,Arijanet Muric,Goalkeeper,IPS,0.00,0.00
2444562,Clarke (Jack),Jack Clarke,Midfielder,IPS,0.00,0.00
2444562,Cajuste,Jens Cajuste,Midfielder,IPS,0.00,0.00
2444562,Davis,Leif Davis,Defender,IPS,0.22,0.09
2444562,Delap,Liam Delap,Forward,IPS,0.01,0.00
2444562,Hutchinson,Omari Hutchinson,Midfielder,IPS,0.51,0.12
2444562,Ayew,Jordan Ayew,Midfielder,LEI,0.04,0.75
2444562,Vestergaard,Jannik Vestergaard,Defender,LEI,0.02,0.00
2444562,Vardy,Jamie Vardy,Forward,LEI,0.45,0.04
2444562,Ricardo Pereira,Ricardo Domingos Barbosa Pereira,Defender,LEI,0.01,0.00
2444562,Mavididi,Stephy Mavididi,Midfielder,LEI,0.08,0.20
2444562,Winks,Harry Winks,Midfielder,LEI,0.02,0.08
2444562,Ndidi,Onyinye Wilfred Ndidi,Midfielder,LEI,0.14,0.00
2444562,Faes,Wout Faes,Defender,LEI,0.01,0.11
2444562,Soumaré,Boubakary Soumaré,Midfielder,LEI,0.24,0.05
2444562,McAteer,Kasey McAteer,Midfielder,LEI,0.01,0.02
2444562,Hermansen,Mads Hermansen,Goalkeeper,LEI,0.00,0.00
2444562,Kristiansen,Victor Kristiansen,Defender,LEI,0.09,0.00
2444562,El Khannouss,Bilal El Khannouss,Midfielder,LEI,0.06,0.00
2444562,Fatawu,Abdul Fatawu Issahaku,Midfielder,LEI,0.34,0.07
2444562,Buonanotte,Facundo Buonanotte,Midfielder,LEI,0.08,0.23
2444563,Welbeck,Danny Welbeck,Forward,BHA,0.02,0.26
2444563,Veltman,Joël Veltman,Defender,BHA,0.28,0.00
2444563,Estupiñán,Pervis Estupiñán,Defender,BHA,0.02,0.00
2444563,Igor Julio,Igor Julio dos Santos de Paulo,Defender,BHA,0.01,0.00
2444563,Kadioglu,Ferdi Kadioglu,Defender,BHA,0.08,0.22
2444563,Moder,Jakub Moder,Midfielder,BHA,0.00,0.00
2444563,Mitoma,Kaoru Mitoma,Midfielder,BHA,0.20,0.11
2444563,Rutter,Georginio Rutter,Midfielder,BHA,0.02,0.34
2444563,Wieffer,Mats Wieffer,Midfielder,BHA,0.07,0.03
2444563,van Hecke,Jan-Paul van Hecke,Defender,BHA,0.01,0.04
2444563,Ferguson,Evan Ferguson,Forward,BHA,0.00,0.00
2444563,Verbruggen,Bart Verbruggen,Goalkeeper,BHA,0.00,0.00
2444563,Ayari,Yasin Ayari,Midfielder,BHA,0.21,0.02
2444563,Gruda,Brajan Gruda,Midfielder,BHA,0.01,0.00
2444563,Hinshelwood,Jack Hinshelwood,Midfielder,BHA,0.02,0.00
2444563,Adingra,Simon Adingra,Midfielder,BHA,0.02,0.00
2444563,van Dijk,Virgil van Dijk,Defender,LIV,0.01,0.00
2444563,Salah,Mohamed Salah,Midfielder,LIV,0.12,0.53
2444563,Endo,Wataru Endo,Midfielder,LIV,0.00,0.00
2444563,Alexander-Arnold,Trent Alexander-Arnold,Defender,LIV,0.10,0.00
2444563,Gomez,Joseph Gomez,Defender,LIV,0.00,0.30
2444563,Kelleher,Caoimhin Kelleher,Goalkeeper,LIV,0.00,0.00
2444563,Konaté,Ibrahima Konaté,Defender,LIV,0.00,0.37
2444563,Jones,Curtis Jones,Midfielder,LIV,0.00,0.16
2444563,Tsimikas,Konstantinos Tsimikas,Defender,LIV,0.50,0.05
2444563,Mac Allister,Alexis Mac Allister,Midfielder,LIV,0.01,0.05
2444563,Gakpo,Cody Gakpo,Forward,LIV,0.14,0.10
2444563,Díaz,Luis Díaz,Midfielder,LIV,0.02,0.00
2444563,Szoboszlai,Dominik Szoboszlai,Midfielder,LIV,0.04,0.00
2444563,Gravenberch,Ryan Gravenberch,Midfielder,LIV,0.03,0.03
2444563,Núñez,Darwin Núñez,Forward,LIV,0.03,0.07
2444563,Bradley,Conor Bradley,Defender,LIV,0.00,0.00
2444564,Cucurella,Marc Cucurella,Defender,CHE,0.02,0.04
2444564,Sanchez,Robert Sanchez,Goalkeeper,CHE,0.00,0.00
2444564,James,Reece James,Defender,CHE,0.17,0.00
2444564,Palmer (Cole),Cole Palmer,Midfielder,CHE,0.28,0.23
2444564,Neto,Pedro Neto,Midfielder,CHE,0.01,0.06
2444564,Madueke,Noni Madueke,Midfielder,CHE,0.03,0.53
2444564,Fofana (Wesley),Wesley Fofana,Defender,CHE,0.00,0.00
2444564,Fernández,Enzo Fernández,Midfielder,CHE,0.01,0.14
2444564,Colwill,Levi Colwill,Defender,CHE,0.27,0.01
2444564,Mudryk,Mykhailo Mudryk,Midfielder,CHE,0.02,0.00
2444564,Gusto,Malo Gusto,Defender,CHE,0.06,0.00
2444564,Moises Caicedo,Moises Caicedo,Midfielder,CHE,0.04,0.03
2444564,Lavia,Romeo Lavia,Midfielder,CHE,0.02,0.00
2444564,Jackson (Nicolas),Nicolas Jackson,Forward,CHE,0.05,0.08
2444564,Casemiro,Carlos Henrique Jose Francisco Venancio,Midfielder,MUN,0.21,0.02
2444564,Bruno Fernandes,Bruno Miguel Borges Fernandes,Midfielder,MUN,0.10,1.27
2444564,Rashford,Marcus Rashford,Midfielder,MUN,0.01,0.23
2444564,Lindelof,Victor Nilsson-Lindelof,Defender,MUN,0.02,0.00
2444564,Onana,André Onana,Goalkeeper,MUN,0.00,0.00
2444564,de Ligt,Matthijs de Ligt,Defender,MUN,0.00,0.00
2444564,Dalot,José Diogo Dalot Teixeira,Defender,MUN,0.01,0.00
2444564,Martínez,Lisandro Martínez,Defender,MUN,0.00,0.00
2444564,Mazraoui,Noussair Mazraoui,Defender,MUN,0.02,0.00
2444564,Ugarte,Manuel Ugarte,Midfielder,MUN,0.01,0.00
2444564,Zirkzee,Joshua Zirkzee,Forward,MUN,0.00,0.00
2444564,Garnacho,Alejandro Garnacho Ferreyra,Midfielder,MUN,0.01,0.46
2444564,Amad Diallo,Amad Diallo Traore,Midfielder,MUN,0.00,0.00
2444564,Højlund,Rasmus Højlund,Forward,MUN,0.02,0.00
2444565,Jorginho,Jorge Luiz Frello Filho,Midfielder,ARS,0.01,0.00
2444565,Trossard,Leandro Trossard,Midfielder,ARS,0.01,0.08
2444565,Raya Martin,David Raya Martin,Goalkeeper,ARS,0.00,0.00
2444565,Partey,Thomas Partey,Midfielder,ARS,0.06,0.00
2444565,Merino,Mikel Merino,Midfielder,ARS,0.13,0.37
2444565,White (Ben),Ben White,Defender,ARS,0.03,0.00
2444565,Rice,Declan Rice,Midfielder,ARS,0.19,0.35
2444565,Jesus,Gabriel Fernando de Jesus,Forward,ARS,0.01,0.00
2444565,Zinchenko,Oleksandr Zinchenko,Defender,ARS,0.01,0.00
2444565,Havertz,Kai Havertz,Forward,ARS,0.42,0.00
2444565,Saka,Bukayo Saka,Midfielder,ARS,0.25,0.20
2444565,Gabriel Magalhães,Gabriel dos Santos Magalhães,Defender,ARS,0.10,0.00
2444565,Martinelli,Gabriel Teodoro Martinelli Silva,Midfielder,ARS,0.06,0.00
2444565,Jurriën Timber,Jurriën Timber,Defender,ARS,0.11,0.04
2444565,Saliba,William Saliba,Defender,ARS,0.24,0.00
2444565,Nwaneri,Ethan Nwaneri,Midfielder,ARS,0.01,0.03
2444565,Burn,Dan Burn,Defender,NEW,0.00,0.00
2444565,Pope,Nick Pope,Goalkeeper,NEW,0.00,0.00
2444565,Schär,Fabian Schär,Defender,NEW,0.02,0.06
2444565,Longstaff (Sean),Sean Longstaff,Midfielder,NEW,0.01,0.02
2444565,Joelinton,Joelinton Cássio Apolinário de Lira,Midfielder,NEW,0.01,0.04
2444565,Willock,Joseph Willock,Midfielder,NEW,0.02,0.06
2444565,Barnes,Harvey Barnes,Midfielder,NEW,0.41,0.00
2444565,Bruno Guimarães,Bruno Guimarães Rodriguez Moura,Midfielder,NEW,0.02,0.04
2444565,Isak,Alexander Isak,Forward,NEW,0.04,0.29
2444565,Gordon (Anthony),Anthony Gordon,Midfielder,NEW,0.16,0.00
2444565,Kelly,Lloyd Kelly,Defender,NEW,0.00,0.00
2444565,Tonali,Sandro Tonali,Midfielder,NEW,0.00,0.00
2444565,Livramento,Valentino Livramento,Defender,NEW,0.02,0.00
2444565,Lewis Hall,Lewis Hall,Defender,NEW,0.01,0.00
2444566,Wood (Chris),Chris Wood,Forward,NFO,0.01,0.78
2444566,Sels,Matz Sels,Goalkeeper,NFO,0.00,0.00
2444566,Álex Moreno,Alexandre Moreno Lopera,Defender,NFO,0.58,0.03
2444566,Aina,Ola Aina,Defender,NFO,0.03,0.07
2444566,Yates,Ryan Yates,Midfielder,NFO,0.02,0.06
2444566,Hudson-Odoi,Callum Hudson-Odoi,Midfielder,NFO,0.15,0.27
2444566,Awoniyi,Taiwo Awoniyi,Forward,NFO,0.00,0.10
2444566,Anderson,Elliot Anderson,Midfielder,NFO,0.28,0.00
2444566,Gibbs-White,Morgan Gibbs-White,Midfielder,NFO,0.09,0.16
2444566,Milenkovic,Nikola Milenkovic,Defender,NFO,0.13,0.43
2444566,Nicolás Domínguez,Nicolás Domínguez,Midfielder,NFO,0.09,0.15
2444566,Elanga,Anthony Elanga,Midfielder,NFO,0.09,0.00
2444566,Sosa,Ramón Sosa,Midfielder,NFO,0.01,0.03
2444566,Jota Silva,João Pedro Ferreira da Silva,Midfielder,NFO,0.01,0.00
2444566,da Silva Moreira (Eric),Eric da Silva Moreira,Midfielder,NFO,0.00,0.00
2444566,Murillo,Murillo Santiago Costa dos Santos,Defender,NFO,0.03,0.08
2444566,Fabianski,Lukasz Fabianski,Goalkeeper,WHU,0.00,0.00
2444566,Antonio,Michail Antonio,Forward,WHU,0.01,0.03
2444566,Emerson,Emerson Palmieri dos Santos,Defender,WHU,0.13,0.00
2444566,Bowen,Jarrod Bowen,Midfielder,WHU,0.06,0.04
2444566,Rodríguez,Guido Rodríguez,Midfielder,WHU,0.01,0.00
2444566,Álvarez (Edson),Edson Álvarez,Midfielder,WHU,0.01,0.00
2444566,Kilman,Max Kilman,Defender,WHU,0.01,0.00
2444566,Wan-Bissaka,Aaron Wan-Bissaka,Defender,WHU,0.03,0.00
2444566,Lucas Paquetá,Lucas Tolentino Coelho de Lima,Midfielder,WHU,0.02,0.06
2444566,Soler (Carlos),Carlos Soler,Midfielder,WHU,0.01,0.00
2444566,Irving,Andy Irving,Midfielder,WHU,0.00,0.00
2444566,Mavropanos,Konstantinos Mavropanos,Defender,WHU,0.00,0.00
2444566,Summerville,Crysencio Summerville,Midfielder,WHU,0.05,0.00
2444566,Todibo,Jean-Clair Todibo,Defender,WHU,0.00,0.00
2444567,Tarkowski,James Tarkowski,Defender,EVE,0.45,0.02
2444567,Young (Ashley),Ashley Young,Defender,EVE,0.04,0.00
2444567,Gueye,Idrissa Gueye,Midfielder,EVE,0.11,0.03
2444567,Keane,Michael Keane,Defender,EVE,0.00,0.10
2444567,Pickford,Jordan Pickford,Goalkeeper,EVE,0.01,0.00
2444567,Calvert-Lewin,Dominic Calvert-Lewin,Forward,EVE,0.00,0.09
2444567,Mangala,Orel Mangala,Midfielder,EVE,0.02,0.16
2444567,Harrison (Jack),Jack Harrison,Midfielder,EVE,0.00,0.33
2444567,Mykolenko,Vitaliy Mykolenko,Defender,EVE,0.03,0.03
2444567,McNeil,Dwight McNeil,Midfielder,EVE,0.09,0.00
2444567,Ndiaye,Iliman Ndiaye,Forward,EVE,0.00,0.03
2444567,Lindstrom,Jesper Lindstrom,Midfielder,EVE,0.14,0.08
2444567,Branthwaite,Jarrad Branthwaite,Defender,EVE,0.00,0.00
2444567,Beto,Norberto Bercique Gomes Betuncal,Forward,EVE,0.00,0.69
2444567,Lallana,Adam Lallana,Midfielder,SOU,0.01,0.00
2444567,Stephens,Jack Stephens,Defender,SOU,0.03,0.00
2444567,Paul Onuachu,Ebere Paul Onuachu,Forward,SOU,0.00,0.00
2444567,Armstrong (Adam),Adam Armstrong,Forward,SOU,0.07,0.29
2444567,Walker-Peters,Kyle Walker-Peters,Defender,SOU,0.09,0.02
2444567,Bednarek,Jan Bednarek,Defender,SOU,0.01,0.00
2444567,Aribo,Joe Aribo,Midfielder,SOU,0.00,0.04
2444567,Manning,Ryan Manning,Defender,SOU,0.24,0.00
2444567,Sugawara,Yukinari Sugawara,Defender,SOU,0.07,0.00
2444567,Downes,Flynn Downes,Midfielder,SOU,0.19,0.00
2444567,Ramsdale,Aaron Ramsdale,Goalkeeper,SOU,0.00,0.00
2444567,Harwood-Bellis,Taylor Harwood-Bellis,Defender,SOU,0.01,0.32
2444567,Archer,Cameron Archer,Forward,SOU,0.03,0.06
2444567,Dibling,Tyler Dibling,Midfielder,SOU,0.02,0.00
2444567,Ugochukwu,Lesley Ugochukwu,Midfielder,SOU,0.00,0.00
2444567,Mateus Fernandes,Mateus Gonçalo Espanha Fernandes,Midfielder,SOU,0.03,0.00
2444568,Martinez,Emiliano Martinez,Goalkeeper,AVL,0.00,0.00
2444568,Digne,Lucas Digne,Defender,AVL,0.15,0.02
2444568,McGinn,John McGinn,Midfielder,AVL,0.03,0.07
2444568,Diego Carlos,Diego Carlos Santos Silva,Defender,AVL,0.00,0.39
2444568,Tielemans,Youri Tielemans,Midfielder,AVL,0.07,0.00
2444568,Watkins,Ollie Watkins,Forward,AVL,0.00,0.46
2444568,Cash,Matthew Cash,Defender,AVL,0.00,0.00
2444568,Konsa Ngoyo,Ezri Konsa Ngoyo,Defender,AVL,0.15,0.00
2444568,Bailey,Leon Bailey,Midfielder,AVL,0.00,0.02
2444568,Kamara,Boubacar Kamara,Midfielder,AVL,0.01,0.00
2444568,Ramsey (Jacob),Jacob Ramsey,Midfielder,AVL,0.00,0.03
2444568,Rogers,Morgan Rogers,Midfielder,AVL,0.02,0.75
2444568,Torres,Pau Torres,Defender,AVL,0.02,0.00
2444568,Mvom Onana,Amadou Mvom Onana,Midfielder,AVL,0.01,0.11
2444568,Durán,Jhon Durán,Forward,AVL,0.00,0.00
2444568,Philogene-Bidace,Jaden Philogene-Bidace,Midfielder,AVL,0.00,0.00
2444568,Son,Heung-Min Son,Midfielder,TOT,0.54,0.00
2444568,Davies (Ben),Ben Davies,Defender,TOT,0.00,0.00
2444568,Solanke,Dominic Solanke,Forward,TOT,0.00,1.52
2444568,Maddison,James Maddison,Midfielder,TOT,0.02,0.12
2444568,Vicario,Guglielmo Vicario,Goalkeeper,TOT,0.00,0.00
2444568,Bentancur,Rodrigo Bentancur,Midfielder,TOT,0.02,0.07
2444568,Richarlison,Richarlison de Andrade,Forward,TOT,0.49,0.00
2444568,Romero,Cristian Romero,Defender,TOT,0.04,0.00
2444568,Bissouma,Yves Bissouma,Midfielder,TOT,0.01,0.00
2444568,Johnson (Brennan),Brennan Johnson,Midfielder,TOT,0.03,0.59
2444568,Porro,Pedro Porro,Defender,TOT,0.02,0.04
2444568,Kulusevski,Dejan Kulusevski,Midfielder,TOT,0.37,0.00
2444568,Sarr (Pape),Pape Sarr,Midfielder,TOT,0.09,0.10
2444568,Destiny Udogie,Iyenoma Destiny Udogie,Defender,TOT,0.16,0.00
2444568,Dragusin,Radu Dragusin,Defender,TOT,0.01,0.00
2444568,Gray (Archie),Archie Gray,Midfielder,TOT,0.00,0.00
2444569,Clyne,Nathaniel Clyne,Defender,CRY,0.00,0.00
2444569,Schlupp,Jeffrey Schlupp,Midfielder,CRY,0.00,0.00
2444569,Hughes,Will Hughes,Midfielder,CRY,0.03,0.21
2444569,Henderson,Dean Henderson,Goalkeeper,CRY,0.00,0.00
2444569,Chalobah,Trevoh Chalobah,Defender,CRY,0.00,0.06
2444569,Eddie Nketiah,Edward Nketiah,Forward,CRY,0.06,0.12
2444569,Marc Guehi,Addji Keaninkin Marc-Israel Guehi,Defender,CRY,0.01,0.72
2444569,Kamada,Daichi Kamada,Midfielder,CRY,0.20,0.15
2444569,Mateta,Jean-Philippe Mateta,Forward,CRY,0.03,0.35
2444569,Ismaila Sarr,Ismaila Sarr,Midfielder,CRY,0.04,0.46
2444569,Mitchell,Tyrick Mitchell,Defender,CRY,0.11,0.06
2444569,Muñoz,Daniel Muñoz,Defender,CRY,0.01,0.38
2444569,Lacroix,Maxence Lacroix,Defender,CRY,0.00,0.00
2444569,Doucoure,Cheick Oumar Doucoure,Midfielder,CRY,0.00,0.00
2444569,Dawson,Craig Dawson,Defender,WOL,0.01,0.00
2444569,Sarabia,Pablo Sarabia,Midfielder,WOL,0.02,0.36
2444569,José Sá,José Pedro Malheiro de Sá,Goalkeeper,WOL,0.00,0.00
2444569,Lemina (Mario),Mario Lemina,Midfielder,WOL,0.00,0.02
2444569,Gonçalo Guedes,Gonçalo Manuel Ganchinho Guedes,Midfielder,WOL,0.05,0.08
2444569,Semedo,Nelson Semedo,Defender,WOL,0.04,0.00
2444569,Doyle (Tommy),Tommy Doyle,Midfielder,WOL,0.01,0.01
2444569,Bellegarde,Jean-Ricner Bellegarde,Midfielder,WOL,0.17,0.00
2444569,Bueno (Santiago),Santiago Bueno,Defender,WOL,0.00,0.00
2444569,Strand Larsen,Jørgen Strand Larsen,Forward,WOL,0.03,0.66
2444569,Matheus Cunha,Matheus Santos Carneiro Da Cunha,Forward,WOL,0.22,0.11
2444569,João Gomes,João Victor Gomes da Silva,Midfielder,WOL,0.02,0.21
2444569,Ait Nouri,Rayan Ait Nouri,Defender,WOL,0.02,0.07
2444569,Toti,Toti António Gomes,Defender,WOL,0.00,0.00
2444570,Smith,Adam Smith,Defender,BOU,0.01,0.00
2444570,Kepa,Kepa Arrizabalaga Revuelta,Goalkeeper,BOU,0.00,0.00
2444570,Brooks,David Brooks,Midfielder,BOU,0.01,0.00
2444570,Cook,Lewis Cook,Midfielder,BOU,0.37,0.13
2444570,Christie,Ryan Christie,Midfielder,BOU,0.53,0.10
2444570,Unal,Enes Unal,Forward,BOU,0.00,0.06
2444570,Adams (Tyler),Tyler Adams,Midfielder,BOU,0.02,0.03
2444570,Tavernier,Marcus Tavernier,Midfielder,BOU,0.36,0.00
2444570,Senesi,Marcos Senesi,Defender,BOU,0.02,0.69
2444570,Kluivert,Justin Kluivert,Midfielder,BOU,0.13,0.13
2444570,Araujo,Julian Araujo,Defender,BOU,0.00,0.00
2444570,Semenyo,Antoine Semenyo,Midfielder,BOU,0.03,0.28
2444570,Evanilson,Francisco Evanilson de Lima Barbosa,Forward,BOU,0.01,0.97
2444570,Zabarnyi,Illia Zabarnyi,Defender,BOU,0.01,0.00
2444570,Kerkez,Milos Kerkez,Defender,BOU,0.10,0.00
2444570,Huijsen,Dean Huijsen,Defender,BOU,0.01,0.22
2444570,Flekken,Mark Flekken,Goalkeeper,BRE,0.00,0.00
2444570,Norgaard,Christian Norgaard,Midfielder,BRE,0.01,0.08
2444570,Janelt,Vitaly Janelt,Midfielder,BRE,0.31,0.14
2444570,Jensen,Mathias Jensen,Midfielder,BRE,0.06,0.02
2444570,Wissa,Yoane Wissa,Forward,BRE,0.02,0.60
2444570,Pinnock,Ethan Pinnock,Defender,BRE,0.13,0.00
2444570,Carvalho,Fabio Carvalho,Midfielder,BRE,0.00,0.00
2444570,Lewis-Potter,Keane Lewis-Potter,Midfielder,BRE,0.27,0.00
2444570,Collins,Nathan Collins,Defender,BRE,0.29,0.00
2444570,Damsgaard,Mikkel Damsgaard,Midfielder,BRE,0.10,0.11
2444570,van den Berg,Sepp van den Berg,Defender,BRE,0.03,0.16
2444570,Mbeumo,Bryan Mbeumo,Midfielder,BRE,0.25,0.09
2444570,Yarmolyuk,Ehor Yarmolyuk,Midfielder,BRE,0.00,0.00
2444570,Schade,Kevin Schade,Midfielder,BRE,0.00,0.27
2444570,Konak,Yunus Konak,Midfielder,BRE,0.00,0.00
2444571,Welbeck,Danny Welbeck,Forward,BHA,0.01,0.30
2444571,Veltman,Joël Veltman,Defender,BHA,0.02,0.00
2444571,Estupiñán,Pervis Estupiñán,Defender,BHA,0.29,0.12
2444571,O’Riley,Matt O’Riley,Midfielder,BHA,0.01,0.52
2444571,Igor Julio,Igor Julio dos Santos de Paulo,Defender,BHA,0.00,0.00
2444571,Moder,Jakub Moder,Midfielder,BHA,0.00,0.00
2444571,Mitoma,Kaoru Mitoma,Midfielder,BHA,0.27,0.22
2444571,Rutter,Georginio Rutter,Midfielder,BHA,0.00,0.18
2444571,van Hecke,Jan-Paul van Hecke,Defender,BHA,0.15,0.00
2444571,João Pedro,João Pedro Junqueira de Jesus,Forward,BHA,0.36,0.53
2444571,Verbruggen,Bart Verbruggen,Goalkeeper,BHA,0.00,0.00
2444571,Ayari,Yasin Ayari,Midfielder,BHA,0.01,0.00
2444571,Gruda,Brajan Gruda,Midfielder,BHA,0.02,0.00
2444571,Hinshelwood,Jack Hinshelwood,Midfielder,BHA,0.00,0.35
2444571,Baleba,Carlos Baleba,Midfielder,BHA,0.04,0.07
2444571,Adingra,Simon Adingra,Midfielder,BHA,0.03,0.00
2444571,Walker,Kyle Walker,Defender,MCI,0.06,0.00
2444571,Gundogan,Ilkay Gundogan,Midfielder,MCI,0.01,0.00
2444571,De Bruyne,Kevin De Bruyne,Midfielder,MCI,0.01,0.03
2444571,Kovacic,Mateo Kovacic,Midfielder,MCI,0.24,0.02
2444571,Ederson,Ederson Santana de Moraes,Goalkeeper,MCI,0.00,0.00
2444571,Bernardo Silva,Bernardo Mota Veiga de Carvalho e Silva,Midfielder,MCI,0.01,0.07
2444571,Foden,Phil Foden,Midfielder,MCI,0.28,0.08
2444571,Haaland,Erling Haaland,Forward,MCI,0.00,1.38
2444571,Matheus Nunes,Matheus Luiz Nunes,Midfielder,MCI,0.03,0.00
2444571,Lewis (Rico),Rico Lewis,Defender,MCI,0.02,0.00
2444571,Gvardiol,Joško Gvardiol,Defender,MCI,0.03,0.05
2444571,Savinho,Sávio Moreira de Oliveira,Midfielder,MCI,0.04,0.58
2444571,Simpson-Pusey,Jahmai Simpson-Pusey,Defender,MCI,0.01,0.00
2444572,Trossard,Leandro Trossard,Midfielder,ARS,0.02,0.47
2444572,Raya Martin,David Raya Martin,Goalkeeper,ARS,0.00,0.00
2444572,Partey,Thomas Partey,Midfielder,ARS,0.02,0.24
2444572,Odegaard,Martin Odegaard,Midfielder,ARS,0.24,0.11
2444572,Merino,Mikel Merino,Midfielder,ARS,0.00,0.10
2444572,White (Ben),Ben White,Defender,ARS,0.29,0.02
2444572,Rice,Declan Rice,Midfielder,ARS,0.07,0.00
2444572,Jesus,Gabriel Fernando de Jesus,Forward,ARS,0.00,0.00
2444572,Havertz,Kai Havertz,Forward,ARS,0.01,0.00
2444572,Saka,Bukayo Saka,Midfielder,ARS,0.01,0.03
2444572,Gabriel Magalhães,Gabriel dos Santos Magalhães,Defender,ARS,0.23,0.00
2444572,Martinelli,Gabriel Teodoro Martinelli Silva,Midfielder,ARS,0.00,0.54
2444572,Jurriën Timber,Jurriën Timber,Defender,ARS,0.01,0.04
2444572,Saliba,William Saliba,Defender,ARS,0.29,0.00
2444572,Cucurella,Marc Cucurella,Defender,CHE,0.01,0.00
2444572,Nkunku,Christopher Nkunku,Midfielder,CHE,0.00,0.00
2444572,Sanchez,Robert Sanchez,Goalkeeper,CHE,0.00,0.00
2444572,James,Reece James,Defender,CHE,0.00,0.00
2444572,Palmer (Cole),Cole Palmer,Midfielder,CHE,0.01,0.16
2444572,Neto,Pedro Neto,Midfielder,CHE,0.63,0.06
2444572,Madueke,Noni Madueke,Midfielder,CHE,0.30,0.28
2444572,Fofana (Wesley),Wesley Fofana,Defender,CHE,0.01,0.36
2444572,Fernández,Enzo Fernández,Midfielder,CHE,0.05,0.00
2444572,Colwill,Levi Colwill,Defender,CHE,0.01,0.00
2444572,Mudryk,Mykhailo Mudryk,Midfielder,CHE,0.12,0.00
2444572,Gusto,Malo Gusto,Defender,CHE,0.02,0.60
2444572,Moises Caicedo,Moises Caicedo,Midfielder,CHE,0.02,0.00
2444572,Lavia,Romeo Lavia,Midfielder,CHE,0.03,0.00
2444572,Jackson (Nicolas),Nicolas Jackson,Forward,CHE,0.05,0.08
2444573,Clyne,Nathaniel Clyne,Defender,CRY,0.00,0.00
2444573,Schlupp,Jeffrey Schlupp,Midfielder,CRY,0.01,0.00
2444573,Henderson,Dean Henderson,Goalkeeper,CRY,0.00,0.00
2444573,Chalobah,Trevoh Chalobah,Defender,CRY,0.00,0.00
2444573,Marc Guehi,Addji Keaninkin Marc-Israel Guehi,Defender,CRY,0.01,0.09
2444573,Kamada,Daichi Kamada,Midfielder,CRY,0.05,0.00
2444573,Mateta,Jean-Philippe Mateta,Forward,CRY,0.01,0.81
2444573,Ismaila Sarr,Ismaila Sarr,Midfielder,CRY,0.38,0.00
2444573,Mitchell,Tyrick Mitchell,Defender,CRY,0.11,0.00
2444573,Muñoz,Daniel Muñoz,Defender,CRY,0.00,0.52
2444573,Lacroix,Maxence Lacroix,Defender,CRY,0.01,0.02
2444573,Doucoure,Cheick Oumar Doucoure,Midfielder,CRY,0.00,0.02
2444573,Devenny,Justin Devenny,Midfielder,CRY,0.14,0.11
2444573,Agbinone,Asher Agbinone,Midfielder,CRY,0.00,0.00
2444573,Kporha,Caleb Kporha,Defender,CRY,0.02,0.00
2444573,Cairney,Tom Cairney,Midfielder,FUL,0.01,0.00
2444573,Leno,Bernd Leno,Goalkeeper,FUL,0.00,0.00
2444573,Raúl Jiménez,Raul Alonso Jimenez Rodriguez,Forward,FUL,0.18,0.13
2444573,Iwobi,Alex Iwobi,Midfielder,FUL,0.64,0.14
2444573,Reed,Harrison Reed,Midfielder,FUL,0.00,0.00
2444573,Wilson (Harry),Harry Wilson,Midfielder,FUL,0.00,0.45
2444573,Pereira,Andreas Pereira,Midfielder,FUL,0.14,0.52
2444573,Traoré (Adama),Adama Traoré,Midfielder,FUL,0.09,0.00
2444573,Tete,Kenny Tete,Defender,FUL,0.02,0.05
2444573,Robinson (Antonee),Antonee Robinson,Defender,FUL,0.05,0.06
2444573,Andersen,Joachim Andersen,Defender,FUL,0.01,0.03
2444573,Nelson (Reiss),Reiss Nelson,Midfielder,FUL,0.09,0.26
2444573,Berge,Sander Berge,Midfielder,FUL,0.15,0.00
2444573,Smith-Rowe,Emile Smith-Rowe,Midfielder,FUL,0.05,0.18
2444573,Bassey,Calvin Bassey,Defender,FUL,0.00,0.00
2444573,Rodrigo Muniz,Rodrigo Muniz Carvalho,Forward,FUL,0.00,0.00
2444574,Martinez,Emiliano Martinez,Goalkeeper,AVL,0.00,0.00
2444574,Digne,Lucas Digne,Defender,AVL,0.15,0.23
2444574,McGinn,John McGinn,Midfielder,AVL,0.11,0.05
2444574,Diego Carlos,Diego Carlos Santos Silva,Defender,AVL,0.00,0.06
2444574,Tielemans,Youri Tielemans,Midfielder,AVL,0.15,0.00
2444574,Watkins,Ollie Watkins,Forward,AVL,0.01,0.36
2444574,Konsa Ngoyo,Ezri Konsa Ngoyo,Defender,AVL,0.00,0.00
2444574,Bailey,Leon Bailey,Midfielder,AVL,0.02,0.05
2444574,Kamara,Boubacar Kamara,Midfielder,AVL,0.00,0.00
2444574,Ramsey (Jacob),Jacob Ramsey,Midfielder,AVL,0.01,0.12
2444574,Rogers,Morgan Rogers,Midfielder,AVL,0.03,0.19
2444574,Torres,Pau Torres,Defender,AVL,0.07,0.00
2444574,Maatsen,Ian Maatsen,Defender,AVL,0.02,0.00
2444574,Mvom Onana,Amadou Mvom Onana,Midfielder,AVL,0.00,0.15
2444574,Durán,Jhon Durán,Forward,AVL,0.00,0.00
2444574,Philogene-Bidace,Jaden Philogene-Bidace,Midfielder,AVL,0.00,0.17
2444574,van Dijk,Virgil van Dijk,Defender,LIV,0.02,0.00
2444574,Salah,Mohamed Salah,Midfielder,LIV,0.28,0.78
2444574,Robertson,Andrew Robertson,Defender,LIV,0.26,0.00
2444574,Endo,Wataru Endo,Midfielder,LIV,0.00,0.00
2444574,Alexander-Arnold,Trent Alexander-Arnold,Defender,LIV,0.03,0.00
2444574,Kelleher,Caoimhin Kelleher,Goalkeeper,LIV,0.00,0.00
2444574,Konaté,Ibrahima Konaté,Defender,LIV,0.01,0.11
2444574,Jones,Curtis Jones,Midfielder,LIV,0.01,0.00
2444574,Mac Allister,Alexis Mac Allister,Midfielder,LIV,0.08,0.00
2444574,Gakpo,Cody Gakpo,Forward,LIV,0.00,0.06
2444574,Díaz,Luis Díaz,Midfielder,LIV,0.08,0.04
2444574,Szoboszlai,Dominik Szoboszlai,Midfielder,LIV,0.18,0.00
2444574,Gravenberch,Ryan Gravenberch,Midfielder,LIV,0.02,0.03
2444574,Núñez,Darwin Núñez,Forward,LIV,0.02,1.00
2444574,Bradley,Conor Bradley,Defender,LIV,0.01,0.00
2444575,Ayew,Jordan Ayew,Midfielder,LEI,0.04,0.05
2444575,Vestergaard,Jannik Vestergaard,Defender,LEI,0.00,0.00
2444575,Winks,Harry Winks,Midfielder,LEI,0.04,0.03
2444575,Edouard,Odsonne Edouard,Forward,LEI,0.00,0.00
2444575,Ndidi,Onyinye Wilfred Ndidi,Midfielder,LEI,0.01,0.55
2444575,Faes,Wout Faes,Defender,LEI,0.01,0.00
2444575,Justin,James Justin,Defender,LEI,0.02,0.00
2444575,Soumaré,Boubakary Soumaré,Midfielder,LEI,0.01,0.00
2444575,McAteer,Kasey McAteer,Midfielder,LEI,0.00,0.00
2444575,Hermansen,Mads Hermansen,Goalkeeper,LEI,0.00,0.00
2444575,Kristiansen,Victor Kristiansen,Defender,LEI,0.01,0.00
2444575,El Khannouss,Bilal El Khannouss,Midfielder,LEI,0.00,0.00
2444575,Fatawu,Abdul Fatawu Issahaku,Midfielder,LEI,0.04,0.01
2444575,Buonanotte,Facundo Buonanotte,Midfielder,LEI,0.35,0.00
2444575,Evans (Jonny),Jonny Evans,Defender,MUN,0.00,0.00
2444575,Casemiro,Carlos Henrique Jose Francisco Venancio,Midfielder,MUN,0.01,0.06
2444575,Eriksen,Christian Eriksen,Midfielder,MUN,0.01,0.00
2444575,Bruno Fernandes,Bruno Miguel Borges Fernandes,Midfielder,MUN,0.17,0.23
2444575,Rashford,Marcus Rashford,Midfielder,MUN,0.02,0.00
2444575,Onana,André Onana,Goalkeeper,MUN,0.00,0.00
2444575,de Ligt,Matthijs de Ligt,Defender,MUN,0.00,0.00
2444575,Dalot,José Diogo Dalot Teixeira,Defender,MUN,0.01,0.00
2444575,Martínez,Lisandro Martínez,Defender,MUN,0.01,0.00
2444575,Mazraoui,Noussair Mazraoui,Defender,MUN,0.23,0.02
2444575,Ugarte,Manuel Ugarte,Midfielder,MUN,0.02,0.01
2444575,Zirkzee,Joshua Zirkzee,Forward,MUN,0.01,0.02
2444575,Garnacho,Alejandro Garnacho Ferreyra,Midfielder,MUN,0.01,0.06
2444575,Amad Diallo,Amad Diallo Traore,Midfielder,MUN,0.02,0.28
2444575,Højlund,Rasmus Højlund,Forward,MUN,0.02,0.07
2444576,Burn,Dan Burn,Defender,NEW,0.04,0.10
2444576,Pope,Nick Pope,Goalkeeper,NEW,0.00,0.00
2444576,Schär,Fabian Schär,Defender,NEW,0.01,0.02
2444576,Longstaff (Sean),Sean Longstaff,Midfielder,NEW,0.13,0.22
2444576,Joelinton,Joelinton Cássio Apolinário de Lira,Midfielder,NEW,0.29,0.13
2444576,Willock,Joseph Willock,Midfielder,NEW,0.13,0.06
2444576,Barnes,Harvey Barnes,Midfielder,NEW,0.00,0.27
2444576,Bruno Guimarães,Bruno Guimarães Rodriguez Moura,Midfielder,NEW,0.05,0.12
2444576,Isak,Alexander Isak,Forward,NEW,0.24,0.55
2444576,Gordon (Anthony),Anthony Gordon,Midfielder,NEW,0.39,0.23
2444576,Tonali,Sandro Tonali,Midfielder,NEW,0.01,0.00
2444576,Livramento,Valentino Livramento,Defender,NEW,0.01,0.00
2444576,Lewis Hall,Lewis Hall,Defender,NEW,0.08,0.00
2444576,Osula,William Osula,Forward,NEW,0.00,0.00
2444576,Wood (Chris),Chris Wood,Forward,NFO,0.01,0.00
2444576,Sels,Matz Sels,Goalkeeper,NFO,0.00,0.00
2444576,Ward-Prowse,James Ward-Prowse,Midfielder,NFO,0.00,0.00
2444576,Álex Moreno,Alexandre Moreno Lopera,Defender,NFO,0.00,0.00
2444576,Aina,Ola Aina,Defender,NFO,0.06,0.00
2444576,Yates,Ryan Yates,Midfielder,NFO,0.03,0.11
2444576,Hudson-Odoi,Callum Hudson-Odoi,Midfielder,NFO,0.01,0.00
2444576,Awoniyi,Taiwo Awoniyi,Forward,NFO,0.00,0.00
2444576,Anderson,Elliot Anderson,Midfielder,NFO,0.01,0.00
2444576,Gibbs-White,Morgan Gibbs-White,Midfielder,NFO,0.01,0.13
2444576,Milenkovic,Nikola Milenkovic,Defender,NFO,0.00,0.02
2444576,Nicolás Domínguez,Nicolás Domínguez,Midfielder,NFO,0.02,0.02
2444576,Elanga,Anthony Elanga,Midfielder,NFO,0.42,0.11
2444576,Sosa,Ramón Sosa,Midfielder,NFO,0.01,0.05
2444576,Jota Silva,João Pedro Ferreira da Silva,Midfielder,NFO,0.05,0.00
2444576,Murillo,Murillo Santiago Costa dos Santos,Defender,NFO,0.05,0.19
2444577,Morsy,Sam Morsy,Midfielder,IPS,0.04,0.00
2444577,Luongo,Massimo Luongo,Midfielder,IPS,0.00,0.00
2444577,Burgess,Cameron Burgess,Defender,IPS,0.02,0.11
2444577,Szmodics,Sammie Szmodics,Midfielder,IPS,0.00,0.43
2444577,Tuanzebe,Axel Tuanzebe,Defender,IPS,0.00,0.00
2444577,O'Shea,Dara O'Shea,Defender,IPS,0.01,0.07
2444577,Johnson (Ben),Ben Johnson,Defender,IPS,0.01,0.00
2444577,Hirst,George Hirst,Forward,IPS,0.02,0.00
2444577,Muric,Arijanet Muric,Goalkeeper,IPS,0.00,0.00
2444577,Clarke (Jack),Jack Clarke,Midfielder,IPS,0.01,0.02
2444577,Cajuste,Jens Cajuste,Midfielder,IPS,0.01,0.00
2444577,Davis,Leif Davis,Defender,IPS,0.15,0.04
2444577,Delap,Liam Delap,Forward,IPS,0.04,0.88
2444577,Hutchinson,Omari Hutchinson,Midfielder,IPS,0.05,0.07
2444577,Son,Heung-Min Son,Midfielder,TOT,0.48,0.08
2444577,Solanke,Dominic Solanke,Forward,TOT,0.01,0.36
2444577,Werner,Timo Werner,Midfielder,TOT,0.01,0.18
2444577,Maddison,James Maddison,Midfielder,TOT,0.00,0.00
2444577,Vicario,Guglielmo Vicario,Goalkeeper,TOT,0.00,0.00
2444577,Bentancur,Rodrigo Bentancur,Midfielder,TOT,0.04,0.25
2444577,Romero,Cristian Romero,Defender,TOT,0.09,0.08
2444577,Bissouma,Yves Bissouma,Midfielder,TOT,0.00,0.00
2444577,Johnson (Brennan),Brennan Johnson,Midfielder,TOT,0.02,0.60
2444577,Porro,Pedro Porro,Defender,TOT,0.17,0.00
2444577,Kulusevski,Dejan Kulusevski,Midfielder,TOT,0.24,0.00
2444577,Sarr (Pape),Pape Sarr,Midfielder,TOT,0.05,0.00
2444577,Destiny Udogie,Iyenoma Destiny Udogie,Defender,TOT,0.03,0.00
2444577,Dragusin,Radu Dragusin,Defender,TOT,0.01,0.00
2444578,Tarkowski,James Tarkowski,Defender,EVE,0.01,0.06
2444578,Young (Ashley),Ashley Young,Defender,EVE,0.06,0.07
2444578,Gueye,Idrissa Gueye,Midfielder,EVE,0.26,0.06
2444578,Pickford,Jordan Pickford,Goalkeeper,EVE,0.00,0.00
2444578,Doucouré,Abdoulaye Doucouré,Midfielder,EVE,0.04,0.17
2444578,Calvert-Lewin,Dominic Calvert-Lewin,Forward,EVE,0.05,0.17
2444578,Mangala,Orel Mangala,Midfielder,EVE,0.36,0.04
2444578,Harrison (Jack),Jack Harrison,Midfielder,EVE,0.00,0.00
2444578,Mykolenko,Vitaliy Mykolenko,Defender,EVE,0.01,0.03
2444578,Ndiaye,Iliman Ndiaye,Forward,EVE,0.03,0.07
2444578,Lindstrom,Jesper Lindstrom,Midfielder,EVE,0.13,0.44
2444578,Branthwaite,Jarrad Branthwaite,Defender,EVE,0.02,0.00
2444578,Beto,Norberto Bercique Gomes Betuncal,Forward,EVE,0.00,0.00
2444578,Fabianski,Lukasz Fabianski,Goalkeeper,WHU,0.00,0.00
2444578,Antonio,Michail Antonio,Forward,WHU,0.01,0.03
2444578,Ings,Danny Ings,Forward,WHU,0.01,0.31
2444578,Emerson,Emerson Palmieri dos Santos,Defender,WHU,0.02,0.04
2444578,Coufal,Vladimir Coufal,Defender,WHU,0.01,0.00
2444578,Bowen,Jarrod Bowen,Midfielder,WHU,0.19,0.10
2444578,Rodríguez,Guido Rodríguez,Midfielder,WHU,0.01,0.02
2444578,Kilman,Max Kilman,Defender,WHU,0.01,0.00
2444578,Wan-Bissaka,Aaron Wan-Bissaka,Defender,WHU,0.01,0.00
2444578,Soucek,Tomas Soucek,Midfielder,WHU,0.11,0.00
2444578,Lucas Paquetá,Lucas Tolentino Coelho de Lima,Midfielder,WHU,0.28,0.01
2444578,Soler (Carlos),Carlos Soler,Midfielder,WHU,0.01,0.04
2444578,Summerville,Crysencio Summerville,Midfielder,WHU,0.16,0.28
2444578,Todibo,Jean-Clair Todibo,Defender,WHU,0.00,0.00
2444578,Luis Guilherme,Luis Guilherme Lira dos Santos,Midfielder,WHU,0.00,0.00
2444579,Lallana,Adam Lallana,Midfielder,SOU,0.19,0.00
2444579,Stephens,Jack Stephens,Defender,SOU,0.05,0.00
2444579,Paul Onuachu,Ebere Paul Onuachu,Forward,SOU,0.00,0.00
2444579,Armstrong (Adam),Adam Armstrong,Forward,SOU,0.04,0.05
2444579,Walker-Peters,Kyle Walker-Peters,Defender,SOU,0.02,0.00
2444579,Bednarek,Jan Bednarek,Defender,SOU,0.02,0.01
2444579,Aribo,Joe Aribo,Midfielder,SOU,0.01,0.00
2444579,Brereton,Ben Brereton,Midfielder,SOU,0.00,0.12
2444579,Manning,Ryan Manning,Defender,SOU,0.18,0.00
2444579,Sugawara,Yukinari Sugawara,Defender,SOU,0.01,0.05
2444579,Ramsdale,Aaron Ramsdale,Goalkeeper,SOU,0.00,0.00
2444579,Harwood-Bellis,Taylor Harwood-Bellis,Defender,SOU,0.02,0.17
2444579,Archer,Cameron Archer,Forward,SOU,0.00,0.00
2444579,Dibling,Tyler Dibling,Midfielder,SOU,0.01,0.03
2444579,Ugochukwu,Lesley Ugochukwu,Midfielder,SOU,0.01,0.00
2444579,Mateus Fernandes,Mateus Gonçalo Espanha Fernandes,Midfielder,SOU,0.17,0.22
2444579,Dawson,Craig Dawson,Defender,WOL,0.00,0.00
2444579,Doherty,Matt Doherty,Defender,WOL,0.00,0.00
2444579,Sarabia,Pablo Sarabia,Midfielder,WOL,0.02,0.97
2444579,José Sá,José Pedro Malheiro de Sá,Goalkeeper,WOL,0.00,0.00
2444579,Lemina (Mario),Mario Lemina,Midfielder,WOL,0.01,0.02
2444579,Gonçalo Guedes,Gonçalo Manuel Ganchinho Guedes,Midfielder,WOL,0.00,0.00
2444579,Semedo,Nelson Semedo,Defender,WOL,0.05,0.00
2444579,Bellegarde,Jean-Ricner Bellegarde,Midfielder,WOL,0.00,0.03
2444579,Bueno (Santiago),Santiago Bueno,Defender,WOL,0.00,0.00
2444579,Strand Larsen,Jørgen Strand Larsen,Forward,WOL,0.00,0.04
2444579,Matheus Cunha,Matheus Santos Carneiro Da Cunha,Forward,WOL,0.42,0.06
2444579,João Gomes,João Victor Gomes da Silva,Midfielder,WOL,0.01,0.05
2444579,Ait Nouri,Rayan Ait Nouri,Defender,WOL,0.08,0.09
2444579,Rodrigo Gomes,Rodrigo Martins Gomes,Midfielder,WOL,0.00,0.00
2444579,Toti,Toti António Gomes,Defender,WOL,0.03,0.00
2444580,Smith,Adam Smith,Defender,BOU,0.00,0.00
2444580,Kepa,Kepa Arrizabalaga Revuelta,Goalkeeper,BOU,0.00,0.00
2444580,Brooks,David Brooks,Midfielder,BOU,0.38,0.10
2444580,Cook,Lewis Cook,Midfielder,BOU,0.10,0.00
2444580,Unal,Enes Unal,Forward,BOU,0.04,0.22
2444580,Adams (Tyler),Tyler Adams,Midfielder,BOU,0.01,0.00
2444580,Tavernier,Marcus Tavernier,Midfielder,BOU,0.24,0.02
2444580,Senesi,Marcos Senesi,Defender,BOU,0.01,0.00
2444580,Kluivert,Justin Kluivert,Midfielder,BOU,0.03,0.22
2444580,Aarons,Maximillian Aarons,Defender,BOU,0.01,0.00
2444580,Semenyo,Antoine Semenyo,Midfielder,BOU,0.25,0.31
2444580,Evanilson,Francisco Evanilson de Lima Barbosa,Forward,BOU,0.01,0.51
2444580,Zabarnyi,Illia Zabarnyi,Defender,BOU,0.02,0.00
2444580,Dango Ouattara,Dango Ouattara,Midfielder,BOU,0.12,0.00
2444580,Kerkez,Milos Kerkez,Defender,BOU,0.24,0.00
2444580,Huijsen,Dean Huijsen,Defender,BOU,0.01,0.24
2444580,Welbeck,Danny Welbeck,Forward,BHA,0.03,0.00
2444580,Veltman,Joël Veltman,Defender,BHA,0.01,0.00
2444580,Estupiñán,Pervis Estupiñán,Defender,BHA,0.00,0.00
2444580,O’Riley,Matt O’Riley,Midfielder,BHA,0.00,0.03
2444580,Igor Julio,Igor Julio dos Santos de Paulo,Defender,BHA,0.00,0.00
2444580,Mitoma,Kaoru Mitoma,Midfielder,BHA,0.03,0.42
2444580,Rutter,Georginio Rutter,Midfielder,BHA,0.01,0.20
2444580,Wieffer,Mats Wieffer,Midfielder,BHA,0.00,0.00
2444580,van Hecke,Jan-Paul van Hecke,Defender,BHA,0.00,0.01
2444580,João Pedro,João Pedro Junqueira de Jesus,Forward,BHA,0.59,0.29
2444580,Ferguson,Evan Ferguson,Forward,BHA,0.00,0.00
2444580,Verbruggen,Bart Verbruggen,Goalkeeper,BHA,0.00,0.00
2444580,Ayari,Yasin Ayari,Midfielder,BHA,0.03,0.00
2444580,Baleba,Carlos Baleba,Midfielder,BHA,0.02,0.00
2444580,Adingra,Simon Adingra,Midfielder,BHA,0.01,0.00
2444581,Jorginho,Jorge Luiz Frello Filho,Midfielder,ARS,0.09,0.00
2444581,Sterling,Raheem Sterling,Midfielder,ARS,0.03,0.00
2444581,Trossard,Leandro Trossard,Midfielder,ARS,0.11,0.18
2444581,Raya Martin,David Raya Martin,Goalkeeper,ARS,0.00,0.00
2444581,Partey,Thomas Partey,Midfielder,ARS,0.01,0.06
2444581,Odegaard,Martin Odegaard,Midfielder,ARS,0.15,0.26
2444581,Merino,Mikel Merino,Midfielder,ARS,0.00,0.04
2444581,Jesus,Gabriel Fernando de Jesus,Forward,ARS,0.05,0.15
2444581,Zinchenko,Oleksandr Zinchenko,Defender,ARS,0.00,0.00
2444581,Saka,Bukayo Saka,Midfielder,ARS,0.24,0.29
2444581,Gabriel Magalhães,Gabriel dos Santos Magalhães,Defender,ARS,0.02,0.07
2444581,Kiwior,Jakub Kiwior,Defender,ARS,0.00,0.00
2444581,Jurriën Timber,Jurriën Timber,Defender,ARS,0.05,0.05
2444581,Saliba,William Saliba,Defender,ARS,0.02,0.00
2444581,Calafiori,Riccardo Calafiori,Defender,ARS,0.01,0.00
2444581,Nwaneri,Ethan Nwaneri,Midfielder,ARS,0.02,0.10
2444581,Wood (Chris),Chris Wood,Forward,NFO,0.00,0.00
2444581,Sels,Matz Sels,Goalkeeper,NFO,0.00,0.00
2444581,Ward-Prowse,James Ward-Prowse,Midfielder,NFO,0.18,0.00
2444581,Álex Moreno,Alexandre Moreno Lopera,Defender,NFO,0.00,0.00
2444581,Aina,Ola Aina,Defender,NFO,0.01,0.00
2444581,Yates,Ryan Yates,Midfielder,NFO,0.01,0.13
2444581,Hudson-Odoi,Callum Hudson-Odoi,Midfielder,NFO,0.06,0.03
2444581,Awoniyi,Taiwo Awoniyi,Forward,NFO,0.00,0.00
2444581,Williams (Neco),Neco Williams,Defender,NFO,0.00,0.00
2444581,Milenkovic,Nikola Milenkovic,Defender,NFO,0.01,0.05
2444581,Nicolás Domínguez,Nicolás Domínguez,Midfielder,NFO,0.00,0.03
2444581,Elanga,Anthony Elanga,Midfielder,NFO,0.00,0.00
2444581,Sosa,Ramón Sosa,Midfielder,NFO,0.08,0.00
2444581,Jota Silva,João Pedro Ferreira da Silva,Midfielder,NFO,0.00,0.07
2444581,Murillo,Murillo Santiago Costa dos Santos,Defender,NFO,0.01,0.03
2444582,Barkley,Ross Barkley,Midfielder,AVL,0.09,0.24
2444582,Martinez,Emiliano Martinez,Goalkeeper,AVL,0.00,0.00
2444582,Digne,Lucas Digne,Defender,AVL,0.00,0.00
2444582,McGinn,John McGinn,Midfielder,AVL,0.34,0.42
2444582,Diego Carlos,Diego Carlos Santos Silva,Defender,AVL,0.01,0.06
2444582,Tielemans,Youri Tielemans,Midfielder,AVL,0.17,0.79
2444582,Watkins,Ollie Watkins,Forward,AVL,0.02,1.30
2444582,Buendía,Emiliano Buendía,Midfielder,AVL,0.00,0.00
2444582,Cash,Matthew Cash,Defender,AVL,0.02,0.00
2444582,Bailey,Leon Bailey,Midfielder,AVL,0.54,0.05
2444582,Rogers,Morgan Rogers,Midfielder,AVL,0.05,0.18
2444582,Torres,Pau Torres,Defender,AVL,0.03,0.00
2444582,Maatsen,Ian Maatsen,Defender,AVL,0.04,0.06
2444582,Durán,Jhon Durán,Forward,AVL,0.00,0.02
2444582,Philogene-Bidace,Jaden Philogene-Bidace,Midfielder,AVL,0.00,0.00
2444582,Bogarde,Lamar Bogarde,Defender,AVL,0.03,0.00
2444582,Clyne,Nathaniel Clyne,Defender,CRY,0.00,0.00
2444582,Schlupp,Jeffrey Schlupp,Midfielder,CRY,0.00,0.04
2444582,Hughes,Will Hughes,Midfielder,CRY,0.10,0.00
2444582,Lerma,Jefferson Lerma,Midfielder,CRY,0.00,0.01
2444582,Henderson,Dean Henderson,Goalkeeper,CRY,0.00,0.00
2444582,Chalobah,Trevoh Chalobah,Defender,CRY,0.00,0.00
2444582,Marc Guehi,Addji Keaninkin Marc-Israel Guehi,Defender,CRY,0.01,0.00
2444582,Mateta,Jean-Philippe Mateta,Forward,CRY,0.18,0.10
2444582,Ismaila Sarr,Ismaila Sarr,Midfielder,CRY,0.09,0.71
2444582,Mitchell,Tyrick Mitchell,Defender,CRY,0.07,0.04
2444582,Muñoz,Daniel Muñoz,Defender,CRY,0.05,0.04
2444582,Richards (Chris),Chris Richards,Defender,CRY,0.00,0.00
2444582,Lacroix,Maxence Lacroix,Defender,CRY,0.00,0.05
2444582,Doucoure,Cheick Oumar Doucoure,Midfielder,CRY,0.00,0.00
2444582,Devenny,Justin Devenny,Midfielder,CRY,0.00,0.27
2444583,Flekken,Mark Flekken,Goalkeeper,BRE,0.00,0.00
2444583,Norgaard,Christian Norgaard,Midfielder,BRE,0.00,0.00
2444583,Janelt,Vitaly Janelt,Midfielder,BRE,0.03,0.00
2444583,Jensen,Mathias Jensen,Midfielder,BRE,0.01,0.09
2444583,Wissa,Yoane Wissa,Forward,BRE,0.01,0.82
2444583,Pinnock,Ethan Pinnock,Defender,BRE,0.00,0.03
2444583,Lewis-Potter,Keane Lewis-Potter,Midfielder,BRE,0.02,0.04
2444583,Collins,Nathan Collins,Defender,BRE,0.00,0.00
2444583,Damsgaard,Mikkel Damsgaard,Midfielder,BRE,0.16,0.05
2444583,van den Berg,Sepp van den Berg,Defender,BRE,0.01,0.07
2444583,Mbeumo,Bryan Mbeumo,Midfielder,BRE,0.12,0.00
2444583,Thiago,Igor Thiago Nascimento Rodrigues,Forward,BRE,0.00,0.00
2444583,Yarmolyuk,Ehor Yarmolyuk,Midfielder,BRE,0.00,0.00
2444583,Schade,Kevin Schade,Midfielder,BRE,0.00,0.00
2444583,Tarkowski,James Tarkowski,Defender,EVE,0.11,0.00
2444583,Young (Ashley),Ashley Young,Defender,EVE,0.23,0.00
2444583,Gueye,Idrissa Gueye,Midfielder,EVE,0.16,0.06
2444583,Pickford,Jordan Pickford,Goalkeeper,EVE,0.00,0.00
2444583,Doucouré,Abdoulaye Doucouré,Midfielder,EVE,0.03,0.00
2444583,Calvert-Lewin,Dominic Calvert-Lewin,Forward,EVE,0.01,0.18
2444583,Mangala,Orel Mangala,Midfielder,EVE,0.01,0.00
2444583,Mykolenko,Vitaliy Mykolenko,Defender,EVE,0.05,0.17
2444583,McNeil,Dwight McNeil,Midfielder,EVE,0.17,0.16
2444583,Ndiaye,Iliman Ndiaye,Forward,EVE,0.23,0.14
2444583,Lindstrom,Jesper Lindstrom,Midfielder,EVE,0.03,0.06
2444583,Branthwaite,Jarrad Branthwaite,Defender,EVE,0.02,0.03
2444583,Beto,Norberto Bercique Gomes Betuncal,Forward,EVE,0.00,0.38
2444584,Cairney,Tom Cairney,Midfielder,FUL,0.08,0.00
2444584,Leno,Bernd Leno,Goalkeeper,FUL,0.00,0.00
2444584,Raúl Jiménez,Raul Alonso Jimenez Rodriguez,Forward,FUL,0.01,0.72
2444584,Iwobi,Alex Iwobi,Midfielder,FUL,0.04,0.16
2444584,Wilson (Harry),Harry Wilson,Midfielder,FUL,0.06,0.03
2444584,Pereira,Andreas Pereira,Midfielder,FUL,0.15,0.04
2444584,Traoré (Adama),Adama Traoré,Midfielder,FUL,0.03,0.02
2444584,Castagne,Timothy Castagne,Defender,FUL,0.01,0.00
2444584,Tete,Kenny Tete,Defender,FUL,0.01,0.03
2444584,Robinson (Antonee),Antonee Robinson,Defender,FUL,0.27,0.03
2444584,Andersen,Joachim Andersen,Defender,FUL,0.01,0.00
2444584,Nelson (Reiss),Reiss Nelson,Midfielder,FUL,0.12,0.00
2444584,Smith-Rowe,Emile Smith-Rowe,Midfielder,FUL,0.02,0.00
2444584,Lukic,Sasa Lukic,Midfielder,FUL,0.05,0.00
2444584,Bassey,Calvin Bassey,Defender,FUL,0.02,0.00
2444584,Rodrigo Muniz,Rodrigo Muniz Carvalho,Forward,FUL,0.06,0.00
2444584,Doherty,Matt Doherty,Defender,WOL,0.00,0.00
2444584,José Sá,José Pedro Malheiro de Sá,Goalkeeper,WOL,0.00,0.00
2444584,Lemina (Mario),Mario Lemina,Midfielder,WOL,0.29,0.00
2444584,Gonçalo Guedes,Gonçalo Manuel Ganchinho Guedes,Midfielder,WOL,0.00,0.24
2444584,Hwang Hee-Chan,Hee-Chan Hwang,Midfielder,WOL,0.00,0.00
2444584,Semedo,Nelson Semedo,Defender,WOL,0.18,0.00
2444584,Doyle (Tommy),Tommy Doyle,Midfielder,WOL,0.01,0.00
2444584,Bellegarde,Jean-Ricner Bellegarde,Midfielder,WOL,0.02,0.00
2444584,Strand Larsen,Jørgen Strand Larsen,Forward,WOL,0.03,0.09
2444584,Matheus Cunha,Matheus Santos Carneiro Da Cunha,Forward,WOL,0.05,0.77
2444584,João Gomes,João Victor Gomes da Silva,Midfielder,WOL,0.11,0.22
2444584,Ait Nouri,Rayan Ait Nouri,Defender,WOL,0.01,0.00
2444584,Rodrigo Gomes,Rodrigo Martins Gomes,Midfielder,WOL,0.03,0.00
2444584,André,André Trindade da Costa Neto,Midfielder,WOL,0.01,0.00
2444584,Toti,Toti António Gomes,Defender,WOL,0.00,0.00
2444584,Pond,Alfie Pond,Defender,WOL,0.00,0.00
2444585,Morsy,Sam Morsy,Midfielder,IPS,0.05,0.02
2444585,Burgess,Cameron Burgess,Defender,IPS,0.01,0.00
2444585,Burns,Wes Burns,Midfielder,IPS,0.05,0.00
2444585,Szmodics,Sammie Szmodics,Midfielder,IPS,0.01,0.17
2444585,Tuanzebe,Axel Tuanzebe,Defender,IPS,0.01,0.00
2444585,Chaplin,Conor Chaplin,Midfielder,IPS,0.06,0.20
2444585,O'Shea,Dara O'Shea,Defender,IPS,0.01,0.00
2444585,Taylor (Jack),Jack Taylor,Midfielder,IPS,0.00,0.00
2444585,Muric,Arijanet Muric,Goalkeeper,IPS,0.00,0.00
2444585,Clarke (Jack),Jack Clarke,Midfielder,IPS,0.18,0.00
2444585,Cajuste,Jens Cajuste,Midfielder,IPS,0.01,0.06
2444585,Davis,Leif Davis,Defender,IPS,0.29,0.00
2444585,Ali Al Hamadi,Ali Ibrahim Karim Al Hamadi,Forward,IPS,0.00,0.00
2444585,Delap,Liam Delap,Forward,IPS,0.01,0.99
2444585,Hutchinson,Omari Hutchinson,Midfielder,IPS,0.04,0.15
2444585,Evans (Jonny),Jonny Evans,Defender,MUN,0.00,0.00
2444585,Casemiro,Carlos Henrique Jose Francisco Venancio,Midfielder,MUN,0.01,0.00
2444585,Eriksen,Christian Eriksen,Midfielder,MUN,0.01,0.03
2444585,Shaw,Luke Shaw,Defender,MUN,0.01,0.00
2444585,Bruno Fernandes,Bruno Miguel Borges Fernandes,Midfielder,MUN,0.31,0.17
2444585,Rashford,Marcus Rashford,Midfielder,MUN,0.04,0.25
2444585,Mount,Mason Mount,Midfielder,MUN,0.00,0.00
2444585,Onana,André Onana,Goalkeeper,MUN,0.00,0.00
2444585,de Ligt,Matthijs de Ligt,Defender,MUN,0.00,0.00
2444585,Dalot,José Diogo Dalot Teixeira,Defender,MUN,0.01,0.03
2444585,Mazraoui,Noussair Mazraoui,Defender,MUN,0.01,0.00
2444585,Ugarte,Manuel Ugarte,Midfielder,MUN,0.01,0.00
2444585,Zirkzee,Joshua Zirkzee,Forward,MUN,0.00,0.04
2444585,Garnacho,Alejandro Garnacho Ferreyra,Midfielder,MUN,0.02,0.22
2444585,Amad Diallo,Amad Diallo Traore,Midfielder,MUN,0.17,0.07
2444585,Højlund,Rasmus Højlund,Forward,MUN,0.08,0.00
2444586,Cucurella,Marc Cucurella,Defender,CHE,0.26,0.00
2444586,Sancho,Jadon Sancho,Midfielder,CHE,0.00,0.00
2444586,Nkunku,Christopher Nkunku,Midfielder,CHE,0.00,0.05
2444586,Sanchez,Robert Sanchez,Goalkeeper,CHE,0.00,0.00
2444586,Dewsbury-Hall,Kiernan Dewsbury-Hall,Midfielder,CHE,0.00,0.00
2444586,Badiashile,Benoît Badiashile,Defender,CHE,0.05,0.00
2444586,Palmer (Cole),Cole Palmer,Midfielder,CHE,0.17,0.89
2444586,Madueke,Noni Madueke,Midfielder,CHE,0.05,0.47
2444586,João Félix,João Félix Sequeira,Midfielder,CHE,0.03,0.11
2444586,Fofana (Wesley),Wesley Fofana,Defender,CHE,0.02,0.00
2444586,Fernández,Enzo Fernández,Midfielder,CHE,0.22,0.87
2444586,Colwill,Levi Colwill,Defender,CHE,0.02,0.00
2444586,Moises Caicedo,Moises Caicedo,Midfielder,CHE,0.03,0.08
2444586,Lavia,Romeo Lavia,Midfielder,CHE,0.00,0.00
2444586,Jackson (Nicolas),Nicolas Jackson,Forward,CHE,0.15,0.44
2444586,Ayew,Jordan Ayew,Midfielder,LEI,0.00,0.79
2444586,DeCordova-Reid,Bobby DeCordova-Reid,Midfielder,LEI,0.00,0.00
2444586,Vardy,Jamie Vardy,Forward,LEI,0.01,0.00
2444586,Mavididi,Stephy Mavididi,Midfielder,LEI,0.22,0.00
2444586,Winks,Harry Winks,Midfielder,LEI,0.00,0.00
2444586,Ndidi,Onyinye Wilfred Ndidi,Midfielder,LEI,0.00,0.23
2444586,Skipp,Oliver Skipp,Midfielder,LEI,0.02,0.00
2444586,Faes,Wout Faes,Defender,LEI,0.00,0.00
2444586,Justin,James Justin,Defender,LEI,0.00,0.00
2444586,Soumaré,Boubakary Soumaré,Midfielder,LEI,0.01,0.00
2444586,Daka,Patson Daka,Forward,LEI,0.00,0.05
2444586,McAteer,Kasey McAteer,Midfielder,LEI,0.00,0.04
2444586,Hermansen,Mads Hermansen,Goalkeeper,LEI,0.00,0.00
2444586,Okoli,Caleb Okoli,Defender,LEI,0.00,0.00
2444586,Kristiansen,Victor Kristiansen,Defender,LEI,0.07,0.00
2444586,El Khannouss,Bilal El Khannouss,Midfielder,LEI,0.01,0.00
2444587,Walker,Kyle Walker,Defender,MCI,0.17,0.00
2444587,Gundogan,Ilkay Gundogan,Midfielder,MCI,0.10,0.10
2444587,De Bruyne,Kevin De Bruyne,Midfielder,MCI,0.15,0.04
2444587,Stones,John Stones,Defender,MCI,0.01,0.00
2444587,Grealish,Jack Grealish,Midfielder,MCI,0.05,0.00
2444587,Ederson,Ederson Santana de Moraes,Goalkeeper,MCI,0.00,0.00
2444587,Aké,Nathan Aké,Defender,MCI,0.02,0.09
2444587,Bernardo Silva,Bernardo Mota Veiga de Carvalho e Silva,Midfielder,MCI,0.27,0.05
2444587,Foden,Phil Foden,Midfielder,MCI,0.04,0.51
2444587,Akanji,Manuel Akanji,Defender,MCI,0.03,0.08
2444587,Haaland,Erling Haaland,Forward,MCI,0.03,0.82
2444587,Lewis (Rico),Rico Lewis,Defender,MCI,0.03,0.05
2444587,Gvardiol,Joško Gvardiol,Defender,MCI,0.57,0.30
2444587,Savinho,Sávio Moreira de Oliveira,Midfielder,MCI,0.18,0.10
2444587,Son,Heung-Min Son,Midfielder,TOT,0.16,0.02
2444587,Davies (Ben),Ben Davies,Defender,TOT,0.01,0.00
2444587,Solanke,Dominic Solanke,Forward,TOT,0.05,0.12
2444587,Werner,Timo Werner,Midfielder,TOT,0.25,0.00
2444587,Maddison,James Maddison,Midfielder,TOT,0.03,0.79
2444587,Vicario,Guglielmo Vicario,Goalkeeper,TOT,0.00,0.00
2444587,Bissouma,Yves Bissouma,Midfielder,TOT,0.01,0.03
2444587,Spence,Djed Spence,Defender,TOT,0.00,0.00
2444587,Johnson (Brennan),Brennan Johnson,Midfielder,TOT,0.00,1.13
2444587,Porro,Pedro Porro,Defender,TOT,0.01,0.31
2444587,Kulusevski,Dejan Kulusevski,Midfielder,TOT,0.47,0.12
2444587,Sarr (Pape),Pape Sarr,Midfielder,TOT,0.02,0.00
2444587,Destiny Udogie,Iyenoma Destiny Udogie,Defender,TOT,0.01,0.00
2444587,Dragusin,Radu Dragusin,Defender,TOT,0.00,0.00
2444587,Bergvall,Lucas Bergvall,Midfielder,TOT,0.00,0.00
2444588,Wilson (Callum),Callum Wilson,Forward,NEW,0.00,0.00
2444588,Trippier,Kieran Trippier,Defender,NEW,0.01,0.00
2444588,Pope,Nick Pope,Goalkeeper,NEW,0.00,0.00
2444588,Murphy (Jacob),Jacob Murphy,Midfielder,NEW,0.02,0.00
2444588,Schär,Fabian Schär,Defender,NEW,0.03,0.03
2444588,Longstaff (Sean),Sean Longstaff,Midfielder,NEW,0.01,0.08
2444588,Joelinton,Joelinton Cássio Apolinário de Lira,Midfielder,NEW,0.05,0.00
2444588,Willock,Joseph Willock,Midfielder,NEW,0.04,0.19
2444588,Barnes,Harvey Barnes,Midfielder,NEW,0.05,0.00
2444588,Bruno Guimarães,Bruno Guimarães Rodriguez Moura,Midfielder,NEW,0.13,0.00
2444588,Isak,Alexander Isak,Forward,NEW,0.03,0.70
2444588,Gordon (Anthony),Anthony Gordon,Midfielder,NEW,0.12,0.43
2444588,Kelly,Lloyd Kelly,Defender,NEW,0.01,0.17
2444588,Tonali,Sandro Tonali,Midfielder,NEW,0.01,0.00
2444588,Livramento,Valentino Livramento,Defender,NEW,0.16,0.00
2444588,Lewis Hall,Lewis Hall,Defender,NEW,0.23,0.08
2444588,Fabianski,Lukasz Fabianski,Goalkeeper,WHU,0.00,0.00
2444588,Antonio,Michail Antonio,Forward,WHU,0.01,0.00
2444588,Ings,Danny Ings,Forward,WHU,0.00,0.14
2444588,Emerson,Emerson Palmieri dos Santos,Defender,WHU,0.05,0.00
2444588,Coufal,Vladimir Coufal,Defender,WHU,0.15,0.00
2444588,Bowen,Jarrod Bowen,Midfielder,WHU,0.06,0.17
2444588,Rodríguez,Guido Rodríguez,Midfielder,WHU,0.00,0.00
2444588,Kilman,Max Kilman,Defender,WHU,0.00,0.00
2444588,Wan-Bissaka,Aaron Wan-Bissaka,Defender,WHU,0.01,0.07
2444588,Soucek,Tomas Soucek,Midfielder,WHU,0.00,0.26
2444588,Lucas Paquetá,Lucas Tolentino Coelho de Lima,Midfielder,WHU,0.07,0.05
2444588,Soler (Carlos),Carlos Soler,Midfielder,WHU,0.07,0.11
2444588,Irving,Andy Irving,Midfielder,WHU,0.00,0.00
2444588,Mavropanos,Konstantinos Mavropanos,Defender,WHU,0.01,0.00
2444588,Summerville,Crysencio Summerville,Midfielder,WHU,0.02,0.00
2444588,Todibo,Jean-Clair Todibo,Defender,WHU,0.00,0.00
2444589,van Dijk,Virgil van Dijk,Defender,LIV,0.03,0.00
2444589,Salah,Mohamed Salah,Midfielder,LIV,0.16,1.86
2444589,Robertson,Andrew Robertson,Defender,LIV,0.15,0.00
2444589,Endo,Wataru Endo,Midfielder,LIV,0.00,0.00
2444589,Kelleher,Caoimhin Kelleher,Goalkeeper,LIV,0.00,0.00
2444589,Konaté,Ibrahima Konaté,Defender,LIV,0.03,0.00
2444589,Jones,Curtis Jones,Midfielder,LIV,0.04,0.04
2444589,Mac Allister,Alexis Mac Allister,Midfielder,LIV,0.06,0.02
2444589,Gakpo,Cody Gakpo,Forward,LIV,0.08,0.11
2444589,Díaz,Luis Díaz,Midfielder,LIV,0.08,0.15
2444589,Szoboszlai,Dominik Szoboszlai,Midfielder,LIV,0.42,0.23
2444589,Gravenberch,Ryan Gravenberch,Midfielder,LIV,0.21,0.41
2444589,Núñez,Darwin Núñez,Forward,LIV,0.02,0.15
2444589,Bradley,Conor Bradley,Defender,LIV,0.03,0.17
2444589,Lallana,Adam Lallana,Midfielder,SOU,0.04,0.00
2444589,McCarthy,Alex McCarthy,Goalkeeper,SOU,0.00,0.00
2444589,Stephens,Jack Stephens,Defender,SOU,0.01,0.05
2444589,Fraser (Ryan),Ryan Fraser,Midfielder,SOU,0.00,0.00
2444589,Paul Onuachu,Ebere Paul Onuachu,Forward,SOU,0.00,0.00
2444589,Armstrong (Adam),Adam Armstrong,Forward,SOU,0.09,0.93
2444589,Walker-Peters,Kyle Walker-Peters,Defender,SOU,0.02,0.00
2444589,Aribo,Joe Aribo,Midfielder,SOU,0.00,0.00
2444589,Sugawara,Yukinari Sugawara,Defender,SOU,0.22,0.00
2444589,Downes,Flynn Downes,Midfielder,SOU,0.00,0.05
2444589,Harwood-Bellis,Taylor Harwood-Bellis,Defender,SOU,0.02,0.00
2444589,Archer,Cameron Archer,Forward,SOU,0.00,0.00
2444589,Dibling,Tyler Dibling,Midfielder,SOU,0.22,0.03
2444589,Ugochukwu,Lesley Ugochukwu,Midfielder,SOU,0.00,0.00
2444589,Mateus Fernandes,Mateus Gonçalo Espanha Fernandes,Midfielder,SOU,0.07,0.22
2444590,Flekken,Mark Flekken,Goalkeeper,BRE,0.00,0.00
2444590,Norgaard,Christian Norgaard,Midfielder,BRE,0.02,0.14
2444590,Janelt,Vitaly Janelt,Midfielder,BRE,0.02,0.00
2444590,Jensen,Mathias Jensen,Midfielder,BRE,0.02,0.00
2444590,Wissa,Yoane Wissa,Forward,BRE,0.05,0.78
2444590,Roerslev,Mads Roerslev,Defender,BRE,0.01,0.00
2444590,Pinnock,Ethan Pinnock,Defender,BRE,0.02,0.00
2444590,Carvalho,Fabio Carvalho,Midfielder,BRE,0.05,0.04
2444590,Lewis-Potter,Keane Lewis-Potter,Midfielder,BRE,0.19,0.00
2444590,Collins,Nathan Collins,Defender,BRE,0.15,0.00
2444590,Damsgaard,Mikkel Damsgaard,Midfielder,BRE,0.39,0.18
2444590,van den Berg,Sepp van den Berg,Defender,BRE,0.03,0.00
2444590,Mbeumo,Bryan Mbeumo,Midfielder,BRE,0.08,0.00
2444590,Thiago,Igor Thiago Nascimento Rodrigues,Forward,BRE,0.00,0.00
2444590,Yarmolyuk,Ehor Yarmolyuk,Midfielder,BRE,0.02,0.00
2444590,Schade,Kevin Schade,Midfielder,BRE,0.35,1.25
2444590,Ayew,Jordan Ayew,Midfielder,LEI,0.13,0.06
2444590,Vestergaard,Jannik Vestergaard,Defender,LEI,0.01,0.00
2444590,Coady,Conor Coady,Defender,LEI,0.01,0.00
2444590,DeCordova-Reid,Bobby DeCordova-Reid,Midfielder,LEI,0.00,0.00
2444590,Vardy,Jamie Vardy,Forward,LEI,0.52,0.00
2444590,Mavididi,Stephy Mavididi,Midfielder,LEI,0.12,0.05
2444590,Ndidi,Onyinye Wilfred Ndidi,Midfielder,LEI,0.01,0.00
2444590,Skipp,Oliver Skipp,Midfielder,LEI,0.01,0.00
2444590,Faes,Wout Faes,Defender,LEI,0.01,0.00
2444590,Justin,James Justin,Defender,LEI,0.02,0.13
2444590,Soumaré,Boubakary Soumaré,Midfielder,LEI,0.02,0.00
2444590,Thomas,Luke Thomas,Defender,LEI,0.03,0.02
2444590,Daka,Patson Daka,Forward,LEI,0.00,0.02
2444590,Hermansen,Mads Hermansen,Goalkeeper,LEI,0.00,0.00
2444590,Okoli,Caleb Okoli,Defender,LEI,0.00,0.00
2444590,Buonanotte,Facundo Buonanotte,Midfielder,LEI,0.02,0.78
2444591,Welbeck,Danny Welbeck,Forward,BHA,0.06,0.19
2444591,Dunk,Lewis Dunk,Defender,BHA,0.02,0.10
2444591,Estupiñán,Pervis Estupiñán,Defender,BHA,0.36,0.02
2444591,O’Riley,Matt O’Riley,Midfielder,BHA,0.41,0.04
2444591,Igor Julio,Igor Julio dos Santos de Paulo,Defender,BHA,0.15,0.00
2444591,Lamptey,Tariq Lamptey,Defender,BHA,0.09,0.00
2444591,Mitoma,Kaoru Mitoma,Midfielder,BHA,0.10,0.57
2444591,Rutter,Georginio Rutter,Midfielder,BHA,0.01,0.43
2444591,Wieffer,Mats Wieffer,Midfielder,BHA,0.01,0.08
2444591,van Hecke,Jan-Paul van Hecke,Defender,BHA,0.08,0.06
2444591,João Pedro,João Pedro Junqueira de Jesus,Forward,BHA,0.04,0.10
2444591,Ferguson,Evan Ferguson,Forward,BHA,0.00,0.00
2444591,Verbruggen,Bart Verbruggen,Goalkeeper,BHA,0.00,0.00
2444591,Ayari,Yasin Ayari,Midfielder,BHA,0.05,0.08
2444591,Adingra,Simon Adingra,Midfielder,BHA,0.16,0.03
2444591,Minteh,Yankuba Minteh,Midfielder,BHA,0.09,0.00
2444591,Stephens,Jack Stephens,Defender,SOU,0.00,0.00
2444591,Fraser (Ryan),Ryan Fraser,Midfielder,SOU,0.00,0.00
2444591,Armstrong (Adam),Adam Armstrong,Forward,SOU,0.01,0.24
2444591,Walker-Peters,Kyle Walker-Peters,Defender,SOU,0.00,0.00
2444591,Lumley,Joe Lumley,Goalkeeper,SOU,0.00,0.00
2444591,Aribo,Joe Aribo,Midfielder,SOU,0.01,0.00
2444591,Brereton,Ben Brereton,Midfielder,SOU,0.00,0.00
2444591,Manning,Ryan Manning,Defender,SOU,0.09,0.02
2444591,Sugawara,Yukinari Sugawara,Defender,SOU,0.14,0.00
2444591,Downes,Flynn Downes,Midfielder,SOU,0.00,0.08
2444591,Harwood-Bellis,Taylor Harwood-Bellis,Defender,SOU,0.02,0.00
2444591,Archer,Cameron Archer,Forward,SOU,0.00,0.53
2444591,Dibling,Tyler Dibling,Midfielder,SOU,0.05,0.05
2444591,Sulemana,Kamaldeen Sulemana,Midfielder,SOU,0.00,0.00
2444591,Mateus Fernandes,Mateus Gonçalo Espanha Fernandes,Midfielder,SOU,0.28,0.08
2444592,Barkley,Ross Barkley,Midfielder,AVL,0.00,0.05
2444592,Martinez,Emiliano Martinez,Goalkeeper,AVL,0.00,0.00
2444592,Digne,Lucas Digne,Defender,AVL,0.04,0.00
2444592,Olsen,Robin Olsen,Goalkeeper,AVL,0.00,0.00
2444592,McGinn,John McGinn,Midfielder,AVL,0.00,0.25
2444592,Tielemans,Youri Tielemans,Midfielder,AVL,0.27,0.00
2444592,Watkins,Ollie Watkins,Forward,AVL,0.04,0.67
2444592,Buendía,Emiliano Buendía,Midfielder,AVL,0.00,0.00
2444592,Cash,Matthew Cash,Defender,AVL,0.00,0.00
2444592,Konsa Ngoyo,Ezri Konsa Ngoyo,Defender,AVL,0.00,0.00
2444592,Bailey,Leon Bailey,Midfielder,AVL,0.00,0.00
2444592,Kamara,Boubacar Kamara,Midfielder,AVL,0.01,0.00
2444592,Rogers,Morgan Rogers,Midfielder,AVL,0.00,0.00
2444592,Torres,Pau Torres,Defender,AVL,0.01,0.07
2444592,Durán,Jhon Durán,Forward,AVL,0.00,0.18
2444592,Philogene-Bidace,Jaden Philogene-Bidace,Midfielder,AVL,0.04,0.03
2444592,Cucurella,Marc Cucurella,Defender,CHE,0.03,0.00
2444592,Sancho,Jadon Sancho,Midfielder,CHE,0.05,0.08
2444592,Nkunku,Christopher Nkunku,Midfielder,CHE,0.01,0.05
2444592,Sanchez,Robert Sanchez,Goalkeeper,CHE,0.00,0.00
2444592,Badiashile,Benoît Badiashile,Defender,CHE,0.00,0.00
2444592,Palmer (Cole),Cole Palmer,Midfielder,CHE,0.06,0.53
2444592,Neto,Pedro Neto,Midfielder,CHE,0.14,0.03
2444592,Madueke,Noni Madueke,Midfielder,CHE,0.01,0.09
2444592,João Félix,João Félix Sequeira,Midfielder,CHE,0.00,0.29
2444592,Fofana (Wesley),Wesley Fofana,Defender,CHE,0.01,0.00
2444592,Fernández,Enzo Fernández,Midfielder,CHE,0.18,0.07
2444592,Colwill,Levi Colwill,Defender,CHE,0.01,0.00
2444592,Gusto,Malo Gusto,Defender,CHE,0.01,0.00
2444592,Moises Caicedo,Moises Caicedo,Midfielder,CHE,0.05,0.00
2444592,Lavia,Romeo Lavia,Midfielder,CHE,0.02,0.18
2444592,Jackson (Nicolas),Nicolas Jackson,Forward,CHE,0.01,0.39
2444593,Schlupp,Jeffrey Schlupp,Midfielder,CRY,0.00,0.00
2444593,Hughes,Will Hughes,Midfielder,CRY,0.10,0.06
2444593,Lerma,Jefferson Lerma,Midfielder,CRY,0.07,0.04
2444593,Henderson,Dean Henderson,Goalkeeper,CRY,0.00,0.00
2444593,Chalobah,Trevoh Chalobah,Defender,CRY,0.25,0.01
2444593,Eddie Nketiah,Edward Nketiah,Forward,CRY,0.00,0.00
2444593,Marc Guehi,Addji Keaninkin Marc-Israel Guehi,Defender,CRY,0.11,0.10
2444593,Mateta,Jean-Philippe Mateta,Forward,CRY,0.01,0.34
2444593,Ismaila Sarr,Ismaila Sarr,Midfielder,CRY,0.83,0.17
2444593,Eze,Eberechi Eze,Midfielder,CRY,0.09,0.00
2444593,Mitchell,Tyrick Mitchell,Defender,CRY,0.01,0.00
2444593,Muñoz,Daniel Muñoz,Defender,CRY,0.02,0.88
2444593,Lacroix,Maxence Lacroix,Defender,CRY,0.01,0.20
2444593,Devenny,Justin Devenny,Midfielder,CRY,0.07,0.00
2444593,Wilson (Callum),Callum Wilson,Forward,NEW,0.00,0.00
2444593,Burn,Dan Burn,Defender,NEW,0.00,0.00
2444593,Pope,Nick Pope,Goalkeeper,NEW,0.00,0.00
2444593,Schär,Fabian Schär,Defender,NEW,0.01,0.00
2444593,Longstaff (Sean),Sean Longstaff,Midfielder,NEW,0.00,0.00
2444593,Joelinton,Joelinton Cássio Apolinário de Lira,Midfielder,NEW,0.01,0.04
2444593,Willock,Joseph Willock,Midfielder,NEW,0.01,0.00
2444593,Barnes,Harvey Barnes,Midfielder,NEW,0.02,0.00
2444593,Bruno Guimarães,Bruno Guimarães Rodriguez Moura,Midfielder,NEW,0.02,0.00
2444593,Isak,Alexander Isak,Forward,NEW,0.00,0.00
2444593,Gordon (Anthony),Anthony Gordon,Midfielder,NEW,0.02,0.00
2444593,Tonali,Sandro Tonali,Midfielder,NEW,0.09,0.00
2444593,Livramento,Valentino Livramento,Defender,NEW,0.02,0.00
2444593,Lewis Hall,Lewis Hall,Defender,NEW,0.04,0.00
2444594,van Dijk,Virgil van Dijk,Defender,LIV,0.02,0.37
2444594,Salah,Mohamed Salah,Midfielder,LIV,0.52,1.35
2444594,Robertson,Andrew Robertson,Defender,LIV,0.19,0.05
2444594,Alexander-Arnold,Trent Alexander-Arnold,Defender,LIV,0.08,0.13
2444594,Gomez,Joseph Gomez,Defender,LIV,0.00,0.00
2444594,Kelleher,Caoimhin Kelleher,Goalkeeper,LIV,0.00,0.00
2444594,Jones,Curtis Jones,Midfielder,LIV,0.01,0.04
2444594,Mac Allister,Alexis Mac Allister,Midfielder,LIV,0.06,0.00
2444594,Gakpo,Cody Gakpo,Forward,LIV,0.02,1.41
2444594,Díaz,Luis Díaz,Midfielder,LIV,0.11,0.00
2444594,Szoboszlai,Dominik Szoboszlai,Midfielder,LIV,0.10,0.22
2444594,Gravenberch,Ryan Gravenberch,Midfielder,LIV,0.04,0.00
2444594,Quansah,Jarell Quansah,Defender,LIV,0.01,0.00
2444594,Elliott,Harvey Elliott,Midfielder,LIV,0.00,0.00
2444594,Núñez,Darwin Núñez,Forward,LIV,0.00,0.00
2444594,Walker,Kyle Walker,Defender,MCI,0.08,0.00
2444594,Gundogan,Ilkay Gundogan,Midfielder,MCI,0.03,0.00
2444594,De Bruyne,Kevin De Bruyne,Midfielder,MCI,0.00,0.36
2444594,Ortega Moreno,Stefan Ortega Moreno,Goalkeeper,MCI,0.00,0.00
2444594,Grealish,Jack Grealish,Midfielder,MCI,0.01,0.00
2444594,Aké,Nathan Aké,Defender,MCI,0.03,0.00
2444594,Bernardo Silva,Bernardo Mota Veiga de Carvalho e Silva,Midfielder,MCI,0.04,0.10
2444594,Rúben Dias,Rúben Santos Gato Alves Dias,Defender,MCI,0.01,0.02
2444594,Foden,Phil Foden,Midfielder,MCI,0.02,0.00
2444594,Akanji,Manuel Akanji,Defender,MCI,0.02,0.00
2444594,Haaland,Erling Haaland,Forward,MCI,0.01,0.19
2444594,Doku,Jéremy Doku,Midfielder,MCI,0.03,0.04
2444594,Matheus Nunes,Matheus Luiz Nunes,Midfielder,MCI,0.02,0.00
2444594,Lewis (Rico),Rico Lewis,Defender,MCI,0.06,0.13
2444594,Savinho,Sávio Moreira de Oliveira,Midfielder,MCI,0.01,0.00
2444595,Tarkowski,James Tarkowski,Defender,EVE,0.08,0.00
2444595,Young (Ashley),Ashley Young,Defender,EVE,0.00,0.00
2444595,Gueye,Idrissa Gueye,Midfielder,EVE,0.01,0.00
2444595,Pickford,Jordan Pickford,Goalkeeper,EVE,0.01,0.00
2444595,Doucouré,Abdoulaye Doucouré,Midfielder,EVE,0.19,0.00
2444595,Calvert-Lewin,Dominic Calvert-Lewin,Forward,EVE,0.00,0.17
2444595,Mangala,Orel Mangala,Midfielder,EVE,0.00,0.00
2444595,Harrison (Jack),Jack Harrison,Midfielder,EVE,0.01,0.00
2444595,Mykolenko,Vitaliy Mykolenko,Defender,EVE,0.00,0.00
2444595,Patterson (Nathan),Nathan Patterson,Defender,EVE,0.11,0.00
2444595,McNeil,Dwight McNeil,Midfielder,EVE,0.27,0.00
2444595,Ndiaye,Iliman Ndiaye,Forward,EVE,0.03,0.00
2444595,Lindstrom,Jesper Lindstrom,Midfielder,EVE,0.00,0.26
2444595,Branthwaite,Jarrad Branthwaite,Defender,EVE,0.01,0.00
2444595,Beto,Norberto Bercique Gomes Betuncal,Forward,EVE,0.00,0.15
2444595,O'Brien (Jake),Jake O'Brien,Defender,EVE,0.00,0.00
2444595,Casemiro,Carlos Henrique Jose Francisco Venancio,Midfielder,MUN,0.01,0.00
2444595,Maguire,Harry Maguire,Defender,MUN,0.00,0.00
2444595,Shaw,Luke Shaw,Defender,MUN,0.00,0.00
2444595,Bruno Fernandes,Bruno Miguel Borges Fernandes,Midfielder,MUN,0.18,0.03
2444595,Rashford,Marcus Rashford,Midfielder,MUN,0.02,0.53
2444595,Mount,Mason Mount,Midfielder,MUN,0.00,0.00
2444595,Onana,André Onana,Goalkeeper,MUN,0.00,0.00
2444595,de Ligt,Matthijs de Ligt,Defender,MUN,0.00,0.00
2444595,Dalot,José Diogo Dalot Teixeira,Defender,MUN,0.03,0.00
2444595,Martínez,Lisandro Martínez,Defender,MUN,0.09,0.00
2444595,Mazraoui,Noussair Mazraoui,Defender,MUN,0.01,0.00
2444595,Ugarte,Manuel Ugarte,Midfielder,MUN,0.01,0.00
2444595,Zirkzee,Joshua Zirkzee,Forward,MUN,0.08,0.31
2444595,Garnacho,Alejandro Garnacho Ferreyra,Midfielder,MUN,0.04,0.04
2444595,Amad Diallo,Amad Diallo Traore,Midfielder,MUN,0.09,0.14
2444595,Mainoo,Kobbie Mainoo,Midfielder,MUN,0.18,0.03
2444596,Morsy,Sam Morsy,Midfielder,IPS,0.04,0.00
2444596,Burgess,Cameron Burgess,Defender,IPS,0.02,0.33
2444596,Burns,Wes Burns,Midfielder,IPS,0.00,0.00
2444596,Szmodics,Sammie Szmodics,Midfielder,IPS,0.00,0.00
2444596,Broadhead,Nathan Broadhead,Midfielder,IPS,0.00,0.00
2444596,Tuanzebe,Axel Tuanzebe,Defender,IPS,0.00,0.00
2444596,Chaplin,Conor Chaplin,Midfielder,IPS,0.01,0.00
2444596,O'Shea,Dara O'Shea,Defender,IPS,0.01,0.00
2444596,Taylor (Jack),Jack Taylor,Midfielder,IPS,0.14,0.02
2444596,Harry Clarke,Harrison Clarke,Defender,IPS,0.01,0.00
2444596,Muric,Arijanet Muric,Goalkeeper,IPS,0.00,0.00
2444596,Clarke (Jack),Jack Clarke,Midfielder,IPS,0.01,0.14
2444596,Cajuste,Jens Cajuste,Midfielder,IPS,0.01,0.00
2444596,Davis,Leif Davis,Defender,IPS,0.37,0.00
2444596,Delap,Liam Delap,Forward,IPS,0.01,0.04
2444596,Hutchinson,Omari Hutchinson,Midfielder,IPS,0.01,0.06
2444596,Wood (Chris),Chris Wood,Forward,NFO,0.00,0.79
2444596,Sels,Matz Sels,Goalkeeper,NFO,0.00,0.00
2444596,Álex Moreno,Alexandre Moreno Lopera,Defender,NFO,0.00,0.00
2444596,Aina,Ola Aina,Defender,NFO,0.01,0.00
2444596,Yates,Ryan Yates,Midfielder,NFO,0.01,0.17
2444596,Hudson-Odoi,Callum Hudson-Odoi,Midfielder,NFO,0.03,0.23
2444596,Williams (Neco),Neco Williams,Defender,NFO,0.11,0.03
2444596,Anderson,Elliot Anderson,Midfielder,NFO,0.19,0.00
2444596,Gibbs-White,Morgan Gibbs-White,Midfielder,NFO,0.19,0.12
2444596,Milenkovic,Nikola Milenkovic,Defender,NFO,0.01,0.04
2444596,Nicolás Domínguez,Nicolás Domínguez,Midfielder,NFO,0.00,0.00
2444596,Elanga,Anthony Elanga,Midfielder,NFO,0.00,0.00
2444596,Morato,Felipe Rodrigues da Silva,Defender,NFO,0.00,0.00
2444596,Sosa,Ramón Sosa,Midfielder,NFO,0.02,0.00
2444596,Jota Silva,João Pedro Ferreira da Silva,Midfielder,NFO,0.54,0.08
2444596,Murillo,Murillo Santiago Costa dos Santos,Defender,NFO,0.00,0.22
2444597,Cairney,Tom Cairney,Midfielder,FUL,0.02,0.03
2444597,Leno,Bernd Leno,Goalkeeper,FUL,0.00,0.00
2444597,Raúl Jiménez,Raul Alonso Jimenez Rodriguez,Forward,FUL,0.01,0.60
2444597,Iwobi,Alex Iwobi,Midfielder,FUL,0.33,0.28
2444597,Wilson (Harry),Harry Wilson,Midfielder,FUL,0.01,0.00
2444597,Castagne,Timothy Castagne,Defender,FUL,0.00,0.00
2444597,Tete,Kenny Tete,Defender,FUL,0.09,0.05
2444597,Robinson (Antonee),Antonee Robinson,Defender,FUL,0.03,0.03
2444597,Sessegnon (Ryan),Kouassi Ryan Sessegnon,Defender,FUL,0.00,0.00
2444597,Nelson (Reiss),Reiss Nelson,Midfielder,FUL,0.22,0.19
2444597,Berge,Sander Berge,Midfielder,FUL,0.01,0.08
2444597,Smith-Rowe,Emile Smith-Rowe,Midfielder,FUL,0.09,0.00
2444597,Lukic,Sasa Lukic,Midfielder,FUL,0.06,0.00
2444597,Diop,Issa Diop,Defender,FUL,0.00,0.27
2444597,Bassey,Calvin Bassey,Defender,FUL,0.00,0.05
2444597,Rodrigo Muniz,Rodrigo Muniz Carvalho,Forward,FUL,0.00,0.00
2444597,Forster,Fraser Forster,Goalkeeper,TOT,0.00,0.00
2444597,Son,Heung-Min Son,Midfielder,TOT,0.03,0.18
2444597,Davies (Ben),Ben Davies,Defender,TOT,0.01,0.00
2444597,Werner,Timo Werner,Midfielder,TOT,0.58,0.00
2444597,Maddison,James Maddison,Midfielder,TOT,0.06,0.21
2444597,Bissouma,Yves Bissouma,Midfielder,TOT,0.16,0.00
2444597,Johnson (Brennan),Brennan Johnson,Midfielder,TOT,0.01,0.29
2444597,Porro,Pedro Porro,Defender,TOT,0.07,0.07
2444597,Kulusevski,Dejan Kulusevski,Midfielder,TOT,0.01,0.00
2444597,Sarr (Pape),Pape Sarr,Midfielder,TOT,0.01,0.00
2444597,Destiny Udogie,Iyenoma Destiny Udogie,Defender,TOT,0.03,0.00
2444597,Dragusin,Radu Dragusin,Defender,TOT,0.01,0.03
2444597,Gray (Archie),Archie Gray,Midfielder,TOT,0.00,0.00
2444597,Lankshear,Will Lankshear,Forward,TOT,0.00,0.00
2444597,Bergvall,Lucas Bergvall,Midfielder,TOT,0.00,0.00
2444598,Jorginho,Jorge Luiz Frello Filho,Midfielder,ARS,0.01,0.00
2444598,Sterling,Raheem Sterling,Midfielder,ARS,0.01,0.18
2444598,Trossard,Leandro Trossard,Midfielder,ARS,0.23,0.69
2444598,Raya Martin,David Raya Martin,Goalkeeper,ARS,0.00,0.00
2444598,Odegaard,Martin Odegaard,Midfielder,ARS,0.33,0.82
2444598,Rice,Declan Rice,Midfielder,ARS,0.12,0.00
2444598,Jesus,Gabriel Fernando de Jesus,Forward,ARS,0.00,0.05
2444598,Zinchenko,Oleksandr Zinchenko,Defender,ARS,0.02,0.00
2444598,Havertz,Kai Havertz,Forward,ARS,0.01,0.66
2444598,Saka,Bukayo Saka,Midfielder,ARS,1.11,0.87
2444598,Gabriel Magalhães,Gabriel dos Santos Magalhães,Defender,ARS,0.00,0.20
2444598,Kiwior,Jakub Kiwior,Defender,ARS,0.00,0.00
2444598,Jurriën Timber,Jurriën Timber,Defender,ARS,0.01,0.10
2444598,Saliba,William Saliba,Defender,ARS,0.01,0.00
2444598,Calafiori,Riccardo Calafiori,Defender,ARS,0.01,0.05
2444598,Nwaneri,Ethan Nwaneri,Midfielder,ARS,0.00,0.00
2444598,Fabianski,Lukasz Fabianski,Goalkeeper,WHU,0.00,0.00
2444598,Antonio,Michail Antonio,Forward,WHU,0.05,0.05
2444598,Ings,Danny Ings,Forward,WHU,0.00,0.57
2444598,Emerson,Emerson Palmieri dos Santos,Defender,WHU,0.00,0.13
2444598,Coufal,Vladimir Coufal,Defender,WHU,0.04,0.00
2444598,Bowen,Jarrod Bowen,Midfielder,WHU,0.01,0.06
2444598,Rodríguez,Guido Rodríguez,Midfielder,WHU,0.01,0.06
2444598,Álvarez (Edson),Edson Álvarez,Midfielder,WHU,0.01,0.00
2444598,Kilman,Max Kilman,Defender,WHU,0.01,0.00
2444598,Wan-Bissaka,Aaron Wan-Bissaka,Defender,WHU,0.02,0.45
2444598,Soucek,Tomas Soucek,Midfielder,WHU,0.01,0.08
2444598,Lucas Paquetá,Lucas Tolentino Coelho de Lima,Midfielder,WHU,0.02,0.14
2444598,Soler (Carlos),Carlos Soler,Midfielder,WHU,0.23,0.00
2444598,Irving,Andy Irving,Midfielder,WHU,0.00,0.00
2444598,Summerville,Crysencio Summerville,Midfielder,WHU,0.00,0.00
2444598,Todibo,Jean-Clair Todibo,Defender,WHU,0.00,0.00
2444599,Smith,Adam Smith,Defender,BOU,0.00,0.00
2444599,Kepa,Kepa Arrizabalaga Revuelta,Goalkeeper,BOU,0.00,0.00
2444599,Brooks,David Brooks,Midfielder,BOU,0.02,0.00
2444599,Christie,Ryan Christie,Midfielder,BOU,0.02,0.02
2444599,Unal,Enes Unal,Forward,BOU,0.00,0.10
2444599,Billing,Philip Billing,Midfielder,BOU,0.04,0.00
2444599,Adams (Tyler),Tyler Adams,Midfielder,BOU,0.00,0.11
2444599,Tavernier,Marcus Tavernier,Midfielder,BOU,0.05,0.08
2444599,Senesi,Marcos Senesi,Defender,BOU,0.01,0.00
2444599,Kluivert,Justin Kluivert,Midfielder,BOU,0.08,2.41
2444599,Evanilson,Francisco Evanilson de Lima Barbosa,Forward,BOU,0.01,0.51
2444599,Zabarnyi,Illia Zabarnyi,Defender,BOU,0.00,0.00
2444599,Dango Ouattara,Dango Ouattara,Midfielder,BOU,0.00,0.00
2444599,Kerkez,Milos Kerkez,Defender,BOU,0.01,0.05
2444599,Huijsen,Dean Huijsen,Defender,BOU,0.29,0.00
2444599,Dawson,Craig Dawson,Defender,WOL,0.00,0.00
2444599,José Sá,José Pedro Malheiro de Sá,Goalkeeper,WOL,0.00,0.00
2444599,Lemina (Mario),Mario Lemina,Midfielder,WOL,0.01,0.00
2444599,Gonçalo Guedes,Gonçalo Manuel Ganchinho Guedes,Midfielder,WOL,0.11,0.02
2444599,Hwang Hee-Chan,Hee-Chan Hwang,Midfielder,WOL,0.00,0.00
2444599,Semedo,Nelson Semedo,Defender,WOL,0.01,0.01
2444599,Bellegarde,Jean-Ricner Bellegarde,Midfielder,WOL,0.10,0.00
2444599,Strand Larsen,Jørgen Strand Larsen,Forward,WOL,0.01,0.24
2444599,Matheus Cunha,Matheus Santos Carneiro Da Cunha,Forward,WOL,0.07,0.11
2444599,João Gomes,João Victor Gomes da Silva,Midfielder,WOL,0.08,0.02
2444599,Ait Nouri,Rayan Ait Nouri,Defender,WOL,0.03,0.05
2444599,Carlos Borges,Carlos Roberto Forbs Borges,Midfielder,WOL,0.00,0.00
2444599,Rodrigo Gomes,Rodrigo Martins Gomes,Midfielder,WOL,0.03,0.00
2444599,André,André Trindade da Costa Neto,Midfielder,WOL,0.02,0.00
2444599,Toti,Toti António Gomes,Defender,WOL,0.02,0.02
2444600,Smith,Adam Smith,Defender,BOU,0.00,0.00
2444600,Kepa,Kepa Arrizabalaga Revuelta,Goalkeeper,BOU,0.00,0.00
2444600,Brooks,David Brooks,Midfielder,BOU,0.00,0.00
2444600,Cook,Lewis Cook,Midfielder,BOU,0.00,0.00
2444600,Christie,Ryan Christie,Midfielder,BOU,0.06,0.07
2444600,Unal,Enes Unal,Forward,BOU,0.02,0.28
2444600,Billing,Philip Billing,Midfielder,BOU,0.33,0.00
2444600,Adams (Tyler),Tyler Adams,Midfielder,BOU,0.04,0.91
2444600,Tavernier,Marcus Tavernier,Midfielder,BOU,0.28,0.43
2444600,Kluivert,Justin Kluivert,Midfielder,BOU,0.00,0.16
2444600,Semenyo,Antoine Semenyo,Midfielder,BOU,0.10,0.11
2444600,Evanilson,Francisco Evanilson de Lima Barbosa,Forward,BOU,0.08,0.58
2444600,Zabarnyi,Illia Zabarnyi,Defender,BOU,0.00,0.00
2444600,Dango Ouattara,Dango Ouattara,Midfielder,BOU,0.14,0.78
2444600,Kerkez,Milos Kerkez,Defender,BOU,0.09,0.00
2444600,Huijsen,Dean Huijsen,Defender,BOU,0.01,0.39
2444600,Forster,Fraser Forster,Goalkeeper,TOT,0.00,0.00
2444600,Son,Heung-Min Son,Midfielder,TOT,0.28,0.04
2444600,Davies (Ben),Ben Davies,Defender,TOT,0.01,0.00
2444600,Solanke,Dominic Solanke,Forward,TOT,0.06,0.22
2444600,Werner,Timo Werner,Midfielder,TOT,0.00,0.03
2444600,Maddison,James Maddison,Midfielder,TOT,0.22,0.35
2444600,Bissouma,Yves Bissouma,Midfielder,TOT,0.05,0.03
2444600,Johnson (Brennan),Brennan Johnson,Midfielder,TOT,0.03,0.00
2444600,Porro,Pedro Porro,Defender,TOT,0.00,0.06
2444600,Kulusevski,Dejan Kulusevski,Midfielder,TOT,0.11,0.14
2444600,Sarr (Pape),Pape Sarr,Midfielder,TOT,0.03,0.00
2444600,Destiny Udogie,Iyenoma Destiny Udogie,Defender,TOT,0.04,0.00
2444600,Dragusin,Radu Dragusin,Defender,TOT,0.01,0.00
2444600,Gray (Archie),Archie Gray,Midfielder,TOT,0.01,0.02
2444600,Bergvall,Lucas Bergvall,Midfielder,TOT,0.01,0.00
2444601,Jorginho,Jorge Luiz Frello Filho,Midfielder,ARS,0.00,0.00
2444601,Trossard,Leandro Trossard,Midfielder,ARS,0.01,0.05
2444601,Raya Martin,David Raya Martin,Goalkeeper,ARS,0.00,0.00
2444601,Partey,Thomas Partey,Midfielder,ARS,0.35,0.37
2444601,Odegaard,Martin Odegaard,Midfielder,ARS,0.32,0.12
2444601,Merino,Mikel Merino,Midfielder,ARS,0.01,0.07
2444601,Rice,Declan Rice,Midfielder,ARS,0.41,0.08
2444601,Zinchenko,Oleksandr Zinchenko,Defender,ARS,0.01,0.06
2444601,Havertz,Kai Havertz,Forward,ARS,0.02,0.25
2444601,Saka,Bukayo Saka,Midfielder,ARS,0.16,0.13
2444601,Kiwior,Jakub Kiwior,Defender,ARS,0.00,0.00
2444601,Martinelli,Gabriel Teodoro Martinelli Silva,Midfielder,ARS,0.00,0.17
2444601,Jurriën Timber,Jurriën Timber,Defender,ARS,0.06,0.16
2444601,Saliba,William Saliba,Defender,ARS,0.01,0.69
2444601,Maguire,Harry Maguire,Defender,MUN,0.00,0.00
2444601,Bruno Fernandes,Bruno Miguel Borges Fernandes,Midfielder,MUN,0.14,0.00
2444601,Rashford,Marcus Rashford,Midfielder,MUN,0.00,0.00
2444601,Mount,Mason Mount,Midfielder,MUN,0.01,0.01
2444601,Onana,André Onana,Goalkeeper,MUN,0.00,0.00
2444601,de Ligt,Matthijs de Ligt,Defender,MUN,0.00,0.07
2444601,Dalot,José Diogo Dalot Teixeira,Defender,MUN,0.01,0.07
2444601,Malacia,Tyrell Malacia,Defender,MUN,0.01,0.00
2444601,Mazraoui,Noussair Mazraoui,Defender,MUN,0.01,0.00
2444601,Ugarte,Manuel Ugarte,Midfielder,MUN,0.00,0.00
2444601,Zirkzee,Joshua Zirkzee,Forward,MUN,0.00,0.00
2444601,Antony,Antony Matheus dos Santos,Midfielder,MUN,0.00,0.08
2444601,Garnacho,Alejandro Garnacho Ferreyra,Midfielder,MUN,0.01,0.00
2444601,Amad Diallo,Amad Diallo Traore,Midfielder,MUN,0.00,0.00
2444601,Højlund,Rasmus Højlund,Forward,MUN,0.00,0.00
2444601,Yoro,Leny Yoro,Defender,MUN,0.00,0.00
2444602,Barkley,Ross Barkley,Midfielder,AVL,0.00,0.03
2444602,Martinez,Emiliano Martinez,Goalkeeper,AVL,0.01,0.00
2444602,Digne,Lucas Digne,Defender,AVL,0.26,0.02
2444602,McGinn,John McGinn,Midfielder,AVL,0.08,0.11
2444602,Mings,Tyrone Mings,Defender,AVL,0.01,0.16
2444602,Tielemans,Youri Tielemans,Midfielder,AVL,0.36,0.02
2444602,Watkins,Ollie Watkins,Forward,AVL,0.03,1.23
2444602,Buendía,Emiliano Buendía,Midfielder,AVL,0.01,0.00
2444602,Cash,Matthew Cash,Defender,AVL,0.00,0.02
2444602,Konsa Ngoyo,Ezri Konsa Ngoyo,Defender,AVL,0.01,0.00
2444602,Bailey,Leon Bailey,Midfielder,AVL,0.28,0.09
2444602,Kamara,Boubacar Kamara,Midfielder,AVL,0.02,0.00
2444602,Rogers,Morgan Rogers,Midfielder,AVL,0.33,0.24
2444602,Maatsen,Ian Maatsen,Defender,AVL,0.01,0.00
2444602,Durán,Jhon Durán,Forward,AVL,0.02,0.53
2444602,Philogene-Bidace,Jaden Philogene-Bidace,Midfielder,AVL,0.00,0.00
2444602,Flekken,Mark Flekken,Goalkeeper,BRE,0.00,0.00
2444602,Janelt,Vitaly Janelt,Midfielder,BRE,0.01,0.08
2444602,Wissa,Yoane Wissa,Forward,BRE,0.01,0.05
2444602,Maghoma,Paris Maghoma,Midfielder,BRE,0.00,0.00
2444602,Roerslev,Mads Roerslev,Defender,BRE,0.00,0.00
2444602,Pinnock,Ethan Pinnock,Defender,BRE,0.06,0.00
2444602,Carvalho,Fabio Carvalho,Midfielder,BRE,0.00,0.09
2444602,Lewis-Potter,Keane Lewis-Potter,Midfielder,BRE,0.03,0.00
2444602,Collins,Nathan Collins,Defender,BRE,0.02,0.00
2444602,Damsgaard,Mikkel Damsgaard,Midfielder,BRE,0.09,0.27
2444602,van den Berg,Sepp van den Berg,Defender,BRE,0.01,0.00
2444602,Mbeumo,Bryan Mbeumo,Midfielder,BRE,0.21,0.00
2444602,Thiago,Igor Thiago Nascimento Rodrigues,Forward,BRE,0.01,0.10
2444602,Yarmolyuk,Ehor Yarmolyuk,Midfielder,BRE,0.07,0.08
2444602,Schade,Kevin Schade,Midfielder,BRE,0.02,0.34
2444603,Tarkowski,James Tarkowski,Defender,EVE,0.00,0.03
2444603,Young (Ashley),Ashley Young,Defender,EVE,0.02,0.05
2444603,Gueye,Idrissa Gueye,Midfielder,EVE,0.01,0.00
2444603,Pickford,Jordan Pickford,Goalkeeper,EVE,0.01,0.00
2444603,Doucouré,Abdoulaye Doucouré,Midfielder,EVE,0.02,0.02
2444603,Calvert-Lewin,Dominic Calvert-Lewin,Forward,EVE,0.01,0.31
2444603,Mangala,Orel Mangala,Midfielder,EVE,0.02,0.08
2444603,Harrison (Jack),Jack Harrison,Midfielder,EVE,0.00,0.39
2444603,Mykolenko,Vitaliy Mykolenko,Defender,EVE,0.02,0.03
2444603,McNeil,Dwight McNeil,Midfielder,EVE,0.06,0.07
2444603,Broja,Armando Broja,Forward,EVE,0.06,0.00
2444603,Ndiaye,Iliman Ndiaye,Forward,EVE,0.00,0.04
2444603,Lindstrom,Jesper Lindstrom,Midfielder,EVE,0.04,0.00
2444603,Branthwaite,Jarrad Branthwaite,Defender,EVE,0.00,0.00
2444603,Armstrong (Harrison),Harrison Armstrong,Midfielder,EVE,0.00,0.00
2444603,Dawson,Craig Dawson,Defender,WOL,0.00,0.00
2444603,Doherty,Matt Doherty,Defender,WOL,0.29,0.00
2444603,José Sá,José Pedro Malheiro de Sá,Goalkeeper,WOL,0.00,0.00
2444603,Lemina (Mario),Mario Lemina,Midfielder,WOL,0.01,0.00
2444603,Gonçalo Guedes,Gonçalo Manuel Ganchinho Guedes,Midfielder,WOL,0.00,0.02
2444603,Hwang Hee-Chan,Hee-Chan Hwang,Midfielder,WOL,0.01,0.00
2444603,Doyle (Tommy),Tommy Doyle,Midfielder,WOL,0.00,0.00
2444603,Bueno (Santiago),Santiago Bueno,Defender,WOL,0.01,0.00
2444603,Strand Larsen,Jørgen Strand Larsen,Forward,WOL,0.02,0.65
2444603,Matheus Cunha,Matheus Santos Carneiro Da Cunha,Forward,WOL,0.01,0.09
2444603,João Gomes,João Victor Gomes da Silva,Midfielder,WOL,0.28,0.02
2444603,Ait Nouri,Rayan Ait Nouri,Defender,WOL,0.06,0.00
2444603,Rodrigo Gomes,Rodrigo Martins Gomes,Midfielder,WOL,0.00,0.00
2444603,André,André Trindade da Costa Neto,Midfielder,WOL,0.02,0.00
2444603,Toti,Toti António Gomes,Defender,WOL,0.00,0.00
2444604,Dunk,Lewis Dunk,Defender,BHA,0.01,0.00
2444604,Estupiñán,Pervis Estupiñán,Defender,BHA,0.01,0.18
2444604,O’Riley,Matt O’Riley,Midfielder,BHA,0.18,0.10
2444604,Igor Julio,Igor Julio dos Santos de Paulo,Defender,BHA,0.02,0.00
2444604,Lamptey,Tariq Lamptey,Defender,BHA,0.00,0.00
2444604,Mitoma,Kaoru Mitoma,Midfielder,BHA,0.14,0.02
2444604,Rutter,Georginio Rutter,Midfielder,BHA,0.00,0.00
2444604,Wieffer,Mats Wieffer,Midfielder,BHA,0.01,0.02
2444604,van Hecke,Jan-Paul van Hecke,Defender,BHA,0.16,0.35
2444604,João Pedro,João Pedro Junqueira de Jesus,Forward,BHA,0.02,0.38
2444604,Ferguson,Evan Ferguson,Forward,BHA,0.00,0.07
2444604,Verbruggen,Bart Verbruggen,Goalkeeper,BHA,0.00,0.00
2444604,Gruda,Brajan Gruda,Midfielder,BHA,0.00,0.00
2444604,Baleba,Carlos Baleba,Midfielder,BHA,0.01,0.10
2444604,Adingra,Simon Adingra,Midfielder,BHA,0.11,0.26
2444604,Minteh,Yankuba Minteh,Midfielder,BHA,0.00,0.00
2444604,Leno,Bernd Leno,Goalkeeper,FUL,0.01,0.00
2444604,Raúl Jiménez,Raul Alonso Jimenez Rodriguez,Forward,FUL,0.00,0.00
2444604,Iwobi,Alex Iwobi,Midfielder,FUL,0.06,0.28
2444604,Wilson (Harry),Harry Wilson,Midfielder,FUL,0.06,0.17
2444604,Pereira,Andreas Pereira,Midfielder,FUL,0.01,0.00
2444604,Traoré (Adama),Adama Traoré,Midfielder,FUL,0.00,0.00
2444604,Castagne,Timothy Castagne,Defender,FUL,0.00,0.00
2444604,Robinson (Antonee),Antonee Robinson,Defender,FUL,0.18,0.00
2444604,Nelson (Reiss),Reiss Nelson,Midfielder,FUL,0.03,0.00
2444604,Berge,Sander Berge,Midfielder,FUL,0.00,0.00
2444604,Smith-Rowe,Emile Smith-Rowe,Midfielder,FUL,0.01,0.00
2444604,Diop,Issa Diop,Defender,FUL,0.00,0.00
2444604,Bassey,Calvin Bassey,Defender,FUL,0.00,0.00
2444604,Rodrigo Muniz,Rodrigo Muniz Carvalho,Forward,FUL,0.00,0.19
2444604,Cuenca,Jorge Cuenca,Defender,FUL,0.00,0.00
2444604,King (Joshua),Joshua King,Midfielder,FUL,0.00,0.00
2444605,Hughes,Will Hughes,Midfielder,CRY,0.03,0.00
2444605,Lerma,Jefferson Lerma,Midfielder,CRY,0.28,0.02
2444605,Henderson,Dean Henderson,Goalkeeper,CRY,0.00,0.00
2444605,Chalobah,Trevoh Chalobah,Defender,CRY,0.01,0.08
2444605,Eddie Nketiah,Edward Nketiah,Forward,CRY,0.00,0.00
2444605,Marc Guehi,Addji Keaninkin Marc-Israel Guehi,Defender,CRY,0.01,0.09
2444605,Mateta,Jean-Philippe Mateta,Forward,CRY,0.02,0.77
2444605,Ismaila Sarr,Ismaila Sarr,Midfielder,CRY,0.05,0.00
2444605,Eze,Eberechi Eze,Midfielder,CRY,0.28,0.19
2444605,Mitchell,Tyrick Mitchell,Defender,CRY,0.06,0.00
2444605,Muñoz,Daniel Muñoz,Defender,CRY,0.01,0.18
2444605,Richards (Chris),Chris Richards,Defender,CRY,0.00,0.00
2444605,Lacroix,Maxence Lacroix,Defender,CRY,0.00,0.19
2444605,Doucoure,Cheick Oumar Doucoure,Midfielder,CRY,0.02,0.13
2444605,Devenny,Justin Devenny,Midfielder,CRY,0.01,0.00
2444605,Morsy,Sam Morsy,Midfielder,IPS,0.04,0.05
2444605,Burns,Wes Burns,Midfielder,IPS,0.06,0.07
2444605,Broadhead,Nathan Broadhead,Midfielder,IPS,0.00,0.00
2444605,Chaplin,Conor Chaplin,Midfielder,IPS,0.04,0.00
2444605,O'Shea,Dara O'Shea,Defender,IPS,0.01,0.02
2444605,Taylor (Jack),Jack Taylor,Midfielder,IPS,0.01,0.00
2444605,Harry Clarke,Harrison Clarke,Defender,IPS,0.01,0.08
2444605,Muric,Arijanet Muric,Goalkeeper,IPS,0.01,0.00
2444605,Clarke (Jack),Jack Clarke,Midfielder,IPS,0.03,0.00
2444605,Greaves,Jacob Greaves,Defender,IPS,0.01,0.01
2444605,Cajuste,Jens Cajuste,Midfielder,IPS,0.02,0.00
2444605,Davis,Leif Davis,Defender,IPS,0.28,0.00
2444605,Ali Al Hamadi,Ali Ibrahim Karim Al Hamadi,Forward,IPS,0.01,0.00
2444605,Delap,Liam Delap,Forward,IPS,0.00,0.27
2444605,Hutchinson,Omari Hutchinson,Midfielder,IPS,0.01,0.00
2444606,Ayew,Jordan Ayew,Midfielder,LEI,0.00,0.00
2444606,Vestergaard,Jannik Vestergaard,Defender,LEI,0.00,0.00
2444606,Coady,Conor Coady,Defender,LEI,0.00,0.00
2444606,DeCordova-Reid,Bobby DeCordova-Reid,Midfielder,LEI,0.01,0.00
2444606,Vardy,Jamie Vardy,Forward,LEI,0.00,0.65
2444606,Mavididi,Stephy Mavididi,Midfielder,LEI,0.06,0.00
2444606,Ndidi,Onyinye Wilfred Ndidi,Midfielder,LEI,0.00,0.35
2444606,Faes,Wout Faes,Defender,LEI,0.01,0.00
2444606,Justin,James Justin,Defender,LEI,0.00,0.00
2444606,Soumaré,Boubakary Soumaré,Midfielder,LEI,0.00,0.00
2444606,Daka,Patson Daka,Forward,LEI,0.00,0.14
2444606,McAteer,Kasey McAteer,Midfielder,LEI,0.04,0.42
2444606,Hermansen,Mads Hermansen,Goalkeeper,LEI,0.01,0.00
2444606,Kristiansen,Victor Kristiansen,Defender,LEI,0.01,0.00
2444606,El Khannouss,Bilal El Khannouss,Midfielder,LEI,0.47,0.11
2444606,Buonanotte,Facundo Buonanotte,Midfielder,LEI,0.14,0.00
2444606,Fabianski,Lukasz Fabianski,Goalkeeper,WHU,0.00,0.00
2444606,Antonio,Michail Antonio,Forward,WHU,0.00,0.22
2444606,Ings,Danny Ings,Forward,WHU,0.04,0.34
2444606,Füllkrug,Niclas Füllkrug,Forward,WHU,0.00,0.42
2444606,Emerson,Emerson Palmieri dos Santos,Defender,WHU,0.04,0.00
2444606,Coufal,Vladimir Coufal,Defender,WHU,0.06,0.00
2444606,Bowen,Jarrod Bowen,Midfielder,WHU,1.09,0.53
2444606,Álvarez (Edson),Edson Álvarez,Midfielder,WHU,0.15,0.03
2444606,Kilman,Max Kilman,Defender,WHU,0.03,0.21
2444606,Wan-Bissaka,Aaron Wan-Bissaka,Defender,WHU,0.20,0.04
2444606,Soucek,Tomas Soucek,Midfielder,WHU,0.06,0.19
2444606,Lucas Paquetá,Lucas Tolentino Coelho de Lima,Midfielder,WHU,0.01,0.13
2444606,Soler (Carlos),Carlos Soler,Midfielder,WHU,0.12,0.18
2444606,Mavropanos,Konstantinos Mavropanos,Defender,WHU,0.02,0.38
2444606,Summerville,Crysencio Summerville,Midfielder,WHU,0.64,0.26
2444606,Kudus,Mohammed Kudus,Midfielder,WHU,0.33,0.16
2444607,Walker,Kyle Walker,Defender,MCI,0.00,0.00
2444607,Gundogan,Ilkay Gundogan,Midfielder,MCI,0.13,0.06
2444607,De Bruyne,Kevin De Bruyne,Midfielder,MCI,0.25,0.35
2444607,Ortega Moreno,Stefan Ortega Moreno,Goalkeeper,MCI,0.00,0.00
2444607,Grealish,Jack Grealish,Midfielder,MCI,0.12,0.10
2444607,Aké,Nathan Aké,Defender,MCI,0.02,0.00
2444607,Bernardo Silva,Bernardo Mota Veiga de Carvalho e Silva,Midfielder,MCI,0.28,0.84
2444607,Rúben Dias,Rúben Santos Gato Alves Dias,Defender,MCI,0.02,0.00
2444607,Akanji,Manuel Akanji,Defender,MCI,0.01,0.14
2444607,Haaland,Erling Haaland,Forward,MCI,0.29,0.17
2444607,Doku,Jéremy Doku,Midfielder,MCI,0.24,0.19
2444607,Mcatee,James Mcatee,Midfielder,MCI,0.00,0.00
2444607,Matheus Nunes,Matheus Luiz Nunes,Midfielder,MCI,0.00,0.00
2444607,Lewis (Rico),Rico Lewis,Defender,MCI,0.00,0.00
2444607,Gvardiol,Joško Gvardiol,Defender,MCI,0.02,0.56
2444607,Savinho,Sávio Moreira de Oliveira,Midfielder,MCI,0.00,0.00
2444607,Wood (Chris),Chris Wood,Forward,NFO,0.00,0.50
2444607,Sels,Matz Sels,Goalkeeper,NFO,0.00,0.00
2444607,Álex Moreno,Alexandre Moreno Lopera,Defender,NFO,0.01,0.03
2444607,Aina,Ola Aina,Defender,NFO,0.28,0.00
2444607,Yates,Ryan Yates,Midfielder,NFO,0.00,0.00
2444607,Awoniyi,Taiwo Awoniyi,Forward,NFO,0.02,0.00
2444607,Anderson,Elliot Anderson,Midfielder,NFO,0.03,0.03
2444607,Gibbs-White,Morgan Gibbs-White,Midfielder,NFO,0.14,0.09
2444607,Milenkovic,Nikola Milenkovic,Defender,NFO,0.00,0.22
2444607,Nicolás Domínguez,Nicolás Domínguez,Midfielder,NFO,0.02,0.00
2444607,Elanga,Anthony Elanga,Midfielder,NFO,0.22,0.14
2444607,Morato,Felipe Rodrigues da Silva,Defender,NFO,0.01,0.00
2444607,Sosa,Ramón Sosa,Midfielder,NFO,0.00,0.00
2444607,Jota Silva,João Pedro Ferreira da Silva,Midfielder,NFO,0.07,0.01
2444607,da Silva Moreira (Eric),Eric da Silva Moreira,Midfielder,NFO,0.00,0.00
2444607,Murillo,Murillo Santiago Costa dos Santos,Defender,NFO,0.01,0.02
2444608,van Dijk,Virgil van Dijk,Defender,LIV,0.01,0.00
2444608,Salah,Mohamed Salah,Midfielder,LIV,0.24,0.68
2444608,Robertson,Andrew Robertson,Defender,LIV,0.07,0.00
2444608,Alexander-Arnold,Trent Alexander-Arnold,Defender,LIV,0.36,0.00
2444608,Gomez,Joseph Gomez,Defender,LIV,0.01,0.00
2444608,Kelleher,Caoimhin Kelleher,Goalkeeper,LIV,0.00,0.00
2444608,Jones,Curtis Jones,Midfielder,LIV,0.06,0.53
2444608,Mac Allister,Alexis Mac Allister,Midfielder,LIV,0.11,0.23
2444608,Gakpo,Cody Gakpo,Forward,LIV,0.02,0.10
2444608,Díaz,Luis Díaz,Midfielder,LIV,0.01,0.06
2444608,Szoboszlai,Dominik Szoboszlai,Midfielder,LIV,0.02,0.00
2444608,Gravenberch,Ryan Gravenberch,Midfielder,LIV,0.01,0.00
2444608,Quansah,Jarell Quansah,Defender,LIV,0.11,0.00
2444608,Núñez,Darwin Núñez,Forward,LIV,0.03,0.39
2444608,Wilson (Callum),Callum Wilson,Forward,NEW,0.00,0.00
2444608,Burn,Dan Burn,Defender,NEW,0.01,0.00
2444608,Pope,Nick Pope,Goalkeeper,NEW,0.00,0.00
2444608,Murphy (Jacob),Jacob Murphy,Midfielder,NEW,0.10,0.45
2444608,Schär,Fabian Schär,Defender,NEW,0.01,0.30
2444608,Longstaff (Sean),Sean Longstaff,Midfielder,NEW,0.00,0.00
2444608,Joelinton,Joelinton Cássio Apolinário de Lira,Midfielder,NEW,0.12,0.14
2444608,Willock,Joseph Willock,Midfielder,NEW,0.00,0.00
2444608,Barnes,Harvey Barnes,Midfielder,NEW,0.00,0.00
2444608,Bruno Guimarães,Bruno Guimarães Rodriguez Moura,Midfielder,NEW,0.03,0.19
2444608,Isak,Alexander Isak,Forward,NEW,0.36,0.12
2444608,Gordon (Anthony),Anthony Gordon,Midfielder,NEW,0.14,0.78
2444608,Tonali,Sandro Tonali,Midfielder,NEW,0.01,0.09
2444608,Livramento,Valentino Livramento,Defender,NEW,0.00,0.00
2444608,Lewis Hall,Lewis Hall,Defender,NEW,0.05,0.03
2444609,Tosin,Oluwatosin Adarabioyo,Defender,CHE,0.02,0.17
2444609,Cucurella,Marc Cucurella,Defender,CHE,0.17,0.00
2444609,Sancho,Jadon Sancho,Midfielder,CHE,0.03,0.13
2444609,Nkunku,Christopher Nkunku,Midfielder,CHE,0.06,1.15
2444609,Dewsbury-Hall,Kiernan Dewsbury-Hall,Midfielder,CHE,0.02,0.00
2444609,Disasi,Axel Disasi,Defender,CHE,0.02,0.25
2444609,Palmer (Cole),Cole Palmer,Midfielder,CHE,0.32,1.83
2444609,Madueke,Noni Madueke,Midfielder,CHE,0.15,1.18
2444609,João Félix,João Félix Sequeira,Midfielder,CHE,0.16,0.69
2444609,Fernández,Enzo Fernández,Midfielder,CHE,0.85,0.07
2444609,Gusto,Malo Gusto,Defender,CHE,0.31,0.00
2444609,Moises Caicedo,Moises Caicedo,Midfielder,CHE,0.07,0.04
2444609,Jørgensen,Filip Jørgensen,Goalkeeper,CHE,0.00,0.00
2444609,Renato Veiga,Renato da Palma Veiga,Midfielder,CHE,0.00,0.00
2444609,Stephens,Jack Stephens,Defender,SOU,0.00,0.00
2444609,Fraser (Ryan),Ryan Fraser,Midfielder,SOU,0.01,0.00
2444609,Taylor (Charlie),Charlie Taylor,Defender,SOU,0.00,0.00
2444609,Armstrong (Adam),Adam Armstrong,Forward,SOU,0.00,0.00
2444609,Walker-Peters,Kyle Walker-Peters,Defender,SOU,0.51,0.00
2444609,Lumley,Joe Lumley,Goalkeeper,SOU,0.00,0.00
2444609,Bree,James Bree,Defender,SOU,0.10,0.00
2444609,Aribo,Joe Aribo,Midfielder,SOU,0.30,0.93
2444609,Brereton,Ben Brereton,Midfielder,SOU,0.00,0.00
2444609,Manning,Ryan Manning,Defender,SOU,0.01,0.00
2444609,Sugawara,Yukinari Sugawara,Defender,SOU,0.00,0.00
2444609,Wood (Nathan),Nathan Wood,Defender,SOU,0.00,0.00
2444609,Archer,Cameron Archer,Forward,SOU,0.04,0.10
2444609,Edwards,Ronnie Edwards,Defender,SOU,0.00,0.00
2444609,Sulemana,Kamaldeen Sulemana,Midfielder,SOU,0.01,0.00
2444609,Mateus Fernandes,Mateus Gonçalo Espanha Fernandes,Midfielder,SOU,0.04,0.53
2444610,Barkley,Ross Barkley,Midfielder,AVL,0.07,0.46
2444610,Martinez,Emiliano Martinez,Goalkeeper,AVL,0.00,0.00
2444610,Digne,Lucas Digne,Defender,AVL,0.21,0.00
2444610,McGinn,John McGinn,Midfielder,AVL,0.07,0.42
2444610,Diego Carlos,Diego Carlos Santos Silva,Defender,AVL,0.01,0.13
2444610,Tielemans,Youri Tielemans,Midfielder,AVL,0.12,0.00
2444610,Watkins,Ollie Watkins,Forward,AVL,0.41,0.37
2444610,Konsa Ngoyo,Ezri Konsa Ngoyo,Defender,AVL,0.01,0.00
2444610,Bailey,Leon Bailey,Midfielder,AVL,0.20,0.00
2444610,Kamara,Boubacar Kamara,Midfielder,AVL,0.02,0.00
2444610,Rogers,Morgan Rogers,Midfielder,AVL,0.56,0.16
2444610,Torres,Pau Torres,Defender,AVL,0.04,0.04
2444610,Maatsen,Ian Maatsen,Defender,AVL,0.12,0.01
2444610,Durán,Jhon Durán,Forward,AVL,0.01,0.65
2444610,Philogene-Bidace,Jaden Philogene-Bidace,Midfielder,AVL,0.08,0.04
2444610,Armstrong (Adam),Adam Armstrong,Forward,SOU,0.03,0.00
2444610,Walker-Peters,Kyle Walker-Peters,Defender,SOU,0.07,0.00
2444610,Lumley,Joe Lumley,Goalkeeper,SOU,0.00,0.00
2444610,Bree,James Bree,Defender,SOU,0.01,0.00
2444610,Aribo,Joe Aribo,Midfielder,SOU,0.02,0.00
2444610,Brereton,Ben Brereton,Midfielder,SOU,0.01,0.00
2444610,Manning,Ryan Manning,Defender,SOU,0.02,0.07
2444610,Downes,Flynn Downes,Midfielder,SOU,0.01,0.00
2444610,Wood (Nathan),Nathan Wood,Defender,SOU,0.01,0.00
2444610,Harwood-Bellis,Taylor Harwood-Bellis,Defender,SOU,0.02,0.00
2444610,Archer,Cameron Archer,Forward,SOU,0.22,0.20
2444610,Dibling,Tyler Dibling,Midfielder,SOU,0.03,0.00
2444610,Amo-Ameyaw,Samuel Amo-Ameyaw,Midfielder,SOU,0.00,0.00
2444610,Sulemana,Kamaldeen Sulemana,Midfielder,SOU,0.00,0.00
2444610,Mateus Fernandes,Mateus Gonçalo Espanha Fernandes,Midfielder,SOU,0.07,0.07
2444611,Mee (Ben),Ben Mee,Defender,BRE,0.00,0.00
2444611,Flekken,Mark Flekken,Goalkeeper,BRE,0.04,0.00
2444611,Norgaard,Christian Norgaard,Midfielder,BRE,0.06,0.00
2444611,Wissa,Yoane Wissa,Forward,BRE,0.03,0.16
2444611,Maghoma,Paris Maghoma,Midfielder,BRE,0.00,0.00
2444611,Pinnock,Ethan Pinnock,Defender,BRE,0.00,0.00
2444611,Carvalho,Fabio Carvalho,Midfielder,BRE,0.02,0.04
2444611,Lewis-Potter,Keane Lewis-Potter,Midfielder,BRE,0.12,0.02
2444611,Collins,Nathan Collins,Defender,BRE,0.01,0.17
2444611,Damsgaard,Mikkel Damsgaard,Midfielder,BRE,0.01,0.00
2444611,van den Berg,Sepp van den Berg,Defender,BRE,0.01,0.00
2444611,Mbeumo,Bryan Mbeumo,Midfielder,BRE,0.36,0.38
2444611,Thiago,Igor Thiago Nascimento Rodrigues,Forward,BRE,0.01,0.00
2444611,Yarmolyuk,Ehor Yarmolyuk,Midfielder,BRE,0.13,0.09
2444611,Schade,Kevin Schade,Midfielder,BRE,0.00,0.37
2444611,Wilson (Callum),Callum Wilson,Forward,NEW,0.00,0.00
2444611,Trippier,Kieran Trippier,Defender,NEW,0.00,0.00
2444611,Burn,Dan Burn,Defender,NEW,0.00,0.00
2444611,Pope,Nick Pope,Goalkeeper,NEW,0.00,0.00
2444611,Murphy (Jacob),Jacob Murphy,Midfielder,NEW,0.33,0.31
2444611,Schär,Fabian Schär,Defender,NEW,0.01,0.00
2444611,Almirón,Miguel Almirón,Midfielder,NEW,0.01,0.11
2444611,Longstaff (Sean),Sean Longstaff,Midfielder,NEW,0.02,0.07
2444611,Joelinton,Joelinton Cássio Apolinário de Lira,Midfielder,NEW,0.01,0.00
2444611,Barnes,Harvey Barnes,Midfielder,NEW,0.30,0.17
2444611,Bruno Guimarães,Bruno Guimarães Rodriguez Moura,Midfielder,NEW,0.04,0.10
2444611,Isak,Alexander Isak,Forward,NEW,0.53,0.49
2444611,Gordon (Anthony),Anthony Gordon,Midfielder,NEW,0.05,0.06
2444611,Tonali,Sandro Tonali,Midfielder,NEW,0.01,0.17
2444611,Livramento,Valentino Livramento,Defender,NEW,0.06,0.00
2444611,Lewis Hall,Lewis Hall,Defender,NEW,0.03,0.00
2444612,Hughes,Will Hughes,Midfielder,CRY,0.33,0.12
2444612,Lerma,Jefferson Lerma,Midfielder,CRY,0.04,0.20
2444612,Henderson,Dean Henderson,Goalkeeper,CRY,0.00,0.00
2444612,Chalobah,Trevoh Chalobah,Defender,CRY,0.01,0.00
2444612,Eddie Nketiah,Edward Nketiah,Forward,CRY,0.00,0.00
2444612,Marc Guehi,Addji Keaninkin Marc-Israel Guehi,Defender,CRY,0.01,0.00
2444612,Mateta,Jean-Philippe Mateta,Forward,CRY,0.15,0.03
2444612,Ismaila Sarr,Ismaila Sarr,Midfielder,CRY,0.12,0.06
2444612,Eze,Eberechi Eze,Midfielder,CRY,0.00,0.18
2444612,Mitchell,Tyrick Mitchell,Defender,CRY,0.07,0.00
2444612,Muñoz,Daniel Muñoz,Defender,CRY,0.01,0.14
2444612,Lacroix,Maxence Lacroix,Defender,CRY,0.00,0.52
2444612,Devenny,Justin Devenny,Midfielder,CRY,0.06,0.07
2444612,Walker,Kyle Walker,Defender,MCI,0.03,0.00
2444612,Gundogan,Ilkay Gundogan,Midfielder,MCI,0.11,0.13
2444612,De Bruyne,Kevin De Bruyne,Midfielder,MCI,0.63,0.02
2444612,Ortega Moreno,Stefan Ortega Moreno,Goalkeeper,MCI,0.00,0.00
2444612,Grealish,Jack Grealish,Midfielder,MCI,0.00,0.00
2444612,Bernardo Silva,Bernardo Mota Veiga de Carvalho e Silva,Midfielder,MCI,0.41,0.00
2444612,Rúben Dias,Rúben Santos Gato Alves Dias,Defender,MCI,0.02,0.00
2444612,Haaland,Erling Haaland,Forward,MCI,0.12,0.69
2444612,Doku,Jéremy Doku,Midfielder,MCI,0.01,0.00
2444612,Matheus Nunes,Matheus Luiz Nunes,Midfielder,MCI,0.43,0.07
2444612,Lewis (Rico),Rico Lewis,Defender,MCI,0.03,0.15
2444612,Gvardiol,Joško Gvardiol,Defender,MCI,0.03,0.11
2444612,Savinho,Sávio Moreira de Oliveira,Midfielder,MCI,0.04,0.29
2444613,Tarkowski,James Tarkowski,Defender,EVE,0.05,0.09
2444613,Young (Ashley),Ashley Young,Defender,EVE,0.00,0.00
2444613,Gueye,Idrissa Gueye,Midfielder,EVE,0.05,0.00
2444613,Pickford,Jordan Pickford,Goalkeeper,EVE,0.01,0.00
2444613,Doucouré,Abdoulaye Doucouré,Midfielder,EVE,0.01,0.09
2444613,Harrison (Jack),Jack Harrison,Midfielder,EVE,0.09,0.12
2444613,Mykolenko,Vitaliy Mykolenko,Defender,EVE,0.05,0.00
2444613,Garner,James Garner,Midfielder,EVE,0.01,0.00
2444613,Ndiaye,Iliman Ndiaye,Forward,EVE,0.00,0.00
2444613,Lindstrom,Jesper Lindstrom,Midfielder,EVE,0.01,0.00
2444613,Branthwaite,Jarrad Branthwaite,Defender,EVE,0.02,0.00
2444613,Beto,Norberto Bercique Gomes Betuncal,Forward,EVE,0.02,0.64
2444613,Iroegbunam,Tim Iroegbunam,Midfielder,EVE,0.04,0.02
2444613,Alcaraz,Carlos Alcaraz,Midfielder,EVE,0.00,0.00
2444613,O'Brien (Jake),Jake O'Brien,Defender,EVE,0.00,0.00
2444613,van Dijk,Virgil van Dijk,Defender,LIV,0.02,0.00
2444613,Alisson,Alisson Ramses Becker,Goalkeeper,LIV,0.00,0.00
2444613,Salah,Mohamed Salah,Midfielder,LIV,0.13,0.29
2444613,Robertson,Andrew Robertson,Defender,LIV,0.01,0.00
2444613,Alexander-Arnold,Trent Alexander-Arnold,Defender,LIV,0.01,0.00
2444613,Diogo Jota,Diogo José Teixeira da Silva,Midfielder,LIV,0.02,0.00
2444613,Konaté,Ibrahima Konaté,Defender,LIV,0.01,0.00
2444613,Jones,Curtis Jones,Midfielder,LIV,0.00,0.11
2444613,Tsimikas,Konstantinos Tsimikas,Defender,LIV,0.01,0.00
2444613,Mac Allister,Alexis Mac Allister,Midfielder,LIV,0.02,0.15
2444613,Gakpo,Cody Gakpo,Forward,LIV,0.01,0.00
2444613,Díaz,Luis Díaz,Midfielder,LIV,0.01,0.04
2444613,Szoboszlai,Dominik Szoboszlai,Midfielder,LIV,0.01,0.04
2444613,Gravenberch,Ryan Gravenberch,Midfielder,LIV,0.01,0.00
2444613,Núñez,Darwin Núñez,Forward,LIV,0.04,0.00
2444613,Bradley,Conor Bradley,Defender,LIV,0.01,0.00
2444614,Jorginho,Jorge Luiz Frello Filho,Midfielder,ARS,0.04,0.00
2444614,Trossard,Leandro Trossard,Midfielder,ARS,0.15,0.02
2444614,Raya Martin,David Raya Martin,Goalkeeper,ARS,0.00,0.00
2444614,Partey,Thomas Partey,Midfielder,ARS,0.07,0.25
2444614,Odegaard,Martin Odegaard,Midfielder,ARS,0.18,0.00
2444614,Merino,Mikel Merino,Midfielder,ARS,0.01,0.00
2444614,Rice,Declan Rice,Midfielder,ARS,0.60,0.12
2444614,Jesus,Gabriel Fernando de Jesus,Forward,ARS,0.00,0.00
2444614,Havertz,Kai Havertz,Forward,ARS,0.01,0.34
2444614,Saka,Bukayo Saka,Midfielder,ARS,0.11,0.09
2444614,Kiwior,Jakub Kiwior,Defender,ARS,0.03,0.00
2444614,Martinelli,Gabriel Teodoro Martinelli Silva,Midfielder,ARS,0.01,0.00
2444614,Jurriën Timber,Jurriën Timber,Defender,ARS,0.03,0.00
2444614,Saliba,William Saliba,Defender,ARS,0.01,1.19
2444614,Nwaneri,Ethan Nwaneri,Midfielder,ARS,0.00,0.00
2444614,Leno,Bernd Leno,Goalkeeper,FUL,0.00,0.00
2444614,Raúl Jiménez,Raul Alonso Jimenez Rodriguez,Forward,FUL,0.01,0.04
2444614,Iwobi,Alex Iwobi,Midfielder,FUL,0.01,0.00
2444614,Wilson (Harry),Harry Wilson,Midfielder,FUL,0.00,0.00
2444614,Pereira,Andreas Pereira,Midfielder,FUL,0.00,0.12
2444614,Traoré (Adama),Adama Traoré,Midfielder,FUL,0.01,0.00
2444614,Tete,Kenny Tete,Defender,FUL,0.11,0.00
2444614,Robinson (Antonee),Antonee Robinson,Defender,FUL,0.01,0.00
2444614,Berge,Sander Berge,Midfielder,FUL,0.00,0.00
2444614,Smith-Rowe,Emile Smith-Rowe,Midfielder,FUL,0.00,0.00
2444614,Lukic,Sasa Lukic,Midfielder,FUL,0.17,0.00
2444614,Diop,Issa Diop,Defender,FUL,0.00,0.00
2444614,Bassey,Calvin Bassey,Defender,FUL,0.00,0.00
2444614,Rodrigo Muniz,Rodrigo Muniz Carvalho,Forward,FUL,0.00,0.00
2444614,Cuenca,Jorge Cuenca,Defender,FUL,0.00,0.00
2444615,Smith,Adam Smith,Defender,BOU,0.03,0.00
2444615,Kepa,Kepa Arrizabalaga Revuelta,Goalkeeper,BOU,0.00,0.00
2444615,Brooks,David Brooks,Midfielder,BOU,0.00,0.27
2444615,Cook,Lewis Cook,Midfielder,BOU,0.06,0.10
2444615,Christie,Ryan Christie,Midfielder,BOU,0.28,0.02
2444615,Unal,Enes Unal,Forward,BOU,0.00,0.78
2444615,Billing,Philip Billing,Midfielder,BOU,0.41,0.02
2444615,Tavernier,Marcus Tavernier,Midfielder,BOU,0.07,1.01
2444615,Kluivert,Justin Kluivert,Midfielder,BOU,0.06,0.29
2444615,Semenyo,Antoine Semenyo,Midfielder,BOU,0.12,0.13
2444615,Evanilson,Francisco Evanilson de Lima Barbosa,Forward,BOU,0.00,0.15
2444615,Hill (James),James Hill,Defender,BOU,0.00,0.00
2444615,Zabarnyi,Illia Zabarnyi,Defender,BOU,0.01,0.00
2444615,Dango Ouattara,Dango Ouattara,Midfielder,BOU,0.02,0.62
2444615,Kerkez,Milos Kerkez,Defender,BOU,0.12,0.00
2444615,Huijsen,Dean Huijsen,Defender,BOU,0.03,0.00
2444615,Morsy,Sam Morsy,Midfielder,IPS,0.05,0.00
2444615,Burgess,Cameron Burgess,Defender,IPS,0.13,0.03
2444615,Burns,Wes Burns,Midfielder,IPS,0.00,0.00
2444615,Szmodics,Sammie Szmodics,Midfielder,IPS,0.25,0.25
2444615,Chaplin,Conor Chaplin,Midfielder,IPS,0.02,0.48
2444615,O'Shea,Dara O'Shea,Defender,IPS,0.06,0.00
2444615,Johnson (Ben),Ben Johnson,Defender,IPS,0.00,0.00
2444615,Taylor (Jack),Jack Taylor,Midfielder,IPS,0.44,0.09
2444615,Muric,Arijanet Muric,Goalkeeper,IPS,0.00,0.00
2444615,Clarke (Jack),Jack Clarke,Midfielder,IPS,0.00,0.03
2444615,Cajuste,Jens Cajuste,Midfielder,IPS,0.00,0.00
2444615,Davis,Leif Davis,Defender,IPS,0.12,0.00
2444615,Ali Al Hamadi,Ali Ibrahim Karim Al Hamadi,Forward,IPS,0.00,0.00
2444615,Delap,Liam Delap,Forward,IPS,0.30,0.37
2444615,Hutchinson,Omari Hutchinson,Midfielder,IPS,0.11,0.07
2444616,Welbeck,Danny Welbeck,Forward,BHA,0.01,0.27
2444616,Dunk,Lewis Dunk,Defender,BHA,0.12,0.02
2444616,Estupiñán,Pervis Estupiñán,Defender,BHA,0.03,0.10
2444616,O’Riley,Matt O’Riley,Midfielder,BHA,0.02,0.00
2444616,Igor Julio,Igor Julio dos Santos de Paulo,Defender,BHA,0.00,0.00
2444616,Lamptey,Tariq Lamptey,Defender,BHA,0.06,0.02
2444616,Mitoma,Kaoru Mitoma,Midfielder,BHA,0.18,0.14
2444616,Rutter,Georginio Rutter,Midfielder,BHA,0.04,0.00
2444616,Wieffer,Mats Wieffer,Midfielder,BHA,0.01,0.00
2444616,van Hecke,Jan-Paul van Hecke,Defender,BHA,0.01,0.08
2444616,João Pedro,João Pedro Junqueira de Jesus,Forward,BHA,0.01,0.27
2444616,Ferguson,Evan Ferguson,Forward,BHA,0.18,0.14
2444616,Verbruggen,Bart Verbruggen,Goalkeeper,BHA,0.00,0.00
2444616,Ayari,Yasin Ayari,Midfielder,BHA,0.04,0.05
2444616,Baleba,Carlos Baleba,Midfielder,BHA,0.01,0.00
2444616,Minteh,Yankuba Minteh,Midfielder,BHA,0.00,0.45
2444616,Ayew,Jordan Ayew,Midfielder,LEI,0.13,0.02
2444616,Vestergaard,Jannik Vestergaard,Defender,LEI,0.01,0.00
2444616,Coady,Conor Coady,Defender,LEI,0.01,0.00
2444616,DeCordova-Reid,Bobby DeCordova-Reid,Midfielder,LEI,0.00,0.62
2444616,Vardy,Jamie Vardy,Forward,LEI,0.37,0.48
2444616,Mavididi,Stephy Mavididi,Midfielder,LEI,0.20,0.05
2444616,Ndidi,Onyinye Wilfred Ndidi,Midfielder,LEI,0.01,0.00
2444616,Skipp,Oliver Skipp,Midfielder,LEI,0.01,0.00
2444616,Faes,Wout Faes,Defender,LEI,0.00,0.00
2444616,Justin,James Justin,Defender,LEI,0.01,0.12
2444616,Soumaré,Boubakary Soumaré,Midfielder,LEI,0.03,0.03
2444616,Daka,Patson Daka,Forward,LEI,0.00,0.00
2444616,McAteer,Kasey McAteer,Midfielder,LEI,0.02,0.00
2444616,Hermansen,Mads Hermansen,Goalkeeper,LEI,0.00,0.00
2444616,Kristiansen,Victor Kristiansen,Defender,LEI,0.32,0.00
2444616,El Khannouss,Bilal El Khannouss,Midfielder,LEI,0.05,0.00
2444617,Maguire,Harry Maguire,Defender,MUN,0.01,0.00
2444617,Bruno Fernandes,Bruno Miguel Borges Fernandes,Midfielder,MUN,0.13,0.23
2444617,Rashford,Marcus Rashford,Midfielder,MUN,0.07,0.03
2444617,Mount,Mason Mount,Midfielder,MUN,0.03,0.00
2444617,Onana,André Onana,Goalkeeper,MUN,0.00,0.00
2444617,de Ligt,Matthijs de Ligt,Defender,MUN,0.00,0.00
2444617,Dalot,José Diogo Dalot Teixeira,Defender,MUN,0.04,0.11
2444617,Martínez,Lisandro Martínez,Defender,MUN,0.03,0.09
2444617,Mazraoui,Noussair Mazraoui,Defender,MUN,0.01,0.00
2444617,Ugarte,Manuel Ugarte,Midfielder,MUN,0.30,0.00
2444617,Zirkzee,Joshua Zirkzee,Forward,MUN,0.01,0.00
2444617,Garnacho,Alejandro Garnacho Ferreyra,Midfielder,MUN,0.02,0.21
2444617,Amad Diallo,Amad Diallo Traore,Midfielder,MUN,0.07,0.34
2444617,Højlund,Rasmus Højlund,Forward,MUN,0.02,0.71
2444617,Mainoo,Kobbie Mainoo,Midfielder,MUN,0.06,0.00
2444617,Yoro,Leny Yoro,Defender,MUN,0.00,0.00
2444617,Wood (Chris),Chris Wood,Forward,NFO,0.00,0.33
2444617,Sels,Matz Sels,Goalkeeper,NFO,0.00,0.00
2444617,Aina,Ola Aina,Defender,NFO,0.05,0.00
2444617,Yates,Ryan Yates,Midfielder,NFO,0.05,0.00
2444617,Hudson-Odoi,Callum Hudson-Odoi,Midfielder,NFO,0.04,0.00
2444617,Awoniyi,Taiwo Awoniyi,Forward,NFO,0.00,0.00
2444617,Williams (Neco),Neco Williams,Defender,NFO,0.00,0.02
2444617,Anderson,Elliot Anderson,Midfielder,NFO,0.09,0.03
2444617,Gibbs-White,Morgan Gibbs-White,Midfielder,NFO,0.31,0.11
2444617,Milenkovic,Nikola Milenkovic,Defender,NFO,0.01,0.11
2444617,Nicolás Domínguez,Nicolás Domínguez,Midfielder,NFO,0.00,0.00
2444617,Elanga,Anthony Elanga,Midfielder,NFO,0.00,0.00
2444617,Morato,Felipe Rodrigues da Silva,Defender,NFO,0.00,0.00
2444617,Jota Silva,João Pedro Ferreira da Silva,Midfielder,NFO,0.51,0.11
2444617,Murillo,Murillo Santiago Costa dos Santos,Defender,NFO,0.02,0.13
2444618,Cucurella,Marc Cucurella,Defender,CHE,0.07,0.01
2444618,Sancho,Jadon Sancho,Midfielder,CHE,0.22,0.39
2444618,Nkunku,Christopher Nkunku,Midfielder,CHE,0.00,0.00
2444618,Sanchez,Robert Sanchez,Goalkeeper,CHE,0.00,0.00
2444618,Badiashile,Benoît Badiashile,Defender,CHE,0.01,0.00
2444618,Palmer (Cole),Cole Palmer,Midfielder,CHE,0.67,1.68
2444618,Neto,Pedro Neto,Midfielder,CHE,0.34,0.07
2444618,Madueke,Noni Madueke,Midfielder,CHE,0.00,0.00
2444618,João Félix,João Félix Sequeira,Midfielder,CHE,0.00,0.00
2444618,Fernández,Enzo Fernández,Midfielder,CHE,0.35,0.13
2444618,Colwill,Levi Colwill,Defender,CHE,0.01,0.19
2444618,Gusto,Malo Gusto,Defender,CHE,0.01,0.03
2444618,Moises Caicedo,Moises Caicedo,Midfielder,CHE,0.02,0.00
2444618,Lavia,Romeo Lavia,Midfielder,CHE,0.01,0.00
2444618,Jackson (Nicolas),Nicolas Jackson,Forward,CHE,0.02,0.32
2444618,Renato Veiga,Renato da Palma Veiga,Midfielder,CHE,0.00,0.00
2444618,Forster,Fraser Forster,Goalkeeper,TOT,0.00,0.00
2444618,Son,Heung-Min Son,Midfielder,TOT,0.47,1.08
2444618,Solanke,Dominic Solanke,Forward,TOT,0.00,0.94
2444618,Werner,Timo Werner,Midfielder,TOT,0.21,0.00
2444618,Maddison,James Maddison,Midfielder,TOT,0.33,0.11
2444618,Romero,Cristian Romero,Defender,TOT,0.00,0.00
2444618,Bissouma,Yves Bissouma,Midfielder,TOT,0.00,0.00
2444618,Johnson (Brennan),Brennan Johnson,Midfielder,TOT,0.16,0.00
2444618,Porro,Pedro Porro,Defender,TOT,0.18,0.06
2444618,Kulusevski,Dejan Kulusevski,Midfielder,TOT,0.04,0.05
2444618,Sarr (Pape),Pape Sarr,Midfielder,TOT,0.01,0.51
2444618,Destiny Udogie,Iyenoma Destiny Udogie,Defender,TOT,0.01,0.00
2444618,van de Ven,Micky van de Ven,Defender,TOT,0.00,0.14
2444618,Dragusin,Radu Dragusin,Defender,TOT,0.01,0.00
2444618,Gray (Archie),Archie Gray,Midfielder,TOT,0.00,0.00
2444618,Bergvall,Lucas Bergvall,Midfielder,TOT,0.03,0.00
2444619,Fabianski,Lukasz Fabianski,Goalkeeper,WHU,0.00,0.00
2444619,Cresswell,Aaron Cresswell,Defender,WHU,0.06,0.00
2444619,Ings,Danny Ings,Forward,WHU,0.00,0.00
2444619,Emerson,Emerson Palmieri dos Santos,Defender,WHU,0.11,0.00
2444619,Bowen,Jarrod Bowen,Midfielder,WHU,0.10,0.22
2444619,Rodríguez,Guido Rodríguez,Midfielder,WHU,0.00,0.00
2444619,Álvarez (Edson),Edson Álvarez,Midfielder,WHU,0.01,0.00
2444619,Kilman,Max Kilman,Defender,WHU,0.05,0.13
2444619,Wan-Bissaka,Aaron Wan-Bissaka,Defender,WHU,0.13,0.00
2444619,Soucek,Tomas Soucek,Midfielder,WHU,0.01,0.09
2444619,Lucas Paquetá,Lucas Tolentino Coelho de Lima,Midfielder,WHU,0.01,0.01
2444619,Soler (Carlos),Carlos Soler,Midfielder,WHU,0.06,0.18
2444619,Mavropanos,Konstantinos Mavropanos,Defender,WHU,0.02,0.18
2444619,Summerville,Crysencio Summerville,Midfielder,WHU,0.42,0.11
2444619,Kudus,Mohammed Kudus,Midfielder,WHU,0.10,0.06
2444619,Todibo,Jean-Clair Todibo,Defender,WHU,0.00,0.00
2444619,Doherty,Matt Doherty,Defender,WOL,0.08,0.42
2444619,Johnstone,Sam Johnstone,Goalkeeper,WOL,0.00,0.00
2444619,Lemina (Mario),Mario Lemina,Midfielder,WOL,0.01,0.27
2444619,Gonçalo Guedes,Gonçalo Manuel Ganchinho Guedes,Midfielder,WOL,0.06,0.13
2444619,Semedo,Nelson Semedo,Defender,WOL,0.01,0.05
2444619,Doyle (Tommy),Tommy Doyle,Midfielder,WOL,0.06,0.12
2444619,Bellegarde,Jean-Ricner Bellegarde,Midfielder,WOL,0.00,0.14
2444619,Bueno (Santiago),Santiago Bueno,Defender,WOL,0.00,0.00
2444619,Strand Larsen,Jørgen Strand Larsen,Forward,WOL,0.00,0.00
2444619,Matheus Cunha,Matheus Santos Carneiro Da Cunha,Forward,WOL,0.25,0.04
2444619,João Gomes,João Victor Gomes da Silva,Midfielder,WOL,0.02,0.26
2444619,Ait Nouri,Rayan Ait Nouri,Defender,WOL,0.09,0.04
2444619,Rodrigo Gomes,Rodrigo Martins Gomes,Midfielder,WOL,0.00,0.00
2444619,André,André Trindade da Costa Neto,Midfielder,WOL,0.02,0.00
2444619,Toti,Toti António Gomes,Defender,WOL,0.00,0.00
2444620,Smith,Adam Smith,Defender,BOU,0.00,0.00
2444620,Kepa,Kepa Arrizabalaga Revuelta,Goalkeeper,BOU,0.00,0.00
2444620,Brooks,David Brooks,Midfielder,BOU,0.01,0.06
2444620,Cook,Lewis Cook,Midfielder,BOU,0.05,0.00
2444620,Christie,Ryan Christie,Midfielder,BOU,0.48,0.23
2444620,Unal,Enes Unal,Forward,BOU,0.00,0.09
2444620,Billing,Philip Billing,Midfielder,BOU,0.03,0.31
2444620,Adams (Tyler),Tyler Adams,Midfielder,BOU,0.01,0.03
2444620,Kluivert,Justin Kluivert,Midfielder,BOU,0.03,0.13
2444620,Semenyo,Antoine Semenyo,Midfielder,BOU,0.06,0.44
2444620,Evanilson,Francisco Evanilson de Lima Barbosa,Forward,BOU,0.31,0.18
2444620,Zabarnyi,Illia Zabarnyi,Defender,BOU,0.00,0.12
2444620,Dango Ouattara,Dango Ouattara,Midfielder,BOU,0.15,0.39
2444620,Kerkez,Milos Kerkez,Defender,BOU,0.03,0.03
2444620,Huijsen,Dean Huijsen,Defender,BOU,0.01,0.00
2444620,Fabianski,Lukasz Fabianski,Goalkeeper,WHU,0.00,0.00
2444620,Füllkrug,Niclas Füllkrug,Forward,WHU,0.04,0.13
2444620,Coufal,Vladimir Coufal,Defender,WHU,0.08,0.14
2444620,Bowen,Jarrod Bowen,Midfielder,WHU,0.25,0.28
2444620,Álvarez (Edson),Edson Álvarez,Midfielder,WHU,0.01,0.02
2444620,Kilman,Max Kilman,Defender,WHU,0.01,0.41
2444620,Wan-Bissaka,Aaron Wan-Bissaka,Defender,WHU,0.11,0.00
2444620,Soucek,Tomas Soucek,Midfielder,WHU,0.01,0.04
2444620,Lucas Paquetá,Lucas Tolentino Coelho de Lima,Midfielder,WHU,0.15,0.88
2444620,Soler (Carlos),Carlos Soler,Midfielder,WHU,0.24,0.03
2444620,Mavropanos,Konstantinos Mavropanos,Defender,WHU,0.01,0.05
2444620,Summerville,Crysencio Summerville,Midfielder,WHU,0.00,0.00
2444620,Kudus,Mohammed Kudus,Midfielder,WHU,0.25,0.08
2444620,Casey,Kaelan Casey,Defender,WHU,0.00,0.00
2444620,Scarles,Oliver Scarles,Defender,WHU,0.00,0.00
2444621,Jorginho,Jorge Luiz Frello Filho,Midfielder,ARS,0.02,0.00
2444621,Trossard,Leandro Trossard,Midfielder,ARS,0.17,0.00
2444621,Raya Martin,David Raya Martin,Goalkeeper,ARS,0.00,0.00
2444621,Partey,Thomas Partey,Midfielder,ARS,0.02,0.00
2444621,Odegaard,Martin Odegaard,Midfielder,ARS,0.06,0.42
2444621,Merino,Mikel Merino,Midfielder,ARS,0.17,0.11
2444621,Rice,Declan Rice,Midfielder,ARS,0.06,0.03
2444621,Jesus,Gabriel Fernando de Jesus,Forward,ARS,0.02,0.15
2444621,Havertz,Kai Havertz,Forward,ARS,0.09,0.06
2444621,Saka,Bukayo Saka,Midfielder,ARS,0.56,0.33
2444621,Gabriel Magalhães,Gabriel dos Santos Magalhães,Defender,ARS,0.04,0.00
2444621,Martinelli,Gabriel Teodoro Martinelli Silva,Midfielder,ARS,0.10,0.12
2444621,Jurriën Timber,Jurriën Timber,Defender,ARS,0.31,0.00
2444621,Saliba,William Saliba,Defender,ARS,0.04,0.00
2444621,Lewis-Skelly,Myles Lewis-Skelly,Midfielder,ARS,0.06,0.00
2444621,Nwaneri,Ethan Nwaneri,Midfielder,ARS,0.01,0.00
2444621,Tarkowski,James Tarkowski,Defender,EVE,0.07,0.00
2444621,Young (Ashley),Ashley Young,Defender,EVE,0.00,0.00
2444621,Gueye,Idrissa Gueye,Midfielder,EVE,0.01,0.00
2444621,Pickford,Jordan Pickford,Goalkeeper,EVE,0.00,0.00
2444621,Doucouré,Abdoulaye Doucouré,Midfielder,EVE,0.00,0.09
2444621,Calvert-Lewin,Dominic Calvert-Lewin,Forward,EVE,0.00,0.00
2444621,Mangala,Orel Mangala,Midfielder,EVE,0.01,0.00
2444621,Harrison (Jack),Jack Harrison,Midfielder,EVE,0.00,0.00
2444621,Mykolenko,Vitaliy Mykolenko,Defender,EVE,0.01,0.00
2444621,Broja,Armando Broja,Forward,EVE,0.00,0.00
2444621,Ndiaye,Iliman Ndiaye,Forward,EVE,0.01,0.00
2444621,Lindstrom,Jesper Lindstrom,Midfielder,EVE,0.01,0.00
2444621,Branthwaite,Jarrad Branthwaite,Defender,EVE,0.00,0.00
2444622,Dunk,Lewis Dunk,Defender,BHA,0.02,0.21
2444622,Estupiñán,Pervis Estupiñán,Defender,BHA,0.20,0.02
2444622,Lamptey,Tariq Lamptey,Defender,BHA,0.01,0.08
2444622,Mitoma,Kaoru Mitoma,Midfielder,BHA,0.15,0.17
2444622,Rutter,Georginio Rutter,Midfielder,BHA,0.00,0.02
2444622,Wieffer,Mats Wieffer,Midfielder,BHA,0.01,0.00
2444622,van Hecke,Jan-Paul van Hecke,Defender,BHA,0.05,0.00
2444622,Enciso,Julio Enciso,Midfielder,BHA,0.04,0.17
2444622,João Pedro,João Pedro Junqueira de Jesus,Forward,BHA,0.18,0.10
2444622,Ferguson,Evan Ferguson,Forward,BHA,0.09,0.00
2444622,Verbruggen,Bart Verbruggen,Goalkeeper,BHA,0.00,0.00
2444622,Ayari,Yasin Ayari,Midfielder,BHA,0.18,0.13
2444622,Gruda,Brajan Gruda,Midfielder,BHA,0.05,0.05
2444622,Baleba,Carlos Baleba,Midfielder,BHA,0.01,0.05
2444622,Adingra,Simon Adingra,Midfielder,BHA,0.11,0.00
2444622,Minteh,Yankuba Minteh,Midfielder,BHA,0.08,0.00
2444622,Clyne,Nathaniel Clyne,Defender,CRY,0.00,0.00
2444622,Hughes,Will Hughes,Midfielder,CRY,0.10,0.00
2444622,Lerma,Jefferson Lerma,Midfielder,CRY,0.02,0.00
2444622,Henderson,Dean Henderson,Goalkeeper,CRY,0.00,0.00
2444622,Chalobah,Trevoh Chalobah,Defender,CRY,0.00,0.41
2444622,Eddie Nketiah,Edward Nketiah,Forward,CRY,0.07,0.47
2444622,Marc Guehi,Addji Keaninkin Marc-Israel Guehi,Defender,CRY,0.00,0.00
2444622,Kamada,Daichi Kamada,Midfielder,CRY,0.19,0.00
2444622,Mateta,Jean-Philippe Mateta,Forward,CRY,0.00,0.03
2444622,Ismaila Sarr,Ismaila Sarr,Midfielder,CRY,0.03,0.96
2444622,Eze,Eberechi Eze,Midfielder,CRY,0.02,0.07
2444622,Mitchell,Tyrick Mitchell,Defender,CRY,0.47,0.00
2444622,Muñoz,Daniel Muñoz,Defender,CRY,0.09,0.19
2444622,Lacroix,Maxence Lacroix,Defender,CRY,0.00,0.00
2444622,Doucoure,Cheick Oumar Doucoure,Midfielder,CRY,0.00,0.19
2444622,Devenny,Justin Devenny,Midfielder,CRY,0.00,0.00
2444623,Flekken,Mark Flekken,Goalkeeper,BRE,0.00,0.00
2444623,Norgaard,Christian Norgaard,Midfielder,BRE,0.02,0.32
2444623,Ajer,Kristoffer Ajer,Defender,BRE,0.19,0.00
2444623,Janelt,Vitaly Janelt,Midfielder,BRE,0.50,0.08
2444623,Wissa,Yoane Wissa,Forward,BRE,0.01,0.00
2444623,Roerslev,Mads Roerslev,Defender,BRE,0.20,0.00
2444623,Pinnock,Ethan Pinnock,Defender,BRE,0.02,0.00
2444623,Carvalho,Fabio Carvalho,Midfielder,BRE,0.01,0.48
2444623,Lewis-Potter,Keane Lewis-Potter,Midfielder,BRE,0.00,0.03
2444623,Collins,Nathan Collins,Defender,BRE,0.22,0.00
2444623,Damsgaard,Mikkel Damsgaard,Midfielder,BRE,0.01,0.15
2444623,van den Berg,Sepp van den Berg,Defender,BRE,0.00,0.00
2444623,Mbeumo,Bryan Mbeumo,Midfielder,BRE,0.07,0.53
2444623,Meghoma,Jayden Meghoma,Defender,BRE,0.00,0.00
2444623,Yarmolyuk,Ehor Yarmolyuk,Midfielder,BRE,0.01,0.00
2444623,Schade,Kevin Schade,Midfielder,BRE,0.16,0.04
2444623,Tosin,Oluwatosin Adarabioyo,Defender,CHE,0.01,0.13
2444623,Cucurella,Marc Cucurella,Defender,CHE,0.02,0.12
2444623,Sancho,Jadon Sancho,Midfielder,CHE,0.56,0.03
2444623,Nkunku,Christopher Nkunku,Midfielder,CHE,0.00,0.00
2444623,Sanchez,Robert Sanchez,Goalkeeper,CHE,0.00,0.00
2444623,Palmer (Cole),Cole Palmer,Midfielder,CHE,0.33,0.21
2444623,Madueke,Noni Madueke,Midfielder,CHE,0.11,0.48
2444623,Fernández,Enzo Fernández,Midfielder,CHE,0.08,0.11
2444623,Colwill,Levi Colwill,Defender,CHE,0.05,0.00
2444623,Gusto,Malo Gusto,Defender,CHE,0.27,0.03
2444623,Moises Caicedo,Moises Caicedo,Midfielder,CHE,0.06,0.01
2444623,Jackson (Nicolas),Nicolas Jackson,Forward,CHE,0.00,1.13
2444624,Leno,Bernd Leno,Goalkeeper,FUL,0.00,0.00
2444624,Raúl Jiménez,Raul Alonso Jimenez Rodriguez,Forward,FUL,0.00,0.00
2444624,Iwobi,Alex Iwobi,Midfielder,FUL,0.06,0.08
2444624,Wilson (Harry),Harry Wilson,Midfielder,FUL,0.02,0.62
2444624,Pereira,Andreas Pereira,Midfielder,FUL,0.09,0.13
2444624,Traoré (Adama),Adama Traoré,Midfielder,FUL,0.00,0.06
2444624,Castagne,Timothy Castagne,Defender,FUL,0.00,0.00
2444624,Tete,Kenny Tete,Defender,FUL,0.00,0.00
2444624,Robinson (Antonee),Antonee Robinson,Defender,FUL,0.52,0.00
2444624,Berge,Sander Berge,Midfielder,FUL,0.01,0.00
2444624,Smith-Rowe,Emile Smith-Rowe,Midfielder,FUL,0.02,0.00
2444624,Lukic,Sasa Lukic,Midfielder,FUL,0.01,0.05
2444624,Diop,Issa Diop,Defender,FUL,0.00,0.00
2444624,Rodrigo Muniz,Rodrigo Muniz Carvalho,Forward,FUL,0.00,0.28
2444624,Cuenca,Jorge Cuenca,Defender,FUL,0.00,0.00
2444624,van Dijk,Virgil van Dijk,Defender,LIV,0.02,0.09
2444624,Alisson,Alisson Ramses Becker,Goalkeeper,LIV,0.00,0.00
2444624,Salah,Mohamed Salah,Midfielder,LIV,0.37,0.22
2444624,Robertson,Andrew Robertson,Defender,LIV,0.00,0.00
2444624,Alexander-Arnold,Trent Alexander-Arnold,Defender,LIV,0.08,0.00
2444624,Gomez,Joseph Gomez,Defender,LIV,0.02,0.03
2444624,Diogo Jota,Diogo José Teixeira da Silva,Midfielder,LIV,0.22,0.38
2444624,Jones,Curtis Jones,Midfielder,LIV,0.02,0.04
2444624,Gakpo,Cody Gakpo,Forward,LIV,0.01,0.58
2444624,Díaz,Luis Díaz,Midfielder,LIV,0.04,0.64
2444624,Szoboszlai,Dominik Szoboszlai,Midfielder,LIV,0.44,0.00
2444624,Gravenberch,Ryan Gravenberch,Midfielder,LIV,0.06,0.00
2444624,Quansah,Jarell Quansah,Defender,LIV,0.00,0.00
2444624,Elliott,Harvey Elliott,Midfielder,LIV,0.07,0.04
2444624,Núñez,Darwin Núñez,Forward,LIV,0.02,0.11
2444625,Walker,Kyle Walker,Defender,MCI,0.03,0.00
2444625,Gundogan,Ilkay Gundogan,Midfielder,MCI,0.03,0.00
2444625,De Bruyne,Kevin De Bruyne,Midfielder,MCI,0.03,0.06
2444625,Kovacic,Mateo Kovacic,Midfielder,MCI,0.23,0.00
2444625,Grealish,Jack Grealish,Midfielder,MCI,0.00,0.00
2444625,Ederson,Ederson Santana de Moraes,Goalkeeper,MCI,0.00,0.00
2444625,Bernardo Silva,Bernardo Mota Veiga de Carvalho e Silva,Midfielder,MCI,0.00,0.00
2444625,Rúben Dias,Rúben Santos Gato Alves Dias,Defender,MCI,0.01,0.48
2444625,Foden,Phil Foden,Midfielder,MCI,0.25,0.19
2444625,Haaland,Erling Haaland,Forward,MCI,0.01,0.14
2444625,Doku,Jéremy Doku,Midfielder,MCI,0.07,0.02
2444625,Matheus Nunes,Matheus Luiz Nunes,Midfielder,MCI,0.04,0.00
2444625,Gvardiol,Joško Gvardiol,Defender,MCI,0.02,0.08
2444625,Savinho,Sávio Moreira de Oliveira,Midfielder,MCI,0.00,0.00
2444625,Maguire,Harry Maguire,Defender,MUN,0.00,0.00
2444625,Bruno Fernandes,Bruno Miguel Borges Fernandes,Midfielder,MUN,0.13,1.24
2444625,Mount,Mason Mount,Midfielder,MUN,0.00,0.00
2444625,Lindelof,Victor Nilsson-Lindelof,Defender,MUN,0.00,0.00
2444625,Onana,André Onana,Goalkeeper,MUN,0.00,0.00
2444625,de Ligt,Matthijs de Ligt,Defender,MUN,0.01,0.03
2444625,Dalot,José Diogo Dalot Teixeira,Defender,MUN,0.02,0.00
2444625,Martínez,Lisandro Martínez,Defender,MUN,0.40,0.03
2444625,Mazraoui,Noussair Mazraoui,Defender,MUN,0.01,0.00
2444625,Ugarte,Manuel Ugarte,Midfielder,MUN,0.01,0.03
2444625,Zirkzee,Joshua Zirkzee,Forward,MUN,0.00,0.00
2444625,Antony,Antony Matheus dos Santos,Midfielder,MUN,0.01,0.00
2444625,Amad Diallo,Amad Diallo Traore,Midfielder,MUN,0.07,0.67
2444625,Højlund,Rasmus Højlund,Forward,MUN,0.20,0.00
2444625,Mainoo,Kobbie Mainoo,Midfielder,MUN,0.01,0.07
2444625,Yoro,Leny Yoro,Defender,MUN,0.00,0.00
2444626,Vestergaard,Jannik Vestergaard,Defender,LEI,0.01,0.00
2444626,Coady,Conor Coady,Defender,LEI,0.00,0.00
2444626,Ward (Danny),Danny Ward,Goalkeeper,LEI,0.00,0.00
2444626,DeCordova-Reid,Bobby DeCordova-Reid,Midfielder,LEI,0.00,0.00
2444626,Vardy,Jamie Vardy,Forward,LEI,0.00,0.06
2444626,Mavididi,Stephy Mavididi,Midfielder,LEI,0.03,0.00
2444626,Choudhury,Hamza Choudhury,Midfielder,LEI,0.02,0.00
2444626,Skipp,Oliver Skipp,Midfielder,LEI,0.01,0.02
2444626,Justin,James Justin,Defender,LEI,0.11,0.00
2444626,Daka,Patson Daka,Forward,LEI,0.00,0.00
2444626,McAteer,Kasey McAteer,Midfielder,LEI,0.03,0.05
2444626,Hermansen,Mads Hermansen,Goalkeeper,LEI,0.00,0.00
2444626,Okoli,Caleb Okoli,Defender,LEI,0.00,0.00
2444626,Kristiansen,Victor Kristiansen,Defender,LEI,0.02,0.00
2444626,El Khannouss,Bilal El Khannouss,Midfielder,LEI,0.10,0.05
2444626,Buonanotte,Facundo Buonanotte,Midfielder,LEI,0.00,0.00
2444626,Dubravka,Martin Dubravka,Goalkeeper,NEW,0.00,0.00
2444626,Trippier,Kieran Trippier,Defender,NEW,0.02,0.00
2444626,Burn,Dan Burn,Defender,NEW,0.01,0.13
2444626,Murphy (Jacob),Jacob Murphy,Midfielder,NEW,0.10,0.59
2444626,Schär,Fabian Schär,Defender,NEW,0.01,0.00
2444626,Longstaff (Sean),Sean Longstaff,Midfielder,NEW,0.01,0.00
2444626,Joelinton,Joelinton Cássio Apolinário de Lira,Midfielder,NEW,0.21,0.19
2444626,Willock,Joseph Willock,Midfielder,NEW,0.00,0.00
2444626,Barnes,Harvey Barnes,Midfielder,NEW,0.23,0.15
2444626,Bruno Guimarães,Bruno Guimarães Rodriguez Moura,Midfielder,NEW,0.22,0.83
2444626,Isak,Alexander Isak,Forward,NEW,0.22,1.42
2444626,Gordon (Anthony),Anthony Gordon,Midfielder,NEW,0.41,0.09
2444626,Tonali,Sandro Tonali,Midfielder,NEW,0.04,0.21
2444626,Livramento,Valentino Livramento,Defender,NEW,0.10,0.04
2444626,Lewis Hall,Lewis Hall,Defender,NEW,0.64,0.14
2444626,Osula,William Osula,Forward,NEW,0.02,0.00
2444627,Barkley,Ross Barkley,Midfielder,AVL,0.01,0.00
2444627,Martinez,Emiliano Martinez,Goalkeeper,AVL,0.00,0.00
2444627,Digne,Lucas Digne,Defender,AVL,0.04,0.00
2444627,McGinn,John McGinn,Midfielder,AVL,0.37,0.05
2444627,Diego Carlos,Diego Carlos Santos Silva,Defender,AVL,0.02,0.00
2444627,Tielemans,Youri Tielemans,Midfielder,AVL,0.13,0.00
2444627,Watkins,Ollie Watkins,Forward,AVL,0.01,0.00
2444627,Cash,Matthew Cash,Defender,AVL,0.42,0.03
2444627,Konsa Ngoyo,Ezri Konsa Ngoyo,Defender,AVL,0.01,0.24
2444627,Kamara,Boubacar Kamara,Midfielder,AVL,0.02,0.00
2444627,Rogers,Morgan Rogers,Midfielder,AVL,0.06,0.02
2444627,Torres,Pau Torres,Defender,AVL,0.02,0.00
2444627,Maatsen,Ian Maatsen,Defender,AVL,0.00,0.00
2444627,Mvom Onana,Amadou Mvom Onana,Midfielder,AVL,0.00,0.00
2444627,Durán,Jhon Durán,Forward,AVL,0.01,0.08
2444627,Wood (Chris),Chris Wood,Forward,NFO,0.01,0.07
2444627,Sels,Matz Sels,Goalkeeper,NFO,0.00,0.00
2444627,Boly,Willy Boly,Defender,NFO,0.00,0.00
2444627,Aina,Ola Aina,Defender,NFO,0.01,0.00
2444627,Yates,Ryan Yates,Midfielder,NFO,0.01,0.11
2444627,Hudson-Odoi,Callum Hudson-Odoi,Midfielder,NFO,0.07,0.03
2444627,Williams (Neco),Neco Williams,Defender,NFO,0.02,0.09
2444627,Anderson,Elliot Anderson,Midfielder,NFO,0.59,0.09
2444627,Gibbs-White,Morgan Gibbs-White,Midfielder,NFO,0.82,0.15
2444627,Milenkovic,Nikola Milenkovic,Defender,NFO,0.00,0.48
2444627,Nicolás Domínguez,Nicolás Domínguez,Midfielder,NFO,0.03,0.47
2444627,Elanga,Anthony Elanga,Midfielder,NFO,0.00,0.20
2444627,Morato,Felipe Rodrigues da Silva,Defender,NFO,0.00,0.00
2444627,Jota Silva,João Pedro Ferreira da Silva,Midfielder,NFO,0.01,0.00
2444627,Murillo,Murillo Santiago Costa dos Santos,Defender,NFO,0.15,0.09
2444628,McCarthy,Alex McCarthy,Goalkeeper,SOU,0.00,0.00
2444628,Armstrong (Adam),Adam Armstrong,Forward,SOU,0.00,0.54
2444628,Walker-Peters,Kyle Walker-Peters,Defender,SOU,0.01,0.02
2444628,Bednarek,Jan Bednarek,Defender,SOU,0.00,0.00
2444628,Aribo,Joe Aribo,Midfielder,SOU,0.10,0.00
2444628,Manning,Ryan Manning,Defender,SOU,0.67,0.00
2444628,Sugawara,Yukinari Sugawara,Defender,SOU,0.01,0.01
2444628,Downes,Flynn Downes,Midfielder,SOU,0.01,0.00
2444628,Wood (Nathan),Nathan Wood,Defender,SOU,0.01,0.18
2444628,Harwood-Bellis,Taylor Harwood-Bellis,Defender,SOU,0.01,0.01
2444628,Archer,Cameron Archer,Forward,SOU,0.00,0.00
2444628,Dibling,Tyler Dibling,Midfielder,SOU,0.08,0.08
2444628,Sulemana,Kamaldeen Sulemana,Midfielder,SOU,0.00,0.00
2444628,Mateus Fernandes,Mateus Gonçalo Espanha Fernandes,Midfielder,SOU,0.03,0.00
2444628,Forster,Fraser Forster,Goalkeeper,TOT,0.00,0.00
2444628,Son,Heung-Min Son,Midfielder,TOT,0.30,0.37
2444628,Solanke,Dominic Solanke,Forward,TOT,0.00,0.28
2444628,Werner,Timo Werner,Midfielder,TOT,0.22,0.00
2444628,Maddison,James Maddison,Midfielder,TOT,0.04,0.65
2444628,Spence,Djed Spence,Defender,TOT,0.30,0.06
2444628,Johnson (Brennan),Brennan Johnson,Midfielder,TOT,0.00,0.43
2444628,Porro,Pedro Porro,Defender,TOT,0.01,0.00
2444628,Kulusevski,Dejan Kulusevski,Midfielder,TOT,0.09,0.37
2444628,Sarr (Pape),Pape Sarr,Midfielder,TOT,0.03,0.27
2444628,Destiny Udogie,Iyenoma Destiny Udogie,Defender,TOT,0.01,0.00
2444628,Dragusin,Radu Dragusin,Defender,TOT,0.00,0.00
2444628,Dorrington,Alfie Dorrington,Defender,TOT,0.00,0.00
2444628,Gray (Archie),Archie Gray,Midfielder,TOT,0.01,0.00
2444628,Lankshear,Will Lankshear,Forward,TOT,0.00,0.00
2444628,Bergvall,Lucas Bergvall,Midfielder,TOT,0.02,0.00
2444629,Morsy,Sam Morsy,Midfielder,IPS,0.02,0.00
2444629,Burgess,Cameron Burgess,Defender,IPS,0.00,0.00
2444629,Burns,Wes Burns,Midfielder,IPS,0.43,0.03
2444629,Chaplin,Conor Chaplin,Midfielder,IPS,0.01,0.19
2444629,O'Shea,Dara O'Shea,Defender,IPS,0.00,0.00
2444629,Johnson (Ben),Ben Johnson,Defender,IPS,0.00,0.00
2444629,Taylor (Jack),Jack Taylor,Midfielder,IPS,0.01,0.11
2444629,Harry Clarke,Harrison Clarke,Defender,IPS,0.03,0.00
2444629,Muric,Arijanet Muric,Goalkeeper,IPS,0.00,0.00
2444629,Clarke (Jack),Jack Clarke,Midfielder,IPS,0.09,0.04
2444629,Cajuste,Jens Cajuste,Midfielder,IPS,0.02,0.00
2444629,Davis,Leif Davis,Defender,IPS,0.05,0.04
2444629,Ali Al Hamadi,Ali Ibrahim Karim Al Hamadi,Forward,IPS,0.00,0.06
2444629,Delap,Liam Delap,Forward,IPS,0.47,0.33
2444629,Hutchinson,Omari Hutchinson,Midfielder,IPS,0.04,0.38
2444629,Doherty,Matt Doherty,Defender,WOL,0.06,0.00
2444629,Johnstone,Sam Johnstone,Goalkeeper,WOL,0.00,0.00
2444629,Lemina (Mario),Mario Lemina,Midfielder,WOL,0.07,0.06
2444629,Gonçalo Guedes,Gonçalo Manuel Ganchinho Guedes,Midfielder,WOL,0.08,0.00
2444629,Hwang Hee-Chan,Hee-Chan Hwang,Midfielder,WOL,0.00,0.00
2444629,Semedo,Nelson Semedo,Defender,WOL,0.02,0.00
2444629,Doyle (Tommy),Tommy Doyle,Midfielder,WOL,0.06,0.07
2444629,Bellegarde,Jean-Ricner Bellegarde,Midfielder,WOL,0.18,0.13
2444629,Bueno (Santiago),Santiago Bueno,Defender,WOL,0.01,0.00
2444629,Strand Larsen,Jørgen Strand Larsen,Forward,WOL,0.01,0.55
2444629,Matheus Cunha,Matheus Santos Carneiro Da Cunha,Forward,WOL,0.12,0.41
2444629,Ait Nouri,Rayan Ait Nouri,Defender,WOL,0.21,0.05
2444629,André,André Trindade da Costa Neto,Midfielder,WOL,0.01,0.00
2444629,Toti,Toti António Gomes,Defender,WOL,0.05,0.00
2444630,Martinez,Emiliano Martinez,Goalkeeper,AVL,0.00,0.00
2444630,Digne,Lucas Digne,Defender,AVL,0.04,0.00
2444630,McGinn,John McGinn,Midfielder,AVL,0.22,0.00
2444630,Tielemans,Youri Tielemans,Midfielder,AVL,0.32,0.00
2444630,Watkins,Ollie Watkins,Forward,AVL,0.00,0.09
2444630,Buendía,Emiliano Buendía,Midfielder,AVL,0.00,0.00
2444630,Cash,Matthew Cash,Defender,AVL,0.02,0.05
2444630,Konsa Ngoyo,Ezri Konsa Ngoyo,Defender,AVL,0.00,0.00
2444630,Kamara,Boubacar Kamara,Midfielder,AVL,0.03,0.00
2444630,Rogers,Morgan Rogers,Midfielder,AVL,0.23,0.33
2444630,Torres,Pau Torres,Defender,AVL,0.00,0.04
2444630,Mvom Onana,Amadou Mvom Onana,Midfielder,AVL,0.01,0.22
2444630,Durán,Jhon Durán,Forward,AVL,0.00,0.94
2444630,Walker,Kyle Walker,Defender,MCI,0.01,0.00
2444630,Gundogan,Ilkay Gundogan,Midfielder,MCI,0.04,0.00
2444630,Ortega Moreno,Stefan Ortega Moreno,Goalkeeper,MCI,0.00,0.00
2444630,Kovacic,Mateo Kovacic,Midfielder,MCI,0.06,0.02
2444630,Stones,John Stones,Defender,MCI,0.03,0.00
2444630,Grealish,Jack Grealish,Midfielder,MCI,0.27,0.10
2444630,Bernardo Silva,Bernardo Mota Veiga de Carvalho e Silva,Midfielder,MCI,0.11,0.00
2444630,Foden,Phil Foden,Midfielder,MCI,0.04,0.44
2444630,Akanji,Manuel Akanji,Defender,MCI,0.05,0.00
2444630,Haaland,Erling Haaland,Forward,MCI,0.04,0.11
2444630,Doku,Jéremy Doku,Midfielder,MCI,0.00,0.00
2444630,Lewis (Rico),Rico Lewis,Defender,MCI,0.06,0.00
2444630,Gvardiol,Joško Gvardiol,Defender,MCI,0.02,0.35
2444630,Savinho,Sávio Moreira de Oliveira,Midfielder,MCI,0.01,0.00
2444631,Mee (Ben),Ben Mee,Defender,BRE,0.02,0.00
2444631,Flekken,Mark Flekken,Goalkeeper,BRE,0.00,0.00
2444631,Norgaard,Christian Norgaard,Midfielder,BRE,0.11,0.08
2444631,Ajer,Kristoffer Ajer,Defender,BRE,0.01,0.23
2444631,Janelt,Vitaly Janelt,Midfielder,BRE,0.02,0.00
2444631,Wissa,Yoane Wissa,Forward,BRE,0.07,0.10
2444631,Maghoma,Paris Maghoma,Midfielder,BRE,0.01,0.00
2444631,Roerslev,Mads Roerslev,Defender,BRE,0.00,0.00
2444631,Carvalho,Fabio Carvalho,Midfielder,BRE,0.00,0.00
2444631,Lewis-Potter,Keane Lewis-Potter,Midfielder,BRE,0.04,0.00
2444631,Collins,Nathan Collins,Defender,BRE,0.03,0.00
2444631,Damsgaard,Mikkel Damsgaard,Midfielder,BRE,0.17,0.15
2444631,Mbeumo,Bryan Mbeumo,Midfielder,BRE,0.51,0.07
2444631,Schade,Kevin Schade,Midfielder,BRE,0.01,0.09
2444631,Konak,Yunus Konak,Midfielder,BRE,0.00,0.00
2444631,Wood (Chris),Chris Wood,Forward,NFO,0.01,0.30
2444631,Sels,Matz Sels,Goalkeeper,NFO,0.00,0.00
2444631,Toffolo,Harry Toffolo,Defender,NFO,0.00,0.00
2444631,Aina,Ola Aina,Defender,NFO,0.01,0.21
2444631,Yates,Ryan Yates,Midfielder,NFO,0.00,0.00
2444631,Hudson-Odoi,Callum Hudson-Odoi,Midfielder,NFO,0.09,0.11
2444631,Awoniyi,Taiwo Awoniyi,Forward,NFO,0.00,0.00
2444631,Williams (Neco),Neco Williams,Defender,NFO,0.10,0.03
2444631,Anderson,Elliot Anderson,Midfielder,NFO,0.28,0.00
2444631,Gibbs-White,Morgan Gibbs-White,Midfielder,NFO,0.05,0.00
2444631,Milenkovic,Nikola Milenkovic,Defender,NFO,0.00,0.03
2444631,Nicolás Domínguez,Nicolás Domínguez,Midfielder,NFO,0.00,0.00
2444631,Elanga,Anthony Elanga,Midfielder,NFO,0.02,0.21
2444631,Morato,Felipe Rodrigues da Silva,Defender,NFO,0.00,0.00
2444631,Jota Silva,João Pedro Ferreira da Silva,Midfielder,NFO,0.00,0.00
2444631,Murillo,Murillo Santiago Costa dos Santos,Defender,NFO,0.01,0.00
2444632,Trossard,Leandro Trossard,Midfielder,ARS,0.12,0.02
2444632,Raya Martin,David Raya Martin,Goalkeeper,ARS,0.00,0.00
2444632,Partey,Thomas Partey,Midfielder,ARS,0.11,0.00
2444632,Odegaard,Martin Odegaard,Midfielder,ARS,0.23,0.09
2444632,Merino,Mikel Merino,Midfielder,ARS,0.00,0.00
2444632,Rice,Declan Rice,Midfielder,ARS,0.05,0.16
2444632,Jesus,Gabriel Fernando de Jesus,Forward,ARS,0.01,0.82
2444632,Havertz,Kai Havertz,Forward,ARS,0.01,0.88
2444632,Saka,Bukayo Saka,Midfielder,ARS,0.00,0.00
2444632,Gabriel Magalhães,Gabriel dos Santos Magalhães,Defender,ARS,0.01,0.39
2444632,Martinelli,Gabriel Teodoro Martinelli Silva,Midfielder,ARS,0.53,0.66
2444632,Jurriën Timber,Jurriën Timber,Defender,ARS,0.02,0.00
2444632,Saliba,William Saliba,Defender,ARS,0.01,0.00
2444632,Calafiori,Riccardo Calafiori,Defender,ARS,0.01,0.00
2444632,Lewis-Skelly,Myles Lewis-Skelly,Midfielder,ARS,0.01,0.00
2444632,Nwaneri,Ethan Nwaneri,Midfielder,ARS,0.08,0.00
2444632,Clyne,Nathaniel Clyne,Defender,CRY,0.11,0.00
2444632,Schlupp,Jeffrey Schlupp,Midfielder,CRY,0.00,0.04
2444632,Hughes,Will Hughes,Midfielder,CRY,0.23,0.14
2444632,Lerma,Jefferson Lerma,Midfielder,CRY,0.00,0.09
2444632,Henderson,Dean Henderson,Goalkeeper,CRY,0.00,0.00
2444632,Eddie Nketiah,Edward Nketiah,Forward,CRY,0.00,0.00
2444632,Marc Guehi,Addji Keaninkin Marc-Israel Guehi,Defender,CRY,0.04,0.00
2444632,Kamada,Daichi Kamada,Midfielder,CRY,0.01,0.02
2444632,Mateta,Jean-Philippe Mateta,Forward,CRY,0.02,0.66
2444632,Ismaila Sarr,Ismaila Sarr,Midfielder,CRY,0.10,0.47
2444632,Mitchell,Tyrick Mitchell,Defender,CRY,0.12,0.00
2444632,Richards (Chris),Chris Richards,Defender,CRY,0.01,0.00
2444632,Lacroix,Maxence Lacroix,Defender,CRY,0.01,0.17
2444632,Doucoure,Cheick Oumar Doucoure,Midfielder,CRY,0.01,0.00
2444632,Devenny,Justin Devenny,Midfielder,CRY,0.03,0.00
2444632,Kporha,Caleb Kporha,Defender,CRY,0.00,0.00
2444633,Tosin,Oluwatosin Adarabioyo,Defender,CHE,0.01,0.00
2444633,Sancho,Jadon Sancho,Midfielder,CHE,0.03,0.09
2444633,Nkunku,Christopher Nkunku,Midfielder,CHE,0.01,0.00
2444633,Sanchez,Robert Sanchez,Goalkeeper,CHE,0.00,0.00
2444633,Disasi,Axel Disasi,Defender,CHE,0.02,0.00
2444633,Palmer (Cole),Cole Palmer,Midfielder,CHE,0.33,0.08
2444633,Neto,Pedro Neto,Midfielder,CHE,0.03,0.09
2444633,Madueke,Noni Madueke,Midfielder,CHE,0.00,0.00
2444633,Fernández,Enzo Fernández,Midfielder,CHE,0.24,0.10
2444633,Colwill,Levi Colwill,Defender,CHE,0.02,0.00
2444633,Gusto,Malo Gusto,Defender,CHE,0.03,0.34
2444633,Moises Caicedo,Moises Caicedo,Midfielder,CHE,0.05,0.00
2444633,Jackson (Nicolas),Nicolas Jackson,Forward,CHE,0.02,0.57
2444633,Tarkowski,James Tarkowski,Defender,EVE,0.00,0.00
2444633,Young (Ashley),Ashley Young,Defender,EVE,0.00,0.04
2444633,Coleman,Seamus Coleman,Defender,EVE,0.00,0.00
2444633,Gueye,Idrissa Gueye,Midfielder,EVE,0.00,0.00
2444633,Pickford,Jordan Pickford,Goalkeeper,EVE,0.00,0.00
2444633,Doucouré,Abdoulaye Doucouré,Midfielder,EVE,0.03,0.00
2444633,Calvert-Lewin,Dominic Calvert-Lewin,Forward,EVE,0.00,0.00
2444633,Mangala,Orel Mangala,Midfielder,EVE,0.00,0.14
2444633,Harrison (Jack),Jack Harrison,Midfielder,EVE,0.00,0.56
2444633,Mykolenko,Vitaliy Mykolenko,Defender,EVE,0.01,0.00
2444633,Ndiaye,Iliman Ndiaye,Forward,EVE,0.08,0.29
2444633,Lindstrom,Jesper Lindstrom,Midfielder,EVE,0.00,0.00
2444633,Branthwaite,Jarrad Branthwaite,Defender,EVE,0.01,0.00
2444633,Beto,Norberto Bercique Gomes Betuncal,Forward,EVE,0.00,0.00
2444634,Cairney,Tom Cairney,Midfielder,FUL,0.05,0.04
2444634,Leno,Bernd Leno,Goalkeeper,FUL,0.00,0.00
2444634,Raúl Jiménez,Raul Alonso Jimenez Rodriguez,Forward,FUL,0.02,0.11
2444634,Iwobi,Alex Iwobi,Midfielder,FUL,0.09,0.30
2444634,Wilson (Harry),Harry Wilson,Midfielder,FUL,0.05,0.26
2444634,Traoré (Adama),Adama Traoré,Midfielder,FUL,0.31,0.08
2444634,Castagne,Timothy Castagne,Defender,FUL,0.14,0.00
2444634,Robinson (Antonee),Antonee Robinson,Defender,FUL,0.11,0.00
2444634,Berge,Sander Berge,Midfielder,FUL,0.02,0.00
2444634,Lukic,Sasa Lukic,Midfielder,FUL,0.00,0.00
2444634,Diop,Issa Diop,Defender,FUL,0.00,0.00
2444634,Bassey,Calvin Bassey,Defender,FUL,0.00,0.00
2444634,Rodrigo Muniz,Rodrigo Muniz Carvalho,Forward,FUL,0.00,0.06
2444634,Carlos Vinicius,Carlos Vinicius Alves Morais,Forward,FUL,0.00,0.04
2444634,Godo,Martial Godo,Midfielder,FUL,0.00,0.00
2444634,King (Joshua),Joshua King,Midfielder,FUL,0.06,0.00
2444634,Paul Onuachu,Ebere Paul Onuachu,Forward,SOU,0.00,0.00
2444634,Armstrong (Adam),Adam Armstrong,Forward,SOU,0.00,0.15
2444634,Walker-Peters,Kyle Walker-Peters,Defender,SOU,0.02,0.00
2444634,Bednarek,Jan Bednarek,Defender,SOU,0.00,0.00
2444634,Bree,James Bree,Defender,SOU,0.00,0.00
2444634,Aribo,Joe Aribo,Midfielder,SOU,0.00,0.00
2444634,Sugawara,Yukinari Sugawara,Defender,SOU,0.03,0.03
2444634,Downes,Flynn Downes,Midfielder,SOU,0.00,0.00
2444634,Ramsdale,Aaron Ramsdale,Goalkeeper,SOU,0.00,0.00
2444634,Wood (Nathan),Nathan Wood,Defender,SOU,0.00,0.00
2444634,Harwood-Bellis,Taylor Harwood-Bellis,Defender,SOU,0.00,0.00
2444634,Archer,Cameron Archer,Forward,SOU,0.00,0.03
2444634,Dibling,Tyler Dibling,Midfielder,SOU,0.03,0.00
2444634,Ugochukwu,Lesley Ugochukwu,Midfielder,SOU,0.02,0.00
2444634,Mateus Fernandes,Mateus Gonçalo Espanha Fernandes,Midfielder,SOU,0.31,0.05
2444635,Morsy,Sam Morsy,Midfielder,IPS,0.03,0.00
2444635,Burgess,Cameron Burgess,Defender,IPS,0.00,0.00
2444635,Burns,Wes Burns,Midfielder,IPS,0.02,0.03
2444635,Phillips (Kalvin),Kalvin Phillips,Midfielder,IPS,0.01,0.00
2444635,Szmodics,Sammie Szmodics,Midfielder,IPS,0.05,0.27
2444635,Broadhead,Nathan Broadhead,Midfielder,IPS,0.02,0.04
2444635,Chaplin,Conor Chaplin,Midfielder,IPS,0.19,0.00
2444635,O'Shea,Dara O'Shea,Defender,IPS,0.00,0.06
2444635,Johnson (Ben),Ben Johnson,Defender,IPS,0.00,0.00
2444635,Taylor (Jack),Jack Taylor,Midfielder,IPS,0.00,0.00
2444635,Harry Clarke,Harrison Clarke,Defender,IPS,0.01,0.00
2444635,Muric,Arijanet Muric,Goalkeeper,IPS,0.00,0.00
2444635,Cajuste,Jens Cajuste,Midfielder,IPS,0.02,0.05
2444635,Davis,Leif Davis,Defender,IPS,0.14,0.00
2444635,Ali Al Hamadi,Ali Ibrahim Karim Al Hamadi,Forward,IPS,0.01,0.29
2444635,Hutchinson,Omari Hutchinson,Midfielder,IPS,0.01,0.01
2444635,Dubravka,Martin Dubravka,Goalkeeper,NEW,0.00,0.00
2444635,Trippier,Kieran Trippier,Defender,NEW,0.15,0.00
2444635,Burn,Dan Burn,Defender,NEW,0.00,0.00
2444635,Murphy (Jacob),Jacob Murphy,Midfielder,NEW,0.33,0.06
2444635,Schär,Fabian Schär,Defender,NEW,0.01,0.00
2444635,Almirón,Miguel Almirón,Midfielder,NEW,0.01,0.00
2444635,Longstaff (Sean),Sean Longstaff,Midfielder,NEW,0.00,0.00
2444635,Willock,Joseph Willock,Midfielder,NEW,0.09,0.18
2444635,Barnes,Harvey Barnes,Midfielder,NEW,0.62,0.04
2444635,Bruno Guimarães,Bruno Guimarães Rodriguez Moura,Midfielder,NEW,0.17,0.06
2444635,Isak,Alexander Isak,Forward,NEW,0.20,1.53
2444635,Gordon (Anthony),Anthony Gordon,Midfielder,NEW,0.49,0.43
2444635,Tonali,Sandro Tonali,Midfielder,NEW,0.01,0.02
2444635,Livramento,Valentino Livramento,Defender,NEW,0.01,0.00
2444635,Lewis Hall,Lewis Hall,Defender,NEW,0.04,0.00
2444635,Miley (Lewis),Lewis Miley,Midfielder,NEW,0.01,0.00
2444636,Ayew,Jordan Ayew,Midfielder,LEI,0.06,0.07
2444636,Vestergaard,Jannik Vestergaard,Defender,LEI,0.00,0.00
2444636,Coady,Conor Coady,Defender,LEI,0.14,0.00
2444636,Ward (Danny),Danny Ward,Goalkeeper,LEI,0.00,0.00
2444636,DeCordova-Reid,Bobby DeCordova-Reid,Midfielder,LEI,0.01,0.00
2444636,Vardy,Jamie Vardy,Forward,LEI,0.03,0.68
2444636,Mavididi,Stephy Mavididi,Midfielder,LEI,0.02,0.03
2444636,Winks,Harry Winks,Midfielder,LEI,0.18,0.00
2444636,Choudhury,Hamza Choudhury,Midfielder,LEI,0.17,0.00
2444636,Skipp,Oliver Skipp,Midfielder,LEI,0.01,0.00
2444636,Faes,Wout Faes,Defender,LEI,0.01,0.00
2444636,Justin,James Justin,Defender,LEI,0.00,0.02
2444636,Soumaré,Boubakary Soumaré,Midfielder,LEI,0.06,0.00
2444636,Kristiansen,Victor Kristiansen,Defender,LEI,0.02,0.00
2444636,El Khannouss,Bilal El Khannouss,Midfielder,LEI,0.19,0.00
2444636,Buonanotte,Facundo Buonanotte,Midfielder,LEI,0.00,0.00
2444636,Dawson,Craig Dawson,Defender,WOL,0.00,0.00
2444636,Doherty,Matt Doherty,Defender,WOL,0.03,0.00
2444636,José Sá,José Pedro Malheiro de Sá,Goalkeeper,WOL,0.00,0.00
2444636,Gonçalo Guedes,Gonçalo Manuel Ganchinho Guedes,Midfielder,WOL,0.01,0.05
2444636,Hwang Hee-Chan,Hee-Chan Hwang,Midfielder,WOL,0.00,0.00
2444636,Semedo,Nelson Semedo,Defender,WOL,0.07,0.00
2444636,Doyle (Tommy),Tommy Doyle,Midfielder,WOL,0.00,0.00
2444636,Bellegarde,Jean-Ricner Bellegarde,Midfielder,WOL,0.00,0.00
2444636,Bueno (Santiago),Santiago Bueno,Defender,WOL,0.00,0.05
2444636,Strand Larsen,Jørgen Strand Larsen,Forward,WOL,0.00,0.00
2444636,Matheus Cunha,Matheus Santos Carneiro Da Cunha,Forward,WOL,0.31,0.15
2444636,João Gomes,João Victor Gomes da Silva,Midfielder,WOL,0.01,0.60
2444636,Carlos Borges,Carlos Roberto Forbs Borges,Midfielder,WOL,0.00,0.00
2444636,Rodrigo Gomes,Rodrigo Martins Gomes,Midfielder,WOL,0.00,0.26
2444636,André,André Trindade da Costa Neto,Midfielder,WOL,0.01,0.00
2444636,Toti,Toti António Gomes,Defender,WOL,0.00,0.00
2444637,Smith,Adam Smith,Defender,BOU,0.01,0.00
2444637,Kepa,Kepa Arrizabalaga Revuelta,Goalkeeper,BOU,0.00,0.00
2444637,Brooks,David Brooks,Midfielder,BOU,0.01,0.00
2444637,Cook,Lewis Cook,Midfielder,BOU,0.01,0.00
2444637,Christie,Ryan Christie,Midfielder,BOU,0.11,0.00
2444637,Unal,Enes Unal,Forward,BOU,0.00,0.07
2444637,Billing,Philip Billing,Midfielder,BOU,0.01,0.00
2444637,Adams (Tyler),Tyler Adams,Midfielder,BOU,0.01,0.00
2444637,Kluivert,Justin Kluivert,Midfielder,BOU,0.01,0.84
2444637,Semenyo,Antoine Semenyo,Midfielder,BOU,0.01,0.47
2444637,Evanilson,Francisco Evanilson de Lima Barbosa,Forward,BOU,0.12,0.07
2444637,Hill (James),James Hill,Defender,BOU,0.00,0.00
2444637,Zabarnyi,Illia Zabarnyi,Defender,BOU,0.02,0.00
2444637,Dango Ouattara,Dango Ouattara,Midfielder,BOU,0.26,0.00
2444637,Kerkez,Milos Kerkez,Defender,BOU,0.01,0.06
2444637,Huijsen,Dean Huijsen,Defender,BOU,0.02,0.11
2444637,Maguire,Harry Maguire,Defender,MUN,0.11,0.00
2444637,Bruno Fernandes,Bruno Miguel Borges Fernandes,Midfielder,MUN,0.40,0.50
2444637,Onana,André Onana,Goalkeeper,MUN,0.00,0.00
2444637,Dalot,José Diogo Dalot Teixeira,Defender,MUN,0.04,0.31
2444637,Martínez,Lisandro Martínez,Defender,MUN,0.10,0.14
2444637,Malacia,Tyrell Malacia,Defender,MUN,0.01,0.00
2444637,Mazraoui,Noussair Mazraoui,Defender,MUN,0.02,0.14
2444637,Ugarte,Manuel Ugarte,Midfielder,MUN,0.03,0.18
2444637,Zirkzee,Joshua Zirkzee,Forward,MUN,0.00,0.05
2444637,Garnacho,Alejandro Garnacho Ferreyra,Midfielder,MUN,0.22,0.17
2444637,Amad Diallo,Amad Diallo Traore,Midfielder,MUN,0.66,0.26
2444637,Højlund,Rasmus Højlund,Forward,MUN,0.17,0.08
2444637,Mainoo,Kobbie Mainoo,Midfielder,MUN,0.06,0.04
2444637,Yoro,Leny Yoro,Defender,MUN,0.00,0.43
2444638,van Dijk,Virgil van Dijk,Defender,LIV,0.00,0.00
2444638,Alisson,Alisson Ramses Becker,Goalkeeper,LIV,0.20,0.00
2444638,Salah,Mohamed Salah,Midfielder,LIV,0.14,2.38
2444638,Robertson,Andrew Robertson,Defender,LIV,0.13,0.00
2444638,Alexander-Arnold,Trent Alexander-Arnold,Defender,LIV,0.67,0.01
2444638,Gomez,Joseph Gomez,Defender,LIV,0.01,0.00
2444638,Diogo Jota,Diogo José Teixeira da Silva,Midfielder,LIV,0.02,0.12
2444638,Jones,Curtis Jones,Midfielder,LIV,0.00,0.00
2444638,Mac Allister,Alexis Mac Allister,Midfielder,LIV,0.50,0.44
2444638,Gakpo,Cody Gakpo,Forward,LIV,0.09,0.09
2444638,Díaz,Luis Díaz,Midfielder,LIV,0.25,1.13
2444638,Szoboszlai,Dominik Szoboszlai,Midfielder,LIV,0.52,2.11
2444638,Gravenberch,Ryan Gravenberch,Midfielder,LIV,0.02,0.00
2444638,Elliott,Harvey Elliott,Midfielder,LIV,0.00,0.00
2444638,Núñez,Darwin Núñez,Forward,LIV,0.00,0.00
2444638,Forster,Fraser Forster,Goalkeeper,TOT,0.00,0.00
2444638,Son,Heung-Min Son,Midfielder,TOT,0.09,0.03
2444638,Solanke,Dominic Solanke,Forward,TOT,0.17,0.48
2444638,Werner,Timo Werner,Midfielder,TOT,0.00,0.00
2444638,Maddison,James Maddison,Midfielder,TOT,0.02,0.09
2444638,Bissouma,Yves Bissouma,Midfielder,TOT,0.01,0.00
2444638,Spence,Djed Spence,Defender,TOT,0.01,0.00
2444638,Johnson (Brennan),Brennan Johnson,Midfielder,TOT,0.25,0.13
2444638,Porro,Pedro Porro,Defender,TOT,0.15,0.00
2444638,Kulusevski,Dejan Kulusevski,Midfielder,TOT,0.06,0.47
2444638,Sarr (Pape),Pape Sarr,Midfielder,TOT,0.01,0.08
2444638,Dragusin,Radu Dragusin,Defender,TOT,0.01,0.00
2444638,Gray (Archie),Archie Gray,Midfielder,TOT,0.00,0.00
2444638,Bergvall,Lucas Bergvall,Midfielder,TOT,0.04,0.00
2444639,Dunk,Lewis Dunk,Defender,BHA,0.01,0.09
2444639,Veltman,Joël Veltman,Defender,BHA,0.01,0.00
2444639,Estupiñán,Pervis Estupiñán,Defender,BHA,0.18,0.00
2444639,Lamptey,Tariq Lamptey,Defender,BHA,0.01,0.00
2444639,Mitoma,Kaoru Mitoma,Midfielder,BHA,0.02,0.08
2444639,Rutter,Georginio Rutter,Midfielder,BHA,0.00,0.02
2444639,Wieffer,Mats Wieffer,Midfielder,BHA,0.03,0.19
2444639,van Hecke,Jan-Paul van Hecke,Defender,BHA,0.03,0.00
2444639,Enciso,Julio Enciso,Midfielder,BHA,0.00,0.13
2444639,João Pedro,João Pedro Junqueira de Jesus,Forward,BHA,0.16,0.00
2444639,Ferguson,Evan Ferguson,Forward,BHA,0.12,0.18
2444639,Verbruggen,Bart Verbruggen,Goalkeeper,BHA,0.00,0.00
2444639,Ayari,Yasin Ayari,Midfielder,BHA,0.01,0.26
2444639,Gruda,Brajan Gruda,Midfielder,BHA,0.07,0.00
2444639,Baleba,Carlos Baleba,Midfielder,BHA,0.16,0.00
2444639,Minteh,Yankuba Minteh,Midfielder,BHA,0.17,0.00
2444639,Fabianski,Lukasz Fabianski,Goalkeeper,WHU,0.00,0.00
2444639,Füllkrug,Niclas Füllkrug,Forward,WHU,0.00,0.02
2444639,Emerson,Emerson Palmieri dos Santos,Defender,WHU,0.14,0.00
2444639,Coufal,Vladimir Coufal,Defender,WHU,0.02,0.00
2444639,Bowen,Jarrod Bowen,Midfielder,WHU,0.03,0.56
2444639,Rodríguez,Guido Rodríguez,Midfielder,WHU,0.00,0.00
2444639,Álvarez (Edson),Edson Álvarez,Midfielder,WHU,0.01,0.08
2444639,Kilman,Max Kilman,Defender,WHU,0.46,0.00
2444639,Wan-Bissaka,Aaron Wan-Bissaka,Defender,WHU,0.01,0.00
2444639,Soucek,Tomas Soucek,Midfielder,WHU,0.01,0.12
2444639,Lucas Paquetá,Lucas Tolentino Coelho de Lima,Midfielder,WHU,0.00,0.12
2444639,Mavropanos,Konstantinos Mavropanos,Defender,WHU,0.01,0.00
2444639,Summerville,Crysencio Summerville,Midfielder,WHU,0.00,0.19
2444639,Kudus,Mohammed Kudus,Midfielder,WHU,0.01,0.23
2444639,Todibo,Jean-Clair Todibo,Defender,WHU,0.00,0.00
2444639,Scarles,Oliver Scarles,Defender,WHU,0.00,0.00
2444640,Kepa,Kepa Arrizabalaga Revuelta,Goalkeeper,BOU,0.00,0.00
2444640,Brooks,David Brooks,Midfielder,BOU,0.00,0.00
2444640,Cook,Lewis Cook,Midfielder,BOU,0.09,0.00
2444640,Christie,Ryan Christie,Midfielder,BOU,0.03,0.00
2444640,Unal,Enes Unal,Forward,BOU,0.08,0.42
2444640,Billing,Philip Billing,Midfielder,BOU,0.01,0.01
2444640,Adams (Tyler),Tyler Adams,Midfielder,BOU,0.01,0.00
2444640,Kluivert,Justin Kluivert,Midfielder,BOU,0.05,0.11
2444640,Aarons,Maximillian Aarons,Defender,BOU,0.00,0.00
2444640,Semenyo,Antoine Semenyo,Midfielder,BOU,0.06,0.37
2444640,Evanilson,Francisco Evanilson de Lima Barbosa,Forward,BOU,0.00,0.10
2444640,Zabarnyi,Illia Zabarnyi,Defender,BOU,0.16,0.00
2444640,Dango Ouattara,Dango Ouattara,Midfielder,BOU,0.07,0.39
2444640,Kerkez,Milos Kerkez,Defender,BOU,0.08,0.07
2444640,Huijsen,Dean Huijsen,Defender,BOU,0.02,0.00
2444640,Hughes,Will Hughes,Midfielder,CRY,0.02,0.00
2444640,Lerma,Jefferson Lerma,Midfielder,CRY,0.12,0.01
2444640,Henderson,Dean Henderson,Goalkeeper,CRY,0.00,0.00
2444640,Chalobah,Trevoh Chalobah,Defender,CRY,0.01,0.10
2444640,Marc Guehi,Addji Keaninkin Marc-Israel Guehi,Defender,CRY,0.01,0.00
2444640,Kamada,Daichi Kamada,Midfielder,CRY,0.04,0.00
2444640,Mateta,Jean-Philippe Mateta,Forward,CRY,0.01,0.03
2444640,Ismaila Sarr,Ismaila Sarr,Midfielder,CRY,0.01,0.03
2444640,Eze,Eberechi Eze,Midfielder,CRY,0.20,0.16
2444640,Mitchell,Tyrick Mitchell,Defender,CRY,0.04,0.00
2444640,Muñoz,Daniel Muñoz,Defender,CRY,0.07,0.12
2444640,Lacroix,Maxence Lacroix,Defender,CRY,0.01,0.00
2444640,Doucoure,Cheick Oumar Doucoure,Midfielder,CRY,0.04,0.00
2444640,Devenny,Justin Devenny,Midfielder,CRY,0.00,0.00
2444641,Trossard,Leandro Trossard,Midfielder,ARS,0.50,0.15
2444641,Raya Martin,David Raya Martin,Goalkeeper,ARS,0.00,0.00
2444641,Partey,Thomas Partey,Midfielder,ARS,0.00,0.00
2444641,Odegaard,Martin Odegaard,Midfielder,ARS,0.12,0.25
2444641,Merino,Mikel Merino,Midfielder,ARS,0.01,0.04
2444641,Rice,Declan Rice,Midfielder,ARS,0.31,0.11
2444641,Jesus,Gabriel Fernando de Jesus,Forward,ARS,0.10,0.00
2444641,Havertz,Kai Havertz,Forward,ARS,0.08,1.03
2444641,Gabriel Magalhães,Gabriel dos Santos Magalhães,Defender,ARS,0.05,0.24
2444641,Martinelli,Gabriel Teodoro Martinelli Silva,Midfielder,ARS,0.07,0.00
2444641,Jurriën Timber,Jurriën Timber,Defender,ARS,0.03,0.04
2444641,Saliba,William Saliba,Defender,ARS,0.02,0.00
2444641,Lewis-Skelly,Myles Lewis-Skelly,Midfielder,ARS,0.05,0.00
2444641,Phillips (Kalvin),Kalvin Phillips,Midfielder,IPS,0.02,0.01
2444641,Szmodics,Sammie Szmodics,Midfielder,IPS,0.00,0.00
2444641,Broadhead,Nathan Broadhead,Midfielder,IPS,0.01,0.12
2444641,O'Shea,Dara O'Shea,Defender,IPS,0.01,0.00
2444641,Woolfenden,Luke Woolfenden,Defender,IPS,0.01,0.00
2444641,Johnson (Ben),Ben Johnson,Defender,IPS,0.00,0.00
2444641,Taylor (Jack),Jack Taylor,Midfielder,IPS,0.01,0.02
2444641,Harry Clarke,Harrison Clarke,Defender,IPS,0.00,0.00
2444641,Muric,Arijanet Muric,Goalkeeper,IPS,0.00,0.00
2444641,Clarke (Jack),Jack Clarke,Midfielder,IPS,0.01,0.00
2444641,Greaves,Jacob Greaves,Defender,IPS,0.01,0.00
2444641,Cajuste,Jens Cajuste,Midfielder,IPS,0.01,0.00
2444641,Davis,Leif Davis,Defender,IPS,0.01,0.00
2444641,Ali Al Hamadi,Ali Ibrahim Karim Al Hamadi,Forward,IPS,0.00,0.00
2444641,Delap,Liam Delap,Forward,IPS,0.00,0.00
2444641,Hutchinson,Omari Hutchinson,Midfielder,IPS,0.02,0.00
2444642,Mee (Ben),Ben Mee,Defender,BRE,0.00,0.00
2444642,Flekken,Mark Flekken,Goalkeeper,BRE,0.01,0.00
2444642,Norgaard,Christian Norgaard,Midfielder,BRE,0.00,0.04
2444642,Janelt,Vitaly Janelt,Midfielder,BRE,0.24,0.00
2444642,Wissa,Yoane Wissa,Forward,BRE,0.01,0.36
2444642,Roerslev,Mads Roerslev,Defender,BRE,0.02,0.00
2444642,Lewis-Potter,Keane Lewis-Potter,Midfielder,BRE,0.01,0.47
2444642,Collins,Nathan Collins,Defender,BRE,0.01,0.12
2444642,Damsgaard,Mikkel Damsgaard,Midfielder,BRE,0.45,0.04
2444642,Mbeumo,Bryan Mbeumo,Midfielder,BRE,0.07,0.04
2444642,Valdimarsson,Hákon Valdimarsson,Goalkeeper,BRE,0.00,0.00
2444642,Yarmolyuk,Ehor Yarmolyuk,Midfielder,BRE,0.01,0.00
2444642,Schade,Kevin Schade,Midfielder,BRE,0.01,0.00
2444642,Kim Ji-Soo,Ji-Soo Kim,Defender,BRE,0.00,0.00
2444642,Dunk,Lewis Dunk,Defender,BHA,0.05,0.02
2444642,March,Solomon March,Midfielder,BHA,0.00,0.06
2444642,Veltman,Joël Veltman,Defender,BHA,0.03,0.06
2444642,Estupiñán,Pervis Estupiñán,Defender,BHA,0.03,0.00
2444642,O’Riley,Matt O’Riley,Midfielder,BHA,0.17,0.23
2444642,Mitoma,Kaoru Mitoma,Midfielder,BHA,0.21,0.06
2444642,Rutter,Georginio Rutter,Midfielder,BHA,0.00,0.07
2444642,van Hecke,Jan-Paul van Hecke,Defender,BHA,0.05,0.00
2444642,Enciso,Julio Enciso,Midfielder,BHA,0.05,0.50
2444642,João Pedro,João Pedro Junqueira de Jesus,Forward,BHA,0.08,0.10
2444642,Verbruggen,Bart Verbruggen,Goalkeeper,BHA,0.00,0.00
2444642,Ayari,Yasin Ayari,Midfielder,BHA,0.00,0.10
2444642,Gruda,Brajan Gruda,Midfielder,BHA,0.26,0.08
2444642,Baleba,Carlos Baleba,Midfielder,BHA,0.04,0.04
2444642,Adingra,Simon Adingra,Midfielder,BHA,0.03,0.00
2444642,Minteh,Yankuba Minteh,Midfielder,BHA,0.21,0.00
2444643,Tosin,Oluwatosin Adarabioyo,Defender,CHE,0.01,0.00
2444643,Cucurella,Marc Cucurella,Defender,CHE,0.02,0.19
2444643,Sancho,Jadon Sancho,Midfielder,CHE,0.08,0.22
2444643,Nkunku,Christopher Nkunku,Midfielder,CHE,0.00,0.27
2444643,Sanchez,Robert Sanchez,Goalkeeper,CHE,0.00,0.00
2444643,Palmer (Cole),Cole Palmer,Midfielder,CHE,0.20,0.28
2444643,Neto,Pedro Neto,Midfielder,CHE,0.10,0.03
2444643,Fernández,Enzo Fernández,Midfielder,CHE,0.18,0.07
2444643,Colwill,Levi Colwill,Defender,CHE,0.02,0.00
2444643,Gusto,Malo Gusto,Defender,CHE,0.01,0.00
2444643,Moises Caicedo,Moises Caicedo,Midfielder,CHE,0.02,0.00
2444643,Jackson (Nicolas),Nicolas Jackson,Forward,CHE,0.13,0.07
2444643,Cairney,Tom Cairney,Midfielder,FUL,0.00,0.00
2444643,Leno,Bernd Leno,Goalkeeper,FUL,0.00,0.00
2444643,Raúl Jiménez,Raul Alonso Jimenez Rodriguez,Forward,FUL,0.00,0.21
2444643,Iwobi,Alex Iwobi,Midfielder,FUL,0.03,0.03
2444643,Wilson (Harry),Harry Wilson,Midfielder,FUL,0.00,0.67
2444643,Pereira,Andreas Pereira,Midfielder,FUL,0.04,0.06
2444643,Traoré (Adama),Adama Traoré,Midfielder,FUL,0.06,0.00
2444643,Castagne,Timothy Castagne,Defender,FUL,0.01,0.02
2444643,Robinson (Antonee),Antonee Robinson,Defender,FUL,0.14,0.21
2444643,Andersen,Joachim Andersen,Defender,FUL,0.01,0.00
2444643,Sessegnon (Ryan),Kouassi Ryan Sessegnon,Defender,FUL,0.00,0.00
2444643,Lukic,Sasa Lukic,Midfielder,FUL,0.10,0.00
2444643,Diop,Issa Diop,Defender,FUL,0.00,0.00
2444643,Bassey,Calvin Bassey,Defender,FUL,0.01,0.11
2444643,Rodrigo Muniz,Rodrigo Muniz Carvalho,Forward,FUL,0.00,0.47
2444644,Ayew,Jordan Ayew,Midfielder,LEI,0.04,0.24
2444644,Vestergaard,Jannik Vestergaard,Defender,LEI,0.01,0.00
2444644,Coady,Conor Coady,Defender,LEI,0.00,0.00
2444644,DeCordova-Reid,Bobby DeCordova-Reid,Midfielder,LEI,0.00,0.00
2444644,Mavididi,Stephy Mavididi,Midfielder,LEI,0.12,0.00
2444644,Winks,Harry Winks,Midfielder,LEI,0.00,0.00
2444644,Skipp,Oliver Skipp,Midfielder,LEI,0.00,0.00
2444644,Justin,James Justin,Defender,LEI,0.00,0.06
2444644,Soumaré,Boubakary Soumaré,Midfielder,LEI,0.00,0.00
2444644,Daka,Patson Daka,Forward,LEI,0.00,0.00
2444644,Stolarczyk,Jakub Stolarczyk,Goalkeeper,LEI,0.00,0.00
2444644,Okoli,Caleb Okoli,Defender,LEI,0.00,0.00
2444644,Kristiansen,Victor Kristiansen,Defender,LEI,0.02,0.00
2444644,El Khannouss,Bilal El Khannouss,Midfielder,LEI,0.00,0.04
2444644,Buonanotte,Facundo Buonanotte,Midfielder,LEI,0.00,0.00
2444644,van Dijk,Virgil van Dijk,Defender,LIV,0.03,0.00
2444644,Alisson,Alisson Ramses Becker,Goalkeeper,LIV,0.00,0.00
2444644,Salah,Mohamed Salah,Midfielder,LIV,0.40,0.63
2444644,Robertson,Andrew Robertson,Defender,LIV,0.25,0.04
2444644,Endo,Wataru Endo,Midfielder,LIV,0.00,0.00
2444644,Alexander-Arnold,Trent Alexander-Arnold,Defender,LIV,0.46,0.10
2444644,Gomez,Joseph Gomez,Defender,LIV,0.05,0.00
2444644,Diogo Jota,Diogo José Teixeira da Silva,Midfielder,LIV,0.02,0.00
2444644,Jones,Curtis Jones,Midfielder,LIV,0.10,0.76
2444644,Tsimikas,Konstantinos Tsimikas,Defender,LIV,0.14,0.00
2444644,Mac Allister,Alexis Mac Allister,Midfielder,LIV,0.56,0.02
2444644,Gakpo,Cody Gakpo,Forward,LIV,0.63,0.11
2444644,Szoboszlai,Dominik Szoboszlai,Midfielder,LIV,0.03,0.00
2444644,Gravenberch,Ryan Gravenberch,Midfielder,LIV,0.29,0.00
2444644,Elliott,Harvey Elliott,Midfielder,LIV,0.06,0.00
2444644,Núñez,Darwin Núñez,Forward,LIV,0.03,0.25
2444645,Tarkowski,James Tarkowski,Defender,EVE,0.00,0.00
2444645,Coleman,Seamus Coleman,Defender,EVE,0.00,0.00
2444645,Gueye,Idrissa Gueye,Midfielder,EVE,0.01,0.02
2444645,Pickford,Jordan Pickford,Goalkeeper,EVE,0.00,0.00
2444645,Doucouré,Abdoulaye Doucouré,Midfielder,EVE,0.01,0.04
2444645,Calvert-Lewin,Dominic Calvert-Lewin,Forward,EVE,0.01,0.19
2444645,Mangala,Orel Mangala,Midfielder,EVE,0.01,0.07
2444645,Harrison (Jack),Jack Harrison,Midfielder,EVE,0.20,0.08
2444645,Mykolenko,Vitaliy Mykolenko,Defender,EVE,0.01,0.00
2444645,Patterson (Nathan),Nathan Patterson,Defender,EVE,0.00,0.00
2444645,Broja,Armando Broja,Forward,EVE,0.01,0.00
2444645,Ndiaye,Iliman Ndiaye,Forward,EVE,0.01,0.24
2444645,Lindstrom,Jesper Lindstrom,Midfielder,EVE,0.03,0.00
2444645,Branthwaite,Jarrad Branthwaite,Defender,EVE,0.00,0.01
2444645,Gundogan,Ilkay Gundogan,Midfielder,MCI,0.62,0.00
2444645,De Bruyne,Kevin De Bruyne,Midfielder,MCI,0.13,0.00
2444645,Ortega Moreno,Stefan Ortega Moreno,Goalkeeper,MCI,0.00,0.00
2444645,Kovacic,Mateo Kovacic,Midfielder,MCI,0.11,0.07
2444645,Aké,Nathan Aké,Defender,MCI,0.03,0.11
2444645,Bernardo Silva,Bernardo Mota Veiga de Carvalho e Silva,Midfielder,MCI,0.04,0.27
2444645,Foden,Phil Foden,Midfielder,MCI,0.71,0.14
2444645,Akanji,Manuel Akanji,Defender,MCI,0.02,0.00
2444645,Haaland,Erling Haaland,Forward,MCI,0.05,0.82
2444645,Doku,Jéremy Doku,Midfielder,MCI,0.09,0.00
2444645,Lewis (Rico),Rico Lewis,Defender,MCI,0.08,0.05
2444645,Gvardiol,Joško Gvardiol,Defender,MCI,0.06,0.67
2444645,Savinho,Sávio Moreira de Oliveira,Midfielder,MCI,0.34,0.22
2444645,Simpson-Pusey,Jahmai Simpson-Pusey,Defender,MCI,0.00,0.00
2444646,Barkley,Ross Barkley,Midfielder,AVL,0.01,0.00
2444646,Martinez,Emiliano Martinez,Goalkeeper,AVL,0.00,0.00
2444646,Digne,Lucas Digne,Defender,AVL,0.33,0.05
2444646,McGinn,John McGinn,Midfielder,AVL,0.01,0.00
2444646,Tielemans,Youri Tielemans,Midfielder,AVL,0.02,0.00
2444646,Watkins,Ollie Watkins,Forward,AVL,0.00,0.00
2444646,Buendía,Emiliano Buendía,Midfielder,AVL,0.00,0.00
2444646,Cash,Matthew Cash,Defender,AVL,0.01,0.05
2444646,Konsa Ngoyo,Ezri Konsa Ngoyo,Defender,AVL,0.01,0.00
2444646,Bailey,Leon Bailey,Midfielder,AVL,0.00,0.00
2444646,Kamara,Boubacar Kamara,Midfielder,AVL,0.01,0.07
2444646,Rogers,Morgan Rogers,Midfielder,AVL,0.00,0.00
2444646,Torres,Pau Torres,Defender,AVL,0.01,0.19
2444646,Mvom Onana,Amadou Mvom Onana,Midfielder,AVL,0.01,0.00
2444646,Durán,Jhon Durán,Forward,AVL,0.00,0.00
2444646,Nedeljkovic,Kosta Nedeljkovic,Defender,AVL,0.00,0.00
2444646,Dubravka,Martin Dubravka,Goalkeeper,NEW,0.00,0.00
2444646,Trippier,Kieran Trippier,Defender,NEW,0.03,0.00
2444646,Burn,Dan Burn,Defender,NEW,0.34,0.00
2444646,Murphy (Jacob),Jacob Murphy,Midfielder,NEW,0.61,0.58
2444646,Schär,Fabian Schär,Defender,NEW,0.09,0.10
2444646,Targett,Matt Targett,Defender,NEW,0.00,0.00
2444646,Joelinton,Joelinton Cássio Apolinário de Lira,Midfielder,NEW,0.04,0.35
2444646,Willock,Joseph Willock,Midfielder,NEW,0.01,0.00
2444646,Barnes,Harvey Barnes,Midfielder,NEW,0.01,0.13
2444646,Bruno Guimarães,Bruno Guimarães Rodriguez Moura,Midfielder,NEW,0.40,0.20
2444646,Isak,Alexander Isak,Forward,NEW,0.11,0.93
2444646,Gordon (Anthony),Anthony Gordon,Midfielder,NEW,0.18,0.11
2444646,Tonali,Sandro Tonali,Midfielder,NEW,0.14,0.37
2444646,Lewis Hall,Lewis Hall,Defender,NEW,0.59,0.00
2444646,Osula,William Osula,Forward,NEW,0.00,0.00
2444646,Miley (Lewis),Lewis Miley,Midfielder,NEW,0.00,0.00
2444647,Wood (Chris),Chris Wood,Forward,NFO,0.02,0.00
2444647,Sels,Matz Sels,Goalkeeper,NFO,0.00,0.00
2444647,Ward-Prowse,James Ward-Prowse,Midfielder,NFO,0.00,0.00
2444647,Aina,Ola Aina,Defender,NFO,0.01,0.24
2444647,Yates,Ryan Yates,Midfielder,NFO,0.00,0.00
2444647,Hudson-Odoi,Callum Hudson-Odoi,Midfielder,NFO,0.03,0.05
2444647,Awoniyi,Taiwo Awoniyi,Forward,NFO,0.00,0.03
2444647,Williams (Neco),Neco Williams,Defender,NFO,0.01,0.04
2444647,Anderson,Elliot Anderson,Midfielder,NFO,0.19,0.06
2444647,Gibbs-White,Morgan Gibbs-White,Midfielder,NFO,0.30,0.15
2444647,Milenkovic,Nikola Milenkovic,Defender,NFO,0.00,0.20
2444647,Elanga,Anthony Elanga,Midfielder,NFO,0.02,0.35
2444647,Morato,Felipe Rodrigues da Silva,Defender,NFO,0.00,0.00
2444647,Sosa,Ramón Sosa,Midfielder,NFO,0.00,0.00
2444647,Jota Silva,João Pedro Ferreira da Silva,Midfielder,NFO,0.00,0.00
2444647,Murillo,Murillo Santiago Costa dos Santos,Defender,NFO,0.00,0.00
2444647,Forster,Fraser Forster,Goalkeeper,TOT,0.00,0.00
2444647,Son,Heung-Min Son,Midfielder,TOT,0.08,0.20
2444647,Solanke,Dominic Solanke,Forward,TOT,0.07,0.12
2444647,Werner,Timo Werner,Midfielder,TOT,0.01,0.00
2444647,Maddison,James Maddison,Midfielder,TOT,0.03,0.09
2444647,Bentancur,Rodrigo Bentancur,Midfielder,TOT,0.03,0.00
2444647,Bissouma,Yves Bissouma,Midfielder,TOT,0.01,0.00
2444647,Spence,Djed Spence,Defender,TOT,0.16,0.03
2444647,Johnson (Brennan),Brennan Johnson,Midfielder,TOT,0.05,0.39
2444647,Porro,Pedro Porro,Defender,TOT,0.06,0.00
2444647,Kulusevski,Dejan Kulusevski,Midfielder,TOT,0.09,0.02
2444647,Sarr (Pape),Pape Sarr,Midfielder,TOT,0.03,0.06
2444647,Destiny Udogie,Iyenoma Destiny Udogie,Defender,TOT,0.02,0.00
2444647,Dragusin,Radu Dragusin,Defender,TOT,0.02,0.00
2444647,Gray (Archie),Archie Gray,Midfielder,TOT,0.01,0.00
2444647,Bergvall,Lucas Bergvall,Midfielder,TOT,0.01,0.00
2444648,Lallana,Adam Lallana,Midfielder,SOU,0.04,0.00
2444648,Paul Onuachu,Ebere Paul Onuachu,Forward,SOU,0.04,0.84
2444648,Armstrong (Adam),Adam Armstrong,Forward,SOU,0.08,0.04
2444648,Walker-Peters,Kyle Walker-Peters,Defender,SOU,0.56,0.05
2444648,Bednarek,Jan Bednarek,Defender,SOU,0.00,0.00
2444648,Bree,James Bree,Defender,SOU,0.01,0.00
2444648,Aribo,Joe Aribo,Midfielder,SOU,0.01,0.00
2444648,Manning,Ryan Manning,Defender,SOU,0.10,0.00
2444648,Sugawara,Yukinari Sugawara,Defender,SOU,0.10,0.04
2444648,Downes,Flynn Downes,Midfielder,SOU,0.00,0.01
2444648,Ramsdale,Aaron Ramsdale,Goalkeeper,SOU,0.00,0.00
2444648,Wood (Nathan),Nathan Wood,Defender,SOU,0.01,0.05
2444648,Harwood-Bellis,Taylor Harwood-Bellis,Defender,SOU,0.13,0.00
2444648,Dibling,Tyler Dibling,Midfielder,SOU,0.01,0.10
2444648,Ugochukwu,Lesley Ugochukwu,Midfielder,SOU,0.03,0.07
2444648,Sulemana,Kamaldeen Sulemana,Midfielder,SOU,0.03,0.00
2444648,Mateus Fernandes,Mateus Gonçalo Espanha Fernandes,Midfielder,SOU,0.33,0.21
2444648,Fabianski,Lukasz Fabianski,Goalkeeper,WHU,0.00,0.00
2444648,Cresswell,Aaron Cresswell,Defender,WHU,0.03,0.00
2444648,Areola,Alphonse Areola,Goalkeeper,WHU,0.00,0.00
2444648,Füllkrug,Niclas Füllkrug,Forward,WHU,0.01,0.13
2444648,Emerson,Emerson Palmieri dos Santos,Defender,WHU,0.05,0.07
2444648,Coufal,Vladimir Coufal,Defender,WHU,0.00,0.00
2444648,Bowen,Jarrod Bowen,Midfielder,WHU,0.06,0.88
2444648,Rodríguez,Guido Rodríguez,Midfielder,WHU,0.00,0.08
2444648,Álvarez (Edson),Edson Álvarez,Midfielder,WHU,0.01,0.00
2444648,Kilman,Max Kilman,Defender,WHU,0.00,0.00
2444648,Wan-Bissaka,Aaron Wan-Bissaka,Defender,WHU,0.21,0.13
2444648,Soucek,Tomas Soucek,Midfielder,WHU,0.18,0.00
2444648,Soler (Carlos),Carlos Soler,Midfielder,WHU,0.01,0.32
2444648,Mavropanos,Konstantinos Mavropanos,Defender,WHU,0.00,0.00
2444648,Summerville,Crysencio Summerville,Midfielder,WHU,0.01,0.04
2444648,Kudus,Mohammed Kudus,Midfielder,WHU,0.10,0.17
2444648,Todibo,Jean-Clair Todibo,Defender,WHU,0.00,0.00
2444649,Casemiro,Carlos Henrique Jose Francisco Venancio,Midfielder,MUN,0.12,0.01
2444649,Eriksen,Christian Eriksen,Midfielder,MUN,0.02,0.00
2444649,Maguire,Harry Maguire,Defender,MUN,0.01,0.08
2444649,Bruno Fernandes,Bruno Miguel Borges Fernandes,Midfielder,MUN,0.04,0.05
2444649,Onana,André Onana,Goalkeeper,MUN,0.00,0.00
2444649,Dalot,José Diogo Dalot Teixeira,Defender,MUN,0.07,0.07
2444649,Martínez,Lisandro Martínez,Defender,MUN,0.02,0.05
2444649,Mazraoui,Noussair Mazraoui,Defender,MUN,0.03,0.02
2444649,Ugarte,Manuel Ugarte,Midfielder,MUN,0.01,0.04
2444649,Zirkzee,Joshua Zirkzee,Forward,MUN,0.00,0.00
2444649,Antony,Antony Matheus dos Santos,Midfielder,MUN,0.05,0.03
2444649,Garnacho,Alejandro Garnacho Ferreyra,Midfielder,MUN,0.00,0.05
2444649,Amad Diallo,Amad Diallo Traore,Midfielder,MUN,0.01,0.05
2444649,Højlund,Rasmus Højlund,Forward,MUN,0.02,0.00
2444649,Mainoo,Kobbie Mainoo,Midfielder,MUN,0.03,0.00
2444649,Yoro,Leny Yoro,Defender,MUN,0.00,0.00
2444649,Dawson,Craig Dawson,Defender,WOL,0.00,0.00
2444649,Doherty,Matt Doherty,Defender,WOL,0.04,0.00
2444649,José Sá,José Pedro Malheiro de Sá,Goalkeeper,WOL,0.00,0.00
2444649,Gonçalo Guedes,Gonçalo Manuel Ganchinho Guedes,Midfielder,WOL,0.03,0.04
2444649,Hwang Hee-Chan,Hee-Chan Hwang,Midfielder,WOL,0.00,0.55
2444649,Semedo,Nelson Semedo,Defender,WOL,0.10,0.01
2444649,Doyle (Tommy),Tommy Doyle,Midfielder,WOL,0.01,0.00
2444649,Bellegarde,Jean-Ricner Bellegarde,Midfielder,WOL,0.00,0.00
2444649,Bueno (Santiago),Santiago Bueno,Defender,WOL,0.00,0.00
2444649,Strand Larsen,Jørgen Strand Larsen,Forward,WOL,0.00,0.15
2444649,Matheus Cunha,Matheus Santos Carneiro Da Cunha,Forward,WOL,0.37,0.04
2444649,João Gomes,João Victor Gomes da Silva,Midfielder,WOL,0.01,0.00
2444649,Ait Nouri,Rayan Ait Nouri,Defender,WOL,0.03,0.07
2444649,Rodrigo Gomes,Rodrigo Martins Gomes,Midfielder,WOL,0.00,0.00
2444649,André,André Trindade da Costa Neto,Midfielder,WOL,0.02,0.00
2444649,Toti,Toti António Gomes,Defender,WOL,0.01,0.00
2444650,Barkley,Ross Barkley,Midfielder,AVL,0.01,0.00
2444650,Martinez,Emiliano Martinez,Goalkeeper,AVL,0.00,0.00
2444650,Digne,Lucas Digne,Defender,AVL,0.14,0.00
2444650,McGinn,John McGinn,Midfielder,AVL,0.07,0.00
2444650,Mings,Tyrone Mings,Defender,AVL,0.02,0.05
2444650,Diego Carlos,Diego Carlos Santos Silva,Defender,AVL,0.00,0.00
2444650,Tielemans,Youri Tielemans,Midfielder,AVL,0.05,0.10
2444650,Watkins,Ollie Watkins,Forward,AVL,0.15,1.07
2444650,Konsa Ngoyo,Ezri Konsa Ngoyo,Defender,AVL,0.01,0.00
2444650,Bailey,Leon Bailey,Midfielder,AVL,0.35,0.41
2444650,Kamara,Boubacar Kamara,Midfielder,AVL,0.04,0.03
2444650,Ramsey (Jacob),Jacob Ramsey,Midfielder,AVL,0.01,0.00
2444650,Rogers,Morgan Rogers,Midfielder,AVL,0.17,0.12
2444650,Torres,Pau Torres,Defender,AVL,0.00,0.00
2444650,Maatsen,Ian Maatsen,Defender,AVL,0.00,0.00
2444650,Mvom Onana,Amadou Mvom Onana,Midfielder,AVL,0.00,0.00
2444650,Dunk,Lewis Dunk,Defender,BHA,0.01,0.00
2444650,O’Riley,Matt O’Riley,Midfielder,BHA,0.07,0.19
2444650,Igor Julio,Igor Julio dos Santos de Paulo,Defender,BHA,0.00,0.00
2444650,Lamptey,Tariq Lamptey,Defender,BHA,0.01,0.15
2444650,Moder,Jakub Moder,Midfielder,BHA,0.53,0.00
2444650,Mitoma,Kaoru Mitoma,Midfielder,BHA,0.05,0.00
2444650,Rutter,Georginio Rutter,Midfielder,BHA,0.01,0.11
2444650,van Hecke,Jan-Paul van Hecke,Defender,BHA,0.00,0.04
2444650,Enciso,Julio Enciso,Midfielder,BHA,0.00,0.03
2444650,João Pedro,João Pedro Junqueira de Jesus,Forward,BHA,0.12,0.18
2444650,Verbruggen,Bart Verbruggen,Goalkeeper,BHA,0.00,0.00
2444650,Ayari,Yasin Ayari,Midfielder,BHA,0.01,0.00
2444650,Gruda,Brajan Gruda,Midfielder,BHA,0.06,0.00
2444650,Baleba,Carlos Baleba,Midfielder,BHA,0.01,0.06
2444650,Adingra,Simon Adingra,Midfielder,BHA,0.00,0.31
2444650,Minteh,Yankuba Minteh,Midfielder,BHA,0.01,0.05
2444651,Jorginho,Jorge Luiz Frello Filho,Midfielder,ARS,0.00,0.00
2444651,Trossard,Leandro Trossard,Midfielder,ARS,0.00,0.00
2444651,Raya Martin,David Raya Martin,Goalkeeper,ARS,0.00,0.00
2444651,Partey,Thomas Partey,Midfielder,ARS,0.06,0.08
2444651,Odegaard,Martin Odegaard,Midfielder,ARS,0.16,0.03
2444651,Merino,Mikel Merino,Midfielder,ARS,0.10,0.56
2444651,Rice,Declan Rice,Midfielder,ARS,0.00,0.00
2444651,Jesus,Gabriel Fernando de Jesus,Forward,ARS,0.14,0.78
2444651,Zinchenko,Oleksandr Zinchenko,Defender,ARS,0.00,0.00
2444651,Gabriel Magalhães,Gabriel dos Santos Magalhães,Defender,ARS,0.31,0.00
2444651,Martinelli,Gabriel Teodoro Martinelli Silva,Midfielder,ARS,0.33,0.39
2444651,Jurriën Timber,Jurriën Timber,Defender,ARS,0.11,0.00
2444651,Saliba,William Saliba,Defender,ARS,0.08,0.00
2444651,Calafiori,Riccardo Calafiori,Defender,ARS,0.10,0.02
2444651,Lewis-Skelly,Myles Lewis-Skelly,Midfielder,ARS,0.00,0.00
2444651,Nwaneri,Ethan Nwaneri,Midfielder,ARS,0.11,0.06
2444651,Flekken,Mark Flekken,Goalkeeper,BRE,0.00,0.00
2444651,Norgaard,Christian Norgaard,Midfielder,BRE,0.01,0.00
2444651,Janelt,Vitaly Janelt,Midfielder,BRE,0.02,0.00
2444651,Jensen,Mathias Jensen,Midfielder,BRE,0.01,0.00
2444651,Wissa,Yoane Wissa,Forward,BRE,0.01,0.18
2444651,Maghoma,Paris Maghoma,Midfielder,BRE,0.00,0.00
2444651,Roerslev,Mads Roerslev,Defender,BRE,0.01,0.00
2444651,Lewis-Potter,Keane Lewis-Potter,Midfielder,BRE,0.40,0.07
2444651,Collins,Nathan Collins,Defender,BRE,0.01,0.00
2444651,Damsgaard,Mikkel Damsgaard,Midfielder,BRE,0.01,0.00
2444651,van den Berg,Sepp van den Berg,Defender,BRE,0.00,0.00
2444651,Mbeumo,Bryan Mbeumo,Midfielder,BRE,0.03,0.07
2444651,Yarmolyuk,Ehor Yarmolyuk,Midfielder,BRE,0.02,0.00
2444651,Schade,Kevin Schade,Midfielder,BRE,0.00,0.00
2444651,Kim Ji-Soo,Ji-Soo Kim,Defender,BRE,0.00,0.00
2444652,Hughes,Will Hughes,Midfielder,CRY,0.29,0.00
2444652,Lerma,Jefferson Lerma,Midfielder,CRY,0.08,0.14
2444652,Henderson,Dean Henderson,Goalkeeper,CRY,0.01,0.00
2444652,Chalobah,Trevoh Chalobah,Defender,CRY,0.01,0.24
2444652,Eddie Nketiah,Edward Nketiah,Forward,CRY,0.00,0.00
2444652,Kamada,Daichi Kamada,Midfielder,CRY,0.01,0.04
2444652,Mateta,Jean-Philippe Mateta,Forward,CRY,0.12,0.31
2444652,Ismaila Sarr,Ismaila Sarr,Midfielder,CRY,0.60,0.35
2444652,Eze,Eberechi Eze,Midfielder,CRY,0.08,0.39
2444652,Mitchell,Tyrick Mitchell,Defender,CRY,0.60,0.00
2444652,Muñoz,Daniel Muñoz,Defender,CRY,0.09,0.51
2444652,Richards (Chris),Chris Richards,Defender,CRY,0.00,0.00
2444652,Lacroix,Maxence Lacroix,Defender,CRY,0.01,0.04
2444652,Doucoure,Cheick Oumar Doucoure,Midfielder,CRY,0.00,0.00
2444652,Lallana,Adam Lallana,Midfielder,SOU,0.00,0.00
2444652,Paul Onuachu,Ebere Paul Onuachu,Forward,SOU,0.00,0.02
2444652,Armstrong (Adam),Adam Armstrong,Forward,SOU,0.01,0.11
2444652,Walker-Peters,Kyle Walker-Peters,Defender,SOU,0.14,0.00
2444652,Bednarek,Jan Bednarek,Defender,SOU,0.00,0.00
2444652,Bree,James Bree,Defender,SOU,0.09,0.04
2444652,Aribo,Joe Aribo,Midfielder,SOU,0.01,0.00
2444652,Manning,Ryan Manning,Defender,SOU,0.00,0.00
2444652,Ramsdale,Aaron Ramsdale,Goalkeeper,SOU,0.01,0.00
2444652,Wood (Nathan),Nathan Wood,Defender,SOU,0.00,0.00
2444652,Harwood-Bellis,Taylor Harwood-Bellis,Defender,SOU,0.02,0.02
2444652,Archer,Cameron Archer,Forward,SOU,0.00,0.00
2444652,Dibling,Tyler Dibling,Midfielder,SOU,0.02,0.64
2444652,Ugochukwu,Lesley Ugochukwu,Midfielder,SOU,0.01,0.00
2444652,Sulemana,Kamaldeen Sulemana,Midfielder,SOU,0.00,0.00
2444652,Mateus Fernandes,Mateus Gonçalo Espanha Fernandes,Midfielder,SOU,0.10,0.13
2444653,Tarkowski,James Tarkowski,Defender,EVE,0.13,0.00
2444653,Young (Ashley),Ashley Young,Defender,EVE,0.09,0.00
2444653,Gueye,Idrissa Gueye,Midfielder,EVE,0.01,0.00
2444653,Pickford,Jordan Pickford,Goalkeeper,EVE,0.01,0.00
2444653,Doucouré,Abdoulaye Doucouré,Midfielder,EVE,0.04,0.05
2444653,Calvert-Lewin,Dominic Calvert-Lewin,Forward,EVE,0.03,0.14
2444653,Mangala,Orel Mangala,Midfielder,EVE,0.04,0.17
2444653,Harrison (Jack),Jack Harrison,Midfielder,EVE,0.01,0.00
2444653,Mykolenko,Vitaliy Mykolenko,Defender,EVE,0.18,0.00
2444653,Patterson (Nathan),Nathan Patterson,Defender,EVE,0.18,0.00
2444653,Broja,Armando Broja,Forward,EVE,0.01,0.07
2444653,Ndiaye,Iliman Ndiaye,Forward,EVE,0.04,0.21
2444653,Lindstrom,Jesper Lindstrom,Midfielder,EVE,0.06,0.07
2444653,Branthwaite,Jarrad Branthwaite,Defender,EVE,0.10,0.13
2444653,Beto,Norberto Bercique Gomes Betuncal,Forward,EVE,0.00,0.04
2444653,Wood (Chris),Chris Wood,Forward,NFO,0.08,0.32
2444653,Sels,Matz Sels,Goalkeeper,NFO,0.00,0.00
2444653,Boly,Willy Boly,Defender,NFO,0.00,0.00
2444653,Ward-Prowse,James Ward-Prowse,Midfielder,NFO,0.00,0.00
2444653,Toffolo,Harry Toffolo,Defender,NFO,0.00,0.00
2444653,Aina,Ola Aina,Defender,NFO,0.00,0.00
2444653,Awoniyi,Taiwo Awoniyi,Forward,NFO,0.00,0.15
2444653,Williams (Neco),Neco Williams,Defender,NFO,0.01,0.22
2444653,Anderson,Elliot Anderson,Midfielder,NFO,0.01,0.00
2444653,Gibbs-White,Morgan Gibbs-White,Midfielder,NFO,0.53,0.30
2444653,Milenkovic,Nikola Milenkovic,Defender,NFO,0.00,0.00
2444653,Nicolás Domínguez,Nicolás Domínguez,Midfielder,NFO,0.00,0.00
2444653,Elanga,Anthony Elanga,Midfielder,NFO,0.13,0.34
2444653,Morato,Felipe Rodrigues da Silva,Defender,NFO,0.00,0.00
2444653,Sosa,Ramón Sosa,Midfielder,NFO,0.00,0.23
2444653,Jota Silva,João Pedro Ferreira da Silva,Midfielder,NFO,0.00,0.00
2444654,Kepa,Kepa Arrizabalaga Revuelta,Goalkeeper,BOU,0.00,0.00
2444654,Brooks,David Brooks,Midfielder,BOU,0.01,0.43
2444654,Cook,Lewis Cook,Midfielder,BOU,0.49,0.04
2444654,Christie,Ryan Christie,Midfielder,BOU,0.03,0.06
2444654,Unal,Enes Unal,Forward,BOU,0.03,0.00
2444654,Billing,Philip Billing,Midfielder,BOU,0.05,0.21
2444654,Aarons,Maximillian Aarons,Defender,BOU,0.00,0.00
2444654,Semenyo,Antoine Semenyo,Midfielder,BOU,0.03,0.27
2444654,Evanilson,Francisco Evanilson de Lima Barbosa,Forward,BOU,0.00,0.28
2444654,Hill (James),James Hill,Defender,BOU,0.15,0.00
2444654,Zabarnyi,Illia Zabarnyi,Defender,BOU,0.01,0.20
2444654,Dango Ouattara,Dango Ouattara,Midfielder,BOU,0.29,0.25
2444654,Kerkez,Milos Kerkez,Defender,BOU,0.06,0.00
2444654,Huijsen,Dean Huijsen,Defender,BOU,0.04,0.25
2444654,Winterburn,Ben Winterburn,Midfielder,BOU,0.00,0.00
2444654,Cairney,Tom Cairney,Midfielder,FUL,0.02,0.00
2444654,Leno,Bernd Leno,Goalkeeper,FUL,0.00,0.00
2444654,Raúl Jiménez,Raul Alonso Jimenez Rodriguez,Forward,FUL,0.00,0.36
2444654,Iwobi,Alex Iwobi,Midfielder,FUL,0.25,0.33
2444654,Wilson (Harry),Harry Wilson,Midfielder,FUL,0.01,0.36
2444654,Pereira,Andreas Pereira,Midfielder,FUL,0.04,0.00
2444654,Traoré (Adama),Adama Traoré,Midfielder,FUL,0.00,0.00
2444654,Castagne,Timothy Castagne,Defender,FUL,0.07,0.04
2444654,Robinson (Antonee),Antonee Robinson,Defender,FUL,0.22,0.00
2444654,Andersen,Joachim Andersen,Defender,FUL,0.00,0.00
2444654,Smith-Rowe,Emile Smith-Rowe,Midfielder,FUL,0.00,0.00
2444654,Lukic,Sasa Lukic,Midfielder,FUL,0.02,0.02
2444654,Diop,Issa Diop,Defender,FUL,0.01,0.00
2444654,Bassey,Calvin Bassey,Defender,FUL,0.01,0.00
2444654,Rodrigo Muniz,Rodrigo Muniz Carvalho,Forward,FUL,0.01,0.00
2444654,King (Joshua),Joshua King,Midfielder,FUL,0.00,0.00
2444655,Tosin,Oluwatosin Adarabioyo,Defender,CHE,0.02,0.00
2444655,Cucurella,Marc Cucurella,Defender,CHE,0.18,0.07
2444655,Sancho,Jadon Sancho,Midfielder,CHE,0.07,0.02
2444655,Nkunku,Christopher Nkunku,Midfielder,CHE,0.11,0.72
2444655,Disasi,Axel Disasi,Defender,CHE,0.05,0.04
2444655,Palmer (Cole),Cole Palmer,Midfielder,CHE,0.53,0.21
2444655,Neto,Pedro Neto,Midfielder,CHE,0.00,0.02
2444655,Madueke,Noni Madueke,Midfielder,CHE,0.07,0.19
2444655,João Félix,João Félix Sequeira,Midfielder,CHE,0.09,0.39
2444655,Fernández,Enzo Fernández,Midfielder,CHE,0.68,0.25
2444655,Colwill,Levi Colwill,Defender,CHE,0.13,0.00
2444655,Gusto,Malo Gusto,Defender,CHE,0.00,0.00
2444655,Moises Caicedo,Moises Caicedo,Midfielder,CHE,0.08,0.09
2444655,Jørgensen,Filip Jørgensen,Goalkeeper,CHE,0.00,0.00
2444655,Jackson (Nicolas),Nicolas Jackson,Forward,CHE,0.01,0.02
2444655,Morsy,Sam Morsy,Midfielder,IPS,0.01,0.00
2444655,Walton,Christian Walton,Goalkeeper,IPS,0.00,0.00
2444655,Burns,Wes Burns,Midfielder,IPS,0.00,0.00
2444655,Phillips (Kalvin),Kalvin Phillips,Midfielder,IPS,0.00,0.00
2444655,Szmodics,Sammie Szmodics,Midfielder,IPS,0.00,0.00
2444655,Broadhead,Nathan Broadhead,Midfielder,IPS,0.01,0.41
2444655,O'Shea,Dara O'Shea,Defender,IPS,0.00,0.05
2444655,Woolfenden,Luke Woolfenden,Defender,IPS,0.00,0.00
2444655,Johnson (Ben),Ben Johnson,Defender,IPS,0.00,0.00
2444655,Taylor (Jack),Jack Taylor,Midfielder,IPS,0.00,0.00
2444655,Greaves,Jacob Greaves,Defender,IPS,0.00,0.00
2444655,Cajuste,Jens Cajuste,Midfielder,IPS,0.00,0.00
2444655,Davis,Leif Davis,Defender,IPS,0.07,0.00
2444655,Ali Al Hamadi,Ali Ibrahim Karim Al Hamadi,Forward,IPS,0.00,0.00
2444655,Delap,Liam Delap,Forward,IPS,0.08,0.99
2444655,Hutchinson,Omari Hutchinson,Midfielder,IPS,0.08,0.13
2444656,Vestergaard,Jannik Vestergaard,Defender,LEI,0.01,0.03
2444656,Coady,Conor Coady,Defender,LEI,0.29,0.00
2444656,Vardy,Jamie Vardy,Forward,LEI,0.51,0.74
2444656,Mavididi,Stephy Mavididi,Midfielder,LEI,0.45,0.03
2444656,Winks,Harry Winks,Midfielder,LEI,0.01,0.00
2444656,Choudhury,Hamza Choudhury,Midfielder,LEI,0.00,0.00
2444656,Justin,James Justin,Defender,LEI,0.00,0.42
2444656,Soumaré,Boubakary Soumaré,Midfielder,LEI,0.02,0.00
2444656,Daka,Patson Daka,Forward,LEI,0.00,0.00
2444656,Stolarczyk,Jakub Stolarczyk,Goalkeeper,LEI,0.00,0.00
2444656,Okoli,Caleb Okoli,Defender,LEI,0.00,0.00
2444656,Kristiansen,Victor Kristiansen,Defender,LEI,0.17,0.00
2444656,El Khannouss,Bilal El Khannouss,Midfielder,LEI,0.07,0.02
2444656,Alves,Will Alves,Midfielder,LEI,0.00,0.00
2444656,Buonanotte,Facundo Buonanotte,Midfielder,LEI,0.19,0.06
2444656,Walker,Kyle Walker,Defender,MCI,0.00,0.00
2444656,De Bruyne,Kevin De Bruyne,Midfielder,MCI,0.14,0.08
2444656,Ortega Moreno,Stefan Ortega Moreno,Goalkeeper,MCI,0.00,0.00
2444656,Kovacic,Mateo Kovacic,Midfielder,MCI,0.03,0.06
2444656,Aké,Nathan Aké,Defender,MCI,0.01,0.00
2444656,Bernardo Silva,Bernardo Mota Veiga de Carvalho e Silva,Midfielder,MCI,0.07,0.00
2444656,Foden,Phil Foden,Midfielder,MCI,0.40,0.02
2444656,Akanji,Manuel Akanji,Defender,MCI,0.02,0.00
2444656,Haaland,Erling Haaland,Forward,MCI,0.13,0.87
2444656,Mcatee,James Mcatee,Midfielder,MCI,0.00,0.03
2444656,Lewis (Rico),Rico Lewis,Defender,MCI,0.02,0.00
2444656,Gvardiol,Joško Gvardiol,Defender,MCI,0.04,0.00
2444656,Savinho,Sávio Moreira de Oliveira,Midfielder,MCI,0.45,0.21
2444657,Casemiro,Carlos Henrique Jose Francisco Venancio,Midfielder,MUN,0.05,0.11
2444657,Eriksen,Christian Eriksen,Midfielder,MUN,0.10,0.00
2444657,Maguire,Harry Maguire,Defender,MUN,0.01,0.06
2444657,Onana,André Onana,Goalkeeper,MUN,0.00,0.00
2444657,de Ligt,Matthijs de Ligt,Defender,MUN,0.07,0.16
2444657,Dalot,José Diogo Dalot Teixeira,Defender,MUN,0.08,0.00
2444657,Martínez,Lisandro Martínez,Defender,MUN,0.15,0.00
2444657,Mazraoui,Noussair Mazraoui,Defender,MUN,0.01,0.02
2444657,Zirkzee,Joshua Zirkzee,Forward,MUN,0.00,0.00
2444657,Antony,Antony Matheus dos Santos,Midfielder,MUN,0.00,0.00
2444657,Garnacho,Alejandro Garnacho Ferreyra,Midfielder,MUN,0.00,0.00
2444657,Amad Diallo,Amad Diallo Traore,Midfielder,MUN,0.01,0.10
2444657,Højlund,Rasmus Højlund,Forward,MUN,0.02,0.16
2444657,Mainoo,Kobbie Mainoo,Midfielder,MUN,0.20,0.16
2444657,Yoro,Leny Yoro,Defender,MUN,0.00,0.14
2444657,Dubravka,Martin Dubravka,Goalkeeper,NEW,0.00,0.00
2444657,Trippier,Kieran Trippier,Defender,NEW,0.04,0.00
2444657,Burn,Dan Burn,Defender,NEW,0.01,0.00
2444657,Murphy (Jacob),Jacob Murphy,Midfielder,NEW,0.08,0.00
2444657,Schär,Fabian Schär,Defender,NEW,0.02,0.02
2444657,Joelinton,Joelinton Cássio Apolinário de Lira,Midfielder,NEW,0.03,0.28
2444657,Willock,Joseph Willock,Midfielder,NEW,0.00,0.00
2444657,Barnes,Harvey Barnes,Midfielder,NEW,0.00,0.00
2444657,Bruno Guimarães,Bruno Guimarães Rodriguez Moura,Midfielder,NEW,0.05,0.00
2444657,Isak,Alexander Isak,Forward,NEW,0.06,0.83
2444657,Gordon (Anthony),Anthony Gordon,Midfielder,NEW,0.31,0.15
2444657,Tonali,Sandro Tonali,Midfielder,NEW,0.18,0.58
2444657,Livramento,Valentino Livramento,Defender,NEW,0.01,0.00
2444657,Lewis Hall,Lewis Hall,Defender,NEW,0.01,0.06
2444658,Forster,Fraser Forster,Goalkeeper,TOT,0.00,0.00
2444658,Son,Heung-Min Son,Midfielder,TOT,0.02,0.86
2444658,Solanke,Dominic Solanke,Forward,TOT,0.02,0.16
2444658,Werner,Timo Werner,Midfielder,TOT,0.04,0.00
2444658,Maddison,James Maddison,Midfielder,TOT,0.01,0.05
2444658,Reguilón,Sergio Reguilón,Defender,TOT,0.03,0.00
2444658,Bentancur,Rodrigo Bentancur,Midfielder,TOT,0.18,0.10
2444658,Bissouma,Yves Bissouma,Midfielder,TOT,0.00,0.05
2444658,Johnson (Brennan),Brennan Johnson,Midfielder,TOT,0.02,0.15
2444658,Porro,Pedro Porro,Defender,TOT,0.17,0.00
2444658,Kulusevski,Dejan Kulusevski,Midfielder,TOT,0.33,0.42
2444658,Sarr (Pape),Pape Sarr,Midfielder,TOT,0.00,0.41
2444658,Destiny Udogie,Iyenoma Destiny Udogie,Defender,TOT,0.03,0.00
2444658,Dragusin,Radu Dragusin,Defender,TOT,0.00,0.05
2444658,Gray (Archie),Archie Gray,Midfielder,TOT,0.01,0.00
2444658,Dawson,Craig Dawson,Defender,WOL,0.00,0.04
2444658,Doherty,Matt Doherty,Defender,WOL,0.01,0.14
2444658,José Sá,José Pedro Malheiro de Sá,Goalkeeper,WOL,0.00,0.00
2444658,Gonçalo Guedes,Gonçalo Manuel Ganchinho Guedes,Midfielder,WOL,0.03,0.01
2444658,Hwang Hee-Chan,Hee-Chan Hwang,Midfielder,WOL,0.01,0.06
2444658,Semedo,Nelson Semedo,Defender,WOL,0.01,0.00
2444658,Doyle (Tommy),Tommy Doyle,Midfielder,WOL,0.07,0.00
2444658,Bellegarde,Jean-Ricner Bellegarde,Midfielder,WOL,0.00,0.00
2444658,Bueno (Santiago),Santiago Bueno,Defender,WOL,0.00,0.02
2444658,Strand Larsen,Jørgen Strand Larsen,Forward,WOL,0.00,0.22
2444658,Matheus Cunha,Matheus Santos Carneiro Da Cunha,Forward,WOL,0.04,0.10
2444658,João Gomes,João Victor Gomes da Silva,Midfielder,WOL,0.03,0.00
2444658,Ait Nouri,Rayan Ait Nouri,Defender,WOL,0.22,0.09
2444658,Carlos Borges,Carlos Roberto Forbs Borges,Midfielder,WOL,0.01,0.04
2444658,Rodrigo Gomes,Rodrigo Martins Gomes,Midfielder,WOL,0.01,0.00
2444658,André,André Trindade da Costa Neto,Midfielder,WOL,0.01,0.00
2444659,van Dijk,Virgil van Dijk,Defender,LIV,0.01,0.08
2444659,Alisson,Alisson Ramses Becker,Goalkeeper,LIV,0.00,0.00
2444659,Salah,Mohamed Salah,Midfielder,LIV,0.28,1.78
2444659,Robertson,Andrew Robertson,Defender,LIV,0.06,0.03
2444659,Endo,Wataru Endo,Midfielder,LIV,0.02,0.00
2444659,Alexander-Arnold,Trent Alexander-Arnold,Defender,LIV,0.11,0.02
2444659,Gomez,Joseph Gomez,Defender,LIV,0.00,0.00
2444659,Diogo Jota,Diogo José Teixeira da Silva,Midfielder,LIV,0.04,0.47
2444659,Jones,Curtis Jones,Midfielder,LIV,0.05,0.23
2444659,Tsimikas,Konstantinos Tsimikas,Defender,LIV,0.00,0.00
2444659,Mac Allister,Alexis Mac Allister,Midfielder,LIV,0.49,0.00
2444659,Gakpo,Cody Gakpo,Forward,LIV,0.34,0.21
2444659,Díaz,Luis Díaz,Midfielder,LIV,0.07,0.33
2444659,Gravenberch,Ryan Gravenberch,Midfielder,LIV,0.05,0.00
2444659,Quansah,Jarell Quansah,Defender,LIV,0.01,0.00
2444659,Elliott,Harvey Elliott,Midfielder,LIV,0.00,0.00
2444659,Areola,Alphonse Areola,Goalkeeper,WHU,0.00,0.00
2444659,Füllkrug,Niclas Füllkrug,Forward,WHU,0.00,0.00
2444659,Emerson,Emerson Palmieri dos Santos,Defender,WHU,0.01,0.00
2444659,Coufal,Vladimir Coufal,Defender,WHU,0.01,0.00
2444659,Bowen,Jarrod Bowen,Midfielder,WHU,0.16,0.02
2444659,Álvarez (Edson),Edson Álvarez,Midfielder,WHU,0.00,0.00
2444659,Kilman,Max Kilman,Defender,WHU,0.00,0.00
2444659,Wan-Bissaka,Aaron Wan-Bissaka,Defender,WHU,0.02,0.15
2444659,Lucas Paquetá,Lucas Tolentino Coelho de Lima,Midfielder,WHU,0.05,0.06
2444659,Soler (Carlos),Carlos Soler,Midfielder,WHU,0.02,0.00
2444659,Irving,Andy Irving,Midfielder,WHU,0.01,0.00
2444659,Mavropanos,Konstantinos Mavropanos,Defender,WHU,0.01,0.00
2444659,Summerville,Crysencio Summerville,Midfielder,WHU,0.01,0.01
2444659,Kudus,Mohammed Kudus,Midfielder,WHU,0.05,0.08
2444659,Todibo,Jean-Clair Todibo,Defender,WHU,0.00,0.00
2444659,Luis Guilherme,Luis Guilherme Lira dos Santos,Midfielder,WHU,0.01,0.03
2444660,Brooks,David Brooks,Midfielder,BOU,0.05,0.15
2444660,Cook,Lewis Cook,Midfielder,BOU,0.09,0.00
2444660,Christie,Ryan Christie,Midfielder,BOU,0.12,0.04
2444660,Unal,Enes Unal,Forward,BOU,0.01,0.05
2444660,Billing,Philip Billing,Midfielder,BOU,0.00,0.00
2444660,Adams (Tyler),Tyler Adams,Midfielder,BOU,0.01,0.00
2444660,Kluivert,Justin Kluivert,Midfielder,BOU,0.06,0.36
2444660,Travers,Mark Travers,Goalkeeper,BOU,0.00,0.00
2444660,Semenyo,Antoine Semenyo,Midfielder,BOU,0.24,0.50
2444660,Evanilson,Francisco Evanilson de Lima Barbosa,Forward,BOU,0.17,0.17
2444660,Hill (James),James Hill,Defender,BOU,0.04,0.01
2444660,Zabarnyi,Illia Zabarnyi,Defender,BOU,0.00,0.05
2444660,Dango Ouattara,Dango Ouattara,Midfielder,BOU,0.07,0.44
2444660,Kerkez,Milos Kerkez,Defender,BOU,0.14,0.00
2444660,Huijsen,Dean Huijsen,Defender,BOU,0.24,0.08
2444660,Tarkowski,James Tarkowski,Defender,EVE,0.00,0.00
2444660,Young (Ashley),Ashley Young,Defender,EVE,0.02,0.00
2444660,Gueye,Idrissa Gueye,Midfielder,EVE,0.02,0.03
2444660,Pickford,Jordan Pickford,Goalkeeper,EVE,0.02,0.00
2444660,Doucouré,Abdoulaye Doucouré,Midfielder,EVE,0.03,0.06
2444660,Calvert-Lewin,Dominic Calvert-Lewin,Forward,EVE,0.01,0.00
2444660,Mangala,Orel Mangala,Midfielder,EVE,0.02,0.02
2444660,Mykolenko,Vitaliy Mykolenko,Defender,EVE,0.03,0.02
2444660,Patterson (Nathan),Nathan Patterson,Defender,EVE,0.01,0.07
2444660,Broja,Armando Broja,Forward,EVE,0.01,0.04
2444660,Ndiaye,Iliman Ndiaye,Forward,EVE,0.03,0.00
2444660,Lindstrom,Jesper Lindstrom,Midfielder,EVE,0.02,0.10
2444660,Branthwaite,Jarrad Branthwaite,Defender,EVE,0.01,0.00
2444660,Beto,Norberto Bercique Gomes Betuncal,Forward,EVE,0.00,0.00
2444660,Armstrong (Harrison),Harrison Armstrong,Midfielder,EVE,0.00,0.37
2444661,Barkley,Ross Barkley,Midfielder,AVL,0.02,0.15
2444661,Martinez,Emiliano Martinez,Goalkeeper,AVL,0.00,0.00
2444661,Digne,Lucas Digne,Defender,AVL,0.03,0.02
2444661,McGinn,John McGinn,Midfielder,AVL,0.03,0.00
2444661,Mings,Tyrone Mings,Defender,AVL,0.03,0.00
2444661,Tielemans,Youri Tielemans,Midfielder,AVL,0.01,0.08
2444661,Watkins,Ollie Watkins,Forward,AVL,0.07,0.45
2444661,Buendía,Emiliano Buendía,Midfielder,AVL,0.00,0.54
2444661,Cash,Matthew Cash,Defender,AVL,0.12,0.04
2444661,Konsa Ngoyo,Ezri Konsa Ngoyo,Defender,AVL,0.01,0.00
2444661,Bailey,Leon Bailey,Midfielder,AVL,0.02,0.27
2444661,Kamara,Boubacar Kamara,Midfielder,AVL,0.05,0.00
2444661,Ramsey (Jacob),Jacob Ramsey,Midfielder,AVL,0.28,0.00
2444661,Maatsen,Ian Maatsen,Defender,AVL,0.42,0.00
2444661,Ayew,Jordan Ayew,Midfielder,LEI,0.18,0.00
2444661,Vestergaard,Jannik Vestergaard,Defender,LEI,0.00,0.00
2444661,Coady,Conor Coady,Defender,LEI,0.00,0.00
2444661,DeCordova-Reid,Bobby DeCordova-Reid,Midfielder,LEI,0.00,0.00
2444661,Vardy,Jamie Vardy,Forward,LEI,0.00,0.15
2444661,Mavididi,Stephy Mavididi,Midfielder,LEI,0.01,0.23
2444661,Winks,Harry Winks,Midfielder,LEI,0.03,0.00
2444661,Faes,Wout Faes,Defender,LEI,0.00,0.00
2444661,Justin,James Justin,Defender,LEI,0.00,0.00
2444661,Soumaré,Boubakary Soumaré,Midfielder,LEI,0.01,0.00
2444661,Thomas,Luke Thomas,Defender,LEI,0.02,0.00
2444661,Daka,Patson Daka,Forward,LEI,0.01,0.00
2444661,Stolarczyk,Jakub Stolarczyk,Goalkeeper,LEI,0.00,0.00
2444661,Okoli,Caleb Okoli,Defender,LEI,0.06,0.00
2444661,El Khannouss,Bilal El Khannouss,Midfielder,LEI,0.04,0.05
2444661,Buonanotte,Facundo Buonanotte,Midfielder,LEI,0.00,0.00
2444662,Jorginho,Jorge Luiz Frello Filho,Midfielder,ARS,0.16,0.00
2444662,Trossard,Leandro Trossard,Midfielder,ARS,0.07,0.09
2444662,Raya Martin,David Raya Martin,Goalkeeper,ARS,0.00,0.00
2444662,Partey,Thomas Partey,Midfielder,ARS,0.03,0.09
2444662,Odegaard,Martin Odegaard,Midfielder,ARS,0.02,0.00
2444662,Merino,Mikel Merino,Midfielder,ARS,0.05,0.12
2444662,Rice,Declan Rice,Midfielder,ARS,0.42,0.04
2444662,Jesus,Gabriel Fernando de Jesus,Forward,ARS,0.13,0.46
2444662,Gabriel Magalhães,Gabriel dos Santos Magalhães,Defender,ARS,0.01,0.00
2444662,Martinelli,Gabriel Teodoro Martinelli Silva,Midfielder,ARS,0.01,0.00
2444662,Saliba,William Saliba,Defender,ARS,0.01,0.00
2444662,Calafiori,Riccardo Calafiori,Defender,ARS,0.01,0.00
2444662,Nwaneri,Ethan Nwaneri,Midfielder,ARS,0.02,0.07
2444662,Webster,Adam Webster,Defender,BHA,0.01,0.02
2444662,Veltman,Joël Veltman,Defender,BHA,0.00,0.00
2444662,Estupiñán,Pervis Estupiñán,Defender,BHA,0.01,0.01
2444662,O’Riley,Matt O’Riley,Midfielder,BHA,0.09,0.01
2444662,Igor Julio,Igor Julio dos Santos de Paulo,Defender,BHA,0.01,0.00
2444662,Mitoma,Kaoru Mitoma,Midfielder,BHA,0.12,0.00
2444662,Rutter,Georginio Rutter,Midfielder,BHA,0.00,0.00
2444662,van Hecke,Jan-Paul van Hecke,Defender,BHA,0.02,0.00
2444662,João Pedro,João Pedro Junqueira de Jesus,Forward,BHA,0.03,0.79
2444662,Verbruggen,Bart Verbruggen,Goalkeeper,BHA,0.00,0.00
2444662,Ayari,Yasin Ayari,Midfielder,BHA,0.01,0.04
2444662,Gruda,Brajan Gruda,Midfielder,BHA,0.02,0.16
2444662,Baleba,Carlos Baleba,Midfielder,BHA,0.01,0.04
2444662,Adingra,Simon Adingra,Midfielder,BHA,0.20,0.34
2444662,Minteh,Yankuba Minteh,Midfielder,BHA,0.04,0.11
2444663,Cucurella,Marc Cucurella,Defender,CHE,0.03,0.00
2444663,Sancho,Jadon Sancho,Midfielder,CHE,0.10,0.03
2444663,Sanchez,Robert Sanchez,Goalkeeper,CHE,0.00,0.00
2444663,Palmer (Cole),Cole Palmer,Midfielder,CHE,0.41,0.19
2444663,Neto,Pedro Neto,Midfielder,CHE,0.08,0.24
2444663,Madueke,Noni Madueke,Midfielder,CHE,0.00,0.00
2444663,Fernández,Enzo Fernández,Midfielder,CHE,0.04,0.08
2444663,Colwill,Levi Colwill,Defender,CHE,0.02,0.00
2444663,Gusto,Malo Gusto,Defender,CHE,0.10,0.00
2444663,Moises Caicedo,Moises Caicedo,Midfielder,CHE,0.04,0.05
2444663,Guiu,Marc Guiu,Forward,CHE,0.00,0.00
2444663,Jackson (Nicolas),Nicolas Jackson,Forward,CHE,0.03,0.45
2444663,Acheampong,Josh Acheampong,Defender,CHE,0.01,0.21
2444663,Lerma,Jefferson Lerma,Midfielder,CRY,0.02,0.05
2444663,Henderson,Dean Henderson,Goalkeeper,CRY,0.00,0.00
2444663,Eddie Nketiah,Edward Nketiah,Forward,CRY,0.00,0.00
2444663,Marc Guehi,Addji Keaninkin Marc-Israel Guehi,Defender,CRY,0.00,0.00
2444663,Kamada,Daichi Kamada,Midfielder,CRY,0.00,0.01
2444663,Mateta,Jean-Philippe Mateta,Forward,CRY,0.00,0.44
2444663,Ismaila Sarr,Ismaila Sarr,Midfielder,CRY,0.11,0.00
2444663,Eze,Eberechi Eze,Midfielder,CRY,0.09,0.46
2444663,Mitchell,Tyrick Mitchell,Defender,CRY,0.01,0.00
2444663,Muñoz,Daniel Muñoz,Defender,CRY,0.24,0.00
2444663,Richards (Chris),Chris Richards,Defender,CRY,0.00,0.06
2444663,Lacroix,Maxence Lacroix,Defender,CRY,0.00,0.04
2444663,Doucoure,Cheick Oumar Doucoure,Midfielder,CRY,0.01,0.02
2444664,Cairney,Tom Cairney,Midfielder,FUL,0.18,0.01
2444664,Leno,Bernd Leno,Goalkeeper,FUL,0.00,0.00
2444664,Raúl Jiménez,Raul Alonso Jimenez Rodriguez,Forward,FUL,0.01,1.86
2444664,Iwobi,Alex Iwobi,Midfielder,FUL,0.31,0.08
2444664,Wilson (Harry),Harry Wilson,Midfielder,FUL,0.16,0.14
2444664,Pereira,Andreas Pereira,Midfielder,FUL,0.01,0.00
2444664,Traoré (Adama),Adama Traoré,Midfielder,FUL,0.03,0.00
2444664,Castagne,Timothy Castagne,Defender,FUL,0.02,0.00
2444664,Robinson (Antonee),Antonee Robinson,Defender,FUL,0.05,0.00
2444664,Andersen,Joachim Andersen,Defender,FUL,0.02,0.00
2444664,Smith-Rowe,Emile Smith-Rowe,Midfielder,FUL,0.03,0.12
2444664,Lukic,Sasa Lukic,Midfielder,FUL,0.05,0.01
2444664,Diop,Issa Diop,Defender,FUL,0.00,0.00
2444664,Bassey,Calvin Bassey,Defender,FUL,0.03,0.00
2444664,Rodrigo Muniz,Rodrigo Muniz Carvalho,Forward,FUL,0.00,0.02
2444664,Morsy,Sam Morsy,Midfielder,IPS,0.02,0.00
2444664,Walton,Christian Walton,Goalkeeper,IPS,0.00,0.00
2444664,Burns,Wes Burns,Midfielder,IPS,0.00,0.00
2444664,Phillips (Kalvin),Kalvin Phillips,Midfielder,IPS,0.00,0.00
2444664,Szmodics,Sammie Szmodics,Midfielder,IPS,0.00,0.28
2444664,Broadhead,Nathan Broadhead,Midfielder,IPS,0.72,0.08
2444664,O'Shea,Dara O'Shea,Defender,IPS,0.00,0.00
2444664,Woolfenden,Luke Woolfenden,Defender,IPS,0.00,0.00
2444664,Johnson (Ben),Ben Johnson,Defender,IPS,0.00,0.28
2444664,Taylor (Jack),Jack Taylor,Midfielder,IPS,0.00,0.00
2444664,Clarke (Jack),Jack Clarke,Midfielder,IPS,0.00,0.07
2444664,Greaves,Jacob Greaves,Defender,IPS,0.00,0.00
2444664,Cajuste,Jens Cajuste,Midfielder,IPS,0.01,0.00
2444664,Davis,Leif Davis,Defender,IPS,0.07,0.10
2444664,Ali Al Hamadi,Ali Ibrahim Karim Al Hamadi,Forward,IPS,0.00,0.00
2444664,Delap,Liam Delap,Forward,IPS,0.00,0.79
2444665,van Dijk,Virgil van Dijk,Defender,LIV,0.01,0.30
2444665,Alisson,Alisson Ramses Becker,Goalkeeper,LIV,0.00,0.00
2444665,Salah,Mohamed Salah,Midfielder,LIV,0.38,1.00
2444665,Robertson,Andrew Robertson,Defender,LIV,0.08,0.00
2444665,Alexander-Arnold,Trent Alexander-Arnold,Defender,LIV,0.10,0.06
2444665,Diogo Jota,Diogo José Teixeira da Silva,Midfielder,LIV,0.00,0.26
2444665,Konaté,Ibrahima Konaté,Defender,LIV,0.02,0.00
2444665,Jones,Curtis Jones,Midfielder,LIV,0.02,0.00
2444665,Mac Allister,Alexis Mac Allister,Midfielder,LIV,0.24,0.43
2444665,Gakpo,Cody Gakpo,Forward,LIV,0.01,0.50
2444665,Díaz,Luis Díaz,Midfielder,LIV,0.01,0.16
2444665,Gravenberch,Ryan Gravenberch,Midfielder,LIV,0.31,0.07
2444665,Elliott,Harvey Elliott,Midfielder,LIV,0.00,0.00
2444665,Núñez,Darwin Núñez,Forward,LIV,0.00,0.00
2444665,Bradley,Conor Bradley,Defender,LIV,0.00,0.05
2444665,Maguire,Harry Maguire,Defender,MUN,0.01,0.31
2444665,Bruno Fernandes,Bruno Miguel Borges Fernandes,Midfielder,MUN,0.29,0.06
2444665,Onana,André Onana,Goalkeeper,MUN,0.00,0.00
2444665,de Ligt,Matthijs de Ligt,Defender,MUN,0.01,0.13
2444665,Dalot,José Diogo Dalot Teixeira,Defender,MUN,0.17,0.04
2444665,Martínez,Lisandro Martínez,Defender,MUN,0.11,0.08
2444665,Mazraoui,Noussair Mazraoui,Defender,MUN,0.01,0.04
2444665,Ugarte,Manuel Ugarte,Midfielder,MUN,0.01,0.00
2444665,Zirkzee,Joshua Zirkzee,Forward,MUN,0.34,0.00
2444665,Garnacho,Alejandro Garnacho Ferreyra,Midfielder,MUN,0.01,0.03
2444665,Amad Diallo,Amad Diallo Traore,Midfielder,MUN,0.23,0.15
2444665,Højlund,Rasmus Højlund,Forward,MUN,0.00,0.11
2444665,Mainoo,Kobbie Mainoo,Midfielder,MUN,0.00,0.12
2444665,Yoro,Leny Yoro,Defender,MUN,0.00,0.00
2444666,Walker,Kyle Walker,Defender,MCI,0.01,0.00
2444666,Gundogan,Ilkay Gundogan,Midfielder,MCI,0.01,0.00
2444666,De Bruyne,Kevin De Bruyne,Midfielder,MCI,0.21,0.03
2444666,Ortega Moreno,Stefan Ortega Moreno,Goalkeeper,MCI,0.00,0.00
2444666,Kovacic,Mateo Kovacic,Midfielder,MCI,0.01,0.00
2444666,Grealish,Jack Grealish,Midfielder,MCI,0.01,0.04
2444666,Aké,Nathan Aké,Defender,MCI,0.00,0.00
2444666,Bernardo Silva,Bernardo Mota Veiga de Carvalho e Silva,Midfielder,MCI,0.05,0.17
2444666,Foden,Phil Foden,Midfielder,MCI,0.03,0.61
2444666,Akanji,Manuel Akanji,Defender,MCI,0.01,0.00
2444666,Haaland,Erling Haaland,Forward,MCI,0.07,0.95
2444666,Mcatee,James Mcatee,Midfielder,MCI,0.00,0.00
2444666,Lewis (Rico),Rico Lewis,Defender,MCI,0.03,0.06
2444666,Gvardiol,Joško Gvardiol,Defender,MCI,0.02,0.00
2444666,Savinho,Sávio Moreira de Oliveira,Midfielder,MCI,0.68,0.06
2444666,Areola,Alphonse Areola,Goalkeeper,WHU,0.00,0.00
2444666,Ings,Danny Ings,Forward,WHU,0.00,0.00
2444666,Füllkrug,Niclas Füllkrug,Forward,WHU,0.09,0.46
2444666,Coufal,Vladimir Coufal,Defender,WHU,0.16,0.05
2444666,Álvarez (Edson),Edson Álvarez,Midfielder,WHU,0.03,0.00
2444666,Kilman,Max Kilman,Defender,WHU,0.00,0.00
2444666,Wan-Bissaka,Aaron Wan-Bissaka,Defender,WHU,0.02,0.02
2444666,Soucek,Tomas Soucek,Midfielder,WHU,0.06,0.39
2444666,Lucas Paquetá,Lucas Tolentino Coelho de Lima,Midfielder,WHU,0.61,0.12
2444666,Mavropanos,Konstantinos Mavropanos,Defender,WHU,0.00,0.00
2444666,Summerville,Crysencio Summerville,Midfielder,WHU,0.02,0.10
2444666,Kudus,Mohammed Kudus,Midfielder,WHU,0.04,0.24
2444666,Todibo,Jean-Clair Todibo,Defender,WHU,0.00,0.00
2444666,Luis Guilherme,Luis Guilherme Lira dos Santos,Midfielder,WHU,0.08,0.00
2444667,Flekken,Mark Flekken,Goalkeeper,BRE,0.00,0.00
2444667,Norgaard,Christian Norgaard,Midfielder,BRE,0.02,0.34
2444667,Janelt,Vitaly Janelt,Midfielder,BRE,0.01,0.00
2444667,Jensen,Mathias Jensen,Midfielder,BRE,0.30,0.00
2444667,Wissa,Yoane Wissa,Forward,BRE,0.11,1.38
2444667,Maghoma,Paris Maghoma,Midfielder,BRE,0.02,0.00
2444667,Roerslev,Mads Roerslev,Defender,BRE,0.02,0.07
2444667,Lewis-Potter,Keane Lewis-Potter,Midfielder,BRE,0.37,0.75
2444667,Collins,Nathan Collins,Defender,BRE,0.01,0.00
2444667,Damsgaard,Mikkel Damsgaard,Midfielder,BRE,0.21,0.04
2444667,van den Berg,Sepp van den Berg,Defender,BRE,0.00,0.00
2444667,Mbeumo,Bryan Mbeumo,Midfielder,BRE,0.48,1.28
2444667,Yarmolyuk,Ehor Yarmolyuk,Midfielder,BRE,0.02,0.08
2444667,Schade,Kevin Schade,Midfielder,BRE,0.02,0.52
2444667,Lallana,Adam Lallana,Midfielder,SOU,0.00,0.00
2444667,Taylor (Charlie),Charlie Taylor,Defender,SOU,0.01,0.00
2444667,Paul Onuachu,Ebere Paul Onuachu,Forward,SOU,0.01,0.12
2444667,Armstrong (Adam),Adam Armstrong,Forward,SOU,0.00,0.00
2444667,Walker-Peters,Kyle Walker-Peters,Defender,SOU,0.04,0.10
2444667,Bednarek,Jan Bednarek,Defender,SOU,0.02,0.00
2444667,Bree,James Bree,Defender,SOU,0.12,0.00
2444667,Aribo,Joe Aribo,Midfielder,SOU,0.04,0.00
2444667,Sugawara,Yukinari Sugawara,Defender,SOU,0.00,0.00
2444667,Ramsdale,Aaron Ramsdale,Goalkeeper,SOU,0.00,0.00
2444667,Wood (Nathan),Nathan Wood,Defender,SOU,0.01,0.00
2444667,Harwood-Bellis,Taylor Harwood-Bellis,Defender,SOU,0.04,0.02
2444667,Archer,Cameron Archer,Forward,SOU,0.01,0.00
2444667,Dibling,Tyler Dibling,Midfielder,SOU,0.03,0.04
2444667,Ugochukwu,Lesley Ugochukwu,Midfielder,SOU,0.01,0.00
2444667,Sulemana,Kamaldeen Sulemana,Midfielder,SOU,0.11,0.01
2444668,Dubravka,Martin Dubravka,Goalkeeper,NEW,0.00,0.00
2444668,Burn,Dan Burn,Defender,NEW,0.01,0.01
2444668,Murphy (Jacob),Jacob Murphy,Midfielder,NEW,0.28,0.00
2444668,Longstaff (Sean),Sean Longstaff,Midfielder,NEW,0.00,0.00
2444668,Joelinton,Joelinton Cássio Apolinário de Lira,Midfielder,NEW,0.02,0.04
2444668,Willock,Joseph Willock,Midfielder,NEW,0.01,0.03
2444668,Barnes,Harvey Barnes,Midfielder,NEW,0.05,0.19
2444668,Bruno Guimarães,Bruno Guimarães Rodriguez Moura,Midfielder,NEW,0.08,0.00
2444668,Isak,Alexander Isak,Forward,NEW,0.02,1.41
2444668,Botman,Sven Botman,Defender,NEW,0.00,0.03
2444668,Gordon (Anthony),Anthony Gordon,Midfielder,NEW,0.05,0.62
2444668,Kelly,Lloyd Kelly,Defender,NEW,0.00,0.00
2444668,Tonali,Sandro Tonali,Midfielder,NEW,0.31,0.19
2444668,Livramento,Valentino Livramento,Defender,NEW,0.02,0.00
2444668,Lewis Hall,Lewis Hall,Defender,NEW,0.10,0.00
2444668,Son,Heung-Min Son,Midfielder,TOT,0.06,0.00
2444668,Solanke,Dominic Solanke,Forward,TOT,0.12,0.46
2444668,Werner,Timo Werner,Midfielder,TOT,0.01,0.00
2444668,Maddison,James Maddison,Midfielder,TOT,0.04,0.03
2444668,Reguilón,Sergio Reguilón,Defender,TOT,0.20,0.07
2444668,Austin,Brandon Austin,Goalkeeper,TOT,0.00,0.00
2444668,Bissouma,Yves Bissouma,Midfielder,TOT,0.01,0.00
2444668,Spence,Djed Spence,Defender,TOT,0.01,0.00
2444668,Johnson (Brennan),Brennan Johnson,Midfielder,TOT,0.04,0.21
2444668,Porro,Pedro Porro,Defender,TOT,0.25,0.06
2444668,Kulusevski,Dejan Kulusevski,Midfielder,TOT,0.19,0.03
2444668,Sarr (Pape),Pape Sarr,Midfielder,TOT,0.01,0.08
2444668,Dragusin,Radu Dragusin,Defender,TOT,0.00,0.00
2444668,Gray (Archie),Archie Gray,Midfielder,TOT,0.00,0.00
2444668,Bergvall,Lucas Bergvall,Midfielder,TOT,0.03,0.00
2444669,Wood (Chris),Chris Wood,Forward,NFO,0.01,0.35
2444669,Sels,Matz Sels,Goalkeeper,NFO,0.00,0.00
2444669,Ward-Prowse,James Ward-Prowse,Midfielder,NFO,0.40,0.00
2444669,Aina,Ola Aina,Defender,NFO,0.01,0.00
2444669,Yates,Ryan Yates,Midfielder,NFO,0.00,0.00
2444669,Hudson-Odoi,Callum Hudson-Odoi,Midfielder,NFO,0.41,0.30
2444669,Awoniyi,Taiwo Awoniyi,Forward,NFO,0.00,1.05
2444669,Williams (Neco),Neco Williams,Defender,NFO,0.01,0.00
2444669,Anderson,Elliot Anderson,Midfielder,NFO,0.01,0.13
2444669,Gibbs-White,Morgan Gibbs-White,Midfielder,NFO,0.08,0.15
2444669,Milenkovic,Nikola Milenkovic,Defender,NFO,0.00,0.09
2444669,Nicolás Domínguez,Nicolás Domínguez,Midfielder,NFO,0.02,0.02
2444669,Elanga,Anthony Elanga,Midfielder,NFO,0.23,0.00
2444669,Morato,Felipe Rodrigues da Silva,Defender,NFO,0.00,0.00
2444669,Jota Silva,João Pedro Ferreira da Silva,Midfielder,NFO,0.11,0.00
2444669,Murillo,Murillo Santiago Costa dos Santos,Defender,NFO,0.01,0.04
2444669,Doherty,Matt Doherty,Defender,WOL,0.06,0.00
2444669,Sarabia,Pablo Sarabia,Midfielder,WOL,0.04,0.00
2444669,José Sá,José Pedro Malheiro de Sá,Goalkeeper,WOL,0.00,0.00
2444669,Lemina (Mario),Mario Lemina,Midfielder,WOL,0.04,0.00
2444669,Gonçalo Guedes,Gonçalo Manuel Ganchinho Guedes,Midfielder,WOL,0.07,0.10
2444669,Hwang Hee-Chan,Hee-Chan Hwang,Midfielder,WOL,0.09,0.17
2444669,Doyle (Tommy),Tommy Doyle,Midfielder,WOL,0.02,0.00
2444669,Bellegarde,Jean-Ricner Bellegarde,Midfielder,WOL,0.02,0.10
2444669,Bueno (Santiago),Santiago Bueno,Defender,WOL,0.03,0.15
2444669,Strand Larsen,Jørgen Strand Larsen,Forward,WOL,0.01,1.04
2444669,João Gomes,João Victor Gomes da Silva,Midfielder,WOL,0.28,0.00
2444669,Ait Nouri,Rayan Ait Nouri,Defender,WOL,0.02,0.00
2444669,Carlos Borges,Carlos Roberto Forbs Borges,Midfielder,WOL,0.00,0.00
2444669,Rodrigo Gomes,Rodrigo Martins Gomes,Midfielder,WOL,0.22,0.03
2444669,Pedro Lima,Pedro Henrique Cardoso de Lima,Defender,WOL,0.08,0.00
2444670,Sterling,Raheem Sterling,Midfielder,ARS,0.03,0.13
2444670,Trossard,Leandro Trossard,Midfielder,ARS,0.03,0.27
2444670,Raya Martin,David Raya Martin,Goalkeeper,ARS,0.00,0.00
2444670,Partey,Thomas Partey,Midfielder,ARS,0.11,0.07
2444670,Odegaard,Martin Odegaard,Midfielder,ARS,0.57,0.38
2444670,Tierney,Kieran Tierney,Defender,ARS,0.23,0.00
2444670,Merino,Mikel Merino,Midfielder,ARS,0.00,0.00
2444670,Rice,Declan Rice,Midfielder,ARS,0.17,0.13
2444670,Zinchenko,Oleksandr Zinchenko,Defender,ARS,0.00,0.00
2444670,Havertz,Kai Havertz,Forward,ARS,0.01,0.40
2444670,Gabriel Magalhães,Gabriel dos Santos Magalhães,Defender,ARS,0.01,0.03
2444670,Martinelli,Gabriel Teodoro Martinelli Silva,Midfielder,ARS,0.05,0.04
2444670,Jurriën Timber,Jurriën Timber,Defender,ARS,0.04,0.00
2444670,Saliba,William Saliba,Defender,ARS,0.02,0.00
2444670,Lewis-Skelly,Myles Lewis-Skelly,Midfielder,ARS,0.01,0.00
2444670,Son,Heung-Min Son,Midfielder,TOT,0.02,0.10
2444670,Solanke,Dominic Solanke,Forward,TOT,0.00,0.25
2444670,Maddison,James Maddison,Midfielder,TOT,0.01,0.08
2444670,Richarlison,Richarlison de Andrade,Forward,TOT,0.09,0.00
2444670,Bissouma,Yves Bissouma,Midfielder,TOT,0.00,0.00
2444670,Spence,Djed Spence,Defender,TOT,0.00,0.00
2444670,Johnson (Brennan),Brennan Johnson,Midfielder,TOT,0.01,0.05
2444670,Porro,Pedro Porro,Defender,TOT,0.05,0.03
2444670,Kulusevski,Dejan Kulusevski,Midfielder,TOT,0.05,0.27
2444670,Sarr (Pape),Pape Sarr,Midfielder,TOT,0.00,0.00
2444670,Kinsky,Antonín Kinsky,Goalkeeper,TOT,0.00,0.00
2444670,Dragusin,Radu Dragusin,Defender,TOT,0.00,0.00
2444670,Gray (Archie),Archie Gray,Midfielder,TOT,0.00,0.00
2444670,Bergvall,Lucas Bergvall,Midfielder,TOT,0.01,0.00
2444671,Flekken,Mark Flekken,Goalkeeper,BRE,0.00,0.00
2444671,Norgaard,Christian Norgaard,Midfielder,BRE,0.03,0.09
2444671,Henry,Rico Henry,Defender,BRE,0.00,0.00
2444671,Janelt,Vitaly Janelt,Midfielder,BRE,0.01,0.07
2444671,Jensen,Mathias Jensen,Midfielder,BRE,0.19,0.00
2444671,Wissa,Yoane Wissa,Forward,BRE,0.01,1.63
2444671,Roerslev,Mads Roerslev,Defender,BRE,0.58,0.09
2444671,Lewis-Potter,Keane Lewis-Potter,Midfielder,BRE,0.30,0.00
2444671,Collins,Nathan Collins,Defender,BRE,0.01,0.10
2444671,Damsgaard,Mikkel Damsgaard,Midfielder,BRE,0.08,0.16
2444671,van den Berg,Sepp van den Berg,Defender,BRE,0.01,0.08
2444671,Mbeumo,Bryan Mbeumo,Midfielder,BRE,0.36,0.31
2444671,Yarmolyuk,Ehor Yarmolyuk,Midfielder,BRE,0.01,0.00
2444671,Schade,Kevin Schade,Midfielder,BRE,0.13,0.03
2444671,Gundogan,Ilkay Gundogan,Midfielder,MCI,0.04,0.00
2444671,De Bruyne,Kevin De Bruyne,Midfielder,MCI,0.42,0.16
2444671,Ortega Moreno,Stefan Ortega Moreno,Goalkeeper,MCI,0.00,0.00
2444671,Kovacic,Mateo Kovacic,Midfielder,MCI,0.06,0.08
2444671,Aké,Nathan Aké,Defender,MCI,0.03,0.00
2444671,Bernardo Silva,Bernardo Mota Veiga de Carvalho e Silva,Midfielder,MCI,0.04,0.00
2444671,Foden,Phil Foden,Midfielder,MCI,0.36,0.55
2444671,Akanji,Manuel Akanji,Defender,MCI,0.04,0.19
2444671,Haaland,Erling Haaland,Forward,MCI,0.05,0.40
2444671,Mcatee,James Mcatee,Midfielder,MCI,0.01,0.18
2444671,Matheus Nunes,Matheus Luiz Nunes,Midfielder,MCI,0.29,0.00
2444671,Gvardiol,Joško Gvardiol,Defender,MCI,0.06,0.20
2444671,Savinho,Sávio Moreira de Oliveira,Midfielder,MCI,0.10,0.44
2444672,Martinez,Emiliano Martinez,Goalkeeper,AVL,0.00,0.00
2444672,Digne,Lucas Digne,Defender,AVL,0.01,0.07
2444672,Mings,Tyrone Mings,Defender,AVL,0.00,0.00
2444672,Tielemans,Youri Tielemans,Midfielder,AVL,0.04,0.22
2444672,Watkins,Ollie Watkins,Forward,AVL,0.05,0.46
2444672,Buendía,Emiliano Buendía,Midfielder,AVL,0.00,0.00
2444672,Cash,Matthew Cash,Defender,AVL,0.01,0.00
2444672,Konsa Ngoyo,Ezri Konsa Ngoyo,Defender,AVL,0.01,0.00
2444672,Kamara,Boubacar Kamara,Midfielder,AVL,0.03,0.03
2444672,Ramsey (Jacob),Jacob Ramsey,Midfielder,AVL,0.01,0.32
2444672,Rogers,Morgan Rogers,Midfielder,AVL,0.06,0.07
2444672,Mvom Onana,Amadou Mvom Onana,Midfielder,AVL,0.02,0.05
2444672,Tarkowski,James Tarkowski,Defender,EVE,0.03,0.00
2444672,Young (Ashley),Ashley Young,Defender,EVE,0.05,0.00
2444672,Gueye,Idrissa Gueye,Midfielder,EVE,0.02,0.04
2444672,Pickford,Jordan Pickford,Goalkeeper,EVE,0.01,0.00
2444672,Doucouré,Abdoulaye Doucouré,Midfielder,EVE,0.01,0.19
2444672,Calvert-Lewin,Dominic Calvert-Lewin,Forward,EVE,0.00,0.50
2444672,Mangala,Orel Mangala,Midfielder,EVE,0.01,0.10
2444672,Harrison (Jack),Jack Harrison,Midfielder,EVE,0.30,0.00
2444672,Mykolenko,Vitaliy Mykolenko,Defender,EVE,0.07,0.00
2444672,Ndiaye,Iliman Ndiaye,Forward,EVE,0.01,0.00
2444672,Lindstrom,Jesper Lindstrom,Midfielder,EVE,0.12,0.17
2444672,Branthwaite,Jarrad Branthwaite,Defender,EVE,0.00,0.14
2444672,Beto,Norberto Bercique Gomes Betuncal,Forward,EVE,0.00,0.00
2444672,O'Brien (Jake),Jake O'Brien,Defender,EVE,0.01,0.00
2444673,Welbeck,Danny Welbeck,Forward,BHA,0.00,0.00
2444673,Dunk,Lewis Dunk,Defender,BHA,0.00,0.00
2444673,Webster,Adam Webster,Defender,BHA,0.01,0.00
2444673,Veltman,Joël Veltman,Defender,BHA,0.04,0.00
2444673,Estupiñán,Pervis Estupiñán,Defender,BHA,0.09,0.05
2444673,O’Riley,Matt O’Riley,Midfielder,BHA,0.18,0.00
2444673,Moder,Jakub Moder,Midfielder,BHA,0.00,0.00
2444673,Mitoma,Kaoru Mitoma,Midfielder,BHA,0.05,0.18
2444673,Rutter,Georginio Rutter,Midfielder,BHA,0.19,0.17
2444673,van Hecke,Jan-Paul van Hecke,Defender,BHA,0.09,0.13
2444673,João Pedro,João Pedro Junqueira de Jesus,Forward,BHA,0.07,0.16
2444673,Verbruggen,Bart Verbruggen,Goalkeeper,BHA,0.00,0.00
2444673,Ayari,Yasin Ayari,Midfielder,BHA,0.10,0.00
2444673,Baleba,Carlos Baleba,Midfielder,BHA,0.03,0.00
2444673,Adingra,Simon Adingra,Midfielder,BHA,0.16,0.17
2444673,Minteh,Yankuba Minteh,Midfielder,BHA,0.01,0.11
2444673,Morsy,Sam Morsy,Midfielder,IPS,0.00,0.00
2444673,Walton,Christian Walton,Goalkeeper,IPS,0.00,0.00
2444673,Burns,Wes Burns,Midfielder,IPS,0.03,0.14
2444673,Phillips (Kalvin),Kalvin Phillips,Midfielder,IPS,0.00,0.00
2444673,Broadhead,Nathan Broadhead,Midfielder,IPS,0.00,0.05
2444673,O'Shea,Dara O'Shea,Defender,IPS,0.00,0.00
2444673,Woolfenden,Luke Woolfenden,Defender,IPS,0.00,0.00
2444673,Hirst,George Hirst,Forward,IPS,0.00,0.00
2444673,Taylor (Jack),Jack Taylor,Midfielder,IPS,0.00,0.00
2444673,Clarke (Jack),Jack Clarke,Midfielder,IPS,0.00,0.00
2444673,Greaves,Jacob Greaves,Defender,IPS,0.01,0.00
2444673,Cajuste,Jens Cajuste,Midfielder,IPS,0.01,0.00
2444673,Davis,Leif Davis,Defender,IPS,0.06,0.00
2444673,Delap,Liam Delap,Forward,IPS,0.00,0.02
2444673,Hutchinson,Omari Hutchinson,Midfielder,IPS,0.01,0.07
2444674,Clyne,Nathaniel Clyne,Defender,CRY,0.00,0.00
2444674,Hughes,Will Hughes,Midfielder,CRY,0.02,0.08
2444674,Lerma,Jefferson Lerma,Midfielder,CRY,0.00,0.00
2444674,Henderson,Dean Henderson,Goalkeeper,CRY,0.00,0.00
2444674,Eddie Nketiah,Edward Nketiah,Forward,CRY,0.00,0.07
2444674,Marc Guehi,Addji Keaninkin Marc-Israel Guehi,Defender,CRY,0.01,0.18
2444674,Kamada,Daichi Kamada,Midfielder,CRY,0.01,0.00
2444674,Mateta,Jean-Philippe Mateta,Forward,CRY,0.02,1.10
2444674,Ismaila Sarr,Ismaila Sarr,Midfielder,CRY,0.52,0.09
2444674,Eze,Eberechi Eze,Midfielder,CRY,0.12,0.09
2444674,Mitchell,Tyrick Mitchell,Defender,CRY,0.04,0.20
2444674,Muñoz,Daniel Muñoz,Defender,CRY,0.06,0.00
2444674,Richards (Chris),Chris Richards,Defender,CRY,0.01,0.00
2444674,Lacroix,Maxence Lacroix,Defender,CRY,0.00,0.00
2444674,Doucoure,Cheick Oumar Doucoure,Midfielder,CRY,0.02,0.00
2444674,Devenny,Justin Devenny,Midfielder,CRY,0.00,0.00
2444674,Ayew,Jordan Ayew,Midfielder,LEI,0.14,0.03
2444674,Vestergaard,Jannik Vestergaard,Defender,LEI,0.01,0.00
2444674,Vardy,Jamie Vardy,Forward,LEI,0.02,0.99
2444674,Mavididi,Stephy Mavididi,Midfielder,LEI,0.25,0.13
2444674,Winks,Harry Winks,Midfielder,LEI,0.04,0.02
2444674,Skipp,Oliver Skipp,Midfielder,LEI,0.01,0.00
2444674,Faes,Wout Faes,Defender,LEI,0.16,0.00
2444674,Justin,James Justin,Defender,LEI,0.03,0.11
2444674,Soumaré,Boubakary Soumaré,Midfielder,LEI,0.10,0.11
2444674,Daka,Patson Daka,Forward,LEI,0.01,0.25
2444674,Stolarczyk,Jakub Stolarczyk,Goalkeeper,LEI,0.00,0.00
2444674,McAteer,Kasey McAteer,Midfielder,LEI,0.11,0.00
2444674,Kristiansen,Victor Kristiansen,Defender,LEI,0.22,0.00
2444674,El Khannouss,Bilal El Khannouss,Midfielder,LEI,0.01,0.04
2444674,Buonanotte,Facundo Buonanotte,Midfielder,LEI,0.25,0.02
2444675,van Dijk,Virgil van Dijk,Defender,LIV,0.03,0.00
2444675,Alisson,Alisson Ramses Becker,Goalkeeper,LIV,0.00,0.00
2444675,Salah,Mohamed Salah,Midfielder,LIV,0.34,0.47
2444675,Robertson,Andrew Robertson,Defender,LIV,0.10,0.00
2444675,Alexander-Arnold,Trent Alexander-Arnold,Defender,LIV,0.29,0.06
2444675,Diogo Jota,Diogo José Teixeira da Silva,Midfielder,LIV,0.03,0.91
2444675,Konaté,Ibrahima Konaté,Defender,LIV,0.01,0.00
2444675,Jones,Curtis Jones,Midfielder,LIV,0.04,0.00
2444675,Tsimikas,Konstantinos Tsimikas,Defender,LIV,0.25,0.00
2444675,Mac Allister,Alexis Mac Allister,Midfielder,LIV,0.10,0.04
2444675,Gakpo,Cody Gakpo,Forward,LIV,0.52,0.11
2444675,Díaz,Luis Díaz,Midfielder,LIV,0.05,0.02
2444675,Szoboszlai,Dominik Szoboszlai,Midfielder,LIV,0.15,0.30
2444675,Gravenberch,Ryan Gravenberch,Midfielder,LIV,0.07,0.08
2444675,Wood (Chris),Chris Wood,Forward,NFO,0.00,0.16
2444675,Sels,Matz Sels,Goalkeeper,NFO,0.02,0.00
2444675,Álex Moreno,Alexandre Moreno Lopera,Defender,NFO,0.00,0.00
2444675,Aina,Ola Aina,Defender,NFO,0.02,0.00
2444675,Yates,Ryan Yates,Midfielder,NFO,0.00,0.00
2444675,Hudson-Odoi,Callum Hudson-Odoi,Midfielder,NFO,0.02,0.07
2444675,Awoniyi,Taiwo Awoniyi,Forward,NFO,0.00,0.00
2444675,Williams (Neco),Neco Williams,Defender,NFO,0.00,0.00
2444675,Anderson,Elliot Anderson,Midfielder,NFO,0.01,0.00
2444675,Gibbs-White,Morgan Gibbs-White,Midfielder,NFO,0.02,0.00
2444675,Milenkovic,Nikola Milenkovic,Defender,NFO,0.00,0.00
2444675,Nicolás Domínguez,Nicolás Domínguez,Midfielder,NFO,0.00,0.00
2444675,Elanga,Anthony Elanga,Midfielder,NFO,0.14,0.05
2444675,Morato,Felipe Rodrigues da Silva,Defender,NFO,0.00,0.00
2444675,Jota Silva,João Pedro Ferreira da Silva,Midfielder,NFO,0.00,0.00
2444675,Murillo,Murillo Santiago Costa dos Santos,Defender,NFO,0.01,0.03
2444676,Cairney,Tom Cairney,Midfielder,FUL,0.01,0.00
2444676,Leno,Bernd Leno,Goalkeeper,FUL,0.00,0.00
2444676,Raúl Jiménez,Raul Alonso Jimenez Rodriguez,Forward,FUL,0.05,0.55
2444676,Iwobi,Alex Iwobi,Midfielder,FUL,0.78,0.05
2444676,Wilson (Harry),Harry Wilson,Midfielder,FUL,0.07,0.26
2444676,Pereira,Andreas Pereira,Midfielder,FUL,0.02,0.15
2444676,Traoré (Adama),Adama Traoré,Midfielder,FUL,0.07,0.21
2444676,Castagne,Timothy Castagne,Defender,FUL,0.01,0.00
2444676,Robinson (Antonee),Antonee Robinson,Defender,FUL,0.15,0.04
2444676,Andersen,Joachim Andersen,Defender,FUL,0.03,0.00
2444676,Smith-Rowe,Emile Smith-Rowe,Midfielder,FUL,0.02,0.11
2444676,Lukic,Sasa Lukic,Midfielder,FUL,0.01,0.40
2444676,Bassey,Calvin Bassey,Defender,FUL,0.01,0.00
2444676,Rodrigo Muniz,Rodrigo Muniz Carvalho,Forward,FUL,0.00,0.00
2444676,King (Joshua),Joshua King,Midfielder,FUL,0.59,0.20
2444676,Fabianski,Lukasz Fabianski,Goalkeeper,WHU,0.00,0.00
2444676,Cresswell,Aaron Cresswell,Defender,WHU,0.00,0.00
2444676,Ings,Danny Ings,Forward,WHU,0.00,0.00
2444676,Emerson,Emerson Palmieri dos Santos,Defender,WHU,0.00,0.00
2444676,Rodríguez,Guido Rodríguez,Midfielder,WHU,0.00,0.00
2444676,Álvarez (Edson),Edson Álvarez,Midfielder,WHU,0.00,0.00
2444676,Kilman,Max Kilman,Defender,WHU,0.00,0.00
2444676,Wan-Bissaka,Aaron Wan-Bissaka,Defender,WHU,0.12,0.00
2444676,Soucek,Tomas Soucek,Midfielder,WHU,0.00,0.31
2444676,Lucas Paquetá,Lucas Tolentino Coelho de Lima,Midfielder,WHU,0.01,0.58
2444676,Soler (Carlos),Carlos Soler,Midfielder,WHU,0.03,0.07
2444676,Irving,Andy Irving,Midfielder,WHU,0.00,0.00
2444676,Mavropanos,Konstantinos Mavropanos,Defender,WHU,0.00,0.00
2444676,Kudus,Mohammed Kudus,Midfielder,WHU,0.01,0.00
2444676,Scarles,Oliver Scarles,Defender,WHU,0.00,0.00
2444677,Brooks,David Brooks,Midfielder,BOU,0.12,0.02
2444677,Cook,Lewis Cook,Midfielder,BOU,0.03,0.00
2444677,Christie,Ryan Christie,Midfielder,BOU,0.01,0.00
2444677,Adams (Tyler),Tyler Adams,Midfielder,BOU,0.01,0.00
2444677,Kluivert,Justin Kluivert,Midfielder,BOU,0.06,1.12
2444677,Travers,Mark Travers,Goalkeeper,BOU,0.00,0.00
2444677,Semenyo,Antoine Semenyo,Midfielder,BOU,0.02,0.03
2444677,Hill (James),James Hill,Defender,BOU,0.00,0.00
2444677,Zabarnyi,Illia Zabarnyi,Defender,BOU,0.00,0.02
2444677,Jebbison,Daniel Jebbison,Forward,BOU,0.10,0.00
2444677,Dango Ouattara,Dango Ouattara,Midfielder,BOU,0.08,0.00
2444677,Kerkez,Milos Kerkez,Defender,BOU,0.01,0.00
2444677,Huijsen,Dean Huijsen,Defender,BOU,0.08,0.00
2444677,Tosin,Oluwatosin Adarabioyo,Defender,CHE,0.00,0.01
2444677,Cucurella,Marc Cucurella,Defender,CHE,0.01,0.14
2444677,Sancho,Jadon Sancho,Midfielder,CHE,0.05,0.09
2444677,Sanchez,Robert Sanchez,Goalkeeper,CHE,0.00,0.00
2444677,James,Reece James,Defender,CHE,0.10,0.06
2444677,Palmer (Cole),Cole Palmer,Midfielder,CHE,0.50,0.69
2444677,Neto,Pedro Neto,Midfielder,CHE,0.00,0.00
2444677,Madueke,Noni Madueke,Midfielder,CHE,0.32,0.15
2444677,João Félix,João Félix Sequeira,Midfielder,CHE,0.00,0.06
2444677,Fernández,Enzo Fernández,Midfielder,CHE,0.24,0.12
2444677,Colwill,Levi Colwill,Defender,CHE,0.00,0.05
2444677,Moises Caicedo,Moises Caicedo,Midfielder,CHE,0.01,0.00
2444677,Lavia,Romeo Lavia,Midfielder,CHE,0.01,0.00
2444677,Jackson (Nicolas),Nicolas Jackson,Forward,CHE,0.31,1.11
2444677,Acheampong,Josh Acheampong,Defender,CHE,0.00,0.01
2444678,Eriksen,Christian Eriksen,Midfielder,MUN,0.32,0.00
2444678,Maguire,Harry Maguire,Defender,MUN,0.00,0.00
2444678,Bruno Fernandes,Bruno Miguel Borges Fernandes,Midfielder,MUN,0.22,0.44
2444678,Onana,André Onana,Goalkeeper,MUN,0.00,0.00
2444678,de Ligt,Matthijs de Ligt,Defender,MUN,0.01,0.04
2444678,Martínez,Lisandro Martínez,Defender,MUN,0.02,0.00
2444678,Mazraoui,Noussair Mazraoui,Defender,MUN,0.06,0.00
2444678,Ugarte,Manuel Ugarte,Midfielder,MUN,0.02,0.00
2444678,Zirkzee,Joshua Zirkzee,Forward,MUN,0.02,0.03
2444678,Antony,Antony Matheus dos Santos,Midfielder,MUN,0.07,0.77
2444678,Collyer,Toby Collyer,Midfielder,MUN,0.01,0.00
2444678,Garnacho,Alejandro Garnacho Ferreyra,Midfielder,MUN,0.34,0.53
2444678,Amad Diallo,Amad Diallo Traore,Midfielder,MUN,0.61,1.39
2444678,Højlund,Rasmus Højlund,Forward,MUN,0.10,0.22
2444678,Mainoo,Kobbie Mainoo,Midfielder,MUN,0.00,0.00
2444678,Yoro,Leny Yoro,Defender,MUN,0.01,0.00
2444678,Paul Onuachu,Ebere Paul Onuachu,Forward,SOU,0.00,0.00
2444678,Armstrong (Adam),Adam Armstrong,Forward,SOU,0.00,0.02
2444678,Walker-Peters,Kyle Walker-Peters,Defender,SOU,0.02,0.00
2444678,Bednarek,Jan Bednarek,Defender,SOU,0.00,0.00
2444678,Bree,James Bree,Defender,SOU,0.01,0.00
2444678,Aribo,Joe Aribo,Midfielder,SOU,0.02,0.07
2444678,Smallbone,William Smallbone,Midfielder,SOU,0.00,0.00
2444678,Sugawara,Yukinari Sugawara,Defender,SOU,0.04,0.00
2444678,Downes,Flynn Downes,Midfielder,SOU,0.00,0.00
2444678,Ramsdale,Aaron Ramsdale,Goalkeeper,SOU,0.00,0.00
2444678,Wood (Nathan),Nathan Wood,Defender,SOU,0.00,0.00
2444678,Harwood-Bellis,Taylor Harwood-Bellis,Defender,SOU,0.01,0.03
2444678,Dibling,Tyler Dibling,Midfielder,SOU,0.01,0.19
2444678,Ugochukwu,Lesley Ugochukwu,Midfielder,SOU,0.02,0.00
2444678,Sulemana,Kamaldeen Sulemana,Midfielder,SOU,0.01,0.40
2444678,Mateus Fernandes,Mateus Gonçalo Espanha Fernandes,Midfielder,SOU,0.05,0.82
2444679,Dubravka,Martin Dubravka,Goalkeeper,NEW,0.00,0.00
2444679,Trippier,Kieran Trippier,Defender,NEW,0.00,0.00
2444679,Burn,Dan Burn,Defender,NEW,0.01,0.14
2444679,Murphy (Jacob),Jacob Murphy,Midfielder,NEW,0.16,0.06
2444679,Almirón,Miguel Almirón,Midfielder,NEW,0.01,0.00
2444679,Joelinton,Joelinton Cássio Apolinário de Lira,Midfielder,NEW,0.43,0.27
2444679,Willock,Joseph Willock,Midfielder,NEW,0.00,0.00
2444679,Bruno Guimarães,Bruno Guimarães Rodriguez Moura,Midfielder,NEW,0.61,0.08
2444679,Isak,Alexander Isak,Forward,NEW,0.20,0.77
2444679,Botman,Sven Botman,Defender,NEW,0.01,0.00
2444679,Gordon (Anthony),Anthony Gordon,Midfielder,NEW,0.11,0.68
2444679,Tonali,Sandro Tonali,Midfielder,NEW,0.06,0.06
2444679,Livramento,Valentino Livramento,Defender,NEW,0.02,0.00
2444679,Lewis Hall,Lewis Hall,Defender,NEW,0.08,0.05
2444679,Osula,William Osula,Forward,NEW,0.00,0.00
2444679,Miley (Lewis),Lewis Miley,Midfielder,NEW,0.00,0.00
2444679,Doherty,Matt Doherty,Defender,WOL,0.02,0.00
2444679,Sarabia,Pablo Sarabia,Midfielder,WOL,0.01,0.37
2444679,José Sá,José Pedro Malheiro de Sá,Goalkeeper,WOL,0.00,0.00
2444679,Gonçalo Guedes,Gonçalo Manuel Ganchinho Guedes,Midfielder,WOL,0.02,0.34
2444679,Hwang Hee-Chan,Hee-Chan Hwang,Midfielder,WOL,0.02,0.00
2444679,Semedo,Nelson Semedo,Defender,WOL,0.06,0.02
2444679,Doyle (Tommy),Tommy Doyle,Midfielder,WOL,0.00,0.01
2444679,Bellegarde,Jean-Ricner Bellegarde,Midfielder,WOL,0.08,0.07
2444679,Bueno (Santiago),Santiago Bueno,Defender,WOL,0.00,0.00
2444679,Strand Larsen,Jørgen Strand Larsen,Forward,WOL,0.01,0.52
2444679,Matheus Cunha,Matheus Santos Carneiro Da Cunha,Forward,WOL,0.07,0.30
2444679,João Gomes,João Victor Gomes da Silva,Midfielder,WOL,0.04,0.00
2444679,Ait Nouri,Rayan Ait Nouri,Defender,WOL,0.13,0.00
2444679,Rodrigo Gomes,Rodrigo Martins Gomes,Midfielder,WOL,0.18,0.00
2444679,André,André Trindade da Costa Neto,Midfielder,WOL,0.05,0.00
2444679,Agbadou,Emmanuel Agbadou,Defender,WOL,0.01,0.00
2444680,Sterling,Raheem Sterling,Midfielder,ARS,0.02,0.24
2444680,Trossard,Leandro Trossard,Midfielder,ARS,0.43,0.20
2444680,Raya Martin,David Raya Martin,Goalkeeper,ARS,0.00,0.00
2444680,Partey,Thomas Partey,Midfielder,ARS,0.29,0.00
2444680,Odegaard,Martin Odegaard,Midfielder,ARS,0.15,0.04
2444680,Merino,Mikel Merino,Midfielder,ARS,0.04,0.18
2444680,Rice,Declan Rice,Midfielder,ARS,0.19,0.02
2444680,Havertz,Kai Havertz,Forward,ARS,0.03,0.20
2444680,Gabriel Magalhães,Gabriel dos Santos Magalhães,Defender,ARS,0.07,0.00
2444680,Martinelli,Gabriel Teodoro Martinelli Silva,Midfielder,ARS,0.14,0.47
2444680,Jurriën Timber,Jurriën Timber,Defender,ARS,0.01,0.00
2444680,Lewis-Skelly,Myles Lewis-Skelly,Midfielder,ARS,0.03,0.00
2444680,Martinez,Emiliano Martinez,Goalkeeper,AVL,0.00,0.00
2444680,Digne,Lucas Digne,Defender,AVL,0.00,0.00
2444680,Mings,Tyrone Mings,Defender,AVL,0.00,0.00
2444680,Tielemans,Youri Tielemans,Midfielder,AVL,0.00,0.32
2444680,Watkins,Ollie Watkins,Forward,AVL,0.00,0.62
2444680,Cash,Matthew Cash,Defender,AVL,0.19,0.00
2444680,Konsa Ngoyo,Ezri Konsa Ngoyo,Defender,AVL,0.00,0.00
2444680,Bailey,Leon Bailey,Midfielder,AVL,0.03,0.00
2444680,Kamara,Boubacar Kamara,Midfielder,AVL,0.00,0.00
2444680,Ramsey (Jacob),Jacob Ramsey,Midfielder,AVL,0.02,0.00
2444680,Rogers,Morgan Rogers,Midfielder,AVL,0.03,0.00
2444680,Maatsen,Ian Maatsen,Defender,AVL,0.00,0.05
2444680,Mvom Onana,Amadou Mvom Onana,Midfielder,AVL,0.00,0.00
2444680,Durán,Jhon Durán,Forward,AVL,0.01,0.00
2444680,Bogarde,Lamar Bogarde,Defender,AVL,0.00,0.04
2444681,Flekken,Mark Flekken,Goalkeeper,BRE,0.00,0.00
2444681,Norgaard,Christian Norgaard,Midfielder,BRE,0.06,0.07
2444681,Janelt,Vitaly Janelt,Midfielder,BRE,0.00,0.00
2444681,Jensen,Mathias Jensen,Midfielder,BRE,0.00,0.00
2444681,Wissa,Yoane Wissa,Forward,BRE,0.17,0.30
2444681,Roerslev,Mads Roerslev,Defender,BRE,0.59,0.00
2444681,Lewis-Potter,Keane Lewis-Potter,Midfielder,BRE,0.01,0.00
2444681,Collins,Nathan Collins,Defender,BRE,0.00,0.00
2444681,Damsgaard,Mikkel Damsgaard,Midfielder,BRE,0.06,0.00
2444681,van den Berg,Sepp van den Berg,Defender,BRE,0.00,0.01
2444681,Mbeumo,Bryan Mbeumo,Midfielder,BRE,0.12,0.24
2444681,Yarmolyuk,Ehor Yarmolyuk,Midfielder,BRE,0.01,0.07
2444681,Schade,Kevin Schade,Midfielder,BRE,0.00,0.03
2444681,van Dijk,Virgil van Dijk,Defender,LIV,0.14,0.16
2444681,Alisson,Alisson Ramses Becker,Goalkeeper,LIV,0.00,0.00
2444681,Salah,Mohamed Salah,Midfielder,LIV,0.43,0.18
2444681,Robertson,Andrew Robertson,Defender,LIV,0.34,0.00
2444681,Alexander-Arnold,Trent Alexander-Arnold,Defender,LIV,0.71,0.10
2444681,Konaté,Ibrahima Konaté,Defender,LIV,0.43,0.15
2444681,Jones,Curtis Jones,Midfielder,LIV,0.03,0.00
2444681,Tsimikas,Konstantinos Tsimikas,Defender,LIV,0.06,0.00
2444681,Chiesa,Federico Chiesa,Midfielder,LIV,0.01,0.00
2444681,Mac Allister,Alexis Mac Allister,Midfielder,LIV,0.08,0.19
2444681,Gakpo,Cody Gakpo,Forward,LIV,0.22,0.47
2444681,Díaz,Luis Díaz,Midfielder,LIV,0.19,0.84
2444681,Szoboszlai,Dominik Szoboszlai,Midfielder,LIV,0.04,0.43
2444681,Gravenberch,Ryan Gravenberch,Midfielder,LIV,0.17,0.05
2444681,Elliott,Harvey Elliott,Midfielder,LIV,0.18,0.00
2444681,Núñez,Darwin Núñez,Forward,LIV,0.00,0.85
2444682,Tosin,Oluwatosin Adarabioyo,Defender,CHE,0.02,0.24
2444682,Cucurella,Marc Cucurella,Defender,CHE,0.06,0.90
2444682,Chalobah,Trevoh Chalobah,Defender,CHE,0.02,0.14
2444682,Sancho,Jadon Sancho,Midfielder,CHE,0.07,0.00
2444682,Sanchez,Robert Sanchez,Goalkeeper,CHE,0.00,0.00
2444682,Dewsbury-Hall,Kiernan Dewsbury-Hall,Midfielder,CHE,0.14,0.22
2444682,Disasi,Axel Disasi,Defender,CHE,0.00,0.00
2444682,James,Reece James,Defender,CHE,0.04,0.05
2444682,Palmer (Cole),Cole Palmer,Midfielder,CHE,0.12,0.18
2444682,Neto,Pedro Neto,Midfielder,CHE,0.09,0.00
2444682,Madueke,Noni Madueke,Midfielder,CHE,0.40,1.18
2444682,João Félix,João Félix Sequeira,Midfielder,CHE,0.06,0.00
2444682,Gusto,Malo Gusto,Defender,CHE,0.00,0.00
2444682,Moises Caicedo,Moises Caicedo,Midfielder,CHE,0.01,0.02
2444682,Jackson (Nicolas),Nicolas Jackson,Forward,CHE,0.00,0.26
2444682,George,Tyrique George,Midfielder,CHE,0.00,0.00
2444682,Doherty,Matt Doherty,Defender,WOL,0.00,0.31
2444682,Sarabia,Pablo Sarabia,Midfielder,WOL,0.04,0.00
2444682,José Sá,José Pedro Malheiro de Sá,Goalkeeper,WOL,0.00,0.00
2444682,Gonçalo Guedes,Gonçalo Manuel Ganchinho Guedes,Midfielder,WOL,0.00,0.02
2444682,Semedo,Nelson Semedo,Defender,WOL,0.02,0.00
2444682,Bellegarde,Jean-Ricner Bellegarde,Midfielder,WOL,0.02,0.00
2444682,Bueno (Santiago),Santiago Bueno,Defender,WOL,0.00,0.00
2444682,Strand Larsen,Jørgen Strand Larsen,Forward,WOL,0.00,0.23
2444682,Matheus Cunha,Matheus Santos Carneiro Da Cunha,Forward,WOL,0.14,0.25
2444682,João Gomes,João Victor Gomes da Silva,Midfielder,WOL,0.24,0.00
2444682,Ait Nouri,Rayan Ait Nouri,Defender,WOL,0.09,0.00
2444682,Rodrigo Gomes,Rodrigo Martins Gomes,Midfielder,WOL,0.03,0.00
2444682,André,André Trindade da Costa Neto,Midfielder,WOL,0.00,0.00
2444682,Agbadou,Emmanuel Agbadou,Defender,WOL,0.00,0.00
2444683,Tarkowski,James Tarkowski,Defender,EVE,0.37,0.19
2444683,Young (Ashley),Ashley Young,Defender,EVE,0.00,0.00
2444683,Gueye,Idrissa Gueye,Midfielder,EVE,0.17,0.00
2444683,Keane,Michael Keane,Defender,EVE,0.00,0.00
2444683,Pickford,Jordan Pickford,Goalkeeper,EVE,0.01,0.00
2444683,Doucouré,Abdoulaye Doucouré,Midfielder,EVE,0.01,0.00
2444683,Calvert-Lewin,Dominic Calvert-Lewin,Forward,EVE,0.05,0.90
2444683,Mangala,Orel Mangala,Midfielder,EVE,0.01,0.22
2444683,Mykolenko,Vitaliy Mykolenko,Defender,EVE,0.01,0.09
2444683,Patterson (Nathan),Nathan Patterson,Defender,EVE,0.00,0.00
2444683,Ndiaye,Iliman Ndiaye,Forward,EVE,0.05,0.51
2444683,Lindstrom,Jesper Lindstrom,Midfielder,EVE,0.48,0.04
2444683,Branthwaite,Jarrad Branthwaite,Defender,EVE,0.01,0.00
2444683,O'Brien (Jake),Jake O'Brien,Defender,EVE,0.03,0.00
2444683,Son,Heung-Min Son,Midfielder,TOT,0.18,0.33
2444683,Davies (Ben),Ben Davies,Defender,TOT,0.13,0.00
2444683,Maddison,James Maddison,Midfielder,TOT,0.04,0.11
2444683,Richarlison,Richarlison de Andrade,Forward,TOT,0.00,0.39
2444683,Spence,Djed Spence,Defender,TOT,0.04,0.04
2444683,Porro,Pedro Porro,Defender,TOT,0.04,0.00
2444683,Kulusevski,Dejan Kulusevski,Midfielder,TOT,0.25,0.11
2444683,Sarr (Pape),Pape Sarr,Midfielder,TOT,0.03,0.00
2444683,Kinsky,Antonín Kinsky,Goalkeeper,TOT,0.00,0.00
2444683,Dragusin,Radu Dragusin,Defender,TOT,0.00,0.00
2444683,Moore (Mikey),Mikey Moore,Midfielder,TOT,0.40,0.12
2444683,Gray (Archie),Archie Gray,Midfielder,TOT,0.01,0.00
2444683,Bergvall,Lucas Bergvall,Midfielder,TOT,0.04,0.04
2444684,Morsy,Sam Morsy,Midfielder,IPS,0.02,0.02
2444684,Luongo,Massimo Luongo,Midfielder,IPS,0.01,0.00
2444684,Walton,Christian Walton,Goalkeeper,IPS,0.00,0.00
2444684,Burgess,Cameron Burgess,Defender,IPS,0.01,0.17
2444684,Tuanzebe,Axel Tuanzebe,Defender,IPS,0.00,0.00
2444684,Godfrey,Ben Godfrey,Defender,IPS,0.02,0.00
2444684,O'Shea,Dara O'Shea,Defender,IPS,0.01,0.12
2444684,Johnson (Ben),Ben Johnson,Defender,IPS,0.15,0.08
2444684,Hirst,George Hirst,Forward,IPS,0.00,0.00
2444684,Taylor (Jack),Jack Taylor,Midfielder,IPS,0.00,0.00
2444684,Clarke (Jack),Jack Clarke,Midfielder,IPS,0.01,0.00
2444684,Cajuste,Jens Cajuste,Midfielder,IPS,0.02,0.00
2444684,Davis,Leif Davis,Defender,IPS,0.06,0.00
2444684,Delap,Liam Delap,Forward,IPS,0.00,0.15
2444684,Philogene-Bidace,Jaden Philogene-Bidace,Midfielder,IPS,0.01,0.00
2444684,Hutchinson,Omari Hutchinson,Midfielder,IPS,0.03,0.04
2444684,Gundogan,Ilkay Gundogan,Midfielder,MCI,0.33,0.00
2444684,De Bruyne,Kevin De Bruyne,Midfielder,MCI,0.30,0.16
2444684,Kovacic,Mateo Kovacic,Midfielder,MCI,0.66,0.10
2444684,Grealish,Jack Grealish,Midfielder,MCI,0.02,0.00
2444684,Ederson,Ederson Santana de Moraes,Goalkeeper,MCI,0.00,0.00
2444684,Rúben Dias,Rúben Santos Gato Alves Dias,Defender,MCI,0.01,0.00
2444684,Foden,Phil Foden,Midfielder,MCI,0.06,0.79
2444684,Akanji,Manuel Akanji,Defender,MCI,0.02,0.00
2444684,Haaland,Erling Haaland,Forward,MCI,0.03,1.30
2444684,Doku,Jéremy Doku,Midfielder,MCI,0.30,0.08
2444684,Mcatee,James Mcatee,Midfielder,MCI,0.00,0.58
2444684,Matheus Nunes,Matheus Luiz Nunes,Midfielder,MCI,0.02,0.00
2444684,O’Reilly,Nico O’Reilly,Midfielder,MCI,0.00,0.03
2444684,Lewis (Rico),Rico Lewis,Defender,MCI,0.01,0.00
2444684,Gvardiol,Joško Gvardiol,Defender,MCI,0.06,0.00
2444684,Mubama,Divin Mubama,Forward,MCI,0.00,0.04
2444685,Cairney,Tom Cairney,Midfielder,FUL,0.00,0.07
2444685,Leno,Bernd Leno,Goalkeeper,FUL,0.00,0.00
2444685,Raúl Jiménez,Raul Alonso Jimenez Rodriguez,Forward,FUL,0.12,0.07
2444685,Iwobi,Alex Iwobi,Midfielder,FUL,0.07,0.10
2444685,Wilson (Harry),Harry Wilson,Midfielder,FUL,0.44,0.03
2444685,Traoré (Adama),Adama Traoré,Midfielder,FUL,0.02,0.13
2444685,Castagne,Timothy Castagne,Defender,FUL,0.01,0.00
2444685,Robinson (Antonee),Antonee Robinson,Defender,FUL,0.09,0.10
2444685,Andersen,Joachim Andersen,Defender,FUL,0.02,0.00
2444685,Berge,Sander Berge,Midfielder,FUL,0.02,0.00
2444685,Smith-Rowe,Emile Smith-Rowe,Midfielder,FUL,0.10,0.85
2444685,Lukic,Sasa Lukic,Midfielder,FUL,0.11,0.21
2444685,Diop,Issa Diop,Defender,FUL,0.00,0.00
2444685,Bassey,Calvin Bassey,Defender,FUL,0.02,0.29
2444685,Rodrigo Muniz,Rodrigo Muniz Carvalho,Forward,FUL,0.00,0.35
2444685,King (Joshua),Joshua King,Midfielder,FUL,0.00,0.00
2444685,Ayew,Jordan Ayew,Midfielder,LEI,0.01,0.26
2444685,Vestergaard,Jannik Vestergaard,Defender,LEI,0.00,0.00
2444685,Vardy,Jamie Vardy,Forward,LEI,0.00,0.02
2444685,Mavididi,Stephy Mavididi,Midfielder,LEI,0.01,0.04
2444685,Winks,Harry Winks,Midfielder,LEI,0.01,0.03
2444685,Skipp,Oliver Skipp,Midfielder,LEI,0.00,0.06
2444685,Faes,Wout Faes,Defender,LEI,0.00,0.00
2444685,Justin,James Justin,Defender,LEI,0.07,0.00
2444685,Soumaré,Boubakary Soumaré,Midfielder,LEI,0.01,0.00
2444685,Daka,Patson Daka,Forward,LEI,0.01,0.00
2444685,Stolarczyk,Jakub Stolarczyk,Goalkeeper,LEI,0.00,0.00
2444685,McAteer,Kasey McAteer,Midfielder,LEI,0.01,0.00
2444685,Kristiansen,Victor Kristiansen,Defender,LEI,0.09,0.08
2444685,El Khannouss,Bilal El Khannouss,Midfielder,LEI,0.04,0.00
2444685,Buonanotte,Facundo Buonanotte,Midfielder,LEI,0.06,0.00
2444686,Welbeck,Danny Welbeck,Forward,BHA,0.01,0.29
2444686,Dunk,Lewis Dunk,Defender,BHA,0.01,0.00
2444686,March,Solomon March,Midfielder,BHA,0.02,0.00
2444686,Veltman,Joël Veltman,Defender,BHA,0.01,0.00
2444686,Estupiñán,Pervis Estupiñán,Defender,BHA,0.00,0.00
2444686,Lamptey,Tariq Lamptey,Defender,BHA,0.00,0.00
2444686,Mitoma,Kaoru Mitoma,Midfielder,BHA,0.28,0.80
2444686,Rutter,Georginio Rutter,Midfielder,BHA,0.02,0.27
2444686,van Hecke,Jan-Paul van Hecke,Defender,BHA,0.01,0.00
2444686,Enciso,Julio Enciso,Midfielder,BHA,0.00,0.00
2444686,João Pedro,João Pedro Junqueira de Jesus,Forward,BHA,0.01,0.00
2444686,Verbruggen,Bart Verbruggen,Goalkeeper,BHA,0.00,0.00
2444686,Ayari,Yasin Ayari,Midfielder,BHA,0.02,0.00
2444686,Gómez (Diego),Diego Gómez,Midfielder,BHA,0.01,0.00
2444686,Baleba,Carlos Baleba,Midfielder,BHA,0.01,0.02
2444686,Minteh,Yankuba Minteh,Midfielder,BHA,0.65,0.54
2444686,Maguire,Harry Maguire,Defender,MUN,0.01,0.00
2444686,Bruno Fernandes,Bruno Miguel Borges Fernandes,Midfielder,MUN,0.23,0.88
2444686,Onana,André Onana,Goalkeeper,MUN,0.00,0.00
2444686,de Ligt,Matthijs de Ligt,Defender,MUN,0.01,0.06
2444686,Dalot,José Diogo Dalot Teixeira,Defender,MUN,0.04,0.00
2444686,Mazraoui,Noussair Mazraoui,Defender,MUN,0.06,0.00
2444686,Ugarte,Manuel Ugarte,Midfielder,MUN,0.00,0.05
2444686,Zirkzee,Joshua Zirkzee,Forward,MUN,0.01,0.23
2444686,Antony,Antony Matheus dos Santos,Midfielder,MUN,0.03,0.00
2444686,Collyer,Toby Collyer,Midfielder,MUN,0.00,0.00
2444686,Garnacho,Alejandro Garnacho Ferreyra,Midfielder,MUN,0.00,0.07
2444686,Amad Diallo,Amad Diallo Traore,Midfielder,MUN,0.14,0.10
2444686,Højlund,Rasmus Højlund,Forward,MUN,0.00,0.00
2444686,Mainoo,Kobbie Mainoo,Midfielder,MUN,0.01,0.00
2444686,Yoro,Leny Yoro,Defender,MUN,0.01,0.09
2444687,Kepa,Kepa Arrizabalaga Revuelta,Goalkeeper,BOU,0.00,0.00
2444687,Brooks,David Brooks,Midfielder,BOU,0.39,0.43
2444687,Cook,Lewis Cook,Midfielder,BOU,0.14,0.00
2444687,Christie,Ryan Christie,Midfielder,BOU,0.02,0.65
2444687,Adams (Tyler),Tyler Adams,Midfielder,BOU,0.04,0.00
2444687,Kluivert,Justin Kluivert,Midfielder,BOU,0.11,0.22
2444687,Semenyo,Antoine Semenyo,Midfielder,BOU,0.25,0.14
2444687,Zabarnyi,Illia Zabarnyi,Defender,BOU,0.04,0.12
2444687,Jebbison,Daniel Jebbison,Forward,BOU,0.01,0.21
2444687,Dango Ouattara,Dango Ouattara,Midfielder,BOU,0.11,0.36
2444687,Kerkez,Milos Kerkez,Defender,BOU,0.09,0.05
2444687,Huijsen,Dean Huijsen,Defender,BOU,0.00,0.11
2444687,Rees-Dottin,Remy Rees-Dottin,Forward,BOU,0.00,0.00
2444687,Winterburn,Ben Winterburn,Midfielder,BOU,0.00,0.00
2444687,Dubravka,Martin Dubravka,Goalkeeper,NEW,0.00,0.00
2444687,Trippier,Kieran Trippier,Defender,NEW,0.03,0.00
2444687,Burn,Dan Burn,Defender,NEW,0.06,0.00
2444687,Murphy (Jacob),Jacob Murphy,Midfielder,NEW,0.02,0.01
2444687,Schär,Fabian Schär,Defender,NEW,0.00,0.04
2444687,Joelinton,Joelinton Cássio Apolinário de Lira,Midfielder,NEW,0.03,0.13
2444687,Willock,Joseph Willock,Midfielder,NEW,0.00,0.14
2444687,Bruno Guimarães,Bruno Guimarães Rodriguez Moura,Midfielder,NEW,0.12,0.05
2444687,Isak,Alexander Isak,Forward,NEW,0.07,0.06
2444687,Botman,Sven Botman,Defender,NEW,0.01,0.00
2444687,Gordon (Anthony),Anthony Gordon,Midfielder,NEW,0.17,0.31
2444687,Tonali,Sandro Tonali,Midfielder,NEW,0.02,0.09
2444687,Livramento,Valentino Livramento,Defender,NEW,0.02,0.00
2444687,Lewis Hall,Lewis Hall,Defender,NEW,0.10,0.00
2444687,Osula,William Osula,Forward,NEW,0.00,0.00
2444688,Wood (Chris),Chris Wood,Forward,NFO,0.02,0.73
2444688,Sels,Matz Sels,Goalkeeper,NFO,0.00,0.00
2444688,Aina,Ola Aina,Defender,NFO,0.10,0.00
2444688,Yates,Ryan Yates,Midfielder,NFO,0.00,0.00
2444688,Hudson-Odoi,Callum Hudson-Odoi,Midfielder,NFO,0.04,0.09
2444688,Awoniyi,Taiwo Awoniyi,Forward,NFO,0.00,0.00
2444688,Williams (Neco),Neco Williams,Defender,NFO,0.04,0.01
2444688,Anderson,Elliot Anderson,Midfielder,NFO,0.01,0.03
2444688,Gibbs-White,Morgan Gibbs-White,Midfielder,NFO,0.08,0.62
2444688,Milenkovic,Nikola Milenkovic,Defender,NFO,0.02,0.00
2444688,Nicolás Domínguez,Nicolás Domínguez,Midfielder,NFO,0.51,0.01
2444688,Elanga,Anthony Elanga,Midfielder,NFO,0.17,0.18
2444688,Morato,Felipe Rodrigues da Silva,Defender,NFO,0.00,0.00
2444688,Sosa,Ramón Sosa,Midfielder,NFO,0.00,0.00
2444688,Jota Silva,João Pedro Ferreira da Silva,Midfielder,NFO,0.08,0.37
2444688,Murillo,Murillo Santiago Costa dos Santos,Defender,NFO,0.01,0.00
2444688,Paul Onuachu,Ebere Paul Onuachu,Forward,SOU,0.01,0.22
2444688,Armstrong (Adam),Adam Armstrong,Forward,SOU,0.03,0.00
2444688,Walker-Peters,Kyle Walker-Peters,Defender,SOU,0.07,0.05
2444688,Bednarek,Jan Bednarek,Defender,SOU,0.00,0.36
2444688,Bree,James Bree,Defender,SOU,0.01,0.00
2444688,Aribo,Joe Aribo,Midfielder,SOU,0.03,0.00
2444688,Manning,Ryan Manning,Defender,SOU,0.06,0.00
2444688,Smallbone,William Smallbone,Midfielder,SOU,0.00,0.00
2444688,Sugawara,Yukinari Sugawara,Defender,SOU,0.06,0.00
2444688,Downes,Flynn Downes,Midfielder,SOU,0.01,0.02
2444688,Ramsdale,Aaron Ramsdale,Goalkeeper,SOU,0.00,0.00
2444688,Harwood-Bellis,Taylor Harwood-Bellis,Defender,SOU,0.02,0.07
2444688,Archer,Cameron Archer,Forward,SOU,0.14,0.00
2444688,Ugochukwu,Lesley Ugochukwu,Midfielder,SOU,0.02,0.03
2444688,Sulemana,Kamaldeen Sulemana,Midfielder,SOU,0.01,0.00
2444688,Mateus Fernandes,Mateus Gonçalo Espanha Fernandes,Midfielder,SOU,0.38,0.15
2444689,Clyne,Nathaniel Clyne,Defender,CRY,0.00,0.00
2444689,Schlupp,Jeffrey Schlupp,Midfielder,CRY,0.06,0.00
2444689,Hughes,Will Hughes,Midfielder,CRY,0.02,0.00
2444689,Henderson,Dean Henderson,Goalkeeper,CRY,0.00,0.00
2444689,Eddie Nketiah,Edward Nketiah,Forward,CRY,0.00,0.12
2444689,Marc Guehi,Addji Keaninkin Marc-Israel Guehi,Defender,CRY,0.01,0.00
2444689,Kamada,Daichi Kamada,Midfielder,CRY,0.04,0.07
2444689,Mateta,Jean-Philippe Mateta,Forward,CRY,0.31,0.93
2444689,Ismaila Sarr,Ismaila Sarr,Midfielder,CRY,0.01,0.00
2444689,Eze,Eberechi Eze,Midfielder,CRY,0.44,0.05
2444689,Mitchell,Tyrick Mitchell,Defender,CRY,0.06,0.00
2444689,Muñoz,Daniel Muñoz,Defender,CRY,0.12,0.00
2444689,Richards (Chris),Chris Richards,Defender,CRY,0.01,0.03
2444689,Lacroix,Maxence Lacroix,Defender,CRY,0.00,0.11
2444689,Devenny,Justin Devenny,Midfielder,CRY,0.00,0.01
2444689,Fabianski,Lukasz Fabianski,Goalkeeper,WHU,0.00,0.00
2444689,Cresswell,Aaron Cresswell,Defender,WHU,0.00,0.00
2444689,Ings,Danny Ings,Forward,WHU,0.00,0.03
2444689,Emerson,Emerson Palmieri dos Santos,Defender,WHU,0.02,0.00
2444689,Rodríguez,Guido Rodríguez,Midfielder,WHU,0.00,0.00
2444689,Álvarez (Edson),Edson Álvarez,Midfielder,WHU,0.01,0.02
2444689,Kilman,Max Kilman,Defender,WHU,0.01,0.00
2444689,Wan-Bissaka,Aaron Wan-Bissaka,Defender,WHU,0.02,0.04
2444689,Soucek,Tomas Soucek,Midfielder,WHU,0.02,0.00
2444689,Lucas Paquetá,Lucas Tolentino Coelho de Lima,Midfielder,WHU,0.06,0.08
2444689,Soler (Carlos),Carlos Soler,Midfielder,WHU,0.17,0.00
2444689,Mavropanos,Konstantinos Mavropanos,Defender,WHU,0.00,0.00
2444689,Kudus,Mohammed Kudus,Midfielder,WHU,0.02,0.08
2444689,Orford,Lewis Orford,Midfielder,WHU,0.02,0.03
2444689,Scarles,Oliver Scarles,Defender,WHU,0.01,0.00
2444689,Luis Guilherme,Luis Guilherme Lira dos Santos,Midfielder,WHU,0.00,0.00
2444690,Kepa,Kepa Arrizabalaga Revuelta,Goalkeeper,BOU,0.00,0.00
2444690,Brooks,David Brooks,Midfielder,BOU,0.03,0.06
2444690,Cook,Lewis Cook,Midfielder,BOU,0.02,0.00
2444690,Christie,Ryan Christie,Midfielder,BOU,0.04,0.07
2444690,Adams (Tyler),Tyler Adams,Midfielder,BOU,0.04,0.00
2444690,Tavernier,Marcus Tavernier,Midfielder,BOU,0.04,0.22
2444690,Kluivert,Justin Kluivert,Midfielder,BOU,0.43,0.18
2444690,Semenyo,Antoine Semenyo,Midfielder,BOU,0.19,0.23
2444690,Zabarnyi,Illia Zabarnyi,Defender,BOU,0.01,0.00
2444690,Jebbison,Daniel Jebbison,Forward,BOU,0.00,0.00
2444690,Silcott-Duberry,Zain Silcott-Duberry,Midfielder,BOU,0.00,0.00
2444690,Dango Ouattara,Dango Ouattara,Midfielder,BOU,0.01,0.95
2444690,Kerkez,Milos Kerkez,Defender,BOU,0.01,0.00
2444690,Huijsen,Dean Huijsen,Defender,BOU,0.04,0.00
2444690,Wood (Chris),Chris Wood,Forward,NFO,0.01,0.00
2444690,Sels,Matz Sels,Goalkeeper,NFO,0.00,0.00
2444690,Álex Moreno,Alexandre Moreno Lopera,Defender,NFO,0.01,0.00
2444690,Aina,Ola Aina,Defender,NFO,0.02,0.00
2444690,Yates,Ryan Yates,Midfielder,NFO,0.01,0.02
2444690,Awoniyi,Taiwo Awoniyi,Forward,NFO,0.01,0.00
2444690,Williams (Neco),Neco Williams,Defender,NFO,0.00,0.06
2444690,Anderson,Elliot Anderson,Midfielder,NFO,0.37,0.01
2444690,Gibbs-White,Morgan Gibbs-White,Midfielder,NFO,0.17,0.32
2444690,Milenkovic,Nikola Milenkovic,Defender,NFO,0.01,0.24
2444690,Nicolás Domínguez,Nicolás Domínguez,Midfielder,NFO,0.04,0.00
2444690,Elanga,Anthony Elanga,Midfielder,NFO,0.20,0.17
2444690,Morato,Felipe Rodrigues da Silva,Defender,NFO,0.00,0.10
2444690,Sosa,Ramón Sosa,Midfielder,NFO,0.00,0.02
2444690,Jota Silva,João Pedro Ferreira da Silva,Midfielder,NFO,0.00,0.03
2444690,Murillo,Murillo Santiago Costa dos Santos,Defender,NFO,0.01,0.01
2444691,Martinez,Emiliano Martinez,Goalkeeper,AVL,0.00,0.00
2444691,Digne,Lucas Digne,Defender,AVL,0.07,0.09
2444691,McGinn,John McGinn,Midfielder,AVL,0.00,0.00
2444691,Mings,Tyrone Mings,Defender,AVL,0.00,0.00
2444691,Tielemans,Youri Tielemans,Midfielder,AVL,0.13,0.04
2444691,Watkins,Ollie Watkins,Forward,AVL,0.04,0.13
2444691,Buendía,Emiliano Buendía,Midfielder,AVL,0.01,0.02
2444691,Cash,Matthew Cash,Defender,AVL,0.01,0.00
2444691,Konsa Ngoyo,Ezri Konsa Ngoyo,Defender,AVL,0.00,0.00
2444691,Malen,Donyell Malen,Midfielder,AVL,0.00,0.03
2444691,Bailey,Leon Bailey,Midfielder,AVL,0.12,0.13
2444691,Kamara,Boubacar Kamara,Midfielder,AVL,0.05,0.10
2444691,Ramsey (Jacob),Jacob Ramsey,Midfielder,AVL,0.05,0.18
2444691,Rogers,Morgan Rogers,Midfielder,AVL,0.05,0.00
2444691,Maatsen,Ian Maatsen,Defender,AVL,0.03,0.04
2444691,Durán,Jhon Durán,Forward,AVL,0.01,0.09
2444691,Cresswell,Aaron Cresswell,Defender,WHU,0.28,0.00
2444691,Areola,Alphonse Areola,Goalkeeper,WHU,0.00,0.00
2444691,Ings,Danny Ings,Forward,WHU,0.00,0.12
2444691,Emerson,Emerson Palmieri dos Santos,Defender,WHU,0.19,0.35
2444691,Coufal,Vladimir Coufal,Defender,WHU,0.29,0.00
2444691,Rodríguez,Guido Rodríguez,Midfielder,WHU,0.00,0.00
2444691,Álvarez (Edson),Edson Álvarez,Midfielder,WHU,0.18,0.10
2444691,Kilman,Max Kilman,Defender,WHU,0.02,0.00
2444691,Wan-Bissaka,Aaron Wan-Bissaka,Defender,WHU,0.11,0.00
2444691,Soucek,Tomas Soucek,Midfielder,WHU,0.12,0.08
2444691,Lucas Paquetá,Lucas Tolentino Coelho de Lima,Midfielder,WHU,0.03,0.44
2444691,Soler (Carlos),Carlos Soler,Midfielder,WHU,0.03,0.08
2444691,Irving,Andy Irving,Midfielder,WHU,0.00,0.07
2444691,Kudus,Mohammed Kudus,Midfielder,WHU,0.03,0.08
2444691,Scarles,Oliver Scarles,Defender,WHU,0.00,0.00
2444692,Welbeck,Danny Welbeck,Forward,BHA,0.02,0.05
2444692,Dunk,Lewis Dunk,Defender,BHA,0.09,0.00
2444692,Webster,Adam Webster,Defender,BHA,0.02,0.00
2444692,Veltman,Joël Veltman,Defender,BHA,0.10,0.07
2444692,O’Riley,Matt O’Riley,Midfielder,BHA,0.01,0.03
2444692,Lamptey,Tariq Lamptey,Defender,BHA,0.07,0.06
2444692,Mitoma,Kaoru Mitoma,Midfielder,BHA,0.07,0.07
2444692,Rutter,Georginio Rutter,Midfielder,BHA,0.05,0.05
2444692,van Hecke,Jan-Paul van Hecke,Defender,BHA,0.11,0.00
2444692,João Pedro,João Pedro Junqueira de Jesus,Forward,BHA,0.06,0.20
2444692,Verbruggen,Bart Verbruggen,Goalkeeper,BHA,0.01,0.00
2444692,Ayari,Yasin Ayari,Midfielder,BHA,0.04,0.13
2444692,Gruda,Brajan Gruda,Midfielder,BHA,0.01,0.00
2444692,Hinshelwood,Jack Hinshelwood,Midfielder,BHA,0.04,0.00
2444692,Baleba,Carlos Baleba,Midfielder,BHA,0.06,0.07
2444692,Minteh,Yankuba Minteh,Midfielder,BHA,0.01,0.00
2444692,Tarkowski,James Tarkowski,Defender,EVE,0.02,0.00
2444692,Young (Ashley),Ashley Young,Defender,EVE,0.00,0.00
2444692,Gueye,Idrissa Gueye,Midfielder,EVE,0.01,0.00
2444692,Pickford,Jordan Pickford,Goalkeeper,EVE,0.00,0.00
2444692,Doucouré,Abdoulaye Doucouré,Midfielder,EVE,0.04,0.00
2444692,Calvert-Lewin,Dominic Calvert-Lewin,Forward,EVE,0.00,0.00
2444692,Mangala,Orel Mangala,Midfielder,EVE,0.00,0.02
2444692,Mykolenko,Vitaliy Mykolenko,Defender,EVE,0.00,0.00
2444692,Garner,James Garner,Midfielder,EVE,0.00,0.00
2444692,Patterson (Nathan),Nathan Patterson,Defender,EVE,0.00,0.00
2444692,Ndiaye,Iliman Ndiaye,Forward,EVE,0.00,0.79
2444692,Lindstrom,Jesper Lindstrom,Midfielder,EVE,0.00,0.00
2444692,Branthwaite,Jarrad Branthwaite,Defender,EVE,0.02,0.00
2444692,Beto,Norberto Bercique Gomes Betuncal,Forward,EVE,0.00,0.04
2444692,O'Brien (Jake),Jake O'Brien,Defender,EVE,0.00,0.00
2444693,Mee (Ben),Ben Mee,Defender,BRE,0.00,0.00
2444693,Flekken,Mark Flekken,Goalkeeper,BRE,0.00,0.00
2444693,Norgaard,Christian Norgaard,Midfielder,BRE,0.01,0.00
2444693,Janelt,Vitaly Janelt,Midfielder,BRE,0.05,0.00
2444693,Jensen,Mathias Jensen,Midfielder,BRE,0.03,0.00
2444693,Wissa,Yoane Wissa,Forward,BRE,0.00,0.16
2444693,Roerslev,Mads Roerslev,Defender,BRE,0.10,0.03
2444693,Lewis-Potter,Keane Lewis-Potter,Midfielder,BRE,0.12,0.03
2444693,Collins,Nathan Collins,Defender,BRE,0.06,0.00
2444693,Damsgaard,Mikkel Damsgaard,Midfielder,BRE,0.27,0.00
2444693,van den Berg,Sepp van den Berg,Defender,BRE,0.01,0.06
2444693,Mbeumo,Bryan Mbeumo,Midfielder,BRE,0.03,0.87
2444693,Yarmolyuk,Ehor Yarmolyuk,Midfielder,BRE,0.00,0.00
2444693,Schade,Kevin Schade,Midfielder,BRE,0.08,0.12
2444693,Hughes,Will Hughes,Midfielder,CRY,0.03,0.04
2444693,Lerma,Jefferson Lerma,Midfielder,CRY,0.02,0.05
2444693,Henderson,Dean Henderson,Goalkeeper,CRY,0.01,0.00
2444693,Eddie Nketiah,Edward Nketiah,Forward,CRY,0.06,0.09
2444693,Marc Guehi,Addji Keaninkin Marc-Israel Guehi,Defender,CRY,0.04,0.00
2444693,Kamada,Daichi Kamada,Midfielder,CRY,0.00,0.00
2444693,Mateta,Jean-Philippe Mateta,Forward,CRY,0.00,0.03
2444693,Ismaila Sarr,Ismaila Sarr,Midfielder,CRY,0.15,0.00
2444693,Eze,Eberechi Eze,Midfielder,CRY,0.12,0.30
2444693,Mitchell,Tyrick Mitchell,Defender,CRY,0.02,0.00
2444693,Muñoz,Daniel Muñoz,Defender,CRY,0.64,0.02
2444693,Richards (Chris),Chris Richards,Defender,CRY,0.04,0.02
2444693,Lacroix,Maxence Lacroix,Defender,CRY,0.01,0.20
2444693,Esse,Romain Esse,Midfielder,CRY,0.00,0.32
2444694,Cairney,Tom Cairney,Midfielder,FUL,0.01,0.00
2444694,Leno,Bernd Leno,Goalkeeper,FUL,0.00,0.00
2444694,Raúl Jiménez,Raul Alonso Jimenez Rodriguez,Forward,FUL,0.00,0.08
2444694,Iwobi,Alex Iwobi,Midfielder,FUL,0.04,0.09
2444694,Wilson (Harry),Harry Wilson,Midfielder,FUL,0.01,0.00
2444694,Pereira,Andreas Pereira,Midfielder,FUL,0.06,0.00
2444694,Traoré (Adama),Adama Traoré,Midfielder,FUL,0.03,0.06
2444694,Castagne,Timothy Castagne,Defender,FUL,0.04,0.00
2444694,Robinson (Antonee),Antonee Robinson,Defender,FUL,0.15,0.00
2444694,Andersen,Joachim Andersen,Defender,FUL,0.01,0.11
2444694,Berge,Sander Berge,Midfielder,FUL,0.02,0.00
2444694,Smith-Rowe,Emile Smith-Rowe,Midfielder,FUL,0.02,0.08
2444694,Lukic,Sasa Lukic,Midfielder,FUL,0.01,0.00
2444694,Bassey,Calvin Bassey,Defender,FUL,0.02,0.00
2444694,Rodrigo Muniz,Rodrigo Muniz Carvalho,Forward,FUL,0.00,0.26
2444694,Maguire,Harry Maguire,Defender,MUN,0.00,0.00
2444694,Bruno Fernandes,Bruno Miguel Borges Fernandes,Midfielder,MUN,0.23,0.06
2444694,Onana,André Onana,Goalkeeper,MUN,0.00,0.00
2444694,de Ligt,Matthijs de Ligt,Defender,MUN,0.00,0.18
2444694,Dalot,José Diogo Dalot Teixeira,Defender,MUN,0.01,0.00
2444694,Martínez,Lisandro Martínez,Defender,MUN,0.02,0.02
2444694,Malacia,Tyrell Malacia,Defender,MUN,0.00,0.00
2444694,Mazraoui,Noussair Mazraoui,Defender,MUN,0.01,0.00
2444694,Ugarte,Manuel Ugarte,Midfielder,MUN,0.01,0.00
2444694,Zirkzee,Joshua Zirkzee,Forward,MUN,0.00,0.00
2444694,Collyer,Toby Collyer,Midfielder,MUN,0.00,0.00
2444694,Garnacho,Alejandro Garnacho Ferreyra,Midfielder,MUN,0.04,0.00
2444694,Amad Diallo,Amad Diallo Traore,Midfielder,MUN,0.01,0.00
2444694,Højlund,Rasmus Højlund,Forward,MUN,0.01,0.00
2444694,Mainoo,Kobbie Mainoo,Midfielder,MUN,0.00,0.00
2444694,Yoro,Leny Yoro,Defender,MUN,0.00,0.00
2444695,Morsy,Sam Morsy,Midfielder,IPS,0.00,0.00
2444695,Townsend,Conor Townsend,Defender,IPS,0.07,0.00
2444695,Walton,Christian Walton,Goalkeeper,IPS,0.00,0.00
2444695,Burns,Wes Burns,Midfielder,IPS,0.00,0.00
2444695,Phillips (Kalvin),Kalvin Phillips,Midfielder,IPS,0.01,0.00
2444695,Broadhead,Nathan Broadhead,Midfielder,IPS,0.00,0.00
2444695,Tuanzebe,Axel Tuanzebe,Defender,IPS,0.00,0.00
2444695,O'Shea,Dara O'Shea,Defender,IPS,0.00,0.00
2444695,Johnson (Ben),Ben Johnson,Defender,IPS,0.00,0.00
2444695,Hirst,George Hirst,Forward,IPS,0.00,0.20
2444695,Greaves,Jacob Greaves,Defender,IPS,0.00,0.25
2444695,Davis,Leif Davis,Defender,IPS,0.00,0.00
2444695,Delap,Liam Delap,Forward,IPS,0.00,0.00
2444695,Enciso,Julio Enciso,Midfielder,IPS,0.22,0.00
2444695,Philogene-Bidace,Jaden Philogene-Bidace,Midfielder,IPS,0.01,0.00
2444695,Hutchinson,Omari Hutchinson,Midfielder,IPS,0.01,0.03
2444695,van Dijk,Virgil van Dijk,Defender,LIV,0.10,0.07
2444695,Alisson,Alisson Ramses Becker,Goalkeeper,LIV,0.00,0.00
2444695,Salah,Mohamed Salah,Midfielder,LIV,0.12,0.23
2444695,Robertson,Andrew Robertson,Defender,LIV,0.09,0.00
2444695,Endo,Wataru Endo,Midfielder,LIV,0.01,0.00
2444695,Alexander-Arnold,Trent Alexander-Arnold,Defender,LIV,0.49,0.13
2444695,Konaté,Ibrahima Konaté,Defender,LIV,0.10,0.00
2444695,Chiesa,Federico Chiesa,Midfielder,LIV,0.00,0.00
2444695,Mac Allister,Alexis Mac Allister,Midfielder,LIV,0.15,0.02
2444695,Gakpo,Cody Gakpo,Forward,LIV,0.06,1.09
2444695,Díaz,Luis Díaz,Midfielder,LIV,0.03,0.00
2444695,Szoboszlai,Dominik Szoboszlai,Midfielder,LIV,0.04,0.67
2444695,Gravenberch,Ryan Gravenberch,Midfielder,LIV,0.29,0.00
2444695,Elliott,Harvey Elliott,Midfielder,LIV,0.02,0.03
2444695,Núñez,Darwin Núñez,Forward,LIV,0.02,0.00
2444695,Danns,Jayden Danns,Forward,LIV,0.01,0.00
2444696,Cucurella,Marc Cucurella,Defender,CHE,0.18,0.04
2444696,Chalobah,Trevoh Chalobah,Defender,CHE,0.17,0.00
2444696,Sancho,Jadon Sancho,Midfielder,CHE,0.04,0.24
2444696,Nkunku,Christopher Nkunku,Midfielder,CHE,0.00,0.00
2444696,Sanchez,Robert Sanchez,Goalkeeper,CHE,0.00,0.00
2444696,James,Reece James,Defender,CHE,0.00,0.02
2444696,Palmer (Cole),Cole Palmer,Midfielder,CHE,0.14,0.07
2444696,Neto,Pedro Neto,Midfielder,CHE,0.01,0.00
2444696,Madueke,Noni Madueke,Midfielder,CHE,0.02,0.97
2444696,Fernández,Enzo Fernández,Midfielder,CHE,0.01,0.04
2444696,Colwill,Levi Colwill,Defender,CHE,0.00,0.05
2444696,Gusto,Malo Gusto,Defender,CHE,0.00,0.00
2444696,Moises Caicedo,Moises Caicedo,Midfielder,CHE,0.01,0.00
2444696,Jackson (Nicolas),Nicolas Jackson,Forward,CHE,0.57,0.38
2444696,Gundogan,Ilkay Gundogan,Midfielder,MCI,0.19,0.04
2444696,De Bruyne,Kevin De Bruyne,Midfielder,MCI,0.01,0.00
2444696,Kovacic,Mateo Kovacic,Midfielder,MCI,0.02,0.05
2444696,Stones,John Stones,Defender,MCI,0.00,0.00
2444696,Ederson,Ederson Santana de Moraes,Goalkeeper,MCI,0.00,0.00
2444696,Bernardo Silva,Bernardo Mota Veiga de Carvalho e Silva,Midfielder,MCI,0.08,0.00
2444696,Foden,Phil Foden,Midfielder,MCI,0.02,0.46
2444696,Akanji,Manuel Akanji,Defender,MCI,0.01,0.00
2444696,Haaland,Erling Haaland,Forward,MCI,0.03,0.33
2444696,Omar Marmoush,Omar Khaled Mohamed Marmoush,Forward,MCI,0.09,0.15
2444696,Matheus Nunes,Matheus Luiz Nunes,Midfielder,MCI,0.04,0.36
2444696,Gvardiol,Joško Gvardiol,Defender,MCI,0.01,1.10
2444696,Khusanov,Abduqodir Khusanov,Defender,MCI,0.00,0.02
2444697,Dubravka,Martin Dubravka,Goalkeeper,NEW,0.00,0.00
2444697,Burn,Dan Burn,Defender,NEW,0.00,0.13
2444697,Murphy (Jacob),Jacob Murphy,Midfielder,NEW,0.23,0.04
2444697,Schär,Fabian Schär,Defender,NEW,0.01,0.07
2444697,Almirón,Miguel Almirón,Midfielder,NEW,0.02,0.05
2444697,Longstaff (Sean),Sean Longstaff,Midfielder,NEW,0.00,0.00
2444697,Joelinton,Joelinton Cássio Apolinário de Lira,Midfielder,NEW,0.01,0.35
2444697,Willock,Joseph Willock,Midfielder,NEW,0.02,0.01
2444697,Bruno Guimarães,Bruno Guimarães Rodriguez Moura,Midfielder,NEW,0.73,0.00
2444697,Isak,Alexander Isak,Forward,NEW,0.25,1.50
2444697,Gordon (Anthony),Anthony Gordon,Midfielder,NEW,0.17,0.10
2444697,Tonali,Sandro Tonali,Midfielder,NEW,0.02,0.59
2444697,Livramento,Valentino Livramento,Defender,NEW,0.02,0.02
2444697,Lewis Hall,Lewis Hall,Defender,NEW,0.04,0.05
2444697,Miley (Lewis),Lewis Miley,Midfielder,NEW,0.01,0.00
2444697,Lallana,Adam Lallana,Midfielder,SOU,0.00,0.00
2444697,McCarthy,Alex McCarthy,Goalkeeper,SOU,0.00,0.00
2444697,Fraser (Ryan),Ryan Fraser,Midfielder,SOU,0.00,0.00
2444697,Paul Onuachu,Ebere Paul Onuachu,Forward,SOU,0.06,0.00
2444697,Armstrong (Adam),Adam Armstrong,Forward,SOU,0.00,0.05
2444697,Walker-Peters,Kyle Walker-Peters,Defender,SOU,0.03,0.03
2444697,Bednarek,Jan Bednarek,Defender,SOU,0.00,0.22
2444697,Bree,James Bree,Defender,SOU,0.14,0.03
2444697,Aribo,Joe Aribo,Midfielder,SOU,0.02,0.00
2444697,Manning,Ryan Manning,Defender,SOU,0.05,0.00
2444697,Smallbone,William Smallbone,Midfielder,SOU,0.00,0.00
2444697,Sugawara,Yukinari Sugawara,Defender,SOU,0.01,0.00
2444697,Harwood-Bellis,Taylor Harwood-Bellis,Defender,SOU,0.07,0.23
2444697,Archer,Cameron Archer,Forward,SOU,0.01,0.04
2444697,Ugochukwu,Lesley Ugochukwu,Midfielder,SOU,0.02,0.02
2444697,Mateus Fernandes,Mateus Gonçalo Espanha Fernandes,Midfielder,SOU,0.11,0.14
2444698,Ayew,Jordan Ayew,Midfielder,LEI,0.10,0.12
2444698,Vestergaard,Jannik Vestergaard,Defender,LEI,0.00,0.00
2444698,Coady,Conor Coady,Defender,LEI,0.00,0.00
2444698,DeCordova-Reid,Bobby DeCordova-Reid,Midfielder,LEI,0.01,0.00
2444698,Vardy,Jamie Vardy,Forward,LEI,0.04,1.13
2444698,Winks,Harry Winks,Midfielder,LEI,0.04,0.00
2444698,Skipp,Oliver Skipp,Midfielder,LEI,0.00,0.00
2444698,Faes,Wout Faes,Defender,LEI,0.00,0.11
2444698,Justin,James Justin,Defender,LEI,0.02,0.09
2444698,Soumaré,Boubakary Soumaré,Midfielder,LEI,0.04,0.02
2444698,Daka,Patson Daka,Forward,LEI,0.00,0.00
2444698,Stolarczyk,Jakub Stolarczyk,Goalkeeper,LEI,0.00,0.00
2444698,Kristiansen,Victor Kristiansen,Defender,LEI,0.03,0.00
2444698,Coulibaly,Woyo Coulibaly,Defender,LEI,0.00,0.00
2444698,El Khannouss,Bilal El Khannouss,Midfielder,LEI,0.01,0.07
2444698,Buonanotte,Facundo Buonanotte,Midfielder,LEI,0.00,0.00
2444698,Son,Heung-Min Son,Midfielder,TOT,0.03,0.05
2444698,Davies (Ben),Ben Davies,Defender,TOT,0.01,0.07
2444698,Reguilón,Sergio Reguilón,Defender,TOT,0.01,0.00
2444698,Bentancur,Rodrigo Bentancur,Midfielder,TOT,0.02,0.05
2444698,Richarlison,Richarlison de Andrade,Forward,TOT,0.00,0.47
2444698,Porro,Pedro Porro,Defender,TOT,0.52,0.17
2444698,Kulusevski,Dejan Kulusevski,Midfielder,TOT,0.05,0.07
2444698,Sarr (Pape),Pape Sarr,Midfielder,TOT,0.00,0.04
2444698,Kinsky,Antonín Kinsky,Goalkeeper,TOT,0.01,0.00
2444698,Dragusin,Radu Dragusin,Defender,TOT,0.07,0.03
2444698,Moore (Mikey),Mikey Moore,Midfielder,TOT,0.01,0.04
2444698,Gray (Archie),Archie Gray,Midfielder,TOT,0.02,0.00
2444698,Lankshear,Will Lankshear,Forward,TOT,0.00,0.00
2444698,Bergvall,Lucas Bergvall,Midfielder,TOT,0.04,0.05
2444699,Trossard,Leandro Trossard,Midfielder,ARS,0.23,0.00
2444699,Raya Martin,David Raya Martin,Goalkeeper,ARS,0.00,0.00
2444699,Partey,Thomas Partey,Midfielder,ARS,0.02,0.03
2444699,Tierney,Kieran Tierney,Defender,ARS,0.00,0.00
2444699,Rice,Declan Rice,Midfielder,ARS,0.27,0.04
2444699,Havertz,Kai Havertz,Forward,ARS,0.00,0.53
2444699,Gabriel Magalhães,Gabriel dos Santos Magalhães,Defender,ARS,0.01,0.06
2444699,Martinelli,Gabriel Teodoro Martinelli Silva,Midfielder,ARS,0.02,0.00
2444699,Jurriën Timber,Jurriën Timber,Defender,ARS,0.02,0.00
2444699,Saliba,William Saliba,Defender,ARS,0.00,0.00
2444699,Calafiori,Riccardo Calafiori,Defender,ARS,0.01,0.10
2444699,Lewis-Skelly,Myles Lewis-Skelly,Midfielder,ARS,0.03,0.00
2444699,Nwaneri,Ethan Nwaneri,Midfielder,ARS,0.00,0.24
2444699,Doherty,Matt Doherty,Defender,WOL,0.01,0.00
2444699,Sarabia,Pablo Sarabia,Midfielder,WOL,0.01,0.50
2444699,José Sá,José Pedro Malheiro de Sá,Goalkeeper,WOL,0.00,0.00
2444699,Gonçalo Guedes,Gonçalo Manuel Ganchinho Guedes,Midfielder,WOL,0.00,0.00
2444699,Hwang Hee-Chan,Hee-Chan Hwang,Midfielder,WOL,0.02,0.02
2444699,Semedo,Nelson Semedo,Defender,WOL,0.04,0.00
2444699,Doyle (Tommy),Tommy Doyle,Midfielder,WOL,0.00,0.00
2444699,Bellegarde,Jean-Ricner Bellegarde,Midfielder,WOL,0.02,0.00
2444699,Bueno (Santiago),Santiago Bueno,Defender,WOL,0.00,0.00
2444699,Strand Larsen,Jørgen Strand Larsen,Forward,WOL,0.00,0.00
2444699,Matheus Cunha,Matheus Santos Carneiro Da Cunha,Forward,WOL,0.03,0.13
2444699,João Gomes,João Victor Gomes da Silva,Midfielder,WOL,0.01,0.00
2444699,Ait Nouri,Rayan Ait Nouri,Defender,WOL,0.01,0.08
2444699,Rodrigo Gomes,Rodrigo Martins Gomes,Midfielder,WOL,0.00,0.00
2444699,André,André Trindade da Costa Neto,Midfielder,WOL,0.01,0.00
2444699,Agbadou,Emmanuel Agbadou,Defender,WOL,0.01,0.02
2444700,Kepa,Kepa Arrizabalaga Revuelta,Goalkeeper,BOU,0.00,0.00
2444700,Brooks,David Brooks,Midfielder,BOU,0.11,0.00
2444700,Cook,Lewis Cook,Midfielder,BOU,0.02,0.00
2444700,Christie,Ryan Christie,Midfielder,BOU,0.28,0.03
2444700,Adams (Tyler),Tyler Adams,Midfielder,BOU,0.01,0.00
2444700,Tavernier,Marcus Tavernier,Midfielder,BOU,0.01,0.07
2444700,Kluivert,Justin Kluivert,Midfielder,BOU,0.03,0.68
2444700,Semenyo,Antoine Semenyo,Midfielder,BOU,0.07,0.70
2444700,Zabarnyi,Illia Zabarnyi,Defender,BOU,0.01,0.00
2444700,Jebbison,Daniel Jebbison,Forward,BOU,0.01,0.00
2444700,Dango Ouattara,Dango Ouattara,Midfielder,BOU,0.09,0.11
2444700,Kerkez,Milos Kerkez,Defender,BOU,0.01,0.00
2444700,Huijsen,Dean Huijsen,Defender,BOU,0.01,0.02
2444700,van Dijk,Virgil van Dijk,Defender,LIV,0.01,0.00
2444700,Alisson,Alisson Ramses Becker,Goalkeeper,LIV,0.00,0.00
2444700,Salah,Mohamed Salah,Midfielder,LIV,0.39,0.88
2444700,Robertson,Andrew Robertson,Defender,LIV,0.30,0.00
2444700,Endo,Wataru Endo,Midfielder,LIV,0.00,0.00
2444700,Alexander-Arnold,Trent Alexander-Arnold,Defender,LIV,0.03,0.15
2444700,Konaté,Ibrahima Konaté,Defender,LIV,0.00,0.00
2444700,Jones,Curtis Jones,Midfielder,LIV,0.03,0.38
2444700,Mac Allister,Alexis Mac Allister,Midfielder,LIV,0.02,0.20
2444700,Gakpo,Cody Gakpo,Forward,LIV,0.05,0.02
2444700,Díaz,Luis Díaz,Midfielder,LIV,0.10,0.67
2444700,Szoboszlai,Dominik Szoboszlai,Midfielder,LIV,0.63,0.16
2444700,Gravenberch,Ryan Gravenberch,Midfielder,LIV,0.01,0.04
2444700,Núñez,Darwin Núñez,Forward,LIV,0.00,0.00
2444700,Bradley,Conor Bradley,Defender,LIV,0.02,0.03
2444701,Sterling,Raheem Sterling,Midfielder,ARS,0.01,0.00
2444701,Trossard,Leandro Trossard,Midfielder,ARS,0.01,0.00
2444701,Raya Martin,David Raya Martin,Goalkeeper,ARS,0.00,0.00
2444701,Partey,Thomas Partey,Midfielder,ARS,0.02,0.05
2444701,Odegaard,Martin Odegaard,Midfielder,ARS,0.04,0.14
2444701,Merino,Mikel Merino,Midfielder,ARS,0.00,0.00
2444701,Rice,Declan Rice,Midfielder,ARS,0.20,0.00
2444701,Havertz,Kai Havertz,Forward,ARS,0.25,0.49
2444701,Gabriel Magalhães,Gabriel dos Santos Magalhães,Defender,ARS,0.02,0.05
2444701,Martinelli,Gabriel Teodoro Martinelli Silva,Midfielder,ARS,0.06,0.17
2444701,Jurriën Timber,Jurriën Timber,Defender,ARS,0.00,0.04
2444701,Saliba,William Saliba,Defender,ARS,0.00,0.00
2444701,Calafiori,Riccardo Calafiori,Defender,ARS,0.00,0.00
2444701,Lewis-Skelly,Myles Lewis-Skelly,Midfielder,ARS,0.02,0.04
2444701,Nwaneri,Ethan Nwaneri,Midfielder,ARS,0.02,0.02
2444701,De Bruyne,Kevin De Bruyne,Midfielder,MCI,0.00,0.00
2444701,Ortega Moreno,Stefan Ortega Moreno,Goalkeeper,MCI,0.00,0.00
2444701,Kovacic,Mateo Kovacic,Midfielder,MCI,0.06,0.03
2444701,Stones,John Stones,Defender,MCI,0.02,0.00
2444701,Bernardo Silva,Bernardo Mota Veiga de Carvalho e Silva,Midfielder,MCI,0.02,0.00
2444701,Foden,Phil Foden,Midfielder,MCI,0.06,0.00
2444701,Akanji,Manuel Akanji,Defender,MCI,0.03,0.16
2444701,Haaland,Erling Haaland,Forward,MCI,0.03,0.36
2444701,Mcatee,James Mcatee,Midfielder,MCI,0.00,0.00
2444701,Omar Marmoush,Omar Khaled Mohamed Marmoush,Forward,MCI,0.33,0.02
2444701,Matheus Nunes,Matheus Luiz Nunes,Midfielder,MCI,0.03,0.00
2444701,Gvardiol,Joško Gvardiol,Defender,MCI,0.03,0.17
2444701,Savinho,Sávio Moreira de Oliveira,Midfielder,MCI,0.56,0.08
2444702,Norgaard,Christian Norgaard,Midfielder,BRE,0.02,0.11
2444702,Ajer,Kristoffer Ajer,Defender,BRE,0.02,0.06
2444702,Janelt,Vitaly Janelt,Midfielder,BRE,0.16,0.00
2444702,Jensen,Mathias Jensen,Midfielder,BRE,0.01,0.02
2444702,Wissa,Yoane Wissa,Forward,BRE,0.04,0.79
2444702,Carvalho,Fabio Carvalho,Midfielder,BRE,0.00,0.28
2444702,Lewis-Potter,Keane Lewis-Potter,Midfielder,BRE,0.05,0.03
2444702,Collins,Nathan Collins,Defender,BRE,0.03,0.00
2444702,Damsgaard,Mikkel Damsgaard,Midfielder,BRE,0.18,0.16
2444702,van den Berg,Sepp van den Berg,Defender,BRE,0.01,0.03
2444702,Mbeumo,Bryan Mbeumo,Midfielder,BRE,0.37,0.22
2444702,Valdimarsson,Hákon Valdimarsson,Goalkeeper,BRE,0.00,0.00
2444702,Schade,Kevin Schade,Midfielder,BRE,0.11,0.38
2444702,Kayode,Michael Kayode,Defender,BRE,0.06,0.00
2444702,Son,Heung-Min Son,Midfielder,TOT,0.15,0.04
2444702,Davies (Ben),Ben Davies,Defender,TOT,0.00,0.00
2444702,Bentancur,Rodrigo Bentancur,Midfielder,TOT,0.19,0.00
2444702,Richarlison,Richarlison de Andrade,Forward,TOT,0.00,0.12
2444702,Bissouma,Yves Bissouma,Midfielder,TOT,0.04,0.07
2444702,Spence,Djed Spence,Defender,TOT,0.08,0.02
2444702,Porro,Pedro Porro,Defender,TOT,0.01,0.02
2444702,Kulusevski,Dejan Kulusevski,Midfielder,TOT,0.09,0.27
2444702,Sarr (Pape),Pape Sarr,Midfielder,TOT,0.00,0.26
2444702,Kinsky,Antonín Kinsky,Goalkeeper,TOT,0.00,0.00
2444702,Scarlett,Dane Scarlett,Forward,TOT,0.00,0.00
2444702,Moore (Mikey),Mikey Moore,Midfielder,TOT,0.11,0.00
2444702,Gray (Archie),Archie Gray,Midfielder,TOT,0.01,0.00
2444702,Bergvall,Lucas Bergvall,Midfielder,TOT,0.00,0.07
2444703,Tosin,Oluwatosin Adarabioyo,Defender,CHE,0.02,0.24
2444703,Cucurella,Marc Cucurella,Defender,CHE,0.04,0.05
2444703,Chalobah,Trevoh Chalobah,Defender,CHE,0.00,0.00
2444703,Sancho,Jadon Sancho,Midfielder,CHE,0.01,0.14
2444703,Nkunku,Christopher Nkunku,Midfielder,CHE,0.01,0.00
2444703,James,Reece James,Defender,CHE,0.17,0.00
2444703,Palmer (Cole),Cole Palmer,Midfielder,CHE,0.42,0.29
2444703,Neto,Pedro Neto,Midfielder,CHE,0.08,0.20
2444703,Madueke,Noni Madueke,Midfielder,CHE,0.16,0.09
2444703,Fernández,Enzo Fernández,Midfielder,CHE,0.02,0.56
2444703,Colwill,Levi Colwill,Defender,CHE,0.01,0.06
2444703,Gusto,Malo Gusto,Defender,CHE,0.18,0.00
2444703,Moises Caicedo,Moises Caicedo,Midfielder,CHE,0.04,0.00
2444703,Guiu,Marc Guiu,Forward,CHE,0.02,0.00
2444703,Jørgensen,Filip Jørgensen,Goalkeeper,CHE,0.00,0.00
2444703,Jackson (Nicolas),Nicolas Jackson,Forward,CHE,0.02,0.04
2444703,Cresswell,Aaron Cresswell,Defender,WHU,0.12,0.08
2444703,Areola,Alphonse Areola,Goalkeeper,WHU,0.00,0.00
2444703,Ings,Danny Ings,Forward,WHU,0.01,0.05
2444703,Emerson,Emerson Palmieri dos Santos,Defender,WHU,0.00,0.07
2444703,Coufal,Vladimir Coufal,Defender,WHU,0.00,0.00
2444703,Bowen,Jarrod Bowen,Midfielder,WHU,0.43,0.20
2444703,Kilman,Max Kilman,Defender,WHU,0.00,0.00
2444703,Wan-Bissaka,Aaron Wan-Bissaka,Defender,WHU,0.01,0.00
2444703,Soucek,Tomas Soucek,Midfielder,WHU,0.02,0.00
2444703,Soler (Carlos),Carlos Soler,Midfielder,WHU,0.12,0.00
2444703,Irving,Andy Irving,Midfielder,WHU,0.11,0.02
2444703,Mavropanos,Konstantinos Mavropanos,Defender,WHU,0.00,0.03
2444703,Kudus,Mohammed Kudus,Midfielder,WHU,0.01,0.77
2444703,Orford,Lewis Orford,Midfielder,WHU,0.02,0.00
2444703,Scarles,Oliver Scarles,Defender,WHU,0.00,0.00
2444703,Luis Guilherme,Luis Guilherme Lira dos Santos,Midfielder,WHU,0.03,0.00
2444704,Tarkowski,James Tarkowski,Defender,EVE,0.21,0.04
2444704,Young (Ashley),Ashley Young,Defender,EVE,0.00,0.00
2444704,Gueye,Idrissa Gueye,Midfielder,EVE,0.01,0.01
2444704,Pickford,Jordan Pickford,Goalkeeper,EVE,0.01,0.00
2444704,Doucouré,Abdoulaye Doucouré,Midfielder,EVE,0.11,0.79
2444704,Harrison (Jack),Jack Harrison,Midfielder,EVE,0.00,0.03
2444704,Mykolenko,Vitaliy Mykolenko,Defender,EVE,0.42,0.00
2444704,Garner,James Garner,Midfielder,EVE,0.54,0.04
2444704,Patterson (Nathan),Nathan Patterson,Defender,EVE,0.00,0.00
2444704,Ndiaye,Iliman Ndiaye,Forward,EVE,0.10,0.46
2444704,Lindstrom,Jesper Lindstrom,Midfielder,EVE,0.08,0.24
2444704,Branthwaite,Jarrad Branthwaite,Defender,EVE,0.01,0.23
2444704,Beto,Norberto Bercique Gomes Betuncal,Forward,EVE,0.01,0.63
2444704,Iroegbunam,Tim Iroegbunam,Midfielder,EVE,0.00,0.00
2444704,O'Brien (Jake),Jake O'Brien,Defender,EVE,0.01,0.00
2444704,Ayew,Jordan Ayew,Midfielder,LEI,0.09,0.07
2444704,Vestergaard,Jannik Vestergaard,Defender,LEI,0.00,0.00
2444704,DeCordova-Reid,Bobby DeCordova-Reid,Midfielder,LEI,0.03,0.00
2444704,Vardy,Jamie Vardy,Forward,LEI,0.00,0.00
2444704,Mavididi,Stephy Mavididi,Midfielder,LEI,0.00,0.02
2444704,Winks,Harry Winks,Midfielder,LEI,0.01,0.00
2444704,Faes,Wout Faes,Defender,LEI,0.00,0.09
2444704,Justin,James Justin,Defender,LEI,0.04,0.05
2444704,Soumaré,Boubakary Soumaré,Midfielder,LEI,0.05,0.00
2444704,Daka,Patson Daka,Forward,LEI,0.00,0.04
2444704,Hermansen,Mads Hermansen,Goalkeeper,LEI,0.00,0.00
2444704,Okoli,Caleb Okoli,Defender,LEI,0.00,0.00
2444704,Kristiansen,Victor Kristiansen,Defender,LEI,0.02,0.02
2444704,Coulibaly,Woyo Coulibaly,Defender,LEI,0.00,0.00
2444704,El Khannouss,Bilal El Khannouss,Midfielder,LEI,0.03,0.04
2444705,Morsy,Sam Morsy,Midfielder,IPS,0.04,0.00
2444705,Broadhead,Nathan Broadhead,Midfielder,IPS,0.14,0.31
2444705,Tuanzebe,Axel Tuanzebe,Defender,IPS,0.03,0.00
2444705,O'Shea,Dara O'Shea,Defender,IPS,0.01,0.00
2444705,Hirst,George Hirst,Forward,IPS,0.00,0.00
2444705,Taylor (Jack),Jack Taylor,Midfielder,IPS,0.00,0.00
2444705,Muric,Arijanet Muric,Goalkeeper,IPS,0.00,0.00
2444705,Clarke (Jack),Jack Clarke,Midfielder,IPS,0.01,0.00
2444705,Greaves,Jacob Greaves,Defender,IPS,0.05,0.00
2444705,Cajuste,Jens Cajuste,Midfielder,IPS,0.01,0.04
2444705,Davis,Leif Davis,Defender,IPS,0.01,0.11
2444705,Delap,Liam Delap,Forward,IPS,0.26,0.83
2444705,Enciso,Julio Enciso,Midfielder,IPS,0.06,0.41
2444705,Philogene-Bidace,Jaden Philogene-Bidace,Midfielder,IPS,0.02,0.00
2444705,Hutchinson,Omari Hutchinson,Midfielder,IPS,0.05,0.15
2444705,Lallana,Adam Lallana,Midfielder,SOU,0.00,0.00
2444705,Stephens,Jack Stephens,Defender,SOU,0.00,0.00
2444705,Paul Onuachu,Ebere Paul Onuachu,Forward,SOU,0.02,0.41
2444705,Walker-Peters,Kyle Walker-Peters,Defender,SOU,0.02,0.00
2444705,Bednarek,Jan Bednarek,Defender,SOU,0.00,0.06
2444705,Bree,James Bree,Defender,SOU,0.01,0.02
2444705,Aribo,Joe Aribo,Midfielder,SOU,0.01,0.27
2444705,Smallbone,William Smallbone,Midfielder,SOU,0.00,0.00
2444705,Sugawara,Yukinari Sugawara,Defender,SOU,0.00,0.00
2444705,Ramsdale,Aaron Ramsdale,Goalkeeper,SOU,0.01,0.00
2444705,Harwood-Bellis,Taylor Harwood-Bellis,Defender,SOU,0.01,0.00
2444705,Grønbæk,Albert Grønbæk,Midfielder,SOU,0.00,0.12
2444705,Welington,Welington Damascena Santos,Defender,SOU,0.13,0.00
2444705,Ugochukwu,Lesley Ugochukwu,Midfielder,SOU,0.01,0.00
2444705,Sulemana,Kamaldeen Sulemana,Midfielder,SOU,0.00,0.04
2444705,Mateus Fernandes,Mateus Gonçalo Espanha Fernandes,Midfielder,SOU,0.10,0.00
2444706,Clyne,Nathaniel Clyne,Defender,CRY,0.00,0.00
2444706,Hughes,Will Hughes,Midfielder,CRY,0.06,0.00
2444706,Lerma,Jefferson Lerma,Midfielder,CRY,0.23,0.06
2444706,Henderson,Dean Henderson,Goalkeeper,CRY,0.00,0.00
2444706,Marc Guehi,Addji Keaninkin Marc-Israel Guehi,Defender,CRY,0.00,0.00
2444706,Kamada,Daichi Kamada,Midfielder,CRY,0.02,0.00
2444706,Mateta,Jean-Philippe Mateta,Forward,CRY,0.34,1.91
2444706,Ismaila Sarr,Ismaila Sarr,Midfielder,CRY,0.24,0.41
2444706,Eze,Eberechi Eze,Midfielder,CRY,0.04,0.00
2444706,Mitchell,Tyrick Mitchell,Defender,CRY,0.19,0.09
2444706,Muñoz,Daniel Muñoz,Defender,CRY,0.24,0.10
2444706,Richards (Chris),Chris Richards,Defender,CRY,0.00,0.00
2444706,Lacroix,Maxence Lacroix,Defender,CRY,0.01,0.05
2444706,Devenny,Justin Devenny,Midfielder,CRY,0.00,0.00
2444706,Wharton,Adam Wharton,Midfielder,CRY,0.00,0.00
2444706,Eriksen,Christian Eriksen,Midfielder,MUN,0.04,0.00
2444706,Maguire,Harry Maguire,Defender,MUN,0.02,0.12
2444706,Bruno Fernandes,Bruno Miguel Borges Fernandes,Midfielder,MUN,0.26,0.19
2444706,Onana,André Onana,Goalkeeper,MUN,0.00,0.00
2444706,de Ligt,Matthijs de Ligt,Defender,MUN,0.01,0.00
2444706,Dalot,José Diogo Dalot Teixeira,Defender,MUN,0.13,0.18
2444706,Martínez,Lisandro Martínez,Defender,MUN,0.04,0.10
2444706,Mazraoui,Noussair Mazraoui,Defender,MUN,0.03,0.02
2444706,Ugarte,Manuel Ugarte,Midfielder,MUN,0.02,0.05
2444706,Zirkzee,Joshua Zirkzee,Forward,MUN,0.02,0.00
2444706,Garnacho,Alejandro Garnacho Ferreyra,Midfielder,MUN,0.08,0.25
2444706,Amad Diallo,Amad Diallo Traore,Midfielder,MUN,0.58,0.09
2444706,Højlund,Rasmus Højlund,Forward,MUN,0.01,0.06
2444706,Mainoo,Kobbie Mainoo,Midfielder,MUN,0.22,0.03
2444706,Yoro,Leny Yoro,Defender,MUN,0.01,0.04
2444707,Leno,Bernd Leno,Goalkeeper,FUL,0.00,0.00
2444707,Raúl Jiménez,Raul Alonso Jimenez Rodriguez,Forward,FUL,0.04,0.47
2444707,Iwobi,Alex Iwobi,Midfielder,FUL,0.12,0.00
2444707,Pereira,Andreas Pereira,Midfielder,FUL,0.36,0.00
2444707,Traoré (Adama),Adama Traoré,Midfielder,FUL,0.19,0.14
2444707,Castagne,Timothy Castagne,Defender,FUL,0.01,0.00
2444707,Robinson (Antonee),Antonee Robinson,Defender,FUL,0.08,0.05
2444707,Andersen,Joachim Andersen,Defender,FUL,0.08,0.00
2444707,Sessegnon (Ryan),Kouassi Ryan Sessegnon,Defender,FUL,0.00,0.00
2444707,Berge,Sander Berge,Midfielder,FUL,0.02,0.00
2444707,Smith-Rowe,Emile Smith-Rowe,Midfielder,FUL,0.04,0.07
2444707,Lukic,Sasa Lukic,Midfielder,FUL,0.05,0.00
2444707,Diop,Issa Diop,Defender,FUL,0.00,0.00
2444707,Bassey,Calvin Bassey,Defender,FUL,0.02,0.15
2444707,Rodrigo Muniz,Rodrigo Muniz Carvalho,Forward,FUL,0.00,0.68
2444707,Dubravka,Martin Dubravka,Goalkeeper,NEW,0.00,0.00
2444707,Trippier,Kieran Trippier,Defender,NEW,0.01,0.00
2444707,Burn,Dan Burn,Defender,NEW,0.01,0.12
2444707,Murphy (Jacob),Jacob Murphy,Midfielder,NEW,0.12,0.18
2444707,Schär,Fabian Schär,Defender,NEW,0.04,0.16
2444707,Joelinton,Joelinton Cássio Apolinário de Lira,Midfielder,NEW,0.02,0.00
2444707,Willock,Joseph Willock,Midfielder,NEW,0.02,0.00
2444707,Bruno Guimarães,Bruno Guimarães Rodriguez Moura,Midfielder,NEW,0.44,0.05
2444707,Isak,Alexander Isak,Forward,NEW,0.20,0.04
2444707,Gordon (Anthony),Anthony Gordon,Midfielder,NEW,0.19,0.06
2444707,Kelly,Lloyd Kelly,Defender,NEW,0.00,0.05
2444707,Tonali,Sandro Tonali,Midfielder,NEW,0.03,0.02
2444707,Livramento,Valentino Livramento,Defender,NEW,0.00,0.07
2444707,Lewis Hall,Lewis Hall,Defender,NEW,0.08,0.00
2444707,Osula,William Osula,Forward,NEW,0.00,0.00
2444707,Miley (Lewis),Lewis Miley,Midfielder,NEW,0.00,0.00
2444708,Welbeck,Danny Welbeck,Forward,BHA,0.01,0.14
2444708,Dunk,Lewis Dunk,Defender,BHA,0.01,0.00
2444708,Veltman,Joël Veltman,Defender,BHA,0.03,0.00
2444708,O’Riley,Matt O’Riley,Midfielder,BHA,0.04,0.06
2444708,Lamptey,Tariq Lamptey,Defender,BHA,0.09,0.04
2444708,Mitoma,Kaoru Mitoma,Midfielder,BHA,0.01,0.00
2444708,Rutter,Georginio Rutter,Midfielder,BHA,0.05,0.14
2444708,van Hecke,Jan-Paul van Hecke,Defender,BHA,0.06,0.00
2444708,João Pedro,João Pedro Junqueira de Jesus,Forward,BHA,0.18,0.05
2444708,Ferguson,Evan Ferguson,Forward,BHA,0.01,0.00
2444708,Verbruggen,Bart Verbruggen,Goalkeeper,BHA,0.00,0.00
2444708,Gómez (Diego),Diego Gómez,Midfielder,BHA,0.01,0.00
2444708,Hinshelwood,Jack Hinshelwood,Midfielder,BHA,0.02,0.05
2444708,Adingra,Simon Adingra,Midfielder,BHA,0.01,0.03
2444708,Minteh,Yankuba Minteh,Midfielder,BHA,0.37,0.37
2444708,Wood (Chris),Chris Wood,Forward,NFO,0.01,2.16
2444708,Sels,Matz Sels,Goalkeeper,NFO,0.00,0.00
2444708,Boly,Willy Boly,Defender,NFO,0.00,0.00
2444708,Aina,Ola Aina,Defender,NFO,0.03,0.00
2444708,Awoniyi,Taiwo Awoniyi,Forward,NFO,0.01,0.36
2444708,Sangaré,Ibrahim Sangaré,Midfielder,NFO,0.00,0.00
2444708,Williams (Neco),Neco Williams,Defender,NFO,0.01,0.41
2444708,Anderson,Elliot Anderson,Midfielder,NFO,0.04,0.00
2444708,Gibbs-White,Morgan Gibbs-White,Midfielder,NFO,0.03,0.17
2444708,Milenkovic,Nikola Milenkovic,Defender,NFO,0.05,0.00
2444708,Nicolás Domínguez,Nicolás Domínguez,Midfielder,NFO,0.02,0.00
2444708,Elanga,Anthony Elanga,Midfielder,NFO,0.99,0.22
2444708,Morato,Felipe Rodrigues da Silva,Defender,NFO,0.00,0.00
2444708,Jota Silva,João Pedro Ferreira da Silva,Midfielder,NFO,0.09,0.09
2444708,Danilo,Danilo dos Santos de Oliveira,Midfielder,NFO,0.00,0.00
2444708,Murillo,Murillo Santiago Costa dos Santos,Defender,NFO,0.20,0.00
2444709,Martinez,Emiliano Martinez,Goalkeeper,AVL,0.00,0.00
2444709,Digne,Lucas Digne,Defender,AVL,0.01,0.00
2444709,McGinn,John McGinn,Midfielder,AVL,0.01,0.02
2444709,Tielemans,Youri Tielemans,Midfielder,AVL,0.30,0.08
2444709,Watkins,Ollie Watkins,Forward,AVL,0.00,0.00
2444709,Konsa Ngoyo,Ezri Konsa Ngoyo,Defender,AVL,0.01,0.00
2444709,Malen,Donyell Malen,Midfielder,AVL,0.01,0.20
2444709,Bailey,Leon Bailey,Midfielder,AVL,0.02,0.06
2444709,Kamara,Boubacar Kamara,Midfielder,AVL,0.02,0.04
2444709,Ramsey (Jacob),Jacob Ramsey,Midfielder,AVL,0.00,0.00
2444709,Rogers,Morgan Rogers,Midfielder,AVL,0.04,0.04
2444709,Maatsen,Ian Maatsen,Defender,AVL,0.11,0.00
2444709,Mvom Onana,Amadou Mvom Onana,Midfielder,AVL,0.02,0.00
2444709,Bogarde,Lamar Bogarde,Defender,AVL,0.01,0.00
2444709,Nedeljkovic,Kosta Nedeljkovic,Defender,AVL,0.00,0.00
2444709,García,Andrés García,Defender,AVL,0.01,0.00
2444709,Doherty,Matt Doherty,Defender,WOL,0.00,0.00
2444709,Sarabia,Pablo Sarabia,Midfielder,WOL,0.26,0.00
2444709,José Sá,José Pedro Malheiro de Sá,Goalkeeper,WOL,0.00,0.00
2444709,Gonçalo Guedes,Gonçalo Manuel Ganchinho Guedes,Midfielder,WOL,0.00,1.08
2444709,Hwang Hee-Chan,Hee-Chan Hwang,Midfielder,WOL,0.00,0.00
2444709,Semedo,Nelson Semedo,Defender,WOL,0.00,0.00
2444709,Doyle (Tommy),Tommy Doyle,Midfielder,WOL,0.00,0.00
2444709,Bellegarde,Jean-Ricner Bellegarde,Midfielder,WOL,0.15,0.15
2444709,Bueno (Santiago),Santiago Bueno,Defender,WOL,0.00,0.00
2444709,Matheus Cunha,Matheus Santos Carneiro Da Cunha,Forward,WOL,0.24,0.45
2444709,Ait Nouri,Rayan Ait Nouri,Defender,WOL,0.00,0.00
2444709,Rodrigo Gomes,Rodrigo Martins Gomes,Midfielder,WOL,0.00,0.00
2444709,André,André Trindade da Costa Neto,Midfielder,WOL,0.00,0.00
2444709,Toti,Toti António Gomes,Defender,WOL,0.00,0.00
2444709,Agbadou,Emmanuel Agbadou,Defender,WOL,0.00,0.00
2444710,Martinez,Emiliano Martinez,Goalkeeper,AVL,0.00,0.00
2444710,Digne,Lucas Digne,Defender,AVL,0.04,0.03
2444710,McGinn,John McGinn,Midfielder,AVL,0.07,0.10
2444710,Mings,Tyrone Mings,Defender,AVL,0.05,0.00
2444710,Tielemans,Youri Tielemans,Midfielder,AVL,0.20,0.06
2444710,Asensio,Marco Asensio,Midfielder,AVL,0.08,0.37
2444710,Rashford,Marcus Rashford,Midfielder,AVL,0.78,0.14
2444710,Watkins,Ollie Watkins,Forward,AVL,0.04,0.76
2444710,Malen,Donyell Malen,Midfielder,AVL,0.02,0.03
2444710,Disasi,Axel Disasi,Defender,AVL,0.24,0.00
2444710,Kamara,Boubacar Kamara,Midfielder,AVL,0.00,0.00
2444710,Ramsey (Jacob),Jacob Ramsey,Midfielder,AVL,0.07,0.00
2444710,Rogers,Morgan Rogers,Midfielder,AVL,0.12,0.83
2444710,Maatsen,Ian Maatsen,Defender,AVL,0.11,0.07
2444710,García,Andrés García,Defender,AVL,0.12,0.04
2444710,Luongo,Massimo Luongo,Midfielder,IPS,0.00,0.00
2444710,Townsend,Conor Townsend,Defender,IPS,0.08,0.00
2444710,Palmer (Alex),Alex Palmer,Goalkeeper,IPS,0.00,0.00
2444710,Phillips (Kalvin),Kalvin Phillips,Midfielder,IPS,0.06,0.06
2444710,Tuanzebe,Axel Tuanzebe,Defender,IPS,0.01,0.00
2444710,O'Shea,Dara O'Shea,Defender,IPS,0.00,0.00
2444710,Woolfenden,Luke Woolfenden,Defender,IPS,0.00,0.00
2444710,Johnson (Ben),Ben Johnson,Defender,IPS,0.00,0.00
2444710,Hirst,George Hirst,Forward,IPS,0.00,0.00
2444710,Taylor (Jack),Jack Taylor,Midfielder,IPS,0.00,0.00
2444710,Clarke (Jack),Jack Clarke,Midfielder,IPS,0.00,0.00
2444710,Greaves,Jacob Greaves,Defender,IPS,0.00,0.00
2444710,Cajuste,Jens Cajuste,Midfielder,IPS,0.00,0.00
2444710,Delap,Liam Delap,Forward,IPS,0.00,0.29
2444710,Enciso,Julio Enciso,Midfielder,IPS,0.00,0.02
2444710,Hutchinson,Omari Hutchinson,Midfielder,IPS,0.10,0.00
2444711,Welbeck,Danny Welbeck,Forward,BHA,0.45,0.03
2444711,Webster,Adam Webster,Defender,BHA,0.00,0.00
2444711,Veltman,Joël Veltman,Defender,BHA,0.00,0.27
2444711,O’Riley,Matt O’Riley,Midfielder,BHA,0.00,0.00
2444711,Lamptey,Tariq Lamptey,Defender,BHA,0.00,0.03
2444711,Mitoma,Kaoru Mitoma,Midfielder,BHA,0.02,0.21
2444711,Rutter,Georginio Rutter,Midfielder,BHA,0.02,0.09
2444711,van Hecke,Jan-Paul van Hecke,Defender,BHA,0.00,0.00
2444711,João Pedro,João Pedro Junqueira de Jesus,Forward,BHA,0.01,0.33
2444711,Verbruggen,Bart Verbruggen,Goalkeeper,BHA,0.00,0.00
2444711,Ayari,Yasin Ayari,Midfielder,BHA,0.57,0.04
2444711,Gómez (Diego),Diego Gómez,Midfielder,BHA,0.00,0.00
2444711,Hinshelwood,Jack Hinshelwood,Midfielder,BHA,0.01,0.00
2444711,Baleba,Carlos Baleba,Midfielder,BHA,0.01,0.07
2444711,Adingra,Simon Adingra,Midfielder,BHA,0.00,0.00
2444711,Minteh,Yankuba Minteh,Midfielder,BHA,0.18,0.36
2444711,Cucurella,Marc Cucurella,Defender,CHE,0.06,0.00
2444711,Chalobah,Trevoh Chalobah,Defender,CHE,0.02,0.08
2444711,Sancho,Jadon Sancho,Midfielder,CHE,0.04,0.00
2444711,Nkunku,Christopher Nkunku,Midfielder,CHE,0.12,0.00
2444711,Dewsbury-Hall,Kiernan Dewsbury-Hall,Midfielder,CHE,0.00,0.00
2444711,James,Reece James,Defender,CHE,0.02,0.00
2444711,Palmer (Cole),Cole Palmer,Midfielder,CHE,0.18,0.16
2444711,Neto,Pedro Neto,Midfielder,CHE,0.02,0.17
2444711,Madueke,Noni Madueke,Midfielder,CHE,0.05,0.00
2444711,Fernández,Enzo Fernández,Midfielder,CHE,0.10,0.02
2444711,Colwill,Levi Colwill,Defender,CHE,0.02,0.00
2444711,Gusto,Malo Gusto,Defender,CHE,0.03,0.06
2444711,Moises Caicedo,Moises Caicedo,Midfielder,CHE,0.02,0.00
2444711,Jørgensen,Filip Jørgensen,Goalkeeper,CHE,0.00,0.00
2444711,George,Tyrique George,Midfielder,CHE,0.00,0.06
2444712,Hughes,Will Hughes,Midfielder,CRY,0.11,0.02
2444712,Lerma,Jefferson Lerma,Midfielder,CRY,0.01,0.00
2444712,Henderson,Dean Henderson,Goalkeeper,CRY,0.00,0.00
2444712,Chilwell,Benjamin Chilwell,Defender,CRY,0.25,0.05
2444712,Eddie Nketiah,Edward Nketiah,Forward,CRY,0.00,0.08
2444712,Marc Guehi,Addji Keaninkin Marc-Israel Guehi,Defender,CRY,0.60,0.07
2444712,Kamada,Daichi Kamada,Midfielder,CRY,0.16,0.00
2444712,Mateta,Jean-Philippe Mateta,Forward,CRY,0.50,0.74
2444712,Ismaila Sarr,Ismaila Sarr,Midfielder,CRY,0.08,0.24
2444712,Eze,Eberechi Eze,Midfielder,CRY,0.11,0.17
2444712,Mitchell,Tyrick Mitchell,Defender,CRY,0.01,0.00
2444712,Muñoz,Daniel Muñoz,Defender,CRY,0.03,0.06
2444712,Richards (Chris),Chris Richards,Defender,CRY,0.01,0.13
2444712,Lacroix,Maxence Lacroix,Defender,CRY,0.08,0.15
2444712,Devenny,Justin Devenny,Midfielder,CRY,0.00,0.03
2444712,Wharton,Adam Wharton,Midfielder,CRY,0.07,0.00
2444712,Tarkowski,James Tarkowski,Defender,EVE,0.00,0.00
2444712,Young (Ashley),Ashley Young,Defender,EVE,0.00,0.05
2444712,Gueye,Idrissa Gueye,Midfielder,EVE,0.02,0.05
2444712,Pickford,Jordan Pickford,Goalkeeper,EVE,0.00,0.00
2444712,Harrison (Jack),Jack Harrison,Midfielder,EVE,0.05,0.00
2444712,Mykolenko,Vitaliy Mykolenko,Defender,EVE,0.01,0.00
2444712,Garner,James Garner,Midfielder,EVE,0.04,0.00
2444712,Lindstrom,Jesper Lindstrom,Midfielder,EVE,0.26,0.11
2444712,Branthwaite,Jarrad Branthwaite,Defender,EVE,0.00,0.00
2444712,Beto,Norberto Bercique Gomes Betuncal,Forward,EVE,0.04,0.52
2444712,Iroegbunam,Tim Iroegbunam,Midfielder,EVE,0.00,0.00
2444712,Alcaraz,Carlos Alcaraz,Midfielder,EVE,0.07,0.24
2444712,O'Brien (Jake),Jake O'Brien,Defender,EVE,0.01,0.00
2444713,Willian,Willian Borges Da Silva,Midfielder,FUL,0.07,0.00
2444713,Leno,Bernd Leno,Goalkeeper,FUL,0.00,0.00
2444713,Raúl Jiménez,Raul Alonso Jimenez Rodriguez,Forward,FUL,0.08,0.51
2444713,Iwobi,Alex Iwobi,Midfielder,FUL,0.18,0.23
2444713,Reed,Harrison Reed,Midfielder,FUL,0.00,0.13
2444713,Pereira,Andreas Pereira,Midfielder,FUL,0.10,0.00
2444713,Traoré (Adama),Adama Traoré,Midfielder,FUL,0.75,0.20
2444713,Castagne,Timothy Castagne,Defender,FUL,0.02,0.03
2444713,Robinson (Antonee),Antonee Robinson,Defender,FUL,0.04,0.00
2444713,Andersen,Joachim Andersen,Defender,FUL,0.01,0.00
2444713,Sessegnon (Ryan),Kouassi Ryan Sessegnon,Defender,FUL,0.00,0.00
2444713,Berge,Sander Berge,Midfielder,FUL,0.02,0.08
2444713,Smith-Rowe,Emile Smith-Rowe,Midfielder,FUL,0.03,0.56
2444713,Lukic,Sasa Lukic,Midfielder,FUL,0.25,0.13
2444713,Bassey,Calvin Bassey,Defender,FUL,0.00,0.16
2444713,Rodrigo Muniz,Rodrigo Muniz Carvalho,Forward,FUL,0.00,0.17
2444713,Wood (Chris),Chris Wood,Forward,NFO,0.02,0.14
2444713,Sels,Matz Sels,Goalkeeper,NFO,0.00,0.00
2444713,Aina,Ola Aina,Defender,NFO,0.02,0.00
2444713,Hudson-Odoi,Callum Hudson-Odoi,Midfielder,NFO,0.06,0.10
2444713,Sangaré,Ibrahim Sangaré,Midfielder,NFO,0.00,0.00
2444713,Williams (Neco),Neco Williams,Defender,NFO,0.02,0.10
2444713,Anderson,Elliot Anderson,Midfielder,NFO,0.02,0.02
2444713,Gibbs-White,Morgan Gibbs-White,Midfielder,NFO,0.05,0.00
2444713,Milenkovic,Nikola Milenkovic,Defender,NFO,0.01,0.00
2444713,Elanga,Anthony Elanga,Midfielder,NFO,0.04,0.06
2444713,Morato,Felipe Rodrigues da Silva,Defender,NFO,0.01,0.00
2444713,Jota Silva,João Pedro Ferreira da Silva,Midfielder,NFO,0.00,0.00
2444713,Danilo,Danilo dos Santos de Oliveira,Midfielder,NFO,0.00,0.00
2444713,Murillo,Murillo Santiago Costa dos Santos,Defender,NFO,0.01,0.00
2444714,Jorginho,Jorge Luiz Frello Filho,Midfielder,ARS,0.00,0.00
2444714,Sterling,Raheem Sterling,Midfielder,ARS,0.06,0.02
2444714,Trossard,Leandro Trossard,Midfielder,ARS,0.20,0.22
2444714,Raya Martin,David Raya Martin,Goalkeeper,ARS,0.00,0.00
2444714,Partey,Thomas Partey,Midfielder,ARS,0.04,0.04
2444714,Odegaard,Martin Odegaard,Midfielder,ARS,0.73,0.05
2444714,Tierney,Kieran Tierney,Defender,ARS,0.00,0.00
2444714,Merino,Mikel Merino,Midfielder,ARS,0.01,0.74
2444714,Rice,Declan Rice,Midfielder,ARS,0.02,0.12
2444714,Gabriel Magalhães,Gabriel dos Santos Magalhães,Defender,ARS,0.04,0.00
2444714,Jurriën Timber,Jurriën Timber,Defender,ARS,0.03,0.00
2444714,Saliba,William Saliba,Defender,ARS,0.01,0.00
2444714,Calafiori,Riccardo Calafiori,Defender,ARS,0.00,0.00
2444714,Lewis-Skelly,Myles Lewis-Skelly,Midfielder,ARS,0.03,0.00
2444714,Nwaneri,Ethan Nwaneri,Midfielder,ARS,0.57,0.18
2444714,Ayew,Jordan Ayew,Midfielder,LEI,0.03,0.00
2444714,DeCordova-Reid,Bobby DeCordova-Reid,Midfielder,LEI,0.01,0.03
2444714,Vardy,Jamie Vardy,Forward,LEI,0.03,0.00
2444714,Mavididi,Stephy Mavididi,Midfielder,LEI,0.00,0.01
2444714,Ndidi,Onyinye Wilfred Ndidi,Midfielder,LEI,0.00,0.11
2444714,Faes,Wout Faes,Defender,LEI,0.00,0.00
2444714,Justin,James Justin,Defender,LEI,0.00,0.00
2444714,Soumaré,Boubakary Soumaré,Midfielder,LEI,0.02,0.00
2444714,Daka,Patson Daka,Forward,LEI,0.00,0.00
2444714,Hermansen,Mads Hermansen,Goalkeeper,LEI,0.01,0.00
2444714,Okoli,Caleb Okoli,Defender,LEI,0.00,0.00
2444714,Kristiansen,Victor Kristiansen,Defender,LEI,0.10,0.00
2444714,Coulibaly,Woyo Coulibaly,Defender,LEI,0.03,0.00
2444714,El Khannouss,Bilal El Khannouss,Midfielder,LEI,0.13,0.02
2444714,Buonanotte,Facundo Buonanotte,Midfielder,LEI,0.00,0.04
2444715,van Dijk,Virgil van Dijk,Defender,LIV,0.02,0.00
2444715,Alisson,Alisson Ramses Becker,Goalkeeper,LIV,0.00,0.00
2444715,Salah,Mohamed Salah,Midfielder,LIV,0.03,0.87
2444715,Robertson,Andrew Robertson,Defender,LIV,0.05,0.00
2444715,Endo,Wataru Endo,Midfielder,LIV,0.00,0.00
2444715,Alexander-Arnold,Trent Alexander-Arnold,Defender,LIV,0.06,0.11
2444715,Diogo Jota,Diogo José Teixeira da Silva,Midfielder,LIV,0.01,0.47
2444715,Konaté,Ibrahima Konaté,Defender,LIV,0.00,0.00
2444715,Mac Allister,Alexis Mac Allister,Midfielder,LIV,0.08,0.00
2444715,Díaz,Luis Díaz,Midfielder,LIV,0.11,0.16
2444715,Szoboszlai,Dominik Szoboszlai,Midfielder,LIV,0.02,0.05
2444715,Gravenberch,Ryan Gravenberch,Midfielder,LIV,0.22,0.00
2444715,Quansah,Jarell Quansah,Defender,LIV,0.01,0.00
2444715,Núñez,Darwin Núñez,Forward,LIV,0.00,0.00
2444715,Bradley,Conor Bradley,Defender,LIV,0.01,0.00
2444715,Doherty,Matt Doherty,Defender,WOL,0.15,0.00
2444715,Sarabia,Pablo Sarabia,Midfielder,WOL,0.01,0.11
2444715,José Sá,José Pedro Malheiro de Sá,Goalkeeper,WOL,0.00,0.00
2444715,Gonçalo Guedes,Gonçalo Manuel Ganchinho Guedes,Midfielder,WOL,0.05,0.00
2444715,Semedo,Nelson Semedo,Defender,WOL,0.01,0.03
2444715,Doyle (Tommy),Tommy Doyle,Midfielder,WOL,0.00,0.07
2444715,Bellegarde,Jean-Ricner Bellegarde,Midfielder,WOL,0.40,0.00
2444715,Bueno (Santiago),Santiago Bueno,Defender,WOL,0.00,0.00
2444715,Matheus Cunha,Matheus Santos Carneiro Da Cunha,Forward,WOL,0.17,0.47
2444715,Munetsi,Marshall Munetsi,Midfielder,WOL,0.01,0.60
2444715,João Gomes,João Victor Gomes da Silva,Midfielder,WOL,0.03,0.18
2444715,Ait Nouri,Rayan Ait Nouri,Defender,WOL,0.10,0.00
2444715,André,André Trindade da Costa Neto,Midfielder,WOL,0.01,0.02
2444715,Toti,Toti António Gomes,Defender,WOL,0.01,0.00
2444715,Agbadou,Emmanuel Agbadou,Defender,WOL,0.01,0.01
2444715,Pedro Lima,Pedro Henrique Cardoso de Lima,Defender,WOL,0.00,0.00
2444716,Gundogan,Ilkay Gundogan,Midfielder,MCI,0.10,0.00
2444716,Kovacic,Mateo Kovacic,Midfielder,MCI,0.00,0.00
2444716,Stones,John Stones,Defender,MCI,0.00,0.00
2444716,Ederson,Ederson Santana de Moraes,Goalkeeper,MCI,0.01,0.00
2444716,Foden,Phil Foden,Midfielder,MCI,0.19,0.03
2444716,Haaland,Erling Haaland,Forward,MCI,0.36,0.17
2444716,Doku,Jéremy Doku,Midfielder,MCI,0.02,0.00
2444716,Mcatee,James Mcatee,Midfielder,MCI,0.00,0.55
2444716,Omar Marmoush,Omar Khaled Mohamed Marmoush,Forward,MCI,0.16,0.71
2444716,Matheus Nunes,Matheus Luiz Nunes,Midfielder,MCI,0.00,0.00
2444716,González (Nico),Nico González,Midfielder,MCI,0.04,0.00
2444716,O’Reilly,Nico O’Reilly,Midfielder,MCI,0.00,0.00
2444716,Lewis (Rico),Rico Lewis,Defender,MCI,0.02,0.00
2444716,Gvardiol,Joško Gvardiol,Defender,MCI,0.03,0.00
2444716,Savinho,Sávio Moreira de Oliveira,Midfielder,MCI,0.13,0.45
2444716,Khusanov,Abduqodir Khusanov,Defender,MCI,0.01,0.00
2444716,Dubravka,Martin Dubravka,Goalkeeper,NEW,0.00,0.00
2444716,Wilson (Callum),Callum Wilson,Forward,NEW,0.00,0.00
2444716,Trippier,Kieran Trippier,Defender,NEW,0.03,0.00
2444716,Burn,Dan Burn,Defender,NEW,0.00,0.00
2444716,Krafth,Emil Krafth,Defender,NEW,0.00,0.00
2444716,Murphy (Jacob),Jacob Murphy,Midfielder,NEW,0.01,0.00
2444716,Schär,Fabian Schär,Defender,NEW,0.00,0.00
2444716,Longstaff (Sean),Sean Longstaff,Midfielder,NEW,0.00,0.00
2444716,Willock,Joseph Willock,Midfielder,NEW,0.01,0.00
2444716,Bruno Guimarães,Bruno Guimarães Rodriguez Moura,Midfielder,NEW,0.02,0.03
2444716,Isak,Alexander Isak,Forward,NEW,0.00,0.04
2444716,Gordon (Anthony),Anthony Gordon,Midfielder,NEW,0.01,0.00
2444716,Tonali,Sandro Tonali,Midfielder,NEW,0.01,0.00
2444716,Livramento,Valentino Livramento,Defender,NEW,0.03,0.00
2444716,Lewis Hall,Lewis Hall,Defender,NEW,0.08,0.00
2444716,Miley (Lewis),Lewis Miley,Midfielder,NEW,0.01,0.41
2444717,Kepa,Kepa Arrizabalaga Revuelta,Goalkeeper,BOU,0.00,0.00
2444717,Brooks,David Brooks,Midfielder,BOU,0.01,0.03
2444717,Cook,Lewis Cook,Midfielder,BOU,0.11,0.02
2444717,Christie,Ryan Christie,Midfielder,BOU,0.26,0.09
2444717,Adams (Tyler),Tyler Adams,Midfielder,BOU,0.04,0.00
2444717,Tavernier,Marcus Tavernier,Midfielder,BOU,0.00,0.10
2444717,Kluivert,Justin Kluivert,Midfielder,BOU,0.08,0.02
2444717,Sinisterra,Luis Sinisterra,Midfielder,BOU,0.00,0.00
2444717,Semenyo,Antoine Semenyo,Midfielder,BOU,0.06,0.22
2444717,Zabarnyi,Illia Zabarnyi,Defender,BOU,0.01,0.00
2444717,Scott,Alex Scott,Midfielder,BOU,0.10,0.05
2444717,Jebbison,Daniel Jebbison,Forward,BOU,0.00,0.00
2444717,Dango Ouattara,Dango Ouattara,Midfielder,BOU,0.18,0.64
2444717,Kerkez,Milos Kerkez,Defender,BOU,0.01,0.02
2444717,Huijsen,Dean Huijsen,Defender,BOU,0.02,0.00
2444717,Paul Onuachu,Ebere Paul Onuachu,Forward,SOU,0.09,0.05
2444717,Walker-Peters,Kyle Walker-Peters,Defender,SOU,0.03,0.00
2444717,Bednarek,Jan Bednarek,Defender,SOU,0.00,0.00
2444717,Bree,James Bree,Defender,SOU,0.01,0.02
2444717,Aribo,Joe Aribo,Midfielder,SOU,0.03,0.00
2444717,Manning,Ryan Manning,Defender,SOU,0.08,0.00
2444717,Smallbone,William Smallbone,Midfielder,SOU,0.10,0.00
2444717,Sugawara,Yukinari Sugawara,Defender,SOU,0.07,0.02
2444717,Ramsdale,Aaron Ramsdale,Goalkeeper,SOU,0.00,0.00
2444717,Wood (Nathan),Nathan Wood,Defender,SOU,0.00,0.00
2444717,Archer,Cameron Archer,Forward,SOU,0.00,0.33
2444717,Dibling,Tyler Dibling,Midfielder,SOU,0.12,0.00
2444717,Welington,Welington Damascena Santos,Defender,SOU,0.01,0.00
2444717,Ugochukwu,Lesley Ugochukwu,Midfielder,SOU,0.19,0.02
2444717,Sulemana,Kamaldeen Sulemana,Midfielder,SOU,0.03,0.35
2444717,Mateus Fernandes,Mateus Gonçalo Espanha Fernandes,Midfielder,SOU,0.09,0.00
2444718,Casemiro,Carlos Henrique Jose Francisco Venancio,Midfielder,MUN,0.19,0.20
2444718,Maguire,Harry Maguire,Defender,MUN,0.01,0.00
2444718,Bruno Fernandes,Bruno Miguel Borges Fernandes,Midfielder,MUN,0.17,0.02
2444718,Onana,André Onana,Goalkeeper,MUN,0.00,0.00
2444718,de Ligt,Matthijs de Ligt,Defender,MUN,0.09,0.14
2444718,Dalot,José Diogo Dalot Teixeira,Defender,MUN,0.03,0.31
2444718,Mazraoui,Noussair Mazraoui,Defender,MUN,0.17,0.00
2444718,Zirkzee,Joshua Zirkzee,Forward,MUN,0.16,0.37
2444718,Garnacho,Alejandro Garnacho Ferreyra,Midfielder,MUN,0.07,0.38
2444718,Højlund,Rasmus Højlund,Forward,MUN,0.00,0.08
2444718,Obi-Martin,Chido Obi-Martin,Forward,MUN,0.00,0.00
2444718,Dorgu,Patrick Dorgu,Defender,MUN,0.06,0.03
2444718,Son,Heung-Min Son,Midfielder,TOT,0.14,0.16
2444718,Davies (Ben),Ben Davies,Defender,TOT,0.04,0.09
2444718,Danso,Kevin Danso,Defender,TOT,0.03,0.04
2444718,Maddison,James Maddison,Midfielder,TOT,0.28,0.72
2444718,Vicario,Guglielmo Vicario,Goalkeeper,TOT,0.00,0.00
2444718,Bentancur,Rodrigo Bentancur,Midfielder,TOT,0.04,0.01
2444718,Bissouma,Yves Bissouma,Midfielder,TOT,0.04,0.04
2444718,Spence,Djed Spence,Defender,TOT,0.14,0.02
2444718,Johnson (Brennan),Brennan Johnson,Midfielder,TOT,0.06,0.00
2444718,Porro,Pedro Porro,Defender,TOT,0.15,0.00
2444718,Kulusevski,Dejan Kulusevski,Midfielder,TOT,0.07,0.33
2444718,Sarr (Pape),Pape Sarr,Midfielder,TOT,0.04,0.00
2444718,Tel,Mathys Tel,Midfielder,TOT,0.06,0.72
2444718,Gray (Archie),Archie Gray,Midfielder,TOT,0.00,0.00
2444718,Odobert,Wilson Odobert,Midfielder,TOT,0.00,0.00
2444718,Bergvall,Lucas Bergvall,Midfielder,TOT,0.02,0.16
2444719,Flekken,Mark Flekken,Goalkeeper,BRE,0.00,0.00
2444719,Norgaard,Christian Norgaard,Midfielder,BRE,0.07,0.06
2444719,Ajer,Kristoffer Ajer,Defender,BRE,0.00,0.00
2444719,Janelt,Vitaly Janelt,Midfielder,BRE,0.01,0.00
2444719,Jensen,Mathias Jensen,Midfielder,BRE,0.02,0.00
2444719,Wissa,Yoane Wissa,Forward,BRE,0.03,0.37
2444719,Pinnock,Ethan Pinnock,Defender,BRE,0.00,0.00
2444719,Carvalho,Fabio Carvalho,Midfielder,BRE,0.00,0.00
2444719,Lewis-Potter,Keane Lewis-Potter,Midfielder,BRE,0.26,0.14
2444719,Collins,Nathan Collins,Defender,BRE,0.00,0.00
2444719,Damsgaard,Mikkel Damsgaard,Midfielder,BRE,0.44,0.11
2444719,van den Berg,Sepp van den Berg,Defender,BRE,0.00,0.00
2444719,Mbeumo,Bryan Mbeumo,Midfielder,BRE,0.25,0.42
2444719,Yarmolyuk,Ehor Yarmolyuk,Midfielder,BRE,0.00,0.00
2444719,Schade,Kevin Schade,Midfielder,BRE,0.02,0.57
2444719,Kayode,Michael Kayode,Defender,BRE,0.00,0.00
2444719,Areola,Alphonse Areola,Goalkeeper,WHU,0.00,0.00
2444719,Ward-Prowse,James Ward-Prowse,Midfielder,WHU,0.21,0.04
2444719,Emerson,Emerson Palmieri dos Santos,Defender,WHU,0.01,0.01
2444719,Bowen,Jarrod Bowen,Midfielder,WHU,0.05,0.00
2444719,Álvarez (Edson),Edson Álvarez,Midfielder,WHU,0.04,0.00
2444719,Kilman,Max Kilman,Defender,WHU,0.09,0.00
2444719,Wan-Bissaka,Aaron Wan-Bissaka,Defender,WHU,0.02,0.00
2444719,Soucek,Tomas Soucek,Midfielder,WHU,0.02,0.12
2444719,Lucas Paquetá,Lucas Tolentino Coelho de Lima,Midfielder,WHU,0.18,0.10
2444719,Soler (Carlos),Carlos Soler,Midfielder,WHU,0.00,0.00
2444719,Mavropanos,Konstantinos Mavropanos,Defender,WHU,0.01,0.04
2444719,Kudus,Mohammed Kudus,Midfielder,WHU,0.03,0.30
2444719,Ferguson,Evan Ferguson,Forward,WHU,0.24,0.12
2444719,Scarles,Oliver Scarles,Defender,WHU,0.01,0.09
2444719,Luis Guilherme,Luis Guilherme Lira dos Santos,Midfielder,WHU,0.00,0.00
2444720,Kepa,Kepa Arrizabalaga Revuelta,Goalkeeper,BOU,0.00,0.00
2444720,Brooks,David Brooks,Midfielder,BOU,0.02,0.00
2444720,Cook,Lewis Cook,Midfielder,BOU,0.01,0.00
2444720,Christie,Ryan Christie,Midfielder,BOU,0.01,0.13
2444720,Adams (Tyler),Tyler Adams,Midfielder,BOU,0.01,0.00
2444720,Tavernier,Marcus Tavernier,Midfielder,BOU,0.02,0.01
2444720,Kluivert,Justin Kluivert,Midfielder,BOU,0.06,0.31
2444720,Semenyo,Antoine Semenyo,Midfielder,BOU,0.32,0.06
2444720,Hill (James),James Hill,Defender,BOU,0.01,0.04
2444720,Zabarnyi,Illia Zabarnyi,Defender,BOU,0.00,0.00
2444720,Scott,Alex Scott,Midfielder,BOU,0.00,0.00
2444720,Jebbison,Daniel Jebbison,Forward,BOU,0.00,0.00
2444720,Dango Ouattara,Dango Ouattara,Midfielder,BOU,0.11,0.07
2444720,Kerkez,Milos Kerkez,Defender,BOU,0.06,0.00
2444720,Huijsen,Dean Huijsen,Defender,BOU,0.01,0.00
2444720,Doherty,Matt Doherty,Defender,WOL,0.01,0.00
2444720,Sarabia,Pablo Sarabia,Midfielder,WOL,0.03,0.03
2444720,José Sá,José Pedro Malheiro de Sá,Goalkeeper,WOL,0.00,0.00
2444720,Semedo,Nelson Semedo,Defender,WOL,0.10,0.17
2444720,Doyle (Tommy),Tommy Doyle,Midfielder,WOL,0.00,0.00
2444720,Bellegarde,Jean-Ricner Bellegarde,Midfielder,WOL,0.28,0.17
2444720,Bueno (Santiago),Santiago Bueno,Defender,WOL,0.00,0.00
2444720,Strand Larsen,Jørgen Strand Larsen,Forward,WOL,0.01,0.07
2444720,Matheus Cunha,Matheus Santos Carneiro Da Cunha,Forward,WOL,0.24,0.71
2444720,Munetsi,Marshall Munetsi,Midfielder,WOL,0.01,0.66
2444720,João Gomes,João Victor Gomes da Silva,Midfielder,WOL,0.01,0.00
2444720,Ait Nouri,Rayan Ait Nouri,Defender,WOL,0.01,0.11
2444720,André,André Trindade da Costa Neto,Midfielder,WOL,0.01,0.00
2444720,Toti,Toti António Gomes,Defender,WOL,0.00,0.04
2444720,Djiga,Nasser Yacouba Djiga,Defender,WOL,0.00,0.00
2444720,Pedro Lima,Pedro Henrique Cardoso de Lima,Defender,WOL,0.01,0.06
2444721,Sterling,Raheem Sterling,Midfielder,ARS,0.12,0.14
2444721,Trossard,Leandro Trossard,Midfielder,ARS,0.22,0.31
2444721,Raya Martin,David Raya Martin,Goalkeeper,ARS,0.00,0.00
2444721,Partey,Thomas Partey,Midfielder,ARS,0.40,0.00
2444721,Odegaard,Martin Odegaard,Midfielder,ARS,0.22,0.08
2444721,Merino,Mikel Merino,Midfielder,ARS,0.09,0.29
2444721,White (Ben),Ben White,Defender,ARS,0.01,0.06
2444721,Rice,Declan Rice,Midfielder,ARS,0.17,0.02
2444721,Zinchenko,Oleksandr Zinchenko,Defender,ARS,0.03,0.10
2444721,Gabriel Magalhães,Gabriel dos Santos Magalhães,Defender,ARS,0.09,0.14
2444721,Jurriën Timber,Jurriën Timber,Defender,ARS,0.04,0.00
2444721,Saliba,William Saliba,Defender,ARS,0.02,0.00
2444721,Calafiori,Riccardo Calafiori,Defender,ARS,0.04,0.09
2444721,Lewis-Skelly,Myles Lewis-Skelly,Midfielder,ARS,0.02,0.00
2444721,Nwaneri,Ethan Nwaneri,Midfielder,ARS,0.11,0.01
2444721,Cresswell,Aaron Cresswell,Defender,WHU,0.01,0.00
2444721,Areola,Alphonse Areola,Goalkeeper,WHU,0.00,0.00
2444721,Ward-Prowse,James Ward-Prowse,Midfielder,WHU,0.09,0.00
2444721,Bowen,Jarrod Bowen,Midfielder,WHU,0.02,0.92
2444721,Álvarez (Edson),Edson Álvarez,Midfielder,WHU,0.01,0.00
2444721,Kilman,Max Kilman,Defender,WHU,0.00,0.00
2444721,Wan-Bissaka,Aaron Wan-Bissaka,Defender,WHU,0.33,0.03
2444721,Soucek,Tomas Soucek,Midfielder,WHU,0.00,0.12
2444721,Soler (Carlos),Carlos Soler,Midfielder,WHU,0.00,0.00
2444721,Mavropanos,Konstantinos Mavropanos,Defender,WHU,0.00,0.00
2444721,Kudus,Mohammed Kudus,Midfielder,WHU,0.16,0.00
2444721,Todibo,Jean-Clair Todibo,Defender,WHU,0.00,0.00
2444721,Ferguson,Evan Ferguson,Forward,WHU,0.00,0.00
2444721,Scarles,Oliver Scarles,Defender,WHU,0.01,0.00
2444722,Martinez,Emiliano Martinez,Goalkeeper,AVL,0.00,0.00
2444722,McGinn,John McGinn,Midfielder,AVL,0.02,0.04
2444722,Mings,Tyrone Mings,Defender,AVL,0.01,0.00
2444722,Tielemans,Youri Tielemans,Midfielder,AVL,0.37,0.00
2444722,Asensio,Marco Asensio,Midfielder,AVL,0.05,1.06
2444722,Rashford,Marcus Rashford,Midfielder,AVL,0.94,0.06
2444722,Watkins,Ollie Watkins,Forward,AVL,0.00,0.81
2444722,Cash,Matthew Cash,Defender,AVL,0.01,0.00
2444722,Konsa Ngoyo,Ezri Konsa Ngoyo,Defender,AVL,0.01,0.00
2444722,Malen,Donyell Malen,Midfielder,AVL,0.00,0.24
2444722,Bailey,Leon Bailey,Midfielder,AVL,0.00,0.12
2444722,Ramsey (Jacob),Jacob Ramsey,Midfielder,AVL,0.05,0.00
2444722,Rogers,Morgan Rogers,Midfielder,AVL,0.19,0.00
2444722,Maatsen,Ian Maatsen,Defender,AVL,0.05,0.00
2444722,Bogarde,Lamar Bogarde,Defender,AVL,0.00,0.00
2444722,García,Andrés García,Defender,AVL,0.00,0.00
2444722,Tosin,Oluwatosin Adarabioyo,Defender,CHE,0.01,0.00
2444722,Cucurella,Marc Cucurella,Defender,CHE,0.01,0.00
2444722,Chalobah,Trevoh Chalobah,Defender,CHE,0.00,0.00
2444722,Sancho,Jadon Sancho,Midfielder,CHE,0.01,0.00
2444722,Nkunku,Christopher Nkunku,Midfielder,CHE,0.20,0.04
2444722,James,Reece James,Defender,CHE,0.02,0.03
2444722,Palmer (Cole),Cole Palmer,Midfielder,CHE,0.27,0.43
2444722,Neto,Pedro Neto,Midfielder,CHE,0.50,0.55
2444722,Fernández,Enzo Fernández,Midfielder,CHE,0.34,1.17
2444722,Colwill,Levi Colwill,Defender,CHE,0.00,0.04
2444722,Gusto,Malo Gusto,Defender,CHE,0.09,0.04
2444722,Moises Caicedo,Moises Caicedo,Midfielder,CHE,0.19,0.00
2444722,Jørgensen,Filip Jørgensen,Goalkeeper,CHE,0.00,0.00
2444723,Tarkowski,James Tarkowski,Defender,EVE,0.00,0.00
2444723,Young (Ashley),Ashley Young,Defender,EVE,0.35,0.00
2444723,Gueye,Idrissa Gueye,Midfielder,EVE,0.01,0.02
2444723,Pickford,Jordan Pickford,Goalkeeper,EVE,0.01,0.00
2444723,Doucouré,Abdoulaye Doucouré,Midfielder,EVE,0.14,0.92
2444723,Harrison (Jack),Jack Harrison,Midfielder,EVE,0.16,0.48
2444723,Mykolenko,Vitaliy Mykolenko,Defender,EVE,0.04,0.00
2444723,Garner,James Garner,Midfielder,EVE,0.04,0.00
2444723,Lindstrom,Jesper Lindstrom,Midfielder,EVE,0.01,0.00
2444723,Branthwaite,Jarrad Branthwaite,Defender,EVE,0.00,0.07
2444723,Beto,Norberto Bercique Gomes Betuncal,Forward,EVE,0.08,0.42
2444723,Iroegbunam,Tim Iroegbunam,Midfielder,EVE,0.00,0.00
2444723,Alcaraz,Carlos Alcaraz,Midfielder,EVE,0.01,0.00
2444723,O'Brien (Jake),Jake O'Brien,Defender,EVE,0.05,0.00
2444723,Casemiro,Carlos Henrique Jose Francisco Venancio,Midfielder,MUN,0.02,0.00
2444723,Maguire,Harry Maguire,Defender,MUN,0.00,0.00
2444723,Bruno Fernandes,Bruno Miguel Borges Fernandes,Midfielder,MUN,0.31,0.12
2444723,Onana,André Onana,Goalkeeper,MUN,0.00,0.00
2444723,de Ligt,Matthijs de Ligt,Defender,MUN,0.01,0.00
2444723,Dalot,José Diogo Dalot Teixeira,Defender,MUN,0.03,0.00
2444723,Mazraoui,Noussair Mazraoui,Defender,MUN,0.01,0.00
2444723,Ugarte,Manuel Ugarte,Midfielder,MUN,0.02,0.07
2444723,Zirkzee,Joshua Zirkzee,Forward,MUN,0.02,0.16
2444723,Garnacho,Alejandro Garnacho Ferreyra,Midfielder,MUN,0.04,0.06
2444723,Højlund,Rasmus Højlund,Forward,MUN,0.01,0.00
2444723,Yoro,Leny Yoro,Defender,MUN,0.03,0.00
2444723,Obi-Martin,Chido Obi-Martin,Forward,MUN,0.01,0.00
2444723,Dorgu,Patrick Dorgu,Defender,MUN,0.02,0.00
2444724,Hughes,Will Hughes,Midfielder,CRY,0.27,0.04
2444724,Lerma,Jefferson Lerma,Midfielder,CRY,0.01,0.05
2444724,Henderson,Dean Henderson,Goalkeeper,CRY,0.00,0.00
2444724,Chilwell,Benjamin Chilwell,Defender,CRY,0.00,0.00
2444724,Marc Guehi,Addji Keaninkin Marc-Israel Guehi,Defender,CRY,0.01,0.00
2444724,Kamada,Daichi Kamada,Midfielder,CRY,0.00,0.00
2444724,Mateta,Jean-Philippe Mateta,Forward,CRY,0.04,0.39
2444724,Ismaila Sarr,Ismaila Sarr,Midfielder,CRY,0.02,0.00
2444724,Eze,Eberechi Eze,Midfielder,CRY,0.14,0.17
2444724,Mitchell,Tyrick Mitchell,Defender,CRY,0.04,0.00
2444724,Muñoz,Daniel Muñoz,Defender,CRY,0.01,0.11
2444724,Richards (Chris),Chris Richards,Defender,CRY,0.00,0.00
2444724,Lacroix,Maxence Lacroix,Defender,CRY,0.00,0.57
2444724,Devenny,Justin Devenny,Midfielder,CRY,0.00,0.00
2444724,Wharton,Adam Wharton,Midfielder,CRY,0.01,0.00
2444724,Willian,Willian Borges Da Silva,Midfielder,FUL,0.01,0.04
2444724,Cairney,Tom Cairney,Midfielder,FUL,0.00,0.00
2444724,Leno,Bernd Leno,Goalkeeper,FUL,0.00,0.00
2444724,Raúl Jiménez,Raul Alonso Jimenez Rodriguez,Forward,FUL,0.07,0.05
2444724,Iwobi,Alex Iwobi,Midfielder,FUL,0.07,0.01
2444724,Pereira,Andreas Pereira,Midfielder,FUL,0.04,0.04
2444724,Traoré (Adama),Adama Traoré,Midfielder,FUL,0.03,0.02
2444724,Castagne,Timothy Castagne,Defender,FUL,0.02,0.00
2444724,Robinson (Antonee),Antonee Robinson,Defender,FUL,0.05,0.01
2444724,Andersen,Joachim Andersen,Defender,FUL,0.03,0.03
2444724,Berge,Sander Berge,Midfielder,FUL,0.01,0.00
2444724,Smith-Rowe,Emile Smith-Rowe,Midfielder,FUL,0.01,0.01
2444724,Lukic,Sasa Lukic,Midfielder,FUL,0.03,0.00
2444724,Diop,Issa Diop,Defender,FUL,0.03,0.00
2444724,Bassey,Calvin Bassey,Defender,FUL,0.02,0.00
2444724,Rodrigo Muniz,Rodrigo Muniz Carvalho,Forward,FUL,0.00,0.00
2444725,Morsy,Sam Morsy,Midfielder,IPS,0.01,0.00
2444725,Palmer (Alex),Alex Palmer,Goalkeeper,IPS,0.00,0.00
2444725,Phillips (Kalvin),Kalvin Phillips,Midfielder,IPS,0.09,0.02
2444725,Broadhead,Nathan Broadhead,Midfielder,IPS,0.11,0.10
2444725,Godfrey,Ben Godfrey,Defender,IPS,0.00,0.00
2444725,O'Shea,Dara O'Shea,Defender,IPS,0.01,0.01
2444725,Woolfenden,Luke Woolfenden,Defender,IPS,0.00,0.00
2444725,Hirst,George Hirst,Forward,IPS,0.01,0.00
2444725,Taylor (Jack),Jack Taylor,Midfielder,IPS,0.01,0.00
2444725,Clarke (Jack),Jack Clarke,Midfielder,IPS,0.10,0.05
2444725,Greaves,Jacob Greaves,Defender,IPS,0.02,0.00
2444725,Cajuste,Jens Cajuste,Midfielder,IPS,0.01,0.00
2444725,Davis,Leif Davis,Defender,IPS,0.03,0.00
2444725,Delap,Liam Delap,Forward,IPS,0.02,0.33
2444725,Philogene-Bidace,Jaden Philogene-Bidace,Midfielder,IPS,0.06,0.20
2444725,Hutchinson,Omari Hutchinson,Midfielder,IPS,0.08,0.44
2444725,Son,Heung-Min Son,Midfielder,TOT,0.26,0.18
2444725,Danso,Kevin Danso,Defender,TOT,0.02,0.00
2444725,Maddison,James Maddison,Midfielder,TOT,0.07,0.00
2444725,Vicario,Guglielmo Vicario,Goalkeeper,TOT,0.00,0.00
2444725,Bentancur,Rodrigo Bentancur,Midfielder,TOT,0.01,0.17
2444725,Bissouma,Yves Bissouma,Midfielder,TOT,0.00,0.00
2444725,Spence,Djed Spence,Defender,TOT,0.01,0.11
2444725,Johnson (Brennan),Brennan Johnson,Midfielder,TOT,0.00,1.15
2444725,Porro,Pedro Porro,Defender,TOT,0.00,0.00
2444725,Kulusevski,Dejan Kulusevski,Midfielder,TOT,0.07,0.05
2444725,Destiny Udogie,Iyenoma Destiny Udogie,Defender,TOT,0.01,0.00
2444725,Scarlett,Dane Scarlett,Forward,TOT,0.00,0.00
2444725,Tel,Mathys Tel,Midfielder,TOT,0.00,0.00
2444725,Gray (Archie),Archie Gray,Midfielder,TOT,0.01,0.00
2444725,Odobert,Wilson Odobert,Midfielder,TOT,0.00,0.00
2444725,Bergvall,Lucas Bergvall,Midfielder,TOT,0.02,0.07
2444726,Flekken,Mark Flekken,Goalkeeper,BRE,0.01,0.00
2444726,Norgaard,Christian Norgaard,Midfielder,BRE,0.01,0.24
2444726,Ajer,Kristoffer Ajer,Defender,BRE,0.05,0.02
2444726,Janelt,Vitaly Janelt,Midfielder,BRE,0.03,0.00
2444726,Wissa,Yoane Wissa,Forward,BRE,0.02,0.58
2444726,Maghoma,Paris Maghoma,Midfielder,BRE,0.00,0.12
2444726,Pinnock,Ethan Pinnock,Defender,BRE,0.00,0.00
2444726,Carvalho,Fabio Carvalho,Midfielder,BRE,0.02,0.09
2444726,Lewis-Potter,Keane Lewis-Potter,Midfielder,BRE,0.30,0.00
2444726,Collins,Nathan Collins,Defender,BRE,0.01,0.00
2444726,Damsgaard,Mikkel Damsgaard,Midfielder,BRE,0.50,0.00
2444726,Mbeumo,Bryan Mbeumo,Midfielder,BRE,0.71,0.19
2444726,Yarmolyuk,Ehor Yarmolyuk,Midfielder,BRE,0.01,0.08
2444726,Schade,Kevin Schade,Midfielder,BRE,0.03,0.21
2444726,Kayode,Michael Kayode,Defender,BRE,0.00,0.00
2444726,Konak,Yunus Konak,Midfielder,BRE,0.00,0.00
2444726,Ayew,Jordan Ayew,Midfielder,LEI,0.08,0.00
2444726,Vestergaard,Jannik Vestergaard,Defender,LEI,0.00,0.00
2444726,Coady,Conor Coady,Defender,LEI,0.00,0.00
2444726,DeCordova-Reid,Bobby DeCordova-Reid,Midfielder,LEI,0.01,0.00
2444726,Vardy,Jamie Vardy,Forward,LEI,0.00,0.37
2444726,Mavididi,Stephy Mavididi,Midfielder,LEI,0.00,0.00
2444726,Ndidi,Onyinye Wilfred Ndidi,Midfielder,LEI,0.03,0.00
2444726,Skipp,Oliver Skipp,Midfielder,LEI,0.00,0.00
2444726,Faes,Wout Faes,Defender,LEI,0.01,0.00
2444726,Soumaré,Boubakary Soumaré,Midfielder,LEI,0.06,0.00
2444726,Hermansen,Mads Hermansen,Goalkeeper,LEI,0.00,0.00
2444726,Okoli,Caleb Okoli,Defender,LEI,0.03,0.00
2444726,Kristiansen,Victor Kristiansen,Defender,LEI,0.05,0.00
2444726,Coulibaly,Woyo Coulibaly,Defender,LEI,0.01,0.04
2444726,El Khannouss,Bilal El Khannouss,Midfielder,LEI,0.25,0.00
2444726,Buonanotte,Facundo Buonanotte,Midfielder,LEI,0.01,0.10
2444727,van Dijk,Virgil van Dijk,Defender,LIV,0.00,0.00
2444727,Alisson,Alisson Ramses Becker,Goalkeeper,LIV,0.00,0.00
2444727,Salah,Mohamed Salah,Midfielder,LIV,0.37,0.21
2444727,Robertson,Andrew Robertson,Defender,LIV,0.00,0.15
2444727,Endo,Wataru Endo,Midfielder,LIV,0.00,0.00
2444727,Alexander-Arnold,Trent Alexander-Arnold,Defender,LIV,0.01,0.00
2444727,Konaté,Ibrahima Konaté,Defender,LIV,0.00,0.06
2444727,Jones,Curtis Jones,Midfielder,LIV,0.01,0.00
2444727,Tsimikas,Konstantinos Tsimikas,Defender,LIV,0.00,0.00
2444727,Mac Allister,Alexis Mac Allister,Midfielder,LIV,0.05,0.00
2444727,Gakpo,Cody Gakpo,Forward,LIV,0.00,0.00
2444727,Díaz,Luis Díaz,Midfielder,LIV,0.02,0.03
2444727,Szoboszlai,Dominik Szoboszlai,Midfielder,LIV,0.14,0.26
2444727,Gravenberch,Ryan Gravenberch,Midfielder,LIV,0.00,0.00
2444727,Quansah,Jarell Quansah,Defender,LIV,0.00,0.00
2444727,Elliott,Harvey Elliott,Midfielder,LIV,0.00,0.00
2444727,Gundogan,Ilkay Gundogan,Midfielder,MCI,0.01,0.00
2444727,De Bruyne,Kevin De Bruyne,Midfielder,MCI,0.07,0.04
2444727,Kovacic,Mateo Kovacic,Midfielder,MCI,0.07,0.00
2444727,Ederson,Ederson Santana de Moraes,Goalkeeper,MCI,0.00,0.00
2444727,Aké,Nathan Aké,Defender,MCI,0.02,0.00
2444727,Rúben Dias,Rúben Santos Gato Alves Dias,Defender,MCI,0.01,0.00
2444727,Foden,Phil Foden,Midfielder,MCI,0.06,0.10
2444727,Doku,Jéremy Doku,Midfielder,MCI,0.12,0.07
2444727,Mcatee,James Mcatee,Midfielder,MCI,0.00,0.00
2444727,Omar Marmoush,Omar Khaled Mohamed Marmoush,Forward,MCI,0.11,0.12
2444727,González (Nico),Nico González,Midfielder,MCI,0.08,0.06
2444727,Lewis (Rico),Rico Lewis,Defender,MCI,0.07,0.22
2444727,Gvardiol,Joško Gvardiol,Defender,MCI,0.05,0.00
2444727,Savinho,Sávio Moreira de Oliveira,Midfielder,MCI,0.08,0.04
2444727,Khusanov,Abduqodir Khusanov,Defender,MCI,0.03,0.00
2444728,Wilson (Callum),Callum Wilson,Forward,NEW,0.00,0.05
2444728,Burn,Dan Burn,Defender,NEW,0.00,0.00
2444728,Pope,Nick Pope,Goalkeeper,NEW,0.00,0.00
2444728,Murphy (Jacob),Jacob Murphy,Midfielder,NEW,0.02,1.15
2444728,Schär,Fabian Schär,Defender,NEW,0.00,0.07
2444728,Willock,Joseph Willock,Midfielder,NEW,0.11,0.00
2444728,Barnes,Harvey Barnes,Midfielder,NEW,0.00,0.03
2444728,Bruno Guimarães,Bruno Guimarães Rodriguez Moura,Midfielder,NEW,0.03,0.08
2444728,Isak,Alexander Isak,Forward,NEW,0.01,0.96
2444728,Gordon (Anthony),Anthony Gordon,Midfielder,NEW,0.05,0.45
2444728,Tonali,Sandro Tonali,Midfielder,NEW,0.00,0.00
2444728,Livramento,Valentino Livramento,Defender,NEW,0.31,0.00
2444728,Lewis Hall,Lewis Hall,Defender,NEW,0.22,0.00
2444728,Miley (Lewis),Lewis Miley,Midfielder,NEW,0.04,0.13
2444728,Wood (Chris),Chris Wood,Forward,NFO,0.68,0.03
2444728,Sels,Matz Sels,Goalkeeper,NFO,0.00,0.00
2444728,Aina,Ola Aina,Defender,NFO,0.07,0.01
2444728,Yates,Ryan Yates,Midfielder,NFO,0.00,0.37
2444728,Hudson-Odoi,Callum Hudson-Odoi,Midfielder,NFO,0.03,0.04
2444728,Sangaré,Ibrahim Sangaré,Midfielder,NFO,0.00,0.00
2444728,Williams (Neco),Neco Williams,Defender,NFO,0.14,0.00
2444728,Anderson,Elliot Anderson,Midfielder,NFO,0.16,0.12
2444728,Gibbs-White,Morgan Gibbs-White,Midfielder,NFO,0.15,0.26
2444728,Milenkovic,Nikola Milenkovic,Defender,NFO,0.01,0.34
2444728,Nicolás Domínguez,Nicolás Domínguez,Midfielder,NFO,0.04,0.00
2444728,Elanga,Anthony Elanga,Midfielder,NFO,0.09,0.47
2444728,Murillo,Murillo Santiago Costa dos Santos,Defender,NFO,0.05,0.13
2444729,Webster,Adam Webster,Defender,BHA,0.02,0.00
2444729,Estupiñán,Pervis Estupiñán,Defender,BHA,0.00,0.00
2444729,Lamptey,Tariq Lamptey,Defender,BHA,0.00,0.00
2444729,Mitoma,Kaoru Mitoma,Midfielder,BHA,0.02,0.94
2444729,Rutter,Georginio Rutter,Midfielder,BHA,0.00,0.69
2444729,Wieffer,Mats Wieffer,Midfielder,BHA,0.01,0.00
2444729,van Hecke,Jan-Paul van Hecke,Defender,BHA,0.03,0.17
2444729,João Pedro,João Pedro Junqueira de Jesus,Forward,BHA,0.02,0.57
2444729,Verbruggen,Bart Verbruggen,Goalkeeper,BHA,0.00,0.00
2444729,Ayari,Yasin Ayari,Midfielder,BHA,0.12,0.00
2444729,Gruda,Brajan Gruda,Midfielder,BHA,0.03,0.00
2444729,Gómez (Diego),Diego Gómez,Midfielder,BHA,0.26,0.00
2444729,Hinshelwood,Jack Hinshelwood,Midfielder,BHA,0.01,0.09
2444729,Baleba,Carlos Baleba,Midfielder,BHA,0.25,1.11
2444729,Adingra,Simon Adingra,Midfielder,BHA,0.16,0.04
2444729,Minteh,Yankuba Minteh,Midfielder,BHA,0.33,0.37
2444729,Paul Onuachu,Ebere Paul Onuachu,Forward,SOU,0.00,0.00
2444729,Walker-Peters,Kyle Walker-Peters,Defender,SOU,0.02,0.00
2444729,Bednarek,Jan Bednarek,Defender,SOU,0.00,0.00
2444729,Bree,James Bree,Defender,SOU,0.08,0.00
2444729,Aribo,Joe Aribo,Midfielder,SOU,0.00,0.00
2444729,Smallbone,William Smallbone,Midfielder,SOU,0.00,0.00
2444729,Sugawara,Yukinari Sugawara,Defender,SOU,0.00,0.02
2444729,Ramsdale,Aaron Ramsdale,Goalkeeper,SOU,0.00,0.00
2444729,Archer,Cameron Archer,Forward,SOU,0.00,0.05
2444729,Bella Kotchap,Armel Bella Kotchap,Defender,SOU,0.00,0.00
2444729,Grønbæk,Albert Grønbæk,Midfielder,SOU,0.00,0.00
2444729,Dibling,Tyler Dibling,Midfielder,SOU,0.04,0.00
2444729,Welington,Welington Damascena Santos,Defender,SOU,0.00,0.01
2444729,Ugochukwu,Lesley Ugochukwu,Midfielder,SOU,0.01,0.00
2444729,Sulemana,Kamaldeen Sulemana,Midfielder,SOU,0.00,0.02
2444729,Mateus Fernandes,Mateus Gonçalo Espanha Fernandes,Midfielder,SOU,0.02,0.03
2444730,Flekken,Mark Flekken,Goalkeeper,BRE,0.01,0.00
2444730,Ajer,Kristoffer Ajer,Defender,BRE,0.01,0.05
2444730,Janelt,Vitaly Janelt,Midfielder,BRE,0.03,0.08
2444730,Wissa,Yoane Wissa,Forward,BRE,0.02,1.00
2444730,Maghoma,Paris Maghoma,Midfielder,BRE,0.01,0.00
2444730,Pinnock,Ethan Pinnock,Defender,BRE,0.00,0.00
2444730,Lewis-Potter,Keane Lewis-Potter,Midfielder,BRE,0.18,0.02
2444730,Collins,Nathan Collins,Defender,BRE,0.01,0.13
2444730,Damsgaard,Mikkel Damsgaard,Midfielder,BRE,0.34,0.14
2444730,Mbeumo,Bryan Mbeumo,Midfielder,BRE,0.04,0.31
2444730,Yarmolyuk,Ehor Yarmolyuk,Midfielder,BRE,0.04,0.00
2444730,Schade,Kevin Schade,Midfielder,BRE,0.10,0.00
2444730,Kayode,Michael Kayode,Defender,BRE,0.01,0.00
2444730,Tarkowski,James Tarkowski,Defender,EVE,0.01,0.01
2444730,Young (Ashley),Ashley Young,Defender,EVE,0.00,0.00
2444730,Gueye,Idrissa Gueye,Midfielder,EVE,0.03,0.02
2444730,Pickford,Jordan Pickford,Goalkeeper,EVE,0.00,0.00
2444730,Harrison (Jack),Jack Harrison,Midfielder,EVE,0.08,0.10
2444730,Mykolenko,Vitaliy Mykolenko,Defender,EVE,0.24,0.00
2444730,Garner,James Garner,Midfielder,EVE,0.02,0.05
2444730,Lindstrom,Jesper Lindstrom,Midfielder,EVE,0.04,0.00
2444730,Branthwaite,Jarrad Branthwaite,Defender,EVE,0.01,0.00
2444730,Beto,Norberto Bercique Gomes Betuncal,Forward,EVE,0.01,0.62
2444730,Iroegbunam,Tim Iroegbunam,Midfielder,EVE,0.00,0.00
2444730,Alcaraz,Carlos Alcaraz,Midfielder,EVE,0.06,0.33
2444730,O'Brien (Jake),Jake O'Brien,Defender,EVE,0.01,0.24
2444731,Kepa,Kepa Arrizabalaga Revuelta,Goalkeeper,BOU,0.01,0.06
2444731,Brooks,David Brooks,Midfielder,BOU,0.02,0.05
2444731,Cook,Lewis Cook,Midfielder,BOU,0.05,0.00
2444731,Christie,Ryan Christie,Midfielder,BOU,0.01,0.10
2444731,Adams (Tyler),Tyler Adams,Midfielder,BOU,0.03,0.00
2444731,Tavernier,Marcus Tavernier,Midfielder,BOU,0.03,0.07
2444731,Kluivert,Justin Kluivert,Midfielder,BOU,0.34,0.14
2444731,Sinisterra,Luis Sinisterra,Midfielder,BOU,0.00,0.09
2444731,Semenyo,Antoine Semenyo,Midfielder,BOU,0.24,0.23
2444731,Evanilson,Francisco Evanilson de Lima Barbosa,Forward,BOU,0.00,0.00
2444731,Hill (James),James Hill,Defender,BOU,0.00,0.18
2444731,Scott,Alex Scott,Midfielder,BOU,0.15,0.00
2444731,Dango Ouattara,Dango Ouattara,Midfielder,BOU,0.06,0.54
2444731,Kerkez,Milos Kerkez,Defender,BOU,0.02,0.00
2444731,Huijsen,Dean Huijsen,Defender,BOU,0.01,0.00
2444731,Welbeck,Danny Welbeck,Forward,BHA,0.00,0.37
2444731,March,Solomon March,Midfielder,BHA,0.00,0.00
2444731,Webster,Adam Webster,Defender,BHA,0.01,0.00
2444731,Estupiñán,Pervis Estupiñán,Defender,BHA,0.01,0.00
2444731,Lamptey,Tariq Lamptey,Defender,BHA,0.16,0.00
2444731,Mitoma,Kaoru Mitoma,Midfielder,BHA,0.09,0.62
2444731,Rutter,Georginio Rutter,Midfielder,BHA,0.22,0.39
2444731,Wieffer,Mats Wieffer,Midfielder,BHA,0.02,0.00
2444731,van Hecke,Jan-Paul van Hecke,Defender,BHA,0.00,0.16
2444731,João Pedro,João Pedro Junqueira de Jesus,Forward,BHA,0.02,0.79
2444731,Verbruggen,Bart Verbruggen,Goalkeeper,BHA,0.00,0.00
2444731,Ayari,Yasin Ayari,Midfielder,BHA,0.00,0.00
2444731,Gómez (Diego),Diego Gómez,Midfielder,BHA,0.42,0.03
2444731,Hinshelwood,Jack Hinshelwood,Midfielder,BHA,0.00,0.00
2444731,Baleba,Carlos Baleba,Midfielder,BHA,0.03,0.00
2444731,Minteh,Yankuba Minteh,Midfielder,BHA,0.16,0.06
2444732,Martinez,Emiliano Martinez,Goalkeeper,AVL,0.00,0.00
2444732,Digne,Lucas Digne,Defender,AVL,0.45,0.00
2444732,Olsen,Robin Olsen,Goalkeeper,AVL,0.00,0.00
2444732,McGinn,John McGinn,Midfielder,AVL,0.02,0.00
2444732,Tielemans,Youri Tielemans,Midfielder,AVL,0.02,0.07
2444732,Asensio,Marco Asensio,Midfielder,AVL,0.01,0.00
2444732,Rashford,Marcus Rashford,Midfielder,AVL,0.00,0.00
2444732,Watkins,Ollie Watkins,Forward,AVL,0.03,0.00
2444732,Konsa Ngoyo,Ezri Konsa Ngoyo,Defender,AVL,0.00,0.06
2444732,Bailey,Leon Bailey,Midfielder,AVL,0.01,0.04
2444732,Disasi,Axel Disasi,Defender,AVL,0.01,0.07
2444732,Ramsey (Jacob),Jacob Ramsey,Midfielder,AVL,0.05,0.00
2444732,Rogers,Morgan Rogers,Midfielder,AVL,0.02,0.13
2444732,Maatsen,Ian Maatsen,Defender,AVL,0.00,0.00
2444732,Bogarde,Lamar Bogarde,Defender,AVL,0.01,0.00
2444732,García,Andrés García,Defender,AVL,0.18,0.00
2444732,Hughes,Will Hughes,Midfielder,CRY,0.02,0.02
2444732,Lerma,Jefferson Lerma,Midfielder,CRY,0.00,0.08
2444732,Henderson,Dean Henderson,Goalkeeper,CRY,0.00,0.00
2444732,Eddie Nketiah,Edward Nketiah,Forward,CRY,0.00,0.97
2444732,Marc Guehi,Addji Keaninkin Marc-Israel Guehi,Defender,CRY,0.00,0.00
2444732,Kamada,Daichi Kamada,Midfielder,CRY,0.02,0.00
2444732,Mateta,Jean-Philippe Mateta,Forward,CRY,0.03,0.41
2444732,Ismaila Sarr,Ismaila Sarr,Midfielder,CRY,0.21,1.86
2444732,Eze,Eberechi Eze,Midfielder,CRY,0.16,0.30
2444732,Mitchell,Tyrick Mitchell,Defender,CRY,0.31,0.60
2444732,Muñoz,Daniel Muñoz,Defender,CRY,0.05,0.03
2444732,Richards (Chris),Chris Richards,Defender,CRY,0.00,0.02
2444732,Lacroix,Maxence Lacroix,Defender,CRY,0.00,0.02
2444732,Wharton,Adam Wharton,Midfielder,CRY,0.08,0.03
2444733,Jorginho,Jorge Luiz Frello Filho,Midfielder,ARS,0.04,0.00
2444733,Sterling,Raheem Sterling,Midfielder,ARS,0.04,0.00
2444733,Trossard,Leandro Trossard,Midfielder,ARS,0.07,0.04
2444733,Raya Martin,David Raya Martin,Goalkeeper,ARS,0.00,0.00
2444733,Partey,Thomas Partey,Midfielder,ARS,0.00,0.06
2444733,Odegaard,Martin Odegaard,Midfielder,ARS,0.23,0.00
2444733,Tierney,Kieran Tierney,Defender,ARS,0.02,0.21
2444733,Merino,Mikel Merino,Midfielder,ARS,0.14,0.22
2444733,White (Ben),Ben White,Defender,ARS,0.00,0.00
2444733,Rice,Declan Rice,Midfielder,ARS,0.22,0.10
2444733,Zinchenko,Oleksandr Zinchenko,Defender,ARS,0.01,0.00
2444733,Gabriel Magalhães,Gabriel dos Santos Magalhães,Defender,ARS,0.01,0.00
2444733,Jurriën Timber,Jurriën Timber,Defender,ARS,0.02,0.00
2444733,Saliba,William Saliba,Defender,ARS,0.02,0.19
2444733,Calafiori,Riccardo Calafiori,Defender,ARS,0.03,0.10
2444733,Nwaneri,Ethan Nwaneri,Midfielder,ARS,0.06,0.07
2444733,Wood (Chris),Chris Wood,Forward,NFO,0.00,0.16
2444733,Sels,Matz Sels,Goalkeeper,NFO,0.00,0.00
2444733,Aina,Ola Aina,Defender,NFO,0.01,0.00
2444733,Yates,Ryan Yates,Midfielder,NFO,0.00,0.08
2444733,Hudson-Odoi,Callum Hudson-Odoi,Midfielder,NFO,0.03,0.05
2444733,Awoniyi,Taiwo Awoniyi,Forward,NFO,0.00,0.00
2444733,Williams (Neco),Neco Williams,Defender,NFO,0.00,0.10
2444733,Anderson,Elliot Anderson,Midfielder,NFO,0.01,0.00
2444733,Gibbs-White,Morgan Gibbs-White,Midfielder,NFO,0.13,0.00
2444733,Milenkovic,Nikola Milenkovic,Defender,NFO,0.06,0.00
2444733,Nicolás Domínguez,Nicolás Domínguez,Midfielder,NFO,0.00,0.02
2444733,Elanga,Anthony Elanga,Midfielder,NFO,0.03,0.00
2444733,Danilo,Danilo dos Santos de Oliveira,Midfielder,NFO,0.01,0.00
2444733,Murillo,Murillo Santiago Costa dos Santos,Defender,NFO,0.03,0.00
2444734,Gundogan,Ilkay Gundogan,Midfielder,MCI,0.00,0.00
2444734,Kovacic,Mateo Kovacic,Midfielder,MCI,0.04,0.00
2444734,Grealish,Jack Grealish,Midfielder,MCI,0.00,0.00
2444734,Ederson,Ederson Santana de Moraes,Goalkeeper,MCI,0.00,0.00
2444734,Bernardo Silva,Bernardo Mota Veiga de Carvalho e Silva,Midfielder,MCI,0.04,0.00
2444734,Rúben Dias,Rúben Santos Gato Alves Dias,Defender,MCI,0.01,0.00
2444734,Foden,Phil Foden,Midfielder,MCI,0.01,0.00
2444734,Haaland,Erling Haaland,Forward,MCI,0.03,1.38
2444734,Doku,Jéremy Doku,Midfielder,MCI,0.33,0.08
2444734,Mcatee,James Mcatee,Midfielder,MCI,0.00,0.00
2444734,Omar Marmoush,Omar Khaled Mohamed Marmoush,Forward,MCI,0.02,0.05
2444734,Matheus Nunes,Matheus Luiz Nunes,Midfielder,MCI,0.22,0.00
2444734,González (Nico),Nico González,Midfielder,MCI,0.04,0.00
2444734,Gvardiol,Joško Gvardiol,Defender,MCI,0.02,0.00
2444734,Savinho,Sávio Moreira de Oliveira,Midfielder,MCI,0.06,0.61
2444734,Khusanov,Abduqodir Khusanov,Defender,MCI,0.01,0.00
2444734,Son,Heung-Min Son,Midfielder,TOT,0.20,0.26
2444734,Danso,Kevin Danso,Defender,TOT,0.01,0.05
2444734,Werner,Timo Werner,Midfielder,TOT,0.01,0.00
2444734,Maddison,James Maddison,Midfielder,TOT,0.23,0.00
2444734,Vicario,Guglielmo Vicario,Goalkeeper,TOT,0.00,0.00
2444734,Bentancur,Rodrigo Bentancur,Midfielder,TOT,0.01,0.13
2444734,Spence,Djed Spence,Defender,TOT,0.10,0.00
2444734,Johnson (Brennan),Brennan Johnson,Midfielder,TOT,0.11,0.05
2444734,Porro,Pedro Porro,Defender,TOT,0.35,0.00
2444734,Kulusevski,Dejan Kulusevski,Midfielder,TOT,0.00,0.00
2444734,Sarr (Pape),Pape Sarr,Midfielder,TOT,0.01,0.56
2444734,Destiny Udogie,Iyenoma Destiny Udogie,Defender,TOT,0.00,0.00
2444734,Tel,Mathys Tel,Midfielder,TOT,0.00,0.04
2444734,Gray (Archie),Archie Gray,Midfielder,TOT,0.00,0.00
2444734,Odobert,Wilson Odobert,Midfielder,TOT,0.02,0.23
2444734,Bergvall,Lucas Bergvall,Midfielder,TOT,0.01,0.00
2444735,Vestergaard,Jannik Vestergaard,Defender,LEI,0.00,0.06
2444735,DeCordova-Reid,Bobby DeCordova-Reid,Midfielder,LEI,0.00,0.00
2444735,Vardy,Jamie Vardy,Forward,LEI,0.01,0.00
2444735,Mavididi,Stephy Mavididi,Midfielder,LEI,0.05,0.03
2444735,Winks,Harry Winks,Midfielder,LEI,0.01,0.00
2444735,Ndidi,Onyinye Wilfred Ndidi,Midfielder,LEI,0.01,0.10
2444735,Faes,Wout Faes,Defender,LEI,0.00,0.02
2444735,Justin,James Justin,Defender,LEI,0.01,0.08
2444735,Soumaré,Boubakary Soumaré,Midfielder,LEI,0.00,0.00
2444735,Thomas,Luke Thomas,Defender,LEI,0.00,0.00
2444735,Daka,Patson Daka,Forward,LEI,0.00,0.00
2444735,Hermansen,Mads Hermansen,Goalkeeper,LEI,0.00,0.00
2444735,Kristiansen,Victor Kristiansen,Defender,LEI,0.02,0.03
2444735,El Khannouss,Bilal El Khannouss,Midfielder,LEI,0.10,0.04
2444735,Buonanotte,Facundo Buonanotte,Midfielder,LEI,0.01,0.00
2444735,Cresswell,Aaron Cresswell,Defender,WHU,0.71,0.00
2444735,Areola,Alphonse Areola,Goalkeeper,WHU,0.00,0.00
2444735,Ward-Prowse,James Ward-Prowse,Midfielder,WHU,0.04,0.00
2444735,Emerson,Emerson Palmieri dos Santos,Defender,WHU,0.00,0.00
2444735,Bowen,Jarrod Bowen,Midfielder,WHU,0.07,0.08
2444735,Álvarez (Edson),Edson Álvarez,Midfielder,WHU,0.02,0.00
2444735,Kilman,Max Kilman,Defender,WHU,0.01,0.01
2444735,Wan-Bissaka,Aaron Wan-Bissaka,Defender,WHU,0.07,0.00
2444735,Soucek,Tomas Soucek,Midfielder,WHU,0.02,0.55
2444735,Soler (Carlos),Carlos Soler,Midfielder,WHU,0.00,0.00
2444735,Irving,Andy Irving,Midfielder,WHU,0.00,0.00
2444735,Mavropanos,Konstantinos Mavropanos,Defender,WHU,0.00,0.26
2444735,Kudus,Mohammed Kudus,Midfielder,WHU,0.01,0.64
2444735,Todibo,Jean-Clair Todibo,Defender,WHU,0.01,0.00
2444735,Ferguson,Evan Ferguson,Forward,WHU,0.00,0.11
2444735,Scarles,Oliver Scarles,Defender,WHU,0.02,0.02
2444736,Willian,Willian Borges Da Silva,Midfielder,FUL,0.01,0.00
2444736,Leno,Bernd Leno,Goalkeeper,FUL,0.00,0.00
2444736,Raúl Jiménez,Raul Alonso Jimenez Rodriguez,Forward,FUL,0.00,0.50
2444736,Iwobi,Alex Iwobi,Midfielder,FUL,0.04,0.04
2444736,Pereira,Andreas Pereira,Midfielder,FUL,0.08,0.10
2444736,Traoré (Adama),Adama Traoré,Midfielder,FUL,0.25,0.01
2444736,Castagne,Timothy Castagne,Defender,FUL,0.07,0.00
2444736,Robinson (Antonee),Antonee Robinson,Defender,FUL,0.01,0.00
2444736,Andersen,Joachim Andersen,Defender,FUL,0.01,0.00
2444736,Sessegnon (Ryan),Kouassi Ryan Sessegnon,Defender,FUL,0.25,0.41
2444736,Berge,Sander Berge,Midfielder,FUL,0.01,0.00
2444736,Lukic,Sasa Lukic,Midfielder,FUL,0.01,0.00
2444736,Diop,Issa Diop,Defender,FUL,0.00,0.00
2444736,Bassey,Calvin Bassey,Defender,FUL,0.00,0.00
2444736,Rodrigo Muniz,Rodrigo Muniz Carvalho,Forward,FUL,0.01,0.63
2444736,Cuenca,Jorge Cuenca,Defender,FUL,0.00,0.00
2444736,Doherty,Matt Doherty,Defender,WOL,0.03,0.05
2444736,Sarabia,Pablo Sarabia,Midfielder,WOL,0.03,0.00
2444736,José Sá,José Pedro Malheiro de Sá,Goalkeeper,WOL,0.00,0.00
2444736,Semedo,Nelson Semedo,Defender,WOL,0.05,0.00
2444736,Doyle (Tommy),Tommy Doyle,Midfielder,WOL,0.01,0.00
2444736,Bellegarde,Jean-Ricner Bellegarde,Midfielder,WOL,0.38,0.11
2444736,Bueno (Santiago),Santiago Bueno,Defender,WOL,0.00,0.00
2444736,Strand Larsen,Jørgen Strand Larsen,Forward,WOL,0.00,0.00
2444736,Matheus Cunha,Matheus Santos Carneiro Da Cunha,Forward,WOL,0.09,0.35
2444736,Munetsi,Marshall Munetsi,Midfielder,WOL,0.00,0.27
2444736,João Gomes,João Victor Gomes da Silva,Midfielder,WOL,0.20,0.40
2444736,Ait Nouri,Rayan Ait Nouri,Defender,WOL,0.06,0.11
2444736,André,André Trindade da Costa Neto,Midfielder,WOL,0.03,0.02
2444736,Toti,Toti António Gomes,Defender,WOL,0.07,0.00
2444737,Tosin,Oluwatosin Adarabioyo,Defender,CHE,0.02,0.04
2444737,Cucurella,Marc Cucurella,Defender,CHE,0.06,0.37
2444737,Sancho,Jadon Sancho,Midfielder,CHE,0.40,0.00
2444737,Nkunku,Christopher Nkunku,Midfielder,CHE,0.15,0.42
2444737,Dewsbury-Hall,Kiernan Dewsbury-Hall,Midfielder,CHE,0.00,0.00
2444737,Palmer (Cole),Cole Palmer,Midfielder,CHE,0.10,1.30
2444737,Neto,Pedro Neto,Midfielder,CHE,0.24,0.06
2444737,Fernández,Enzo Fernández,Midfielder,CHE,0.54,0.08
2444737,Colwill,Levi Colwill,Defender,CHE,0.03,0.14
2444737,Gusto,Malo Gusto,Defender,CHE,0.02,0.00
2444737,Moises Caicedo,Moises Caicedo,Midfielder,CHE,0.04,0.03
2444737,Jørgensen,Filip Jørgensen,Goalkeeper,CHE,0.00,0.00
2444737,George,Tyrique George,Midfielder,CHE,0.13,0.07
2444737,Mheuka,Shumaira Mheuka,Forward,CHE,0.00,0.06
2444737,Acheampong,Josh Acheampong,Defender,CHE,0.00,0.00
2444737,Amougou,Mathis Amougou,Midfielder,CHE,0.00,0.00
2444737,Paul Onuachu,Ebere Paul Onuachu,Forward,SOU,0.00,0.23
2444737,Walker-Peters,Kyle Walker-Peters,Defender,SOU,0.00,0.00
2444737,Bree,James Bree,Defender,SOU,0.06,0.00
2444737,Aribo,Joe Aribo,Midfielder,SOU,0.01,0.00
2444737,Manning,Ryan Manning,Defender,SOU,0.15,0.15
2444737,Smallbone,William Smallbone,Midfielder,SOU,0.04,0.00
2444737,Sugawara,Yukinari Sugawara,Defender,SOU,0.01,0.00
2444737,Downes,Flynn Downes,Midfielder,SOU,0.00,0.00
2444737,Ramsdale,Aaron Ramsdale,Goalkeeper,SOU,0.00,0.00
2444737,Harwood-Bellis,Taylor Harwood-Bellis,Defender,SOU,0.01,0.00
2444737,Archer,Cameron Archer,Forward,SOU,0.00,0.00
2444737,Bella Kotchap,Armel Bella Kotchap,Defender,SOU,0.00,0.32
2444737,Dibling,Tyler Dibling,Midfielder,SOU,0.00,0.00
2444737,Welington,Welington Damascena Santos,Defender,SOU,0.00,0.00
2444737,Sulemana,Kamaldeen Sulemana,Midfielder,SOU,0.16,0.00
2444737,Mateus Fernandes,Mateus Gonçalo Espanha Fernandes,Midfielder,SOU,0.02,0.02
2444738,van Dijk,Virgil van Dijk,Defender,LIV,0.02,0.00
2444738,Alisson,Alisson Ramses Becker,Goalkeeper,LIV,0.00,0.00
2444738,Salah,Mohamed Salah,Midfielder,LIV,0.32,0.15
2444738,Endo,Wataru Endo,Midfielder,LIV,0.00,0.00
2444738,Alexander-Arnold,Trent Alexander-Arnold,Defender,LIV,0.02,0.00
2444738,Diogo Jota,Diogo José Teixeira da Silva,Midfielder,LIV,0.02,0.00
2444738,Konaté,Ibrahima Konaté,Defender,LIV,0.01,0.00
2444738,Jones,Curtis Jones,Midfielder,LIV,0.01,0.00
2444738,Tsimikas,Konstantinos Tsimikas,Defender,LIV,0.02,0.04
2444738,Mac Allister,Alexis Mac Allister,Midfielder,LIV,0.03,0.22
2444738,Gakpo,Cody Gakpo,Forward,LIV,0.01,0.52
2444738,Díaz,Luis Díaz,Midfielder,LIV,0.23,0.37
2444738,Szoboszlai,Dominik Szoboszlai,Midfielder,LIV,0.03,0.41
2444738,Gravenberch,Ryan Gravenberch,Midfielder,LIV,0.01,0.00
2444738,Quansah,Jarell Quansah,Defender,LIV,0.00,0.00
2444738,Núñez,Darwin Núñez,Forward,LIV,0.01,0.00
2444738,Wilson (Callum),Callum Wilson,Forward,NEW,0.01,0.18
2444738,Trippier,Kieran Trippier,Defender,NEW,0.01,0.00
2444738,Burn,Dan Burn,Defender,NEW,0.00,0.00
2444738,Pope,Nick Pope,Goalkeeper,NEW,0.00,0.00
2444738,Murphy (Jacob),Jacob Murphy,Midfielder,NEW,0.05,0.00
2444738,Schär,Fabian Schär,Defender,NEW,0.01,0.00
2444738,Longstaff (Sean),Sean Longstaff,Midfielder,NEW,0.00,0.00
2444738,Willock,Joseph Willock,Midfielder,NEW,0.01,0.00
2444738,Barnes,Harvey Barnes,Midfielder,NEW,0.00,0.00
2444738,Bruno Guimarães,Bruno Guimarães Rodriguez Moura,Midfielder,NEW,0.02,0.00
2444738,Gordon (Anthony),Anthony Gordon,Midfielder,NEW,0.11,0.04
2444738,Tonali,Sandro Tonali,Midfielder,NEW,0.01,0.00
2444738,Livramento,Valentino Livramento,Defender,NEW,0.01,0.00
2444738,Lewis Hall,Lewis Hall,Defender,NEW,0.02,0.00
2444738,Osula,William Osula,Forward,NEW,0.00,0.00
2444738,Miley (Lewis),Lewis Miley,Midfielder,NEW,0.02,0.00
2444739,Morsy,Sam Morsy,Midfielder,IPS,0.02,0.00
2444739,Palmer (Alex),Alex Palmer,Goalkeeper,IPS,0.00,0.00
2444739,Szmodics,Sammie Szmodics,Midfielder,IPS,0.00,0.00
2444739,Broadhead,Nathan Broadhead,Midfielder,IPS,0.00,0.00
2444739,Tuanzebe,Axel Tuanzebe,Defender,IPS,0.02,0.03
2444739,O'Shea,Dara O'Shea,Defender,IPS,0.02,0.00
2444739,Johnson (Ben),Ben Johnson,Defender,IPS,0.02,0.00
2444739,Hirst,George Hirst,Forward,IPS,0.00,0.09
2444739,Taylor (Jack),Jack Taylor,Midfielder,IPS,0.01,0.02
2444739,Clarke (Jack),Jack Clarke,Midfielder,IPS,0.12,0.00
2444739,Greaves,Jacob Greaves,Defender,IPS,0.02,0.00
2444739,Cajuste,Jens Cajuste,Midfielder,IPS,0.05,0.10
2444739,Davis,Leif Davis,Defender,IPS,0.09,0.00
2444739,Delap,Liam Delap,Forward,IPS,0.00,0.14
2444739,Philogene-Bidace,Jaden Philogene-Bidace,Midfielder,IPS,0.06,1.04
2444739,Hutchinson,Omari Hutchinson,Midfielder,IPS,0.03,0.00
2444739,Casemiro,Carlos Henrique Jose Francisco Venancio,Midfielder,MUN,0.03,0.01
2444739,Eriksen,Christian Eriksen,Midfielder,MUN,0.00,0.00
2444739,Maguire,Harry Maguire,Defender,MUN,0.00,0.20
2444739,Bruno Fernandes,Bruno Miguel Borges Fernandes,Midfielder,MUN,0.30,0.00
2444739,Lindelof,Victor Nilsson-Lindelof,Defender,MUN,0.00,0.00
2444739,Onana,André Onana,Goalkeeper,MUN,0.00,0.00
2444739,de Ligt,Matthijs de Ligt,Defender,MUN,0.00,0.31
2444739,Dalot,José Diogo Dalot Teixeira,Defender,MUN,0.04,0.16
2444739,Mazraoui,Noussair Mazraoui,Defender,MUN,0.00,0.00
2444739,Ugarte,Manuel Ugarte,Midfielder,MUN,0.02,0.00
2444739,Zirkzee,Joshua Zirkzee,Forward,MUN,0.00,0.04
2444739,Garnacho,Alejandro Garnacho Ferreyra,Midfielder,MUN,0.01,0.04
2444739,Højlund,Rasmus Højlund,Forward,MUN,0.00,0.00
2444739,Yoro,Leny Yoro,Defender,MUN,0.01,0.00
2444739,Dorgu,Patrick Dorgu,Defender,MUN,0.00,0.05
2444740,Digne,Lucas Digne,Defender,AVL,0.04,0.00
2444740,Olsen,Robin Olsen,Goalkeeper,AVL,0.00,0.00
2444740,McGinn,John McGinn,Midfielder,AVL,0.03,0.00
2444740,Mings,Tyrone Mings,Defender,AVL,0.01,0.32
2444740,Tielemans,Youri Tielemans,Midfielder,AVL,0.15,0.15
2444740,Rashford,Marcus Rashford,Midfielder,AVL,0.00,0.00
2444740,Watkins,Ollie Watkins,Forward,AVL,0.01,0.56
2444740,Cash,Matthew Cash,Defender,AVL,0.02,0.00
2444740,Konsa Ngoyo,Ezri Konsa Ngoyo,Defender,AVL,0.00,0.00
2444740,Malen,Donyell Malen,Midfielder,AVL,0.00,0.00
2444740,Bailey,Leon Bailey,Midfielder,AVL,0.04,0.12
2444740,Disasi,Axel Disasi,Defender,AVL,0.01,0.00
2444740,Kamara,Boubacar Kamara,Midfielder,AVL,0.00,0.00
2444740,Ramsey (Jacob),Jacob Ramsey,Midfielder,AVL,0.07,0.11
2444740,Rogers,Morgan Rogers,Midfielder,AVL,0.02,0.08
2444740,Flekken,Mark Flekken,Goalkeeper,BRE,0.00,0.00
2444740,Norgaard,Christian Norgaard,Midfielder,BRE,0.08,0.19
2444740,Ajer,Kristoffer Ajer,Defender,BRE,0.00,0.08
2444740,Janelt,Vitaly Janelt,Midfielder,BRE,0.06,0.00
2444740,Jensen,Mathias Jensen,Midfielder,BRE,0.02,0.00
2444740,Wissa,Yoane Wissa,Forward,BRE,0.09,0.30
2444740,Pinnock,Ethan Pinnock,Defender,BRE,0.01,0.00
2444740,Lewis-Potter,Keane Lewis-Potter,Midfielder,BRE,0.03,0.05
2444740,Collins,Nathan Collins,Defender,BRE,0.01,0.03
2444740,Damsgaard,Mikkel Damsgaard,Midfielder,BRE,0.08,0.00
2444740,Mbeumo,Bryan Mbeumo,Midfielder,BRE,0.08,0.05
2444740,Schade,Kevin Schade,Midfielder,BRE,0.04,0.15
2444740,Kim Ji-Soo,Ji-Soo Kim,Defender,BRE,0.00,0.00
2444741,Welbeck,Danny Welbeck,Forward,BHA,0.18,0.21
2444741,March,Solomon March,Midfielder,BHA,0.00,0.00
2444741,Webster,Adam Webster,Defender,BHA,0.03,0.00
2444741,Estupiñán,Pervis Estupiñán,Defender,BHA,0.02,0.00
2444741,Mitoma,Kaoru Mitoma,Midfielder,BHA,0.05,0.00
2444741,Rutter,Georginio Rutter,Midfielder,BHA,0.06,0.00
2444741,Wieffer,Mats Wieffer,Midfielder,BHA,0.01,0.00
2444741,van Hecke,Jan-Paul van Hecke,Defender,BHA,0.03,0.13
2444741,João Pedro,João Pedro Junqueira de Jesus,Forward,BHA,0.26,1.12
2444741,Verbruggen,Bart Verbruggen,Goalkeeper,BHA,0.00,0.00
2444741,Ayari,Yasin Ayari,Midfielder,BHA,0.07,0.05
2444741,Gómez (Diego),Diego Gómez,Midfielder,BHA,0.01,0.00
2444741,Hinshelwood,Jack Hinshelwood,Midfielder,BHA,0.03,0.00
2444741,Baleba,Carlos Baleba,Midfielder,BHA,0.11,0.00
2444741,Adingra,Simon Adingra,Midfielder,BHA,0.01,0.00
2444741,Minteh,Yankuba Minteh,Midfielder,BHA,0.06,0.03
2444741,Willian,Willian Borges Da Silva,Midfielder,FUL,0.05,0.00
2444741,Leno,Bernd Leno,Goalkeeper,FUL,0.00,0.00
2444741,Raúl Jiménez,Raul Alonso Jimenez Rodriguez,Forward,FUL,0.00,0.58
2444741,Iwobi,Alex Iwobi,Midfielder,FUL,0.06,0.15
2444741,Reed,Harrison Reed,Midfielder,FUL,0.00,0.00
2444741,Pereira,Andreas Pereira,Midfielder,FUL,0.03,0.00
2444741,Castagne,Timothy Castagne,Defender,FUL,0.01,0.09
2444741,Robinson (Antonee),Antonee Robinson,Defender,FUL,0.05,0.00
2444741,Andersen,Joachim Andersen,Defender,FUL,0.01,0.00
2444741,Sessegnon (Ryan),Kouassi Ryan Sessegnon,Defender,FUL,0.00,0.00
2444741,Berge,Sander Berge,Midfielder,FUL,0.02,0.00
2444741,Smith-Rowe,Emile Smith-Rowe,Midfielder,FUL,0.00,0.08
2444741,Diop,Issa Diop,Defender,FUL,0.00,0.00
2444741,Bassey,Calvin Bassey,Defender,FUL,0.00,0.00
2444741,Rodrigo Muniz,Rodrigo Muniz Carvalho,Forward,FUL,0.00,0.00
2444742,Tosin,Oluwatosin Adarabioyo,Defender,CHE,0.02,0.02
2444742,Cucurella,Marc Cucurella,Defender,CHE,0.09,0.09
2444742,Chalobah,Trevoh Chalobah,Defender,CHE,0.00,0.00
2444742,Sancho,Jadon Sancho,Midfielder,CHE,0.11,0.06
2444742,Nkunku,Christopher Nkunku,Midfielder,CHE,0.10,0.15
2444742,Sanchez,Robert Sanchez,Goalkeeper,CHE,0.00,0.00
2444742,Palmer (Cole),Cole Palmer,Midfielder,CHE,0.17,1.05
2444742,Neto,Pedro Neto,Midfielder,CHE,0.14,0.07
2444742,Fofana (Wesley),Wesley Fofana,Defender,CHE,0.02,0.04
2444742,Fernández,Enzo Fernández,Midfielder,CHE,0.15,0.23
2444742,Colwill,Levi Colwill,Defender,CHE,0.05,0.02
2444742,Moises Caicedo,Moises Caicedo,Midfielder,CHE,0.41,0.05
2444742,George,Tyrique George,Midfielder,CHE,0.02,0.00
2444742,Acheampong,Josh Acheampong,Defender,CHE,0.00,0.00
2444742,Coady,Conor Coady,Defender,LEI,0.01,0.00
2444742,DeCordova-Reid,Bobby DeCordova-Reid,Midfielder,LEI,0.00,0.00
2444742,Vardy,Jamie Vardy,Forward,LEI,0.00,0.02
2444742,Ricardo Pereira,Ricardo Domingos Barbosa Pereira,Defender,LEI,0.01,0.04
2444742,Mavididi,Stephy Mavididi,Midfielder,LEI,0.00,0.00
2444742,Winks,Harry Winks,Midfielder,LEI,0.01,0.00
2444742,Ndidi,Onyinye Wilfred Ndidi,Midfielder,LEI,0.02,0.00
2444742,Faes,Wout Faes,Defender,LEI,0.01,0.00
2444742,Justin,James Justin,Defender,LEI,0.03,0.00
2444742,Soumaré,Boubakary Soumaré,Midfielder,LEI,0.00,0.00
2444742,Thomas,Luke Thomas,Defender,LEI,0.00,0.00
2444742,Daka,Patson Daka,Forward,LEI,0.01,0.00
2444742,Hermansen,Mads Hermansen,Goalkeeper,LEI,0.00,0.00
2444742,Kristiansen,Victor Kristiansen,Defender,LEI,0.00,0.00
2444742,El Khannouss,Bilal El Khannouss,Midfielder,LEI,0.01,0.05
2444742,Buonanotte,Facundo Buonanotte,Midfielder,LEI,0.01,0.00
2444743,Lerma,Jefferson Lerma,Midfielder,CRY,0.03,0.03
2444743,Henderson,Dean Henderson,Goalkeeper,CRY,0.00,0.00
2444743,Chilwell,Benjamin Chilwell,Defender,CRY,0.01,0.00
2444743,Eddie Nketiah,Edward Nketiah,Forward,CRY,0.28,0.63
2444743,Marc Guehi,Addji Keaninkin Marc-Israel Guehi,Defender,CRY,0.08,0.00
2444743,Kamada,Daichi Kamada,Midfielder,CRY,0.00,0.14
2444743,Ismaila Sarr,Ismaila Sarr,Midfielder,CRY,0.46,1.35
2444743,Eze,Eberechi Eze,Midfielder,CRY,0.02,0.58
2444743,Mitchell,Tyrick Mitchell,Defender,CRY,0.01,0.00
2444743,Muñoz,Daniel Muñoz,Defender,CRY,0.03,0.44
2444743,Richards (Chris),Chris Richards,Defender,CRY,0.01,0.09
2444743,Lacroix,Maxence Lacroix,Defender,CRY,0.00,0.00
2444743,Devenny,Justin Devenny,Midfielder,CRY,0.00,0.00
2444743,Wharton,Adam Wharton,Midfielder,CRY,0.64,0.00
2444743,Esse,Romain Esse,Midfielder,CRY,0.00,0.00
2444743,Palmer (Alex),Alex Palmer,Goalkeeper,IPS,0.00,0.00
2444743,Phillips (Kalvin),Kalvin Phillips,Midfielder,IPS,0.02,0.00
2444743,Broadhead,Nathan Broadhead,Midfielder,IPS,0.00,0.00
2444743,O'Shea,Dara O'Shea,Defender,IPS,0.00,0.00
2444743,Woolfenden,Luke Woolfenden,Defender,IPS,0.00,0.00
2444743,Johnson (Ben),Ben Johnson,Defender,IPS,0.00,0.28
2444743,Hirst,George Hirst,Forward,IPS,0.00,0.00
2444743,Taylor (Jack),Jack Taylor,Midfielder,IPS,0.00,0.00
2444743,Clarke (Jack),Jack Clarke,Midfielder,IPS,0.01,0.06
2444743,Greaves,Jacob Greaves,Defender,IPS,0.01,0.56
2444743,Cajuste,Jens Cajuste,Midfielder,IPS,0.00,0.00
2444743,Davis,Leif Davis,Defender,IPS,0.28,0.02
2444743,Delap,Liam Delap,Forward,IPS,0.02,0.11
2444743,Enciso,Julio Enciso,Midfielder,IPS,0.05,0.12
2444743,Philogene-Bidace,Jaden Philogene-Bidace,Midfielder,IPS,0.00,0.65
2444743,Hutchinson,Omari Hutchinson,Midfielder,IPS,0.01,0.00
2444744,van Dijk,Virgil van Dijk,Defender,LIV,0.03,0.00
2444744,Alisson,Alisson Ramses Becker,Goalkeeper,LIV,0.00,0.00
2444744,Salah,Mohamed Salah,Midfielder,LIV,0.23,1.96
2444744,Robertson,Andrew Robertson,Defender,LIV,0.01,0.09
2444744,Endo,Wataru Endo,Midfielder,LIV,0.00,0.00
2444744,Alexander-Arnold,Trent Alexander-Arnold,Defender,LIV,0.10,0.24
2444744,Diogo Jota,Diogo José Teixeira da Silva,Midfielder,LIV,0.00,0.00
2444744,Konaté,Ibrahima Konaté,Defender,LIV,0.01,0.00
2444744,Jones,Curtis Jones,Midfielder,LIV,0.14,0.53
2444744,Tsimikas,Konstantinos Tsimikas,Defender,LIV,0.03,0.00
2444744,Mac Allister,Alexis Mac Allister,Midfielder,LIV,0.05,0.00
2444744,Díaz,Luis Díaz,Midfielder,LIV,0.81,0.21
2444744,Szoboszlai,Dominik Szoboszlai,Midfielder,LIV,0.03,0.11
2444744,Gravenberch,Ryan Gravenberch,Midfielder,LIV,0.09,0.00
2444744,Quansah,Jarell Quansah,Defender,LIV,0.00,0.00
2444744,Elliott,Harvey Elliott,Midfielder,LIV,0.03,0.13
2444744,Núñez,Darwin Núñez,Forward,LIV,0.02,0.84
2444744,Lallana,Adam Lallana,Midfielder,SOU,0.00,0.00
2444744,Paul Onuachu,Ebere Paul Onuachu,Forward,SOU,0.00,0.00
2444744,Walker-Peters,Kyle Walker-Peters,Defender,SOU,0.00,0.00
2444744,Bednarek,Jan Bednarek,Defender,SOU,0.00,0.00
2444744,Aribo,Joe Aribo,Midfielder,SOU,0.00,0.00
2444744,Manning,Ryan Manning,Defender,SOU,0.01,0.00
2444744,Smallbone,William Smallbone,Midfielder,SOU,0.08,0.08
2444744,Sugawara,Yukinari Sugawara,Defender,SOU,0.00,0.00
2444744,Ramsdale,Aaron Ramsdale,Goalkeeper,SOU,0.00,0.00
2444744,Harwood-Bellis,Taylor Harwood-Bellis,Defender,SOU,0.00,0.14
2444744,Archer,Cameron Archer,Forward,SOU,0.01,0.08
2444744,Bella Kotchap,Armel Bella Kotchap,Defender,SOU,0.00,0.00
2444744,Grønbæk,Albert Grønbæk,Midfielder,SOU,0.01,0.00
2444744,Dibling,Tyler Dibling,Midfielder,SOU,0.01,0.02
2444744,Ugochukwu,Lesley Ugochukwu,Midfielder,SOU,0.01,0.00
2444744,Sulemana,Kamaldeen Sulemana,Midfielder,SOU,0.01,0.03
2444744,Mateus Fernandes,Mateus Gonçalo Espanha Fernandes,Midfielder,SOU,0.00,0.02
2444745,Trossard,Leandro Trossard,Midfielder,ARS,0.09,0.64
2444745,Raya Martin,David Raya Martin,Goalkeeper,ARS,0.00,0.00
2444745,Partey,Thomas Partey,Midfielder,ARS,0.07,0.02
2444745,Odegaard,Martin Odegaard,Midfielder,ARS,0.47,0.42
2444745,Tierney,Kieran Tierney,Defender,ARS,0.03,0.00
2444745,Merino,Mikel Merino,Midfielder,ARS,0.03,0.10
2444745,Rice,Declan Rice,Midfielder,ARS,0.30,0.12
2444745,Gabriel Magalhães,Gabriel dos Santos Magalhães,Defender,ARS,0.03,0.00
2444745,Martinelli,Gabriel Teodoro Martinelli Silva,Midfielder,ARS,0.07,0.37
2444745,Jurriën Timber,Jurriën Timber,Defender,ARS,0.07,0.00
2444745,Saliba,William Saliba,Defender,ARS,0.02,0.00
2444745,Calafiori,Riccardo Calafiori,Defender,ARS,0.05,0.00
2444745,Lewis-Skelly,Myles Lewis-Skelly,Midfielder,ARS,0.02,0.00
2444745,Nwaneri,Ethan Nwaneri,Midfielder,ARS,0.03,0.00
2444745,Casemiro,Carlos Henrique Jose Francisco Venancio,Midfielder,MUN,0.01,0.01
2444745,Eriksen,Christian Eriksen,Midfielder,MUN,0.01,0.00
2444745,Bruno Fernandes,Bruno Miguel Borges Fernandes,Midfielder,MUN,0.05,0.36
2444745,Lindelof,Victor Nilsson-Lindelof,Defender,MUN,0.00,0.00
2444745,Onana,André Onana,Goalkeeper,MUN,0.00,0.00
2444745,de Ligt,Matthijs de Ligt,Defender,MUN,0.00,0.09
2444745,Dalot,José Diogo Dalot Teixeira,Defender,MUN,0.07,0.00
2444745,Mazraoui,Noussair Mazraoui,Defender,MUN,0.16,0.15
2444745,Zirkzee,Joshua Zirkzee,Forward,MUN,0.00,0.65
2444745,Collyer,Toby Collyer,Midfielder,MUN,0.35,0.00
2444745,Garnacho,Alejandro Garnacho Ferreyra,Midfielder,MUN,0.09,0.07
2444745,Højlund,Rasmus Højlund,Forward,MUN,0.02,0.19
2444745,Yoro,Leny Yoro,Defender,MUN,0.00,0.00
2444745,Heaven,Ayden Heaven,Defender,MUN,0.00,0.00
2444746,De Bruyne,Kevin De Bruyne,Midfielder,MCI,0.05,0.11
2444746,Kovacic,Mateo Kovacic,Midfielder,MCI,0.03,0.07
2444746,Ederson,Ederson Santana de Moraes,Goalkeeper,MCI,0.00,0.00
2444746,Bernardo Silva,Bernardo Mota Veiga de Carvalho e Silva,Midfielder,MCI,0.04,0.15
2444746,Rúben Dias,Rúben Santos Gato Alves Dias,Defender,MCI,0.03,0.04
2444746,Foden,Phil Foden,Midfielder,MCI,0.11,0.16
2444746,Haaland,Erling Haaland,Forward,MCI,0.03,0.15
2444746,Doku,Jéremy Doku,Midfielder,MCI,0.05,0.06
2444746,Omar Marmoush,Omar Khaled Mohamed Marmoush,Forward,MCI,0.01,0.00
2444746,Matheus Nunes,Matheus Luiz Nunes,Midfielder,MCI,0.02,0.00
2444746,González (Nico),Nico González,Midfielder,MCI,0.01,0.05
2444746,Lewis (Rico),Rico Lewis,Defender,MCI,0.01,0.00
2444746,Gvardiol,Joško Gvardiol,Defender,MCI,0.18,0.00
2444746,Savinho,Sávio Moreira de Oliveira,Midfielder,MCI,0.05,0.07
2444746,Khusanov,Abduqodir Khusanov,Defender,MCI,0.03,0.00
2444746,Wood (Chris),Chris Wood,Forward,NFO,0.01,0.25
2444746,Sels,Matz Sels,Goalkeeper,NFO,0.01,0.00
2444746,Aina,Ola Aina,Defender,NFO,0.02,0.00
2444746,Yates,Ryan Yates,Midfielder,NFO,0.00,0.00
2444746,Hudson-Odoi,Callum Hudson-Odoi,Midfielder,NFO,0.10,0.09
2444746,Awoniyi,Taiwo Awoniyi,Forward,NFO,0.00,0.00
2444746,Sangaré,Ibrahim Sangaré,Midfielder,NFO,0.00,0.00
2444746,Williams (Neco),Neco Williams,Defender,NFO,0.01,0.00
2444746,Anderson,Elliot Anderson,Midfielder,NFO,0.02,0.00
2444746,Gibbs-White,Morgan Gibbs-White,Midfielder,NFO,0.02,0.34
2444746,Milenkovic,Nikola Milenkovic,Defender,NFO,0.00,0.00
2444746,Nicolás Domínguez,Nicolás Domínguez,Midfielder,NFO,0.01,0.04
2444746,Elanga,Anthony Elanga,Midfielder,NFO,0.16,0.00
2444746,Morato,Felipe Rodrigues da Silva,Defender,NFO,0.00,0.00
2444746,Murillo,Murillo Santiago Costa dos Santos,Defender,NFO,0.03,0.00
2444747,Kepa,Kepa Arrizabalaga Revuelta,Goalkeeper,BOU,0.00,0.00
2444747,Brooks,David Brooks,Midfielder,BOU,0.00,0.00
2444747,Cook,Lewis Cook,Midfielder,BOU,0.03,0.00
2444747,Christie,Ryan Christie,Midfielder,BOU,0.14,0.00
2444747,Adams (Tyler),Tyler Adams,Midfielder,BOU,0.02,0.08
2444747,Tavernier,Marcus Tavernier,Midfielder,BOU,0.19,0.45
2444747,Kluivert,Justin Kluivert,Midfielder,BOU,0.33,0.37
2444747,Sinisterra,Luis Sinisterra,Midfielder,BOU,0.01,0.00
2444747,Semenyo,Antoine Semenyo,Midfielder,BOU,0.05,0.09
2444747,Evanilson,Francisco Evanilson de Lima Barbosa,Forward,BOU,0.02,0.88
2444747,Hill (James),James Hill,Defender,BOU,0.00,0.05
2444747,Scott,Alex Scott,Midfielder,BOU,0.01,0.07
2444747,Dango Ouattara,Dango Ouattara,Midfielder,BOU,0.00,0.05
2444747,Kerkez,Milos Kerkez,Defender,BOU,0.07,0.02
2444747,Huijsen,Dean Huijsen,Defender,BOU,0.01,0.15
2444747,Son,Heung-Min Son,Midfielder,TOT,0.04,0.81
2444747,Danso,Kevin Danso,Defender,TOT,0.00,0.24
2444747,Solanke,Dominic Solanke,Forward,TOT,0.01,0.12
2444747,Maddison,James Maddison,Midfielder,TOT,0.10,0.04
2444747,Vicario,Guglielmo Vicario,Goalkeeper,TOT,0.00,0.00
2444747,Bentancur,Rodrigo Bentancur,Midfielder,TOT,0.04,0.00
2444747,Romero,Cristian Romero,Defender,TOT,0.01,0.03
2444747,Bissouma,Yves Bissouma,Midfielder,TOT,0.01,0.09
2444747,Spence,Djed Spence,Defender,TOT,0.02,0.00
2444747,Johnson (Brennan),Brennan Johnson,Midfielder,TOT,0.02,0.00
2444747,Porro,Pedro Porro,Defender,TOT,0.20,0.00
2444747,Sarr (Pape),Pape Sarr,Midfielder,TOT,0.06,0.14
2444747,Destiny Udogie,Iyenoma Destiny Udogie,Defender,TOT,0.00,0.00
2444747,van de Ven,Micky van de Ven,Defender,TOT,0.00,0.00
2444747,Odobert,Wilson Odobert,Midfielder,TOT,0.06,0.03
2444747,Bergvall,Lucas Bergvall,Midfielder,TOT,0.01,0.04
2444748,Wilson (Callum),Callum Wilson,Forward,NEW,0.00,0.00
2444748,Trippier,Kieran Trippier,Defender,NEW,0.03,0.02
2444748,Burn,Dan Burn,Defender,NEW,0.10,0.00
2444748,Pope,Nick Pope,Goalkeeper,NEW,0.00,0.00
2444748,Murphy (Jacob),Jacob Murphy,Midfielder,NEW,0.06,0.04
2444748,Schär,Fabian Schär,Defender,NEW,0.01,0.00
2444748,Longstaff (Sean),Sean Longstaff,Midfielder,NEW,0.00,0.00
2444748,Joelinton,Joelinton Cássio Apolinário de Lira,Midfielder,NEW,0.03,0.04
2444748,Willock,Joseph Willock,Midfielder,NEW,0.00,0.00
2444748,Barnes,Harvey Barnes,Midfielder,NEW,0.48,0.40
2444748,Bruno Guimarães,Bruno Guimarães Rodriguez Moura,Midfielder,NEW,0.17,0.48
2444748,Isak,Alexander Isak,Forward,NEW,0.03,0.42
2444748,Tonali,Sandro Tonali,Midfielder,NEW,0.04,0.00
2444748,Livramento,Valentino Livramento,Defender,NEW,0.05,0.00
2444748,Cresswell,Aaron Cresswell,Defender,WHU,0.00,0.00
2444748,Areola,Alphonse Areola,Goalkeeper,WHU,0.00,0.00
2444748,Ings,Danny Ings,Forward,WHU,0.00,0.00
2444748,Ward-Prowse,James Ward-Prowse,Midfielder,WHU,0.03,0.00
2444748,Bowen,Jarrod Bowen,Midfielder,WHU,0.01,0.16
2444748,Álvarez (Edson),Edson Álvarez,Midfielder,WHU,0.02,0.00
2444748,Kilman,Max Kilman,Defender,WHU,0.00,0.00
2444748,Wan-Bissaka,Aaron Wan-Bissaka,Defender,WHU,0.01,0.00
2444748,Soucek,Tomas Soucek,Midfielder,WHU,0.00,0.39
2444748,Lucas Paquetá,Lucas Tolentino Coelho de Lima,Midfielder,WHU,0.00,0.00
2444748,Soler (Carlos),Carlos Soler,Midfielder,WHU,0.00,0.00
2444748,Mavropanos,Konstantinos Mavropanos,Defender,WHU,0.00,0.00
2444748,Kudus,Mohammed Kudus,Midfielder,WHU,0.01,0.14
2444748,Todibo,Jean-Clair Todibo,Defender,WHU,0.00,0.00
2444748,Ferguson,Evan Ferguson,Forward,WHU,0.02,0.02
2444748,Scarles,Oliver Scarles,Defender,WHU,0.04,0.00
2444749,Tarkowski,James Tarkowski,Defender,EVE,0.00,0.07
2444749,Young (Ashley),Ashley Young,Defender,EVE,0.00,0.00
2444749,Gueye,Idrissa Gueye,Midfielder,EVE,0.02,0.04
2444749,Pickford,Jordan Pickford,Goalkeeper,EVE,0.01,0.00
2444749,Doucouré,Abdoulaye Doucouré,Midfielder,EVE,0.03,0.29
2444749,Harrison (Jack),Jack Harrison,Midfielder,EVE,0.36,0.03
2444749,Mykolenko,Vitaliy Mykolenko,Defender,EVE,0.00,0.00
2444749,Garner,James Garner,Midfielder,EVE,0.24,0.00
2444749,Lindstrom,Jesper Lindstrom,Midfielder,EVE,0.02,0.02
2444749,Branthwaite,Jarrad Branthwaite,Defender,EVE,0.00,0.14
2444749,Beto,Norberto Bercique Gomes Betuncal,Forward,EVE,0.00,0.71
2444749,Iroegbunam,Tim Iroegbunam,Midfielder,EVE,0.00,0.00
2444749,Alcaraz,Carlos Alcaraz,Midfielder,EVE,0.04,0.12
2444749,O'Brien (Jake),Jake O'Brien,Defender,EVE,0.02,0.00
2444749,Doherty,Matt Doherty,Defender,WOL,0.04,0.00
2444749,Sarabia,Pablo Sarabia,Midfielder,WOL,0.04,0.08
2444749,José Sá,José Pedro Malheiro de Sá,Goalkeeper,WOL,0.00,0.00
2444749,Gonçalo Guedes,Gonçalo Manuel Ganchinho Guedes,Midfielder,WOL,0.00,0.00
2444749,Hwang Hee-Chan,Hee-Chan Hwang,Midfielder,WOL,0.00,0.00
2444749,Semedo,Nelson Semedo,Defender,WOL,0.02,0.00
2444749,Doyle (Tommy),Tommy Doyle,Midfielder,WOL,0.00,0.00
2444749,Bellegarde,Jean-Ricner Bellegarde,Midfielder,WOL,0.27,0.03
2444749,Bueno (Santiago),Santiago Bueno,Defender,WOL,0.00,0.00
2444749,Strand Larsen,Jørgen Strand Larsen,Forward,WOL,0.02,0.04
2444749,Munetsi,Marshall Munetsi,Midfielder,WOL,0.00,0.40
2444749,João Gomes,João Victor Gomes da Silva,Midfielder,WOL,0.02,0.06
2444749,Ait Nouri,Rayan Ait Nouri,Defender,WOL,0.14,0.06
2444749,André,André Trindade da Costa Neto,Midfielder,WOL,0.03,0.11
2444749,Toti,Toti António Gomes,Defender,WOL,0.02,0.00
2444749,Agbadou,Emmanuel Agbadou,Defender,WOL,0.01,0.00
2444750,Kepa,Kepa Arrizabalaga Revuelta,Goalkeeper,BOU,0.00,0.00
2444750,Brooks,David Brooks,Midfielder,BOU,0.03,0.46
2444750,Cook,Lewis Cook,Midfielder,BOU,0.17,0.00
2444750,Christie,Ryan Christie,Midfielder,BOU,0.11,0.11
2444750,Adams (Tyler),Tyler Adams,Midfielder,BOU,0.03,0.00
2444750,Tavernier,Marcus Tavernier,Midfielder,BOU,0.06,0.16
2444750,Kluivert,Justin Kluivert,Midfielder,BOU,0.48,0.00
2444750,Sinisterra,Luis Sinisterra,Midfielder,BOU,0.37,0.00
2444750,Semenyo,Antoine Semenyo,Midfielder,BOU,0.07,0.44
2444750,Evanilson,Francisco Evanilson de Lima Barbosa,Forward,BOU,0.10,0.43
2444750,Hill (James),James Hill,Defender,BOU,0.04,0.01
2444750,Zabarnyi,Illia Zabarnyi,Defender,BOU,0.01,0.00
2444750,Jebbison,Daniel Jebbison,Forward,BOU,0.00,0.00
2444750,Dango Ouattara,Dango Ouattara,Midfielder,BOU,0.00,0.00
2444750,Kerkez,Milos Kerkez,Defender,BOU,0.05,0.02
2444750,Huijsen,Dean Huijsen,Defender,BOU,0.31,0.04
2444750,Mee (Ben),Ben Mee,Defender,BRE,0.00,0.00
2444750,Flekken,Mark Flekken,Goalkeeper,BRE,0.00,0.00
2444750,Norgaard,Christian Norgaard,Midfielder,BRE,0.12,0.18
2444750,Ajer,Kristoffer Ajer,Defender,BRE,0.06,0.00
2444750,Janelt,Vitaly Janelt,Midfielder,BRE,0.06,0.10
2444750,Wissa,Yoane Wissa,Forward,BRE,0.08,0.17
2444750,Pinnock,Ethan Pinnock,Defender,BRE,0.00,0.00
2444750,Lewis-Potter,Keane Lewis-Potter,Midfielder,BRE,0.04,0.00
2444750,Collins,Nathan Collins,Defender,BRE,0.00,0.00
2444750,Damsgaard,Mikkel Damsgaard,Midfielder,BRE,0.05,0.07
2444750,van den Berg,Sepp van den Berg,Defender,BRE,0.00,0.00
2444750,Mbeumo,Bryan Mbeumo,Midfielder,BRE,0.32,0.12
2444750,Yarmolyuk,Ehor Yarmolyuk,Midfielder,BRE,0.00,0.00
2444750,Schade,Kevin Schade,Midfielder,BRE,0.02,0.20
2444750,Konak,Yunus Konak,Midfielder,BRE,0.00,0.00
2444751,Trossard,Leandro Trossard,Midfielder,ARS,0.06,0.22
2444751,Raya Martin,David Raya Martin,Goalkeeper,ARS,0.00,0.00
2444751,Partey,Thomas Partey,Midfielder,ARS,0.01,0.00
2444751,Odegaard,Martin Odegaard,Midfielder,ARS,0.21,0.09
2444751,Tierney,Kieran Tierney,Defender,ARS,0.00,0.00
2444751,Merino,Mikel Merino,Midfielder,ARS,0.04,0.17
2444751,Rice,Declan Rice,Midfielder,ARS,0.27,0.16
2444751,Gabriel Magalhães,Gabriel dos Santos Magalhães,Defender,ARS,0.01,0.00
2444751,Martinelli,Gabriel Teodoro Martinelli Silva,Midfielder,ARS,0.09,0.08
2444751,Jurriën Timber,Jurriën Timber,Defender,ARS,0.02,0.00
2444751,Saliba,William Saliba,Defender,ARS,0.01,0.00
2444751,Lewis-Skelly,Myles Lewis-Skelly,Midfielder,ARS,0.01,0.00
2444751,Nwaneri,Ethan Nwaneri,Midfielder,ARS,0.00,0.00
2444751,Tosin,Oluwatosin Adarabioyo,Defender,CHE,0.01,0.00
2444751,Cucurella,Marc Cucurella,Defender,CHE,0.02,0.12
2444751,Sancho,Jadon Sancho,Midfielder,CHE,0.02,0.00
2444751,Nkunku,Christopher Nkunku,Midfielder,CHE,0.02,0.10
2444751,Sanchez,Robert Sanchez,Goalkeeper,CHE,0.00,0.00
2444751,Dewsbury-Hall,Kiernan Dewsbury-Hall,Midfielder,CHE,0.01,0.00
2444751,James,Reece James,Defender,CHE,0.03,0.00
2444751,Badiashile,Benoît Badiashile,Defender,CHE,0.02,0.00
2444751,Neto,Pedro Neto,Midfielder,CHE,0.06,0.08
2444751,Fofana (Wesley),Wesley Fofana,Defender,CHE,0.01,0.00
2444751,Fernández,Enzo Fernández,Midfielder,CHE,0.02,0.05
2444751,Colwill,Levi Colwill,Defender,CHE,0.01,0.00
2444751,Gusto,Malo Gusto,Defender,CHE,0.00,0.00
2444751,Moises Caicedo,Moises Caicedo,Midfielder,CHE,0.02,0.00
2444751,Lavia,Romeo Lavia,Midfielder,CHE,0.01,0.00
2444751,George,Tyrique George,Midfielder,CHE,0.11,0.00
2444752,Martinez,Emiliano Martinez,Goalkeeper,AVL,0.00,0.00
2444752,Digne,Lucas Digne,Defender,AVL,0.10,0.00
2444752,McGinn,John McGinn,Midfielder,AVL,0.07,0.00
2444752,Mings,Tyrone Mings,Defender,AVL,0.05,0.12
2444752,Tielemans,Youri Tielemans,Midfielder,AVL,0.03,0.14
2444752,Asensio,Marco Asensio,Midfielder,AVL,0.01,0.00
2444752,Rashford,Marcus Rashford,Midfielder,AVL,0.05,0.09
2444752,Watkins,Ollie Watkins,Forward,AVL,0.07,0.19
2444752,Cash,Matthew Cash,Defender,AVL,0.02,0.02
2444752,Malen,Donyell Malen,Midfielder,AVL,0.01,0.08
2444752,Disasi,Axel Disasi,Defender,AVL,0.01,0.00
2444752,Ramsey (Jacob),Jacob Ramsey,Midfielder,AVL,0.03,0.00
2444752,Rogers,Morgan Rogers,Midfielder,AVL,0.06,0.03
2444752,Maatsen,Ian Maatsen,Defender,AVL,0.11,0.00
2444752,Bogarde,Lamar Bogarde,Defender,AVL,0.00,0.00
2444752,García,Andrés García,Defender,AVL,0.04,0.00
2444752,van Dijk,Virgil van Dijk,Defender,LIV,0.01,0.02
2444752,Alisson,Alisson Ramses Becker,Goalkeeper,LIV,0.00,0.00
2444752,Salah,Mohamed Salah,Midfielder,LIV,0.11,0.46
2444752,Robertson,Andrew Robertson,Defender,LIV,0.30,0.05
2444752,Alexander-Arnold,Trent Alexander-Arnold,Defender,LIV,0.13,0.08
2444752,Diogo Jota,Diogo José Teixeira da Silva,Midfielder,LIV,0.35,0.75
2444752,Konaté,Ibrahima Konaté,Defender,LIV,0.06,0.00
2444752,Jones,Curtis Jones,Midfielder,LIV,0.34,0.05
2444752,Mac Allister,Alexis Mac Allister,Midfielder,LIV,0.07,0.07
2444752,Díaz,Luis Díaz,Midfielder,LIV,0.00,0.00
2444752,Szoboszlai,Dominik Szoboszlai,Midfielder,LIV,0.52,0.26
2444752,Gravenberch,Ryan Gravenberch,Midfielder,LIV,0.02,0.00
2444752,Quansah,Jarell Quansah,Defender,LIV,0.00,0.00
2444752,Núñez,Darwin Núñez,Forward,LIV,0.00,0.75
2444752,Bradley,Conor Bradley,Defender,LIV,0.03,0.00
2444753,Tarkowski,James Tarkowski,Defender,EVE,0.02,0.00
2444753,Gueye,Idrissa Gueye,Midfielder,EVE,0.61,0.00
2444753,Pickford,Jordan Pickford,Goalkeeper,EVE,0.00,0.00
2444753,Doucouré,Abdoulaye Doucouré,Midfielder,EVE,0.18,0.20
2444753,Harrison (Jack),Jack Harrison,Midfielder,EVE,0.22,0.09
2444753,Mykolenko,Vitaliy Mykolenko,Defender,EVE,0.13,0.00
2444753,Garner,James Garner,Midfielder,EVE,0.03,0.00
2444753,Broja,Armando Broja,Forward,EVE,0.00,0.00
2444753,Lindstrom,Jesper Lindstrom,Midfielder,EVE,0.01,0.00
2444753,Branthwaite,Jarrad Branthwaite,Defender,EVE,0.01,0.00
2444753,Beto,Norberto Bercique Gomes Betuncal,Forward,EVE,0.01,0.11
2444753,Iroegbunam,Tim Iroegbunam,Midfielder,EVE,0.01,0.00
2444753,Youssef Chermiti,Youssef Ramalho Chermiti,Forward,EVE,0.00,0.07
2444753,Alcaraz,Carlos Alcaraz,Midfielder,EVE,0.14,0.21
2444753,O'Brien (Jake),Jake O'Brien,Defender,EVE,0.12,0.32
2444753,Areola,Alphonse Areola,Goalkeeper,WHU,0.00,0.00
2444753,Ward-Prowse,James Ward-Prowse,Midfielder,WHU,0.22,0.29
2444753,Emerson,Emerson Palmieri dos Santos,Defender,WHU,0.22,0.00
2444753,Bowen,Jarrod Bowen,Midfielder,WHU,0.06,0.24
2444753,Rodríguez,Guido Rodríguez,Midfielder,WHU,0.00,0.00
2444753,Kilman,Max Kilman,Defender,WHU,0.03,0.00
2444753,Wan-Bissaka,Aaron Wan-Bissaka,Defender,WHU,0.03,0.00
2444753,Soucek,Tomas Soucek,Midfielder,WHU,0.02,0.11
2444753,Lucas Paquetá,Lucas Tolentino Coelho de Lima,Midfielder,WHU,0.05,0.15
2444753,Soler (Carlos),Carlos Soler,Midfielder,WHU,0.00,0.00
2444753,Mavropanos,Konstantinos Mavropanos,Defender,WHU,0.00,0.00
2444753,Kudus,Mohammed Kudus,Midfielder,WHU,0.05,0.00
2444753,Todibo,Jean-Clair Todibo,Defender,WHU,0.01,0.05
2444753,Ferguson,Evan Ferguson,Forward,WHU,0.00,0.00
2444754,Willian,Willian Borges Da Silva,Midfielder,FUL,0.07,0.09
2444754,Cairney,Tom Cairney,Midfielder,FUL,0.00,0.00
2444754,Leno,Bernd Leno,Goalkeeper,FUL,0.00,0.00
2444754,Raúl Jiménez,Raul Alonso Jimenez Rodriguez,Forward,FUL,0.03,0.04
2444754,Iwobi,Alex Iwobi,Midfielder,FUL,0.02,0.12
2444754,Pereira,Andreas Pereira,Midfielder,FUL,0.13,0.15
2444754,Traoré (Adama),Adama Traoré,Midfielder,FUL,0.08,0.00
2444754,Castagne,Timothy Castagne,Defender,FUL,0.02,0.14
2444754,Robinson (Antonee),Antonee Robinson,Defender,FUL,0.15,0.00
2444754,Andersen,Joachim Andersen,Defender,FUL,0.02,0.06
2444754,Sessegnon (Ryan),Kouassi Ryan Sessegnon,Defender,FUL,0.10,0.13
2444754,Berge,Sander Berge,Midfielder,FUL,0.02,0.00
2444754,Smith-Rowe,Emile Smith-Rowe,Midfielder,FUL,0.13,0.05
2444754,Bassey,Calvin Bassey,Defender,FUL,0.01,0.00
2444754,Rodrigo Muniz,Rodrigo Muniz Carvalho,Forward,FUL,0.08,0.20
2444754,Son,Heung-Min Son,Midfielder,TOT,0.15,0.05
2444754,Davies (Ben),Ben Davies,Defender,TOT,0.00,0.01
2444754,Solanke,Dominic Solanke,Forward,TOT,0.00,0.61
2444754,Maddison,James Maddison,Midfielder,TOT,0.29,0.00
2444754,Vicario,Guglielmo Vicario,Goalkeeper,TOT,0.00,0.00
2444754,Bentancur,Rodrigo Bentancur,Midfielder,TOT,0.05,0.18
2444754,Romero,Cristian Romero,Defender,TOT,0.00,0.00
2444754,Bissouma,Yves Bissouma,Midfielder,TOT,0.00,0.00
2444754,Spence,Djed Spence,Defender,TOT,0.06,0.00
2444754,Johnson (Brennan),Brennan Johnson,Midfielder,TOT,0.00,0.00
2444754,Destiny Udogie,Iyenoma Destiny Udogie,Defender,TOT,0.03,0.00
2444754,Scarlett,Dane Scarlett,Forward,TOT,0.00,0.04
2444754,Tel,Mathys Tel,Midfielder,TOT,0.05,0.02
2444754,Gray (Archie),Archie Gray,Midfielder,TOT,0.06,0.00
2444754,Odobert,Wilson Odobert,Midfielder,TOT,0.01,0.00
2444754,Bergvall,Lucas Bergvall,Midfielder,TOT,0.07,0.04
2444755,Palmer (Alex),Alex Palmer,Goalkeeper,IPS,0.00,0.00
2444755,Burgess,Cameron Burgess,Defender,IPS,0.01,0.00
2444755,Phillips (Kalvin),Kalvin Phillips,Midfielder,IPS,0.03,0.03
2444755,Broadhead,Nathan Broadhead,Midfielder,IPS,0.00,0.00
2444755,O'Shea,Dara O'Shea,Defender,IPS,0.07,0.00
2444755,Woolfenden,Luke Woolfenden,Defender,IPS,0.00,0.00
2444755,Hirst,George Hirst,Forward,IPS,0.00,0.03
2444755,Taylor (Jack),Jack Taylor,Midfielder,IPS,0.00,0.00
2444755,Clarke (Jack),Jack Clarke,Midfielder,IPS,0.00,0.00
2444755,Greaves,Jacob Greaves,Defender,IPS,0.01,0.00
2444755,Cajuste,Jens Cajuste,Midfielder,IPS,0.04,0.06
2444755,Davis,Leif Davis,Defender,IPS,0.13,0.03
2444755,Delap,Liam Delap,Forward,IPS,0.02,0.16
2444755,Enciso,Julio Enciso,Midfielder,IPS,0.01,0.02
2444755,Philogene-Bidace,Jaden Philogene-Bidace,Midfielder,IPS,0.01,0.00
2444755,Hutchinson,Omari Hutchinson,Midfielder,IPS,0.02,0.11
2444755,Wood (Chris),Chris Wood,Forward,NFO,0.01,0.16
2444755,Sels,Matz Sels,Goalkeeper,NFO,0.00,0.00
2444755,Aina,Ola Aina,Defender,NFO,0.01,0.01
2444755,Yates,Ryan Yates,Midfielder,NFO,0.03,0.00
2444755,Hudson-Odoi,Callum Hudson-Odoi,Midfielder,NFO,0.29,0.00
2444755,Awoniyi,Taiwo Awoniyi,Forward,NFO,0.00,0.00
2444755,Williams (Neco),Neco Williams,Defender,NFO,0.02,0.07
2444755,Anderson,Elliot Anderson,Midfielder,NFO,0.03,0.08
2444755,Gibbs-White,Morgan Gibbs-White,Midfielder,NFO,0.10,0.00
2444755,Milenkovic,Nikola Milenkovic,Defender,NFO,0.00,0.14
2444755,Nicolás Domínguez,Nicolás Domínguez,Midfielder,NFO,0.07,0.00
2444755,Elanga,Anthony Elanga,Midfielder,NFO,0.01,0.55
2444755,Morato,Felipe Rodrigues da Silva,Defender,NFO,0.00,0.00
2444755,Jota Silva,João Pedro Ferreira da Silva,Midfielder,NFO,0.04,0.51
2444755,Danilo,Danilo dos Santos de Oliveira,Midfielder,NFO,0.00,0.00
2444755,Murillo,Murillo Santiago Costa dos Santos,Defender,NFO,0.01,0.00
2444756,Ayew,Jordan Ayew,Midfielder,LEI,0.01,0.00
2444756,Coady,Conor Coady,Defender,LEI,0.01,0.00
2444756,Vardy,Jamie Vardy,Forward,LEI,0.29,0.47
2444756,Mavididi,Stephy Mavididi,Midfielder,LEI,0.00,0.00
2444756,Winks,Harry Winks,Midfielder,LEI,0.01,0.03
2444756,Ndidi,Onyinye Wilfred Ndidi,Midfielder,LEI,0.03,0.00
2444756,Faes,Wout Faes,Defender,LEI,0.01,0.00
2444756,Justin,James Justin,Defender,LEI,0.09,0.00
2444756,Soumaré,Boubakary Soumaré,Midfielder,LEI,0.17,0.04
2444756,Thomas,Luke Thomas,Defender,LEI,0.04,0.02
2444756,Daka,Patson Daka,Forward,LEI,0.00,0.29
2444756,McAteer,Kasey McAteer,Midfielder,LEI,0.00,0.00
2444756,Hermansen,Mads Hermansen,Goalkeeper,LEI,0.00,0.00
2444756,Kristiansen,Victor Kristiansen,Defender,LEI,0.01,0.00
2444756,El Khannouss,Bilal El Khannouss,Midfielder,LEI,0.02,0.06
2444756,Buonanotte,Facundo Buonanotte,Midfielder,LEI,0.00,0.16
2444756,Casemiro,Carlos Henrique Jose Francisco Venancio,Midfielder,MUN,0.00,0.02
2444756,Eriksen,Christian Eriksen,Midfielder,MUN,0.14,0.07
2444756,Bruno Fernandes,Bruno Miguel Borges Fernandes,Midfielder,MUN,0.18,0.22
2444756,Lindelof,Victor Nilsson-Lindelof,Defender,MUN,0.02,0.00
2444756,Onana,André Onana,Goalkeeper,MUN,0.00,0.00
2444756,de Ligt,Matthijs de Ligt,Defender,MUN,0.00,0.00
2444756,Dalot,José Diogo Dalot Teixeira,Defender,MUN,0.04,0.03
2444756,Mazraoui,Noussair Mazraoui,Defender,MUN,0.02,0.00
2444756,Ugarte,Manuel Ugarte,Midfielder,MUN,0.01,0.06
2444756,Zirkzee,Joshua Zirkzee,Forward,MUN,0.00,0.00
2444756,Collyer,Toby Collyer,Midfielder,MUN,0.00,0.17
2444756,Garnacho,Alejandro Garnacho Ferreyra,Midfielder,MUN,0.01,0.10
2444756,Højlund,Rasmus Højlund,Forward,MUN,0.00,0.24
2444756,Amass,Harry Amass,Defender,MUN,0.00,0.00
2444756,Obi-Martin,Chido Obi-Martin,Forward,MUN,0.00,0.00
2444756,Heaven,Ayden Heaven,Defender,MUN,0.00,0.00
2444757,Welbeck,Danny Welbeck,Forward,BHA,0.00,0.00
2444757,Webster,Adam Webster,Defender,BHA,0.08,0.00
2444757,Estupiñán,Pervis Estupiñán,Defender,BHA,0.04,0.06
2444757,Mitoma,Kaoru Mitoma,Midfielder,BHA,0.07,0.41
2444757,Rutter,Georginio Rutter,Midfielder,BHA,0.05,0.00
2444757,Wieffer,Mats Wieffer,Midfielder,BHA,0.00,0.00
2444757,van Hecke,Jan-Paul van Hecke,Defender,BHA,0.00,0.01
2444757,João Pedro,João Pedro Junqueira de Jesus,Forward,BHA,0.13,0.27
2444757,Verbruggen,Bart Verbruggen,Goalkeeper,BHA,0.00,0.00
2444757,Ayari,Yasin Ayari,Midfielder,BHA,0.00,0.00
2444757,Gruda,Brajan Gruda,Midfielder,BHA,0.00,0.00
2444757,Gómez (Diego),Diego Gómez,Midfielder,BHA,0.01,0.29
2444757,Hinshelwood,Jack Hinshelwood,Midfielder,BHA,0.45,0.47
2444757,Baleba,Carlos Baleba,Midfielder,BHA,0.04,0.46
2444757,Adingra,Simon Adingra,Midfielder,BHA,0.00,0.00
2444757,Minteh,Yankuba Minteh,Midfielder,BHA,0.04,0.06
2444757,Gundogan,Ilkay Gundogan,Midfielder,MCI,0.14,0.09
2444757,De Bruyne,Kevin De Bruyne,Midfielder,MCI,0.07,0.00
2444757,Ortega Moreno,Stefan Ortega Moreno,Goalkeeper,MCI,0.00,0.00
2444757,Bernardo Silva,Bernardo Mota Veiga de Carvalho e Silva,Midfielder,MCI,0.14,0.00
2444757,Rúben Dias,Rúben Santos Gato Alves Dias,Defender,MCI,0.02,0.13
2444757,Foden,Phil Foden,Midfielder,MCI,0.00,0.00
2444757,Haaland,Erling Haaland,Forward,MCI,0.03,0.95
2444757,Doku,Jéremy Doku,Midfielder,MCI,0.14,0.00
2444757,Omar Marmoush,Omar Khaled Mohamed Marmoush,Forward,MCI,0.15,0.10
2444757,González (Nico),Nico González,Midfielder,MCI,0.14,0.12
2444757,Lewis (Rico),Rico Lewis,Defender,MCI,0.02,0.00
2444757,Gvardiol,Joško Gvardiol,Defender,MCI,0.05,0.00
2444757,Savinho,Sávio Moreira de Oliveira,Midfielder,MCI,0.01,0.35
2444757,Khusanov,Abduqodir Khusanov,Defender,MCI,0.01,0.00
2444758,Hughes,Will Hughes,Midfielder,CRY,0.23,0.08
2444758,Lerma,Jefferson Lerma,Midfielder,CRY,0.06,0.00
2444758,Henderson,Dean Henderson,Goalkeeper,CRY,0.00,0.00
2444758,Eddie Nketiah,Edward Nketiah,Forward,CRY,0.01,0.23
2444758,Marc Guehi,Addji Keaninkin Marc-Israel Guehi,Defender,CRY,0.07,0.00
2444758,Kamada,Daichi Kamada,Midfielder,CRY,0.07,0.09
2444758,Mateta,Jean-Philippe Mateta,Forward,CRY,0.01,0.36
2444758,Ismaila Sarr,Ismaila Sarr,Midfielder,CRY,0.01,0.03
2444758,Eze,Eberechi Eze,Midfielder,CRY,0.01,0.79
2444758,Mitchell,Tyrick Mitchell,Defender,CRY,0.24,0.00
2444758,Muñoz,Daniel Muñoz,Defender,CRY,0.04,0.20
2444758,Richards (Chris),Chris Richards,Defender,CRY,0.00,0.23
2444758,Lacroix,Maxence Lacroix,Defender,CRY,0.24,0.00
2444758,Devenny,Justin Devenny,Midfielder,CRY,0.01,0.00
2444758,Wharton,Adam Wharton,Midfielder,CRY,0.03,0.00
2444758,Esse,Romain Esse,Midfielder,CRY,0.10,0.00
2444758,Wilson (Callum),Callum Wilson,Forward,NEW,0.00,0.00
2444758,Trippier,Kieran Trippier,Defender,NEW,0.05,0.00
2444758,Burn,Dan Burn,Defender,NEW,0.05,0.00
2444758,Pope,Nick Pope,Goalkeeper,NEW,0.00,0.00
2444758,Krafth,Emil Krafth,Defender,NEW,0.00,0.00
2444758,Murphy (Jacob),Jacob Murphy,Midfielder,NEW,0.21,0.01
2444758,Schär,Fabian Schär,Defender,NEW,0.02,0.17
2444758,Longstaff (Sean),Sean Longstaff,Midfielder,NEW,0.00,0.00
2444758,Joelinton,Joelinton Cássio Apolinário de Lira,Midfielder,NEW,0.06,0.00
2444758,Willock,Joseph Willock,Midfielder,NEW,0.00,0.00
2444758,Barnes,Harvey Barnes,Midfielder,NEW,0.02,0.36
2444758,Bruno Guimarães,Bruno Guimarães Rodriguez Moura,Midfielder,NEW,0.18,0.00
2444758,Isak,Alexander Isak,Forward,NEW,0.00,0.90
2444758,Gordon (Anthony),Anthony Gordon,Midfielder,NEW,0.00,0.06
2444758,Tonali,Sandro Tonali,Midfielder,NEW,0.02,0.04
2444758,Livramento,Valentino Livramento,Defender,NEW,0.02,0.00
2444759,Stephens,Jack Stephens,Defender,SOU,0.00,0.00
2444759,Paul Onuachu,Ebere Paul Onuachu,Forward,SOU,0.01,0.89
2444759,Walker-Peters,Kyle Walker-Peters,Defender,SOU,0.07,0.00
2444759,Aribo,Joe Aribo,Midfielder,SOU,0.04,0.12
2444759,Manning,Ryan Manning,Defender,SOU,0.24,0.00
2444759,Sugawara,Yukinari Sugawara,Defender,SOU,0.55,0.03
2444759,Downes,Flynn Downes,Midfielder,SOU,0.00,0.00
2444759,Ramsdale,Aaron Ramsdale,Goalkeeper,SOU,0.00,0.00
2444759,Harwood-Bellis,Taylor Harwood-Bellis,Defender,SOU,0.02,0.03
2444759,Archer,Cameron Archer,Forward,SOU,0.00,0.00
2444759,Bella Kotchap,Armel Bella Kotchap,Defender,SOU,0.01,0.00
2444759,Grønbæk,Albert Grønbæk,Midfielder,SOU,0.00,0.00
2444759,Dibling,Tyler Dibling,Midfielder,SOU,0.05,0.32
2444759,Ugochukwu,Lesley Ugochukwu,Midfielder,SOU,0.02,0.01
2444759,Sulemana,Kamaldeen Sulemana,Midfielder,SOU,0.04,0.00
2444759,Mateus Fernandes,Mateus Gonçalo Espanha Fernandes,Midfielder,SOU,0.04,0.00
2444759,Doherty,Matt Doherty,Defender,WOL,0.00,0.00
2444759,Sarabia,Pablo Sarabia,Midfielder,WOL,0.01,0.00
2444759,José Sá,José Pedro Malheiro de Sá,Goalkeeper,WOL,0.00,0.00
2444759,Gonçalo Guedes,Gonçalo Manuel Ganchinho Guedes,Midfielder,WOL,0.03,0.00
2444759,Semedo,Nelson Semedo,Defender,WOL,0.01,0.00
2444759,Doyle (Tommy),Tommy Doyle,Midfielder,WOL,0.00,0.00
2444759,Bellegarde,Jean-Ricner Bellegarde,Midfielder,WOL,0.07,0.00
2444759,Bueno (Santiago),Santiago Bueno,Defender,WOL,0.00,0.00
2444759,Strand Larsen,Jørgen Strand Larsen,Forward,WOL,0.02,0.18
2444759,Munetsi,Marshall Munetsi,Midfielder,WOL,0.01,0.00
2444759,João Gomes,João Victor Gomes da Silva,Midfielder,WOL,0.10,0.13
2444759,Ait Nouri,Rayan Ait Nouri,Defender,WOL,0.01,0.05
2444759,André,André Trindade da Costa Neto,Midfielder,WOL,0.01,0.00
2444759,Toti,Toti António Gomes,Defender,WOL,0.05,0.00
2444759,Agbadou,Emmanuel Agbadou,Defender,WOL,0.00,0.00
2444759,Djiga,Nasser Yacouba Djiga,Defender,WOL,0.00,0.00
2444760,Smith,Adam Smith,Defender,BOU,0.03,0.00
2444760,Kepa,Kepa Arrizabalaga Revuelta,Goalkeeper,BOU,0.00,0.00
2444760,Brooks,David Brooks,Midfielder,BOU,0.01,0.03
2444760,Cook,Lewis Cook,Midfielder,BOU,0.20,0.25
2444760,Christie,Ryan Christie,Midfielder,BOU,0.15,0.03
2444760,Adams (Tyler),Tyler Adams,Midfielder,BOU,0.05,0.00
2444760,Senesi,Marcos Senesi,Defender,BOU,0.02,0.00
2444760,Semenyo,Antoine Semenyo,Midfielder,BOU,0.04,0.17
2444760,Evanilson,Francisco Evanilson de Lima Barbosa,Forward,BOU,0.01,0.72
2444760,Zabarnyi,Illia Zabarnyi,Defender,BOU,0.01,0.00
2444760,Scott,Alex Scott,Midfielder,BOU,0.02,0.23
2444760,Jebbison,Daniel Jebbison,Forward,BOU,0.00,0.00
2444760,Dango Ouattara,Dango Ouattara,Midfielder,BOU,0.02,0.57
2444760,Kerkez,Milos Kerkez,Defender,BOU,0.06,0.02
2444760,Huijsen,Dean Huijsen,Defender,BOU,0.08,0.00
2444760,Morsy,Sam Morsy,Midfielder,IPS,0.01,0.00
2444760,Townsend,Conor Townsend,Defender,IPS,0.08,0.00
2444760,Palmer (Alex),Alex Palmer,Goalkeeper,IPS,0.00,0.00
2444760,Burgess,Cameron Burgess,Defender,IPS,0.05,0.00
2444760,Phillips (Kalvin),Kalvin Phillips,Midfielder,IPS,0.00,0.00
2444760,Broadhead,Nathan Broadhead,Midfielder,IPS,0.02,0.43
2444760,Tuanzebe,Axel Tuanzebe,Defender,IPS,0.00,0.00
2444760,O'Shea,Dara O'Shea,Defender,IPS,0.00,0.03
2444760,Johnson (Ben),Ben Johnson,Defender,IPS,0.05,0.21
2444760,Hirst,George Hirst,Forward,IPS,0.00,0.00
2444760,Taylor (Jack),Jack Taylor,Midfielder,IPS,0.00,0.03
2444760,Clarke (Jack),Jack Clarke,Midfielder,IPS,0.00,0.00
2444760,Cajuste,Jens Cajuste,Midfielder,IPS,0.01,0.09
2444760,Delap,Liam Delap,Forward,IPS,0.01,0.27
2444760,Enciso,Julio Enciso,Midfielder,IPS,0.30,0.11
2444760,Philogene-Bidace,Jaden Philogene-Bidace,Midfielder,IPS,0.00,0.00
2444761,Trossard,Leandro Trossard,Midfielder,ARS,0.00,0.00
2444761,Raya Martin,David Raya Martin,Goalkeeper,ARS,0.00,0.00
2444761,Partey,Thomas Partey,Midfielder,ARS,0.04,0.09
2444761,Odegaard,Martin Odegaard,Midfielder,ARS,0.28,0.28
2444761,Merino,Mikel Merino,Midfielder,ARS,0.06,0.07
2444761,Rice,Declan Rice,Midfielder,ARS,0.12,0.28
2444761,Saka,Bukayo Saka,Midfielder,ARS,0.12,0.77
2444761,Gabriel Magalhães,Gabriel dos Santos Magalhães,Defender,ARS,0.00,0.00
2444761,Kiwior,Jakub Kiwior,Defender,ARS,0.01,0.06
2444761,Martinelli,Gabriel Teodoro Martinelli Silva,Midfielder,ARS,0.30,0.33
2444761,Jurriën Timber,Jurriën Timber,Defender,ARS,0.03,0.28
2444761,Saliba,William Saliba,Defender,ARS,0.02,0.08
2444761,Lewis-Skelly,Myles Lewis-Skelly,Midfielder,ARS,0.02,0.00
2444761,Nwaneri,Ethan Nwaneri,Midfielder,ARS,0.26,0.14
2444761,Willian,Willian Borges Da Silva,Midfielder,FUL,0.01,0.00
2444761,Leno,Bernd Leno,Goalkeeper,FUL,0.00,0.00
2444761,Raúl Jiménez,Raul Alonso Jimenez Rodriguez,Forward,FUL,0.02,0.14
2444761,Iwobi,Alex Iwobi,Midfielder,FUL,0.55,0.00
2444761,Pereira,Andreas Pereira,Midfielder,FUL,0.04,0.00
2444761,Traoré (Adama),Adama Traoré,Midfielder,FUL,0.01,0.09
2444761,Castagne,Timothy Castagne,Defender,FUL,0.01,0.00
2444761,Robinson (Antonee),Antonee Robinson,Defender,FUL,0.16,0.00
2444761,Andersen,Joachim Andersen,Defender,FUL,0.02,0.00
2444761,Sessegnon (Ryan),Kouassi Ryan Sessegnon,Defender,FUL,0.07,0.19
2444761,Berge,Sander Berge,Midfielder,FUL,0.02,0.00
2444761,Smith-Rowe,Emile Smith-Rowe,Midfielder,FUL,0.02,0.00
2444761,Lukic,Sasa Lukic,Midfielder,FUL,0.02,0.01
2444761,Diop,Issa Diop,Defender,FUL,0.01,0.00
2444761,Rodrigo Muniz,Rodrigo Muniz Carvalho,Forward,FUL,0.00,0.54
2444761,Cuenca,Jorge Cuenca,Defender,FUL,0.01,0.02
2444762,Martinez,Emiliano Martinez,Goalkeeper,AVL,0.00,0.00
2444762,Digne,Lucas Digne,Defender,AVL,0.11,0.00
2444762,McGinn,John McGinn,Midfielder,AVL,0.08,0.17
2444762,Tielemans,Youri Tielemans,Midfielder,AVL,0.01,0.00
2444762,Asensio,Marco Asensio,Midfielder,AVL,0.02,0.38
2444762,Rashford,Marcus Rashford,Midfielder,AVL,0.04,0.54
2444762,Watkins,Ollie Watkins,Forward,AVL,0.01,0.00
2444762,Cash,Matthew Cash,Defender,AVL,0.11,0.03
2444762,Konsa Ngoyo,Ezri Konsa Ngoyo,Defender,AVL,0.00,0.07
2444762,Malen,Donyell Malen,Midfielder,AVL,0.00,0.06
2444762,Disasi,Axel Disasi,Defender,AVL,0.00,0.00
2444762,Kamara,Boubacar Kamara,Midfielder,AVL,0.02,0.00
2444762,Ramsey (Jacob),Jacob Ramsey,Midfielder,AVL,0.01,0.00
2444762,Rogers,Morgan Rogers,Midfielder,AVL,0.27,0.00
2444762,Torres,Pau Torres,Defender,AVL,0.00,0.00
2444762,Mvom Onana,Amadou Mvom Onana,Midfielder,AVL,0.00,0.00
2444762,Welbeck,Danny Welbeck,Forward,BHA,0.03,0.00
2444762,Dunk,Lewis Dunk,Defender,BHA,0.01,0.00
2444762,Estupiñán,Pervis Estupiñán,Defender,BHA,0.14,0.02
2444762,O’Riley,Matt O’Riley,Midfielder,BHA,0.01,0.00
2444762,Cashin,Eiran Cashin,Defender,BHA,0.00,0.00
2444762,Mitoma,Kaoru Mitoma,Midfielder,BHA,0.04,0.25
2444762,Wieffer,Mats Wieffer,Midfielder,BHA,0.01,0.00
2444762,van Hecke,Jan-Paul van Hecke,Defender,BHA,0.08,0.02
2444762,João Pedro,João Pedro Junqueira de Jesus,Forward,BHA,0.02,0.10
2444762,Verbruggen,Bart Verbruggen,Goalkeeper,BHA,0.00,0.00
2444762,Ayari,Yasin Ayari,Midfielder,BHA,0.08,0.41
2444762,Gruda,Brajan Gruda,Midfielder,BHA,0.02,0.00
2444762,Gómez (Diego),Diego Gómez,Midfielder,BHA,0.01,0.00
2444762,Hinshelwood,Jack Hinshelwood,Midfielder,BHA,0.08,0.00
2444762,Baleba,Carlos Baleba,Midfielder,BHA,0.00,0.01
2444762,Adingra,Simon Adingra,Midfielder,BHA,0.22,0.09
2444763,Casemiro,Carlos Henrique Jose Francisco Venancio,Midfielder,MUN,0.05,0.09
2444763,Eriksen,Christian Eriksen,Midfielder,MUN,0.04,0.00
2444763,Maguire,Harry Maguire,Defender,MUN,0.00,0.60
2444763,Bruno Fernandes,Bruno Miguel Borges Fernandes,Midfielder,MUN,0.28,0.13
2444763,Mount,Mason Mount,Midfielder,MUN,0.00,0.11
2444763,Onana,André Onana,Goalkeeper,MUN,0.00,0.00
2444763,de Ligt,Matthijs de Ligt,Defender,MUN,0.00,0.15
2444763,Dalot,José Diogo Dalot Teixeira,Defender,MUN,0.24,0.06
2444763,Mazraoui,Noussair Mazraoui,Defender,MUN,0.06,0.00
2444763,Ugarte,Manuel Ugarte,Midfielder,MUN,0.02,0.00
2444763,Zirkzee,Joshua Zirkzee,Forward,MUN,0.01,0.00
2444763,Garnacho,Alejandro Garnacho Ferreyra,Midfielder,MUN,0.18,0.25
2444763,Højlund,Rasmus Højlund,Forward,MUN,0.03,0.03
2444763,Yoro,Leny Yoro,Defender,MUN,0.02,0.00
2444763,Dorgu,Patrick Dorgu,Defender,MUN,0.60,0.22
2444763,Sels,Matz Sels,Goalkeeper,NFO,0.00,0.00
2444763,Álex Moreno,Alexandre Moreno Lopera,Defender,NFO,0.06,0.00
2444763,Aina,Ola Aina,Defender,NFO,0.02,0.00
2444763,Yates,Ryan Yates,Midfielder,NFO,0.01,0.04
2444763,Awoniyi,Taiwo Awoniyi,Forward,NFO,0.01,0.11
2444763,Sangaré,Ibrahim Sangaré,Midfielder,NFO,0.02,0.00
2444763,Williams (Neco),Neco Williams,Defender,NFO,0.10,0.05
2444763,Anderson,Elliot Anderson,Midfielder,NFO,0.02,0.00
2444763,Gibbs-White,Morgan Gibbs-White,Midfielder,NFO,0.04,0.06
2444763,Milenkovic,Nikola Milenkovic,Defender,NFO,0.06,0.02
2444763,Nicolás Domínguez,Nicolás Domínguez,Midfielder,NFO,0.26,0.00
2444763,Elanga,Anthony Elanga,Midfielder,NFO,0.04,0.12
2444763,Morato,Felipe Rodrigues da Silva,Defender,NFO,0.00,0.08
2444763,Sosa,Ramón Sosa,Midfielder,NFO,0.00,0.00
2444763,Danilo,Danilo dos Santos de Oliveira,Midfielder,NFO,0.00,0.00
2444763,Murillo,Murillo Santiago Costa dos Santos,Defender,NFO,0.02,0.00
2444764,Cresswell,Aaron Cresswell,Defender,WHU,0.00,0.00
2444764,Areola,Alphonse Areola,Goalkeeper,WHU,0.00,0.00
2444764,Füllkrug,Niclas Füllkrug,Forward,WHU,0.01,0.13
2444764,Ward-Prowse,James Ward-Prowse,Midfielder,WHU,0.10,0.03
2444764,Emerson,Emerson Palmieri dos Santos,Defender,WHU,0.00,0.24
2444764,Bowen,Jarrod Bowen,Midfielder,WHU,0.30,0.18
2444764,Álvarez (Edson),Edson Álvarez,Midfielder,WHU,0.01,0.00
2444764,Kilman,Max Kilman,Defender,WHU,0.01,0.00
2444764,Wan-Bissaka,Aaron Wan-Bissaka,Defender,WHU,0.14,0.00
2444764,Soucek,Tomas Soucek,Midfielder,WHU,0.00,0.41
2444764,Lucas Paquetá,Lucas Tolentino Coelho de Lima,Midfielder,WHU,0.24,0.05
2444764,Soler (Carlos),Carlos Soler,Midfielder,WHU,0.03,0.00
2444764,Mavropanos,Konstantinos Mavropanos,Defender,WHU,0.00,0.00
2444764,Ferguson,Evan Ferguson,Forward,WHU,0.00,0.31
2444764,Scarles,Oliver Scarles,Defender,WHU,0.02,0.00
2444764,Luis Guilherme,Luis Guilherme Lira dos Santos,Midfielder,WHU,0.00,0.00
2444764,Doherty,Matt Doherty,Defender,WOL,0.05,0.00
2444764,Sarabia,Pablo Sarabia,Midfielder,WOL,0.00,0.00
2444764,José Sá,José Pedro Malheiro de Sá,Goalkeeper,WOL,0.00,0.00
2444764,Semedo,Nelson Semedo,Defender,WOL,0.04,0.00
2444764,Bellegarde,Jean-Ricner Bellegarde,Midfielder,WOL,0.02,0.03
2444764,Bueno (Santiago),Santiago Bueno,Defender,WOL,0.00,0.00
2444764,Strand Larsen,Jørgen Strand Larsen,Forward,WOL,0.26,0.21
2444764,Munetsi,Marshall Munetsi,Midfielder,WOL,0.00,0.70
2444764,João Gomes,João Victor Gomes da Silva,Midfielder,WOL,0.04,0.05
2444764,Ait Nouri,Rayan Ait Nouri,Defender,WOL,0.14,0.00
2444764,Traoré (Boubacar),Boubacar Traoré,Midfielder,WOL,0.00,0.00
2444764,André,André Trindade da Costa Neto,Midfielder,WOL,0.01,0.05
2444764,Toti,Toti António Gomes,Defender,WOL,0.01,0.12
2444764,Agbadou,Emmanuel Agbadou,Defender,WOL,0.00,0.03
2444765,Tosin,Oluwatosin Adarabioyo,Defender,CHE,0.00,0.00
2444765,Cucurella,Marc Cucurella,Defender,CHE,0.01,0.00
2444765,Chalobah,Trevoh Chalobah,Defender,CHE,0.02,0.00
2444765,Sancho,Jadon Sancho,Midfielder,CHE,0.09,0.21
2444765,Sanchez,Robert Sanchez,Goalkeeper,CHE,0.00,0.00
2444765,Dewsbury-Hall,Kiernan Dewsbury-Hall,Midfielder,CHE,0.00,0.00
2444765,James,Reece James,Defender,CHE,0.00,0.00
2444765,Palmer (Cole),Cole Palmer,Midfielder,CHE,0.36,0.06
2444765,Neto,Pedro Neto,Midfielder,CHE,0.08,0.05
2444765,Madueke,Noni Madueke,Midfielder,CHE,0.01,0.00
2444765,Fernández,Enzo Fernández,Midfielder,CHE,0.03,0.58
2444765,Colwill,Levi Colwill,Defender,CHE,0.01,0.00
2444765,Gusto,Malo Gusto,Defender,CHE,0.04,0.08
2444765,Moises Caicedo,Moises Caicedo,Midfielder,CHE,0.03,0.00
2444765,Jackson (Nicolas),Nicolas Jackson,Forward,CHE,0.00,0.13
2444765,Son,Heung-Min Son,Midfielder,TOT,0.06,0.45
2444765,Solanke,Dominic Solanke,Forward,TOT,0.01,0.00
2444765,Maddison,James Maddison,Midfielder,TOT,0.06,0.05
2444765,Vicario,Guglielmo Vicario,Goalkeeper,TOT,0.00,0.00
2444765,Bentancur,Rodrigo Bentancur,Midfielder,TOT,0.09,0.00
2444765,Romero,Cristian Romero,Defender,TOT,0.01,0.00
2444765,Spence,Djed Spence,Defender,TOT,0.01,0.06
2444765,Johnson (Brennan),Brennan Johnson,Midfielder,TOT,0.48,0.00
2444765,Porro,Pedro Porro,Defender,TOT,0.01,0.00
2444765,Sarr (Pape),Pape Sarr,Midfielder,TOT,0.01,0.02
2444765,Destiny Udogie,Iyenoma Destiny Udogie,Defender,TOT,0.02,0.00
2444765,van de Ven,Micky van de Ven,Defender,TOT,0.00,0.21
2444765,Tel,Mathys Tel,Midfielder,TOT,0.01,0.03
2444765,Odobert,Wilson Odobert,Midfielder,TOT,0.01,0.00
2444765,Bergvall,Lucas Bergvall,Midfielder,TOT,0.00,0.07
2444766,Tarkowski,James Tarkowski,Defender,EVE,0.00,0.00
2444766,Young (Ashley),Ashley Young,Defender,EVE,0.00,0.00
2444766,Gueye,Idrissa Gueye,Midfielder,EVE,0.01,0.00
2444766,Pickford,Jordan Pickford,Goalkeeper,EVE,0.00,0.00
2444766,Doucouré,Abdoulaye Doucouré,Midfielder,EVE,0.03,0.00
2444766,Harrison (Jack),Jack Harrison,Midfielder,EVE,0.06,0.03
2444766,Mykolenko,Vitaliy Mykolenko,Defender,EVE,0.00,0.00
2444766,Garner,James Garner,Midfielder,EVE,0.01,0.00
2444766,Broja,Armando Broja,Forward,EVE,0.00,0.00
2444766,Ndiaye,Iliman Ndiaye,Forward,EVE,0.01,0.00
2444766,Branthwaite,Jarrad Branthwaite,Defender,EVE,0.02,0.00
2444766,Beto,Norberto Bercique Gomes Betuncal,Forward,EVE,0.00,0.31
2444766,Iroegbunam,Tim Iroegbunam,Midfielder,EVE,0.00,0.00
2444766,Youssef Chermiti,Youssef Ramalho Chermiti,Forward,EVE,0.00,0.00
2444766,Alcaraz,Carlos Alcaraz,Midfielder,EVE,0.02,0.32
2444766,O'Brien (Jake),Jake O'Brien,Defender,EVE,0.02,0.00
2444766,van Dijk,Virgil van Dijk,Defender,LIV,0.03,0.00
2444766,Salah,Mohamed Salah,Midfielder,LIV,0.10,0.07
2444766,Robertson,Andrew Robertson,Defender,LIV,0.15,0.07
2444766,Endo,Wataru Endo,Midfielder,LIV,0.00,0.00
2444766,Diogo Jota,Diogo José Teixeira da Silva,Midfielder,LIV,0.02,0.38
2444766,Kelleher,Caoimhin Kelleher,Goalkeeper,LIV,0.00,0.00
2444766,Konaté,Ibrahima Konaté,Defender,LIV,0.01,0.47
2444766,Jones,Curtis Jones,Midfielder,LIV,0.11,0.04
2444766,Mac Allister,Alexis Mac Allister,Midfielder,LIV,0.27,0.02
2444766,Gakpo,Cody Gakpo,Forward,LIV,0.00,0.00
2444766,Díaz,Luis Díaz,Midfielder,LIV,0.27,0.27
2444766,Szoboszlai,Dominik Szoboszlai,Midfielder,LIV,0.05,0.06
2444766,Gravenberch,Ryan Gravenberch,Midfielder,LIV,0.05,0.07
2444766,Núñez,Darwin Núñez,Forward,LIV,0.01,0.02
2444767,Ayew,Jordan Ayew,Midfielder,LEI,0.01,0.00
2444767,Coady,Conor Coady,Defender,LEI,0.00,0.00
2444767,Vardy,Jamie Vardy,Forward,LEI,0.00,0.00
2444767,Ricardo Pereira,Ricardo Domingos Barbosa Pereira,Defender,LEI,0.01,0.05
2444767,Ndidi,Onyinye Wilfred Ndidi,Midfielder,LEI,0.00,0.00
2444767,Skipp,Oliver Skipp,Midfielder,LEI,0.00,0.00
2444767,Faes,Wout Faes,Defender,LEI,0.00,0.00
2444767,Justin,James Justin,Defender,LEI,0.01,0.00
2444767,Soumaré,Boubakary Soumaré,Midfielder,LEI,0.00,0.00
2444767,Thomas,Luke Thomas,Defender,LEI,0.05,0.00
2444767,Daka,Patson Daka,Forward,LEI,0.00,0.00
2444767,Hermansen,Mads Hermansen,Goalkeeper,LEI,0.00,0.00
2444767,Okoli,Caleb Okoli,Defender,LEI,0.00,0.00
2444767,Kristiansen,Victor Kristiansen,Defender,LEI,0.00,0.00
2444767,El Khannouss,Bilal El Khannouss,Midfielder,LEI,0.01,0.02
2444767,Buonanotte,Facundo Buonanotte,Midfielder,LEI,0.01,0.00
2444767,Gundogan,Ilkay Gundogan,Midfielder,MCI,0.41,0.10
2444767,Grealish,Jack Grealish,Midfielder,MCI,0.15,0.35
2444767,Ederson,Ederson Santana de Moraes,Goalkeeper,MCI,0.00,0.00
2444767,Rúben Dias,Rúben Santos Gato Alves Dias,Defender,MCI,0.04,0.00
2444767,Doku,Jéremy Doku,Midfielder,MCI,0.59,0.00
2444767,Mcatee,James Mcatee,Midfielder,MCI,0.01,0.03
2444767,Omar Marmoush,Omar Khaled Mohamed Marmoush,Forward,MCI,0.04,1.45
2444767,Matheus Nunes,Matheus Luiz Nunes,Midfielder,MCI,0.10,0.00
2444767,González (Nico),Nico González,Midfielder,MCI,0.07,0.00
2444767,O’Reilly,Nico O’Reilly,Midfielder,MCI,0.04,0.11
2444767,Lewis (Rico),Rico Lewis,Defender,MCI,0.00,0.00
2444767,Gvardiol,Joško Gvardiol,Defender,MCI,0.19,0.05
2444767,Bobb,Oscar Bobb,Midfielder,MCI,0.00,0.00
2444767,Savinho,Sávio Moreira de Oliveira,Midfielder,MCI,0.48,0.16
2444767,Vitor Reis,Vitor de Oliveira Nunes dos Reis,Defender,MCI,0.00,0.00
2444768,Flekken,Mark Flekken,Goalkeeper,BRE,0.01,0.00
2444768,Norgaard,Christian Norgaard,Midfielder,BRE,0.01,0.09
2444768,Ajer,Kristoffer Ajer,Defender,BRE,0.00,0.00
2444768,Janelt,Vitaly Janelt,Midfielder,BRE,0.01,0.00
2444768,Wissa,Yoane Wissa,Forward,BRE,0.01,0.23
2444768,Maghoma,Paris Maghoma,Midfielder,BRE,0.00,0.00
2444768,Pinnock,Ethan Pinnock,Defender,BRE,0.00,0.21
2444768,Lewis-Potter,Keane Lewis-Potter,Midfielder,BRE,0.06,0.00
2444768,Collins,Nathan Collins,Defender,BRE,0.02,0.00
2444768,Damsgaard,Mikkel Damsgaard,Midfielder,BRE,0.07,0.09
2444768,van den Berg,Sepp van den Berg,Defender,BRE,0.05,0.00
2444768,Mbeumo,Bryan Mbeumo,Midfielder,BRE,0.24,0.87
2444768,Yarmolyuk,Ehor Yarmolyuk,Midfielder,BRE,0.01,0.00
2444768,Schade,Kevin Schade,Midfielder,BRE,0.19,0.11
2444768,Wilson (Callum),Callum Wilson,Forward,NEW,0.01,0.11
2444768,Trippier,Kieran Trippier,Defender,NEW,0.04,0.00
2444768,Burn,Dan Burn,Defender,NEW,0.01,0.00
2444768,Pope,Nick Pope,Goalkeeper,NEW,0.00,0.00
2444768,Krafth,Emil Krafth,Defender,NEW,0.00,0.00
2444768,Murphy (Jacob),Jacob Murphy,Midfielder,NEW,0.40,0.12
2444768,Schär,Fabian Schär,Defender,NEW,0.01,0.02
2444768,Joelinton,Joelinton Cássio Apolinário de Lira,Midfielder,NEW,0.03,0.10
2444768,Willock,Joseph Willock,Midfielder,NEW,0.00,0.06
2444768,Barnes,Harvey Barnes,Midfielder,NEW,0.21,0.25
2444768,Bruno Guimarães,Bruno Guimarães Rodriguez Moura,Midfielder,NEW,0.07,0.00
2444768,Isak,Alexander Isak,Forward,NEW,0.01,0.56
2444768,Tonali,Sandro Tonali,Midfielder,NEW,0.01,0.06
2444768,Livramento,Valentino Livramento,Defender,NEW,0.38,0.00
2444768,Miley (Lewis),Lewis Miley,Midfielder,NEW,0.00,0.00
2444769,Clyne,Nathaniel Clyne,Defender,CRY,0.11,0.00
2444769,Lerma,Jefferson Lerma,Midfielder,CRY,0.11,0.00
2444769,Henderson,Dean Henderson,Goalkeeper,CRY,0.00,0.00
2444769,Chilwell,Benjamin Chilwell,Defender,CRY,0.02,0.00
2444769,Eddie Nketiah,Edward Nketiah,Forward,CRY,0.00,0.16
2444769,Marc Guehi,Addji Keaninkin Marc-Israel Guehi,Defender,CRY,0.03,0.11
2444769,Kamada,Daichi Kamada,Midfielder,CRY,0.01,0.00
2444769,Mateta,Jean-Philippe Mateta,Forward,CRY,0.01,0.22
2444769,Ismaila Sarr,Ismaila Sarr,Midfielder,CRY,0.08,0.00
2444769,Eze,Eberechi Eze,Midfielder,CRY,0.04,0.20
2444769,Mitchell,Tyrick Mitchell,Defender,CRY,0.01,0.00
2444769,Muñoz,Daniel Muñoz,Defender,CRY,0.04,0.00
2444769,Lacroix,Maxence Lacroix,Defender,CRY,0.04,0.00
2444769,Devenny,Justin Devenny,Midfielder,CRY,0.00,0.00
2444769,Wharton,Adam Wharton,Midfielder,CRY,0.06,0.00
2444769,Matheus França,Matheus França de Oliveira,Midfielder,CRY,0.00,0.06
2444769,Stephens,Jack Stephens,Defender,SOU,0.00,0.00
2444769,Paul Onuachu,Ebere Paul Onuachu,Forward,SOU,0.01,0.37
2444769,Walker-Peters,Kyle Walker-Peters,Defender,SOU,0.03,0.11
2444769,Bednarek,Jan Bednarek,Defender,SOU,0.00,0.00
2444769,Aribo,Joe Aribo,Midfielder,SOU,0.00,0.00
2444769,Manning,Ryan Manning,Defender,SOU,0.31,0.00
2444769,Sugawara,Yukinari Sugawara,Defender,SOU,0.00,0.00
2444769,Downes,Flynn Downes,Midfielder,SOU,0.01,0.00
2444769,Ramsdale,Aaron Ramsdale,Goalkeeper,SOU,0.00,0.00
2444769,Harwood-Bellis,Taylor Harwood-Bellis,Defender,SOU,0.03,0.00
2444769,Archer,Cameron Archer,Forward,SOU,0.00,0.00
2444769,Dibling,Tyler Dibling,Midfielder,SOU,0.00,0.00
2444769,Welington,Welington Damascena Santos,Defender,SOU,0.00,0.00
2444769,Ugochukwu,Lesley Ugochukwu,Midfielder,SOU,0.11,0.01
2444769,Sulemana,Kamaldeen Sulemana,Midfielder,SOU,0.02,0.00
2444769,Mateus Fernandes,Mateus Gonçalo Espanha Fernandes,Midfielder,SOU,0.09,0.18
2444770,Martinez,Emiliano Martinez,Goalkeeper,AVL,0.00,0.00
2444770,McGinn,John McGinn,Midfielder,AVL,0.17,0.00
2444770,Mings,Tyrone Mings,Defender,AVL,0.01,0.10
2444770,Tielemans,Youri Tielemans,Midfielder,AVL,0.15,0.07
2444770,Asensio,Marco Asensio,Midfielder,AVL,0.02,0.31
2444770,Rashford,Marcus Rashford,Midfielder,AVL,0.09,0.63
2444770,Watkins,Ollie Watkins,Forward,AVL,0.00,0.00
2444770,Konsa Ngoyo,Ezri Konsa Ngoyo,Defender,AVL,0.00,0.00
2444770,Malen,Donyell Malen,Midfielder,AVL,0.00,0.72
2444770,Disasi,Axel Disasi,Defender,AVL,0.01,0.01
2444770,Kamara,Boubacar Kamara,Midfielder,AVL,0.02,0.09
2444770,Ramsey (Jacob),Jacob Ramsey,Midfielder,AVL,0.18,0.00
2444770,Rogers,Morgan Rogers,Midfielder,AVL,0.11,0.98
2444770,Maatsen,Ian Maatsen,Defender,AVL,0.40,0.12
2444770,Mvom Onana,Amadou Mvom Onana,Midfielder,AVL,0.01,0.00
2444770,García,Andrés García,Defender,AVL,0.10,0.00
2444770,Sels,Matz Sels,Goalkeeper,NFO,0.00,0.00
2444770,Boly,Willy Boly,Defender,NFO,0.00,0.00
2444770,Yates,Ryan Yates,Midfielder,NFO,0.01,0.05
2444770,Hudson-Odoi,Callum Hudson-Odoi,Midfielder,NFO,0.08,0.19
2444770,Williams (Neco),Neco Williams,Defender,NFO,0.32,0.31
2444770,Anderson,Elliot Anderson,Midfielder,NFO,0.04,0.28
2444770,Gibbs-White,Morgan Gibbs-White,Midfielder,NFO,0.06,0.25
2444770,Milenkovic,Nikola Milenkovic,Defender,NFO,0.01,0.00
2444770,Nicolás Domínguez,Nicolás Domínguez,Midfielder,NFO,0.02,0.09
2444770,Elanga,Anthony Elanga,Midfielder,NFO,0.01,0.17
2444770,Morato,Felipe Rodrigues da Silva,Defender,NFO,0.00,0.00
2444770,Sosa,Ramón Sosa,Midfielder,NFO,0.06,0.00
2444770,Jota Silva,João Pedro Ferreira da Silva,Midfielder,NFO,0.01,0.10
2444770,Murillo,Murillo Santiago Costa dos Santos,Defender,NFO,0.01,0.02
2444771,Flekken,Mark Flekken,Goalkeeper,BRE,0.00,0.00
2444771,Norgaard,Christian Norgaard,Midfielder,BRE,0.03,0.00
2444771,Ajer,Kristoffer Ajer,Defender,BRE,0.01,0.00
2444771,Janelt,Vitaly Janelt,Midfielder,BRE,0.00,0.00
2444771,Jensen,Mathias Jensen,Midfielder,BRE,0.03,0.00
2444771,Wissa,Yoane Wissa,Forward,BRE,0.39,0.36
2444771,Lewis-Potter,Keane Lewis-Potter,Midfielder,BRE,0.46,0.07
2444771,Collins,Nathan Collins,Defender,BRE,0.00,0.00
2444771,Damsgaard,Mikkel Damsgaard,Midfielder,BRE,0.26,0.14
2444771,van den Berg,Sepp van den Berg,Defender,BRE,0.01,0.49
2444771,Mbeumo,Bryan Mbeumo,Midfielder,BRE,0.50,0.13
2444771,Yarmolyuk,Ehor Yarmolyuk,Midfielder,BRE,0.01,0.00
2444771,Schade,Kevin Schade,Midfielder,BRE,0.09,0.00
2444771,Kayode,Michael Kayode,Defender,BRE,0.00,0.00
2444771,Tosin,Oluwatosin Adarabioyo,Defender,CHE,0.04,0.05
2444771,Cucurella,Marc Cucurella,Defender,CHE,0.00,0.00
2444771,Chalobah,Trevoh Chalobah,Defender,CHE,0.00,0.02
2444771,Sancho,Jadon Sancho,Midfielder,CHE,0.03,0.08
2444771,Nkunku,Christopher Nkunku,Midfielder,CHE,0.01,0.16
2444771,Sanchez,Robert Sanchez,Goalkeeper,CHE,0.01,0.00
2444771,Dewsbury-Hall,Kiernan Dewsbury-Hall,Midfielder,CHE,0.02,0.00
2444771,James,Reece James,Defender,CHE,0.24,0.06
2444771,Palmer (Cole),Cole Palmer,Midfielder,CHE,0.03,0.20
2444771,Neto,Pedro Neto,Midfielder,CHE,0.05,0.22
2444771,Madueke,Noni Madueke,Midfielder,CHE,0.01,0.07
2444771,Fernández,Enzo Fernández,Midfielder,CHE,0.07,0.17
2444771,Gusto,Malo Gusto,Defender,CHE,0.08,0.01
2444771,Moises Caicedo,Moises Caicedo,Midfielder,CHE,0.09,0.00
2444771,Jackson (Nicolas),Nicolas Jackson,Forward,CHE,0.02,0.19
2444772,Welbeck,Danny Welbeck,Forward,BHA,0.01,0.53
2444772,Dunk,Lewis Dunk,Defender,BHA,0.02,0.00
2444772,March,Solomon March,Midfielder,BHA,0.12,0.00
2444772,Estupiñán,Pervis Estupiñán,Defender,BHA,0.02,0.07
2444772,O’Riley,Matt O’Riley,Midfielder,BHA,0.02,0.00
2444772,Mitoma,Kaoru Mitoma,Midfielder,BHA,0.01,0.03
2444772,Wieffer,Mats Wieffer,Midfielder,BHA,0.14,0.07
2444772,van Hecke,Jan-Paul van Hecke,Defender,BHA,0.08,0.00
2444772,João Pedro,João Pedro Junqueira de Jesus,Forward,BHA,0.03,0.00
2444772,Verbruggen,Bart Verbruggen,Goalkeeper,BHA,0.00,0.00
2444772,Ayari,Yasin Ayari,Midfielder,BHA,0.00,0.24
2444772,Gruda,Brajan Gruda,Midfielder,BHA,0.05,0.00
2444772,Gómez (Diego),Diego Gómez,Midfielder,BHA,0.02,0.00
2444772,Hinshelwood,Jack Hinshelwood,Midfielder,BHA,0.02,0.02
2444772,Baleba,Carlos Baleba,Midfielder,BHA,0.03,0.05
2444772,Adingra,Simon Adingra,Midfielder,BHA,0.01,0.00
2444772,Minteh,Yankuba Minteh,Midfielder,BHA,0.32,0.00
2444772,Ward (Joel),Joel Ward,Defender,CRY,0.00,0.00
2444772,Hughes,Will Hughes,Midfielder,CRY,0.00,0.00
2444772,Lerma,Jefferson Lerma,Midfielder,CRY,0.02,0.00
2444772,Henderson,Dean Henderson,Goalkeeper,CRY,0.00,0.00
2444772,Chilwell,Benjamin Chilwell,Defender,CRY,0.00,0.03
2444772,Eddie Nketiah,Edward Nketiah,Forward,CRY,0.00,0.00
2444772,Marc Guehi,Addji Keaninkin Marc-Israel Guehi,Defender,CRY,0.01,0.00
2444772,Kamada,Daichi Kamada,Midfielder,CRY,0.01,0.00
2444772,Mateta,Jean-Philippe Mateta,Forward,CRY,0.00,0.10
2444772,Ismaila Sarr,Ismaila Sarr,Midfielder,CRY,0.01,0.00
2444772,Eze,Eberechi Eze,Midfielder,CRY,0.02,0.08
2444772,Mitchell,Tyrick Mitchell,Defender,CRY,0.00,0.00
2444772,Muñoz,Daniel Muñoz,Defender,CRY,0.01,0.05
2444772,Lacroix,Maxence Lacroix,Defender,CRY,0.00,0.31
2444772,Devenny,Justin Devenny,Midfielder,CRY,0.00,0.03
2444772,Wharton,Adam Wharton,Midfielder,CRY,0.28,0.00
2444773,Jorginho,Jorge Luiz Frello Filho,Midfielder,ARS,0.02,0.00
2444773,Sterling,Raheem Sterling,Midfielder,ARS,0.01,0.28
2444773,Trossard,Leandro Trossard,Midfielder,ARS,0.02,0.32
2444773,Raya Martin,David Raya Martin,Goalkeeper,ARS,0.00,0.00
2444773,Odegaard,Martin Odegaard,Midfielder,ARS,0.00,0.23
2444773,Tierney,Kieran Tierney,Defender,ARS,0.20,0.00
2444773,Merino,Mikel Merino,Midfielder,ARS,0.02,0.15
2444773,White (Ben),Ben White,Defender,ARS,0.11,0.19
2444773,Rice,Declan Rice,Midfielder,ARS,0.02,0.28
2444773,Saka,Bukayo Saka,Midfielder,ARS,0.21,0.14
2444773,Kiwior,Jakub Kiwior,Defender,ARS,0.08,0.00
2444773,Martinelli,Gabriel Teodoro Martinelli Silva,Midfielder,ARS,0.02,0.04
2444773,Jurriën Timber,Jurriën Timber,Defender,ARS,0.01,0.20
2444773,Saliba,William Saliba,Defender,ARS,0.03,0.00
2444773,Lewis-Skelly,Myles Lewis-Skelly,Midfielder,ARS,0.03,0.00
2444773,Nwaneri,Ethan Nwaneri,Midfielder,ARS,0.08,0.00
2444773,Tarkowski,James Tarkowski,Defender,EVE,0.02,0.00
2444773,Young (Ashley),Ashley Young,Defender,EVE,0.00,0.00
2444773,Gueye,Idrissa Gueye,Midfielder,EVE,0.03,0.00
2444773,Pickford,Jordan Pickford,Goalkeeper,EVE,0.02,0.00
2444773,Doucouré,Abdoulaye Doucouré,Midfielder,EVE,0.00,0.04
2444773,Harrison (Jack),Jack Harrison,Midfielder,EVE,0.30,0.00
2444773,Garner,James Garner,Midfielder,EVE,0.00,0.00
2444773,Patterson (Nathan),Nathan Patterson,Defender,EVE,0.01,0.00
2444773,McNeil,Dwight McNeil,Midfielder,EVE,0.00,0.00
2444773,Broja,Armando Broja,Forward,EVE,0.00,0.00
2444773,Ndiaye,Iliman Ndiaye,Forward,EVE,0.14,0.94
2444773,Branthwaite,Jarrad Branthwaite,Defender,EVE,0.00,0.00
2444773,Beto,Norberto Bercique Gomes Betuncal,Forward,EVE,0.01,0.00
2444773,Iroegbunam,Tim Iroegbunam,Midfielder,EVE,0.00,0.00
2444773,Alcaraz,Carlos Alcaraz,Midfielder,EVE,0.00,0.00
2444773,O'Brien (Jake),Jake O'Brien,Defender,EVE,0.00,0.10
2444774,Leno,Bernd Leno,Goalkeeper,FUL,0.00,0.00
2444774,Raúl Jiménez,Raul Alonso Jimenez Rodriguez,Forward,FUL,0.03,0.00
2444774,Iwobi,Alex Iwobi,Midfielder,FUL,0.08,0.17
2444774,Reed,Harrison Reed,Midfielder,FUL,0.00,0.09
2444774,Pereira,Andreas Pereira,Midfielder,FUL,0.29,0.08
2444774,Traoré (Adama),Adama Traoré,Midfielder,FUL,0.00,0.00
2444774,Castagne,Timothy Castagne,Defender,FUL,0.05,0.00
2444774,Tete,Kenny Tete,Defender,FUL,0.00,0.00
2444774,Robinson (Antonee),Antonee Robinson,Defender,FUL,0.18,0.00
2444774,Andersen,Joachim Andersen,Defender,FUL,0.01,0.00
2444774,Sessegnon (Ryan),Kouassi Ryan Sessegnon,Defender,FUL,0.06,0.12
2444774,Berge,Sander Berge,Midfielder,FUL,0.05,0.00
2444774,Smith-Rowe,Emile Smith-Rowe,Midfielder,FUL,0.00,0.00
2444774,Lukic,Sasa Lukic,Midfielder,FUL,0.01,0.00
2444774,Bassey,Calvin Bassey,Defender,FUL,0.00,0.00
2444774,Rodrigo Muniz,Rodrigo Muniz Carvalho,Forward,FUL,0.01,0.29
2444774,van Dijk,Virgil van Dijk,Defender,LIV,0.01,0.00
2444774,Salah,Mohamed Salah,Midfielder,LIV,0.10,0.44
2444774,Robertson,Andrew Robertson,Defender,LIV,0.29,0.03
2444774,Diogo Jota,Diogo José Teixeira da Silva,Midfielder,LIV,0.00,0.32
2444774,Kelleher,Caoimhin Kelleher,Goalkeeper,LIV,0.00,0.00
2444774,Konaté,Ibrahima Konaté,Defender,LIV,0.00,0.06
2444774,Jones,Curtis Jones,Midfielder,LIV,0.07,0.05
2444774,Chiesa,Federico Chiesa,Midfielder,LIV,0.00,0.09
2444774,Mac Allister,Alexis Mac Allister,Midfielder,LIV,0.11,0.02
2444774,Gakpo,Cody Gakpo,Forward,LIV,0.01,0.00
2444774,Díaz,Luis Díaz,Midfielder,LIV,0.12,0.23
2444774,Szoboszlai,Dominik Szoboszlai,Midfielder,LIV,0.01,0.04
2444774,Gravenberch,Ryan Gravenberch,Midfielder,LIV,0.02,0.00
2444774,Elliott,Harvey Elliott,Midfielder,LIV,0.01,0.21
2444774,Núñez,Darwin Núñez,Forward,LIV,0.01,0.00
2444774,Bradley,Conor Bradley,Defender,LIV,0.03,0.00
2444775,Morsy,Sam Morsy,Midfielder,IPS,0.03,0.02
2444775,Townsend,Conor Townsend,Defender,IPS,0.01,0.03
2444775,Palmer (Alex),Alex Palmer,Goalkeeper,IPS,0.00,0.00
2444775,Burgess,Cameron Burgess,Defender,IPS,0.02,0.00
2444775,Broadhead,Nathan Broadhead,Midfielder,IPS,0.00,0.00
2444775,Tuanzebe,Axel Tuanzebe,Defender,IPS,0.03,0.00
2444775,Chaplin,Conor Chaplin,Midfielder,IPS,0.00,0.00
2444775,O'Shea,Dara O'Shea,Defender,IPS,0.37,0.21
2444775,Johnson (Ben),Ben Johnson,Defender,IPS,0.00,0.00
2444775,Hirst,George Hirst,Forward,IPS,0.00,0.00
2444775,Taylor (Jack),Jack Taylor,Midfielder,IPS,0.00,0.00
2444775,Cajuste,Jens Cajuste,Midfielder,IPS,0.21,0.00
2444775,Davis,Leif Davis,Defender,IPS,0.00,0.00
2444775,Delap,Liam Delap,Forward,IPS,0.01,0.46
2444775,Enciso,Julio Enciso,Midfielder,IPS,0.02,0.00
2444775,Philogene-Bidace,Jaden Philogene-Bidace,Midfielder,IPS,0.00,0.08
2444775,Doherty,Matt Doherty,Defender,WOL,0.24,0.03
2444775,Sarabia,Pablo Sarabia,Midfielder,WOL,0.74,0.05
2444775,José Sá,José Pedro Malheiro de Sá,Goalkeeper,WOL,0.00,0.00
2444775,Semedo,Nelson Semedo,Defender,WOL,0.06,0.07
2444775,Bellegarde,Jean-Ricner Bellegarde,Midfielder,WOL,0.07,0.10
2444775,Bueno (Santiago),Santiago Bueno,Defender,WOL,0.00,0.00
2444775,Strand Larsen,Jørgen Strand Larsen,Forward,WOL,0.08,1.04
2444775,Munetsi,Marshall Munetsi,Midfielder,WOL,0.01,0.22
2444775,João Gomes,João Victor Gomes da Silva,Midfielder,WOL,0.06,0.16
2444775,Ait Nouri,Rayan Ait Nouri,Defender,WOL,0.63,0.34
2444775,Rodrigo Gomes,Rodrigo Martins Gomes,Midfielder,WOL,0.16,0.00
2444775,André,André Trindade da Costa Neto,Midfielder,WOL,0.03,0.00
2444775,Toti,Toti António Gomes,Defender,WOL,0.02,0.54
2444775,Agbadou,Emmanuel Agbadou,Defender,WOL,0.02,0.15
2444775,Djiga,Nasser Yacouba Djiga,Defender,WOL,0.00,0.00
2444776,Coady,Conor Coady,Defender,LEI,0.00,0.00
2444776,Vardy,Jamie Vardy,Forward,LEI,0.02,0.17
2444776,Ricardo Pereira,Ricardo Domingos Barbosa Pereira,Defender,LEI,0.01,0.00
2444776,Mavididi,Stephy Mavididi,Midfielder,LEI,0.02,0.00
2444776,Ndidi,Onyinye Wilfred Ndidi,Midfielder,LEI,0.14,0.00
2444776,Faes,Wout Faes,Defender,LEI,0.00,0.19
2444776,Justin,James Justin,Defender,LEI,0.03,0.00
2444776,Soumaré,Boubakary Soumaré,Midfielder,LEI,0.03,0.00
2444776,Thomas,Luke Thomas,Defender,LEI,0.02,0.00
2444776,Daka,Patson Daka,Forward,LEI,0.00,0.00
2444776,Hermansen,Mads Hermansen,Goalkeeper,LEI,0.00,0.00
2444776,Kristiansen,Victor Kristiansen,Defender,LEI,0.06,0.00
2444776,El Khannouss,Bilal El Khannouss,Midfielder,LEI,0.04,0.07
2444776,Buonanotte,Facundo Buonanotte,Midfielder,LEI,0.21,0.04
2444776,Monga,Jeremy Monga,Midfielder,LEI,0.00,0.00
2444776,Wilson (Callum),Callum Wilson,Forward,NEW,0.00,0.00
2444776,Trippier,Kieran Trippier,Defender,NEW,0.05,0.04
2444776,Burn,Dan Burn,Defender,NEW,0.00,0.03
2444776,Pope,Nick Pope,Goalkeeper,NEW,0.00,0.00
2444776,Krafth,Emil Krafth,Defender,NEW,0.00,0.00
2444776,Murphy (Jacob),Jacob Murphy,Midfielder,NEW,0.01,1.57
2444776,Schär,Fabian Schär,Defender,NEW,0.00,0.04
2444776,Longstaff (Sean),Sean Longstaff,Midfielder,NEW,0.00,0.00
2444776,Joelinton,Joelinton Cássio Apolinário de Lira,Midfielder,NEW,0.01,0.08
2444776,Barnes,Harvey Barnes,Midfielder,NEW,0.05,1.28
2444776,Bruno Guimarães,Bruno Guimarães Rodriguez Moura,Midfielder,NEW,0.02,0.00
2444776,Isak,Alexander Isak,Forward,NEW,0.05,0.16
2444776,Tonali,Sandro Tonali,Midfielder,NEW,0.03,0.06
2444776,Livramento,Valentino Livramento,Defender,NEW,0.57,0.03
2444776,Osula,William Osula,Forward,NEW,0.00,0.04
2444776,Miley (Lewis),Lewis Miley,Midfielder,NEW,0.00,0.00
2444777,Gundogan,Ilkay Gundogan,Midfielder,MCI,0.03,0.03
2444777,De Bruyne,Kevin De Bruyne,Midfielder,MCI,0.06,0.05
2444777,Kovacic,Mateo Kovacic,Midfielder,MCI,0.07,0.00
2444777,Grealish,Jack Grealish,Midfielder,MCI,0.00,0.00
2444777,Ederson,Ederson Santana de Moraes,Goalkeeper,MCI,0.00,0.00
2444777,Bernardo Silva,Bernardo Mota Veiga de Carvalho e Silva,Midfielder,MCI,0.02,0.00
2444777,Rúben Dias,Rúben Santos Gato Alves Dias,Defender,MCI,0.03,0.00
2444777,Foden,Phil Foden,Midfielder,MCI,0.01,0.26
2444777,Doku,Jéremy Doku,Midfielder,MCI,0.01,0.00
2444777,Omar Marmoush,Omar Khaled Mohamed Marmoush,Forward,MCI,0.02,0.15
2444777,Matheus Nunes,Matheus Luiz Nunes,Midfielder,MCI,0.02,0.00
2444777,O’Reilly,Nico O’Reilly,Midfielder,MCI,0.17,0.00
2444777,Lewis (Rico),Rico Lewis,Defender,MCI,0.00,0.00
2444777,Gvardiol,Joško Gvardiol,Defender,MCI,0.02,0.00
2444777,Casemiro,Carlos Henrique Jose Francisco Venancio,Midfielder,MUN,0.04,0.03
2444777,Maguire,Harry Maguire,Defender,MUN,0.00,0.00
2444777,Bruno Fernandes,Bruno Miguel Borges Fernandes,Midfielder,MUN,0.50,0.17
2444777,Mount,Mason Mount,Midfielder,MUN,0.05,0.18
2444777,Lindelof,Victor Nilsson-Lindelof,Defender,MUN,0.00,0.00
2444777,Onana,André Onana,Goalkeeper,MUN,0.00,0.00
2444777,Dalot,José Diogo Dalot Teixeira,Defender,MUN,0.19,0.00
2444777,Mazraoui,Noussair Mazraoui,Defender,MUN,0.01,0.01
2444777,Ugarte,Manuel Ugarte,Midfielder,MUN,0.04,0.28
2444777,Zirkzee,Joshua Zirkzee,Forward,MUN,0.00,0.17
2444777,Garnacho,Alejandro Garnacho Ferreyra,Midfielder,MUN,0.15,0.05
2444777,Højlund,Rasmus Højlund,Forward,MUN,0.00,0.00
2444777,Yoro,Leny Yoro,Defender,MUN,0.01,0.00
2444777,Dorgu,Patrick Dorgu,Defender,MUN,0.32,0.05
2444778,Paul Onuachu,Ebere Paul Onuachu,Forward,SOU,0.00,0.00
2444778,Walker-Peters,Kyle Walker-Peters,Defender,SOU,0.03,0.00
2444778,Bednarek,Jan Bednarek,Defender,SOU,0.03,0.00
2444778,Aribo,Joe Aribo,Midfielder,SOU,0.01,0.03
2444778,Manning,Ryan Manning,Defender,SOU,0.02,0.00
2444778,Smallbone,William Smallbone,Midfielder,SOU,0.01,0.00
2444778,Sugawara,Yukinari Sugawara,Defender,SOU,0.01,0.03
2444778,Ramsdale,Aaron Ramsdale,Goalkeeper,SOU,0.00,0.00
2444778,Stewart,Ross Stewart,Forward,SOU,0.00,0.00
2444778,Harwood-Bellis,Taylor Harwood-Bellis,Defender,SOU,0.01,0.00
2444778,Archer,Cameron Archer,Forward,SOU,0.01,0.07
2444778,Dibling,Tyler Dibling,Midfielder,SOU,0.10,0.00
2444778,Welington,Welington Damascena Santos,Defender,SOU,0.00,0.00
2444778,Ugochukwu,Lesley Ugochukwu,Midfielder,SOU,0.02,0.35
2444778,Sulemana,Kamaldeen Sulemana,Midfielder,SOU,0.18,0.16
2444778,Mateus Fernandes,Mateus Gonçalo Espanha Fernandes,Midfielder,SOU,0.03,0.40
2444778,Son,Heung-Min Son,Midfielder,TOT,0.20,0.04
2444778,Davies (Ben),Ben Davies,Defender,TOT,0.01,0.00
2444778,Solanke,Dominic Solanke,Forward,TOT,0.01,0.22
2444778,Maddison,James Maddison,Midfielder,TOT,0.14,0.00
2444778,Vicario,Guglielmo Vicario,Goalkeeper,TOT,0.00,0.00
2444778,Bentancur,Rodrigo Bentancur,Midfielder,TOT,0.01,0.00
2444778,Romero,Cristian Romero,Defender,TOT,0.00,0.23
2444778,Bissouma,Yves Bissouma,Midfielder,TOT,0.00,0.00
2444778,Spence,Djed Spence,Defender,TOT,0.30,0.15
2444778,Johnson (Brennan),Brennan Johnson,Midfielder,TOT,0.01,0.58
2444778,Porro,Pedro Porro,Defender,TOT,0.26,0.02
2444778,Sarr (Pape),Pape Sarr,Midfielder,TOT,0.00,0.00
2444778,Tel,Mathys Tel,Midfielder,TOT,0.00,0.79
2444778,Gray (Archie),Archie Gray,Midfielder,TOT,0.00,0.00
2444778,Odobert,Wilson Odobert,Midfielder,TOT,0.03,0.00
2444778,Bergvall,Lucas Bergvall,Midfielder,TOT,0.13,0.09
2444779,Smith,Adam Smith,Defender,BOU,0.01,0.00
2444779,Kepa,Kepa Arrizabalaga Revuelta,Goalkeeper,BOU,0.01,0.00
2444779,Brooks,David Brooks,Midfielder,BOU,0.13,0.00
2444779,Cook,Lewis Cook,Midfielder,BOU,0.27,0.00
2444779,Adams (Tyler),Tyler Adams,Midfielder,BOU,0.01,0.00
2444779,Senesi,Marcos Senesi,Defender,BOU,0.00,0.00
2444779,Semenyo,Antoine Semenyo,Midfielder,BOU,0.06,0.19
2444779,Evanilson,Francisco Evanilson de Lima Barbosa,Forward,BOU,0.01,1.72
2444779,Hill (James),James Hill,Defender,BOU,0.01,0.00
2444779,Zabarnyi,Illia Zabarnyi,Defender,BOU,0.04,0.17
2444779,Scott,Alex Scott,Midfielder,BOU,0.00,0.00
2444779,Jebbison,Daniel Jebbison,Forward,BOU,0.00,0.00
2444779,Dango Ouattara,Dango Ouattara,Midfielder,BOU,0.21,0.03
2444779,Kerkez,Milos Kerkez,Defender,BOU,0.01,0.00
2444779,Huijsen,Dean Huijsen,Defender,BOU,0.19,0.03
2444779,Winterburn,Ben Winterburn,Midfielder,BOU,0.00,0.00
2444779,Areola,Alphonse Areola,Goalkeeper,WHU,0.00,0.00
2444779,Füllkrug,Niclas Füllkrug,Forward,WHU,0.01,0.15
2444779,Ward-Prowse,James Ward-Prowse,Midfielder,WHU,0.12,0.00
2444779,Emerson,Emerson Palmieri dos Santos,Defender,WHU,0.03,0.00
2444779,Bowen,Jarrod Bowen,Midfielder,WHU,0.02,0.37
2444779,Álvarez (Edson),Edson Álvarez,Midfielder,WHU,0.04,0.00
2444779,Kilman,Max Kilman,Defender,WHU,0.01,0.00
2444779,Wan-Bissaka,Aaron Wan-Bissaka,Defender,WHU,0.01,0.00
2444779,Soucek,Tomas Soucek,Midfielder,WHU,0.00,0.02
2444779,Lucas Paquetá,Lucas Tolentino Coelho de Lima,Midfielder,WHU,0.12,0.03
2444779,Soler (Carlos),Carlos Soler,Midfielder,WHU,0.01,0.02
2444779,Mavropanos,Konstantinos Mavropanos,Defender,WHU,0.00,0.00
2444779,Kudus,Mohammed Kudus,Midfielder,WHU,0.14,0.00
2444779,Todibo,Jean-Clair Todibo,Defender,WHU,0.00,0.00
2444779,Scarles,Oliver Scarles,Defender,WHU,0.01,0.00
2444779,Luis Guilherme,Luis Guilherme Lira dos Santos,Midfielder,WHU,0.00,0.11
2444780,Smith,Adam Smith,Defender,BOU,0.01,0.00
2444780,Kepa,Kepa Arrizabalaga Revuelta,Goalkeeper,BOU,0.00,0.00
2444780,Cook,Lewis Cook,Midfielder,BOU,0.02,0.07
2444780,Adams (Tyler),Tyler Adams,Midfielder,BOU,0.05,0.40
2444780,Tavernier,Marcus Tavernier,Midfielder,BOU,0.00,0.00
2444780,Senesi,Marcos Senesi,Defender,BOU,0.00,0.00
2444780,Semenyo,Antoine Semenyo,Midfielder,BOU,0.06,0.12
2444780,Evanilson,Francisco Evanilson de Lima Barbosa,Forward,BOU,0.01,0.53
2444780,Zabarnyi,Illia Zabarnyi,Defender,BOU,0.00,0.00
2444780,Scott,Alex Scott,Midfielder,BOU,0.30,0.16
2444780,Dango Ouattara,Dango Ouattara,Midfielder,BOU,0.30,0.18
2444780,Kerkez,Milos Kerkez,Defender,BOU,0.04,0.00
2444780,Huijsen,Dean Huijsen,Defender,BOU,0.00,0.00
2444780,Soler (Julio),Julio Soler,Defender,BOU,0.00,0.00
2444780,Willian,Willian Borges Da Silva,Midfielder,FUL,0.05,0.00
2444780,Cairney,Tom Cairney,Midfielder,FUL,0.03,0.05
2444780,Leno,Bernd Leno,Goalkeeper,FUL,0.00,0.00
2444780,Raúl Jiménez,Raul Alonso Jimenez Rodriguez,Forward,FUL,0.05,0.00
2444780,Iwobi,Alex Iwobi,Midfielder,FUL,0.26,0.16
2444780,Pereira,Andreas Pereira,Midfielder,FUL,0.22,0.00
2444780,Traoré (Adama),Adama Traoré,Midfielder,FUL,0.01,0.00
2444780,Castagne,Timothy Castagne,Defender,FUL,0.03,0.00
2444780,Robinson (Antonee),Antonee Robinson,Defender,FUL,0.04,0.00
2444780,Andersen,Joachim Andersen,Defender,FUL,0.01,0.05
2444780,Sessegnon (Ryan),Kouassi Ryan Sessegnon,Defender,FUL,0.03,0.41
2444780,Berge,Sander Berge,Midfielder,FUL,0.02,0.00
2444780,Smith-Rowe,Emile Smith-Rowe,Midfielder,FUL,0.02,0.00
2444780,Lukic,Sasa Lukic,Midfielder,FUL,0.08,0.12
2444780,Bassey,Calvin Bassey,Defender,FUL,0.03,0.00
2444780,Rodrigo Muniz,Rodrigo Muniz Carvalho,Forward,FUL,0.00,0.27
2444781,Jorginho,Jorge Luiz Frello Filho,Midfielder,ARS,0.06,0.02
2444781,Trossard,Leandro Trossard,Midfielder,ARS,0.10,0.14
2444781,Raya Martin,David Raya Martin,Goalkeeper,ARS,0.00,0.00
2444781,Partey,Thomas Partey,Midfielder,ARS,0.03,0.26
2444781,Odegaard,Martin Odegaard,Midfielder,ARS,0.12,0.00
2444781,Tierney,Kieran Tierney,Defender,ARS,0.01,0.00
2444781,Merino,Mikel Merino,Midfielder,ARS,0.01,0.05
2444781,Rice,Declan Rice,Midfielder,ARS,0.09,0.03
2444781,Zinchenko,Oleksandr Zinchenko,Defender,ARS,0.03,0.02
2444781,Saka,Bukayo Saka,Midfielder,ARS,0.02,0.12
2444781,Kiwior,Jakub Kiwior,Defender,ARS,0.03,0.07
2444781,Martinelli,Gabriel Teodoro Martinelli Silva,Midfielder,ARS,0.11,0.22
2444781,Jurriën Timber,Jurriën Timber,Defender,ARS,0.00,0.00
2444781,Saliba,William Saliba,Defender,ARS,0.28,0.00
2444781,Lewis-Skelly,Myles Lewis-Skelly,Midfielder,ARS,0.02,0.00
2444781,Nwaneri,Ethan Nwaneri,Midfielder,ARS,0.03,0.03
2444781,Flekken,Mark Flekken,Goalkeeper,BRE,0.01,0.00
2444781,Norgaard,Christian Norgaard,Midfielder,BRE,0.02,0.00
2444781,Ajer,Kristoffer Ajer,Defender,BRE,0.01,0.11
2444781,Janelt,Vitaly Janelt,Midfielder,BRE,0.03,0.00
2444781,Jensen,Mathias Jensen,Midfielder,BRE,0.00,0.00
2444781,Wissa,Yoane Wissa,Forward,BRE,0.02,0.12
2444781,Lewis-Potter,Keane Lewis-Potter,Midfielder,BRE,0.00,0.00
2444781,Collins,Nathan Collins,Defender,BRE,0.10,0.00
2444781,Damsgaard,Mikkel Damsgaard,Midfielder,BRE,0.02,0.02
2444781,van den Berg,Sepp van den Berg,Defender,BRE,0.00,0.00
2444781,Mbeumo,Bryan Mbeumo,Midfielder,BRE,0.26,0.00
2444781,Yarmolyuk,Ehor Yarmolyuk,Midfielder,BRE,0.00,0.00
2444781,Schade,Kevin Schade,Midfielder,BRE,0.01,0.00
2444781,Kayode,Michael Kayode,Defender,BRE,0.07,0.00
2444781,Gustavo Nunes,Gustavo Nunes Fernandes Gomes,Midfielder,BRE,0.00,0.00
2444782,Welbeck,Danny Welbeck,Forward,BHA,0.01,0.64
2444782,Dunk,Lewis Dunk,Defender,BHA,0.28,0.00
2444782,March,Solomon March,Midfielder,BHA,0.15,0.00
2444782,Estupiñán,Pervis Estupiñán,Defender,BHA,0.08,0.00
2444782,O’Riley,Matt O’Riley,Midfielder,BHA,0.03,0.61
2444782,João Pedro,João Pedro Junqueira de Jesus,Forward,BHA,0.24,1.72
2444782,Verbruggen,Bart Verbruggen,Goalkeeper,BHA,0.00,0.00
2444782,Ayari,Yasin Ayari,Midfielder,BHA,0.08,0.06
2444782,Gruda,Brajan Gruda,Midfielder,BHA,0.00,0.09
2444782,Gómez (Diego),Diego Gómez,Midfielder,BHA,0.00,0.00
2444782,Hinshelwood,Jack Hinshelwood,Midfielder,BHA,0.03,0.00
2444782,Baleba,Carlos Baleba,Midfielder,BHA,0.03,0.00
2444782,Adingra,Simon Adingra,Midfielder,BHA,0.42,0.56
2444782,Minteh,Yankuba Minteh,Midfielder,BHA,0.54,0.23
2444782,Coady,Conor Coady,Defender,LEI,0.01,0.00
2444782,DeCordova-Reid,Bobby DeCordova-Reid,Midfielder,LEI,0.00,0.00
2444782,Vardy,Jamie Vardy,Forward,LEI,0.00,0.00
2444782,Ricardo Pereira,Ricardo Domingos Barbosa Pereira,Defender,LEI,0.00,0.00
2444782,Mavididi,Stephy Mavididi,Midfielder,LEI,0.05,0.26
2444782,Ndidi,Onyinye Wilfred Ndidi,Midfielder,LEI,0.06,0.10
2444782,Skipp,Oliver Skipp,Midfielder,LEI,0.01,0.00
2444782,Justin,James Justin,Defender,LEI,0.03,0.00
2444782,Soumaré,Boubakary Soumaré,Midfielder,LEI,0.02,0.02
2444782,Thomas,Luke Thomas,Defender,LEI,0.06,0.08
2444782,Daka,Patson Daka,Forward,LEI,0.00,0.47
2444782,McAteer,Kasey McAteer,Midfielder,LEI,0.13,0.06
2444782,Hermansen,Mads Hermansen,Goalkeeper,LEI,0.00,0.00
2444782,Okoli,Caleb Okoli,Defender,LEI,0.04,0.48
2444782,El Khannouss,Bilal El Khannouss,Midfielder,LEI,0.32,0.05
2444782,Evans (Jake),Jake Evans,Midfielder,LEI,0.00,0.00
2444783,Tosin,Oluwatosin Adarabioyo,Defender,CHE,0.01,0.00
2444783,Cucurella,Marc Cucurella,Defender,CHE,0.19,0.03
2444783,Chalobah,Trevoh Chalobah,Defender,CHE,0.02,0.49
2444783,Sancho,Jadon Sancho,Midfielder,CHE,0.05,0.05
2444783,Nkunku,Christopher Nkunku,Midfielder,CHE,0.02,0.00
2444783,Sanchez,Robert Sanchez,Goalkeeper,CHE,0.00,0.00
2444783,Palmer (Cole),Cole Palmer,Midfielder,CHE,0.16,0.27
2444783,Neto,Pedro Neto,Midfielder,CHE,0.63,0.15
2444783,Madueke,Noni Madueke,Midfielder,CHE,0.14,0.25
2444783,Fernández,Enzo Fernández,Midfielder,CHE,0.42,0.23
2444783,Colwill,Levi Colwill,Defender,CHE,0.08,0.31
2444783,Gusto,Malo Gusto,Defender,CHE,0.23,0.00
2444783,Moises Caicedo,Moises Caicedo,Midfielder,CHE,0.11,0.10
2444783,Jackson (Nicolas),Nicolas Jackson,Forward,CHE,0.02,0.39
2444783,Morsy,Sam Morsy,Midfielder,IPS,0.01,0.00
2444783,Townsend,Conor Townsend,Defender,IPS,0.00,0.00
2444783,Palmer (Alex),Alex Palmer,Goalkeeper,IPS,0.00,0.00
2444783,Burgess,Cameron Burgess,Defender,IPS,0.00,0.00
2444783,Broadhead,Nathan Broadhead,Midfielder,IPS,0.00,0.00
2444783,Tuanzebe,Axel Tuanzebe,Defender,IPS,0.00,0.00
2444783,O'Shea,Dara O'Shea,Defender,IPS,0.00,0.08
2444783,Johnson (Ben),Ben Johnson,Defender,IPS,0.36,0.17
2444783,Hirst,George Hirst,Forward,IPS,0.01,0.14
2444783,Taylor (Jack),Jack Taylor,Midfielder,IPS,0.00,0.03
2444783,Clarke (Jack),Jack Clarke,Midfielder,IPS,0.02,0.03
2444783,Cajuste,Jens Cajuste,Midfielder,IPS,0.00,0.09
2444783,Davis,Leif Davis,Defender,IPS,0.00,0.00
2444783,Delap,Liam Delap,Forward,IPS,0.00,0.07
2444783,Enciso,Julio Enciso,Midfielder,IPS,0.33,0.47
2444783,Philogene-Bidace,Jaden Philogene-Bidace,Midfielder,IPS,0.00,0.00
2444784,van Dijk,Virgil van Dijk,Defender,LIV,0.01,0.18
2444784,Alisson,Alisson Ramses Becker,Goalkeeper,LIV,0.00,0.00
2444784,Salah,Mohamed Salah,Midfielder,LIV,0.28,0.09
2444784,Robertson,Andrew Robertson,Defender,LIV,0.00,0.00
2444784,Endo,Wataru Endo,Midfielder,LIV,0.00,0.00
2444784,Diogo Jota,Diogo José Teixeira da Silva,Midfielder,LIV,0.01,0.00
2444784,Konaté,Ibrahima Konaté,Defender,LIV,0.02,0.00
2444784,Jones,Curtis Jones,Midfielder,LIV,0.26,0.02
2444784,Tsimikas,Konstantinos Tsimikas,Defender,LIV,0.39,0.00
2444784,Mac Allister,Alexis Mac Allister,Midfielder,LIV,0.31,0.30
2444784,Gakpo,Cody Gakpo,Forward,LIV,0.02,0.00
2444784,Díaz,Luis Díaz,Midfielder,LIV,0.20,1.00
2444784,Szoboszlai,Dominik Szoboszlai,Midfielder,LIV,0.01,0.00
2444784,Gravenberch,Ryan Gravenberch,Midfielder,LIV,0.06,0.02
2444784,Quansah,Jarell Quansah,Defender,LIV,0.03,0.10
2444784,Bradley,Conor Bradley,Defender,LIV,0.01,0.07
2444784,Areola,Alphonse Areola,Goalkeeper,WHU,0.00,0.00
2444784,Füllkrug,Niclas Füllkrug,Forward,WHU,0.00,0.12
2444784,Ward-Prowse,James Ward-Prowse,Midfielder,WHU,0.07,0.05
2444784,Coufal,Vladimir Coufal,Defender,WHU,0.00,0.00
2444784,Bowen,Jarrod Bowen,Midfielder,WHU,0.04,0.39
2444784,Kilman,Max Kilman,Defender,WHU,0.16,0.00
2444784,Wan-Bissaka,Aaron Wan-Bissaka,Defender,WHU,0.15,0.00
2444784,Lucas Paquetá,Lucas Tolentino Coelho de Lima,Midfielder,WHU,0.22,0.00
2444784,Soler (Carlos),Carlos Soler,Midfielder,WHU,0.02,0.47
2444784,Mavropanos,Konstantinos Mavropanos,Defender,WHU,0.00,0.30
2444784,Kudus,Mohammed Kudus,Midfielder,WHU,0.01,0.18
2444784,Todibo,Jean-Clair Todibo,Defender,WHU,0.00,0.00
2444784,Scarles,Oliver Scarles,Defender,WHU,0.00,0.00
2444784,Luis Guilherme,Luis Guilherme Lira dos Santos,Midfielder,WHU,0.00,0.00
2444785,Clyne,Nathaniel Clyne,Defender,CRY,0.00,0.01
2444785,Hughes,Will Hughes,Midfielder,CRY,0.00,0.00
2444785,Lerma,Jefferson Lerma,Midfielder,CRY,0.00,0.06
2444785,Henderson,Dean Henderson,Goalkeeper,CRY,0.00,0.00
2444785,Chilwell,Benjamin Chilwell,Defender,CRY,0.00,0.00
2444785,Kamada,Daichi Kamada,Midfielder,CRY,0.23,0.00
2444785,Mateta,Jean-Philippe Mateta,Forward,CRY,0.00,0.05
2444785,Ismaila Sarr,Ismaila Sarr,Midfielder,CRY,0.18,0.45
2444785,Eze,Eberechi Eze,Midfielder,CRY,0.00,0.66
2444785,Mitchell,Tyrick Mitchell,Defender,CRY,0.00,0.00
2444785,Muñoz,Daniel Muñoz,Defender,CRY,0.05,0.00
2444785,Richards (Chris),Chris Richards,Defender,CRY,0.00,0.53
2444785,Lacroix,Maxence Lacroix,Defender,CRY,0.00,0.00
2444785,Devenny,Justin Devenny,Midfielder,CRY,0.06,0.00
2444785,Wharton,Adam Wharton,Midfielder,CRY,0.07,0.00
2444785,Matheus França,Matheus França de Oliveira,Midfielder,CRY,0.16,0.06
2444785,Gundogan,Ilkay Gundogan,Midfielder,MCI,0.05,0.82
2444785,De Bruyne,Kevin De Bruyne,Midfielder,MCI,0.38,0.47
2444785,Ortega Moreno,Stefan Ortega Moreno,Goalkeeper,MCI,0.00,0.00
2444785,Kovacic,Mateo Kovacic,Midfielder,MCI,0.17,0.14
2444785,Grealish,Jack Grealish,Midfielder,MCI,0.00,0.00
2444785,Ederson,Ederson Santana de Moraes,Goalkeeper,MCI,0.14,0.00
2444785,Rúben Dias,Rúben Santos Gato Alves Dias,Defender,MCI,0.03,0.00
2444785,Doku,Jéremy Doku,Midfielder,MCI,0.00,0.07
2444785,Mcatee,James Mcatee,Midfielder,MCI,0.58,1.37
2444785,Omar Marmoush,Omar Khaled Mohamed Marmoush,Forward,MCI,0.26,1.03
2444785,González (Nico),Nico González,Midfielder,MCI,0.05,0.00
2444785,O’Reilly,Nico O’Reilly,Midfielder,MCI,0.11,0.11
2444785,Lewis (Rico),Rico Lewis,Defender,MCI,0.02,0.00
2444785,Gvardiol,Joško Gvardiol,Defender,MCI,0.02,0.00
2444785,Bobb,Oscar Bobb,Midfielder,MCI,0.02,0.00
2444785,Savinho,Sávio Moreira de Oliveira,Midfielder,MCI,0.01,0.00
2444786,Eriksen,Christian Eriksen,Midfielder,MUN,0.01,0.00
2444786,Shaw,Luke Shaw,Defender,MUN,0.16,0.00
2444786,Bruno Fernandes,Bruno Miguel Borges Fernandes,Midfielder,MUN,0.06,0.00
2444786,Mount,Mason Mount,Midfielder,MUN,0.00,0.04
2444786,Lindelof,Victor Nilsson-Lindelof,Defender,MUN,0.00,0.00
2444786,Dalot,José Diogo Dalot Teixeira,Defender,MUN,0.02,0.00
2444786,Mazraoui,Noussair Mazraoui,Defender,MUN,0.01,0.00
2444786,Ugarte,Manuel Ugarte,Midfielder,MUN,0.01,0.05
2444786,Bayindir,Altay Bayindir,Goalkeeper,MUN,0.00,0.00
2444786,Zirkzee,Joshua Zirkzee,Forward,MUN,0.02,0.16
2444786,Garnacho,Alejandro Garnacho Ferreyra,Midfielder,MUN,0.01,0.13
2444786,Højlund,Rasmus Højlund,Forward,MUN,0.02,0.31
2444786,Mainoo,Kobbie Mainoo,Midfielder,MUN,0.00,0.00
2444786,Yoro,Leny Yoro,Defender,MUN,0.00,0.00
2444786,Amass,Harry Amass,Defender,MUN,0.00,0.03
2444786,Dorgu,Patrick Dorgu,Defender,MUN,0.01,0.00
2444786,Wilson (Callum),Callum Wilson,Forward,NEW,0.00,0.00
2444786,Trippier,Kieran Trippier,Defender,NEW,0.08,0.00
2444786,Burn,Dan Burn,Defender,NEW,0.17,0.14
2444786,Pope,Nick Pope,Goalkeeper,NEW,0.00,0.00
2444786,Krafth,Emil Krafth,Defender,NEW,0.00,0.00
2444786,Murphy (Jacob),Jacob Murphy,Midfielder,NEW,0.59,0.02
2444786,Schär,Fabian Schär,Defender,NEW,0.00,0.00
2444786,Longstaff (Sean),Sean Longstaff,Midfielder,NEW,0.00,0.00
2444786,Joelinton,Joelinton Cássio Apolinário de Lira,Midfielder,NEW,0.05,0.02
2444786,Barnes,Harvey Barnes,Midfielder,NEW,0.21,0.80
2444786,Bruno Guimarães,Bruno Guimarães Rodriguez Moura,Midfielder,NEW,0.11,0.61
2444786,Isak,Alexander Isak,Forward,NEW,0.20,0.35
2444786,Gordon (Anthony),Anthony Gordon,Midfielder,NEW,0.00,0.00
2444786,Tonali,Sandro Tonali,Midfielder,NEW,0.07,0.23
2444786,Livramento,Valentino Livramento,Defender,NEW,0.04,0.00
2444786,Miley (Lewis),Lewis Miley,Midfielder,NEW,0.00,0.00
2444787,Tarkowski,James Tarkowski,Defender,EVE,0.17,0.00
2444787,Gueye,Idrissa Gueye,Midfielder,EVE,0.14,0.06
2444787,Pickford,Jordan Pickford,Goalkeeper,EVE,0.00,0.00
2444787,Doucouré,Abdoulaye Doucouré,Midfielder,EVE,0.08,0.33
2444787,Harrison (Jack),Jack Harrison,Midfielder,EVE,0.32,0.23
2444787,Mykolenko,Vitaliy Mykolenko,Defender,EVE,0.10,0.00
2444787,Garner,James Garner,Midfielder,EVE,0.03,0.15
2444787,McNeil,Dwight McNeil,Midfielder,EVE,0.03,0.00
2444787,Broja,Armando Broja,Forward,EVE,0.02,0.00
2444787,Ndiaye,Iliman Ndiaye,Forward,EVE,0.00,0.46
2444787,Branthwaite,Jarrad Branthwaite,Defender,EVE,0.16,0.00
2444787,Beto,Norberto Bercique Gomes Betuncal,Forward,EVE,0.03,0.00
2444787,Alcaraz,Carlos Alcaraz,Midfielder,EVE,0.08,0.09
2444787,O'Brien (Jake),Jake O'Brien,Defender,EVE,0.01,0.03
2444787,Wood (Chris),Chris Wood,Forward,NFO,0.01,0.00
2444787,Sels,Matz Sels,Goalkeeper,NFO,0.00,0.00
2444787,Álex Moreno,Alexandre Moreno Lopera,Defender,NFO,0.22,0.00
2444787,Yates,Ryan Yates,Midfielder,NFO,0.00,0.00
2444787,Hudson-Odoi,Callum Hudson-Odoi,Midfielder,NFO,0.06,0.12
2444787,Williams (Neco),Neco Williams,Defender,NFO,0.00,0.03
2444787,Anderson,Elliot Anderson,Midfielder,NFO,0.01,0.00
2444787,Gibbs-White,Morgan Gibbs-White,Midfielder,NFO,0.01,0.10
2444787,Milenkovic,Nikola Milenkovic,Defender,NFO,0.00,0.00
2444787,Nicolás Domínguez,Nicolás Domínguez,Midfielder,NFO,0.02,0.02
2444787,Elanga,Anthony Elanga,Midfielder,NFO,0.01,0.00
2444787,Jota Silva,João Pedro Ferreira da Silva,Midfielder,NFO,0.00,0.25
2444787,Murillo,Murillo Santiago Costa dos Santos,Defender,NFO,0.01,0.00
2444788,Martinez,Emiliano Martinez,Goalkeeper,AVL,0.00,0.00
2444788,McGinn,John McGinn,Midfielder,AVL,0.00,0.31
2444788,Mings,Tyrone Mings,Defender,AVL,0.01,0.04
2444788,Tielemans,Youri Tielemans,Midfielder,AVL,0.39,0.28
2444788,Asensio,Marco Asensio,Midfielder,AVL,0.40,1.64
2444788,Rashford,Marcus Rashford,Midfielder,AVL,0.12,0.12
2444788,Watkins,Ollie Watkins,Forward,AVL,0.00,0.28
2444788,Cash,Matthew Cash,Defender,AVL,0.07,0.06
2444788,Konsa Ngoyo,Ezri Konsa Ngoyo,Defender,AVL,0.05,0.15
2444788,Malen,Donyell Malen,Midfielder,AVL,0.01,0.23
2444788,Kamara,Boubacar Kamara,Midfielder,AVL,0.00,0.00
2444788,Ramsey (Jacob),Jacob Ramsey,Midfielder,AVL,0.04,0.06
2444788,Rogers,Morgan Rogers,Midfielder,AVL,0.08,0.00
2444788,Maatsen,Ian Maatsen,Defender,AVL,0.03,0.08
2444788,Mvom Onana,Amadou Mvom Onana,Midfielder,AVL,0.17,0.03
2444788,García,Andrés García,Defender,AVL,0.00,0.00
2444788,Stephens,Jack Stephens,Defender,SOU,0.00,0.00
2444788,Paul Onuachu,Ebere Paul Onuachu,Forward,SOU,0.00,0.04
2444788,Walker-Peters,Kyle Walker-Peters,Defender,SOU,0.04,0.00
2444788,Bednarek,Jan Bednarek,Defender,SOU,0.00,0.00
2444788,Manning,Ryan Manning,Defender,SOU,0.03,0.00
2444788,Smallbone,William Smallbone,Midfielder,SOU,0.00,0.04
2444788,Sugawara,Yukinari Sugawara,Defender,SOU,0.01,0.00
2444788,Ramsdale,Aaron Ramsdale,Goalkeeper,SOU,0.00,0.00
2444788,Stewart,Ross Stewart,Forward,SOU,0.00,0.00
2444788,Harwood-Bellis,Taylor Harwood-Bellis,Defender,SOU,0.01,0.02
2444788,Archer,Cameron Archer,Forward,SOU,0.01,0.14
2444788,Robinson (Jay),Jay Robinson,Forward,SOU,0.01,0.00
2444788,Dibling,Tyler Dibling,Midfielder,SOU,0.01,0.00
2444788,Ugochukwu,Lesley Ugochukwu,Midfielder,SOU,0.01,0.00
2444788,Sulemana,Kamaldeen Sulemana,Midfielder,SOU,0.01,0.05
2444788,Mateus Fernandes,Mateus Gonçalo Espanha Fernandes,Midfielder,SOU,0.01,0.02
2444789,Davies (Ben),Ben Davies,Defender,TOT,0.11,0.09
2444789,Solanke,Dominic Solanke,Forward,TOT,0.02,0.46
2444789,Maddison,James Maddison,Midfielder,TOT,0.17,0.07
2444789,Vicario,Guglielmo Vicario,Goalkeeper,TOT,0.00,0.00
2444789,Bentancur,Rodrigo Bentancur,Midfielder,TOT,0.02,0.00
2444789,Richarlison,Richarlison de Andrade,Forward,TOT,0.00,0.94
2444789,Romero,Cristian Romero,Defender,TOT,0.03,0.13
2444789,Bissouma,Yves Bissouma,Midfielder,TOT,0.01,0.03
2444789,Spence,Djed Spence,Defender,TOT,0.03,0.00
2444789,Johnson (Brennan),Brennan Johnson,Midfielder,TOT,0.11,0.08
2444789,Kulusevski,Dejan Kulusevski,Midfielder,TOT,0.00,0.00
2444789,Sarr (Pape),Pape Sarr,Midfielder,TOT,0.00,0.05
2444789,Tel,Mathys Tel,Midfielder,TOT,0.21,0.23
2444789,Gray (Archie),Archie Gray,Midfielder,TOT,0.01,0.00
2444789,Bergvall,Lucas Bergvall,Midfielder,TOT,0.05,0.00
2444789,Doherty,Matt Doherty,Defender,WOL,0.00,0.00
2444789,Sarabia,Pablo Sarabia,Midfielder,WOL,0.13,0.12
2444789,José Sá,José Pedro Malheiro de Sá,Goalkeeper,WOL,0.00,0.00
2444789,Hwang Hee-Chan,Hee-Chan Hwang,Midfielder,WOL,0.00,0.00
2444789,Semedo,Nelson Semedo,Defender,WOL,0.05,0.05
2444789,Bellegarde,Jean-Ricner Bellegarde,Midfielder,WOL,0.00,0.00
2444789,Bueno (Santiago),Santiago Bueno,Defender,WOL,0.00,0.00
2444789,Strand Larsen,Jørgen Strand Larsen,Forward,WOL,0.00,1.35
2444789,Matheus Cunha,Matheus Santos Carneiro Da Cunha,Forward,WOL,0.15,0.54
2444789,Munetsi,Marshall Munetsi,Midfielder,WOL,0.02,0.13
2444789,João Gomes,João Victor Gomes da Silva,Midfielder,WOL,0.01,0.06
2444789,Ait Nouri,Rayan Ait Nouri,Defender,WOL,0.73,0.05
2444789,Rodrigo Gomes,Rodrigo Martins Gomes,Midfielder,WOL,0.00,0.00
2444789,André,André Trindade da Costa Neto,Midfielder,WOL,0.01,0.00
2444789,Toti,Toti António Gomes,Defender,WOL,0.00,0.00
2444789,Agbadou,Emmanuel Agbadou,Defender,WOL,0.01,0.07
2444790,Barkley,Ross Barkley,Midfielder,AVL,0.01,0.01
2444790,Martinez,Emiliano Martinez,Goalkeeper,AVL,0.00,0.00
2444790,McGinn,John McGinn,Midfielder,AVL,0.01,0.42
2444790,Mings,Tyrone Mings,Defender,AVL,0.00,0.04
2444790,Tielemans,Youri Tielemans,Midfielder,AVL,0.13,0.08
2444790,Asensio,Marco Asensio,Midfielder,AVL,0.25,0.42
2444790,Rashford,Marcus Rashford,Midfielder,AVL,0.01,0.00
2444790,Watkins,Ollie Watkins,Forward,AVL,0.07,0.44
2444790,Cash,Matthew Cash,Defender,AVL,0.00,0.00
2444790,Konsa Ngoyo,Ezri Konsa Ngoyo,Defender,AVL,0.01,0.00
2444790,Malen,Donyell Malen,Midfielder,AVL,0.00,0.06
2444790,Kamara,Boubacar Kamara,Midfielder,AVL,0.28,0.01
2444790,Ramsey (Jacob),Jacob Ramsey,Midfielder,AVL,0.04,0.08
2444790,Rogers,Morgan Rogers,Midfielder,AVL,0.14,0.32
2444790,Maatsen,Ian Maatsen,Defender,AVL,0.15,0.31
2444790,Mvom Onana,Amadou Mvom Onana,Midfielder,AVL,0.01,0.07
2444790,Wilson (Callum),Callum Wilson,Forward,NEW,0.01,0.00
2444790,Trippier,Kieran Trippier,Defender,NEW,0.05,0.00
2444790,Burn,Dan Burn,Defender,NEW,0.01,0.04
2444790,Pope,Nick Pope,Goalkeeper,NEW,0.00,0.00
2444790,Krafth,Emil Krafth,Defender,NEW,0.00,0.00
2444790,Murphy (Jacob),Jacob Murphy,Midfielder,NEW,0.09,0.00
2444790,Schär,Fabian Schär,Defender,NEW,0.00,0.29
2444790,Targett,Matt Targett,Defender,NEW,0.07,0.00
2444790,Joelinton,Joelinton Cássio Apolinário de Lira,Midfielder,NEW,0.31,0.05
2444790,Willock,Joseph Willock,Midfielder,NEW,0.00,0.31
2444790,Barnes,Harvey Barnes,Midfielder,NEW,0.19,0.05
2444790,Bruno Guimarães,Bruno Guimarães Rodriguez Moura,Midfielder,NEW,0.12,0.09
2444790,Isak,Alexander Isak,Forward,NEW,0.01,0.05
2444790,Gordon (Anthony),Anthony Gordon,Midfielder,NEW,0.01,0.00
2444790,Tonali,Sandro Tonali,Midfielder,NEW,0.03,0.03
2444790,Livramento,Valentino Livramento,Defender,NEW,0.04,0.10
2444791,Flekken,Mark Flekken,Goalkeeper,BRE,0.00,0.00
2444791,Norgaard,Christian Norgaard,Midfielder,BRE,0.03,0.44
2444791,Ajer,Kristoffer Ajer,Defender,BRE,0.01,0.00
2444791,Henry,Rico Henry,Defender,BRE,0.00,0.00
2444791,Janelt,Vitaly Janelt,Midfielder,BRE,0.04,0.00
2444791,Jensen,Mathias Jensen,Midfielder,BRE,0.14,0.00
2444791,Wissa,Yoane Wissa,Forward,BRE,0.03,0.60
2444791,Lewis-Potter,Keane Lewis-Potter,Midfielder,BRE,0.16,0.00
2444791,Collins,Nathan Collins,Defender,BRE,0.00,0.15
2444791,Damsgaard,Mikkel Damsgaard,Midfielder,BRE,0.23,0.00
2444791,van den Berg,Sepp van den Berg,Defender,BRE,0.01,0.11
2444791,Mbeumo,Bryan Mbeumo,Midfielder,BRE,0.62,0.60
2444791,Yarmolyuk,Ehor Yarmolyuk,Midfielder,BRE,0.02,0.00
2444791,Schade,Kevin Schade,Midfielder,BRE,0.10,0.35
2444791,Kayode,Michael Kayode,Defender,BRE,0.00,0.00
2444791,Gustavo Nunes,Gustavo Nunes Fernandes Gomes,Midfielder,BRE,0.00,0.00
2444791,Konak,Yunus Konak,Midfielder,BRE,0.00,0.00
2444791,Welbeck,Danny Welbeck,Forward,BHA,0.06,0.22
2444791,Dunk,Lewis Dunk,Defender,BHA,0.05,0.00
2444791,March,Solomon March,Midfielder,BHA,0.01,0.00
2444791,Estupiñán,Pervis Estupiñán,Defender,BHA,0.20,0.00
2444791,O’Riley,Matt O’Riley,Midfielder,BHA,0.10,0.10
2444791,Cashin,Eiran Cashin,Defender,BHA,0.00,0.00
2444791,Mitoma,Kaoru Mitoma,Midfielder,BHA,0.01,0.71
2444791,Wieffer,Mats Wieffer,Midfielder,BHA,0.33,0.00
2444791,van Hecke,Jan-Paul van Hecke,Defender,BHA,0.05,0.00
2444791,João Pedro,João Pedro Junqueira de Jesus,Forward,BHA,0.20,0.03
2444791,Verbruggen,Bart Verbruggen,Goalkeeper,BHA,0.00,0.00
2444791,Ayari,Yasin Ayari,Midfielder,BHA,0.03,0.00
2444791,Gómez (Diego),Diego Gómez,Midfielder,BHA,0.00,0.13
2444791,Hinshelwood,Jack Hinshelwood,Midfielder,BHA,0.01,0.05
2444791,Baleba,Carlos Baleba,Midfielder,BHA,0.03,0.00
2444791,Adingra,Simon Adingra,Midfielder,BHA,0.00,0.00
2444791,Minteh,Yankuba Minteh,Midfielder,BHA,0.06,0.18
2444792,Smith,Adam Smith,Defender,BOU,0.07,0.05
2444792,Kepa,Kepa Arrizabalaga Revuelta,Goalkeeper,BOU,0.00,0.00
2444792,Brooks,David Brooks,Midfielder,BOU,0.04,0.00
2444792,Cook,Lewis Cook,Midfielder,BOU,0.02,0.00
2444792,Adams (Tyler),Tyler Adams,Midfielder,BOU,0.01,0.00
2444792,Tavernier,Marcus Tavernier,Midfielder,BOU,0.04,0.04
2444792,Kluivert,Justin Kluivert,Midfielder,BOU,0.19,0.00
2444792,Araujo,Julian Araujo,Defender,BOU,0.01,0.00
2444792,Semenyo,Antoine Semenyo,Midfielder,BOU,0.11,0.12
2444792,Evanilson,Francisco Evanilson de Lima Barbosa,Forward,BOU,0.03,0.20
2444792,Zabarnyi,Illia Zabarnyi,Defender,BOU,0.05,0.00
2444792,Scott,Alex Scott,Midfielder,BOU,0.00,0.03
2444792,Dango Ouattara,Dango Ouattara,Midfielder,BOU,0.01,0.24
2444792,Kerkez,Milos Kerkez,Defender,BOU,0.07,0.00
2444792,Huijsen,Dean Huijsen,Defender,BOU,0.04,0.04
2444792,Hughes,Will Hughes,Midfielder,CRY,0.00,0.06
2444792,Lerma,Jefferson Lerma,Midfielder,CRY,0.02,0.00
2444792,Henderson,Dean Henderson,Goalkeeper,CRY,0.00,0.00
2444792,Eddie Nketiah,Edward Nketiah,Forward,CRY,0.00,0.00
2444792,Marc Guehi,Addji Keaninkin Marc-Israel Guehi,Defender,CRY,0.01,0.00
2444792,Kamada,Daichi Kamada,Midfielder,CRY,0.00,0.00
2444792,Mateta,Jean-Philippe Mateta,Forward,CRY,0.00,0.04
2444792,Ismaila Sarr,Ismaila Sarr,Midfielder,CRY,0.39,0.00
2444792,Eze,Eberechi Eze,Midfielder,CRY,0.05,0.04
2444792,Mitchell,Tyrick Mitchell,Defender,CRY,0.01,0.00
2444792,Muñoz,Daniel Muñoz,Defender,CRY,0.03,0.20
2444792,Richards (Chris),Chris Richards,Defender,CRY,0.49,0.00
2444792,Lacroix,Maxence Lacroix,Defender,CRY,0.00,0.00
2444792,Devenny,Justin Devenny,Midfielder,CRY,0.00,0.00
2444792,Wharton,Adam Wharton,Midfielder,CRY,0.05,0.02
2444793,Tarkowski,James Tarkowski,Defender,EVE,0.18,0.18
2444793,Gueye,Idrissa Gueye,Midfielder,EVE,0.02,0.00
2444793,Keane,Michael Keane,Defender,EVE,0.00,0.00
2444793,Pickford,Jordan Pickford,Goalkeeper,EVE,0.01,0.00
2444793,Doucouré,Abdoulaye Doucouré,Midfielder,EVE,0.02,0.15
2444793,Harrison (Jack),Jack Harrison,Midfielder,EVE,0.03,0.00
2444793,Mykolenko,Vitaliy Mykolenko,Defender,EVE,0.05,0.04
2444793,Garner,James Garner,Midfielder,EVE,0.13,0.00
2444793,McNeil,Dwight McNeil,Midfielder,EVE,0.00,0.00
2444793,Broja,Armando Broja,Forward,EVE,0.00,0.00
2444793,Ndiaye,Iliman Ndiaye,Forward,EVE,0.01,0.19
2444793,Branthwaite,Jarrad Branthwaite,Defender,EVE,0.00,0.33
2444793,Beto,Norberto Bercique Gomes Betuncal,Forward,EVE,0.03,0.03
2444793,Iroegbunam,Tim Iroegbunam,Midfielder,EVE,0.00,0.00
2444793,Alcaraz,Carlos Alcaraz,Midfielder,EVE,0.00,0.00
2444793,O'Brien (Jake),Jake O'Brien,Defender,EVE,0.00,0.00
2444793,Gundogan,Ilkay Gundogan,Midfielder,MCI,0.13,0.09
2444793,De Bruyne,Kevin De Bruyne,Midfielder,MCI,0.08,0.22
2444793,Ortega Moreno,Stefan Ortega Moreno,Goalkeeper,MCI,0.00,0.00
2444793,Kovacic,Mateo Kovacic,Midfielder,MCI,0.02,0.07
2444793,Bernardo Silva,Bernardo Mota Veiga de Carvalho e Silva,Midfielder,MCI,0.07,0.00
2444793,Rúben Dias,Rúben Santos Gato Alves Dias,Defender,MCI,0.02,0.00
2444793,Akanji,Manuel Akanji,Defender,MCI,0.00,0.00
2444793,Doku,Jéremy Doku,Midfielder,MCI,0.09,0.00
2444793,Omar Marmoush,Omar Khaled Mohamed Marmoush,Forward,MCI,0.07,0.63
2444793,Matheus Nunes,Matheus Luiz Nunes,Midfielder,MCI,0.55,0.02
2444793,González (Nico),Nico González,Midfielder,MCI,0.02,0.05
2444793,O’Reilly,Nico O’Reilly,Midfielder,MCI,0.02,0.86
2444793,Gvardiol,Joško Gvardiol,Defender,MCI,0.02,0.00
2444793,Savinho,Sávio Moreira de Oliveira,Midfielder,MCI,0.10,0.09
2444794,Tosin,Oluwatosin Adarabioyo,Defender,CHE,0.00,0.00
2444794,Cucurella,Marc Cucurella,Defender,CHE,0.03,0.05
2444794,Chalobah,Trevoh Chalobah,Defender,CHE,0.02,0.00
2444794,Sancho,Jadon Sancho,Midfielder,CHE,0.03,0.03
2444794,Sanchez,Robert Sanchez,Goalkeeper,CHE,0.00,0.00
2444794,James,Reece James,Defender,CHE,0.04,0.03
2444794,Palmer (Cole),Cole Palmer,Midfielder,CHE,0.02,0.08
2444794,Neto,Pedro Neto,Midfielder,CHE,0.10,0.29
2444794,Madueke,Noni Madueke,Midfielder,CHE,0.12,0.00
2444794,Fernández,Enzo Fernández,Midfielder,CHE,0.43,0.00
2444794,Colwill,Levi Colwill,Defender,CHE,0.00,0.29
2444794,Gusto,Malo Gusto,Defender,CHE,0.02,0.02
2444794,Moises Caicedo,Moises Caicedo,Midfielder,CHE,0.03,0.00
2444794,Jackson (Nicolas),Nicolas Jackson,Forward,CHE,0.18,0.05
2444794,George,Tyrique George,Midfielder,CHE,0.00,0.07
2444794,Cairney,Tom Cairney,Midfielder,FUL,0.00,0.00
2444794,Leno,Bernd Leno,Goalkeeper,FUL,0.00,0.00
2444794,Raúl Jiménez,Raul Alonso Jimenez Rodriguez,Forward,FUL,0.01,0.00
2444794,Iwobi,Alex Iwobi,Midfielder,FUL,0.01,0.04
2444794,Wilson (Harry),Harry Wilson,Midfielder,FUL,0.01,0.00
2444794,Pereira,Andreas Pereira,Midfielder,FUL,0.18,0.07
2444794,Traoré (Adama),Adama Traoré,Midfielder,FUL,0.01,0.00
2444794,Castagne,Timothy Castagne,Defender,FUL,0.00,0.00
2444794,Tete,Kenny Tete,Defender,FUL,0.00,0.14
2444794,Robinson (Antonee),Antonee Robinson,Defender,FUL,0.01,0.00
2444794,Andersen,Joachim Andersen,Defender,FUL,0.02,0.00
2444794,Sessegnon (Ryan),Kouassi Ryan Sessegnon,Defender,FUL,0.01,0.00
2444794,Berge,Sander Berge,Midfielder,FUL,0.02,0.00
2444794,Lukic,Sasa Lukic,Midfielder,FUL,0.01,0.00
2444794,Bassey,Calvin Bassey,Defender,FUL,0.01,0.00
2444794,Carlos Vinicius,Carlos Vinicius Alves Morais,Forward,FUL,0.00,0.00
2444795,Sterling,Raheem Sterling,Midfielder,ARS,0.06,0.00
2444795,Trossard,Leandro Trossard,Midfielder,ARS,0.26,0.38
2444795,Raya Martin,David Raya Martin,Goalkeeper,ARS,0.00,0.00
2444795,Odegaard,Martin Odegaard,Midfielder,ARS,0.48,0.09
2444795,Tierney,Kieran Tierney,Defender,ARS,0.00,0.00
2444795,Merino,Mikel Merino,Midfielder,ARS,0.04,0.44
2444795,White (Ben),Ben White,Defender,ARS,0.10,0.02
2444795,Rice,Declan Rice,Midfielder,ARS,0.16,0.00
2444795,Zinchenko,Oleksandr Zinchenko,Defender,ARS,0.11,0.10
2444795,Saka,Bukayo Saka,Midfielder,ARS,0.87,0.52
2444795,Kiwior,Jakub Kiwior,Defender,ARS,0.02,0.00
2444795,Martinelli,Gabriel Teodoro Martinelli Silva,Midfielder,ARS,0.02,0.67
2444795,Butler-Oyedeji,Nathan Butler-Oyedeji,Forward,ARS,0.00,0.07
2444795,Saliba,William Saliba,Defender,ARS,0.04,0.00
2444795,Lewis-Skelly,Myles Lewis-Skelly,Midfielder,ARS,0.02,0.08
2444795,Nwaneri,Ethan Nwaneri,Midfielder,ARS,0.06,0.16
2444795,Morsy,Sam Morsy,Midfielder,IPS,0.03,0.00
2444795,Luongo,Massimo Luongo,Midfielder,IPS,0.00,0.00
2444795,Palmer (Alex),Alex Palmer,Goalkeeper,IPS,0.00,0.00
2444795,Burgess,Cameron Burgess,Defender,IPS,0.03,0.00
2444795,Tuanzebe,Axel Tuanzebe,Defender,IPS,0.00,0.00
2444795,Chaplin,Conor Chaplin,Midfielder,IPS,0.00,0.00
2444795,O'Shea,Dara O'Shea,Defender,IPS,0.01,0.00
2444795,Johnson (Ben),Ben Johnson,Defender,IPS,0.00,0.00
2444795,Hirst,George Hirst,Forward,IPS,0.00,0.07
2444795,Taylor (Jack),Jack Taylor,Midfielder,IPS,0.03,0.08
2444795,Clarke (Jack),Jack Clarke,Midfielder,IPS,0.00,0.00
2444795,Greaves,Jacob Greaves,Defender,IPS,0.00,0.00
2444795,Cajuste,Jens Cajuste,Midfielder,IPS,0.00,0.00
2444795,Davis,Leif Davis,Defender,IPS,0.00,0.00
2444795,Delap,Liam Delap,Forward,IPS,0.00,0.00
2444795,Enciso,Julio Enciso,Midfielder,IPS,0.01,0.02
2444796,Coady,Conor Coady,Defender,LEI,0.00,0.00
2444796,DeCordova-Reid,Bobby DeCordova-Reid,Midfielder,LEI,0.00,0.00
2444796,Vardy,Jamie Vardy,Forward,LEI,0.00,0.00
2444796,Ricardo Pereira,Ricardo Domingos Barbosa Pereira,Defender,LEI,0.00,0.00
2444796,Mavididi,Stephy Mavididi,Midfielder,LEI,0.04,0.00
2444796,Ndidi,Onyinye Wilfred Ndidi,Midfielder,LEI,0.02,0.06
2444796,Skipp,Oliver Skipp,Midfielder,LEI,0.00,0.00
2444796,Faes,Wout Faes,Defender,LEI,0.01,0.00
2444796,Justin,James Justin,Defender,LEI,0.00,0.00
2444796,Soumaré,Boubakary Soumaré,Midfielder,LEI,0.00,0.00
2444796,Thomas,Luke Thomas,Defender,LEI,0.02,0.00
2444796,Daka,Patson Daka,Forward,LEI,0.01,0.00
2444796,Hermansen,Mads Hermansen,Goalkeeper,LEI,0.00,0.00
2444796,El Khannouss,Bilal El Khannouss,Midfielder,LEI,0.01,0.04
2444796,Buonanotte,Facundo Buonanotte,Midfielder,LEI,0.04,0.17
2444796,Monga,Jeremy Monga,Midfielder,LEI,0.00,0.00
2444796,van Dijk,Virgil van Dijk,Defender,LIV,0.04,0.21
2444796,Alisson,Alisson Ramses Becker,Goalkeeper,LIV,0.00,0.00
2444796,Salah,Mohamed Salah,Midfielder,LIV,0.06,1.09
2444796,Alexander-Arnold,Trent Alexander-Arnold,Defender,LIV,0.00,0.02
2444796,Diogo Jota,Diogo José Teixeira da Silva,Midfielder,LIV,0.00,0.46
2444796,Konaté,Ibrahima Konaté,Defender,LIV,0.01,0.04
2444796,Jones,Curtis Jones,Midfielder,LIV,0.00,0.00
2444796,Tsimikas,Konstantinos Tsimikas,Defender,LIV,0.54,0.27
2444796,Mac Allister,Alexis Mac Allister,Midfielder,LIV,0.22,0.00
2444796,Gakpo,Cody Gakpo,Forward,LIV,0.16,0.24
2444796,Díaz,Luis Díaz,Midfielder,LIV,0.37,0.13
2444796,Szoboszlai,Dominik Szoboszlai,Midfielder,LIV,0.23,0.04
2444796,Gravenberch,Ryan Gravenberch,Midfielder,LIV,0.05,0.05
2444796,Elliott,Harvey Elliott,Midfielder,LIV,0.01,0.05
2444796,Bradley,Conor Bradley,Defender,LIV,0.28,0.03
2444797,Eriksen,Christian Eriksen,Midfielder,MUN,0.37,0.07
2444797,Bruno Fernandes,Bruno Miguel Borges Fernandes,Midfielder,MUN,0.10,0.59
2444797,Mount,Mason Mount,Midfielder,MUN,0.06,0.51
2444797,Lindelof,Victor Nilsson-Lindelof,Defender,MUN,0.00,0.00
2444797,Onana,André Onana,Goalkeeper,MUN,0.00,0.00
2444797,Dalot,José Diogo Dalot Teixeira,Defender,MUN,0.03,0.00
2444797,Mazraoui,Noussair Mazraoui,Defender,MUN,0.04,0.00
2444797,Ugarte,Manuel Ugarte,Midfielder,MUN,0.01,0.00
2444797,Garnacho,Alejandro Garnacho Ferreyra,Midfielder,MUN,0.41,0.02
2444797,Højlund,Rasmus Højlund,Forward,MUN,0.01,0.07
2444797,Mainoo,Kobbie Mainoo,Midfielder,MUN,0.01,0.02
2444797,Fredricson,Tyler Fredricson,Defender,MUN,0.02,0.00
2444797,Yoro,Leny Yoro,Defender,MUN,0.01,0.00
2444797,Amass,Harry Amass,Defender,MUN,0.04,0.00
2444797,Obi-Martin,Chido Obi-Martin,Forward,MUN,0.02,0.00
2444797,Dorgu,Patrick Dorgu,Defender,MUN,0.01,0.03
2444797,Bentley,Daniel Bentley,Goalkeeper,WOL,0.00,0.00
2444797,Doherty,Matt Doherty,Defender,WOL,0.00,0.00
2444797,Sarabia,Pablo Sarabia,Midfielder,WOL,0.00,0.09
2444797,Semedo,Nelson Semedo,Defender,WOL,0.02,0.02
2444797,Bueno (Santiago),Santiago Bueno,Defender,WOL,0.02,0.00
2444797,Strand Larsen,Jørgen Strand Larsen,Forward,WOL,0.01,0.11
2444797,Matheus Cunha,Matheus Santos Carneiro Da Cunha,Forward,WOL,0.11,0.03
2444797,Munetsi,Marshall Munetsi,Midfielder,WOL,0.04,0.00
2444797,João Gomes,João Victor Gomes da Silva,Midfielder,WOL,0.03,0.00
2444797,Ait Nouri,Rayan Ait Nouri,Defender,WOL,0.00,0.00
2444797,Rodrigo Gomes,Rodrigo Martins Gomes,Midfielder,WOL,0.01,0.00
2444797,André,André Trindade da Costa Neto,Midfielder,WOL,0.02,0.00
2444797,Toti,Toti António Gomes,Defender,WOL,0.00,0.00
2444797,Agbadou,Emmanuel Agbadou,Defender,WOL,0.01,0.00
2444797,Djiga,Nasser Yacouba Djiga,Defender,WOL,0.00,0.00
2444798,Wood (Chris),Chris Wood,Forward,NFO,0.24,0.12
2444798,Sels,Matz Sels,Goalkeeper,NFO,0.00,0.00
2444798,Toffolo,Harry Toffolo,Defender,NFO,0.00,0.00
2444798,Yates,Ryan Yates,Midfielder,NFO,0.00,0.00
2444798,Hudson-Odoi,Callum Hudson-Odoi,Midfielder,NFO,0.02,0.00
2444798,Awoniyi,Taiwo Awoniyi,Forward,NFO,0.00,0.00
2444798,Williams (Neco),Neco Williams,Defender,NFO,0.00,0.00
2444798,Anderson,Elliot Anderson,Midfielder,NFO,0.01,0.03
2444798,Gibbs-White,Morgan Gibbs-White,Midfielder,NFO,0.00,0.33
2444798,Milenkovic,Nikola Milenkovic,Defender,NFO,0.01,0.00
2444798,Nicolás Domínguez,Nicolás Domínguez,Midfielder,NFO,0.00,0.00
2444798,Elanga,Anthony Elanga,Midfielder,NFO,0.08,0.00
2444798,Morato,Felipe Rodrigues da Silva,Defender,NFO,0.00,0.00
2444798,Sosa,Ramón Sosa,Midfielder,NFO,0.00,0.00
2444798,Danilo,Danilo dos Santos de Oliveira,Midfielder,NFO,0.00,0.00
2444798,Murillo,Murillo Santiago Costa dos Santos,Defender,NFO,0.00,0.00
2444798,Davies (Ben),Ben Davies,Defender,TOT,0.17,0.01
2444798,Danso,Kevin Danso,Defender,TOT,0.06,0.02
2444798,Solanke,Dominic Solanke,Forward,TOT,0.00,0.00
2444798,Vicario,Guglielmo Vicario,Goalkeeper,TOT,0.00,0.00
2444798,Bentancur,Rodrigo Bentancur,Midfielder,TOT,0.06,0.00
2444798,Richarlison,Richarlison de Andrade,Forward,TOT,0.00,1.46
2444798,Romero,Cristian Romero,Defender,TOT,0.02,0.10
2444798,Spence,Djed Spence,Defender,TOT,0.02,0.07
2444798,Johnson (Brennan),Brennan Johnson,Midfielder,TOT,0.01,0.00
2444798,Porro,Pedro Porro,Defender,TOT,0.35,0.03
2444798,Kulusevski,Dejan Kulusevski,Midfielder,TOT,0.02,0.08
2444798,Sarr (Pape),Pape Sarr,Midfielder,TOT,0.04,0.08
2444798,van de Ven,Micky van de Ven,Defender,TOT,0.01,0.00
2444798,Tel,Mathys Tel,Midfielder,TOT,0.42,0.27
2444798,Odobert,Wilson Odobert,Midfielder,TOT,0.47,0.02
2444798,Bergvall,Lucas Bergvall,Midfielder,TOT,0.01,0.00
2444799,Stephens,Jack Stephens,Defender,SOU,0.04,0.04
2444799,Paul Onuachu,Ebere Paul Onuachu,Forward,SOU,0.01,0.05
2444799,Walker-Peters,Kyle Walker-Peters,Defender,SOU,0.02,0.09
2444799,Bednarek,Jan Bednarek,Defender,SOU,0.03,0.00
2444799,Manning,Ryan Manning,Defender,SOU,0.08,0.05
2444799,Downes,Flynn Downes,Midfielder,SOU,0.05,0.02
2444799,Ramsdale,Aaron Ramsdale,Goalkeeper,SOU,0.01,0.00
2444799,Stewart,Ross Stewart,Forward,SOU,0.00,0.00
2444799,Harwood-Bellis,Taylor Harwood-Bellis,Defender,SOU,0.06,0.00
2444799,Archer,Cameron Archer,Forward,SOU,0.02,0.00
2444799,Dibling,Tyler Dibling,Midfielder,SOU,0.01,0.14
2444799,Welington,Welington Damascena Santos,Defender,SOU,0.00,0.03
2444799,Ugochukwu,Lesley Ugochukwu,Midfielder,SOU,0.02,0.07
2444799,Sulemana,Kamaldeen Sulemana,Midfielder,SOU,0.04,0.16
2444799,Mateus Fernandes,Mateus Gonçalo Espanha Fernandes,Midfielder,SOU,0.12,0.00
2444799,Areola,Alphonse Areola,Goalkeeper,WHU,0.00,0.00
2444799,Füllkrug,Niclas Füllkrug,Forward,WHU,0.07,0.11
2444799,Ward-Prowse,James Ward-Prowse,Midfielder,WHU,0.03,0.10
2444799,Emerson,Emerson Palmieri dos Santos,Defender,WHU,0.03,0.11
2444799,Coufal,Vladimir Coufal,Defender,WHU,0.01,0.00
2444799,Bowen,Jarrod Bowen,Midfielder,WHU,0.04,0.16
2444799,Kilman,Max Kilman,Defender,WHU,0.01,0.00
2444799,Soucek,Tomas Soucek,Midfielder,WHU,0.00,0.00
2444799,Lucas Paquetá,Lucas Tolentino Coelho de Lima,Midfielder,WHU,0.42,0.08
2444799,Soler (Carlos),Carlos Soler,Midfielder,WHU,0.02,0.03
2444799,Mavropanos,Konstantinos Mavropanos,Defender,WHU,0.00,0.00
2444799,Kudus,Mohammed Kudus,Midfielder,WHU,0.20,0.17
2444799,Todibo,Jean-Clair Todibo,Defender,WHU,0.00,0.00
2444799,Ferguson,Evan Ferguson,Forward,WHU,0.00,0.00
2444799,Scarles,Oliver Scarles,Defender,WHU,0.00,0.00
2444799,Luis Guilherme,Luis Guilherme Lira dos Santos,Midfielder,WHU,0.00,0.15
2444800,Smith,Adam Smith,Defender,BOU,0.14,0.00
2444800,Kepa,Kepa Arrizabalaga Revuelta,Goalkeeper,BOU,0.01,0.00
2444800,Cook,Lewis Cook,Midfielder,BOU,0.00,0.00
2444800,Adams (Tyler),Tyler Adams,Midfielder,BOU,0.15,0.00
2444800,Tavernier,Marcus Tavernier,Midfielder,BOU,0.00,0.00
2444800,Senesi,Marcos Senesi,Defender,BOU,0.00,0.00
2444800,Kluivert,Justin Kluivert,Midfielder,BOU,0.07,0.03
2444800,Semenyo,Antoine Semenyo,Midfielder,BOU,0.01,0.18
2444800,Evanilson,Francisco Evanilson de Lima Barbosa,Forward,BOU,0.17,0.00
2444800,Zabarnyi,Illia Zabarnyi,Defender,BOU,0.00,0.09
2444800,Scott,Alex Scott,Midfielder,BOU,0.02,0.00
2444800,Jebbison,Daniel Jebbison,Forward,BOU,0.00,0.00
2444800,Dango Ouattara,Dango Ouattara,Midfielder,BOU,0.04,0.23
2444800,Kerkez,Milos Kerkez,Defender,BOU,0.12,0.00
2444800,Huijsen,Dean Huijsen,Defender,BOU,0.01,0.00
2444800,Casemiro,Carlos Henrique Jose Francisco Venancio,Midfielder,MUN,0.01,0.22
2444800,Eriksen,Christian Eriksen,Midfielder,MUN,0.01,0.04
2444800,Maguire,Harry Maguire,Defender,MUN,0.01,0.05
2444800,Shaw,Luke Shaw,Defender,MUN,0.59,0.03
2444800,Bruno Fernandes,Bruno Miguel Borges Fernandes,Midfielder,MUN,0.52,0.05
2444800,Mount,Mason Mount,Midfielder,MUN,0.04,0.24
2444800,Lindelof,Victor Nilsson-Lindelof,Defender,MUN,0.00,0.00
2444800,Onana,André Onana,Goalkeeper,MUN,0.00,0.00
2444800,Mazraoui,Noussair Mazraoui,Defender,MUN,0.02,0.07
2444800,Ugarte,Manuel Ugarte,Midfielder,MUN,0.03,0.15
2444800,Garnacho,Alejandro Garnacho Ferreyra,Midfielder,MUN,0.08,0.87
2444800,Højlund,Rasmus Højlund,Forward,MUN,0.01,0.48
2444800,Mainoo,Kobbie Mainoo,Midfielder,MUN,0.01,0.05
2444800,Yoro,Leny Yoro,Defender,MUN,0.02,0.00
2444800,Obi-Martin,Chido Obi-Martin,Forward,MUN,0.00,0.27
2444800,Dorgu,Patrick Dorgu,Defender,MUN,0.02,0.00
2444801,Sterling,Raheem Sterling,Midfielder,ARS,0.02,0.00
2444801,Trossard,Leandro Trossard,Midfielder,ARS,0.02,0.68
2444801,Raya Martin,David Raya Martin,Goalkeeper,ARS,0.00,0.00
2444801,Partey,Thomas Partey,Midfielder,ARS,0.02,0.00
2444801,Odegaard,Martin Odegaard,Midfielder,ARS,0.20,0.12
2444801,Tierney,Kieran Tierney,Defender,ARS,0.01,0.00
2444801,Rice,Declan Rice,Midfielder,ARS,0.07,0.10
2444801,Saka,Bukayo Saka,Midfielder,ARS,0.02,0.11
2444801,Kiwior,Jakub Kiwior,Defender,ARS,0.07,0.04
2444801,Martinelli,Gabriel Teodoro Martinelli Silva,Midfielder,ARS,0.21,0.07
2444801,Jurriën Timber,Jurriën Timber,Defender,ARS,0.07,0.00
2444801,Saliba,William Saliba,Defender,ARS,0.02,0.13
2444801,Lewis-Skelly,Myles Lewis-Skelly,Midfielder,ARS,0.04,0.00
2444801,Nwaneri,Ethan Nwaneri,Midfielder,ARS,0.01,0.00
2444801,Hughes,Will Hughes,Midfielder,CRY,0.00,0.00
2444801,Lerma,Jefferson Lerma,Midfielder,CRY,0.04,0.00
2444801,Henderson,Dean Henderson,Goalkeeper,CRY,0.00,0.00
2444801,Eddie Nketiah,Edward Nketiah,Forward,CRY,0.00,0.61
2444801,Marc Guehi,Addji Keaninkin Marc-Israel Guehi,Defender,CRY,0.01,0.18
2444801,Kamada,Daichi Kamada,Midfielder,CRY,0.05,0.06
2444801,Mateta,Jean-Philippe Mateta,Forward,CRY,0.07,0.07
2444801,Ismaila Sarr,Ismaila Sarr,Midfielder,CRY,0.10,0.41
2444801,Eze,Eberechi Eze,Midfielder,CRY,0.34,0.29
2444801,Mitchell,Tyrick Mitchell,Defender,CRY,0.04,0.00
2444801,Muñoz,Daniel Muñoz,Defender,CRY,0.53,0.00
2444801,Lacroix,Maxence Lacroix,Defender,CRY,0.00,0.00
2444801,Devenny,Justin Devenny,Midfielder,CRY,0.01,0.14
2444801,Wharton,Adam Wharton,Midfielder,CRY,0.23,0.05
2444801,Esse,Romain Esse,Midfielder,CRY,0.00,0.00
2444802,Welbeck,Danny Welbeck,Forward,BHA,0.03,0.08
2444802,Dunk,Lewis Dunk,Defender,BHA,0.01,0.12
2444802,March,Solomon March,Midfielder,BHA,0.02,0.02
2444802,Estupiñán,Pervis Estupiñán,Defender,BHA,0.04,0.19
2444802,O’Riley,Matt O’Riley,Midfielder,BHA,0.18,0.04
2444802,Mitoma,Kaoru Mitoma,Midfielder,BHA,0.00,0.52
2444802,Wieffer,Mats Wieffer,Midfielder,BHA,0.07,0.21
2444802,Verbruggen,Bart Verbruggen,Goalkeeper,BHA,0.00,0.00
2444802,Ayari,Yasin Ayari,Midfielder,BHA,0.05,0.04
2444802,Gruda,Brajan Gruda,Midfielder,BHA,0.30,0.00
2444802,Gómez (Diego),Diego Gómez,Midfielder,BHA,0.03,0.00
2444802,Hinshelwood,Jack Hinshelwood,Midfielder,BHA,0.08,0.03
2444802,Baleba,Carlos Baleba,Midfielder,BHA,0.01,0.02
2444802,Adingra,Simon Adingra,Midfielder,BHA,0.03,0.03
2444802,Minteh,Yankuba Minteh,Midfielder,BHA,0.02,0.00
2444802,Areola,Alphonse Areola,Goalkeeper,WHU,0.00,0.00
2444802,Füllkrug,Niclas Füllkrug,Forward,WHU,0.00,0.00
2444802,Ward-Prowse,James Ward-Prowse,Midfielder,WHU,0.03,0.04
2444802,Emerson,Emerson Palmieri dos Santos,Defender,WHU,0.01,0.00
2444802,Coufal,Vladimir Coufal,Defender,WHU,0.01,0.00
2444802,Bowen,Jarrod Bowen,Midfielder,WHU,0.86,0.08
2444802,Kilman,Max Kilman,Defender,WHU,0.12,0.00
2444802,Wan-Bissaka,Aaron Wan-Bissaka,Defender,WHU,0.06,0.14
2444802,Soucek,Tomas Soucek,Midfielder,WHU,0.01,0.64
2444802,Lucas Paquetá,Lucas Tolentino Coelho de Lima,Midfielder,WHU,0.06,0.02
2444802,Mavropanos,Konstantinos Mavropanos,Defender,WHU,0.01,0.05
2444802,Kudus,Mohammed Kudus,Midfielder,WHU,0.03,0.30
2444802,Todibo,Jean-Clair Todibo,Defender,WHU,0.01,0.00
2444803,Cucurella,Marc Cucurella,Defender,CHE,0.02,0.38
2444803,Chalobah,Trevoh Chalobah,Defender,CHE,0.01,0.00
2444803,Sancho,Jadon Sancho,Midfielder,CHE,0.00,0.00
2444803,Sanchez,Robert Sanchez,Goalkeeper,CHE,0.00,0.00
2444803,Dewsbury-Hall,Kiernan Dewsbury-Hall,Midfielder,CHE,0.00,0.00
2444803,James,Reece James,Defender,CHE,0.00,0.00
2444803,Palmer (Cole),Cole Palmer,Midfielder,CHE,0.08,0.00
2444803,Neto,Pedro Neto,Midfielder,CHE,0.05,0.00
2444803,Madueke,Noni Madueke,Midfielder,CHE,0.01,0.33
2444803,Fernández,Enzo Fernández,Midfielder,CHE,0.02,0.06
2444803,Colwill,Levi Colwill,Defender,CHE,0.01,0.00
2444803,Moises Caicedo,Moises Caicedo,Midfielder,CHE,0.03,0.03
2444803,Lavia,Romeo Lavia,Midfielder,CHE,0.02,0.00
2444803,Jackson (Nicolas),Nicolas Jackson,Forward,CHE,0.02,0.09
2444803,George,Tyrique George,Midfielder,CHE,0.00,0.00
2444803,Young (Ashley),Ashley Young,Defender,EVE,0.01,0.00
2444803,Gueye,Idrissa Gueye,Midfielder,EVE,0.00,0.04
2444803,Pickford,Jordan Pickford,Goalkeeper,EVE,0.00,0.00
2444803,Doucouré,Abdoulaye Doucouré,Midfielder,EVE,0.01,0.16
2444803,Harrison (Jack),Jack Harrison,Midfielder,EVE,0.01,0.00
2444803,Mykolenko,Vitaliy Mykolenko,Defender,EVE,0.13,0.00
2444803,Garner,James Garner,Midfielder,EVE,0.01,0.00
2444803,Patterson (Nathan),Nathan Patterson,Defender,EVE,0.00,0.00
2444803,McNeil,Dwight McNeil,Midfielder,EVE,0.01,0.15
2444803,Ndiaye,Iliman Ndiaye,Forward,EVE,0.01,0.00
2444803,Branthwaite,Jarrad Branthwaite,Defender,EVE,0.01,0.00
2444803,Beto,Norberto Bercique Gomes Betuncal,Forward,EVE,0.00,0.03
2444803,Youssef Chermiti,Youssef Ramalho Chermiti,Forward,EVE,0.00,0.04
2444803,Alcaraz,Carlos Alcaraz,Midfielder,EVE,0.06,0.03
2444803,O'Brien (Jake),Jake O'Brien,Defender,EVE,0.00,0.00
2444804,van Dijk,Virgil van Dijk,Defender,LIV,0.06,0.02
2444804,Alisson,Alisson Ramses Becker,Goalkeeper,LIV,0.00,0.00
2444804,Salah,Mohamed Salah,Midfielder,LIV,0.33,0.21
2444804,Robertson,Andrew Robertson,Defender,LIV,0.04,0.06
2444804,Endo,Wataru Endo,Midfielder,LIV,0.00,0.00
2444804,Alexander-Arnold,Trent Alexander-Arnold,Defender,LIV,0.01,0.17
2444804,Diogo Jota,Diogo José Teixeira da Silva,Midfielder,LIV,0.00,0.06
2444804,Konaté,Ibrahima Konaté,Defender,LIV,0.02,0.04
2444804,Jones,Curtis Jones,Midfielder,LIV,0.01,0.04
2444804,Mac Allister,Alexis Mac Allister,Midfielder,LIV,0.63,0.15
2444804,Gakpo,Cody Gakpo,Forward,LIV,0.02,0.18
2444804,Díaz,Luis Díaz,Midfielder,LIV,0.01,0.76
2444804,Szoboszlai,Dominik Szoboszlai,Midfielder,LIV,0.64,0.28
2444804,Gravenberch,Ryan Gravenberch,Midfielder,LIV,0.02,0.02
2444804,Elliott,Harvey Elliott,Midfielder,LIV,0.14,0.27
2444804,Núñez,Darwin Núñez,Forward,LIV,0.02,0.02
2444804,Davies (Ben),Ben Davies,Defender,TOT,0.00,0.00
2444804,Danso,Kevin Danso,Defender,TOT,0.00,0.03
2444804,Solanke,Dominic Solanke,Forward,TOT,0.00,0.26
2444804,Maddison,James Maddison,Midfielder,TOT,0.09,0.00
2444804,Vicario,Guglielmo Vicario,Goalkeeper,TOT,0.00,0.00
2444804,Richarlison,Richarlison de Andrade,Forward,TOT,0.02,0.00
2444804,Spence,Djed Spence,Defender,TOT,0.03,0.02
2444804,Johnson (Brennan),Brennan Johnson,Midfielder,TOT,0.01,0.00
2444804,Kulusevski,Dejan Kulusevski,Midfielder,TOT,0.00,0.02
2444804,Sarr (Pape),Pape Sarr,Midfielder,TOT,0.01,0.04
2444804,Destiny Udogie,Iyenoma Destiny Udogie,Defender,TOT,0.06,0.00
2444804,Tel,Mathys Tel,Midfielder,TOT,0.11,0.08
2444804,Gray (Archie),Archie Gray,Midfielder,TOT,0.00,0.00
2444804,Odobert,Wilson Odobert,Midfielder,TOT,0.01,0.00
2444804,Bergvall,Lucas Bergvall,Midfielder,TOT,0.00,0.00
2444805,Martinez,Emiliano Martinez,Goalkeeper,AVL,0.00,0.00
2444805,Digne,Lucas Digne,Defender,AVL,0.17,0.00
2444805,McGinn,John McGinn,Midfielder,AVL,0.00,0.00
2444805,Tielemans,Youri Tielemans,Midfielder,AVL,0.01,0.00
2444805,Asensio,Marco Asensio,Midfielder,AVL,0.00,0.00
2444805,Rashford,Marcus Rashford,Midfielder,AVL,0.05,1.49
2444805,Watkins,Ollie Watkins,Forward,AVL,0.01,0.00
2444805,Cash,Matthew Cash,Defender,AVL,0.00,0.00
2444805,Konsa Ngoyo,Ezri Konsa Ngoyo,Defender,AVL,0.00,0.07
2444805,Malen,Donyell Malen,Midfielder,AVL,0.00,0.03
2444805,Disasi,Axel Disasi,Defender,AVL,0.00,0.00
2444805,Kamara,Boubacar Kamara,Midfielder,AVL,0.01,0.00
2444805,Ramsey (Jacob),Jacob Ramsey,Midfielder,AVL,0.01,0.00
2444805,Rogers,Morgan Rogers,Midfielder,AVL,0.11,0.00
2444805,Torres,Pau Torres,Defender,AVL,0.01,0.00
2444805,Mvom Onana,Amadou Mvom Onana,Midfielder,AVL,0.09,0.17
2444805,Gundogan,Ilkay Gundogan,Midfielder,MCI,0.02,0.00
2444805,De Bruyne,Kevin De Bruyne,Midfielder,MCI,0.52,0.08
2444805,Ortega Moreno,Stefan Ortega Moreno,Goalkeeper,MCI,0.00,0.00
2444805,Kovacic,Mateo Kovacic,Midfielder,MCI,0.05,0.03
2444805,Bernardo Silva,Bernardo Mota Veiga de Carvalho e Silva,Midfielder,MCI,0.10,0.21
2444805,Rúben Dias,Rúben Santos Gato Alves Dias,Defender,MCI,0.03,0.14
2444805,Akanji,Manuel Akanji,Defender,MCI,0.00,0.00
2444805,Doku,Jéremy Doku,Midfielder,MCI,0.16,0.00
2444805,Mcatee,James Mcatee,Midfielder,MCI,0.01,0.06
2444805,Omar Marmoush,Omar Khaled Mohamed Marmoush,Forward,MCI,0.16,0.27
2444805,Matheus Nunes,Matheus Luiz Nunes,Midfielder,MCI,0.03,0.36
2444805,O’Reilly,Nico O’Reilly,Midfielder,MCI,0.33,0.03
2444805,Gvardiol,Joško Gvardiol,Defender,MCI,0.02,0.14
2444806,Morsy,Sam Morsy,Midfielder,IPS,0.01,0.00
2444806,Luongo,Massimo Luongo,Midfielder,IPS,0.00,0.00
2444806,Palmer (Alex),Alex Palmer,Goalkeeper,IPS,0.00,0.00
2444806,Burgess,Cameron Burgess,Defender,IPS,0.00,0.00
2444806,Chaplin,Conor Chaplin,Midfielder,IPS,0.00,0.00
2444806,Godfrey,Ben Godfrey,Defender,IPS,0.00,0.00
2444806,O'Shea,Dara O'Shea,Defender,IPS,0.00,0.00
2444806,Woolfenden,Luke Woolfenden,Defender,IPS,0.00,0.00
2444806,Johnson (Ben),Ben Johnson,Defender,IPS,0.01,0.00
2444806,Hirst,George Hirst,Forward,IPS,0.00,0.00
2444806,Taylor (Jack),Jack Taylor,Midfielder,IPS,0.00,0.00
2444806,Clarke (Jack),Jack Clarke,Midfielder,IPS,0.00,0.00
2444806,Greaves,Jacob Greaves,Defender,IPS,0.01,0.00
2444806,Delap,Liam Delap,Forward,IPS,0.00,0.08
2444806,Enciso,Julio Enciso,Midfielder,IPS,0.01,0.02
2444806,Wilson (Callum),Callum Wilson,Forward,NEW,0.02,0.00
2444806,Trippier,Kieran Trippier,Defender,NEW,0.51,0.00
2444806,Burn,Dan Burn,Defender,NEW,0.02,0.40
2444806,Pope,Nick Pope,Goalkeeper,NEW,0.00,0.00
2444806,Murphy (Jacob),Jacob Murphy,Midfielder,NEW,0.24,0.07
2444806,Schär,Fabian Schär,Defender,NEW,0.03,0.02
2444806,Willock,Joseph Willock,Midfielder,NEW,0.11,0.25
2444806,Barnes,Harvey Barnes,Midfielder,NEW,0.21,0.14
2444806,Bruno Guimarães,Bruno Guimarães Rodriguez Moura,Midfielder,NEW,0.22,0.28
2444806,Isak,Alexander Isak,Forward,NEW,0.07,1.46
2444806,Botman,Sven Botman,Defender,NEW,0.00,0.00
2444806,Gordon (Anthony),Anthony Gordon,Midfielder,NEW,0.07,0.06
2444806,Tonali,Sandro Tonali,Midfielder,NEW,0.54,0.10
2444806,Livramento,Valentino Livramento,Defender,NEW,0.05,0.00
2444806,Osula,William Osula,Forward,NEW,0.01,0.08
2444806,Miley (Lewis),Lewis Miley,Midfielder,NEW,0.19,0.00
2444807,Flekken,Mark Flekken,Goalkeeper,BRE,0.00,0.00
2444807,Norgaard,Christian Norgaard,Midfielder,BRE,0.01,0.07
2444807,Ajer,Kristoffer Ajer,Defender,BRE,0.00,0.00
2444807,Henry,Rico Henry,Defender,BRE,0.00,0.00
2444807,Jensen,Mathias Jensen,Midfielder,BRE,0.00,0.00
2444807,Wissa,Yoane Wissa,Forward,BRE,0.00,0.42
2444807,Lewis-Potter,Keane Lewis-Potter,Midfielder,BRE,0.00,0.00
2444807,Collins,Nathan Collins,Defender,BRE,0.22,0.03
2444807,Damsgaard,Mikkel Damsgaard,Midfielder,BRE,0.32,0.03
2444807,van den Berg,Sepp van den Berg,Defender,BRE,0.00,0.22
2444807,Mbeumo,Bryan Mbeumo,Midfielder,BRE,0.19,0.20
2444807,Yarmolyuk,Ehor Yarmolyuk,Midfielder,BRE,0.05,0.00
2444807,Schade,Kevin Schade,Midfielder,BRE,0.07,0.25
2444807,Kayode,Michael Kayode,Defender,BRE,0.03,0.08
2444807,Konak,Yunus Konak,Midfielder,BRE,0.00,0.00
2444807,Wood (Chris),Chris Wood,Forward,NFO,0.01,0.29
2444807,Sels,Matz Sels,Goalkeeper,NFO,0.00,0.00
2444807,Aina,Ola Aina,Defender,NFO,0.32,0.00
2444807,Yates,Ryan Yates,Midfielder,NFO,0.01,0.02
2444807,Hudson-Odoi,Callum Hudson-Odoi,Midfielder,NFO,0.02,0.00
2444807,Awoniyi,Taiwo Awoniyi,Forward,NFO,0.00,0.00
2444807,Sangaré,Ibrahim Sangaré,Midfielder,NFO,0.01,0.00
2444807,Williams (Neco),Neco Williams,Defender,NFO,0.04,0.02
2444807,Anderson,Elliot Anderson,Midfielder,NFO,0.05,0.04
2444807,Gibbs-White,Morgan Gibbs-White,Midfielder,NFO,0.03,0.08
2444807,Milenkovic,Nikola Milenkovic,Defender,NFO,0.00,0.00
2444807,Nicolás Domínguez,Nicolás Domínguez,Midfielder,NFO,0.04,0.00
2444807,Elanga,Anthony Elanga,Midfielder,NFO,0.24,0.10
2444807,Sosa,Ramón Sosa,Midfielder,NFO,0.00,0.07
2444807,Jota Silva,João Pedro Ferreira da Silva,Midfielder,NFO,0.00,0.15
2444807,Murillo,Murillo Santiago Costa dos Santos,Defender,NFO,0.04,0.13
2444808,Willian,Willian Borges Da Silva,Midfielder,FUL,0.37,0.15
2444808,Cairney,Tom Cairney,Midfielder,FUL,0.12,0.00
2444808,Leno,Bernd Leno,Goalkeeper,FUL,0.00,0.00
2444808,Raúl Jiménez,Raul Alonso Jimenez Rodriguez,Forward,FUL,0.05,0.72
2444808,Iwobi,Alex Iwobi,Midfielder,FUL,0.21,0.22
2444808,Wilson (Harry),Harry Wilson,Midfielder,FUL,0.14,0.01
2444808,Pereira,Andreas Pereira,Midfielder,FUL,0.15,0.06
2444808,Traoré (Adama),Adama Traoré,Midfielder,FUL,0.37,0.04
2444808,Tete,Kenny Tete,Defender,FUL,0.11,0.07
2444808,Andersen,Joachim Andersen,Defender,FUL,0.09,0.44
2444808,Sessegnon (Ryan),Kouassi Ryan Sessegnon,Defender,FUL,0.21,0.34
2444808,Berge,Sander Berge,Midfielder,FUL,0.03,0.00
2444808,Smith-Rowe,Emile Smith-Rowe,Midfielder,FUL,0.02,0.28
2444808,Lukic,Sasa Lukic,Midfielder,FUL,0.02,0.06
2444808,Bassey,Calvin Bassey,Defender,FUL,0.02,0.03
2444808,Carlos Vinicius,Carlos Vinicius Alves Morais,Forward,FUL,0.00,0.00
2444808,Stephens,Jack Stephens,Defender,SOU,0.00,0.26
2444808,Walker-Peters,Kyle Walker-Peters,Defender,SOU,0.01,0.16
2444808,Bednarek,Jan Bednarek,Defender,SOU,0.00,0.00
2444808,Bree,James Bree,Defender,SOU,0.00,0.00
2444808,Manning,Ryan Manning,Defender,SOU,0.18,0.00
2444808,Downes,Flynn Downes,Midfielder,SOU,0.04,0.00
2444808,Ramsdale,Aaron Ramsdale,Goalkeeper,SOU,0.00,0.00
2444808,Stewart,Ross Stewart,Forward,SOU,0.00,0.08
2444808,Harwood-Bellis,Taylor Harwood-Bellis,Defender,SOU,0.01,0.00
2444808,Archer,Cameron Archer,Forward,SOU,0.00,0.00
2444808,Dibling,Tyler Dibling,Midfielder,SOU,0.00,0.00
2444808,Ugochukwu,Lesley Ugochukwu,Midfielder,SOU,0.01,0.00
2444808,Sulemana,Kamaldeen Sulemana,Midfielder,SOU,0.01,0.11
2444808,Mateus Fernandes,Mateus Gonçalo Espanha Fernandes,Midfielder,SOU,0.01,0.02
2444809,Ayew,Jordan Ayew,Midfielder,LEI,0.11,0.05
2444809,Coady,Conor Coady,Defender,LEI,0.00,0.11
2444809,DeCordova-Reid,Bobby DeCordova-Reid,Midfielder,LEI,0.00,0.04
2444809,Vardy,Jamie Vardy,Forward,LEI,0.00,0.82
2444809,Ricardo Pereira,Ricardo Domingos Barbosa Pereira,Defender,LEI,0.00,0.00
2444809,Ndidi,Onyinye Wilfred Ndidi,Midfielder,LEI,0.05,0.00
2444809,Skipp,Oliver Skipp,Midfielder,LEI,0.01,0.03
2444809,Faes,Wout Faes,Defender,LEI,0.01,0.00
2444809,Justin,James Justin,Defender,LEI,0.01,0.00
2444809,Soumaré,Boubakary Soumaré,Midfielder,LEI,0.00,0.00
2444809,Thomas,Luke Thomas,Defender,LEI,0.01,0.00
2444809,McAteer,Kasey McAteer,Midfielder,LEI,0.02,0.00
2444809,Hermansen,Mads Hermansen,Goalkeeper,LEI,0.00,0.00
2444809,El Khannouss,Bilal El Khannouss,Midfielder,LEI,0.41,0.04
2444809,Buonanotte,Facundo Buonanotte,Midfielder,LEI,0.01,0.06
2444809,Monga,Jeremy Monga,Midfielder,LEI,0.00,0.00
2444809,Doherty,Matt Doherty,Defender,WOL,0.01,0.00
2444809,Sarabia,Pablo Sarabia,Midfielder,WOL,0.01,0.10
2444809,José Sá,José Pedro Malheiro de Sá,Goalkeeper,WOL,0.00,0.00
2444809,Gonçalo Guedes,Gonçalo Manuel Ganchinho Guedes,Midfielder,WOL,0.00,0.08
2444809,Semedo,Nelson Semedo,Defender,WOL,0.08,0.00
2444809,Bellegarde,Jean-Ricner Bellegarde,Midfielder,WOL,0.00,0.00
2444809,Bueno (Santiago),Santiago Bueno,Defender,WOL,0.00,0.00
2444809,Strand Larsen,Jørgen Strand Larsen,Forward,WOL,0.02,0.76
2444809,Matheus Cunha,Matheus Santos Carneiro Da Cunha,Forward,WOL,0.21,0.56
2444809,Munetsi,Marshall Munetsi,Midfielder,WOL,0.86,0.00
2444809,João Gomes,João Victor Gomes da Silva,Midfielder,WOL,0.03,0.13
2444809,Ait Nouri,Rayan Ait Nouri,Defender,WOL,0.22,0.09
2444809,Carlos Borges,Carlos Roberto Forbs Borges,Midfielder,WOL,0.00,0.00
2444809,Rodrigo Gomes,Rodrigo Martins Gomes,Midfielder,WOL,0.00,0.21
2444809,André,André Trindade da Costa Neto,Midfielder,WOL,0.02,0.08
2444809,Toti,Toti António Gomes,Defender,WOL,0.00,0.00
2444809,Agbadou,Emmanuel Agbadou,Defender,WOL,0.19,0.01
2444810,Sterling,Raheem Sterling,Midfielder,ARS,0.01,0.00
2444810,Trossard,Leandro Trossard,Midfielder,ARS,0.18,0.15
2444810,Raya Martin,David Raya Martin,Goalkeeper,ARS,0.01,0.00
2444810,Partey,Thomas Partey,Midfielder,ARS,0.14,0.00
2444810,Odegaard,Martin Odegaard,Midfielder,ARS,0.18,0.12
2444810,Merino,Mikel Merino,Midfielder,ARS,0.01,0.00
2444810,White (Ben),Ben White,Defender,ARS,0.01,0.00
2444810,Rice,Declan Rice,Midfielder,ARS,0.08,0.59
2444810,Zinchenko,Oleksandr Zinchenko,Defender,ARS,0.01,0.00
2444810,Saka,Bukayo Saka,Midfielder,ARS,0.06,0.48
2444810,Kiwior,Jakub Kiwior,Defender,ARS,0.00,0.00
2444810,Martinelli,Gabriel Teodoro Martinelli Silva,Midfielder,ARS,0.37,0.08
2444810,Saliba,William Saliba,Defender,ARS,0.00,0.00
2444810,Lewis-Skelly,Myles Lewis-Skelly,Midfielder,ARS,0.03,0.00
2444810,Nwaneri,Ethan Nwaneri,Midfielder,ARS,0.01,0.00
2444810,Kepa,Kepa Arrizabalaga Revuelta,Goalkeeper,BOU,0.00,0.00
2444810,Brooks,David Brooks,Midfielder,BOU,0.00,0.00
2444810,Cook,Lewis Cook,Midfielder,BOU,0.05,0.00
2444810,Adams (Tyler),Tyler Adams,Midfielder,BOU,0.02,0.00
2444810,Tavernier,Marcus Tavernier,Midfielder,BOU,0.27,0.10
2444810,Kluivert,Justin Kluivert,Midfielder,BOU,0.00,0.13
2444810,Araujo,Julian Araujo,Defender,BOU,0.00,0.00
2444810,Semenyo,Antoine Semenyo,Midfielder,BOU,0.06,0.00
2444810,Evanilson,Francisco Evanilson de Lima Barbosa,Forward,BOU,0.01,0.59
2444810,Zabarnyi,Illia Zabarnyi,Defender,BOU,0.01,0.00
2444810,Scott,Alex Scott,Midfielder,BOU,0.12,0.00
2444810,Jebbison,Daniel Jebbison,Forward,BOU,0.00,0.00
2444810,Dango Ouattara,Dango Ouattara,Midfielder,BOU,0.03,0.00
2444810,Kerkez,Milos Kerkez,Defender,BOU,0.13,0.00
2444810,Huijsen,Dean Huijsen,Defender,BOU,0.02,0.15
2444811,Barkley,Ross Barkley,Midfielder,AVL,0.00,0.00
2444811,Martinez,Emiliano Martinez,Goalkeeper,AVL,0.00,0.00
2444811,Digne,Lucas Digne,Defender,AVL,0.00,0.00
2444811,McGinn,John McGinn,Midfielder,AVL,0.08,0.00
2444811,Tielemans,Youri Tielemans,Midfielder,AVL,0.03,0.09
2444811,Asensio,Marco Asensio,Midfielder,AVL,0.11,0.00
2444811,Watkins,Ollie Watkins,Forward,AVL,0.01,0.21
2444811,Cash,Matthew Cash,Defender,AVL,0.02,0.00
2444811,Konsa Ngoyo,Ezri Konsa Ngoyo,Defender,AVL,0.01,0.00
2444811,Malen,Donyell Malen,Midfielder,AVL,0.00,0.50
2444811,Kamara,Boubacar Kamara,Midfielder,AVL,0.02,0.00
2444811,Ramsey (Jacob),Jacob Ramsey,Midfielder,AVL,0.02,0.04
2444811,Rogers,Morgan Rogers,Midfielder,AVL,0.71,0.08
2444811,Torres,Pau Torres,Defender,AVL,0.01,0.00
2444811,Maatsen,Ian Maatsen,Defender,AVL,0.00,0.04
2444811,Mvom Onana,Amadou Mvom Onana,Midfielder,AVL,0.10,0.00
2444811,Willian,Willian Borges Da Silva,Midfielder,FUL,0.01,0.00
2444811,Leno,Bernd Leno,Goalkeeper,FUL,0.01,0.00
2444811,Raúl Jiménez,Raul Alonso Jimenez Rodriguez,Forward,FUL,0.06,0.02
2444811,Iwobi,Alex Iwobi,Midfielder,FUL,0.19,0.08
2444811,Reed,Harrison Reed,Midfielder,FUL,0.00,0.00
2444811,Wilson (Harry),Harry Wilson,Midfielder,FUL,0.01,0.46
2444811,Traoré (Adama),Adama Traoré,Midfielder,FUL,0.10,0.06
2444811,Castagne,Timothy Castagne,Defender,FUL,0.00,0.00
2444811,Tete,Kenny Tete,Defender,FUL,0.04,0.00
2444811,Robinson (Antonee),Antonee Robinson,Defender,FUL,0.26,0.00
2444811,Andersen,Joachim Andersen,Defender,FUL,0.01,0.06
2444811,Sessegnon (Ryan),Kouassi Ryan Sessegnon,Defender,FUL,0.08,0.00
2444811,Berge,Sander Berge,Midfielder,FUL,0.01,0.00
2444811,Smith-Rowe,Emile Smith-Rowe,Midfielder,FUL,0.00,0.03
2444811,Lukic,Sasa Lukic,Midfielder,FUL,0.04,0.14
2444811,Bassey,Calvin Bassey,Defender,FUL,0.07,0.00
2444812,Flekken,Mark Flekken,Goalkeeper,BRE,0.00,0.00
2444812,Norgaard,Christian Norgaard,Midfielder,BRE,0.28,0.23
2444812,Ajer,Kristoffer Ajer,Defender,BRE,0.00,0.00
2444812,Henry,Rico Henry,Defender,BRE,0.00,0.00
2444812,Jensen,Mathias Jensen,Midfielder,BRE,0.26,0.00
2444812,Wissa,Yoane Wissa,Forward,BRE,0.01,1.20
2444812,Lewis-Potter,Keane Lewis-Potter,Midfielder,BRE,0.01,0.00
2444812,Collins,Nathan Collins,Defender,BRE,0.01,0.00
2444812,Damsgaard,Mikkel Damsgaard,Midfielder,BRE,0.29,0.00
2444812,van den Berg,Sepp van den Berg,Defender,BRE,0.00,0.10
2444812,Mbeumo,Bryan Mbeumo,Midfielder,BRE,0.12,0.06
2444812,Thiago,Igor Thiago Nascimento Rodrigues,Forward,BRE,0.01,0.00
2444812,Yarmolyuk,Ehor Yarmolyuk,Midfielder,BRE,0.23,0.00
2444812,Schade,Kevin Schade,Midfielder,BRE,0.00,1.21
2444812,Kayode,Michael Kayode,Defender,BRE,0.29,0.00
2444812,Gustavo Nunes,Gustavo Nunes Fernandes Gomes,Midfielder,BRE,0.00,0.00
2444812,Eriksen,Christian Eriksen,Midfielder,MUN,0.10,0.07
2444812,Maguire,Harry Maguire,Defender,MUN,0.01,0.00
2444812,Shaw,Luke Shaw,Defender,MUN,0.00,0.00
2444812,Mount,Mason Mount,Midfielder,MUN,0.05,0.83
2444812,Lindelof,Victor Nilsson-Lindelof,Defender,MUN,0.00,0.00
2444812,de Ligt,Matthijs de Ligt,Defender,MUN,0.00,0.00
2444812,Ugarte,Manuel Ugarte,Midfielder,MUN,0.02,0.05
2444812,Bayindir,Altay Bayindir,Goalkeeper,MUN,0.00,0.00
2444812,Garnacho,Alejandro Garnacho Ferreyra,Midfielder,MUN,0.39,0.15
2444812,Amad Diallo,Amad Diallo Traore,Midfielder,MUN,0.07,0.10
2444812,Mainoo,Kobbie Mainoo,Midfielder,MUN,0.02,0.00
2444812,Fredricson,Tyler Fredricson,Defender,MUN,0.00,0.00
2444812,Yoro,Leny Yoro,Defender,MUN,0.02,0.00
2444812,Amass,Harry Amass,Defender,MUN,0.01,0.02
2444812,Obi-Martin,Chido Obi-Martin,Forward,MUN,0.00,0.34
2444812,Dorgu,Patrick Dorgu,Defender,MUN,0.01,0.00
2444813,Welbeck,Danny Welbeck,Forward,BHA,0.02,0.00
2444813,Dunk,Lewis Dunk,Defender,BHA,0.01,0.00
2444813,Veltman,Joël Veltman,Defender,BHA,0.00,0.00
2444813,Estupiñán,Pervis Estupiñán,Defender,BHA,0.02,0.14
2444813,O’Riley,Matt O’Riley,Midfielder,BHA,0.01,0.00
2444813,Lamptey,Tariq Lamptey,Defender,BHA,0.18,0.00
2444813,Wieffer,Mats Wieffer,Midfielder,BHA,0.01,0.00
2444813,van Hecke,Jan-Paul van Hecke,Defender,BHA,0.01,0.00
2444813,Verbruggen,Bart Verbruggen,Goalkeeper,BHA,0.00,0.00
2444813,Ayari,Yasin Ayari,Midfielder,BHA,0.01,0.00
2444813,Gruda,Brajan Gruda,Midfielder,BHA,0.21,0.00
2444813,Gómez (Diego),Diego Gómez,Midfielder,BHA,0.00,0.28
2444813,Hinshelwood,Jack Hinshelwood,Midfielder,BHA,0.01,0.00
2444813,Baleba,Carlos Baleba,Midfielder,BHA,0.02,0.02
2444813,Adingra,Simon Adingra,Midfielder,BHA,0.03,0.00
2444813,Minteh,Yankuba Minteh,Midfielder,BHA,0.03,0.25
2444813,Wilson (Callum),Callum Wilson,Forward,NEW,0.00,0.03
2444813,Trippier,Kieran Trippier,Defender,NEW,0.04,0.00
2444813,Burn,Dan Burn,Defender,NEW,0.00,0.00
2444813,Pope,Nick Pope,Goalkeeper,NEW,0.00,0.00
2444813,Krafth,Emil Krafth,Defender,NEW,0.00,0.00
2444813,Murphy (Jacob),Jacob Murphy,Midfielder,NEW,0.02,0.09
2444813,Schär,Fabian Schär,Defender,NEW,0.09,0.30
2444813,Willock,Joseph Willock,Midfielder,NEW,0.02,0.11
2444813,Barnes,Harvey Barnes,Midfielder,NEW,0.22,0.26
2444813,Bruno Guimarães,Bruno Guimarães Rodriguez Moura,Midfielder,NEW,0.09,0.07
2444813,Isak,Alexander Isak,Forward,NEW,0.04,0.91
2444813,Botman,Sven Botman,Defender,NEW,0.00,0.00
2444813,Gordon (Anthony),Anthony Gordon,Midfielder,NEW,0.03,0.04
2444813,Tonali,Sandro Tonali,Midfielder,NEW,0.03,0.04
2444813,Livramento,Valentino Livramento,Defender,NEW,0.02,0.00
2444814,Cucurella,Marc Cucurella,Defender,CHE,0.11,0.00
2444814,Chalobah,Trevoh Chalobah,Defender,CHE,0.00,0.00
2444814,Sancho,Jadon Sancho,Midfielder,CHE,0.06,0.21
2444814,Sanchez,Robert Sanchez,Goalkeeper,CHE,0.00,0.00
2444814,James,Reece James,Defender,CHE,0.00,0.00
2444814,Palmer (Cole),Cole Palmer,Midfielder,CHE,0.55,1.12
2444814,Neto,Pedro Neto,Midfielder,CHE,0.41,0.18
2444814,Madueke,Noni Madueke,Midfielder,CHE,0.09,0.86
2444814,Fernández,Enzo Fernández,Midfielder,CHE,0.06,0.65
2444814,Colwill,Levi Colwill,Defender,CHE,0.00,0.00
2444814,Gusto,Malo Gusto,Defender,CHE,0.01,0.00
2444814,Moises Caicedo,Moises Caicedo,Midfielder,CHE,0.02,0.00
2444814,Lavia,Romeo Lavia,Midfielder,CHE,0.01,0.00
2444814,Jackson (Nicolas),Nicolas Jackson,Forward,CHE,0.01,0.12
2444814,van Dijk,Virgil van Dijk,Defender,LIV,0.01,0.28
2444814,Alisson,Alisson Ramses Becker,Goalkeeper,LIV,0.00,0.00
2444814,Salah,Mohamed Salah,Midfielder,LIV,0.31,0.09
2444814,Endo,Wataru Endo,Midfielder,LIV,0.04,0.00
2444814,Alexander-Arnold,Trent Alexander-Arnold,Defender,LIV,0.24,0.04
2444814,Diogo Jota,Diogo José Teixeira da Silva,Midfielder,LIV,0.00,0.18
2444814,Jones,Curtis Jones,Midfielder,LIV,0.04,0.00
2444814,Tsimikas,Konstantinos Tsimikas,Defender,LIV,0.27,0.00
2444814,Chiesa,Federico Chiesa,Midfielder,LIV,0.00,0.00
2444814,Mac Allister,Alexis Mac Allister,Midfielder,LIV,0.06,0.00
2444814,Gakpo,Cody Gakpo,Forward,LIV,0.25,0.06
2444814,Szoboszlai,Dominik Szoboszlai,Midfielder,LIV,0.01,0.00
2444814,Quansah,Jarell Quansah,Defender,LIV,0.01,0.00
2444814,Elliott,Harvey Elliott,Midfielder,LIV,0.04,0.10
2444814,Núñez,Darwin Núñez,Forward,LIV,0.02,0.30
2444814,Bradley,Conor Bradley,Defender,LIV,0.01,0.00
2444815,Hughes,Will Hughes,Midfielder,CRY,0.01,0.01
2444815,Lerma,Jefferson Lerma,Midfielder,CRY,0.02,0.00
2444815,Henderson,Dean Henderson,Goalkeeper,CRY,0.00,0.00
2444815,Eddie Nketiah,Edward Nketiah,Forward,CRY,0.00,0.20
2444815,Marc Guehi,Addji Keaninkin Marc-Israel Guehi,Defender,CRY,0.55,0.11
2444815,Kamada,Daichi Kamada,Midfielder,CRY,0.02,0.10
2444815,Mateta,Jean-Philippe Mateta,Forward,CRY,0.01,0.04
2444815,Ismaila Sarr,Ismaila Sarr,Midfielder,CRY,0.41,0.47
2444815,Eze,Eberechi Eze,Midfielder,CRY,0.07,0.90
2444815,Mitchell,Tyrick Mitchell,Defender,CRY,0.05,0.00
2444815,Muñoz,Daniel Muñoz,Defender,CRY,0.10,0.11
2444815,Richards (Chris),Chris Richards,Defender,CRY,0.01,0.07
2444815,Lacroix,Maxence Lacroix,Defender,CRY,0.01,0.27
2444815,Wharton,Adam Wharton,Midfielder,CRY,0.05,0.03
2444815,Wood (Chris),Chris Wood,Forward,NFO,0.05,0.24
2444815,Sels,Matz Sels,Goalkeeper,NFO,0.01,0.00
2444815,Aina,Ola Aina,Defender,NFO,0.06,0.02
2444815,Yates,Ryan Yates,Midfielder,NFO,0.00,0.00
2444815,Sangaré,Ibrahim Sangaré,Midfielder,NFO,0.01,0.00
2444815,Williams (Neco),Neco Williams,Defender,NFO,0.19,0.10
2444815,Anderson,Elliot Anderson,Midfielder,NFO,0.05,0.15
2444815,Gibbs-White,Morgan Gibbs-White,Midfielder,NFO,0.03,0.00
2444815,Milenkovic,Nikola Milenkovic,Defender,NFO,0.00,0.00
2444815,Nicolás Domínguez,Nicolás Domínguez,Midfielder,NFO,0.15,0.00
2444815,Elanga,Anthony Elanga,Midfielder,NFO,0.08,0.18
2444815,Morato,Felipe Rodrigues da Silva,Defender,NFO,0.00,0.00
2444815,Sosa,Ramón Sosa,Midfielder,NFO,0.00,0.00
2444815,Murillo,Murillo Santiago Costa dos Santos,Defender,NFO,0.02,0.04
2444816,Young (Ashley),Ashley Young,Defender,EVE,0.00,0.00
2444816,Gueye,Idrissa Gueye,Midfielder,EVE,0.03,0.00
2444816,Pickford,Jordan Pickford,Goalkeeper,EVE,0.00,0.00
2444816,Calvert-Lewin,Dominic Calvert-Lewin,Forward,EVE,0.00,0.05
2444816,Harrison (Jack),Jack Harrison,Midfielder,EVE,0.04,0.00
2444816,Mykolenko,Vitaliy Mykolenko,Defender,EVE,0.08,0.00
2444816,Garner,James Garner,Midfielder,EVE,0.09,0.00
2444816,Patterson (Nathan),Nathan Patterson,Defender,EVE,0.07,0.00
2444816,McNeil,Dwight McNeil,Midfielder,EVE,0.03,0.03
2444816,Ndiaye,Iliman Ndiaye,Forward,EVE,0.03,0.03
2444816,Branthwaite,Jarrad Branthwaite,Defender,EVE,0.15,0.00
2444816,Beto,Norberto Bercique Gomes Betuncal,Forward,EVE,0.02,0.45
2444816,Iroegbunam,Tim Iroegbunam,Midfielder,EVE,0.00,0.00
2444816,Youssef Chermiti,Youssef Ramalho Chermiti,Forward,EVE,0.00,0.00
2444816,Alcaraz,Carlos Alcaraz,Midfielder,EVE,0.13,0.00
2444816,O'Brien (Jake),Jake O'Brien,Defender,EVE,0.01,0.00
2444816,Morsy,Sam Morsy,Midfielder,IPS,0.01,0.00
2444816,Palmer (Alex),Alex Palmer,Goalkeeper,IPS,0.00,0.00
2444816,Burgess,Cameron Burgess,Defender,IPS,0.00,0.00
2444816,Phillips (Kalvin),Kalvin Phillips,Midfielder,IPS,0.00,0.01
2444816,Tuanzebe,Axel Tuanzebe,Defender,IPS,0.01,0.00
2444816,Chaplin,Conor Chaplin,Midfielder,IPS,0.01,0.00
2444816,O'Shea,Dara O'Shea,Defender,IPS,0.00,0.02
2444816,Woolfenden,Luke Woolfenden,Defender,IPS,0.00,0.00
2444816,Hirst,George Hirst,Forward,IPS,0.12,0.28
2444816,Taylor (Jack),Jack Taylor,Midfielder,IPS,0.00,0.00
2444816,Clarke (Jack),Jack Clarke,Midfielder,IPS,0.00,0.00
2444816,Greaves,Jacob Greaves,Defender,IPS,0.01,0.00
2444816,Cajuste,Jens Cajuste,Midfielder,IPS,0.01,0.00
2444816,Delap,Liam Delap,Forward,IPS,0.04,0.17
2444816,Enciso,Julio Enciso,Midfielder,IPS,0.02,0.33
2444816,Hutchinson,Omari Hutchinson,Midfielder,IPS,0.12,0.04
2444817,Ayew,Jordan Ayew,Midfielder,LEI,0.07,0.12
2444817,Coady,Conor Coady,Defender,LEI,0.00,0.00
2444817,Vardy,Jamie Vardy,Forward,LEI,0.07,0.48
2444817,Ndidi,Onyinye Wilfred Ndidi,Midfielder,LEI,0.01,0.22
2444817,Skipp,Oliver Skipp,Midfielder,LEI,0.02,0.00
2444817,Faes,Wout Faes,Defender,LEI,0.00,0.00
2444817,Justin,James Justin,Defender,LEI,0.01,0.00
2444817,Soumaré,Boubakary Soumaré,Midfielder,LEI,0.00,0.00
2444817,Thomas,Luke Thomas,Defender,LEI,0.04,0.24
2444817,Daka,Patson Daka,Forward,LEI,0.00,0.00
2444817,Stolarczyk,Jakub Stolarczyk,Goalkeeper,LEI,0.00,0.00
2444817,McAteer,Kasey McAteer,Midfielder,LEI,0.01,0.06
2444817,El Khannouss,Bilal El Khannouss,Midfielder,LEI,0.11,0.28
2444817,Golding,Michael Golding,Midfielder,LEI,0.00,0.00
2444817,Evans (Jake),Jake Evans,Midfielder,LEI,0.00,0.00
2444817,Monga,Jeremy Monga,Midfielder,LEI,0.00,0.00
2444817,Stephens,Jack Stephens,Defender,SOU,0.01,0.00
2444817,Paul Onuachu,Ebere Paul Onuachu,Forward,SOU,0.00,0.31
2444817,Walker-Peters,Kyle Walker-Peters,Defender,SOU,0.02,0.00
2444817,Bednarek,Jan Bednarek,Defender,SOU,0.00,0.00
2444817,Manning,Ryan Manning,Defender,SOU,0.11,0.00
2444817,Smallbone,William Smallbone,Midfielder,SOU,0.01,0.00
2444817,Downes,Flynn Downes,Midfielder,SOU,0.15,0.00
2444817,Ramsdale,Aaron Ramsdale,Goalkeeper,SOU,0.00,0.00
2444817,Stewart,Ross Stewart,Forward,SOU,0.00,0.06
2444817,Harwood-Bellis,Taylor Harwood-Bellis,Defender,SOU,0.01,0.04
2444817,Archer,Cameron Archer,Forward,SOU,0.00,0.00
2444817,Robinson (Jay),Jay Robinson,Forward,SOU,0.00,0.00
2444817,Dibling,Tyler Dibling,Midfielder,SOU,0.01,0.00
2444817,Ugochukwu,Lesley Ugochukwu,Midfielder,SOU,0.01,0.06
2444817,Sulemana,Kamaldeen Sulemana,Midfielder,SOU,0.16,0.02
2444817,Mateus Fernandes,Mateus Gonçalo Espanha Fernandes,Midfielder,SOU,0.08,0.04
2444818,Gundogan,Ilkay Gundogan,Midfielder,MCI,0.15,0.00
2444818,De Bruyne,Kevin De Bruyne,Midfielder,MCI,0.09,0.38
2444818,Kovacic,Mateo Kovacic,Midfielder,MCI,0.06,0.06
2444818,Ederson,Ederson Santana de Moraes,Goalkeeper,MCI,0.00,0.00
2444818,Bernardo Silva,Bernardo Mota Veiga de Carvalho e Silva,Midfielder,MCI,0.10,0.00
2444818,Rúben Dias,Rúben Santos Gato Alves Dias,Defender,MCI,0.01,0.02
2444818,Foden,Phil Foden,Midfielder,MCI,0.00,0.00
2444818,Akanji,Manuel Akanji,Defender,MCI,0.01,0.00
2444818,Doku,Jéremy Doku,Midfielder,MCI,0.15,0.00
2444818,Mcatee,James Mcatee,Midfielder,MCI,0.00,0.00
2444818,Omar Marmoush,Omar Khaled Mohamed Marmoush,Forward,MCI,0.03,0.12
2444818,Matheus Nunes,Matheus Luiz Nunes,Midfielder,MCI,0.03,0.00
2444818,González (Nico),Nico González,Midfielder,MCI,0.00,0.00
2444818,O’Reilly,Nico O’Reilly,Midfielder,MCI,0.01,0.14
2444818,Lewis (Rico),Rico Lewis,Defender,MCI,0.01,0.00
2444818,Gvardiol,Joško Gvardiol,Defender,MCI,0.04,0.00
2444818,Doherty,Matt Doherty,Defender,WOL,0.00,0.00
2444818,Sarabia,Pablo Sarabia,Midfielder,WOL,0.01,0.00
2444818,José Sá,José Pedro Malheiro de Sá,Goalkeeper,WOL,0.00,0.00
2444818,Gonçalo Guedes,Gonçalo Manuel Ganchinho Guedes,Midfielder,WOL,0.01,0.00
2444818,Hwang Hee-Chan,Hee-Chan Hwang,Midfielder,WOL,0.00,0.00
2444818,Semedo,Nelson Semedo,Defender,WOL,0.00,0.08
2444818,Bellegarde,Jean-Ricner Bellegarde,Midfielder,WOL,0.06,0.00
2444818,Bueno (Santiago),Santiago Bueno,Defender,WOL,0.00,0.00
2444818,Matheus Cunha,Matheus Santos Carneiro Da Cunha,Forward,WOL,0.10,0.08
2444818,Munetsi,Marshall Munetsi,Midfielder,WOL,0.02,0.00
2444818,João Gomes,João Victor Gomes da Silva,Midfielder,WOL,0.01,0.00
2444818,Ait Nouri,Rayan Ait Nouri,Defender,WOL,0.01,0.22
2444818,Rodrigo Gomes,Rodrigo Martins Gomes,Midfielder,WOL,0.00,0.00
2444818,André,André Trindade da Costa Neto,Midfielder,WOL,0.01,0.04
2444818,Toti,Toti António Gomes,Defender,WOL,0.00,0.00
2444818,Agbadou,Emmanuel Agbadou,Defender,WOL,0.01,0.00
2444819,Davies (Ben),Ben Davies,Defender,TOT,0.00,0.00
2444819,Danso,Kevin Danso,Defender,TOT,0.00,0.00
2444819,Vicario,Guglielmo Vicario,Goalkeeper,TOT,0.00,0.00
2444819,Richarlison,Richarlison de Andrade,Forward,TOT,0.00,0.14
2444819,Bissouma,Yves Bissouma,Midfielder,TOT,0.00,0.04
2444819,Spence,Djed Spence,Defender,TOT,0.02,0.00
2444819,Kulusevski,Dejan Kulusevski,Midfielder,TOT,0.06,0.00
2444819,Sarr (Pape),Pape Sarr,Midfielder,TOT,0.10,0.02
2444819,Moore (Mikey),Mikey Moore,Midfielder,TOT,0.00,0.00
2444819,Tel,Mathys Tel,Midfielder,TOT,0.28,0.10
2444819,Gray (Archie),Archie Gray,Midfielder,TOT,0.01,0.00
2444819,Odobert,Wilson Odobert,Midfielder,TOT,0.01,0.47
2444819,Cresswell,Aaron Cresswell,Defender,WHU,0.10,0.00
2444819,Areola,Alphonse Areola,Goalkeeper,WHU,0.00,0.00
2444819,Füllkrug,Niclas Füllkrug,Forward,WHU,0.04,0.07
2444819,Ward-Prowse,James Ward-Prowse,Midfielder,WHU,0.38,0.09
2444819,Emerson,Emerson Palmieri dos Santos,Defender,WHU,0.01,0.00
2444819,Coufal,Vladimir Coufal,Defender,WHU,0.00,0.00
2444819,Bowen,Jarrod Bowen,Midfielder,WHU,0.05,0.53
2444819,Kilman,Max Kilman,Defender,WHU,0.00,0.02
2444819,Wan-Bissaka,Aaron Wan-Bissaka,Defender,WHU,0.07,0.04
2444819,Soucek,Tomas Soucek,Midfielder,WHU,0.02,0.05
2444819,Lucas Paquetá,Lucas Tolentino Coelho de Lima,Midfielder,WHU,0.03,0.00
2444819,Soler (Carlos),Carlos Soler,Midfielder,WHU,0.00,0.00
2444819,Mavropanos,Konstantinos Mavropanos,Defender,WHU,0.00,0.00
2444819,Kudus,Mohammed Kudus,Midfielder,WHU,0.11,0.04
2444819,Todibo,Jean-Clair Todibo,Defender,WHU,0.00,0.00
2444819,Ferguson,Evan Ferguson,Forward,WHU,0.00,0.00
2444820,Martinez,Emiliano Martinez,Goalkeeper,AVL,0.01,0.00
2444820,Digne,Lucas Digne,Defender,AVL,0.13,0.00
2444820,McGinn,John McGinn,Midfielder,AVL,0.01,0.00
2444820,Mings,Tyrone Mings,Defender,AVL,0.03,0.00
2444820,Asensio,Marco Asensio,Midfielder,AVL,0.03,0.08
2444820,Watkins,Ollie Watkins,Forward,AVL,0.02,0.36
2444820,Cash,Matthew Cash,Defender,AVL,0.00,0.04
2444820,Konsa Ngoyo,Ezri Konsa Ngoyo,Defender,AVL,0.00,0.00
2444820,Kamara,Boubacar Kamara,Midfielder,AVL,0.01,0.41
2444820,Ramsey (Jacob),Jacob Ramsey,Midfielder,AVL,0.01,0.11
2444820,Rogers,Morgan Rogers,Midfielder,AVL,0.28,0.00
2444820,Torres,Pau Torres,Defender,AVL,0.00,0.00
2444820,Maatsen,Ian Maatsen,Defender,AVL,0.00,0.00
2444820,Mvom Onana,Amadou Mvom Onana,Midfielder,AVL,0.02,0.00
2444820,Smith,Adam Smith,Defender,BOU,0.01,0.00
2444820,Kepa,Kepa Arrizabalaga Revuelta,Goalkeeper,BOU,0.00,0.00
2444820,Brooks,David Brooks,Midfielder,BOU,0.14,0.00
2444820,Cook,Lewis Cook,Midfielder,BOU,0.03,0.00
2444820,Adams (Tyler),Tyler Adams,Midfielder,BOU,0.02,0.00
2444820,Tavernier,Marcus Tavernier,Midfielder,BOU,0.09,0.01
2444820,Senesi,Marcos Senesi,Defender,BOU,0.00,0.03
2444820,Kluivert,Justin Kluivert,Midfielder,BOU,0.03,0.00
2444820,Araujo,Julian Araujo,Defender,BOU,0.00,0.00
2444820,Semenyo,Antoine Semenyo,Midfielder,BOU,0.07,0.13
2444820,Evanilson,Francisco Evanilson de Lima Barbosa,Forward,BOU,0.01,0.12
2444820,Zabarnyi,Illia Zabarnyi,Defender,BOU,0.05,0.03
2444820,Scott,Alex Scott,Midfielder,BOU,0.11,0.03
2444820,Jebbison,Daniel Jebbison,Forward,BOU,0.00,0.46
2444820,Kerkez,Milos Kerkez,Defender,BOU,0.03,0.03
2444820,Huijsen,Dean Huijsen,Defender,BOU,0.02,0.00
2444821,Young (Ashley),Ashley Young,Defender,EVE,0.58,0.00
2444821,Coleman,Seamus Coleman,Defender,EVE,0.00,0.00
2444821,Gueye,Idrissa Gueye,Midfielder,EVE,0.01,0.00
2444821,Keane,Michael Keane,Defender,EVE,0.00,0.18
2444821,Pickford,Jordan Pickford,Goalkeeper,EVE,0.00,0.00
2444821,Doucouré,Abdoulaye Doucouré,Midfielder,EVE,0.02,0.00
2444821,Calvert-Lewin,Dominic Calvert-Lewin,Forward,EVE,0.00,0.10
2444821,Harrison (Jack),Jack Harrison,Midfielder,EVE,0.03,0.16
2444821,Mykolenko,Vitaliy Mykolenko,Defender,EVE,0.01,0.03
2444821,Garner,James Garner,Midfielder,EVE,0.03,0.00
2444821,McNeil,Dwight McNeil,Midfielder,EVE,0.07,0.00
2444821,Ndiaye,Iliman Ndiaye,Forward,EVE,0.00,0.00
2444821,Branthwaite,Jarrad Branthwaite,Defender,EVE,0.01,0.07
2444821,Beto,Norberto Bercique Gomes Betuncal,Forward,EVE,0.05,0.46
2444821,Iroegbunam,Tim Iroegbunam,Midfielder,EVE,0.00,0.00
2444821,Alcaraz,Carlos Alcaraz,Midfielder,EVE,0.03,0.12
2444821,Willian,Willian Borges Da Silva,Midfielder,FUL,0.07,0.00
2444821,Cairney,Tom Cairney,Midfielder,FUL,0.04,0.05
2444821,Leno,Bernd Leno,Goalkeeper,FUL,0.00,0.00
2444821,Raúl Jiménez,Raul Alonso Jimenez Rodriguez,Forward,FUL,0.06,0.20
2444821,Iwobi,Alex Iwobi,Midfielder,FUL,0.19,0.09
2444821,Wilson (Harry),Harry Wilson,Midfielder,FUL,0.03,0.30
2444821,Pereira,Andreas Pereira,Midfielder,FUL,0.02,0.02
2444821,Traoré (Adama),Adama Traoré,Midfielder,FUL,0.03,0.00
2444821,Tete,Kenny Tete,Defender,FUL,0.02,0.00
2444821,Andersen,Joachim Andersen,Defender,FUL,0.02,0.02
2444821,Sessegnon (Ryan),Kouassi Ryan Sessegnon,Defender,FUL,0.03,0.04
2444821,Berge,Sander Berge,Midfielder,FUL,0.02,0.00
2444821,Smith-Rowe,Emile Smith-Rowe,Midfielder,FUL,0.19,0.00
2444821,Bassey,Calvin Bassey,Defender,FUL,0.02,0.00
2444821,Godo,Martial Godo,Midfielder,FUL,0.07,0.00
2444821,King (Joshua),Joshua King,Midfielder,FUL,0.01,0.05
2444822,Flekken,Mark Flekken,Goalkeeper,BRE,0.00,0.00
2444822,Norgaard,Christian Norgaard,Midfielder,BRE,0.03,0.00
2444822,Jensen,Mathias Jensen,Midfielder,BRE,0.00,0.00
2444822,Wissa,Yoane Wissa,Forward,BRE,0.08,0.55
2444822,Lewis-Potter,Keane Lewis-Potter,Midfielder,BRE,0.21,0.00
2444822,Collins,Nathan Collins,Defender,BRE,0.01,0.00
2444822,Damsgaard,Mikkel Damsgaard,Midfielder,BRE,0.05,0.12
2444822,van den Berg,Sepp van den Berg,Defender,BRE,0.01,0.11
2444822,Mbeumo,Bryan Mbeumo,Midfielder,BRE,0.23,0.18
2444822,Thiago,Igor Thiago Nascimento Rodrigues,Forward,BRE,0.00,0.00
2444822,Yarmolyuk,Ehor Yarmolyuk,Midfielder,BRE,0.02,0.00
2444822,Schade,Kevin Schade,Midfielder,BRE,0.07,0.32
2444822,Kayode,Michael Kayode,Defender,BRE,0.20,0.13
2444822,Konak,Yunus Konak,Midfielder,BRE,0.00,0.00
2444822,Morsy,Sam Morsy,Midfielder,IPS,0.02,0.07
2444822,Palmer (Alex),Alex Palmer,Goalkeeper,IPS,0.00,0.00
2444822,Burgess,Cameron Burgess,Defender,IPS,0.00,0.36
2444822,Tuanzebe,Axel Tuanzebe,Defender,IPS,0.01,0.00
2444822,Chaplin,Conor Chaplin,Midfielder,IPS,0.01,0.00
2444822,O'Shea,Dara O'Shea,Defender,IPS,0.00,0.00
2444822,Johnson (Ben),Ben Johnson,Defender,IPS,0.00,0.00
2444822,Hirst,George Hirst,Forward,IPS,0.00,0.32
2444822,Taylor (Jack),Jack Taylor,Midfielder,IPS,0.01,0.04
2444822,Clarke (Jack),Jack Clarke,Midfielder,IPS,0.02,0.00
2444822,Greaves,Jacob Greaves,Defender,IPS,0.02,0.04
2444822,Cajuste,Jens Cajuste,Midfielder,IPS,0.00,0.00
2444822,Delap,Liam Delap,Forward,IPS,0.00,0.03
2444822,Enciso,Julio Enciso,Midfielder,IPS,0.02,0.03
2444822,Hutchinson,Omari Hutchinson,Midfielder,IPS,0.42,0.03
2444823,Trossard,Leandro Trossard,Midfielder,ARS,0.37,0.30
2444823,Raya Martin,David Raya Martin,Goalkeeper,ARS,0.00,0.00
2444823,Partey,Thomas Partey,Midfielder,ARS,0.23,0.00
2444823,Odegaard,Martin Odegaard,Midfielder,ARS,0.16,0.16
2444823,Tierney,Kieran Tierney,Defender,ARS,0.00,0.00
2444823,Merino,Mikel Merino,Midfielder,ARS,0.02,1.26
2444823,White (Ben),Ben White,Defender,ARS,0.01,0.05
2444823,Zinchenko,Oleksandr Zinchenko,Defender,ARS,0.00,0.00
2444823,Saka,Bukayo Saka,Midfielder,ARS,0.18,0.37
2444823,Kiwior,Jakub Kiwior,Defender,ARS,0.01,0.00
2444823,Martinelli,Gabriel Teodoro Martinelli Silva,Midfielder,ARS,0.03,0.45
2444823,Saliba,William Saliba,Defender,ARS,0.01,0.00
2444823,Calafiori,Riccardo Calafiori,Defender,ARS,0.00,0.00
2444823,Lewis-Skelly,Myles Lewis-Skelly,Midfielder,ARS,0.02,0.00
2444823,van Dijk,Virgil van Dijk,Defender,LIV,0.03,0.00
2444823,Alisson,Alisson Ramses Becker,Goalkeeper,LIV,0.00,0.00
2444823,Salah,Mohamed Salah,Midfielder,LIV,0.39,0.00
2444823,Robertson,Andrew Robertson,Defender,LIV,0.27,0.17
2444823,Alexander-Arnold,Trent Alexander-Arnold,Defender,LIV,0.09,0.06
2444823,Diogo Jota,Diogo José Teixeira da Silva,Midfielder,LIV,0.00,0.07
2444823,Konaté,Ibrahima Konaté,Defender,LIV,0.00,0.05
2444823,Jones,Curtis Jones,Midfielder,LIV,0.03,0.10
2444823,Mac Allister,Alexis Mac Allister,Midfielder,LIV,0.03,0.00
2444823,Gakpo,Cody Gakpo,Forward,LIV,0.01,0.47
2444823,Díaz,Luis Díaz,Midfielder,LIV,0.04,1.29
2444823,Szoboszlai,Dominik Szoboszlai,Midfielder,LIV,0.63,0.05
2444823,Gravenberch,Ryan Gravenberch,Midfielder,LIV,0.01,0.08
2444823,Elliott,Harvey Elliott,Midfielder,LIV,0.02,0.03
2444823,Núñez,Darwin Núñez,Forward,LIV,0.01,0.00
2444823,Bradley,Conor Bradley,Defender,LIV,0.00,0.00
2444824,Eriksen,Christian Eriksen,Midfielder,MUN,0.31,0.07
2444824,Maguire,Harry Maguire,Defender,MUN,0.01,0.36
2444824,Shaw,Luke Shaw,Defender,MUN,0.01,0.00
2444824,Bruno Fernandes,Bruno Miguel Borges Fernandes,Midfielder,MUN,0.42,0.13
2444824,Mount,Mason Mount,Midfielder,MUN,0.20,0.06
2444824,Lindelof,Victor Nilsson-Lindelof,Defender,MUN,0.01,0.00
2444824,Mazraoui,Noussair Mazraoui,Defender,MUN,0.03,0.00
2444824,Ugarte,Manuel Ugarte,Midfielder,MUN,0.02,0.00
2444824,Bayindir,Altay Bayindir,Goalkeeper,MUN,0.00,0.00
2444824,Garnacho,Alejandro Garnacho Ferreyra,Midfielder,MUN,0.03,0.12
2444824,Amad Diallo,Amad Diallo Traore,Midfielder,MUN,0.15,0.03
2444824,Højlund,Rasmus Højlund,Forward,MUN,0.01,1.31
2444824,Mainoo,Kobbie Mainoo,Midfielder,MUN,0.09,0.13
2444824,Yoro,Leny Yoro,Defender,MUN,0.00,0.00
2444824,Amass,Harry Amass,Defender,MUN,0.02,0.02
2444824,Dorgu,Patrick Dorgu,Defender,MUN,0.03,0.00
2444824,Cresswell,Aaron Cresswell,Defender,WHU,0.18,0.00
2444824,Areola,Alphonse Areola,Goalkeeper,WHU,0.00,0.00
2444824,Füllkrug,Niclas Füllkrug,Forward,WHU,0.00,0.00
2444824,Ward-Prowse,James Ward-Prowse,Midfielder,WHU,0.13,0.46
2444824,Emerson,Emerson Palmieri dos Santos,Defender,WHU,0.00,0.00
2444824,Coufal,Vladimir Coufal,Defender,WHU,0.02,0.06
2444824,Bowen,Jarrod Bowen,Midfielder,WHU,0.01,0.32
2444824,Rodríguez,Guido Rodríguez,Midfielder,WHU,0.01,0.00
2444824,Álvarez (Edson),Edson Álvarez,Midfielder,WHU,0.00,0.00
2444824,Kilman,Max Kilman,Defender,WHU,0.00,0.20
2444824,Wan-Bissaka,Aaron Wan-Bissaka,Defender,WHU,0.22,0.00
2444824,Soucek,Tomas Soucek,Midfielder,WHU,0.00,0.59
2444824,Soler (Carlos),Carlos Soler,Midfielder,WHU,0.01,0.00
2444824,Mavropanos,Konstantinos Mavropanos,Defender,WHU,0.00,0.00
2444824,Kudus,Mohammed Kudus,Midfielder,WHU,0.02,0.12
2444824,Todibo,Jean-Clair Todibo,Defender,WHU,0.00,0.00
2444825,Cucurella,Marc Cucurella,Defender,CHE,0.02,0.04
2444825,Chalobah,Trevoh Chalobah,Defender,CHE,0.01,0.05
2444825,Sancho,Jadon Sancho,Midfielder,CHE,0.04,0.00
2444825,Sanchez,Robert Sanchez,Goalkeeper,CHE,0.00,0.00
2444825,James,Reece James,Defender,CHE,0.02,0.11
2444825,Palmer (Cole),Cole Palmer,Midfielder,CHE,0.04,0.23
2444825,Neto,Pedro Neto,Midfielder,CHE,0.06,0.20
2444825,Madueke,Noni Madueke,Midfielder,CHE,0.15,0.00
2444825,Fernández,Enzo Fernández,Midfielder,CHE,0.10,0.02
2444825,Colwill,Levi Colwill,Defender,CHE,0.00,0.00
2444825,Gusto,Malo Gusto,Defender,CHE,0.09,0.00
2444825,Moises Caicedo,Moises Caicedo,Midfielder,CHE,0.03,0.03
2444825,Lavia,Romeo Lavia,Midfielder,CHE,0.04,0.00
2444825,Jackson (Nicolas),Nicolas Jackson,Forward,CHE,0.00,0.00
2444825,Wilson (Callum),Callum Wilson,Forward,NEW,0.00,0.00
2444825,Burn,Dan Burn,Defender,NEW,0.01,0.08
2444825,Pope,Nick Pope,Goalkeeper,NEW,0.00,0.00
2444825,Krafth,Emil Krafth,Defender,NEW,0.01,0.00
2444825,Murphy (Jacob),Jacob Murphy,Midfielder,NEW,0.82,0.03
2444825,Schär,Fabian Schär,Defender,NEW,0.02,0.00
2444825,Longstaff (Sean),Sean Longstaff,Midfielder,NEW,0.00,0.00
2444825,Barnes,Harvey Barnes,Midfielder,NEW,0.14,0.37
2444825,Bruno Guimarães,Bruno Guimarães Rodriguez Moura,Midfielder,NEW,0.07,0.10
2444825,Isak,Alexander Isak,Forward,NEW,0.03,0.32
2444825,Botman,Sven Botman,Defender,NEW,0.03,0.00
2444825,Gordon (Anthony),Anthony Gordon,Midfielder,NEW,0.02,0.00
2444825,Tonali,Sandro Tonali,Midfielder,NEW,0.17,0.67
2444825,Livramento,Valentino Livramento,Defender,NEW,0.34,0.00
2444825,Miley (Lewis),Lewis Miley,Midfielder,NEW,0.01,0.00
2444826,Ayew,Jordan Ayew,Midfielder,LEI,0.04,0.00
2444826,Coady,Conor Coady,Defender,LEI,0.00,0.32
2444826,Vardy,Jamie Vardy,Forward,LEI,0.02,0.02
2444826,Ndidi,Onyinye Wilfred Ndidi,Midfielder,LEI,0.00,0.00
2444826,Skipp,Oliver Skipp,Midfielder,LEI,0.00,0.00
2444826,Faes,Wout Faes,Defender,LEI,0.00,0.17
2444826,Justin,James Justin,Defender,LEI,0.02,0.01
2444826,Soumaré,Boubakary Soumaré,Midfielder,LEI,0.01,0.00
2444826,Thomas,Luke Thomas,Defender,LEI,0.17,0.00
2444826,Stolarczyk,Jakub Stolarczyk,Goalkeeper,LEI,0.00,0.00
2444826,McAteer,Kasey McAteer,Midfielder,LEI,0.01,0.18
2444826,Okoli,Caleb Okoli,Defender,LEI,0.00,0.00
2444826,Kristiansen,Victor Kristiansen,Defender,LEI,0.00,0.00
2444826,El Khannouss,Bilal El Khannouss,Midfielder,LEI,0.24,0.10
2444826,Buonanotte,Facundo Buonanotte,Midfielder,LEI,0.01,0.14
2444826,Monga,Jeremy Monga,Midfielder,LEI,0.00,0.14
2444826,Wood (Chris),Chris Wood,Forward,NFO,0.00,0.67
2444826,Sels,Matz Sels,Goalkeeper,NFO,0.00,0.00
2444826,Aina,Ola Aina,Defender,NFO,0.03,0.00
2444826,Yates,Ryan Yates,Midfielder,NFO,0.01,0.02
2444826,Awoniyi,Taiwo Awoniyi,Forward,NFO,0.00,0.00
2444826,Sangaré,Ibrahim Sangaré,Midfielder,NFO,0.02,0.00
2444826,Williams (Neco),Neco Williams,Defender,NFO,0.03,0.00
2444826,Anderson,Elliot Anderson,Midfielder,NFO,0.02,0.06
2444826,Gibbs-White,Morgan Gibbs-White,Midfielder,NFO,0.13,0.44
2444826,Milenkovic,Nikola Milenkovic,Defender,NFO,0.00,0.00
2444826,Nicolás Domínguez,Nicolás Domínguez,Midfielder,NFO,0.04,0.10
2444826,Elanga,Anthony Elanga,Midfielder,NFO,0.33,0.02
2444826,Morato,Felipe Rodrigues da Silva,Defender,NFO,0.01,0.00
2444826,Jota Silva,João Pedro Ferreira da Silva,Midfielder,NFO,0.00,0.00
2444827,De Bruyne,Kevin De Bruyne,Midfielder,MCI,0.81,0.37
2444827,Kovacic,Mateo Kovacic,Midfielder,MCI,0.11,0.11
2444827,Ederson,Ederson Santana de Moraes,Goalkeeper,MCI,0.00,0.00
2444827,Bernardo Silva,Bernardo Mota Veiga de Carvalho e Silva,Midfielder,MCI,0.21,0.36
2444827,Rúben Dias,Rúben Santos Gato Alves Dias,Defender,MCI,0.16,0.09
2444827,Foden,Phil Foden,Midfielder,MCI,0.20,0.04
2444827,Akanji,Manuel Akanji,Defender,MCI,0.18,0.46
2444827,Haaland,Erling Haaland,Forward,MCI,0.21,0.05
2444827,Doku,Jéremy Doku,Midfielder,MCI,0.20,0.00
2444827,Mcatee,James Mcatee,Midfielder,MCI,0.17,0.00
2444827,Omar Marmoush,Omar Khaled Mohamed Marmoush,Forward,MCI,0.00,0.13
2444827,O’Reilly,Nico O’Reilly,Midfielder,MCI,0.00,0.00
2444827,Lewis (Rico),Rico Lewis,Defender,MCI,0.06,0.00
2444827,Gvardiol,Joško Gvardiol,Defender,MCI,0.08,0.07
2444827,Savinho,Sávio Moreira de Oliveira,Midfielder,MCI,0.06,0.15
2444827,Stephens,Jack Stephens,Defender,SOU,0.00,0.00
2444827,Bednarek,Jan Bednarek,Defender,SOU,0.00,0.00
2444827,Bree,James Bree,Defender,SOU,0.03,0.00
2444827,Aribo,Joe Aribo,Midfielder,SOU,0.01,0.00
2444827,Manning,Ryan Manning,Defender,SOU,0.00,0.00
2444827,Smallbone,William Smallbone,Midfielder,SOU,0.00,0.00
2444827,Downes,Flynn Downes,Midfielder,SOU,0.00,0.00
2444827,Ramsdale,Aaron Ramsdale,Goalkeeper,SOU,0.00,0.00
2444827,Stewart,Ross Stewart,Forward,SOU,0.00,0.00
2444827,Harwood-Bellis,Taylor Harwood-Bellis,Defender,SOU,0.01,0.00
2444827,Archer,Cameron Archer,Forward,SOU,0.11,0.00
2444827,Dibling,Tyler Dibling,Midfielder,SOU,0.01,0.00
2444827,Welington,Welington Damascena Santos,Defender,SOU,0.01,0.00
2444827,Ugochukwu,Lesley Ugochukwu,Midfielder,SOU,0.00,0.00
2444827,Sulemana,Kamaldeen Sulemana,Midfielder,SOU,0.01,0.03
2444827,Mateus Fernandes,Mateus Gonçalo Espanha Fernandes,Midfielder,SOU,0.12,0.07
2444828,Hughes,Will Hughes,Midfielder,CRY,0.28,0.03
2444828,Lerma,Jefferson Lerma,Midfielder,CRY,0.13,0.09
2444828,Henderson,Dean Henderson,Goalkeeper,CRY,0.00,0.00
2444828,Chilwell,Benjamin Chilwell,Defender,CRY,0.48,0.00
2444828,Eddie Nketiah,Edward Nketiah,Forward,CRY,0.00,0.33
2444828,Marc Guehi,Addji Keaninkin Marc-Israel Guehi,Defender,CRY,0.14,0.00
2444828,Kamada,Daichi Kamada,Midfielder,CRY,0.18,0.00
2444828,Mateta,Jean-Philippe Mateta,Forward,CRY,0.02,0.48
2444828,Ismaila Sarr,Ismaila Sarr,Midfielder,CRY,0.33,0.57
2444828,Eze,Eberechi Eze,Midfielder,CRY,0.20,1.19
2444828,Mitchell,Tyrick Mitchell,Defender,CRY,0.05,0.08
2444828,Muñoz,Daniel Muñoz,Defender,CRY,0.34,0.21
2444828,Richards (Chris),Chris Richards,Defender,CRY,0.00,0.08
2444828,Lacroix,Maxence Lacroix,Defender,CRY,0.13,0.30
2444828,Devenny,Justin Devenny,Midfielder,CRY,0.00,0.00
2444828,Esse,Romain Esse,Midfielder,CRY,0.03,0.00
2444828,Son,Heung-Min Son,Midfielder,TOT,0.01,0.18
2444828,Davies (Ben),Ben Davies,Defender,TOT,0.00,0.00
2444828,Danso,Kevin Danso,Defender,TOT,0.00,0.02
2444828,Bentancur,Rodrigo Bentancur,Midfielder,TOT,0.00,0.00
2444828,Bissouma,Yves Bissouma,Midfielder,TOT,0.00,0.00
2444828,Spence,Djed Spence,Defender,TOT,0.00,0.00
2444828,Porro,Pedro Porro,Defender,TOT,0.32,0.07
2444828,Kulusevski,Dejan Kulusevski,Midfielder,TOT,0.00,0.04
2444828,Sarr (Pape),Pape Sarr,Midfielder,TOT,0.00,0.39
2444828,Kinsky,Antonín Kinsky,Goalkeeper,TOT,0.00,0.00
2444828,Moore (Mikey),Mikey Moore,Midfielder,TOT,0.01,0.00
2444828,Tel,Mathys Tel,Midfielder,TOT,0.07,0.00
2444828,Gray (Archie),Archie Gray,Midfielder,TOT,0.01,0.00
2444828,Odobert,Wilson Odobert,Midfielder,TOT,0.02,0.03
2444829,Welbeck,Danny Welbeck,Forward,BHA,0.01,0.79
2444829,Webster,Adam Webster,Defender,BHA,0.01,0.00
2444829,Estupiñán,Pervis Estupiñán,Defender,BHA,0.02,0.00
2444829,O’Riley,Matt O’Riley,Midfielder,BHA,0.03,0.07
2444829,Lamptey,Tariq Lamptey,Defender,BHA,0.09,0.00
2444829,Mitoma,Kaoru Mitoma,Midfielder,BHA,0.00,0.00
2444829,Wieffer,Mats Wieffer,Midfielder,BHA,0.08,0.00
2444829,van Hecke,Jan-Paul van Hecke,Defender,BHA,0.00,0.00
2444829,Verbruggen,Bart Verbruggen,Goalkeeper,BHA,0.00,0.00
2444829,Ayari,Yasin Ayari,Midfielder,BHA,0.01,0.03
2444829,Gruda,Brajan Gruda,Midfielder,BHA,0.01,0.60
2444829,Gómez (Diego),Diego Gómez,Midfielder,BHA,0.16,0.00
2444829,Hinshelwood,Jack Hinshelwood,Midfielder,BHA,0.00,0.00
2444829,Baleba,Carlos Baleba,Midfielder,BHA,0.01,0.00
2444829,Adingra,Simon Adingra,Midfielder,BHA,0.01,0.06
2444829,Minteh,Yankuba Minteh,Midfielder,BHA,0.04,0.02
2444829,Doherty,Matt Doherty,Defender,WOL,0.02,0.00
2444829,Sarabia,Pablo Sarabia,Midfielder,WOL,0.01,0.00
2444829,José Sá,José Pedro Malheiro de Sá,Goalkeeper,WOL,0.00,0.00
2444829,Gonçalo Guedes,Gonçalo Manuel Ganchinho Guedes,Midfielder,WOL,0.01,0.52
2444829,Semedo,Nelson Semedo,Defender,WOL,0.19,0.00
2444829,Bellegarde,Jean-Ricner Bellegarde,Midfielder,WOL,0.00,0.08
2444829,Strand Larsen,Jørgen Strand Larsen,Forward,WOL,0.01,0.00
2444829,Matheus Cunha,Matheus Santos Carneiro Da Cunha,Forward,WOL,0.16,0.11
2444829,Munetsi,Marshall Munetsi,Midfielder,WOL,0.01,0.19
2444829,João Gomes,João Victor Gomes da Silva,Midfielder,WOL,0.02,0.00
2444829,Ait Nouri,Rayan Ait Nouri,Defender,WOL,0.04,0.02
2444829,Rodrigo Gomes,Rodrigo Martins Gomes,Midfielder,WOL,0.00,0.00
2444829,André,André Trindade da Costa Neto,Midfielder,WOL,0.02,0.00
2444829,Toti,Toti António Gomes,Defender,WOL,0.03,0.00
2444829,Agbadou,Emmanuel Agbadou,Defender,WOL,0.01,0.00
2444829,Mané,Mateus Mané,Forward,WOL,0.00,0.00
2444830,Jorginho,Jorge Luiz Frello Filho,Midfielder,ARS,0.00,0.00
2444830,Trossard,Leandro Trossard,Midfielder,ARS,0.05,0.05
2444830,Raya Martin,David Raya Martin,Goalkeeper,ARS,0.01,0.00
2444830,Partey,Thomas Partey,Midfielder,ARS,0.02,0.24
2444830,Odegaard,Martin Odegaard,Midfielder,ARS,0.04,0.03
2444830,Tierney,Kieran Tierney,Defender,ARS,0.00,0.00
2444830,White (Ben),Ben White,Defender,ARS,0.02,0.02
2444830,Rice,Declan Rice,Midfielder,ARS,0.02,0.09
2444830,Havertz,Kai Havertz,Forward,ARS,0.01,0.00
2444830,Saka,Bukayo Saka,Midfielder,ARS,0.28,0.06
2444830,Kiwior,Jakub Kiwior,Defender,ARS,0.02,0.00
2444830,Martinelli,Gabriel Teodoro Martinelli Silva,Midfielder,ARS,0.05,0.12
2444830,Saliba,William Saliba,Defender,ARS,0.00,0.00
2444830,Calafiori,Riccardo Calafiori,Defender,ARS,0.01,0.00
2444830,Lewis-Skelly,Myles Lewis-Skelly,Midfielder,ARS,0.03,0.04
2444830,Wilson (Callum),Callum Wilson,Forward,NEW,0.03,0.00
2444830,Burn,Dan Burn,Defender,NEW,0.02,0.18
2444830,Pope,Nick Pope,Goalkeeper,NEW,0.00,0.00
2444830,Krafth,Emil Krafth,Defender,NEW,0.00,0.00
2444830,Murphy (Jacob),Jacob Murphy,Midfielder,NEW,0.03,0.00
2444830,Schär,Fabian Schär,Defender,NEW,0.01,0.92
2444830,Willock,Joseph Willock,Midfielder,NEW,0.00,0.05
2444830,Barnes,Harvey Barnes,Midfielder,NEW,0.03,0.21
2444830,Bruno Guimarães,Bruno Guimarães Rodriguez Moura,Midfielder,NEW,0.14,0.29
2444830,Botman,Sven Botman,Defender,NEW,0.17,0.15
2444830,Gordon (Anthony),Anthony Gordon,Midfielder,NEW,0.15,0.00
2444830,Tonali,Sandro Tonali,Midfielder,NEW,0.33,0.03
2444830,Livramento,Valentino Livramento,Defender,NEW,0.05,0.07
2444830,Osula,William Osula,Forward,NEW,0.01,0.00
2444830,Miley (Lewis),Lewis Miley,Midfielder,NEW,0.01,0.00
2444831,Barkley,Ross Barkley,Midfielder,AVL,0.00,0.00
2444831,Martinez,Emiliano Martinez,Goalkeeper,AVL,0.00,0.00
2444831,McGinn,John McGinn,Midfielder,AVL,0.15,0.11
2444831,Asensio,Marco Asensio,Midfielder,AVL,0.16,0.17
2444831,Watkins,Ollie Watkins,Forward,AVL,0.37,0.22
2444831,Cash,Matthew Cash,Defender,AVL,0.02,0.06
2444831,Konsa Ngoyo,Ezri Konsa Ngoyo,Defender,AVL,0.12,0.35
2444831,Malen,Donyell Malen,Midfielder,AVL,0.00,0.00
2444831,Bailey,Leon Bailey,Midfielder,AVL,0.00,0.00
2444831,Kamara,Boubacar Kamara,Midfielder,AVL,0.14,0.04
2444831,Rogers,Morgan Rogers,Midfielder,AVL,0.08,0.36
2444831,Torres,Pau Torres,Defender,AVL,0.07,0.00
2444831,Maatsen,Ian Maatsen,Defender,AVL,0.13,0.08
2444831,Mvom Onana,Amadou Mvom Onana,Midfielder,AVL,0.17,0.00
2444831,Son,Heung-Min Son,Midfielder,TOT,0.01,0.06
2444831,Davies (Ben),Ben Davies,Defender,TOT,0.00,0.00
2444831,Danso,Kevin Danso,Defender,TOT,0.00,0.00
2444831,Solanke,Dominic Solanke,Forward,TOT,0.00,0.00
2444831,Reguilón,Sergio Reguilón,Defender,TOT,0.00,0.05
2444831,Bentancur,Rodrigo Bentancur,Midfielder,TOT,0.00,0.00
2444831,Richarlison,Richarlison de Andrade,Forward,TOT,0.00,0.00
2444831,Bissouma,Yves Bissouma,Midfielder,TOT,0.00,0.00
2444831,Spence,Djed Spence,Defender,TOT,0.01,0.00
2444831,Johnson (Brennan),Brennan Johnson,Midfielder,TOT,0.00,0.00
2444831,Sarr (Pape),Pape Sarr,Midfielder,TOT,0.00,0.00
2444831,Kinsky,Antonín Kinsky,Goalkeeper,TOT,0.00,0.00
2444831,Moore (Mikey),Mikey Moore,Midfielder,TOT,0.00,0.00
2444831,Tel,Mathys Tel,Midfielder,TOT,0.15,0.00
2444831,Gray (Archie),Archie Gray,Midfielder,TOT,0.00,0.00
2444831,Odobert,Wilson Odobert,Midfielder,TOT,0.03,0.41
2444832,Flekken,Mark Flekken,Goalkeeper,BRE,0.00,0.00
2444832,Norgaard,Christian Norgaard,Midfielder,BRE,0.04,0.32
2444832,Ajer,Kristoffer Ajer,Defender,BRE,0.01,0.00
2444832,Henry,Rico Henry,Defender,BRE,0.01,0.00
2444832,Jensen,Mathias Jensen,Midfielder,BRE,0.09,0.00
2444832,Wissa,Yoane Wissa,Forward,BRE,0.06,1.25
2444832,Lewis-Potter,Keane Lewis-Potter,Midfielder,BRE,0.03,0.00
2444832,Collins,Nathan Collins,Defender,BRE,0.00,0.00
2444832,Damsgaard,Mikkel Damsgaard,Midfielder,BRE,0.31,0.10
2444832,van den Berg,Sepp van den Berg,Defender,BRE,0.00,0.10
2444832,Mbeumo,Bryan Mbeumo,Midfielder,BRE,0.09,0.99
2444832,Thiago,Igor Thiago Nascimento Rodrigues,Forward,BRE,0.01,0.00
2444832,Yarmolyuk,Ehor Yarmolyuk,Midfielder,BRE,0.16,0.00
2444832,Schade,Kevin Schade,Midfielder,BRE,0.01,0.12
2444832,Kayode,Michael Kayode,Defender,BRE,0.01,0.00
2444832,Cairney,Tom Cairney,Midfielder,FUL,0.03,0.29
2444832,Leno,Bernd Leno,Goalkeeper,FUL,0.00,0.00
2444832,Raúl Jiménez,Raul Alonso Jimenez Rodriguez,Forward,FUL,0.04,0.37
2444832,Iwobi,Alex Iwobi,Midfielder,FUL,0.02,0.04
2444832,Wilson (Harry),Harry Wilson,Midfielder,FUL,0.03,0.01
2444832,Traoré (Adama),Adama Traoré,Midfielder,FUL,0.09,0.06
2444832,Tete,Kenny Tete,Defender,FUL,0.03,0.08
2444832,Robinson (Antonee),Antonee Robinson,Defender,FUL,0.11,0.00
2444832,Andersen,Joachim Andersen,Defender,FUL,0.01,0.02
2444832,Sessegnon (Ryan),Kouassi Ryan Sessegnon,Defender,FUL,0.00,0.00
2444832,Berge,Sander Berge,Midfielder,FUL,0.01,0.00
2444832,Smith-Rowe,Emile Smith-Rowe,Midfielder,FUL,0.06,0.10
2444832,Lukic,Sasa Lukic,Midfielder,FUL,0.08,0.01
2444832,Bassey,Calvin Bassey,Defender,FUL,0.00,0.00
2444832,Cuenca,Jorge Cuenca,Defender,FUL,0.00,0.00
2444832,King (Joshua),Joshua King,Midfielder,FUL,0.01,0.00
2444833,Welbeck,Danny Welbeck,Forward,BHA,0.08,0.66
2444833,Webster,Adam Webster,Defender,BHA,0.02,0.00
2444833,Estupiñán,Pervis Estupiñán,Defender,BHA,0.19,0.11
2444833,O’Riley,Matt O’Riley,Midfielder,BHA,0.41,0.00
2444833,Mitoma,Kaoru Mitoma,Midfielder,BHA,0.25,0.40
2444833,Wieffer,Mats Wieffer,Midfielder,BHA,0.02,0.00
2444833,van Hecke,Jan-Paul van Hecke,Defender,BHA,0.01,0.00
2444833,Verbruggen,Bart Verbruggen,Goalkeeper,BHA,0.00,0.00
2444833,Ayari,Yasin Ayari,Midfielder,BHA,0.08,0.17
2444833,Gruda,Brajan Gruda,Midfielder,BHA,0.53,0.14
2444833,Gómez (Diego),Diego Gómez,Midfielder,BHA,0.06,0.00
2444833,Hinshelwood,Jack Hinshelwood,Midfielder,BHA,0.01,0.62
2444833,Baleba,Carlos Baleba,Midfielder,BHA,0.02,0.00
2444833,Adingra,Simon Adingra,Midfielder,BHA,0.40,0.12
2444833,Minteh,Yankuba Minteh,Midfielder,BHA,0.05,0.02
2444833,Howell,Harry Howell,Midfielder,BHA,0.05,0.00
2444833,Alisson,Alisson Ramses Becker,Goalkeeper,LIV,0.00,0.00
2444833,Salah,Mohamed Salah,Midfielder,LIV,0.06,0.83
2444833,Endo,Wataru Endo,Midfielder,LIV,0.00,0.00
2444833,Konaté,Ibrahima Konaté,Defender,LIV,0.02,0.00
2444833,Jones,Curtis Jones,Midfielder,LIV,0.02,0.06
2444833,Tsimikas,Konstantinos Tsimikas,Defender,LIV,0.02,0.00
2444833,Chiesa,Federico Chiesa,Midfielder,LIV,0.06,0.09
2444833,Gakpo,Cody Gakpo,Forward,LIV,0.37,0.09
2444833,Díaz,Luis Díaz,Midfielder,LIV,0.04,0.02
2444833,Szoboszlai,Dominik Szoboszlai,Midfielder,LIV,0.02,0.11
2444833,Gravenberch,Ryan Gravenberch,Midfielder,LIV,0.01,0.03
2444833,Quansah,Jarell Quansah,Defender,LIV,0.00,0.00
2444833,Elliott,Harvey Elliott,Midfielder,LIV,0.04,0.90
2444833,Núñez,Darwin Núñez,Forward,LIV,0.04,0.00
2444833,Bradley,Conor Bradley,Defender,LIV,0.82,0.11
2444834,Tosin,Oluwatosin Adarabioyo,Defender,CHE,0.00,0.03
2444834,Cucurella,Marc Cucurella,Defender,CHE,0.01,0.16
2444834,Sanchez,Robert Sanchez,Goalkeeper,CHE,0.00,0.00
2444834,James,Reece James,Defender,CHE,0.24,0.06
2444834,Palmer (Cole),Cole Palmer,Midfielder,CHE,0.27,0.06
2444834,Neto,Pedro Neto,Midfielder,CHE,0.05,0.02
2444834,Madueke,Noni Madueke,Midfielder,CHE,0.02,0.45
2444834,Fernández,Enzo Fernández,Midfielder,CHE,0.01,0.02
2444834,Colwill,Levi Colwill,Defender,CHE,0.01,0.00
2444834,Gusto,Malo Gusto,Defender,CHE,0.00,0.00
2444834,Moises Caicedo,Moises Caicedo,Midfielder,CHE,0.07,0.02
2444834,Lavia,Romeo Lavia,Midfielder,CHE,0.00,0.00
2444834,George,Tyrique George,Midfielder,CHE,0.00,0.00
2444834,Casemiro,Carlos Henrique Jose Francisco Venancio,Midfielder,MUN,0.01,0.00
2444834,Maguire,Harry Maguire,Defender,MUN,0.00,0.00
2444834,Shaw,Luke Shaw,Defender,MUN,0.00,0.00
2444834,Bruno Fernandes,Bruno Miguel Borges Fernandes,Midfielder,MUN,0.04,0.03
2444834,Mount,Mason Mount,Midfielder,MUN,0.01,0.21
2444834,Lindelof,Victor Nilsson-Lindelof,Defender,MUN,0.00,0.00
2444834,Onana,André Onana,Goalkeeper,MUN,0.01,0.00
2444834,Mazraoui,Noussair Mazraoui,Defender,MUN,0.01,0.00
2444834,Ugarte,Manuel Ugarte,Midfielder,MUN,0.01,0.00
2444834,Garnacho,Alejandro Garnacho Ferreyra,Midfielder,MUN,0.02,0.00
2444834,Amad Diallo,Amad Diallo Traore,Midfielder,MUN,0.15,0.05
2444834,Højlund,Rasmus Højlund,Forward,MUN,0.00,0.00
2444834,Mainoo,Kobbie Mainoo,Midfielder,MUN,0.00,0.00
2444834,Dorgu,Patrick Dorgu,Defender,MUN,0.05,0.00
2444834,Heaven,Ayden Heaven,Defender,MUN,0.00,0.00
2444835,Ward (Joel),Joel Ward,Defender,CRY,0.01,0.00
2444835,Hughes,Will Hughes,Midfielder,CRY,0.01,0.00
2444835,Lerma,Jefferson Lerma,Midfielder,CRY,0.01,0.00
2444835,Henderson,Dean Henderson,Goalkeeper,CRY,0.00,0.00
2444835,Chilwell,Benjamin Chilwell,Defender,CRY,0.12,0.17
2444835,Eddie Nketiah,Edward Nketiah,Forward,CRY,0.02,0.63
2444835,Kamada,Daichi Kamada,Midfielder,CRY,0.02,0.00
2444835,Mateta,Jean-Philippe Mateta,Forward,CRY,0.03,0.22
2444835,Ismaila Sarr,Ismaila Sarr,Midfielder,CRY,0.25,0.29
2444835,Eze,Eberechi Eze,Midfielder,CRY,0.06,0.22
2444835,Muñoz,Daniel Muñoz,Defender,CRY,0.04,0.06
2444835,Richards (Chris),Chris Richards,Defender,CRY,0.00,0.00
2444835,Lacroix,Maxence Lacroix,Defender,CRY,0.00,0.00
2444835,Devenny,Justin Devenny,Midfielder,CRY,0.01,0.02
2444835,Matheus França,Matheus França de Oliveira,Midfielder,CRY,0.01,0.04
2444835,Esse,Romain Esse,Midfielder,CRY,0.28,0.00
2444835,Bentley,Daniel Bentley,Goalkeeper,WOL,0.00,0.00
2444835,Sarabia,Pablo Sarabia,Midfielder,WOL,0.08,0.00
2444835,Gonçalo Guedes,Gonçalo Manuel Ganchinho Guedes,Midfielder,WOL,0.12,0.15
2444835,Hwang Hee-Chan,Hee-Chan Hwang,Midfielder,WOL,0.00,0.00
2444835,Semedo,Nelson Semedo,Defender,WOL,0.01,0.00
2444835,Bellegarde,Jean-Ricner Bellegarde,Midfielder,WOL,0.15,0.12
2444835,Strand Larsen,Jørgen Strand Larsen,Forward,WOL,0.01,0.24
2444835,Matheus Cunha,Matheus Santos Carneiro Da Cunha,Forward,WOL,0.04,0.20
2444835,Munetsi,Marshall Munetsi,Midfielder,WOL,0.01,0.04
2444835,João Gomes,João Victor Gomes da Silva,Midfielder,WOL,0.02,0.00
2444835,Ait Nouri,Rayan Ait Nouri,Defender,WOL,0.27,0.00
2444835,Rodrigo Gomes,Rodrigo Martins Gomes,Midfielder,WOL,0.04,0.11
2444835,André,André Trindade da Costa Neto,Midfielder,WOL,0.01,0.00
2444835,Toti,Toti António Gomes,Defender,WOL,0.01,0.00
2444835,Agbadou,Emmanuel Agbadou,Defender,WOL,0.02,0.56
2444835,Djiga,Nasser Yacouba Djiga,Defender,WOL,0.01,0.00
2444836,Young (Ashley),Ashley Young,Defender,EVE,0.35,0.00
2444836,Coleman,Seamus Coleman,Defender,EVE,0.02,0.00
2444836,Gueye,Idrissa Gueye,Midfielder,EVE,0.02,0.00
2444836,Keane,Michael Keane,Defender,EVE,0.00,0.00
2444836,Pickford,Jordan Pickford,Goalkeeper,EVE,0.00,0.00
2444836,Doucouré,Abdoulaye Doucouré,Midfielder,EVE,0.17,0.27
2444836,Calvert-Lewin,Dominic Calvert-Lewin,Forward,EVE,0.00,0.00
2444836,Harrison (Jack),Jack Harrison,Midfielder,EVE,0.00,0.00
2444836,Mykolenko,Vitaliy Mykolenko,Defender,EVE,0.04,0.02
2444836,Garner,James Garner,Midfielder,EVE,0.09,0.28
2444836,McNeil,Dwight McNeil,Midfielder,EVE,0.38,0.00
2444836,Ndiaye,Iliman Ndiaye,Forward,EVE,0.12,1.00
2444836,Branthwaite,Jarrad Branthwaite,Defender,EVE,0.01,0.05
2444836,Beto,Norberto Bercique Gomes Betuncal,Forward,EVE,0.12,1.03
2444836,Alcaraz,Carlos Alcaraz,Midfielder,EVE,0.00,0.00
2444836,O'Brien (Jake),Jake O'Brien,Defender,EVE,0.01,0.08
2444836,Stephens,Jack Stephens,Defender,SOU,0.01,0.00
2444836,Bree,James Bree,Defender,SOU,0.01,0.00
2444836,Aribo,Joe Aribo,Midfielder,SOU,0.00,0.00
2444836,Smallbone,William Smallbone,Midfielder,SOU,0.11,0.14
2444836,Downes,Flynn Downes,Midfielder,SOU,0.01,0.00
2444836,Ramsdale,Aaron Ramsdale,Goalkeeper,SOU,0.00,0.00
2444836,Stewart,Ross Stewart,Forward,SOU,0.00,0.51
2444836,Wood (Nathan),Nathan Wood,Defender,SOU,0.00,0.00
2444836,Harwood-Bellis,Taylor Harwood-Bellis,Defender,SOU,0.01,0.00
2444836,Archer,Cameron Archer,Forward,SOU,0.02,0.62
2444836,Robinson (Jay),Jay Robinson,Forward,SOU,0.52,0.00
2444836,Dibling,Tyler Dibling,Midfielder,SOU,0.01,0.00
2444836,Welington,Welington Damascena Santos,Defender,SOU,0.01,0.00
2444836,Sulemana,Kamaldeen Sulemana,Midfielder,SOU,0.00,0.00
2444836,Mateus Fernandes,Mateus Gonçalo Espanha Fernandes,Midfielder,SOU,0.12,0.03
2444836,Kayi-Sanda,Joachim Kayi-Sanda,Defender,SOU,0.00,0.00
2444837,Morsy,Sam Morsy,Midfielder,IPS,0.29,0.01
2444837,Luongo,Massimo Luongo,Midfielder,IPS,0.00,0.00
2444837,Palmer (Alex),Alex Palmer,Goalkeeper,IPS,0.00,0.00
2444837,Broadhead,Nathan Broadhead,Midfielder,IPS,0.00,0.10
2444837,Tuanzebe,Axel Tuanzebe,Defender,IPS,0.02,0.00
2444837,Chaplin,Conor Chaplin,Midfielder,IPS,0.00,0.10
2444837,O'Shea,Dara O'Shea,Defender,IPS,0.00,0.11
2444837,Hirst,George Hirst,Forward,IPS,0.00,0.24
2444837,Taylor (Jack),Jack Taylor,Midfielder,IPS,0.00,0.00
2444837,Clarke (Jack),Jack Clarke,Midfielder,IPS,0.05,0.10
2444837,Greaves,Jacob Greaves,Defender,IPS,0.01,0.00
2444837,Cajuste,Jens Cajuste,Midfielder,IPS,0.08,0.17
2444837,Davis,Leif Davis,Defender,IPS,0.44,0.09
2444837,Delap,Liam Delap,Forward,IPS,0.00,0.00
2444837,Enciso,Julio Enciso,Midfielder,IPS,0.02,0.21
2444837,Hutchinson,Omari Hutchinson,Midfielder,IPS,0.22,0.27
2444837,Ayew,Jordan Ayew,Midfielder,LEI,0.01,0.13
2444837,Coady,Conor Coady,Defender,LEI,0.00,0.00
2444837,Vardy,Jamie Vardy,Forward,LEI,0.00,0.45
2444837,Ricardo Pereira,Ricardo Domingos Barbosa Pereira,Defender,LEI,0.00,0.00
2444837,Ndidi,Onyinye Wilfred Ndidi,Midfielder,LEI,0.02,0.00
2444837,Skipp,Oliver Skipp,Midfielder,LEI,0.00,0.00
2444837,Faes,Wout Faes,Defender,LEI,0.00,0.00
2444837,Justin,James Justin,Defender,LEI,0.08,0.00
2444837,Soumaré,Boubakary Soumaré,Midfielder,LEI,0.01,0.00
2444837,Thomas,Luke Thomas,Defender,LEI,0.00,0.00
2444837,Daka,Patson Daka,Forward,LEI,0.00,0.00
2444837,Stolarczyk,Jakub Stolarczyk,Goalkeeper,LEI,0.00,0.00
2444837,McAteer,Kasey McAteer,Midfielder,LEI,0.01,0.17
2444837,El Khannouss,Bilal El Khannouss,Midfielder,LEI,0.09,0.04
2444837,Evans (Jake),Jake Evans,Midfielder,LEI,0.00,0.00
2444837,Monga,Jeremy Monga,Midfielder,LEI,0.01,0.02
2444838,Smith,Adam Smith,Defender,BOU,0.00,0.00
2444838,Kepa,Kepa Arrizabalaga Revuelta,Goalkeeper,BOU,0.00,0.00
2444838,Brooks,David Brooks,Midfielder,BOU,0.03,0.00
2444838,Cook,Lewis Cook,Midfielder,BOU,0.01,0.00
2444838,Adams (Tyler),Tyler Adams,Midfielder,BOU,0.03,0.00
2444838,Tavernier,Marcus Tavernier,Midfielder,BOU,0.07,0.03
2444838,Kluivert,Justin Kluivert,Midfielder,BOU,0.02,0.30
2444838,Araujo,Julian Araujo,Defender,BOU,0.05,0.00
2444838,Semenyo,Antoine Semenyo,Midfielder,BOU,0.01,0.08
2444838,Evanilson,Francisco Evanilson de Lima Barbosa,Forward,BOU,0.03,0.43
2444838,Zabarnyi,Illia Zabarnyi,Defender,BOU,0.01,0.00
2444838,Jebbison,Daniel Jebbison,Forward,BOU,0.00,0.29
2444838,Kerkez,Milos Kerkez,Defender,BOU,0.08,0.00
2444838,Huijsen,Dean Huijsen,Defender,BOU,0.02,0.00
2444838,Soler (Julio),Julio Soler,Defender,BOU,0.00,0.00
2444838,Gundogan,Ilkay Gundogan,Midfielder,MCI,0.10,0.01
2444838,De Bruyne,Kevin De Bruyne,Midfielder,MCI,0.16,0.87
2444838,Kovacic,Mateo Kovacic,Midfielder,MCI,0.09,0.03
2444838,Grealish,Jack Grealish,Midfielder,MCI,0.00,0.00
2444838,Ederson,Ederson Santana de Moraes,Goalkeeper,MCI,0.00,0.00
2444838,Bernardo Silva,Bernardo Mota Veiga de Carvalho e Silva,Midfielder,MCI,0.28,0.30
2444838,Rúben Dias,Rúben Santos Gato Alves Dias,Defender,MCI,0.02,0.00
2444838,Akanji,Manuel Akanji,Defender,MCI,0.01,0.00
2444838,Rodri,Rodrigo Hernández Cascante,Midfielder,MCI,0.00,0.00
2444838,Haaland,Erling Haaland,Forward,MCI,0.03,0.11
2444838,Doku,Jéremy Doku,Midfielder,MCI,0.00,0.00
2444838,Omar Marmoush,Omar Khaled Mohamed Marmoush,Forward,MCI,0.64,0.11
2444838,Matheus Nunes,Matheus Luiz Nunes,Midfielder,MCI,0.17,0.02
2444838,González (Nico),Nico González,Midfielder,MCI,0.01,0.08
2444838,Gvardiol,Joško Gvardiol,Defender,MCI,0.01,0.00
2444838,Bobb,Oscar Bobb,Midfielder,MCI,0.00,0.00
2444839,Wood (Chris),Chris Wood,Forward,NFO,0.12,0.21
2444839,Sels,Matz Sels,Goalkeeper,NFO,0.00,0.00
2444839,Aina,Ola Aina,Defender,NFO,0.01,0.00
2444839,Yates,Ryan Yates,Midfielder,NFO,0.00,0.00
2444839,Hudson-Odoi,Callum Hudson-Odoi,Midfielder,NFO,0.00,0.00
2444839,Sangaré,Ibrahim Sangaré,Midfielder,NFO,0.08,0.00
2444839,Williams (Neco),Neco Williams,Defender,NFO,0.14,0.00
2444839,Anderson,Elliot Anderson,Midfielder,NFO,0.24,0.00
2444839,Gibbs-White,Morgan Gibbs-White,Midfielder,NFO,0.23,1.14
2444839,Milenkovic,Nikola Milenkovic,Defender,NFO,0.01,0.35
2444839,Nicolás Domínguez,Nicolás Domínguez,Midfielder,NFO,0.02,0.01
2444839,Elanga,Anthony Elanga,Midfielder,NFO,0.44,0.18
2444839,Morato,Felipe Rodrigues da Silva,Defender,NFO,0.00,0.00
2444839,Jota Silva,João Pedro Ferreira da Silva,Midfielder,NFO,0.00,0.08
2444839,Danilo,Danilo dos Santos de Oliveira,Midfielder,NFO,0.00,0.00
2444839,Murillo,Murillo Santiago Costa dos Santos,Defender,NFO,0.01,0.00
2444839,Cresswell,Aaron Cresswell,Defender,WHU,0.39,0.12
2444839,Areola,Alphonse Areola,Goalkeeper,WHU,0.00,0.00
2444839,Füllkrug,Niclas Füllkrug,Forward,WHU,0.01,0.01
2444839,Ward-Prowse,James Ward-Prowse,Midfielder,WHU,0.15,0.00
2444839,Coufal,Vladimir Coufal,Defender,WHU,0.05,0.04
2444839,Bowen,Jarrod Bowen,Midfielder,WHU,0.03,0.16
2444839,Rodríguez,Guido Rodríguez,Midfielder,WHU,0.02,0.00
2444839,Álvarez (Edson),Edson Álvarez,Midfielder,WHU,0.01,0.00
2444839,Kilman,Max Kilman,Defender,WHU,0.01,0.00
2444839,Wan-Bissaka,Aaron Wan-Bissaka,Defender,WHU,0.02,0.00
2444839,Soucek,Tomas Soucek,Midfielder,WHU,0.00,0.04
2444839,Lucas Paquetá,Lucas Tolentino Coelho de Lima,Midfielder,WHU,0.04,0.14
2444839,Soler (Carlos),Carlos Soler,Midfielder,WHU,0.63,0.12
2444839,Kudus,Mohammed Kudus,Midfielder,WHU,0.10,0.15
2444839,Todibo,Jean-Clair Todibo,Defender,WHU,0.00,0.21
2444839,Luis Guilherme,Luis Guilherme Lira dos Santos,Midfielder,WHU,0.01,0.13
2444840,Smith,Adam Smith,Defender,BOU,0.31,0.00
2444840,Kepa,Kepa Arrizabalaga Revuelta,Goalkeeper,BOU,0.00,0.00
2444840,Brooks,David Brooks,Midfielder,BOU,0.19,0.33
2444840,Adams (Tyler),Tyler Adams,Midfielder,BOU,0.09,0.04
2444840,Tavernier,Marcus Tavernier,Midfielder,BOU,0.69,0.15
2444840,Senesi,Marcos Senesi,Defender,BOU,0.02,0.00
2444840,Kluivert,Justin Kluivert,Midfielder,BOU,0.22,0.03
2444840,Semenyo,Antoine Semenyo,Midfielder,BOU,0.10,0.45
2444840,Evanilson,Francisco Evanilson de Lima Barbosa,Forward,BOU,0.05,0.31
2444840,Zabarnyi,Illia Zabarnyi,Defender,BOU,0.17,0.19
2444840,Scott,Alex Scott,Midfielder,BOU,0.00,0.05
2444840,Jebbison,Daniel Jebbison,Forward,BOU,0.00,0.04
2444840,Kerkez,Milos Kerkez,Defender,BOU,0.07,0.04
2444840,Huijsen,Dean Huijsen,Defender,BOU,0.01,0.00
2444840,Soler (Julio),Julio Soler,Defender,BOU,0.00,0.00
2444840,Winterburn,Ben Winterburn,Midfielder,BOU,0.00,0.00
2444840,Ayew,Jordan Ayew,Midfielder,LEI,0.03,0.06
2444840,Coady,Conor Coady,Defender,LEI,0.00,0.00
2444840,Ricardo Pereira,Ricardo Domingos Barbosa Pereira,Defender,LEI,0.01,0.00
2444840,Skipp,Oliver Skipp,Midfielder,LEI,0.00,0.21
2444840,Faes,Wout Faes,Defender,LEI,0.00,0.00
2444840,Justin,James Justin,Defender,LEI,0.01,0.00
2444840,Soumaré,Boubakary Soumaré,Midfielder,LEI,0.07,0.00
2444840,Thomas,Luke Thomas,Defender,LEI,0.04,0.00
2444840,Daka,Patson Daka,Forward,LEI,0.01,0.00
2444840,Stolarczyk,Jakub Stolarczyk,Goalkeeper,LEI,0.00,0.00
2444840,McAteer,Kasey McAteer,Midfielder,LEI,0.23,0.00
2444840,Kristiansen,Victor Kristiansen,Defender,LEI,0.01,0.00
2444840,Buonanotte,Facundo Buonanotte,Midfielder,LEI,0.00,0.00
2444840,Aluko,Olabade Aluko,Defender,LEI,0.00,0.00
2444840,Evans (Jake),Jake Evans,Midfielder,LEI,0.00,0.00
2444840,Monga,Jeremy Monga,Midfielder,LEI,0.01,0.00
2444841,Cairney,Tom Cairney,Midfielder,FUL,0.00,0.23
2444841,Leno,Bernd Leno,Goalkeeper,FUL,0.00,0.00
2444841,Raúl Jiménez,Raul Alonso Jimenez Rodriguez,Forward,FUL,0.00,0.21
2444841,Iwobi,Alex Iwobi,Midfielder,FUL,0.03,0.02
2444841,Wilson (Harry),Harry Wilson,Midfielder,FUL,0.01,0.17
2444841,Pereira,Andreas Pereira,Midfielder,FUL,0.26,0.29
2444841,Traoré (Adama),Adama Traoré,Midfielder,FUL,0.05,0.07
2444841,Tete,Kenny Tete,Defender,FUL,0.01,0.06
2444841,Robinson (Antonee),Antonee Robinson,Defender,FUL,0.01,0.00
2444841,Andersen,Joachim Andersen,Defender,FUL,0.00,0.00
2444841,Sessegnon (Ryan),Kouassi Ryan Sessegnon,Defender,FUL,0.28,0.00
2444841,Berge,Sander Berge,Midfielder,FUL,0.02,0.20
2444841,Smith-Rowe,Emile Smith-Rowe,Midfielder,FUL,0.05,0.00
2444841,Lukic,Sasa Lukic,Midfielder,FUL,0.01,0.00
2444841,Cuenca,Jorge Cuenca,Defender,FUL,0.00,0.00
2444841,King (Joshua),Joshua King,Midfielder,FUL,0.00,0.07
2444841,Gundogan,Ilkay Gundogan,Midfielder,MCI,0.45,0.48
2444841,De Bruyne,Kevin De Bruyne,Midfielder,MCI,0.00,0.00
2444841,Ederson,Ederson Santana de Moraes,Goalkeeper,MCI,0.00,0.00
2444841,Bernardo Silva,Bernardo Mota Veiga de Carvalho e Silva,Midfielder,MCI,0.29,0.00
2444841,Rúben Dias,Rúben Santos Gato Alves Dias,Defender,MCI,0.05,0.00
2444841,Foden,Phil Foden,Midfielder,MCI,0.00,0.00
2444841,Akanji,Manuel Akanji,Defender,MCI,0.01,0.41
2444841,Haaland,Erling Haaland,Forward,MCI,0.02,0.98
2444841,Doku,Jéremy Doku,Midfielder,MCI,0.16,0.28
2444841,Omar Marmoush,Omar Khaled Mohamed Marmoush,Forward,MCI,0.03,0.43
2444841,Matheus Nunes,Matheus Luiz Nunes,Midfielder,MCI,0.08,0.29
2444841,González (Nico),Nico González,Midfielder,MCI,0.02,0.10
2444841,Gvardiol,Joško Gvardiol,Defender,MCI,0.04,0.16
2444841,Savinho,Sávio Moreira de Oliveira,Midfielder,MCI,0.00,0.00
2444841,Echeverri,Claudio Echeverri,Midfielder,MCI,0.01,0.00
2444842,Morsy,Sam Morsy,Midfielder,IPS,0.07,0.03
2444842,Luongo,Massimo Luongo,Midfielder,IPS,0.00,0.00
2444842,Walton,Christian Walton,Goalkeeper,IPS,0.00,0.00
2444842,Szmodics,Sammie Szmodics,Midfielder,IPS,0.01,0.00
2444842,Broadhead,Nathan Broadhead,Midfielder,IPS,0.02,0.11
2444842,Tuanzebe,Axel Tuanzebe,Defender,IPS,0.08,0.00
2444842,Chaplin,Conor Chaplin,Midfielder,IPS,0.05,0.25
2444842,O'Shea,Dara O'Shea,Defender,IPS,0.01,0.00
2444842,Hirst,George Hirst,Forward,IPS,0.00,0.00
2444842,Taylor (Jack),Jack Taylor,Midfielder,IPS,0.00,0.00
2444842,Clarke (Jack),Jack Clarke,Midfielder,IPS,0.16,0.10
2444842,Greaves,Jacob Greaves,Defender,IPS,0.01,0.03
2444842,Cajuste,Jens Cajuste,Midfielder,IPS,0.04,0.00
2444842,Davis,Leif Davis,Defender,IPS,0.12,0.00
2444842,Delap,Liam Delap,Forward,IPS,0.00,0.04
2444842,Hutchinson,Omari Hutchinson,Midfielder,IPS,0.06,0.20
2444842,Fabianski,Lukasz Fabianski,Goalkeeper,WHU,0.00,0.00
2444842,Cresswell,Aaron Cresswell,Defender,WHU,0.00,0.00
2444842,Füllkrug,Niclas Füllkrug,Forward,WHU,0.04,0.16
2444842,Ward-Prowse,James Ward-Prowse,Midfielder,WHU,0.21,0.56
2444842,Coufal,Vladimir Coufal,Defender,WHU,0.00,0.00
2444842,Bowen,Jarrod Bowen,Midfielder,WHU,0.17,0.11
2444842,Rodríguez,Guido Rodríguez,Midfielder,WHU,0.02,0.00
2444842,Álvarez (Edson),Edson Álvarez,Midfielder,WHU,0.04,0.08
2444842,Kilman,Max Kilman,Defender,WHU,0.01,0.00
2444842,Wan-Bissaka,Aaron Wan-Bissaka,Defender,WHU,0.04,0.00
2444842,Soucek,Tomas Soucek,Midfielder,WHU,0.02,0.11
2444842,Lucas Paquetá,Lucas Tolentino Coelho de Lima,Midfielder,WHU,0.00,0.00
2444842,Mavropanos,Konstantinos Mavropanos,Defender,WHU,0.00,0.00
2444842,Kudus,Mohammed Kudus,Midfielder,WHU,0.01,0.07
2444842,Todibo,Jean-Clair Todibo,Defender,WHU,0.01,0.00
2444842,Scarles,Oliver Scarles,Defender,WHU,0.01,0.00
2444843,Hughes,Will Hughes,Midfielder,CRY,0.01,0.02
2444843,Lerma,Jefferson Lerma,Midfielder,CRY,0.00,0.00
2444843,Henderson,Dean Henderson,Goalkeeper,CRY,0.00,0.00
2444843,Eddie Nketiah,Edward Nketiah,Forward,CRY,0.00,0.22
2444843,Kamada,Daichi Kamada,Midfielder,CRY,0.01,0.00
2444843,Mateta,Jean-Philippe Mateta,Forward,CRY,0.00,0.68
2444843,Ismaila Sarr,Ismaila Sarr,Midfielder,CRY,0.10,0.68
2444843,Eze,Eberechi Eze,Midfielder,CRY,0.59,0.00
2444843,Mitchell,Tyrick Mitchell,Defender,CRY,0.02,0.00
2444843,Muñoz,Daniel Muñoz,Defender,CRY,0.01,0.00
2444843,Richards (Chris),Chris Richards,Defender,CRY,0.00,0.00
2444843,Lacroix,Maxence Lacroix,Defender,CRY,0.05,0.00
2444843,Devenny,Justin Devenny,Midfielder,CRY,0.01,0.08
2444843,Matheus França,Matheus França de Oliveira,Midfielder,CRY,0.01,0.09
2444843,Esse,Romain Esse,Midfielder,CRY,0.00,0.00
2444843,van Dijk,Virgil van Dijk,Defender,LIV,0.04,0.00
2444843,Alisson,Alisson Ramses Becker,Goalkeeper,LIV,0.00,0.00
2444843,Salah,Mohamed Salah,Midfielder,LIV,0.42,0.40
2444843,Robertson,Andrew Robertson,Defender,LIV,0.05,0.00
2444843,Endo,Wataru Endo,Midfielder,LIV,0.01,0.00
2444843,Alexander-Arnold,Trent Alexander-Arnold,Defender,LIV,0.31,0.01
2444843,Diogo Jota,Diogo José Teixeira da Silva,Midfielder,LIV,0.00,0.34
2444843,Konaté,Ibrahima Konaté,Defender,LIV,0.03,0.00
2444843,Jones,Curtis Jones,Midfielder,LIV,0.05,0.05
2444843,Gakpo,Cody Gakpo,Forward,LIV,0.20,0.07
2444843,Díaz,Luis Díaz,Midfielder,LIV,0.04,0.72
2444843,Szoboszlai,Dominik Szoboszlai,Midfielder,LIV,0.10,0.05
2444843,Gravenberch,Ryan Gravenberch,Midfielder,LIV,0.23,0.00
2444843,Elliott,Harvey Elliott,Midfielder,LIV,0.00,0.00
2444843,Núñez,Darwin Núñez,Forward,LIV,0.03,0.51
2444843,Bradley,Conor Bradley,Defender,LIV,0.02,0.00
2444844,Barkley,Ross Barkley,Midfielder,AVL,0.01,0.07
2444844,Martinez,Emiliano Martinez,Goalkeeper,AVL,0.00,0.00
2444844,Olsen,Robin Olsen,Goalkeeper,AVL,0.00,0.00
2444844,McGinn,John McGinn,Midfielder,AVL,0.03,0.08
2444844,Tielemans,Youri Tielemans,Midfielder,AVL,0.01,0.18
2444844,Asensio,Marco Asensio,Midfielder,AVL,0.02,0.00
2444844,Watkins,Ollie Watkins,Forward,AVL,0.03,0.00
2444844,Cash,Matthew Cash,Defender,AVL,0.01,0.06
2444844,Konsa Ngoyo,Ezri Konsa Ngoyo,Defender,AVL,0.00,0.00
2444844,Malen,Donyell Malen,Midfielder,AVL,0.10,0.00
2444844,Kamara,Boubacar Kamara,Midfielder,AVL,0.02,0.00
2444844,Ramsey (Jacob),Jacob Ramsey,Midfielder,AVL,0.06,0.00
2444844,Rogers,Morgan Rogers,Midfielder,AVL,0.01,0.00
2444844,Torres,Pau Torres,Defender,AVL,0.00,0.00
2444844,Maatsen,Ian Maatsen,Defender,AVL,0.02,0.00
2444844,Mvom Onana,Amadou Mvom Onana,Midfielder,AVL,0.02,0.00
2444844,Evans (Jonny),Jonny Evans,Defender,MUN,0.00,0.02
2444844,Casemiro,Carlos Henrique Jose Francisco Venancio,Midfielder,MUN,0.09,0.18
2444844,Eriksen,Christian Eriksen,Midfielder,MUN,0.05,0.94
2444844,Maguire,Harry Maguire,Defender,MUN,0.04,0.00
2444844,Bruno Fernandes,Bruno Miguel Borges Fernandes,Midfielder,MUN,0.54,0.30
2444844,Mount,Mason Mount,Midfielder,MUN,0.08,0.74
2444844,Lindelof,Victor Nilsson-Lindelof,Defender,MUN,0.02,0.00
2444844,Dalot,José Diogo Dalot Teixeira,Defender,MUN,0.00,0.04
2444844,Mazraoui,Noussair Mazraoui,Defender,MUN,0.13,0.00
2444844,Bayindir,Altay Bayindir,Goalkeeper,MUN,0.00,0.00
2444844,Amad Diallo,Amad Diallo Traore,Midfielder,MUN,0.19,0.41
2444844,Højlund,Rasmus Højlund,Forward,MUN,0.24,0.10
2444844,Mainoo,Kobbie Mainoo,Midfielder,MUN,0.43,0.00
2444844,Obi-Martin,Chido Obi-Martin,Forward,MUN,0.00,0.05
2444844,Dorgu,Patrick Dorgu,Defender,MUN,0.14,0.05
2444844,Heaven,Ayden Heaven,Defender,MUN,0.01,0.13
2444845,Young (Ashley),Ashley Young,Defender,EVE,0.11,0.00
2444845,Gueye,Idrissa Gueye,Midfielder,EVE,0.02,0.00
2444845,Keane,Michael Keane,Defender,EVE,0.00,0.00
2444845,Pickford,Jordan Pickford,Goalkeeper,EVE,0.01,0.00
2444845,Doucouré,Abdoulaye Doucouré,Midfielder,EVE,0.00,0.00
2444845,Calvert-Lewin,Dominic Calvert-Lewin,Forward,EVE,0.00,0.49
2444845,Harrison (Jack),Jack Harrison,Midfielder,EVE,0.01,0.04
2444845,Mykolenko,Vitaliy Mykolenko,Defender,EVE,0.17,0.00
2444845,Garner,James Garner,Midfielder,EVE,0.01,0.11
2444845,McNeil,Dwight McNeil,Midfielder,EVE,0.01,0.00
2444845,Ndiaye,Iliman Ndiaye,Forward,EVE,0.01,0.04
2444845,Beto,Norberto Bercique Gomes Betuncal,Forward,EVE,0.01,0.21
2444845,Alcaraz,Carlos Alcaraz,Midfielder,EVE,0.01,0.27
2444845,O'Brien (Jake),Jake O'Brien,Defender,EVE,0.00,0.00
2444845,Wilson (Callum),Callum Wilson,Forward,NEW,0.01,0.00
2444845,Trippier,Kieran Trippier,Defender,NEW,0.05,0.04
2444845,Burn,Dan Burn,Defender,NEW,0.01,0.00
2444845,Pope,Nick Pope,Goalkeeper,NEW,0.00,0.00
2444845,Murphy (Jacob),Jacob Murphy,Midfielder,NEW,0.02,0.00
2444845,Schär,Fabian Schär,Defender,NEW,0.05,0.43
2444845,Willock,Joseph Willock,Midfielder,NEW,0.00,0.00
2444845,Barnes,Harvey Barnes,Midfielder,NEW,0.02,0.08
2444845,Bruno Guimarães,Bruno Guimarães Rodriguez Moura,Midfielder,NEW,0.07,0.06
2444845,Isak,Alexander Isak,Forward,NEW,0.03,0.15
2444845,Botman,Sven Botman,Defender,NEW,0.00,0.41
2444845,Gordon (Anthony),Anthony Gordon,Midfielder,NEW,0.02,0.02
2444845,Tonali,Sandro Tonali,Midfielder,NEW,0.35,0.04
2444845,Livramento,Valentino Livramento,Defender,NEW,0.25,0.00
2444845,Osula,William Osula,Forward,NEW,0.01,0.04
2444846,Tosin,Oluwatosin Adarabioyo,Defender,CHE,0.01,0.00
2444846,Cucurella,Marc Cucurella,Defender,CHE,0.02,0.00
2444846,Sancho,Jadon Sancho,Midfielder,CHE,0.01,0.00
2444846,Sanchez,Robert Sanchez,Goalkeeper,CHE,0.00,0.00
2444846,Dewsbury-Hall,Kiernan Dewsbury-Hall,Midfielder,CHE,0.00,0.00
2444846,James,Reece James,Defender,CHE,0.01,0.00
2444846,Palmer (Cole),Cole Palmer,Midfielder,CHE,0.34,0.01
2444846,Neto,Pedro Neto,Midfielder,CHE,0.01,0.35
2444846,Madueke,Noni Madueke,Midfielder,CHE,0.08,0.08
2444846,Fernández,Enzo Fernández,Midfielder,CHE,0.01,0.00
2444846,Colwill,Levi Colwill,Defender,CHE,0.01,0.58
2444846,Gusto,Malo Gusto,Defender,CHE,0.00,0.00
2444846,Moises Caicedo,Moises Caicedo,Midfielder,CHE,0.03,0.00
2444846,Lavia,Romeo Lavia,Midfielder,CHE,0.00,0.07
2444846,Wood (Chris),Chris Wood,Forward,NFO,0.01,0.82
2444846,Sels,Matz Sels,Goalkeeper,NFO,0.18,0.00
2444846,Aina,Ola Aina,Defender,NFO,0.34,0.02
2444846,Yates,Ryan Yates,Midfielder,NFO,0.00,0.00
2444846,Hudson-Odoi,Callum Hudson-Odoi,Midfielder,NFO,0.01,0.00
2444846,Sangaré,Ibrahim Sangaré,Midfielder,NFO,0.01,0.00
2444846,Williams (Neco),Neco Williams,Defender,NFO,0.02,0.00
2444846,Anderson,Elliot Anderson,Midfielder,NFO,0.03,0.19
2444846,Gibbs-White,Morgan Gibbs-White,Midfielder,NFO,0.01,0.00
2444846,Milenkovic,Nikola Milenkovic,Defender,NFO,0.04,0.08
2444846,Nicolás Domínguez,Nicolás Domínguez,Midfielder,NFO,0.03,0.00
2444846,Elanga,Anthony Elanga,Midfielder,NFO,0.16,0.05
2444846,Jota Silva,João Pedro Ferreira da Silva,Midfielder,NFO,0.00,0.00
2444846,Murillo,Murillo Santiago Costa dos Santos,Defender,NFO,0.01,0.03
2444847,Sterling,Raheem Sterling,Midfielder,ARS,0.01,0.11
2444847,Trossard,Leandro Trossard,Midfielder,ARS,0.02,0.10
2444847,Raya Martin,David Raya Martin,Goalkeeper,ARS,0.00,0.00
2444847,Partey,Thomas Partey,Midfielder,ARS,0.05,0.03
2444847,Odegaard,Martin Odegaard,Midfielder,ARS,0.03,0.06
2444847,Tierney,Kieran Tierney,Defender,ARS,0.22,0.15
2444847,Merino,Mikel Merino,Midfielder,ARS,0.01,0.27
2444847,White (Ben),Ben White,Defender,ARS,0.72,0.00
2444847,Rice,Declan Rice,Midfielder,ARS,0.07,0.16
2444847,Zinchenko,Oleksandr Zinchenko,Defender,ARS,0.25,0.38
2444847,Havertz,Kai Havertz,Forward,ARS,0.01,0.14
2444847,Saka,Bukayo Saka,Midfielder,ARS,0.42,0.07
2444847,Kiwior,Jakub Kiwior,Defender,ARS,0.03,0.00
2444847,Martinelli,Gabriel Teodoro Martinelli Silva,Midfielder,ARS,0.23,0.89
2444847,Lewis-Skelly,Myles Lewis-Skelly,Midfielder,ARS,0.01,0.00
2444847,Nwaneri,Ethan Nwaneri,Midfielder,ARS,0.13,0.04
2444847,Taylor (Charlie),Charlie Taylor,Defender,SOU,0.04,0.00
2444847,Paul Onuachu,Ebere Paul Onuachu,Forward,SOU,0.00,0.00
2444847,Smallbone,William Smallbone,Midfielder,SOU,0.00,0.00
2444847,Sugawara,Yukinari Sugawara,Defender,SOU,0.01,0.01
2444847,Downes,Flynn Downes,Midfielder,SOU,0.01,0.00
2444847,Ramsdale,Aaron Ramsdale,Goalkeeper,SOU,0.00,0.00
2444847,Stewart,Ross Stewart,Forward,SOU,0.02,0.33
2444847,Wood (Nathan),Nathan Wood,Defender,SOU,0.00,0.00
2444847,Archer,Cameron Archer,Forward,SOU,0.01,0.00
2444847,Robinson (Jay),Jay Robinson,Forward,SOU,0.01,0.05
2444847,Welington,Welington Damascena Santos,Defender,SOU,0.00,0.00
2444847,Ugochukwu,Lesley Ugochukwu,Midfielder,SOU,0.01,0.00
2444847,Sulemana,Kamaldeen Sulemana,Midfielder,SOU,0.01,0.09
2444847,Mateus Fernandes,Mateus Gonçalo Espanha Fernandes,Midfielder,SOU,0.42,0.14
2444847,Kayi-Sanda,Joachim Kayi-Sanda,Defender,SOU,0.00,0.00
2444848,Milner,James Milner,Midfielder,BHA,0.00,0.00
2444848,Webster,Adam Webster,Defender,BHA,0.04,0.23
2444848,Veltman,Joël Veltman,Defender,BHA,0.02,0.00
2444848,O’Riley,Matt O’Riley,Midfielder,BHA,0.01,0.79
2444848,Igor Julio,Igor Julio dos Santos de Paulo,Defender,BHA,0.02,0.00
2444848,Mitoma,Kaoru Mitoma,Midfielder,BHA,0.06,0.00
2444848,Wieffer,Mats Wieffer,Midfielder,BHA,0.12,0.02
2444848,van Hecke,Jan-Paul van Hecke,Defender,BHA,0.06,0.08
2444848,Verbruggen,Bart Verbruggen,Goalkeeper,BHA,0.00,0.00
2444848,Ayari,Yasin Ayari,Midfielder,BHA,0.23,0.02
2444848,Gruda,Brajan Gruda,Midfielder,BHA,0.28,0.08
2444848,Gómez (Diego),Diego Gómez,Midfielder,BHA,0.16,0.14
2444848,Hinshelwood,Jack Hinshelwood,Midfielder,BHA,0.02,0.59
2444848,Baleba,Carlos Baleba,Midfielder,BHA,0.03,0.07
2444848,Adingra,Simon Adingra,Midfielder,BHA,0.01,0.09
2444848,Minteh,Yankuba Minteh,Midfielder,BHA,0.32,0.12
2444848,Davies (Ben),Ben Davies,Defender,TOT,0.00,0.00
2444848,Danso,Kevin Danso,Defender,TOT,0.00,0.00
2444848,Solanke,Dominic Solanke,Forward,TOT,0.00,0.79
2444848,Vicario,Guglielmo Vicario,Goalkeeper,TOT,0.00,0.00
2444848,Bentancur,Rodrigo Bentancur,Midfielder,TOT,0.02,0.00
2444848,Richarlison,Richarlison de Andrade,Forward,TOT,0.00,0.00
2444848,Bissouma,Yves Bissouma,Midfielder,TOT,0.00,0.00
2444848,Spence,Djed Spence,Defender,TOT,0.00,0.00
2444848,Johnson (Brennan),Brennan Johnson,Midfielder,TOT,0.00,0.55
2444848,Porro,Pedro Porro,Defender,TOT,0.06,0.00
2444848,Sarr (Pape),Pape Sarr,Midfielder,TOT,0.01,0.00
2444848,Destiny Udogie,Iyenoma Destiny Udogie,Defender,TOT,0.00,0.00
2444848,van de Ven,Micky van de Ven,Defender,TOT,0.00,0.00
2444848,Tel,Mathys Tel,Midfielder,TOT,0.15,0.70
2444848,Gray (Archie),Archie Gray,Midfielder,TOT,0.00,0.00
2444848,Odobert,Wilson Odobert,Midfielder,TOT,0.01,0.00
2444849,Flekken,Mark Flekken,Goalkeeper,BRE,0.00,0.00
2444849,Norgaard,Christian Norgaard,Midfielder,BRE,0.12,0.09
2444849,Ajer,Kristoffer Ajer,Defender,BRE,0.00,0.14
2444849,Jensen,Mathias Jensen,Midfielder,BRE,0.06,0.00
2444849,Wissa,Yoane Wissa,Forward,BRE,0.12,0.25
2444849,Lewis-Potter,Keane Lewis-Potter,Midfielder,BRE,0.05,0.51
2444849,Collins,Nathan Collins,Defender,BRE,0.00,0.00
2444849,Damsgaard,Mikkel Damsgaard,Midfielder,BRE,0.08,0.00
2444849,van den Berg,Sepp van den Berg,Defender,BRE,0.00,0.04
2444849,Mbeumo,Bryan Mbeumo,Midfielder,BRE,0.10,0.27
2444849,Thiago,Igor Thiago Nascimento Rodrigues,Forward,BRE,0.00,0.03
2444849,Yarmolyuk,Ehor Yarmolyuk,Midfielder,BRE,0.01,0.00
2444849,Schade,Kevin Schade,Midfielder,BRE,0.05,0.10
2444849,Kayode,Michael Kayode,Defender,BRE,0.03,0.00
2444849,Doherty,Matt Doherty,Defender,WOL,0.01,0.00
2444849,King (Tom),Tom King,Goalkeeper,WOL,0.00,0.00
2444849,José Sá,José Pedro Malheiro de Sá,Goalkeeper,WOL,0.00,0.00
2444849,Gonçalo Guedes,Gonçalo Manuel Ganchinho Guedes,Midfielder,WOL,0.15,0.28
2444849,Semedo,Nelson Semedo,Defender,WOL,0.09,0.06
2444849,Bellegarde,Jean-Ricner Bellegarde,Midfielder,WOL,0.00,0.00
2444849,Bueno (Santiago),Santiago Bueno,Defender,WOL,0.00,0.00
2444849,Strand Larsen,Jørgen Strand Larsen,Forward,WOL,0.01,0.00
2444849,Matheus Cunha,Matheus Santos Carneiro Da Cunha,Forward,WOL,0.08,0.38
2444849,Munetsi,Marshall Munetsi,Midfielder,WOL,0.12,0.09
2444849,João Gomes,João Victor Gomes da Silva,Midfielder,WOL,0.05,0.15
2444849,Ait Nouri,Rayan Ait Nouri,Defender,WOL,0.17,0.05
2444849,Rodrigo Gomes,Rodrigo Martins Gomes,Midfielder,WOL,0.01,0.00
2444849,André,André Trindade da Costa Neto,Midfielder,WOL,0.07,0.03
2444849,Toti,Toti António Gomes,Defender,WOL,0.01,0.00
2444849,Agbadou,Emmanuel Agbadou,Defender,WOL,0.01,0.00
