match_id,nick_name,full_name,pos,team,bps
1059702,Milner,James Milner,Midfielder,LIV,3
1059702,Wijnaldum,Georginio Wijnaldum,Midfielder,LIV,13
1059702,Henderson (Jordan),Jordan Henderson,Midfielder,LIV,16
1059702,Adrián,Adrián San Miguel del Castillo,Goalkeeper,LIV,3
1059702,Firmino,Roberto Firmino Barbosa de Oliveira,Forward,LIV,26
1059702,van Dijk,Virgil van Dijk,Defender,LIV,25
1059702,Mane,Sadio Mane,Midfielder,LIV,3
1059702,Alisson,Alisson Ramses Becker,Goalkeeper,LIV,6
1059702,Fabinho,Fabio Henrique Tavares,Midfielder,LIV,19
1059702,Salah,Mohamed Salah,Midfielder,LIV,43
1059702,Robertson,Andrew Robertson,Defender,LIV,11
1059702,Origi,Divock Origi,Forward,LIV,50
1059702,Alexander-Arnold,Trent Alexander-Arnold,Defender,LIV,25
1059702,Gomez,Joseph Gomez,Defender,LIV,6
1059702,Krul,Tim Krul,Goalkeeper,NOR,3
1059702,Pukki,Teemu Pukki,Forward,NOR,35
1059702,Stiepermann,Marco Stiepermann,Midfielder,NOR,4
1059702,Kenny McLean,Kenneth McLean,Midfielder,NOR,13
1059702,Drmic,Josip Drmic,Forward,NOR,3
1059702,Hanley,Grant Hanley,Defender,NOR,-14
1059702,Leitner,Moritz Leitner,Midfielder,NOR,-1
1059702,Hernández (Onel),Onel Hernández,Midfielder,NOR,1
1059702,Trybull,Tom Trybull,Midfielder,NOR,12
1059702,Cantwell,Todd Cantwell,Midfielder,NOR,14
1059702,Lewis (Jamal),Jamal Lewis,Defender,NOR,-1
1059702,Buendía,Emiliano Buendía,Midfielder,NOR,21
1059702,Godfrey,Ben Godfrey,Defender,NOR,3
1059702,Aarons (Maximillian),Maximillian Aarons,Defender,NOR,0
1059703,Smith (Adam),Adam Smith,Defender,BOU,8
1059703,Cook (Steve),Steve Cook,Defender,BOU,9
1059703,Wilson (Callum),Callum Wilson,Forward,BOU,10
1059703,King (Joshua),Joshua King,Forward,BOU,7
1059703,Fraser,Ryan Fraser,Midfielder,BOU,5
1059703,Aké,Nathan Aké,Defender,BOU,18
1059703,Lerma,Jefferson Lerma,Midfielder,BOU,18
1059703,Solanke,Dominic Solanke,Forward,BOU,4
1059703,Billing,Philip Billing,Midfielder,BOU,17
1059703,Rico,Diego Rico,Defender,BOU,9
1059703,Mepham,Chris Mepham,Defender,BOU,26
1059703,Ramsdale,Aaron Ramsdale,Goalkeeper,BOU,8
1059703,Sharp,Billy Sharp,Forward,SHU,28
1059703,McGoldrick,David McGoldrick,Forward,SHU,5
1059703,Basham,Chris Basham,Defender,SHU,6
1059703,Fleck,John Fleck,Midfielder,SHU,9
1059703,Freeman (Luke),Luke Freeman,Midfielder,SHU,4
1059703,Stevens,Enda Stevens,Defender,SHU,7
1059703,Norwood,Oliver Norwood,Midfielder,SHU,17
1059703,Baldock,George Baldock,Defender,SHU,-2
1059703,Egan,John Egan,Defender,SHU,14
1059703,O'Connell,Jack O'Connell,Defender,SHU,10
1059703,Lundstram,John Lundstram,Defender,SHU,16
1059703,McBurnie,Oliver McBurnie,Forward,SHU,0
1059703,Robinson (Callum),Callum Robinson,Midfielder,SHU,4
1059703,Henderson (Dean),Dean Henderson,Goalkeeper,SHU,8
1059704,Lennon,Aaron Lennon,Midfielder,BUR,4
1059704,Tarkowski,James Tarkowski,Defender,BUR,30
1059704,Pieters,Erik Pieters,Defender,BUR,47
1059704,Cork,Jack Cork,Midfielder,BUR,10
1059704,Rodriguez,Jay Rodriguez,Forward,BUR,2
1059704,Barnes (Ashley),Ashley Barnes,Forward,BUR,64
1059704,Mee,Ben Mee,Defender,BUR,28
1059704,Westwood,Ashley Roy Westwood,Midfielder,BUR,7
1059704,Gudmundsson,Johann Berg Gudmundsson,Midfielder,BUR,32
1059704,Wood,Chris Wood,Forward,BUR,1
1059704,Lowton,Matthew Lowton,Defender,BUR,24
1059704,Pope,Nick Pope,Goalkeeper,BUR,28
1059704,McNeil,Dwight McNeil,Midfielder,BUR,15
1059704,Bertrand,Ryan Bertrand,Defender,SOU,-2
1059704,Romeu,Oriol Romeu,Midfielder,SOU,9
1059704,Redmond,Nathan Redmond,Midfielder,SOU,11
1059704,Ings,Danny Ings,Forward,SOU,5
1059704,Stephens (Jack),Jack Stephens,Defender,SOU,3
1059704,Vestergaard,Jannik Vestergaard,Defender,SOU,3
1059704,Ward-Prowse,James Ward-Prowse,Midfielder,SOU,11
1059704,Gunn,Angus Gunn,Goalkeeper,SOU,-2
1059704,Boufal,Sofiane Boufal,Midfielder,SOU,2
1059704,Højbjerg,Pierre-Emile Højbjerg,Midfielder,SOU,2
1059704,Bednarek,Jan Bednarek,Defender,SOU,2
1059704,Adams,Che Adams,Forward,SOU,-5
1059704,Valery,Yann Valery,Defender,SOU,-7
1059704,Obafemi,Michael Obafemi,Forward,SOU,1
1059705,Dann,Scott Dann,Defender,CRY,19
1059705,Guaita,Vicente Guaita,Goalkeeper,CRY,24
1059705,McArthur,James McArthur,Midfielder,CRY,16
1059705,Benteke,Christian Benteke,Forward,CRY,9
1059705,Ward (Joel),Joel Ward,Defender,CRY,24
1059705,Kelly (Martin),Martin Kelly,Defender,CRY,24
1059705,Wickham,Connor Wickham,Forward,CRY,1
1059705,Townsend,Andros Townsend,Midfielder,CRY,16
1059705,Milivojevic,Luka Milivojevic,Midfielder,CRY,0
1059705,Van Aanholt,Patrick Van Aanholt,Defender,CRY,24
1059705,Ayew,Jordan Ayew,Forward,CRY,14
1059705,Zaha,Wilfried Zaha,Midfielder,CRY,1
1059705,Meyer,Max Meyer,Midfielder,CRY,7
1059705,Schneiderlin,Morgan Schneiderlin,Midfielder,EVE,-5
1059705,Sigurdsson,Gylfi Sigurdsson,Midfielder,EVE,6
1059705,Coleman,Seamus Coleman,Defender,EVE,23
1059705,Bernard,Bernard Anício Caldeira Duarte,Midfielder,EVE,4
1059705,Digne,Lucas Digne,Defender,EVE,18
1059705,Keane,Michael Keane,Defender,EVE,27
1059705,Pickford,Jordan Pickford,Goalkeeper,EVE,25
1059705,André Gomes,André Filipe Tavares Gomes,Midfielder,EVE,13
1059705,Gbamin,Jean-Philippe Gbamin,Midfielder,EVE,7
1059705,Mina,Yerry Mina,Defender,EVE,32
1059705,Davies (Tom),Tom Davies,Midfielder,EVE,4
1059705,Calvert-Lewin,Dominic Calvert-Lewin,Forward,EVE,6
1059705,Richarlison,Richarlison de Andrade,Midfielder,EVE,7
1059705,Kean,Moise Kean,Forward,EVE,5
1059706,Schmeichel,Kasper Schmeichel,Goalkeeper,LEI,23
1059706,Evans (Jonny),Jonny Evans,Defender,LEI,29
1059706,Albrighton,Marc Albrighton,Midfielder,LEI,2
1059706,Vardy,Jamie Vardy,Forward,LEI,5
1059706,Ricardo Pereira,Ricardo Domingos Barbosa Pereira,Defender,LEI,37
1059706,Tielemans,Youri Tielemans,Midfielder,LEI,21
1059706,Ayoze Pérez,Ayoze Pérez Gutiérrez,Midfielder,LEI,11
1059706,Maddison,James Maddison,Midfielder,LEI,12
1059706,Chilwell,Benjamin Chilwell,Defender,LEI,23
1059706,Choudhury,Hamza Choudhury,Midfielder,LEI,14
1059706,Barnes (Harvey),Harvey Barnes,Midfielder,LEI,5
1059706,Ndidi,Onyinye Wilfred Ndidi,Midfielder,LEI,15
1059706,Söyüncü,Caglar Söyüncü,Defender,LEI,29
1059706,Moutinho,João Moutinho,Midfielder,WOL,11
1059706,Rui Patrício,Rui Pedro dos Santos Patrício,Goalkeeper,WOL,23
1059706,R Bennett,Ryan Bennett,Defender,WOL,22
1059706,Doherty,Matt Doherty,Defender,WOL,17
1059706,Boly,Willy Boly,Defender,WOL,26
1059706,Coady,Conor Coady,Defender,WOL,20
1059706,Raúl Jiménez,Raul Alonso Jimenez Rodriguez,Forward,WOL,17
1059706,Saiss,Romain Saiss,Defender,WOL,3
1059706,Jonny,Jonathan Castro Otto,Defender,WOL,16
1059706,Dendoncker,Leander Dendoncker,Midfielder,WOL,11
1059706,Ruben Neves,Rúben Diogo da Silva Neves,Midfielder,WOL,12
1059706,Diogo Jota,Diogo José Teixeira da Silva,Midfielder,WOL,1
1059706,Cutrone,Patrick Cutrone,Forward,WOL,-1
1059707,Heaton,Tom Heaton,Goalkeeper,AVL,3
1059707,Elmohamady,Ahmed Elmohamady,Defender,AVL,1
1059707,Taylor (Neil),Neil Taylor,Defender,AVL,1
1059707,Kodjia,Jonathan Kodjia,Forward,AVL,3
1059707,Hourihane,Conor Hourihane,Midfielder,AVL,13
1059707,Jota,José Ignacio Peleteiro Ramallo,Midfielder,AVL,1
1059707,Engels,Björn Engels,Defender,AVL,0
1059707,Grealish,Jack Grealish,Midfielder,AVL,29
1059707,McGinn,John McGinn,Midfielder,AVL,22
1059707,Trezeguet,Mahmoud Hassan,Midfielder,AVL,8
1059707,Mings,Tyrone Mings,Defender,AVL,22
1059707,El Ghazi,Anwar El Ghazi,Midfielder,AVL,3
1059707,Wesley,Wesley Moraes Ferreira da Silva,Forward,AVL,5
1059707,Douglas Luiz,Douglas Luiz Soares de Paulo,Midfielder,AVL,5
1059707,Lloris,Hugo Lloris,Goalkeeper,TOT,9
1059707,Rose,Danny Rose,Defender,TOT,9
1059707,Sissoko,Moussa Sissoko,Midfielder,TOT,15
1059707,Alderweireld,Toby Alderweireld,Defender,TOT,13
1059707,Lamela,Erik Lamela,Midfielder,TOT,15
1059707,Kane (Harry),Harry Kane,Forward,TOT,54
1059707,Eriksen,Christian Eriksen,Midfielder,TOT,12
1059707,Lucas Moura,Lucas Rodrigues Moura da Silva,Midfielder,TOT,22
1059707,Winks,Harry Winks,Midfielder,TOT,15
1059707,Walker-Peters,Kyle Walker-Peters,Defender,TOT,19
1059707,Nkoudou,Georges-Kévin Nkoudou Mbida,Midfielder,TOT,3
1059707,Sánchez (Davinson),Davinson Sánchez,Defender,TOT,12
1059707,Skipp,Oliver Skipp,Midfielder,TOT,3
1059707,NDombele,Tanguy NDombele,Midfielder,TOT,29
1059708,Murray,Glenn Murray,Forward,BHA,2
1059708,Stephens (Dale),Dale Stephens,Midfielder,BHA,15
1059708,Groß,Pascal Groß,Midfielder,BHA,18
1059708,Duffy (Shane),Shane Duffy,Defender,BHA,28
1059708,Pröpper,Davy Pröpper,Midfielder,BHA,26
1059708,Burn,Dan Burn,Defender,BHA,24
1059708,Dunk,Lewis Dunk,Defender,BHA,43
1059708,Montoya,Martín Montoya,Defender,BHA,23
1059708,Andone,Florin Andone,Forward,BHA,31
1059708,Locadia,Jürgen Locadia,Forward,BHA,11
1059708,March,Solomon March,Midfielder,BHA,15
1059708,Maupay,Neal Maupay,Forward,BHA,30
1059708,Mat Ryan,Mathew Ryan,Goalkeeper,BHA,29
1059708,Bernardo,Bernardo Fernandes da Silva Junior,Defender,BHA,3
1059708,Foster,Ben Foster,Goalkeeper,WAT,-3
1059708,Capoue,Etienne Capoue,Midfielder,WAT,9
1059708,Holebas,José Holebas,Defender,WAT,-5
1059708,Cathcart,Craig Cathcart,Defender,WAT,-1
1059708,Deeney,Troy Deeney,Forward,WAT,9
1059708,Femenía,Francisco Femenía Far,Defender,WAT,6
1059708,Dawson,Craig Dawson,Defender,WAT,3
1059708,Pereyra,Roberto Pereyra,Midfielder,WAT,4
1059708,Gray (Andre),Andre Gray,Forward,WAT,5
1059708,Deulofeu,Gerard Deulofeu,Forward,WAT,1
1059708,Hughes,Will Hughes,Midfielder,WAT,4
1059708,Doucouré,Abdoulaye Doucouré,Midfielder,WAT,9
1059708,Isaac Success,Isaac Success Ajayi,Forward,WAT,1
1059709,Silva,David Silva,Midfielder,MCI,11
1059709,Aguero,Sergio Aguero,Forward,MCI,29
1059709,Walker,Kyle Walker,Defender,MCI,33
1059709,Gundogan,Ilkay Gundogan,Midfielder,MCI,3
1059709,De Bruyne,Kevin De Bruyne,Midfielder,MCI,40
1059709,Stones,John Stones,Defender,MCI,33
1059709,Mahrez,Riyad Mahrez,Midfielder,MCI,48
1059709,Sterling (Raheem),Raheem Sterling,Midfielder,MCI,63
1059709,Ederson,Ederson Santana de Moraes,Goalkeeper,MCI,26
1059709,Laporte,Aymeric Laporte,Defender,MCI,27
1059709,Jesus,Gabriel Fernando de Jesus,Forward,MCI,37
1059709,Zinchenko,Oleksandr Zinchenko,Defender,MCI,26
1059709,Foden,Phil Foden,Midfielder,MCI,3
1059709,Rodri,Rodrigo Hernández Cascante,Midfielder,MCI,12
1059709,Snodgrass,Robert Snodgrass,Midfielder,WHU,8
1059709,Fabianski,Lukasz Fabianski,Goalkeeper,WHU,-2
1059709,Hernández (Javier),Javier Hernández,Forward,WHU,0
1059709,Wilshere,Jack Wilshere,Midfielder,WHU,6
1059709,Cresswell,Aaron Cresswell,Defender,WHU,-12
1059709,Antonio,Michail Antonio,Forward,WHU,2
1059709,Fredericks,Ryan Fredericks,Defender,WHU,-7
1059709,Lanzini,Manuel Lanzini,Midfielder,WHU,19
1059709,Felipe Anderson,Felipe Anderson Pereira Gomes,Midfielder,WHU,1
1059709,Haller,Sébastien Haller,Forward,WHU,16
1059709,Balbuena,Fabián Balbuena,Defender,WHU,-14
1059709,Rice,Declan Rice,Midfielder,WHU,15
1059709,Fornals,Pablo Fornals,Midfielder,WHU,5
1059709,Diop,Issa Diop,Defender,WHU,-16
1059710,Azpilicueta,César Azpilicueta,Defender,CHE,-7
1059710,Giroud,Olivier Giroud,Forward,CHE,3
1059710,Pedro,Pedro Rodríguez Ledesma,Midfielder,CHE,23
1059710,Jorginho,Jorge Luiz Frello Filho,Midfielder,CHE,11
1059710,Barkley,Ross Barkley,Midfielder,CHE,3
1059710,Kovacic,Mateo Kovacic,Midfielder,CHE,27
1059710,Zouma,Kurt Zouma,Defender,CHE,-12
1059710,Emerson,Emerson Palmieri dos Santos,Defender,CHE,3
1059710,Kepa,Kepa Arrizabalaga Revuelta,Goalkeeper,CHE,-7
1059710,Kanté,N'Golo Kanté,Midfielder,CHE,-1
1059710,Christensen,Andreas Christensen,Defender,CHE,1
1059710,Abraham,Tammy Abraham,Forward,CHE,1
1059710,Pulisic,Christian Pulisic,Midfielder,CHE,4
1059710,Mount,Mason Mount,Midfielder,CHE,19
1059710,Mata,Juan Mata,Midfielder,MUN,3
1059710,De Gea,David De Gea,Goalkeeper,MUN,34
1059710,Pogba,Paul Pogba,Midfielder,MUN,30
1059710,Maguire,Harry Maguire,Defender,MUN,30
1059710,Shaw,Luke Shaw,Defender,MUN,28
1059710,Lingard,Jesse Lingard,Midfielder,MUN,4
1059710,Martial,Anthony Martial,Midfielder,MUN,24
1059710,Pereira,Andreas Pereira,Midfielder,MUN,23
1059710,Rashford,Marcus Rashford,Midfielder,MUN,48
1059710,Lindelof,Victor Nilsson-Lindelof,Defender,MUN,24
1059710,McTominay,Scott McTominay,Midfielder,MUN,15
1059710,James (Daniel),Daniel James,Midfielder,MUN,25
1059710,Wan-Bissaka,Aaron Wan-Bissaka,Defender,MUN,33
1059710,Greenwood,Mason Greenwood,Forward,MUN,3
1059711,Monreal,Nacho Monreal,Defender,ARS,30
1059711,Sokratis,Sokratis Papastathopoulos,Defender,ARS,28
1059711,Aubameyang,Pierre-Emerick Aubameyang,Forward,ARS,29
1059711,Mkhitaryan,Henrikh Mkhitaryan,Midfielder,ARS,-1
1059711,Leno,Bernd Leno,Goalkeeper,ARS,27
1059711,Xhaka,Granit Xhaka,Midfielder,ARS,13
1059711,Chambers,Calum Chambers,Defender,ARS,26
1059711,Maitland-Niles,Ainsley Maitland-Niles,Defender,ARS,40
1059711,Dani Ceballos,Daniel Ceballos Fernández,Midfielder,ARS,4
1059711,Pepe,Nicolas Pepe,Midfielder,ARS,3
1059711,Willock,Joseph Willock,Midfielder,ARS,9
1059711,Nelson,Reiss Nelson,Midfielder,ARS,11
1059711,Guendouzi,Matteo Guendouzi,Midfielder,ARS,15
1059711,Martinelli,Gabriel Teodoro Martinelli Silva,Forward,ARS,2
1059711,Shelvey,Jonjo Shelvey,Midfielder,NEW,4
1059711,Ritchie,Matt Ritchie,Defender,NEW,11
1059711,Dubravka,Martin Dubravka,Goalkeeper,NEW,5
1059711,Willems,Jetro Willems,Defender,NEW,3
1059711,Lascelles,Jamaal Lascelles,Defender,NEW,9
1059711,Dummett,Paul Dummett,Defender,NEW,21
1059711,Manquillo,Javier Manquillo,Defender,NEW,6
1059711,Schär,Fabian Schär,Defender,NEW,9
1059711,Hayden (Isaac),Isaac Hayden,Midfielder,NEW,21
1059711,Saint-Maximin,Allan Saint-Maximin,Midfielder,NEW,4
1059711,Almirón,Miguel Almirón,Midfielder,NEW,3
1059711,Longstaff (Sean),Sean Longstaff,Midfielder,NEW,8
1059711,Joelinton,Joelinton Cássio Apolinário de Lira,Forward,NEW,17
1059712,Monreal,Nacho Monreal,Defender,ARS,11
1059712,Sokratis,Sokratis Papastathopoulos,Defender,ARS,16
1059712,Luiz,David Luiz Moreira Marinho,Defender,ARS,7
1059712,Aubameyang,Pierre-Emerick Aubameyang,Forward,ARS,29
1059712,Lacazette,Alexandre Lacazette,Forward,ARS,31
1059712,Leno,Bernd Leno,Goalkeeper,ARS,11
1059712,Kolasinac,Sead Kolasinac,Defender,ARS,3
1059712,Maitland-Niles,Ainsley Maitland-Niles,Defender,ARS,9
1059712,Dani Ceballos,Daniel Ceballos Fernández,Midfielder,ARS,42
1059712,Pepe,Nicolas Pepe,Midfielder,ARS,13
1059712,Torreira,Lucas Torreira,Midfielder,ARS,6
1059712,Willock,Joseph Willock,Midfielder,ARS,14
1059712,Nelson,Reiss Nelson,Midfielder,ARS,1
1059712,Guendouzi,Matteo Guendouzi,Midfielder,ARS,22
1059712,Lennon,Aaron Lennon,Midfielder,BUR,5
1059712,Tarkowski,James Tarkowski,Defender,BUR,0
1059712,Pieters,Erik Pieters,Defender,BUR,11
1059712,Cork,Jack Cork,Midfielder,BUR,11
1059712,Rodriguez,Jay Rodriguez,Forward,BUR,1
1059712,Barnes (Ashley),Ashley Barnes,Forward,BUR,28
1059712,Mee,Ben Mee,Defender,BUR,5
1059712,Westwood,Ashley Roy Westwood,Midfielder,BUR,10
1059712,Gudmundsson,Johann Berg Gudmundsson,Midfielder,BUR,18
1059712,Wood,Chris Wood,Forward,BUR,6
1059712,Lowton,Matthew Lowton,Defender,BUR,4
1059712,Pope,Nick Pope,Goalkeeper,BUR,16
1059712,McNeil,Dwight McNeil,Midfielder,BUR,18
1059713,Heaton,Tom Heaton,Goalkeeper,AVL,-1
1059713,Elmohamady,Ahmed Elmohamady,Defender,AVL,26
1059713,Taylor (Neil),Neil Taylor,Defender,AVL,6
1059713,Jota,José Ignacio Peleteiro Ramallo,Midfielder,AVL,6
1059713,Engels,Björn Engels,Defender,AVL,3
1059713,Grealish,Jack Grealish,Midfielder,AVL,25
1059713,McGinn,John McGinn,Midfielder,AVL,18
1059713,Trezeguet,Mahmoud Hassan,Midfielder,AVL,3
1059713,Mings,Tyrone Mings,Defender,AVL,8
1059713,El Ghazi,Anwar El Ghazi,Midfielder,AVL,3
1059713,Wesley,Wesley Moraes Ferreira da Silva,Forward,AVL,10
1059713,Davis,Keinan Davis,Midfielder,AVL,2
1059713,Douglas Luiz,Douglas Luiz Soares de Paulo,Midfielder,AVL,37
1059713,Surman,Andrew Surman,Midfielder,BOU,3
1059713,Daniels,Charlie Daniels,Defender,BOU,11
1059713,Smith (Adam),Adam Smith,Defender,BOU,11
1059713,Cook (Steve),Steve Cook,Defender,BOU,10
1059713,Wilson (Callum),Callum Wilson,Forward,BOU,19
1059713,King (Joshua),Joshua King,Forward,BOU,27
1059713,Fraser,Ryan Fraser,Midfielder,BOU,10
1059713,Aké,Nathan Aké,Defender,BOU,4
1059713,Lerma,Jefferson Lerma,Midfielder,BOU,9
1059713,Wilson (Harry),Harry Wilson,Midfielder,BOU,31
1059713,Solanke,Dominic Solanke,Forward,BOU,7
1059713,Billing,Philip Billing,Midfielder,BOU,0
1059713,Ramsdale,Aaron Ramsdale,Goalkeeper,BOU,19
1059714,Murray,Glenn Murray,Forward,BHA,3
1059714,Stephens (Dale),Dale Stephens,Midfielder,BHA,19
1059714,Groß,Pascal Groß,Midfielder,BHA,22
1059714,Duffy (Shane),Shane Duffy,Defender,BHA,10
1059714,Pröpper,Davy Pröpper,Midfielder,BHA,8
1059714,Mooy,Aaron Mooy,Midfielder,BHA,3
1059714,Burn,Dan Burn,Defender,BHA,6
1059714,Dunk,Lewis Dunk,Defender,BHA,15
1059714,Montoya,Martín Montoya,Defender,BHA,7
1059714,Andone,Florin Andone,Forward,BHA,4
1059714,March,Solomon March,Midfielder,BHA,18
1059714,Maupay,Neal Maupay,Forward,BHA,-2
1059714,Trossard,Leandro Trossard,Midfielder,BHA,21
1059714,Mat Ryan,Mathew Ryan,Goalkeeper,BHA,8
1059714,Snodgrass,Robert Snodgrass,Midfielder,WHU,16
1059714,Fabianski,Lukasz Fabianski,Goalkeeper,WHU,13
1059714,Ogbonna,Angelo Ogbonna,Defender,WHU,15
1059714,Sánchez (Carlos),Carlos Sánchez,Midfielder,WHU,3
1059714,Hernández (Javier),Javier Hernández,Forward,WHU,30
1059714,Wilshere,Jack Wilshere,Midfielder,WHU,1
1059714,Yarmolenko,Andriy Yarmolenko,Midfielder,WHU,2
1059714,Antonio,Michail Antonio,Forward,WHU,0
1059714,Fredericks,Ryan Fredericks,Defender,WHU,9
1059714,Lanzini,Manuel Lanzini,Midfielder,WHU,36
1059714,Masuaku,Arthur Masuaku,Defender,WHU,12
1059714,Rice,Declan Rice,Midfielder,WHU,9
1059714,Fornals,Pablo Fornals,Midfielder,WHU,4
1059714,Diop,Issa Diop,Defender,WHU,12
1059715,Azpilicueta,César Azpilicueta,Defender,CHE,11
1059715,Giroud,Olivier Giroud,Forward,CHE,13
1059715,Willian,Willian Borges Da Silva,Midfielder,CHE,4
1059715,Pedro,Pedro Rodríguez Ledesma,Midfielder,CHE,10
1059715,Jorginho,Jorge Luiz Frello Filho,Midfielder,CHE,4
1059715,Kovacic,Mateo Kovacic,Midfielder,CHE,4
1059715,Zouma,Kurt Zouma,Defender,CHE,10
1059715,Emerson,Emerson Palmieri dos Santos,Defender,CHE,14
1059715,Kepa,Kepa Arrizabalaga Revuelta,Goalkeeper,CHE,14
1059715,Kanté,N'Golo Kanté,Midfielder,CHE,9
1059715,Christensen,Andreas Christensen,Defender,CHE,14
1059715,Abraham,Tammy Abraham,Forward,CHE,2
1059715,Pulisic,Christian Pulisic,Midfielder,CHE,3
1059715,Mount,Mason Mount,Midfielder,CHE,36
1059715,Schmeichel,Kasper Schmeichel,Goalkeeper,LEI,14
1059715,Fuchs,Christian Fuchs,Defender,LEI,7
1059715,Evans (Jonny),Jonny Evans,Defender,LEI,15
1059715,Albrighton,Marc Albrighton,Midfielder,LEI,4
1059715,Vardy,Jamie Vardy,Forward,LEI,-3
1059715,Praet,Dennis Praet,Midfielder,LEI,7
1059715,Ricardo Pereira,Ricardo Domingos Barbosa Pereira,Defender,LEI,8
1059715,Tielemans,Youri Tielemans,Midfielder,LEI,11
1059715,Ayoze Pérez,Ayoze Pérez Gutiérrez,Midfielder,LEI,10
1059715,Maddison,James Maddison,Midfielder,LEI,12
1059715,Choudhury,Hamza Choudhury,Midfielder,LEI,9
1059715,Ndidi,Onyinye Wilfred Ndidi,Midfielder,LEI,29
1059715,Söyüncü,Caglar Söyüncü,Defender,LEI,13
1059716,Walcott,Theo Walcott,Midfielder,EVE,0
1059716,Sigurdsson,Gylfi Sigurdsson,Midfielder,EVE,9
1059716,Coleman,Seamus Coleman,Defender,EVE,18
1059716,Bernard,Bernard Anício Caldeira Duarte,Midfielder,EVE,41
1059716,Digne,Lucas Digne,Defender,EVE,38
1059716,Keane,Michael Keane,Defender,EVE,27
1059716,Pickford,Jordan Pickford,Goalkeeper,EVE,26
1059716,André Gomes,André Filipe Tavares Gomes,Midfielder,EVE,11
1059716,Gbamin,Jean-Philippe Gbamin,Midfielder,EVE,9
1059716,Mina,Yerry Mina,Defender,EVE,24
1059716,Calvert-Lewin,Dominic Calvert-Lewin,Forward,EVE,7
1059716,Holgate,Mason Holgate,Defender,EVE,7
1059716,Richarlison,Richarlison de Andrade,Midfielder,EVE,2
1059716,Kean,Moise Kean,Forward,EVE,1
1059716,Foster,Ben Foster,Goalkeeper,WAT,6
1059716,Capoue,Etienne Capoue,Midfielder,WAT,11
1059716,Holebas,José Holebas,Defender,WAT,10
1059716,Cathcart,Craig Cathcart,Defender,WAT,12
1059716,Deeney,Troy Deeney,Forward,WAT,8
1059716,Cleverley,Tom Cleverley,Midfielder,WAT,3
1059716,Welbeck,Danny Welbeck,Forward,WAT,2
1059716,Femenía,Francisco Femenía Far,Defender,WAT,4
1059716,Dawson,Craig Dawson,Defender,WAT,7
1059716,Pereyra,Roberto Pereyra,Midfielder,WAT,2
1059716,Gray (Andre),Andre Gray,Forward,WAT,4
1059716,Deulofeu,Gerard Deulofeu,Forward,WAT,11
1059716,Hughes,Will Hughes,Midfielder,WAT,13
1059716,Doucouré,Abdoulaye Doucouré,Midfielder,WAT,5
1059717,Silva,David Silva,Midfielder,MCI,2
1059717,Aguero,Sergio Aguero,Forward,MCI,29
1059717,Otamendi,Nicolás Otamendi,Defender,MCI,7
1059717,Walker,Kyle Walker,Defender,MCI,10
1059717,Gundogan,Ilkay Gundogan,Midfielder,MCI,16
1059717,De Bruyne,Kevin De Bruyne,Midfielder,MCI,47
1059717,Mahrez,Riyad Mahrez,Midfielder,MCI,1
1059717,Sterling (Raheem),Raheem Sterling,Midfielder,MCI,25
1059717,Ederson,Ederson Santana de Moraes,Goalkeeper,MCI,6
1059717,Laporte,Aymeric Laporte,Defender,MCI,9
1059717,Bernardo Silva,Bernardo Mota Veiga de Carvalho e Silva,Midfielder,MCI,10
1059717,Jesus,Gabriel Fernando de Jesus,Forward,MCI,3
1059717,Zinchenko,Oleksandr Zinchenko,Defender,MCI,12
1059717,Rodri,Rodrigo Hernández Cascante,Midfielder,MCI,18
1059717,Lloris,Hugo Lloris,Goalkeeper,TOT,21
1059717,Rose,Danny Rose,Defender,TOT,4
1059717,Sissoko,Moussa Sissoko,Midfielder,TOT,12
1059717,Alderweireld,Toby Alderweireld,Defender,TOT,8
1059717,Lamela,Erik Lamela,Midfielder,TOT,40
1059717,Kane (Harry),Harry Kane,Forward,TOT,5
1059717,Eriksen,Christian Eriksen,Midfielder,TOT,11
1059717,Lucas Moura,Lucas Rodrigues Moura da Silva,Midfielder,TOT,25
1059717,Winks,Harry Winks,Midfielder,TOT,11
1059717,Walker-Peters,Kyle Walker-Peters,Defender,TOT,5
1059717,Sánchez (Davinson),Davinson Sánchez,Defender,TOT,12
1059717,Lo Celso,Giovani Lo Celso,Midfielder,TOT,4
1059717,Skipp,Oliver Skipp,Midfielder,TOT,3
1059717,NDombele,Tanguy NDombele,Midfielder,TOT,32
1059718,Shelvey,Jonjo Shelvey,Midfielder,NEW,37
1059718,Ritchie,Matt Ritchie,Defender,NEW,5
1059718,Dubravka,Martin Dubravka,Goalkeeper,NEW,6
1059718,Ki Sung-Yueng,Sung-Yueng Ki,Midfielder,NEW,10
1059718,Lascelles,Jamaal Lascelles,Defender,NEW,-2
1059718,Dummett,Paul Dummett,Defender,NEW,-2
1059718,Krafth,Emil Krafth,Defender,NEW,-4
1059718,Schär,Fabian Schär,Defender,NEW,7
1059718,Hayden (Isaac),Isaac Hayden,Midfielder,NEW,12
1059718,Almirón,Miguel Almirón,Midfielder,NEW,8
1059718,Longstaff (Sean),Sean Longstaff,Midfielder,NEW,9
1059718,Joelinton,Joelinton Cássio Apolinário de Lira,Forward,NEW,0
1059718,Muto,Yoshinori Muto,Forward,NEW,2
1059718,Tettey,Alexander Tettey,Midfielder,NOR,3
1059718,Krul,Tim Krul,Goalkeeper,NOR,12
1059718,Vrancic,Mario Vrancic,Midfielder,NOR,4
1059718,Pukki,Teemu Pukki,Forward,NOR,95
1059718,Stiepermann,Marco Stiepermann,Midfielder,NOR,16
1059718,Hanley,Grant Hanley,Defender,NOR,14
1059718,Leitner,Moritz Leitner,Midfielder,NOR,24
1059718,Trybull,Tom Trybull,Midfielder,NOR,20
1059718,Byram,Sam Byram,Defender,NOR,-1
1059718,Cantwell,Todd Cantwell,Midfielder,NOR,33
1059718,Lewis (Jamal),Jamal Lewis,Defender,NOR,28
1059718,Buendía,Emiliano Buendía,Midfielder,NOR,11
1059718,Godfrey,Ben Godfrey,Defender,NOR,14
1059718,Aarons (Maximillian),Maximillian Aarons,Defender,NOR,9
1059719,Dann,Scott Dann,Defender,CRY,13
1059719,Guaita,Vicente Guaita,Goalkeeper,CRY,12
1059719,McArthur,James McArthur,Midfielder,CRY,14
1059719,McCarthy (James),James McCarthy,Midfielder,CRY,4
1059719,Benteke,Christian Benteke,Forward,CRY,16
1059719,Ward (Joel),Joel Ward,Defender,CRY,12
1059719,Kelly (Martin),Martin Kelly,Defender,CRY,10
1059719,Wickham,Connor Wickham,Forward,CRY,2
1059719,Townsend,Andros Townsend,Midfielder,CRY,22
1059719,Milivojevic,Luka Milivojevic,Midfielder,CRY,7
1059719,Van Aanholt,Patrick Van Aanholt,Defender,CRY,7
1059719,Zaha,Wilfried Zaha,Midfielder,CRY,5
1059719,Schlupp,Jeffrey Schlupp,Midfielder,CRY,3
1059719,Meyer,Max Meyer,Midfielder,CRY,7
1059719,Jagielka,Phil Jagielka,Defender,SHU,4
1059719,McGoldrick,David McGoldrick,Forward,SHU,8
1059719,Basham,Chris Basham,Defender,SHU,26
1059719,Fleck,John Fleck,Midfielder,SHU,4
1059719,Freeman (Luke),Luke Freeman,Midfielder,SHU,3
1059719,Stevens,Enda Stevens,Defender,SHU,29
1059719,Norwood,Oliver Norwood,Midfielder,SHU,20
1059719,Baldock,George Baldock,Defender,SHU,18
1059719,Egan,John Egan,Defender,SHU,19
1059719,O'Connell,Jack O'Connell,Defender,SHU,26
1059719,Lundstram,John Lundstram,Defender,SHU,41
1059719,McBurnie,Oliver McBurnie,Forward,SHU,2
1059719,Robinson (Callum),Callum Robinson,Midfielder,SHU,1
1059719,Henderson (Dean),Dean Henderson,Goalkeeper,SHU,29
1059720,Milner,James Milner,Midfielder,LIV,20
1059720,Wijnaldum,Georginio Wijnaldum,Midfielder,LIV,14
1059720,Henderson (Jordan),Jordan Henderson,Midfielder,LIV,3
1059720,Adrián,Adrián San Miguel del Castillo,Goalkeeper,LIV,8
1059720,Matip,Joel Matip,Defender,LIV,13
1059720,Oxlade-Chamberlain,Alex Oxlade-Chamberlain,Midfielder,LIV,17
1059720,Firmino,Roberto Firmino Barbosa de Oliveira,Forward,LIV,33
1059720,van Dijk,Virgil van Dijk,Defender,LIV,12
1059720,Mane,Sadio Mane,Midfielder,LIV,50
1059720,Fabinho,Fabio Henrique Tavares,Midfielder,LIV,4
1059720,Salah,Mohamed Salah,Midfielder,LIV,2
1059720,Robertson,Andrew Robertson,Defender,LIV,13
1059720,Origi,Divock Origi,Forward,LIV,3
1059720,Alexander-Arnold,Trent Alexander-Arnold,Defender,LIV,3
1059720,Bertrand,Ryan Bertrand,Defender,SOU,-2
1059720,Romeu,Oriol Romeu,Midfielder,SOU,10
1059720,Yoshida,Maya Yoshida,Defender,SOU,0
1059720,Redmond,Nathan Redmond,Midfielder,SOU,8
1059720,Ings,Danny Ings,Forward,SOU,24
1059720,Armstrong (Stuart),Stuart Armstrong,Midfielder,SOU,4
1059720,Vestergaard,Jannik Vestergaard,Defender,SOU,5
1059720,Ward-Prowse,James Ward-Prowse,Midfielder,SOU,16
1059720,Gunn,Angus Gunn,Goalkeeper,SOU,8
1059720,Højbjerg,Pierre-Emile Højbjerg,Midfielder,SOU,12
1059720,Bednarek,Jan Bednarek,Defender,SOU,3
1059720,Adams,Che Adams,Forward,SOU,7
1059720,Valery,Yann Valery,Defender,SOU,5
1059720,Djenepo,Moussa Djenepo,Midfielder,SOU,2
1059721,Mata,Juan Mata,Midfielder,MUN,3
1059721,De Gea,David De Gea,Goalkeeper,MUN,7
1059721,Pogba,Paul Pogba,Midfielder,MUN,9
1059721,Maguire,Harry Maguire,Defender,MUN,16
1059721,Shaw,Luke Shaw,Defender,MUN,15
1059721,Lingard,Jesse Lingard,Midfielder,MUN,9
1059721,Martial,Anthony Martial,Midfielder,MUN,22
1059721,Pereira,Andreas Pereira,Midfielder,MUN,2
1059721,Rashford,Marcus Rashford,Midfielder,MUN,24
1059721,Lindelof,Victor Nilsson-Lindelof,Defender,MUN,10
1059721,McTominay,Scott McTominay,Midfielder,MUN,13
1059721,James (Daniel),Daniel James,Midfielder,MUN,12
1059721,Wan-Bissaka,Aaron Wan-Bissaka,Defender,MUN,14
1059721,Greenwood,Mason Greenwood,Forward,MUN,5
1059721,Moutinho,João Moutinho,Midfielder,WOL,30
1059721,Rui Patrício,Rui Pedro dos Santos Patrício,Goalkeeper,WOL,15
1059721,R Bennett,Ryan Bennett,Defender,WOL,7
1059721,Doherty,Matt Doherty,Defender,WOL,-1
1059721,Boly,Willy Boly,Defender,WOL,8
1059721,Coady,Conor Coady,Defender,WOL,3
1059721,Raúl Jiménez,Raul Alonso Jimenez Rodriguez,Forward,WOL,6
1059721,Jonny,Jonathan Castro Otto,Defender,WOL,9
1059721,Dendoncker,Leander Dendoncker,Midfielder,WOL,4
1059721,Traoré,Adama Traoré,Midfielder,WOL,6
1059721,Ruben Neves,Rúben Diogo da Silva Neves,Midfielder,WOL,26
1059721,Diogo Jota,Diogo José Teixeira da Silva,Midfielder,WOL,0
1059721,Cutrone,Patrick Cutrone,Forward,WOL,2
1059721,Neto,Pedro Neto,Midfielder,WOL,1
1059722,Daniels,Charlie Daniels,Defender,BOU,-1
1059722,Smith (Adam),Adam Smith,Defender,BOU,-6
1059722,Cook (Steve),Steve Cook,Defender,BOU,1
1059722,Wilson (Callum),Callum Wilson,Forward,BOU,16
1059722,King (Joshua),Joshua King,Forward,BOU,5
1059722,Fraser,Ryan Fraser,Midfielder,BOU,9
1059722,Ibe,Jordan Ibe,Midfielder,BOU,4
1059722,Aké,Nathan Aké,Defender,BOU,7
1059722,Lerma,Jefferson Lerma,Midfielder,BOU,9
1059722,Wilson (Harry),Harry Wilson,Midfielder,BOU,31
1059722,Solanke,Dominic Solanke,Forward,BOU,4
1059722,Billing,Philip Billing,Midfielder,BOU,9
1059722,Mepham,Chris Mepham,Defender,BOU,1
1059722,Ramsdale,Aaron Ramsdale,Goalkeeper,BOU,0
1059722,Silva,David Silva,Midfielder,MCI,47
1059722,Aguero,Sergio Aguero,Forward,MCI,62
1059722,Otamendi,Nicolás Otamendi,Defender,MCI,3
1059722,Walker,Kyle Walker,Defender,MCI,3
1059722,Gundogan,Ilkay Gundogan,Midfielder,MCI,17
1059722,De Bruyne,Kevin De Bruyne,Midfielder,MCI,23
1059722,Mahrez,Riyad Mahrez,Midfielder,MCI,5
1059722,Sterling (Raheem),Raheem Sterling,Midfielder,MCI,29
1059722,João Cancelo,João Pedro Cavaco Cancelo,Defender,MCI,2
1059722,Ederson,Ederson Santana de Moraes,Goalkeeper,MCI,13
1059722,Laporte,Aymeric Laporte,Defender,MCI,14
1059722,Bernardo Silva,Bernardo Mota Veiga de Carvalho e Silva,Midfielder,MCI,15
1059722,Zinchenko,Oleksandr Zinchenko,Defender,MCI,18
1059722,Rodri,Rodrigo Hernández Cascante,Midfielder,MCI,6
1059723,Heaton,Tom Heaton,Goalkeeper,AVL,24
1059723,Elmohamady,Ahmed Elmohamady,Defender,AVL,3
1059723,Taylor (Neil),Neil Taylor,Defender,AVL,23
1059723,Jota,José Ignacio Peleteiro Ramallo,Midfielder,AVL,22
1059723,Engels,Björn Engels,Defender,AVL,29
1059723,Grealish,Jack Grealish,Midfielder,AVL,16
1059723,McGinn,John McGinn,Midfielder,AVL,26
1059723,Trezeguet,Mahmoud Hassan,Midfielder,AVL,-1
1059723,Mings,Tyrone Mings,Defender,AVL,27
1059723,El Ghazi,Anwar El Ghazi,Midfielder,AVL,25
1059723,Guilbert,Frederic Guilbert,Defender,AVL,20
1059723,Wesley,Wesley Moraes Ferreira da Silva,Forward,AVL,31
1059723,Douglas Luiz,Douglas Luiz Soares de Paulo,Midfielder,AVL,9
1059723,Walcott,Theo Walcott,Midfielder,EVE,-1
1059723,Schneiderlin,Morgan Schneiderlin,Midfielder,EVE,16
1059723,Sigurdsson,Gylfi Sigurdsson,Midfielder,EVE,6
1059723,Coleman,Seamus Coleman,Defender,EVE,8
1059723,Bernard,Bernard Anício Caldeira Duarte,Midfielder,EVE,7
1059723,Digne,Lucas Digne,Defender,EVE,5
1059723,Keane,Michael Keane,Defender,EVE,3
1059723,Pickford,Jordan Pickford,Goalkeeper,EVE,3
1059723,André Gomes,André Filipe Tavares Gomes,Midfielder,EVE,4
1059723,Iwobi,Alex Iwobi,Midfielder,EVE,8
1059723,Mina,Yerry Mina,Defender,EVE,4
1059723,Calvert-Lewin,Dominic Calvert-Lewin,Forward,EVE,-1
1059723,Richarlison,Richarlison de Andrade,Midfielder,EVE,14
1059723,Kean,Moise Kean,Forward,EVE,6
1059724,Murray,Glenn Murray,Forward,BHA,5
1059724,Stephens (Dale),Dale Stephens,Midfielder,BHA,18
1059724,Groß,Pascal Groß,Midfielder,BHA,4
1059724,Duffy (Shane),Shane Duffy,Defender,BHA,6
1059724,Pröpper,Davy Pröpper,Midfielder,BHA,14
1059724,Burn,Dan Burn,Defender,BHA,3
1059724,Dunk,Lewis Dunk,Defender,BHA,7
1059724,Montoya,Martín Montoya,Defender,BHA,0
1059724,Andone,Florin Andone,Forward,BHA,-8
1059724,Locadia,Jürgen Locadia,Forward,BHA,-2
1059724,March,Solomon March,Midfielder,BHA,15
1059724,Maupay,Neal Maupay,Forward,BHA,8
1059724,Trossard,Leandro Trossard,Midfielder,BHA,16
1059724,Mat Ryan,Mathew Ryan,Goalkeeper,BHA,5
1059724,Romeu,Oriol Romeu,Midfielder,SOU,15
1059724,Redmond,Nathan Redmond,Midfielder,SOU,36
1059724,Ings,Danny Ings,Forward,SOU,15
1059724,Armstrong (Stuart),Stuart Armstrong,Midfielder,SOU,2
1059724,Vestergaard,Jannik Vestergaard,Defender,SOU,33
1059724,Ward-Prowse,James Ward-Prowse,Midfielder,SOU,11
1059724,Gunn,Angus Gunn,Goalkeeper,SOU,28
1059724,Boufal,Sofiane Boufal,Midfielder,SOU,19
1059724,Højbjerg,Pierre-Emile Højbjerg,Midfielder,SOU,5
1059724,Danso,Kevin Danso,Defender,SOU,26
1059724,Bednarek,Jan Bednarek,Defender,SOU,28
1059724,Adams,Che Adams,Forward,SOU,4
1059724,Valery,Yann Valery,Defender,SOU,5
1059724,Djenepo,Moussa Djenepo,Midfielder,SOU,27
1059725,Monreal,Nacho Monreal,Defender,ARS,-2
1059725,Sokratis,Sokratis Papastathopoulos,Defender,ARS,4
1059725,Luiz,David Luiz Moreira Marinho,Defender,ARS,-2
1059725,Aubameyang,Pierre-Emerick Aubameyang,Forward,ARS,15
1059725,Mkhitaryan,Henrikh Mkhitaryan,Midfielder,ARS,3
1059725,Lacazette,Alexandre Lacazette,Forward,ARS,2
1059725,Leno,Bernd Leno,Goalkeeper,ARS,1
1059725,Xhaka,Granit Xhaka,Midfielder,ARS,17
1059725,Maitland-Niles,Ainsley Maitland-Niles,Defender,ARS,1
1059725,Dani Ceballos,Daniel Ceballos Fernández,Midfielder,ARS,8
1059725,Pepe,Nicolas Pepe,Midfielder,ARS,9
1059725,Torreira,Lucas Torreira,Midfielder,ARS,25
1059725,Willock,Joseph Willock,Midfielder,ARS,13
1059725,Guendouzi,Matteo Guendouzi,Midfielder,ARS,15
1059725,Milner,James Milner,Midfielder,LIV,5
1059725,Lallana,Adam Lallana,Midfielder,LIV,3
1059725,Wijnaldum,Georginio Wijnaldum,Midfielder,LIV,13
1059725,Henderson (Jordan),Jordan Henderson,Midfielder,LIV,12
1059725,Adrián,Adrián San Miguel del Castillo,Goalkeeper,LIV,6
1059725,Matip,Joel Matip,Defender,LIV,28
1059725,Oxlade-Chamberlain,Alex Oxlade-Chamberlain,Midfielder,LIV,3
1059725,Firmino,Roberto Firmino Barbosa de Oliveira,Forward,LIV,11
1059725,van Dijk,Virgil van Dijk,Defender,LIV,3
1059725,Mane,Sadio Mane,Midfielder,LIV,15
1059725,Fabinho,Fabio Henrique Tavares,Midfielder,LIV,33
1059725,Salah,Mohamed Salah,Midfielder,LIV,48
1059725,Robertson,Andrew Robertson,Defender,LIV,17
1059725,Alexander-Arnold,Trent Alexander-Arnold,Defender,LIV,27
1059726,Cahill,Gary Cahill,Defender,CRY,1
1059726,Guaita,Vicente Guaita,Goalkeeper,CRY,6
1059726,McArthur,James McArthur,Midfielder,CRY,8
1059726,McCarthy (James),James McCarthy,Midfielder,CRY,4
1059726,Benteke,Christian Benteke,Forward,CRY,4
1059726,Kouyaté,Cheikhou Kouyaté,Midfielder,CRY,9
1059726,Ward (Joel),Joel Ward,Defender,CRY,3
1059726,Kelly (Martin),Martin Kelly,Defender,CRY,7
1059726,Townsend,Andros Townsend,Midfielder,CRY,5
1059726,Milivojevic,Luka Milivojevic,Midfielder,CRY,5
1059726,Van Aanholt,Patrick Van Aanholt,Defender,CRY,21
1059726,Ayew,Jordan Ayew,Forward,CRY,31
1059726,Zaha,Wilfried Zaha,Midfielder,CRY,3
1059726,Schlupp,Jeffrey Schlupp,Midfielder,CRY,21
1059726,Young (Ashley),Ashley Young,Defender,MUN,13
1059726,Mata,Juan Mata,Midfielder,MUN,4
1059726,De Gea,David De Gea,Goalkeeper,MUN,1
1059726,Pogba,Paul Pogba,Midfielder,MUN,8
1059726,Maguire,Harry Maguire,Defender,MUN,11
1059726,Shaw,Luke Shaw,Defender,MUN,0
1059726,Lingard,Jesse Lingard,Midfielder,MUN,4
1059726,Martial,Anthony Martial,Midfielder,MUN,15
1059726,Rashford,Marcus Rashford,Midfielder,MUN,0
1059726,Lindelof,Victor Nilsson-Lindelof,Defender,MUN,5
1059726,McTominay,Scott McTominay,Midfielder,MUN,12
1059726,James (Daniel),Daniel James,Midfielder,MUN,18
1059726,Wan-Bissaka,Aaron Wan-Bissaka,Defender,MUN,0
1059726,Greenwood,Mason Greenwood,Forward,MUN,3
1059727,Azpilicueta,César Azpilicueta,Defender,CHE,17
1059727,Giroud,Olivier Giroud,Forward,CHE,0
1059727,Willian,Willian Borges Da Silva,Midfielder,CHE,2
1059727,Alonso,Marcos Alonso,Defender,CHE,2
1059727,Jorginho,Jorge Luiz Frello Filho,Midfielder,CHE,23
1059727,Barkley,Ross Barkley,Midfielder,CHE,21
1059727,Kovacic,Mateo Kovacic,Midfielder,CHE,34
1059727,Zouma,Kurt Zouma,Defender,CHE,8
1059727,Emerson,Emerson Palmieri dos Santos,Defender,CHE,25
1059727,Kepa,Kepa Arrizabalaga Revuelta,Goalkeeper,CHE,6
1059727,Christensen,Andreas Christensen,Defender,CHE,5
1059727,Abraham,Tammy Abraham,Forward,CHE,60
1059727,Pulisic,Christian Pulisic,Midfielder,CHE,23
1059727,Mount,Mason Mount,Midfielder,CHE,38
1059727,Krul,Tim Krul,Goalkeeper,NOR,8
1059727,Vrancic,Mario Vrancic,Midfielder,NOR,2
1059727,Pukki,Teemu Pukki,Forward,NOR,43
1059727,Stiepermann,Marco Stiepermann,Midfielder,NOR,2
1059727,Kenny McLean,Kenneth McLean,Midfielder,NOR,5
1059727,Hanley,Grant Hanley,Defender,NOR,8
1059727,Leitner,Moritz Leitner,Midfielder,NOR,14
1059727,Trybull,Tom Trybull,Midfielder,NOR,15
1059727,Srbeny,Dennis Srbeny,Forward,NOR,3
1059727,Cantwell,Todd Cantwell,Midfielder,NOR,29
1059727,Lewis (Jamal),Jamal Lewis,Defender,NOR,-2
1059727,Buendía,Emiliano Buendía,Midfielder,NOR,28
1059727,Godfrey,Ben Godfrey,Defender,NOR,6
1059727,Aarons (Maximillian),Maximillian Aarons,Defender,NOR,-4
1059728,Morgan,Wes Morgan,Defender,LEI,5
1059728,Schmeichel,Kasper Schmeichel,Goalkeeper,LEI,8
1059728,Fuchs,Christian Fuchs,Defender,LEI,3
1059728,Evans (Jonny),Jonny Evans,Defender,LEI,12
1059728,Mendy (Nampalys),Nampalys Mendy,Midfielder,LEI,2
1059728,Vardy,Jamie Vardy,Forward,LEI,27
1059728,Praet,Dennis Praet,Midfielder,LEI,9
1059728,Ricardo Pereira,Ricardo Domingos Barbosa Pereira,Defender,LEI,10
1059728,Tielemans,Youri Tielemans,Midfielder,LEI,13
1059728,Ayoze Pérez,Ayoze Pérez Gutiérrez,Midfielder,LEI,12
1059728,Maddison,James Maddison,Midfielder,LEI,30
1059728,Choudhury,Hamza Choudhury,Midfielder,LEI,16
1059728,Barnes (Harvey),Harvey Barnes,Midfielder,LEI,25
1059728,Söyüncü,Caglar Söyüncü,Defender,LEI,18
1059728,Sharp,Billy Sharp,Forward,SHU,3
1059728,McGoldrick,David McGoldrick,Forward,SHU,10
1059728,Basham,Chris Basham,Defender,SHU,0
1059728,Freeman (Luke),Luke Freeman,Midfielder,SHU,15
1059728,Stevens,Enda Stevens,Defender,SHU,6
1059728,Norwood,Oliver Norwood,Midfielder,SHU,15
1059728,Baldock,George Baldock,Defender,SHU,23
1059728,Morrison,Ravel Morrison,Midfielder,SHU,0
1059728,Egan,John Egan,Defender,SHU,7
1059728,O'Connell,Jack O'Connell,Defender,SHU,5
1059728,Lundstram,John Lundstram,Defender,SHU,-1
1059728,McBurnie,Oliver McBurnie,Forward,SHU,27
1059728,Robinson (Callum),Callum Robinson,Midfielder,SHU,2
1059728,Henderson (Dean),Dean Henderson,Goalkeeper,SHU,-1
1059729,Ritchie,Matt Ritchie,Defender,NEW,24
1059729,Fernández,Federico Fernández,Defender,NEW,5
1059729,Dubravka,Martin Dubravka,Goalkeeper,NEW,25
1059729,Lascelles,Jamaal Lascelles,Defender,NEW,27
1059729,Atsu,Christian Atsu,Midfielder,NEW,21
1059729,Dummett,Paul Dummett,Defender,NEW,27
1059729,Krafth,Emil Krafth,Defender,NEW,23
1059729,Schär,Fabian Schär,Defender,NEW,31
1059729,Hayden (Isaac),Isaac Hayden,Midfielder,NEW,10
1059729,Saint-Maximin,Allan Saint-Maximin,Midfielder,NEW,3
1059729,Almirón,Miguel Almirón,Midfielder,NEW,6
1059729,Longstaff (Sean),Sean Longstaff,Midfielder,NEW,8
1059729,Joelinton,Joelinton Cássio Apolinário de Lira,Forward,NEW,33
1059729,Muto,Yoshinori Muto,Forward,NEW,2
1059729,Lloris,Hugo Lloris,Goalkeeper,TOT,8
1059729,Rose,Danny Rose,Defender,TOT,13
1059729,Sissoko,Moussa Sissoko,Midfielder,TOT,22
1059729,Alderweireld,Toby Alderweireld,Defender,TOT,11
1059729,Lamela,Erik Lamela,Midfielder,TOT,7
1059729,Kane (Harry),Harry Kane,Forward,TOT,3
1059729,Eriksen,Christian Eriksen,Midfielder,TOT,9
1059729,Son,Heung-Min Son,Midfielder,TOT,14
1059729,Lucas Moura,Lucas Rodrigues Moura da Silva,Midfielder,TOT,3
1059729,Davies (Ben),Ben Davies,Defender,TOT,2
1059729,Winks,Harry Winks,Midfielder,TOT,15
1059729,Walker-Peters,Kyle Walker-Peters,Defender,TOT,9
1059729,Sánchez (Davinson),Davinson Sánchez,Defender,TOT,12
1059729,Lo Celso,Giovani Lo Celso,Midfielder,TOT,4
1059730,Foster,Ben Foster,Goalkeeper,WAT,14
1059730,Capoue,Etienne Capoue,Midfielder,WAT,16
1059730,Holebas,José Holebas,Defender,WAT,3
1059730,Cathcart,Craig Cathcart,Defender,WAT,1
1059730,Cleverley,Tom Cleverley,Midfielder,WAT,10
1059730,Welbeck,Danny Welbeck,Forward,WAT,5
1059730,Femenía,Francisco Femenía Far,Defender,WAT,4
1059730,Dawson,Craig Dawson,Defender,WAT,-1
1059730,Gray (Andre),Andre Gray,Forward,WAT,35
1059730,Deulofeu,Gerard Deulofeu,Forward,WAT,9
1059730,Hughes,Will Hughes,Midfielder,WAT,22
1059730,Doucouré,Abdoulaye Doucouré,Midfielder,WAT,16
1059730,Quina,Domingos Quina,Midfielder,WAT,3
1059730,Ismaila Sarr,Ismaila Sarr,Midfielder,WAT,2
1059730,Noble,Mark Noble,Midfielder,WHU,36
1059730,Fabianski,Lukasz Fabianski,Goalkeeper,WHU,10
1059730,Ogbonna,Angelo Ogbonna,Defender,WHU,7
1059730,Sánchez (Carlos),Carlos Sánchez,Midfielder,WHU,3
1059730,Yarmolenko,Andriy Yarmolenko,Midfielder,WHU,11
1059730,Antonio,Michail Antonio,Forward,WHU,14
1059730,Fredericks,Ryan Fredericks,Defender,WHU,4
1059730,Lanzini,Manuel Lanzini,Midfielder,WHU,22
1059730,Felipe Anderson,Felipe Anderson Pereira Gomes,Midfielder,WHU,33
1059730,Haller,Sébastien Haller,Forward,WHU,63
1059730,Masuaku,Arthur Masuaku,Defender,WHU,17
1059730,Rice,Declan Rice,Midfielder,WHU,14
1059730,Fornals,Pablo Fornals,Midfielder,WHU,6
1059730,Diop,Issa Diop,Defender,WHU,8
1059731,Lennon,Aaron Lennon,Midfielder,BUR,-1
1059731,Tarkowski,James Tarkowski,Defender,BUR,14
1059731,Pieters,Erik Pieters,Defender,BUR,4
1059731,Cork,Jack Cork,Midfielder,BUR,10
1059731,Rodriguez,Jay Rodriguez,Forward,BUR,4
1059731,Barnes (Ashley),Ashley Barnes,Forward,BUR,29
1059731,Mee,Ben Mee,Defender,BUR,8
1059731,Westwood,Ashley Roy Westwood,Midfielder,BUR,19
1059731,Gudmundsson,Johann Berg Gudmundsson,Midfielder,BUR,8
1059731,Wood,Chris Wood,Forward,BUR,6
1059731,Lowton,Matthew Lowton,Defender,BUR,10
1059731,Hendrick,Jeff Hendrick,Midfielder,BUR,2
1059731,Pope,Nick Pope,Goalkeeper,BUR,10
1059731,McNeil,Dwight McNeil,Midfielder,BUR,19
1059731,Moutinho,João Moutinho,Midfielder,WOL,12
1059731,Rui Patrício,Rui Pedro dos Santos Patrício,Goalkeeper,WOL,12
1059731,R Bennett,Ryan Bennett,Defender,WOL,11
1059731,Doherty,Matt Doherty,Defender,WOL,8
1059731,Boly,Willy Boly,Defender,WOL,22
1059731,Coady,Conor Coady,Defender,WOL,13
1059731,Raúl Jiménez,Raul Alonso Jimenez Rodriguez,Forward,WOL,34
1059731,Jonny,Jonathan Castro Otto,Defender,WOL,7
1059731,Dendoncker,Leander Dendoncker,Midfielder,WOL,3
1059731,Traoré,Adama Traoré,Midfielder,WOL,4
1059731,Ruben Neves,Rúben Diogo da Silva Neves,Midfielder,WOL,13
1059731,Diogo Jota,Diogo José Teixeira da Silva,Midfielder,WOL,11
1059731,Gibbs-White,Morgan Gibbs-White,Midfielder,WOL,14
1059731,Neto,Pedro Neto,Midfielder,WOL,3
1059732,Sokratis,Sokratis Papastathopoulos,Defender,ARS,2
1059732,Luiz,David Luiz Moreira Marinho,Defender,ARS,8
1059732,Aubameyang,Pierre-Emerick Aubameyang,Forward,ARS,38
1059732,Mkhitaryan,Henrikh Mkhitaryan,Midfielder,ARS,0
1059732,Lacazette,Alexandre Lacazette,Forward,ARS,31
1059732,Leno,Bernd Leno,Goalkeeper,ARS,13
1059732,Xhaka,Granit Xhaka,Midfielder,ARS,7
1059732,Kolasinac,Sead Kolasinac,Defender,ARS,7
1059732,Maitland-Niles,Ainsley Maitland-Niles,Defender,ARS,11
1059732,Dani Ceballos,Daniel Ceballos Fernández,Midfielder,ARS,13
1059732,Pepe,Nicolas Pepe,Midfielder,ARS,23
1059732,Torreira,Lucas Torreira,Midfielder,ARS,25
1059732,Guendouzi,Matteo Guendouzi,Midfielder,ARS,31
1059732,Lloris,Hugo Lloris,Goalkeeper,TOT,14
1059732,Rose,Danny Rose,Defender,TOT,4
1059732,Vertonghen,Jan Vertonghen,Defender,TOT,4
1059732,Sissoko,Moussa Sissoko,Midfielder,TOT,8
1059732,Alderweireld,Toby Alderweireld,Defender,TOT,5
1059732,Lamela,Erik Lamela,Midfielder,TOT,13
1059732,Kane (Harry),Harry Kane,Forward,TOT,31
1059732,Eriksen,Christian Eriksen,Midfielder,TOT,36
1059732,Son,Heung-Min Son,Midfielder,TOT,21
1059732,Alli,Bamidele Alli,Midfielder,TOT,4
1059732,Winks,Harry Winks,Midfielder,TOT,10
1059732,Sánchez (Davinson),Davinson Sánchez,Defender,TOT,-1
1059732,Lo Celso,Giovani Lo Celso,Midfielder,TOT,3
1059733,Lennon,Aaron Lennon,Midfielder,BUR,7
1059733,Tarkowski,James Tarkowski,Defender,BUR,-2
1059733,Pieters,Erik Pieters,Defender,BUR,2
1059733,Cork,Jack Cork,Midfielder,BUR,17
1059733,Rodriguez,Jay Rodriguez,Forward,BUR,2
1059733,Barnes (Ashley),Ashley Barnes,Forward,BUR,4
1059733,Mee,Ben Mee,Defender,BUR,-1
1059733,Westwood,Ashley Roy Westwood,Midfielder,BUR,14
1059733,Wood,Chris Wood,Forward,BUR,-1
1059733,Lowton,Matthew Lowton,Defender,BUR,-3
1059733,Pope,Nick Pope,Goalkeeper,BUR,10
1059733,McNeil,Dwight McNeil,Midfielder,BUR,10
1059733,Wijnaldum,Georginio Wijnaldum,Midfielder,LIV,10
1059733,Henderson (Jordan),Jordan Henderson,Midfielder,LIV,16
1059733,Adrián,Adrián San Miguel del Castillo,Goalkeeper,LIV,25
1059733,Matip,Joel Matip,Defender,LIV,26
1059733,Shaqiri,Xherdan Shaqiri,Midfielder,LIV,3
1059733,Oxlade-Chamberlain,Alex Oxlade-Chamberlain,Midfielder,LIV,7
1059733,Firmino,Roberto Firmino Barbosa de Oliveira,Forward,LIV,48
1059733,van Dijk,Virgil van Dijk,Defender,LIV,28
1059733,Mane,Sadio Mane,Midfielder,LIV,27
1059733,Fabinho,Fabio Henrique Tavares,Midfielder,LIV,10
1059733,Salah,Mohamed Salah,Midfielder,LIV,22
1059733,Robertson,Andrew Robertson,Defender,LIV,26
1059733,Origi,Divock Origi,Forward,LIV,3
1059733,Alexander-Arnold,Trent Alexander-Arnold,Defender,LIV,40
1059734,Azpilicueta,César Azpilicueta,Defender,CHE,13
1059734,Willian,Willian Borges Da Silva,Midfielder,CHE,6
1059734,Jorginho,Jorge Luiz Frello Filho,Midfielder,CHE,28
1059734,Barkley,Ross Barkley,Midfielder,CHE,6
1059734,Kovacic,Mateo Kovacic,Midfielder,CHE,17
1059734,Batshuayi,Michy Batshuayi,Forward,CHE,3
1059734,Zouma,Kurt Zouma,Defender,CHE,4
1059734,Emerson,Emerson Palmieri dos Santos,Defender,CHE,8
1059734,Kepa,Kepa Arrizabalaga Revuelta,Goalkeeper,CHE,11
1059734,Abraham,Tammy Abraham,Forward,CHE,60
1059734,Pulisic,Christian Pulisic,Midfielder,CHE,20
1059734,Mount,Mason Mount,Midfielder,CHE,8
1059734,Tomori,Fikayo Tomori,Defender,CHE,7
1059734,Gilmour,Billy Gilmour,Midfielder,CHE,2
1059734,McGoldrick,David McGoldrick,Forward,SHU,2
1059734,Basham,Chris Basham,Defender,SHU,10
1059734,Freeman (Luke),Luke Freeman,Midfielder,SHU,6
1059734,Stevens,Enda Stevens,Defender,SHU,16
1059734,Norwood,Oliver Norwood,Midfielder,SHU,15
1059734,Baldock,George Baldock,Defender,SHU,3
1059734,Egan,John Egan,Defender,SHU,4
1059734,O'Connell,Jack O'Connell,Defender,SHU,4
1059734,Lundstram,John Lundstram,Defender,SHU,5
1059734,Osborn,Ben Osborn,Midfielder,SHU,5
1059734,McBurnie,Oliver McBurnie,Forward,SHU,6
1059734,Robinson (Callum),Callum Robinson,Midfielder,SHU,24
1059734,Henderson (Dean),Dean Henderson,Goalkeeper,SHU,6
1059734,Mousset,Lys Mousset,Forward,SHU,4
1059735,Heaton,Tom Heaton,Goalkeeper,AVL,12
1059735,Lansbury,Henri Lansbury,Midfielder,AVL,2
1059735,Taylor (Neil),Neil Taylor,Defender,AVL,5
1059735,Hourihane,Conor Hourihane,Midfielder,AVL,6
1059735,Jota,José Ignacio Peleteiro Ramallo,Midfielder,AVL,4
1059735,Engels,Björn Engels,Defender,AVL,13
1059735,Grealish,Jack Grealish,Midfielder,AVL,11
1059735,McGinn,John McGinn,Midfielder,AVL,18
1059735,Trezeguet,Mahmoud Hassan,Midfielder,AVL,-10
1059735,Mings,Tyrone Mings,Defender,AVL,11
1059735,Guilbert,Frederic Guilbert,Defender,AVL,4
1059735,Wesley,Wesley Moraes Ferreira da Silva,Forward,AVL,10
1059735,Davis,Keinan Davis,Midfielder,AVL,7
1059735,Douglas Luiz,Douglas Luiz Soares de Paulo,Midfielder,AVL,14
1059735,Cahill,Gary Cahill,Defender,CRY,27
1059735,Sakho,Mamadou Sakho,Defender,CRY,3
1059735,Guaita,Vicente Guaita,Goalkeeper,CRY,27
1059735,McArthur,James McArthur,Midfielder,CRY,11
1059735,Benteke,Christian Benteke,Forward,CRY,-1
1059735,Kouyaté,Cheikhou Kouyaté,Midfielder,CRY,1
1059735,Ward (Joel),Joel Ward,Defender,CRY,30
1059735,Kelly (Martin),Martin Kelly,Defender,CRY,21
1059735,Townsend,Andros Townsend,Midfielder,CRY,4
1059735,Milivojevic,Luka Milivojevic,Midfielder,CRY,14
1059735,Van Aanholt,Patrick Van Aanholt,Defender,CRY,21
1059735,Ayew,Jordan Ayew,Forward,CRY,37
1059735,Zaha,Wilfried Zaha,Midfielder,CRY,9
1059735,Schlupp,Jeffrey Schlupp,Midfielder,CRY,18
1059736,Delph,Fabian Delph,Midfielder,EVE,9
1059736,Sigurdsson,Gylfi Sigurdsson,Midfielder,EVE,22
1059736,Coleman,Seamus Coleman,Defender,EVE,10
1059736,Bernard,Bernard Anício Caldeira Duarte,Midfielder,EVE,3
1059736,Digne,Lucas Digne,Defender,EVE,18
1059736,Keane,Michael Keane,Defender,EVE,8
1059736,Pickford,Jordan Pickford,Goalkeeper,EVE,8
1059736,André Gomes,André Filipe Tavares Gomes,Midfielder,EVE,20
1059736,Iwobi,Alex Iwobi,Midfielder,EVE,32
1059736,Mina,Yerry Mina,Defender,EVE,9
1059736,Calvert-Lewin,Dominic Calvert-Lewin,Forward,EVE,3
1059736,Richarlison,Richarlison de Andrade,Midfielder,EVE,67
1059736,Kean,Moise Kean,Forward,EVE,16
1059736,Moutinho,João Moutinho,Midfielder,WOL,5
1059736,Rui Patrício,Rui Pedro dos Santos Patrício,Goalkeeper,WOL,-2
1059736,R Bennett,Ryan Bennett,Defender,WOL,1
1059736,Boly,Willy Boly,Defender,WOL,5
1059736,Coady,Conor Coady,Defender,WOL,0
1059736,Raúl Jiménez,Raul Alonso Jimenez Rodriguez,Forward,WOL,25
1059736,Saiss,Romain Saiss,Defender,WOL,9
1059736,Dendoncker,Leander Dendoncker,Midfielder,WOL,10
1059736,Traoré,Adama Traoré,Midfielder,WOL,9
1059736,Ruben Neves,Rúben Diogo da Silva Neves,Midfielder,WOL,12
1059736,Diogo Jota,Diogo José Teixeira da Silva,Midfielder,WOL,3
1059736,Cutrone,Patrick Cutrone,Forward,WOL,12
1059736,Rúben Vinagre,Rúben Gonçalo Silva Nascimento Vinagre,Defender,WOL,-9
1059736,Neto,Pedro Neto,Midfielder,WOL,-2
1059737,Surman,Andrew Surman,Midfielder,BOU,3
1059737,Smith (Adam),Adam Smith,Defender,BOU,8
1059737,Cook (Steve),Steve Cook,Defender,BOU,5
1059737,Wilson (Callum),Callum Wilson,Forward,BOU,24
1059737,King (Joshua),Joshua King,Forward,BOU,7
1059737,Fraser,Ryan Fraser,Midfielder,BOU,25
1059737,Ibe,Jordan Ibe,Midfielder,BOU,8
1059737,Aké,Nathan Aké,Defender,BOU,4
1059737,Lerma,Jefferson Lerma,Midfielder,BOU,12
1059737,Wilson (Harry),Harry Wilson,Midfielder,BOU,5
1059737,Solanke,Dominic Solanke,Forward,BOU,5
1059737,Billing,Philip Billing,Midfielder,BOU,13
1059737,Mepham,Chris Mepham,Defender,BOU,1
1059737,Ramsdale,Aaron Ramsdale,Goalkeeper,BOU,3
1059737,Schmeichel,Kasper Schmeichel,Goalkeeper,LEI,6
1059737,Fuchs,Christian Fuchs,Defender,LEI,4
1059737,Evans (Jonny),Jonny Evans,Defender,LEI,16
1059737,Albrighton,Marc Albrighton,Midfielder,LEI,5
1059737,Vardy,Jamie Vardy,Forward,LEI,69
1059737,Ricardo Pereira,Ricardo Domingos Barbosa Pereira,Defender,LEI,13
1059737,Tielemans,Youri Tielemans,Midfielder,LEI,48
1059737,Gray (Demarai),Demarai Gray,Midfielder,LEI,9
1059737,Maddison,James Maddison,Midfielder,LEI,7
1059737,Chilwell,Benjamin Chilwell,Defender,LEI,18
1059737,Choudhury,Hamza Choudhury,Midfielder,LEI,3
1059737,Barnes (Harvey),Harvey Barnes,Midfielder,LEI,9
1059737,Ndidi,Onyinye Wilfred Ndidi,Midfielder,LEI,18
1059737,Söyüncü,Caglar Söyüncü,Defender,LEI,17
1059738,Murray,Glenn Murray,Forward,BHA,3
1059738,Stephens (Dale),Dale Stephens,Midfielder,BHA,9
1059738,Groß,Pascal Groß,Midfielder,BHA,3
1059738,Pröpper,Davy Pröpper,Midfielder,BHA,19
1059738,Burn,Dan Burn,Defender,BHA,0
1059738,Dunk,Lewis Dunk,Defender,BHA,-5
1059738,Montoya,Martín Montoya,Defender,BHA,-3
1059738,March,Solomon March,Midfielder,BHA,9
1059738,Webster,Adam Webster,Defender,BHA,2
1059738,Maupay,Neal Maupay,Forward,BHA,9
1059738,Trossard,Leandro Trossard,Midfielder,BHA,2
1059738,Mat Ryan,Mathew Ryan,Goalkeeper,BHA,3
1059738,Bernardo,Bernardo Fernandes da Silva Junior,Defender,BHA,-1
1059738,Connolly,Aaron Connolly,Forward,BHA,1
1059738,Silva,David Silva,Midfielder,MCI,34
1059738,Fernandinho,Fernando Luiz Rosa,Midfielder,MCI,16
1059738,Aguero,Sergio Aguero,Forward,MCI,69
1059738,Otamendi,Nicolás Otamendi,Defender,MCI,24
1059738,Walker,Kyle Walker,Defender,MCI,23
1059738,Gundogan,Ilkay Gundogan,Midfielder,MCI,-1
1059738,De Bruyne,Kevin De Bruyne,Midfielder,MCI,43
1059738,Mahrez,Riyad Mahrez,Midfielder,MCI,24
1059738,Sterling (Raheem),Raheem Sterling,Midfielder,MCI,12
1059738,Ederson,Ederson Santana de Moraes,Goalkeeper,MCI,24
1059738,Laporte,Aymeric Laporte,Defender,MCI,0
1059738,Bernardo Silva,Bernardo Mota Veiga de Carvalho e Silva,Midfielder,MCI,21
1059738,Zinchenko,Oleksandr Zinchenko,Defender,MCI,20
1059738,Rodri,Rodrigo Hernández Cascante,Midfielder,MCI,20
1059739,Fernández,Federico Fernández,Defender,NEW,3
1059739,Dubravka,Martin Dubravka,Goalkeeper,NEW,9
1059739,Willems,Jetro Willems,Defender,NEW,13
1059739,Lascelles,Jamaal Lascelles,Defender,NEW,9
1059739,Atsu,Christian Atsu,Midfielder,NEW,17
1059739,Dummett,Paul Dummett,Defender,NEW,5
1059739,Manquillo,Javier Manquillo,Defender,NEW,5
1059739,Krafth,Emil Krafth,Defender,NEW,8
1059739,Schär,Fabian Schär,Defender,NEW,15
1059739,Hayden (Isaac),Isaac Hayden,Midfielder,NEW,23
1059739,Almirón,Miguel Almirón,Midfielder,NEW,8
1059739,Longstaff (Sean),Sean Longstaff,Midfielder,NEW,24
1059739,Joelinton,Joelinton Cássio Apolinário de Lira,Forward,NEW,13
1059739,Muto,Yoshinori Muto,Forward,NEW,2
1059739,Foster,Ben Foster,Goalkeeper,WAT,17
1059739,Cathcart,Craig Cathcart,Defender,WAT,7
1059739,Cleverley,Tom Cleverley,Midfielder,WAT,18
1059739,Janmaat,Daryl Janmaat,Defender,WAT,8
1059739,Femenía,Francisco Femenía Far,Defender,WAT,6
1059739,Dawson,Craig Dawson,Defender,WAT,1
1059739,Pereyra,Roberto Pereyra,Midfielder,WAT,19
1059739,Gray (Andre),Andre Gray,Forward,WAT,6
1059739,Kabasele,Christian Kabasele,Defender,WAT,10
1059739,Chalobah (Nathaniel),Nathaniel Chalobah,Midfielder,WAT,2
1059739,Deulofeu,Gerard Deulofeu,Forward,WAT,1
1059739,Hughes,Will Hughes,Midfielder,WAT,34
1059739,Doucouré,Abdoulaye Doucouré,Midfielder,WAT,9
1059739,Isaac Success,Isaac Success Ajayi,Forward,WAT,6
1059740,Young (Ashley),Ashley Young,Defender,MUN,4
1059740,Mata,Juan Mata,Midfielder,MUN,11
1059740,De Gea,David De Gea,Goalkeeper,MUN,6
1059740,Matic,Nemanja Matic,Midfielder,MUN,6
1059740,Pogba,Paul Pogba,Midfielder,MUN,19
1059740,Maguire,Harry Maguire,Defender,MUN,10
1059740,Lingard,Jesse Lingard,Midfielder,MUN,2
1059740,Pereira,Andreas Pereira,Midfielder,MUN,8
1059740,Rashford,Marcus Rashford,Midfielder,MUN,9
1059740,Lindelof,Victor Nilsson-Lindelof,Defender,MUN,13
1059740,McTominay,Scott McTominay,Midfielder,MUN,29
1059740,James (Daniel),Daniel James,Midfielder,MUN,31
1059740,Wan-Bissaka,Aaron Wan-Bissaka,Defender,MUN,11
1059740,Greenwood,Mason Greenwood,Forward,MUN,4
1059740,Long (Shane),Shane Long,Forward,SOU,0
1059740,Cedric,Cedric Ricardo Alves Soares,Defender,SOU,8
1059740,Romeu,Oriol Romeu,Midfielder,SOU,21
1059740,Yoshida,Maya Yoshida,Defender,SOU,6
1059740,Ings,Danny Ings,Forward,SOU,13
1059740,Armstrong (Stuart),Stuart Armstrong,Midfielder,SOU,-3
1059740,Vestergaard,Jannik Vestergaard,Defender,SOU,26
1059740,Ward-Prowse,James Ward-Prowse,Midfielder,SOU,10
1059740,Gunn,Angus Gunn,Goalkeeper,SOU,19
1059740,Boufal,Sofiane Boufal,Midfielder,SOU,3
1059740,Højbjerg,Pierre-Emile Højbjerg,Midfielder,SOU,17
1059740,Danso,Kevin Danso,Defender,SOU,-4
1059740,Bednarek,Jan Bednarek,Defender,SOU,10
1059740,Adams,Che Adams,Forward,SOU,3
1059741,Krul,Tim Krul,Goalkeeper,NOR,11
1059741,Pukki,Teemu Pukki,Forward,NOR,11
1059741,Stiepermann,Marco Stiepermann,Midfielder,NOR,10
1059741,Kenny McLean,Kenneth McLean,Midfielder,NOR,12
1059741,Drmic,Josip Drmic,Forward,NOR,-2
1059741,Leitner,Moritz Leitner,Midfielder,NOR,11
1059741,Trybull,Tom Trybull,Midfielder,NOR,19
1059741,Amadou,Ibrahim Amadou,Midfielder,NOR,3
1059741,Zimmermann,Christoph Zimmermann,Defender,NOR,-1
1059741,Cantwell,Todd Cantwell,Midfielder,NOR,6
1059741,Lewis (Jamal),Jamal Lewis,Defender,NOR,17
1059741,Buendía,Emiliano Buendía,Midfielder,NOR,10
1059741,Godfrey,Ben Godfrey,Defender,NOR,7
1059741,Aarons (Maximillian),Maximillian Aarons,Defender,NOR,7
1059741,Noble,Mark Noble,Midfielder,WHU,21
1059741,Snodgrass,Robert Snodgrass,Midfielder,WHU,1
1059741,Fabianski,Lukasz Fabianski,Goalkeeper,WHU,26
1059741,Ogbonna,Angelo Ogbonna,Defender,WHU,19
1059741,Sánchez (Carlos),Carlos Sánchez,Midfielder,WHU,3
1059741,Yarmolenko,Andriy Yarmolenko,Midfielder,WHU,25
1059741,Fredericks,Ryan Fredericks,Defender,WHU,20
1059741,Lanzini,Manuel Lanzini,Midfielder,WHU,16
1059741,Felipe Anderson,Felipe Anderson Pereira Gomes,Midfielder,WHU,26
1059741,Haller,Sébastien Haller,Forward,WHU,33
1059741,Masuaku,Arthur Masuaku,Defender,WHU,51
1059741,Rice,Declan Rice,Midfielder,WHU,13
1059741,Fornals,Pablo Fornals,Midfielder,WHU,4
1059741,Diop,Issa Diop,Defender,WHU,30
1059742,Cook (Steve),Steve Cook,Defender,BOU,13
1059742,Wilson (Callum),Callum Wilson,Forward,BOU,50
1059742,King (Joshua),Joshua King,Forward,BOU,39
1059742,Fraser,Ryan Fraser,Midfielder,BOU,28
1059742,Aké,Nathan Aké,Defender,BOU,18
1059742,Lerma,Jefferson Lerma,Midfielder,BOU,3
1059742,Wilson (Harry),Harry Wilson,Midfielder,BOU,5
1059742,Stacey,Jack Stacey,Defender,BOU,11
1059742,Solanke,Dominic Solanke,Forward,BOU,6
1059742,Cook (Lewis),Lewis Cook,Midfielder,BOU,9
1059742,Billing,Philip Billing,Midfielder,BOU,11
1059742,Rico,Diego Rico,Defender,BOU,23
1059742,Mepham,Chris Mepham,Defender,BOU,3
1059742,Ramsdale,Aaron Ramsdale,Goalkeeper,BOU,15
1059742,Walcott,Theo Walcott,Midfielder,EVE,4
1059742,Delph,Fabian Delph,Midfielder,EVE,10
1059742,Schneiderlin,Morgan Schneiderlin,Midfielder,EVE,14
1059742,Sigurdsson,Gylfi Sigurdsson,Midfielder,EVE,10
1059742,Coleman,Seamus Coleman,Defender,EVE,2
1059742,Bernard,Bernard Anício Caldeira Duarte,Midfielder,EVE,2
1059742,Digne,Lucas Digne,Defender,EVE,-1
1059742,Keane,Michael Keane,Defender,EVE,1
1059742,Pickford,Jordan Pickford,Goalkeeper,EVE,2
1059742,Iwobi,Alex Iwobi,Midfielder,EVE,10
1059742,Mina,Yerry Mina,Defender,EVE,4
1059742,Calvert-Lewin,Dominic Calvert-Lewin,Forward,EVE,26
1059742,Richarlison,Richarlison de Andrade,Midfielder,EVE,17
1059742,Kean,Moise Kean,Forward,EVE,2
1059743,Heaton,Tom Heaton,Goalkeeper,AVL,22
1059743,Elmohamady,Ahmed Elmohamady,Defender,AVL,4
1059743,Taylor (Neil),Neil Taylor,Defender,AVL,22
1059743,Jota,José Ignacio Peleteiro Ramallo,Midfielder,AVL,3
1059743,Engels,Björn Engels,Defender,AVL,26
1059743,Grealish,Jack Grealish,Midfielder,AVL,15
1059743,McGinn,John McGinn,Midfielder,AVL,15
1059743,Mings,Tyrone Mings,Defender,AVL,25
1059743,Nakamba,Marvelous Nakamba,Midfielder,AVL,14
1059743,El Ghazi,Anwar El Ghazi,Midfielder,AVL,13
1059743,Guilbert,Frederic Guilbert,Defender,AVL,24
1059743,Wesley,Wesley Moraes Ferreira da Silva,Forward,AVL,3
1059743,Davis,Keinan Davis,Midfielder,AVL,2
1059743,Douglas Luiz,Douglas Luiz Soares de Paulo,Midfielder,AVL,7
1059743,Noble,Mark Noble,Midfielder,WHU,6
1059743,Zabaleta,Pablo Zabaleta,Defender,WHU,3
1059743,Fabianski,Lukasz Fabianski,Goalkeeper,WHU,31
1059743,Ogbonna,Angelo Ogbonna,Defender,WHU,24
1059743,Yarmolenko,Andriy Yarmolenko,Midfielder,WHU,6
1059743,Fredericks,Ryan Fredericks,Defender,WHU,28
1059743,Lanzini,Manuel Lanzini,Midfielder,WHU,14
1059743,Felipe Anderson,Felipe Anderson Pereira Gomes,Midfielder,WHU,22
1059743,Haller,Sébastien Haller,Forward,WHU,10
1059743,Masuaku,Arthur Masuaku,Defender,WHU,10
1059743,Balbuena,Fabián Balbuena,Defender,WHU,3
1059743,Rice,Declan Rice,Midfielder,WHU,16
1059743,Fornals,Pablo Fornals,Midfielder,WHU,5
1059743,Diop,Issa Diop,Defender,WHU,22
1059744,Murray,Glenn Murray,Forward,BHA,1
1059744,Stephens (Dale),Dale Stephens,Midfielder,BHA,17
1059744,Bong,Gaëtan Bong,Defender,BHA,-1
1059744,Groß,Pascal Groß,Midfielder,BHA,12
1059744,Duffy (Shane),Shane Duffy,Defender,BHA,11
1059744,Pröpper,Davy Pröpper,Midfielder,BHA,11
1059744,Mooy,Aaron Mooy,Midfielder,BHA,4
1059744,Burn,Dan Burn,Defender,BHA,5
1059744,Dunk,Lewis Dunk,Defender,BHA,10
1059744,March,Solomon March,Midfielder,BHA,30
1059744,Webster,Adam Webster,Defender,BHA,8
1059744,Maupay,Neal Maupay,Forward,BHA,29
1059744,Mat Ryan,Mathew Ryan,Goalkeeper,BHA,4
1059744,Connolly,Aaron Connolly,Forward,BHA,3
1059744,Lennon,Aaron Lennon,Midfielder,BUR,-1
1059744,Tarkowski,James Tarkowski,Defender,BUR,6
1059744,Pieters,Erik Pieters,Defender,BUR,17
1059744,Cork,Jack Cork,Midfielder,BUR,10
1059744,Rodriguez,Jay Rodriguez,Forward,BUR,1
1059744,Barnes (Ashley),Ashley Barnes,Forward,BUR,2
1059744,Mee,Ben Mee,Defender,BUR,7
1059744,Westwood,Ashley Roy Westwood,Midfielder,BUR,10
1059744,Wood,Chris Wood,Forward,BUR,2
1059744,Lowton,Matthew Lowton,Defender,BUR,9
1059744,Vydra,Matej Vydra,Forward,BUR,12
1059744,Hendrick,Jeff Hendrick,Midfielder,BUR,24
1059744,Pope,Nick Pope,Goalkeeper,BUR,16
1059744,McNeil,Dwight McNeil,Midfielder,BUR,5
1059745,Milner,James Milner,Midfielder,LIV,3
1059745,Wijnaldum,Georginio Wijnaldum,Midfielder,LIV,18
1059745,Adrián,Adrián San Miguel del Castillo,Goalkeeper,LIV,3
1059745,Matip,Joel Matip,Defender,LIV,13
1059745,Shaqiri,Xherdan Shaqiri,Midfielder,LIV,3
1059745,Oxlade-Chamberlain,Alex Oxlade-Chamberlain,Midfielder,LIV,15
1059745,Firmino,Roberto Firmino Barbosa de Oliveira,Forward,LIV,34
1059745,van Dijk,Virgil van Dijk,Defender,LIV,13
1059745,Mane,Sadio Mane,Midfielder,LIV,46
1059745,Fabinho,Fabio Henrique Tavares,Midfielder,LIV,16
1059745,Salah,Mohamed Salah,Midfielder,LIV,36
1059745,Robertson,Andrew Robertson,Defender,LIV,25
1059745,Origi,Divock Origi,Forward,LIV,0
1059745,Alexander-Arnold,Trent Alexander-Arnold,Defender,LIV,17
1059745,Shelvey,Jonjo Shelvey,Midfielder,NEW,11
1059745,Fernández,Federico Fernández,Defender,NEW,3
1059745,Dubravka,Martin Dubravka,Goalkeeper,NEW,3
1059745,Willems,Jetro Willems,Defender,NEW,17
1059745,Lascelles,Jamaal Lascelles,Defender,NEW,4
1059745,Atsu,Christian Atsu,Midfielder,NEW,19
1059745,Dummett,Paul Dummett,Defender,NEW,0
1059745,Manquillo,Javier Manquillo,Defender,NEW,0
1059745,Krafth,Emil Krafth,Defender,NEW,0
1059745,Schär,Fabian Schär,Defender,NEW,-1
1059745,Hayden (Isaac),Isaac Hayden,Midfielder,NEW,12
1059745,Almirón,Miguel Almirón,Midfielder,NEW,8
1059745,Joelinton,Joelinton Cássio Apolinário de Lira,Forward,NEW,7
1059745,Muto,Yoshinori Muto,Forward,NEW,2
1059746,Schmeichel,Kasper Schmeichel,Goalkeeper,LEI,15
1059746,Evans (Jonny),Jonny Evans,Defender,LEI,13
1059746,Vardy,Jamie Vardy,Forward,LEI,6
1059746,Ricardo Pereira,Ricardo Domingos Barbosa Pereira,Defender,LEI,3
1059746,Tielemans,Youri Tielemans,Midfielder,LEI,19
1059746,Ayoze Pérez,Ayoze Pérez Gutiérrez,Midfielder,LEI,2
1059746,Gray (Demarai),Demarai Gray,Midfielder,LEI,5
1059746,Maddison,James Maddison,Midfielder,LEI,7
1059746,Chilwell,Benjamin Chilwell,Defender,LEI,7
1059746,Choudhury,Hamza Choudhury,Midfielder,LEI,10
1059746,Barnes (Harvey),Harvey Barnes,Midfielder,LEI,2
1059746,Ndidi,Onyinye Wilfred Ndidi,Midfielder,LEI,16
1059746,Söyüncü,Caglar Söyüncü,Defender,LEI,7
1059746,Young (Ashley),Ashley Young,Defender,MUN,25
1059746,Mata,Juan Mata,Midfielder,MUN,12
1059746,De Gea,David De Gea,Goalkeeper,MUN,28
1059746,Matic,Nemanja Matic,Midfielder,MUN,7
1059746,Maguire,Harry Maguire,Defender,MUN,30
1059746,Fred,Frederico Rodrigues de Paula Santos,Midfielder,MUN,6
1059746,Pereira,Andreas Pereira,Midfielder,MUN,6
1059746,Rashford,Marcus Rashford,Midfielder,MUN,32
1059746,Tuanzebe,Axel Tuanzebe,Defender,MUN,3
1059746,Lindelof,Victor Nilsson-Lindelof,Defender,MUN,27
1059746,McTominay,Scott McTominay,Midfielder,MUN,15
1059746,James (Daniel),Daniel James,Midfielder,MUN,2
1059746,Wan-Bissaka,Aaron Wan-Bissaka,Defender,MUN,23
1059746,Chong,Tahith Chong,Midfielder,MUN,3
1059747,Silva,David Silva,Midfielder,MCI,4
1059747,Aguero,Sergio Aguero,Forward,MCI,26
1059747,Otamendi,Nicolás Otamendi,Defender,MCI,3
1059747,Walker,Kyle Walker,Defender,MCI,4
1059747,Gundogan,Ilkay Gundogan,Midfielder,MCI,10
1059747,De Bruyne,Kevin De Bruyne,Midfielder,MCI,6
1059747,Stones,John Stones,Defender,MCI,6
1059747,Mahrez,Riyad Mahrez,Midfielder,MCI,5
1059747,Sterling (Raheem),Raheem Sterling,Midfielder,MCI,22
1059747,Ederson,Ederson Santana de Moraes,Goalkeeper,MCI,-4
1059747,Bernardo Silva,Bernardo Mota Veiga de Carvalho e Silva,Midfielder,MCI,34
1059747,Jesus,Gabriel Fernando de Jesus,Forward,MCI,16
1059747,Zinchenko,Oleksandr Zinchenko,Defender,MCI,2
1059747,Rodri,Rodrigo Hernández Cascante,Midfielder,MCI,43
1059747,Tettey,Alexander Tettey,Midfielder,NOR,11
1059747,Krul,Tim Krul,Goalkeeper,NOR,15
1059747,Pukki,Teemu Pukki,Forward,NOR,42
1059747,Stiepermann,Marco Stiepermann,Midfielder,NOR,10
1059747,Kenny McLean,Kenneth McLean,Midfielder,NOR,38
1059747,Drmic,Josip Drmic,Forward,NOR,3
1059747,Byram,Sam Byram,Defender,NOR,5
1059747,Amadou,Ibrahim Amadou,Midfielder,NOR,12
1059747,Srbeny,Dennis Srbeny,Forward,NOR,7
1059747,Cantwell,Todd Cantwell,Midfielder,NOR,26
1059747,Lewis (Jamal),Jamal Lewis,Defender,NOR,4
1059747,Buendía,Emiliano Buendía,Midfielder,NOR,39
1059747,Godfrey,Ben Godfrey,Defender,NOR,9
1059748,Sharp,Billy Sharp,Forward,SHU,-1
1059748,McGoldrick,David McGoldrick,Forward,SHU,2
1059748,Basham,Chris Basham,Defender,SHU,1
1059748,Fleck,John Fleck,Midfielder,SHU,15
1059748,Stevens,Enda Stevens,Defender,SHU,8
1059748,Norwood,Oliver Norwood,Midfielder,SHU,25
1059748,Baldock,George Baldock,Defender,SHU,5
1059748,Egan,John Egan,Defender,SHU,11
1059748,O'Connell,Jack O'Connell,Defender,SHU,10
1059748,Lundstram,John Lundstram,Defender,SHU,10
1059748,McBurnie,Oliver McBurnie,Forward,SHU,9
1059748,Robinson (Callum),Callum Robinson,Midfielder,SHU,2
1059748,Henderson (Dean),Dean Henderson,Goalkeeper,SHU,18
1059748,Mousset,Lys Mousset,Forward,SHU,2
1059748,Long (Shane),Shane Long,Forward,SOU,2
1059748,Cedric,Cedric Ricardo Alves Soares,Defender,SOU,23
1059748,Romeu,Oriol Romeu,Midfielder,SOU,18
1059748,Yoshida,Maya Yoshida,Defender,SOU,27
1059748,Ings,Danny Ings,Forward,SOU,4
1059748,Armstrong (Stuart),Stuart Armstrong,Midfielder,SOU,3
1059748,Vestergaard,Jannik Vestergaard,Defender,SOU,28
1059748,Ward-Prowse,James Ward-Prowse,Midfielder,SOU,17
1059748,Gunn,Angus Gunn,Goalkeeper,SOU,28
1059748,Boufal,Sofiane Boufal,Midfielder,SOU,23
1059748,Højbjerg,Pierre-Emile Højbjerg,Midfielder,SOU,16
1059748,Bednarek,Jan Bednarek,Defender,SOU,25
1059748,Adams,Che Adams,Forward,SOU,7
1059748,Djenepo,Moussa Djenepo,Midfielder,SOU,47
1059749,Cahill,Gary Cahill,Defender,CRY,1
1059749,Sakho,Mamadou Sakho,Defender,CRY,-3
1059749,Guaita,Vicente Guaita,Goalkeeper,CRY,-2
1059749,McCarthy (James),James McCarthy,Midfielder,CRY,4
1059749,Benteke,Christian Benteke,Forward,CRY,6
1059749,Kouyaté,Cheikhou Kouyaté,Midfielder,CRY,10
1059749,Ward (Joel),Joel Ward,Defender,CRY,-2
1059749,Townsend,Andros Townsend,Midfielder,CRY,17
1059749,Milivojevic,Luka Milivojevic,Midfielder,CRY,15
1059749,Van Aanholt,Patrick Van Aanholt,Defender,CRY,-10
1059749,Ayew,Jordan Ayew,Forward,CRY,12
1059749,Zaha,Wilfried Zaha,Midfielder,CRY,19
1059749,Schlupp,Jeffrey Schlupp,Midfielder,CRY,5
1059749,Camarasa,Víctor Camarasa,Midfielder,CRY,3
1059749,Lloris,Hugo Lloris,Goalkeeper,TOT,33
1059749,Rose,Danny Rose,Defender,TOT,18
1059749,Vertonghen,Jan Vertonghen,Defender,TOT,27
1059749,Sissoko,Moussa Sissoko,Midfielder,TOT,11
1059749,Alderweireld,Toby Alderweireld,Defender,TOT,39
1059749,Lamela,Erik Lamela,Midfielder,TOT,29
1059749,Kane (Harry),Harry Kane,Forward,TOT,22
1059749,Aurier,Serge Aurier,Defender,TOT,46
1059749,Eriksen,Christian Eriksen,Midfielder,TOT,7
1059749,Son,Heung-Min Son,Midfielder,TOT,54
1059749,Lucas Moura,Lucas Rodrigues Moura da Silva,Midfielder,TOT,3
1059749,Davies (Ben),Ben Davies,Defender,TOT,5
1059749,Winks,Harry Winks,Midfielder,TOT,11
1059749,NDombele,Tanguy NDombele,Midfielder,TOT,4
1059750,Ozil,Mesut Ozil,Midfielder,ARS,16
1059750,Sokratis,Sokratis Papastathopoulos,Defender,ARS,1
1059750,Luiz,David Luiz Moreira Marinho,Defender,ARS,5
1059750,Aubameyang,Pierre-Emerick Aubameyang,Forward,ARS,58
1059750,Leno,Bernd Leno,Goalkeeper,ARS,13
1059750,Xhaka,Granit Xhaka,Midfielder,ARS,23
1059750,Kolasinac,Sead Kolasinac,Defender,ARS,14
1059750,Maitland-Niles,Ainsley Maitland-Niles,Defender,ARS,17
1059750,Dani Ceballos,Daniel Ceballos Fernández,Midfielder,ARS,9
1059750,Pepe,Nicolas Pepe,Midfielder,ARS,11
1059750,Torreira,Lucas Torreira,Midfielder,ARS,5
1059750,Willock,Joseph Willock,Midfielder,ARS,3
1059750,Nelson,Reiss Nelson,Midfielder,ARS,3
1059750,Guendouzi,Matteo Guendouzi,Midfielder,ARS,10
1059750,Foster,Ben Foster,Goalkeeper,WAT,4
1059750,Capoue,Etienne Capoue,Midfielder,WAT,17
1059750,Holebas,José Holebas,Defender,WAT,0
1059750,Cleverley,Tom Cleverley,Midfielder,WAT,39
1059750,Janmaat,Daryl Janmaat,Defender,WAT,3
1059750,Femenía,Francisco Femenía Far,Defender,WAT,4
1059750,Dawson,Craig Dawson,Defender,WAT,6
1059750,Pereyra,Roberto Pereyra,Midfielder,WAT,24
1059750,Gray (Andre),Andre Gray,Forward,WAT,0
1059750,Kabasele,Christian Kabasele,Defender,WAT,1
1059750,Deulofeu,Gerard Deulofeu,Forward,WAT,41
1059750,Hughes,Will Hughes,Midfielder,WAT,9
1059750,Doucouré,Abdoulaye Doucouré,Midfielder,WAT,16
1059750,Ismaila Sarr,Ismaila Sarr,Midfielder,WAT,3
1059751,Azpilicueta,César Azpilicueta,Defender,CHE,1
1059751,Willian,Willian Borges Da Silva,Midfielder,CHE,17
1059751,Alonso,Marcos Alonso,Defender,CHE,20
1059751,Jorginho,Jorge Luiz Frello Filho,Midfielder,CHE,31
1059751,Barkley,Ross Barkley,Midfielder,CHE,7
1059751,Kovacic,Mateo Kovacic,Midfielder,CHE,15
1059751,Batshuayi,Michy Batshuayi,Forward,CHE,6
1059751,Rüdiger,Antonio Rüdiger,Defender,CHE,9
1059751,Zouma,Kurt Zouma,Defender,CHE,-5
1059751,Kepa,Kepa Arrizabalaga Revuelta,Goalkeeper,CHE,10
1059751,Christensen,Andreas Christensen,Defender,CHE,6
1059751,Abraham,Tammy Abraham,Forward,CHE,75
1059751,Mount,Mason Mount,Midfielder,CHE,35
1059751,Tomori,Fikayo Tomori,Defender,CHE,28
1059751,Moutinho,João Moutinho,Midfielder,WOL,24
1059751,Rui Patrício,Rui Pedro dos Santos Patrício,Goalkeeper,WOL,-11
1059751,Doherty,Matt Doherty,Defender,WOL,10
1059751,Coady,Conor Coady,Defender,WOL,-8
1059751,Raúl Jiménez,Raul Alonso Jimenez Rodriguez,Forward,WOL,4
1059751,Saiss,Romain Saiss,Defender,WOL,1
1059751,Jonny,Jonathan Castro Otto,Defender,WOL,-10
1059751,Dendoncker,Leander Dendoncker,Midfielder,WOL,2
1059751,Traoré,Adama Traoré,Midfielder,WOL,6
1059751,Ruben Neves,Rúben Diogo da Silva Neves,Midfielder,WOL,12
1059751,Vallejo,Jesús Vallejo,Defender,WOL,-7
1059751,Diogo Jota,Diogo José Teixeira da Silva,Midfielder,WOL,11
1059751,Cutrone,Patrick Cutrone,Forward,WOL,27
1059751,Gibbs-White,Morgan Gibbs-White,Midfielder,WOL,3
1059752,Sokratis,Sokratis Papastathopoulos,Defender,ARS,11
1059752,Luiz,David Luiz Moreira Marinho,Defender,ARS,9
1059752,Aubameyang,Pierre-Emerick Aubameyang,Forward,ARS,28
1059752,Leno,Bernd Leno,Goalkeeper,ARS,12
1059752,Xhaka,Granit Xhaka,Midfielder,ARS,9
1059752,Chambers,Calum Chambers,Defender,ARS,16
1059752,Kolasinac,Sead Kolasinac,Defender,ARS,11
1059752,Maitland-Niles,Ainsley Maitland-Niles,Defender,ARS,-22
1059752,Dani Ceballos,Daniel Ceballos Fernández,Midfielder,ARS,13
1059752,Pepe,Nicolas Pepe,Midfielder,ARS,35
1059752,Torreira,Lucas Torreira,Midfielder,ARS,2
1059752,Willock,Joseph Willock,Midfielder,ARS,3
1059752,Saka,Bukayo Saka,Midfielder,ARS,8
1059752,Guendouzi,Matteo Guendouzi,Midfielder,ARS,22
1059752,Heaton,Tom Heaton,Goalkeeper,AVL,2
1059752,Elmohamady,Ahmed Elmohamady,Defender,AVL,-5
1059752,Lansbury,Henri Lansbury,Midfielder,AVL,3
1059752,Taylor (Neil),Neil Taylor,Defender,AVL,3
1059752,Hourihane,Conor Hourihane,Midfielder,AVL,5
1059752,Engels,Björn Engels,Defender,AVL,-10
1059752,Grealish,Jack Grealish,Midfielder,AVL,34
1059752,McGinn,John McGinn,Midfielder,AVL,43
1059752,Trezeguet,Mahmoud Hassan,Midfielder,AVL,10
1059752,Mings,Tyrone Mings,Defender,AVL,-2
1059752,Nakamba,Marvelous Nakamba,Midfielder,AVL,17
1059752,El Ghazi,Anwar El Ghazi,Midfielder,AVL,24
1059752,Guilbert,Frederic Guilbert,Defender,AVL,-3
1059752,Wesley,Wesley Moraes Ferreira da Silva,Forward,AVL,33
1059753,Lennon,Aaron Lennon,Midfielder,BUR,4
1059753,Tarkowski,James Tarkowski,Defender,BUR,25
1059753,Pieters,Erik Pieters,Defender,BUR,28
1059753,Cork,Jack Cork,Midfielder,BUR,20
1059753,Rodriguez,Jay Rodriguez,Forward,BUR,3
1059753,Barnes (Ashley),Ashley Barnes,Forward,BUR,9
1059753,Mee,Ben Mee,Defender,BUR,22
1059753,Westwood,Ashley Roy Westwood,Midfielder,BUR,26
1059753,Wood,Chris Wood,Forward,BUR,60
1059753,Lowton,Matthew Lowton,Defender,BUR,27
1059753,Hendrick,Jeff Hendrick,Midfielder,BUR,7
1059753,Brady,Robert Brady,Midfielder,BUR,3
1059753,Pope,Nick Pope,Goalkeeper,BUR,24
1059753,McNeil,Dwight McNeil,Midfielder,BUR,27
1059753,Tettey,Alexander Tettey,Midfielder,NOR,3
1059753,Krul,Tim Krul,Goalkeeper,NOR,11
1059753,Pukki,Teemu Pukki,Forward,NOR,5
1059753,Stiepermann,Marco Stiepermann,Midfielder,NOR,9
1059753,Kenny McLean,Kenneth McLean,Midfielder,NOR,19
1059753,Drmic,Josip Drmic,Forward,NOR,2
1059753,Leitner,Moritz Leitner,Midfielder,NOR,14
1059753,Byram,Sam Byram,Defender,NOR,5
1059753,Roberts (Patrick),Patrick Roberts,Midfielder,NOR,3
1059753,Amadou,Ibrahim Amadou,Midfielder,NOR,10
1059753,Cantwell,Todd Cantwell,Midfielder,NOR,17
1059753,Lewis (Jamal),Jamal Lewis,Defender,NOR,10
1059753,Buendía,Emiliano Buendía,Midfielder,NOR,10
1059753,Godfrey,Ben Godfrey,Defender,NOR,9
1059754,Azpilicueta,César Azpilicueta,Defender,CHE,19
1059754,Willian,Willian Borges Da Silva,Midfielder,CHE,14
1059754,Alonso,Marcos Alonso,Defender,CHE,10
1059754,Jorginho,Jorge Luiz Frello Filho,Midfielder,CHE,14
1059754,Kovacic,Mateo Kovacic,Midfielder,CHE,12
1059754,Batshuayi,Michy Batshuayi,Forward,CHE,1
1059754,Zouma,Kurt Zouma,Defender,CHE,9
1059754,Emerson,Emerson Palmieri dos Santos,Defender,CHE,-1
1059754,Kepa,Kepa Arrizabalaga Revuelta,Goalkeeper,CHE,2
1059754,Kanté,N'Golo Kanté,Midfielder,CHE,31
1059754,Christensen,Andreas Christensen,Defender,CHE,0
1059754,Abraham,Tammy Abraham,Forward,CHE,1
1059754,Mount,Mason Mount,Midfielder,CHE,0
1059754,Tomori,Fikayo Tomori,Defender,CHE,11
1059754,Milner,James Milner,Midfielder,LIV,-2
1059754,Lallana,Adam Lallana,Midfielder,LIV,5
1059754,Wijnaldum,Georginio Wijnaldum,Midfielder,LIV,6
1059754,Henderson (Jordan),Jordan Henderson,Midfielder,LIV,9
1059754,Adrián,Adrián San Miguel del Castillo,Goalkeeper,LIV,8
1059754,Matip,Joel Matip,Defender,LIV,10
1059754,Firmino,Roberto Firmino Barbosa de Oliveira,Forward,LIV,35
1059754,van Dijk,Virgil van Dijk,Defender,LIV,11
1059754,Mane,Sadio Mane,Midfielder,LIV,9
1059754,Fabinho,Fabio Henrique Tavares,Midfielder,LIV,12
1059754,Salah,Mohamed Salah,Midfielder,LIV,12
1059754,Robertson,Andrew Robertson,Defender,LIV,27
1059754,Alexander-Arnold,Trent Alexander-Arnold,Defender,LIV,23
1059754,Gomez,Joseph Gomez,Defender,LIV,3
1059755,Cahill,Gary Cahill,Defender,CRY,13
1059755,Sakho,Mamadou Sakho,Defender,CRY,10
1059755,Guaita,Vicente Guaita,Goalkeeper,CRY,10
1059755,McArthur,James McArthur,Midfielder,CRY,9
1059755,McCarthy (James),James McCarthy,Midfielder,CRY,4
1059755,Benteke,Christian Benteke,Forward,CRY,8
1059755,Kouyaté,Cheikhou Kouyaté,Midfielder,CRY,13
1059755,Ward (Joel),Joel Ward,Defender,CRY,19
1059755,Milivojevic,Luka Milivojevic,Midfielder,CRY,14
1059755,Van Aanholt,Patrick Van Aanholt,Defender,CRY,7
1059755,Ayew,Jordan Ayew,Forward,CRY,1
1059755,Zaha,Wilfried Zaha,Midfielder,CRY,11
1059755,Schlupp,Jeffrey Schlupp,Midfielder,CRY,11
1059755,Moutinho,João Moutinho,Midfielder,WOL,12
1059755,Rui Patrício,Rui Pedro dos Santos Patrício,Goalkeeper,WOL,14
1059755,Doherty,Matt Doherty,Defender,WOL,-1
1059755,Boly,Willy Boly,Defender,WOL,10
1059755,Coady,Conor Coady,Defender,WOL,11
1059755,Raúl Jiménez,Raul Alonso Jimenez Rodriguez,Forward,WOL,16
1059755,Saiss,Romain Saiss,Defender,WOL,-6
1059755,Jonny,Jonathan Castro Otto,Defender,WOL,11
1059755,Dendoncker,Leander Dendoncker,Midfielder,WOL,4
1059755,Traoré,Adama Traoré,Midfielder,WOL,27
1059755,Ruben Neves,Rúben Diogo da Silva Neves,Midfielder,WOL,5
1059755,Diogo Jota,Diogo José Teixeira da Silva,Midfielder,WOL,25
1059755,Cutrone,Patrick Cutrone,Forward,WOL,3
1059755,Neto,Pedro Neto,Midfielder,WOL,1
1059756,Walcott,Theo Walcott,Midfielder,EVE,4
1059756,Delph,Fabian Delph,Midfielder,EVE,13
1059756,Schneiderlin,Morgan Schneiderlin,Midfielder,EVE,11
1059756,Sigurdsson,Gylfi Sigurdsson,Midfielder,EVE,24
1059756,Coleman,Seamus Coleman,Defender,EVE,12
1059756,Tosun,Cenk Tosun,Forward,EVE,2
1059756,Bernard,Bernard Anício Caldeira Duarte,Midfielder,EVE,3
1059756,Digne,Lucas Digne,Defender,EVE,8
1059756,Keane,Michael Keane,Defender,EVE,6
1059756,Pickford,Jordan Pickford,Goalkeeper,EVE,0
1059756,Iwobi,Alex Iwobi,Midfielder,EVE,4
1059756,Mina,Yerry Mina,Defender,EVE,3
1059756,Richarlison,Richarlison de Andrade,Midfielder,EVE,9
1059756,Kean,Moise Kean,Forward,EVE,1
1059756,Jagielka,Phil Jagielka,Defender,SHU,7
1059756,Basham,Chris Basham,Defender,SHU,27
1059756,Fleck,John Fleck,Midfielder,SHU,13
1059756,Stevens,Enda Stevens,Defender,SHU,32
1059756,Norwood,Oliver Norwood,Midfielder,SHU,15
1059756,Baldock,George Baldock,Defender,SHU,18
1059756,Egan,John Egan,Defender,SHU,29
1059756,O'Connell,Jack O'Connell,Defender,SHU,27
1059756,Lundstram,John Lundstram,Defender,SHU,33
1059756,Osborn,Ben Osborn,Midfielder,SHU,3
1059756,McBurnie,Oliver McBurnie,Forward,SHU,7
1059756,Robinson (Callum),Callum Robinson,Midfielder,SHU,7
1059756,Henderson (Dean),Dean Henderson,Goalkeeper,SHU,25
1059756,Mousset,Lys Mousset,Forward,SHU,26
1059757,Schmeichel,Kasper Schmeichel,Goalkeeper,LEI,12
1059757,Evans (Jonny),Jonny Evans,Defender,LEI,7
1059757,Vardy,Jamie Vardy,Forward,LEI,2
1059757,Praet,Dennis Praet,Midfielder,LEI,4
1059757,Ricardo Pereira,Ricardo Domingos Barbosa Pereira,Defender,LEI,26
1059757,Tielemans,Youri Tielemans,Midfielder,LEI,12
1059757,Ayoze Pérez,Ayoze Pérez Gutiérrez,Midfielder,LEI,7
1059757,Gray (Demarai),Demarai Gray,Midfielder,LEI,0
1059757,Maddison,James Maddison,Midfielder,LEI,40
1059757,Chilwell,Benjamin Chilwell,Defender,LEI,10
1059757,Choudhury,Hamza Choudhury,Midfielder,LEI,13
1059757,Barnes (Harvey),Harvey Barnes,Midfielder,LEI,11
1059757,Ndidi,Onyinye Wilfred Ndidi,Midfielder,LEI,11
1059757,Söyüncü,Caglar Söyüncü,Defender,LEI,18
1059757,Rose,Danny Rose,Defender,TOT,12
1059757,Vertonghen,Jan Vertonghen,Defender,TOT,12
1059757,Sissoko,Moussa Sissoko,Midfielder,TOT,11
1059757,Wanyama,Victor Wanyama,Midfielder,TOT,2
1059757,Alderweireld,Toby Alderweireld,Defender,TOT,6
1059757,Lamela,Erik Lamela,Midfielder,TOT,13
1059757,Kane (Harry),Harry Kane,Forward,TOT,37
1059757,Aurier,Serge Aurier,Defender,TOT,1
1059757,Eriksen,Christian Eriksen,Midfielder,TOT,1
1059757,Son,Heung-Min Son,Midfielder,TOT,15
1059757,Lucas Moura,Lucas Rodrigues Moura da Silva,Midfielder,TOT,2
1059757,Gazzaniga,Paulo Gazzaniga,Goalkeeper,TOT,10
1059757,Winks,Harry Winks,Midfielder,TOT,20
1059757,NDombele,Tanguy NDombele,Midfielder,TOT,16
1059758,Silva,David Silva,Midfielder,MCI,50
1059758,Fernandinho,Fernando Luiz Rosa,Midfielder,MCI,20
1059758,Aguero,Sergio Aguero,Forward,MCI,42
1059758,Otamendi,Nicolás Otamendi,Defender,MCI,49
1059758,Walker,Kyle Walker,Defender,MCI,8
1059758,De Bruyne,Kevin De Bruyne,Midfielder,MCI,66
1059758,Mendy (Benjamin),Benjamin Mendy,Defender,MCI,6
1059758,Mahrez,Riyad Mahrez,Midfielder,MCI,56
1059758,João Cancelo,João Pedro Cavaco Cancelo,Defender,MCI,10
1059758,Ederson,Ederson Santana de Moraes,Goalkeeper,MCI,30
1059758,Angelino,Jose Angel Esmoris Tasende,Defender,MCI,14
1059758,Bernardo Silva,Bernardo Mota Veiga de Carvalho e Silva,Midfielder,MCI,74
1059758,Rodri,Rodrigo Hernández Cascante,Midfielder,MCI,22
1059758,Garcia,Eric Garcia,Defender,MCI,5
1059758,Foster,Ben Foster,Goalkeeper,WAT,-22
1059758,Mariappa,Adrian Mariappa,Defender,WAT,-14
1059758,Capoue,Etienne Capoue,Midfielder,WAT,17
1059758,Holebas,José Holebas,Defender,WAT,-22
1059758,Cleverley,Tom Cleverley,Midfielder,WAT,11
1059758,Femenía,Francisco Femenía Far,Defender,WAT,-25
1059758,Dawson,Craig Dawson,Defender,WAT,-18
1059758,Pereyra,Roberto Pereyra,Midfielder,WAT,0
1059758,Gray (Andre),Andre Gray,Forward,WAT,6
1059758,Deulofeu,Gerard Deulofeu,Forward,WAT,6
1059758,Foulquier,Dimitri Foulquier,Defender,WAT,-14
1059758,Hughes,Will Hughes,Midfielder,WAT,7
1059758,Doucouré,Abdoulaye Doucouré,Midfielder,WAT,9
1059758,Ismaila Sarr,Ismaila Sarr,Midfielder,WAT,1
1059759,Stephens (Dale),Dale Stephens,Midfielder,BHA,15
1059759,Bong,Gaëtan Bong,Defender,BHA,4
1059759,Groß,Pascal Groß,Midfielder,BHA,12
1059759,Pröpper,Davy Pröpper,Midfielder,BHA,13
1059759,Mooy,Aaron Mooy,Midfielder,BHA,13
1059759,Burn,Dan Burn,Defender,BHA,24
1059759,Dunk,Lewis Dunk,Defender,BHA,28
1059759,Montoya,Martín Montoya,Defender,BHA,22
1059759,Webster,Adam Webster,Defender,BHA,28
1059759,Maupay,Neal Maupay,Forward,BHA,5
1059759,Mat Ryan,Mathew Ryan,Goalkeeper,BHA,37
1059759,Bissouma,Yves Bissouma,Midfielder,BHA,4
1059759,Connolly,Aaron Connolly,Forward,BHA,5
1059759,Alzate,Steven Alzate,Midfielder,BHA,15
1059759,Carroll,Andy Carroll,Forward,NEW,4
1059759,Shelvey,Jonjo Shelvey,Midfielder,NEW,19
1059759,Dubravka,Martin Dubravka,Goalkeeper,NEW,24
1059759,Ki Sung-Yueng,Sung-Yueng Ki,Midfielder,NEW,4
1059759,Willems,Jetro Willems,Defender,NEW,18
1059759,Lascelles,Jamaal Lascelles,Defender,NEW,23
1059759,Atsu,Christian Atsu,Midfielder,NEW,4
1059759,Dummett,Paul Dummett,Defender,NEW,26
1059759,Manquillo,Javier Manquillo,Defender,NEW,26
1059759,Schär,Fabian Schär,Defender,NEW,23
1059759,Hayden (Isaac),Isaac Hayden,Midfielder,NEW,9
1059759,Saint-Maximin,Allan Saint-Maximin,Midfielder,NEW,10
1059759,Almirón,Miguel Almirón,Midfielder,NEW,14
1059759,Joelinton,Joelinton Cássio Apolinário de Lira,Forward,NEW,4
1059760,Surman,Andrew Surman,Midfielder,BOU,3
1059760,Cook (Steve),Steve Cook,Defender,BOU,8
1059760,Wilson (Callum),Callum Wilson,Forward,BOU,32
1059760,King (Joshua),Joshua King,Forward,BOU,2
1059760,Fraser,Ryan Fraser,Midfielder,BOU,3
1059760,Aké,Nathan Aké,Defender,BOU,25
1059760,Lerma,Jefferson Lerma,Midfielder,BOU,7
1059760,Wilson (Harry),Harry Wilson,Midfielder,BOU,27
1059760,Stacey,Jack Stacey,Defender,BOU,3
1059760,Solanke,Dominic Solanke,Forward,BOU,2
1059760,Cook (Lewis),Lewis Cook,Midfielder,BOU,4
1059760,Billing,Philip Billing,Midfielder,BOU,23
1059760,Rico,Diego Rico,Defender,BOU,22
1059760,Ramsdale,Aaron Ramsdale,Goalkeeper,BOU,30
1059760,Bertrand,Ryan Bertrand,Defender,SOU,3
1059760,Cedric,Cedric Ricardo Alves Soares,Defender,SOU,5
1059760,Romeu,Oriol Romeu,Midfielder,SOU,26
1059760,Redmond,Nathan Redmond,Midfielder,SOU,11
1059760,Ings,Danny Ings,Forward,SOU,4
1059760,Armstrong (Stuart),Stuart Armstrong,Midfielder,SOU,2
1059760,Vestergaard,Jannik Vestergaard,Defender,SOU,2
1059760,Ward-Prowse,James Ward-Prowse,Midfielder,SOU,31
1059760,Gunn,Angus Gunn,Goalkeeper,SOU,-5
1059760,Boufal,Sofiane Boufal,Midfielder,SOU,22
1059760,Højbjerg,Pierre-Emile Højbjerg,Midfielder,SOU,11
1059760,Danso,Kevin Danso,Defender,SOU,-5
1059760,Bednarek,Jan Bednarek,Defender,SOU,2
1059760,Adams,Che Adams,Forward,SOU,18
1059761,Young (Ashley),Ashley Young,Defender,MUN,2
1059761,Mata,Juan Mata,Midfielder,MUN,3
1059761,De Gea,David De Gea,Goalkeeper,MUN,8
1059761,Matic,Nemanja Matic,Midfielder,MUN,14
1059761,Maguire,Harry Maguire,Defender,MUN,4
1059761,Fred,Frederico Rodrigues de Paula Santos,Midfielder,MUN,6
1059761,Lingard,Jesse Lingard,Midfielder,MUN,3
1059761,Pereira,Andreas Pereira,Midfielder,MUN,13
1059761,Rashford,Marcus Rashford,Midfielder,MUN,5
1059761,Lindelof,Victor Nilsson-Lindelof,Defender,MUN,6
1059761,McTominay,Scott McTominay,Midfielder,MUN,18
1059761,James (Daniel),Daniel James,Midfielder,MUN,8
1059761,Gomes (Angel),Angel Gomes,Midfielder,MUN,3
1059761,Wan-Bissaka,Aaron Wan-Bissaka,Defender,MUN,10
1059761,Noble,Mark Noble,Midfielder,WHU,21
1059761,Snodgrass,Robert Snodgrass,Midfielder,WHU,3
1059761,Zabaleta,Pablo Zabaleta,Defender,WHU,6
1059761,Fabianski,Lukasz Fabianski,Goalkeeper,WHU,26
1059761,Ogbonna,Angelo Ogbonna,Defender,WHU,20
1059761,Wilshere,Jack Wilshere,Midfielder,WHU,3
1059761,Cresswell,Aaron Cresswell,Defender,WHU,29
1059761,Yarmolenko,Andriy Yarmolenko,Midfielder,WHU,38
1059761,Fredericks,Ryan Fredericks,Defender,WHU,22
1059761,Felipe Anderson,Felipe Anderson Pereira Gomes,Midfielder,WHU,30
1059761,Haller,Sébastien Haller,Forward,WHU,7
1059761,Rice,Declan Rice,Midfielder,WHU,15
1059761,Fornals,Pablo Fornals,Midfielder,WHU,15
1059761,Diop,Issa Diop,Defender,WHU,25
1059762,Francis (Simon),Simon Francis,Defender,BOU,3
1059762,Cook (Steve),Steve Cook,Defender,BOU,4
1059762,Wilson (Callum),Callum Wilson,Forward,BOU,31
1059762,King (Joshua),Joshua King,Forward,BOU,42
1059762,Aké,Nathan Aké,Defender,BOU,20
1059762,Lerma,Jefferson Lerma,Midfielder,BOU,18
1059762,Wilson (Harry),Harry Wilson,Midfielder,BOU,8
1059762,Stacey,Jack Stacey,Defender,BOU,9
1059762,Solanke,Dominic Solanke,Forward,BOU,3
1059762,Cook (Lewis),Lewis Cook,Midfielder,BOU,3
1059762,Billing,Philip Billing,Midfielder,BOU,12
1059762,Rico,Diego Rico,Defender,BOU,10
1059762,Danjuma Groeneveld,Arnaut Danjuma Groeneveld,Midfielder,BOU,4
1059762,Ramsdale,Aaron Ramsdale,Goalkeeper,BOU,9
1059762,Noble,Mark Noble,Midfielder,WHU,7
1059762,Fabianski,Lukasz Fabianski,Goalkeeper,WHU,-1
1059762,Ogbonna,Angelo Ogbonna,Defender,WHU,6
1059762,Jiménez,Roberto Jiménez,Goalkeeper,WHU,7
1059762,Wilshere,Jack Wilshere,Midfielder,WHU,3
1059762,Cresswell,Aaron Cresswell,Defender,WHU,16
1059762,Yarmolenko,Andriy Yarmolenko,Midfielder,WHU,41
1059762,Fredericks,Ryan Fredericks,Defender,WHU,18
1059762,Lanzini,Manuel Lanzini,Midfielder,WHU,6
1059762,Felipe Anderson,Felipe Anderson Pereira Gomes,Midfielder,WHU,31
1059762,Haller,Sébastien Haller,Forward,WHU,18
1059762,Rice,Declan Rice,Midfielder,WHU,22
1059762,Fornals,Pablo Fornals,Midfielder,WHU,12
1059762,Diop,Issa Diop,Defender,WHU,2
1059763,Heaton,Tom Heaton,Goalkeeper,AVL,1
1059763,Taylor (Neil),Neil Taylor,Defender,AVL,-5
1059763,Hourihane,Conor Hourihane,Midfielder,AVL,12
1059763,Engels,Björn Engels,Defender,AVL,6
1059763,Grealish,Jack Grealish,Midfielder,AVL,19
1059763,McGinn,John McGinn,Midfielder,AVL,31
1059763,Trezeguet,Mahmoud Hassan,Midfielder,AVL,13
1059763,Mings,Tyrone Mings,Defender,AVL,8
1059763,Targett,Matt Targett,Defender,AVL,31
1059763,Nakamba,Marvelous Nakamba,Midfielder,AVL,17
1059763,El Ghazi,Anwar El Ghazi,Midfielder,AVL,24
1059763,Guilbert,Frederic Guilbert,Defender,AVL,8
1059763,Wesley,Wesley Moraes Ferreira da Silva,Forward,AVL,3
1059763,Davis,Keinan Davis,Midfielder,AVL,2
1059763,Tarkowski,James Tarkowski,Defender,BUR,4
1059763,Pieters,Erik Pieters,Defender,BUR,20
1059763,Cork,Jack Cork,Midfielder,BUR,4
1059763,Rodriguez,Jay Rodriguez,Forward,BUR,26
1059763,Barnes (Ashley),Ashley Barnes,Forward,BUR,3
1059763,Mee,Ben Mee,Defender,BUR,4
1059763,Westwood,Ashley Roy Westwood,Midfielder,BUR,4
1059763,Wood,Chris Wood,Forward,BUR,29
1059763,Lowton,Matthew Lowton,Defender,BUR,14
1059763,Hendrick,Jeff Hendrick,Midfielder,BUR,6
1059763,Brady,Robert Brady,Midfielder,BUR,2
1059763,Pope,Nick Pope,Goalkeeper,BUR,2
1059763,McNeil,Dwight McNeil,Midfielder,BUR,9
1059764,Murray,Glenn Murray,Forward,BHA,0
1059764,Stephens (Dale),Dale Stephens,Midfielder,BHA,16
1059764,Bong,Gaëtan Bong,Defender,BHA,-2
1059764,Groß,Pascal Groß,Midfielder,BHA,12
1059764,Mooy,Aaron Mooy,Midfielder,BHA,9
1059764,Burn,Dan Burn,Defender,BHA,5
1059764,Dunk,Lewis Dunk,Defender,BHA,3
1059764,Montoya,Martín Montoya,Defender,BHA,7
1059764,Webster,Adam Webster,Defender,BHA,2
1059764,Maupay,Neal Maupay,Forward,BHA,3
1059764,Mat Ryan,Mathew Ryan,Goalkeeper,BHA,20
1059764,Bissouma,Yves Bissouma,Midfielder,BHA,3
1059764,Connolly,Aaron Connolly,Forward,BHA,2
1059764,Alzate,Steven Alzate,Midfielder,BHA,10
1059764,Azpilicueta,César Azpilicueta,Defender,CHE,28
1059764,Willian,Willian Borges Da Silva,Midfielder,CHE,35
1059764,Pedro,Pedro Rodríguez Ledesma,Midfielder,CHE,10
1059764,Alonso,Marcos Alonso,Defender,CHE,23
1059764,Jorginho,Jorge Luiz Frello Filho,Midfielder,CHE,50
1059764,Barkley,Ross Barkley,Midfielder,CHE,6
1059764,Kovacic,Mateo Kovacic,Midfielder,CHE,12
1059764,Batshuayi,Michy Batshuayi,Forward,CHE,2
1059764,Kepa,Kepa Arrizabalaga Revuelta,Goalkeeper,CHE,24
1059764,Christensen,Andreas Christensen,Defender,CHE,22
1059764,Abraham,Tammy Abraham,Forward,CHE,9
1059764,Mount,Mason Mount,Midfielder,CHE,22
1059764,Tomori,Fikayo Tomori,Defender,CHE,29
1059764,Hudson-Odoi,Callum Hudson-Odoi,Midfielder,CHE,12
1059765,Cahill,Gary Cahill,Defender,CRY,27
1059765,Guaita,Vicente Guaita,Goalkeeper,CRY,27
1059765,McArthur,James McArthur,Midfielder,CRY,23
1059765,McCarthy (James),James McCarthy,Midfielder,CRY,2
1059765,Kouyaté,Cheikhou Kouyaté,Midfielder,CRY,5
1059765,Ward (Joel),Joel Ward,Defender,CRY,28
1059765,Kelly (Martin),Martin Kelly,Defender,CRY,20
1059765,Townsend,Andros Townsend,Midfielder,CRY,27
1059765,Milivojevic,Luka Milivojevic,Midfielder,CRY,38
1059765,Van Aanholt,Patrick Van Aanholt,Defender,CRY,24
1059765,Ayew,Jordan Ayew,Forward,CRY,3
1059765,Zaha,Wilfried Zaha,Midfielder,CRY,21
1059765,Schlupp,Jeffrey Schlupp,Midfielder,CRY,9
1059765,Meyer,Max Meyer,Midfielder,CRY,3
1059765,McGovern,Michael McGovern,Goalkeeper,NOR,4
1059765,Fährmann,Ralf Fährmann,Goalkeeper,NOR,2
1059765,Pukki,Teemu Pukki,Forward,NOR,9
1059765,Stiepermann,Marco Stiepermann,Midfielder,NOR,6
1059765,Kenny McLean,Kenneth McLean,Midfielder,NOR,16
1059765,Drmic,Josip Drmic,Forward,NOR,-1
1059765,Leitner,Moritz Leitner,Midfielder,NOR,15
1059765,Roberts (Patrick),Patrick Roberts,Midfielder,NOR,7
1059765,Amadou,Ibrahim Amadou,Midfielder,NOR,19
1059765,Cantwell,Todd Cantwell,Midfielder,NOR,1
1059765,Lewis (Jamal),Jamal Lewis,Defender,NOR,10
1059765,Buendía,Emiliano Buendía,Midfielder,NOR,18
1059765,Godfrey,Ben Godfrey,Defender,NOR,9
1059765,Aarons (Maximillian),Maximillian Aarons,Defender,NOR,4
1059766,Walcott,Theo Walcott,Midfielder,EVE,3
1059766,Delph,Fabian Delph,Midfielder,EVE,18
1059766,Schneiderlin,Morgan Schneiderlin,Midfielder,EVE,7
1059766,Sigurdsson,Gylfi Sigurdsson,Midfielder,EVE,17
1059766,Coleman,Seamus Coleman,Defender,EVE,22
1059766,Digne,Lucas Digne,Defender,EVE,8
1059766,Keane,Michael Keane,Defender,EVE,1
1059766,Pickford,Jordan Pickford,Goalkeeper,EVE,7
1059766,Iwobi,Alex Iwobi,Midfielder,EVE,9
1059766,Mina,Yerry Mina,Defender,EVE,6
1059766,Davies (Tom),Tom Davies,Midfielder,EVE,4
1059766,Calvert-Lewin,Dominic Calvert-Lewin,Forward,EVE,24
1059766,Richarlison,Richarlison de Andrade,Midfielder,EVE,10
1059766,Kean,Moise Kean,Forward,EVE,3
1059766,Silva,David Silva,Midfielder,MCI,3
1059766,Fernandinho,Fernando Luiz Rosa,Midfielder,MCI,17
1059766,Aguero,Sergio Aguero,Forward,MCI,11
1059766,Otamendi,Nicolás Otamendi,Defender,MCI,8
1059766,Walker,Kyle Walker,Defender,MCI,8
1059766,Gundogan,Ilkay Gundogan,Midfielder,MCI,11
1059766,De Bruyne,Kevin De Bruyne,Midfielder,MCI,33
1059766,Mahrez,Riyad Mahrez,Midfielder,MCI,56
1059766,Sterling (Raheem),Raheem Sterling,Midfielder,MCI,22
1059766,Ederson,Ederson Santana de Moraes,Goalkeeper,MCI,18
1059766,Bernardo Silva,Bernardo Mota Veiga de Carvalho e Silva,Midfielder,MCI,4
1059766,Jesus,Gabriel Fernando de Jesus,Forward,MCI,28
1059766,Zinchenko,Oleksandr Zinchenko,Defender,MCI,12
1059766,Rodri,Rodrigo Hernández Cascante,Midfielder,MCI,16
1059767,Schmeichel,Kasper Schmeichel,Goalkeeper,LEI,19
1059767,Evans (Jonny),Jonny Evans,Defender,LEI,38
1059767,Albrighton,Marc Albrighton,Midfielder,LEI,25
1059767,Vardy,Jamie Vardy,Forward,LEI,51
1059767,Praet,Dennis Praet,Midfielder,LEI,17
1059767,Ricardo Pereira,Ricardo Domingos Barbosa Pereira,Defender,LEI,37
1059767,Tielemans,Youri Tielemans,Midfielder,LEI,16
1059767,Ayoze Pérez,Ayoze Pérez Gutiérrez,Midfielder,LEI,18
1059767,Gray (Demarai),Demarai Gray,Midfielder,LEI,5
1059767,Chilwell,Benjamin Chilwell,Defender,LEI,31
1059767,Choudhury,Hamza Choudhury,Midfielder,LEI,3
1059767,Barnes (Harvey),Harvey Barnes,Midfielder,LEI,21
1059767,Ndidi,Onyinye Wilfred Ndidi,Midfielder,LEI,38
1059767,Söyüncü,Caglar Söyüncü,Defender,LEI,30
1059767,Carroll,Andy Carroll,Forward,NEW,1
1059767,Dubravka,Martin Dubravka,Goalkeeper,NEW,-11
1059767,Ki Sung-Yueng,Sung-Yueng Ki,Midfielder,NEW,7
1059767,Lascelles,Jamaal Lascelles,Defender,NEW,-1
1059767,Atsu,Christian Atsu,Midfielder,NEW,5
1059767,Dummett,Paul Dummett,Defender,NEW,-13
1059767,Krafth,Emil Krafth,Defender,NEW,-6
1059767,Schär,Fabian Schär,Defender,NEW,-12
1059767,Yedlin,DeAndre Yedlin,Defender,NEW,-1
1059767,Hayden (Isaac),Isaac Hayden,Midfielder,NEW,-4
1059767,Almirón,Miguel Almirón,Midfielder,NEW,5
1059767,Longstaff (Sean),Sean Longstaff,Midfielder,NEW,10
1059767,Joelinton,Joelinton Cássio Apolinário de Lira,Forward,NEW,8
1059767,Muto,Yoshinori Muto,Forward,NEW,2
1059768,Sokratis,Sokratis Papastathopoulos,Defender,ARS,4
1059768,Luiz,David Luiz Moreira Marinho,Defender,ARS,11
1059768,Aubameyang,Pierre-Emerick Aubameyang,Forward,ARS,37
1059768,Leno,Bernd Leno,Goalkeeper,ARS,11
1059768,Xhaka,Granit Xhaka,Midfielder,ARS,9
1059768,Chambers,Calum Chambers,Defender,ARS,5
1059768,Kolasinac,Sead Kolasinac,Defender,ARS,9
1059768,Dani Ceballos,Daniel Ceballos Fernández,Midfielder,ARS,6
1059768,Pepe,Nicolas Pepe,Midfielder,ARS,7
1059768,Torreira,Lucas Torreira,Midfielder,ARS,2
1059768,Willock,Joseph Willock,Midfielder,ARS,8
1059768,Nelson,Reiss Nelson,Midfielder,ARS,8
1059768,Saka,Bukayo Saka,Midfielder,ARS,19
1059768,Guendouzi,Matteo Guendouzi,Midfielder,ARS,15
1059768,Young (Ashley),Ashley Young,Defender,MUN,7
1059768,De Gea,David De Gea,Goalkeeper,MUN,13
1059768,Pogba,Paul Pogba,Midfielder,MUN,13
1059768,Maguire,Harry Maguire,Defender,MUN,7
1059768,Fred,Frederico Rodrigues de Paula Santos,Midfielder,MUN,4
1059768,Lingard,Jesse Lingard,Midfielder,MUN,0
1059768,Pereira,Andreas Pereira,Midfielder,MUN,4
1059768,Rashford,Marcus Rashford,Midfielder,MUN,16
1059768,Tuanzebe,Axel Tuanzebe,Defender,MUN,5
1059768,Lindelof,Victor Nilsson-Lindelof,Defender,MUN,8
1059768,McTominay,Scott McTominay,Midfielder,MUN,30
1059768,James (Daniel),Daniel James,Midfielder,MUN,11
1059768,Greenwood,Mason Greenwood,Forward,MUN,1
1059769,Milner,James Milner,Midfielder,LIV,3
1059769,Wijnaldum,Georginio Wijnaldum,Midfielder,LIV,33
1059769,Henderson (Jordan),Jordan Henderson,Midfielder,LIV,15
1059769,Adrián,Adrián San Miguel del Castillo,Goalkeeper,LIV,22
1059769,Matip,Joel Matip,Defender,LIV,30
1059769,Oxlade-Chamberlain,Alex Oxlade-Chamberlain,Midfielder,LIV,3
1059769,Firmino,Roberto Firmino Barbosa de Oliveira,Forward,LIV,16
1059769,van Dijk,Virgil van Dijk,Defender,LIV,30
1059769,Mane,Sadio Mane,Midfielder,LIV,2
1059769,Fabinho,Fabio Henrique Tavares,Midfielder,LIV,24
1059769,Salah,Mohamed Salah,Midfielder,LIV,6
1059769,Robertson,Andrew Robertson,Defender,LIV,26
1059769,Origi,Divock Origi,Forward,LIV,6
1059769,Alexander-Arnold,Trent Alexander-Arnold,Defender,LIV,29
1059769,Clarke (Leon),Leon Clarke,Forward,SHU,-1
1059769,Basham,Chris Basham,Defender,SHU,8
1059769,Fleck,John Fleck,Midfielder,SHU,17
1059769,Stevens,Enda Stevens,Defender,SHU,14
1059769,Norwood,Oliver Norwood,Midfielder,SHU,12
1059769,Baldock,George Baldock,Defender,SHU,8
1059769,Egan,John Egan,Defender,SHU,6
1059769,O'Connell,Jack O'Connell,Defender,SHU,4
1059769,Lundstram,John Lundstram,Defender,SHU,11
1059769,McBurnie,Oliver McBurnie,Forward,SHU,4
1059769,Robinson (Callum),Callum Robinson,Midfielder,SHU,3
1059769,Henderson (Dean),Dean Henderson,Goalkeeper,SHU,8
1059769,Mousset,Lys Mousset,Forward,SHU,1
1059770,Long (Shane),Shane Long,Forward,SOU,3
1059770,Bertrand,Ryan Bertrand,Defender,SOU,10
1059770,Romeu,Oriol Romeu,Midfielder,SOU,14
1059770,Yoshida,Maya Yoshida,Defender,SOU,4
1059770,Redmond,Nathan Redmond,Midfielder,SOU,7
1059770,Ings,Danny Ings,Forward,SOU,35
1059770,Armstrong (Stuart),Stuart Armstrong,Midfielder,SOU,5
1059770,Vestergaard,Jannik Vestergaard,Defender,SOU,6
1059770,Ward-Prowse,James Ward-Prowse,Midfielder,SOU,15
1059770,Gunn,Angus Gunn,Goalkeeper,SOU,3
1059770,Boufal,Sofiane Boufal,Midfielder,SOU,3
1059770,Højbjerg,Pierre-Emile Højbjerg,Midfielder,SOU,11
1059770,Bednarek,Jan Bednarek,Defender,SOU,-2
1059770,Obafemi,Michael Obafemi,Forward,SOU,2
1059770,Lloris,Hugo Lloris,Goalkeeper,TOT,13
1059770,Rose,Danny Rose,Defender,TOT,13
1059770,Vertonghen,Jan Vertonghen,Defender,TOT,13
1059770,Sissoko,Moussa Sissoko,Midfielder,TOT,11
1059770,Wanyama,Victor Wanyama,Midfielder,TOT,3
1059770,Alderweireld,Toby Alderweireld,Defender,TOT,9
1059770,Lamela,Erik Lamela,Midfielder,TOT,6
1059770,Kane (Harry),Harry Kane,Forward,TOT,35
1059770,Aurier,Serge Aurier,Defender,TOT,-9
1059770,Eriksen,Christian Eriksen,Midfielder,TOT,30
1059770,Son,Heung-Min Son,Midfielder,TOT,14
1059770,Dier,Eric Dier,Midfielder,TOT,2
1059770,Winks,Harry Winks,Midfielder,TOT,20
1059770,NDombele,Tanguy NDombele,Midfielder,TOT,31
1059771,Foster,Ben Foster,Goalkeeper,WAT,2
1059771,Capoue,Etienne Capoue,Midfielder,WAT,11
1059771,Holebas,José Holebas,Defender,WAT,5
1059771,Cathcart,Craig Cathcart,Defender,WAT,4
1059771,Cleverley,Tom Cleverley,Midfielder,WAT,17
1059771,Welbeck,Danny Welbeck,Forward,WAT,7
1059771,Janmaat,Daryl Janmaat,Defender,WAT,-3
1059771,Dawson,Craig Dawson,Defender,WAT,5
1059771,Pereyra,Roberto Pereyra,Midfielder,WAT,10
1059771,Gray (Andre),Andre Gray,Forward,WAT,7
1059771,Deulofeu,Gerard Deulofeu,Forward,WAT,-1
1059771,Doucouré,Abdoulaye Doucouré,Midfielder,WAT,18
1059771,Ismaila Sarr,Ismaila Sarr,Midfielder,WAT,2
1059771,Moutinho,João Moutinho,Midfielder,WOL,14
1059771,Rui Patrício,Rui Pedro dos Santos Patrício,Goalkeeper,WOL,29
1059771,Doherty,Matt Doherty,Defender,WOL,40
1059771,Boly,Willy Boly,Defender,WOL,27
1059771,Coady,Conor Coady,Defender,WOL,28
1059771,Raúl Jiménez,Raul Alonso Jimenez Rodriguez,Forward,WOL,-2
1059771,Saiss,Romain Saiss,Defender,WOL,27
1059771,Jonny,Jonathan Castro Otto,Defender,WOL,25
1059771,Dendoncker,Leander Dendoncker,Midfielder,WOL,11
1059771,Traoré,Adama Traoré,Midfielder,WOL,13
1059771,Ruben Neves,Rúben Diogo da Silva Neves,Midfielder,WOL,3
1059771,Cutrone,Patrick Cutrone,Forward,WOL,2
1059771,Gibbs-White,Morgan Gibbs-White,Midfielder,WOL,11
1059771,Neto,Pedro Neto,Midfielder,WOL,22
1059772,Sokratis,Sokratis Papastathopoulos,Defender,ARS,24
1059772,Luiz,David Luiz Moreira Marinho,Defender,ARS,43
1059772,Aubameyang,Pierre-Emerick Aubameyang,Forward,ARS,2
1059772,Leno,Bernd Leno,Goalkeeper,ARS,24
1059772,Xhaka,Granit Xhaka,Midfielder,ARS,11
1059772,Chambers,Calum Chambers,Defender,ARS,28
1059772,Kolasinac,Sead Kolasinac,Defender,ARS,25
1059772,Dani Ceballos,Daniel Ceballos Fernández,Midfielder,ARS,18
1059772,Pepe,Nicolas Pepe,Midfielder,ARS,15
1059772,Torreira,Lucas Torreira,Midfielder,ARS,4
1059772,Willock,Joseph Willock,Midfielder,ARS,2
1059772,Saka,Bukayo Saka,Midfielder,ARS,10
1059772,Guendouzi,Matteo Guendouzi,Midfielder,ARS,20
1059772,Martinelli,Gabriel Teodoro Martinelli Silva,Forward,ARS,-4
1059772,Francis (Simon),Simon Francis,Defender,BOU,6
1059772,Cook (Steve),Steve Cook,Defender,BOU,12
1059772,Wilson (Callum),Callum Wilson,Forward,BOU,11
1059772,King (Joshua),Joshua King,Forward,BOU,7
1059772,Fraser,Ryan Fraser,Midfielder,BOU,4
1059772,Aké,Nathan Aké,Defender,BOU,15
1059772,Lerma,Jefferson Lerma,Midfielder,BOU,16
1059772,Wilson (Harry),Harry Wilson,Midfielder,BOU,10
1059772,Stacey,Jack Stacey,Defender,BOU,2
1059772,Solanke,Dominic Solanke,Forward,BOU,0
1059772,Billing,Philip Billing,Midfielder,BOU,13
1059772,Rico,Diego Rico,Defender,BOU,12
1059772,Danjuma Groeneveld,Arnaut Danjuma Groeneveld,Midfielder,BOU,3
1059772,Ramsdale,Aaron Ramsdale,Goalkeeper,BOU,6
1059773,Murray,Glenn Murray,Forward,BHA,3
1059773,Stephens (Dale),Dale Stephens,Midfielder,BHA,10
1059773,Bong,Gaëtan Bong,Defender,BHA,3
1059773,Groß,Pascal Groß,Midfielder,BHA,18
1059773,Mooy,Aaron Mooy,Midfielder,BHA,15
1059773,Burn,Dan Burn,Defender,BHA,24
1059773,Dunk,Lewis Dunk,Defender,BHA,37
1059773,Montoya,Martín Montoya,Defender,BHA,15
1059773,Webster,Adam Webster,Defender,BHA,31
1059773,Maupay,Neal Maupay,Forward,BHA,40
1059773,Mat Ryan,Mathew Ryan,Goalkeeper,BHA,30
1059773,Bissouma,Yves Bissouma,Midfielder,BHA,5
1059773,Connolly,Aaron Connolly,Forward,BHA,61
1059773,Alzate,Steven Alzate,Midfielder,BHA,16
1059773,Lloris,Hugo Lloris,Goalkeeper,TOT,-4
1059773,Vertonghen,Jan Vertonghen,Defender,TOT,-1
1059773,Sissoko,Moussa Sissoko,Midfielder,TOT,11
1059773,Alderweireld,Toby Alderweireld,Defender,TOT,4
1059773,Lamela,Erik Lamela,Midfielder,TOT,16
1059773,Kane (Harry),Harry Kane,Forward,TOT,7
1059773,Eriksen,Christian Eriksen,Midfielder,TOT,9
1059773,Son,Heung-Min Son,Midfielder,TOT,12
1059773,Dier,Eric Dier,Midfielder,TOT,7
1059773,Lucas Moura,Lucas Rodrigues Moura da Silva,Midfielder,TOT,10
1059773,Gazzaniga,Paulo Gazzaniga,Goalkeeper,TOT,11
1059773,Davies (Ben),Ben Davies,Defender,TOT,0
1059773,Winks,Harry Winks,Midfielder,TOT,10
1059773,NDombele,Tanguy NDombele,Midfielder,TOT,6
1059774,Lennon,Aaron Lennon,Midfielder,BUR,3
1059774,Tarkowski,James Tarkowski,Defender,BUR,30
1059774,Pieters,Erik Pieters,Defender,BUR,8
1059774,Rodriguez,Jay Rodriguez,Forward,BUR,10
1059774,Barnes (Ashley),Ashley Barnes,Forward,BUR,6
1059774,Mee,Ben Mee,Defender,BUR,24
1059774,Westwood,Ashley Roy Westwood,Midfielder,BUR,22
1059774,Gudmundsson,Johann Berg Gudmundsson,Midfielder,BUR,9
1059774,Wood,Chris Wood,Forward,BUR,6
1059774,Lowton,Matthew Lowton,Defender,BUR,25
1059774,Hendrick,Jeff Hendrick,Midfielder,BUR,32
1059774,Pope,Nick Pope,Goalkeeper,BUR,25
1059774,Taylor (Charlie),Charlie Taylor,Defender,BUR,6
1059774,McNeil,Dwight McNeil,Midfielder,BUR,15
1059774,Delph,Fabian Delph,Midfielder,EVE,14
1059774,Schneiderlin,Morgan Schneiderlin,Midfielder,EVE,8
1059774,Sigurdsson,Gylfi Sigurdsson,Midfielder,EVE,9
1059774,Coleman,Seamus Coleman,Defender,EVE,-10
1059774,Digne,Lucas Digne,Defender,EVE,10
1059774,Sidibe,Djibril Sidibe,Defender,EVE,-3
1059774,Keane,Michael Keane,Defender,EVE,3
1059774,Pickford,Jordan Pickford,Goalkeeper,EVE,14
1059774,André Gomes,André Filipe Tavares Gomes,Midfielder,EVE,4
1059774,Iwobi,Alex Iwobi,Midfielder,EVE,15
1059774,Mina,Yerry Mina,Defender,EVE,9
1059774,Calvert-Lewin,Dominic Calvert-Lewin,Forward,EVE,5
1059774,Richarlison,Richarlison de Andrade,Midfielder,EVE,16
1059774,Kean,Moise Kean,Forward,EVE,-1
1059775,Schmeichel,Kasper Schmeichel,Goalkeeper,LEI,15
1059775,Evans (Jonny),Jonny Evans,Defender,LEI,6
1059775,Albrighton,Marc Albrighton,Midfielder,LEI,8
1059775,Vardy,Jamie Vardy,Forward,LEI,2
1059775,Praet,Dennis Praet,Midfielder,LEI,14
1059775,Ricardo Pereira,Ricardo Domingos Barbosa Pereira,Defender,LEI,9
1059775,Tielemans,Youri Tielemans,Midfielder,LEI,9
1059775,Ayoze Pérez,Ayoze Pérez Gutiérrez,Midfielder,LEI,11
1059775,Maddison,James Maddison,Midfielder,LEI,31
1059775,Chilwell,Benjamin Chilwell,Defender,LEI,-1
1059775,Choudhury,Hamza Choudhury,Midfielder,LEI,-1
1059775,Barnes (Harvey),Harvey Barnes,Midfielder,LEI,0
1059775,Ndidi,Onyinye Wilfred Ndidi,Midfielder,LEI,14
1059775,Söyüncü,Caglar Söyüncü,Defender,LEI,7
1059775,Milner,James Milner,Midfielder,LIV,43
1059775,Lovren,Dejan Lovren,Defender,LIV,14
1059775,Lallana,Adam Lallana,Midfielder,LIV,3
1059775,Wijnaldum,Georginio Wijnaldum,Midfielder,LIV,8
1059775,Henderson (Jordan),Jordan Henderson,Midfielder,LIV,5
1059775,Adrián,Adrián San Miguel del Castillo,Goalkeeper,LIV,7
1059775,Firmino,Roberto Firmino Barbosa de Oliveira,Forward,LIV,10
1059775,van Dijk,Virgil van Dijk,Defender,LIV,17
1059775,Mane,Sadio Mane,Midfielder,LIV,43
1059775,Fabinho,Fabio Henrique Tavares,Midfielder,LIV,10
1059775,Salah,Mohamed Salah,Midfielder,LIV,13
1059775,Robertson,Andrew Robertson,Defender,LIV,20
1059775,Origi,Divock Origi,Forward,LIV,4
1059775,Alexander-Arnold,Trent Alexander-Arnold,Defender,LIV,26
1059776,Silva,David Silva,Midfielder,MCI,2
1059776,Fernandinho,Fernando Luiz Rosa,Midfielder,MCI,13
1059776,Aguero,Sergio Aguero,Forward,MCI,3
1059776,Otamendi,Nicolás Otamendi,Defender,MCI,8
1059776,Walker,Kyle Walker,Defender,MCI,12
1059776,Gundogan,Ilkay Gundogan,Midfielder,MCI,13
1059776,Mahrez,Riyad Mahrez,Midfielder,MCI,4
1059776,Sterling (Raheem),Raheem Sterling,Midfielder,MCI,16
1059776,João Cancelo,João Pedro Cavaco Cancelo,Defender,MCI,13
1059776,Ederson,Ederson Santana de Moraes,Goalkeeper,MCI,-4
1059776,Bernardo Silva,Bernardo Mota Veiga de Carvalho e Silva,Midfielder,MCI,5
1059776,Jesus,Gabriel Fernando de Jesus,Forward,MCI,3
1059776,Zinchenko,Oleksandr Zinchenko,Defender,MCI,6
1059776,Rodri,Rodrigo Hernández Cascante,Midfielder,MCI,24
1059776,Moutinho,João Moutinho,Midfielder,WOL,12
1059776,Rui Patrício,Rui Pedro dos Santos Patrício,Goalkeeper,WOL,26
1059776,R Bennett,Ryan Bennett,Defender,WOL,22
1059776,Doherty,Matt Doherty,Defender,WOL,5
1059776,Boly,Willy Boly,Defender,WOL,30
1059776,Coady,Conor Coady,Defender,WOL,25
1059776,Raúl Jiménez,Raul Alonso Jimenez Rodriguez,Forward,WOL,33
1059776,Saiss,Romain Saiss,Defender,WOL,4
1059776,Jonny,Jonathan Castro Otto,Defender,WOL,3
1059776,Dendoncker,Leander Dendoncker,Midfielder,WOL,5
1059776,Traoré,Adama Traoré,Midfielder,WOL,61
1059776,Ruben Neves,Rúben Diogo da Silva Neves,Midfielder,WOL,7
1059776,Cutrone,Patrick Cutrone,Forward,WOL,2
1059776,Rúben Vinagre,Rúben Gonçalo Silva Nascimento Vinagre,Defender,WOL,21
1059777,Young (Ashley),Ashley Young,Defender,MUN,19
1059777,Mata,Juan Mata,Midfielder,MUN,11
1059777,De Gea,David De Gea,Goalkeeper,MUN,6
1059777,Rojo,Marcos Rojo,Defender,MUN,-6
1059777,Maguire,Harry Maguire,Defender,MUN,7
1059777,Fred,Frederico Rodrigues de Paula Santos,Midfielder,MUN,9
1059777,Pereira,Andreas Pereira,Midfielder,MUN,11
1059777,Rashford,Marcus Rashford,Midfielder,MUN,6
1059777,Tuanzebe,Axel Tuanzebe,Defender,MUN,12
1059777,McTominay,Scott McTominay,Midfielder,MUN,6
1059777,James (Daniel),Daniel James,Midfielder,MUN,9
1059777,Dalot,José Diogo Dalot Teixeira,Defender,MUN,20
1059777,Greenwood,Mason Greenwood,Forward,MUN,5
1059777,Chong,Tahith Chong,Midfielder,MUN,0
1059777,Carroll,Andy Carroll,Forward,NEW,5
1059777,Clark (Ciaran),Ciaran Clark,Defender,NEW,24
1059777,Dubravka,Martin Dubravka,Goalkeeper,NEW,26
1059777,Willems,Jetro Willems,Defender,NEW,39
1059777,Lascelles,Jamaal Lascelles,Defender,NEW,20
1059777,Atsu,Christian Atsu,Midfielder,NEW,3
1059777,Krafth,Emil Krafth,Defender,NEW,2
1059777,Schär,Fabian Schär,Defender,NEW,22
1059777,Yedlin,DeAndre Yedlin,Defender,NEW,20
1059777,Saint-Maximin,Allan Saint-Maximin,Midfielder,NEW,11
1059777,Almirón,Miguel Almirón,Midfielder,NEW,1
1059777,Longstaff (Sean),Sean Longstaff,Midfielder,NEW,24
1059777,Joelinton,Joelinton Cássio Apolinário de Lira,Forward,NEW,3
1059777,Longstaff (Matthew),Matthew Longstaff,Midfielder,NEW,33
1059778,Heaton,Tom Heaton,Goalkeeper,AVL,12
1059778,Hourihane,Conor Hourihane,Midfielder,AVL,36
1059778,Engels,Björn Engels,Defender,AVL,23
1059778,Grealish,Jack Grealish,Midfielder,AVL,34
1059778,McGinn,John McGinn,Midfielder,AVL,15
1059778,Trezeguet,Mahmoud Hassan,Midfielder,AVL,0
1059778,Mings,Tyrone Mings,Defender,AVL,3
1059778,Targett,Matt Targett,Defender,AVL,21
1059778,Nakamba,Marvelous Nakamba,Midfielder,AVL,19
1059778,El Ghazi,Anwar El Ghazi,Midfielder,AVL,33
1059778,Konsa Ngoyo,Ezri Konsa Ngoyo,Defender,AVL,2
1059778,Guilbert,Frederic Guilbert,Defender,AVL,2
1059778,Wesley,Wesley Moraes Ferreira da Silva,Forward,AVL,63
1059778,Douglas Luiz,Douglas Luiz Soares de Paulo,Midfielder,AVL,22
1059778,McGovern,Michael McGovern,Goalkeeper,NOR,12
1059778,Pukki,Teemu Pukki,Forward,NOR,4
1059778,Stiepermann,Marco Stiepermann,Midfielder,NOR,12
1059778,Kenny McLean,Kenneth McLean,Midfielder,NOR,10
1059778,Drmic,Josip Drmic,Forward,NOR,27
1059778,Leitner,Moritz Leitner,Midfielder,NOR,16
1059778,Roberts (Patrick),Patrick Roberts,Midfielder,NOR,4
1059778,Amadou,Ibrahim Amadou,Midfielder,NOR,14
1059778,Srbeny,Dennis Srbeny,Forward,NOR,3
1059778,Cantwell,Todd Cantwell,Midfielder,NOR,22
1059778,Lewis (Jamal),Jamal Lewis,Defender,NOR,-2
1059778,Buendía,Emiliano Buendía,Midfielder,NOR,16
1059778,Godfrey,Ben Godfrey,Defender,NOR,-6
1059778,Aarons (Maximillian),Maximillian Aarons,Defender,NOR,-10
1059779,Azpilicueta,César Azpilicueta,Defender,CHE,6
1059779,Willian,Willian Borges Da Silva,Midfielder,CHE,33
1059779,Alonso,Marcos Alonso,Defender,CHE,21
1059779,Jorginho,Jorge Luiz Frello Filho,Midfielder,CHE,17
1059779,Kovacic,Mateo Kovacic,Midfielder,CHE,7
1059779,Batshuayi,Michy Batshuayi,Forward,CHE,29
1059779,Zouma,Kurt Zouma,Defender,CHE,11
1059779,Kepa,Kepa Arrizabalaga Revuelta,Goalkeeper,CHE,6
1059779,Kanté,N'Golo Kanté,Midfielder,CHE,23
1059779,Abraham,Tammy Abraham,Forward,CHE,34
1059779,Pulisic,Christian Pulisic,Midfielder,CHE,16
1059779,Mount,Mason Mount,Midfielder,CHE,29
1059779,Tomori,Fikayo Tomori,Defender,CHE,5
1059779,Hudson-Odoi,Callum Hudson-Odoi,Midfielder,CHE,15
1059779,Long (Shane),Shane Long,Forward,SOU,11
1059779,Bertrand,Ryan Bertrand,Defender,SOU,-7
1059779,Romeu,Oriol Romeu,Midfielder,SOU,10
1059779,Yoshida,Maya Yoshida,Defender,SOU,-3
1059779,Redmond,Nathan Redmond,Midfielder,SOU,8
1059779,Ings,Danny Ings,Forward,SOU,29
1059779,Ward-Prowse,James Ward-Prowse,Midfielder,SOU,8
1059779,Gunn,Angus Gunn,Goalkeeper,SOU,-2
1059779,Boufal,Sofiane Boufal,Midfielder,SOU,2
1059779,Højbjerg,Pierre-Emile Højbjerg,Midfielder,SOU,13
1059779,Bednarek,Jan Bednarek,Defender,SOU,1
1059779,Adams,Che Adams,Forward,SOU,0
1059779,Valery,Yann Valery,Defender,SOU,5
1059779,Obafemi,Michael Obafemi,Forward,SOU,2
1059780,Sharp,Billy Sharp,Forward,SHU,4
1059780,Basham,Chris Basham,Defender,SHU,21
1059780,Fleck,John Fleck,Midfielder,SHU,17
1059780,Stevens,Enda Stevens,Defender,SHU,29
1059780,Norwood,Oliver Norwood,Midfielder,SHU,18
1059780,Baldock,George Baldock,Defender,SHU,26
1059780,Egan,John Egan,Defender,SHU,27
1059780,O'Connell,Jack O'Connell,Defender,SHU,30
1059780,Lundstram,John Lundstram,Defender,SHU,19
1059780,McBurnie,Oliver McBurnie,Forward,SHU,2
1059780,Robinson (Callum),Callum Robinson,Midfielder,SHU,10
1059780,Henderson (Dean),Dean Henderson,Goalkeeper,SHU,24
1059780,Mousset,Lys Mousset,Forward,SHU,4
1059780,Foster,Ben Foster,Goalkeeper,WAT,29
1059780,Holebas,José Holebas,Defender,WAT,21
1059780,Cathcart,Craig Cathcart,Defender,WAT,24
1059780,Prödl,Sebastian Prödl,Defender,WAT,3
1059780,Cleverley,Tom Cleverley,Midfielder,WAT,12
1059780,Welbeck,Danny Welbeck,Forward,WAT,2
1059780,Janmaat,Daryl Janmaat,Defender,WAT,29
1059780,Dawson,Craig Dawson,Defender,WAT,3
1059780,Pereyra,Roberto Pereyra,Midfielder,WAT,11
1059780,Gray (Andre),Andre Gray,Forward,WAT,1
1059780,Kabasele,Christian Kabasele,Defender,WAT,31
1059780,Deulofeu,Gerard Deulofeu,Forward,WAT,9
1059780,Doucouré,Abdoulaye Doucouré,Midfielder,WAT,9
1059780,Ismaila Sarr,Ismaila Sarr,Midfielder,WAT,4
1059781,Cahill,Gary Cahill,Defender,CRY,13
1059781,Guaita,Vicente Guaita,Goalkeeper,CRY,12
1059781,McArthur,James McArthur,Midfielder,CRY,16
1059781,McCarthy (James),James McCarthy,Midfielder,CRY,14
1059781,Benteke,Christian Benteke,Forward,CRY,0
1059781,Kouyaté,Cheikhou Kouyaté,Midfielder,CRY,20
1059781,Ward (Joel),Joel Ward,Defender,CRY,8
1059781,Kelly (Martin),Martin Kelly,Defender,CRY,23
1059781,Townsend,Andros Townsend,Midfielder,CRY,1
1059781,Van Aanholt,Patrick Van Aanholt,Defender,CRY,23
1059781,Ayew,Jordan Ayew,Forward,CRY,35
1059781,Zaha,Wilfried Zaha,Midfielder,CRY,13
1059781,Schlupp,Jeffrey Schlupp,Midfielder,CRY,6
1059781,Noble,Mark Noble,Midfielder,WHU,13
1059781,Zabaleta,Pablo Zabaleta,Defender,WHU,1
1059781,Ogbonna,Angelo Ogbonna,Defender,WHU,8
1059781,Jiménez,Roberto Jiménez,Goalkeeper,WHU,2
1059781,Wilshere,Jack Wilshere,Midfielder,WHU,3
1059781,Cresswell,Aaron Cresswell,Defender,WHU,11
1059781,Yarmolenko,Andriy Yarmolenko,Midfielder,WHU,11
1059781,Fredericks,Ryan Fredericks,Defender,WHU,17
1059781,Lanzini,Manuel Lanzini,Midfielder,WHU,12
1059781,Felipe Anderson,Felipe Anderson Pereira Gomes,Midfielder,WHU,15
1059781,Haller,Sébastien Haller,Forward,WHU,25
1059781,Rice,Declan Rice,Midfielder,WHU,11
1059781,Fornals,Pablo Fornals,Midfielder,WHU,3
1059781,Diop,Issa Diop,Defender,WHU,5
1059782,Smith (Adam),Adam Smith,Defender,BOU,22
1059782,Cook (Steve),Steve Cook,Defender,BOU,29
1059782,Wilson (Callum),Callum Wilson,Forward,BOU,6
1059782,King (Joshua),Joshua King,Forward,BOU,6
1059782,Fraser,Ryan Fraser,Midfielder,BOU,14
1059782,Aké,Nathan Aké,Defender,BOU,26
1059782,Wilson (Harry),Harry Wilson,Midfielder,BOU,10
1059782,Solanke,Dominic Solanke,Forward,BOU,4
1059782,Cook (Lewis),Lewis Cook,Midfielder,BOU,12
1059782,Billing,Philip Billing,Midfielder,BOU,13
1059782,Rico,Diego Rico,Defender,BOU,27
1059782,Danjuma Groeneveld,Arnaut Danjuma Groeneveld,Midfielder,BOU,4
1059782,Ramsdale,Aaron Ramsdale,Goalkeeper,BOU,21
1059782,Tettey,Alexander Tettey,Midfielder,NOR,16
1059782,Krul,Tim Krul,Goalkeeper,NOR,24
1059782,Pukki,Teemu Pukki,Forward,NOR,3
1059782,Kenny McLean,Kenneth McLean,Midfielder,NOR,4
1059782,Leitner,Moritz Leitner,Midfielder,NOR,14
1059782,Hernández (Onel),Onel Hernández,Midfielder,NOR,1
1059782,Trybull,Tom Trybull,Midfielder,NOR,6
1059782,Amadou,Ibrahim Amadou,Midfielder,NOR,22
1059782,Srbeny,Dennis Srbeny,Forward,NOR,5
1059782,Cantwell,Todd Cantwell,Midfielder,NOR,8
1059782,Lewis (Jamal),Jamal Lewis,Defender,NOR,19
1059782,Buendía,Emiliano Buendía,Midfielder,NOR,15
1059782,Godfrey,Ben Godfrey,Defender,NOR,8
1059782,Aarons (Maximillian),Maximillian Aarons,Defender,NOR,20
1059783,Heaton,Tom Heaton,Goalkeeper,AVL,13
1059783,Hourihane,Conor Hourihane,Midfielder,AVL,11
1059783,Engels,Björn Engels,Defender,AVL,11
1059783,Grealish,Jack Grealish,Midfielder,AVL,58
1059783,McGinn,John McGinn,Midfielder,AVL,17
1059783,Trezeguet,Mahmoud Hassan,Midfielder,AVL,9
1059783,Mings,Tyrone Mings,Defender,AVL,13
1059783,Targett,Matt Targett,Defender,AVL,40
1059783,Nakamba,Marvelous Nakamba,Midfielder,AVL,16
1059783,El Ghazi,Anwar El Ghazi,Midfielder,AVL,1
1059783,Guilbert,Frederic Guilbert,Defender,AVL,22
1059783,Wesley,Wesley Moraes Ferreira da Silva,Forward,AVL,2
1059783,Davis,Keinan Davis,Midfielder,AVL,6
1059783,Douglas Luiz,Douglas Luiz Soares de Paulo,Midfielder,AVL,2
1059783,Stephens (Dale),Dale Stephens,Midfielder,BHA,19
1059783,Groß,Pascal Groß,Midfielder,BHA,31
1059783,Duffy (Shane),Shane Duffy,Defender,BHA,1
1059783,Pröpper,Davy Pröpper,Midfielder,BHA,18
1059783,Mooy,Aaron Mooy,Midfielder,BHA,-13
1059783,Burn,Dan Burn,Defender,BHA,5
1059783,Dunk,Lewis Dunk,Defender,BHA,7
1059783,Montoya,Martín Montoya,Defender,BHA,9
1059783,March,Solomon March,Midfielder,BHA,2
1059783,Webster,Adam Webster,Defender,BHA,21
1059783,Maupay,Neal Maupay,Forward,BHA,9
1059783,Mat Ryan,Mathew Ryan,Goalkeeper,BHA,16
1059783,Connolly,Aaron Connolly,Forward,BHA,6
1059783,Alzate,Steven Alzate,Midfielder,BHA,3
1059784,Azpilicueta,César Azpilicueta,Defender,CHE,23
1059784,Willian,Willian Borges Da Silva,Midfielder,CHE,21
1059784,Alonso,Marcos Alonso,Defender,CHE,37
1059784,Jorginho,Jorge Luiz Frello Filho,Midfielder,CHE,19
1059784,Barkley,Ross Barkley,Midfielder,CHE,2
1059784,Kovacic,Mateo Kovacic,Midfielder,CHE,20
1059784,Zouma,Kurt Zouma,Defender,CHE,27
1059784,Kepa,Kepa Arrizabalaga Revuelta,Goalkeeper,CHE,20
1059784,Abraham,Tammy Abraham,Forward,CHE,5
1059784,Pulisic,Christian Pulisic,Midfielder,CHE,4
1059784,Mount,Mason Mount,Midfielder,CHE,7
1059784,Tomori,Fikayo Tomori,Defender,CHE,24
1059784,Hudson-Odoi,Callum Hudson-Odoi,Midfielder,CHE,33
1059784,James (Reece),Reece James,Defender,CHE,3
1059784,Carroll,Andy Carroll,Forward,NEW,4
1059784,Clark (Ciaran),Ciaran Clark,Defender,NEW,-1
1059784,Dubravka,Martin Dubravka,Goalkeeper,NEW,17
1059784,Willems,Jetro Willems,Defender,NEW,6
1059784,Lascelles,Jamaal Lascelles,Defender,NEW,3
1059784,Gayle,Dwight Gayle,Forward,NEW,3
1059784,Atsu,Christian Atsu,Midfielder,NEW,7
1059784,Schär,Fabian Schär,Defender,NEW,7
1059784,Yedlin,DeAndre Yedlin,Defender,NEW,14
1059784,Saint-Maximin,Allan Saint-Maximin,Midfielder,NEW,11
1059784,Almirón,Miguel Almirón,Midfielder,NEW,7
1059784,Longstaff (Sean),Sean Longstaff,Midfielder,NEW,10
1059784,Joelinton,Joelinton Cássio Apolinário de Lira,Forward,NEW,1
1059784,Longstaff (Matthew),Matthew Longstaff,Midfielder,NEW,3
1059785,Dann,Scott Dann,Defender,CRY,3
1059785,Cahill,Gary Cahill,Defender,CRY,9
1059785,Hennessey,Wayne Hennessey,Goalkeeper,CRY,19
1059785,Tomkins,James Tomkins,Defender,CRY,1
1059785,McArthur,James McArthur,Midfielder,CRY,16
1059785,Benteke,Christian Benteke,Forward,CRY,5
1059785,Kouyaté,Cheikhou Kouyaté,Midfielder,CRY,11
1059785,Ward (Joel),Joel Ward,Defender,CRY,3
1059785,Townsend,Andros Townsend,Midfielder,CRY,9
1059785,Milivojevic,Luka Milivojevic,Midfielder,CRY,5
1059785,Van Aanholt,Patrick Van Aanholt,Defender,CRY,9
1059785,Ayew,Jordan Ayew,Forward,CRY,1
1059785,Zaha,Wilfried Zaha,Midfielder,CRY,10
1059785,Schlupp,Jeffrey Schlupp,Midfielder,CRY,4
1059785,Silva,David Silva,Midfielder,MCI,39
1059785,Fernandinho,Fernando Luiz Rosa,Midfielder,MCI,14
1059785,Gundogan,Ilkay Gundogan,Midfielder,MCI,26
1059785,De Bruyne,Kevin De Bruyne,Midfielder,MCI,10
1059785,Stones,John Stones,Defender,MCI,3
1059785,Mendy (Benjamin),Benjamin Mendy,Defender,MCI,24
1059785,Sterling (Raheem),Raheem Sterling,Midfielder,MCI,21
1059785,João Cancelo,João Pedro Cavaco Cancelo,Defender,MCI,37
1059785,Ederson,Ederson Santana de Moraes,Goalkeeper,MCI,23
1059785,Bernardo Silva,Bernardo Mota Veiga de Carvalho e Silva,Midfielder,MCI,36
1059785,Jesus,Gabriel Fernando de Jesus,Forward,MCI,39
1059785,Foden,Phil Foden,Midfielder,MCI,3
1059785,Rodri,Rodrigo Hernández Cascante,Midfielder,MCI,16
1059786,Walcott,Theo Walcott,Midfielder,EVE,21
1059786,Sigurdsson,Gylfi Sigurdsson,Midfielder,EVE,26
1059786,Bernard,Bernard Anício Caldeira Duarte,Midfielder,EVE,33
1059786,Digne,Lucas Digne,Defender,EVE,27
1059786,Sidibe,Djibril Sidibe,Defender,EVE,32
1059786,Keane,Michael Keane,Defender,EVE,31
1059786,Pickford,Jordan Pickford,Goalkeeper,EVE,28
1059786,André Gomes,André Filipe Tavares Gomes,Midfielder,EVE,9
1059786,Iwobi,Alex Iwobi,Midfielder,EVE,11
1059786,Mina,Yerry Mina,Defender,EVE,30
1059786,Davies (Tom),Tom Davies,Midfielder,EVE,12
1059786,Holgate,Mason Holgate,Defender,EVE,3
1059786,Richarlison,Richarlison de Andrade,Midfielder,EVE,15
1059786,Kean,Moise Kean,Forward,EVE,4
1059786,Noble,Mark Noble,Midfielder,WHU,11
1059786,Ogbonna,Angelo Ogbonna,Defender,WHU,11
1059786,Jiménez,Roberto Jiménez,Goalkeeper,WHU,20
1059786,Wilshere,Jack Wilshere,Midfielder,WHU,3
1059786,Yarmolenko,Andriy Yarmolenko,Midfielder,WHU,4
1059786,Fredericks,Ryan Fredericks,Defender,WHU,-3
1059786,Lanzini,Manuel Lanzini,Midfielder,WHU,19
1059786,Felipe Anderson,Felipe Anderson Pereira Gomes,Midfielder,WHU,6
1059786,Haller,Sébastien Haller,Forward,WHU,9
1059786,Masuaku,Arthur Masuaku,Defender,WHU,1
1059786,Ajeti,Albian Ajeti,Forward,WHU,1
1059786,Rice,Declan Rice,Midfielder,WHU,13
1059786,Fornals,Pablo Fornals,Midfielder,WHU,3
1059786,Diop,Issa Diop,Defender,WHU,7
1059787,Lennon,Aaron Lennon,Midfielder,BUR,4
1059787,Tarkowski,James Tarkowski,Defender,BUR,9
1059787,Pieters,Erik Pieters,Defender,BUR,4
1059787,Rodriguez,Jay Rodriguez,Forward,BUR,3
1059787,Mee,Ben Mee,Defender,BUR,3
1059787,Westwood,Ashley Roy Westwood,Midfielder,BUR,20
1059787,Wood,Chris Wood,Forward,BUR,20
1059787,Lowton,Matthew Lowton,Defender,BUR,7
1059787,Vydra,Matej Vydra,Forward,BUR,2
1059787,Hendrick,Jeff Hendrick,Midfielder,BUR,2
1059787,Brady,Robert Brady,Midfielder,BUR,7
1059787,Pope,Nick Pope,Goalkeeper,BUR,0
1059787,McNeil,Dwight McNeil,Midfielder,BUR,18
1059787,Morgan,Wes Morgan,Defender,LEI,4
1059787,Schmeichel,Kasper Schmeichel,Goalkeeper,LEI,13
1059787,Evans (Jonny),Jonny Evans,Defender,LEI,10
1059787,Vardy,Jamie Vardy,Forward,LEI,32
1059787,Praet,Dennis Praet,Midfielder,LEI,3
1059787,Ricardo Pereira,Ricardo Domingos Barbosa Pereira,Defender,LEI,19
1059787,Tielemans,Youri Tielemans,Midfielder,LEI,37
1059787,Ayoze Pérez,Ayoze Pérez Gutiérrez,Midfielder,LEI,10
1059787,Gray (Demarai),Demarai Gray,Midfielder,LEI,1
1059787,Maddison,James Maddison,Midfielder,LEI,11
1059787,Chilwell,Benjamin Chilwell,Defender,LEI,9
1059787,Barnes (Harvey),Harvey Barnes,Midfielder,LEI,38
1059787,Ndidi,Onyinye Wilfred Ndidi,Midfielder,LEI,12
1059787,Söyüncü,Caglar Söyüncü,Defender,LEI,12
1059788,Lallana,Adam Lallana,Midfielder,LIV,26
1059788,Wijnaldum,Georginio Wijnaldum,Midfielder,LIV,13
1059788,Henderson (Jordan),Jordan Henderson,Midfielder,LIV,7
1059788,Matip,Joel Matip,Defender,LIV,12
1059788,Oxlade-Chamberlain,Alex Oxlade-Chamberlain,Midfielder,LIV,3
1059788,Firmino,Roberto Firmino Barbosa de Oliveira,Forward,LIV,12
1059788,van Dijk,Virgil van Dijk,Defender,LIV,10
1059788,Mane,Sadio Mane,Midfielder,LIV,8
1059788,Alisson,Alisson Ramses Becker,Goalkeeper,LIV,11
1059788,Fabinho,Fabio Henrique Tavares,Midfielder,LIV,12
1059788,Robertson,Andrew Robertson,Defender,LIV,29
1059788,Origi,Divock Origi,Forward,LIV,4
1059788,Alexander-Arnold,Trent Alexander-Arnold,Defender,LIV,9
1059788,Keita,Naby Keita,Midfielder,LIV,4
1059788,Young (Ashley),Ashley Young,Defender,MUN,7
1059788,De Gea,David De Gea,Goalkeeper,MUN,12
1059788,Rojo,Marcos Rojo,Defender,MUN,5
1059788,Maguire,Harry Maguire,Defender,MUN,8
1059788,Fred,Frederico Rodrigues de Paula Santos,Midfielder,MUN,7
1059788,Martial,Anthony Martial,Midfielder,MUN,3
1059788,Pereira,Andreas Pereira,Midfielder,MUN,2
1059788,Rashford,Marcus Rashford,Midfielder,MUN,30
1059788,Lindelof,Victor Nilsson-Lindelof,Defender,MUN,10
1059788,McTominay,Scott McTominay,Midfielder,MUN,10
1059788,James (Daniel),Daniel James,Midfielder,MUN,25
1059788,Wan-Bissaka,Aaron Wan-Bissaka,Defender,MUN,6
1059788,Williams (Brandon),Brandon Williams,Defender,MUN,3
1059789,Sokratis,Sokratis Papastathopoulos,Defender,ARS,4
1059789,Luiz,David Luiz Moreira Marinho,Defender,ARS,10
1059789,Aubameyang,Pierre-Emerick Aubameyang,Forward,ARS,8
1059789,Lacazette,Alexandre Lacazette,Forward,ARS,1
1059789,Leno,Bernd Leno,Goalkeeper,ARS,10
1059789,Xhaka,Granit Xhaka,Midfielder,ARS,12
1059789,Chambers,Calum Chambers,Defender,ARS,5
1059789,Kolasinac,Sead Kolasinac,Defender,ARS,13
1059789,Dani Ceballos,Daniel Ceballos Fernández,Midfielder,ARS,11
1059789,Pepe,Nicolas Pepe,Midfielder,ARS,8
1059789,Willock,Joseph Willock,Midfielder,ARS,3
1059789,Saka,Bukayo Saka,Midfielder,ARS,8
1059789,Guendouzi,Matteo Guendouzi,Midfielder,ARS,19
1059789,Martinelli,Gabriel Teodoro Martinelli Silva,Forward,ARS,3
1059789,Sharp,Billy Sharp,Forward,SHU,6
1059789,McGoldrick,David McGoldrick,Forward,SHU,-3
1059789,Basham,Chris Basham,Defender,SHU,26
1059789,Fleck,John Fleck,Midfielder,SHU,12
1059789,Freeman (Luke),Luke Freeman,Midfielder,SHU,4
1059789,Stevens,Enda Stevens,Defender,SHU,19
1059789,Norwood,Oliver Norwood,Midfielder,SHU,18
1059789,Baldock,George Baldock,Defender,SHU,24
1059789,Egan,John Egan,Defender,SHU,27
1059789,O'Connell,Jack O'Connell,Defender,SHU,35
1059789,Lundstram,John Lundstram,Defender,SHU,20
1059789,McBurnie,Oliver McBurnie,Forward,SHU,2
1059789,Henderson (Dean),Dean Henderson,Goalkeeper,SHU,23
1059789,Mousset,Lys Mousset,Forward,SHU,28
1059790,Rose,Danny Rose,Defender,TOT,9
1059790,Vertonghen,Jan Vertonghen,Defender,TOT,11
1059790,Sissoko,Moussa Sissoko,Midfielder,TOT,13
1059790,Alderweireld,Toby Alderweireld,Defender,TOT,15
1059790,Lamela,Erik Lamela,Midfielder,TOT,5
1059790,Kane (Harry),Harry Kane,Forward,TOT,2
1059790,Aurier,Serge Aurier,Defender,TOT,12
1059790,Son,Heung-Min Son,Midfielder,TOT,-2
1059790,Lucas Moura,Lucas Rodrigues Moura da Silva,Midfielder,TOT,8
1059790,Gazzaniga,Paulo Gazzaniga,Goalkeeper,TOT,5
1059790,Alli,Bamidele Alli,Midfielder,TOT,29
1059790,Winks,Harry Winks,Midfielder,TOT,14
1059790,Sánchez (Davinson),Davinson Sánchez,Defender,TOT,4
1059790,NDombele,Tanguy NDombele,Midfielder,TOT,5
1059790,Foster,Ben Foster,Goalkeeper,WAT,6
1059790,Holebas,José Holebas,Defender,WAT,5
1059790,Cathcart,Craig Cathcart,Defender,WAT,6
1059790,Cleverley,Tom Cleverley,Midfielder,WAT,13
1059790,Welbeck,Danny Welbeck,Forward,WAT,3
1059790,Janmaat,Daryl Janmaat,Defender,WAT,36
1059790,Femenía,Francisco Femenía Far,Defender,WAT,-5
1059790,Dawson,Craig Dawson,Defender,WAT,10
1059790,Pereyra,Roberto Pereyra,Midfielder,WAT,6
1059790,Kabasele,Christian Kabasele,Defender,WAT,12
1059790,Chalobah (Nathaniel),Nathaniel Chalobah,Midfielder,WAT,12
1059790,Deulofeu,Gerard Deulofeu,Forward,WAT,9
1059790,Hughes,Will Hughes,Midfielder,WAT,4
1059790,Doucouré,Abdoulaye Doucouré,Midfielder,WAT,34
1059791,Bertrand,Ryan Bertrand,Defender,SOU,6
1059791,Romeu,Oriol Romeu,Midfielder,SOU,13
1059791,Yoshida,Maya Yoshida,Defender,SOU,11
1059791,Redmond,Nathan Redmond,Midfielder,SOU,11
1059791,Ings,Danny Ings,Forward,SOU,35
1059791,Vestergaard,Jannik Vestergaard,Defender,SOU,9
1059791,Ward-Prowse,James Ward-Prowse,Midfielder,SOU,15
1059791,Gunn,Angus Gunn,Goalkeeper,SOU,5
1059791,Boufal,Sofiane Boufal,Midfielder,SOU,6
1059791,Højbjerg,Pierre-Emile Højbjerg,Midfielder,SOU,18
1059791,Danso,Kevin Danso,Defender,SOU,1
1059791,Bednarek,Jan Bednarek,Defender,SOU,7
1059791,Valery,Yann Valery,Defender,SOU,-1
1059791,Moutinho,João Moutinho,Midfielder,WOL,11
1059791,Rui Patrício,Rui Pedro dos Santos Patrício,Goalkeeper,WOL,12
1059791,R Bennett,Ryan Bennett,Defender,WOL,3
1059791,Doherty,Matt Doherty,Defender,WOL,10
1059791,Boly,Willy Boly,Defender,WOL,6
1059791,Coady,Conor Coady,Defender,WOL,3
1059791,Raúl Jiménez,Raul Alonso Jimenez Rodriguez,Forward,WOL,28
1059791,Jonny,Jonathan Castro Otto,Defender,WOL,13
1059791,Dendoncker,Leander Dendoncker,Midfielder,WOL,10
1059791,Traoré,Adama Traoré,Midfielder,WOL,18
1059791,Ruben Neves,Rúben Diogo da Silva Neves,Midfielder,WOL,7
1059791,Vallejo,Jesús Vallejo,Defender,WOL,7
1059791,Diogo Jota,Diogo José Teixeira da Silva,Midfielder,WOL,7
1059791,Cutrone,Patrick Cutrone,Forward,WOL,7
1059792,Sokratis,Sokratis Papastathopoulos,Defender,ARS,22
1059792,Luiz,David Luiz Moreira Marinho,Defender,ARS,23
1059792,Aubameyang,Pierre-Emerick Aubameyang,Forward,ARS,5
1059792,Lacazette,Alexandre Lacazette,Forward,ARS,14
1059792,Leno,Bernd Leno,Goalkeeper,ARS,5
1059792,Xhaka,Granit Xhaka,Midfielder,ARS,17
1059792,Chambers,Calum Chambers,Defender,ARS,-6
1059792,Kolasinac,Sead Kolasinac,Defender,ARS,3
1059792,Dani Ceballos,Daniel Ceballos Fernández,Midfielder,ARS,14
1059792,Tierney,Kieran Tierney,Defender,ARS,4
1059792,Pepe,Nicolas Pepe,Midfielder,ARS,13
1059792,Saka,Bukayo Saka,Midfielder,ARS,3
1059792,Guendouzi,Matteo Guendouzi,Midfielder,ARS,14
1059792,Cahill,Gary Cahill,Defender,CRY,3
1059792,Hennessey,Wayne Hennessey,Goalkeeper,CRY,7
1059792,Tomkins,James Tomkins,Defender,CRY,2
1059792,McArthur,James McArthur,Midfielder,CRY,32
1059792,McCarthy (James),James McCarthy,Midfielder,CRY,3
1059792,Benteke,Christian Benteke,Forward,CRY,5
1059792,Kouyaté,Cheikhou Kouyaté,Midfielder,CRY,7
1059792,Ward (Joel),Joel Ward,Defender,CRY,10
1059792,Townsend,Andros Townsend,Midfielder,CRY,12
1059792,Milivojevic,Luka Milivojevic,Midfielder,CRY,44
1059792,Van Aanholt,Patrick Van Aanholt,Defender,CRY,8
1059792,Ayew,Jordan Ayew,Forward,CRY,36
1059792,Zaha,Wilfried Zaha,Midfielder,CRY,11
1059793,Murray,Glenn Murray,Forward,BHA,1
1059793,Stephens (Dale),Dale Stephens,Midfielder,BHA,16
1059793,Groß,Pascal Groß,Midfielder,BHA,22
1059793,Pröpper,Davy Pröpper,Midfielder,BHA,11
1059793,Schelotto,Ezequiel Schelotto,Defender,BHA,-3
1059793,Burn,Dan Burn,Defender,BHA,8
1059793,Dunk,Lewis Dunk,Defender,BHA,10
1059793,Montoya,Martín Montoya,Defender,BHA,1
1059793,Webster,Adam Webster,Defender,BHA,5
1059793,Maupay,Neal Maupay,Forward,BHA,33
1059793,Trossard,Leandro Trossard,Midfielder,BHA,15
1059793,Mat Ryan,Mathew Ryan,Goalkeeper,BHA,19
1059793,Connolly,Aaron Connolly,Forward,BHA,27
1059793,Alzate,Steven Alzate,Midfielder,BHA,10
1059793,Walcott,Theo Walcott,Midfielder,EVE,2
1059793,Delph,Fabian Delph,Midfielder,EVE,5
1059793,Sigurdsson,Gylfi Sigurdsson,Midfielder,EVE,5
1059793,Bernard,Bernard Anício Caldeira Duarte,Midfielder,EVE,2
1059793,Digne,Lucas Digne,Defender,EVE,3
1059793,Sidibe,Djibril Sidibe,Defender,EVE,0
1059793,Keane,Michael Keane,Defender,EVE,-1
1059793,Pickford,Jordan Pickford,Goalkeeper,EVE,2
1059793,André Gomes,André Filipe Tavares Gomes,Midfielder,EVE,11
1059793,Iwobi,Alex Iwobi,Midfielder,EVE,14
1059793,Davies (Tom),Tom Davies,Midfielder,EVE,15
1059793,Calvert-Lewin,Dominic Calvert-Lewin,Forward,EVE,29
1059793,Holgate,Mason Holgate,Defender,EVE,10
1059793,Richarlison,Richarlison de Andrade,Midfielder,EVE,19
1059794,Tarkowski,James Tarkowski,Defender,BUR,9
1059794,Pieters,Erik Pieters,Defender,BUR,-7
1059794,Cork,Jack Cork,Midfielder,BUR,21
1059794,Rodriguez,Jay Rodriguez,Forward,BUR,30
1059794,Barnes (Ashley),Ashley Barnes,Forward,BUR,-1
1059794,Mee,Ben Mee,Defender,BUR,4
1059794,Westwood,Ashley Roy Westwood,Midfielder,BUR,13
1059794,Lowton,Matthew Lowton,Defender,BUR,0
1059794,Vydra,Matej Vydra,Forward,BUR,1
1059794,Hendrick,Jeff Hendrick,Midfielder,BUR,3
1059794,Brady,Robert Brady,Midfielder,BUR,21
1059794,Pope,Nick Pope,Goalkeeper,BUR,-2
1059794,McNeil,Dwight McNeil,Midfielder,BUR,30
1059794,Azpilicueta,César Azpilicueta,Defender,CHE,11
1059794,Giroud,Olivier Giroud,Forward,CHE,3
1059794,Willian,Willian Borges Da Silva,Midfielder,CHE,40
1059794,Alonso,Marcos Alonso,Defender,CHE,23
1059794,Jorginho,Jorge Luiz Frello Filho,Midfielder,CHE,17
1059794,Kovacic,Mateo Kovacic,Midfielder,CHE,16
1059794,Zouma,Kurt Zouma,Defender,CHE,7
1059794,Kepa,Kepa Arrizabalaga Revuelta,Goalkeeper,CHE,8
1059794,Abraham,Tammy Abraham,Forward,CHE,13
1059794,Pulisic,Christian Pulisic,Midfielder,CHE,78
1059794,Mount,Mason Mount,Midfielder,CHE,16
1059794,Tomori,Fikayo Tomori,Defender,CHE,6
1059794,Hudson-Odoi,Callum Hudson-Odoi,Midfielder,CHE,3
1059794,James (Reece),Reece James,Defender,CHE,1
1059795,Milner,James Milner,Midfielder,LIV,3
1059795,Lovren,Dejan Lovren,Defender,LIV,11
1059795,Wijnaldum,Georginio Wijnaldum,Midfielder,LIV,17
1059795,Henderson (Jordan),Jordan Henderson,Midfielder,LIV,38
1059795,Firmino,Roberto Firmino Barbosa de Oliveira,Forward,LIV,6
1059795,van Dijk,Virgil van Dijk,Defender,LIV,12
1059795,Mane,Sadio Mane,Midfielder,LIV,20
1059795,Alisson,Alisson Ramses Becker,Goalkeeper,LIV,13
1059795,Fabinho,Fabio Henrique Tavares,Midfielder,LIV,21
1059795,Salah,Mohamed Salah,Midfielder,LIV,35
1059795,Robertson,Andrew Robertson,Defender,LIV,22
1059795,Origi,Divock Origi,Forward,LIV,3
1059795,Alexander-Arnold,Trent Alexander-Arnold,Defender,LIV,17
1059795,Gomez,Joseph Gomez,Defender,LIV,2
1059795,Rose,Danny Rose,Defender,TOT,5
1059795,Sissoko,Moussa Sissoko,Midfielder,TOT,9
1059795,Alderweireld,Toby Alderweireld,Defender,TOT,7
1059795,Kane (Harry),Harry Kane,Forward,TOT,30
1059795,Aurier,Serge Aurier,Defender,TOT,-3
1059795,Eriksen,Christian Eriksen,Midfielder,TOT,4
1059795,Son,Heung-Min Son,Midfielder,TOT,11
1059795,Lucas Moura,Lucas Rodrigues Moura da Silva,Midfielder,TOT,4
1059795,Gazzaniga,Paulo Gazzaniga,Goalkeeper,TOT,31
1059795,Alli,Bamidele Alli,Midfielder,TOT,3
1059795,Winks,Harry Winks,Midfielder,TOT,7
1059795,Sánchez (Davinson),Davinson Sánchez,Defender,TOT,7
1059795,Lo Celso,Giovani Lo Celso,Midfielder,TOT,3
1059795,NDombele,Tanguy NDombele,Midfielder,TOT,3
1059796,Heaton,Tom Heaton,Goalkeeper,AVL,10
1059796,Engels,Björn Engels,Defender,AVL,1
1059796,Grealish,Jack Grealish,Midfielder,AVL,3
1059796,McGinn,John McGinn,Midfielder,AVL,10
1059796,Trezeguet,Mahmoud Hassan,Midfielder,AVL,16
1059796,Mings,Tyrone Mings,Defender,AVL,8
1059796,Targett,Matt Targett,Defender,AVL,-3
1059796,Nakamba,Marvelous Nakamba,Midfielder,AVL,19
1059796,El Ghazi,Anwar El Ghazi,Midfielder,AVL,3
1059796,Guilbert,Frederic Guilbert,Defender,AVL,2
1059796,Wesley,Wesley Moraes Ferreira da Silva,Forward,AVL,3
1059796,Davis,Keinan Davis,Midfielder,AVL,2
1059796,Douglas Luiz,Douglas Luiz Soares de Paulo,Midfielder,AVL,15
1059796,Silva,David Silva,Midfielder,MCI,33
1059796,Fernandinho,Fernando Luiz Rosa,Midfielder,MCI,-3
1059796,Aguero,Sergio Aguero,Forward,MCI,3
1059796,Gundogan,Ilkay Gundogan,Midfielder,MCI,33
1059796,De Bruyne,Kevin De Bruyne,Midfielder,MCI,25
1059796,Stones,John Stones,Defender,MCI,29
1059796,Mendy (Benjamin),Benjamin Mendy,Defender,MCI,27
1059796,Sterling (Raheem),Raheem Sterling,Midfielder,MCI,39
1059796,João Cancelo,João Pedro Cavaco Cancelo,Defender,MCI,35
1059796,Ederson,Ederson Santana de Moraes,Goalkeeper,MCI,32
1059796,Angelino,Jose Angel Esmoris Tasende,Defender,MCI,5
1059796,Bernardo Silva,Bernardo Mota Veiga de Carvalho e Silva,Midfielder,MCI,14
1059796,Jesus,Gabriel Fernando de Jesus,Forward,MCI,9
1059796,Foden,Phil Foden,Midfielder,MCI,12
1059797,Shelvey,Jonjo Shelvey,Midfielder,NEW,4
1059797,Fernández,Federico Fernández,Defender,NEW,21
1059797,Clark (Ciaran),Ciaran Clark,Defender,NEW,11
1059797,Dubravka,Martin Dubravka,Goalkeeper,NEW,10
1059797,Willems,Jetro Willems,Defender,NEW,15
1059797,Lascelles,Jamaal Lascelles,Defender,NEW,22
1059797,Gayle,Dwight Gayle,Forward,NEW,2
1059797,Atsu,Christian Atsu,Midfielder,NEW,4
1059797,Yedlin,DeAndre Yedlin,Defender,NEW,10
1059797,Saint-Maximin,Allan Saint-Maximin,Midfielder,NEW,12
1059797,Almirón,Miguel Almirón,Midfielder,NEW,13
1059797,Longstaff (Sean),Sean Longstaff,Midfielder,NEW,1
1059797,Joelinton,Joelinton Cássio Apolinário de Lira,Forward,NEW,3
1059797,Longstaff (Matthew),Matthew Longstaff,Midfielder,NEW,16
1059797,Moutinho,João Moutinho,Midfielder,WOL,13
1059797,Rui Patrício,Rui Pedro dos Santos Patrício,Goalkeeper,WOL,5
1059797,Doherty,Matt Doherty,Defender,WOL,7
1059797,Coady,Conor Coady,Defender,WOL,8
1059797,Raúl Jiménez,Raul Alonso Jimenez Rodriguez,Forward,WOL,17
1059797,Saiss,Romain Saiss,Defender,WOL,17
1059797,Jonny,Jonathan Castro Otto,Defender,WOL,14
1059797,Dendoncker,Leander Dendoncker,Midfielder,WOL,12
1059797,Traoré,Adama Traoré,Midfielder,WOL,19
1059797,Ruben Neves,Rúben Diogo da Silva Neves,Midfielder,WOL,13
1059797,Diogo Jota,Diogo José Teixeira da Silva,Midfielder,WOL,11
1059797,Rúben Vinagre,Rúben Gonçalo Silva Nascimento Vinagre,Defender,WOL,5
1059797,Neto,Pedro Neto,Midfielder,WOL,3
1059798,Young (Ashley),Ashley Young,Defender,MUN,6
1059798,De Gea,David De Gea,Goalkeeper,MUN,7
1059798,Maguire,Harry Maguire,Defender,MUN,9
1059798,Fred,Frederico Rodrigues de Paula Santos,Midfielder,MUN,15
1059798,Lingard,Jesse Lingard,Midfielder,MUN,9
1059798,Martial,Anthony Martial,Midfielder,MUN,12
1059798,Pereira,Andreas Pereira,Midfielder,MUN,8
1059798,Rashford,Marcus Rashford,Midfielder,MUN,49
1059798,Lindelof,Victor Nilsson-Lindelof,Defender,MUN,10
1059798,McTominay,Scott McTominay,Midfielder,MUN,38
1059798,James (Daniel),Daniel James,Midfielder,MUN,23
1059798,Wan-Bissaka,Aaron Wan-Bissaka,Defender,MUN,6
1059798,Greenwood,Mason Greenwood,Forward,MUN,2
1059798,Garner,James Garner,Midfielder,MUN,4
1059798,Tettey,Alexander Tettey,Midfielder,NOR,20
1059798,Krul,Tim Krul,Goalkeeper,NOR,30
1059798,Pukki,Teemu Pukki,Forward,NOR,0
1059798,Stiepermann,Marco Stiepermann,Midfielder,NOR,1
1059798,Kenny McLean,Kenneth McLean,Midfielder,NOR,11
1059798,Leitner,Moritz Leitner,Midfielder,NOR,6
1059798,Hernández (Onel),Onel Hernández,Midfielder,NOR,20
1059798,Byram,Sam Byram,Defender,NOR,-1
1059798,Amadou,Ibrahim Amadou,Midfielder,NOR,16
1059798,Cantwell,Todd Cantwell,Midfielder,NOR,-5
1059798,Lewis (Jamal),Jamal Lewis,Defender,NOR,-3
1059798,Buendía,Emiliano Buendía,Midfielder,NOR,11
1059798,Godfrey,Ben Godfrey,Defender,NOR,1
1059798,Aarons (Maximillian),Maximillian Aarons,Defender,NOR,9
1059799,Schmeichel,Kasper Schmeichel,Goalkeeper,LEI,27
1059799,Evans (Jonny),Jonny Evans,Defender,LEI,21
1059799,Albrighton,Marc Albrighton,Midfielder,LEI,12
1059799,Vardy,Jamie Vardy,Forward,LEI,99
1059799,Ricardo Pereira,Ricardo Domingos Barbosa Pereira,Defender,LEI,25
1059799,Tielemans,Youri Tielemans,Midfielder,LEI,45
1059799,Ayoze Pérez,Ayoze Pérez Gutiérrez,Midfielder,LEI,80
1059799,Gray (Demarai),Demarai Gray,Midfielder,LEI,3
1059799,Maddison,James Maddison,Midfielder,LEI,36
1059799,Chilwell,Benjamin Chilwell,Defender,LEI,71
1059799,Barnes (Harvey),Harvey Barnes,Midfielder,LEI,35
1059799,Ndidi,Onyinye Wilfred Ndidi,Midfielder,LEI,12
1059799,Söyüncü,Caglar Söyüncü,Defender,LEI,26
1059799,Bertrand,Ryan Bertrand,Defender,SOU,-12
1059799,Romeu,Oriol Romeu,Midfielder,SOU,13
1059799,Yoshida,Maya Yoshida,Defender,SOU,-25
1059799,Redmond,Nathan Redmond,Midfielder,SOU,14
1059799,Ings,Danny Ings,Forward,SOU,1
1059799,Stephens (Jack),Jack Stephens,Defender,SOU,-7
1059799,Armstrong (Stuart),Stuart Armstrong,Midfielder,SOU,4
1059799,Vestergaard,Jannik Vestergaard,Defender,SOU,-16
1059799,Ward-Prowse,James Ward-Prowse,Midfielder,SOU,16
1059799,Gunn,Angus Gunn,Goalkeeper,SOU,-14
1059799,Højbjerg,Pierre-Emile Højbjerg,Midfielder,SOU,15
1059799,Danso,Kevin Danso,Defender,SOU,-11
1059799,Bednarek,Jan Bednarek,Defender,SOU,-28
1059799,Valery,Yann Valery,Defender,SOU,-21
1059800,Smith (Adam),Adam Smith,Defender,BOU,30
1059800,Cook (Steve),Steve Cook,Defender,BOU,24
1059800,Wilson (Callum),Callum Wilson,Forward,BOU,2
1059800,King (Joshua),Joshua King,Forward,BOU,16
1059800,Fraser,Ryan Fraser,Midfielder,BOU,16
1059800,Aké,Nathan Aké,Defender,BOU,30
1059800,Lerma,Jefferson Lerma,Midfielder,BOU,18
1059800,Wilson (Harry),Harry Wilson,Midfielder,BOU,6
1059800,Solanke,Dominic Solanke,Forward,BOU,1
1059800,Billing,Philip Billing,Midfielder,BOU,12
1059800,Rico,Diego Rico,Defender,BOU,21
1059800,Danjuma Groeneveld,Arnaut Danjuma Groeneveld,Midfielder,BOU,3
1059800,Ramsdale,Aaron Ramsdale,Goalkeeper,BOU,29
1059800,Foster,Ben Foster,Goalkeeper,WAT,32
1059800,Cathcart,Craig Cathcart,Defender,WAT,30
1059800,Cleverley,Tom Cleverley,Midfielder,WAT,5
1059800,Janmaat,Daryl Janmaat,Defender,WAT,26
1059800,Dawson,Craig Dawson,Defender,WAT,21
1059800,Pereyra,Roberto Pereyra,Midfielder,WAT,5
1059800,Gray (Andre),Andre Gray,Forward,WAT,6
1059800,Kabasele,Christian Kabasele,Defender,WAT,24
1059800,Chalobah (Nathaniel),Nathaniel Chalobah,Midfielder,WAT,2
1059800,Deulofeu,Gerard Deulofeu,Forward,WAT,-3
1059800,Foulquier,Dimitri Foulquier,Defender,WAT,3
1059800,Hughes,Will Hughes,Midfielder,WAT,6
1059800,Doucouré,Abdoulaye Doucouré,Midfielder,WAT,9
1059800,Masina,Adam Masina,Defender,WAT,18
1059801,Sharp,Billy Sharp,Forward,SHU,1
1059801,McGoldrick,David McGoldrick,Forward,SHU,12
1059801,Basham,Chris Basham,Defender,SHU,14
1059801,Fleck,John Fleck,Midfielder,SHU,17
1059801,Stevens,Enda Stevens,Defender,SHU,13
1059801,Norwood,Oliver Norwood,Midfielder,SHU,11
1059801,Baldock,George Baldock,Defender,SHU,0
1059801,Besic,Muhamed Besic,Midfielder,SHU,5
1059801,Egan,John Egan,Defender,SHU,7
1059801,O'Connell,Jack O'Connell,Defender,SHU,10
1059801,Lundstram,John Lundstram,Defender,SHU,6
1059801,Robinson (Callum),Callum Robinson,Midfielder,SHU,3
1059801,Henderson (Dean),Dean Henderson,Goalkeeper,SHU,11
1059801,Mousset,Lys Mousset,Forward,SHU,29
1059801,Noble,Mark Noble,Midfielder,WHU,10
1059801,Snodgrass,Robert Snodgrass,Midfielder,WHU,31
1059801,Zabaleta,Pablo Zabaleta,Defender,WHU,11
1059801,Jiménez,Roberto Jiménez,Goalkeeper,WHU,9
1059801,Cresswell,Aaron Cresswell,Defender,WHU,13
1059801,Yarmolenko,Andriy Yarmolenko,Midfielder,WHU,30
1059801,Lanzini,Manuel Lanzini,Midfielder,WHU,4
1059801,Felipe Anderson,Felipe Anderson Pereira Gomes,Midfielder,WHU,12
1059801,Haller,Sébastien Haller,Forward,WHU,7
1059801,Balbuena,Fabián Balbuena,Defender,WHU,8
1059801,Ajeti,Albian Ajeti,Forward,WHU,2
1059801,Rice,Declan Rice,Midfielder,WHU,24
1059801,Fornals,Pablo Fornals,Midfielder,WHU,8
1059801,Diop,Issa Diop,Defender,WHU,7
1059802,Smith (Adam),Adam Smith,Defender,BOU,40
1059802,Cook (Steve),Steve Cook,Defender,BOU,22
1059802,Wilson (Callum),Callum Wilson,Forward,BOU,-2
1059802,King (Joshua),Joshua King,Forward,BOU,31
1059802,Fraser,Ryan Fraser,Midfielder,BOU,11
1059802,Aké,Nathan Aké,Defender,BOU,31
1059802,Lerma,Jefferson Lerma,Midfielder,BOU,14
1059802,Wilson (Harry),Harry Wilson,Midfielder,BOU,11
1059802,Cook (Lewis),Lewis Cook,Midfielder,BOU,3
1059802,Billing,Philip Billing,Midfielder,BOU,13
1059802,Rico,Diego Rico,Defender,BOU,27
1059802,Ramsdale,Aaron Ramsdale,Goalkeeper,BOU,29
1059802,Young (Ashley),Ashley Young,Defender,MUN,7
1059802,De Gea,David De Gea,Goalkeeper,MUN,14
1059802,Maguire,Harry Maguire,Defender,MUN,11
1059802,Fred,Frederico Rodrigues de Paula Santos,Midfielder,MUN,22
1059802,Lingard,Jesse Lingard,Midfielder,MUN,6
1059802,Martial,Anthony Martial,Midfielder,MUN,5
1059802,Pereira,Andreas Pereira,Midfielder,MUN,7
1059802,Rashford,Marcus Rashford,Midfielder,MUN,10
1059802,Lindelof,Victor Nilsson-Lindelof,Defender,MUN,5
1059802,McTominay,Scott McTominay,Midfielder,MUN,11
1059802,James (Daniel),Daniel James,Midfielder,MUN,19
1059802,Wan-Bissaka,Aaron Wan-Bissaka,Defender,MUN,12
1059802,Greenwood,Mason Greenwood,Forward,MUN,-1
1059802,Williams (Brandon),Brandon Williams,Defender,MUN,4
1059803,Ozil,Mesut Ozil,Midfielder,ARS,15
1059803,Sokratis,Sokratis Papastathopoulos,Defender,ARS,14
1059803,Luiz,David Luiz Moreira Marinho,Defender,ARS,11
1059803,Aubameyang,Pierre-Emerick Aubameyang,Forward,ARS,31
1059803,Lacazette,Alexandre Lacazette,Forward,ARS,24
1059803,Leno,Bernd Leno,Goalkeeper,ARS,19
1059803,Chambers,Calum Chambers,Defender,ARS,8
1059803,Kolasinac,Sead Kolasinac,Defender,ARS,5
1059803,Dani Ceballos,Daniel Ceballos Fernández,Midfielder,ARS,20
1059803,Tierney,Kieran Tierney,Defender,ARS,11
1059803,Torreira,Lucas Torreira,Midfielder,ARS,10
1059803,Saka,Bukayo Saka,Midfielder,ARS,0
1059803,Guendouzi,Matteo Guendouzi,Midfielder,ARS,15
1059803,Martinelli,Gabriel Teodoro Martinelli Silva,Forward,ARS,4
1059803,Moutinho,João Moutinho,Midfielder,WOL,29
1059803,Rui Patrício,Rui Pedro dos Santos Patrício,Goalkeeper,WOL,11
1059803,Doherty,Matt Doherty,Defender,WOL,9
1059803,Coady,Conor Coady,Defender,WOL,11
1059803,Raúl Jiménez,Raul Alonso Jimenez Rodriguez,Forward,WOL,40
1059803,Saiss,Romain Saiss,Defender,WOL,6
1059803,Jonny,Jonathan Castro Otto,Defender,WOL,11
1059803,Dendoncker,Leander Dendoncker,Midfielder,WOL,18
1059803,Traoré,Adama Traoré,Midfielder,WOL,4
1059803,Ruben Neves,Rúben Diogo da Silva Neves,Midfielder,WOL,12
1059803,Diogo Jota,Diogo José Teixeira da Silva,Midfielder,WOL,11
1059803,Rúben Vinagre,Rúben Gonçalo Silva Nascimento Vinagre,Defender,WOL,9
1059803,Neto,Pedro Neto,Midfielder,WOL,2
1059804,Heaton,Tom Heaton,Goalkeeper,AVL,9
1059804,Elmohamady,Ahmed Elmohamady,Defender,AVL,-2
1059804,Kodjia,Jonathan Kodjia,Forward,AVL,3
1059804,Hourihane,Conor Hourihane,Midfielder,AVL,2
1059804,Engels,Björn Engels,Defender,AVL,3
1059804,McGinn,John McGinn,Midfielder,AVL,25
1059804,Trezeguet,Mahmoud Hassan,Midfielder,AVL,19
1059804,Mings,Tyrone Mings,Defender,AVL,7
1059804,Targett,Matt Targett,Defender,AVL,4
1059804,Nakamba,Marvelous Nakamba,Midfielder,AVL,15
1059804,El Ghazi,Anwar El Ghazi,Midfielder,AVL,17
1059804,Guilbert,Frederic Guilbert,Defender,AVL,21
1059804,Wesley,Wesley Moraes Ferreira da Silva,Forward,AVL,2
1059804,Douglas Luiz,Douglas Luiz Soares de Paulo,Midfielder,AVL,8
1059804,Lovren,Dejan Lovren,Defender,LIV,12
1059804,Lallana,Adam Lallana,Midfielder,LIV,18
1059804,Wijnaldum,Georginio Wijnaldum,Midfielder,LIV,17
1059804,Henderson (Jordan),Jordan Henderson,Midfielder,LIV,22
1059804,Oxlade-Chamberlain,Alex Oxlade-Chamberlain,Midfielder,LIV,5
1059804,Firmino,Roberto Firmino Barbosa de Oliveira,Forward,LIV,8
1059804,van Dijk,Virgil van Dijk,Defender,LIV,7
1059804,Mane,Sadio Mane,Midfielder,LIV,35
1059804,Alisson,Alisson Ramses Becker,Goalkeeper,LIV,6
1059804,Salah,Mohamed Salah,Midfielder,LIV,6
1059804,Robertson,Andrew Robertson,Defender,LIV,23
1059804,Origi,Divock Origi,Forward,LIV,6
1059804,Alexander-Arnold,Trent Alexander-Arnold,Defender,LIV,26
1059804,Keita,Naby Keita,Midfielder,LIV,3
1059805,Stephens (Dale),Dale Stephens,Midfielder,BHA,13
1059805,Groß,Pascal Groß,Midfielder,BHA,7
1059805,Duffy (Shane),Shane Duffy,Defender,BHA,22
1059805,Pröpper,Davy Pröpper,Midfielder,BHA,26
1059805,Schelotto,Ezequiel Schelotto,Defender,BHA,1
1059805,Burn,Dan Burn,Defender,BHA,21
1059805,Dunk,Lewis Dunk,Defender,BHA,34
1059805,Montoya,Martín Montoya,Defender,BHA,50
1059805,Webster,Adam Webster,Defender,BHA,12
1059805,Maupay,Neal Maupay,Forward,BHA,1
1059805,Trossard,Leandro Trossard,Midfielder,BHA,46
1059805,Mat Ryan,Mathew Ryan,Goalkeeper,BHA,26
1059805,Connolly,Aaron Connolly,Forward,BHA,4
1059805,Alzate,Steven Alzate,Midfielder,BHA,17
1059805,Tettey,Alexander Tettey,Midfielder,NOR,14
1059805,Krul,Tim Krul,Goalkeeper,NOR,6
1059805,Pukki,Teemu Pukki,Forward,NOR,6
1059805,Stiepermann,Marco Stiepermann,Midfielder,NOR,7
1059805,Kenny McLean,Kenneth McLean,Midfielder,NOR,11
1059805,Drmic,Josip Drmic,Forward,NOR,3
1059805,Hernández (Onel),Onel Hernández,Midfielder,NOR,5
1059805,Trybull,Tom Trybull,Midfielder,NOR,11
1059805,Srbeny,Dennis Srbeny,Forward,NOR,5
1059805,Cantwell,Todd Cantwell,Midfielder,NOR,2
1059805,Lewis (Jamal),Jamal Lewis,Defender,NOR,7
1059805,Buendía,Emiliano Buendía,Midfielder,NOR,18
1059805,Godfrey,Ben Godfrey,Defender,NOR,17
1059805,Aarons (Maximillian),Maximillian Aarons,Defender,NOR,1
1059806,Cahill,Gary Cahill,Defender,CRY,5
1059806,Guaita,Vicente Guaita,Goalkeeper,CRY,6
1059806,Tomkins,James Tomkins,Defender,CRY,-1
1059806,McArthur,James McArthur,Midfielder,CRY,8
1059806,McCarthy (James),James McCarthy,Midfielder,CRY,3
1059806,Benteke,Christian Benteke,Forward,CRY,6
1059806,Kouyaté,Cheikhou Kouyaté,Midfielder,CRY,6
1059806,Ward (Joel),Joel Ward,Defender,CRY,11
1059806,Milivojevic,Luka Milivojevic,Midfielder,CRY,13
1059806,Van Aanholt,Patrick Van Aanholt,Defender,CRY,6
1059806,Ayew,Jordan Ayew,Forward,CRY,3
1059806,Zaha,Wilfried Zaha,Midfielder,CRY,14
1059806,Schlupp,Jeffrey Schlupp,Midfielder,CRY,6
1059806,Meyer,Max Meyer,Midfielder,CRY,0
1059806,Morgan,Wes Morgan,Defender,LEI,2
1059806,Schmeichel,Kasper Schmeichel,Goalkeeper,LEI,27
1059806,Evans (Jonny),Jonny Evans,Defender,LEI,22
1059806,Vardy,Jamie Vardy,Forward,LEI,29
1059806,Praet,Dennis Praet,Midfielder,LEI,7
1059806,Ricardo Pereira,Ricardo Domingos Barbosa Pereira,Defender,LEI,22
1059806,Tielemans,Youri Tielemans,Midfielder,LEI,12
1059806,Ayoze Pérez,Ayoze Pérez Gutiérrez,Midfielder,LEI,5
1059806,Gray (Demarai),Demarai Gray,Midfielder,LEI,14
1059806,Maddison,James Maddison,Midfielder,LEI,43
1059806,Chilwell,Benjamin Chilwell,Defender,LEI,20
1059806,Barnes (Harvey),Harvey Barnes,Midfielder,LEI,4
1059806,Ndidi,Onyinye Wilfred Ndidi,Midfielder,LEI,19
1059806,Söyüncü,Caglar Söyüncü,Defender,LEI,42
1059807,Walcott,Theo Walcott,Midfielder,EVE,5
1059807,Delph,Fabian Delph,Midfielder,EVE,15
1059807,Sigurdsson,Gylfi Sigurdsson,Midfielder,EVE,4
1059807,Tosun,Cenk Tosun,Forward,EVE,29
1059807,Digne,Lucas Digne,Defender,EVE,25
1059807,Sidibe,Djibril Sidibe,Defender,EVE,7
1059807,Pickford,Jordan Pickford,Goalkeeper,EVE,8
1059807,André Gomes,André Filipe Tavares Gomes,Midfielder,EVE,9
1059807,Iwobi,Alex Iwobi,Midfielder,EVE,9
1059807,Mina,Yerry Mina,Defender,EVE,7
1059807,Davies (Tom),Tom Davies,Midfielder,EVE,10
1059807,Calvert-Lewin,Dominic Calvert-Lewin,Forward,EVE,-3
1059807,Holgate,Mason Holgate,Defender,EVE,8
1059807,Richarlison,Richarlison de Andrade,Midfielder,EVE,5
1059807,Sissoko,Moussa Sissoko,Midfielder,TOT,15
1059807,Alderweireld,Toby Alderweireld,Defender,TOT,10
1059807,Aurier,Serge Aurier,Defender,TOT,35
1059807,Eriksen,Christian Eriksen,Midfielder,TOT,6
1059807,Son,Heung-Min Son,Midfielder,TOT,7
1059807,Lucas Moura,Lucas Rodrigues Moura da Silva,Midfielder,TOT,7
1059807,Gazzaniga,Paulo Gazzaniga,Goalkeeper,TOT,8
1059807,Alli,Bamidele Alli,Midfielder,TOT,31
1059807,Davies (Ben),Ben Davies,Defender,TOT,2
1059807,Sánchez (Davinson),Davinson Sánchez,Defender,TOT,12
1059807,Sessegnon (Ryan),Kouassi Ryan Sessegnon,Midfielder,TOT,3
1059807,Lo Celso,Giovani Lo Celso,Midfielder,TOT,3
1059807,NDombele,Tanguy NDombele,Midfielder,TOT,10
1059807,Foyth,Juan Foyth,Defender,TOT,1
1059808,Silva,David Silva,Midfielder,MCI,15
1059808,Fernandinho,Fernando Luiz Rosa,Midfielder,MCI,13
1059808,Aguero,Sergio Aguero,Forward,MCI,23
1059808,Otamendi,Nicolás Otamendi,Defender,MCI,3
1059808,Walker,Kyle Walker,Defender,MCI,41
1059808,Gundogan,Ilkay Gundogan,Midfielder,MCI,19
1059808,De Bruyne,Kevin De Bruyne,Midfielder,MCI,21
1059808,Stones,John Stones,Defender,MCI,11
1059808,Sterling (Raheem),Raheem Sterling,Midfielder,MCI,2
1059808,Ederson,Ederson Santana de Moraes,Goalkeeper,MCI,2
1059808,Angelino,Jose Angel Esmoris Tasende,Defender,MCI,23
1059808,Bernardo Silva,Bernardo Mota Veiga de Carvalho e Silva,Midfielder,MCI,25
1059808,Jesus,Gabriel Fernando de Jesus,Forward,MCI,4
1059808,Foden,Phil Foden,Midfielder,MCI,2
1059808,McCarthy (Alex),Alex McCarthy,Goalkeeper,SOU,4
1059808,Romeu,Oriol Romeu,Midfielder,SOU,10
1059808,Redmond,Nathan Redmond,Midfielder,SOU,12
1059808,Ings,Danny Ings,Forward,SOU,9
1059808,Stephens (Jack),Jack Stephens,Defender,SOU,6
1059808,Armstrong (Stuart),Stuart Armstrong,Midfielder,SOU,20
1059808,Vestergaard,Jannik Vestergaard,Defender,SOU,14
1059808,Ward-Prowse,James Ward-Prowse,Midfielder,SOU,36
1059808,Højbjerg,Pierre-Emile Højbjerg,Midfielder,SOU,15
1059808,Danso,Kevin Danso,Defender,SOU,5
1059808,Bednarek,Jan Bednarek,Defender,SOU,9
1059808,Adams,Che Adams,Forward,SOU,3
1059808,Valery,Yann Valery,Defender,SOU,4
1059808,Djenepo,Moussa Djenepo,Midfielder,SOU,6
1059809,Tarkowski,James Tarkowski,Defender,BUR,0
1059809,Pieters,Erik Pieters,Defender,BUR,-8
1059809,Cork,Jack Cork,Midfielder,BUR,9
1059809,Rodriguez,Jay Rodriguez,Forward,BUR,-1
1059809,Barnes (Ashley),Ashley Barnes,Forward,BUR,-6
1059809,Mee,Ben Mee,Defender,BUR,2
1059809,Westwood,Ashley Roy Westwood,Midfielder,BUR,17
1059809,Lowton,Matthew Lowton,Defender,BUR,-2
1059809,Vydra,Matej Vydra,Forward,BUR,4
1059809,Hendrick,Jeff Hendrick,Midfielder,BUR,6
1059809,Brady,Robert Brady,Midfielder,BUR,5
1059809,Pope,Nick Pope,Goalkeeper,BUR,4
1059809,Taylor (Charlie),Charlie Taylor,Defender,BUR,7
1059809,McNeil,Dwight McNeil,Midfielder,BUR,-3
1059809,Jagielka,Phil Jagielka,Defender,SHU,3
1059809,Sharp,Billy Sharp,Forward,SHU,4
1059809,McGoldrick,David McGoldrick,Forward,SHU,16
1059809,Basham,Chris Basham,Defender,SHU,20
1059809,Fleck,John Fleck,Midfielder,SHU,34
1059809,Stevens,Enda Stevens,Defender,SHU,27
1059809,Norwood,Oliver Norwood,Midfielder,SHU,13
1059809,Baldock,George Baldock,Defender,SHU,29
1059809,Egan,John Egan,Defender,SHU,26
1059809,O'Connell,Jack O'Connell,Defender,SHU,24
1059809,Lundstram,John Lundstram,Defender,SHU,55
1059809,McBurnie,Oliver McBurnie,Forward,SHU,3
1059809,Henderson (Dean),Dean Henderson,Goalkeeper,SHU,25
1059809,Mousset,Lys Mousset,Forward,SHU,41
1059810,Azpilicueta,César Azpilicueta,Defender,CHE,8
1059810,Willian,Willian Borges Da Silva,Midfielder,CHE,17
1059810,Jorginho,Jorge Luiz Frello Filho,Midfielder,CHE,23
1059810,Kovacic,Mateo Kovacic,Midfielder,CHE,24
1059810,Batshuayi,Michy Batshuayi,Forward,CHE,4
1059810,Zouma,Kurt Zouma,Defender,CHE,15
1059810,Emerson,Emerson Palmieri dos Santos,Defender,CHE,16
1059810,Kepa,Kepa Arrizabalaga Revuelta,Goalkeeper,CHE,11
1059810,Abraham,Tammy Abraham,Forward,CHE,44
1059810,Pulisic,Christian Pulisic,Midfielder,CHE,43
1059810,Mount,Mason Mount,Midfielder,CHE,13
1059810,Tomori,Fikayo Tomori,Defender,CHE,15
1059810,Hudson-Odoi,Callum Hudson-Odoi,Midfielder,CHE,3
1059810,James (Reece),Reece James,Defender,CHE,3
1059810,Foster,Ben Foster,Goalkeeper,WAT,17
1059810,Mariappa,Adrian Mariappa,Defender,WAT,1
1059810,Cathcart,Craig Cathcart,Defender,WAT,-1
1059810,Janmaat,Daryl Janmaat,Defender,WAT,2
1059810,Femenía,Francisco Femenía Far,Defender,WAT,8
1059810,Dawson,Craig Dawson,Defender,WAT,3
1059810,Pereyra,Roberto Pereyra,Midfielder,WAT,13
1059810,Gray (Andre),Andre Gray,Forward,WAT,6
1059810,Kabasele,Christian Kabasele,Defender,WAT,2
1059810,Chalobah (Nathaniel),Nathaniel Chalobah,Midfielder,WAT,14
1059810,Deulofeu,Gerard Deulofeu,Forward,WAT,35
1059810,Hughes,Will Hughes,Midfielder,WAT,3
1059810,Doucouré,Abdoulaye Doucouré,Midfielder,WAT,23
1059810,Masina,Adam Masina,Defender,WAT,-1
1059811,Carroll,Andy Carroll,Forward,NEW,3
1059811,Shelvey,Jonjo Shelvey,Midfielder,NEW,32
1059811,Fernández,Federico Fernández,Defender,NEW,23
1059811,Clark (Ciaran),Ciaran Clark,Defender,NEW,19
1059811,Dubravka,Martin Dubravka,Goalkeeper,NEW,10
1059811,Willems,Jetro Willems,Defender,NEW,33
1059811,Lascelles,Jamaal Lascelles,Defender,NEW,5
1059811,Atsu,Christian Atsu,Midfielder,NEW,8
1059811,Dummett,Paul Dummett,Defender,NEW,-1
1059811,Yedlin,DeAndre Yedlin,Defender,NEW,-4
1059811,Hayden (Isaac),Isaac Hayden,Midfielder,NEW,28
1059811,Saint-Maximin,Allan Saint-Maximin,Midfielder,NEW,15
1059811,Almirón,Miguel Almirón,Midfielder,NEW,10
1059811,Joelinton,Joelinton Cássio Apolinário de Lira,Forward,NEW,17
1059811,Noble,Mark Noble,Midfielder,WHU,2
1059811,Snodgrass,Robert Snodgrass,Midfielder,WHU,34
1059811,Zabaleta,Pablo Zabaleta,Defender,WHU,1
1059811,Jiménez,Roberto Jiménez,Goalkeeper,WHU,6
1059811,Cresswell,Aaron Cresswell,Defender,WHU,0
1059811,Yarmolenko,Andriy Yarmolenko,Midfielder,WHU,5
1059811,Fredericks,Ryan Fredericks,Defender,WHU,2
1059811,Lanzini,Manuel Lanzini,Midfielder,WHU,20
1059811,Felipe Anderson,Felipe Anderson Pereira Gomes,Midfielder,WHU,24
1059811,Haller,Sébastien Haller,Forward,WHU,26
1059811,Balbuena,Fabián Balbuena,Defender,WHU,12
1059811,Ajeti,Albian Ajeti,Forward,WHU,1
1059811,Rice,Declan Rice,Midfielder,WHU,11
1059811,Diop,Issa Diop,Defender,WHU,-2
1059812,Tarkowski,James Tarkowski,Defender,BUR,34
1059812,Bardsley,Phillip Bardsley,Defender,BUR,27
1059812,Cork,Jack Cork,Midfielder,BUR,19
1059812,Rodriguez,Jay Rodriguez,Forward,BUR,0
1059812,Barnes (Ashley),Ashley Barnes,Forward,BUR,34
1059812,Mee,Ben Mee,Defender,BUR,29
1059812,Westwood,Ashley Roy Westwood,Midfielder,BUR,19
1059812,Wood,Chris Wood,Forward,BUR,23
1059812,Hendrick,Jeff Hendrick,Midfielder,BUR,10
1059812,Brady,Robert Brady,Midfielder,BUR,4
1059812,Pope,Nick Pope,Goalkeeper,BUR,29
1059812,Taylor (Charlie),Charlie Taylor,Defender,BUR,23
1059812,McNeil,Dwight McNeil,Midfielder,BUR,31
1059812,Noble,Mark Noble,Midfielder,WHU,1
1059812,Snodgrass,Robert Snodgrass,Midfielder,WHU,17
1059812,Jiménez,Roberto Jiménez,Goalkeeper,WHU,12
1059812,Cresswell,Aaron Cresswell,Defender,WHU,2
1059812,Yarmolenko,Andriy Yarmolenko,Midfielder,WHU,4
1059812,Fredericks,Ryan Fredericks,Defender,WHU,0
1059812,Lanzini,Manuel Lanzini,Midfielder,WHU,11
1059812,Felipe Anderson,Felipe Anderson Pereira Gomes,Midfielder,WHU,8
1059812,Haller,Sébastien Haller,Forward,WHU,7
1059812,Balbuena,Fabián Balbuena,Defender,WHU,-2
1059812,Ajeti,Albian Ajeti,Forward,WHU,2
1059812,Rice,Declan Rice,Midfielder,WHU,14
1059812,Fornals,Pablo Fornals,Midfielder,WHU,7
1059812,Diop,Issa Diop,Defender,WHU,7
1059813,Willian,Willian Borges Da Silva,Midfielder,CHE,32
1059813,Kovacic,Mateo Kovacic,Midfielder,CHE,21
1059813,Batshuayi,Michy Batshuayi,Forward,CHE,9
1059813,Zouma,Kurt Zouma,Defender,CHE,28
1059813,Emerson,Emerson Palmieri dos Santos,Defender,CHE,18
1059813,Kepa,Kepa Arrizabalaga Revuelta,Goalkeeper,CHE,21
1059813,Kanté,N'Golo Kanté,Midfielder,CHE,14
1059813,Abraham,Tammy Abraham,Forward,CHE,29
1059813,Pulisic,Christian Pulisic,Midfielder,CHE,31
1059813,Mount,Mason Mount,Midfielder,CHE,12
1059813,Tomori,Fikayo Tomori,Defender,CHE,30
1059813,Hudson-Odoi,Callum Hudson-Odoi,Midfielder,CHE,2
1059813,James (Reece),Reece James,Defender,CHE,25
1059813,Gilmour,Billy Gilmour,Midfielder,CHE,4
1059813,Cahill,Gary Cahill,Defender,CRY,5
1059813,Guaita,Vicente Guaita,Goalkeeper,CRY,8
1059813,Tomkins,James Tomkins,Defender,CRY,5
1059813,McArthur,James McArthur,Midfielder,CRY,14
1059813,McCarthy (James),James McCarthy,Midfielder,CRY,0
1059813,Kouyaté,Cheikhou Kouyaté,Midfielder,CRY,13
1059813,Ward (Joel),Joel Ward,Defender,CRY,3
1059813,Kelly (Martin),Martin Kelly,Defender,CRY,-5
1059813,Townsend,Andros Townsend,Midfielder,CRY,8
1059813,Milivojevic,Luka Milivojevic,Midfielder,CRY,16
1059813,Van Aanholt,Patrick Van Aanholt,Defender,CRY,3
1059813,Ayew,Jordan Ayew,Forward,CRY,7
1059813,Zaha,Wilfried Zaha,Midfielder,CRY,8
1059813,Schlupp,Jeffrey Schlupp,Midfielder,CRY,2
1059814,Ozil,Mesut Ozil,Midfielder,ARS,11
1059814,Luiz,David Luiz Moreira Marinho,Defender,ARS,6
1059814,Aubameyang,Pierre-Emerick Aubameyang,Forward,ARS,10
1059814,Lacazette,Alexandre Lacazette,Forward,ARS,7
1059814,Leno,Bernd Leno,Goalkeeper,ARS,14
1059814,Bellerín,Héctor Bellerín,Defender,ARS,2
1059814,Chambers,Calum Chambers,Defender,ARS,6
1059814,Kolasinac,Sead Kolasinac,Defender,ARS,5
1059814,Holding,Rob Holding,Defender,ARS,6
1059814,Pepe,Nicolas Pepe,Midfielder,ARS,6
1059814,Torreira,Lucas Torreira,Midfielder,ARS,10
1059814,Willock,Joseph Willock,Midfielder,ARS,10
1059814,Guendouzi,Matteo Guendouzi,Midfielder,ARS,17
1059814,Schmeichel,Kasper Schmeichel,Goalkeeper,LEI,23
1059814,Evans (Jonny),Jonny Evans,Defender,LEI,28
1059814,Vardy,Jamie Vardy,Forward,LEI,43
1059814,Praet,Dennis Praet,Midfielder,LEI,4
1059814,Ricardo Pereira,Ricardo Domingos Barbosa Pereira,Defender,LEI,26
1059814,Tielemans,Youri Tielemans,Midfielder,LEI,21
1059814,Ayoze Pérez,Ayoze Pérez Gutiérrez,Midfielder,LEI,3
1059814,Gray (Demarai),Demarai Gray,Midfielder,LEI,11
1059814,Maddison,James Maddison,Midfielder,LEI,37
1059814,Chilwell,Benjamin Chilwell,Defender,LEI,24
1059814,Barnes (Harvey),Harvey Barnes,Midfielder,LEI,8
1059814,Ndidi,Onyinye Wilfred Ndidi,Midfielder,LEI,7
1059814,Söyüncü,Caglar Söyüncü,Defender,LEI,28
1059815,Milner,James Milner,Midfielder,LIV,3
1059815,Lovren,Dejan Lovren,Defender,LIV,9
1059815,Wijnaldum,Georginio Wijnaldum,Midfielder,LIV,17
1059815,Henderson (Jordan),Jordan Henderson,Midfielder,LIV,21
1059815,Oxlade-Chamberlain,Alex Oxlade-Chamberlain,Midfielder,LIV,3
1059815,Firmino,Roberto Firmino Barbosa de Oliveira,Forward,LIV,9
1059815,van Dijk,Virgil van Dijk,Defender,LIV,12
1059815,Mane,Sadio Mane,Midfielder,LIV,23
1059815,Alisson,Alisson Ramses Becker,Goalkeeper,LIV,14
1059815,Fabinho,Fabio Henrique Tavares,Midfielder,LIV,32
1059815,Salah,Mohamed Salah,Midfielder,LIV,30
1059815,Robertson,Andrew Robertson,Defender,LIV,20
1059815,Alexander-Arnold,Trent Alexander-Arnold,Defender,LIV,8
1059815,Gomez,Joseph Gomez,Defender,LIV,2
1059815,Fernandinho,Fernando Luiz Rosa,Midfielder,MCI,21
1059815,Bravo,Claudio Bravo,Goalkeeper,MCI,4
1059815,Aguero,Sergio Aguero,Forward,MCI,9
1059815,Walker,Kyle Walker,Defender,MCI,-3
1059815,Gundogan,Ilkay Gundogan,Midfielder,MCI,19
1059815,De Bruyne,Kevin De Bruyne,Midfielder,MCI,18
1059815,Stones,John Stones,Defender,MCI,5
1059815,Sterling (Raheem),Raheem Sterling,Midfielder,MCI,10
1059815,Angelino,Jose Angel Esmoris Tasende,Defender,MCI,10
1059815,Bernardo Silva,Bernardo Mota Veiga de Carvalho e Silva,Midfielder,MCI,37
1059815,Jesus,Gabriel Fernando de Jesus,Forward,MCI,-1
1059815,Rodri,Rodrigo Hernández Cascante,Midfielder,MCI,15
1059816,Murray,Glenn Murray,Forward,BHA,2
1059816,Stephens (Dale),Dale Stephens,Midfielder,BHA,10
1059816,Groß,Pascal Groß,Midfielder,BHA,17
1059816,Duffy (Shane),Shane Duffy,Defender,BHA,2
1059816,Pröpper,Davy Pröpper,Midfielder,BHA,12
1059816,Burn,Dan Burn,Defender,BHA,-6
1059816,Dunk,Lewis Dunk,Defender,BHA,14
1059816,Montoya,Martín Montoya,Defender,BHA,-9
1059816,March,Solomon March,Midfielder,BHA,4
1059816,Maupay,Neal Maupay,Forward,BHA,8
1059816,Trossard,Leandro Trossard,Midfielder,BHA,8
1059816,Mat Ryan,Mathew Ryan,Goalkeeper,BHA,21
1059816,Connolly,Aaron Connolly,Forward,BHA,-3
1059816,Alzate,Steven Alzate,Midfielder,BHA,22
1059816,De Gea,David De Gea,Goalkeeper,MUN,7
1059816,Rojo,Marcos Rojo,Defender,MUN,3
1059816,Maguire,Harry Maguire,Defender,MUN,19
1059816,Fred,Frederico Rodrigues de Paula Santos,Midfielder,MUN,15
1059816,Lingard,Jesse Lingard,Midfielder,MUN,7
1059816,Martial,Anthony Martial,Midfielder,MUN,34
1059816,Pereira,Andreas Pereira,Midfielder,MUN,35
1059816,Rashford,Marcus Rashford,Midfielder,MUN,23
1059816,Lindelof,Victor Nilsson-Lindelof,Defender,MUN,9
1059816,McTominay,Scott McTominay,Midfielder,MUN,40
1059816,James (Daniel),Daniel James,Midfielder,MUN,15
1059816,Wan-Bissaka,Aaron Wan-Bissaka,Defender,MUN,15
1059816,Greenwood,Mason Greenwood,Forward,MUN,3
1059816,Williams (Brandon),Brandon Williams,Defender,MUN,6
1059817,Francis (Simon),Simon Francis,Defender,BOU,5
1059817,Smith (Adam),Adam Smith,Defender,BOU,5
1059817,Cook (Steve),Steve Cook,Defender,BOU,7
1059817,Wilson (Callum),Callum Wilson,Forward,BOU,2
1059817,King (Joshua),Joshua King,Forward,BOU,4
1059817,Fraser,Ryan Fraser,Midfielder,BOU,22
1059817,Aké,Nathan Aké,Defender,BOU,15
1059817,Wilson (Harry),Harry Wilson,Midfielder,BOU,32
1059817,Solanke,Dominic Solanke,Forward,BOU,3
1059817,Cook (Lewis),Lewis Cook,Midfielder,BOU,18
1059817,Billing,Philip Billing,Midfielder,BOU,18
1059817,Rico,Diego Rico,Defender,BOU,0
1059817,Danjuma Groeneveld,Arnaut Danjuma Groeneveld,Midfielder,BOU,3
1059817,Ramsdale,Aaron Ramsdale,Goalkeeper,BOU,16
1059817,Carroll,Andy Carroll,Forward,NEW,6
1059817,Shelvey,Jonjo Shelvey,Midfielder,NEW,14
1059817,Fernández,Federico Fernández,Defender,NEW,15
1059817,Clark (Ciaran),Ciaran Clark,Defender,NEW,26
1059817,Dubravka,Martin Dubravka,Goalkeeper,NEW,12
1059817,Willems,Jetro Willems,Defender,NEW,11
1059817,Lascelles,Jamaal Lascelles,Defender,NEW,0
1059817,Atsu,Christian Atsu,Midfielder,NEW,3
1059817,Dummett,Paul Dummett,Defender,NEW,20
1059817,Yedlin,DeAndre Yedlin,Defender,NEW,19
1059817,Hayden (Isaac),Isaac Hayden,Midfielder,NEW,9
1059817,Saint-Maximin,Allan Saint-Maximin,Midfielder,NEW,15
1059817,Almirón,Miguel Almirón,Midfielder,NEW,6
1059817,Joelinton,Joelinton Cássio Apolinário de Lira,Forward,NEW,5
1059818,Tettey,Alexander Tettey,Midfielder,NOR,13
1059818,Krul,Tim Krul,Goalkeeper,NOR,1
1059818,Vrancic,Mario Vrancic,Midfielder,NOR,3
1059818,Pukki,Teemu Pukki,Forward,NOR,17
1059818,Stiepermann,Marco Stiepermann,Midfielder,NOR,10
1059818,Kenny McLean,Kenneth McLean,Midfielder,NOR,22
1059818,Drmic,Josip Drmic,Forward,NOR,4
1059818,Hernández (Onel),Onel Hernández,Midfielder,NOR,9
1059818,Trybull,Tom Trybull,Midfielder,NOR,13
1059818,Cantwell,Todd Cantwell,Midfielder,NOR,6
1059818,Lewis (Jamal),Jamal Lewis,Defender,NOR,7
1059818,Buendía,Emiliano Buendía,Midfielder,NOR,8
1059818,Godfrey,Ben Godfrey,Defender,NOR,8
1059818,Aarons (Maximillian),Maximillian Aarons,Defender,NOR,6
1059818,Foster,Ben Foster,Goalkeeper,WAT,32
1059818,Mariappa,Adrian Mariappa,Defender,WAT,5
1059818,Capoue,Etienne Capoue,Midfielder,WAT,14
1059818,Holebas,José Holebas,Defender,WAT,26
1059818,Cathcart,Craig Cathcart,Defender,WAT,20
1059818,Janmaat,Daryl Janmaat,Defender,WAT,31
1059818,Dawson,Craig Dawson,Defender,WAT,26
1059818,Pereyra,Roberto Pereyra,Midfielder,WAT,3
1059818,Gray (Andre),Andre Gray,Forward,WAT,25
1059818,Kabasele,Christian Kabasele,Defender,WAT,8
1059818,Deulofeu,Gerard Deulofeu,Forward,WAT,49
1059818,Hughes,Will Hughes,Midfielder,WAT,15
1059818,Doucouré,Abdoulaye Doucouré,Midfielder,WAT,14
1059818,Masina,Adam Masina,Defender,WAT,0
1059819,Walcott,Theo Walcott,Midfielder,EVE,14
1059819,Schneiderlin,Morgan Schneiderlin,Midfielder,EVE,13
1059819,Sigurdsson,Gylfi Sigurdsson,Midfielder,EVE,17
1059819,Tosun,Cenk Tosun,Forward,EVE,6
1059819,Digne,Lucas Digne,Defender,EVE,13
1059819,Sidibe,Djibril Sidibe,Defender,EVE,21
1059819,Keane,Michael Keane,Defender,EVE,2
1059819,Pickford,Jordan Pickford,Goalkeeper,EVE,7
1059819,Iwobi,Alex Iwobi,Midfielder,EVE,10
1059819,Mina,Yerry Mina,Defender,EVE,6
1059819,Davies (Tom),Tom Davies,Midfielder,EVE,33
1059819,Calvert-Lewin,Dominic Calvert-Lewin,Forward,EVE,3
1059819,Holgate,Mason Holgate,Defender,EVE,23
1059819,Richarlison,Richarlison de Andrade,Midfielder,EVE,35
1059819,McCarthy (Alex),Alex McCarthy,Goalkeeper,SOU,7
1059819,Cedric,Cedric Ricardo Alves Soares,Defender,SOU,-1
1059819,Romeu,Oriol Romeu,Midfielder,SOU,9
1059819,Redmond,Nathan Redmond,Midfielder,SOU,6
1059819,Ings,Danny Ings,Forward,SOU,32
1059819,Stephens (Jack),Jack Stephens,Defender,SOU,2
1059819,Armstrong (Stuart),Stuart Armstrong,Midfielder,SOU,6
1059819,Vestergaard,Jannik Vestergaard,Defender,SOU,6
1059819,Ward-Prowse,James Ward-Prowse,Midfielder,SOU,21
1059819,Boufal,Sofiane Boufal,Midfielder,SOU,7
1059819,Bednarek,Jan Bednarek,Defender,SOU,3
1059819,Adams,Che Adams,Forward,SOU,2
1059819,Obafemi,Michael Obafemi,Forward,SOU,3
1059819,Djenepo,Moussa Djenepo,Midfielder,SOU,7
1059820,McGoldrick,David McGoldrick,Forward,SHU,31
1059820,Basham,Chris Basham,Defender,SHU,7
1059820,Fleck,John Fleck,Midfielder,SHU,18
1059820,Freeman (Luke),Luke Freeman,Midfielder,SHU,2
1059820,Stevens,Enda Stevens,Defender,SHU,9
1059820,Norwood,Oliver Norwood,Midfielder,SHU,15
1059820,Baldock,George Baldock,Defender,SHU,21
1059820,Egan,John Egan,Defender,SHU,12
1059820,O'Connell,Jack O'Connell,Defender,SHU,5
1059820,Lundstram,John Lundstram,Defender,SHU,4
1059820,Robinson (Callum),Callum Robinson,Midfielder,SHU,2
1059820,Henderson (Dean),Dean Henderson,Goalkeeper,SHU,12
1059820,Mousset,Lys Mousset,Forward,SHU,6
1059820,Sissoko,Moussa Sissoko,Midfielder,TOT,14
1059820,Kane (Harry),Harry Kane,Forward,TOT,-5
1059820,Aurier,Serge Aurier,Defender,TOT,21
1059820,Son,Heung-Min Son,Midfielder,TOT,29
1059820,Dier,Eric Dier,Midfielder,TOT,8
1059820,Lucas Moura,Lucas Rodrigues Moura da Silva,Midfielder,TOT,8
1059820,Gazzaniga,Paulo Gazzaniga,Goalkeeper,TOT,9
1059820,Alli,Bamidele Alli,Midfielder,TOT,17
1059820,Davies (Ben),Ben Davies,Defender,TOT,4
1059820,Winks,Harry Winks,Midfielder,TOT,13
1059820,Sánchez (Davinson),Davinson Sánchez,Defender,TOT,11
1059820,Lo Celso,Giovani Lo Celso,Midfielder,TOT,18
1059820,NDombele,Tanguy NDombele,Midfielder,TOT,10
1059820,Foyth,Juan Foyth,Defender,TOT,-3
1059821,Lansbury,Henri Lansbury,Midfielder,AVL,5
1059821,Taylor (Neil),Neil Taylor,Defender,AVL,1
1059821,Steer,Jed Steer,Goalkeeper,AVL,3
1059821,Nyland,Örjan Nyland,Goalkeeper,AVL,5
1059821,McGinn,John McGinn,Midfielder,AVL,22
1059821,Trezeguet,Mahmoud Hassan,Midfielder,AVL,32
1059821,Mings,Tyrone Mings,Defender,AVL,8
1059821,Targett,Matt Targett,Defender,AVL,1
1059821,Nakamba,Marvelous Nakamba,Midfielder,AVL,10
1059821,El Ghazi,Anwar El Ghazi,Midfielder,AVL,14
1059821,Konsa Ngoyo,Ezri Konsa Ngoyo,Defender,AVL,8
1059821,Guilbert,Frederic Guilbert,Defender,AVL,3
1059821,Wesley,Wesley Moraes Ferreira da Silva,Forward,AVL,10
1059821,Douglas Luiz,Douglas Luiz Soares de Paulo,Midfielder,AVL,18
1059821,Moutinho,João Moutinho,Midfielder,WOL,21
1059821,Rui Patrício,Rui Pedro dos Santos Patrício,Goalkeeper,WOL,10
1059821,R Bennett,Ryan Bennett,Defender,WOL,-1
1059821,Doherty,Matt Doherty,Defender,WOL,12
1059821,Coady,Conor Coady,Defender,WOL,9
1059821,Raúl Jiménez,Raul Alonso Jimenez Rodriguez,Forward,WOL,36
1059821,Saiss,Romain Saiss,Defender,WOL,4
1059821,Jonny,Jonathan Castro Otto,Defender,WOL,-2
1059821,Dendoncker,Leander Dendoncker,Midfielder,WOL,19
1059821,Traoré,Adama Traoré,Midfielder,WOL,29
1059821,Ruben Neves,Rúben Diogo da Silva Neves,Midfielder,WOL,35
1059821,Diogo Jota,Diogo José Teixeira da Silva,Midfielder,WOL,-6
1059821,Cutrone,Patrick Cutrone,Forward,WOL,3
1059821,Neto,Pedro Neto,Midfielder,WOL,0
1059822,Francis (Simon),Simon Francis,Defender,BOU,-17
1059822,Gosling,Dan Gosling,Midfielder,BOU,3
1059822,Smith (Adam),Adam Smith,Defender,BOU,6
1059822,Cook (Steve),Steve Cook,Defender,BOU,28
1059822,Wilson (Callum),Callum Wilson,Forward,BOU,5
1059822,Fraser,Ryan Fraser,Midfielder,BOU,18
1059822,Aké,Nathan Aké,Defender,BOU,4
1059822,Lerma,Jefferson Lerma,Midfielder,BOU,11
1059822,Wilson (Harry),Harry Wilson,Midfielder,BOU,4
1059822,Cook (Lewis),Lewis Cook,Midfielder,BOU,12
1059822,Billing,Philip Billing,Midfielder,BOU,1
1059822,Rico,Diego Rico,Defender,BOU,3
1059822,Danjuma Groeneveld,Arnaut Danjuma Groeneveld,Midfielder,BOU,7
1059822,Ramsdale,Aaron Ramsdale,Goalkeeper,BOU,13
1059822,Moutinho,João Moutinho,Midfielder,WOL,38
1059822,Rui Patrício,Rui Pedro dos Santos Patrício,Goalkeeper,WOL,10
1059822,Doherty,Matt Doherty,Defender,WOL,7
1059822,Coady,Conor Coady,Defender,WOL,14
1059822,Raúl Jiménez,Raul Alonso Jimenez Rodriguez,Forward,WOL,35
1059822,Saiss,Romain Saiss,Defender,WOL,12
1059822,Jonny,Jonathan Castro Otto,Defender,WOL,7
1059822,Dendoncker,Leander Dendoncker,Midfielder,WOL,14
1059822,Traoré,Adama Traoré,Midfielder,WOL,25
1059822,Ruben Neves,Rúben Diogo da Silva Neves,Midfielder,WOL,14
1059822,Diogo Jota,Diogo José Teixeira da Silva,Midfielder,WOL,25
1059822,Rúben Vinagre,Rúben Gonçalo Silva Nascimento Vinagre,Defender,WOL,3
1059823,Ozil,Mesut Ozil,Midfielder,ARS,20
1059823,Sokratis,Sokratis Papastathopoulos,Defender,ARS,7
1059823,Luiz,David Luiz Moreira Marinho,Defender,ARS,11
1059823,Aubameyang,Pierre-Emerick Aubameyang,Forward,ARS,13
1059823,Lacazette,Alexandre Lacazette,Forward,ARS,59
1059823,Leno,Bernd Leno,Goalkeeper,ARS,16
1059823,Bellerín,Héctor Bellerín,Defender,ARS,3
1059823,Chambers,Calum Chambers,Defender,ARS,2
1059823,Tierney,Kieran Tierney,Defender,ARS,8
1059823,Pepe,Nicolas Pepe,Midfielder,ARS,-2
1059823,Torreira,Lucas Torreira,Midfielder,ARS,12
1059823,Willock,Joseph Willock,Midfielder,ARS,10
1059823,Guendouzi,Matteo Guendouzi,Midfielder,ARS,21
1059823,Martinelli,Gabriel Teodoro Martinelli Silva,Forward,ARS,13
1059823,Long (Shane),Shane Long,Forward,SOU,2
1059823,Bertrand,Ryan Bertrand,Defender,SOU,17
1059823,McCarthy (Alex),Alex McCarthy,Goalkeeper,SOU,7
1059823,Cedric,Cedric Ricardo Alves Soares,Defender,SOU,2
1059823,Redmond,Nathan Redmond,Midfielder,SOU,14
1059823,Ings,Danny Ings,Forward,SOU,27
1059823,Stephens (Jack),Jack Stephens,Defender,SOU,1
1059823,Armstrong (Stuart),Stuart Armstrong,Midfielder,SOU,1
1059823,Ward-Prowse,James Ward-Prowse,Midfielder,SOU,27
1059823,Boufal,Sofiane Boufal,Midfielder,SOU,4
1059823,Højbjerg,Pierre-Emile Højbjerg,Midfielder,SOU,14
1059823,Bednarek,Jan Bednarek,Defender,SOU,2
1059823,Obafemi,Michael Obafemi,Forward,SOU,9
1059823,Djenepo,Moussa Djenepo,Midfielder,SOU,-1
1059824,Heaton,Tom Heaton,Goalkeeper,AVL,32
1059824,Lansbury,Henri Lansbury,Midfielder,AVL,3
1059824,Hourihane,Conor Hourihane,Midfielder,AVL,54
1059824,Grealish,Jack Grealish,Midfielder,AVL,34
1059824,McGinn,John McGinn,Midfielder,AVL,9
1059824,Mings,Tyrone Mings,Defender,AVL,32
1059824,Targett,Matt Targett,Defender,AVL,35
1059824,El Ghazi,Anwar El Ghazi,Midfielder,AVL,26
1059824,Konsa Ngoyo,Ezri Konsa Ngoyo,Defender,AVL,27
1059824,Guilbert,Frederic Guilbert,Defender,AVL,34
1059824,Wesley,Wesley Moraes Ferreira da Silva,Forward,AVL,2
1059824,Douglas Luiz,Douglas Luiz Soares de Paulo,Midfielder,AVL,13
1059824,Carroll,Andy Carroll,Forward,NEW,7
1059824,Shelvey,Jonjo Shelvey,Midfielder,NEW,19
1059824,Fernández,Federico Fernández,Defender,NEW,2
1059824,Clark (Ciaran),Ciaran Clark,Defender,NEW,0
1059824,Dubravka,Martin Dubravka,Goalkeeper,NEW,15
1059824,Willems,Jetro Willems,Defender,NEW,3
1059824,Gayle,Dwight Gayle,Forward,NEW,5
1059824,Atsu,Christian Atsu,Midfielder,NEW,2
1059824,Dummett,Paul Dummett,Defender,NEW,0
1059824,Yedlin,DeAndre Yedlin,Defender,NEW,1
1059824,Hayden (Isaac),Isaac Hayden,Midfielder,NEW,9
1059824,Saint-Maximin,Allan Saint-Maximin,Midfielder,NEW,10
1059824,Almirón,Miguel Almirón,Midfielder,NEW,6
1059824,Joelinton,Joelinton Cássio Apolinário de Lira,Forward,NEW,13
1059825,Murray,Glenn Murray,Forward,BHA,3
1059825,Stephens (Dale),Dale Stephens,Midfielder,BHA,8
1059825,Duffy (Shane),Shane Duffy,Defender,BHA,-4
1059825,Pröpper,Davy Pröpper,Midfielder,BHA,12
1059825,Schelotto,Ezequiel Schelotto,Defender,BHA,-1
1059825,Mooy,Aaron Mooy,Midfielder,BHA,17
1059825,Burn,Dan Burn,Defender,BHA,11
1059825,Montoya,Martín Montoya,Defender,BHA,6
1059825,March,Solomon March,Midfielder,BHA,9
1059825,Webster,Adam Webster,Defender,BHA,-2
1059825,Maupay,Neal Maupay,Forward,BHA,3
1059825,Trossard,Leandro Trossard,Midfielder,BHA,7
1059825,Mat Ryan,Mathew Ryan,Goalkeeper,BHA,15
1059825,Bissouma,Yves Bissouma,Midfielder,BHA,2
1059825,Morgan,Wes Morgan,Defender,LEI,4
1059825,Schmeichel,Kasper Schmeichel,Goalkeeper,LEI,19
1059825,Evans (Jonny),Jonny Evans,Defender,LEI,23
1059825,Vardy,Jamie Vardy,Forward,LEI,40
1059825,Praet,Dennis Praet,Midfielder,LEI,3
1059825,Ricardo Pereira,Ricardo Domingos Barbosa Pereira,Defender,LEI,34
1059825,Tielemans,Youri Tielemans,Midfielder,LEI,15
1059825,Ayoze Pérez,Ayoze Pérez Gutiérrez,Midfielder,LEI,28
1059825,Gray (Demarai),Demarai Gray,Midfielder,LEI,11
1059825,Maddison,James Maddison,Midfielder,LEI,26
1059825,Chilwell,Benjamin Chilwell,Defender,LEI,41
1059825,Barnes (Harvey),Harvey Barnes,Midfielder,LEI,14
1059825,Ndidi,Onyinye Wilfred Ndidi,Midfielder,LEI,11
1059825,Söyüncü,Caglar Söyüncü,Defender,LEI,30
1059826,Cahill,Gary Cahill,Defender,CRY,8
1059826,Guaita,Vicente Guaita,Goalkeeper,CRY,5
1059826,Tomkins,James Tomkins,Defender,CRY,12
1059826,McArthur,James McArthur,Midfielder,CRY,10
1059826,Benteke,Christian Benteke,Forward,CRY,1
1059826,Kouyaté,Cheikhou Kouyaté,Midfielder,CRY,18
1059826,Ward (Joel),Joel Ward,Defender,CRY,8
1059826,Kelly (Martin),Martin Kelly,Defender,CRY,0
1059826,Townsend,Andros Townsend,Midfielder,CRY,22
1059826,Milivojevic,Luka Milivojevic,Midfielder,CRY,22
1059826,Van Aanholt,Patrick Van Aanholt,Defender,CRY,4
1059826,Ayew,Jordan Ayew,Forward,CRY,-5
1059826,Zaha,Wilfried Zaha,Midfielder,CRY,22
1059826,Schlupp,Jeffrey Schlupp,Midfielder,CRY,5
1059826,Milner,James Milner,Midfielder,LIV,3
1059826,Lovren,Dejan Lovren,Defender,LIV,10
1059826,Wijnaldum,Georginio Wijnaldum,Midfielder,LIV,11
1059826,Henderson (Jordan),Jordan Henderson,Midfielder,LIV,16
1059826,Oxlade-Chamberlain,Alex Oxlade-Chamberlain,Midfielder,LIV,2
1059826,Firmino,Roberto Firmino Barbosa de Oliveira,Forward,LIV,34
1059826,van Dijk,Virgil van Dijk,Defender,LIV,12
1059826,Mane,Sadio Mane,Midfielder,LIV,29
1059826,Alisson,Alisson Ramses Becker,Goalkeeper,LIV,16
1059826,Fabinho,Fabio Henrique Tavares,Midfielder,LIV,13
1059826,Robertson,Andrew Robertson,Defender,LIV,24
1059826,Origi,Divock Origi,Forward,LIV,1
1059826,Alexander-Arnold,Trent Alexander-Arnold,Defender,LIV,9
1059826,Gomez,Joseph Gomez,Defender,LIV,3
1059827,Walcott,Theo Walcott,Midfielder,EVE,3
1059827,Schneiderlin,Morgan Schneiderlin,Midfielder,EVE,2
1059827,Sigurdsson,Gylfi Sigurdsson,Midfielder,EVE,10
1059827,Coleman,Seamus Coleman,Defender,EVE,0
1059827,Tosun,Cenk Tosun,Forward,EVE,9
1059827,Digne,Lucas Digne,Defender,EVE,10
1059827,Sidibe,Djibril Sidibe,Defender,EVE,7
1059827,Pickford,Jordan Pickford,Goalkeeper,EVE,8
1059827,Iwobi,Alex Iwobi,Midfielder,EVE,6
1059827,Mina,Yerry Mina,Defender,EVE,2
1059827,Davies (Tom),Tom Davies,Midfielder,EVE,14
1059827,Calvert-Lewin,Dominic Calvert-Lewin,Forward,EVE,6
1059827,Holgate,Mason Holgate,Defender,EVE,5
1059827,Richarlison,Richarlison de Andrade,Midfielder,EVE,7
1059827,Tettey,Alexander Tettey,Midfielder,NOR,10
1059827,Krul,Tim Krul,Goalkeeper,NOR,37
1059827,Pukki,Teemu Pukki,Forward,NOR,18
1059827,Kenny McLean,Kenneth McLean,Midfielder,NOR,20
1059827,Hernández (Onel),Onel Hernández,Midfielder,NOR,18
1059827,Trybull,Tom Trybull,Midfielder,NOR,8
1059827,Byram,Sam Byram,Defender,NOR,13
1059827,Amadou,Ibrahim Amadou,Midfielder,NOR,3
1059827,Srbeny,Dennis Srbeny,Forward,NOR,29
1059827,Zimmermann,Christoph Zimmermann,Defender,NOR,20
1059827,Cantwell,Todd Cantwell,Midfielder,NOR,35
1059827,Buendía,Emiliano Buendía,Midfielder,NOR,2
1059827,Godfrey,Ben Godfrey,Defender,NOR,23
1059827,Aarons (Maximillian),Maximillian Aarons,Defender,NOR,21
1059828,Azpilicueta,César Azpilicueta,Defender,CHE,13
1059828,Willian,Willian Borges Da Silva,Midfielder,CHE,12
1059828,Jorginho,Jorge Luiz Frello Filho,Midfielder,CHE,7
1059828,Kovacic,Mateo Kovacic,Midfielder,CHE,36
1059828,Batshuayi,Michy Batshuayi,Forward,CHE,-2
1059828,Zouma,Kurt Zouma,Defender,CHE,8
1059828,Emerson,Emerson Palmieri dos Santos,Defender,CHE,3
1059828,Kepa,Kepa Arrizabalaga Revuelta,Goalkeeper,CHE,7
1059828,Kanté,N'Golo Kanté,Midfielder,CHE,35
1059828,Abraham,Tammy Abraham,Forward,CHE,6
1059828,Pulisic,Christian Pulisic,Midfielder,CHE,9
1059828,Mount,Mason Mount,Midfielder,CHE,5
1059828,Tomori,Fikayo Tomori,Defender,CHE,8
1059828,James (Reece),Reece James,Defender,CHE,6
1059828,Silva,David Silva,Midfielder,MCI,9
1059828,Fernandinho,Fernando Luiz Rosa,Midfielder,MCI,26
1059828,Aguero,Sergio Aguero,Forward,MCI,1
1059828,Gundogan,Ilkay Gundogan,Midfielder,MCI,1
1059828,De Bruyne,Kevin De Bruyne,Midfielder,MCI,32
1059828,Stones,John Stones,Defender,MCI,9
1059828,Mendy (Benjamin),Benjamin Mendy,Defender,MCI,8
1059828,Mahrez,Riyad Mahrez,Midfielder,MCI,39
1059828,Sterling (Raheem),Raheem Sterling,Midfielder,MCI,12
1059828,João Cancelo,João Pedro Cavaco Cancelo,Defender,MCI,8
1059828,Ederson,Ederson Santana de Moraes,Goalkeeper,MCI,10
1059828,Jesus,Gabriel Fernando de Jesus,Forward,MCI,1
1059828,Foden,Phil Foden,Midfielder,MCI,7
1059828,Rodri,Rodrigo Hernández Cascante,Midfielder,MCI,24
1059829,De Gea,David De Gea,Goalkeeper,MUN,8
1059829,Jones (Phil),Phil Jones,Defender,MUN,1
1059829,Maguire,Harry Maguire,Defender,MUN,1
1059829,Fred,Frederico Rodrigues de Paula Santos,Midfielder,MUN,20
1059829,Lingard,Jesse Lingard,Midfielder,MUN,7
1059829,Martial,Anthony Martial,Midfielder,MUN,5
1059829,Pereira,Andreas Pereira,Midfielder,MUN,10
1059829,Rashford,Marcus Rashford,Midfielder,MUN,38
1059829,Tuanzebe,Axel Tuanzebe,Defender,MUN,-2
1059829,Lindelof,Victor Nilsson-Lindelof,Defender,MUN,4
1059829,James (Daniel),Daniel James,Midfielder,MUN,28
1059829,Wan-Bissaka,Aaron Wan-Bissaka,Defender,MUN,0
1059829,Greenwood,Mason Greenwood,Forward,MUN,29
1059829,Williams (Brandon),Brandon Williams,Defender,MUN,12
1059829,Jagielka,Phil Jagielka,Defender,SHU,6
1059829,Sharp,Billy Sharp,Forward,SHU,3
1059829,McGoldrick,David McGoldrick,Forward,SHU,12
1059829,Basham,Chris Basham,Defender,SHU,5
1059829,Fleck,John Fleck,Midfielder,SHU,47
1059829,Stevens,Enda Stevens,Defender,SHU,3
1059829,Moore (Simon),Simon Moore,Goalkeeper,SHU,-3
1059829,Norwood,Oliver Norwood,Midfielder,SHU,13
1059829,Baldock,George Baldock,Defender,SHU,-1
1059829,O'Connell,Jack O'Connell,Defender,SHU,0
1059829,Lundstram,John Lundstram,Defender,SHU,5
1059829,McBurnie,Oliver McBurnie,Forward,SHU,29
1059829,Robinson (Callum),Callum Robinson,Midfielder,SHU,13
1059829,Mousset,Lys Mousset,Forward,SHU,31
1059830,Tarkowski,James Tarkowski,Defender,BUR,39
1059830,Bardsley,Phillip Bardsley,Defender,BUR,30
1059830,Cork,Jack Cork,Midfielder,BUR,8
1059830,Rodriguez,Jay Rodriguez,Forward,BUR,-2
1059830,Barnes (Ashley),Ashley Barnes,Forward,BUR,30
1059830,Mee,Ben Mee,Defender,BUR,21
1059830,Westwood,Ashley Roy Westwood,Midfielder,BUR,12
1059830,Wood,Chris Wood,Forward,BUR,34
1059830,Hendrick,Jeff Hendrick,Midfielder,BUR,6
1059830,Pope,Nick Pope,Goalkeeper,BUR,33
1059830,Taylor (Charlie),Charlie Taylor,Defender,BUR,25
1059830,McNeil,Dwight McNeil,Midfielder,BUR,8
1059830,Foster,Ben Foster,Goalkeeper,WAT,0
1059830,Mariappa,Adrian Mariappa,Defender,WAT,3
1059830,Capoue,Etienne Capoue,Midfielder,WAT,16
1059830,Holebas,José Holebas,Defender,WAT,-3
1059830,Cathcart,Craig Cathcart,Defender,WAT,7
1059830,Deeney,Troy Deeney,Forward,WAT,3
1059830,Femenía,Francisco Femenía Far,Defender,WAT,2
1059830,Dawson,Craig Dawson,Defender,WAT,5
1059830,Gray (Andre),Andre Gray,Forward,WAT,-3
1059830,Deulofeu,Gerard Deulofeu,Forward,WAT,21
1059830,Hughes,Will Hughes,Midfielder,WAT,8
1059830,Doucouré,Abdoulaye Doucouré,Midfielder,WAT,15
1059830,Masina,Adam Masina,Defender,WAT,-5
1059830,Ismaila Sarr,Ismaila Sarr,Midfielder,WAT,3
1059831,Rose,Danny Rose,Defender,TOT,-1
1059831,Sissoko,Moussa Sissoko,Midfielder,TOT,2
1059831,Alderweireld,Toby Alderweireld,Defender,TOT,5
1059831,Kane (Harry),Harry Kane,Forward,TOT,31
1059831,Aurier,Serge Aurier,Defender,TOT,28
1059831,Eriksen,Christian Eriksen,Midfielder,TOT,2
1059831,Son,Heung-Min Son,Midfielder,TOT,48
1059831,Dier,Eric Dier,Midfielder,TOT,10
1059831,Lucas Moura,Lucas Rodrigues Moura da Silva,Midfielder,TOT,20
1059831,Gazzaniga,Paulo Gazzaniga,Goalkeeper,TOT,5
1059831,Alli,Bamidele Alli,Midfielder,TOT,21
1059831,Davies (Ben),Ben Davies,Defender,TOT,7
1059831,Winks,Harry Winks,Midfielder,TOT,16
1059831,Sánchez (Davinson),Davinson Sánchez,Defender,TOT,7
1059831,Noble,Mark Noble,Midfielder,WHU,23
1059831,Snodgrass,Robert Snodgrass,Midfielder,WHU,19
1059831,Ogbonna,Angelo Ogbonna,Defender,WHU,14
1059831,Jiménez,Roberto Jiménez,Goalkeeper,WHU,2
1059831,Sánchez (Carlos),Carlos Sánchez,Midfielder,WHU,2
1059831,Cresswell,Aaron Cresswell,Defender,WHU,1
1059831,Yarmolenko,Andriy Yarmolenko,Midfielder,WHU,4
1059831,Antonio,Michail Antonio,Forward,WHU,34
1059831,Fredericks,Ryan Fredericks,Defender,WHU,-1
1059831,Felipe Anderson,Felipe Anderson Pereira Gomes,Midfielder,WHU,3
1059831,Haller,Sébastien Haller,Forward,WHU,3
1059831,Rice,Declan Rice,Midfielder,WHU,17
1059831,Fornals,Pablo Fornals,Midfielder,WHU,4
1059831,Diop,Issa Diop,Defender,WHU,-12
1059832,Lennon,Aaron Lennon,Midfielder,BUR,6
1059832,Tarkowski,James Tarkowski,Defender,BUR,3
1059832,Bardsley,Phillip Bardsley,Defender,BUR,1
1059832,Pieters,Erik Pieters,Defender,BUR,-8
1059832,Cork,Jack Cork,Midfielder,BUR,9
1059832,Rodriguez,Jay Rodriguez,Forward,BUR,3
1059832,Barnes (Ashley),Ashley Barnes,Forward,BUR,1
1059832,Mee,Ben Mee,Defender,BUR,3
1059832,Wood,Chris Wood,Forward,BUR,-3
1059832,Hendrick,Jeff Hendrick,Midfielder,BUR,19
1059832,Brady,Robert Brady,Midfielder,BUR,17
1059832,Pope,Nick Pope,Goalkeeper,BUR,1
1059832,Taylor (Charlie),Charlie Taylor,Defender,BUR,3
1059832,McNeil,Dwight McNeil,Midfielder,BUR,16
1059832,Dann,Scott Dann,Defender,CRY,22
1059832,Sakho,Mamadou Sakho,Defender,CRY,5
1059832,Guaita,Vicente Guaita,Goalkeeper,CRY,28
1059832,Tomkins,James Tomkins,Defender,CRY,34
1059832,McArthur,James McArthur,Midfielder,CRY,15
1059832,Benteke,Christian Benteke,Forward,CRY,2
1059832,Kouyaté,Cheikhou Kouyaté,Midfielder,CRY,-1
1059832,Kelly (Martin),Martin Kelly,Defender,CRY,22
1059832,Townsend,Andros Townsend,Midfielder,CRY,14
1059832,Milivojevic,Luka Milivojevic,Midfielder,CRY,10
1059832,Van Aanholt,Patrick Van Aanholt,Defender,CRY,24
1059832,Ayew,Jordan Ayew,Forward,CRY,8
1059832,Zaha,Wilfried Zaha,Midfielder,CRY,38
1059832,Schlupp,Jeffrey Schlupp,Midfielder,CRY,22
1059833,Giroud,Olivier Giroud,Forward,CHE,3
1059833,Willian,Willian Borges Da Silva,Midfielder,CHE,8
1059833,Pedro,Pedro Rodríguez Ledesma,Midfielder,CHE,15
1059833,Jorginho,Jorge Luiz Frello Filho,Midfielder,CHE,11
1059833,Kovacic,Mateo Kovacic,Midfielder,CHE,20
1059833,Zouma,Kurt Zouma,Defender,CHE,14
1059833,Emerson,Emerson Palmieri dos Santos,Defender,CHE,18
1059833,Kepa,Kepa Arrizabalaga Revuelta,Goalkeeper,CHE,9
1059833,Kanté,N'Golo Kanté,Midfielder,CHE,8
1059833,Pulisic,Christian Pulisic,Midfielder,CHE,-1
1059833,Mount,Mason Mount,Midfielder,CHE,18
1059833,Tomori,Fikayo Tomori,Defender,CHE,7
1059833,Hudson-Odoi,Callum Hudson-Odoi,Midfielder,CHE,6
1059833,James (Reece),Reece James,Defender,CHE,21
1059833,Noble,Mark Noble,Midfielder,WHU,7
1059833,Snodgrass,Robert Snodgrass,Midfielder,WHU,16
1059833,Martin (David),David Martin,Goalkeeper,WHU,34
1059833,Ogbonna,Angelo Ogbonna,Defender,WHU,26
1059833,Cresswell,Aaron Cresswell,Defender,WHU,36
1059833,Yarmolenko,Andriy Yarmolenko,Midfielder,WHU,-1
1059833,Antonio,Michail Antonio,Forward,WHU,2
1059833,Fredericks,Ryan Fredericks,Defender,WHU,24
1059833,Felipe Anderson,Felipe Anderson Pereira Gomes,Midfielder,WHU,10
1059833,Haller,Sébastien Haller,Forward,WHU,3
1059833,Masuaku,Arthur Masuaku,Defender,WHU,2
1059833,Balbuena,Fabián Balbuena,Defender,WHU,32
1059833,Rice,Declan Rice,Midfielder,WHU,15
1059833,Fornals,Pablo Fornals,Midfielder,WHU,15
1059834,Schneiderlin,Morgan Schneiderlin,Midfielder,EVE,4
1059834,Sigurdsson,Gylfi Sigurdsson,Midfielder,EVE,9
1059834,Digne,Lucas Digne,Defender,EVE,9
1059834,Sidibe,Djibril Sidibe,Defender,EVE,11
1059834,Keane,Michael Keane,Defender,EVE,2
1059834,Pickford,Jordan Pickford,Goalkeeper,EVE,12
1059834,Iwobi,Alex Iwobi,Midfielder,EVE,10
1059834,Mina,Yerry Mina,Defender,EVE,6
1059834,Davies (Tom),Tom Davies,Midfielder,EVE,14
1059834,Calvert-Lewin,Dominic Calvert-Lewin,Forward,EVE,4
1059834,Holgate,Mason Holgate,Defender,EVE,5
1059834,Richarlison,Richarlison de Andrade,Midfielder,EVE,28
1059834,Kean,Moise Kean,Forward,EVE,3
1059834,Schmeichel,Kasper Schmeichel,Goalkeeper,LEI,9
1059834,Evans (Jonny),Jonny Evans,Defender,LEI,17
1059834,Albrighton,Marc Albrighton,Midfielder,LEI,3
1059834,Vardy,Jamie Vardy,Forward,LEI,30
1059834,Ricardo Pereira,Ricardo Domingos Barbosa Pereira,Defender,LEI,28
1059834,Tielemans,Youri Tielemans,Midfielder,LEI,13
1059834,Ayoze Pérez,Ayoze Pérez Gutiérrez,Midfielder,LEI,6
1059834,Maddison,James Maddison,Midfielder,LEI,14
1059834,Chilwell,Benjamin Chilwell,Defender,LEI,14
1059834,Iheanacho,Kelechi Iheanacho,Forward,LEI,42
1059834,Barnes (Harvey),Harvey Barnes,Midfielder,LEI,9
1059834,Ndidi,Onyinye Wilfred Ndidi,Midfielder,LEI,21
1059834,Söyüncü,Caglar Söyüncü,Defender,LEI,12
1059835,Stephens (Dale),Dale Stephens,Midfielder,BHA,15
1059835,Groß,Pascal Groß,Midfielder,BHA,13
1059835,Pröpper,Davy Pröpper,Midfielder,BHA,20
1059835,Mooy,Aaron Mooy,Midfielder,BHA,17
1059835,Burn,Dan Burn,Defender,BHA,12
1059835,Dunk,Lewis Dunk,Defender,BHA,21
1059835,Montoya,Martín Montoya,Defender,BHA,3
1059835,Webster,Adam Webster,Defender,BHA,12
1059835,Maupay,Neal Maupay,Forward,BHA,1
1059835,Trossard,Leandro Trossard,Midfielder,BHA,7
1059835,Mat Ryan,Mathew Ryan,Goalkeeper,BHA,17
1059835,Bissouma,Yves Bissouma,Midfielder,BHA,9
1059835,Connolly,Aaron Connolly,Forward,BHA,2
1059835,Alzate,Steven Alzate,Midfielder,BHA,6
1059835,Lovren,Dejan Lovren,Defender,LIV,12
1059835,Lallana,Adam Lallana,Midfielder,LIV,4
1059835,Wijnaldum,Georginio Wijnaldum,Midfielder,LIV,13
1059835,Henderson (Jordan),Jordan Henderson,Midfielder,LIV,12
1059835,Adrián,Adrián San Miguel del Castillo,Goalkeeper,LIV,1
1059835,Oxlade-Chamberlain,Alex Oxlade-Chamberlain,Midfielder,LIV,11
1059835,Firmino,Roberto Firmino Barbosa de Oliveira,Forward,LIV,6
1059835,van Dijk,Virgil van Dijk,Defender,LIV,48
1059835,Mane,Sadio Mane,Midfielder,LIV,19
1059835,Alisson,Alisson Ramses Becker,Goalkeeper,LIV,20
1059835,Salah,Mohamed Salah,Midfielder,LIV,6
1059835,Robertson,Andrew Robertson,Defender,LIV,5
1059835,Origi,Divock Origi,Forward,LIV,3
1059835,Alexander-Arnold,Trent Alexander-Arnold,Defender,LIV,25
1059836,Heaton,Tom Heaton,Goalkeeper,AVL,7
1059836,Lansbury,Henri Lansbury,Midfielder,AVL,1
1059836,Hourihane,Conor Hourihane,Midfielder,AVL,9
1059836,Grealish,Jack Grealish,Midfielder,AVL,37
1059836,McGinn,John McGinn,Midfielder,AVL,16
1059836,Trezeguet,Mahmoud Hassan,Midfielder,AVL,8
1059836,Mings,Tyrone Mings,Defender,AVL,17
1059836,Targett,Matt Targett,Defender,AVL,23
1059836,El Ghazi,Anwar El Ghazi,Midfielder,AVL,16
1059836,Konsa Ngoyo,Ezri Konsa Ngoyo,Defender,AVL,3
1059836,Guilbert,Frederic Guilbert,Defender,AVL,10
1059836,Wesley,Wesley Moraes Ferreira da Silva,Forward,AVL,7
1059836,Douglas Luiz,Douglas Luiz Soares de Paulo,Midfielder,AVL,22
1059836,Mata,Juan Mata,Midfielder,MUN,11
1059836,De Gea,David De Gea,Goalkeeper,MUN,2
1059836,Maguire,Harry Maguire,Defender,MUN,1
1059836,Fred,Frederico Rodrigues de Paula Santos,Midfielder,MUN,13
1059836,Shaw,Luke Shaw,Defender,MUN,-3
1059836,Lingard,Jesse Lingard,Midfielder,MUN,6
1059836,Martial,Anthony Martial,Midfielder,MUN,5
1059836,Pereira,Andreas Pereira,Midfielder,MUN,13
1059836,Rashford,Marcus Rashford,Midfielder,MUN,7
1059836,Lindelof,Victor Nilsson-Lindelof,Defender,MUN,19
1059836,James (Daniel),Daniel James,Midfielder,MUN,8
1059836,Wan-Bissaka,Aaron Wan-Bissaka,Defender,MUN,9
1059836,Greenwood,Mason Greenwood,Forward,MUN,3
1059836,Williams (Brandon),Brandon Williams,Defender,MUN,3
1059837,Silva,David Silva,Midfielder,MCI,23
1059837,Fernandinho,Fernando Luiz Rosa,Midfielder,MCI,14
1059837,Walker,Kyle Walker,Defender,MCI,9
1059837,Gundogan,Ilkay Gundogan,Midfielder,MCI,13
1059837,De Bruyne,Kevin De Bruyne,Midfielder,MCI,43
1059837,Stones,John Stones,Defender,MCI,8
1059837,Mendy (Benjamin),Benjamin Mendy,Defender,MCI,9
1059837,Mahrez,Riyad Mahrez,Midfielder,MCI,15
1059837,Sterling (Raheem),Raheem Sterling,Midfielder,MCI,26
1059837,Ederson,Ederson Santana de Moraes,Goalkeeper,MCI,3
1059837,Bernardo Silva,Bernardo Mota Veiga de Carvalho e Silva,Midfielder,MCI,-2
1059837,Jesus,Gabriel Fernando de Jesus,Forward,MCI,7
1059837,Foden,Phil Foden,Midfielder,MCI,4
1059837,Rodri,Rodrigo Hernández Cascante,Midfielder,MCI,3
1059837,Shelvey,Jonjo Shelvey,Midfielder,NEW,33
1059837,Fernández,Federico Fernández,Defender,NEW,9
1059837,Clark (Ciaran),Ciaran Clark,Defender,NEW,6
1059837,Dubravka,Martin Dubravka,Goalkeeper,NEW,16
1059837,Willems,Jetro Willems,Defender,NEW,16
1059837,Gayle,Dwight Gayle,Forward,NEW,2
1059837,Atsu,Christian Atsu,Midfielder,NEW,13
1059837,Dummett,Paul Dummett,Defender,NEW,6
1059837,Manquillo,Javier Manquillo,Defender,NEW,-1
1059837,Hayden (Isaac),Isaac Hayden,Midfielder,NEW,7
1059837,Saint-Maximin,Allan Saint-Maximin,Midfielder,NEW,14
1059837,Almirón,Miguel Almirón,Midfielder,NEW,19
1059837,Joelinton,Joelinton Cássio Apolinário de Lira,Forward,NEW,8
1059838,Ozil,Mesut Ozil,Midfielder,ARS,29
1059838,Luiz,David Luiz Moreira Marinho,Defender,ARS,8
1059838,Aubameyang,Pierre-Emerick Aubameyang,Forward,ARS,62
1059838,Lacazette,Alexandre Lacazette,Forward,ARS,3
1059838,Mustafi,Shkodran Mustafi,Defender,ARS,16
1059838,Leno,Bernd Leno,Goalkeeper,ARS,12
1059838,Xhaka,Granit Xhaka,Midfielder,ARS,17
1059838,Chambers,Calum Chambers,Defender,ARS,0
1059838,Kolasinac,Sead Kolasinac,Defender,ARS,6
1059838,Torreira,Lucas Torreira,Midfielder,ARS,4
1059838,Willock,Joseph Willock,Midfielder,ARS,11
1059838,Saka,Bukayo Saka,Midfielder,ARS,3
1059838,Guendouzi,Matteo Guendouzi,Midfielder,ARS,18
1059838,Martinelli,Gabriel Teodoro Martinelli Silva,Forward,ARS,3
1059838,Krul,Tim Krul,Goalkeeper,NOR,5
1059838,Pukki,Teemu Pukki,Forward,NOR,37
1059838,Kenny McLean,Kenneth McLean,Midfielder,NOR,20
1059838,Hernández (Onel),Onel Hernández,Midfielder,NOR,23
1059838,Trybull,Tom Trybull,Midfielder,NOR,14
1059838,Byram,Sam Byram,Defender,NOR,4
1059838,Amadou,Ibrahim Amadou,Midfielder,NOR,19
1059838,Zimmermann,Christoph Zimmermann,Defender,NOR,7
1059838,Cantwell,Todd Cantwell,Midfielder,NOR,29
1059838,Buendía,Emiliano Buendía,Midfielder,NOR,9
1059838,Godfrey,Ben Godfrey,Defender,NOR,7
1059838,Aarons (Maximillian),Maximillian Aarons,Defender,NOR,8
1059839,Long (Shane),Shane Long,Forward,SOU,0
1059839,Bertrand,Ryan Bertrand,Defender,SOU,6
1059839,McCarthy (Alex),Alex McCarthy,Goalkeeper,SOU,9
1059839,Cedric,Cedric Ricardo Alves Soares,Defender,SOU,12
1059839,Redmond,Nathan Redmond,Midfielder,SOU,1
1059839,Ings,Danny Ings,Forward,SOU,42
1059839,Stephens (Jack),Jack Stephens,Defender,SOU,7
1059839,Ward-Prowse,James Ward-Prowse,Midfielder,SOU,34
1059839,Boufal,Sofiane Boufal,Midfielder,SOU,9
1059839,Højbjerg,Pierre-Emile Højbjerg,Midfielder,SOU,31
1059839,Bednarek,Jan Bednarek,Defender,SOU,10
1059839,Valery,Yann Valery,Defender,SOU,6
1059839,Obafemi,Michael Obafemi,Forward,SOU,4
1059839,Djenepo,Moussa Djenepo,Midfielder,SOU,26
1059839,Foster,Ben Foster,Goalkeeper,WAT,8
1059839,Mariappa,Adrian Mariappa,Defender,WAT,3
1059839,Capoue,Etienne Capoue,Midfielder,WAT,28
1059839,Holebas,José Holebas,Defender,WAT,0
1059839,Cathcart,Craig Cathcart,Defender,WAT,7
1059839,Femenía,Francisco Femenía Far,Defender,WAT,11
1059839,Gray (Andre),Andre Gray,Forward,WAT,-1
1059839,Chalobah (Nathaniel),Nathaniel Chalobah,Midfielder,WAT,4
1059839,Deulofeu,Gerard Deulofeu,Forward,WAT,3
1059839,Foulquier,Dimitri Foulquier,Defender,WAT,0
1059839,Hughes,Will Hughes,Midfielder,WAT,10
1059839,Doucouré,Abdoulaye Doucouré,Midfielder,WAT,9
1059839,Masina,Adam Masina,Defender,WAT,1
1059839,Ismaila Sarr,Ismaila Sarr,Midfielder,WAT,29
1059840,Gosling,Dan Gosling,Midfielder,BOU,0
1059840,Cook (Steve),Steve Cook,Defender,BOU,4
1059840,Wilson (Callum),Callum Wilson,Forward,BOU,2
1059840,Fraser,Ryan Fraser,Midfielder,BOU,8
1059840,Aké,Nathan Aké,Defender,BOU,3
1059840,Lerma,Jefferson Lerma,Midfielder,BOU,11
1059840,Wilson (Harry),Harry Wilson,Midfielder,BOU,39
1059840,Stacey,Jack Stacey,Defender,BOU,-1
1059840,Solanke,Dominic Solanke,Forward,BOU,10
1059840,Cook (Lewis),Lewis Cook,Midfielder,BOU,32
1059840,Rico,Diego Rico,Defender,BOU,-2
1059840,Danjuma Groeneveld,Arnaut Danjuma Groeneveld,Midfielder,BOU,28
1059840,Ramsdale,Aaron Ramsdale,Goalkeeper,BOU,-1
1059840,Vertonghen,Jan Vertonghen,Defender,TOT,9
1059840,Sissoko,Moussa Sissoko,Midfielder,TOT,34
1059840,Alderweireld,Toby Alderweireld,Defender,TOT,18
1059840,Kane (Harry),Harry Kane,Forward,TOT,8
1059840,Aurier,Serge Aurier,Defender,TOT,13
1059840,Son,Heung-Min Son,Midfielder,TOT,45
1059840,Dier,Eric Dier,Midfielder,TOT,14
1059840,Lucas Moura,Lucas Rodrigues Moura da Silva,Midfielder,TOT,4
1059840,Gazzaniga,Paulo Gazzaniga,Goalkeeper,TOT,10
1059840,Alli,Bamidele Alli,Midfielder,TOT,58
1059840,Winks,Harry Winks,Midfielder,TOT,3
1059840,Sánchez (Davinson),Davinson Sánchez,Defender,TOT,7
1059840,Lo Celso,Giovani Lo Celso,Midfielder,TOT,4
1059840,NDombele,Tanguy NDombele,Midfielder,TOT,21
1059841,McGoldrick,David McGoldrick,Forward,SHU,2
1059841,Basham,Chris Basham,Defender,SHU,14
1059841,Fleck,John Fleck,Midfielder,SHU,15
1059841,Freeman (Luke),Luke Freeman,Midfielder,SHU,2
1059841,Stevens,Enda Stevens,Defender,SHU,14
1059841,Norwood,Oliver Norwood,Midfielder,SHU,24
1059841,Baldock,George Baldock,Defender,SHU,15
1059841,Egan,John Egan,Defender,SHU,0
1059841,O'Connell,Jack O'Connell,Defender,SHU,4
1059841,Lundstram,John Lundstram,Defender,SHU,13
1059841,McBurnie,Oliver McBurnie,Forward,SHU,3
1059841,Robinson (Callum),Callum Robinson,Midfielder,SHU,4
1059841,Henderson (Dean),Dean Henderson,Goalkeeper,SHU,14
1059841,Mousset,Lys Mousset,Forward,SHU,34
1059841,Moutinho,João Moutinho,Midfielder,WOL,20
1059841,Rui Patrício,Rui Pedro dos Santos Patrício,Goalkeeper,WOL,11
1059841,Doherty,Matt Doherty,Defender,WOL,23
1059841,Coady,Conor Coady,Defender,WOL,12
1059841,Raúl Jiménez,Raul Alonso Jimenez Rodriguez,Forward,WOL,21
1059841,Jonny,Jonathan Castro Otto,Defender,WOL,12
1059841,Dendoncker,Leander Dendoncker,Midfielder,WOL,9
1059841,Traoré,Adama Traoré,Midfielder,WOL,13
1059841,Ruben Neves,Rúben Diogo da Silva Neves,Midfielder,WOL,15
1059841,Diogo Jota,Diogo José Teixeira da Silva,Midfielder,WOL,8
1059841,Kilman,Max Kilman,Defender,WOL,6
1059842,Ozil,Mesut Ozil,Midfielder,ARS,17
1059842,Sokratis,Sokratis Papastathopoulos,Defender,ARS,7
1059842,Luiz,David Luiz Moreira Marinho,Defender,ARS,3
1059842,Aubameyang,Pierre-Emerick Aubameyang,Forward,ARS,9
1059842,Lacazette,Alexandre Lacazette,Forward,ARS,31
1059842,Leno,Bernd Leno,Goalkeeper,ARS,17
1059842,Xhaka,Granit Xhaka,Midfielder,ARS,19
1059842,Bellerín,Héctor Bellerín,Defender,ARS,1
1059842,Kolasinac,Sead Kolasinac,Defender,ARS,14
1059842,Tierney,Kieran Tierney,Defender,ARS,4
1059842,Pepe,Nicolas Pepe,Midfielder,ARS,6
1059842,Torreira,Lucas Torreira,Midfielder,ARS,15
1059842,Willock,Joseph Willock,Midfielder,ARS,4
1059842,Martinelli,Gabriel Teodoro Martinelli Silva,Forward,ARS,4
1059842,Stephens (Dale),Dale Stephens,Midfielder,BHA,16
1059842,Groß,Pascal Groß,Midfielder,BHA,6
1059842,Duffy (Shane),Shane Duffy,Defender,BHA,3
1059842,Pröpper,Davy Pröpper,Midfielder,BHA,11
1059842,Mooy,Aaron Mooy,Midfielder,BHA,30
1059842,Burn,Dan Burn,Defender,BHA,10
1059842,Dunk,Lewis Dunk,Defender,BHA,11
1059842,Montoya,Martín Montoya,Defender,BHA,3
1059842,Webster,Adam Webster,Defender,BHA,29
1059842,Maupay,Neal Maupay,Forward,BHA,37
1059842,Trossard,Leandro Trossard,Midfielder,BHA,1
1059842,Mat Ryan,Mathew Ryan,Goalkeeper,BHA,16
1059842,Connolly,Aaron Connolly,Forward,BHA,12
1059842,Alzate,Steven Alzate,Midfielder,BHA,13
1059843,Lennon,Aaron Lennon,Midfielder,BUR,10
1059843,Tarkowski,James Tarkowski,Defender,BUR,-3
1059843,Bardsley,Phillip Bardsley,Defender,BUR,-10
1059843,Pieters,Erik Pieters,Defender,BUR,-8
1059843,Cork,Jack Cork,Midfielder,BUR,11
1059843,Rodriguez,Jay Rodriguez,Forward,BUR,3
1059843,Barnes (Ashley),Ashley Barnes,Forward,BUR,3
1059843,Mee,Ben Mee,Defender,BUR,-4
1059843,Wood,Chris Wood,Forward,BUR,3
1059843,Drinkwater,Daniel Drinkwater,Midfielder,BUR,4
1059843,Hendrick,Jeff Hendrick,Midfielder,BUR,16
1059843,Brady,Robert Brady,Midfielder,BUR,22
1059843,Pope,Nick Pope,Goalkeeper,BUR,1
1059843,McNeil,Dwight McNeil,Midfielder,BUR,12
1059843,Silva,David Silva,Midfielder,MCI,35
1059843,Fernandinho,Fernando Luiz Rosa,Midfielder,MCI,14
1059843,Otamendi,Nicolás Otamendi,Defender,MCI,9
1059843,Walker,Kyle Walker,Defender,MCI,10
1059843,De Bruyne,Kevin De Bruyne,Midfielder,MCI,17
1059843,Mahrez,Riyad Mahrez,Midfielder,MCI,26
1059843,Sterling (Raheem),Raheem Sterling,Midfielder,MCI,11
1059843,Ederson,Ederson Santana de Moraes,Goalkeeper,MCI,7
1059843,Angelino,Jose Angel Esmoris Tasende,Defender,MCI,11
1059843,Bernardo Silva,Bernardo Mota Veiga de Carvalho e Silva,Midfielder,MCI,35
1059843,Jesus,Gabriel Fernando de Jesus,Forward,MCI,57
1059843,Foden,Phil Foden,Midfielder,MCI,4
1059843,Rodri,Rodrigo Hernández Cascante,Midfielder,MCI,44
1059843,Garcia,Eric Garcia,Defender,MCI,-1
1059844,Schmeichel,Kasper Schmeichel,Goalkeeper,LEI,21
1059844,Fuchs,Christian Fuchs,Defender,LEI,31
1059844,Evans (Jonny),Jonny Evans,Defender,LEI,41
1059844,Vardy,Jamie Vardy,Forward,LEI,27
1059844,Praet,Dennis Praet,Midfielder,LEI,1
1059844,Ricardo Pereira,Ricardo Domingos Barbosa Pereira,Defender,LEI,34
1059844,Tielemans,Youri Tielemans,Midfielder,LEI,8
1059844,Ayoze Pérez,Ayoze Pérez Gutiérrez,Midfielder,LEI,3
1059844,Maddison,James Maddison,Midfielder,LEI,40
1059844,Choudhury,Hamza Choudhury,Midfielder,LEI,2
1059844,Barnes (Harvey),Harvey Barnes,Midfielder,LEI,8
1059844,Ndidi,Onyinye Wilfred Ndidi,Midfielder,LEI,8
1059844,Söyüncü,Caglar Söyüncü,Defender,LEI,26
1059844,Justin,James Justin,Defender,LEI,17
1059844,Foster,Ben Foster,Goalkeeper,WAT,7
1059844,Mariappa,Adrian Mariappa,Defender,WAT,3
1059844,Capoue,Etienne Capoue,Midfielder,WAT,17
1059844,Cathcart,Craig Cathcart,Defender,WAT,7
1059844,Deeney,Troy Deeney,Forward,WAT,11
1059844,Femenía,Francisco Femenía Far,Defender,WAT,5
1059844,Gray (Andre),Andre Gray,Forward,WAT,3
1059844,Deulofeu,Gerard Deulofeu,Forward,WAT,2
1059844,Hughes,Will Hughes,Midfielder,WAT,11
1059844,Doucouré,Abdoulaye Doucouré,Midfielder,WAT,4
1059844,Masina,Adam Masina,Defender,WAT,2
1059844,Isaac Success,Isaac Success Ajayi,Forward,WAT,4
1059844,Quina,Domingos Quina,Midfielder,WAT,5
1059844,Ismaila Sarr,Ismaila Sarr,Midfielder,WAT,10
1059845,Young (Ashley),Ashley Young,Defender,MUN,9
1059845,De Gea,David De Gea,Goalkeeper,MUN,13
1059845,Maguire,Harry Maguire,Defender,MUN,10
1059845,Fred,Frederico Rodrigues de Paula Santos,Midfielder,MUN,15
1059845,Shaw,Luke Shaw,Defender,MUN,3
1059845,Lingard,Jesse Lingard,Midfielder,MUN,12
1059845,Pereira,Andreas Pereira,Midfielder,MUN,3
1059845,Rashford,Marcus Rashford,Midfielder,MUN,54
1059845,Lindelof,Victor Nilsson-Lindelof,Defender,MUN,11
1059845,McTominay,Scott McTominay,Midfielder,MUN,17
1059845,James (Daniel),Daniel James,Midfielder,MUN,11
1059845,Wan-Bissaka,Aaron Wan-Bissaka,Defender,MUN,11
1059845,Greenwood,Mason Greenwood,Forward,MUN,10
1059845,Vertonghen,Jan Vertonghen,Defender,TOT,3
1059845,Sissoko,Moussa Sissoko,Midfielder,TOT,16
1059845,Alderweireld,Toby Alderweireld,Defender,TOT,11
1059845,Kane (Harry),Harry Kane,Forward,TOT,6
1059845,Aurier,Serge Aurier,Defender,TOT,27
1059845,Eriksen,Christian Eriksen,Midfielder,TOT,5
1059845,Son,Heung-Min Son,Midfielder,TOT,17
1059845,Lucas Moura,Lucas Rodrigues Moura da Silva,Midfielder,TOT,6
1059845,Gazzaniga,Paulo Gazzaniga,Goalkeeper,TOT,7
1059845,Alli,Bamidele Alli,Midfielder,TOT,34
1059845,Winks,Harry Winks,Midfielder,TOT,18
1059845,Sánchez (Davinson),Davinson Sánchez,Defender,TOT,9
1059845,Lo Celso,Giovani Lo Celso,Midfielder,TOT,2
1059845,NDombele,Tanguy NDombele,Midfielder,TOT,7
1059846,Carroll,Andy Carroll,Forward,NEW,21
1059846,Shelvey,Jonjo Shelvey,Midfielder,NEW,34
1059846,Fernández,Federico Fernández,Defender,NEW,26
1059846,Clark (Ciaran),Ciaran Clark,Defender,NEW,23
1059846,Dubravka,Martin Dubravka,Goalkeeper,NEW,34
1059846,Willems,Jetro Willems,Defender,NEW,21
1059846,Atsu,Christian Atsu,Midfielder,NEW,4
1059846,Dummett,Paul Dummett,Defender,NEW,22
1059846,Manquillo,Javier Manquillo,Defender,NEW,37
1059846,Krafth,Emil Krafth,Defender,NEW,6
1059846,Hayden (Isaac),Isaac Hayden,Midfielder,NEW,7
1059846,Saint-Maximin,Allan Saint-Maximin,Midfielder,NEW,23
1059846,Almirón,Miguel Almirón,Midfielder,NEW,16
1059846,Joelinton,Joelinton Cássio Apolinário de Lira,Forward,NEW,3
1059846,Sharp,Billy Sharp,Forward,SHU,6
1059846,McGoldrick,David McGoldrick,Forward,SHU,2
1059846,Basham,Chris Basham,Defender,SHU,11
1059846,Fleck,John Fleck,Midfielder,SHU,14
1059846,Freeman (Luke),Luke Freeman,Midfielder,SHU,0
1059846,Stevens,Enda Stevens,Defender,SHU,3
1059846,Norwood,Oliver Norwood,Midfielder,SHU,17
1059846,Baldock,George Baldock,Defender,SHU,15
1059846,Egan,John Egan,Defender,SHU,7
1059846,O'Connell,Jack O'Connell,Defender,SHU,9
1059846,Lundstram,John Lundstram,Defender,SHU,13
1059846,McBurnie,Oliver McBurnie,Forward,SHU,3
1059846,Henderson (Dean),Dean Henderson,Goalkeeper,SHU,7
1059846,Mousset,Lys Mousset,Forward,SHU,1
1059847,Noble,Mark Noble,Midfielder,WHU,10
1059847,Snodgrass,Robert Snodgrass,Midfielder,WHU,5
1059847,Martin (David),David Martin,Goalkeeper,WHU,9
1059847,Ogbonna,Angelo Ogbonna,Defender,WHU,3
1059847,Cresswell,Aaron Cresswell,Defender,WHU,2
1059847,Yarmolenko,Andriy Yarmolenko,Midfielder,WHU,3
1059847,Fredericks,Ryan Fredericks,Defender,WHU,7
1059847,Felipe Anderson,Felipe Anderson Pereira Gomes,Midfielder,WHU,25
1059847,Haller,Sébastien Haller,Forward,WHU,11
1059847,Balbuena,Fabián Balbuena,Defender,WHU,8
1059847,Ajeti,Albian Ajeti,Forward,WHU,2
1059847,Holland,Nathan Holland,Midfielder,WHU,7
1059847,Rice,Declan Rice,Midfielder,WHU,24
1059847,Fornals,Pablo Fornals,Midfielder,WHU,9
1059847,Moutinho,João Moutinho,Midfielder,WOL,33
1059847,Rui Patrício,Rui Pedro dos Santos Patrício,Goalkeeper,WOL,26
1059847,R Bennett,Ryan Bennett,Defender,WOL,3
1059847,Doherty,Matt Doherty,Defender,WOL,22
1059847,Coady,Conor Coady,Defender,WOL,27
1059847,Raúl Jiménez,Raul Alonso Jimenez Rodriguez,Forward,WOL,15
1059847,Saiss,Romain Saiss,Defender,WOL,27
1059847,Jonny,Jonathan Castro Otto,Defender,WOL,24
1059847,Dendoncker,Leander Dendoncker,Midfielder,WOL,38
1059847,Traoré,Adama Traoré,Midfielder,WOL,11
1059847,Ruben Neves,Rúben Diogo da Silva Neves,Midfielder,WOL,12
1059847,Diogo Jota,Diogo José Teixeira da Silva,Midfielder,WOL,8
1059847,Cutrone,Patrick Cutrone,Forward,WOL,27
1059847,Neto,Pedro Neto,Midfielder,WOL,13
1059848,Heaton,Tom Heaton,Goalkeeper,AVL,14
1059848,Elmohamady,Ahmed Elmohamady,Defender,AVL,20
1059848,Hourihane,Conor Hourihane,Midfielder,AVL,6
1059848,Jota,José Ignacio Peleteiro Ramallo,Midfielder,AVL,3
1059848,Grealish,Jack Grealish,Midfielder,AVL,18
1059848,McGinn,John McGinn,Midfielder,AVL,22
1059848,Trezeguet,Mahmoud Hassan,Midfielder,AVL,29
1059848,Mings,Tyrone Mings,Defender,AVL,6
1059848,Targett,Matt Targett,Defender,AVL,2
1059848,Nakamba,Marvelous Nakamba,Midfielder,AVL,19
1059848,Konsa Ngoyo,Ezri Konsa Ngoyo,Defender,AVL,10
1059848,Wesley,Wesley Moraes Ferreira da Silva,Forward,AVL,3
1059848,Douglas Luiz,Douglas Luiz Soares de Paulo,Midfielder,AVL,8
1059848,Azpilicueta,César Azpilicueta,Defender,CHE,6
1059848,Willian,Willian Borges Da Silva,Midfielder,CHE,29
1059848,Jorginho,Jorge Luiz Frello Filho,Midfielder,CHE,5
1059848,Kovacic,Mateo Kovacic,Midfielder,CHE,11
1059848,Batshuayi,Michy Batshuayi,Forward,CHE,4
1059848,Zouma,Kurt Zouma,Defender,CHE,14
1059848,Kepa,Kepa Arrizabalaga Revuelta,Goalkeeper,CHE,9
1059848,Kanté,N'Golo Kanté,Midfielder,CHE,16
1059848,Christensen,Andreas Christensen,Defender,CHE,16
1059848,Abraham,Tammy Abraham,Forward,CHE,43
1059848,Pulisic,Christian Pulisic,Midfielder,CHE,14
1059848,Mount,Mason Mount,Midfielder,CHE,28
1059848,Hudson-Odoi,Callum Hudson-Odoi,Midfielder,CHE,6
1059848,James (Reece),Reece James,Defender,CHE,18
1059849,Francis (Simon),Simon Francis,Defender,BOU,-2
1059849,Smith (Adam),Adam Smith,Defender,BOU,15
1059849,Wilson (Callum),Callum Wilson,Forward,BOU,4
1059849,Fraser,Ryan Fraser,Midfielder,BOU,4
1059849,Aké,Nathan Aké,Defender,BOU,7
1059849,Lerma,Jefferson Lerma,Midfielder,BOU,9
1059849,Wilson (Harry),Harry Wilson,Midfielder,BOU,10
1059849,Solanke,Dominic Solanke,Forward,BOU,4
1059849,Cook (Lewis),Lewis Cook,Midfielder,BOU,4
1059849,Billing,Philip Billing,Midfielder,BOU,11
1059849,Rico,Diego Rico,Defender,BOU,29
1059849,Danjuma Groeneveld,Arnaut Danjuma Groeneveld,Midfielder,BOU,8
1059849,Mepham,Chris Mepham,Defender,BOU,10
1059849,Ramsdale,Aaron Ramsdale,Goalkeeper,BOU,8
1059849,Sakho,Mamadou Sakho,Defender,CRY,-6
1059849,Guaita,Vicente Guaita,Goalkeeper,CRY,28
1059849,Tomkins,James Tomkins,Defender,CRY,21
1059849,McArthur,James McArthur,Midfielder,CRY,18
1059849,McCarthy (James),James McCarthy,Midfielder,CRY,1
1059849,Kouyaté,Cheikhou Kouyaté,Midfielder,CRY,11
1059849,Kelly (Martin),Martin Kelly,Defender,CRY,24
1059849,Townsend,Andros Townsend,Midfielder,CRY,-1
1059849,Milivojevic,Luka Milivojevic,Midfielder,CRY,3
1059849,Van Aanholt,Patrick Van Aanholt,Defender,CRY,7
1059849,Ayew,Jordan Ayew,Forward,CRY,8
1059849,Zaha,Wilfried Zaha,Midfielder,CRY,16
1059849,Schlupp,Jeffrey Schlupp,Midfielder,CRY,31
1059850,Schneiderlin,Morgan Schneiderlin,Midfielder,EVE,2
1059850,Sigurdsson,Gylfi Sigurdsson,Midfielder,EVE,17
1059850,Bernard,Bernard Anício Caldeira Duarte,Midfielder,EVE,17
1059850,Digne,Lucas Digne,Defender,EVE,-11
1059850,Sidibe,Djibril Sidibe,Defender,EVE,-7
1059850,Keane,Michael Keane,Defender,EVE,3
1059850,Pickford,Jordan Pickford,Goalkeeper,EVE,-15
1059850,Iwobi,Alex Iwobi,Midfielder,EVE,10
1059850,Mina,Yerry Mina,Defender,EVE,-6
1059850,Davies (Tom),Tom Davies,Midfielder,EVE,7
1059850,Calvert-Lewin,Dominic Calvert-Lewin,Forward,EVE,3
1059850,Holgate,Mason Holgate,Defender,EVE,-1
1059850,Richarlison,Richarlison de Andrade,Midfielder,EVE,23
1059850,Kean,Moise Kean,Forward,EVE,-1
1059850,Milner,James Milner,Midfielder,LIV,8
1059850,Lovren,Dejan Lovren,Defender,LIV,26
1059850,Lallana,Adam Lallana,Midfielder,LIV,7
1059850,Wijnaldum,Georginio Wijnaldum,Midfielder,LIV,37
1059850,Henderson (Jordan),Jordan Henderson,Midfielder,LIV,10
1059850,Adrián,Adrián San Miguel del Castillo,Goalkeeper,LIV,5
1059850,Shaqiri,Xherdan Shaqiri,Midfielder,LIV,33
1059850,Firmino,Roberto Firmino Barbosa de Oliveira,Forward,LIV,13
1059850,van Dijk,Virgil van Dijk,Defender,LIV,8
1059850,Mane,Sadio Mane,Midfielder,LIV,45
1059850,Robertson,Andrew Robertson,Defender,LIV,1
1059850,Origi,Divock Origi,Forward,LIV,62
1059850,Alexander-Arnold,Trent Alexander-Arnold,Defender,LIV,18
1059850,Gomez,Joseph Gomez,Defender,LIV,3
1059851,Tettey,Alexander Tettey,Midfielder,NOR,27
1059851,Krul,Tim Krul,Goalkeeper,NOR,8
1059851,Pukki,Teemu Pukki,Forward,NOR,31
1059851,Stiepermann,Marco Stiepermann,Midfielder,NOR,0
1059851,Kenny McLean,Kenneth McLean,Midfielder,NOR,15
1059851,Hernández (Onel),Onel Hernández,Midfielder,NOR,6
1059851,Trybull,Tom Trybull,Midfielder,NOR,12
1059851,Byram,Sam Byram,Defender,NOR,-4
1059851,Amadou,Ibrahim Amadou,Midfielder,NOR,5
1059851,Zimmermann,Christoph Zimmermann,Defender,NOR,12
1059851,Cantwell,Todd Cantwell,Midfielder,NOR,12
1059851,Buendía,Emiliano Buendía,Midfielder,NOR,0
1059851,Godfrey,Ben Godfrey,Defender,NOR,11
1059851,Aarons (Maximillian),Maximillian Aarons,Defender,NOR,7
1059851,Long (Shane),Shane Long,Forward,SOU,22
1059851,Bertrand,Ryan Bertrand,Defender,SOU,20
1059851,McCarthy (Alex),Alex McCarthy,Goalkeeper,SOU,8
1059851,Cedric,Cedric Ricardo Alves Soares,Defender,SOU,12
1059851,Romeu,Oriol Romeu,Midfielder,SOU,3
1059851,Yoshida,Maya Yoshida,Defender,SOU,3
1059851,Redmond,Nathan Redmond,Midfielder,SOU,10
1059851,Ings,Danny Ings,Forward,SOU,34
1059851,Stephens (Jack),Jack Stephens,Defender,SOU,7
1059851,Ward-Prowse,James Ward-Prowse,Midfielder,SOU,26
1059851,Højbjerg,Pierre-Emile Højbjerg,Midfielder,SOU,24
1059851,Bednarek,Jan Bednarek,Defender,SOU,10
1059851,Adams,Che Adams,Forward,SOU,1
1059851,Djenepo,Moussa Djenepo,Midfielder,SOU,1
1059852,Francis (Simon),Simon Francis,Defender,BOU,1
1059852,Gosling,Dan Gosling,Midfielder,BOU,3
1059852,Wilson (Callum),Callum Wilson,Forward,BOU,2
1059852,Fraser,Ryan Fraser,Midfielder,BOU,12
1059852,Aké,Nathan Aké,Defender,BOU,5
1059852,Lerma,Jefferson Lerma,Midfielder,BOU,21
1059852,Solanke,Dominic Solanke,Forward,BOU,5
1059852,Cook (Lewis),Lewis Cook,Midfielder,BOU,3
1059852,Billing,Philip Billing,Midfielder,BOU,8
1059852,Rico,Diego Rico,Defender,BOU,1
1059852,Danjuma Groeneveld,Arnaut Danjuma Groeneveld,Midfielder,BOU,6
1059852,Simpson,Jack Simpson,Defender,BOU,-2
1059852,Mepham,Chris Mepham,Defender,BOU,0
1059852,Ramsdale,Aaron Ramsdale,Goalkeeper,BOU,11
1059852,Milner,James Milner,Midfielder,LIV,21
1059852,Lovren,Dejan Lovren,Defender,LIV,10
1059852,Henderson (Jordan),Jordan Henderson,Midfielder,LIV,34
1059852,Shaqiri,Xherdan Shaqiri,Midfielder,LIV,4
1059852,Oxlade-Chamberlain,Alex Oxlade-Chamberlain,Midfielder,LIV,30
1059852,Firmino,Roberto Firmino Barbosa de Oliveira,Forward,LIV,11
1059852,van Dijk,Virgil van Dijk,Defender,LIV,28
1059852,Alisson,Alisson Ramses Becker,Goalkeeper,LIV,20
1059852,Salah,Mohamed Salah,Midfielder,LIV,42
1059852,Robertson,Andrew Robertson,Defender,LIV,26
1059852,Alexander-Arnold,Trent Alexander-Arnold,Defender,LIV,9
1059852,Gomez,Joseph Gomez,Defender,LIV,28
1059852,Keita,Naby Keita,Midfielder,LIV,55
1059852,Jones (Curtis),Curtis Jones,Midfielder,LIV,1
1059853,Heaton,Tom Heaton,Goalkeeper,AVL,3
1059853,Elmohamady,Ahmed Elmohamady,Defender,AVL,-1
1059853,Engels,Björn Engels,Defender,AVL,0
1059853,Grealish,Jack Grealish,Midfielder,AVL,37
1059853,McGinn,John McGinn,Midfielder,AVL,11
1059853,Trezeguet,Mahmoud Hassan,Midfielder,AVL,-3
1059853,Mings,Tyrone Mings,Defender,AVL,-4
1059853,Targett,Matt Targett,Defender,AVL,-4
1059853,Nakamba,Marvelous Nakamba,Midfielder,AVL,-1
1059853,El Ghazi,Anwar El Ghazi,Midfielder,AVL,8
1059853,Konsa Ngoyo,Ezri Konsa Ngoyo,Defender,AVL,5
1059853,Guilbert,Frederic Guilbert,Defender,AVL,2
1059853,Wesley,Wesley Moraes Ferreira da Silva,Forward,AVL,3
1059853,Douglas Luiz,Douglas Luiz Soares de Paulo,Midfielder,AVL,6
1059853,Schmeichel,Kasper Schmeichel,Goalkeeper,LEI,7
1059853,Evans (Jonny),Jonny Evans,Defender,LEI,25
1059853,Albrighton,Marc Albrighton,Midfielder,LEI,8
1059853,Vardy,Jamie Vardy,Forward,LEI,67
1059853,Praet,Dennis Praet,Midfielder,LEI,26
1059853,Ricardo Pereira,Ricardo Domingos Barbosa Pereira,Defender,LEI,8
1059853,Tielemans,Youri Tielemans,Midfielder,LEI,11
1059853,Maddison,James Maddison,Midfielder,LEI,49
1059853,Chilwell,Benjamin Chilwell,Defender,LEI,5
1059853,Iheanacho,Kelechi Iheanacho,Forward,LEI,45
1059853,Barnes (Harvey),Harvey Barnes,Midfielder,LEI,-4
1059853,Ndidi,Onyinye Wilfred Ndidi,Midfielder,LEI,21
1059853,Söyüncü,Caglar Söyüncü,Defender,LEI,16
1059853,Justin,James Justin,Defender,LEI,4
1059854,Murray,Glenn Murray,Forward,BHA,3
1059854,Stephens (Dale),Dale Stephens,Midfielder,BHA,27
1059854,Groß,Pascal Groß,Midfielder,BHA,13
1059854,Pröpper,Davy Pröpper,Midfielder,BHA,28
1059854,Mooy,Aaron Mooy,Midfielder,BHA,12
1059854,Burn,Dan Burn,Defender,BHA,-5
1059854,Dunk,Lewis Dunk,Defender,BHA,4
1059854,Webster,Adam Webster,Defender,BHA,8
1059854,Maupay,Neal Maupay,Forward,BHA,32
1059854,Trossard,Leandro Trossard,Midfielder,BHA,18
1059854,Mat Ryan,Mathew Ryan,Goalkeeper,BHA,14
1059854,Jahanbakhsh,Alireza Jahanbakhsh,Midfielder,BHA,4
1059854,Alzate,Steven Alzate,Midfielder,BHA,16
1059854,Moutinho,João Moutinho,Midfielder,WOL,16
1059854,Rui Patrício,Rui Pedro dos Santos Patrício,Goalkeeper,WOL,3
1059854,Doherty,Matt Doherty,Defender,WOL,3
1059854,Coady,Conor Coady,Defender,WOL,5
1059854,Raúl Jiménez,Raul Alonso Jimenez Rodriguez,Forward,WOL,23
1059854,Saiss,Romain Saiss,Defender,WOL,-1
1059854,Jonny,Jonathan Castro Otto,Defender,WOL,13
1059854,Dendoncker,Leander Dendoncker,Midfielder,WOL,14
1059854,Traoré,Adama Traoré,Midfielder,WOL,23
1059854,Ruben Neves,Rúben Diogo da Silva Neves,Midfielder,WOL,12
1059854,Diogo Jota,Diogo José Teixeira da Silva,Midfielder,WOL,45
1059854,Cutrone,Patrick Cutrone,Forward,WOL,5
1059854,Rúben Vinagre,Rúben Gonçalo Silva Nascimento Vinagre,Defender,WOL,3
1059854,Neto,Pedro Neto,Midfielder,WOL,2
1059855,Azpilicueta,César Azpilicueta,Defender,CHE,5
1059855,Willian,Willian Borges Da Silva,Midfielder,CHE,13
1059855,Kovacic,Mateo Kovacic,Midfielder,CHE,38
1059855,Batshuayi,Michy Batshuayi,Forward,CHE,3
1059855,Zouma,Kurt Zouma,Defender,CHE,8
1059855,Kepa,Kepa Arrizabalaga Revuelta,Goalkeeper,CHE,7
1059855,Kanté,N'Golo Kanté,Midfielder,CHE,19
1059855,Christensen,Andreas Christensen,Defender,CHE,5
1059855,Abraham,Tammy Abraham,Forward,CHE,2
1059855,Pulisic,Christian Pulisic,Midfielder,CHE,3
1059855,Mount,Mason Mount,Midfielder,CHE,10
1059855,Hudson-Odoi,Callum Hudson-Odoi,Midfielder,CHE,6
1059855,James (Reece),Reece James,Defender,CHE,13
1059855,Baines,Leighton Baines,Defender,EVE,5
1059855,Walcott,Theo Walcott,Midfielder,EVE,7
1059855,Schneiderlin,Morgan Schneiderlin,Midfielder,EVE,7
1059855,Sigurdsson,Gylfi Sigurdsson,Midfielder,EVE,16
1059855,Bernard,Bernard Anício Caldeira Duarte,Midfielder,EVE,4
1059855,Digne,Lucas Digne,Defender,EVE,3
1059855,Sidibe,Djibril Sidibe,Defender,EVE,25
1059855,Keane,Michael Keane,Defender,EVE,7
1059855,Pickford,Jordan Pickford,Goalkeeper,EVE,11
1059855,Iwobi,Alex Iwobi,Midfielder,EVE,7
1059855,Davies (Tom),Tom Davies,Midfielder,EVE,10
1059855,Calvert-Lewin,Dominic Calvert-Lewin,Forward,EVE,64
1059855,Holgate,Mason Holgate,Defender,EVE,11
1059855,Richarlison,Richarlison de Andrade,Midfielder,EVE,29
1059856,Silva,David Silva,Midfielder,MCI,18
1059856,Fernandinho,Fernando Luiz Rosa,Midfielder,MCI,16
1059856,Otamendi,Nicolás Otamendi,Defender,MCI,14
1059856,Walker,Kyle Walker,Defender,MCI,4
1059856,Gundogan,Ilkay Gundogan,Midfielder,MCI,4
1059856,De Bruyne,Kevin De Bruyne,Midfielder,MCI,19
1059856,Stones,John Stones,Defender,MCI,2
1059856,Mahrez,Riyad Mahrez,Midfielder,MCI,15
1059856,Sterling (Raheem),Raheem Sterling,Midfielder,MCI,15
1059856,Ederson,Ederson Santana de Moraes,Goalkeeper,MCI,9
1059856,Angelino,Jose Angel Esmoris Tasende,Defender,MCI,6
1059856,Bernardo Silva,Bernardo Mota Veiga de Carvalho e Silva,Midfielder,MCI,12
1059856,Jesus,Gabriel Fernando de Jesus,Forward,MCI,3
1059856,Rodri,Rodrigo Hernández Cascante,Midfielder,MCI,22
1059856,Young (Ashley),Ashley Young,Defender,MUN,4
1059856,De Gea,David De Gea,Goalkeeper,MUN,9
1059856,Maguire,Harry Maguire,Defender,MUN,11
1059856,Fred,Frederico Rodrigues de Paula Santos,Midfielder,MUN,12
1059856,Shaw,Luke Shaw,Defender,MUN,6
1059856,Lingard,Jesse Lingard,Midfielder,MUN,8
1059856,Martial,Anthony Martial,Midfielder,MUN,31
1059856,Pereira,Andreas Pereira,Midfielder,MUN,2
1059856,Rashford,Marcus Rashford,Midfielder,MUN,25
1059856,Tuanzebe,Axel Tuanzebe,Defender,MUN,3
1059856,Lindelof,Victor Nilsson-Lindelof,Defender,MUN,15
1059856,McTominay,Scott McTominay,Midfielder,MUN,15
1059856,James (Daniel),Daniel James,Midfielder,MUN,21
1059856,Wan-Bissaka,Aaron Wan-Bissaka,Defender,MUN,21
1059857,Carroll,Andy Carroll,Forward,NEW,18
1059857,Shelvey,Jonjo Shelvey,Midfielder,NEW,29
1059857,Fernández,Federico Fernández,Defender,NEW,26
1059857,Clark (Ciaran),Ciaran Clark,Defender,NEW,7
1059857,Dubravka,Martin Dubravka,Goalkeeper,NEW,10
1059857,Willems,Jetro Willems,Defender,NEW,5
1059857,Dummett,Paul Dummett,Defender,NEW,8
1059857,Manquillo,Javier Manquillo,Defender,NEW,6
1059857,Schär,Fabian Schär,Defender,NEW,0
1059857,Hayden (Isaac),Isaac Hayden,Midfielder,NEW,9
1059857,Saint-Maximin,Allan Saint-Maximin,Midfielder,NEW,18
1059857,Almirón,Miguel Almirón,Midfielder,NEW,13
1059857,Longstaff (Sean),Sean Longstaff,Midfielder,NEW,13
1059857,Joelinton,Joelinton Cássio Apolinário de Lira,Forward,NEW,2
1059857,Long (Shane),Shane Long,Forward,SOU,9
1059857,Bertrand,Ryan Bertrand,Defender,SOU,0
1059857,McCarthy (Alex),Alex McCarthy,Goalkeeper,SOU,9
1059857,Cedric,Cedric Ricardo Alves Soares,Defender,SOU,-6
1059857,Redmond,Nathan Redmond,Midfielder,SOU,22
1059857,Ings,Danny Ings,Forward,SOU,26
1059857,Stephens (Jack),Jack Stephens,Defender,SOU,11
1059857,Ward-Prowse,James Ward-Prowse,Midfielder,SOU,11
1059857,Boufal,Sofiane Boufal,Midfielder,SOU,2
1059857,Højbjerg,Pierre-Emile Højbjerg,Midfielder,SOU,8
1059857,Bednarek,Jan Bednarek,Defender,SOU,9
1059857,Adams,Che Adams,Forward,SOU,3
1059857,Djenepo,Moussa Djenepo,Midfielder,SOU,11
1059858,Tettey,Alexander Tettey,Midfielder,NOR,36
1059858,Krul,Tim Krul,Goalkeeper,NOR,4
1059858,Vrancic,Mario Vrancic,Midfielder,NOR,11
1059858,Pukki,Teemu Pukki,Forward,NOR,7
1059858,Kenny McLean,Kenneth McLean,Midfielder,NOR,12
1059858,Hernández (Onel),Onel Hernández,Midfielder,NOR,7
1059858,Byram,Sam Byram,Defender,NOR,8
1059858,Srbeny,Dennis Srbeny,Forward,NOR,0
1059858,Zimmermann,Christoph Zimmermann,Defender,NOR,14
1059858,Cantwell,Todd Cantwell,Midfielder,NOR,6
1059858,Lewis (Jamal),Jamal Lewis,Defender,NOR,1
1059858,Buendía,Emiliano Buendía,Midfielder,NOR,29
1059858,Godfrey,Ben Godfrey,Defender,NOR,1
1059858,Aarons (Maximillian),Maximillian Aarons,Defender,NOR,5
1059858,McGoldrick,David McGoldrick,Forward,SHU,8
1059858,Basham,Chris Basham,Defender,SHU,3
1059858,Fleck,John Fleck,Midfielder,SHU,19
1059858,Stevens,Enda Stevens,Defender,SHU,22
1059858,Norwood,Oliver Norwood,Midfielder,SHU,6
1059858,Baldock,George Baldock,Defender,SHU,36
1059858,Besic,Muhamed Besic,Midfielder,SHU,8
1059858,Egan,John Egan,Defender,SHU,11
1059858,O'Connell,Jack O'Connell,Defender,SHU,11
1059858,Lundstram,John Lundstram,Defender,SHU,10
1059858,McBurnie,Oliver McBurnie,Forward,SHU,3
1059858,Robinson (Callum),Callum Robinson,Midfielder,SHU,-3
1059858,Henderson (Dean),Dean Henderson,Goalkeeper,SHU,13
1059858,Mousset,Lys Mousset,Forward,SHU,2
1059859,Lennon,Aaron Lennon,Midfielder,BUR,3
1059859,Tarkowski,James Tarkowski,Defender,BUR,-2
1059859,Pieters,Erik Pieters,Defender,BUR,-7
1059859,Cork,Jack Cork,Midfielder,BUR,13
1059859,Rodriguez,Jay Rodriguez,Forward,BUR,-2
1059859,Mee,Ben Mee,Defender,BUR,-5
1059859,Wood,Chris Wood,Forward,BUR,2
1059859,Lowton,Matthew Lowton,Defender,BUR,-11
1059859,Vydra,Matej Vydra,Forward,BUR,0
1059859,Hendrick,Jeff Hendrick,Midfielder,BUR,16
1059859,Brady,Robert Brady,Midfielder,BUR,2
1059859,Pope,Nick Pope,Goalkeeper,BUR,-6
1059859,McNeil,Dwight McNeil,Midfielder,BUR,23
1059859,Vertonghen,Jan Vertonghen,Defender,TOT,50
1059859,Sissoko,Moussa Sissoko,Midfielder,TOT,27
1059859,Alderweireld,Toby Alderweireld,Defender,TOT,25
1059859,Kane (Harry),Harry Kane,Forward,TOT,74
1059859,Aurier,Serge Aurier,Defender,TOT,22
1059859,Son,Heung-Min Son,Midfielder,TOT,49
1059859,Dier,Eric Dier,Midfielder,TOT,6
1059859,Lucas Moura,Lucas Rodrigues Moura da Silva,Midfielder,TOT,36
1059859,Gazzaniga,Paulo Gazzaniga,Goalkeeper,TOT,25
1059859,Alli,Bamidele Alli,Midfielder,TOT,31
1059859,Sánchez (Davinson),Davinson Sánchez,Defender,TOT,28
1059859,Sessegnon (Ryan),Kouassi Ryan Sessegnon,Midfielder,TOT,3
1059859,Skipp,Oliver Skipp,Midfielder,TOT,2
1059859,Parrott,Troy Parrott,Forward,TOT,3
1059860,Cahill,Gary Cahill,Defender,CRY,27
1059860,Guaita,Vicente Guaita,Goalkeeper,CRY,31
1059860,Tomkins,James Tomkins,Defender,CRY,21
1059860,McArthur,James McArthur,Midfielder,CRY,15
1059860,McCarthy (James),James McCarthy,Midfielder,CRY,3
1059860,Benteke,Christian Benteke,Forward,CRY,4
1059860,Kouyaté,Cheikhou Kouyaté,Midfielder,CRY,8
1059860,Kelly (Martin),Martin Kelly,Defender,CRY,26
1059860,Townsend,Andros Townsend,Midfielder,CRY,5
1059860,Milivojevic,Luka Milivojevic,Midfielder,CRY,16
1059860,Ayew,Jordan Ayew,Forward,CRY,8
1059860,Zaha,Wilfried Zaha,Midfielder,CRY,11
1059860,Schlupp,Jeffrey Schlupp,Midfielder,CRY,5
1059860,Riedewald,Jairo Riedewald,Midfielder,CRY,5
1059860,Foster,Ben Foster,Goalkeeper,WAT,21
1059860,Capoue,Etienne Capoue,Midfielder,WAT,8
1059860,Cathcart,Craig Cathcart,Defender,WAT,21
1059860,Deeney,Troy Deeney,Forward,WAT,11
1059860,Femenía,Francisco Femenía Far,Defender,WAT,26
1059860,Pereyra,Roberto Pereyra,Midfielder,WAT,10
1059860,Gray (Andre),Andre Gray,Forward,WAT,3
1059860,Kabasele,Christian Kabasele,Defender,WAT,24
1059860,Chalobah (Nathaniel),Nathaniel Chalobah,Midfielder,WAT,3
1059860,Deulofeu,Gerard Deulofeu,Forward,WAT,17
1059860,Doucouré,Abdoulaye Doucouré,Midfielder,WAT,12
1059860,Masina,Adam Masina,Defender,WAT,22
1059860,Ismaila Sarr,Ismaila Sarr,Midfielder,WAT,20
1059861,Ozil,Mesut Ozil,Midfielder,ARS,10
1059861,Sokratis,Sokratis Papastathopoulos,Defender,ARS,8
1059861,Aubameyang,Pierre-Emerick Aubameyang,Forward,ARS,47
1059861,Leno,Bernd Leno,Goalkeeper,ARS,15
1059861,Xhaka,Granit Xhaka,Midfielder,ARS,12
1059861,Chambers,Calum Chambers,Defender,ARS,10
1059861,Kolasinac,Sead Kolasinac,Defender,ARS,20
1059861,Maitland-Niles,Ainsley Maitland-Niles,Defender,ARS,13
1059861,Tierney,Kieran Tierney,Defender,ARS,4
1059861,Pepe,Nicolas Pepe,Midfielder,ARS,40
1059861,Torreira,Lucas Torreira,Midfielder,ARS,21
1059861,Nelson,Reiss Nelson,Midfielder,ARS,3
1059861,Guendouzi,Matteo Guendouzi,Midfielder,ARS,3
1059861,Martinelli,Gabriel Teodoro Martinelli Silva,Forward,ARS,36
1059861,Noble,Mark Noble,Midfielder,WHU,12
1059861,Snodgrass,Robert Snodgrass,Midfielder,WHU,11
1059861,Martin (David),David Martin,Goalkeeper,WHU,-5
1059861,Ogbonna,Angelo Ogbonna,Defender,WHU,9
1059861,Cresswell,Aaron Cresswell,Defender,WHU,1
1059861,Antonio,Michail Antonio,Forward,WHU,8
1059861,Fredericks,Ryan Fredericks,Defender,WHU,-2
1059861,Felipe Anderson,Felipe Anderson Pereira Gomes,Midfielder,WHU,11
1059861,Haller,Sébastien Haller,Forward,WHU,2
1059861,Masuaku,Arthur Masuaku,Defender,WHU,-5
1059861,Balbuena,Fabián Balbuena,Defender,WHU,-2
1059861,Holland,Nathan Holland,Midfielder,WHU,6
1059861,Rice,Declan Rice,Midfielder,WHU,22
1059861,Fornals,Pablo Fornals,Midfielder,WHU,16
1059862,Ozil,Mesut Ozil,Midfielder,ARS,8
1059862,Sokratis,Sokratis Papastathopoulos,Defender,ARS,-5
1059862,Aubameyang,Pierre-Emerick Aubameyang,Forward,ARS,6
1059862,Leno,Bernd Leno,Goalkeeper,ARS,4
1059862,Chambers,Calum Chambers,Defender,ARS,1
1059862,Kolasinac,Sead Kolasinac,Defender,ARS,-6
1059862,Maitland-Niles,Ainsley Maitland-Niles,Defender,ARS,8
1059862,Pepe,Nicolas Pepe,Midfielder,ARS,13
1059862,Torreira,Lucas Torreira,Midfielder,ARS,19
1059862,Willock,Joseph Willock,Midfielder,ARS,2
1059862,Smith-Rowe,Emile Smith-Rowe,Midfielder,ARS,6
1059862,Saka,Bukayo Saka,Midfielder,ARS,6
1059862,Guendouzi,Matteo Guendouzi,Midfielder,ARS,15
1059862,Martinelli,Gabriel Teodoro Martinelli Silva,Forward,ARS,9
1059862,Fernandinho,Fernando Luiz Rosa,Midfielder,MCI,15
1059862,Otamendi,Nicolás Otamendi,Defender,MCI,32
1059862,Walker,Kyle Walker,Defender,MCI,28
1059862,Gundogan,Ilkay Gundogan,Midfielder,MCI,11
1059862,De Bruyne,Kevin De Bruyne,Midfielder,MCI,64
1059862,Mendy (Benjamin),Benjamin Mendy,Defender,MCI,21
1059862,Mahrez,Riyad Mahrez,Midfielder,MCI,4
1059862,Sterling (Raheem),Raheem Sterling,Midfielder,MCI,34
1059862,Ederson,Ederson Santana de Moraes,Goalkeeper,MCI,22
1059862,Bernardo Silva,Bernardo Mota Veiga de Carvalho e Silva,Midfielder,MCI,10
1059862,Jesus,Gabriel Fernando de Jesus,Forward,MCI,14
1059862,Zinchenko,Oleksandr Zinchenko,Defender,MCI,4
1059862,Foden,Phil Foden,Midfielder,MCI,14
1059862,Rodri,Rodrigo Hernández Cascante,Midfielder,MCI,8
1059863,Tarkowski,James Tarkowski,Defender,BUR,25
1059863,Bardsley,Phillip Bardsley,Defender,BUR,20
1059863,Pieters,Erik Pieters,Defender,BUR,26
1059863,Cork,Jack Cork,Midfielder,BUR,11
1059863,Rodriguez,Jay Rodriguez,Forward,BUR,3
1059863,Barnes (Ashley),Ashley Barnes,Forward,BUR,9
1059863,Mee,Ben Mee,Defender,BUR,26
1059863,Westwood,Ashley Roy Westwood,Midfielder,BUR,27
1059863,Wood,Chris Wood,Forward,BUR,31
1059863,Hendrick,Jeff Hendrick,Midfielder,BUR,11
1059863,Pope,Nick Pope,Goalkeeper,BUR,21
1059863,McNeil,Dwight McNeil,Midfielder,BUR,21
1059863,Carroll,Andy Carroll,Forward,NEW,-1
1059863,Fernández,Federico Fernández,Defender,NEW,6
1059863,Dubravka,Martin Dubravka,Goalkeeper,NEW,10
1059863,Willems,Jetro Willems,Defender,NEW,5
1059863,Gayle,Dwight Gayle,Forward,NEW,0
1059863,Atsu,Christian Atsu,Midfielder,NEW,5
1059863,Dummett,Paul Dummett,Defender,NEW,10
1059863,Manquillo,Javier Manquillo,Defender,NEW,7
1059863,Schär,Fabian Schär,Defender,NEW,12
1059863,Hayden (Isaac),Isaac Hayden,Midfielder,NEW,16
1059863,Longstaff (Sean),Sean Longstaff,Midfielder,NEW,10
1059863,Joelinton,Joelinton Cássio Apolinário de Lira,Forward,NEW,8
1059863,Muto,Yoshinori Muto,Forward,NEW,3
1059864,Francis (Simon),Simon Francis,Defender,BOU,28
1059864,Gosling,Dan Gosling,Midfielder,BOU,27
1059864,King (Joshua),Joshua King,Forward,BOU,5
1059864,Fraser,Ryan Fraser,Midfielder,BOU,11
1059864,Lerma,Jefferson Lerma,Midfielder,BOU,31
1059864,Stacey,Jack Stacey,Defender,BOU,25
1059864,Solanke,Dominic Solanke,Forward,BOU,3
1059864,Cook (Lewis),Lewis Cook,Midfielder,BOU,0
1059864,Billing,Philip Billing,Midfielder,BOU,10
1059864,Rico,Diego Rico,Defender,BOU,28
1059864,Mepham,Chris Mepham,Defender,BOU,24
1059864,Ramsdale,Aaron Ramsdale,Goalkeeper,BOU,32
1059864,Azpilicueta,César Azpilicueta,Defender,CHE,22
1059864,Willian,Willian Borges Da Silva,Midfielder,CHE,17
1059864,Jorginho,Jorge Luiz Frello Filho,Midfielder,CHE,24
1059864,Kovacic,Mateo Kovacic,Midfielder,CHE,7
1059864,Batshuayi,Michy Batshuayi,Forward,CHE,3
1059864,Rüdiger,Antonio Rüdiger,Defender,CHE,15
1059864,Zouma,Kurt Zouma,Defender,CHE,13
1059864,Emerson,Emerson Palmieri dos Santos,Defender,CHE,13
1059864,Kepa,Kepa Arrizabalaga Revuelta,Goalkeeper,CHE,10
1059864,Kanté,N'Golo Kanté,Midfielder,CHE,13
1059864,Abraham,Tammy Abraham,Forward,CHE,7
1059864,Pulisic,Christian Pulisic,Midfielder,CHE,4
1059864,Mount,Mason Mount,Midfielder,CHE,14
1059864,Hudson-Odoi,Callum Hudson-Odoi,Midfielder,CHE,1
1059865,Groß,Pascal Groß,Midfielder,BHA,32
1059865,Duffy (Shane),Shane Duffy,Defender,BHA,3
1059865,Pröpper,Davy Pröpper,Midfielder,BHA,13
1059865,Mooy,Aaron Mooy,Midfielder,BHA,9
1059865,Burn,Dan Burn,Defender,BHA,12
1059865,Dunk,Lewis Dunk,Defender,BHA,14
1059865,Montoya,Martín Montoya,Defender,BHA,9
1059865,Webster,Adam Webster,Defender,BHA,12
1059865,Maupay,Neal Maupay,Forward,BHA,27
1059865,Trossard,Leandro Trossard,Midfielder,BHA,16
1059865,Mat Ryan,Mathew Ryan,Goalkeeper,BHA,11
1059865,Bernardo,Bernardo Fernandes da Silva Junior,Defender,BHA,3
1059865,Bissouma,Yves Bissouma,Midfielder,BHA,21
1059865,Alzate,Steven Alzate,Midfielder,BHA,3
1059865,Dann,Scott Dann,Defender,CRY,5
1059865,Guaita,Vicente Guaita,Goalkeeper,CRY,25
1059865,Tomkins,James Tomkins,Defender,CRY,20
1059865,McArthur,James McArthur,Midfielder,CRY,9
1059865,McCarthy (James),James McCarthy,Midfielder,CRY,8
1059865,Benteke,Christian Benteke,Forward,CRY,4
1059865,Kouyaté,Cheikhou Kouyaté,Midfielder,CRY,7
1059865,Kelly (Martin),Martin Kelly,Defender,CRY,13
1059865,Milivojevic,Luka Milivojevic,Midfielder,CRY,12
1059865,Ayew,Jordan Ayew,Forward,CRY,11
1059865,Zaha,Wilfried Zaha,Midfielder,CRY,35
1059865,Meyer,Max Meyer,Midfielder,CRY,3
1059865,Riedewald,Jairo Riedewald,Midfielder,CRY,7
1059866,Schmeichel,Kasper Schmeichel,Goalkeeper,LEI,8
1059866,Evans (Jonny),Jonny Evans,Defender,LEI,10
1059866,Vardy,Jamie Vardy,Forward,LEI,18
1059866,Praet,Dennis Praet,Midfielder,LEI,14
1059866,Ricardo Pereira,Ricardo Domingos Barbosa Pereira,Defender,LEI,11
1059866,Tielemans,Youri Tielemans,Midfielder,LEI,15
1059866,Gray (Demarai),Demarai Gray,Midfielder,LEI,4
1059866,Maddison,James Maddison,Midfielder,LEI,21
1059866,Chilwell,Benjamin Chilwell,Defender,LEI,17
1059866,Iheanacho,Kelechi Iheanacho,Forward,LEI,1
1059866,Barnes (Harvey),Harvey Barnes,Midfielder,LEI,1
1059866,Ndidi,Onyinye Wilfred Ndidi,Midfielder,LEI,22
1059866,Söyüncü,Caglar Söyüncü,Defender,LEI,18
1059866,Tettey,Alexander Tettey,Midfielder,NOR,8
1059866,Krul,Tim Krul,Goalkeeper,NOR,7
1059866,Vrancic,Mario Vrancic,Midfielder,NOR,3
1059866,Pukki,Teemu Pukki,Forward,NOR,28
1059866,Stiepermann,Marco Stiepermann,Midfielder,NOR,6
1059866,Kenny McLean,Kenneth McLean,Midfielder,NOR,14
1059866,Hernández (Onel),Onel Hernández,Midfielder,NOR,4
1059866,Trybull,Tom Trybull,Midfielder,NOR,8
1059866,Byram,Sam Byram,Defender,NOR,11
1059866,Zimmermann,Christoph Zimmermann,Defender,NOR,6
1059866,Cantwell,Todd Cantwell,Midfielder,NOR,13
1059866,Buendía,Emiliano Buendía,Midfielder,NOR,22
1059866,Godfrey,Ben Godfrey,Defender,NOR,8
1059866,Aarons (Maximillian),Maximillian Aarons,Defender,NOR,14
1059867,Milner,James Milner,Midfielder,LIV,13
1059867,Wijnaldum,Georginio Wijnaldum,Midfielder,LIV,6
1059867,Henderson (Jordan),Jordan Henderson,Midfielder,LIV,6
1059867,Shaqiri,Xherdan Shaqiri,Midfielder,LIV,7
1059867,Oxlade-Chamberlain,Alex Oxlade-Chamberlain,Midfielder,LIV,1
1059867,Firmino,Roberto Firmino Barbosa de Oliveira,Forward,LIV,16
1059867,van Dijk,Virgil van Dijk,Defender,LIV,27
1059867,Mane,Sadio Mane,Midfielder,LIV,18
1059867,Alisson,Alisson Ramses Becker,Goalkeeper,LIV,25
1059867,Salah,Mohamed Salah,Midfielder,LIV,44
1059867,Robertson,Andrew Robertson,Defender,LIV,4
1059867,Origi,Divock Origi,Forward,LIV,15
1059867,Alexander-Arnold,Trent Alexander-Arnold,Defender,LIV,20
1059867,Gomez,Joseph Gomez,Defender,LIV,31
1059867,Foster,Ben Foster,Goalkeeper,WAT,10
1059867,Mariappa,Adrian Mariappa,Defender,WAT,0
1059867,Capoue,Etienne Capoue,Midfielder,WAT,5
1059867,Cathcart,Craig Cathcart,Defender,WAT,10
1059867,Deeney,Troy Deeney,Forward,WAT,9
1059867,Femenía,Francisco Femenía Far,Defender,WAT,15
1059867,Gray (Andre),Andre Gray,Forward,WAT,2
1059867,Kabasele,Christian Kabasele,Defender,WAT,13
1059867,Deulofeu,Gerard Deulofeu,Forward,WAT,8
1059867,Hughes,Will Hughes,Midfielder,WAT,13
1059867,Doucouré,Abdoulaye Doucouré,Midfielder,WAT,14
1059867,Quina,Domingos Quina,Midfielder,WAT,3
1059867,Ismaila Sarr,Ismaila Sarr,Midfielder,WAT,6
1059868,Baines,Leighton Baines,Defender,EVE,12
1059868,Coleman,Seamus Coleman,Defender,EVE,6
1059868,Bernard,Bernard Anício Caldeira Duarte,Midfielder,EVE,6
1059868,Digne,Lucas Digne,Defender,EVE,4
1059868,Keane,Michael Keane,Defender,EVE,6
1059868,Pickford,Jordan Pickford,Goalkeeper,EVE,19
1059868,Niasse,Oumar Niasse,Forward,EVE,2
1059868,Iwobi,Alex Iwobi,Midfielder,EVE,13
1059868,Mina,Yerry Mina,Defender,EVE,7
1059868,Davies (Tom),Tom Davies,Midfielder,EVE,6
1059868,Calvert-Lewin,Dominic Calvert-Lewin,Forward,EVE,8
1059868,Holgate,Mason Holgate,Defender,EVE,11
1059868,Richarlison,Richarlison de Andrade,Midfielder,EVE,1
1059868,Kean,Moise Kean,Forward,EVE,0
1059868,Mata,Juan Mata,Midfielder,MUN,3
1059868,De Gea,David De Gea,Goalkeeper,MUN,7
1059868,Maguire,Harry Maguire,Defender,MUN,9
1059868,Fred,Frederico Rodrigues de Paula Santos,Midfielder,MUN,21
1059868,Shaw,Luke Shaw,Defender,MUN,13
1059868,Lingard,Jesse Lingard,Midfielder,MUN,1
1059868,Martial,Anthony Martial,Midfielder,MUN,7
1059868,Rashford,Marcus Rashford,Midfielder,MUN,8
1059868,Lindelof,Victor Nilsson-Lindelof,Defender,MUN,-3
1059868,McTominay,Scott McTominay,Midfielder,MUN,19
1059868,James (Daniel),Daniel James,Midfielder,MUN,26
1059868,Wan-Bissaka,Aaron Wan-Bissaka,Defender,MUN,20
1059868,Greenwood,Mason Greenwood,Forward,MUN,30
1059869,Heaton,Tom Heaton,Goalkeeper,AVL,3
1059869,Lansbury,Henri Lansbury,Midfielder,AVL,7
1059869,Kodjia,Jonathan Kodjia,Forward,AVL,3
1059869,Engels,Björn Engels,Defender,AVL,12
1059869,Grealish,Jack Grealish,Midfielder,AVL,-5
1059869,McGinn,John McGinn,Midfielder,AVL,21
1059869,Hause,Kortney Hause,Defender,AVL,-1
1059869,Trezeguet,Mahmoud Hassan,Midfielder,AVL,3
1059869,Targett,Matt Targett,Defender,AVL,-1
1059869,Nakamba,Marvelous Nakamba,Midfielder,AVL,17
1059869,El Ghazi,Anwar El Ghazi,Midfielder,AVL,8
1059869,Guilbert,Frederic Guilbert,Defender,AVL,5
1059869,Wesley,Wesley Moraes Ferreira da Silva,Forward,AVL,7
1059869,Douglas Luiz,Douglas Luiz Soares de Paulo,Midfielder,AVL,4
1059869,McGoldrick,David McGoldrick,Forward,SHU,16
1059869,Basham,Chris Basham,Defender,SHU,28
1059869,Fleck,John Fleck,Midfielder,SHU,55
1059869,Stevens,Enda Stevens,Defender,SHU,25
1059869,Norwood,Oliver Norwood,Midfielder,SHU,19
1059869,Baldock,George Baldock,Defender,SHU,19
1059869,Besic,Muhamed Besic,Midfielder,SHU,3
1059869,Egan,John Egan,Defender,SHU,23
1059869,O'Connell,Jack O'Connell,Defender,SHU,23
1059869,Lundstram,John Lundstram,Defender,SHU,37
1059869,Osborn,Ben Osborn,Midfielder,SHU,3
1059869,McBurnie,Oliver McBurnie,Forward,SHU,6
1059869,Henderson (Dean),Dean Henderson,Goalkeeper,SHU,20
1059869,Mousset,Lys Mousset,Forward,SHU,5
1059870,Long (Shane),Shane Long,Forward,SOU,2
1059870,Bertrand,Ryan Bertrand,Defender,SOU,13
1059870,McCarthy (Alex),Alex McCarthy,Goalkeeper,SOU,11
1059870,Cedric,Cedric Ricardo Alves Soares,Defender,SOU,9
1059870,Romeu,Oriol Romeu,Midfielder,SOU,13
1059870,Redmond,Nathan Redmond,Midfielder,SOU,0
1059870,Ings,Danny Ings,Forward,SOU,3
1059870,Stephens (Jack),Jack Stephens,Defender,SOU,9
1059870,Armstrong (Stuart),Stuart Armstrong,Midfielder,SOU,3
1059870,Ward-Prowse,James Ward-Prowse,Midfielder,SOU,14
1059870,Højbjerg,Pierre-Emile Højbjerg,Midfielder,SOU,12
1059870,Bednarek,Jan Bednarek,Defender,SOU,16
1059870,Adams,Che Adams,Forward,SOU,3
1059870,Djenepo,Moussa Djenepo,Midfielder,SOU,16
1059870,Noble,Mark Noble,Midfielder,WHU,11
1059870,Snodgrass,Robert Snodgrass,Midfielder,WHU,4
1059870,Martin (David),David Martin,Goalkeeper,WHU,20
1059870,Ogbonna,Angelo Ogbonna,Defender,WHU,22
1059870,Sánchez (Carlos),Carlos Sánchez,Midfielder,WHU,2
1059870,Cresswell,Aaron Cresswell,Defender,WHU,22
1059870,Yarmolenko,Andriy Yarmolenko,Midfielder,WHU,0
1059870,Antonio,Michail Antonio,Forward,WHU,13
1059870,Fredericks,Ryan Fredericks,Defender,WHU,28
1059870,Haller,Sébastien Haller,Forward,WHU,44
1059870,Balbuena,Fabián Balbuena,Defender,WHU,25
1059870,Rice,Declan Rice,Midfielder,WHU,9
1059870,Fornals,Pablo Fornals,Midfielder,WHU,21
1059870,Diop,Issa Diop,Defender,WHU,4
1059871,Vertonghen,Jan Vertonghen,Defender,TOT,25
1059871,Sissoko,Moussa Sissoko,Midfielder,TOT,20
1059871,Alderweireld,Toby Alderweireld,Defender,TOT,7
1059871,Kane (Harry),Harry Kane,Forward,TOT,13
1059871,Aurier,Serge Aurier,Defender,TOT,10
1059871,Eriksen,Christian Eriksen,Midfielder,TOT,13
1059871,Son,Heung-Min Son,Midfielder,TOT,13
1059871,Dier,Eric Dier,Midfielder,TOT,17
1059871,Lucas Moura,Lucas Rodrigues Moura da Silva,Midfielder,TOT,33
1059871,Gazzaniga,Paulo Gazzaniga,Goalkeeper,TOT,12
1059871,Alli,Bamidele Alli,Midfielder,TOT,17
1059871,Winks,Harry Winks,Midfielder,TOT,5
1059871,Sánchez (Davinson),Davinson Sánchez,Defender,TOT,7
1059871,Foyth,Juan Foyth,Defender,TOT,3
1059871,Moutinho,João Moutinho,Midfielder,WOL,24
1059871,Rui Patrício,Rui Pedro dos Santos Patrício,Goalkeeper,WOL,7
1059871,Doherty,Matt Doherty,Defender,WOL,5
1059871,Coady,Conor Coady,Defender,WOL,7
1059871,Raúl Jiménez,Raul Alonso Jimenez Rodriguez,Forward,WOL,16
1059871,Saiss,Romain Saiss,Defender,WOL,2
1059871,Jonny,Jonathan Castro Otto,Defender,WOL,3
1059871,Dendoncker,Leander Dendoncker,Midfielder,WOL,8
1059871,Traoré,Adama Traoré,Midfielder,WOL,41
1059871,Ruben Neves,Rúben Diogo da Silva Neves,Midfielder,WOL,14
1059871,Diogo Jota,Diogo José Teixeira da Silva,Midfielder,WOL,12
1059872,Francis (Simon),Simon Francis,Defender,BOU,8
1059872,Gosling,Dan Gosling,Midfielder,BOU,10
1059872,Wilson (Callum),Callum Wilson,Forward,BOU,2
1059872,King (Joshua),Joshua King,Forward,BOU,5
1059872,Fraser,Ryan Fraser,Midfielder,BOU,12
1059872,Lerma,Jefferson Lerma,Midfielder,BOU,9
1059872,Stacey,Jack Stacey,Defender,BOU,11
1059872,Solanke,Dominic Solanke,Forward,BOU,4
1059872,Cook (Lewis),Lewis Cook,Midfielder,BOU,-1
1059872,Billing,Philip Billing,Midfielder,BOU,25
1059872,Rico,Diego Rico,Defender,BOU,7
1059872,Mepham,Chris Mepham,Defender,BOU,12
1059872,Ramsdale,Aaron Ramsdale,Goalkeeper,BOU,8
1059872,Lennon,Aaron Lennon,Midfielder,BUR,1
1059872,Tarkowski,James Tarkowski,Defender,BUR,21
1059872,Bardsley,Phillip Bardsley,Defender,BUR,20
1059872,Cork,Jack Cork,Midfielder,BUR,6
1059872,Rodriguez,Jay Rodriguez,Forward,BUR,34
1059872,Barnes (Ashley),Ashley Barnes,Forward,BUR,3
1059872,Mee,Ben Mee,Defender,BUR,21
1059872,Westwood,Ashley Roy Westwood,Midfielder,BUR,13
1059872,Wood,Chris Wood,Forward,BUR,-1
1059872,Hendrick,Jeff Hendrick,Midfielder,BUR,4
1059872,Brady,Robert Brady,Midfielder,BUR,3
1059872,Pope,Nick Pope,Goalkeeper,BUR,22
1059872,Taylor (Charlie),Charlie Taylor,Defender,BUR,25
1059872,McNeil,Dwight McNeil,Midfielder,BUR,1
1059873,Heaton,Tom Heaton,Goalkeeper,AVL,8
1059873,Kodjia,Jonathan Kodjia,Forward,AVL,1
1059873,Hourihane,Conor Hourihane,Midfielder,AVL,4
1059873,Engels,Björn Engels,Defender,AVL,-1
1059873,Grealish,Jack Grealish,Midfielder,AVL,43
1059873,McGinn,John McGinn,Midfielder,AVL,2
1059873,Hause,Kortney Hause,Defender,AVL,0
1059873,Trezeguet,Mahmoud Hassan,Midfielder,AVL,7
1059873,Targett,Matt Targett,Defender,AVL,1
1059873,Nakamba,Marvelous Nakamba,Midfielder,AVL,17
1059873,El Ghazi,Anwar El Ghazi,Midfielder,AVL,3
1059873,Guilbert,Frederic Guilbert,Defender,AVL,5
1059873,Wesley,Wesley Moraes Ferreira da Silva,Forward,AVL,2
1059873,Douglas Luiz,Douglas Luiz Soares de Paulo,Midfielder,AVL,14
1059873,Long (Shane),Shane Long,Forward,SOU,13
1059873,Bertrand,Ryan Bertrand,Defender,SOU,10
1059873,McCarthy (Alex),Alex McCarthy,Goalkeeper,SOU,16
1059873,Cedric,Cedric Ricardo Alves Soares,Defender,SOU,4
1059873,Romeu,Oriol Romeu,Midfielder,SOU,2
1059873,Redmond,Nathan Redmond,Midfielder,SOU,7
1059873,Ings,Danny Ings,Forward,SOU,63
1059873,Stephens (Jack),Jack Stephens,Defender,SOU,35
1059873,Armstrong (Stuart),Stuart Armstrong,Midfielder,SOU,8
1059873,Ward-Prowse,James Ward-Prowse,Midfielder,SOU,30
1059873,Højbjerg,Pierre-Emile Højbjerg,Midfielder,SOU,18
1059873,Bednarek,Jan Bednarek,Defender,SOU,11
1059873,Adams,Che Adams,Forward,SOU,1
1059873,Obafemi,Michael Obafemi,Forward,SOU,3
1059874,Murray,Glenn Murray,Forward,BHA,0
1059874,Stephens (Dale),Dale Stephens,Midfielder,BHA,12
1059874,Groß,Pascal Groß,Midfielder,BHA,4
1059874,Pröpper,Davy Pröpper,Midfielder,BHA,12
1059874,Mooy,Aaron Mooy,Midfielder,BHA,15
1059874,Burn,Dan Burn,Defender,BHA,16
1059874,Dunk,Lewis Dunk,Defender,BHA,14
1059874,Montoya,Martín Montoya,Defender,BHA,5
1059874,Webster,Adam Webster,Defender,BHA,5
1059874,Maupay,Neal Maupay,Forward,BHA,7
1059874,Trossard,Leandro Trossard,Midfielder,BHA,3
1059874,Mat Ryan,Mathew Ryan,Goalkeeper,BHA,10
1059874,Bissouma,Yves Bissouma,Midfielder,BHA,2
1059874,Connolly,Aaron Connolly,Forward,BHA,2
1059874,McGoldrick,David McGoldrick,Forward,SHU,2
1059874,Basham,Chris Basham,Defender,SHU,20
1059874,Freeman (Luke),Luke Freeman,Midfielder,SHU,4
1059874,Stevens,Enda Stevens,Defender,SHU,18
1059874,Norwood,Oliver Norwood,Midfielder,SHU,13
1059874,Baldock,George Baldock,Defender,SHU,22
1059874,Besic,Muhamed Besic,Midfielder,SHU,4
1059874,Egan,John Egan,Defender,SHU,23
1059874,O'Connell,Jack O'Connell,Defender,SHU,26
1059874,Lundstram,John Lundstram,Defender,SHU,23
1059874,Osborn,Ben Osborn,Midfielder,SHU,8
1059874,McBurnie,Oliver McBurnie,Forward,SHU,35
1059874,Henderson (Dean),Dean Henderson,Goalkeeper,SHU,34
1059874,Mousset,Lys Mousset,Forward,SHU,1
1059875,Luiz,David Luiz Moreira Marinho,Defender,ARS,26
1059875,Aubameyang,Pierre-Emerick Aubameyang,Forward,ARS,5
1059875,Lacazette,Alexandre Lacazette,Forward,ARS,4
1059875,Leno,Bernd Leno,Goalkeeper,ARS,21
1059875,Xhaka,Granit Xhaka,Midfielder,ARS,15
1059875,Chambers,Calum Chambers,Defender,ARS,30
1059875,Maitland-Niles,Ainsley Maitland-Niles,Defender,ARS,26
1059875,Torreira,Lucas Torreira,Midfielder,ARS,23
1059875,Willock,Joseph Willock,Midfielder,ARS,2
1059875,Nelson,Reiss Nelson,Midfielder,ARS,8
1059875,Smith-Rowe,Emile Smith-Rowe,Midfielder,ARS,8
1059875,Saka,Bukayo Saka,Midfielder,ARS,11
1059875,Martinelli,Gabriel Teodoro Martinelli Silva,Forward,ARS,4
1059875,Delph,Fabian Delph,Midfielder,EVE,16
1059875,Sigurdsson,Gylfi Sigurdsson,Midfielder,EVE,2
1059875,Tosun,Cenk Tosun,Forward,EVE,5
1059875,Digne,Lucas Digne,Defender,EVE,26
1059875,Sidibe,Djibril Sidibe,Defender,EVE,28
1059875,Keane,Michael Keane,Defender,EVE,3
1059875,Pickford,Jordan Pickford,Goalkeeper,EVE,24
1059875,Iwobi,Alex Iwobi,Midfielder,EVE,3
1059875,Mina,Yerry Mina,Defender,EVE,28
1059875,Davies (Tom),Tom Davies,Midfielder,EVE,3
1059875,Calvert-Lewin,Dominic Calvert-Lewin,Forward,EVE,9
1059875,Holgate,Mason Holgate,Defender,EVE,28
1059875,Richarlison,Richarlison de Andrade,Midfielder,EVE,11
1059875,Kean,Moise Kean,Forward,EVE,2
1059876,Schmeichel,Kasper Schmeichel,Goalkeeper,LEI,16
1059876,Evans (Jonny),Jonny Evans,Defender,LEI,6
1059876,Albrighton,Marc Albrighton,Midfielder,LEI,3
1059876,Vardy,Jamie Vardy,Forward,LEI,39
1059876,Praet,Dennis Praet,Midfielder,LEI,3
1059876,Ricardo Pereira,Ricardo Domingos Barbosa Pereira,Defender,LEI,-6
1059876,Tielemans,Youri Tielemans,Midfielder,LEI,14
1059876,Ayoze Pérez,Ayoze Pérez Gutiérrez,Midfielder,LEI,4
1059876,Gray (Demarai),Demarai Gray,Midfielder,LEI,0
1059876,Maddison,James Maddison,Midfielder,LEI,14
1059876,Chilwell,Benjamin Chilwell,Defender,LEI,0
1059876,Barnes (Harvey),Harvey Barnes,Midfielder,LEI,13
1059876,Ndidi,Onyinye Wilfred Ndidi,Midfielder,LEI,13
1059876,Söyüncü,Caglar Söyüncü,Defender,LEI,0
1059876,Fernandinho,Fernando Luiz Rosa,Midfielder,MCI,16
1059876,Aguero,Sergio Aguero,Forward,MCI,2
1059876,Otamendi,Nicolás Otamendi,Defender,MCI,9
1059876,Walker,Kyle Walker,Defender,MCI,11
1059876,Gundogan,Ilkay Gundogan,Midfielder,MCI,35
1059876,De Bruyne,Kevin De Bruyne,Midfielder,MCI,34
1059876,Mendy (Benjamin),Benjamin Mendy,Defender,MCI,25
1059876,Mahrez,Riyad Mahrez,Midfielder,MCI,39
1059876,Sterling (Raheem),Raheem Sterling,Midfielder,MCI,21
1059876,Ederson,Ederson Santana de Moraes,Goalkeeper,MCI,12
1059876,Bernardo Silva,Bernardo Mota Veiga de Carvalho e Silva,Midfielder,MCI,11
1059876,Jesus,Gabriel Fernando de Jesus,Forward,MCI,30
1059876,Foden,Phil Foden,Midfielder,MCI,3
1059876,Rodri,Rodrigo Hernández Cascante,Midfielder,MCI,9
1059877,Guaita,Vicente Guaita,Goalkeeper,CRY,9
1059877,Tomkins,James Tomkins,Defender,CRY,9
1059877,McArthur,James McArthur,Midfielder,CRY,14
1059877,McCarthy (James),James McCarthy,Midfielder,CRY,12
1059877,Benteke,Christian Benteke,Forward,CRY,11
1059877,Kouyaté,Cheikhou Kouyaté,Midfielder,CRY,16
1059877,Kelly (Martin),Martin Kelly,Defender,CRY,6
1059877,Milivojevic,Luka Milivojevic,Midfielder,CRY,13
1059877,Van Aanholt,Patrick Van Aanholt,Defender,CRY,19
1059877,Ayew,Jordan Ayew,Forward,CRY,17
1059877,Zaha,Wilfried Zaha,Midfielder,CRY,5
1059877,Meyer,Max Meyer,Midfielder,CRY,1
1059877,Carroll,Andy Carroll,Forward,NEW,3
1059877,Shelvey,Jonjo Shelvey,Midfielder,NEW,13
1059877,Fernández,Federico Fernández,Defender,NEW,27
1059877,Dubravka,Martin Dubravka,Goalkeeper,NEW,27
1059877,Lejeune,Florian Lejeune,Defender,NEW,24
1059877,Gayle,Dwight Gayle,Forward,NEW,3
1059877,Dummett,Paul Dummett,Defender,NEW,30
1059877,Manquillo,Javier Manquillo,Defender,NEW,20
1059877,Schär,Fabian Schär,Defender,NEW,25
1059877,Yedlin,DeAndre Yedlin,Defender,NEW,3
1059877,Hayden (Isaac),Isaac Hayden,Midfielder,NEW,10
1059877,Almirón,Miguel Almirón,Midfielder,NEW,39
1059877,Longstaff (Sean),Sean Longstaff,Midfielder,NEW,4
1059877,Joelinton,Joelinton Cássio Apolinário de Lira,Forward,NEW,5
1059878,Tettey,Alexander Tettey,Midfielder,NOR,14
1059878,Krul,Tim Krul,Goalkeeper,NOR,4
1059878,Vrancic,Mario Vrancic,Midfielder,NOR,3
1059878,Pukki,Teemu Pukki,Forward,NOR,6
1059878,Kenny McLean,Kenneth McLean,Midfielder,NOR,11
1059878,Hanley,Grant Hanley,Defender,NOR,4
1059878,Hernández (Onel),Onel Hernández,Midfielder,NOR,6
1059878,Trybull,Tom Trybull,Midfielder,NOR,19
1059878,Byram,Sam Byram,Defender,NOR,5
1059878,Srbeny,Dennis Srbeny,Forward,NOR,2
1059878,Zimmermann,Christoph Zimmermann,Defender,NOR,5
1059878,Cantwell,Todd Cantwell,Midfielder,NOR,35
1059878,Buendía,Emiliano Buendía,Midfielder,NOR,37
1059878,Aarons (Maximillian),Maximillian Aarons,Defender,NOR,3
1059878,Moutinho,João Moutinho,Midfielder,WOL,22
1059878,Rui Patrício,Rui Pedro dos Santos Patrício,Goalkeeper,WOL,16
1059878,Doherty,Matt Doherty,Defender,WOL,12
1059878,Coady,Conor Coady,Defender,WOL,8
1059878,Raúl Jiménez,Raul Alonso Jimenez Rodriguez,Forward,WOL,35
1059878,Saiss,Romain Saiss,Defender,WOL,18
1059878,Jonny,Jonathan Castro Otto,Defender,WOL,7
1059878,Dendoncker,Leander Dendoncker,Midfielder,WOL,16
1059878,Traoré,Adama Traoré,Midfielder,WOL,18
1059878,Ruben Neves,Rúben Diogo da Silva Neves,Midfielder,WOL,16
1059878,Diogo Jota,Diogo José Teixeira da Silva,Midfielder,WOL,9
1059878,Cutrone,Patrick Cutrone,Forward,WOL,3
1059878,Neto,Pedro Neto,Midfielder,WOL,8
1059879,Azpilicueta,César Azpilicueta,Defender,CHE,17
1059879,Willian,Willian Borges Da Silva,Midfielder,CHE,65
1059879,Alonso,Marcos Alonso,Defender,CHE,39
1059879,Jorginho,Jorge Luiz Frello Filho,Midfielder,CHE,11
1059879,Kovacic,Mateo Kovacic,Midfielder,CHE,21
1059879,Batshuayi,Michy Batshuayi,Forward,CHE,4
1059879,Rüdiger,Antonio Rüdiger,Defender,CHE,19
1059879,Zouma,Kurt Zouma,Defender,CHE,18
1059879,Kepa,Kepa Arrizabalaga Revuelta,Goalkeeper,CHE,24
1059879,Kanté,N'Golo Kanté,Midfielder,CHE,14
1059879,Abraham,Tammy Abraham,Forward,CHE,1
1059879,Mount,Mason Mount,Midfielder,CHE,11
1059879,Tomori,Fikayo Tomori,Defender,CHE,25
1059879,James (Reece),Reece James,Defender,CHE,3
1059879,Rose,Danny Rose,Defender,TOT,6
1059879,Vertonghen,Jan Vertonghen,Defender,TOT,7
1059879,Sissoko,Moussa Sissoko,Midfielder,TOT,10
1059879,Alderweireld,Toby Alderweireld,Defender,TOT,6
1059879,Kane (Harry),Harry Kane,Forward,TOT,12
1059879,Aurier,Serge Aurier,Defender,TOT,9
1059879,Eriksen,Christian Eriksen,Midfielder,TOT,8
1059879,Son,Heung-Min Son,Midfielder,TOT,-3
1059879,Dier,Eric Dier,Midfielder,TOT,2
1059879,Lucas Moura,Lucas Rodrigues Moura da Silva,Midfielder,TOT,5
1059879,Gazzaniga,Paulo Gazzaniga,Goalkeeper,TOT,-5
1059879,Alli,Bamidele Alli,Midfielder,TOT,11
1059879,Sánchez (Davinson),Davinson Sánchez,Defender,TOT,9
1059879,NDombele,Tanguy NDombele,Midfielder,TOT,5
1059880,Mata,Juan Mata,Midfielder,MUN,3
1059880,De Gea,David De Gea,Goalkeeper,MUN,0
1059880,Pogba,Paul Pogba,Midfielder,MUN,10
1059880,Maguire,Harry Maguire,Defender,MUN,11
1059880,Fred,Frederico Rodrigues de Paula Santos,Midfielder,MUN,27
1059880,Shaw,Luke Shaw,Defender,MUN,3
1059880,Lingard,Jesse Lingard,Midfielder,MUN,4
1059880,Martial,Anthony Martial,Midfielder,MUN,23
1059880,Rashford,Marcus Rashford,Midfielder,MUN,10
1059880,Lindelof,Victor Nilsson-Lindelof,Defender,MUN,3
1059880,McTominay,Scott McTominay,Midfielder,MUN,15
1059880,James (Daniel),Daniel James,Midfielder,MUN,7
1059880,Wan-Bissaka,Aaron Wan-Bissaka,Defender,MUN,-2
1059880,Greenwood,Mason Greenwood,Forward,MUN,3
1059880,Foster,Ben Foster,Goalkeeper,WAT,37
1059880,Mariappa,Adrian Mariappa,Defender,WAT,26
1059880,Capoue,Etienne Capoue,Midfielder,WAT,6
1059880,Cathcart,Craig Cathcart,Defender,WAT,17
1059880,Deeney,Troy Deeney,Forward,WAT,28
1059880,Femenía,Francisco Femenía Far,Defender,WAT,29
1059880,Pereyra,Roberto Pereyra,Midfielder,WAT,4
1059880,Kabasele,Christian Kabasele,Defender,WAT,30
1059880,Chalobah (Nathaniel),Nathaniel Chalobah,Midfielder,WAT,4
1059880,Deulofeu,Gerard Deulofeu,Forward,WAT,21
1059880,Hughes,Will Hughes,Midfielder,WAT,10
1059880,Doucouré,Abdoulaye Doucouré,Midfielder,WAT,2
1059880,Isaac Success,Isaac Success Ajayi,Forward,WAT,3
1059880,Ismaila Sarr,Ismaila Sarr,Midfielder,WAT,37
1059881,Wijnaldum,Georginio Wijnaldum,Midfielder,LIV,15
1059881,Henderson (Jordan),Jordan Henderson,Midfielder,LIV,18
1059881,Oxlade-Chamberlain,Alex Oxlade-Chamberlain,Midfielder,LIV,32
1059881,Firmino,Roberto Firmino Barbosa de Oliveira,Forward,LIV,9
1059881,van Dijk,Virgil van Dijk,Defender,LIV,29
1059881,Alisson,Alisson Ramses Becker,Goalkeeper,LIV,28
1059881,Fabinho,Fabio Henrique Tavares,Midfielder,LIV,7
1059881,Salah,Mohamed Salah,Midfielder,LIV,43
1059881,Robertson,Andrew Robertson,Defender,LIV,24
1059881,Origi,Divock Origi,Forward,LIV,17
1059881,Alexander-Arnold,Trent Alexander-Arnold,Defender,LIV,29
1059881,Gomez,Joseph Gomez,Defender,LIV,26
1059881,Keita,Naby Keita,Midfielder,LIV,5
1059881,Jones (Curtis),Curtis Jones,Midfielder,LIV,7
1059881,Noble,Mark Noble,Midfielder,WHU,9
1059881,Snodgrass,Robert Snodgrass,Midfielder,WHU,15
1059881,Fabianski,Lukasz Fabianski,Goalkeeper,WHU,8
1059881,Ogbonna,Angelo Ogbonna,Defender,WHU,-2
1059881,Cresswell,Aaron Cresswell,Defender,WHU,3
1059881,Lanzini,Manuel Lanzini,Midfielder,WHU,14
1059881,Haller,Sébastien Haller,Forward,WHU,8
1059881,Masuaku,Arthur Masuaku,Defender,WHU,3
1059881,Rice,Declan Rice,Midfielder,WHU,18
1059881,Fornals,Pablo Fornals,Midfielder,WHU,1
1059881,Diop,Issa Diop,Defender,WHU,-5
1059881,Ngakia,Jeremy Ngakia,Defender,WHU,5
1059882,Ozil,Mesut Ozil,Midfielder,ARS,11
1059882,Sokratis,Sokratis Papastathopoulos,Defender,ARS,12
1059882,Luiz,David Luiz Moreira Marinho,Defender,ARS,7
1059882,Aubameyang,Pierre-Emerick Aubameyang,Forward,ARS,30
1059882,Lacazette,Alexandre Lacazette,Forward,ARS,2
1059882,Mustafi,Shkodran Mustafi,Defender,ARS,3
1059882,Leno,Bernd Leno,Goalkeeper,ARS,13
1059882,Xhaka,Granit Xhaka,Midfielder,ARS,16
1059882,Maitland-Niles,Ainsley Maitland-Niles,Defender,ARS,5
1059882,Pepe,Nicolas Pepe,Midfielder,ARS,5
1059882,Torreira,Lucas Torreira,Midfielder,ARS,10
1059882,Willock,Joseph Willock,Midfielder,ARS,5
1059882,Nelson,Reiss Nelson,Midfielder,ARS,21
1059882,Saka,Bukayo Saka,Midfielder,ARS,16
1059882,Gosling,Dan Gosling,Midfielder,BOU,27
1059882,Cook (Steve),Steve Cook,Defender,BOU,9
1059882,Wilson (Callum),Callum Wilson,Forward,BOU,5
1059882,King (Joshua),Joshua King,Forward,BOU,6
1059882,Fraser,Ryan Fraser,Midfielder,BOU,5
1059882,Lerma,Jefferson Lerma,Midfielder,BOU,12
1059882,Wilson (Harry),Harry Wilson,Midfielder,BOU,9
1059882,Stacey,Jack Stacey,Defender,BOU,26
1059882,Cook (Lewis),Lewis Cook,Midfielder,BOU,11
1059882,Billing,Philip Billing,Midfielder,BOU,5
1059882,Simpson,Jack Simpson,Defender,BOU,11
1059882,Mepham,Chris Mepham,Defender,BOU,6
1059882,Ramsdale,Aaron Ramsdale,Goalkeeper,BOU,6
1059883,Heaton,Tom Heaton,Goalkeeper,AVL,30
1059883,Elmohamady,Ahmed Elmohamady,Defender,AVL,23
1059883,Lansbury,Henri Lansbury,Midfielder,AVL,3
1059883,Hourihane,Conor Hourihane,Midfielder,AVL,32
1059883,Jota,José Ignacio Peleteiro Ramallo,Midfielder,AVL,2
1059883,Grealish,Jack Grealish,Midfielder,AVL,33
1059883,Hause,Kortney Hause,Defender,AVL,23
1059883,Trezeguet,Mahmoud Hassan,Midfielder,AVL,11
1059883,Targett,Matt Targett,Defender,AVL,25
1059883,Nakamba,Marvelous Nakamba,Midfielder,AVL,6
1059883,El Ghazi,Anwar El Ghazi,Midfielder,AVL,9
1059883,Konsa Ngoyo,Ezri Konsa Ngoyo,Defender,AVL,24
1059883,Wesley,Wesley Moraes Ferreira da Silva,Forward,AVL,5
1059883,Douglas Luiz,Douglas Luiz Soares de Paulo,Midfielder,AVL,14
1059883,Tettey,Alexander Tettey,Midfielder,NOR,9
1059883,Krul,Tim Krul,Goalkeeper,NOR,7
1059883,Vrancic,Mario Vrancic,Midfielder,NOR,2
1059883,Pukki,Teemu Pukki,Forward,NOR,-2
1059883,Stiepermann,Marco Stiepermann,Midfielder,NOR,3
1059883,Kenny McLean,Kenneth McLean,Midfielder,NOR,14
1059883,Hanley,Grant Hanley,Defender,NOR,14
1059883,Hernández (Onel),Onel Hernández,Midfielder,NOR,3
1059883,Trybull,Tom Trybull,Midfielder,NOR,12
1059883,Byram,Sam Byram,Defender,NOR,5
1059883,Zimmermann,Christoph Zimmermann,Defender,NOR,13
1059883,Cantwell,Todd Cantwell,Midfielder,NOR,17
1059883,Buendía,Emiliano Buendía,Midfielder,NOR,20
1059883,Aarons (Maximillian),Maximillian Aarons,Defender,NOR,24
1059884,Azpilicueta,César Azpilicueta,Defender,CHE,0
1059884,Willian,Willian Borges Da Silva,Midfielder,CHE,10
1059884,Pedro,Pedro Rodríguez Ledesma,Midfielder,CHE,2
1059884,Jorginho,Jorge Luiz Frello Filho,Midfielder,CHE,15
1059884,Rüdiger,Antonio Rüdiger,Defender,CHE,9
1059884,Zouma,Kurt Zouma,Defender,CHE,11
1059884,Emerson,Emerson Palmieri dos Santos,Defender,CHE,5
1059884,Kepa,Kepa Arrizabalaga Revuelta,Goalkeeper,CHE,8
1059884,Kanté,N'Golo Kanté,Midfielder,CHE,10
1059884,Abraham,Tammy Abraham,Forward,CHE,2
1059884,Pulisic,Christian Pulisic,Midfielder,CHE,4
1059884,Mount,Mason Mount,Midfielder,CHE,12
1059884,Tomori,Fikayo Tomori,Defender,CHE,4
1059884,Hudson-Odoi,Callum Hudson-Odoi,Midfielder,CHE,5
1059884,Bertrand,Ryan Bertrand,Defender,SOU,22
1059884,McCarthy (Alex),Alex McCarthy,Goalkeeper,SOU,26
1059884,Cedric,Cedric Ricardo Alves Soares,Defender,SOU,28
1059884,Romeu,Oriol Romeu,Midfielder,SOU,2
1059884,Redmond,Nathan Redmond,Midfielder,SOU,26
1059884,Ings,Danny Ings,Forward,SOU,4
1059884,Stephens (Jack),Jack Stephens,Defender,SOU,25
1059884,Armstrong (Stuart),Stuart Armstrong,Midfielder,SOU,14
1059884,Ward-Prowse,James Ward-Prowse,Midfielder,SOU,13
1059884,Boufal,Sofiane Boufal,Midfielder,SOU,-1
1059884,Højbjerg,Pierre-Emile Højbjerg,Midfielder,SOU,25
1059884,Bednarek,Jan Bednarek,Defender,SOU,29
1059884,Adams,Che Adams,Forward,SOU,6
1059884,Obafemi,Michael Obafemi,Forward,SOU,30
1059885,Sakho,Mamadou Sakho,Defender,CRY,15
1059885,Guaita,Vicente Guaita,Goalkeeper,CRY,5
1059885,Tomkins,James Tomkins,Defender,CRY,11
1059885,McArthur,James McArthur,Midfielder,CRY,11
1059885,McCarthy (James),James McCarthy,Midfielder,CRY,4
1059885,Kouyaté,Cheikhou Kouyaté,Midfielder,CRY,29
1059885,Kelly (Martin),Martin Kelly,Defender,CRY,10
1059885,Wickham,Connor Wickham,Forward,CRY,11
1059885,Milivojevic,Luka Milivojevic,Midfielder,CRY,15
1059885,Van Aanholt,Patrick Van Aanholt,Defender,CRY,13
1059885,Ayew,Jordan Ayew,Forward,CRY,63
1059885,Zaha,Wilfried Zaha,Midfielder,CRY,13
1059885,Meyer,Max Meyer,Midfielder,CRY,7
1059885,Riedewald,Jairo Riedewald,Midfielder,CRY,4
1059885,Noble,Mark Noble,Midfielder,WHU,18
1059885,Snodgrass,Robert Snodgrass,Midfielder,WHU,29
1059885,Zabaleta,Pablo Zabaleta,Defender,WHU,-2
1059885,Ogbonna,Angelo Ogbonna,Defender,WHU,10
1059885,Jiménez,Roberto Jiménez,Goalkeeper,WHU,6
1059885,Cresswell,Aaron Cresswell,Defender,WHU,7
1059885,Antonio,Michail Antonio,Forward,WHU,23
1059885,Lanzini,Manuel Lanzini,Midfielder,WHU,9
1059885,Felipe Anderson,Felipe Anderson Pereira Gomes,Midfielder,WHU,6
1059885,Haller,Sébastien Haller,Forward,WHU,1
1059885,Balbuena,Fabián Balbuena,Defender,WHU,2
1059885,Ajeti,Albian Ajeti,Forward,WHU,3
1059885,Rice,Declan Rice,Midfielder,WHU,14
1059885,Fornals,Pablo Fornals,Midfielder,WHU,6
1059886,Tarkowski,James Tarkowski,Defender,BUR,11
1059886,Bardsley,Phillip Bardsley,Defender,BUR,3
1059886,Cork,Jack Cork,Midfielder,BUR,6
1059886,Long (Kevin),Kevin Long,Defender,BUR,2
1059886,Rodriguez,Jay Rodriguez,Forward,BUR,7
1059886,Barnes (Ashley),Ashley Barnes,Forward,BUR,4
1059886,Mee,Ben Mee,Defender,BUR,14
1059886,Westwood,Ashley Roy Westwood,Midfielder,BUR,14
1059886,Gudmundsson,Johann Berg Gudmundsson,Midfielder,BUR,2
1059886,Wood,Chris Wood,Forward,BUR,2
1059886,Brady,Robert Brady,Midfielder,BUR,11
1059886,Pope,Nick Pope,Goalkeeper,BUR,15
1059886,Taylor (Charlie),Charlie Taylor,Defender,BUR,10
1059886,McNeil,Dwight McNeil,Midfielder,BUR,10
1059886,Walcott,Theo Walcott,Midfielder,EVE,2
1059886,Delph,Fabian Delph,Midfielder,EVE,15
1059886,Sigurdsson,Gylfi Sigurdsson,Midfielder,EVE,19
1059886,Coleman,Seamus Coleman,Defender,EVE,27
1059886,Bernard,Bernard Anício Caldeira Duarte,Midfielder,EVE,18
1059886,Digne,Lucas Digne,Defender,EVE,25
1059886,Sidibe,Djibril Sidibe,Defender,EVE,39
1059886,Pickford,Jordan Pickford,Goalkeeper,EVE,19
1059886,Mina,Yerry Mina,Defender,EVE,28
1059886,Davies (Tom),Tom Davies,Midfielder,EVE,4
1059886,Calvert-Lewin,Dominic Calvert-Lewin,Forward,EVE,32
1059886,Holgate,Mason Holgate,Defender,EVE,25
1059886,Richarlison,Richarlison de Andrade,Midfielder,EVE,6
1059886,Kean,Moise Kean,Forward,EVE,0
1059887,Schmeichel,Kasper Schmeichel,Goalkeeper,LEI,-1
1059887,Evans (Jonny),Jonny Evans,Defender,LEI,-3
1059887,Albrighton,Marc Albrighton,Midfielder,LEI,3
1059887,Vardy,Jamie Vardy,Forward,LEI,6
1059887,Praet,Dennis Praet,Midfielder,LEI,6
1059887,Ricardo Pereira,Ricardo Domingos Barbosa Pereira,Defender,LEI,6
1059887,Tielemans,Youri Tielemans,Midfielder,LEI,10
1059887,Ayoze Pérez,Ayoze Pérez Gutiérrez,Midfielder,LEI,3
1059887,Maddison,James Maddison,Midfielder,LEI,2
1059887,Chilwell,Benjamin Chilwell,Defender,LEI,-2
1059887,Choudhury,Hamza Choudhury,Midfielder,LEI,3
1059887,Barnes (Harvey),Harvey Barnes,Midfielder,LEI,1
1059887,Ndidi,Onyinye Wilfred Ndidi,Midfielder,LEI,22
1059887,Söyüncü,Caglar Söyüncü,Defender,LEI,3
1059887,Milner,James Milner,Midfielder,LIV,23
1059887,Lallana,Adam Lallana,Midfielder,LIV,2
1059887,Wijnaldum,Georginio Wijnaldum,Midfielder,LIV,18
1059887,Henderson (Jordan),Jordan Henderson,Midfielder,LIV,19
1059887,Firmino,Roberto Firmino Barbosa de Oliveira,Forward,LIV,62
1059887,van Dijk,Virgil van Dijk,Defender,LIV,22
1059887,Mane,Sadio Mane,Midfielder,LIV,15
1059887,Alisson,Alisson Ramses Becker,Goalkeeper,LIV,20
1059887,Salah,Mohamed Salah,Midfielder,LIV,5
1059887,Robertson,Andrew Robertson,Defender,LIV,39
1059887,Origi,Divock Origi,Forward,LIV,2
1059887,Alexander-Arnold,Trent Alexander-Arnold,Defender,LIV,79
1059887,Gomez,Joseph Gomez,Defender,LIV,22
1059887,Keita,Naby Keita,Midfielder,LIV,25
1059888,Mata,Juan Mata,Midfielder,MUN,14
1059888,De Gea,David De Gea,Goalkeeper,MUN,4
1059888,Pogba,Paul Pogba,Midfielder,MUN,12
1059888,Maguire,Harry Maguire,Defender,MUN,17
1059888,Fred,Frederico Rodrigues de Paula Santos,Midfielder,MUN,14
1059888,Shaw,Luke Shaw,Defender,MUN,15
1059888,Lingard,Jesse Lingard,Midfielder,MUN,5
1059888,Martial,Anthony Martial,Midfielder,MUN,46
1059888,Pereira,Andreas Pereira,Midfielder,MUN,21
1059888,Rashford,Marcus Rashford,Midfielder,MUN,25
1059888,Lindelof,Victor Nilsson-Lindelof,Defender,MUN,8
1059888,McTominay,Scott McTominay,Midfielder,MUN,4
1059888,Wan-Bissaka,Aaron Wan-Bissaka,Defender,MUN,26
1059888,Greenwood,Mason Greenwood,Forward,MUN,43
1059888,Fernández,Federico Fernández,Defender,NEW,-7
1059888,Dubravka,Martin Dubravka,Goalkeeper,NEW,1
1059888,Lejeune,Florian Lejeune,Defender,NEW,1
1059888,Willems,Jetro Willems,Defender,NEW,-10
1059888,Gayle,Dwight Gayle,Forward,NEW,-1
1059888,Atsu,Christian Atsu,Midfielder,NEW,4
1059888,Manquillo,Javier Manquillo,Defender,NEW,-5
1059888,Krafth,Emil Krafth,Defender,NEW,4
1059888,Schär,Fabian Schär,Defender,NEW,-7
1059888,Yedlin,DeAndre Yedlin,Defender,NEW,1
1059888,Almirón,Miguel Almirón,Midfielder,NEW,12
1059888,Longstaff (Sean),Sean Longstaff,Midfielder,NEW,15
1059888,Joelinton,Joelinton Cássio Apolinário de Lira,Forward,NEW,21
1059888,Longstaff (Matthew),Matthew Longstaff,Midfielder,NEW,29
1059889,McGoldrick,David McGoldrick,Forward,SHU,8
1059889,Basham,Chris Basham,Defender,SHU,10
1059889,Fleck,John Fleck,Midfielder,SHU,8
1059889,Stevens,Enda Stevens,Defender,SHU,12
1059889,Norwood,Oliver Norwood,Midfielder,SHU,34
1059889,Baldock,George Baldock,Defender,SHU,18
1059889,Egan,John Egan,Defender,SHU,8
1059889,O'Connell,Jack O'Connell,Defender,SHU,8
1059889,Lundstram,John Lundstram,Defender,SHU,6
1059889,McBurnie,Oliver McBurnie,Forward,SHU,9
1059889,Henderson (Dean),Dean Henderson,Goalkeeper,SHU,6
1059889,Mousset,Lys Mousset,Forward,SHU,8
1059889,Foster,Ben Foster,Goalkeeper,WAT,11
1059889,Mariappa,Adrian Mariappa,Defender,WAT,6
1059889,Capoue,Etienne Capoue,Midfielder,WAT,14
1059889,Cathcart,Craig Cathcart,Defender,WAT,2
1059889,Deeney,Troy Deeney,Forward,WAT,9
1059889,Femenía,Francisco Femenía Far,Defender,WAT,8
1059889,Dawson,Craig Dawson,Defender,WAT,4
1059889,Pereyra,Roberto Pereyra,Midfielder,WAT,4
1059889,Gray (Andre),Andre Gray,Forward,WAT,3
1059889,Kabasele,Christian Kabasele,Defender,WAT,10
1059889,Chalobah (Nathaniel),Nathaniel Chalobah,Midfielder,WAT,20
1059889,Deulofeu,Gerard Deulofeu,Forward,WAT,21
1059889,Hughes,Will Hughes,Midfielder,WAT,11
1059889,Ismaila Sarr,Ismaila Sarr,Midfielder,WAT,4
1059890,Stephens (Dale),Dale Stephens,Midfielder,BHA,14
1059890,Groß,Pascal Groß,Midfielder,BHA,25
1059890,Duffy (Shane),Shane Duffy,Defender,BHA,4
1059890,Schelotto,Ezequiel Schelotto,Defender,BHA,4
1059890,Mooy,Aaron Mooy,Midfielder,BHA,11
1059890,Burn,Dan Burn,Defender,BHA,2
1059890,Webster,Adam Webster,Defender,BHA,33
1059890,Maupay,Neal Maupay,Forward,BHA,3
1059890,Trossard,Leandro Trossard,Midfielder,BHA,4
1059890,Mat Ryan,Mathew Ryan,Goalkeeper,BHA,6
1059890,Bernardo,Bernardo Fernandes da Silva Junior,Defender,BHA,13
1059890,Bissouma,Yves Bissouma,Midfielder,BHA,5
1059890,Connolly,Aaron Connolly,Forward,BHA,2
1059890,Alzate,Steven Alzate,Midfielder,BHA,16
1059890,Vertonghen,Jan Vertonghen,Defender,TOT,22
1059890,Sissoko,Moussa Sissoko,Midfielder,TOT,12
1059890,Alderweireld,Toby Alderweireld,Defender,TOT,11
1059890,Kane (Harry),Harry Kane,Forward,TOT,40
1059890,Aurier,Serge Aurier,Defender,TOT,19
1059890,Eriksen,Christian Eriksen,Midfielder,TOT,3
1059890,Dier,Eric Dier,Midfielder,TOT,4
1059890,Lucas Moura,Lucas Rodrigues Moura da Silva,Midfielder,TOT,4
1059890,Gazzaniga,Paulo Gazzaniga,Goalkeeper,TOT,11
1059890,Alli,Bamidele Alli,Midfielder,TOT,33
1059890,Winks,Harry Winks,Midfielder,TOT,13
1059890,Sánchez (Davinson),Davinson Sánchez,Defender,TOT,6
1059890,Sessegnon (Ryan),Kouassi Ryan Sessegnon,Midfielder,TOT,2
1059890,Lo Celso,Giovani Lo Celso,Midfielder,TOT,0
1059891,Fernandinho,Fernando Luiz Rosa,Midfielder,MCI,17
1059891,Bravo,Claudio Bravo,Goalkeeper,MCI,8
1059891,Aguero,Sergio Aguero,Forward,MCI,3
1059891,Otamendi,Nicolás Otamendi,Defender,MCI,-1
1059891,Walker,Kyle Walker,Defender,MCI,-4
1059891,Gundogan,Ilkay Gundogan,Midfielder,MCI,3
1059891,De Bruyne,Kevin De Bruyne,Midfielder,MCI,22
1059891,Mendy (Benjamin),Benjamin Mendy,Defender,MCI,-2
1059891,Mahrez,Riyad Mahrez,Midfielder,MCI,6
1059891,Sterling (Raheem),Raheem Sterling,Midfielder,MCI,34
1059891,Ederson,Ederson Santana de Moraes,Goalkeeper,MCI,-7
1059891,Bernardo Silva,Bernardo Mota Veiga de Carvalho e Silva,Midfielder,MCI,14
1059891,Rodri,Rodrigo Hernández Cascante,Midfielder,MCI,15
1059891,Garcia,Eric Garcia,Defender,MCI,-6
1059891,Moutinho,João Moutinho,Midfielder,WOL,27
1059891,Rui Patrício,Rui Pedro dos Santos Patrício,Goalkeeper,WOL,10
1059891,R Bennett,Ryan Bennett,Defender,WOL,3
1059891,Doherty,Matt Doherty,Defender,WOL,21
1059891,Coady,Conor Coady,Defender,WOL,10
1059891,Raúl Jiménez,Raul Alonso Jimenez Rodriguez,Forward,WOL,45
1059891,Saiss,Romain Saiss,Defender,WOL,3
1059891,Jonny,Jonathan Castro Otto,Defender,WOL,6
1059891,Dendoncker,Leander Dendoncker,Midfielder,WOL,13
1059891,Traoré,Adama Traoré,Midfielder,WOL,56
1059891,Ruben Neves,Rúben Diogo da Silva Neves,Midfielder,WOL,30
1059891,Diogo Jota,Diogo José Teixeira da Silva,Midfielder,WOL,6
1059891,Rúben Vinagre,Rúben Gonçalo Silva Nascimento Vinagre,Defender,WOL,4
1059891,Neto,Pedro Neto,Midfielder,WOL,3
1059892,Ozil,Mesut Ozil,Midfielder,ARS,13
1059892,Luiz,David Luiz Moreira Marinho,Defender,ARS,1
1059892,Aubameyang,Pierre-Emerick Aubameyang,Forward,ARS,38
1059892,Lacazette,Alexandre Lacazette,Forward,ARS,4
1059892,Mustafi,Shkodran Mustafi,Defender,ARS,0
1059892,Leno,Bernd Leno,Goalkeeper,ARS,3
1059892,Chambers,Calum Chambers,Defender,ARS,16
1059892,Maitland-Niles,Ainsley Maitland-Niles,Defender,ARS,7
1059892,Pepe,Nicolas Pepe,Midfielder,ARS,4
1059892,Torreira,Lucas Torreira,Midfielder,ARS,15
1059892,Willock,Joseph Willock,Midfielder,ARS,5
1059892,Nelson,Reiss Nelson,Midfielder,ARS,5
1059892,Saka,Bukayo Saka,Midfielder,ARS,8
1059892,Guendouzi,Matteo Guendouzi,Midfielder,ARS,12
1059892,Azpilicueta,César Azpilicueta,Defender,CHE,5
1059892,Willian,Willian Borges Da Silva,Midfielder,CHE,35
1059892,Jorginho,Jorge Luiz Frello Filho,Midfielder,CHE,28
1059892,Kovacic,Mateo Kovacic,Midfielder,CHE,15
1059892,Rüdiger,Antonio Rüdiger,Defender,CHE,9
1059892,Zouma,Kurt Zouma,Defender,CHE,8
1059892,Emerson,Emerson Palmieri dos Santos,Defender,CHE,-1
1059892,Kepa,Kepa Arrizabalaga Revuelta,Goalkeeper,CHE,6
1059892,Kanté,N'Golo Kanté,Midfielder,CHE,6
1059892,Abraham,Tammy Abraham,Forward,CHE,31
1059892,Mount,Mason Mount,Midfielder,CHE,22
1059892,Tomori,Fikayo Tomori,Defender,CHE,2
1059892,Hudson-Odoi,Callum Hudson-Odoi,Midfielder,CHE,2
1059892,Lamptey,Tariq Lamptey,Defender,CHE,9
1059893,Gosling,Dan Gosling,Midfielder,BOU,12
1059893,Stanislas,Junior Stanislas,Midfielder,BOU,13
1059893,Cook (Steve),Steve Cook,Defender,BOU,-1
1059893,Wilson (Callum),Callum Wilson,Forward,BOU,4
1059893,King (Joshua),Joshua King,Forward,BOU,5
1059893,Fraser,Ryan Fraser,Midfielder,BOU,4
1059893,Wilson (Harry),Harry Wilson,Midfielder,BOU,6
1059893,Stacey,Jack Stacey,Defender,BOU,4
1059893,Solanke,Dominic Solanke,Forward,BOU,3
1059893,Cook (Lewis),Lewis Cook,Midfielder,BOU,3
1059893,Billing,Philip Billing,Midfielder,BOU,17
1059893,Rico,Diego Rico,Defender,BOU,7
1059893,Mepham,Chris Mepham,Defender,BOU,11
1059893,Ramsdale,Aaron Ramsdale,Goalkeeper,BOU,8
1059893,Murray,Glenn Murray,Forward,BHA,4
1059893,Stephens (Dale),Dale Stephens,Midfielder,BHA,7
1059893,Duffy (Shane),Shane Duffy,Defender,BHA,22
1059893,Pröpper,Davy Pröpper,Midfielder,BHA,19
1059893,Mooy,Aaron Mooy,Midfielder,BHA,36
1059893,Burn,Dan Burn,Defender,BHA,23
1059893,Dunk,Lewis Dunk,Defender,BHA,29
1059893,Montoya,Martín Montoya,Defender,BHA,27
1059893,Maupay,Neal Maupay,Forward,BHA,10
1059893,Trossard,Leandro Trossard,Midfielder,BHA,30
1059893,Mat Ryan,Mathew Ryan,Goalkeeper,BHA,23
1059893,Jahanbakhsh,Alireza Jahanbakhsh,Midfielder,BHA,29
1059893,Bissouma,Yves Bissouma,Midfielder,BHA,23
1059893,Alzate,Steven Alzate,Midfielder,BHA,5
1059894,Tarkowski,James Tarkowski,Defender,BUR,3
1059894,Bardsley,Phillip Bardsley,Defender,BUR,11
1059894,Cork,Jack Cork,Midfielder,BUR,10
1059894,Rodriguez,Jay Rodriguez,Forward,BUR,7
1059894,Barnes (Ashley),Ashley Barnes,Forward,BUR,1
1059894,Mee,Ben Mee,Defender,BUR,-2
1059894,Westwood,Ashley Roy Westwood,Midfielder,BUR,14
1059894,Gudmundsson,Johann Berg Gudmundsson,Midfielder,BUR,4
1059894,Wood,Chris Wood,Forward,BUR,2
1059894,Hendrick,Jeff Hendrick,Midfielder,BUR,1
1059894,Brady,Robert Brady,Midfielder,BUR,3
1059894,Pope,Nick Pope,Goalkeeper,BUR,6
1059894,Taylor (Charlie),Charlie Taylor,Defender,BUR,-4
1059894,McNeil,Dwight McNeil,Midfielder,BUR,6
1059894,Young (Ashley),Ashley Young,Defender,MUN,25
1059894,De Gea,David De Gea,Goalkeeper,MUN,23
1059894,Matic,Nemanja Matic,Midfielder,MUN,14
1059894,Maguire,Harry Maguire,Defender,MUN,29
1059894,Fred,Frederico Rodrigues de Paula Santos,Midfielder,MUN,11
1059894,Shaw,Luke Shaw,Defender,MUN,2
1059894,Lingard,Jesse Lingard,Midfielder,MUN,-2
1059894,Martial,Anthony Martial,Midfielder,MUN,26
1059894,Pereira,Andreas Pereira,Midfielder,MUN,25
1059894,Rashford,Marcus Rashford,Midfielder,MUN,32
1059894,Lindelof,Victor Nilsson-Lindelof,Defender,MUN,28
1059894,James (Daniel),Daniel James,Midfielder,MUN,26
1059894,Williams (Brandon),Brandon Williams,Defender,MUN,26
1059895,Milner,James Milner,Midfielder,LIV,4
1059895,Lallana,Adam Lallana,Midfielder,LIV,14
1059895,Wijnaldum,Georginio Wijnaldum,Midfielder,LIV,7
1059895,Henderson (Jordan),Jordan Henderson,Midfielder,LIV,16
1059895,Firmino,Roberto Firmino Barbosa de Oliveira,Forward,LIV,8
1059895,van Dijk,Virgil van Dijk,Defender,LIV,29
1059895,Mane,Sadio Mane,Midfielder,LIV,37
1059895,Alisson,Alisson Ramses Becker,Goalkeeper,LIV,24
1059895,Salah,Mohamed Salah,Midfielder,LIV,2
1059895,Robertson,Andrew Robertson,Defender,LIV,19
1059895,Origi,Divock Origi,Forward,LIV,3
1059895,Alexander-Arnold,Trent Alexander-Arnold,Defender,LIV,31
1059895,Gomez,Joseph Gomez,Defender,LIV,33
1059895,Keita,Naby Keita,Midfielder,LIV,2
1059895,Moutinho,João Moutinho,Midfielder,WOL,9
1059895,Rui Patrício,Rui Pedro dos Santos Patrício,Goalkeeper,WOL,7
1059895,R Bennett,Ryan Bennett,Defender,WOL,5
1059895,Coady,Conor Coady,Defender,WOL,9
1059895,Raúl Jiménez,Raul Alonso Jimenez Rodriguez,Forward,WOL,3
1059895,Saiss,Romain Saiss,Defender,WOL,3
1059895,Jonny,Jonathan Castro Otto,Defender,WOL,10
1059895,Dendoncker,Leander Dendoncker,Midfielder,WOL,3
1059895,Traoré,Adama Traoré,Midfielder,WOL,8
1059895,Ruben Neves,Rúben Diogo da Silva Neves,Midfielder,WOL,10
1059895,Diogo Jota,Diogo José Teixeira da Silva,Midfielder,WOL,9
1059895,Kilman,Max Kilman,Defender,WOL,8
1059895,Rúben Vinagre,Rúben Gonçalo Silva Nascimento Vinagre,Defender,WOL,8
1059895,Neto,Pedro Neto,Midfielder,WOL,10
1059896,Fernandinho,Fernando Luiz Rosa,Midfielder,MCI,15
1059896,Bravo,Claudio Bravo,Goalkeeper,MCI,24
1059896,Aguero,Sergio Aguero,Forward,MCI,35
1059896,Walker,Kyle Walker,Defender,MCI,21
1059896,Gundogan,Ilkay Gundogan,Midfielder,MCI,9
1059896,De Bruyne,Kevin De Bruyne,Midfielder,MCI,37
1059896,Mahrez,Riyad Mahrez,Midfielder,MCI,27
1059896,Sterling (Raheem),Raheem Sterling,Midfielder,MCI,14
1059896,Bernardo Silva,Bernardo Mota Veiga de Carvalho e Silva,Midfielder,MCI,10
1059896,Jesus,Gabriel Fernando de Jesus,Forward,MCI,6
1059896,Zinchenko,Oleksandr Zinchenko,Defender,MCI,32
1059896,Foden,Phil Foden,Midfielder,MCI,6
1059896,Rodri,Rodrigo Hernández Cascante,Midfielder,MCI,20
1059896,Garcia,Eric Garcia,Defender,MCI,27
1059896,Sharp,Billy Sharp,Forward,SHU,-1
1059896,McGoldrick,David McGoldrick,Forward,SHU,5
1059896,Basham,Chris Basham,Defender,SHU,7
1059896,Fleck,John Fleck,Midfielder,SHU,19
1059896,Stevens,Enda Stevens,Defender,SHU,1
1059896,Norwood,Oliver Norwood,Midfielder,SHU,26
1059896,Baldock,George Baldock,Defender,SHU,-4
1059896,Besic,Muhamed Besic,Midfielder,SHU,5
1059896,Egan,John Egan,Defender,SHU,5
1059896,O'Connell,Jack O'Connell,Defender,SHU,7
1059896,McBurnie,Oliver McBurnie,Forward,SHU,2
1059896,Robinson (Callum),Callum Robinson,Midfielder,SHU,10
1059896,Henderson (Dean),Dean Henderson,Goalkeeper,SHU,5
1059896,Mousset,Lys Mousset,Forward,SHU,-3
1059897,Baines,Leighton Baines,Defender,EVE,13
1059897,Walcott,Theo Walcott,Midfielder,EVE,10
1059897,Delph,Fabian Delph,Midfielder,EVE,3
1059897,Sigurdsson,Gylfi Sigurdsson,Midfielder,EVE,27
1059897,Coleman,Seamus Coleman,Defender,EVE,2
1059897,Sidibe,Djibril Sidibe,Defender,EVE,17
1059897,Keane,Michael Keane,Defender,EVE,15
1059897,Pickford,Jordan Pickford,Goalkeeper,EVE,14
1059897,Mina,Yerry Mina,Defender,EVE,2
1059897,Davies (Tom),Tom Davies,Midfielder,EVE,8
1059897,Calvert-Lewin,Dominic Calvert-Lewin,Forward,EVE,68
1059897,Holgate,Mason Holgate,Defender,EVE,9
1059897,Richarlison,Richarlison de Andrade,Midfielder,EVE,33
1059897,Kean,Moise Kean,Forward,EVE,7
1059897,Carroll,Andy Carroll,Forward,NEW,19
1059897,Shelvey,Jonjo Shelvey,Midfielder,NEW,11
1059897,Fernández,Federico Fernández,Defender,NEW,4
1059897,Dubravka,Martin Dubravka,Goalkeeper,NEW,14
1059897,Lejeune,Florian Lejeune,Defender,NEW,0
1059897,Willems,Jetro Willems,Defender,NEW,11
1059897,Gayle,Dwight Gayle,Forward,NEW,2
1059897,Atsu,Christian Atsu,Midfielder,NEW,4
1059897,Schär,Fabian Schär,Defender,NEW,21
1059897,Yedlin,DeAndre Yedlin,Defender,NEW,1
1059897,Hayden (Isaac),Isaac Hayden,Midfielder,NEW,12
1059897,Almirón,Miguel Almirón,Midfielder,NEW,3
1059897,Longstaff (Sean),Sean Longstaff,Midfielder,NEW,3
1059897,Joelinton,Joelinton Cássio Apolinário de Lira,Forward,NEW,16
1059898,Tettey,Alexander Tettey,Midfielder,NOR,10
1059898,Krul,Tim Krul,Goalkeeper,NOR,8
1059898,Vrancic,Mario Vrancic,Midfielder,NOR,30
1059898,Pukki,Teemu Pukki,Forward,NOR,4
1059898,Stiepermann,Marco Stiepermann,Midfielder,NOR,5
1059898,Kenny McLean,Kenneth McLean,Midfielder,NOR,7
1059898,Hanley,Grant Hanley,Defender,NOR,3
1059898,Hernández (Onel),Onel Hernández,Midfielder,NOR,3
1059898,Trybull,Tom Trybull,Midfielder,NOR,4
1059898,Zimmermann,Christoph Zimmermann,Defender,NOR,3
1059898,Cantwell,Todd Cantwell,Midfielder,NOR,5
1059898,Lewis (Jamal),Jamal Lewis,Defender,NOR,2
1059898,Buendía,Emiliano Buendía,Midfielder,NOR,28
1059898,Aarons (Maximillian),Maximillian Aarons,Defender,NOR,4
1059898,Vertonghen,Jan Vertonghen,Defender,TOT,0
1059898,Alderweireld,Toby Alderweireld,Defender,TOT,6
1059898,Lamela,Erik Lamela,Midfielder,TOT,4
1059898,Kane (Harry),Harry Kane,Forward,TOT,34
1059898,Aurier,Serge Aurier,Defender,TOT,5
1059898,Eriksen,Christian Eriksen,Midfielder,TOT,36
1059898,Lucas Moura,Lucas Rodrigues Moura da Silva,Midfielder,TOT,8
1059898,Gazzaniga,Paulo Gazzaniga,Goalkeeper,TOT,2
1059898,Alli,Bamidele Alli,Midfielder,TOT,9
1059898,Sánchez (Davinson),Davinson Sánchez,Defender,TOT,0
1059898,Sessegnon (Ryan),Kouassi Ryan Sessegnon,Midfielder,TOT,13
1059898,Lo Celso,Giovani Lo Celso,Midfielder,TOT,19
1059898,NDombele,Tanguy NDombele,Midfielder,TOT,20
1059898,Foyth,Juan Foyth,Defender,TOT,-4
1059899,Sakho,Mamadou Sakho,Defender,CRY,11
1059899,Guaita,Vicente Guaita,Goalkeeper,CRY,13
1059899,Tomkins,James Tomkins,Defender,CRY,28
1059899,McArthur,James McArthur,Midfielder,CRY,10
1059899,McCarthy (James),James McCarthy,Midfielder,CRY,18
1059899,Kouyaté,Cheikhou Kouyaté,Midfielder,CRY,3
1059899,Kelly (Martin),Martin Kelly,Defender,CRY,4
1059899,Milivojevic,Luka Milivojevic,Midfielder,CRY,25
1059899,Ayew,Jordan Ayew,Forward,CRY,9
1059899,Zaha,Wilfried Zaha,Midfielder,CRY,5
1059899,Meyer,Max Meyer,Midfielder,CRY,6
1059899,Riedewald,Jairo Riedewald,Midfielder,CRY,12
1059899,Bertrand,Ryan Bertrand,Defender,SOU,7
1059899,McCarthy (Alex),Alex McCarthy,Goalkeeper,SOU,5
1059899,Cedric,Cedric Ricardo Alves Soares,Defender,SOU,10
1059899,Redmond,Nathan Redmond,Midfielder,SOU,12
1059899,Ings,Danny Ings,Forward,SOU,32
1059899,Stephens (Jack),Jack Stephens,Defender,SOU,12
1059899,Armstrong (Stuart),Stuart Armstrong,Midfielder,SOU,2
1059899,Ward-Prowse,James Ward-Prowse,Midfielder,SOU,17
1059899,Boufal,Sofiane Boufal,Midfielder,SOU,5
1059899,Højbjerg,Pierre-Emile Højbjerg,Midfielder,SOU,25
1059899,Bednarek,Jan Bednarek,Defender,SOU,5
1059899,Adams,Che Adams,Forward,SOU,9
1059899,Djenepo,Moussa Djenepo,Midfielder,SOU,9
1059900,Heaton,Tom Heaton,Goalkeeper,AVL,2
1059900,Elmohamady,Ahmed Elmohamady,Defender,AVL,2
1059900,Lansbury,Henri Lansbury,Midfielder,AVL,8
1059900,Kodjia,Jonathan Kodjia,Forward,AVL,3
1059900,Hourihane,Conor Hourihane,Midfielder,AVL,22
1059900,Jota,José Ignacio Peleteiro Ramallo,Midfielder,AVL,4
1059900,Grealish,Jack Grealish,Midfielder,AVL,10
1059900,Hause,Kortney Hause,Defender,AVL,2
1059900,Targett,Matt Targett,Defender,AVL,11
1059900,El Ghazi,Anwar El Ghazi,Midfielder,AVL,1
1059900,Konsa Ngoyo,Ezri Konsa Ngoyo,Defender,AVL,0
1059900,Guilbert,Frederic Guilbert,Defender,AVL,-5
1059900,Wesley,Wesley Moraes Ferreira da Silva,Forward,AVL,5
1059900,Douglas Luiz,Douglas Luiz Soares de Paulo,Midfielder,AVL,12
1059900,Foster,Ben Foster,Goalkeeper,WAT,25
1059900,Mariappa,Adrian Mariappa,Defender,WAT,-14
1059900,Capoue,Etienne Capoue,Midfielder,WAT,27
1059900,Cathcart,Craig Cathcart,Defender,WAT,28
1059900,Deeney,Troy Deeney,Forward,WAT,65
1059900,Femenía,Francisco Femenía Far,Defender,WAT,25
1059900,Dawson,Craig Dawson,Defender,WAT,3
1059900,Kabasele,Christian Kabasele,Defender,WAT,27
1059900,Chalobah (Nathaniel),Nathaniel Chalobah,Midfielder,WAT,2
1059900,Deulofeu,Gerard Deulofeu,Forward,WAT,18
1059900,Hughes,Will Hughes,Midfielder,WAT,13
1059900,Doucouré,Abdoulaye Doucouré,Midfielder,WAT,25
1059900,Masina,Adam Masina,Defender,WAT,3
1059900,Ismaila Sarr,Ismaila Sarr,Midfielder,WAT,31
1059901,Morgan,Wes Morgan,Defender,LEI,11
1059901,Schmeichel,Kasper Schmeichel,Goalkeeper,LEI,12
1059901,Fuchs,Christian Fuchs,Defender,LEI,7
1059901,Evans (Jonny),Jonny Evans,Defender,LEI,10
1059901,Albrighton,Marc Albrighton,Midfielder,LEI,16
1059901,Mendy (Nampalys),Nampalys Mendy,Midfielder,LEI,20
1059901,Ayoze Pérez,Ayoze Pérez Gutiérrez,Midfielder,LEI,34
1059901,Gray (Demarai),Demarai Gray,Midfielder,LEI,33
1059901,Maddison,James Maddison,Midfielder,LEI,13
1059901,Iheanacho,Kelechi Iheanacho,Forward,LEI,31
1059901,Choudhury,Hamza Choudhury,Midfielder,LEI,11
1059901,Barnes (Harvey),Harvey Barnes,Midfielder,LEI,2
1059901,Ndidi,Onyinye Wilfred Ndidi,Midfielder,LEI,4
1059901,Justin,James Justin,Defender,LEI,7
1059901,Snodgrass,Robert Snodgrass,Midfielder,WHU,4
1059901,Fabianski,Lukasz Fabianski,Goalkeeper,WHU,16
1059901,Sánchez (Carlos),Carlos Sánchez,Midfielder,WHU,8
1059901,Antonio,Michail Antonio,Forward,WHU,3
1059901,Fredericks,Ryan Fredericks,Defender,WHU,0
1059901,Lanzini,Manuel Lanzini,Midfielder,WHU,10
1059901,Felipe Anderson,Felipe Anderson Pereira Gomes,Midfielder,WHU,31
1059901,Haller,Sébastien Haller,Forward,WHU,2
1059901,Masuaku,Arthur Masuaku,Defender,WHU,3
1059901,Balbuena,Fabián Balbuena,Defender,WHU,4
1059901,Ajeti,Albian Ajeti,Forward,WHU,0
1059901,Rice,Declan Rice,Midfielder,WHU,12
1059901,Fornals,Pablo Fornals,Midfielder,WHU,36
1059901,Diop,Issa Diop,Defender,WHU,3
1059902,Ozil,Mesut Ozil,Midfielder,ARS,13
1059902,Sokratis,Sokratis Papastathopoulos,Defender,ARS,40
1059902,Luiz,David Luiz Moreira Marinho,Defender,ARS,28
1059902,Aubameyang,Pierre-Emerick Aubameyang,Forward,ARS,11
1059902,Lacazette,Alexandre Lacazette,Forward,ARS,12
1059902,Leno,Bernd Leno,Goalkeeper,ARS,33
1059902,Xhaka,Granit Xhaka,Midfielder,ARS,19
1059902,Kolasinac,Sead Kolasinac,Defender,ARS,15
1059902,Maitland-Niles,Ainsley Maitland-Niles,Defender,ARS,28
1059902,Pepe,Nicolas Pepe,Midfielder,ARS,36
1059902,Torreira,Lucas Torreira,Midfielder,ARS,17
1059902,Nelson,Reiss Nelson,Midfielder,ARS,4
1059902,Saka,Bukayo Saka,Midfielder,ARS,4
1059902,Guendouzi,Matteo Guendouzi,Midfielder,ARS,3
1059902,Mata,Juan Mata,Midfielder,MUN,4
1059902,De Gea,David De Gea,Goalkeeper,MUN,3
1059902,Matic,Nemanja Matic,Midfielder,MUN,17
1059902,Maguire,Harry Maguire,Defender,MUN,4
1059902,Fred,Frederico Rodrigues de Paula Santos,Midfielder,MUN,21
1059902,Shaw,Luke Shaw,Defender,MUN,6
1059902,Lingard,Jesse Lingard,Midfielder,MUN,1
1059902,Martial,Anthony Martial,Midfielder,MUN,14
1059902,Pereira,Andreas Pereira,Midfielder,MUN,1
1059902,Rashford,Marcus Rashford,Midfielder,MUN,4
1059902,Lindelof,Victor Nilsson-Lindelof,Defender,MUN,7
1059902,James (Daniel),Daniel James,Midfielder,MUN,5
1059902,Wan-Bissaka,Aaron Wan-Bissaka,Defender,MUN,8
1059902,Greenwood,Mason Greenwood,Forward,MUN,2
1059903,Pröpper,Davy Pröpper,Midfielder,BHA,13
1059903,Mooy,Aaron Mooy,Midfielder,BHA,13
1059903,Burn,Dan Burn,Defender,BHA,0
1059903,Dunk,Lewis Dunk,Defender,BHA,19
1059903,Montoya,Martín Montoya,Defender,BHA,5
1059903,Webster,Adam Webster,Defender,BHA,11
1059903,Maupay,Neal Maupay,Forward,BHA,1
1059903,Trossard,Leandro Trossard,Midfielder,BHA,15
1059903,Mat Ryan,Mathew Ryan,Goalkeeper,BHA,13
1059903,Jahanbakhsh,Alireza Jahanbakhsh,Midfielder,BHA,31
1059903,Bernardo,Bernardo Fernandes da Silva Junior,Defender,BHA,28
1059903,Bissouma,Yves Bissouma,Midfielder,BHA,2
1059903,Connolly,Aaron Connolly,Forward,BHA,4
1059903,Alzate,Steven Alzate,Midfielder,BHA,15
1059903,Azpilicueta,César Azpilicueta,Defender,CHE,27
1059903,Willian,Willian Borges Da Silva,Midfielder,CHE,15
1059903,Jorginho,Jorge Luiz Frello Filho,Midfielder,CHE,14
1059903,Kovacic,Mateo Kovacic,Midfielder,CHE,-1
1059903,Rüdiger,Antonio Rüdiger,Defender,CHE,9
1059903,Zouma,Kurt Zouma,Defender,CHE,6
1059903,Kepa,Kepa Arrizabalaga Revuelta,Goalkeeper,CHE,12
1059903,Kanté,N'Golo Kanté,Midfielder,CHE,25
1059903,Abraham,Tammy Abraham,Forward,CHE,14
1059903,Pulisic,Christian Pulisic,Midfielder,CHE,6
1059903,Mount,Mason Mount,Midfielder,CHE,6
1059903,Hudson-Odoi,Callum Hudson-Odoi,Midfielder,CHE,2
1059903,James (Reece),Reece James,Defender,CHE,18
1059904,Heaton,Tom Heaton,Goalkeeper,AVL,4
1059904,Taylor (Neil),Neil Taylor,Defender,AVL,1
1059904,Kodjia,Jonathan Kodjia,Forward,AVL,2
1059904,Hourihane,Conor Hourihane,Midfielder,AVL,3
1059904,Nyland,Örjan Nyland,Goalkeeper,AVL,3
1059904,Grealish,Jack Grealish,Midfielder,AVL,51
1059904,Hause,Kortney Hause,Defender,AVL,6
1059904,Trezeguet,Mahmoud Hassan,Midfielder,AVL,10
1059904,Mings,Tyrone Mings,Defender,AVL,5
1059904,Nakamba,Marvelous Nakamba,Midfielder,AVL,12
1059904,Konsa Ngoyo,Ezri Konsa Ngoyo,Defender,AVL,11
1059904,Guilbert,Frederic Guilbert,Defender,AVL,12
1059904,Wesley,Wesley Moraes Ferreira da Silva,Forward,AVL,31
1059904,Douglas Luiz,Douglas Luiz Soares de Paulo,Midfielder,AVL,32
1059904,Tarkowski,James Tarkowski,Defender,BUR,3
1059904,Bardsley,Phillip Bardsley,Defender,BUR,3
1059904,Cork,Jack Cork,Midfielder,BUR,12
1059904,Rodriguez,Jay Rodriguez,Forward,BUR,-2
1059904,Barnes (Ashley),Ashley Barnes,Forward,BUR,0
1059904,Mee,Ben Mee,Defender,BUR,5
1059904,Westwood,Ashley Roy Westwood,Midfielder,BUR,24
1059904,Gudmundsson,Johann Berg Gudmundsson,Midfielder,BUR,4
1059904,Wood,Chris Wood,Forward,BUR,26
1059904,Brady,Robert Brady,Midfielder,BUR,3
1059904,Pope,Nick Pope,Goalkeeper,BUR,8
1059904,Taylor (Charlie),Charlie Taylor,Defender,BUR,12
1059904,McNeil,Dwight McNeil,Midfielder,BUR,17
1059905,Milner,James Milner,Midfielder,LIV,16
1059905,Lallana,Adam Lallana,Midfielder,LIV,3
1059905,Wijnaldum,Georginio Wijnaldum,Midfielder,LIV,10
1059905,Henderson (Jordan),Jordan Henderson,Midfielder,LIV,21
1059905,Firmino,Roberto Firmino Barbosa de Oliveira,Forward,LIV,0
1059905,van Dijk,Virgil van Dijk,Defender,LIV,33
1059905,Mane,Sadio Mane,Midfielder,LIV,34
1059905,Alisson,Alisson Ramses Becker,Goalkeeper,LIV,25
1059905,Salah,Mohamed Salah,Midfielder,LIV,40
1059905,Robertson,Andrew Robertson,Defender,LIV,43
1059905,Origi,Divock Origi,Forward,LIV,3
1059905,Alexander-Arnold,Trent Alexander-Arnold,Defender,LIV,31
1059905,Gomez,Joseph Gomez,Defender,LIV,27
1059905,Elliott,Harvey Elliott,Midfielder,LIV,3
1059905,Sharp,Billy Sharp,Forward,SHU,5
1059905,McGoldrick,David McGoldrick,Forward,SHU,9
1059905,Basham,Chris Basham,Defender,SHU,8
1059905,Fleck,John Fleck,Midfielder,SHU,3
1059905,Stevens,Enda Stevens,Defender,SHU,-2
1059905,Norwood,Oliver Norwood,Midfielder,SHU,17
1059905,Baldock,George Baldock,Defender,SHU,-2
1059905,Besic,Muhamed Besic,Midfielder,SHU,6
1059905,Egan,John Egan,Defender,SHU,7
1059905,O'Connell,Jack O'Connell,Defender,SHU,10
1059905,Lundstram,John Lundstram,Defender,SHU,4
1059905,McBurnie,Oliver McBurnie,Forward,SHU,4
1059905,Henderson (Dean),Dean Henderson,Goalkeeper,SHU,9
1059905,Mousset,Lys Mousset,Forward,SHU,4
1059906,Walcott,Theo Walcott,Midfielder,EVE,13
1059906,Delph,Fabian Delph,Midfielder,EVE,12
1059906,Sigurdsson,Gylfi Sigurdsson,Midfielder,EVE,12
1059906,Coleman,Seamus Coleman,Defender,EVE,4
1059906,Digne,Lucas Digne,Defender,EVE,3
1059906,Sidibe,Djibril Sidibe,Defender,EVE,16
1059906,Pickford,Jordan Pickford,Goalkeeper,EVE,12
1059906,Mina,Yerry Mina,Defender,EVE,4
1059906,Davies (Tom),Tom Davies,Midfielder,EVE,10
1059906,Calvert-Lewin,Dominic Calvert-Lewin,Forward,EVE,2
1059906,Holgate,Mason Holgate,Defender,EVE,3
1059906,Richarlison,Richarlison de Andrade,Midfielder,EVE,24
1059906,Kean,Moise Kean,Forward,EVE,4
1059906,Silva,David Silva,Midfielder,MCI,4
1059906,Fernandinho,Fernando Luiz Rosa,Midfielder,MCI,23
1059906,Bravo,Claudio Bravo,Goalkeeper,MCI,5
1059906,Gundogan,Ilkay Gundogan,Midfielder,MCI,24
1059906,De Bruyne,Kevin De Bruyne,Midfielder,MCI,15
1059906,Mendy (Benjamin),Benjamin Mendy,Defender,MCI,14
1059906,Mahrez,Riyad Mahrez,Midfielder,MCI,24
1059906,Sterling (Raheem),Raheem Sterling,Midfielder,MCI,3
1059906,João Cancelo,João Pedro Cavaco Cancelo,Defender,MCI,12
1059906,Jesus,Gabriel Fernando de Jesus,Forward,MCI,58
1059906,Foden,Phil Foden,Midfielder,MCI,24
1059906,Rodri,Rodrigo Hernández Cascante,Midfielder,MCI,16
1059906,Garcia,Eric Garcia,Defender,MCI,11
1059907,Morgan,Wes Morgan,Defender,LEI,3
1059907,Schmeichel,Kasper Schmeichel,Goalkeeper,LEI,24
1059907,Fuchs,Christian Fuchs,Defender,LEI,28
1059907,Evans (Jonny),Jonny Evans,Defender,LEI,29
1059907,Ricardo Pereira,Ricardo Domingos Barbosa Pereira,Defender,LEI,27
1059907,Tielemans,Youri Tielemans,Midfielder,LEI,9
1059907,Ayoze Pérez,Ayoze Pérez Gutiérrez,Midfielder,LEI,43
1059907,Gray (Demarai),Demarai Gray,Midfielder,LEI,2
1059907,Maddison,James Maddison,Midfielder,LEI,38
1059907,Chilwell,Benjamin Chilwell,Defender,LEI,23
1059907,Iheanacho,Kelechi Iheanacho,Forward,LEI,4
1059907,Choudhury,Hamza Choudhury,Midfielder,LEI,23
1059907,Ndidi,Onyinye Wilfred Ndidi,Midfielder,LEI,24
1059907,Söyüncü,Caglar Söyüncü,Defender,LEI,28
1059907,Shelvey,Jonjo Shelvey,Midfielder,NEW,11
1059907,Fernández,Federico Fernández,Defender,NEW,0
1059907,Dubravka,Martin Dubravka,Goalkeeper,NEW,12
1059907,Lejeune,Florian Lejeune,Defender,NEW,-8
1059907,Willems,Jetro Willems,Defender,NEW,-4
1059907,Manquillo,Javier Manquillo,Defender,NEW,-3
1059907,Krafth,Emil Krafth,Defender,NEW,-1
1059907,Schär,Fabian Schär,Defender,NEW,1
1059907,Yedlin,DeAndre Yedlin,Defender,NEW,1
1059907,Hayden (Isaac),Isaac Hayden,Midfielder,NEW,8
1059907,Almirón,Miguel Almirón,Midfielder,NEW,7
1059907,Longstaff (Sean),Sean Longstaff,Midfielder,NEW,4
1059907,Joelinton,Joelinton Cássio Apolinário de Lira,Forward,NEW,0
1059907,Muto,Yoshinori Muto,Forward,NEW,11
1059908,Sakho,Mamadou Sakho,Defender,CRY,6
1059908,Guaita,Vicente Guaita,Goalkeeper,CRY,9
1059908,Tomkins,James Tomkins,Defender,CRY,11
1059908,McArthur,James McArthur,Midfielder,CRY,8
1059908,McCarthy (James),James McCarthy,Midfielder,CRY,11
1059908,Kouyaté,Cheikhou Kouyaté,Midfielder,CRY,4
1059908,Kelly (Martin),Martin Kelly,Defender,CRY,3
1059908,Wickham,Connor Wickham,Forward,CRY,31
1059908,Milivojevic,Luka Milivojevic,Midfielder,CRY,11
1059908,Ayew,Jordan Ayew,Forward,CRY,12
1059908,Zaha,Wilfried Zaha,Midfielder,CRY,17
1059908,Meyer,Max Meyer,Midfielder,CRY,5
1059908,Riedewald,Jairo Riedewald,Midfielder,CRY,13
1059908,Pierrick,Brandon Pierrick,Midfielder,CRY,5
1059908,Tettey,Alexander Tettey,Midfielder,NOR,14
1059908,Krul,Tim Krul,Goalkeeper,NOR,7
1059908,Vrancic,Mario Vrancic,Midfielder,NOR,15
1059908,Pukki,Teemu Pukki,Forward,NOR,5
1059908,Stiepermann,Marco Stiepermann,Midfielder,NOR,-2
1059908,Kenny McLean,Kenneth McLean,Midfielder,NOR,16
1059908,Hanley,Grant Hanley,Defender,NOR,1
1059908,Hernández (Onel),Onel Hernández,Midfielder,NOR,5
1059908,Byram,Sam Byram,Defender,NOR,11
1059908,Zimmermann,Christoph Zimmermann,Defender,NOR,11
1059908,Cantwell,Todd Cantwell,Midfielder,NOR,34
1059908,Buendía,Emiliano Buendía,Midfielder,NOR,41
1059908,Aarons (Maximillian),Maximillian Aarons,Defender,NOR,4
1059908,Idah,Adam Idah,Forward,NOR,3
1059909,Long (Shane),Shane Long,Forward,SOU,-3
1059909,Bertrand,Ryan Bertrand,Defender,SOU,20
1059909,McCarthy (Alex),Alex McCarthy,Goalkeeper,SOU,32
1059909,Cedric,Cedric Ricardo Alves Soares,Defender,SOU,26
1059909,Romeu,Oriol Romeu,Midfielder,SOU,3
1059909,Redmond,Nathan Redmond,Midfielder,SOU,8
1059909,Ings,Danny Ings,Forward,SOU,42
1059909,Stephens (Jack),Jack Stephens,Defender,SOU,38
1059909,Armstrong (Stuart),Stuart Armstrong,Midfielder,SOU,8
1059909,Ward-Prowse,James Ward-Prowse,Midfielder,SOU,12
1059909,Højbjerg,Pierre-Emile Højbjerg,Midfielder,SOU,15
1059909,Bednarek,Jan Bednarek,Defender,SOU,22
1059909,Obafemi,Michael Obafemi,Forward,SOU,2
1059909,Djenepo,Moussa Djenepo,Midfielder,SOU,-4
1059909,Vertonghen,Jan Vertonghen,Defender,TOT,11
1059909,Sissoko,Moussa Sissoko,Midfielder,TOT,7
1059909,Alderweireld,Toby Alderweireld,Defender,TOT,15
1059909,Lamela,Erik Lamela,Midfielder,TOT,6
1059909,Kane (Harry),Harry Kane,Forward,TOT,14
1059909,Aurier,Serge Aurier,Defender,TOT,19
1059909,Eriksen,Christian Eriksen,Midfielder,TOT,9
1059909,Lucas Moura,Lucas Rodrigues Moura da Silva,Midfielder,TOT,6
1059909,Gazzaniga,Paulo Gazzaniga,Goalkeeper,TOT,7
1059909,Alli,Bamidele Alli,Midfielder,TOT,6
1059909,Sessegnon (Ryan),Kouassi Ryan Sessegnon,Midfielder,TOT,14
1059909,Lo Celso,Giovani Lo Celso,Midfielder,TOT,12
1059909,NDombele,Tanguy NDombele,Midfielder,TOT,8
1059910,Foster,Ben Foster,Goalkeeper,WAT,9
1059910,Capoue,Etienne Capoue,Midfielder,WAT,12
1059910,Holebas,José Holebas,Defender,WAT,2
1059910,Cathcart,Craig Cathcart,Defender,WAT,13
1059910,Deeney,Troy Deeney,Forward,WAT,2
1059910,Femenía,Francisco Femenía Far,Defender,WAT,18
1059910,Dawson,Craig Dawson,Defender,WAT,2
1059910,Pereyra,Roberto Pereyra,Midfielder,WAT,3
1059910,Kabasele,Christian Kabasele,Defender,WAT,-4
1059910,Chalobah (Nathaniel),Nathaniel Chalobah,Midfielder,WAT,9
1059910,Deulofeu,Gerard Deulofeu,Forward,WAT,45
1059910,Doucouré,Abdoulaye Doucouré,Midfielder,WAT,33
1059910,Masina,Adam Masina,Defender,WAT,7
1059910,Ismaila Sarr,Ismaila Sarr,Midfielder,WAT,14
1059910,Moutinho,João Moutinho,Midfielder,WOL,31
1059910,Rui Patrício,Rui Pedro dos Santos Patrício,Goalkeeper,WOL,3
1059910,R Bennett,Ryan Bennett,Defender,WOL,0
1059910,Doherty,Matt Doherty,Defender,WOL,1
1059910,Coady,Conor Coady,Defender,WOL,16
1059910,Raúl Jiménez,Raul Alonso Jimenez Rodriguez,Forward,WOL,2
1059910,Saiss,Romain Saiss,Defender,WOL,14
1059910,Jonny,Jonathan Castro Otto,Defender,WOL,-3
1059910,Dendoncker,Leander Dendoncker,Midfielder,WOL,10
1059910,Traoré,Adama Traoré,Midfielder,WOL,19
1059910,Ruben Neves,Rúben Diogo da Silva Neves,Midfielder,WOL,9
1059910,Diogo Jota,Diogo José Teixeira da Silva,Midfielder,WOL,7
1059910,Rúben Vinagre,Rúben Gonçalo Silva Nascimento Vinagre,Defender,WOL,15
1059910,Neto,Pedro Neto,Midfielder,WOL,28
1059911,Francis (Simon),Simon Francis,Defender,BOU,0
1059911,Gosling,Dan Gosling,Midfielder,BOU,13
1059911,Stanislas,Junior Stanislas,Midfielder,BOU,5
1059911,Cook (Steve),Steve Cook,Defender,BOU,-1
1059911,Wilson (Callum),Callum Wilson,Forward,BOU,6
1059911,Fraser,Ryan Fraser,Midfielder,BOU,16
1059911,Lerma,Jefferson Lerma,Midfielder,BOU,14
1059911,Wilson (Harry),Harry Wilson,Midfielder,BOU,0
1059911,Solanke,Dominic Solanke,Forward,BOU,-8
1059911,Cook (Lewis),Lewis Cook,Midfielder,BOU,14
1059911,Rico,Diego Rico,Defender,BOU,-7
1059911,Simpson,Jack Simpson,Defender,BOU,2
1059911,Mepham,Chris Mepham,Defender,BOU,-4
1059911,Ramsdale,Aaron Ramsdale,Goalkeeper,BOU,1
1059911,Noble,Mark Noble,Midfielder,WHU,63
1059911,Snodgrass,Robert Snodgrass,Midfielder,WHU,21
1059911,Fabianski,Lukasz Fabianski,Goalkeeper,WHU,24
1059911,Ogbonna,Angelo Ogbonna,Defender,WHU,28
1059911,Cresswell,Aaron Cresswell,Defender,WHU,19
1059911,Fredericks,Ryan Fredericks,Defender,WHU,45
1059911,Lanzini,Manuel Lanzini,Midfielder,WHU,3
1059911,Felipe Anderson,Felipe Anderson Pereira Gomes,Midfielder,WHU,28
1059911,Haller,Sébastien Haller,Forward,WHU,28
1059911,Masuaku,Arthur Masuaku,Defender,WHU,5
1059911,Balbuena,Fabián Balbuena,Defender,WHU,27
1059911,Rice,Declan Rice,Midfielder,WHU,36
1059911,Fornals,Pablo Fornals,Midfielder,WHU,15
1059912,Francis (Simon),Simon Francis,Defender,BOU,2
1059912,Gosling,Dan Gosling,Midfielder,BOU,4
1059912,Smith (Adam),Adam Smith,Defender,BOU,-1
1059912,Cook (Steve),Steve Cook,Defender,BOU,2
1059912,Wilson (Callum),Callum Wilson,Forward,BOU,3
1059912,Fraser,Ryan Fraser,Midfielder,BOU,19
1059912,Aké,Nathan Aké,Defender,BOU,3
1059912,Lerma,Jefferson Lerma,Midfielder,BOU,9
1059912,Wilson (Harry),Harry Wilson,Midfielder,BOU,11
1059912,Solanke,Dominic Solanke,Forward,BOU,9
1059912,Cook (Lewis),Lewis Cook,Midfielder,BOU,2
1059912,Billing,Philip Billing,Midfielder,BOU,1
1059912,Surridge,Sam Surridge,Forward,BOU,3
1059912,Travers,Mark Travers,Goalkeeper,BOU,-3
1059912,Foster,Ben Foster,Goalkeeper,WAT,22
1059912,Mariappa,Adrian Mariappa,Defender,WAT,30
1059912,Capoue,Etienne Capoue,Midfielder,WAT,12
1059912,Cathcart,Craig Cathcart,Defender,WAT,24
1059912,Deeney,Troy Deeney,Forward,WAT,35
1059912,Dawson,Craig Dawson,Defender,WAT,23
1059912,Pereyra,Roberto Pereyra,Midfielder,WAT,24
1059912,Gray (Andre),Andre Gray,Forward,WAT,10
1059912,Chalobah (Nathaniel),Nathaniel Chalobah,Midfielder,WAT,11
1059912,Deulofeu,Gerard Deulofeu,Forward,WAT,9
1059912,Doucouré,Abdoulaye Doucouré,Midfielder,WAT,50
1059912,Masina,Adam Masina,Defender,WAT,30
1059912,Quina,Domingos Quina,Midfielder,WAT,3
1059912,Ismaila Sarr,Ismaila Sarr,Midfielder,WAT,25
1059913,Elmohamady,Ahmed Elmohamady,Defender,AVL,-6
1059913,Lansbury,Henri Lansbury,Midfielder,AVL,3
1059913,Taylor (Neil),Neil Taylor,Defender,AVL,-13
1059913,Drinkwater,Daniel Drinkwater,Midfielder,AVL,15
1059913,Hourihane,Conor Hourihane,Midfielder,AVL,8
1059913,Nyland,Örjan Nyland,Goalkeeper,AVL,-6
1059913,Grealish,Jack Grealish,Midfielder,AVL,10
1059913,Hause,Kortney Hause,Defender,AVL,-15
1059913,Trezeguet,Mahmoud Hassan,Midfielder,AVL,14
1059913,Mings,Tyrone Mings,Defender,AVL,-7
1059913,Nakamba,Marvelous Nakamba,Midfielder,AVL,6
1059913,El Ghazi,Anwar El Ghazi,Midfielder,AVL,16
1059913,Konsa Ngoyo,Ezri Konsa Ngoyo,Defender,AVL,-6
1059913,Douglas Luiz,Douglas Luiz Soares de Paulo,Midfielder,AVL,8
1059913,Silva,David Silva,Midfielder,MCI,27
1059913,Fernandinho,Fernando Luiz Rosa,Midfielder,MCI,8
1059913,Aguero,Sergio Aguero,Forward,MCI,101
1059913,Otamendi,Nicolás Otamendi,Defender,MCI,2
1059913,Gundogan,Ilkay Gundogan,Midfielder,MCI,5
1059913,De Bruyne,Kevin De Bruyne,Midfielder,MCI,34
1059913,Stones,John Stones,Defender,MCI,8
1059913,Mendy (Benjamin),Benjamin Mendy,Defender,MCI,14
1059913,Mahrez,Riyad Mahrez,Midfielder,MCI,73
1059913,João Cancelo,João Pedro Cavaco Cancelo,Defender,MCI,18
1059913,Ederson,Ederson Santana de Moraes,Goalkeeper,MCI,3
1059913,Jesus,Gabriel Fernando de Jesus,Forward,MCI,47
1059913,Foden,Phil Foden,Midfielder,MCI,3
1059913,Rodri,Rodrigo Hernández Cascante,Midfielder,MCI,18
1059914,Lennon,Aaron Lennon,Midfielder,BUR,8
1059914,Tarkowski,James Tarkowski,Defender,BUR,0
1059914,Cork,Jack Cork,Midfielder,BUR,11
1059914,Mee,Ben Mee,Defender,BUR,0
1059914,Westwood,Ashley Roy Westwood,Midfielder,BUR,7
1059914,Wood,Chris Wood,Forward,BUR,4
1059914,Lowton,Matthew Lowton,Defender,BUR,-7
1059914,Vydra,Matej Vydra,Forward,BUR,2
1059914,Hendrick,Jeff Hendrick,Midfielder,BUR,2
1059914,Pope,Nick Pope,Goalkeeper,BUR,4
1059914,Taylor (Charlie),Charlie Taylor,Defender,BUR,-4
1059914,McNeil,Dwight McNeil,Midfielder,BUR,18
1059914,Azpilicueta,César Azpilicueta,Defender,CHE,45
1059914,Willian,Willian Borges Da Silva,Midfielder,CHE,29
1059914,Jorginho,Jorge Luiz Frello Filho,Midfielder,CHE,32
1059914,Barkley,Ross Barkley,Midfielder,CHE,19
1059914,Rüdiger,Antonio Rüdiger,Defender,CHE,27
1059914,Kepa,Kepa Arrizabalaga Revuelta,Goalkeeper,CHE,21
1059914,Christensen,Andreas Christensen,Defender,CHE,23
1059914,Abraham,Tammy Abraham,Forward,CHE,26
1059914,Mount,Mason Mount,Midfielder,CHE,22
1059914,Hudson-Odoi,Callum Hudson-Odoi,Midfielder,CHE,30
1059914,James (Reece),Reece James,Defender,CHE,37
1059915,Ozil,Mesut Ozil,Midfielder,ARS,2
1059915,Sokratis,Sokratis Papastathopoulos,Defender,ARS,9
1059915,Luiz,David Luiz Moreira Marinho,Defender,ARS,8
1059915,Aubameyang,Pierre-Emerick Aubameyang,Forward,ARS,22
1059915,Lacazette,Alexandre Lacazette,Forward,ARS,10
1059915,Leno,Bernd Leno,Goalkeeper,ARS,7
1059915,Xhaka,Granit Xhaka,Midfielder,ARS,15
1059915,Kolasinac,Sead Kolasinac,Defender,ARS,6
1059915,Maitland-Niles,Ainsley Maitland-Niles,Defender,ARS,4
1059915,Pepe,Nicolas Pepe,Midfielder,ARS,8
1059915,Torreira,Lucas Torreira,Midfielder,ARS,13
1059915,Nelson,Reiss Nelson,Midfielder,ARS,4
1059915,Guendouzi,Matteo Guendouzi,Midfielder,ARS,5
1059915,Martinelli,Gabriel Teodoro Martinelli Silva,Forward,ARS,6
1059915,Cahill,Gary Cahill,Defender,CRY,13
1059915,Guaita,Vicente Guaita,Goalkeeper,CRY,10
1059915,Tomkins,James Tomkins,Defender,CRY,-2
1059915,McArthur,James McArthur,Midfielder,CRY,16
1059915,McCarthy (James),James McCarthy,Midfielder,CRY,8
1059915,Kouyaté,Cheikhou Kouyaté,Midfielder,CRY,28
1059915,Kelly (Martin),Martin Kelly,Defender,CRY,7
1059915,Tosun,Cenk Tosun,Forward,CRY,2
1059915,Ayew,Jordan Ayew,Forward,CRY,33
1059915,Zaha,Wilfried Zaha,Midfielder,CRY,6
1059915,Meyer,Max Meyer,Midfielder,CRY,9
1059915,Riedewald,Jairo Riedewald,Midfielder,CRY,18
1059916,Murray,Glenn Murray,Forward,BHA,1
1059916,Stephens (Dale),Dale Stephens,Midfielder,BHA,9
1059916,Groß,Pascal Groß,Midfielder,BHA,11
1059916,Duffy (Shane),Shane Duffy,Defender,BHA,8
1059916,Pröpper,Davy Pröpper,Midfielder,BHA,11
1059916,Dunk,Lewis Dunk,Defender,BHA,6
1059916,Montoya,Martín Montoya,Defender,BHA,3
1059916,Webster,Adam Webster,Defender,BHA,8
1059916,Maupay,Neal Maupay,Forward,BHA,3
1059916,Trossard,Leandro Trossard,Midfielder,BHA,8
1059916,Mat Ryan,Mathew Ryan,Goalkeeper,BHA,17
1059916,Jahanbakhsh,Alireza Jahanbakhsh,Midfielder,BHA,4
1059916,Bernardo,Bernardo Fernandes da Silva Junior,Defender,BHA,3
1059916,Alzate,Steven Alzate,Midfielder,BHA,6
1059916,Walcott,Theo Walcott,Midfielder,EVE,6
1059916,Delph,Fabian Delph,Midfielder,EVE,4
1059916,Sigurdsson,Gylfi Sigurdsson,Midfielder,EVE,14
1059916,Coleman,Seamus Coleman,Defender,EVE,8
1059916,Bernard,Bernard Anício Caldeira Duarte,Midfielder,EVE,19
1059916,Digne,Lucas Digne,Defender,EVE,40
1059916,Sidibe,Djibril Sidibe,Defender,EVE,22
1059916,Keane,Michael Keane,Defender,EVE,24
1059916,Pickford,Jordan Pickford,Goalkeeper,EVE,23
1059916,Mina,Yerry Mina,Defender,EVE,4
1059916,Davies (Tom),Tom Davies,Midfielder,EVE,11
1059916,Calvert-Lewin,Dominic Calvert-Lewin,Forward,EVE,3
1059916,Holgate,Mason Holgate,Defender,EVE,32
1059916,Richarlison,Richarlison de Andrade,Midfielder,EVE,41
1059917,Schmeichel,Kasper Schmeichel,Goalkeeper,LEI,16
1059917,Evans (Jonny),Jonny Evans,Defender,LEI,14
1059917,Vardy,Jamie Vardy,Forward,LEI,20
1059917,Praet,Dennis Praet,Midfielder,LEI,30
1059917,Ricardo Pereira,Ricardo Domingos Barbosa Pereira,Defender,LEI,14
1059917,Tielemans,Youri Tielemans,Midfielder,LEI,4
1059917,Ayoze Pérez,Ayoze Pérez Gutiérrez,Midfielder,LEI,7
1059917,Gray (Demarai),Demarai Gray,Midfielder,LEI,6
1059917,Maddison,James Maddison,Midfielder,LEI,8
1059917,Chilwell,Benjamin Chilwell,Defender,LEI,2
1059917,Iheanacho,Kelechi Iheanacho,Forward,LEI,3
1059917,Choudhury,Hamza Choudhury,Midfielder,LEI,11
1059917,Barnes (Harvey),Harvey Barnes,Midfielder,LEI,6
1059917,Söyüncü,Caglar Söyüncü,Defender,LEI,16
1059917,Long (Shane),Shane Long,Forward,SOU,17
1059917,Bertrand,Ryan Bertrand,Defender,SOU,5
1059917,McCarthy (Alex),Alex McCarthy,Goalkeeper,SOU,13
1059917,Cedric,Cedric Ricardo Alves Soares,Defender,SOU,15
1059917,Romeu,Oriol Romeu,Midfielder,SOU,3
1059917,Redmond,Nathan Redmond,Midfielder,SOU,19
1059917,Ings,Danny Ings,Forward,SOU,32
1059917,Stephens (Jack),Jack Stephens,Defender,SOU,4
1059917,Armstrong (Stuart),Stuart Armstrong,Midfielder,SOU,31
1059917,Ward-Prowse,James Ward-Prowse,Midfielder,SOU,8
1059917,Højbjerg,Pierre-Emile Højbjerg,Midfielder,SOU,9
1059917,Bednarek,Jan Bednarek,Defender,SOU,6
1059917,Adams,Che Adams,Forward,SOU,14
1059917,Djenepo,Moussa Djenepo,Midfielder,SOU,-1
1059918,Mata,Juan Mata,Midfielder,MUN,40
1059918,De Gea,David De Gea,Goalkeeper,MUN,26
1059918,Matic,Nemanja Matic,Midfielder,MUN,16
1059918,Maguire,Harry Maguire,Defender,MUN,31
1059918,Fred,Frederico Rodrigues de Paula Santos,Midfielder,MUN,12
1059918,Martial,Anthony Martial,Midfielder,MUN,24
1059918,Pereira,Andreas Pereira,Midfielder,MUN,21
1059918,Rashford,Marcus Rashford,Midfielder,MUN,51
1059918,Lindelof,Victor Nilsson-Lindelof,Defender,MUN,23
1059918,James (Daniel),Daniel James,Midfielder,MUN,5
1059918,Gomes (Angel),Angel Gomes,Midfielder,MUN,4
1059918,Wan-Bissaka,Aaron Wan-Bissaka,Defender,MUN,22
1059918,Greenwood,Mason Greenwood,Forward,MUN,29
1059918,Williams (Brandon),Brandon Williams,Defender,MUN,34
1059918,Tettey,Alexander Tettey,Midfielder,NOR,15
1059918,Krul,Tim Krul,Goalkeeper,NOR,-8
1059918,Vrancic,Mario Vrancic,Midfielder,NOR,11
1059918,Kenny McLean,Kenneth McLean,Midfielder,NOR,13
1059918,Hanley,Grant Hanley,Defender,NOR,3
1059918,Hernández (Onel),Onel Hernández,Midfielder,NOR,4
1059918,Byram,Sam Byram,Defender,NOR,2
1059918,Amadou,Ibrahim Amadou,Midfielder,NOR,4
1059918,Zimmermann,Christoph Zimmermann,Defender,NOR,2
1059918,Cantwell,Todd Cantwell,Midfielder,NOR,21
1059918,Lewis (Jamal),Jamal Lewis,Defender,NOR,2
1059918,Buendía,Emiliano Buendía,Midfielder,NOR,12
1059918,Aarons (Maximillian),Maximillian Aarons,Defender,NOR,-6
1059918,Idah,Adam Idah,Forward,NOR,8
1059919,Sharp,Billy Sharp,Forward,SHU,0
1059919,McGoldrick,David McGoldrick,Forward,SHU,2
1059919,Basham,Chris Basham,Defender,SHU,23
1059919,Fleck,John Fleck,Midfielder,SHU,33
1059919,Stevens,Enda Stevens,Defender,SHU,31
1059919,Norwood,Oliver Norwood,Midfielder,SHU,22
1059919,Baldock,George Baldock,Defender,SHU,27
1059919,Besic,Muhamed Besic,Midfielder,SHU,3
1059919,Egan,John Egan,Defender,SHU,16
1059919,O'Connell,Jack O'Connell,Defender,SHU,21
1059919,Lundstram,John Lundstram,Defender,SHU,17
1059919,McBurnie,Oliver McBurnie,Forward,SHU,31
1059919,Henderson (Dean),Dean Henderson,Goalkeeper,SHU,24
1059919,Mousset,Lys Mousset,Forward,SHU,-1
1059919,Noble,Mark Noble,Midfielder,WHU,13
1059919,Snodgrass,Robert Snodgrass,Midfielder,WHU,7
1059919,Martin (David),David Martin,Goalkeeper,WHU,4
1059919,Zabaleta,Pablo Zabaleta,Defender,WHU,14
1059919,Fabianski,Lukasz Fabianski,Goalkeeper,WHU,3
1059919,Ogbonna,Angelo Ogbonna,Defender,WHU,5
1059919,Cresswell,Aaron Cresswell,Defender,WHU,11
1059919,Lanzini,Manuel Lanzini,Midfielder,WHU,22
1059919,Felipe Anderson,Felipe Anderson Pereira Gomes,Midfielder,WHU,16
1059919,Haller,Sébastien Haller,Forward,WHU,3
1059919,Masuaku,Arthur Masuaku,Defender,WHU,8
1059919,Balbuena,Fabián Balbuena,Defender,WHU,10
1059919,Rice,Declan Rice,Midfielder,WHU,18
1059919,Fornals,Pablo Fornals,Midfielder,WHU,2
1059920,Lallana,Adam Lallana,Midfielder,LIV,6
1059920,Wijnaldum,Georginio Wijnaldum,Midfielder,LIV,20
1059920,Henderson (Jordan),Jordan Henderson,Midfielder,LIV,19
1059920,Shaqiri,Xherdan Shaqiri,Midfielder,LIV,5
1059920,Oxlade-Chamberlain,Alex Oxlade-Chamberlain,Midfielder,LIV,5
1059920,Firmino,Roberto Firmino Barbosa de Oliveira,Forward,LIV,46
1059920,van Dijk,Virgil van Dijk,Defender,LIV,24
1059920,Mane,Sadio Mane,Midfielder,LIV,14
1059920,Alisson,Alisson Ramses Becker,Goalkeeper,LIV,30
1059920,Salah,Mohamed Salah,Midfielder,LIV,24
1059920,Robertson,Andrew Robertson,Defender,LIV,21
1059920,Origi,Divock Origi,Forward,LIV,8
1059920,Alexander-Arnold,Trent Alexander-Arnold,Defender,LIV,25
1059920,Gomez,Joseph Gomez,Defender,LIV,29
1059920,Rose,Danny Rose,Defender,TOT,4
1059920,Alderweireld,Toby Alderweireld,Defender,TOT,11
1059920,Lamela,Erik Lamela,Midfielder,TOT,5
1059920,Aurier,Serge Aurier,Defender,TOT,19
1059920,Eriksen,Christian Eriksen,Midfielder,TOT,15
1059920,Son,Heung-Min Son,Midfielder,TOT,6
1059920,Lucas Moura,Lucas Rodrigues Moura da Silva,Midfielder,TOT,11
1059920,Gazzaniga,Paulo Gazzaniga,Goalkeeper,TOT,17
1059920,Alli,Bamidele Alli,Midfielder,TOT,9
1059920,Winks,Harry Winks,Midfielder,TOT,19
1059920,Sánchez (Davinson),Davinson Sánchez,Defender,TOT,17
1059920,Tanganga,Japhet Tanganga,Defender,TOT,20
1059920,Lo Celso,Giovani Lo Celso,Midfielder,TOT,0
1059921,Carroll,Andy Carroll,Forward,NEW,1
1059921,Fernández,Federico Fernández,Defender,NEW,7
1059921,Clark (Ciaran),Ciaran Clark,Defender,NEW,10
1059921,Dubravka,Martin Dubravka,Goalkeeper,NEW,8
1059921,Lejeune,Florian Lejeune,Defender,NEW,9
1059921,Willems,Jetro Willems,Defender,NEW,10
1059921,Gayle,Dwight Gayle,Forward,NEW,19
1059921,Atsu,Christian Atsu,Midfielder,NEW,-5
1059921,Dummett,Paul Dummett,Defender,NEW,3
1059921,Hayden (Isaac),Isaac Hayden,Midfielder,NEW,7
1059921,Almirón,Miguel Almirón,Midfielder,NEW,36
1059921,Longstaff (Sean),Sean Longstaff,Midfielder,NEW,13
1059921,Joelinton,Joelinton Cássio Apolinário de Lira,Forward,NEW,8
1059921,Longstaff (Matthew),Matthew Longstaff,Midfielder,NEW,16
1059921,Moutinho,João Moutinho,Midfielder,WOL,25
1059921,Rui Patrício,Rui Pedro dos Santos Patrício,Goalkeeper,WOL,3
1059921,Doherty,Matt Doherty,Defender,WOL,-1
1059921,Coady,Conor Coady,Defender,WOL,16
1059921,Raúl Jiménez,Raul Alonso Jimenez Rodriguez,Forward,WOL,5
1059921,Saiss,Romain Saiss,Defender,WOL,11
1059921,Jonny,Jonathan Castro Otto,Defender,WOL,14
1059921,Dendoncker,Leander Dendoncker,Midfielder,WOL,40
1059921,Traoré,Adama Traoré,Midfielder,WOL,10
1059921,Ruben Neves,Rúben Diogo da Silva Neves,Midfielder,WOL,10
1059921,Rúben Vinagre,Rúben Gonçalo Silva Nascimento Vinagre,Defender,WOL,4
1059921,Neto,Pedro Neto,Midfielder,WOL,13
1059922,Ozil,Mesut Ozil,Midfielder,ARS,17
1059922,Luiz,David Luiz Moreira Marinho,Defender,ARS,12
1059922,Lacazette,Alexandre Lacazette,Forward,ARS,6
1059922,Mustafi,Shkodran Mustafi,Defender,ARS,12
1059922,Leno,Bernd Leno,Goalkeeper,ARS,10
1059922,Xhaka,Granit Xhaka,Midfielder,ARS,15
1059922,Maitland-Niles,Ainsley Maitland-Niles,Defender,ARS,9
1059922,Pepe,Nicolas Pepe,Midfielder,ARS,12
1059922,Torreira,Lucas Torreira,Midfielder,ARS,18
1059922,Eddie Nketiah,Edward Nketiah,Forward,ARS,3
1059922,Saka,Bukayo Saka,Midfielder,ARS,19
1059922,Martinelli,Gabriel Teodoro Martinelli Silva,Forward,ARS,24
1059922,Sharp,Billy Sharp,Forward,SHU,3
1059922,Basham,Chris Basham,Defender,SHU,10
1059922,Fleck,John Fleck,Midfielder,SHU,38
1059922,Stevens,Enda Stevens,Defender,SHU,15
1059922,Norwood,Oliver Norwood,Midfielder,SHU,10
1059922,Baldock,George Baldock,Defender,SHU,6
1059922,Besic,Muhamed Besic,Midfielder,SHU,6
1059922,Egan,John Egan,Defender,SHU,13
1059922,O'Connell,Jack O'Connell,Defender,SHU,8
1059922,Lundstram,John Lundstram,Defender,SHU,5
1059922,McBurnie,Oliver McBurnie,Forward,SHU,8
1059922,Robinson (Callum),Callum Robinson,Midfielder,SHU,5
1059922,Henderson (Dean),Dean Henderson,Goalkeeper,SHU,10
1059922,Mousset,Lys Mousset,Forward,SHU,-5
1059923,Reina,José Reina,Goalkeeper,AVL,8
1059923,Drinkwater,Daniel Drinkwater,Midfielder,AVL,10
1059923,Hourihane,Conor Hourihane,Midfielder,AVL,1
1059923,Grealish,Jack Grealish,Midfielder,AVL,34
1059923,Hause,Kortney Hause,Defender,AVL,12
1059923,Trezeguet,Mahmoud Hassan,Midfielder,AVL,4
1059923,Mings,Tyrone Mings,Defender,AVL,13
1059923,Targett,Matt Targett,Defender,AVL,13
1059923,Nakamba,Marvelous Nakamba,Midfielder,AVL,12
1059923,El Ghazi,Anwar El Ghazi,Midfielder,AVL,1
1059923,Konsa Ngoyo,Ezri Konsa Ngoyo,Defender,AVL,9
1059923,Guilbert,Frederic Guilbert,Defender,AVL,1
1059923,Vassilev,Indiana Vassilev,Forward,AVL,0
1059923,Douglas Luiz,Douglas Luiz Soares de Paulo,Midfielder,AVL,16
1059923,Murray,Glenn Murray,Forward,BHA,2
1059923,Stephens (Dale),Dale Stephens,Midfielder,BHA,17
1059923,Groß,Pascal Groß,Midfielder,BHA,5
1059923,Pröpper,Davy Pröpper,Midfielder,BHA,15
1059923,Mooy,Aaron Mooy,Midfielder,BHA,4
1059923,Dunk,Lewis Dunk,Defender,BHA,6
1059923,Montoya,Martín Montoya,Defender,BHA,-1
1059923,Webster,Adam Webster,Defender,BHA,7
1059923,Maupay,Neal Maupay,Forward,BHA,16
1059923,Trossard,Leandro Trossard,Midfielder,BHA,34
1059923,Mat Ryan,Mathew Ryan,Goalkeeper,BHA,11
1059923,Bernardo,Bernardo Fernandes da Silva Junior,Defender,BHA,14
1059923,Connolly,Aaron Connolly,Forward,BHA,5
1059923,Alzate,Steven Alzate,Midfielder,BHA,8
1059924,Lennon,Aaron Lennon,Midfielder,BUR,3
1059924,Tarkowski,James Tarkowski,Defender,BUR,9
1059924,Bardsley,Phillip Bardsley,Defender,BUR,10
1059924,Cork,Jack Cork,Midfielder,BUR,12
1059924,Rodriguez,Jay Rodriguez,Forward,BUR,6
1059924,Mee,Ben Mee,Defender,BUR,12
1059924,Westwood,Ashley Roy Westwood,Midfielder,BUR,38
1059924,Wood,Chris Wood,Forward,BUR,32
1059924,Hendrick,Jeff Hendrick,Midfielder,BUR,4
1059924,Pope,Nick Pope,Goalkeeper,BUR,30
1059924,Taylor (Charlie),Charlie Taylor,Defender,BUR,15
1059924,McNeil,Dwight McNeil,Midfielder,BUR,9
1059924,Schmeichel,Kasper Schmeichel,Goalkeeper,LEI,7
1059924,Fuchs,Christian Fuchs,Defender,LEI,4
1059924,Evans (Jonny),Jonny Evans,Defender,LEI,12
1059924,Mendy (Nampalys),Nampalys Mendy,Midfielder,LEI,21
1059924,Vardy,Jamie Vardy,Forward,LEI,2
1059924,Praet,Dennis Praet,Midfielder,LEI,32
1059924,Ricardo Pereira,Ricardo Domingos Barbosa Pereira,Defender,LEI,7
1059924,Tielemans,Youri Tielemans,Midfielder,LEI,4
1059924,Ayoze Pérez,Ayoze Pérez Gutiérrez,Midfielder,LEI,18
1059924,Maddison,James Maddison,Midfielder,LEI,17
1059924,Iheanacho,Kelechi Iheanacho,Forward,LEI,9
1059924,Barnes (Harvey),Harvey Barnes,Midfielder,LEI,33
1059924,Söyüncü,Caglar Söyüncü,Defender,LEI,7
1059925,Lallana,Adam Lallana,Midfielder,LIV,3
1059925,Wijnaldum,Georginio Wijnaldum,Midfielder,LIV,18
1059925,Henderson (Jordan),Jordan Henderson,Midfielder,LIV,19
1059925,Oxlade-Chamberlain,Alex Oxlade-Chamberlain,Midfielder,LIV,11
1059925,Firmino,Roberto Firmino Barbosa de Oliveira,Forward,LIV,19
1059925,van Dijk,Virgil van Dijk,Defender,LIV,46
1059925,Mane,Sadio Mane,Midfielder,LIV,3
1059925,Alisson,Alisson Ramses Becker,Goalkeeper,LIV,44
1059925,Fabinho,Fabio Henrique Tavares,Midfielder,LIV,3
1059925,Salah,Mohamed Salah,Midfielder,LIV,29
1059925,Robertson,Andrew Robertson,Defender,LIV,26
1059925,Origi,Divock Origi,Forward,LIV,3
1059925,Alexander-Arnold,Trent Alexander-Arnold,Defender,LIV,35
1059925,Gomez,Joseph Gomez,Defender,LIV,28
1059925,Mata,Juan Mata,Midfielder,MUN,5
1059925,De Gea,David De Gea,Goalkeeper,MUN,4
1059925,Matic,Nemanja Matic,Midfielder,MUN,8
1059925,Maguire,Harry Maguire,Defender,MUN,7
1059925,Fred,Frederico Rodrigues de Paula Santos,Midfielder,MUN,27
1059925,Shaw,Luke Shaw,Defender,MUN,11
1059925,Martial,Anthony Martial,Midfielder,MUN,3
1059925,Pereira,Andreas Pereira,Midfielder,MUN,8
1059925,Lindelof,Victor Nilsson-Lindelof,Defender,MUN,7
1059925,James (Daniel),Daniel James,Midfielder,MUN,4
1059925,Wan-Bissaka,Aaron Wan-Bissaka,Defender,MUN,13
1059925,Dalot,José Diogo Dalot Teixeira,Defender,MUN,-3
1059925,Greenwood,Mason Greenwood,Forward,MUN,2
1059925,Williams (Brandon),Brandon Williams,Defender,MUN,2
1059926,Cahill,Gary Cahill,Defender,CRY,19
1059926,Guaita,Vicente Guaita,Goalkeeper,CRY,9
1059926,Tomkins,James Tomkins,Defender,CRY,7
1059926,McArthur,James McArthur,Midfielder,CRY,18
1059926,McCarthy (James),James McCarthy,Midfielder,CRY,13
1059926,Kouyaté,Cheikhou Kouyaté,Midfielder,CRY,6
1059926,Ward (Joel),Joel Ward,Defender,CRY,3
1059926,Kelly (Martin),Martin Kelly,Defender,CRY,5
1059926,Wickham,Connor Wickham,Forward,CRY,5
1059926,Tosun,Cenk Tosun,Forward,CRY,40
1059926,Ayew,Jordan Ayew,Forward,CRY,6
1059926,Zaha,Wilfried Zaha,Midfielder,CRY,24
1059926,Riedewald,Jairo Riedewald,Midfielder,CRY,6
1059926,Silva,David Silva,Midfielder,MCI,18
1059926,Fernandinho,Fernando Luiz Rosa,Midfielder,MCI,7
1059926,Aguero,Sergio Aguero,Forward,MCI,53
1059926,Gundogan,Ilkay Gundogan,Midfielder,MCI,17
1059926,De Bruyne,Kevin De Bruyne,Midfielder,MCI,25
1059926,Stones,John Stones,Defender,MCI,5
1059926,Mendy (Benjamin),Benjamin Mendy,Defender,MCI,27
1059926,Mahrez,Riyad Mahrez,Midfielder,MCI,2
1059926,Sterling (Raheem),Raheem Sterling,Midfielder,MCI,9
1059926,João Cancelo,João Pedro Cavaco Cancelo,Defender,MCI,7
1059926,Ederson,Ederson Santana de Moraes,Goalkeeper,MCI,4
1059926,Bernardo Silva,Bernardo Mota Veiga de Carvalho e Silva,Midfielder,MCI,21
1059926,Jesus,Gabriel Fernando de Jesus,Forward,MCI,13
1059926,Rodri,Rodrigo Hernández Cascante,Midfielder,MCI,3
1059927,Azpilicueta,César Azpilicueta,Defender,CHE,16
1059927,Willian,Willian Borges Da Silva,Midfielder,CHE,14
1059927,Jorginho,Jorge Luiz Frello Filho,Midfielder,CHE,17
1059927,Barkley,Ross Barkley,Midfielder,CHE,5
1059927,Batshuayi,Michy Batshuayi,Forward,CHE,2
1059927,Rüdiger,Antonio Rüdiger,Defender,CHE,9
1059927,Emerson,Emerson Palmieri dos Santos,Defender,CHE,-6
1059927,Kepa,Kepa Arrizabalaga Revuelta,Goalkeeper,CHE,4
1059927,Kanté,N'Golo Kanté,Midfielder,CHE,17
1059927,Christensen,Andreas Christensen,Defender,CHE,12
1059927,Abraham,Tammy Abraham,Forward,CHE,-4
1059927,Mount,Mason Mount,Midfielder,CHE,10
1059927,Hudson-Odoi,Callum Hudson-Odoi,Midfielder,CHE,16
1059927,James (Reece),Reece James,Defender,CHE,35
1059927,Shelvey,Jonjo Shelvey,Midfielder,NEW,22
1059927,Ritchie,Matt Ritchie,Defender,NEW,26
1059927,Fernández,Federico Fernández,Defender,NEW,33
1059927,Clark (Ciaran),Ciaran Clark,Defender,NEW,27
1059927,Dubravka,Martin Dubravka,Goalkeeper,NEW,28
1059927,Willems,Jetro Willems,Defender,NEW,3
1059927,Lascelles,Jamaal Lascelles,Defender,NEW,24
1059927,Krafth,Emil Krafth,Defender,NEW,22
1059927,Hayden (Isaac),Isaac Hayden,Midfielder,NEW,26
1059927,Saint-Maximin,Allan Saint-Maximin,Midfielder,NEW,14
1059927,Almirón,Miguel Almirón,Midfielder,NEW,15
1059927,Longstaff (Sean),Sean Longstaff,Midfielder,NEW,5
1059927,Joelinton,Joelinton Cássio Apolinário de Lira,Forward,NEW,-2
1059927,Longstaff (Matthew),Matthew Longstaff,Midfielder,NEW,3
1059928,Francis (Simon),Simon Francis,Defender,BOU,14
1059928,Gosling,Dan Gosling,Midfielder,BOU,0
1059928,Smith (Adam),Adam Smith,Defender,BOU,9
1059928,Cook (Steve),Steve Cook,Defender,BOU,-8
1059928,Wilson (Callum),Callum Wilson,Forward,BOU,3
1059928,Fraser,Ryan Fraser,Midfielder,BOU,17
1059928,Aké,Nathan Aké,Defender,BOU,14
1059928,Lerma,Jefferson Lerma,Midfielder,BOU,9
1059928,Wilson (Harry),Harry Wilson,Midfielder,BOU,5
1059928,Solanke,Dominic Solanke,Forward,BOU,4
1059928,Cook (Lewis),Lewis Cook,Midfielder,BOU,3
1059928,Billing,Philip Billing,Midfielder,BOU,6
1059928,Rico,Diego Rico,Defender,BOU,9
1059928,Ramsdale,Aaron Ramsdale,Goalkeeper,BOU,11
1059928,Tettey,Alexander Tettey,Midfielder,NOR,12
1059928,Krul,Tim Krul,Goalkeeper,NOR,24
1059928,Pukki,Teemu Pukki,Forward,NOR,36
1059928,Rupp,Lukas Rupp,Midfielder,NOR,3
1059928,Kenny McLean,Kenneth McLean,Midfielder,NOR,12
1059928,Drmic,Josip Drmic,Forward,NOR,2
1059928,Hanley,Grant Hanley,Defender,NOR,5
1059928,Byram,Sam Byram,Defender,NOR,29
1059928,Duda,Ondrej Duda,Midfielder,NOR,23
1059928,Zimmermann,Christoph Zimmermann,Defender,NOR,24
1059928,Cantwell,Todd Cantwell,Midfielder,NOR,22
1059928,Buendía,Emiliano Buendía,Midfielder,NOR,19
1059928,Godfrey,Ben Godfrey,Defender,NOR,13
1059928,Aarons (Maximillian),Maximillian Aarons,Defender,NOR,24
1059929,Long (Shane),Shane Long,Forward,SOU,34
1059929,Bertrand,Ryan Bertrand,Defender,SOU,1
1059929,McCarthy (Alex),Alex McCarthy,Goalkeeper,SOU,-3
1059929,Cedric,Cedric Ricardo Alves Soares,Defender,SOU,13
1059929,Redmond,Nathan Redmond,Midfielder,SOU,14
1059929,Ings,Danny Ings,Forward,SOU,4
1059929,Stephens (Jack),Jack Stephens,Defender,SOU,-6
1059929,Armstrong (Stuart),Stuart Armstrong,Midfielder,SOU,7
1059929,Ward-Prowse,James Ward-Prowse,Midfielder,SOU,19
1059929,Boufal,Sofiane Boufal,Midfielder,SOU,4
1059929,Højbjerg,Pierre-Emile Højbjerg,Midfielder,SOU,19
1059929,Bednarek,Jan Bednarek,Defender,SOU,6
1059929,Adams,Che Adams,Forward,SOU,1
1059929,Djenepo,Moussa Djenepo,Midfielder,SOU,9
1059929,Moutinho,João Moutinho,Midfielder,WOL,13
1059929,Rui Patrício,Rui Pedro dos Santos Patrício,Goalkeeper,WOL,7
1059929,Doherty,Matt Doherty,Defender,WOL,0
1059929,Coady,Conor Coady,Defender,WOL,4
1059929,Raúl Jiménez,Raul Alonso Jimenez Rodriguez,Forward,WOL,58
1059929,Saiss,Romain Saiss,Defender,WOL,4
1059929,Jonny,Jonathan Castro Otto,Defender,WOL,9
1059929,Dendoncker,Leander Dendoncker,Midfielder,WOL,28
1059929,Traoré,Adama Traoré,Midfielder,WOL,39
1059929,Ruben Neves,Rúben Diogo da Silva Neves,Midfielder,WOL,13
1059929,Kilman,Max Kilman,Defender,WOL,3
1059929,Neto,Pedro Neto,Midfielder,WOL,30
1059930,Vertonghen,Jan Vertonghen,Defender,TOT,23
1059930,Alderweireld,Toby Alderweireld,Defender,TOT,27
1059930,Lamela,Erik Lamela,Midfielder,TOT,7
1059930,Aurier,Serge Aurier,Defender,TOT,24
1059930,Eriksen,Christian Eriksen,Midfielder,TOT,8
1059930,Son,Heung-Min Son,Midfielder,TOT,14
1059930,Lucas Moura,Lucas Rodrigues Moura da Silva,Midfielder,TOT,13
1059930,Gazzaniga,Paulo Gazzaniga,Goalkeeper,TOT,31
1059930,Alli,Bamidele Alli,Midfielder,TOT,12
1059930,Winks,Harry Winks,Midfielder,TOT,11
1059930,Gedson Fernandes,Gedson Carvalho Fernandes,Midfielder,TOT,4
1059930,Tanganga,Japhet Tanganga,Defender,TOT,26
1059930,Lo Celso,Giovani Lo Celso,Midfielder,TOT,17
1059930,Foster,Ben Foster,Goalkeeper,WAT,29
1059930,Mariappa,Adrian Mariappa,Defender,WAT,20
1059930,Capoue,Etienne Capoue,Midfielder,WAT,5
1059930,Cathcart,Craig Cathcart,Defender,WAT,22
1059930,Deeney,Troy Deeney,Forward,WAT,7
1059930,Dawson,Craig Dawson,Defender,WAT,24
1059930,Pereyra,Roberto Pereyra,Midfielder,WAT,2
1059930,Chalobah (Nathaniel),Nathaniel Chalobah,Midfielder,WAT,12
1059930,Deulofeu,Gerard Deulofeu,Forward,WAT,14
1059930,Doucouré,Abdoulaye Doucouré,Midfielder,WAT,-1
1059930,Masina,Adam Masina,Defender,WAT,23
1059930,Pussetto,Ignacio Pussetto,Midfielder,WAT,7
1059930,Ismaila Sarr,Ismaila Sarr,Midfielder,WAT,12
1059931,Walcott,Theo Walcott,Midfielder,EVE,8
1059931,Delph,Fabian Delph,Midfielder,EVE,16
1059931,Coleman,Seamus Coleman,Defender,EVE,11
1059931,Bernard,Bernard Anício Caldeira Duarte,Midfielder,EVE,1
1059931,Digne,Lucas Digne,Defender,EVE,21
1059931,Sidibe,Djibril Sidibe,Defender,EVE,8
1059931,Pickford,Jordan Pickford,Goalkeeper,EVE,12
1059931,Niasse,Oumar Niasse,Forward,EVE,-2
1059931,Mina,Yerry Mina,Defender,EVE,11
1059931,Davies (Tom),Tom Davies,Midfielder,EVE,8
1059931,Calvert-Lewin,Dominic Calvert-Lewin,Forward,EVE,22
1059931,Holgate,Mason Holgate,Defender,EVE,31
1059931,Gordon (Anthony),Anthony Gordon,Forward,EVE,3
1059931,Kean,Moise Kean,Forward,EVE,9
1059931,Noble,Mark Noble,Midfielder,WHU,28
1059931,Snodgrass,Robert Snodgrass,Midfielder,WHU,25
1059931,Zabaleta,Pablo Zabaleta,Defender,WHU,13
1059931,Randolph,Darren Randolph,Goalkeeper,WHU,8
1059931,Ogbonna,Angelo Ogbonna,Defender,WHU,7
1059931,Cresswell,Aaron Cresswell,Defender,WHU,14
1059931,Lanzini,Manuel Lanzini,Midfielder,WHU,13
1059931,Haller,Sébastien Haller,Forward,WHU,-5
1059931,Masuaku,Arthur Masuaku,Defender,WHU,4
1059931,Ajeti,Albian Ajeti,Forward,WHU,3
1059931,Rice,Declan Rice,Midfielder,WHU,17
1059931,Fornals,Pablo Fornals,Midfielder,WHU,6
1059931,Diop,Issa Diop,Defender,WHU,20
1059932,Francis (Simon),Simon Francis,Defender,BOU,3
1059932,Gosling,Dan Gosling,Midfielder,BOU,3
1059932,Smith (Adam),Adam Smith,Defender,BOU,7
1059932,Wilson (Callum),Callum Wilson,Forward,BOU,33
1059932,Fraser,Ryan Fraser,Midfielder,BOU,20
1059932,Aké,Nathan Aké,Defender,BOU,9
1059932,Lerma,Jefferson Lerma,Midfielder,BOU,6
1059932,Wilson (Harry),Harry Wilson,Midfielder,BOU,36
1059932,Solanke,Dominic Solanke,Forward,BOU,21
1059932,Cook (Lewis),Lewis Cook,Midfielder,BOU,3
1059932,Billing,Philip Billing,Midfielder,BOU,10
1059932,Rico,Diego Rico,Defender,BOU,13
1059932,Ramsdale,Aaron Ramsdale,Goalkeeper,BOU,21
1059932,Stephens (Dale),Dale Stephens,Midfielder,BHA,13
1059932,Groß,Pascal Groß,Midfielder,BHA,-2
1059932,Pröpper,Davy Pröpper,Midfielder,BHA,20
1059932,Mooy,Aaron Mooy,Midfielder,BHA,41
1059932,Dunk,Lewis Dunk,Defender,BHA,9
1059932,March,Solomon March,Midfielder,BHA,4
1059932,Webster,Adam Webster,Defender,BHA,2
1059932,Maupay,Neal Maupay,Forward,BHA,9
1059932,Trossard,Leandro Trossard,Midfielder,BHA,4
1059932,Mat Ryan,Mathew Ryan,Goalkeeper,BHA,2
1059932,Jahanbakhsh,Alireza Jahanbakhsh,Midfielder,BHA,7
1059932,Bernardo,Bernardo Fernandes da Silva Junior,Defender,BHA,-7
1059932,Connolly,Aaron Connolly,Forward,BHA,3
1059932,Alzate,Steven Alzate,Midfielder,BHA,13
1059933,Reina,José Reina,Goalkeeper,AVL,8
1059933,Drinkwater,Daniel Drinkwater,Midfielder,AVL,3
1059933,Grealish,Jack Grealish,Midfielder,AVL,22
1059933,Hause,Kortney Hause,Defender,AVL,10
1059933,Trezeguet,Mahmoud Hassan,Midfielder,AVL,11
1059933,Mings,Tyrone Mings,Defender,AVL,23
1059933,Targett,Matt Targett,Defender,AVL,21
1059933,Nakamba,Marvelous Nakamba,Midfielder,AVL,12
1059933,El Ghazi,Anwar El Ghazi,Midfielder,AVL,5
1059933,Konsa Ngoyo,Ezri Konsa Ngoyo,Defender,AVL,16
1059933,Guilbert,Frederic Guilbert,Defender,AVL,14
1059933,Vassilev,Indiana Vassilev,Forward,AVL,3
1059933,Douglas Luiz,Douglas Luiz Soares de Paulo,Midfielder,AVL,20
1059933,Foster,Ben Foster,Goalkeeper,WAT,5
1059933,Mariappa,Adrian Mariappa,Defender,WAT,8
1059933,Capoue,Etienne Capoue,Midfielder,WAT,14
1059933,Cathcart,Craig Cathcart,Defender,WAT,2
1059933,Deeney,Troy Deeney,Forward,WAT,29
1059933,Dawson,Craig Dawson,Defender,WAT,0
1059933,Pereyra,Roberto Pereyra,Midfielder,WAT,13
1059933,Gray (Andre),Andre Gray,Forward,WAT,2
1059933,Kabasele,Christian Kabasele,Defender,WAT,-1
1059933,Chalobah (Nathaniel),Nathaniel Chalobah,Midfielder,WAT,10
1059933,Deulofeu,Gerard Deulofeu,Forward,WAT,16
1059933,Doucouré,Abdoulaye Doucouré,Midfielder,WAT,9
1059933,Masina,Adam Masina,Defender,WAT,7
1059933,Pussetto,Ignacio Pussetto,Midfielder,WAT,7
1059934,Walcott,Theo Walcott,Midfielder,EVE,19
1059934,Delph,Fabian Delph,Midfielder,EVE,15
1059934,Schneiderlin,Morgan Schneiderlin,Midfielder,EVE,24
1059934,Coleman,Seamus Coleman,Defender,EVE,-5
1059934,Bernard,Bernard Anício Caldeira Duarte,Midfielder,EVE,20
1059934,Digne,Lucas Digne,Defender,EVE,22
1059934,Sidibe,Djibril Sidibe,Defender,EVE,6
1059934,Pickford,Jordan Pickford,Goalkeeper,EVE,2
1059934,Niasse,Oumar Niasse,Forward,EVE,2
1059934,Mina,Yerry Mina,Defender,EVE,-1
1059934,Davies (Tom),Tom Davies,Midfielder,EVE,2
1059934,Calvert-Lewin,Dominic Calvert-Lewin,Forward,EVE,28
1059934,Holgate,Mason Holgate,Defender,EVE,14
1059934,Kean,Moise Kean,Forward,EVE,40
1059934,Ritchie,Matt Ritchie,Defender,NEW,5
1059934,Fernández,Federico Fernández,Defender,NEW,6
1059934,Clark (Ciaran),Ciaran Clark,Defender,NEW,-3
1059934,Dubravka,Martin Dubravka,Goalkeeper,NEW,13
1059934,Lejeune,Florian Lejeune,Defender,NEW,31
1059934,Lascelles,Jamaal Lascelles,Defender,NEW,7
1059934,Atsu,Christian Atsu,Midfielder,NEW,8
1059934,Krafth,Emil Krafth,Defender,NEW,4
1059934,Schär,Fabian Schär,Defender,NEW,14
1059934,Hayden (Isaac),Isaac Hayden,Midfielder,NEW,27
1059934,Almirón,Miguel Almirón,Midfielder,NEW,8
1059934,Longstaff (Sean),Sean Longstaff,Midfielder,NEW,11
1059934,Joelinton,Joelinton Cássio Apolinário de Lira,Forward,NEW,7
1059934,Longstaff (Matthew),Matthew Longstaff,Midfielder,NEW,13
1059935,Morgan,Wes Morgan,Defender,LEI,3
1059935,Schmeichel,Kasper Schmeichel,Goalkeeper,LEI,4
1059935,Evans (Jonny),Jonny Evans,Defender,LEI,11
1059935,Mendy (Nampalys),Nampalys Mendy,Midfielder,LEI,12
1059935,Vardy,Jamie Vardy,Forward,LEI,8
1059935,Ricardo Pereira,Ricardo Domingos Barbosa Pereira,Defender,LEI,38
1059935,Tielemans,Youri Tielemans,Midfielder,LEI,13
1059935,Ayoze Pérez,Ayoze Pérez Gutiérrez,Midfielder,LEI,55
1059935,Maddison,James Maddison,Midfielder,LEI,16
1059935,Chilwell,Benjamin Chilwell,Defender,LEI,18
1059935,Iheanacho,Kelechi Iheanacho,Forward,LEI,22
1059935,Barnes (Harvey),Harvey Barnes,Midfielder,LEI,46
1059935,Ndidi,Onyinye Wilfred Ndidi,Midfielder,LEI,4
1059935,Söyüncü,Caglar Söyüncü,Defender,LEI,15
1059935,Noble,Mark Noble,Midfielder,WHU,33
1059935,Snodgrass,Robert Snodgrass,Midfielder,WHU,7
1059935,Zabaleta,Pablo Zabaleta,Defender,WHU,-7
1059935,Randolph,Darren Randolph,Goalkeeper,WHU,-1
1059935,Ogbonna,Angelo Ogbonna,Defender,WHU,-16
1059935,Cresswell,Aaron Cresswell,Defender,WHU,-6
1059935,Antonio,Michail Antonio,Forward,WHU,-3
1059935,Lanzini,Manuel Lanzini,Midfielder,WHU,6
1059935,Haller,Sébastien Haller,Forward,WHU,14
1059935,Masuaku,Arthur Masuaku,Defender,WHU,-6
1059935,Rice,Declan Rice,Midfielder,WHU,11
1059935,Fornals,Pablo Fornals,Midfielder,WHU,5
1059935,Diop,Issa Diop,Defender,WHU,-3
1059936,Tarkowski,James Tarkowski,Defender,BUR,26
1059936,Cork,Jack Cork,Midfielder,BUR,9
1059936,Rodriguez,Jay Rodriguez,Forward,BUR,28
1059936,Mee,Ben Mee,Defender,BUR,36
1059936,Westwood,Ashley Roy Westwood,Midfielder,BUR,7
1059936,Wood,Chris Wood,Forward,BUR,43
1059936,Lowton,Matthew Lowton,Defender,BUR,23
1059936,Hendrick,Jeff Hendrick,Midfielder,BUR,12
1059936,Pope,Nick Pope,Goalkeeper,BUR,37
1059936,Taylor (Charlie),Charlie Taylor,Defender,BUR,21
1059936,McNeil,Dwight McNeil,Midfielder,BUR,11
1059936,Mata,Juan Mata,Midfielder,MUN,13
1059936,De Gea,David De Gea,Goalkeeper,MUN,2
1059936,Matic,Nemanja Matic,Midfielder,MUN,16
1059936,Jones (Phil),Phil Jones,Defender,MUN,9
1059936,Maguire,Harry Maguire,Defender,MUN,9
1059936,Fred,Frederico Rodrigues de Paula Santos,Midfielder,MUN,23
1059936,Shaw,Luke Shaw,Defender,MUN,4
1059936,Lingard,Jesse Lingard,Midfielder,MUN,5
1059936,Martial,Anthony Martial,Midfielder,MUN,11
1059936,Pereira,Andreas Pereira,Midfielder,MUN,6
1059936,James (Daniel),Daniel James,Midfielder,MUN,9
1059936,Wan-Bissaka,Aaron Wan-Bissaka,Defender,MUN,5
1059936,Greenwood,Mason Greenwood,Forward,MUN,4
1059936,Williams (Brandon),Brandon Williams,Defender,MUN,7
1059937,Fernandinho,Fernando Luiz Rosa,Midfielder,MCI,13
1059937,Aguero,Sergio Aguero,Forward,MCI,30
1059937,Otamendi,Nicolás Otamendi,Defender,MCI,33
1059937,Walker,Kyle Walker,Defender,MCI,24
1059937,De Bruyne,Kevin De Bruyne,Midfielder,MCI,29
1059937,Mahrez,Riyad Mahrez,Midfielder,MCI,19
1059937,Sterling (Raheem),Raheem Sterling,Midfielder,MCI,7
1059937,Ederson,Ederson Santana de Moraes,Goalkeeper,MCI,24
1059937,Laporte,Aymeric Laporte,Defender,MCI,26
1059937,Bernardo Silva,Bernardo Mota Veiga de Carvalho e Silva,Midfielder,MCI,3
1059937,Jesus,Gabriel Fernando de Jesus,Forward,MCI,3
1059937,Zinchenko,Oleksandr Zinchenko,Defender,MCI,24
1059937,Rodri,Rodrigo Hernández Cascante,Midfielder,MCI,9
1059937,Garcia,Eric Garcia,Defender,MCI,4
1059937,Sharp,Billy Sharp,Forward,SHU,1
1059937,Basham,Chris Basham,Defender,SHU,0
1059937,Fleck,John Fleck,Midfielder,SHU,6
1059937,Stevens,Enda Stevens,Defender,SHU,10
1059937,Norwood,Oliver Norwood,Midfielder,SHU,10
1059937,Baldock,George Baldock,Defender,SHU,17
1059937,Besic,Muhamed Besic,Midfielder,SHU,6
1059937,Egan,John Egan,Defender,SHU,7
1059937,O'Connell,Jack O'Connell,Defender,SHU,10
1059937,Lundstram,John Lundstram,Defender,SHU,3
1059937,McBurnie,Oliver McBurnie,Forward,SHU,6
1059937,Robinson (Callum),Callum Robinson,Midfielder,SHU,2
1059937,Henderson (Dean),Dean Henderson,Goalkeeper,SHU,21
1059937,Mousset,Lys Mousset,Forward,SHU,2
1059938,Wijnaldum,Georginio Wijnaldum,Midfielder,LIV,10
1059938,Henderson (Jordan),Jordan Henderson,Midfielder,LIV,46
1059938,Oxlade-Chamberlain,Alex Oxlade-Chamberlain,Midfielder,LIV,7
1059938,Firmino,Roberto Firmino Barbosa de Oliveira,Forward,LIV,39
1059938,van Dijk,Virgil van Dijk,Defender,LIV,15
1059938,Mane,Sadio Mane,Midfielder,LIV,6
1059938,Alisson,Alisson Ramses Becker,Goalkeeper,LIV,11
1059938,Fabinho,Fabio Henrique Tavares,Midfielder,LIV,4
1059938,Salah,Mohamed Salah,Midfielder,LIV,17
1059938,Robertson,Andrew Robertson,Defender,LIV,7
1059938,Origi,Divock Origi,Forward,LIV,2
1059938,Minamino,Takumi Minamino,Midfielder,LIV,5
1059938,Alexander-Arnold,Trent Alexander-Arnold,Defender,LIV,21
1059938,Gomez,Joseph Gomez,Defender,LIV,10
1059938,Moutinho,João Moutinho,Midfielder,WOL,9
1059938,Rui Patrício,Rui Pedro dos Santos Patrício,Goalkeeper,WOL,10
1059938,Doherty,Matt Doherty,Defender,WOL,0
1059938,Coady,Conor Coady,Defender,WOL,5
1059938,Raúl Jiménez,Raul Alonso Jimenez Rodriguez,Forward,WOL,43
1059938,Saiss,Romain Saiss,Defender,WOL,8
1059938,Jonny,Jonathan Castro Otto,Defender,WOL,4
1059938,Dendoncker,Leander Dendoncker,Midfielder,WOL,17
1059938,Traoré,Adama Traoré,Midfielder,WOL,33
1059938,Ruben Neves,Rúben Diogo da Silva Neves,Midfielder,WOL,21
1059938,Diogo Jota,Diogo José Teixeira da Silva,Midfielder,WOL,0
1059938,Gibbs-White,Morgan Gibbs-White,Midfielder,WOL,3
1059938,Neto,Pedro Neto,Midfielder,WOL,10
1059939,Ozil,Mesut Ozil,Midfielder,ARS,9
1059939,Luiz,David Luiz Moreira Marinho,Defender,ARS,-11
1059939,Lacazette,Alexandre Lacazette,Forward,ARS,10
1059939,Mustafi,Shkodran Mustafi,Defender,ARS,20
1059939,Leno,Bernd Leno,Goalkeeper,ARS,12
1059939,Xhaka,Granit Xhaka,Midfielder,ARS,20
1059939,Bellerín,Héctor Bellerín,Defender,ARS,22
1059939,Holding,Rob Holding,Defender,ARS,0
1059939,Pepe,Nicolas Pepe,Midfielder,ARS,8
1059939,Torreira,Lucas Torreira,Midfielder,ARS,24
1059939,Willock,Joseph Willock,Midfielder,ARS,2
1059939,Saka,Bukayo Saka,Midfielder,ARS,17
1059939,Guendouzi,Matteo Guendouzi,Midfielder,ARS,2
1059939,Martinelli,Gabriel Teodoro Martinelli Silva,Forward,ARS,36
1059939,Azpilicueta,César Azpilicueta,Defender,CHE,16
1059939,Willian,Willian Borges Da Silva,Midfielder,CHE,9
1059939,Jorginho,Jorge Luiz Frello Filho,Midfielder,CHE,39
1059939,Barkley,Ross Barkley,Midfielder,CHE,3
1059939,Kovacic,Mateo Kovacic,Midfielder,CHE,15
1059939,Batshuayi,Michy Batshuayi,Forward,CHE,0
1059939,Rüdiger,Antonio Rüdiger,Defender,CHE,13
1059939,Emerson,Emerson Palmieri dos Santos,Defender,CHE,7
1059939,Kepa,Kepa Arrizabalaga Revuelta,Goalkeeper,CHE,-2
1059939,Kanté,N'Golo Kanté,Midfielder,CHE,3
1059939,Christensen,Andreas Christensen,Defender,CHE,3
1059939,Abraham,Tammy Abraham,Forward,CHE,19
1059939,Mount,Mason Mount,Midfielder,CHE,6
1059939,Hudson-Odoi,Callum Hudson-Odoi,Midfielder,CHE,26
1059940,Cahill,Gary Cahill,Defender,CRY,2
1059940,Guaita,Vicente Guaita,Goalkeeper,CRY,10
1059940,Tomkins,James Tomkins,Defender,CRY,8
1059940,McArthur,James McArthur,Midfielder,CRY,7
1059940,McCarthy (James),James McCarthy,Midfielder,CRY,4
1059940,Kouyaté,Cheikhou Kouyaté,Midfielder,CRY,13
1059940,Ward (Joel),Joel Ward,Defender,CRY,4
1059940,Kelly (Martin),Martin Kelly,Defender,CRY,5
1059940,Wickham,Connor Wickham,Forward,CRY,2
1059940,Tosun,Cenk Tosun,Forward,CRY,1
1059940,Ayew,Jordan Ayew,Forward,CRY,15
1059940,Zaha,Wilfried Zaha,Midfielder,CRY,11
1059940,Meyer,Max Meyer,Midfielder,CRY,2
1059940,Riedewald,Jairo Riedewald,Midfielder,CRY,17
1059940,Long (Shane),Shane Long,Forward,SOU,2
1059940,Bertrand,Ryan Bertrand,Defender,SOU,25
1059940,McCarthy (Alex),Alex McCarthy,Goalkeeper,SOU,20
1059940,Cedric,Cedric Ricardo Alves Soares,Defender,SOU,2
1059940,Romeu,Oriol Romeu,Midfielder,SOU,12
1059940,Redmond,Nathan Redmond,Midfielder,SOU,51
1059940,Ings,Danny Ings,Forward,SOU,0
1059940,Stephens (Jack),Jack Stephens,Defender,SOU,38
1059940,Armstrong (Stuart),Stuart Armstrong,Midfielder,SOU,30
1059940,Vestergaard,Jannik Vestergaard,Defender,SOU,22
1059940,Ward-Prowse,James Ward-Prowse,Midfielder,SOU,17
1059940,Højbjerg,Pierre-Emile Højbjerg,Midfielder,SOU,9
1059940,Adams,Che Adams,Forward,SOU,3
1059940,Obafemi,Michael Obafemi,Forward,SOU,14
1059941,Tettey,Alexander Tettey,Midfielder,NOR,20
1059941,Krul,Tim Krul,Goalkeeper,NOR,5
1059941,Pukki,Teemu Pukki,Forward,NOR,33
1059941,Stiepermann,Marco Stiepermann,Midfielder,NOR,2
1059941,Rupp,Lukas Rupp,Midfielder,NOR,7
1059941,Kenny McLean,Kenneth McLean,Midfielder,NOR,15
1059941,Drmic,Josip Drmic,Forward,NOR,5
1059941,Hanley,Grant Hanley,Defender,NOR,9
1059941,Hernández (Onel),Onel Hernández,Midfielder,NOR,3
1059941,Byram,Sam Byram,Defender,NOR,5
1059941,Duda,Ondrej Duda,Midfielder,NOR,22
1059941,Zimmermann,Christoph Zimmermann,Defender,NOR,6
1059941,Cantwell,Todd Cantwell,Midfielder,NOR,11
1059941,Aarons (Maximillian),Maximillian Aarons,Defender,NOR,18
1059941,Lloris,Hugo Lloris,Goalkeeper,TOT,6
1059941,Vertonghen,Jan Vertonghen,Defender,TOT,8
1059941,Alderweireld,Toby Alderweireld,Defender,TOT,11
1059941,Lamela,Erik Lamela,Midfielder,TOT,10
1059941,Aurier,Serge Aurier,Defender,TOT,25
1059941,Eriksen,Christian Eriksen,Midfielder,TOT,7
1059941,Son,Heung-Min Son,Midfielder,TOT,20
1059941,Dier,Eric Dier,Midfielder,TOT,4
1059941,Lucas Moura,Lucas Rodrigues Moura da Silva,Midfielder,TOT,3
1059941,Alli,Bamidele Alli,Midfielder,TOT,35
1059941,Winks,Harry Winks,Midfielder,TOT,12
1059941,Sessegnon (Ryan),Kouassi Ryan Sessegnon,Midfielder,TOT,9
1059941,Gedson Fernandes,Gedson Carvalho Fernandes,Midfielder,TOT,4
1059941,Lo Celso,Giovani Lo Celso,Midfielder,TOT,17
1059942,Reina,José Reina,Goalkeeper,AVL,10
1059942,Engels,Björn Engels,Defender,AVL,13
1059942,Grealish,Jack Grealish,Midfielder,AVL,27
1059942,Hause,Kortney Hause,Defender,AVL,-4
1059942,Trezeguet,Mahmoud Hassan,Midfielder,AVL,2
1059942,Mings,Tyrone Mings,Defender,AVL,-2
1059942,Targett,Matt Targett,Defender,AVL,6
1059942,Nakamba,Marvelous Nakamba,Midfielder,AVL,5
1059942,El Ghazi,Anwar El Ghazi,Midfielder,AVL,3
1059942,Konsa Ngoyo,Ezri Konsa Ngoyo,Defender,AVL,-4
1059942,Guilbert,Frederic Guilbert,Defender,AVL,2
1059942,Samatta,Mbwana Aly Samatta,Forward,AVL,32
1059942,Davis,Keinan Davis,Midfielder,AVL,15
1059942,Douglas Luiz,Douglas Luiz Soares de Paulo,Midfielder,AVL,10
1059942,Francis (Simon),Simon Francis,Defender,BOU,13
1059942,Gosling,Dan Gosling,Midfielder,BOU,19
1059942,Smith (Adam),Adam Smith,Defender,BOU,5
1059942,Wilson (Callum),Callum Wilson,Forward,BOU,4
1059942,Fraser,Ryan Fraser,Midfielder,BOU,22
1059942,Aké,Nathan Aké,Defender,BOU,24
1059942,Lerma,Jefferson Lerma,Midfielder,BOU,-9
1059942,Wilson (Harry),Harry Wilson,Midfielder,BOU,16
1059942,Billing,Philip Billing,Midfielder,BOU,45
1059942,Rico,Diego Rico,Defender,BOU,15
1059942,Ramsdale,Aaron Ramsdale,Goalkeeper,BOU,8
1059943,Ozil,Mesut Ozil,Midfielder,ARS,11
1059943,Luiz,David Luiz Moreira Marinho,Defender,ARS,28
1059943,Aubameyang,Pierre-Emerick Aubameyang,Forward,ARS,2
1059943,Lacazette,Alexandre Lacazette,Forward,ARS,11
1059943,Mustafi,Shkodran Mustafi,Defender,ARS,25
1059943,Leno,Bernd Leno,Goalkeeper,ARS,26
1059943,Xhaka,Granit Xhaka,Midfielder,ARS,16
1059943,Bellerín,Héctor Bellerín,Defender,ARS,28
1059943,Torreira,Lucas Torreira,Midfielder,ARS,9
1059943,Willock,Joseph Willock,Midfielder,ARS,3
1059943,Eddie Nketiah,Edward Nketiah,Forward,ARS,3
1059943,Saka,Bukayo Saka,Midfielder,ARS,5
1059943,Guendouzi,Matteo Guendouzi,Midfielder,ARS,11
1059943,Martinelli,Gabriel Teodoro Martinelli Silva,Forward,ARS,5
1059943,Tarkowski,James Tarkowski,Defender,BUR,19
1059943,Cork,Jack Cork,Midfielder,BUR,7
1059943,Rodriguez,Jay Rodriguez,Forward,BUR,5
1059943,Mee,Ben Mee,Defender,BUR,23
1059943,Westwood,Ashley Roy Westwood,Midfielder,BUR,24
1059943,Wood,Chris Wood,Forward,BUR,10
1059943,Lowton,Matthew Lowton,Defender,BUR,24
1059943,Hendrick,Jeff Hendrick,Midfielder,BUR,4
1059943,Pope,Nick Pope,Goalkeeper,BUR,25
1059943,Taylor (Charlie),Charlie Taylor,Defender,BUR,28
1059943,McNeil,Dwight McNeil,Midfielder,BUR,25
1059944,Cahill,Gary Cahill,Defender,CRY,8
1059944,Guaita,Vicente Guaita,Goalkeeper,CRY,3
1059944,Tomkins,James Tomkins,Defender,CRY,-2
1059944,McArthur,James McArthur,Midfielder,CRY,17
1059944,McCarthy (James),James McCarthy,Midfielder,CRY,9
1059944,Benteke,Christian Benteke,Forward,CRY,9
1059944,Kouyaté,Cheikhou Kouyaté,Midfielder,CRY,3
1059944,Ward (Joel),Joel Ward,Defender,CRY,1
1059944,Townsend,Andros Townsend,Midfielder,CRY,3
1059944,Milivojevic,Luka Milivojevic,Midfielder,CRY,12
1059944,Van Aanholt,Patrick Van Aanholt,Defender,CRY,7
1059944,Ayew,Jordan Ayew,Forward,CRY,12
1059944,Zaha,Wilfried Zaha,Midfielder,CRY,17
1059944,Meyer,Max Meyer,Midfielder,CRY,3
1059944,Sharp,Billy Sharp,Forward,SHU,8
1059944,Basham,Chris Basham,Defender,SHU,23
1059944,Fleck,John Fleck,Midfielder,SHU,11
1059944,Stevens,Enda Stevens,Defender,SHU,21
1059944,Norwood,Oliver Norwood,Midfielder,SHU,28
1059944,Baldock,George Baldock,Defender,SHU,22
1059944,Egan,John Egan,Defender,SHU,21
1059944,O'Connell,Jack O'Connell,Defender,SHU,23
1059944,Lundstram,John Lundstram,Defender,SHU,4
1059944,Osborn,Ben Osborn,Midfielder,SHU,3
1059944,McBurnie,Oliver McBurnie,Forward,SHU,7
1059944,Henderson (Dean),Dean Henderson,Goalkeeper,SHU,29
1059944,Mousset,Lys Mousset,Forward,SHU,10
1059944,Berge,Sander Berge,Midfielder,SHU,9
1059945,Caballero,Willy Caballero,Goalkeeper,CHE,3
1059945,Azpilicueta,César Azpilicueta,Defender,CHE,3
1059945,Willian,Willian Borges Da Silva,Midfielder,CHE,2
1059945,Pedro,Pedro Rodríguez Ledesma,Midfielder,CHE,7
1059945,Jorginho,Jorge Luiz Frello Filho,Midfielder,CHE,15
1059945,Barkley,Ross Barkley,Midfielder,CHE,0
1059945,Kovacic,Mateo Kovacic,Midfielder,CHE,1
1059945,Rüdiger,Antonio Rüdiger,Defender,CHE,35
1059945,Kanté,N'Golo Kanté,Midfielder,CHE,12
1059945,Christensen,Andreas Christensen,Defender,CHE,3
1059945,Abraham,Tammy Abraham,Forward,CHE,3
1059945,Mount,Mason Mount,Midfielder,CHE,32
1059945,Hudson-Odoi,Callum Hudson-Odoi,Midfielder,CHE,15
1059945,James (Reece),Reece James,Defender,CHE,9
1059945,Schmeichel,Kasper Schmeichel,Goalkeeper,LEI,5
1059945,Evans (Jonny),Jonny Evans,Defender,LEI,4
1059945,Vardy,Jamie Vardy,Forward,LEI,7
1059945,Praet,Dennis Praet,Midfielder,LEI,4
1059945,Ricardo Pereira,Ricardo Domingos Barbosa Pereira,Defender,LEI,1
1059945,Tielemans,Youri Tielemans,Midfielder,LEI,31
1059945,Ayoze Pérez,Ayoze Pérez Gutiérrez,Midfielder,LEI,16
1059945,Maddison,James Maddison,Midfielder,LEI,20
1059945,Chilwell,Benjamin Chilwell,Defender,LEI,23
1059945,Iheanacho,Kelechi Iheanacho,Forward,LEI,1
1059945,Choudhury,Hamza Choudhury,Midfielder,LEI,13
1059945,Barnes (Harvey),Harvey Barnes,Midfielder,LEI,26
1059945,Söyüncü,Caglar Söyüncü,Defender,LEI,11
1059946,Lallana,Adam Lallana,Midfielder,LIV,3
1059946,Wijnaldum,Georginio Wijnaldum,Midfielder,LIV,13
1059946,Henderson (Jordan),Jordan Henderson,Midfielder,LIV,47
1059946,Oxlade-Chamberlain,Alex Oxlade-Chamberlain,Midfielder,LIV,32
1059946,Firmino,Roberto Firmino Barbosa de Oliveira,Forward,LIV,36
1059946,van Dijk,Virgil van Dijk,Defender,LIV,27
1059946,Alisson,Alisson Ramses Becker,Goalkeeper,LIV,33
1059946,Fabinho,Fabio Henrique Tavares,Midfielder,LIV,11
1059946,Salah,Mohamed Salah,Midfielder,LIV,52
1059946,Robertson,Andrew Robertson,Defender,LIV,33
1059946,Minamino,Takumi Minamino,Midfielder,LIV,-3
1059946,Alexander-Arnold,Trent Alexander-Arnold,Defender,LIV,20
1059946,Gomez,Joseph Gomez,Defender,LIV,28
1059946,Keita,Naby Keita,Midfielder,LIV,8
1059946,Long (Shane),Shane Long,Forward,SOU,3
1059946,Bertrand,Ryan Bertrand,Defender,SOU,6
1059946,McCarthy (Alex),Alex McCarthy,Goalkeeper,SOU,3
1059946,Romeu,Oriol Romeu,Midfielder,SOU,5
1059946,Redmond,Nathan Redmond,Midfielder,SOU,4
1059946,Ings,Danny Ings,Forward,SOU,10
1059946,Stephens (Jack),Jack Stephens,Defender,SOU,-12
1059946,Ward-Prowse,James Ward-Prowse,Midfielder,SOU,16
1059946,Boufal,Sofiane Boufal,Midfielder,SOU,3
1059946,Højbjerg,Pierre-Emile Højbjerg,Midfielder,SOU,18
1059946,Bednarek,Jan Bednarek,Defender,SOU,1
1059946,Adams,Che Adams,Forward,SOU,2
1059946,Obafemi,Michael Obafemi,Forward,SOU,3
1059946,Djenepo,Moussa Djenepo,Midfielder,SOU,9
1059947,Mata,Juan Mata,Midfielder,MUN,13
1059947,De Gea,David De Gea,Goalkeeper,MUN,27
1059947,Maguire,Harry Maguire,Defender,MUN,24
1059947,Fred,Frederico Rodrigues de Paula Santos,Midfielder,MUN,15
1059947,Shaw,Luke Shaw,Defender,MUN,26
1059947,Lingard,Jesse Lingard,Midfielder,MUN,3
1059947,Bruno Fernandes,Bruno Miguel Borges Fernandes,Midfielder,MUN,16
1059947,Martial,Anthony Martial,Midfielder,MUN,13
1059947,Pereira,Andreas Pereira,Midfielder,MUN,5
1059947,Lindelof,Victor Nilsson-Lindelof,Defender,MUN,24
1059947,James (Daniel),Daniel James,Midfielder,MUN,10
1059947,Wan-Bissaka,Aaron Wan-Bissaka,Defender,MUN,33
1059947,Dalot,José Diogo Dalot Teixeira,Defender,MUN,-2
1059947,Greenwood,Mason Greenwood,Forward,MUN,3
1059947,Moutinho,João Moutinho,Midfielder,WOL,26
1059947,Rui Patrício,Rui Pedro dos Santos Patrício,Goalkeeper,WOL,30
1059947,Doherty,Matt Doherty,Defender,WOL,23
1059947,Boly,Willy Boly,Defender,WOL,28
1059947,Coady,Conor Coady,Defender,WOL,29
1059947,Raúl Jiménez,Raul Alonso Jimenez Rodriguez,Forward,WOL,11
1059947,Saiss,Romain Saiss,Defender,WOL,24
1059947,Jonny,Jonathan Castro Otto,Defender,WOL,16
1059947,Dendoncker,Leander Dendoncker,Midfielder,WOL,5
1059947,Traoré,Adama Traoré,Midfielder,WOL,12
1059947,Ruben Neves,Rúben Diogo da Silva Neves,Midfielder,WOL,16
1059947,Diogo Jota,Diogo José Teixeira da Silva,Midfielder,WOL,18
1059947,Podence,Daniel Podence,Midfielder,WOL,11
1059947,Neto,Pedro Neto,Midfielder,WOL,2
1059948,Rose,Danny Rose,Defender,NEW,4
1059948,Ritchie,Matt Ritchie,Defender,NEW,27
1059948,Fernández,Federico Fernández,Defender,NEW,32
1059948,Clark (Ciaran),Ciaran Clark,Defender,NEW,27
1059948,Dubravka,Martin Dubravka,Goalkeeper,NEW,28
1059948,Lascelles,Jamaal Lascelles,Defender,NEW,27
1059948,Lazaro,Valentino Lazaro,Midfielder,NEW,5
1059948,Bentaleb,Nabil Bentaleb,Midfielder,NEW,13
1059948,Yedlin,DeAndre Yedlin,Defender,NEW,2
1059948,Hayden (Isaac),Isaac Hayden,Midfielder,NEW,6
1059948,Saint-Maximin,Allan Saint-Maximin,Midfielder,NEW,22
1059948,Almirón,Miguel Almirón,Midfielder,NEW,9
1059948,Longstaff (Sean),Sean Longstaff,Midfielder,NEW,7
1059948,Joelinton,Joelinton Cássio Apolinário de Lira,Forward,NEW,7
1059948,Tettey,Alexander Tettey,Midfielder,NOR,11
1059948,Krul,Tim Krul,Goalkeeper,NOR,33
1059948,Vrancic,Mario Vrancic,Midfielder,NOR,2
1059948,Pukki,Teemu Pukki,Forward,NOR,6
1059948,Rupp,Lukas Rupp,Midfielder,NOR,15
1059948,Kenny McLean,Kenneth McLean,Midfielder,NOR,14
1059948,Hanley,Grant Hanley,Defender,NOR,32
1059948,Hernández (Onel),Onel Hernández,Midfielder,NOR,2
1059948,Byram,Sam Byram,Defender,NOR,22
1059948,Duda,Ondrej Duda,Midfielder,NOR,21
1059948,Zimmermann,Christoph Zimmermann,Defender,NOR,26
1059948,Cantwell,Todd Cantwell,Midfielder,NOR,7
1059948,Buendía,Emiliano Buendía,Midfielder,NOR,7
1059948,Aarons (Maximillian),Maximillian Aarons,Defender,NOR,31
1059949,Fernandinho,Fernando Luiz Rosa,Midfielder,MCI,16
1059949,Aguero,Sergio Aguero,Forward,MCI,-1
1059949,Otamendi,Nicolás Otamendi,Defender,MCI,7
1059949,Walker,Kyle Walker,Defender,MCI,12
1059949,Gundogan,Ilkay Gundogan,Midfielder,MCI,10
1059949,De Bruyne,Kevin De Bruyne,Midfielder,MCI,15
1059949,Mahrez,Riyad Mahrez,Midfielder,MCI,12
1059949,Sterling (Raheem),Raheem Sterling,Midfielder,MCI,9
1059949,João Cancelo,João Pedro Cavaco Cancelo,Defender,MCI,0
1059949,Ederson,Ederson Santana de Moraes,Goalkeeper,MCI,3
1059949,Bernardo Silva,Bernardo Mota Veiga de Carvalho e Silva,Midfielder,MCI,4
1059949,Jesus,Gabriel Fernando de Jesus,Forward,MCI,1
1059949,Zinchenko,Oleksandr Zinchenko,Defender,MCI,7
1059949,Rodri,Rodrigo Hernández Cascante,Midfielder,MCI,1
1059949,Lloris,Hugo Lloris,Goalkeeper,TOT,43
1059949,Alderweireld,Toby Alderweireld,Defender,TOT,25
1059949,Lamela,Erik Lamela,Midfielder,TOT,3
1059949,Aurier,Serge Aurier,Defender,TOT,27
1059949,Son,Heung-Min Son,Midfielder,TOT,28
1059949,Dier,Eric Dier,Midfielder,TOT,3
1059949,Lucas Moura,Lucas Rodrigues Moura da Silva,Midfielder,TOT,22
1059949,Alli,Bamidele Alli,Midfielder,TOT,6
1059949,Winks,Harry Winks,Midfielder,TOT,17
1059949,Sánchez (Davinson),Davinson Sánchez,Defender,TOT,30
1059949,Bergwijn,Steven Bergwijn,Midfielder,TOT,30
1059949,Tanganga,Japhet Tanganga,Defender,TOT,23
1059949,Lo Celso,Giovani Lo Celso,Midfielder,TOT,13
1059949,NDombele,Tanguy NDombele,Midfielder,TOT,18
1059950,Walcott,Theo Walcott,Midfielder,EVE,24
1059950,Delph,Fabian Delph,Midfielder,EVE,0
1059950,Schneiderlin,Morgan Schneiderlin,Midfielder,EVE,4
1059950,Sigurdsson,Gylfi Sigurdsson,Midfielder,EVE,27
1059950,Digne,Lucas Digne,Defender,EVE,9
1059950,Sidibe,Djibril Sidibe,Defender,EVE,16
1059950,Keane,Michael Keane,Defender,EVE,4
1059950,Pickford,Jordan Pickford,Goalkeeper,EVE,0
1059950,Iwobi,Alex Iwobi,Midfielder,EVE,7
1059950,Mina,Yerry Mina,Defender,EVE,30
1059950,Calvert-Lewin,Dominic Calvert-Lewin,Forward,EVE,3
1059950,Holgate,Mason Holgate,Defender,EVE,18
1059950,Richarlison,Richarlison de Andrade,Midfielder,EVE,16
1059950,Kean,Moise Kean,Forward,EVE,10
1059950,Foster,Ben Foster,Goalkeeper,WAT,1
1059950,Mariappa,Adrian Mariappa,Defender,WAT,-3
1059950,Capoue,Etienne Capoue,Midfielder,WAT,22
1059950,Cathcart,Craig Cathcart,Defender,WAT,-1
1059950,Deeney,Troy Deeney,Forward,WAT,19
1059950,Welbeck,Danny Welbeck,Forward,WAT,4
1059950,Pereyra,Roberto Pereyra,Midfielder,WAT,22
1059950,Kabasele,Christian Kabasele,Defender,WAT,-3
1059950,Chalobah (Nathaniel),Nathaniel Chalobah,Midfielder,WAT,6
1059950,Deulofeu,Gerard Deulofeu,Forward,WAT,11
1059950,Doucouré,Abdoulaye Doucouré,Midfielder,WAT,2
1059950,Masina,Adam Masina,Defender,WAT,10
1059950,Pussetto,Ignacio Pussetto,Midfielder,WAT,1
1059950,Isaac Success,Isaac Success Ajayi,Forward,WAT,-2
1059951,Murray,Glenn Murray,Forward,BHA,29
1059951,Stephens (Dale),Dale Stephens,Midfielder,BHA,14
1059951,Groß,Pascal Groß,Midfielder,BHA,37
1059951,Pröpper,Davy Pröpper,Midfielder,BHA,28
1059951,Schelotto,Ezequiel Schelotto,Defender,BHA,4
1059951,Mooy,Aaron Mooy,Midfielder,BHA,1
1059951,Dunk,Lewis Dunk,Defender,BHA,4
1059951,Montoya,Martín Montoya,Defender,BHA,6
1059951,March,Solomon March,Midfielder,BHA,9
1059951,Webster,Adam Webster,Defender,BHA,0
1059951,Trossard,Leandro Trossard,Midfielder,BHA,6
1059951,Mat Ryan,Mathew Ryan,Goalkeeper,BHA,3
1059951,Bernardo,Bernardo Fernandes da Silva Junior,Defender,BHA,-3
1059951,Noble,Mark Noble,Midfielder,WHU,18
1059951,Snodgrass,Robert Snodgrass,Midfielder,WHU,63
1059951,Fabianski,Lukasz Fabianski,Goalkeeper,WHU,1
1059951,Ogbonna,Angelo Ogbonna,Defender,WHU,-7
1059951,Cresswell,Aaron Cresswell,Defender,WHU,3
1059951,Antonio,Michail Antonio,Forward,WHU,13
1059951,Fredericks,Ryan Fredericks,Defender,WHU,2
1059951,Lanzini,Manuel Lanzini,Midfielder,WHU,1
1059951,Haller,Sébastien Haller,Forward,WHU,11
1059951,Masuaku,Arthur Masuaku,Defender,WHU,-5
1059951,Rice,Declan Rice,Midfielder,WHU,12
1059951,Soucek,Tomas Soucek,Midfielder,WHU,13
1059951,Fornals,Pablo Fornals,Midfielder,WHU,4
1059951,Diop,Issa Diop,Defender,WHU,10
1059952,Ozil,Mesut Ozil,Midfielder,ARS,36
1059952,Luiz,David Luiz Moreira Marinho,Defender,ARS,26
1059952,Aubameyang,Pierre-Emerick Aubameyang,Forward,ARS,47
1059952,Lacazette,Alexandre Lacazette,Forward,ARS,41
1059952,Mustafi,Shkodran Mustafi,Defender,ARS,26
1059952,Leno,Bernd Leno,Goalkeeper,ARS,25
1059952,Xhaka,Granit Xhaka,Midfielder,ARS,12
1059952,Bellerín,Héctor Bellerín,Defender,ARS,22
1059952,Dani Ceballos,Daniel Ceballos Fernández,Midfielder,ARS,14
1059952,Pepe,Nicolas Pepe,Midfielder,ARS,70
1059952,Torreira,Lucas Torreira,Midfielder,ARS,3
1059952,Willock,Joseph Willock,Midfielder,ARS,3
1059952,Eddie Nketiah,Edward Nketiah,Forward,ARS,3
1059952,Saka,Bukayo Saka,Midfielder,ARS,25
1059952,Rose,Danny Rose,Defender,NEW,-3
1059952,Ritchie,Matt Ritchie,Defender,NEW,-6
1059952,Fernández,Federico Fernández,Defender,NEW,2
1059952,Clark (Ciaran),Ciaran Clark,Defender,NEW,-2
1059952,Dubravka,Martin Dubravka,Goalkeeper,NEW,-4
1059952,Lascelles,Jamaal Lascelles,Defender,NEW,-9
1059952,Lazaro,Valentino Lazaro,Midfielder,NEW,6
1059952,Schär,Fabian Schär,Defender,NEW,-3
1059952,Bentaleb,Nabil Bentaleb,Midfielder,NEW,13
1059952,Hayden (Isaac),Isaac Hayden,Midfielder,NEW,3
1059952,Saint-Maximin,Allan Saint-Maximin,Midfielder,NEW,19
1059952,Almirón,Miguel Almirón,Midfielder,NEW,9
1059952,Longstaff (Sean),Sean Longstaff,Midfielder,NEW,18
1059952,Joelinton,Joelinton Cássio Apolinário de Lira,Forward,NEW,10
1059953,Reina,José Reina,Goalkeeper,AVL,21
1059953,Drinkwater,Daniel Drinkwater,Midfielder,AVL,7
1059953,Baston,Borja González Tomás,Forward,AVL,2
1059953,Engels,Björn Engels,Defender,AVL,9
1059953,Grealish,Jack Grealish,Midfielder,AVL,31
1059953,Hause,Kortney Hause,Defender,AVL,-5
1059953,Trezeguet,Mahmoud Hassan,Midfielder,AVL,4
1059953,Targett,Matt Targett,Defender,AVL,0
1059953,Nakamba,Marvelous Nakamba,Midfielder,AVL,7
1059953,El Ghazi,Anwar El Ghazi,Midfielder,AVL,15
1059953,Konsa Ngoyo,Ezri Konsa Ngoyo,Defender,AVL,0
1059953,Guilbert,Frederic Guilbert,Defender,AVL,-4
1059953,Samatta,Mbwana Aly Samatta,Forward,AVL,6
1059953,Douglas Luiz,Douglas Luiz Soares de Paulo,Midfielder,AVL,16
1059953,Lloris,Hugo Lloris,Goalkeeper,TOT,8
1059953,Vertonghen,Jan Vertonghen,Defender,TOT,3
1059953,Alderweireld,Toby Alderweireld,Defender,TOT,16
1059953,Aurier,Serge Aurier,Defender,TOT,1
1059953,Son,Heung-Min Son,Midfielder,TOT,54
1059953,Dier,Eric Dier,Midfielder,TOT,15
1059953,Lucas Moura,Lucas Rodrigues Moura da Silva,Midfielder,TOT,21
1059953,Alli,Bamidele Alli,Midfielder,TOT,-3
1059953,Davies (Ben),Ben Davies,Defender,TOT,15
1059953,Winks,Harry Winks,Midfielder,TOT,14
1059953,Sánchez (Davinson),Davinson Sánchez,Defender,TOT,13
1059953,Bergwijn,Steven Bergwijn,Midfielder,TOT,14
1059953,Gedson Fernandes,Gedson Carvalho Fernandes,Midfielder,TOT,3
1059953,Lo Celso,Giovani Lo Celso,Midfielder,TOT,8
1059954,Murray,Glenn Murray,Forward,BHA,7
1059954,Groß,Pascal Groß,Midfielder,BHA,10
1059954,Duffy (Shane),Shane Duffy,Defender,BHA,7
1059954,Pröpper,Davy Pröpper,Midfielder,BHA,22
1059954,Schelotto,Ezequiel Schelotto,Defender,BHA,0
1059954,Mooy,Aaron Mooy,Midfielder,BHA,11
1059954,Burn,Dan Burn,Defender,BHA,0
1059954,Dunk,Lewis Dunk,Defender,BHA,12
1059954,March,Solomon March,Midfielder,BHA,7
1059954,Maupay,Neal Maupay,Forward,BHA,7
1059954,Trossard,Leandro Trossard,Midfielder,BHA,12
1059954,Mat Ryan,Mathew Ryan,Goalkeeper,BHA,12
1059954,Jahanbakhsh,Alireza Jahanbakhsh,Midfielder,BHA,9
1059954,Alzate,Steven Alzate,Midfielder,BHA,2
1059954,Foster,Ben Foster,Goalkeeper,WAT,13
1059954,Mariappa,Adrian Mariappa,Defender,WAT,-7
1059954,Capoue,Etienne Capoue,Midfielder,WAT,28
1059954,Cathcart,Craig Cathcart,Defender,WAT,11
1059954,Deeney,Troy Deeney,Forward,WAT,7
1059954,Welbeck,Danny Welbeck,Forward,WAT,3
1059954,Pereyra,Roberto Pereyra,Midfielder,WAT,8
1059954,Kabasele,Christian Kabasele,Defender,WAT,6
1059954,Deulofeu,Gerard Deulofeu,Forward,WAT,8
1059954,Hughes,Will Hughes,Midfielder,WAT,6
1059954,Doucouré,Abdoulaye Doucouré,Midfielder,WAT,25
1059954,Masina,Adam Masina,Defender,WAT,9
1059954,Pussetto,Ignacio Pussetto,Midfielder,WAT,3
1059955,Caballero,Willy Caballero,Goalkeeper,CHE,2
1059955,Azpilicueta,César Azpilicueta,Defender,CHE,4
1059955,Giroud,Olivier Giroud,Forward,CHE,3
1059955,Willian,Willian Borges Da Silva,Midfielder,CHE,15
1059955,Pedro,Pedro Rodríguez Ledesma,Midfielder,CHE,13
1059955,Jorginho,Jorge Luiz Frello Filho,Midfielder,CHE,16
1059955,Kovacic,Mateo Kovacic,Midfielder,CHE,19
1059955,Batshuayi,Michy Batshuayi,Forward,CHE,-1
1059955,Rüdiger,Antonio Rüdiger,Defender,CHE,6
1059955,Zouma,Kurt Zouma,Defender,CHE,3
1059955,Kanté,N'Golo Kanté,Midfielder,CHE,3
1059955,Christensen,Andreas Christensen,Defender,CHE,6
1059955,Mount,Mason Mount,Midfielder,CHE,15
1059955,James (Reece),Reece James,Defender,CHE,1
1059955,De Gea,David De Gea,Goalkeeper,MUN,21
1059955,Ighalo,Odion Ighalo,Forward,MUN,1
1059955,Matic,Nemanja Matic,Midfielder,MUN,14
1059955,Maguire,Harry Maguire,Defender,MUN,46
1059955,Fred,Frederico Rodrigues de Paula Santos,Midfielder,MUN,18
1059955,Shaw,Luke Shaw,Defender,MUN,28
1059955,Bruno Fernandes,Bruno Miguel Borges Fernandes,Midfielder,MUN,18
1059955,Martial,Anthony Martial,Midfielder,MUN,23
1059955,Pereira,Andreas Pereira,Midfielder,MUN,3
1059955,Bailly,Eric Bailly,Defender,MUN,26
1059955,James (Daniel),Daniel James,Midfielder,MUN,6
1059955,Wan-Bissaka,Aaron Wan-Bissaka,Defender,MUN,33
1059955,Dalot,José Diogo Dalot Teixeira,Defender,MUN,3
1059955,Williams (Brandon),Brandon Williams,Defender,MUN,25
1059956,Dann,Scott Dann,Defender,CRY,1
1059956,Cahill,Gary Cahill,Defender,CRY,-3
1059956,Guaita,Vicente Guaita,Goalkeeper,CRY,6
1059956,Tomkins,James Tomkins,Defender,CRY,1
1059956,McArthur,James McArthur,Midfielder,CRY,12
1059956,McCarthy (James),James McCarthy,Midfielder,CRY,10
1059956,Benteke,Christian Benteke,Forward,CRY,28
1059956,Kouyaté,Cheikhou Kouyaté,Midfielder,CRY,6
1059956,Ward (Joel),Joel Ward,Defender,CRY,-2
1059956,Milivojevic,Luka Milivojevic,Midfielder,CRY,21
1059956,Van Aanholt,Patrick Van Aanholt,Defender,CRY,-1
1059956,Ayew,Jordan Ayew,Forward,CRY,10
1059956,Zaha,Wilfried Zaha,Midfielder,CRY,19
1059956,Meyer,Max Meyer,Midfielder,CRY,5
1059956,Walcott,Theo Walcott,Midfielder,EVE,18
1059956,Schneiderlin,Morgan Schneiderlin,Midfielder,EVE,22
1059956,Sigurdsson,Gylfi Sigurdsson,Midfielder,EVE,12
1059956,Coleman,Seamus Coleman,Defender,EVE,2
1059956,Bernard,Bernard Anício Caldeira Duarte,Midfielder,EVE,26
1059956,Digne,Lucas Digne,Defender,EVE,13
1059956,Sidibe,Djibril Sidibe,Defender,EVE,6
1059956,Keane,Michael Keane,Defender,EVE,8
1059956,Pickford,Jordan Pickford,Goalkeeper,EVE,5
1059956,Mina,Yerry Mina,Defender,EVE,7
1059956,Davies (Tom),Tom Davies,Midfielder,EVE,3
1059956,Calvert-Lewin,Dominic Calvert-Lewin,Forward,EVE,45
1059956,Holgate,Mason Holgate,Defender,EVE,3
1059956,Richarlison,Richarlison de Andrade,Midfielder,EVE,48
1059957,Silva,David Silva,Midfielder,MCI,18
1059957,Aguero,Sergio Aguero,Forward,MCI,9
1059957,Otamendi,Nicolás Otamendi,Defender,MCI,30
1059957,Walker,Kyle Walker,Defender,MCI,28
1059957,Gundogan,Ilkay Gundogan,Midfielder,MCI,8
1059957,De Bruyne,Kevin De Bruyne,Midfielder,MCI,56
1059957,Stones,John Stones,Defender,MCI,11
1059957,Mendy (Benjamin),Benjamin Mendy,Defender,MCI,29
1059957,Ederson,Ederson Santana de Moraes,Goalkeeper,MCI,18
1059957,Laporte,Aymeric Laporte,Defender,MCI,26
1059957,Bernardo Silva,Bernardo Mota Veiga de Carvalho e Silva,Midfielder,MCI,23
1059957,Jesus,Gabriel Fernando de Jesus,Forward,MCI,20
1059957,Foden,Phil Foden,Midfielder,MCI,4
1059957,Rodri,Rodrigo Hernández Cascante,Midfielder,MCI,39
1059957,Noble,Mark Noble,Midfielder,WHU,15
1059957,Snodgrass,Robert Snodgrass,Midfielder,WHU,5
1059957,Zabaleta,Pablo Zabaleta,Defender,WHU,-1
1059957,Fabianski,Lukasz Fabianski,Goalkeeper,WHU,13
1059957,Ogbonna,Angelo Ogbonna,Defender,WHU,6
1059957,Cresswell,Aaron Cresswell,Defender,WHU,6
1059957,Antonio,Michail Antonio,Forward,WHU,7
1059957,Fredericks,Ryan Fredericks,Defender,WHU,4
1059957,Masuaku,Arthur Masuaku,Defender,WHU,-4
1059957,Bowen,Jarrod Bowen,Midfielder,WHU,2
1059957,Rice,Declan Rice,Midfielder,WHU,14
1059957,Soucek,Tomas Soucek,Midfielder,WHU,11
1059957,Diop,Issa Diop,Defender,WHU,4
1059958,Milner,James Milner,Midfielder,LIV,3
1059958,Wijnaldum,Georginio Wijnaldum,Midfielder,LIV,8
1059958,Henderson (Jordan),Jordan Henderson,Midfielder,LIV,25
1059958,Oxlade-Chamberlain,Alex Oxlade-Chamberlain,Midfielder,LIV,9
1059958,Firmino,Roberto Firmino Barbosa de Oliveira,Forward,LIV,7
1059958,van Dijk,Virgil van Dijk,Defender,LIV,26
1059958,Mane,Sadio Mane,Midfielder,LIV,23
1059958,Alisson,Alisson Ramses Becker,Goalkeeper,LIV,22
1059958,Fabinho,Fabio Henrique Tavares,Midfielder,LIV,2
1059958,Salah,Mohamed Salah,Midfielder,LIV,5
1059958,Robertson,Andrew Robertson,Defender,LIV,29
1059958,Alexander-Arnold,Trent Alexander-Arnold,Defender,LIV,30
1059958,Gomez,Joseph Gomez,Defender,LIV,27
1059958,Keita,Naby Keita,Midfielder,LIV,10
1059958,Tettey,Alexander Tettey,Midfielder,NOR,10
1059958,Krul,Tim Krul,Goalkeeper,NOR,15
1059958,Pukki,Teemu Pukki,Forward,NOR,7
1059958,Rupp,Lukas Rupp,Midfielder,NOR,8
1059958,Kenny McLean,Kenneth McLean,Midfielder,NOR,19
1059958,Drmic,Josip Drmic,Forward,NOR,2
1059958,Hanley,Grant Hanley,Defender,NOR,11
1059958,Byram,Sam Byram,Defender,NOR,2
1059958,Duda,Ondrej Duda,Midfielder,NOR,10
1059958,Zimmermann,Christoph Zimmermann,Defender,NOR,10
1059958,Cantwell,Todd Cantwell,Midfielder,NOR,19
1059958,Lewis (Jamal),Jamal Lewis,Defender,NOR,14
1059958,Buendía,Emiliano Buendía,Midfielder,NOR,4
1059958,Aarons (Maximillian),Maximillian Aarons,Defender,NOR,5
1059959,Francis (Simon),Simon Francis,Defender,BOU,8
1059959,Surman,Andrew Surman,Midfielder,BOU,5
1059959,Gosling,Dan Gosling,Midfielder,BOU,5
1059959,Smith (Adam),Adam Smith,Defender,BOU,9
1059959,Stanislas,Junior Stanislas,Midfielder,BOU,1
1059959,Wilson (Callum),Callum Wilson,Forward,BOU,27
1059959,King (Joshua),Joshua King,Forward,BOU,0
1059959,Fraser,Ryan Fraser,Midfielder,BOU,23
1059959,Aké,Nathan Aké,Defender,BOU,6
1059959,Wilson (Harry),Harry Wilson,Midfielder,BOU,19
1059959,Solanke,Dominic Solanke,Forward,BOU,4
1059959,Billing,Philip Billing,Midfielder,BOU,10
1059959,Rico,Diego Rico,Defender,BOU,4
1059959,Ramsdale,Aaron Ramsdale,Goalkeeper,BOU,6
1059959,Sharp,Billy Sharp,Forward,SHU,36
1059959,Basham,Chris Basham,Defender,SHU,15
1059959,Fleck,John Fleck,Midfielder,SHU,12
1059959,Stevens,Enda Stevens,Defender,SHU,5
1059959,Norwood,Oliver Norwood,Midfielder,SHU,9
1059959,Baldock,George Baldock,Defender,SHU,4
1059959,Egan,John Egan,Defender,SHU,17
1059959,O'Connell,Jack O'Connell,Defender,SHU,10
1059959,Lundstram,John Lundstram,Defender,SHU,19
1059959,McBurnie,Oliver McBurnie,Forward,SHU,15
1059959,Henderson (Dean),Dean Henderson,Goalkeeper,SHU,7
1059959,Mousset,Lys Mousset,Forward,SHU,12
1059959,Berge,Sander Berge,Midfielder,SHU,9
1059960,Tarkowski,James Tarkowski,Defender,BUR,7
1059960,Bardsley,Phillip Bardsley,Defender,BUR,11
1059960,Cork,Jack Cork,Midfielder,BUR,10
1059960,Rodriguez,Jay Rodriguez,Forward,BUR,6
1059960,Mee,Ben Mee,Defender,BUR,11
1059960,Westwood,Ashley Roy Westwood,Midfielder,BUR,34
1059960,Wood,Chris Wood,Forward,BUR,1
1059960,Vydra,Matej Vydra,Forward,BUR,40
1059960,Hendrick,Jeff Hendrick,Midfielder,BUR,14
1059960,Pope,Nick Pope,Goalkeeper,BUR,7
1059960,Taylor (Charlie),Charlie Taylor,Defender,BUR,7
1059960,McNeil,Dwight McNeil,Midfielder,BUR,12
1059960,Long (Shane),Shane Long,Forward,SOU,4
1059960,Bertrand,Ryan Bertrand,Defender,SOU,13
1059960,McCarthy (Alex),Alex McCarthy,Goalkeeper,SOU,7
1059960,Ings,Danny Ings,Forward,SOU,30
1059960,Stephens (Jack),Jack Stephens,Defender,SOU,7
1059960,Armstrong (Stuart),Stuart Armstrong,Midfielder,SOU,9
1059960,Vestergaard,Jannik Vestergaard,Defender,SOU,-2
1059960,Ward-Prowse,James Ward-Prowse,Midfielder,SOU,14
1059960,Boufal,Sofiane Boufal,Midfielder,SOU,6
1059960,Højbjerg,Pierre-Emile Højbjerg,Midfielder,SOU,14
1059960,Walker-Peters,Kyle Walker-Peters,Defender,SOU,3
1059960,Adams,Che Adams,Forward,SOU,4
1059960,Obafemi,Michael Obafemi,Forward,SOU,-1
1059960,Djenepo,Moussa Djenepo,Midfielder,SOU,7
1059961,Morgan,Wes Morgan,Defender,LEI,3
1059961,Schmeichel,Kasper Schmeichel,Goalkeeper,LEI,25
1059961,Evans (Jonny),Jonny Evans,Defender,LEI,28
1059961,Albrighton,Marc Albrighton,Midfielder,LEI,8
1059961,Vardy,Jamie Vardy,Forward,LEI,7
1059961,Praet,Dennis Praet,Midfielder,LEI,3
1059961,Ricardo Pereira,Ricardo Domingos Barbosa Pereira,Defender,LEI,26
1059961,Tielemans,Youri Tielemans,Midfielder,LEI,20
1059961,Ayoze Pérez,Ayoze Pérez Gutiérrez,Midfielder,LEI,3
1059961,Maddison,James Maddison,Midfielder,LEI,13
1059961,Chilwell,Benjamin Chilwell,Defender,LEI,27
1059961,Choudhury,Hamza Choudhury,Midfielder,LEI,-3
1059961,Barnes (Harvey),Harvey Barnes,Midfielder,LEI,10
1059961,Söyüncü,Caglar Söyüncü,Defender,LEI,30
1059961,Moutinho,João Moutinho,Midfielder,WOL,10
1059961,Rui Patrício,Rui Pedro dos Santos Patrício,Goalkeeper,WOL,29
1059961,Doherty,Matt Doherty,Defender,WOL,23
1059961,Boly,Willy Boly,Defender,WOL,25
1059961,Coady,Conor Coady,Defender,WOL,21
1059961,Raúl Jiménez,Raul Alonso Jimenez Rodriguez,Forward,WOL,2
1059961,Saiss,Romain Saiss,Defender,WOL,24
1059961,Jonny,Jonathan Castro Otto,Defender,WOL,25
1059961,Dendoncker,Leander Dendoncker,Midfielder,WOL,1
1059961,Traoré,Adama Traoré,Midfielder,WOL,10
1059961,Ruben Neves,Rúben Diogo da Silva Neves,Midfielder,WOL,11
1059961,Diogo Jota,Diogo José Teixeira da Silva,Midfielder,WOL,7
1059961,Podence,Daniel Podence,Midfielder,WOL,0
1059961,Neto,Pedro Neto,Midfielder,WOL,7
1059962,Ozil,Mesut Ozil,Midfielder,ARS,14
1059962,Luiz,David Luiz Moreira Marinho,Defender,ARS,15
1059962,Aubameyang,Pierre-Emerick Aubameyang,Forward,ARS,69
1059962,Mustafi,Shkodran Mustafi,Defender,ARS,13
1059962,Leno,Bernd Leno,Goalkeeper,ARS,6
1059962,Xhaka,Granit Xhaka,Midfielder,ARS,15
1059962,Bellerín,Héctor Bellerín,Defender,ARS,4
1059962,Kolasinac,Sead Kolasinac,Defender,ARS,-1
1059962,Dani Ceballos,Daniel Ceballos Fernández,Midfielder,ARS,10
1059962,Pepe,Nicolas Pepe,Midfielder,ARS,20
1059962,Torreira,Lucas Torreira,Midfielder,ARS,3
1059962,Eddie Nketiah,Edward Nketiah,Forward,ARS,26
1059962,Saka,Bukayo Saka,Midfielder,ARS,24
1059962,Guendouzi,Matteo Guendouzi,Midfielder,ARS,5
1059962,Baines,Leighton Baines,Defender,EVE,11
1059962,Delph,Fabian Delph,Midfielder,EVE,16
1059962,Schneiderlin,Morgan Schneiderlin,Midfielder,EVE,-1
1059962,Sigurdsson,Gylfi Sigurdsson,Midfielder,EVE,5
1059962,Bernard,Bernard Anício Caldeira Duarte,Midfielder,EVE,9
1059962,Sidibe,Djibril Sidibe,Defender,EVE,2
1059962,Pickford,Jordan Pickford,Goalkeeper,EVE,-2
1059962,André Gomes,André Filipe Tavares Gomes,Midfielder,EVE,2
1059962,Iwobi,Alex Iwobi,Midfielder,EVE,6
1059962,Mina,Yerry Mina,Defender,EVE,12
1059962,Calvert-Lewin,Dominic Calvert-Lewin,Forward,EVE,29
1059962,Holgate,Mason Holgate,Defender,EVE,6
1059962,Richarlison,Richarlison de Andrade,Midfielder,EVE,28
1059962,Kean,Moise Kean,Forward,EVE,2
1059963,Francis (Simon),Simon Francis,Defender,BOU,-3
1059963,Surman,Andrew Surman,Midfielder,BOU,15
1059963,Gosling,Dan Gosling,Midfielder,BOU,10
1059963,Smith (Adam),Adam Smith,Defender,BOU,-11
1059963,Stanislas,Junior Stanislas,Midfielder,BOU,3
1059963,Cook (Steve),Steve Cook,Defender,BOU,-1
1059963,Wilson (Callum),Callum Wilson,Forward,BOU,1
1059963,King (Joshua),Joshua King,Forward,BOU,18
1059963,Fraser,Ryan Fraser,Midfielder,BOU,4
1059963,Wilson (Harry),Harry Wilson,Midfielder,BOU,12
1059963,Stacey,Jack Stacey,Defender,BOU,6
1059963,Solanke,Dominic Solanke,Forward,BOU,3
1059963,Billing,Philip Billing,Midfielder,BOU,4
1059963,Ramsdale,Aaron Ramsdale,Goalkeeper,BOU,12
1059963,Lennon,Aaron Lennon,Midfielder,BUR,-1
1059963,Tarkowski,James Tarkowski,Defender,BUR,26
1059963,Bardsley,Phillip Bardsley,Defender,BUR,31
1059963,Cork,Jack Cork,Midfielder,BUR,13
1059963,Rodriguez,Jay Rodriguez,Forward,BUR,33
1059963,Mee,Ben Mee,Defender,BUR,18
1059963,Westwood,Ashley Roy Westwood,Midfielder,BUR,22
1059963,Vydra,Matej Vydra,Forward,BUR,32
1059963,Hendrick,Jeff Hendrick,Midfielder,BUR,5
1059963,Brady,Robert Brady,Midfielder,BUR,5
1059963,Pope,Nick Pope,Goalkeeper,BUR,30
1059963,Taylor (Charlie),Charlie Taylor,Defender,BUR,27
1059963,Brownhill,Josh Brownhill,Midfielder,BUR,3
1059963,McNeil,Dwight McNeil,Midfielder,BUR,57
1059964,Caballero,Willy Caballero,Goalkeeper,CHE,12
1059964,Azpilicueta,César Azpilicueta,Defender,CHE,18
1059964,Giroud,Olivier Giroud,Forward,CHE,34
1059964,Willian,Willian Borges Da Silva,Midfielder,CHE,5
1059964,Alonso,Marcos Alonso,Defender,CHE,20
1059964,Jorginho,Jorge Luiz Frello Filho,Midfielder,CHE,25
1059964,Barkley,Ross Barkley,Midfielder,CHE,17
1059964,Kovacic,Mateo Kovacic,Midfielder,CHE,23
1059964,Rüdiger,Antonio Rüdiger,Defender,CHE,3
1059964,Christensen,Andreas Christensen,Defender,CHE,11
1059964,Abraham,Tammy Abraham,Forward,CHE,4
1059964,Mount,Mason Mount,Midfielder,CHE,8
1059964,James (Reece),Reece James,Defender,CHE,8
1059964,Lloris,Hugo Lloris,Goalkeeper,TOT,14
1059964,Vertonghen,Jan Vertonghen,Defender,TOT,7
1059964,Alderweireld,Toby Alderweireld,Defender,TOT,8
1059964,Lamela,Erik Lamela,Midfielder,TOT,15
1059964,Aurier,Serge Aurier,Defender,TOT,4
1059964,Lucas Moura,Lucas Rodrigues Moura da Silva,Midfielder,TOT,11
1059964,Alli,Bamidele Alli,Midfielder,TOT,3
1059964,Davies (Ben),Ben Davies,Defender,TOT,0
1059964,Winks,Harry Winks,Midfielder,TOT,12
1059964,Sánchez (Davinson),Davinson Sánchez,Defender,TOT,14
1059964,Bergwijn,Steven Bergwijn,Midfielder,TOT,5
1059964,Tanganga,Japhet Tanganga,Defender,TOT,1
1059964,Lo Celso,Giovani Lo Celso,Midfielder,TOT,11
1059964,NDombele,Tanguy NDombele,Midfielder,TOT,16
1059965,Dann,Scott Dann,Defender,CRY,29
1059965,Cahill,Gary Cahill,Defender,CRY,23
1059965,Guaita,Vicente Guaita,Goalkeeper,CRY,23
1059965,McArthur,James McArthur,Midfielder,CRY,9
1059965,McCarthy (James),James McCarthy,Midfielder,CRY,12
1059965,Benteke,Christian Benteke,Forward,CRY,5
1059965,Kouyaté,Cheikhou Kouyaté,Midfielder,CRY,7
1059965,Ward (Joel),Joel Ward,Defender,CRY,28
1059965,Tosun,Cenk Tosun,Forward,CRY,4
1059965,Van Aanholt,Patrick Van Aanholt,Defender,CRY,55
1059965,Ayew,Jordan Ayew,Forward,CRY,27
1059965,Zaha,Wilfried Zaha,Midfielder,CRY,12
1059965,Riedewald,Jairo Riedewald,Midfielder,CRY,4
1059965,Rose,Danny Rose,Defender,NEW,4
1059965,Ritchie,Matt Ritchie,Defender,NEW,-3
1059965,Fernández,Federico Fernández,Defender,NEW,12
1059965,Dubravka,Martin Dubravka,Goalkeeper,NEW,23
1059965,Lascelles,Jamaal Lascelles,Defender,NEW,9
1059965,Gayle,Dwight Gayle,Forward,NEW,5
1059965,Lazaro,Valentino Lazaro,Midfielder,NEW,2
1059965,Schär,Fabian Schär,Defender,NEW,15
1059965,Bentaleb,Nabil Bentaleb,Midfielder,NEW,11
1059965,Saint-Maximin,Allan Saint-Maximin,Midfielder,NEW,15
1059965,Almirón,Miguel Almirón,Midfielder,NEW,1
1059965,Longstaff (Sean),Sean Longstaff,Midfielder,NEW,11
1059965,Joelinton,Joelinton Cássio Apolinário de Lira,Forward,NEW,-1
1059966,Schmeichel,Kasper Schmeichel,Goalkeeper,LEI,26
1059966,Fuchs,Christian Fuchs,Defender,LEI,14
1059966,Evans (Jonny),Jonny Evans,Defender,LEI,15
1059966,James (Matthew),Matthew James,Midfielder,LEI,3
1059966,Vardy,Jamie Vardy,Forward,LEI,0
1059966,Praet,Dennis Praet,Midfielder,LEI,7
1059966,Ricardo Pereira,Ricardo Domingos Barbosa Pereira,Defender,LEI,14
1059966,Tielemans,Youri Tielemans,Midfielder,LEI,15
1059966,Ayoze Pérez,Ayoze Pérez Gutiérrez,Midfielder,LEI,2
1059966,Maddison,James Maddison,Midfielder,LEI,20
1059966,Chilwell,Benjamin Chilwell,Defender,LEI,-1
1059966,Iheanacho,Kelechi Iheanacho,Forward,LEI,4
1059966,Barnes (Harvey),Harvey Barnes,Midfielder,LEI,6
1059966,Söyüncü,Caglar Söyüncü,Defender,LEI,8
1059966,Fernandinho,Fernando Luiz Rosa,Midfielder,MCI,18
1059966,Aguero,Sergio Aguero,Forward,MCI,0
1059966,Otamendi,Nicolás Otamendi,Defender,MCI,3
1059966,Walker,Kyle Walker,Defender,MCI,31
1059966,Gundogan,Ilkay Gundogan,Midfielder,MCI,13
1059966,De Bruyne,Kevin De Bruyne,Midfielder,MCI,5
1059966,Mendy (Benjamin),Benjamin Mendy,Defender,MCI,24
1059966,Mahrez,Riyad Mahrez,Midfielder,MCI,44
1059966,Ederson,Ederson Santana de Moraes,Goalkeeper,MCI,31
1059966,Laporte,Aymeric Laporte,Defender,MCI,14
1059966,Bernardo Silva,Bernardo Mota Veiga de Carvalho e Silva,Midfielder,MCI,17
1059966,Jesus,Gabriel Fernando de Jesus,Forward,MCI,37
1059966,Rodri,Rodrigo Hernández Cascante,Midfielder,MCI,19
1059967,Wijnaldum,Georginio Wijnaldum,Midfielder,LIV,37
1059967,Matip,Joel Matip,Defender,LIV,2
1059967,Oxlade-Chamberlain,Alex Oxlade-Chamberlain,Midfielder,LIV,8
1059967,Firmino,Roberto Firmino Barbosa de Oliveira,Forward,LIV,7
1059967,van Dijk,Virgil van Dijk,Defender,LIV,12
1059967,Mane,Sadio Mane,Midfielder,LIV,39
1059967,Alisson,Alisson Ramses Becker,Goalkeeper,LIV,5
1059967,Fabinho,Fabio Henrique Tavares,Midfielder,LIV,17
1059967,Salah,Mohamed Salah,Midfielder,LIV,32
1059967,Robertson,Andrew Robertson,Defender,LIV,24
1059967,Alexander-Arnold,Trent Alexander-Arnold,Defender,LIV,37
1059967,Gomez,Joseph Gomez,Defender,LIV,6
1059967,Keita,Naby Keita,Midfielder,LIV,15
1059967,Noble,Mark Noble,Midfielder,WHU,13
1059967,Snodgrass,Robert Snodgrass,Midfielder,WHU,22
1059967,Fabianski,Lukasz Fabianski,Goalkeeper,WHU,2
1059967,Ogbonna,Angelo Ogbonna,Defender,WHU,3
1059967,Cresswell,Aaron Cresswell,Defender,WHU,-2
1059967,Antonio,Michail Antonio,Forward,WHU,13
1059967,Felipe Anderson,Felipe Anderson Pereira Gomes,Midfielder,WHU,3
1059967,Haller,Sébastien Haller,Forward,WHU,5
1059967,Bowen,Jarrod Bowen,Midfielder,WHU,2
1059967,Rice,Declan Rice,Midfielder,WHU,17
1059967,Soucek,Tomas Soucek,Midfielder,WHU,9
1059967,Fornals,Pablo Fornals,Midfielder,WHU,24
1059967,Diop,Issa Diop,Defender,WHU,15
1059967,Ngakia,Jeremy Ngakia,Defender,WHU,-3
1059968,De Gea,David De Gea,Goalkeeper,MUN,23
1059968,Ighalo,Odion Ighalo,Forward,MUN,0
1059968,Matic,Nemanja Matic,Midfielder,MUN,22
1059968,Maguire,Harry Maguire,Defender,MUN,24
1059968,Fred,Frederico Rodrigues de Paula Santos,Midfielder,MUN,18
1059968,Shaw,Luke Shaw,Defender,MUN,36
1059968,Bruno Fernandes,Bruno Miguel Borges Fernandes,Midfielder,MUN,55
1059968,Martial,Anthony Martial,Midfielder,MUN,25
1059968,Lindelof,Victor Nilsson-Lindelof,Defender,MUN,25
1059968,McTominay,Scott McTominay,Midfielder,MUN,4
1059968,James (Daniel),Daniel James,Midfielder,MUN,10
1059968,Wan-Bissaka,Aaron Wan-Bissaka,Defender,MUN,26
1059968,Greenwood,Mason Greenwood,Forward,MUN,44
1059968,Chong,Tahith Chong,Midfielder,MUN,3
1059968,Foster,Ben Foster,Goalkeeper,WAT,4
1059968,Capoue,Etienne Capoue,Midfielder,WAT,10
1059968,Cathcart,Craig Cathcart,Defender,WAT,-5
1059968,Deeney,Troy Deeney,Forward,WAT,8
1059968,Cleverley,Tom Cleverley,Midfielder,WAT,1
1059968,Welbeck,Danny Welbeck,Forward,WAT,4
1059968,Dawson,Craig Dawson,Defender,WAT,-3
1059968,Pereyra,Roberto Pereyra,Midfielder,WAT,5
1059968,Kabasele,Christian Kabasele,Defender,WAT,0
1059968,Deulofeu,Gerard Deulofeu,Forward,WAT,8
1059968,Hughes,Will Hughes,Midfielder,WAT,14
1059968,Doucouré,Abdoulaye Doucouré,Midfielder,WAT,12
1059968,Masina,Adam Masina,Defender,WAT,0
1059968,Ismaila Sarr,Ismaila Sarr,Midfielder,WAT,3
1059969,Murray,Glenn Murray,Forward,BHA,5
1059969,Duffy (Shane),Shane Duffy,Defender,BHA,16
1059969,Pröpper,Davy Pröpper,Midfielder,BHA,17
1059969,Schelotto,Ezequiel Schelotto,Defender,BHA,7
1059969,Mooy,Aaron Mooy,Midfielder,BHA,8
1059969,Burn,Dan Burn,Defender,BHA,10
1059969,Dunk,Lewis Dunk,Defender,BHA,7
1059969,Webster,Adam Webster,Defender,BHA,20
1059969,Maupay,Neal Maupay,Forward,BHA,28
1059969,Trossard,Leandro Trossard,Midfielder,BHA,2
1059969,Mat Ryan,Mathew Ryan,Goalkeeper,BHA,10
1059969,Bernardo,Bernardo Fernandes da Silva Junior,Defender,BHA,3
1059969,Bissouma,Yves Bissouma,Midfielder,BHA,8
1059969,Connolly,Aaron Connolly,Forward,BHA,3
1059969,Sharp,Billy Sharp,Forward,SHU,2
1059969,McGoldrick,David McGoldrick,Forward,SHU,6
1059969,Basham,Chris Basham,Defender,SHU,15
1059969,Fleck,John Fleck,Midfielder,SHU,18
1059969,Stevens,Enda Stevens,Defender,SHU,17
1059969,Norwood,Oliver Norwood,Midfielder,SHU,16
1059969,Baldock,George Baldock,Defender,SHU,7
1059969,Egan,John Egan,Defender,SHU,9
1059969,O'Connell,Jack O'Connell,Defender,SHU,15
1059969,Lundstram,John Lundstram,Defender,SHU,3
1059969,Osborn,Ben Osborn,Midfielder,SHU,8
1059969,McBurnie,Oliver McBurnie,Forward,SHU,2
1059969,Henderson (Dean),Dean Henderson,Goalkeeper,SHU,6
1059969,Berge,Sander Berge,Midfielder,SHU,7
1059970,Reina,José Reina,Goalkeeper,AVL,13
1059970,Baston,Borja González Tomás,Forward,AVL,3
1059970,Hourihane,Conor Hourihane,Midfielder,AVL,1
1059970,Grealish,Jack Grealish,Midfielder,AVL,11
1059970,Hause,Kortney Hause,Defender,AVL,2
1059970,Trezeguet,Mahmoud Hassan,Midfielder,AVL,7
1059970,Mings,Tyrone Mings,Defender,AVL,6
1059970,Targett,Matt Targett,Defender,AVL,0
1059970,Nakamba,Marvelous Nakamba,Midfielder,AVL,15
1059970,El Ghazi,Anwar El Ghazi,Midfielder,AVL,6
1059970,Konsa Ngoyo,Ezri Konsa Ngoyo,Defender,AVL,1
1059970,Guilbert,Frederic Guilbert,Defender,AVL,-5
1059970,Samatta,Mbwana Aly Samatta,Forward,AVL,7
1059970,Douglas Luiz,Douglas Luiz Soares de Paulo,Midfielder,AVL,8
1059970,Long (Shane),Shane Long,Forward,SOU,39
1059970,Bertrand,Ryan Bertrand,Defender,SOU,25
1059970,McCarthy (Alex),Alex McCarthy,Goalkeeper,SOU,25
1059970,Romeu,Oriol Romeu,Midfielder,SOU,8
1059970,Ings,Danny Ings,Forward,SOU,16
1059970,Stephens (Jack),Jack Stephens,Defender,SOU,22
1059970,Armstrong (Stuart),Stuart Armstrong,Midfielder,SOU,35
1059970,Ward-Prowse,James Ward-Prowse,Midfielder,SOU,13
1059970,Højbjerg,Pierre-Emile Højbjerg,Midfielder,SOU,10
1059970,Bednarek,Jan Bednarek,Defender,SOU,23
1059970,Adams,Che Adams,Forward,SOU,12
1059970,Smallbone,William Smallbone,Forward,SOU,13
1059970,Obafemi,Michael Obafemi,Forward,SOU,8
1059970,Djenepo,Moussa Djenepo,Midfielder,SOU,27
1059971,Tettey,Alexander Tettey,Midfielder,NOR,17
1059971,Krul,Tim Krul,Goalkeeper,NOR,7
1059971,Pukki,Teemu Pukki,Forward,NOR,4
1059971,Stiepermann,Marco Stiepermann,Midfielder,NOR,0
1059971,Rupp,Lukas Rupp,Midfielder,NOR,3
1059971,Kenny McLean,Kenneth McLean,Midfielder,NOR,14
1059971,Drmic,Josip Drmic,Forward,NOR,4
1059971,Hanley,Grant Hanley,Defender,NOR,8
1059971,Duda,Ondrej Duda,Midfielder,NOR,10
1059971,Cantwell,Todd Cantwell,Midfielder,NOR,15
1059971,Lewis (Jamal),Jamal Lewis,Defender,NOR,2
1059971,Buendía,Emiliano Buendía,Midfielder,NOR,1
1059971,Godfrey,Ben Godfrey,Defender,NOR,-1
1059971,Aarons (Maximillian),Maximillian Aarons,Defender,NOR,-7
1059971,Moutinho,João Moutinho,Midfielder,WOL,12
1059971,Rui Patrício,Rui Pedro dos Santos Patrício,Goalkeeper,WOL,29
1059971,Doherty,Matt Doherty,Defender,WOL,38
1059971,Boly,Willy Boly,Defender,WOL,21
1059971,Coady,Conor Coady,Defender,WOL,19
1059971,Raúl Jiménez,Raul Alonso Jimenez Rodriguez,Forward,WOL,20
1059971,Saiss,Romain Saiss,Defender,WOL,37
1059971,Jonny,Jonathan Castro Otto,Defender,WOL,25
1059971,Dendoncker,Leander Dendoncker,Midfielder,WOL,10
1059971,Traoré,Adama Traoré,Midfielder,WOL,1
1059971,Ruben Neves,Rúben Diogo da Silva Neves,Midfielder,WOL,22
1059971,Diogo Jota,Diogo José Teixeira da Silva,Midfielder,WOL,60
1059971,Rúben Vinagre,Rúben Gonçalo Silva Nascimento Vinagre,Defender,WOL,7
1059971,Neto,Pedro Neto,Midfielder,WOL,0
1059972,Gosling,Dan Gosling,Midfielder,BOU,4
1059972,Smith (Adam),Adam Smith,Defender,BOU,-6
1059972,Stanislas,Junior Stanislas,Midfielder,BOU,4
1059972,Cook (Steve),Steve Cook,Defender,BOU,6
1059972,Wilson (Callum),Callum Wilson,Forward,BOU,7
1059972,King (Joshua),Joshua King,Forward,BOU,38
1059972,Fraser,Ryan Fraser,Midfielder,BOU,18
1059972,Aké,Nathan Aké,Defender,BOU,5
1059972,Lerma,Jefferson Lerma,Midfielder,BOU,31
1059972,Stacey,Jack Stacey,Defender,BOU,23
1059972,Cook (Lewis),Lewis Cook,Midfielder,BOU,14
1059972,Billing,Philip Billing,Midfielder,BOU,13
1059972,Ramsdale,Aaron Ramsdale,Goalkeeper,BOU,10
1059972,Caballero,Willy Caballero,Goalkeeper,CHE,4
1059972,Azpilicueta,César Azpilicueta,Defender,CHE,13
1059972,Giroud,Olivier Giroud,Forward,CHE,10
1059972,Willian,Willian Borges Da Silva,Midfielder,CHE,3
1059972,Pedro,Pedro Rodríguez Ledesma,Midfielder,CHE,25
1059972,Alonso,Marcos Alonso,Defender,CHE,38
1059972,Jorginho,Jorge Luiz Frello Filho,Midfielder,CHE,10
1059972,Barkley,Ross Barkley,Midfielder,CHE,1
1059972,Kovacic,Mateo Kovacic,Midfielder,CHE,16
1059972,Batshuayi,Michy Batshuayi,Forward,CHE,3
1059972,Christensen,Andreas Christensen,Defender,CHE,11
1059972,Mount,Mason Mount,Midfielder,CHE,20
1059972,Tomori,Fikayo Tomori,Defender,CHE,9
1059972,James (Reece),Reece James,Defender,CHE,14
1059973,Elmohamady,Ahmed Elmohamady,Defender,AVL,3
1059973,Hourihane,Conor Hourihane,Midfielder,AVL,23
1059973,Nyland,Örjan Nyland,Goalkeeper,AVL,23
1059973,Grealish,Jack Grealish,Midfielder,AVL,17
1059973,McGinn,John McGinn,Midfielder,AVL,14
1059973,Hause,Kortney Hause,Defender,AVL,27
1059973,Trezeguet,Mahmoud Hassan,Midfielder,AVL,5
1059973,Mings,Tyrone Mings,Defender,AVL,26
1059973,Targett,Matt Targett,Defender,AVL,23
1059973,Nakamba,Marvelous Nakamba,Midfielder,AVL,3
1059973,El Ghazi,Anwar El Ghazi,Midfielder,AVL,7
1059973,Konsa Ngoyo,Ezri Konsa Ngoyo,Defender,AVL,27
1059973,Samatta,Mbwana Aly Samatta,Forward,AVL,1
1059973,Davis,Keinan Davis,Midfielder,AVL,2
1059973,Douglas Luiz,Douglas Luiz Soares de Paulo,Midfielder,AVL,7
1059973,Sharp,Billy Sharp,Forward,SHU,9
1059973,McGoldrick,David McGoldrick,Forward,SHU,3
1059973,Basham,Chris Basham,Defender,SHU,26
1059973,Freeman (Luke),Luke Freeman,Midfielder,SHU,3
1059973,Stevens,Enda Stevens,Defender,SHU,21
1059973,Norwood,Oliver Norwood,Midfielder,SHU,11
1059973,Baldock,George Baldock,Defender,SHU,23
1059973,Robinson (Jack),Jack Robinson,Defender,SHU,34
1059973,Egan,John Egan,Defender,SHU,23
1059973,Lundstram,John Lundstram,Defender,SHU,21
1059973,McBurnie,Oliver McBurnie,Forward,SHU,12
1059973,Henderson (Dean),Dean Henderson,Goalkeeper,SHU,32
1059973,Mousset,Lys Mousset,Forward,SHU,3
1059973,Berge,Sander Berge,Midfielder,SHU,6
1059974,Murray,Glenn Murray,Forward,BHA,2
1059974,Pröpper,Davy Pröpper,Midfielder,BHA,17
1059974,Mooy,Aaron Mooy,Midfielder,BHA,13
1059974,Burn,Dan Burn,Defender,BHA,15
1059974,Dunk,Lewis Dunk,Defender,BHA,16
1059974,Montoya,Martín Montoya,Defender,BHA,6
1059974,March,Solomon March,Midfielder,BHA,1
1059974,Webster,Adam Webster,Defender,BHA,12
1059974,Maupay,Neal Maupay,Forward,BHA,11
1059974,Trossard,Leandro Trossard,Midfielder,BHA,10
1059974,Mat Ryan,Mathew Ryan,Goalkeeper,BHA,8
1059974,Jahanbakhsh,Alireza Jahanbakhsh,Midfielder,BHA,5
1059974,Bissouma,Yves Bissouma,Midfielder,BHA,10
1059974,Alzate,Steven Alzate,Midfielder,BHA,9
1059974,Dann,Scott Dann,Defender,CRY,20
1059974,Cahill,Gary Cahill,Defender,CRY,19
1059974,Guaita,Vicente Guaita,Goalkeeper,CRY,37
1059974,McArthur,James McArthur,Midfielder,CRY,11
1059974,McCarthy (James),James McCarthy,Midfielder,CRY,11
1059974,Benteke,Christian Benteke,Forward,CRY,14
1059974,Kouyaté,Cheikhou Kouyaté,Midfielder,CRY,5
1059974,Ward (Joel),Joel Ward,Defender,CRY,23
1059974,Tosun,Cenk Tosun,Forward,CRY,6
1059974,Van Aanholt,Patrick Van Aanholt,Defender,CRY,32
1059974,Ayew,Jordan Ayew,Forward,CRY,32
1059974,Zaha,Wilfried Zaha,Midfielder,CRY,-1
1059974,Riedewald,Jairo Riedewald,Midfielder,CRY,3
1059975,Baines,Leighton Baines,Defender,EVE,12
1059975,Walcott,Theo Walcott,Midfielder,EVE,5
1059975,Sigurdsson,Gylfi Sigurdsson,Midfielder,EVE,5
1059975,Coleman,Seamus Coleman,Defender,EVE,4
1059975,Bernard,Bernard Anício Caldeira Duarte,Midfielder,EVE,2
1059975,Sidibe,Djibril Sidibe,Defender,EVE,0
1059975,Keane,Michael Keane,Defender,EVE,12
1059975,Pickford,Jordan Pickford,Goalkeeper,EVE,10
1059975,André Gomes,André Filipe Tavares Gomes,Midfielder,EVE,11
1059975,Davies (Tom),Tom Davies,Midfielder,EVE,14
1059975,Calvert-Lewin,Dominic Calvert-Lewin,Forward,EVE,37
1059975,Holgate,Mason Holgate,Defender,EVE,4
1059975,Richarlison,Richarlison de Andrade,Midfielder,EVE,6
1059975,Kean,Moise Kean,Forward,EVE,5
1059975,Mata,Juan Mata,Midfielder,MUN,4
1059975,De Gea,David De Gea,Goalkeeper,MUN,9
1059975,Ighalo,Odion Ighalo,Forward,MUN,3
1059975,Matic,Nemanja Matic,Midfielder,MUN,32
1059975,Maguire,Harry Maguire,Defender,MUN,9
1059975,Fred,Frederico Rodrigues de Paula Santos,Midfielder,MUN,11
1059975,Shaw,Luke Shaw,Defender,MUN,14
1059975,Bruno Fernandes,Bruno Miguel Borges Fernandes,Midfielder,MUN,32
1059975,Martial,Anthony Martial,Midfielder,MUN,5
1059975,Lindelof,Victor Nilsson-Lindelof,Defender,MUN,9
1059975,McTominay,Scott McTominay,Midfielder,MUN,12
1059975,Wan-Bissaka,Aaron Wan-Bissaka,Defender,MUN,5
1059975,Greenwood,Mason Greenwood,Forward,MUN,7
1059975,Williams (Brandon),Brandon Williams,Defender,MUN,3
1059976,Luiz,David Luiz Moreira Marinho,Defender,ARS,-15
1059976,Aubameyang,Pierre-Emerick Aubameyang,Forward,ARS,5
1059976,Lacazette,Alexandre Lacazette,Forward,ARS,4
1059976,Mustafi,Shkodran Mustafi,Defender,ARS,-1
1059976,Leno,Bernd Leno,Goalkeeper,ARS,16
1059976,Xhaka,Granit Xhaka,Midfielder,ARS,3
1059976,Marí,Pablo Marí,Defender,ARS,3
1059976,Bellerín,Héctor Bellerín,Defender,ARS,-3
1059976,Maitland-Niles,Ainsley Maitland-Niles,Defender,ARS,-2
1059976,Dani Ceballos,Daniel Ceballos Fernández,Midfielder,ARS,16
1059976,Tierney,Kieran Tierney,Defender,ARS,6
1059976,Willock,Joseph Willock,Midfielder,ARS,10
1059976,Nelson,Reiss Nelson,Midfielder,ARS,4
1059976,Eddie Nketiah,Edward Nketiah,Forward,ARS,4
1059976,Saka,Bukayo Saka,Midfielder,ARS,4
1059976,Guendouzi,Matteo Guendouzi,Midfielder,ARS,9
1059976,Silva,David Silva,Midfielder,MCI,14
1059976,Fernandinho,Fernando Luiz Rosa,Midfielder,MCI,3
1059976,Aguero,Sergio Aguero,Forward,MCI,10
1059976,Walker,Kyle Walker,Defender,MCI,26
1059976,Gundogan,Ilkay Gundogan,Midfielder,MCI,22
1059976,De Bruyne,Kevin De Bruyne,Midfielder,MCI,52
1059976,Mendy (Benjamin),Benjamin Mendy,Defender,MCI,28
1059976,Mahrez,Riyad Mahrez,Midfielder,MCI,21
1059976,Sterling (Raheem),Raheem Sterling,Midfielder,MCI,42
1059976,Ederson,Ederson Santana de Moraes,Goalkeeper,MCI,24
1059976,Laporte,Aymeric Laporte,Defender,MCI,23
1059976,Bernardo Silva,Bernardo Mota Veiga de Carvalho e Silva,Midfielder,MCI,3
1059976,Jesus,Gabriel Fernando de Jesus,Forward,MCI,8
1059976,Foden,Phil Foden,Midfielder,MCI,26
1059976,Rodri,Rodrigo Hernández Cascante,Midfielder,MCI,-2
1059976,Garcia,Eric Garcia,Defender,MCI,24
1059977,Tarkowski,James Tarkowski,Defender,BUR,27
1059977,Bardsley,Phillip Bardsley,Defender,BUR,20
1059977,Cork,Jack Cork,Midfielder,BUR,10
1059977,Rodriguez,Jay Rodriguez,Forward,BUR,3
1059977,Mee,Ben Mee,Defender,BUR,21
1059977,Westwood,Ashley Roy Westwood,Midfielder,BUR,10
1059977,Wood,Chris Wood,Forward,BUR,1
1059977,Vydra,Matej Vydra,Forward,BUR,6
1059977,Hendrick,Jeff Hendrick,Midfielder,BUR,10
1059977,Pope,Nick Pope,Goalkeeper,BUR,30
1059977,Taylor (Charlie),Charlie Taylor,Defender,BUR,22
1059977,McNeil,Dwight McNeil,Midfielder,BUR,2
1059977,Rose,Danny Rose,Defender,NEW,22
1059977,Shelvey,Jonjo Shelvey,Midfielder,NEW,9
1059977,Ritchie,Matt Ritchie,Defender,NEW,25
1059977,Fernández,Federico Fernández,Defender,NEW,30
1059977,Dubravka,Martin Dubravka,Goalkeeper,NEW,22
1059977,Lascelles,Jamaal Lascelles,Defender,NEW,21
1059977,Gayle,Dwight Gayle,Forward,NEW,5
1059977,Manquillo,Javier Manquillo,Defender,NEW,18
1059977,Hayden (Isaac),Isaac Hayden,Midfielder,NEW,15
1059977,Saint-Maximin,Allan Saint-Maximin,Midfielder,NEW,5
1059977,Almirón,Miguel Almirón,Midfielder,NEW,11
1059977,Joelinton,Joelinton Cássio Apolinário de Lira,Forward,NEW,10
1059978,Schmeichel,Kasper Schmeichel,Goalkeeper,LEI,11
1059978,Evans (Jonny),Jonny Evans,Defender,LEI,11
1059978,Albrighton,Marc Albrighton,Midfielder,LEI,4
1059978,Praet,Dennis Praet,Midfielder,LEI,10
1059978,Ricardo Pereira,Ricardo Domingos Barbosa Pereira,Defender,LEI,5
1059978,Tielemans,Youri Tielemans,Midfielder,LEI,3
1059978,Ayoze Pérez,Ayoze Pérez Gutiérrez,Midfielder,LEI,6
1059978,Maddison,James Maddison,Midfielder,LEI,16
1059978,Chilwell,Benjamin Chilwell,Defender,LEI,7
1059978,Iheanacho,Kelechi Iheanacho,Forward,LEI,1
1059978,Choudhury,Hamza Choudhury,Midfielder,LEI,11
1059978,Barnes (Harvey),Harvey Barnes,Midfielder,LEI,15
1059978,Ndidi,Onyinye Wilfred Ndidi,Midfielder,LEI,5
1059978,Söyüncü,Caglar Söyüncü,Defender,LEI,10
1059978,Tettey,Alexander Tettey,Midfielder,NOR,11
1059978,Krul,Tim Krul,Goalkeeper,NOR,30
1059978,Pukki,Teemu Pukki,Forward,NOR,4
1059978,Stiepermann,Marco Stiepermann,Midfielder,NOR,3
1059978,Rupp,Lukas Rupp,Midfielder,NOR,7
1059978,Kenny McLean,Kenneth McLean,Midfielder,NOR,15
1059978,Drmic,Josip Drmic,Forward,NOR,7
1059978,Hanley,Grant Hanley,Defender,NOR,29
1059978,Duda,Ondrej Duda,Midfielder,NOR,20
1059978,Cantwell,Todd Cantwell,Midfielder,NOR,13
1059978,Lewis (Jamal),Jamal Lewis,Defender,NOR,44
1059978,Buendía,Emiliano Buendía,Midfielder,NOR,19
1059978,Godfrey,Ben Godfrey,Defender,NOR,28
1059978,Aarons (Maximillian),Maximillian Aarons,Defender,NOR,32
1059979,Aurier,Serge Aurier,Defender,TOT,12
1059979,Dier,Eric Dier,Midfielder,TOT,23
1059979,Lucas Moura,Lucas Rodrigues Moura da Silva,Midfielder,TOT,13
1059979,Gazzaniga,Paulo Gazzaniga,Goalkeeper,TOT,-4
1059979,Alli,Bamidele Alli,Midfielder,TOT,24
1059979,Davies (Ben),Ben Davies,Defender,TOT,1
1059979,Winks,Harry Winks,Midfielder,TOT,12
1059979,Sánchez (Davinson),Davinson Sánchez,Defender,TOT,7
1059979,Bergwijn,Steven Bergwijn,Midfielder,TOT,26
1059979,Gedson Fernandes,Gedson Carvalho Fernandes,Midfielder,TOT,5
1059979,Tanganga,Japhet Tanganga,Defender,TOT,-3
1059979,Lo Celso,Giovani Lo Celso,Midfielder,TOT,9
1059979,NDombele,Tanguy NDombele,Midfielder,TOT,4
1059979,Parrott,Troy Parrott,Forward,TOT,3
1059979,Moutinho,João Moutinho,Midfielder,WOL,19
1059979,Rui Patrício,Rui Pedro dos Santos Patrício,Goalkeeper,WOL,7
1059979,Doherty,Matt Doherty,Defender,WOL,35
1059979,Boly,Willy Boly,Defender,WOL,-4
1059979,Coady,Conor Coady,Defender,WOL,3
1059979,Raúl Jiménez,Raul Alonso Jimenez Rodriguez,Forward,WOL,33
1059979,Saiss,Romain Saiss,Defender,WOL,6
1059979,Dendoncker,Leander Dendoncker,Midfielder,WOL,-2
1059979,Traoré,Adama Traoré,Midfielder,WOL,13
1059979,Ruben Neves,Rúben Diogo da Silva Neves,Midfielder,WOL,12
1059979,Diogo Jota,Diogo José Teixeira da Silva,Midfielder,WOL,35
1059979,Podence,Daniel Podence,Midfielder,WOL,3
1059979,Rúben Vinagre,Rúben Gonçalo Silva Nascimento Vinagre,Defender,WOL,1
1059979,Neto,Pedro Neto,Midfielder,WOL,2
1059980,Lovren,Dejan Lovren,Defender,LIV,1
1059980,Lallana,Adam Lallana,Midfielder,LIV,8
1059980,Wijnaldum,Georginio Wijnaldum,Midfielder,LIV,15
1059980,Oxlade-Chamberlain,Alex Oxlade-Chamberlain,Midfielder,LIV,8
1059980,Firmino,Roberto Firmino Barbosa de Oliveira,Forward,LIV,7
1059980,van Dijk,Virgil van Dijk,Defender,LIV,4
1059980,Mane,Sadio Mane,Midfielder,LIV,7
1059980,Alisson,Alisson Ramses Becker,Goalkeeper,LIV,4
1059980,Fabinho,Fabio Henrique Tavares,Midfielder,LIV,13
1059980,Salah,Mohamed Salah,Midfielder,LIV,5
1059980,Robertson,Andrew Robertson,Defender,LIV,2
1059980,Origi,Divock Origi,Forward,LIV,5
1059980,Minamino,Takumi Minamino,Midfielder,LIV,4
1059980,Alexander-Arnold,Trent Alexander-Arnold,Defender,LIV,-6
1059980,Foster,Ben Foster,Goalkeeper,WAT,23
1059980,Capoue,Etienne Capoue,Midfielder,WAT,17
1059980,Cathcart,Craig Cathcart,Defender,WAT,26
1059980,Deeney,Troy Deeney,Forward,WAT,39
1059980,Femenía,Francisco Femenía Far,Defender,WAT,23
1059980,Pereyra,Roberto Pereyra,Midfielder,WAT,4
1059980,Kabasele,Christian Kabasele,Defender,WAT,29
1059980,Chalobah (Nathaniel),Nathaniel Chalobah,Midfielder,WAT,3
1059980,Deulofeu,Gerard Deulofeu,Forward,WAT,3
1059980,Hughes,Will Hughes,Midfielder,WAT,8
1059980,Doucouré,Abdoulaye Doucouré,Midfielder,WAT,20
1059980,Masina,Adam Masina,Defender,WAT,29
1059980,Pussetto,Ignacio Pussetto,Midfielder,WAT,5
1059980,Ismaila Sarr,Ismaila Sarr,Midfielder,WAT,62
1059981,Long (Shane),Shane Long,Forward,SOU,6
1059981,Bertrand,Ryan Bertrand,Defender,SOU,3
1059981,McCarthy (Alex),Alex McCarthy,Goalkeeper,SOU,1
1059981,Romeu,Oriol Romeu,Midfielder,SOU,4
1059981,Ings,Danny Ings,Forward,SOU,3
1059981,Stephens (Jack),Jack Stephens,Defender,SOU,-5
1059981,Armstrong (Stuart),Stuart Armstrong,Midfielder,SOU,13
1059981,Vestergaard,Jannik Vestergaard,Defender,SOU,3
1059981,Ward-Prowse,James Ward-Prowse,Midfielder,SOU,31
1059981,Boufal,Sofiane Boufal,Midfielder,SOU,4
1059981,Højbjerg,Pierre-Emile Højbjerg,Midfielder,SOU,18
1059981,Bednarek,Jan Bednarek,Defender,SOU,4
1059981,Smallbone,William Smallbone,Forward,SOU,11
1059981,Obafemi,Michael Obafemi,Forward,SOU,28
1059981,Noble,Mark Noble,Midfielder,WHU,13
1059981,Snodgrass,Robert Snodgrass,Midfielder,WHU,5
1059981,Fabianski,Lukasz Fabianski,Goalkeeper,WHU,5
1059981,Ogbonna,Angelo Ogbonna,Defender,WHU,7
1059981,Cresswell,Aaron Cresswell,Defender,WHU,3
1059981,Antonio,Michail Antonio,Forward,WHU,43
1059981,Felipe Anderson,Felipe Anderson Pereira Gomes,Midfielder,WHU,2
1059981,Haller,Sébastien Haller,Forward,WHU,46
1059981,Bowen,Jarrod Bowen,Midfielder,WHU,39
1059981,Rice,Declan Rice,Midfielder,WHU,17
1059981,Fornals,Pablo Fornals,Midfielder,WHU,36
1059981,Diop,Issa Diop,Defender,WHU,8
1059981,Ngakia,Jeremy Ngakia,Defender,WHU,5
1059982,Ozil,Mesut Ozil,Midfielder,ARS,24
1059982,Sokratis,Sokratis Papastathopoulos,Defender,ARS,20
1059982,Luiz,David Luiz Moreira Marinho,Defender,ARS,29
1059982,Aubameyang,Pierre-Emerick Aubameyang,Forward,ARS,12
1059982,Lacazette,Alexandre Lacazette,Forward,ARS,34
1059982,Leno,Bernd Leno,Goalkeeper,ARS,33
1059982,Xhaka,Granit Xhaka,Midfielder,ARS,14
1059982,Marí,Pablo Marí,Defender,ARS,28
1059982,Bellerín,Héctor Bellerín,Defender,ARS,3
1059982,Dani Ceballos,Daniel Ceballos Fernández,Midfielder,ARS,21
1059982,Pepe,Nicolas Pepe,Midfielder,ARS,7
1059982,Nelson,Reiss Nelson,Midfielder,ARS,4
1059982,Eddie Nketiah,Edward Nketiah,Forward,ARS,1
1059982,Saka,Bukayo Saka,Midfielder,ARS,22
1059982,Noble,Mark Noble,Midfielder,WHU,13
1059982,Snodgrass,Robert Snodgrass,Midfielder,WHU,3
1059982,Fabianski,Lukasz Fabianski,Goalkeeper,WHU,8
1059982,Ogbonna,Angelo Ogbonna,Defender,WHU,7
1059982,Cresswell,Aaron Cresswell,Defender,WHU,6
1059982,Antonio,Michail Antonio,Forward,WHU,-5
1059982,Felipe Anderson,Felipe Anderson Pereira Gomes,Midfielder,WHU,3
1059982,Haller,Sébastien Haller,Forward,WHU,11
1059982,Bowen,Jarrod Bowen,Midfielder,WHU,19
1059982,Rice,Declan Rice,Midfielder,WHU,8
1059982,Soucek,Tomas Soucek,Midfielder,WHU,3
1059982,Fornals,Pablo Fornals,Midfielder,WHU,14
1059982,Diop,Issa Diop,Defender,WHU,12
1059982,Ngakia,Jeremy Ngakia,Defender,WHU,9
1059983,Lennon,Aaron Lennon,Midfielder,BUR,3
1059983,Tarkowski,James Tarkowski,Defender,BUR,13
1059983,Bardsley,Phillip Bardsley,Defender,BUR,6
1059983,Cork,Jack Cork,Midfielder,BUR,18
1059983,Rodriguez,Jay Rodriguez,Forward,BUR,13
1059983,Mee,Ben Mee,Defender,BUR,9
1059983,Westwood,Ashley Roy Westwood,Midfielder,BUR,16
1059983,Wood,Chris Wood,Forward,BUR,36
1059983,Vydra,Matej Vydra,Forward,BUR,2
1059983,Hendrick,Jeff Hendrick,Midfielder,BUR,7
1059983,Pope,Nick Pope,Goalkeeper,BUR,6
1059983,Taylor (Charlie),Charlie Taylor,Defender,BUR,5
1059983,McNeil,Dwight McNeil,Midfielder,BUR,24
1059983,Lloris,Hugo Lloris,Goalkeeper,TOT,17
1059983,Vertonghen,Jan Vertonghen,Defender,TOT,8
1059983,Alderweireld,Toby Alderweireld,Defender,TOT,11
1059983,Lamela,Erik Lamela,Midfielder,TOT,13
1059983,Aurier,Serge Aurier,Defender,TOT,4
1059983,Dier,Eric Dier,Midfielder,TOT,11
1059983,Lucas Moura,Lucas Rodrigues Moura da Silva,Midfielder,TOT,10
1059983,Alli,Bamidele Alli,Midfielder,TOT,24
1059983,Sánchez (Davinson),Davinson Sánchez,Defender,TOT,7
1059983,Bergwijn,Steven Bergwijn,Midfielder,TOT,9
1059983,Tanganga,Japhet Tanganga,Defender,TOT,13
1059983,Lo Celso,Giovani Lo Celso,Midfielder,TOT,5
1059983,Skipp,Oliver Skipp,Midfielder,TOT,7
1059983,NDombele,Tanguy NDombele,Midfielder,TOT,8
1059984,Azpilicueta,César Azpilicueta,Defender,CHE,29
1059984,Giroud,Olivier Giroud,Forward,CHE,35
1059984,Willian,Willian Borges Da Silva,Midfielder,CHE,50
1059984,Pedro,Pedro Rodríguez Ledesma,Midfielder,CHE,49
1059984,Alonso,Marcos Alonso,Defender,CHE,21
1059984,Barkley,Ross Barkley,Midfielder,CHE,51
1059984,Rüdiger,Antonio Rüdiger,Defender,CHE,26
1059984,Zouma,Kurt Zouma,Defender,CHE,19
1059984,Kepa,Kepa Arrizabalaga Revuelta,Goalkeeper,CHE,25
1059984,Mount,Mason Mount,Midfielder,CHE,38
1059984,Anjorin,Faustino Anjorin,Midfielder,CHE,2
1059984,James (Reece),Reece James,Defender,CHE,4
1059984,Gilmour,Billy Gilmour,Midfielder,CHE,13
1059984,Broja,Armando Broja,Forward,CHE,3
1059984,Walcott,Theo Walcott,Midfielder,EVE,3
1059984,Sigurdsson,Gylfi Sigurdsson,Midfielder,EVE,5
1059984,Bernard,Bernard Anício Caldeira Duarte,Midfielder,EVE,5
1059984,Digne,Lucas Digne,Defender,EVE,-1
1059984,Sidibe,Djibril Sidibe,Defender,EVE,-7
1059984,Keane,Michael Keane,Defender,EVE,-2
1059984,Pickford,Jordan Pickford,Goalkeeper,EVE,8
1059984,André Gomes,André Filipe Tavares Gomes,Midfielder,EVE,11
1059984,Davies (Tom),Tom Davies,Midfielder,EVE,3
1059984,Calvert-Lewin,Dominic Calvert-Lewin,Forward,EVE,0
1059984,Holgate,Mason Holgate,Defender,EVE,1
1059984,Richarlison,Richarlison de Andrade,Midfielder,EVE,13
1059984,Gordon (Anthony),Anthony Gordon,Forward,EVE,5
1059984,Kean,Moise Kean,Forward,EVE,2
1059985,Dann,Scott Dann,Defender,CRY,30
1059985,Cahill,Gary Cahill,Defender,CRY,26
1059985,Guaita,Vicente Guaita,Goalkeeper,CRY,29
1059985,McArthur,James McArthur,Midfielder,CRY,21
1059985,McCarthy (James),James McCarthy,Midfielder,CRY,11
1059985,Benteke,Christian Benteke,Forward,CRY,9
1059985,Kouyaté,Cheikhou Kouyaté,Midfielder,CRY,15
1059985,Ward (Joel),Joel Ward,Defender,CRY,18
1059985,Milivojevic,Luka Milivojevic,Midfielder,CRY,4
1059985,Van Aanholt,Patrick Van Aanholt,Defender,CRY,23
1059985,Ayew,Jordan Ayew,Forward,CRY,36
1059985,Zaha,Wilfried Zaha,Midfielder,CRY,7
1059985,Foster,Ben Foster,Goalkeeper,WAT,8
1059985,Capoue,Etienne Capoue,Midfielder,WAT,10
1059985,Cathcart,Craig Cathcart,Defender,WAT,6
1059985,Deeney,Troy Deeney,Forward,WAT,11
1059985,Welbeck,Danny Welbeck,Forward,WAT,3
1059985,Femenía,Francisco Femenía Far,Defender,WAT,5
1059985,Pereyra,Roberto Pereyra,Midfielder,WAT,13
1059985,Gray (Andre),Andre Gray,Forward,WAT,3
1059985,Kabasele,Christian Kabasele,Defender,WAT,9
1059985,Hughes,Will Hughes,Midfielder,WAT,9
1059985,Doucouré,Abdoulaye Doucouré,Midfielder,WAT,16
1059985,Masina,Adam Masina,Defender,WAT,2
1059985,Pussetto,Ignacio Pussetto,Midfielder,WAT,1
1059985,Ismaila Sarr,Ismaila Sarr,Midfielder,WAT,3
1059986,Reina,José Reina,Goalkeeper,AVL,-6
1059986,Elmohamady,Ahmed Elmohamady,Defender,AVL,-3
1059986,Hourihane,Conor Hourihane,Midfielder,AVL,9
1059986,Engels,Björn Engels,Defender,AVL,-6
1059986,Grealish,Jack Grealish,Midfielder,AVL,7
1059986,Mings,Tyrone Mings,Defender,AVL,1
1059986,Targett,Matt Targett,Defender,AVL,-8
1059986,Nakamba,Marvelous Nakamba,Midfielder,AVL,17
1059986,El Ghazi,Anwar El Ghazi,Midfielder,AVL,5
1059986,Guilbert,Frederic Guilbert,Defender,AVL,3
1059986,Samatta,Mbwana Aly Samatta,Forward,AVL,3
1059986,Davis,Keinan Davis,Midfielder,AVL,-2
1059986,Douglas Luiz,Douglas Luiz Soares de Paulo,Midfielder,AVL,9
1059986,Schmeichel,Kasper Schmeichel,Goalkeeper,LEI,26
1059986,Evans (Jonny),Jonny Evans,Defender,LEI,27
1059986,Albrighton,Marc Albrighton,Midfielder,LEI,33
1059986,Mendy (Nampalys),Nampalys Mendy,Midfielder,LEI,4
1059986,Vardy,Jamie Vardy,Forward,LEI,54
1059986,Praet,Dennis Praet,Midfielder,LEI,8
1059986,Ricardo Pereira,Ricardo Domingos Barbosa Pereira,Defender,LEI,28
1059986,Tielemans,Youri Tielemans,Midfielder,LEI,7
1059986,Maddison,James Maddison,Midfielder,LEI,16
1059986,Iheanacho,Kelechi Iheanacho,Forward,LEI,-4
1059986,Barnes (Harvey),Harvey Barnes,Midfielder,LEI,64
1059986,Ndidi,Onyinye Wilfred Ndidi,Midfielder,LEI,10
1059986,Söyüncü,Caglar Söyüncü,Defender,LEI,23
1059986,Justin,James Justin,Defender,LEI,24
1059987,Gosling,Dan Gosling,Midfielder,BOU,3
1059987,Smith (Adam),Adam Smith,Defender,BOU,4
1059987,Stanislas,Junior Stanislas,Midfielder,BOU,9
1059987,Cook (Steve),Steve Cook,Defender,BOU,4
1059987,Wilson (Callum),Callum Wilson,Forward,BOU,29
1059987,Fraser,Ryan Fraser,Midfielder,BOU,7
1059987,Aké,Nathan Aké,Defender,BOU,8
1059987,Lerma,Jefferson Lerma,Midfielder,BOU,25
1059987,Stacey,Jack Stacey,Defender,BOU,1
1059987,Solanke,Dominic Solanke,Forward,BOU,2
1059987,Cook (Lewis),Lewis Cook,Midfielder,BOU,8
1059987,Billing,Philip Billing,Midfielder,BOU,18
1059987,Simpson,Jack Simpson,Defender,BOU,-1
1059987,Ramsdale,Aaron Ramsdale,Goalkeeper,BOU,9
1059987,Milner,James Milner,Midfielder,LIV,23
1059987,Lallana,Adam Lallana,Midfielder,LIV,5
1059987,Wijnaldum,Georginio Wijnaldum,Midfielder,LIV,16
1059987,Adrián,Adrián San Miguel del Castillo,Goalkeeper,LIV,9
1059987,Oxlade-Chamberlain,Alex Oxlade-Chamberlain,Midfielder,LIV,10
1059987,Firmino,Roberto Firmino Barbosa de Oliveira,Forward,LIV,3
1059987,van Dijk,Virgil van Dijk,Defender,LIV,28
1059987,Mane,Sadio Mane,Midfielder,LIV,45
1059987,Fabinho,Fabio Henrique Tavares,Midfielder,LIV,12
1059987,Salah,Mohamed Salah,Midfielder,LIV,40
1059987,Origi,Divock Origi,Forward,LIV,3
1059987,Alexander-Arnold,Trent Alexander-Arnold,Defender,LIV,15
1059987,Gomez,Joseph Gomez,Defender,LIV,14
1059988,Fernandinho,Fernando Luiz Rosa,Midfielder,MCI,13
1059988,Aguero,Sergio Aguero,Forward,MCI,3
1059988,Otamendi,Nicolás Otamendi,Defender,MCI,5
1059988,Gundogan,Ilkay Gundogan,Midfielder,MCI,13
1059988,Mendy (Benjamin),Benjamin Mendy,Defender,MCI,-4
1059988,Mahrez,Riyad Mahrez,Midfielder,MCI,7
1059988,Sterling (Raheem),Raheem Sterling,Midfielder,MCI,3
1059988,João Cancelo,João Pedro Cavaco Cancelo,Defender,MCI,11
1059988,Ederson,Ederson Santana de Moraes,Goalkeeper,MCI,5
1059988,Bernardo Silva,Bernardo Mota Veiga de Carvalho e Silva,Midfielder,MCI,9
1059988,Jesus,Gabriel Fernando de Jesus,Forward,MCI,4
1059988,Zinchenko,Oleksandr Zinchenko,Defender,MCI,9
1059988,Foden,Phil Foden,Midfielder,MCI,15
1059988,Rodri,Rodrigo Hernández Cascante,Midfielder,MCI,18
1059988,De Gea,David De Gea,Goalkeeper,MUN,27
1059988,Ighalo,Odion Ighalo,Forward,MUN,4
1059988,Matic,Nemanja Matic,Midfielder,MUN,11
1059988,Maguire,Harry Maguire,Defender,MUN,21
1059988,Fred,Frederico Rodrigues de Paula Santos,Midfielder,MUN,9
1059988,Shaw,Luke Shaw,Defender,MUN,20
1059988,Bruno Fernandes,Bruno Miguel Borges Fernandes,Midfielder,MUN,17
1059988,Martial,Anthony Martial,Midfielder,MUN,31
1059988,Lindelof,Victor Nilsson-Lindelof,Defender,MUN,30
1059988,McTominay,Scott McTominay,Midfielder,MUN,22
1059988,Bailly,Eric Bailly,Defender,MUN,5
1059988,James (Daniel),Daniel James,Midfielder,MUN,8
1059988,Wan-Bissaka,Aaron Wan-Bissaka,Defender,MUN,26
1059988,Williams (Brandon),Brandon Williams,Defender,MUN,25
1059989,Tettey,Alexander Tettey,Midfielder,NOR,16
1059989,Krul,Tim Krul,Goalkeeper,NOR,11
1059989,Vrancic,Mario Vrancic,Midfielder,NOR,18
1059989,Pukki,Teemu Pukki,Forward,NOR,6
1059989,Kenny McLean,Kenneth McLean,Midfielder,NOR,16
1059989,Drmic,Josip Drmic,Forward,NOR,-6
1059989,Hanley,Grant Hanley,Defender,NOR,13
1059989,Duda,Ondrej Duda,Midfielder,NOR,12
1059989,Cantwell,Todd Cantwell,Midfielder,NOR,2
1059989,Lewis (Jamal),Jamal Lewis,Defender,NOR,10
1059989,Buendía,Emiliano Buendía,Midfielder,NOR,12
1059989,Godfrey,Ben Godfrey,Defender,NOR,15
1059989,Aarons (Maximillian),Maximillian Aarons,Defender,NOR,11
1059989,Idah,Adam Idah,Forward,NOR,3
1059989,Sharp,Billy Sharp,Forward,SHU,38
1059989,McGoldrick,David McGoldrick,Forward,SHU,5
1059989,Basham,Chris Basham,Defender,SHU,31
1059989,Fleck,John Fleck,Midfielder,SHU,17
1059989,Stevens,Enda Stevens,Defender,SHU,18
1059989,Norwood,Oliver Norwood,Midfielder,SHU,16
1059989,Baldock,George Baldock,Defender,SHU,21
1059989,Egan,John Egan,Defender,SHU,27
1059989,O'Connell,Jack O'Connell,Defender,SHU,21
1059989,Lundstram,John Lundstram,Defender,SHU,39
1059989,Osborn,Ben Osborn,Midfielder,SHU,8
1059989,McBurnie,Oliver McBurnie,Forward,SHU,8
1059989,Henderson (Dean),Dean Henderson,Goalkeeper,SHU,28
1059989,Berge,Sander Berge,Midfielder,SHU,2
1059990,Rose,Danny Rose,Defender,NEW,25
1059990,Shelvey,Jonjo Shelvey,Midfielder,NEW,22
1059990,Ritchie,Matt Ritchie,Defender,NEW,9
1059990,Fernández,Federico Fernández,Defender,NEW,24
1059990,Dubravka,Martin Dubravka,Goalkeeper,NEW,27
1059990,Lascelles,Jamaal Lascelles,Defender,NEW,22
1059990,Gayle,Dwight Gayle,Forward,NEW,3
1059990,Manquillo,Javier Manquillo,Defender,NEW,20
1059990,Lazaro,Valentino Lazaro,Midfielder,NEW,2
1059990,Hayden (Isaac),Isaac Hayden,Midfielder,NEW,14
1059990,Saint-Maximin,Allan Saint-Maximin,Midfielder,NEW,37
1059990,Almirón,Miguel Almirón,Midfielder,NEW,8
1059990,Longstaff (Sean),Sean Longstaff,Midfielder,NEW,2
1059990,Joelinton,Joelinton Cássio Apolinário de Lira,Forward,NEW,0
1059990,Long (Shane),Shane Long,Forward,SOU,9
1059990,Bertrand,Ryan Bertrand,Defender,SOU,8
1059990,McCarthy (Alex),Alex McCarthy,Goalkeeper,SOU,26
1059990,Ings,Danny Ings,Forward,SOU,11
1059990,Stephens (Jack),Jack Stephens,Defender,SOU,6
1059990,Ward-Prowse,James Ward-Prowse,Midfielder,SOU,15
1059990,Boufal,Sofiane Boufal,Midfielder,SOU,5
1059990,Højbjerg,Pierre-Emile Højbjerg,Midfielder,SOU,12
1059990,Bednarek,Jan Bednarek,Defender,SOU,10
1059990,Adams,Che Adams,Forward,SOU,3
1059990,Valery,Yann Valery,Defender,SOU,5
1059990,Obafemi,Michael Obafemi,Forward,SOU,4
1059990,Djenepo,Moussa Djenepo,Midfielder,SOU,-6
1059991,Stephens (Dale),Dale Stephens,Midfielder,BHA,3
1059991,Pröpper,Davy Pröpper,Midfielder,BHA,17
1059991,Mooy,Aaron Mooy,Midfielder,BHA,16
1059991,Burn,Dan Burn,Defender,BHA,21
1059991,Dunk,Lewis Dunk,Defender,BHA,24
1059991,Montoya,Martín Montoya,Defender,BHA,20
1059991,March,Solomon March,Midfielder,BHA,4
1059991,Webster,Adam Webster,Defender,BHA,25
1059991,Maupay,Neal Maupay,Forward,BHA,8
1059991,Trossard,Leandro Trossard,Midfielder,BHA,10
1059991,Mat Ryan,Mathew Ryan,Goalkeeper,BHA,26
1059991,Jahanbakhsh,Alireza Jahanbakhsh,Midfielder,BHA,6
1059991,Bissouma,Yves Bissouma,Midfielder,BHA,21
1059991,Mac Allister,Alexis Mac Allister,Midfielder,BHA,3
1059991,Moutinho,João Moutinho,Midfielder,WOL,20
1059991,Rui Patrício,Rui Pedro dos Santos Patrício,Goalkeeper,WOL,22
1059991,Doherty,Matt Doherty,Defender,WOL,25
1059991,Boly,Willy Boly,Defender,WOL,25
1059991,Coady,Conor Coady,Defender,WOL,27
1059991,Raúl Jiménez,Raul Alonso Jimenez Rodriguez,Forward,WOL,3
1059991,Saiss,Romain Saiss,Defender,WOL,28
1059991,Dendoncker,Leander Dendoncker,Midfielder,WOL,11
1059991,Traoré,Adama Traoré,Midfielder,WOL,9
1059991,Ruben Neves,Rúben Diogo da Silva Neves,Midfielder,WOL,15
1059991,Diogo Jota,Diogo José Teixeira da Silva,Midfielder,WOL,7
1059991,Podence,Daniel Podence,Midfielder,WOL,4
1059991,Rúben Vinagre,Rúben Gonçalo Silva Nascimento Vinagre,Defender,WOL,20
1059992,Smith (Adam),Adam Smith,Defender,BOU,-2
1059992,Stanislas,Junior Stanislas,Midfielder,BOU,3
1059992,Cook (Steve),Steve Cook,Defender,BOU,0
1059992,Wilson (Callum),Callum Wilson,Forward,BOU,5
1059992,King (Joshua),Joshua King,Forward,BOU,-2
1059992,Brooks,David Brooks,Midfielder,BOU,11
1059992,Aké,Nathan Aké,Defender,BOU,5
1059992,Lerma,Jefferson Lerma,Midfielder,BOU,14
1059992,Wilson (Harry),Harry Wilson,Midfielder,BOU,7
1059992,Stacey,Jack Stacey,Defender,BOU,3
1059992,Solanke,Dominic Solanke,Forward,BOU,3
1059992,Cook (Lewis),Lewis Cook,Midfielder,BOU,18
1059992,Danjuma Groeneveld,Arnaut Danjuma Groeneveld,Midfielder,BOU,2
1059992,Ramsdale,Aaron Ramsdale,Goalkeeper,BOU,-2
1059992,Dann,Scott Dann,Defender,CRY,20
1059992,Cahill,Gary Cahill,Defender,CRY,22
1059992,Guaita,Vicente Guaita,Goalkeeper,CRY,21
1059992,McArthur,James McArthur,Midfielder,CRY,19
1059992,McCarthy (James),James McCarthy,Midfielder,CRY,5
1059992,Benteke,Christian Benteke,Forward,CRY,2
1059992,Kouyaté,Cheikhou Kouyaté,Midfielder,CRY,7
1059992,Ward (Joel),Joel Ward,Defender,CRY,21
1059992,Townsend,Andros Townsend,Midfielder,CRY,1
1059992,Milivojevic,Luka Milivojevic,Midfielder,CRY,31
1059992,Van Aanholt,Patrick Van Aanholt,Defender,CRY,38
1059992,Ayew,Jordan Ayew,Forward,CRY,30
1059992,Zaha,Wilfried Zaha,Midfielder,CRY,19
1059992,Riedewald,Jairo Riedewald,Midfielder,CRY,3
1059993,Hourihane,Conor Hourihane,Midfielder,AVL,12
1059993,Jota,José Ignacio Peleteiro Ramallo,Midfielder,AVL,0
1059993,Nyland,Örjan Nyland,Goalkeeper,AVL,5
1059993,Grealish,Jack Grealish,Midfielder,AVL,13
1059993,McGinn,John McGinn,Midfielder,AVL,8
1059993,Hause,Kortney Hause,Defender,AVL,14
1059993,Trezeguet,Mahmoud Hassan,Midfielder,AVL,6
1059993,Mings,Tyrone Mings,Defender,AVL,3
1059993,Targett,Matt Targett,Defender,AVL,6
1059993,Nakamba,Marvelous Nakamba,Midfielder,AVL,4
1059993,El Ghazi,Anwar El Ghazi,Midfielder,AVL,9
1059993,Konsa Ngoyo,Ezri Konsa Ngoyo,Defender,AVL,-1
1059993,Samatta,Mbwana Aly Samatta,Forward,AVL,4
1059993,Davis,Keinan Davis,Midfielder,AVL,5
1059993,Douglas Luiz,Douglas Luiz Soares de Paulo,Midfielder,AVL,15
1059993,Azpilicueta,César Azpilicueta,Defender,CHE,33
1059993,Giroud,Olivier Giroud,Forward,CHE,36
1059993,Willian,Willian Borges Da Silva,Midfielder,CHE,19
1059993,Alonso,Marcos Alonso,Defender,CHE,13
1059993,Barkley,Ross Barkley,Midfielder,CHE,5
1059993,Kovacic,Mateo Kovacic,Midfielder,CHE,13
1059993,Rüdiger,Antonio Rüdiger,Defender,CHE,11
1059993,Kepa,Kepa Arrizabalaga Revuelta,Goalkeeper,CHE,9
1059993,Kanté,N'Golo Kanté,Midfielder,CHE,7
1059993,Loftus-Cheek,Ruben Loftus-Cheek,Midfielder,CHE,2
1059993,Christensen,Andreas Christensen,Defender,CHE,10
1059993,Abraham,Tammy Abraham,Forward,CHE,2
1059993,Pulisic,Christian Pulisic,Midfielder,CHE,24
1059993,Mount,Mason Mount,Midfielder,CHE,12
1059993,James (Reece),Reece James,Defender,CHE,0
1059994,Aubameyang,Pierre-Emerick Aubameyang,Forward,ARS,8
1059994,Lacazette,Alexandre Lacazette,Forward,ARS,7
1059994,Mustafi,Shkodran Mustafi,Defender,ARS,12
1059994,Leno,Bernd Leno,Goalkeeper,ARS,4
1059994,Bellerín,Héctor Bellerín,Defender,ARS,0
1059994,Martinez,Emiliano Martinez,Goalkeeper,ARS,2
1059994,Kolasinac,Sead Kolasinac,Defender,ARS,10
1059994,Holding,Rob Holding,Defender,ARS,9
1059994,Dani Ceballos,Daniel Ceballos Fernández,Midfielder,ARS,15
1059994,Tierney,Kieran Tierney,Defender,ARS,1
1059994,Pepe,Nicolas Pepe,Midfielder,ARS,23
1059994,Willock,Joseph Willock,Midfielder,ARS,3
1059994,Nelson,Reiss Nelson,Midfielder,ARS,3
1059994,Eddie Nketiah,Edward Nketiah,Forward,ARS,5
1059994,Saka,Bukayo Saka,Midfielder,ARS,15
1059994,Guendouzi,Matteo Guendouzi,Midfielder,ARS,15
1059994,Stephens (Dale),Dale Stephens,Midfielder,BHA,5
1059994,Groß,Pascal Groß,Midfielder,BHA,10
1059994,Pröpper,Davy Pröpper,Midfielder,BHA,12
1059994,Schelotto,Ezequiel Schelotto,Defender,BHA,9
1059994,Mooy,Aaron Mooy,Midfielder,BHA,9
1059994,Burn,Dan Burn,Defender,BHA,0
1059994,Dunk,Lewis Dunk,Defender,BHA,24
1059994,Montoya,Martín Montoya,Defender,BHA,4
1059994,March,Solomon March,Midfielder,BHA,4
1059994,Webster,Adam Webster,Defender,BHA,13
1059994,Maupay,Neal Maupay,Forward,BHA,37
1059994,Trossard,Leandro Trossard,Midfielder,BHA,6
1059994,Mat Ryan,Mathew Ryan,Goalkeeper,BHA,15
1059994,Bissouma,Yves Bissouma,Midfielder,BHA,11
1059994,Connolly,Aaron Connolly,Forward,BHA,16
1059994,Mac Allister,Alexis Mac Allister,Midfielder,BHA,5
1059995,Sigurdsson,Gylfi Sigurdsson,Midfielder,EVE,5
1059995,Coleman,Seamus Coleman,Defender,EVE,26
1059995,Bernard,Bernard Anício Caldeira Duarte,Midfielder,EVE,3
1059995,Digne,Lucas Digne,Defender,EVE,25
1059995,Keane,Michael Keane,Defender,EVE,17
1059995,Pickford,Jordan Pickford,Goalkeeper,EVE,27
1059995,André Gomes,André Filipe Tavares Gomes,Midfielder,EVE,13
1059995,Iwobi,Alex Iwobi,Midfielder,EVE,10
1059995,Davies (Tom),Tom Davies,Midfielder,EVE,6
1059995,Calvert-Lewin,Dominic Calvert-Lewin,Forward,EVE,1
1059995,Holgate,Mason Holgate,Defender,EVE,26
1059995,Richarlison,Richarlison de Andrade,Midfielder,EVE,10
1059995,Gordon (Anthony),Anthony Gordon,Forward,EVE,5
1059995,Kean,Moise Kean,Forward,EVE,3
1059995,Milner,James Milner,Midfielder,LIV,1
1059995,Lovren,Dejan Lovren,Defender,LIV,5
1059995,Wijnaldum,Georginio Wijnaldum,Midfielder,LIV,2
1059995,Henderson (Jordan),Jordan Henderson,Midfielder,LIV,8
1059995,Matip,Joel Matip,Defender,LIV,25
1059995,Oxlade-Chamberlain,Alex Oxlade-Chamberlain,Midfielder,LIV,5
1059995,Firmino,Roberto Firmino Barbosa de Oliveira,Forward,LIV,3
1059995,van Dijk,Virgil van Dijk,Defender,LIV,26
1059995,Mane,Sadio Mane,Midfielder,LIV,23
1059995,Alisson,Alisson Ramses Becker,Goalkeeper,LIV,31
1059995,Fabinho,Fabio Henrique Tavares,Midfielder,LIV,16
1059995,Origi,Divock Origi,Forward,LIV,1
1059995,Minamino,Takumi Minamino,Midfielder,LIV,1
1059995,Alexander-Arnold,Trent Alexander-Arnold,Defender,LIV,28
1059995,Gomez,Joseph Gomez,Defender,LIV,10
1059995,Keita,Naby Keita,Midfielder,LIV,13
1059996,Tarkowski,James Tarkowski,Defender,BUR,-9
1059996,Pieters,Erik Pieters,Defender,BUR,-1
1059996,Cork,Jack Cork,Midfielder,BUR,9
1059996,Rodriguez,Jay Rodriguez,Forward,BUR,2
1059996,Mee,Ben Mee,Defender,BUR,-13
1059996,Westwood,Ashley Roy Westwood,Midfielder,BUR,16
1059996,Lowton,Matthew Lowton,Defender,BUR,-12
1059996,Vydra,Matej Vydra,Forward,BUR,6
1059996,Pope,Nick Pope,Goalkeeper,BUR,-8
1059996,Taylor (Charlie),Charlie Taylor,Defender,BUR,-9
1059996,Brownhill,Josh Brownhill,Midfielder,BUR,4
1059996,McNeil,Dwight McNeil,Midfielder,BUR,5
1059996,Thompson (Max),Max Thompson,Forward,BUR,3
1059996,Silva,David Silva,Midfielder,MCI,39
1059996,Fernandinho,Fernando Luiz Rosa,Midfielder,MCI,23
1059996,Aguero,Sergio Aguero,Forward,MCI,12
1059996,Otamendi,Nicolás Otamendi,Defender,MCI,28
1059996,De Bruyne,Kevin De Bruyne,Midfielder,MCI,5
1059996,Mahrez,Riyad Mahrez,Midfielder,MCI,49
1059996,João Cancelo,João Pedro Cavaco Cancelo,Defender,MCI,22
1059996,Ederson,Ederson Santana de Moraes,Goalkeeper,MCI,26
1059996,Laporte,Aymeric Laporte,Defender,MCI,9
1059996,Bernardo Silva,Bernardo Mota Veiga de Carvalho e Silva,Midfielder,MCI,37
1059996,Leroy Sane,Leroy Sané,Midfielder,MCI,2
1059996,Jesus,Gabriel Fernando de Jesus,Forward,MCI,17
1059996,Zinchenko,Oleksandr Zinchenko,Defender,MCI,30
1059996,Foden,Phil Foden,Midfielder,MCI,55
1059996,Rodri,Rodrigo Hernández Cascante,Midfielder,MCI,19
1059997,Rose,Danny Rose,Defender,NEW,25
1059997,Carroll,Andy Carroll,Forward,NEW,1
1059997,Shelvey,Jonjo Shelvey,Midfielder,NEW,10
1059997,Ritchie,Matt Ritchie,Defender,NEW,52
1059997,Fernández,Federico Fernández,Defender,NEW,28
1059997,Dubravka,Martin Dubravka,Goalkeeper,NEW,21
1059997,Lascelles,Jamaal Lascelles,Defender,NEW,20
1059997,Manquillo,Javier Manquillo,Defender,NEW,25
1059997,Lazaro,Valentino Lazaro,Midfielder,NEW,3
1059997,Schär,Fabian Schär,Defender,NEW,3
1059997,Bentaleb,Nabil Bentaleb,Midfielder,NEW,2
1059997,Yedlin,DeAndre Yedlin,Defender,NEW,3
1059997,Hayden (Isaac),Isaac Hayden,Midfielder,NEW,27
1059997,Saint-Maximin,Allan Saint-Maximin,Midfielder,NEW,36
1059997,Almirón,Miguel Almirón,Midfielder,NEW,24
1059997,Joelinton,Joelinton Cássio Apolinário de Lira,Forward,NEW,31
1059997,Sharp,Billy Sharp,Forward,SHU,-1
1059997,Basham,Chris Basham,Defender,SHU,5
1059997,Fleck,John Fleck,Midfielder,SHU,10
1059997,Freeman (Luke),Luke Freeman,Midfielder,SHU,3
1059997,Stevens,Enda Stevens,Defender,SHU,-3
1059997,Norwood,Oliver Norwood,Midfielder,SHU,15
1059997,Baldock,George Baldock,Defender,SHU,10
1059997,Robinson (Jack),Jack Robinson,Defender,SHU,-1
1059997,Freeman (Kieron),Kieron Freeman,Defender,SHU,2
1059997,Egan,John Egan,Defender,SHU,-11
1059997,Zivkovic,Richairo Zivkovic,Forward,SHU,4
1059997,Lundstram,John Lundstram,Defender,SHU,-5
1059997,McBurnie,Oliver McBurnie,Forward,SHU,11
1059997,Henderson (Dean),Dean Henderson,Goalkeeper,SHU,7
1059997,Berge,Sander Berge,Midfielder,SHU,9
1059998,Krul,Tim Krul,Goalkeeper,NOR,10
1059998,Vrancic,Mario Vrancic,Midfielder,NOR,1
1059998,Pukki,Teemu Pukki,Forward,NOR,11
1059998,Kenny McLean,Kenneth McLean,Midfielder,NOR,15
1059998,Drmic,Josip Drmic,Forward,NOR,6
1059998,Klose,Timm Klose,Defender,NOR,-3
1059998,Hernández (Onel),Onel Hernández,Midfielder,NOR,7
1059998,Trybull,Tom Trybull,Midfielder,NOR,9
1059998,Duda,Ondrej Duda,Midfielder,NOR,3
1059998,Cantwell,Todd Cantwell,Midfielder,NOR,7
1059998,Lewis (Jamal),Jamal Lewis,Defender,NOR,5
1059998,Buendía,Emiliano Buendía,Midfielder,NOR,20
1059998,Godfrey,Ben Godfrey,Defender,NOR,1
1059998,Aarons (Maximillian),Maximillian Aarons,Defender,NOR,-10
1059998,Idah,Adam Idah,Forward,NOR,0
1059998,Martin (Josh),Josh Martin,Midfielder,NOR,3
1059998,Bertrand,Ryan Bertrand,Defender,SOU,17
1059998,McCarthy (Alex),Alex McCarthy,Goalkeeper,SOU,22
1059998,Redmond,Nathan Redmond,Midfielder,SOU,33
1059998,Ings,Danny Ings,Forward,SOU,41
1059998,Stephens (Jack),Jack Stephens,Defender,SOU,27
1059998,Armstrong (Stuart),Stuart Armstrong,Midfielder,SOU,41
1059998,Ward-Prowse,James Ward-Prowse,Midfielder,SOU,19
1059998,Boufal,Sofiane Boufal,Midfielder,SOU,6
1059998,Højbjerg,Pierre-Emile Højbjerg,Midfielder,SOU,17
1059998,Walker-Peters,Kyle Walker-Peters,Defender,SOU,3
1059998,Bednarek,Jan Bednarek,Defender,SOU,23
1059998,Adams,Che Adams,Forward,SOU,4
1059998,Tella,Nathan Tella,Midfielder,SOU,6
1059998,Valery,Yann Valery,Defender,SOU,21
1059998,Smallbone,William Smallbone,Forward,SOU,2
1059998,Obafemi,Michael Obafemi,Forward,SOU,15
1059999,De Gea,David De Gea,Goalkeeper,MUN,8
1059999,Ighalo,Odion Ighalo,Forward,MUN,5
1059999,Matic,Nemanja Matic,Midfielder,MUN,7
1059999,Pogba,Paul Pogba,Midfielder,MUN,15
1059999,Maguire,Harry Maguire,Defender,MUN,13
1059999,Fred,Frederico Rodrigues de Paula Santos,Midfielder,MUN,17
1059999,Shaw,Luke Shaw,Defender,MUN,12
1059999,Bruno Fernandes,Bruno Miguel Borges Fernandes,Midfielder,MUN,40
1059999,Martial,Anthony Martial,Midfielder,MUN,6
1059999,Rashford,Marcus Rashford,Midfielder,MUN,2
1059999,Lindelof,Victor Nilsson-Lindelof,Defender,MUN,6
1059999,McTominay,Scott McTominay,Midfielder,MUN,18
1059999,Bailly,Eric Bailly,Defender,MUN,3
1059999,James (Daniel),Daniel James,Midfielder,MUN,5
1059999,Wan-Bissaka,Aaron Wan-Bissaka,Defender,MUN,12
1059999,Greenwood,Mason Greenwood,Forward,MUN,1
1059999,Lloris,Hugo Lloris,Goalkeeper,TOT,16
1059999,Sissoko,Moussa Sissoko,Midfielder,TOT,10
1059999,Lamela,Erik Lamela,Midfielder,TOT,11
1059999,Kane (Harry),Harry Kane,Forward,TOT,6
1059999,Aurier,Serge Aurier,Defender,TOT,13
1059999,Son,Heung-Min Son,Midfielder,TOT,19
1059999,Dier,Eric Dier,Midfielder,TOT,12
1059999,Davies (Ben),Ben Davies,Defender,TOT,6
1059999,Winks,Harry Winks,Midfielder,TOT,15
1059999,Sánchez (Davinson),Davinson Sánchez,Defender,TOT,8
1059999,Bergwijn,Steven Bergwijn,Midfielder,TOT,32
1059999,Gedson Fernandes,Gedson Carvalho Fernandes,Midfielder,TOT,1
1059999,Lo Celso,Giovani Lo Celso,Midfielder,TOT,9
1060000,Schmeichel,Kasper Schmeichel,Goalkeeper,LEI,10
1060000,Evans (Jonny),Jonny Evans,Defender,LEI,7
1060000,Albrighton,Marc Albrighton,Midfielder,LEI,12
1060000,Vardy,Jamie Vardy,Forward,LEI,6
1060000,Tielemans,Youri Tielemans,Midfielder,LEI,12
1060000,Gray (Demarai),Demarai Gray,Midfielder,LEI,13
1060000,Maddison,James Maddison,Midfielder,LEI,26
1060000,Chilwell,Benjamin Chilwell,Defender,LEI,26
1060000,Iheanacho,Kelechi Iheanacho,Forward,LEI,2
1060000,Choudhury,Hamza Choudhury,Midfielder,LEI,3
1060000,Barnes (Harvey),Harvey Barnes,Midfielder,LEI,4
1060000,Ndidi,Onyinye Wilfred Ndidi,Midfielder,LEI,7
1060000,Söyüncü,Caglar Söyüncü,Defender,LEI,8
1060000,Justin,James Justin,Defender,LEI,20
1060000,Foster,Ben Foster,Goalkeeper,WAT,7
1060000,Mariappa,Adrian Mariappa,Defender,WAT,-2
1060000,Capoue,Etienne Capoue,Midfielder,WAT,10
1060000,Holebas,José Holebas,Defender,WAT,-1
1060000,Deeney,Troy Deeney,Forward,WAT,10
1060000,Cleverley,Tom Cleverley,Midfielder,WAT,4
1060000,Welbeck,Danny Welbeck,Forward,WAT,-2
1060000,Femenía,Francisco Femenía Far,Defender,WAT,22
1060000,Dawson,Craig Dawson,Defender,WAT,21
1060000,Pereyra,Roberto Pereyra,Midfielder,WAT,10
1060000,Kabasele,Christian Kabasele,Defender,WAT,18
1060000,Chalobah (Nathaniel),Nathaniel Chalobah,Midfielder,WAT,2
1060000,Hughes,Will Hughes,Midfielder,WAT,17
1060000,Doucouré,Abdoulaye Doucouré,Midfielder,WAT,4
1060000,Masina,Adam Masina,Defender,WAT,24
1060000,Ismaila Sarr,Ismaila Sarr,Midfielder,WAT,4
1060001,Noble,Mark Noble,Midfielder,WHU,17
1060001,Fabianski,Lukasz Fabianski,Goalkeeper,WHU,9
1060001,Cresswell,Aaron Cresswell,Defender,WHU,6
1060001,Yarmolenko,Andriy Yarmolenko,Midfielder,WHU,6
1060001,Antonio,Michail Antonio,Forward,WHU,-1
1060001,Fredericks,Ryan Fredericks,Defender,WHU,-2
1060001,Lanzini,Manuel Lanzini,Midfielder,WHU,4
1060001,Felipe Anderson,Felipe Anderson Pereira Gomes,Midfielder,WHU,5
1060001,Bowen,Jarrod Bowen,Midfielder,WHU,13
1060001,Rice,Declan Rice,Midfielder,WHU,14
1060001,Soucek,Tomas Soucek,Midfielder,WHU,9
1060001,Fornals,Pablo Fornals,Midfielder,WHU,5
1060001,Diop,Issa Diop,Defender,WHU,3
1060001,Ngakia,Jeremy Ngakia,Defender,WHU,7
1060001,Moutinho,João Moutinho,Midfielder,WOL,9
1060001,Rui Patrício,Rui Pedro dos Santos Patrício,Goalkeeper,WOL,27
1060001,Doherty,Matt Doherty,Defender,WOL,35
1060001,Boly,Willy Boly,Defender,WOL,25
1060001,Coady,Conor Coady,Defender,WOL,25
1060001,Raúl Jiménez,Raul Alonso Jimenez Rodriguez,Forward,WOL,42
1060001,Saiss,Romain Saiss,Defender,WOL,34
1060001,Jonny,Jonathan Castro Otto,Defender,WOL,26
1060001,Dendoncker,Leander Dendoncker,Midfielder,WOL,5
1060001,Traoré,Adama Traoré,Midfielder,WOL,20
1060001,Ruben Neves,Rúben Diogo da Silva Neves,Midfielder,WOL,13
1060001,Diogo Jota,Diogo José Teixeira da Silva,Midfielder,WOL,16
1060001,Rúben Vinagre,Rúben Gonçalo Silva Nascimento Vinagre,Defender,WOL,2
1060001,Gibbs-White,Morgan Gibbs-White,Midfielder,WOL,3
1060001,Neto,Pedro Neto,Midfielder,WOL,25
1060002,Tarkowski,James Tarkowski,Defender,BUR,26
1060002,Pieters,Erik Pieters,Defender,BUR,1
1060002,Cork,Jack Cork,Midfielder,BUR,11
1060002,Rodriguez,Jay Rodriguez,Forward,BUR,30
1060002,Mee,Ben Mee,Defender,BUR,31
1060002,Westwood,Ashley Roy Westwood,Midfielder,BUR,15
1060002,Lowton,Matthew Lowton,Defender,BUR,26
1060002,Vydra,Matej Vydra,Forward,BUR,7
1060002,Pope,Nick Pope,Goalkeeper,BUR,31
1060002,Taylor (Charlie),Charlie Taylor,Defender,BUR,26
1060002,Brownhill,Josh Brownhill,Midfielder,BUR,7
1060002,McNeil,Dwight McNeil,Midfielder,BUR,24
1060002,Foster,Ben Foster,Goalkeeper,WAT,12
1060002,Capoue,Etienne Capoue,Midfielder,WAT,9
1060002,Cathcart,Craig Cathcart,Defender,WAT,2
1060002,Deeney,Troy Deeney,Forward,WAT,10
1060002,Cleverley,Tom Cleverley,Midfielder,WAT,2
1060002,Welbeck,Danny Welbeck,Forward,WAT,5
1060002,Femenía,Francisco Femenía Far,Defender,WAT,9
1060002,Dawson,Craig Dawson,Defender,WAT,15
1060002,Gray (Andre),Andre Gray,Forward,WAT,3
1060002,Kabasele,Christian Kabasele,Defender,WAT,3
1060002,Chalobah (Nathaniel),Nathaniel Chalobah,Midfielder,WAT,4
1060002,Hughes,Will Hughes,Midfielder,WAT,4
1060002,Doucouré,Abdoulaye Doucouré,Midfielder,WAT,4
1060002,Masina,Adam Masina,Defender,WAT,2
1060002,Ismaila Sarr,Ismaila Sarr,Midfielder,WAT,8
1060003,Azpilicueta,César Azpilicueta,Defender,CHE,9
1060003,Giroud,Olivier Giroud,Forward,CHE,3
1060003,Willian,Willian Borges Da Silva,Midfielder,CHE,37
1060003,Pedro,Pedro Rodríguez Ledesma,Midfielder,CHE,4
1060003,Alonso,Marcos Alonso,Defender,CHE,0
1060003,Barkley,Ross Barkley,Midfielder,CHE,9
1060003,Kovacic,Mateo Kovacic,Midfielder,CHE,2
1060003,Rüdiger,Antonio Rüdiger,Defender,CHE,11
1060003,Kepa,Kepa Arrizabalaga Revuelta,Goalkeeper,CHE,9
1060003,Kanté,N'Golo Kanté,Midfielder,CHE,12
1060003,Christensen,Andreas Christensen,Defender,CHE,23
1060003,Abraham,Tammy Abraham,Forward,CHE,4
1060003,Pulisic,Christian Pulisic,Midfielder,CHE,27
1060003,Mount,Mason Mount,Midfielder,CHE,6
1060003,Gilmour,Billy Gilmour,Midfielder,CHE,3
1060003,Silva,David Silva,Midfielder,MCI,9
1060003,Fernandinho,Fernando Luiz Rosa,Midfielder,MCI,9
1060003,Otamendi,Nicolás Otamendi,Defender,MCI,0
1060003,Walker,Kyle Walker,Defender,MCI,13
1060003,Gundogan,Ilkay Gundogan,Midfielder,MCI,17
1060003,De Bruyne,Kevin De Bruyne,Midfielder,MCI,32
1060003,Mendy (Benjamin),Benjamin Mendy,Defender,MCI,0
1060003,Mahrez,Riyad Mahrez,Midfielder,MCI,31
1060003,Sterling (Raheem),Raheem Sterling,Midfielder,MCI,9
1060003,Ederson,Ederson Santana de Moraes,Goalkeeper,MCI,12
1060003,Laporte,Aymeric Laporte,Defender,MCI,11
1060003,Bernardo Silva,Bernardo Mota Veiga de Carvalho e Silva,Midfielder,MCI,2
1060003,Jesus,Gabriel Fernando de Jesus,Forward,MCI,4
1060003,Zinchenko,Oleksandr Zinchenko,Defender,MCI,-3
1060003,Rodri,Rodrigo Hernández Cascante,Midfielder,MCI,14
1060004,Murray,Glenn Murray,Forward,BHA,3
1060004,Stephens (Dale),Dale Stephens,Midfielder,BHA,9
1060004,Duffy (Shane),Shane Duffy,Defender,BHA,20
1060004,Pröpper,Davy Pröpper,Midfielder,BHA,3
1060004,Mooy,Aaron Mooy,Midfielder,BHA,15
1060004,Burn,Dan Burn,Defender,BHA,19
1060004,Dunk,Lewis Dunk,Defender,BHA,23
1060004,March,Solomon March,Midfielder,BHA,2
1060004,Webster,Adam Webster,Defender,BHA,5
1060004,Maupay,Neal Maupay,Forward,BHA,-1
1060004,Trossard,Leandro Trossard,Midfielder,BHA,2
1060004,Mat Ryan,Mathew Ryan,Goalkeeper,BHA,25
1060004,Bissouma,Yves Bissouma,Midfielder,BHA,8
1060004,Lamptey,Tariq Lamptey,Defender,BHA,26
1060004,Connolly,Aaron Connolly,Forward,BHA,10
1060004,Mac Allister,Alexis Mac Allister,Midfielder,BHA,4
1060004,Schmeichel,Kasper Schmeichel,Goalkeeper,LEI,32
1060004,Evans (Jonny),Jonny Evans,Defender,LEI,24
1060004,Mendy (Nampalys),Nampalys Mendy,Midfielder,LEI,19
1060004,Vardy,Jamie Vardy,Forward,LEI,12
1060004,Tielemans,Youri Tielemans,Midfielder,LEI,3
1060004,Ayoze Pérez,Ayoze Pérez Gutiérrez,Midfielder,LEI,1
1060004,Gray (Demarai),Demarai Gray,Midfielder,LEI,6
1060004,Maddison,James Maddison,Midfielder,LEI,16
1060004,Chilwell,Benjamin Chilwell,Defender,LEI,26
1060004,Iheanacho,Kelechi Iheanacho,Forward,LEI,8
1060004,Barnes (Harvey),Harvey Barnes,Midfielder,LEI,4
1060004,Ndidi,Onyinye Wilfred Ndidi,Midfielder,LEI,11
1060004,Söyüncü,Caglar Söyüncü,Defender,LEI,28
1060004,Justin,James Justin,Defender,LEI,19
1060005,Cahill,Gary Cahill,Defender,CRY,0
1060005,Hennessey,Wayne Hennessey,Goalkeeper,CRY,-1
1060005,Sakho,Mamadou Sakho,Defender,CRY,1
1060005,McArthur,James McArthur,Midfielder,CRY,4
1060005,McCarthy (James),James McCarthy,Midfielder,CRY,8
1060005,Kouyaté,Cheikhou Kouyaté,Midfielder,CRY,11
1060005,Ward (Joel),Joel Ward,Defender,CRY,4
1060005,Townsend,Andros Townsend,Midfielder,CRY,11
1060005,Milivojevic,Luka Milivojevic,Midfielder,CRY,4
1060005,Van Aanholt,Patrick Van Aanholt,Defender,CRY,-1
1060005,Ayew,Jordan Ayew,Forward,CRY,4
1060005,Zaha,Wilfried Zaha,Midfielder,CRY,4
1060005,Meyer,Max Meyer,Midfielder,CRY,9
1060005,Riedewald,Jairo Riedewald,Midfielder,CRY,3
1060005,Pierrick,Brandon Pierrick,Midfielder,CRY,2
1060005,Wijnaldum,Georginio Wijnaldum,Midfielder,LIV,9
1060005,Henderson (Jordan),Jordan Henderson,Midfielder,LIV,11
1060005,Oxlade-Chamberlain,Alex Oxlade-Chamberlain,Midfielder,LIV,7
1060005,Firmino,Roberto Firmino Barbosa de Oliveira,Forward,LIV,5
1060005,van Dijk,Virgil van Dijk,Defender,LIV,35
1060005,Mane,Sadio Mane,Midfielder,LIV,40
1060005,Alisson,Alisson Ramses Becker,Goalkeeper,LIV,19
1060005,Fabinho,Fabio Henrique Tavares,Midfielder,LIV,54
1060005,Salah,Mohamed Salah,Midfielder,LIV,36
1060005,Robertson,Andrew Robertson,Defender,LIV,32
1060005,Minamino,Takumi Minamino,Midfielder,LIV,4
1060005,Alexander-Arnold,Trent Alexander-Arnold,Defender,LIV,42
1060005,Gomez,Joseph Gomez,Defender,LIV,29
1060005,Keita,Naby Keita,Midfielder,LIV,3
1060005,Williams (Neco),Neco Williams,Defender,LIV,6
1060005,Elliott,Harvey Elliott,Midfielder,LIV,3
1060006,Mata,Juan Mata,Midfielder,MUN,2
1060006,De Gea,David De Gea,Goalkeeper,MUN,21
1060006,Ighalo,Odion Ighalo,Forward,MUN,4
1060006,Matic,Nemanja Matic,Midfielder,MUN,15
1060006,Pogba,Paul Pogba,Midfielder,MUN,19
1060006,Maguire,Harry Maguire,Defender,MUN,24
1060006,Shaw,Luke Shaw,Defender,MUN,30
1060006,Bruno Fernandes,Bruno Miguel Borges Fernandes,Midfielder,MUN,15
1060006,Martial,Anthony Martial,Midfielder,MUN,69
1060006,Pereira,Andreas Pereira,Midfielder,MUN,3
1060006,Rashford,Marcus Rashford,Midfielder,MUN,35
1060006,Lindelof,Victor Nilsson-Lindelof,Defender,MUN,31
1060006,McTominay,Scott McTominay,Midfielder,MUN,3
1060006,James (Daniel),Daniel James,Midfielder,MUN,2
1060006,Wan-Bissaka,Aaron Wan-Bissaka,Defender,MUN,36
1060006,Greenwood,Mason Greenwood,Forward,MUN,12
1060006,Jagielka,Phil Jagielka,Defender,SHU,5
1060006,McGoldrick,David McGoldrick,Forward,SHU,8
1060006,Basham,Chris Basham,Defender,SHU,1
1060006,Fleck,John Fleck,Midfielder,SHU,10
1060006,Stevens,Enda Stevens,Defender,SHU,-7
1060006,Moore (Simon),Simon Moore,Goalkeeper,SHU,2
1060006,Norwood,Oliver Norwood,Midfielder,SHU,6
1060006,Baldock,George Baldock,Defender,SHU,-2
1060006,Robinson (Jack),Jack Robinson,Defender,SHU,4
1060006,Zivkovic,Richairo Zivkovic,Forward,SHU,6
1060006,Lundstram,John Lundstram,Defender,SHU,6
1060006,McBurnie,Oliver McBurnie,Forward,SHU,7
1060006,Mousset,Lys Mousset,Forward,SHU,2
1060006,Berge,Sander Berge,Midfielder,SHU,4
1060007,Elmohamady,Ahmed Elmohamady,Defender,AVL,18
1060007,Hourihane,Conor Hourihane,Midfielder,AVL,16
1060007,Nyland,Örjan Nyland,Goalkeeper,AVL,8
1060007,Grealish,Jack Grealish,Midfielder,AVL,19
1060007,McGinn,John McGinn,Midfielder,AVL,7
1060007,Hause,Kortney Hause,Defender,AVL,6
1060007,Trezeguet,Mahmoud Hassan,Midfielder,AVL,0
1060007,Mings,Tyrone Mings,Defender,AVL,9
1060007,Targett,Matt Targett,Defender,AVL,3
1060007,Nakamba,Marvelous Nakamba,Midfielder,AVL,3
1060007,El Ghazi,Anwar El Ghazi,Midfielder,AVL,14
1060007,Konsa Ngoyo,Ezri Konsa Ngoyo,Defender,AVL,13
1060007,Samatta,Mbwana Aly Samatta,Forward,AVL,7
1060007,Davis,Keinan Davis,Midfielder,AVL,3
1060007,Douglas Luiz,Douglas Luiz Soares de Paulo,Midfielder,AVL,8
1060007,Rose,Danny Rose,Defender,NEW,7
1060007,Carroll,Andy Carroll,Forward,NEW,15
1060007,Shelvey,Jonjo Shelvey,Midfielder,NEW,16
1060007,Ritchie,Matt Ritchie,Defender,NEW,28
1060007,Fernández,Federico Fernández,Defender,NEW,8
1060007,Dubravka,Martin Dubravka,Goalkeeper,NEW,5
1060007,Lascelles,Jamaal Lascelles,Defender,NEW,8
1060007,Gayle,Dwight Gayle,Forward,NEW,29
1060007,Manquillo,Javier Manquillo,Defender,NEW,12
1060007,Lazaro,Valentino Lazaro,Midfielder,NEW,3
1060007,Bentaleb,Nabil Bentaleb,Midfielder,NEW,3
1060007,Hayden (Isaac),Isaac Hayden,Midfielder,NEW,12
1060007,Saint-Maximin,Allan Saint-Maximin,Midfielder,NEW,18
1060007,Almirón,Miguel Almirón,Midfielder,NEW,14
1060007,Joelinton,Joelinton Cássio Apolinário de Lira,Forward,NEW,4
1060008,Baines,Leighton Baines,Defender,EVE,3
1060008,Sigurdsson,Gylfi Sigurdsson,Midfielder,EVE,4
1060008,Coleman,Seamus Coleman,Defender,EVE,27
1060008,Bernard,Bernard Anício Caldeira Duarte,Midfielder,EVE,21
1060008,Digne,Lucas Digne,Defender,EVE,33
1060008,Keane,Michael Keane,Defender,EVE,48
1060008,Pickford,Jordan Pickford,Goalkeeper,EVE,26
1060008,André Gomes,André Filipe Tavares Gomes,Midfielder,EVE,15
1060008,Iwobi,Alex Iwobi,Midfielder,EVE,22
1060008,Davies (Tom),Tom Davies,Midfielder,EVE,3
1060008,Calvert-Lewin,Dominic Calvert-Lewin,Forward,EVE,8
1060008,Holgate,Mason Holgate,Defender,EVE,30
1060008,Richarlison,Richarlison de Andrade,Midfielder,EVE,7
1060008,Gordon (Anthony),Anthony Gordon,Forward,EVE,5
1060008,Kean,Moise Kean,Forward,EVE,0
1060008,Tettey,Alexander Tettey,Midfielder,NOR,12
1060008,Krul,Tim Krul,Goalkeeper,NOR,13
1060008,Vrancic,Mario Vrancic,Midfielder,NOR,5
1060008,Pukki,Teemu Pukki,Forward,NOR,4
1060008,Rupp,Lukas Rupp,Midfielder,NOR,5
1060008,Kenny McLean,Kenneth McLean,Midfielder,NOR,13
1060008,Drmic,Josip Drmic,Forward,NOR,5
1060008,Klose,Timm Klose,Defender,NOR,10
1060008,Hernández (Onel),Onel Hernández,Midfielder,NOR,8
1060008,Duda,Ondrej Duda,Midfielder,NOR,13
1060008,Cantwell,Todd Cantwell,Midfielder,NOR,2
1060008,Lewis (Jamal),Jamal Lewis,Defender,NOR,3
1060008,Buendía,Emiliano Buendía,Midfielder,NOR,6
1060008,Godfrey,Ben Godfrey,Defender,NOR,11
1060008,Aarons (Maximillian),Maximillian Aarons,Defender,NOR,9
1060008,Idah,Adam Idah,Forward,NOR,2
1060009,Aubameyang,Pierre-Emerick Aubameyang,Forward,ARS,10
1060009,Lacazette,Alexandre Lacazette,Forward,ARS,13
1060009,Mustafi,Shkodran Mustafi,Defender,ARS,19
1060009,Xhaka,Granit Xhaka,Midfielder,ARS,11
1060009,Bellerín,Héctor Bellerín,Defender,ARS,21
1060009,Martinez,Emiliano Martinez,Goalkeeper,ARS,27
1060009,Kolasinac,Sead Kolasinac,Defender,ARS,4
1060009,Maitland-Niles,Ainsley Maitland-Niles,Defender,ARS,4
1060009,Holding,Rob Holding,Defender,ARS,27
1060009,Dani Ceballos,Daniel Ceballos Fernández,Midfielder,ARS,12
1060009,Tierney,Kieran Tierney,Defender,ARS,31
1060009,Pepe,Nicolas Pepe,Midfielder,ARS,6
1060009,Willock,Joseph Willock,Midfielder,ARS,20
1060009,Eddie Nketiah,Edward Nketiah,Forward,ARS,28
1060009,Saka,Bukayo Saka,Midfielder,ARS,8
1060009,Long (Shane),Shane Long,Forward,SOU,7
1060009,Bertrand,Ryan Bertrand,Defender,SOU,5
1060009,McCarthy (Alex),Alex McCarthy,Goalkeeper,SOU,4
1060009,Romeu,Oriol Romeu,Midfielder,SOU,3
1060009,Redmond,Nathan Redmond,Midfielder,SOU,12
1060009,Ings,Danny Ings,Forward,SOU,5
1060009,Stephens (Jack),Jack Stephens,Defender,SOU,-4
1060009,Armstrong (Stuart),Stuart Armstrong,Midfielder,SOU,13
1060009,Vestergaard,Jannik Vestergaard,Defender,SOU,3
1060009,Ward-Prowse,James Ward-Prowse,Midfielder,SOU,19
1060009,Højbjerg,Pierre-Emile Højbjerg,Midfielder,SOU,22
1060009,Walker-Peters,Kyle Walker-Peters,Defender,SOU,2
1060009,Bednarek,Jan Bednarek,Defender,SOU,4
1060009,Valery,Yann Valery,Defender,SOU,-2
1060009,Obafemi,Michael Obafemi,Forward,SOU,4
1060010,Lloris,Hugo Lloris,Goalkeeper,TOT,24
1060010,Sissoko,Moussa Sissoko,Midfielder,TOT,17
1060010,Lamela,Erik Lamela,Midfielder,TOT,2
1060010,Kane (Harry),Harry Kane,Forward,TOT,21
1060010,Aurier,Serge Aurier,Defender,TOT,25
1060010,Son,Heung-Min Son,Midfielder,TOT,23
1060010,Dier,Eric Dier,Midfielder,TOT,10
1060010,Lucas Moura,Lucas Rodrigues Moura da Silva,Midfielder,TOT,14
1060010,Alli,Bamidele Alli,Midfielder,TOT,0
1060010,Davies (Ben),Ben Davies,Defender,TOT,25
1060010,Winks,Harry Winks,Midfielder,TOT,3
1060010,Sánchez (Davinson),Davinson Sánchez,Defender,TOT,31
1060010,Bergwijn,Steven Bergwijn,Midfielder,TOT,1
1060010,Lo Celso,Giovani Lo Celso,Midfielder,TOT,24
1060010,Noble,Mark Noble,Midfielder,WHU,8
1060010,Fabianski,Lukasz Fabianski,Goalkeeper,WHU,6
1060010,Cresswell,Aaron Cresswell,Defender,WHU,7
1060010,Antonio,Michail Antonio,Forward,WHU,8
1060010,Fredericks,Ryan Fredericks,Defender,WHU,3
1060010,Lanzini,Manuel Lanzini,Midfielder,WHU,4
1060010,Felipe Anderson,Felipe Anderson Pereira Gomes,Midfielder,WHU,3
1060010,Balbuena,Fabián Balbuena,Defender,WHU,6
1060010,Bowen,Jarrod Bowen,Midfielder,WHU,20
1060010,Rice,Declan Rice,Midfielder,WHU,25
1060010,Soucek,Tomas Soucek,Midfielder,WHU,1
1060010,Fornals,Pablo Fornals,Midfielder,WHU,3
1060010,Diop,Issa Diop,Defender,WHU,2
1060011,Gosling,Dan Gosling,Midfielder,BOU,8
1060011,Smith (Adam),Adam Smith,Defender,BOU,19
1060011,Stanislas,Junior Stanislas,Midfielder,BOU,9
1060011,Cook (Steve),Steve Cook,Defender,BOU,4
1060011,Wilson (Callum),Callum Wilson,Forward,BOU,0
1060011,Brooks,David Brooks,Midfielder,BOU,5
1060011,Aké,Nathan Aké,Defender,BOU,15
1060011,Lerma,Jefferson Lerma,Midfielder,BOU,10
1060011,Wilson (Harry),Harry Wilson,Midfielder,BOU,4
1060011,Stacey,Jack Stacey,Defender,BOU,10
1060011,Solanke,Dominic Solanke,Forward,BOU,3
1060011,Cook (Lewis),Lewis Cook,Midfielder,BOU,4
1060011,Billing,Philip Billing,Midfielder,BOU,5
1060011,Danjuma Groeneveld,Arnaut Danjuma Groeneveld,Midfielder,BOU,1
1060011,Ramsdale,Aaron Ramsdale,Goalkeeper,BOU,7
1060011,Kelly (Lloyd),Lloyd Kelly,Defender,BOU,3
1060011,Moutinho,João Moutinho,Midfielder,WOL,8
1060011,Rui Patrício,Rui Pedro dos Santos Patrício,Goalkeeper,WOL,22
1060011,Doherty,Matt Doherty,Defender,WOL,19
1060011,Boly,Willy Boly,Defender,WOL,29
1060011,Coady,Conor Coady,Defender,WOL,25
1060011,Raúl Jiménez,Raul Alonso Jimenez Rodriguez,Forward,WOL,32
1060011,Saiss,Romain Saiss,Defender,WOL,31
1060011,Jonny,Jonathan Castro Otto,Defender,WOL,27
1060011,Dendoncker,Leander Dendoncker,Midfielder,WOL,4
1060011,Traoré,Adama Traoré,Midfielder,WOL,16
1060011,Ruben Neves,Rúben Diogo da Silva Neves,Midfielder,WOL,4
1060011,Diogo Jota,Diogo José Teixeira da Silva,Midfielder,WOL,5
1060011,Podence,Daniel Podence,Midfielder,WOL,2
1060011,Gibbs-White,Morgan Gibbs-White,Midfielder,WOL,2
1060011,Neto,Pedro Neto,Midfielder,WOL,3
1060012,Gosling,Dan Gosling,Midfielder,BOU,29
1060012,Smith (Adam),Adam Smith,Defender,BOU,1
1060012,Stanislas,Junior Stanislas,Midfielder,BOU,4
1060012,Cook (Steve),Steve Cook,Defender,BOU,-4
1060012,King (Joshua),Joshua King,Forward,BOU,2
1060012,Brooks,David Brooks,Midfielder,BOU,9
1060012,Aké,Nathan Aké,Defender,BOU,3
1060012,Lerma,Jefferson Lerma,Midfielder,BOU,14
1060012,Wilson (Harry),Harry Wilson,Midfielder,BOU,4
1060012,Solanke,Dominic Solanke,Forward,BOU,1
1060012,Cook (Lewis),Lewis Cook,Midfielder,BOU,7
1060012,Billing,Philip Billing,Midfielder,BOU,3
1060012,Danjuma Groeneveld,Arnaut Danjuma Groeneveld,Midfielder,BOU,3
1060012,Mepham,Chris Mepham,Defender,BOU,4
1060012,Ramsdale,Aaron Ramsdale,Goalkeeper,BOU,0
1060012,Kelly (Lloyd),Lloyd Kelly,Defender,BOU,-9
1060012,Carroll,Andy Carroll,Forward,NEW,3
1060012,Shelvey,Jonjo Shelvey,Midfielder,NEW,30
1060012,Fernández,Federico Fernández,Defender,NEW,13
1060012,Dubravka,Martin Dubravka,Goalkeeper,NEW,3
1060012,Lascelles,Jamaal Lascelles,Defender,NEW,7
1060012,Gayle,Dwight Gayle,Forward,NEW,30
1060012,Manquillo,Javier Manquillo,Defender,NEW,22
1060012,Krafth,Emil Krafth,Defender,NEW,4
1060012,Lazaro,Valentino Lazaro,Midfielder,NEW,25
1060012,Bentaleb,Nabil Bentaleb,Midfielder,NEW,15
1060012,Yedlin,DeAndre Yedlin,Defender,NEW,4
1060012,Hayden (Isaac),Isaac Hayden,Midfielder,NEW,-1
1060012,Saint-Maximin,Allan Saint-Maximin,Midfielder,NEW,45
1060012,Almirón,Miguel Almirón,Midfielder,NEW,27
1060012,Longstaff (Sean),Sean Longstaff,Midfielder,NEW,27
1060012,Joelinton,Joelinton Cássio Apolinário de Lira,Forward,NEW,9
1060013,Luiz,David Luiz Moreira Marinho,Defender,ARS,27
1060013,Aubameyang,Pierre-Emerick Aubameyang,Forward,ARS,80
1060013,Cedric,Cedric Ricardo Alves Soares,Defender,ARS,24
1060013,Lacazette,Alexandre Lacazette,Forward,ARS,-1
1060013,Mustafi,Shkodran Mustafi,Defender,ARS,5
1060013,Xhaka,Granit Xhaka,Midfielder,ARS,32
1060013,Bellerín,Héctor Bellerín,Defender,ARS,29
1060013,Martinez,Emiliano Martinez,Goalkeeper,ARS,20
1060013,Kolasinac,Sead Kolasinac,Defender,ARS,25
1060013,Holding,Rob Holding,Defender,ARS,3
1060013,Dani Ceballos,Daniel Ceballos Fernández,Midfielder,ARS,26
1060013,Tierney,Kieran Tierney,Defender,ARS,22
1060013,Pepe,Nicolas Pepe,Midfielder,ARS,1
1060013,Willock,Joseph Willock,Midfielder,ARS,3
1060013,Nelson,Reiss Nelson,Midfielder,ARS,5
1060013,Eddie Nketiah,Edward Nketiah,Forward,ARS,5
1060013,Tettey,Alexander Tettey,Midfielder,NOR,19
1060013,Krul,Tim Krul,Goalkeeper,NOR,-3
1060013,Vrancic,Mario Vrancic,Midfielder,NOR,2
1060013,Pukki,Teemu Pukki,Forward,NOR,3
1060013,Stiepermann,Marco Stiepermann,Midfielder,NOR,-1
1060013,Rupp,Lukas Rupp,Midfielder,NOR,11
1060013,Kenny McLean,Kenneth McLean,Midfielder,NOR,9
1060013,Drmic,Josip Drmic,Forward,NOR,-1
1060013,Hernández (Onel),Onel Hernández,Midfielder,NOR,9
1060013,Trybull,Tom Trybull,Midfielder,NOR,4
1060013,Cantwell,Todd Cantwell,Midfielder,NOR,12
1060013,Lewis (Jamal),Jamal Lewis,Defender,NOR,-5
1060013,Buendía,Emiliano Buendía,Midfielder,NOR,6
1060013,Godfrey,Ben Godfrey,Defender,NOR,-4
1060013,Aarons (Maximillian),Maximillian Aarons,Defender,NOR,-6
1060013,Idah,Adam Idah,Forward,NOR,6
1060014,Elmohamady,Ahmed Elmohamady,Defender,AVL,-1
1060014,Taylor (Neil),Neil Taylor,Defender,AVL,10
1060014,Hourihane,Conor Hourihane,Midfielder,AVL,7
1060014,Nyland,Örjan Nyland,Goalkeeper,AVL,5
1060014,Grealish,Jack Grealish,Midfielder,AVL,20
1060014,McGinn,John McGinn,Midfielder,AVL,6
1060014,Hause,Kortney Hause,Defender,AVL,3
1060014,Trezeguet,Mahmoud Hassan,Midfielder,AVL,1
1060014,Mings,Tyrone Mings,Defender,AVL,8
1060014,Targett,Matt Targett,Defender,AVL,2
1060014,Nakamba,Marvelous Nakamba,Midfielder,AVL,10
1060014,El Ghazi,Anwar El Ghazi,Midfielder,AVL,1
1060014,Konsa Ngoyo,Ezri Konsa Ngoyo,Defender,AVL,17
1060014,Samatta,Mbwana Aly Samatta,Forward,AVL,7
1060014,Davis,Keinan Davis,Midfielder,AVL,6
1060014,Douglas Luiz,Douglas Luiz Soares de Paulo,Midfielder,AVL,12
1060014,Moutinho,João Moutinho,Midfielder,WOL,20
1060014,Rui Patrício,Rui Pedro dos Santos Patrício,Goalkeeper,WOL,22
1060014,Doherty,Matt Doherty,Defender,WOL,24
1060014,Boly,Willy Boly,Defender,WOL,23
1060014,Coady,Conor Coady,Defender,WOL,24
1060014,Raúl Jiménez,Raul Alonso Jimenez Rodriguez,Forward,WOL,7
1060014,Saiss,Romain Saiss,Defender,WOL,24
1060014,Jonny,Jonathan Castro Otto,Defender,WOL,37
1060014,Dendoncker,Leander Dendoncker,Midfielder,WOL,30
1060014,Traoré,Adama Traoré,Midfielder,WOL,5
1060014,Ruben Neves,Rúben Diogo da Silva Neves,Midfielder,WOL,11
1060014,Diogo Jota,Diogo José Teixeira da Silva,Midfielder,WOL,-1
1060014,Neto,Pedro Neto,Midfielder,WOL,4
1060015,Stephens (Dale),Dale Stephens,Midfielder,BHA,12
1060015,Duffy (Shane),Shane Duffy,Defender,BHA,3
1060015,Pröpper,Davy Pröpper,Midfielder,BHA,5
1060015,Mooy,Aaron Mooy,Midfielder,BHA,2
1060015,Burn,Dan Burn,Defender,BHA,-7
1060015,Dunk,Lewis Dunk,Defender,BHA,3
1060015,Montoya,Martín Montoya,Defender,BHA,-3
1060015,March,Solomon March,Midfielder,BHA,3
1060015,Maupay,Neal Maupay,Forward,BHA,5
1060015,Trossard,Leandro Trossard,Midfielder,BHA,0
1060015,Mat Ryan,Mathew Ryan,Goalkeeper,BHA,3
1060015,Bernardo,Bernardo Fernandes da Silva Junior,Defender,BHA,4
1060015,Bissouma,Yves Bissouma,Midfielder,BHA,23
1060015,Lamptey,Tariq Lamptey,Defender,BHA,-6
1060015,Connolly,Aaron Connolly,Forward,BHA,9
1060015,Mac Allister,Alexis Mac Allister,Midfielder,BHA,8
1060015,De Gea,David De Gea,Goalkeeper,MUN,23
1060015,Ighalo,Odion Ighalo,Forward,MUN,3
1060015,Matic,Nemanja Matic,Midfielder,MUN,18
1060015,Pogba,Paul Pogba,Midfielder,MUN,22
1060015,Maguire,Harry Maguire,Defender,MUN,28
1060015,Shaw,Luke Shaw,Defender,MUN,19
1060015,Bruno Fernandes,Bruno Miguel Borges Fernandes,Midfielder,MUN,54
1060015,Martial,Anthony Martial,Midfielder,MUN,2
1060015,Pereira,Andreas Pereira,Midfielder,MUN,5
1060015,Rashford,Marcus Rashford,Midfielder,MUN,11
1060015,Lindelof,Victor Nilsson-Lindelof,Defender,MUN,25
1060015,McTominay,Scott McTominay,Midfielder,MUN,6
1060015,James (Daniel),Daniel James,Midfielder,MUN,7
1060015,Wan-Bissaka,Aaron Wan-Bissaka,Defender,MUN,40
1060015,Greenwood,Mason Greenwood,Forward,MUN,58
1060015,Williams (Brandon),Brandon Williams,Defender,MUN,7
1060016,Tarkowski,James Tarkowski,Defender,BUR,25
1060016,Bardsley,Phillip Bardsley,Defender,BUR,23
1060016,Pieters,Erik Pieters,Defender,BUR,24
1060016,Cork,Jack Cork,Midfielder,BUR,5
1060016,Long (Kevin),Kevin Long,Defender,BUR,7
1060016,Mee,Ben Mee,Defender,BUR,41
1060016,Westwood,Ashley Roy Westwood,Midfielder,BUR,24
1060016,Vydra,Matej Vydra,Forward,BUR,6
1060016,Pope,Nick Pope,Goalkeeper,BUR,28
1060016,Taylor (Charlie),Charlie Taylor,Defender,BUR,27
1060016,Brownhill,Josh Brownhill,Midfielder,BUR,14
1060016,McNeil,Dwight McNeil,Midfielder,BUR,19
1060016,Dann,Scott Dann,Defender,CRY,8
1060016,Cahill,Gary Cahill,Defender,CRY,8
1060016,Guaita,Vicente Guaita,Goalkeeper,CRY,11
1060016,McArthur,James McArthur,Midfielder,CRY,10
1060016,McCarthy (James),James McCarthy,Midfielder,CRY,-1
1060016,Kouyaté,Cheikhou Kouyaté,Midfielder,CRY,3
1060016,Ward (Joel),Joel Ward,Defender,CRY,14
1060016,Townsend,Andros Townsend,Midfielder,CRY,5
1060016,Milivojevic,Luka Milivojevic,Midfielder,CRY,14
1060016,Van Aanholt,Patrick Van Aanholt,Defender,CRY,12
1060016,Ayew,Jordan Ayew,Forward,CRY,12
1060016,Zaha,Wilfried Zaha,Midfielder,CRY,12
1060016,Meyer,Max Meyer,Midfielder,CRY,6
1060017,Sigurdsson,Gylfi Sigurdsson,Midfielder,EVE,29
1060017,Coleman,Seamus Coleman,Defender,EVE,7
1060017,Bernard,Bernard Anício Caldeira Duarte,Midfielder,EVE,4
1060017,Digne,Lucas Digne,Defender,EVE,14
1060017,Keane,Michael Keane,Defender,EVE,9
1060017,Pickford,Jordan Pickford,Goalkeeper,EVE,6
1060017,André Gomes,André Filipe Tavares Gomes,Midfielder,EVE,13
1060017,Iwobi,Alex Iwobi,Midfielder,EVE,10
1060017,Mina,Yerry Mina,Defender,EVE,3
1060017,Davies (Tom),Tom Davies,Midfielder,EVE,6
1060017,Calvert-Lewin,Dominic Calvert-Lewin,Forward,EVE,4
1060017,Holgate,Mason Holgate,Defender,EVE,14
1060017,Richarlison,Richarlison de Andrade,Midfielder,EVE,23
1060017,Gordon (Anthony),Anthony Gordon,Forward,EVE,18
1060017,Schmeichel,Kasper Schmeichel,Goalkeeper,LEI,0
1060017,Evans (Jonny),Jonny Evans,Defender,LEI,11
1060017,Albrighton,Marc Albrighton,Midfielder,LEI,11
1060017,Vardy,Jamie Vardy,Forward,LEI,13
1060017,Praet,Dennis Praet,Midfielder,LEI,2
1060017,Tielemans,Youri Tielemans,Midfielder,LEI,18
1060017,Ayoze Pérez,Ayoze Pérez Gutiérrez,Midfielder,LEI,3
1060017,Gray (Demarai),Demarai Gray,Midfielder,LEI,3
1060017,Maddison,James Maddison,Midfielder,LEI,11
1060017,Chilwell,Benjamin Chilwell,Defender,LEI,5
1060017,Iheanacho,Kelechi Iheanacho,Forward,LEI,28
1060017,Barnes (Harvey),Harvey Barnes,Midfielder,LEI,2
1060017,Ndidi,Onyinye Wilfred Ndidi,Midfielder,LEI,10
1060017,Söyüncü,Caglar Söyüncü,Defender,LEI,8
1060017,Justin,James Justin,Defender,LEI,4
1060018,Wijnaldum,Georginio Wijnaldum,Midfielder,LIV,11
1060018,Henderson (Jordan),Jordan Henderson,Midfielder,LIV,17
1060018,Oxlade-Chamberlain,Alex Oxlade-Chamberlain,Midfielder,LIV,-3
1060018,Firmino,Roberto Firmino Barbosa de Oliveira,Forward,LIV,6
1060018,van Dijk,Virgil van Dijk,Defender,LIV,4
1060018,Mane,Sadio Mane,Midfielder,LIV,2
1060018,Alisson,Alisson Ramses Becker,Goalkeeper,LIV,-4
1060018,Fabinho,Fabio Henrique Tavares,Midfielder,LIV,18
1060018,Salah,Mohamed Salah,Midfielder,LIV,10
1060018,Robertson,Andrew Robertson,Defender,LIV,-4
1060018,Origi,Divock Origi,Forward,LIV,4
1060018,Minamino,Takumi Minamino,Midfielder,LIV,2
1060018,Alexander-Arnold,Trent Alexander-Arnold,Defender,LIV,0
1060018,Gomez,Joseph Gomez,Defender,LIV,-11
1060018,Keita,Naby Keita,Midfielder,LIV,8
1060018,Williams (Neco),Neco Williams,Defender,LIV,6
1060018,Otamendi,Nicolás Otamendi,Defender,MCI,4
1060018,Walker,Kyle Walker,Defender,MCI,21
1060018,Gundogan,Ilkay Gundogan,Midfielder,MCI,13
1060018,De Bruyne,Kevin De Bruyne,Midfielder,MCI,45
1060018,Mendy (Benjamin),Benjamin Mendy,Defender,MCI,29
1060018,Mahrez,Riyad Mahrez,Midfielder,MCI,9
1060018,Sterling (Raheem),Raheem Sterling,Midfielder,MCI,43
1060018,João Cancelo,João Pedro Cavaco Cancelo,Defender,MCI,4
1060018,Ederson,Ederson Santana de Moraes,Goalkeeper,MCI,33
1060018,Laporte,Aymeric Laporte,Defender,MCI,28
1060018,Bernardo Silva,Bernardo Mota Veiga de Carvalho e Silva,Midfielder,MCI,1
1060018,Jesus,Gabriel Fernando de Jesus,Forward,MCI,0
1060018,Foden,Phil Foden,Midfielder,MCI,41
1060018,Rodri,Rodrigo Hernández Cascante,Midfielder,MCI,19
1060018,Garcia,Eric Garcia,Defender,MCI,26
1060019,McGoldrick,David McGoldrick,Forward,SHU,4
1060019,Basham,Chris Basham,Defender,SHU,18
1060019,Stevens,Enda Stevens,Defender,SHU,15
1060019,Norwood,Oliver Norwood,Midfielder,SHU,13
1060019,Baldock,George Baldock,Defender,SHU,6
1060019,Robinson (Jack),Jack Robinson,Defender,SHU,7
1060019,Freeman (Kieron),Kieron Freeman,Defender,SHU,3
1060019,Egan,John Egan,Defender,SHU,17
1060019,Osborn,Ben Osborn,Midfielder,SHU,16
1060019,McBurnie,Oliver McBurnie,Forward,SHU,27
1060019,Henderson (Dean),Dean Henderson,Goalkeeper,SHU,9
1060019,Mousset,Lys Mousset,Forward,SHU,33
1060019,Berge,Sander Berge,Midfielder,SHU,45
1060019,Lloris,Hugo Lloris,Goalkeeper,TOT,3
1060019,Vertonghen,Jan Vertonghen,Defender,TOT,-1
1060019,Sissoko,Moussa Sissoko,Midfielder,TOT,18
1060019,Lamela,Erik Lamela,Midfielder,TOT,3
1060019,Kane (Harry),Harry Kane,Forward,TOT,27
1060019,Aurier,Serge Aurier,Defender,TOT,10
1060019,Son,Heung-Min Son,Midfielder,TOT,25
1060019,Dier,Eric Dier,Midfielder,TOT,14
1060019,Lucas Moura,Lucas Rodrigues Moura da Silva,Midfielder,TOT,7
1060019,Alli,Bamidele Alli,Midfielder,TOT,3
1060019,Davies (Ben),Ben Davies,Defender,TOT,5
1060019,Sánchez (Davinson),Davinson Sánchez,Defender,TOT,-1
1060019,Bergwijn,Steven Bergwijn,Midfielder,TOT,8
1060019,Lo Celso,Giovani Lo Celso,Midfielder,TOT,15
1060019,NDombele,Tanguy NDombele,Midfielder,TOT,3
1060020,Long (Shane),Shane Long,Forward,SOU,9
1060020,Bertrand,Ryan Bertrand,Defender,SOU,9
1060020,McCarthy (Alex),Alex McCarthy,Goalkeeper,SOU,3
1060020,Romeu,Oriol Romeu,Midfielder,SOU,21
1060020,Redmond,Nathan Redmond,Midfielder,SOU,16
1060020,Ings,Danny Ings,Forward,SOU,69
1060020,Armstrong (Stuart),Stuart Armstrong,Midfielder,SOU,2
1060020,Vestergaard,Jannik Vestergaard,Defender,SOU,8
1060020,Ward-Prowse,James Ward-Prowse,Midfielder,SOU,43
1060020,Walker-Peters,Kyle Walker-Peters,Defender,SOU,14
1060020,Bednarek,Jan Bednarek,Defender,SOU,2
1060020,Adams,Che Adams,Forward,SOU,14
1060020,Smallbone,William Smallbone,Forward,SOU,17
1060020,Foster,Ben Foster,Goalkeeper,WAT,4
1060020,Capoue,Etienne Capoue,Midfielder,WAT,18
1060020,Holebas,José Holebas,Defender,WAT,6
1060020,Cathcart,Craig Cathcart,Defender,WAT,2
1060020,Deeney,Troy Deeney,Forward,WAT,4
1060020,Welbeck,Danny Welbeck,Forward,WAT,3
1060020,Femenía,Francisco Femenía Far,Defender,WAT,-3
1060020,Dawson,Craig Dawson,Defender,WAT,-5
1060020,Pereyra,Roberto Pereyra,Midfielder,WAT,5
1060020,Hughes,Will Hughes,Midfielder,WAT,12
1060020,Doucouré,Abdoulaye Doucouré,Midfielder,WAT,1
1060020,Masina,Adam Masina,Defender,WAT,0
1060020,Pussetto,Ignacio Pussetto,Midfielder,WAT,5
1060020,Ismaila Sarr,Ismaila Sarr,Midfielder,WAT,8
1060020,João Pedro,João Pedro Junqueira de Jesus,Forward,WAT,2
1060021,Azpilicueta,César Azpilicueta,Defender,CHE,7
1060021,Giroud,Olivier Giroud,Forward,CHE,3
1060021,Willian,Willian Borges Da Silva,Midfielder,CHE,49
1060021,Alonso,Marcos Alonso,Defender,CHE,14
1060021,Barkley,Ross Barkley,Midfielder,CHE,9
1060021,Kovacic,Mateo Kovacic,Midfielder,CHE,16
1060021,Rüdiger,Antonio Rüdiger,Defender,CHE,6
1060021,Kepa,Kepa Arrizabalaga Revuelta,Goalkeeper,CHE,-3
1060021,Kanté,N'Golo Kanté,Midfielder,CHE,19
1060021,Loftus-Cheek,Ruben Loftus-Cheek,Midfielder,CHE,1
1060021,Christensen,Andreas Christensen,Defender,CHE,4
1060021,Abraham,Tammy Abraham,Forward,CHE,4
1060021,Pulisic,Christian Pulisic,Midfielder,CHE,17
1060021,Mount,Mason Mount,Midfielder,CHE,11
1060021,Fabianski,Lukasz Fabianski,Goalkeeper,WHU,8
1060021,Ogbonna,Angelo Ogbonna,Defender,WHU,4
1060021,Wilshere,Jack Wilshere,Midfielder,WHU,1
1060021,Cresswell,Aaron Cresswell,Defender,WHU,2
1060021,Yarmolenko,Andriy Yarmolenko,Midfielder,WHU,24
1060021,Antonio,Michail Antonio,Forward,WHU,41
1060021,Fredericks,Ryan Fredericks,Defender,WHU,5
1060021,Lanzini,Manuel Lanzini,Midfielder,WHU,0
1060021,Balbuena,Fabián Balbuena,Defender,WHU,3
1060021,Bowen,Jarrod Bowen,Midfielder,WHU,31
1060021,Rice,Declan Rice,Midfielder,WHU,12
1060021,Soucek,Tomas Soucek,Midfielder,WHU,33
1060021,Fornals,Pablo Fornals,Midfielder,WHU,14
1060021,Diop,Issa Diop,Defender,WHU,-3
1060022,Tarkowski,James Tarkowski,Defender,BUR,27
1060022,Bardsley,Phillip Bardsley,Defender,BUR,11
1060022,Pieters,Erik Pieters,Defender,BUR,5
1060022,Long (Kevin),Kevin Long,Defender,BUR,13
1060022,Rodriguez,Jay Rodriguez,Forward,BUR,18
1060022,Westwood,Ashley Roy Westwood,Midfielder,BUR,18
1060022,Gudmundsson,Johann Berg Gudmundsson,Midfielder,BUR,2
1060022,Wood,Chris Wood,Forward,BUR,4
1060022,Vydra,Matej Vydra,Forward,BUR,2
1060022,Pope,Nick Pope,Goalkeeper,BUR,11
1060022,Taylor (Charlie),Charlie Taylor,Defender,BUR,8
1060022,Brownhill,Josh Brownhill,Midfielder,BUR,16
1060022,McNeil,Dwight McNeil,Midfielder,BUR,8
1060022,Sharp,Billy Sharp,Forward,SHU,17
1060022,McGoldrick,David McGoldrick,Forward,SHU,13
1060022,Basham,Chris Basham,Defender,SHU,8
1060022,Rodwell,Jack Rodwell,Midfielder,SHU,3
1060022,Stevens,Enda Stevens,Defender,SHU,10
1060022,Norwood,Oliver Norwood,Midfielder,SHU,10
1060022,Baldock,George Baldock,Defender,SHU,14
1060022,Robinson (Jack),Jack Robinson,Defender,SHU,3
1060022,Egan,John Egan,Defender,SHU,16
1060022,O'Connell,Jack O'Connell,Defender,SHU,4
1060022,Osborn,Ben Osborn,Midfielder,SHU,11
1060022,McBurnie,Oliver McBurnie,Forward,SHU,13
1060022,Henderson (Dean),Dean Henderson,Goalkeeper,SHU,11
1060022,Mousset,Lys Mousset,Forward,SHU,2
1060022,Berge,Sander Berge,Midfielder,SHU,8
1060023,Azpilicueta,César Azpilicueta,Defender,CHE,44
1060023,Giroud,Olivier Giroud,Forward,CHE,35
1060023,Willian,Willian Borges Da Silva,Midfielder,CHE,38
1060023,Barkley,Ross Barkley,Midfielder,CHE,39
1060023,Zouma,Kurt Zouma,Defender,CHE,29
1060023,Kepa,Kepa Arrizabalaga Revuelta,Goalkeeper,CHE,26
1060023,Kanté,N'Golo Kanté,Midfielder,CHE,19
1060023,Loftus-Cheek,Ruben Loftus-Cheek,Midfielder,CHE,1
1060023,Christensen,Andreas Christensen,Defender,CHE,26
1060023,Abraham,Tammy Abraham,Forward,CHE,1
1060023,Pulisic,Christian Pulisic,Midfielder,CHE,24
1060023,Mount,Mason Mount,Midfielder,CHE,9
1060023,Hudson-Odoi,Callum Hudson-Odoi,Midfielder,CHE,5
1060023,James (Reece),Reece James,Defender,CHE,26
1060023,Gilmour,Billy Gilmour,Midfielder,CHE,3
1060023,Foster,Ben Foster,Goalkeeper,WAT,9
1060023,Mariappa,Adrian Mariappa,Defender,WAT,-8
1060023,Capoue,Etienne Capoue,Midfielder,WAT,2
1060023,Deeney,Troy Deeney,Forward,WAT,5
1060023,Cleverley,Tom Cleverley,Midfielder,WAT,5
1060023,Welbeck,Danny Welbeck,Forward,WAT,2
1060023,Femenía,Francisco Femenía Far,Defender,WAT,0
1060023,Dawson,Craig Dawson,Defender,WAT,-4
1060023,Pereyra,Roberto Pereyra,Midfielder,WAT,3
1060023,Kabasele,Christian Kabasele,Defender,WAT,-2
1060023,Chalobah (Nathaniel),Nathaniel Chalobah,Midfielder,WAT,15
1060023,Hughes,Will Hughes,Midfielder,WAT,19
1060023,Doucouré,Abdoulaye Doucouré,Midfielder,WAT,11
1060023,Masina,Adam Masina,Defender,WAT,0
1060023,Ismaila Sarr,Ismaila Sarr,Midfielder,WAT,8
1060024,Cahill,Gary Cahill,Defender,CRY,7
1060024,Sakho,Mamadou Sakho,Defender,CRY,2
1060024,Guaita,Vicente Guaita,Goalkeeper,CRY,-5
1060024,McArthur,James McArthur,Midfielder,CRY,4
1060024,McCarthy (James),James McCarthy,Midfielder,CRY,1
1060024,Benteke,Christian Benteke,Forward,CRY,2
1060024,Kouyaté,Cheikhou Kouyaté,Midfielder,CRY,3
1060024,Ward (Joel),Joel Ward,Defender,CRY,-4
1060024,Townsend,Andros Townsend,Midfielder,CRY,10
1060024,Milivojevic,Luka Milivojevic,Midfielder,CRY,12
1060024,Van Aanholt,Patrick Van Aanholt,Defender,CRY,1
1060024,Ayew,Jordan Ayew,Forward,CRY,11
1060024,Zaha,Wilfried Zaha,Midfielder,CRY,11
1060024,Riedewald,Jairo Riedewald,Midfielder,CRY,4
1060024,Mitchell,Tyrick Mitchell,Defender,CRY,-2
1060024,Schmeichel,Kasper Schmeichel,Goalkeeper,LEI,25
1060024,Fuchs,Christian Fuchs,Defender,LEI,4
1060024,Evans (Jonny),Jonny Evans,Defender,LEI,32
1060024,R Bennett,Ryan Bennett,Defender,LEI,7
1060024,Albrighton,Marc Albrighton,Midfielder,LEI,17
1060024,Vardy,Jamie Vardy,Forward,LEI,51
1060024,Praet,Dennis Praet,Midfielder,LEI,2
1060024,Tielemans,Youri Tielemans,Midfielder,LEI,29
1060024,Ayoze Pérez,Ayoze Pérez Gutiérrez,Midfielder,LEI,15
1060024,Chilwell,Benjamin Chilwell,Defender,LEI,2
1060024,Iheanacho,Kelechi Iheanacho,Forward,LEI,30
1060024,Choudhury,Hamza Choudhury,Midfielder,LEI,2
1060024,Barnes (Harvey),Harvey Barnes,Midfielder,LEI,28
1060024,Ndidi,Onyinye Wilfred Ndidi,Midfielder,LEI,11
1060024,Söyüncü,Caglar Söyüncü,Defender,LEI,28
1060024,Justin,James Justin,Defender,LEI,23
1060025,Reina,José Reina,Goalkeeper,AVL,6
1060025,Taylor (Neil),Neil Taylor,Defender,AVL,12
1060025,Jota,José Ignacio Peleteiro Ramallo,Midfielder,AVL,7
1060025,Grealish,Jack Grealish,Midfielder,AVL,8
1060025,McGinn,John McGinn,Midfielder,AVL,11
1060025,Hause,Kortney Hause,Defender,AVL,3
1060025,Trezeguet,Mahmoud Hassan,Midfielder,AVL,8
1060025,Mings,Tyrone Mings,Defender,AVL,5
1060025,El Ghazi,Anwar El Ghazi,Midfielder,AVL,11
1060025,Konsa Ngoyo,Ezri Konsa Ngoyo,Defender,AVL,1
1060025,Samatta,Mbwana Aly Samatta,Forward,AVL,6
1060025,Davis,Keinan Davis,Midfielder,AVL,6
1060025,Vassilev,Indiana Vassilev,Forward,AVL,3
1060025,Douglas Luiz,Douglas Luiz Soares de Paulo,Midfielder,AVL,16
1060025,Wijnaldum,Georginio Wijnaldum,Midfielder,LIV,9
1060025,Henderson (Jordan),Jordan Henderson,Midfielder,LIV,9
1060025,Oxlade-Chamberlain,Alex Oxlade-Chamberlain,Midfielder,LIV,8
1060025,Firmino,Roberto Firmino Barbosa de Oliveira,Forward,LIV,6
1060025,van Dijk,Virgil van Dijk,Defender,LIV,28
1060025,Mane,Sadio Mane,Midfielder,LIV,35
1060025,Alisson,Alisson Ramses Becker,Goalkeeper,LIV,32
1060025,Fabinho,Fabio Henrique Tavares,Midfielder,LIV,12
1060025,Salah,Mohamed Salah,Midfielder,LIV,19
1060025,Robertson,Andrew Robertson,Defender,LIV,23
1060025,Origi,Divock Origi,Forward,LIV,5
1060025,Alexander-Arnold,Trent Alexander-Arnold,Defender,LIV,25
1060025,Gomez,Joseph Gomez,Defender,LIV,27
1060025,Keita,Naby Keita,Midfielder,LIV,24
1060025,Jones (Curtis),Curtis Jones,Midfielder,LIV,21
1060025,Williams (Neco),Neco Williams,Defender,LIV,3
1060026,Gosling,Dan Gosling,Midfielder,BOU,2
1060026,Smith (Adam),Adam Smith,Defender,BOU,-19
1060026,Stanislas,Junior Stanislas,Midfielder,BOU,30
1060026,King (Joshua),Joshua King,Forward,BOU,42
1060026,Brooks,David Brooks,Midfielder,BOU,2
1060026,Aké,Nathan Aké,Defender,BOU,-7
1060026,Lerma,Jefferson Lerma,Midfielder,BOU,8
1060026,Wilson (Harry),Harry Wilson,Midfielder,BOU,3
1060026,Stacey,Jack Stacey,Defender,BOU,2
1060026,Solanke,Dominic Solanke,Forward,BOU,6
1060026,Cook (Lewis),Lewis Cook,Midfielder,BOU,8
1060026,Billing,Philip Billing,Midfielder,BOU,4
1060026,Rico,Diego Rico,Defender,BOU,-12
1060026,Danjuma Groeneveld,Arnaut Danjuma Groeneveld,Midfielder,BOU,-6
1060026,Ramsdale,Aaron Ramsdale,Goalkeeper,BOU,1
1060026,Kelly (Lloyd),Lloyd Kelly,Defender,BOU,-12
1060026,Mata,Juan Mata,Midfielder,MUN,1
1060026,De Gea,David De Gea,Goalkeeper,MUN,1
1060026,Ighalo,Odion Ighalo,Forward,MUN,-2
1060026,Matic,Nemanja Matic,Midfielder,MUN,28
1060026,Pogba,Paul Pogba,Midfielder,MUN,23
1060026,Maguire,Harry Maguire,Defender,MUN,7
1060026,Fred,Frederico Rodrigues de Paula Santos,Midfielder,MUN,17
1060026,Shaw,Luke Shaw,Defender,MUN,11
1060026,Bruno Fernandes,Bruno Miguel Borges Fernandes,Midfielder,MUN,57
1060026,Martial,Anthony Martial,Midfielder,MUN,48
1060026,Rashford,Marcus Rashford,Midfielder,MUN,35
1060026,Lindelof,Victor Nilsson-Lindelof,Defender,MUN,8
1060026,Bailly,Eric Bailly,Defender,MUN,2
1060026,James (Daniel),Daniel James,Midfielder,MUN,7
1060026,Wan-Bissaka,Aaron Wan-Bissaka,Defender,MUN,6
1060026,Greenwood,Mason Greenwood,Forward,MUN,61
1060027,Carroll,Andy Carroll,Forward,NEW,1
1060027,Shelvey,Jonjo Shelvey,Midfielder,NEW,34
1060027,Ritchie,Matt Ritchie,Defender,NEW,3
1060027,Fernández,Federico Fernández,Defender,NEW,10
1060027,Dubravka,Martin Dubravka,Goalkeeper,NEW,11
1060027,Lascelles,Jamaal Lascelles,Defender,NEW,2
1060027,Gayle,Dwight Gayle,Forward,NEW,22
1060027,Manquillo,Javier Manquillo,Defender,NEW,10
1060027,Krafth,Emil Krafth,Defender,NEW,15
1060027,Lazaro,Valentino Lazaro,Midfielder,NEW,5
1060027,Bentaleb,Nabil Bentaleb,Midfielder,NEW,10
1060027,Hayden (Isaac),Isaac Hayden,Midfielder,NEW,6
1060027,Saint-Maximin,Allan Saint-Maximin,Midfielder,NEW,9
1060027,Almirón,Miguel Almirón,Midfielder,NEW,24
1060027,Joelinton,Joelinton Cássio Apolinário de Lira,Forward,NEW,10
1060027,Noble,Mark Noble,Midfielder,WHU,4
1060027,Fabianski,Lukasz Fabianski,Goalkeeper,WHU,6
1060027,Ogbonna,Angelo Ogbonna,Defender,WHU,3
1060027,Cresswell,Aaron Cresswell,Defender,WHU,8
1060027,Yarmolenko,Andriy Yarmolenko,Midfielder,WHU,7
1060027,Antonio,Michail Antonio,Forward,WHU,32
1060027,Fredericks,Ryan Fredericks,Defender,WHU,5
1060027,Lanzini,Manuel Lanzini,Midfielder,WHU,5
1060027,Bowen,Jarrod Bowen,Midfielder,WHU,16
1060027,Rice,Declan Rice,Midfielder,WHU,25
1060027,Soucek,Tomas Soucek,Midfielder,WHU,29
1060027,Fornals,Pablo Fornals,Midfielder,WHU,3
1060027,Diop,Issa Diop,Defender,WHU,5
1060028,Stephens (Dale),Dale Stephens,Midfielder,BHA,3
1060028,Groß,Pascal Groß,Midfielder,BHA,0
1060028,Duffy (Shane),Shane Duffy,Defender,BHA,3
1060028,Pröpper,Davy Pröpper,Midfielder,BHA,9
1060028,Mooy,Aaron Mooy,Midfielder,BHA,26
1060028,Burn,Dan Burn,Defender,BHA,21
1060028,Dunk,Lewis Dunk,Defender,BHA,28
1060028,Webster,Adam Webster,Defender,BHA,25
1060028,Maupay,Neal Maupay,Forward,BHA,3
1060028,Trossard,Leandro Trossard,Midfielder,BHA,32
1060028,Mat Ryan,Mathew Ryan,Goalkeeper,BHA,26
1060028,Bernardo,Bernardo Fernandes da Silva Junior,Defender,BHA,3
1060028,Bissouma,Yves Bissouma,Midfielder,BHA,13
1060028,Lamptey,Tariq Lamptey,Defender,BHA,27
1060028,Connolly,Aaron Connolly,Forward,BHA,7
1060028,Mac Allister,Alexis Mac Allister,Midfielder,BHA,3
1060028,Tettey,Alexander Tettey,Midfielder,NOR,19
1060028,Krul,Tim Krul,Goalkeeper,NOR,9
1060028,Vrancic,Mario Vrancic,Midfielder,NOR,2
1060028,Pukki,Teemu Pukki,Forward,NOR,1
1060028,Kenny McLean,Kenneth McLean,Midfielder,NOR,15
1060028,Drmic,Josip Drmic,Forward,NOR,5
1060028,Klose,Timm Klose,Defender,NOR,8
1060028,Hernández (Onel),Onel Hernández,Midfielder,NOR,10
1060028,Duda,Ondrej Duda,Midfielder,NOR,15
1060028,Cantwell,Todd Cantwell,Midfielder,NOR,-2
1060028,Lewis (Jamal),Jamal Lewis,Defender,NOR,13
1060028,Buendía,Emiliano Buendía,Midfielder,NOR,19
1060028,Godfrey,Ben Godfrey,Defender,NOR,15
1060028,Aarons (Maximillian),Maximillian Aarons,Defender,NOR,15
1060028,Idah,Adam Idah,Forward,NOR,0
1060029,Silva,David Silva,Midfielder,MCI,17
1060029,Fernandinho,Fernando Luiz Rosa,Midfielder,MCI,7
1060029,De Bruyne,Kevin De Bruyne,Midfielder,MCI,4
1060029,Mahrez,Riyad Mahrez,Midfielder,MCI,2
1060029,Sterling (Raheem),Raheem Sterling,Midfielder,MCI,2
1060029,João Cancelo,João Pedro Cavaco Cancelo,Defender,MCI,24
1060029,Ederson,Ederson Santana de Moraes,Goalkeeper,MCI,16
1060029,Laporte,Aymeric Laporte,Defender,MCI,12
1060029,Bernardo Silva,Bernardo Mota Veiga de Carvalho e Silva,Midfielder,MCI,17
1060029,Jesus,Gabriel Fernando de Jesus,Forward,MCI,-4
1060029,Zinchenko,Oleksandr Zinchenko,Defender,MCI,18
1060029,Foden,Phil Foden,Midfielder,MCI,6
1060029,Garcia,Eric Garcia,Defender,MCI,12
1060029,Long (Shane),Shane Long,Forward,SOU,6
1060029,Bertrand,Ryan Bertrand,Defender,SOU,28
1060029,McCarthy (Alex),Alex McCarthy,Goalkeeper,SOU,33
1060029,Romeu,Oriol Romeu,Midfielder,SOU,15
1060029,Redmond,Nathan Redmond,Midfielder,SOU,8
1060029,Ings,Danny Ings,Forward,SOU,5
1060029,Stephens (Jack),Jack Stephens,Defender,SOU,29
1060029,Armstrong (Stuart),Stuart Armstrong,Midfielder,SOU,29
1060029,Ward-Prowse,James Ward-Prowse,Midfielder,SOU,11
1060029,Walker-Peters,Kyle Walker-Peters,Defender,SOU,30
1060029,Bednarek,Jan Bednarek,Defender,SOU,27
1060029,Adams,Che Adams,Forward,SOU,35
1060029,Smallbone,William Smallbone,Forward,SOU,3
1060030,Sigurdsson,Gylfi Sigurdsson,Midfielder,EVE,6
1060030,Coleman,Seamus Coleman,Defender,EVE,6
1060030,Bernard,Bernard Anício Caldeira Duarte,Midfielder,EVE,1
1060030,Digne,Lucas Digne,Defender,EVE,8
1060030,Sidibe,Djibril Sidibe,Defender,EVE,3
1060030,Keane,Michael Keane,Defender,EVE,8
1060030,Pickford,Jordan Pickford,Goalkeeper,EVE,7
1060030,André Gomes,André Filipe Tavares Gomes,Midfielder,EVE,5
1060030,Iwobi,Alex Iwobi,Midfielder,EVE,4
1060030,Mina,Yerry Mina,Defender,EVE,13
1060030,Davies (Tom),Tom Davies,Midfielder,EVE,13
1060030,Calvert-Lewin,Dominic Calvert-Lewin,Forward,EVE,7
1060030,Holgate,Mason Holgate,Defender,EVE,-5
1060030,Richarlison,Richarlison de Andrade,Midfielder,EVE,13
1060030,Gordon (Anthony),Anthony Gordon,Forward,EVE,6
1060030,Kean,Moise Kean,Forward,EVE,6
1060030,Lloris,Hugo Lloris,Goalkeeper,TOT,26
1060030,Vertonghen,Jan Vertonghen,Defender,TOT,3
1060030,Sissoko,Moussa Sissoko,Midfielder,TOT,15
1060030,Alderweireld,Toby Alderweireld,Defender,TOT,22
1060030,Lamela,Erik Lamela,Midfielder,TOT,4
1060030,Kane (Harry),Harry Kane,Forward,TOT,10
1060030,Aurier,Serge Aurier,Defender,TOT,27
1060030,Son,Heung-Min Son,Midfielder,TOT,11
1060030,Dier,Eric Dier,Midfielder,TOT,11
1060030,Lucas Moura,Lucas Rodrigues Moura da Silva,Midfielder,TOT,7
1060030,Davies (Ben),Ben Davies,Defender,TOT,19
1060030,Winks,Harry Winks,Midfielder,TOT,13
1060030,Bergwijn,Steven Bergwijn,Midfielder,TOT,3
1060030,Lo Celso,Giovani Lo Celso,Midfielder,TOT,23
1060031,Luiz,David Luiz Moreira Marinho,Defender,ARS,24
1060031,Aubameyang,Pierre-Emerick Aubameyang,Forward,ARS,20
1060031,Cedric,Cedric Ricardo Alves Soares,Defender,ARS,22
1060031,Lacazette,Alexandre Lacazette,Forward,ARS,31
1060031,Mustafi,Shkodran Mustafi,Defender,ARS,26
1060031,Xhaka,Granit Xhaka,Midfielder,ARS,12
1060031,Bellerín,Héctor Bellerín,Defender,ARS,7
1060031,Martinez,Emiliano Martinez,Goalkeeper,ARS,22
1060031,Kolasinac,Sead Kolasinac,Defender,ARS,24
1060031,Maitland-Niles,Ainsley Maitland-Niles,Defender,ARS,1
1060031,Dani Ceballos,Daniel Ceballos Fernández,Midfielder,ARS,15
1060031,Tierney,Kieran Tierney,Defender,ARS,21
1060031,Torreira,Lucas Torreira,Midfielder,ARS,0
1060031,Willock,Joseph Willock,Midfielder,ARS,18
1060031,Eddie Nketiah,Edward Nketiah,Forward,ARS,9
1060031,Saka,Bukayo Saka,Midfielder,ARS,29
1060031,Moutinho,João Moutinho,Midfielder,WOL,18
1060031,Rui Patrício,Rui Pedro dos Santos Patrício,Goalkeeper,WOL,4
1060031,Doherty,Matt Doherty,Defender,WOL,7
1060031,Boly,Willy Boly,Defender,WOL,7
1060031,Coady,Conor Coady,Defender,WOL,2
1060031,Raúl Jiménez,Raul Alonso Jimenez Rodriguez,Forward,WOL,12
1060031,Saiss,Romain Saiss,Defender,WOL,0
1060031,Jonny,Jonathan Castro Otto,Defender,WOL,5
1060031,Dendoncker,Leander Dendoncker,Midfielder,WOL,1
1060031,Traoré,Adama Traoré,Midfielder,WOL,3
1060031,Ruben Neves,Rúben Diogo da Silva Neves,Midfielder,WOL,16
1060031,Diogo Jota,Diogo José Teixeira da Silva,Midfielder,WOL,4
1060031,Gibbs-White,Morgan Gibbs-White,Midfielder,WOL,3
1060031,Neto,Pedro Neto,Midfielder,WOL,1
1060032,Gosling,Dan Gosling,Midfielder,BOU,7
1060032,Smith (Adam),Adam Smith,Defender,BOU,21
1060032,Stanislas,Junior Stanislas,Midfielder,BOU,14
1060032,Wilson (Callum),Callum Wilson,Forward,BOU,9
1060032,King (Joshua),Joshua King,Forward,BOU,-1
1060032,Brooks,David Brooks,Midfielder,BOU,5
1060032,Aké,Nathan Aké,Defender,BOU,23
1060032,Lerma,Jefferson Lerma,Midfielder,BOU,13
1060032,Wilson (Harry),Harry Wilson,Midfielder,BOU,0
1060032,Stacey,Jack Stacey,Defender,BOU,4
1060032,Rico,Diego Rico,Defender,BOU,38
1060032,Ramsdale,Aaron Ramsdale,Goalkeeper,BOU,20
1060032,Kelly (Lloyd),Lloyd Kelly,Defender,BOU,23
1060032,Lloris,Hugo Lloris,Goalkeeper,TOT,23
1060032,Vertonghen,Jan Vertonghen,Defender,TOT,31
1060032,Sissoko,Moussa Sissoko,Midfielder,TOT,12
1060032,Alderweireld,Toby Alderweireld,Defender,TOT,26
1060032,Lamela,Erik Lamela,Midfielder,TOT,6
1060032,Kane (Harry),Harry Kane,Forward,TOT,11
1060032,Aurier,Serge Aurier,Defender,TOT,32
1060032,Son,Heung-Min Son,Midfielder,TOT,6
1060032,Lucas Moura,Lucas Rodrigues Moura da Silva,Midfielder,TOT,3
1060032,Davies (Ben),Ben Davies,Defender,TOT,27
1060032,Winks,Harry Winks,Midfielder,TOT,20
1060032,Bergwijn,Steven Bergwijn,Midfielder,TOT,2
1060032,Gedson Fernandes,Gedson Carvalho Fernandes,Midfielder,TOT,4
1060032,Lo Celso,Giovani Lo Celso,Midfielder,TOT,2
1060032,NDombele,Tanguy NDombele,Midfielder,TOT,5
1060033,Luiz,David Luiz Moreira Marinho,Defender,ARS,8
1060033,Aubameyang,Pierre-Emerick Aubameyang,Forward,ARS,31
1060033,Lacazette,Alexandre Lacazette,Forward,ARS,4
1060033,Mustafi,Shkodran Mustafi,Defender,ARS,5
1060033,Xhaka,Granit Xhaka,Midfielder,ARS,14
1060033,Bellerín,Héctor Bellerín,Defender,ARS,6
1060033,Martinez,Emiliano Martinez,Goalkeeper,ARS,14
1060033,Kolasinac,Sead Kolasinac,Defender,ARS,9
1060033,Maitland-Niles,Ainsley Maitland-Niles,Defender,ARS,3
1060033,Dani Ceballos,Daniel Ceballos Fernández,Midfielder,ARS,14
1060033,Tierney,Kieran Tierney,Defender,ARS,10
1060033,Torreira,Lucas Torreira,Midfielder,ARS,3
1060033,Willock,Joseph Willock,Midfielder,ARS,2
1060033,Eddie Nketiah,Edward Nketiah,Forward,ARS,-7
1060033,Saka,Bukayo Saka,Midfielder,ARS,23
1060033,Schmeichel,Kasper Schmeichel,Goalkeeper,LEI,17
1060033,Fuchs,Christian Fuchs,Defender,LEI,8
1060033,Evans (Jonny),Jonny Evans,Defender,LEI,12
1060033,R Bennett,Ryan Bennett,Defender,LEI,5
1060033,Albrighton,Marc Albrighton,Midfielder,LEI,10
1060033,Vardy,Jamie Vardy,Forward,LEI,35
1060033,Praet,Dennis Praet,Midfielder,LEI,2
1060033,Tielemans,Youri Tielemans,Midfielder,LEI,23
1060033,Ayoze Pérez,Ayoze Pérez Gutiérrez,Midfielder,LEI,15
1060033,Gray (Demarai),Demarai Gray,Midfielder,LEI,16
1060033,Iheanacho,Kelechi Iheanacho,Forward,LEI,3
1060033,Barnes (Harvey),Harvey Barnes,Midfielder,LEI,8
1060033,Ndidi,Onyinye Wilfred Ndidi,Midfielder,LEI,14
1060033,Söyüncü,Caglar Söyüncü,Defender,LEI,13
1060033,Justin,James Justin,Defender,LEI,11
1060034,Reina,José Reina,Goalkeeper,AVL,2
1060034,Taylor (Neil),Neil Taylor,Defender,AVL,-1
1060034,Hourihane,Conor Hourihane,Midfielder,AVL,5
1060034,Grealish,Jack Grealish,Midfielder,AVL,13
1060034,McGinn,John McGinn,Midfielder,AVL,8
1060034,Hause,Kortney Hause,Defender,AVL,-1
1060034,Trezeguet,Mahmoud Hassan,Midfielder,AVL,8
1060034,Mings,Tyrone Mings,Defender,AVL,-2
1060034,Nakamba,Marvelous Nakamba,Midfielder,AVL,-1
1060034,El Ghazi,Anwar El Ghazi,Midfielder,AVL,5
1060034,Konsa Ngoyo,Ezri Konsa Ngoyo,Defender,AVL,-6
1060034,Samatta,Mbwana Aly Samatta,Forward,AVL,7
1060034,Davis,Keinan Davis,Midfielder,AVL,2
1060034,Vassilev,Indiana Vassilev,Forward,AVL,3
1060034,Douglas Luiz,Douglas Luiz Soares de Paulo,Midfielder,AVL,21
1060034,De Gea,David De Gea,Goalkeeper,MUN,21
1060034,Ighalo,Odion Ighalo,Forward,MUN,2
1060034,Matic,Nemanja Matic,Midfielder,MUN,7
1060034,Pogba,Paul Pogba,Midfielder,MUN,42
1060034,Maguire,Harry Maguire,Defender,MUN,26
1060034,Fred,Frederico Rodrigues de Paula Santos,Midfielder,MUN,7
1060034,Shaw,Luke Shaw,Defender,MUN,30
1060034,Bruno Fernandes,Bruno Miguel Borges Fernandes,Midfielder,MUN,43
1060034,Martial,Anthony Martial,Midfielder,MUN,22
1060034,Rashford,Marcus Rashford,Midfielder,MUN,19
1060034,Lindelof,Victor Nilsson-Lindelof,Defender,MUN,24
1060034,McTominay,Scott McTominay,Midfielder,MUN,3
1060034,James (Daniel),Daniel James,Midfielder,MUN,2
1060034,Wan-Bissaka,Aaron Wan-Bissaka,Defender,MUN,13
1060034,Greenwood,Mason Greenwood,Forward,MUN,39
1060034,Williams (Brandon),Brandon Williams,Defender,MUN,4
1060035,Stephens (Dale),Dale Stephens,Midfielder,BHA,16
1060035,Groß,Pascal Groß,Midfielder,BHA,8
1060035,Pröpper,Davy Pröpper,Midfielder,BHA,11
1060035,Mooy,Aaron Mooy,Midfielder,BHA,6
1060035,Burn,Dan Burn,Defender,BHA,-5
1060035,Dunk,Lewis Dunk,Defender,BHA,-2
1060035,Webster,Adam Webster,Defender,BHA,11
1060035,Maupay,Neal Maupay,Forward,BHA,4
1060035,Trossard,Leandro Trossard,Midfielder,BHA,28
1060035,Mat Ryan,Mathew Ryan,Goalkeeper,BHA,10
1060035,Bissouma,Yves Bissouma,Midfielder,BHA,12
1060035,Lamptey,Tariq Lamptey,Defender,BHA,12
1060035,Connolly,Aaron Connolly,Forward,BHA,1
1060035,Mac Allister,Alexis Mac Allister,Midfielder,BHA,7
1060035,Milner,James Milner,Midfielder,LIV,0
1060035,Wijnaldum,Georginio Wijnaldum,Midfielder,LIV,9
1060035,Henderson (Jordan),Jordan Henderson,Midfielder,LIV,39
1060035,Oxlade-Chamberlain,Alex Oxlade-Chamberlain,Midfielder,LIV,7
1060035,Firmino,Roberto Firmino Barbosa de Oliveira,Forward,LIV,9
1060035,van Dijk,Virgil van Dijk,Defender,LIV,15
1060035,Mane,Sadio Mane,Midfielder,LIV,1
1060035,Alisson,Alisson Ramses Becker,Goalkeeper,LIV,7
1060035,Fabinho,Fabio Henrique Tavares,Midfielder,LIV,0
1060035,Salah,Mohamed Salah,Midfielder,LIV,55
1060035,Robertson,Andrew Robertson,Defender,LIV,30
1060035,Minamino,Takumi Minamino,Midfielder,LIV,2
1060035,Alexander-Arnold,Trent Alexander-Arnold,Defender,LIV,8
1060035,Gomez,Joseph Gomez,Defender,LIV,5
1060035,Keita,Naby Keita,Midfielder,LIV,30
1060035,Williams (Neco),Neco Williams,Defender,LIV,-4
1060036,Azpilicueta,César Azpilicueta,Defender,CHE,9
1060036,Giroud,Olivier Giroud,Forward,CHE,26
1060036,Willian,Willian Borges Da Silva,Midfielder,CHE,47
1060036,Jorginho,Jorge Luiz Frello Filho,Midfielder,CHE,12
1060036,Barkley,Ross Barkley,Midfielder,CHE,10
1060036,Zouma,Kurt Zouma,Defender,CHE,4
1060036,Kepa,Kepa Arrizabalaga Revuelta,Goalkeeper,CHE,3
1060036,Loftus-Cheek,Ruben Loftus-Cheek,Midfielder,CHE,16
1060036,Christensen,Andreas Christensen,Defender,CHE,6
1060036,Abraham,Tammy Abraham,Forward,CHE,31
1060036,Pulisic,Christian Pulisic,Midfielder,CHE,35
1060036,Mount,Mason Mount,Midfielder,CHE,15
1060036,James (Reece),Reece James,Defender,CHE,11
1060036,Gilmour,Billy Gilmour,Midfielder,CHE,17
1060036,Dann,Scott Dann,Defender,CRY,-2
1060036,Cahill,Gary Cahill,Defender,CRY,-1
1060036,Sakho,Mamadou Sakho,Defender,CRY,6
1060036,Guaita,Vicente Guaita,Goalkeeper,CRY,3
1060036,McArthur,James McArthur,Midfielder,CRY,11
1060036,McCarthy (James),James McCarthy,Midfielder,CRY,7
1060036,Benteke,Christian Benteke,Forward,CRY,37
1060036,Kouyaté,Cheikhou Kouyaté,Midfielder,CRY,6
1060036,Ward (Joel),Joel Ward,Defender,CRY,-5
1060036,Townsend,Andros Townsend,Midfielder,CRY,4
1060036,Milivojevic,Luka Milivojevic,Midfielder,CRY,8
1060036,Van Aanholt,Patrick Van Aanholt,Defender,CRY,18
1060036,Ayew,Jordan Ayew,Forward,CRY,5
1060036,Zaha,Wilfried Zaha,Midfielder,CRY,31
1060036,Meyer,Max Meyer,Midfielder,CRY,4
1060037,Sigurdsson,Gylfi Sigurdsson,Midfielder,EVE,5
1060037,Coleman,Seamus Coleman,Defender,EVE,6
1060037,Bernard,Bernard Anício Caldeira Duarte,Midfielder,EVE,2
1060037,Digne,Lucas Digne,Defender,EVE,21
1060037,Sidibe,Djibril Sidibe,Defender,EVE,8
1060037,Keane,Michael Keane,Defender,EVE,10
1060037,Pickford,Jordan Pickford,Goalkeeper,EVE,10
1060037,André Gomes,André Filipe Tavares Gomes,Midfielder,EVE,0
1060037,Iwobi,Alex Iwobi,Midfielder,EVE,2
1060037,Mina,Yerry Mina,Defender,EVE,14
1060037,Davies (Tom),Tom Davies,Midfielder,EVE,12
1060037,Calvert-Lewin,Dominic Calvert-Lewin,Forward,EVE,-1
1060037,Richarlison,Richarlison de Andrade,Midfielder,EVE,29
1060037,Gordon (Anthony),Anthony Gordon,Forward,EVE,9
1060037,Kean,Moise Kean,Forward,EVE,2
1060037,Long (Shane),Shane Long,Forward,SOU,2
1060037,Bertrand,Ryan Bertrand,Defender,SOU,10
1060037,McCarthy (Alex),Alex McCarthy,Goalkeeper,SOU,10
1060037,Romeu,Oriol Romeu,Midfielder,SOU,13
1060037,Redmond,Nathan Redmond,Midfielder,SOU,13
1060037,Ings,Danny Ings,Forward,SOU,40
1060037,Stephens (Jack),Jack Stephens,Defender,SOU,7
1060037,Armstrong (Stuart),Stuart Armstrong,Midfielder,SOU,24
1060037,Ward-Prowse,James Ward-Prowse,Midfielder,SOU,6
1060037,Højbjerg,Pierre-Emile Højbjerg,Midfielder,SOU,4
1060037,Walker-Peters,Kyle Walker-Peters,Defender,SOU,16
1060037,Bednarek,Jan Bednarek,Defender,SOU,7
1060037,Adams,Che Adams,Forward,SOU,7
1060037,Smallbone,William Smallbone,Forward,SOU,3
1060038,Silva,David Silva,Midfielder,MCI,63
1060038,Otamendi,Nicolás Otamendi,Defender,MCI,32
1060038,Walker,Kyle Walker,Defender,MCI,7
1060038,Gundogan,Ilkay Gundogan,Midfielder,MCI,10
1060038,De Bruyne,Kevin De Bruyne,Midfielder,MCI,32
1060038,Stones,John Stones,Defender,MCI,25
1060038,Mahrez,Riyad Mahrez,Midfielder,MCI,36
1060038,Sterling (Raheem),Raheem Sterling,Midfielder,MCI,35
1060038,João Cancelo,João Pedro Cavaco Cancelo,Defender,MCI,9
1060038,Ederson,Ederson Santana de Moraes,Goalkeeper,MCI,28
1060038,Bernardo Silva,Bernardo Mota Veiga de Carvalho e Silva,Midfielder,MCI,7
1060038,Jesus,Gabriel Fernando de Jesus,Forward,MCI,38
1060038,Zinchenko,Oleksandr Zinchenko,Defender,MCI,24
1060038,Foden,Phil Foden,Midfielder,MCI,7
1060038,Doyle,Tommy Doyle,Midfielder,MCI,6
1060038,Rodri,Rodrigo Hernández Cascante,Midfielder,MCI,13
1060038,Rose,Danny Rose,Defender,NEW,2
1060038,Shelvey,Jonjo Shelvey,Midfielder,NEW,7
1060038,Ritchie,Matt Ritchie,Defender,NEW,-3
1060038,Fernández,Federico Fernández,Defender,NEW,-15
1060038,Dubravka,Martin Dubravka,Goalkeeper,NEW,-1
1060038,Gayle,Dwight Gayle,Forward,NEW,4
1060038,Atsu,Christian Atsu,Midfielder,NEW,2
1060038,Manquillo,Javier Manquillo,Defender,NEW,0
1060038,Krafth,Emil Krafth,Defender,NEW,-6
1060038,Lazaro,Valentino Lazaro,Midfielder,NEW,14
1060038,Schär,Fabian Schär,Defender,NEW,-2
1060038,Bentaleb,Nabil Bentaleb,Midfielder,NEW,11
1060038,Yedlin,DeAndre Yedlin,Defender,NEW,-11
1060038,Joelinton,Joelinton Cássio Apolinário de Lira,Forward,NEW,5
1060038,Muto,Yoshinori Muto,Forward,NEW,3
1060038,Longstaff (Matthew),Matthew Longstaff,Midfielder,NEW,3
1060039,Sharp,Billy Sharp,Forward,SHU,5
1060039,Basham,Chris Basham,Defender,SHU,30
1060039,Stevens,Enda Stevens,Defender,SHU,19
1060039,Norwood,Oliver Norwood,Midfielder,SHU,22
1060039,Baldock,George Baldock,Defender,SHU,22
1060039,Egan,John Egan,Defender,SHU,41
1060039,O'Connell,Jack O'Connell,Defender,SHU,22
1060039,Zivkovic,Richairo Zivkovic,Forward,SHU,3
1060039,Osborn,Ben Osborn,Midfielder,SHU,12
1060039,McBurnie,Oliver McBurnie,Forward,SHU,5
1060039,Henderson (Dean),Dean Henderson,Goalkeeper,SHU,24
1060039,Mousset,Lys Mousset,Forward,SHU,4
1060039,Berge,Sander Berge,Midfielder,SHU,10
1060039,Moutinho,João Moutinho,Midfielder,WOL,14
1060039,Rui Patrício,Rui Pedro dos Santos Patrício,Goalkeeper,WOL,8
1060039,Doherty,Matt Doherty,Defender,WOL,8
1060039,Boly,Willy Boly,Defender,WOL,9
1060039,Coady,Conor Coady,Defender,WOL,12
1060039,Raúl Jiménez,Raul Alonso Jimenez Rodriguez,Forward,WOL,15
1060039,Saiss,Romain Saiss,Defender,WOL,7
1060039,Jonny,Jonathan Castro Otto,Defender,WOL,12
1060039,Dendoncker,Leander Dendoncker,Midfielder,WOL,3
1060039,Traoré,Adama Traoré,Midfielder,WOL,9
1060039,Ruben Neves,Rúben Diogo da Silva Neves,Midfielder,WOL,13
1060039,Diogo Jota,Diogo José Teixeira da Silva,Midfielder,WOL,9
1060040,Tettey,Alexander Tettey,Midfielder,NOR,4
1060040,Krul,Tim Krul,Goalkeeper,NOR,9
1060040,Vrancic,Mario Vrancic,Midfielder,NOR,9
1060040,Pukki,Teemu Pukki,Forward,NOR,2
1060040,Stiepermann,Marco Stiepermann,Midfielder,NOR,9
1060040,Kenny McLean,Kenneth McLean,Midfielder,NOR,3
1060040,Drmic,Josip Drmic,Forward,NOR,6
1060040,Klose,Timm Klose,Defender,NOR,7
1060040,Hernández (Onel),Onel Hernández,Midfielder,NOR,16
1060040,Lewis (Jamal),Jamal Lewis,Defender,NOR,2
1060040,Buendía,Emiliano Buendía,Midfielder,NOR,33
1060040,Godfrey,Ben Godfrey,Defender,NOR,6
1060040,Aarons (Maximillian),Maximillian Aarons,Defender,NOR,12
1060040,Idah,Adam Idah,Forward,NOR,-2
1060040,Martin (Josh),Josh Martin,Midfielder,NOR,3
1060040,Foster,Ben Foster,Goalkeeper,WAT,8
1060040,Capoue,Etienne Capoue,Midfielder,WAT,29
1060040,Deeney,Troy Deeney,Forward,WAT,10
1060040,Cleverley,Tom Cleverley,Midfielder,WAT,2
1060040,Welbeck,Danny Welbeck,Forward,WAT,38
1060040,Femenía,Francisco Femenía Far,Defender,WAT,7
1060040,Dawson,Craig Dawson,Defender,WAT,20
1060040,Kabasele,Christian Kabasele,Defender,WAT,3
1060040,Chalobah (Nathaniel),Nathaniel Chalobah,Midfielder,WAT,2
1060040,Hughes,Will Hughes,Midfielder,WAT,7
1060040,Doucouré,Abdoulaye Doucouré,Midfielder,WAT,7
1060040,Masina,Adam Masina,Defender,WAT,3
1060040,Ismaila Sarr,Ismaila Sarr,Midfielder,WAT,15
1060041,Tarkowski,James Tarkowski,Defender,BUR,22
1060041,Bardsley,Phillip Bardsley,Defender,BUR,26
1060041,Pieters,Erik Pieters,Defender,BUR,32
1060041,Long (Kevin),Kevin Long,Defender,BUR,25
1060041,Rodriguez,Jay Rodriguez,Forward,BUR,39
1060041,Westwood,Ashley Roy Westwood,Midfielder,BUR,12
1060041,Wood,Chris Wood,Forward,BUR,3
1060041,Vydra,Matej Vydra,Forward,BUR,4
1060041,Pope,Nick Pope,Goalkeeper,BUR,30
1060041,Taylor (Charlie),Charlie Taylor,Defender,BUR,39
1060041,Brownhill,Josh Brownhill,Midfielder,BUR,16
1060041,McNeil,Dwight McNeil,Midfielder,BUR,19
1060041,Fabianski,Lukasz Fabianski,Goalkeeper,WHU,11
1060041,Ogbonna,Angelo Ogbonna,Defender,WHU,9
1060041,Cresswell,Aaron Cresswell,Defender,WHU,12
1060041,Yarmolenko,Andriy Yarmolenko,Midfielder,WHU,15
1060041,Antonio,Michail Antonio,Forward,WHU,15
1060041,Fredericks,Ryan Fredericks,Defender,WHU,22
1060041,Haller,Sébastien Haller,Forward,WHU,2
1060041,Bowen,Jarrod Bowen,Midfielder,WHU,13
1060041,Ajeti,Albian Ajeti,Forward,WHU,2
1060041,Rice,Declan Rice,Midfielder,WHU,7
1060041,Soucek,Tomas Soucek,Midfielder,WHU,12
1060041,Fornals,Pablo Fornals,Midfielder,WHU,16
1060041,Diop,Issa Diop,Defender,WHU,6
1060042,Gosling,Dan Gosling,Midfielder,BOU,1
1060042,Stanislas,Junior Stanislas,Midfielder,BOU,33
1060042,Cook (Steve),Steve Cook,Defender,BOU,3
1060042,Wilson (Callum),Callum Wilson,Forward,BOU,13
1060042,Brooks,David Brooks,Midfielder,BOU,11
1060042,Aké,Nathan Aké,Defender,BOU,2
1060042,Lerma,Jefferson Lerma,Midfielder,BOU,19
1060042,Stacey,Jack Stacey,Defender,BOU,10
1060042,Solanke,Dominic Solanke,Forward,BOU,60
1060042,Cook (Lewis),Lewis Cook,Midfielder,BOU,4
1060042,Billing,Philip Billing,Midfielder,BOU,6
1060042,Rico,Diego Rico,Defender,BOU,28
1060042,Surridge,Sam Surridge,Forward,BOU,-3
1060042,Danjuma Groeneveld,Arnaut Danjuma Groeneveld,Midfielder,BOU,4
1060042,Ramsdale,Aaron Ramsdale,Goalkeeper,BOU,15
1060042,Kelly (Lloyd),Lloyd Kelly,Defender,BOU,9
1060042,Schmeichel,Kasper Schmeichel,Goalkeeper,LEI,-5
1060042,Fuchs,Christian Fuchs,Defender,LEI,-8
1060042,Evans (Jonny),Jonny Evans,Defender,LEI,-9
1060042,R Bennett,Ryan Bennett,Defender,LEI,-3
1060042,Albrighton,Marc Albrighton,Midfielder,LEI,4
1060042,Vardy,Jamie Vardy,Forward,LEI,35
1060042,Praet,Dennis Praet,Midfielder,LEI,1
1060042,Tielemans,Youri Tielemans,Midfielder,LEI,21
1060042,Ayoze Pérez,Ayoze Pérez Gutiérrez,Midfielder,LEI,15
1060042,Iheanacho,Kelechi Iheanacho,Forward,LEI,5
1060042,Barnes (Harvey),Harvey Barnes,Midfielder,LEI,7
1060042,Ndidi,Onyinye Wilfred Ndidi,Midfielder,LEI,11
1060042,Söyüncü,Caglar Söyüncü,Defender,LEI,-2
1060042,Justin,James Justin,Defender,LEI,-2
1060043,Reina,José Reina,Goalkeeper,AVL,30
1060043,Elmohamady,Ahmed Elmohamady,Defender,AVL,28
1060043,Taylor (Neil),Neil Taylor,Defender,AVL,7
1060043,Hourihane,Conor Hourihane,Midfielder,AVL,28
1060043,Grealish,Jack Grealish,Midfielder,AVL,19
1060043,McGinn,John McGinn,Midfielder,AVL,16
1060043,Trezeguet,Mahmoud Hassan,Midfielder,AVL,49
1060043,Mings,Tyrone Mings,Defender,AVL,20
1060043,Targett,Matt Targett,Defender,AVL,6
1060043,Nakamba,Marvelous Nakamba,Midfielder,AVL,3
1060043,El Ghazi,Anwar El Ghazi,Midfielder,AVL,2
1060043,Konsa Ngoyo,Ezri Konsa Ngoyo,Defender,AVL,21
1060043,Samatta,Mbwana Aly Samatta,Forward,AVL,2
1060043,Davis,Keinan Davis,Midfielder,AVL,3
1060043,Douglas Luiz,Douglas Luiz Soares de Paulo,Midfielder,AVL,10
1060043,Dann,Scott Dann,Defender,CRY,4
1060043,Sakho,Mamadou Sakho,Defender,CRY,3
1060043,Guaita,Vicente Guaita,Goalkeeper,CRY,19
1060043,McArthur,James McArthur,Midfielder,CRY,3
1060043,McCarthy (James),James McCarthy,Midfielder,CRY,4
1060043,Benteke,Christian Benteke,Forward,CRY,5
1060043,Kouyaté,Cheikhou Kouyaté,Midfielder,CRY,3
1060043,Ward (Joel),Joel Ward,Defender,CRY,3
1060043,Townsend,Andros Townsend,Midfielder,CRY,10
1060043,Milivojevic,Luka Milivojevic,Midfielder,CRY,4
1060043,Van Aanholt,Patrick Van Aanholt,Defender,CRY,4
1060043,Ayew,Jordan Ayew,Forward,CRY,12
1060043,Zaha,Wilfried Zaha,Midfielder,CRY,17
1060043,Meyer,Max Meyer,Midfielder,CRY,3
1060043,Riedewald,Jairo Riedewald,Midfielder,CRY,3
1060044,Stephens (Dale),Dale Stephens,Midfielder,BHA,7
1060044,Groß,Pascal Groß,Midfielder,BHA,8
1060044,Pröpper,Davy Pröpper,Midfielder,BHA,9
1060044,Mooy,Aaron Mooy,Midfielder,BHA,11
1060044,Burn,Dan Burn,Defender,BHA,-1
1060044,Dunk,Lewis Dunk,Defender,BHA,-6
1060044,Montoya,Martín Montoya,Defender,BHA,-14
1060044,Webster,Adam Webster,Defender,BHA,-9
1060044,Maupay,Neal Maupay,Forward,BHA,3
1060044,Trossard,Leandro Trossard,Midfielder,BHA,5
1060044,Mat Ryan,Mathew Ryan,Goalkeeper,BHA,-5
1060044,Jahanbakhsh,Alireza Jahanbakhsh,Midfielder,BHA,1
1060044,Bernardo,Bernardo Fernandes da Silva Junior,Defender,BHA,-11
1060044,Bissouma,Yves Bissouma,Midfielder,BHA,8
1060044,Lamptey,Tariq Lamptey,Defender,BHA,-1
1060044,Connolly,Aaron Connolly,Forward,BHA,-1
1060044,Silva,David Silva,Midfielder,MCI,13
1060044,Fernandinho,Fernando Luiz Rosa,Midfielder,MCI,12
1060044,Walker,Kyle Walker,Defender,MCI,31
1060044,De Bruyne,Kevin De Bruyne,Midfielder,MCI,21
1060044,Stones,John Stones,Defender,MCI,3
1060044,Mendy (Benjamin),Benjamin Mendy,Defender,MCI,30
1060044,Mahrez,Riyad Mahrez,Midfielder,MCI,26
1060044,Sterling (Raheem),Raheem Sterling,Midfielder,MCI,77
1060044,Ederson,Ederson Santana de Moraes,Goalkeeper,MCI,24
1060044,Laporte,Aymeric Laporte,Defender,MCI,31
1060044,Bernardo Silva,Bernardo Mota Veiga de Carvalho e Silva,Midfielder,MCI,46
1060044,Jesus,Gabriel Fernando de Jesus,Forward,MCI,55
1060044,Zinchenko,Oleksandr Zinchenko,Defender,MCI,10
1060044,Foden,Phil Foden,Midfielder,MCI,6
1060044,Rodri,Rodrigo Hernández Cascante,Midfielder,MCI,24
1060044,Garcia,Eric Garcia,Defender,MCI,25
1060045,Tarkowski,James Tarkowski,Defender,BUR,20
1060045,Bardsley,Phillip Bardsley,Defender,BUR,6
1060045,Pieters,Erik Pieters,Defender,BUR,5
1060045,Long (Kevin),Kevin Long,Defender,BUR,5
1060045,Rodriguez,Jay Rodriguez,Forward,BUR,30
1060045,Westwood,Ashley Roy Westwood,Midfielder,BUR,10
1060045,Gudmundsson,Johann Berg Gudmundsson,Midfielder,BUR,-1
1060045,Wood,Chris Wood,Forward,BUR,4
1060045,Vydra,Matej Vydra,Forward,BUR,5
1060045,Pope,Nick Pope,Goalkeeper,BUR,19
1060045,Taylor (Charlie),Charlie Taylor,Defender,BUR,5
1060045,Brownhill,Josh Brownhill,Midfielder,BUR,14
1060045,McNeil,Dwight McNeil,Midfielder,BUR,13
1060045,Wijnaldum,Georginio Wijnaldum,Midfielder,LIV,14
1060045,Oxlade-Chamberlain,Alex Oxlade-Chamberlain,Midfielder,LIV,4
1060045,Firmino,Roberto Firmino Barbosa de Oliveira,Forward,LIV,15
1060045,van Dijk,Virgil van Dijk,Defender,LIV,10
1060045,Mane,Sadio Mane,Midfielder,LIV,23
1060045,Alisson,Alisson Ramses Becker,Goalkeeper,LIV,10
1060045,Fabinho,Fabio Henrique Tavares,Midfielder,LIV,25
1060045,Salah,Mohamed Salah,Midfielder,LIV,11
1060045,Robertson,Andrew Robertson,Defender,LIV,22
1060045,Alexander-Arnold,Trent Alexander-Arnold,Defender,LIV,4
1060045,Gomez,Joseph Gomez,Defender,LIV,5
1060045,Keita,Naby Keita,Midfielder,LIV,3
1060045,Jones (Curtis),Curtis Jones,Midfielder,LIV,13
1060045,Williams (Neco),Neco Williams,Defender,LIV,26
1060046,De Gea,David De Gea,Goalkeeper,MUN,6
1060046,Matic,Nemanja Matic,Midfielder,MUN,25
1060046,Pogba,Paul Pogba,Midfielder,MUN,8
1060046,Maguire,Harry Maguire,Defender,MUN,6
1060046,Fred,Frederico Rodrigues de Paula Santos,Midfielder,MUN,2
1060046,Shaw,Luke Shaw,Defender,MUN,10
1060046,Bruno Fernandes,Bruno Miguel Borges Fernandes,Midfielder,MUN,23
1060046,Martial,Anthony Martial,Midfielder,MUN,45
1060046,Rashford,Marcus Rashford,Midfielder,MUN,26
1060046,Lindelof,Victor Nilsson-Lindelof,Defender,MUN,6
1060046,McTominay,Scott McTominay,Midfielder,MUN,2
1060046,James (Daniel),Daniel James,Midfielder,MUN,2
1060046,Wan-Bissaka,Aaron Wan-Bissaka,Defender,MUN,0
1060046,Greenwood,Mason Greenwood,Forward,MUN,7
1060046,Williams (Brandon),Brandon Williams,Defender,MUN,7
1060046,Long (Shane),Shane Long,Forward,SOU,5
1060046,Bertrand,Ryan Bertrand,Defender,SOU,5
1060046,McCarthy (Alex),Alex McCarthy,Goalkeeper,SOU,5
1060046,Romeu,Oriol Romeu,Midfielder,SOU,12
1060046,Redmond,Nathan Redmond,Midfielder,SOU,27
1060046,Ings,Danny Ings,Forward,SOU,4
1060046,Stephens (Jack),Jack Stephens,Defender,SOU,4
1060046,Armstrong (Stuart),Stuart Armstrong,Midfielder,SOU,33
1060046,Ward-Prowse,James Ward-Prowse,Midfielder,SOU,8
1060046,Walker-Peters,Kyle Walker-Peters,Defender,SOU,-3
1060046,Bednarek,Jan Bednarek,Defender,SOU,22
1060046,Adams,Che Adams,Forward,SOU,14
1060046,Smallbone,William Smallbone,Forward,SOU,3
1060046,Obafemi,Michael Obafemi,Forward,SOU,28
1060047,Tettey,Alexander Tettey,Midfielder,NOR,13
1060047,Krul,Tim Krul,Goalkeeper,NOR,2
1060047,Vrancic,Mario Vrancic,Midfielder,NOR,4
1060047,Pukki,Teemu Pukki,Forward,NOR,4
1060047,Stiepermann,Marco Stiepermann,Midfielder,NOR,5
1060047,Rupp,Lukas Rupp,Midfielder,NOR,3
1060047,Kenny McLean,Kenneth McLean,Midfielder,NOR,5
1060047,Klose,Timm Klose,Defender,NOR,-4
1060047,Hernández (Onel),Onel Hernández,Midfielder,NOR,10
1060047,Cantwell,Todd Cantwell,Midfielder,NOR,1
1060047,Lewis (Jamal),Jamal Lewis,Defender,NOR,-4
1060047,Buendía,Emiliano Buendía,Midfielder,NOR,11
1060047,Godfrey,Ben Godfrey,Defender,NOR,-1
1060047,Aarons (Maximillian),Maximillian Aarons,Defender,NOR,1
1060047,Idah,Adam Idah,Forward,NOR,2
1060047,Martin (Josh),Josh Martin,Midfielder,NOR,3
1060047,Noble,Mark Noble,Midfielder,WHU,36
1060047,Fabianski,Lukasz Fabianski,Goalkeeper,WHU,24
1060047,Ogbonna,Angelo Ogbonna,Defender,WHU,23
1060047,Wilshere,Jack Wilshere,Midfielder,WHU,2
1060047,Cresswell,Aaron Cresswell,Defender,WHU,26
1060047,Yarmolenko,Andriy Yarmolenko,Midfielder,WHU,3
1060047,Antonio,Michail Antonio,Forward,WHU,117
1060047,Fredericks,Ryan Fredericks,Defender,WHU,41
1060047,Haller,Sébastien Haller,Forward,WHU,4
1060047,Masuaku,Arthur Masuaku,Defender,WHU,3
1060047,Balbuena,Fabián Balbuena,Defender,WHU,3
1060047,Bowen,Jarrod Bowen,Midfielder,WHU,7
1060047,Rice,Declan Rice,Midfielder,WHU,22
1060047,Soucek,Tomas Soucek,Midfielder,WHU,5
1060047,Fornals,Pablo Fornals,Midfielder,WHU,10
1060047,Diop,Issa Diop,Defender,WHU,35
1060048,Azpilicueta,César Azpilicueta,Defender,CHE,1
1060048,Giroud,Olivier Giroud,Forward,CHE,4
1060048,Willian,Willian Borges Da Silva,Midfielder,CHE,14
1060048,Alonso,Marcos Alonso,Defender,CHE,9
1060048,Jorginho,Jorge Luiz Frello Filho,Midfielder,CHE,14
1060048,Barkley,Ross Barkley,Midfielder,CHE,22
1060048,Rüdiger,Antonio Rüdiger,Defender,CHE,6
1060048,Zouma,Kurt Zouma,Defender,CHE,5
1060048,Kepa,Kepa Arrizabalaga Revuelta,Goalkeeper,CHE,3
1060048,Loftus-Cheek,Ruben Loftus-Cheek,Midfielder,CHE,3
1060048,Christensen,Andreas Christensen,Defender,CHE,1
1060048,Abraham,Tammy Abraham,Forward,CHE,-1
1060048,Pulisic,Christian Pulisic,Midfielder,CHE,8
1060048,Mount,Mason Mount,Midfielder,CHE,2
1060048,Hudson-Odoi,Callum Hudson-Odoi,Midfielder,CHE,9
1060048,James (Reece),Reece James,Defender,CHE,20
1060048,Jagielka,Phil Jagielka,Defender,SHU,5
1060048,McGoldrick,David McGoldrick,Forward,SHU,67
1060048,Basham,Chris Basham,Defender,SHU,22
1060048,Stevens,Enda Stevens,Defender,SHU,28
1060048,Norwood,Oliver Norwood,Midfielder,SHU,13
1060048,Baldock,George Baldock,Defender,SHU,19
1060048,Egan,John Egan,Defender,SHU,24
1060048,O'Connell,Jack O'Connell,Defender,SHU,26
1060048,Lundstram,John Lundstram,Defender,SHU,5
1060048,Osborn,Ben Osborn,Midfielder,SHU,10
1060048,McBurnie,Oliver McBurnie,Forward,SHU,46
1060048,Henderson (Dean),Dean Henderson,Goalkeeper,SHU,32
1060048,Mousset,Lys Mousset,Forward,SHU,-4
1060048,Berge,Sander Berge,Midfielder,SHU,10
1060049,Luiz,David Luiz Moreira Marinho,Defender,ARS,4
1060049,Aubameyang,Pierre-Emerick Aubameyang,Forward,ARS,8
1060049,Cedric,Cedric Ricardo Alves Soares,Defender,ARS,6
1060049,Lacazette,Alexandre Lacazette,Forward,ARS,32
1060049,Mustafi,Shkodran Mustafi,Defender,ARS,7
1060049,Xhaka,Granit Xhaka,Midfielder,ARS,23
1060049,Bellerín,Héctor Bellerín,Defender,ARS,3
1060049,Martinez,Emiliano Martinez,Goalkeeper,ARS,15
1060049,Kolasinac,Sead Kolasinac,Defender,ARS,1
1060049,Dani Ceballos,Daniel Ceballos Fernández,Midfielder,ARS,23
1060049,Tierney,Kieran Tierney,Defender,ARS,4
1060049,Pepe,Nicolas Pepe,Midfielder,ARS,5
1060049,Willock,Joseph Willock,Midfielder,ARS,4
1060049,Nelson,Reiss Nelson,Midfielder,ARS,3
1060049,Saka,Bukayo Saka,Midfielder,ARS,3
1060049,Lloris,Hugo Lloris,Goalkeeper,TOT,10
1060049,Sissoko,Moussa Sissoko,Midfielder,TOT,8
1060049,Alderweireld,Toby Alderweireld,Defender,TOT,28
1060049,Lamela,Erik Lamela,Midfielder,TOT,1
1060049,Kane (Harry),Harry Kane,Forward,TOT,19
1060049,Aurier,Serge Aurier,Defender,TOT,3
1060049,Son,Heung-Min Son,Midfielder,TOT,44
1060049,Lucas Moura,Lucas Rodrigues Moura da Silva,Midfielder,TOT,30
1060049,Davies (Ben),Ben Davies,Defender,TOT,7
1060049,Winks,Harry Winks,Midfielder,TOT,9
1060049,Sánchez (Davinson),Davinson Sánchez,Defender,TOT,6
1060049,Bergwijn,Steven Bergwijn,Midfielder,TOT,0
1060049,Lo Celso,Giovani Lo Celso,Midfielder,TOT,11
1060049,Skipp,Oliver Skipp,Midfielder,TOT,3
1060050,Rose,Danny Rose,Defender,NEW,9
1060050,Shelvey,Jonjo Shelvey,Midfielder,NEW,14
1060050,Ritchie,Matt Ritchie,Defender,NEW,5
1060050,Fernández,Federico Fernández,Defender,NEW,12
1060050,Dubravka,Martin Dubravka,Goalkeeper,NEW,6
1060050,Lascelles,Jamaal Lascelles,Defender,NEW,3
1060050,Gayle,Dwight Gayle,Forward,NEW,41
1060050,Manquillo,Javier Manquillo,Defender,NEW,-8
1060050,Krafth,Emil Krafth,Defender,NEW,-2
1060050,Lazaro,Valentino Lazaro,Midfielder,NEW,3
1060050,Schär,Fabian Schär,Defender,NEW,2
1060050,Bentaleb,Nabil Bentaleb,Midfielder,NEW,11
1060050,Saint-Maximin,Allan Saint-Maximin,Midfielder,NEW,13
1060050,Almirón,Miguel Almirón,Midfielder,NEW,11
1060050,Joelinton,Joelinton Cássio Apolinário de Lira,Forward,NEW,7
1060050,Foster,Ben Foster,Goalkeeper,WAT,9
1060050,Capoue,Etienne Capoue,Midfielder,WAT,13
1060050,Deeney,Troy Deeney,Forward,WAT,58
1060050,Cleverley,Tom Cleverley,Midfielder,WAT,2
1060050,Welbeck,Danny Welbeck,Forward,WAT,4
1060050,Femenía,Francisco Femenía Far,Defender,WAT,15
1060050,Dawson,Craig Dawson,Defender,WAT,18
1060050,Gray (Andre),Andre Gray,Forward,WAT,2
1060050,Kabasele,Christian Kabasele,Defender,WAT,6
1060050,Hughes,Will Hughes,Midfielder,WAT,17
1060050,Doucouré,Abdoulaye Doucouré,Midfielder,WAT,7
1060050,Masina,Adam Masina,Defender,WAT,3
1060050,Ismaila Sarr,Ismaila Sarr,Midfielder,WAT,22
1060051,Baines,Leighton Baines,Defender,EVE,1
1060051,Walcott,Theo Walcott,Midfielder,EVE,6
1060051,Sigurdsson,Gylfi Sigurdsson,Midfielder,EVE,16
1060051,Coleman,Seamus Coleman,Defender,EVE,-5
1060051,Bernard,Bernard Anício Caldeira Duarte,Midfielder,EVE,6
1060051,Digne,Lucas Digne,Defender,EVE,-1
1060051,Keane,Michael Keane,Defender,EVE,-1
1060051,Pickford,Jordan Pickford,Goalkeeper,EVE,4
1060051,Iwobi,Alex Iwobi,Midfielder,EVE,3
1060051,Mina,Yerry Mina,Defender,EVE,10
1060051,Davies (Tom),Tom Davies,Midfielder,EVE,10
1060051,Calvert-Lewin,Dominic Calvert-Lewin,Forward,EVE,11
1060051,Richarlison,Richarlison de Andrade,Midfielder,EVE,8
1060051,Gordon (Anthony),Anthony Gordon,Forward,EVE,8
1060051,Kean,Moise Kean,Forward,EVE,1
1060051,Branthwaite,Jarrad Branthwaite,Defender,EVE,-8
1060051,Moutinho,João Moutinho,Midfielder,WOL,4
1060051,Rui Patrício,Rui Pedro dos Santos Patrício,Goalkeeper,WOL,25
1060051,Doherty,Matt Doherty,Defender,WOL,21
1060051,Boly,Willy Boly,Defender,WOL,28
1060051,Coady,Conor Coady,Defender,WOL,27
1060051,Raúl Jiménez,Raul Alonso Jimenez Rodriguez,Forward,WOL,34
1060051,Saiss,Romain Saiss,Defender,WOL,27
1060051,Jonny,Jonathan Castro Otto,Defender,WOL,25
1060051,Dendoncker,Leander Dendoncker,Midfielder,WOL,34
1060051,Traoré,Adama Traoré,Midfielder,WOL,-1
1060051,Ruben Neves,Rúben Diogo da Silva Neves,Midfielder,WOL,39
1060051,Diogo Jota,Diogo José Teixeira da Silva,Midfielder,WOL,25
1060051,Podence,Daniel Podence,Midfielder,WOL,26
1060051,Neto,Pedro Neto,Midfielder,WOL,25
1060052,Luiz,David Luiz Moreira Marinho,Defender,ARS,10
1060052,Aubameyang,Pierre-Emerick Aubameyang,Forward,ARS,3
1060052,Cedric,Cedric Ricardo Alves Soares,Defender,ARS,2
1060052,Lacazette,Alexandre Lacazette,Forward,ARS,42
1060052,Xhaka,Granit Xhaka,Midfielder,ARS,18
1060052,Martinez,Emiliano Martinez,Goalkeeper,ARS,22
1060052,Kolasinac,Sead Kolasinac,Defender,ARS,3
1060052,Maitland-Niles,Ainsley Maitland-Niles,Defender,ARS,3
1060052,Holding,Rob Holding,Defender,ARS,7
1060052,Dani Ceballos,Daniel Ceballos Fernández,Midfielder,ARS,-1
1060052,Tierney,Kieran Tierney,Defender,ARS,10
1060052,Pepe,Nicolas Pepe,Midfielder,ARS,5
1060052,Torreira,Lucas Torreira,Midfielder,ARS,0
1060052,Willock,Joseph Willock,Midfielder,ARS,0
1060052,Nelson,Reiss Nelson,Midfielder,ARS,24
1060052,Saka,Bukayo Saka,Midfielder,ARS,8
1060052,Wijnaldum,Georginio Wijnaldum,Midfielder,LIV,20
1060052,Shaqiri,Xherdan Shaqiri,Midfielder,LIV,3
1060052,Oxlade-Chamberlain,Alex Oxlade-Chamberlain,Midfielder,LIV,13
1060052,Firmino,Roberto Firmino Barbosa de Oliveira,Forward,LIV,9
1060052,van Dijk,Virgil van Dijk,Defender,LIV,3
1060052,Mane,Sadio Mane,Midfielder,LIV,33
1060052,Alisson,Alisson Ramses Becker,Goalkeeper,LIV,-1
1060052,Fabinho,Fabio Henrique Tavares,Midfielder,LIV,14
1060052,Salah,Mohamed Salah,Midfielder,LIV,4
1060052,Robertson,Andrew Robertson,Defender,LIV,25
1060052,Origi,Divock Origi,Forward,LIV,4
1060052,Minamino,Takumi Minamino,Midfielder,LIV,2
1060052,Alexander-Arnold,Trent Alexander-Arnold,Defender,LIV,6
1060052,Gomez,Joseph Gomez,Defender,LIV,8
1060052,Keita,Naby Keita,Midfielder,LIV,11
1060053,Tarkowski,James Tarkowski,Defender,BUR,8
1060053,Bardsley,Phillip Bardsley,Defender,BUR,20
1060053,Pieters,Erik Pieters,Defender,BUR,3
1060053,Long (Kevin),Kevin Long,Defender,BUR,6
1060053,Rodriguez,Jay Rodriguez,Forward,BUR,0
1060053,Westwood,Ashley Roy Westwood,Midfielder,BUR,15
1060053,Gudmundsson,Johann Berg Gudmundsson,Midfielder,BUR,9
1060053,Wood,Chris Wood,Forward,BUR,23
1060053,Vydra,Matej Vydra,Forward,BUR,7
1060053,Brady,Robert Brady,Midfielder,BUR,2
1060053,Pope,Nick Pope,Goalkeeper,BUR,14
1060053,Taylor (Charlie),Charlie Taylor,Defender,BUR,4
1060053,Brownhill,Josh Brownhill,Midfielder,BUR,16
1060053,McNeil,Dwight McNeil,Midfielder,BUR,10
1060053,Moutinho,João Moutinho,Midfielder,WOL,20
1060053,Rui Patrício,Rui Pedro dos Santos Patrício,Goalkeeper,WOL,6
1060053,Doherty,Matt Doherty,Defender,WOL,5
1060053,Boly,Willy Boly,Defender,WOL,16
1060053,Coady,Conor Coady,Defender,WOL,8
1060053,Raúl Jiménez,Raul Alonso Jimenez Rodriguez,Forward,WOL,30
1060053,Saiss,Romain Saiss,Defender,WOL,11
1060053,Jonny,Jonathan Castro Otto,Defender,WOL,-1
1060053,Dendoncker,Leander Dendoncker,Midfielder,WOL,2
1060053,Traoré,Adama Traoré,Midfielder,WOL,21
1060053,Ruben Neves,Rúben Diogo da Silva Neves,Midfielder,WOL,14
1060053,Diogo Jota,Diogo José Teixeira da Silva,Midfielder,WOL,6
1060053,Podence,Daniel Podence,Midfielder,WOL,6
1060053,Rúben Vinagre,Rúben Gonçalo Silva Nascimento Vinagre,Defender,WOL,22
1060053,Neto,Pedro Neto,Midfielder,WOL,5
1060054,Azpilicueta,César Azpilicueta,Defender,CHE,42
1060054,Giroud,Olivier Giroud,Forward,CHE,27
1060054,Willian,Willian Borges Da Silva,Midfielder,CHE,26
1060054,Alonso,Marcos Alonso,Defender,CHE,29
1060054,Jorginho,Jorge Luiz Frello Filho,Midfielder,CHE,18
1060054,Barkley,Ross Barkley,Midfielder,CHE,5
1060054,Kovacic,Mateo Kovacic,Midfielder,CHE,15
1060054,Rüdiger,Antonio Rüdiger,Defender,CHE,30
1060054,Zouma,Kurt Zouma,Defender,CHE,20
1060054,Kepa,Kepa Arrizabalaga Revuelta,Goalkeeper,CHE,19
1060054,Loftus-Cheek,Ruben Loftus-Cheek,Midfielder,CHE,14
1060054,Abraham,Tammy Abraham,Forward,CHE,3
1060054,Pulisic,Christian Pulisic,Midfielder,CHE,20
1060054,Hudson-Odoi,Callum Hudson-Odoi,Midfielder,CHE,5
1060054,James (Reece),Reece James,Defender,CHE,4
1060054,Tettey,Alexander Tettey,Midfielder,NOR,8
1060054,Krul,Tim Krul,Goalkeeper,NOR,14
1060054,Pukki,Teemu Pukki,Forward,NOR,3
1060054,Stiepermann,Marco Stiepermann,Midfielder,NOR,3
1060054,Rupp,Lukas Rupp,Midfielder,NOR,10
1060054,Kenny McLean,Kenneth McLean,Midfielder,NOR,13
1060054,Drmic,Josip Drmic,Forward,NOR,9
1060054,Klose,Timm Klose,Defender,NOR,14
1060054,Hernández (Onel),Onel Hernández,Midfielder,NOR,12
1060054,Cantwell,Todd Cantwell,Midfielder,NOR,13
1060054,Lewis (Jamal),Jamal Lewis,Defender,NOR,13
1060054,Buendía,Emiliano Buendía,Midfielder,NOR,-1
1060054,Godfrey,Ben Godfrey,Defender,NOR,9
1060054,Aarons (Maximillian),Maximillian Aarons,Defender,NOR,7
1060054,Idah,Adam Idah,Forward,NOR,4
1060054,Martin (Josh),Josh Martin,Midfielder,NOR,2
1060055,Dann,Scott Dann,Defender,CRY,9
1060055,Sakho,Mamadou Sakho,Defender,CRY,13
1060055,Guaita,Vicente Guaita,Goalkeeper,CRY,5
1060055,McArthur,James McArthur,Midfielder,CRY,15
1060055,McCarthy (James),James McCarthy,Midfielder,CRY,14
1060055,Ward (Joel),Joel Ward,Defender,CRY,2
1060055,Townsend,Andros Townsend,Midfielder,CRY,19
1060055,Milivojevic,Luka Milivojevic,Midfielder,CRY,13
1060055,Van Aanholt,Patrick Van Aanholt,Defender,CRY,4
1060055,Ayew,Jordan Ayew,Forward,CRY,10
1060055,Zaha,Wilfried Zaha,Midfielder,CRY,9
1060055,Schlupp,Jeffrey Schlupp,Midfielder,CRY,3
1060055,Riedewald,Jairo Riedewald,Midfielder,CRY,7
1060055,Mitchell,Tyrick Mitchell,Defender,CRY,5
1060055,De Gea,David De Gea,Goalkeeper,MUN,30
1060055,Matic,Nemanja Matic,Midfielder,MUN,11
1060055,Pogba,Paul Pogba,Midfielder,MUN,10
1060055,Maguire,Harry Maguire,Defender,MUN,21
1060055,Lingard,Jesse Lingard,Midfielder,MUN,3
1060055,Bruno Fernandes,Bruno Miguel Borges Fernandes,Midfielder,MUN,13
1060055,Martial,Anthony Martial,Midfielder,MUN,29
1060055,Rashford,Marcus Rashford,Midfielder,MUN,52
1060055,Lindelof,Victor Nilsson-Lindelof,Defender,MUN,33
1060055,McTominay,Scott McTominay,Midfielder,MUN,14
1060055,Fosu-Mensah,Timothy Fosu-Mensah,Defender,MUN,27
1060055,Wan-Bissaka,Aaron Wan-Bissaka,Defender,MUN,28
1060055,Greenwood,Mason Greenwood,Forward,MUN,13
1060056,Reina,José Reina,Goalkeeper,AVL,6
1060056,Elmohamady,Ahmed Elmohamady,Defender,AVL,8
1060056,Hourihane,Conor Hourihane,Midfielder,AVL,26
1060056,Grealish,Jack Grealish,Midfielder,AVL,18
1060056,McGinn,John McGinn,Midfielder,AVL,10
1060056,Trezeguet,Mahmoud Hassan,Midfielder,AVL,2
1060056,Mings,Tyrone Mings,Defender,AVL,7
1060056,Targett,Matt Targett,Defender,AVL,15
1060056,El Ghazi,Anwar El Ghazi,Midfielder,AVL,-1
1060056,Konsa Ngoyo,Ezri Konsa Ngoyo,Defender,AVL,18
1060056,Samatta,Mbwana Aly Samatta,Forward,AVL,2
1060056,Davis,Keinan Davis,Midfielder,AVL,3
1060056,Douglas Luiz,Douglas Luiz Soares de Paulo,Midfielder,AVL,21
1060056,Walcott,Theo Walcott,Midfielder,EVE,25
1060056,Sigurdsson,Gylfi Sigurdsson,Midfielder,EVE,4
1060056,Coleman,Seamus Coleman,Defender,EVE,16
1060056,Bernard,Bernard Anício Caldeira Duarte,Midfielder,EVE,5
1060056,Digne,Lucas Digne,Defender,EVE,11
1060056,Keane,Michael Keane,Defender,EVE,13
1060056,Pickford,Jordan Pickford,Goalkeeper,EVE,9
1060056,André Gomes,André Filipe Tavares Gomes,Midfielder,EVE,29
1060056,Iwobi,Alex Iwobi,Midfielder,EVE,11
1060056,Davies (Tom),Tom Davies,Midfielder,EVE,13
1060056,Calvert-Lewin,Dominic Calvert-Lewin,Forward,EVE,3
1060056,Holgate,Mason Holgate,Defender,EVE,4
1060056,Richarlison,Richarlison de Andrade,Midfielder,EVE,4
1060056,Gordon (Anthony),Anthony Gordon,Forward,EVE,5
1060056,Kean,Moise Kean,Forward,EVE,1
1060056,Branthwaite,Jarrad Branthwaite,Defender,EVE,11
1060057,Morgan,Wes Morgan,Defender,LEI,27
1060057,Schmeichel,Kasper Schmeichel,Goalkeeper,LEI,22
1060057,Evans (Jonny),Jonny Evans,Defender,LEI,21
1060057,R Bennett,Ryan Bennett,Defender,LEI,24
1060057,Vardy,Jamie Vardy,Forward,LEI,23
1060057,Tielemans,Youri Tielemans,Midfielder,LEI,22
1060057,Ayoze Pérez,Ayoze Pérez Gutiérrez,Midfielder,LEI,24
1060057,Gray (Demarai),Demarai Gray,Midfielder,LEI,21
1060057,Choudhury,Hamza Choudhury,Midfielder,LEI,3
1060057,Barnes (Harvey),Harvey Barnes,Midfielder,LEI,7
1060057,Ndidi,Onyinye Wilfred Ndidi,Midfielder,LEI,17
1060057,Justin,James Justin,Defender,LEI,28
1060057,Thomas (Luke),Luke Thomas,Defender,LEI,37
1060057,Sharp,Billy Sharp,Forward,SHU,2
1060057,McGoldrick,David McGoldrick,Forward,SHU,-3
1060057,Basham,Chris Basham,Defender,SHU,3
1060057,Fleck,John Fleck,Midfielder,SHU,1
1060057,Stevens,Enda Stevens,Defender,SHU,4
1060057,Norwood,Oliver Norwood,Midfielder,SHU,22
1060057,Baldock,George Baldock,Defender,SHU,5
1060057,Egan,John Egan,Defender,SHU,7
1060057,O'Connell,Jack O'Connell,Defender,SHU,0
1060057,Lundstram,John Lundstram,Defender,SHU,-1
1060057,Osborn,Ben Osborn,Midfielder,SHU,4
1060057,McBurnie,Oliver McBurnie,Forward,SHU,12
1060057,Henderson (Dean),Dean Henderson,Goalkeeper,SHU,11
1060057,Mousset,Lys Mousset,Forward,SHU,2
1060057,Berge,Sander Berge,Midfielder,SHU,1
1060058,Gosling,Dan Gosling,Midfielder,BOU,15
1060058,Stanislas,Junior Stanislas,Midfielder,BOU,8
1060058,Cook (Steve),Steve Cook,Defender,BOU,1
1060058,Wilson (Callum),Callum Wilson,Forward,BOU,12
1060058,King (Joshua),Joshua King,Forward,BOU,6
1060058,Brooks,David Brooks,Midfielder,BOU,25
1060058,Lerma,Jefferson Lerma,Midfielder,BOU,8
1060058,Wilson (Harry),Harry Wilson,Midfielder,BOU,3
1060058,Stacey,Jack Stacey,Defender,BOU,-1
1060058,Solanke,Dominic Solanke,Forward,BOU,6
1060058,Cook (Lewis),Lewis Cook,Midfielder,BOU,2
1060058,Billing,Philip Billing,Midfielder,BOU,7
1060058,Rico,Diego Rico,Defender,BOU,8
1060058,Surridge,Sam Surridge,Forward,BOU,3
1060058,Ramsdale,Aaron Ramsdale,Goalkeeper,BOU,4
1060058,Kelly (Lloyd),Lloyd Kelly,Defender,BOU,-1
1060058,Silva,David Silva,Midfielder,MCI,49
1060058,Fernandinho,Fernando Luiz Rosa,Midfielder,MCI,19
1060058,Otamendi,Nicolás Otamendi,Defender,MCI,8
1060058,Walker,Kyle Walker,Defender,MCI,8
1060058,Gundogan,Ilkay Gundogan,Midfielder,MCI,14
1060058,Stones,John Stones,Defender,MCI,13
1060058,Mendy (Benjamin),Benjamin Mendy,Defender,MCI,24
1060058,Mahrez,Riyad Mahrez,Midfielder,MCI,3
1060058,Sterling (Raheem),Raheem Sterling,Midfielder,MCI,3
1060058,Ederson,Ederson Santana de Moraes,Goalkeeper,MCI,10
1060058,Bernardo Silva,Bernardo Mota Veiga de Carvalho e Silva,Midfielder,MCI,5
1060058,Jesus,Gabriel Fernando de Jesus,Forward,MCI,33
1060058,Zinchenko,Oleksandr Zinchenko,Defender,MCI,1
1060058,Foden,Phil Foden,Midfielder,MCI,16
1060058,Rodri,Rodrigo Hernández Cascante,Midfielder,MCI,3
1060058,Garcia,Eric Garcia,Defender,MCI,3
1060059,Shelvey,Jonjo Shelvey,Midfielder,NEW,11
1060059,Ritchie,Matt Ritchie,Defender,NEW,22
1060059,Fernández,Federico Fernández,Defender,NEW,-2
1060059,Dubravka,Martin Dubravka,Goalkeeper,NEW,-1
1060059,Gayle,Dwight Gayle,Forward,NEW,9
1060059,Krafth,Emil Krafth,Defender,NEW,5
1060059,Lazaro,Valentino Lazaro,Midfielder,NEW,3
1060059,Schär,Fabian Schär,Defender,NEW,2
1060059,Bentaleb,Nabil Bentaleb,Midfielder,NEW,13
1060059,Yedlin,DeAndre Yedlin,Defender,NEW,2
1060059,Saint-Maximin,Allan Saint-Maximin,Midfielder,NEW,28
1060059,Almirón,Miguel Almirón,Midfielder,NEW,13
1060059,Joelinton,Joelinton Cássio Apolinário de Lira,Forward,NEW,3
1060059,Longstaff (Matthew),Matthew Longstaff,Midfielder,NEW,3
1060059,Lloris,Hugo Lloris,Goalkeeper,TOT,15
1060059,Vertonghen,Jan Vertonghen,Defender,TOT,3
1060059,Sissoko,Moussa Sissoko,Midfielder,TOT,15
1060059,Alderweireld,Toby Alderweireld,Defender,TOT,2
1060059,Lamela,Erik Lamela,Midfielder,TOT,18
1060059,Kane (Harry),Harry Kane,Forward,TOT,60
1060059,Aurier,Serge Aurier,Defender,TOT,2
1060059,Son,Heung-Min Son,Midfielder,TOT,30
1060059,Lucas Moura,Lucas Rodrigues Moura da Silva,Midfielder,TOT,4
1060059,Davies (Ben),Ben Davies,Defender,TOT,3
1060059,Winks,Harry Winks,Midfielder,TOT,15
1060059,Sánchez (Davinson),Davinson Sánchez,Defender,TOT,12
1060059,Bergwijn,Steven Bergwijn,Midfielder,TOT,17
1060059,Lo Celso,Giovani Lo Celso,Midfielder,TOT,28
1060060,Murray,Glenn Murray,Forward,BHA,13
1060060,Stephens (Dale),Dale Stephens,Midfielder,BHA,12
1060060,Groß,Pascal Groß,Midfielder,BHA,0
1060060,Pröpper,Davy Pröpper,Midfielder,BHA,3
1060060,Mooy,Aaron Mooy,Midfielder,BHA,3
1060060,Burn,Dan Burn,Defender,BHA,11
1060060,Dunk,Lewis Dunk,Defender,BHA,13
1060060,Montoya,Martín Montoya,Defender,BHA,2
1060060,March,Solomon March,Midfielder,BHA,11
1060060,Webster,Adam Webster,Defender,BHA,8
1060060,Maupay,Neal Maupay,Forward,BHA,34
1060060,Trossard,Leandro Trossard,Midfielder,BHA,10
1060060,Mat Ryan,Mathew Ryan,Goalkeeper,BHA,14
1060060,Bissouma,Yves Bissouma,Midfielder,BHA,1
1060060,Lamptey,Tariq Lamptey,Defender,BHA,9
1060060,Mac Allister,Alexis Mac Allister,Midfielder,BHA,5
1060060,McCarthy (Alex),Alex McCarthy,Goalkeeper,SOU,5
1060060,Romeu,Oriol Romeu,Midfielder,SOU,6
1060060,Redmond,Nathan Redmond,Midfielder,SOU,29
1060060,Ings,Danny Ings,Forward,SOU,26
1060060,Armstrong (Stuart),Stuart Armstrong,Midfielder,SOU,3
1060060,Vestergaard,Jannik Vestergaard,Defender,SOU,11
1060060,Ward-Prowse,James Ward-Prowse,Midfielder,SOU,24
1060060,Højbjerg,Pierre-Emile Højbjerg,Midfielder,SOU,16
1060060,Walker-Peters,Kyle Walker-Peters,Defender,SOU,20
1060060,Bednarek,Jan Bednarek,Defender,SOU,11
1060060,Adams,Che Adams,Forward,SOU,-2
1060060,Smallbone,William Smallbone,Forward,SOU,15
1060060,Vokins,Jake Vokins,Defender,SOU,7
1060060,Obafemi,Michael Obafemi,Forward,SOU,3
1060061,Foster,Ben Foster,Goalkeeper,WAT,-1
1060061,Mariappa,Adrian Mariappa,Defender,WAT,3
1060061,Deeney,Troy Deeney,Forward,WAT,33
1060061,Cleverley,Tom Cleverley,Midfielder,WAT,13
1060061,Welbeck,Danny Welbeck,Forward,WAT,-1
1060061,Femenía,Francisco Femenía Far,Defender,WAT,3
1060061,Dawson,Craig Dawson,Defender,WAT,5
1060061,Gray (Andre),Andre Gray,Forward,WAT,1
1060061,Kabasele,Christian Kabasele,Defender,WAT,1
1060061,Chalobah (Nathaniel),Nathaniel Chalobah,Midfielder,WAT,3
1060061,Hughes,Will Hughes,Midfielder,WAT,17
1060061,Doucouré,Abdoulaye Doucouré,Midfielder,WAT,21
1060061,Masina,Adam Masina,Defender,WAT,-7
1060061,Ismaila Sarr,Ismaila Sarr,Midfielder,WAT,15
1060061,João Pedro,João Pedro Junqueira de Jesus,Forward,WAT,2
1060061,Noble,Mark Noble,Midfielder,WHU,16
1060061,Fabianski,Lukasz Fabianski,Goalkeeper,WHU,8
1060061,Ogbonna,Angelo Ogbonna,Defender,WHU,15
1060061,Cresswell,Aaron Cresswell,Defender,WHU,13
1060061,Yarmolenko,Andriy Yarmolenko,Midfielder,WHU,4
1060061,Antonio,Michail Antonio,Forward,WHU,34
1060061,Haller,Sébastien Haller,Forward,WHU,2
1060061,Balbuena,Fabián Balbuena,Defender,WHU,3
1060061,Bowen,Jarrod Bowen,Midfielder,WHU,24
1060061,Rice,Declan Rice,Midfielder,WHU,38
1060061,Soucek,Tomas Soucek,Midfielder,WHU,31
1060061,Fornals,Pablo Fornals,Midfielder,WHU,21
1060061,Diop,Issa Diop,Defender,WHU,5
1060061,Johnson (Ben),Ben Johnson,Midfielder,WHU,11
1060062,Gosling,Dan Gosling,Midfielder,BOU,3
1060062,Stanislas,Junior Stanislas,Midfielder,BOU,9
1060062,Cook (Steve),Steve Cook,Defender,BOU,1
1060062,Wilson (Callum),Callum Wilson,Forward,BOU,1
1060062,King (Joshua),Joshua King,Forward,BOU,2
1060062,Brooks,David Brooks,Midfielder,BOU,5
1060062,Lerma,Jefferson Lerma,Midfielder,BOU,7
1060062,Wilson (Harry),Harry Wilson,Midfielder,BOU,7
1060062,Stacey,Jack Stacey,Defender,BOU,0
1060062,Solanke,Dominic Solanke,Forward,BOU,1
1060062,Cook (Lewis),Lewis Cook,Midfielder,BOU,-2
1060062,Billing,Philip Billing,Midfielder,BOU,7
1060062,Rico,Diego Rico,Defender,BOU,1
1060062,Surridge,Sam Surridge,Forward,BOU,3
1060062,Ramsdale,Aaron Ramsdale,Goalkeeper,BOU,24
1060062,Kelly (Lloyd),Lloyd Kelly,Defender,BOU,2
1060062,Long (Shane),Shane Long,Forward,SOU,6
1060062,Bertrand,Ryan Bertrand,Defender,SOU,30
1060062,McCarthy (Alex),Alex McCarthy,Goalkeeper,SOU,30
1060062,Romeu,Oriol Romeu,Midfielder,SOU,14
1060062,Redmond,Nathan Redmond,Midfielder,SOU,16
1060062,Ings,Danny Ings,Forward,SOU,25
1060062,Stephens (Jack),Jack Stephens,Defender,SOU,32
1060062,Armstrong (Stuart),Stuart Armstrong,Midfielder,SOU,6
1060062,Vestergaard,Jannik Vestergaard,Defender,SOU,22
1060062,Ward-Prowse,James Ward-Prowse,Midfielder,SOU,13
1060062,Højbjerg,Pierre-Emile Højbjerg,Midfielder,SOU,3
1060062,Walker-Peters,Kyle Walker-Peters,Defender,SOU,31
1060062,Adams,Che Adams,Forward,SOU,38
1060062,Obafemi,Michael Obafemi,Forward,SOU,16
1060063,Luiz,David Luiz Moreira Marinho,Defender,ARS,3
1060063,Aubameyang,Pierre-Emerick Aubameyang,Forward,ARS,4
1060063,Cedric,Cedric Ricardo Alves Soares,Defender,ARS,5
1060063,Lacazette,Alexandre Lacazette,Forward,ARS,4
1060063,Xhaka,Granit Xhaka,Midfielder,ARS,8
1060063,Martinez,Emiliano Martinez,Goalkeeper,ARS,7
1060063,Kolasinac,Sead Kolasinac,Defender,ARS,8
1060063,Holding,Rob Holding,Defender,ARS,11
1060063,Dani Ceballos,Daniel Ceballos Fernández,Midfielder,ARS,16
1060063,Tierney,Kieran Tierney,Defender,ARS,6
1060063,Pepe,Nicolas Pepe,Midfielder,ARS,10
1060063,Torreira,Lucas Torreira,Midfielder,ARS,5
1060063,Willock,Joseph Willock,Midfielder,ARS,-1
1060063,Eddie Nketiah,Edward Nketiah,Forward,ARS,-3
1060063,Saka,Bukayo Saka,Midfielder,ARS,0
1060063,Reina,José Reina,Goalkeeper,AVL,20
1060063,Elmohamady,Ahmed Elmohamady,Defender,AVL,6
1060063,Lansbury,Henri Lansbury,Midfielder,AVL,3
1060063,Hourihane,Conor Hourihane,Midfielder,AVL,9
1060063,Grealish,Jack Grealish,Midfielder,AVL,29
1060063,McGinn,John McGinn,Midfielder,AVL,8
1060063,Trezeguet,Mahmoud Hassan,Midfielder,AVL,36
1060063,Mings,Tyrone Mings,Defender,AVL,40
1060063,Targett,Matt Targett,Defender,AVL,18
1060063,Nakamba,Marvelous Nakamba,Midfielder,AVL,1
1060063,Konsa Ngoyo,Ezri Konsa Ngoyo,Defender,AVL,27
1060063,Guilbert,Frederic Guilbert,Defender,AVL,21
1060063,Samatta,Mbwana Aly Samatta,Forward,AVL,6
1060063,Davis,Keinan Davis,Midfielder,AVL,0
1060063,Douglas Luiz,Douglas Luiz Soares de Paulo,Midfielder,AVL,6
1060064,Murray,Glenn Murray,Forward,BHA,2
1060064,Stephens (Dale),Dale Stephens,Midfielder,BHA,10
1060064,Groß,Pascal Groß,Midfielder,BHA,1
1060064,Duffy (Shane),Shane Duffy,Defender,BHA,4
1060064,Pröpper,Davy Pröpper,Midfielder,BHA,3
1060064,Mooy,Aaron Mooy,Midfielder,BHA,3
1060064,Burn,Dan Burn,Defender,BHA,33
1060064,Dunk,Lewis Dunk,Defender,BHA,29
1060064,March,Solomon March,Midfielder,BHA,3
1060064,Webster,Adam Webster,Defender,BHA,25
1060064,Maupay,Neal Maupay,Forward,BHA,9
1060064,Trossard,Leandro Trossard,Midfielder,BHA,5
1060064,Mat Ryan,Mathew Ryan,Goalkeeper,BHA,26
1060064,Bissouma,Yves Bissouma,Midfielder,BHA,16
1060064,Lamptey,Tariq Lamptey,Defender,BHA,26
1060064,Mac Allister,Alexis Mac Allister,Midfielder,BHA,3
1060064,Rose,Danny Rose,Defender,NEW,25
1060064,Carroll,Andy Carroll,Forward,NEW,-2
1060064,Shelvey,Jonjo Shelvey,Midfielder,NEW,10
1060064,Ritchie,Matt Ritchie,Defender,NEW,25
1060064,Fernández,Federico Fernández,Defender,NEW,25
1060064,Dubravka,Martin Dubravka,Goalkeeper,NEW,25
1060064,Gayle,Dwight Gayle,Forward,NEW,4
1060064,Manquillo,Javier Manquillo,Defender,NEW,23
1060064,Krafth,Emil Krafth,Defender,NEW,23
1060064,Lazaro,Valentino Lazaro,Midfielder,NEW,3
1060064,Bentaleb,Nabil Bentaleb,Midfielder,NEW,10
1060064,Saint-Maximin,Allan Saint-Maximin,Midfielder,NEW,10
1060064,Almirón,Miguel Almirón,Midfielder,NEW,13
1060064,Joelinton,Joelinton Cássio Apolinário de Lira,Forward,NEW,3
1060065,Azpilicueta,César Azpilicueta,Defender,CHE,-7
1060065,Giroud,Olivier Giroud,Forward,CHE,31
1060065,Willian,Willian Borges Da Silva,Midfielder,CHE,16
1060065,Alonso,Marcos Alonso,Defender,CHE,-4
1060065,Jorginho,Jorge Luiz Frello Filho,Midfielder,CHE,12
1060065,Kovacic,Mateo Kovacic,Midfielder,CHE,9
1060065,Rüdiger,Antonio Rüdiger,Defender,CHE,-4
1060065,Zouma,Kurt Zouma,Defender,CHE,-4
1060065,Emerson,Emerson Palmieri dos Santos,Defender,CHE,2
1060065,Kepa,Kepa Arrizabalaga Revuelta,Goalkeeper,CHE,-6
1060065,Abraham,Tammy Abraham,Forward,CHE,29
1060065,Pulisic,Christian Pulisic,Midfielder,CHE,31
1060065,Mount,Mason Mount,Midfielder,CHE,-6
1060065,Hudson-Odoi,Callum Hudson-Odoi,Midfielder,CHE,13
1060065,James (Reece),Reece James,Defender,CHE,2
1060065,Milner,James Milner,Midfielder,LIV,2
1060065,Wijnaldum,Georginio Wijnaldum,Midfielder,LIV,38
1060065,Oxlade-Chamberlain,Alex Oxlade-Chamberlain,Midfielder,LIV,25
1060065,Firmino,Roberto Firmino Barbosa de Oliveira,Forward,LIV,42
1060065,van Dijk,Virgil van Dijk,Defender,LIV,-3
1060065,Mane,Sadio Mane,Midfielder,LIV,28
1060065,Alisson,Alisson Ramses Becker,Goalkeeper,LIV,2
1060065,Fabinho,Fabio Henrique Tavares,Midfielder,LIV,6
1060065,Salah,Mohamed Salah,Midfielder,LIV,14
1060065,Robertson,Andrew Robertson,Defender,LIV,26
1060065,Origi,Divock Origi,Forward,LIV,4
1060065,Minamino,Takumi Minamino,Midfielder,LIV,3
1060065,Alexander-Arnold,Trent Alexander-Arnold,Defender,LIV,29
1060065,Gomez,Joseph Gomez,Defender,LIV,-1
1060065,Keita,Naby Keita,Midfielder,LIV,34
1060065,Jones (Curtis),Curtis Jones,Midfielder,LIV,4
1060066,De Gea,David De Gea,Goalkeeper,MUN,7
1060066,Ighalo,Odion Ighalo,Forward,MUN,5
1060066,Matic,Nemanja Matic,Midfielder,MUN,14
1060066,Pogba,Paul Pogba,Midfielder,MUN,6
1060066,Maguire,Harry Maguire,Defender,MUN,14
1060066,Bruno Fernandes,Bruno Miguel Borges Fernandes,Midfielder,MUN,6
1060066,Martial,Anthony Martial,Midfielder,MUN,22
1060066,Rashford,Marcus Rashford,Midfielder,MUN,4
1060066,Lindelof,Victor Nilsson-Lindelof,Defender,MUN,10
1060066,Fosu-Mensah,Timothy Fosu-Mensah,Defender,MUN,-7
1060066,Wan-Bissaka,Aaron Wan-Bissaka,Defender,MUN,1
1060066,Greenwood,Mason Greenwood,Forward,MUN,35
1060066,Williams (Brandon),Brandon Williams,Defender,MUN,16
1060066,Noble,Mark Noble,Midfielder,WHU,21
1060066,Fabianski,Lukasz Fabianski,Goalkeeper,WHU,9
1060066,Ogbonna,Angelo Ogbonna,Defender,WHU,6
1060066,Cresswell,Aaron Cresswell,Defender,WHU,8
1060066,Yarmolenko,Andriy Yarmolenko,Midfielder,WHU,3
1060066,Antonio,Michail Antonio,Forward,WHU,34
1060066,Haller,Sébastien Haller,Forward,WHU,1
1060066,Masuaku,Arthur Masuaku,Defender,WHU,3
1060066,Bowen,Jarrod Bowen,Midfielder,WHU,20
1060066,Rice,Declan Rice,Midfielder,WHU,21
1060066,Soucek,Tomas Soucek,Midfielder,WHU,16
1060066,Fornals,Pablo Fornals,Midfielder,WHU,12
1060066,Diop,Issa Diop,Defender,WHU,11
1060066,Johnson (Ben),Ben Johnson,Midfielder,WHU,6
1060067,Tarkowski,James Tarkowski,Defender,BUR,23
1060067,Bardsley,Phillip Bardsley,Defender,BUR,32
1060067,Pieters,Erik Pieters,Defender,BUR,37
1060067,Long (Kevin),Kevin Long,Defender,BUR,26
1060067,Rodriguez,Jay Rodriguez,Forward,BUR,12
1060067,Westwood,Ashley Roy Westwood,Midfielder,BUR,22
1060067,Gudmundsson,Johann Berg Gudmundsson,Midfielder,BUR,13
1060067,Wood,Chris Wood,Forward,BUR,30
1060067,Vydra,Matej Vydra,Forward,BUR,2
1060067,Brady,Robert Brady,Midfielder,BUR,7
1060067,Pope,Nick Pope,Goalkeeper,BUR,24
1060067,Brownhill,Josh Brownhill,Midfielder,BUR,12
1060067,McNeil,Dwight McNeil,Midfielder,BUR,21
1060067,Tettey,Alexander Tettey,Midfielder,NOR,16
1060067,Krul,Tim Krul,Goalkeeper,NOR,17
1060067,Vrancic,Mario Vrancic,Midfielder,NOR,3
1060067,Rupp,Lukas Rupp,Midfielder,NOR,5
1060067,Kenny McLean,Kenneth McLean,Midfielder,NOR,14
1060067,Drmic,Josip Drmic,Forward,NOR,-9
1060067,Klose,Timm Klose,Defender,NOR,1
1060067,Hernández (Onel),Onel Hernández,Midfielder,NOR,5
1060067,Zimmermann,Christoph Zimmermann,Defender,NOR,-1
1060067,Cantwell,Todd Cantwell,Midfielder,NOR,9
1060067,Lewis (Jamal),Jamal Lewis,Defender,NOR,4
1060067,Buendía,Emiliano Buendía,Midfielder,NOR,-5
1060067,Godfrey,Ben Godfrey,Defender,NOR,-2
1060067,Aarons (Maximillian),Maximillian Aarons,Defender,NOR,4
1060067,Idah,Adam Idah,Forward,NOR,3
1060068,Walcott,Theo Walcott,Midfielder,EVE,9
1060068,Sigurdsson,Gylfi Sigurdsson,Midfielder,EVE,16
1060068,Coleman,Seamus Coleman,Defender,EVE,3
1060068,Digne,Lucas Digne,Defender,EVE,23
1060068,Sidibe,Djibril Sidibe,Defender,EVE,25
1060068,Keane,Michael Keane,Defender,EVE,31
1060068,Pickford,Jordan Pickford,Goalkeeper,EVE,25
1060068,André Gomes,André Filipe Tavares Gomes,Midfielder,EVE,9
1060068,Davies (Tom),Tom Davies,Midfielder,EVE,7
1060068,Calvert-Lewin,Dominic Calvert-Lewin,Forward,EVE,-5
1060068,Richarlison,Richarlison de Andrade,Midfielder,EVE,22
1060068,Gordon (Anthony),Anthony Gordon,Forward,EVE,8
1060068,Branthwaite,Jarrad Branthwaite,Defender,EVE,30
1060068,Sharp,Billy Sharp,Forward,SHU,2
1060068,McGoldrick,David McGoldrick,Forward,SHU,5
1060068,Basham,Chris Basham,Defender,SHU,23
1060068,Fleck,John Fleck,Midfielder,SHU,8
1060068,Stevens,Enda Stevens,Defender,SHU,12
1060068,Norwood,Oliver Norwood,Midfielder,SHU,8
1060068,Baldock,George Baldock,Defender,SHU,12
1060068,Egan,John Egan,Defender,SHU,8
1060068,O'Connell,Jack O'Connell,Defender,SHU,11
1060068,Zivkovic,Richairo Zivkovic,Forward,SHU,2
1060068,Lundstram,John Lundstram,Defender,SHU,8
1060068,Osborn,Ben Osborn,Midfielder,SHU,3
1060068,McBurnie,Oliver McBurnie,Forward,SHU,3
1060068,Henderson (Dean),Dean Henderson,Goalkeeper,SHU,5
1060068,Berge,Sander Berge,Midfielder,SHU,17
1060069,Morgan,Wes Morgan,Defender,LEI,0
1060069,Schmeichel,Kasper Schmeichel,Goalkeeper,LEI,-2
1060069,Evans (Jonny),Jonny Evans,Defender,LEI,5
1060069,R Bennett,Ryan Bennett,Defender,LEI,-1
1060069,Mendy (Nampalys),Nampalys Mendy,Midfielder,LEI,5
1060069,Vardy,Jamie Vardy,Forward,LEI,7
1060069,Praet,Dennis Praet,Midfielder,LEI,3
1060069,Tielemans,Youri Tielemans,Midfielder,LEI,20
1060069,Ayoze Pérez,Ayoze Pérez Gutiérrez,Midfielder,LEI,9
1060069,Gray (Demarai),Demarai Gray,Midfielder,LEI,12
1060069,Iheanacho,Kelechi Iheanacho,Forward,LEI,8
1060069,Barnes (Harvey),Harvey Barnes,Midfielder,LEI,13
1060069,Ndidi,Onyinye Wilfred Ndidi,Midfielder,LEI,9
1060069,Justin,James Justin,Defender,LEI,-2
1060069,Hirst,George Hirst,Forward,LEI,2
1060069,Thomas (Luke),Luke Thomas,Defender,LEI,5
1060069,Lloris,Hugo Lloris,Goalkeeper,TOT,32
1060069,Sissoko,Moussa Sissoko,Midfielder,TOT,13
1060069,Alderweireld,Toby Alderweireld,Defender,TOT,23
1060069,Lamela,Erik Lamela,Midfielder,TOT,1
1060069,Kane (Harry),Harry Kane,Forward,TOT,64
1060069,Aurier,Serge Aurier,Defender,TOT,24
1060069,Son,Heung-Min Son,Midfielder,TOT,19
1060069,Lucas Moura,Lucas Rodrigues Moura da Silva,Midfielder,TOT,34
1060069,Davies (Ben),Ben Davies,Defender,TOT,26
1060069,Winks,Harry Winks,Midfielder,TOT,12
1060069,Sánchez (Davinson),Davinson Sánchez,Defender,TOT,22
1060069,Bergwijn,Steven Bergwijn,Midfielder,TOT,5
1060069,Gedson Fernandes,Gedson Carvalho Fernandes,Midfielder,TOT,3
1060069,Lo Celso,Giovani Lo Celso,Midfielder,TOT,8
1060069,Skipp,Oliver Skipp,Midfielder,TOT,3
1060070,Walker,Kyle Walker,Defender,MCI,37
1060070,De Bruyne,Kevin De Bruyne,Midfielder,MCI,37
1060070,Stones,John Stones,Defender,MCI,3
1060070,Mahrez,Riyad Mahrez,Midfielder,MCI,1
1060070,Sterling (Raheem),Raheem Sterling,Midfielder,MCI,57
1060070,João Cancelo,João Pedro Cavaco Cancelo,Defender,MCI,35
1060070,Ederson,Ederson Santana de Moraes,Goalkeeper,MCI,20
1060070,Laporte,Aymeric Laporte,Defender,MCI,37
1060070,Bernardo Silva,Bernardo Mota Veiga de Carvalho e Silva,Midfielder,MCI,19
1060070,Jesus,Gabriel Fernando de Jesus,Forward,MCI,2
1060070,Zinchenko,Oleksandr Zinchenko,Defender,MCI,6
1060070,Foden,Phil Foden,Midfielder,MCI,28
1060070,Rodri,Rodrigo Hernández Cascante,Midfielder,MCI,15
1060070,Garcia,Eric Garcia,Defender,MCI,25
1060070,Foster,Ben Foster,Goalkeeper,WAT,14
1060070,Mariappa,Adrian Mariappa,Defender,WAT,-12
1060070,Deeney,Troy Deeney,Forward,WAT,8
1060070,Cleverley,Tom Cleverley,Midfielder,WAT,9
1060070,Welbeck,Danny Welbeck,Forward,WAT,3
1060070,Femenía,Francisco Femenía Far,Defender,WAT,-3
1060070,Dawson,Craig Dawson,Defender,WAT,-6
1060070,Pereyra,Roberto Pereyra,Midfielder,WAT,5
1060070,Kabasele,Christian Kabasele,Defender,WAT,-6
1060070,Chalobah (Nathaniel),Nathaniel Chalobah,Midfielder,WAT,1
1060070,Hughes,Will Hughes,Midfielder,WAT,2
1060070,Doucouré,Abdoulaye Doucouré,Midfielder,WAT,5
1060070,Masina,Adam Masina,Defender,WAT,3
1060070,Ismaila Sarr,Ismaila Sarr,Midfielder,WAT,2
1060071,Dann,Scott Dann,Defender,CRY,10
1060071,Sakho,Mamadou Sakho,Defender,CRY,4
1060071,Guaita,Vicente Guaita,Goalkeeper,CRY,6
1060071,McArthur,James McArthur,Midfielder,CRY,11
1060071,McCarthy (James),James McCarthy,Midfielder,CRY,3
1060071,Kouyaté,Cheikhou Kouyaté,Midfielder,CRY,8
1060071,Ward (Joel),Joel Ward,Defender,CRY,2
1060071,Townsend,Andros Townsend,Midfielder,CRY,15
1060071,Ayew,Jordan Ayew,Forward,CRY,9
1060071,Zaha,Wilfried Zaha,Midfielder,CRY,8
1060071,Schlupp,Jeffrey Schlupp,Midfielder,CRY,2
1060071,Riedewald,Jairo Riedewald,Midfielder,CRY,4
1060071,Mitchell,Tyrick Mitchell,Defender,CRY,3
1060071,Moutinho,João Moutinho,Midfielder,WOL,17
1060071,Rui Patrício,Rui Pedro dos Santos Patrício,Goalkeeper,WOL,27
1060071,Doherty,Matt Doherty,Defender,WOL,43
1060071,Boly,Willy Boly,Defender,WOL,27
1060071,Coady,Conor Coady,Defender,WOL,18
1060071,Raúl Jiménez,Raul Alonso Jimenez Rodriguez,Forward,WOL,16
1060071,Jonny,Jonathan Castro Otto,Defender,WOL,30
1060071,Dendoncker,Leander Dendoncker,Midfielder,WOL,14
1060071,Traoré,Adama Traoré,Midfielder,WOL,13
1060071,Ruben Neves,Rúben Diogo da Silva Neves,Midfielder,WOL,20
1060071,Diogo Jota,Diogo José Teixeira da Silva,Midfielder,WOL,4
1060071,Podence,Daniel Podence,Midfielder,WOL,40
1060071,Neto,Pedro Neto,Midfielder,WOL,5
1060072,Luiz,David Luiz Moreira Marinho,Defender,ARS,0
1060072,Aubameyang,Pierre-Emerick Aubameyang,Forward,ARS,75
1060072,Lacazette,Alexandre Lacazette,Forward,ARS,10
1060072,Xhaka,Granit Xhaka,Midfielder,ARS,13
1060072,Martinez,Emiliano Martinez,Goalkeeper,ARS,6
1060072,Kolasinac,Sead Kolasinac,Defender,ARS,2
1060072,Maitland-Niles,Ainsley Maitland-Niles,Defender,ARS,8
1060072,Holding,Rob Holding,Defender,ARS,3
1060072,Dani Ceballos,Daniel Ceballos Fernández,Midfielder,ARS,16
1060072,Tierney,Kieran Tierney,Defender,ARS,28
1060072,Pepe,Nicolas Pepe,Midfielder,ARS,14
1060072,Torreira,Lucas Torreira,Midfielder,ARS,2
1060072,Willock,Joseph Willock,Midfielder,ARS,6
1060072,Nelson,Reiss Nelson,Midfielder,ARS,9
1060072,Eddie Nketiah,Edward Nketiah,Forward,ARS,10
1060072,Foster,Ben Foster,Goalkeeper,WAT,0
1060072,Mariappa,Adrian Mariappa,Defender,WAT,3
1060072,Deeney,Troy Deeney,Forward,WAT,31
1060072,Cleverley,Tom Cleverley,Midfielder,WAT,4
1060072,Welbeck,Danny Welbeck,Forward,WAT,34
1060072,Femenía,Francisco Femenía Far,Defender,WAT,-7
1060072,Dawson,Craig Dawson,Defender,WAT,-3
1060072,Pereyra,Roberto Pereyra,Midfielder,WAT,12
1060072,Kabasele,Christian Kabasele,Defender,WAT,6
1060072,Chalobah (Nathaniel),Nathaniel Chalobah,Midfielder,WAT,9
1060072,Hughes,Will Hughes,Midfielder,WAT,10
1060072,Doucouré,Abdoulaye Doucouré,Midfielder,WAT,16
1060072,Masina,Adam Masina,Defender,WAT,-9
1060072,Ismaila Sarr,Ismaila Sarr,Midfielder,WAT,37
1060072,João Pedro,João Pedro Junqueira de Jesus,Forward,WAT,4
1060073,Murray,Glenn Murray,Forward,BHA,3
1060073,Stephens (Dale),Dale Stephens,Midfielder,BHA,17
1060073,Pröpper,Davy Pröpper,Midfielder,BHA,2
1060073,Mooy,Aaron Mooy,Midfielder,BHA,2
1060073,Burn,Dan Burn,Defender,BHA,7
1060073,Dunk,Lewis Dunk,Defender,BHA,11
1060073,March,Solomon March,Midfielder,BHA,6
1060073,Webster,Adam Webster,Defender,BHA,7
1060073,Maupay,Neal Maupay,Forward,BHA,12
1060073,Mat Ryan,Mathew Ryan,Goalkeeper,BHA,11
1060073,Jahanbakhsh,Alireza Jahanbakhsh,Midfielder,BHA,4
1060073,Bernardo,Bernardo Fernandes da Silva Junior,Defender,BHA,4
1060073,Bissouma,Yves Bissouma,Midfielder,BHA,25
1060073,Lamptey,Tariq Lamptey,Defender,BHA,21
1060073,Connolly,Aaron Connolly,Forward,BHA,30
1060073,Mac Allister,Alexis Mac Allister,Midfielder,BHA,2
1060073,Tarkowski,James Tarkowski,Defender,BUR,5
1060073,Bardsley,Phillip Bardsley,Defender,BUR,3
1060073,Pieters,Erik Pieters,Defender,BUR,16
1060073,Long (Kevin),Kevin Long,Defender,BUR,-3
1060073,Rodriguez,Jay Rodriguez,Forward,BUR,-3
1060073,Westwood,Ashley Roy Westwood,Midfielder,BUR,24
1060073,Gudmundsson,Johann Berg Gudmundsson,Midfielder,BUR,7
1060073,Wood,Chris Wood,Forward,BUR,33
1060073,Vydra,Matej Vydra,Forward,BUR,3
1060073,Brady,Robert Brady,Midfielder,BUR,1
1060073,Pope,Nick Pope,Goalkeeper,BUR,5
1060073,Brownhill,Josh Brownhill,Midfielder,BUR,12
1060073,McNeil,Dwight McNeil,Midfielder,BUR,22
1060074,Caballero,Willy Caballero,Goalkeeper,CHE,25
1060074,Azpilicueta,César Azpilicueta,Defender,CHE,25
1060074,Giroud,Olivier Giroud,Forward,CHE,29
1060074,Pedro,Pedro Rodríguez Ledesma,Midfielder,CHE,3
1060074,Alonso,Marcos Alonso,Defender,CHE,36
1060074,Jorginho,Jorge Luiz Frello Filho,Midfielder,CHE,14
1060074,Barkley,Ross Barkley,Midfielder,CHE,3
1060074,Kovacic,Mateo Kovacic,Midfielder,CHE,28
1060074,Rüdiger,Antonio Rüdiger,Defender,CHE,26
1060074,Zouma,Kurt Zouma,Defender,CHE,33
1060074,Loftus-Cheek,Ruben Loftus-Cheek,Midfielder,CHE,3
1060074,Abraham,Tammy Abraham,Forward,CHE,3
1060074,Pulisic,Christian Pulisic,Midfielder,CHE,7
1060074,Mount,Mason Mount,Midfielder,CHE,49
1060074,Hudson-Odoi,Callum Hudson-Odoi,Midfielder,CHE,1
1060074,James (Reece),Reece James,Defender,CHE,21
1060074,Moutinho,João Moutinho,Midfielder,WOL,4
1060074,Rui Patrício,Rui Pedro dos Santos Patrício,Goalkeeper,WOL,2
1060074,Doherty,Matt Doherty,Defender,WOL,1
1060074,Boly,Willy Boly,Defender,WOL,12
1060074,Coady,Conor Coady,Defender,WOL,0
1060074,Raúl Jiménez,Raul Alonso Jimenez Rodriguez,Forward,WOL,3
1060074,Saiss,Romain Saiss,Defender,WOL,7
1060074,Jonny,Jonathan Castro Otto,Defender,WOL,-6
1060074,Dendoncker,Leander Dendoncker,Midfielder,WOL,11
1060074,Traoré,Adama Traoré,Midfielder,WOL,-1
1060074,Ruben Neves,Rúben Diogo da Silva Neves,Midfielder,WOL,12
1060074,Diogo Jota,Diogo José Teixeira da Silva,Midfielder,WOL,5
1060074,Podence,Daniel Podence,Midfielder,WOL,0
1060074,Rúben Vinagre,Rúben Gonçalo Silva Nascimento Vinagre,Defender,WOL,-2
1060074,Neto,Pedro Neto,Midfielder,WOL,-4
1060074,Bruno Jordao,Bruno André Cavaco Jordao,Midfielder,WOL,4
1060075,Dann,Scott Dann,Defender,CRY,7
1060075,Guaita,Vicente Guaita,Goalkeeper,CRY,6
1060075,McArthur,James McArthur,Midfielder,CRY,10
1060075,McCarthy (James),James McCarthy,Midfielder,CRY,15
1060075,Kouyaté,Cheikhou Kouyaté,Midfielder,CRY,8
1060075,Ward (Joel),Joel Ward,Defender,CRY,6
1060075,Townsend,Andros Townsend,Midfielder,CRY,19
1060075,Milivojevic,Luka Milivojevic,Midfielder,CRY,5
1060075,Ayew,Jordan Ayew,Forward,CRY,21
1060075,Zaha,Wilfried Zaha,Midfielder,CRY,-3
1060075,Schlupp,Jeffrey Schlupp,Midfielder,CRY,27
1060075,Riedewald,Jairo Riedewald,Midfielder,CRY,3
1060075,Mitchell,Tyrick Mitchell,Defender,CRY,2
1060075,Lloris,Hugo Lloris,Goalkeeper,TOT,6
1060075,Sissoko,Moussa Sissoko,Midfielder,TOT,18
1060075,Alderweireld,Toby Alderweireld,Defender,TOT,6
1060075,Kane (Harry),Harry Kane,Forward,TOT,35
1060075,Aurier,Serge Aurier,Defender,TOT,10
1060075,Son,Heung-Min Son,Midfielder,TOT,6
1060075,Dier,Eric Dier,Midfielder,TOT,11
1060075,Lucas Moura,Lucas Rodrigues Moura da Silva,Midfielder,TOT,12
1060075,Alli,Bamidele Alli,Midfielder,TOT,6
1060075,Davies (Ben),Ben Davies,Defender,TOT,1
1060075,Winks,Harry Winks,Midfielder,TOT,19
1060075,Sánchez (Davinson),Davinson Sánchez,Defender,TOT,3
1060075,Bergwijn,Steven Bergwijn,Midfielder,TOT,6
1060075,Lo Celso,Giovani Lo Celso,Midfielder,TOT,27
1060075,Skipp,Oliver Skipp,Midfielder,TOT,5
1060076,Gosling,Dan Gosling,Midfielder,BOU,9
1060076,Smith (Adam),Adam Smith,Defender,BOU,11
1060076,Stanislas,Junior Stanislas,Midfielder,BOU,26
1060076,Cook (Steve),Steve Cook,Defender,BOU,5
1060076,Wilson (Callum),Callum Wilson,Forward,BOU,14
1060076,King (Joshua),Joshua King,Forward,BOU,46
1060076,Brooks,David Brooks,Midfielder,BOU,8
1060076,Lerma,Jefferson Lerma,Midfielder,BOU,12
1060076,Wilson (Harry),Harry Wilson,Midfielder,BOU,1
1060076,Solanke,Dominic Solanke,Forward,BOU,31
1060076,Billing,Philip Billing,Midfielder,BOU,5
1060076,Rico,Diego Rico,Defender,BOU,30
1060076,Ramsdale,Aaron Ramsdale,Goalkeeper,BOU,14
1060076,Kelly (Lloyd),Lloyd Kelly,Defender,BOU,7
1060076,Baines,Leighton Baines,Defender,EVE,3
1060076,Walcott,Theo Walcott,Midfielder,EVE,20
1060076,Sigurdsson,Gylfi Sigurdsson,Midfielder,EVE,18
1060076,Coleman,Seamus Coleman,Defender,EVE,6
1060076,Bernard,Bernard Anício Caldeira Duarte,Midfielder,EVE,5
1060076,Digne,Lucas Digne,Defender,EVE,10
1060076,Sidibe,Djibril Sidibe,Defender,EVE,5
1060076,Keane,Michael Keane,Defender,EVE,4
1060076,Pickford,Jordan Pickford,Goalkeeper,EVE,3
1060076,André Gomes,André Filipe Tavares Gomes,Midfielder,EVE,13
1060076,Davies (Tom),Tom Davies,Midfielder,EVE,17
1060076,Calvert-Lewin,Dominic Calvert-Lewin,Forward,EVE,3
1060076,Richarlison,Richarlison de Andrade,Midfielder,EVE,6
1060076,Gordon (Anthony),Anthony Gordon,Forward,EVE,1
1060076,Kean,Moise Kean,Forward,EVE,40
1060076,Branthwaite,Jarrad Branthwaite,Defender,EVE,13
1060077,Morgan,Wes Morgan,Defender,LEI,6
1060077,Schmeichel,Kasper Schmeichel,Goalkeeper,LEI,-1
1060077,Evans (Jonny),Jonny Evans,Defender,LEI,-9
1060077,Albrighton,Marc Albrighton,Midfielder,LEI,12
1060077,Vardy,Jamie Vardy,Forward,LEI,3
1060077,Praet,Dennis Praet,Midfielder,LEI,4
1060077,Tielemans,Youri Tielemans,Midfielder,LEI,12
1060077,Ayoze Pérez,Ayoze Pérez Gutiérrez,Midfielder,LEI,4
1060077,Gray (Demarai),Demarai Gray,Midfielder,LEI,6
1060077,Iheanacho,Kelechi Iheanacho,Forward,LEI,7
1060077,Choudhury,Hamza Choudhury,Midfielder,LEI,6
1060077,Barnes (Harvey),Harvey Barnes,Midfielder,LEI,5
1060077,Ndidi,Onyinye Wilfred Ndidi,Midfielder,LEI,15
1060077,Justin,James Justin,Defender,LEI,6
1060077,Hirst,George Hirst,Forward,LEI,5
1060077,Thomas (Luke),Luke Thomas,Defender,LEI,15
1060077,De Gea,David De Gea,Goalkeeper,MUN,25
1060077,Ighalo,Odion Ighalo,Forward,MUN,1
1060077,Matic,Nemanja Matic,Midfielder,MUN,8
1060077,Pogba,Paul Pogba,Midfielder,MUN,7
1060077,Maguire,Harry Maguire,Defender,MUN,24
1060077,Lingard,Jesse Lingard,Midfielder,MUN,25
1060077,Bruno Fernandes,Bruno Miguel Borges Fernandes,Midfielder,MUN,32
1060077,Martial,Anthony Martial,Midfielder,MUN,13
1060077,Rashford,Marcus Rashford,Midfielder,MUN,8
1060077,Lindelof,Victor Nilsson-Lindelof,Defender,MUN,23
1060077,McTominay,Scott McTominay,Midfielder,MUN,6
1060077,Fosu-Mensah,Timothy Fosu-Mensah,Defender,MUN,3
1060077,Wan-Bissaka,Aaron Wan-Bissaka,Defender,MUN,27
1060077,Greenwood,Mason Greenwood,Forward,MUN,10
1060077,Williams (Brandon),Brandon Williams,Defender,MUN,27
1060078,Silva,David Silva,Midfielder,MCI,21
1060078,Fernandinho,Fernando Luiz Rosa,Midfielder,MCI,10
1060078,Walker,Kyle Walker,Defender,MCI,39
1060078,Gundogan,Ilkay Gundogan,Midfielder,MCI,5
1060078,De Bruyne,Kevin De Bruyne,Midfielder,MCI,74
1060078,Mahrez,Riyad Mahrez,Midfielder,MCI,33
1060078,Sterling (Raheem),Raheem Sterling,Midfielder,MCI,27
1060078,João Cancelo,João Pedro Cavaco Cancelo,Defender,MCI,25
1060078,Ederson,Ederson Santana de Moraes,Goalkeeper,MCI,29
1060078,Laporte,Aymeric Laporte,Defender,MCI,26
1060078,Bernardo Silva,Bernardo Mota Veiga de Carvalho e Silva,Midfielder,MCI,3
1060078,Jesus,Gabriel Fernando de Jesus,Forward,MCI,52
1060078,Foden,Phil Foden,Midfielder,MCI,17
1060078,Rodri,Rodrigo Hernández Cascante,Midfielder,MCI,7
1060078,Garcia,Eric Garcia,Defender,MCI,10
1060078,Krul,Tim Krul,Goalkeeper,NOR,-3
1060078,Vrancic,Mario Vrancic,Midfielder,NOR,3
1060078,Pukki,Teemu Pukki,Forward,NOR,3
1060078,Stiepermann,Marco Stiepermann,Midfielder,NOR,4
1060078,Rupp,Lukas Rupp,Midfielder,NOR,17
1060078,Kenny McLean,Kenneth McLean,Midfielder,NOR,8
1060078,Hernández (Onel),Onel Hernández,Midfielder,NOR,8
1060078,Zimmermann,Christoph Zimmermann,Defender,NOR,-15
1060078,Cantwell,Todd Cantwell,Midfielder,NOR,8
1060078,Lewis (Jamal),Jamal Lewis,Defender,NOR,-9
1060078,Godfrey,Ben Godfrey,Defender,NOR,-7
1060078,Famewo,Akin Famewo,Defender,NOR,3
1060078,Aarons (Maximillian),Maximillian Aarons,Defender,NOR,-3
1060078,Idah,Adam Idah,Forward,NOR,5
1060078,Martin (Josh),Josh Martin,Midfielder,NOR,5
1060078,Thomas (Jordan),Jordan Thomas,Defender,NOR,3
1060079,Milner,James Milner,Midfielder,LIV,27
1060079,Wijnaldum,Georginio Wijnaldum,Midfielder,LIV,16
1060079,Oxlade-Chamberlain,Alex Oxlade-Chamberlain,Midfielder,LIV,14
1060079,Firmino,Roberto Firmino Barbosa de Oliveira,Forward,LIV,10
1060079,van Dijk,Virgil van Dijk,Defender,LIV,27
1060079,Mane,Sadio Mane,Midfielder,LIV,21
1060079,Alisson,Alisson Ramses Becker,Goalkeeper,LIV,6
1060079,Salah,Mohamed Salah,Midfielder,LIV,2
1060079,Robertson,Andrew Robertson,Defender,LIV,19
1060079,Origi,Divock Origi,Forward,LIV,33
1060079,Minamino,Takumi Minamino,Midfielder,LIV,10
1060079,Alexander-Arnold,Trent Alexander-Arnold,Defender,LIV,3
1060079,Gomez,Joseph Gomez,Defender,LIV,13
1060079,Keita,Naby Keita,Midfielder,LIV,10
1060079,Jones (Curtis),Curtis Jones,Midfielder,LIV,4
1060079,Williams (Neco),Neco Williams,Defender,LIV,9
1060079,Rose,Danny Rose,Defender,NEW,2
1060079,Carroll,Andy Carroll,Forward,NEW,0
1060079,Shelvey,Jonjo Shelvey,Midfielder,NEW,25
1060079,Ritchie,Matt Ritchie,Defender,NEW,1
1060079,Fernández,Federico Fernández,Defender,NEW,0
1060079,Dubravka,Martin Dubravka,Goalkeeper,NEW,4
1060079,Gayle,Dwight Gayle,Forward,NEW,38
1060079,Manquillo,Javier Manquillo,Defender,NEW,-4
1060079,Lazaro,Valentino Lazaro,Midfielder,NEW,15
1060079,Bentaleb,Nabil Bentaleb,Midfielder,NEW,4
1060079,Hayden (Isaac),Isaac Hayden,Midfielder,NEW,1
1060079,Saint-Maximin,Allan Saint-Maximin,Midfielder,NEW,3
1060079,Almirón,Miguel Almirón,Midfielder,NEW,11
1060079,Longstaff (Sean),Sean Longstaff,Midfielder,NEW,-1
1060079,Joelinton,Joelinton Cássio Apolinário de Lira,Forward,NEW,0
1060079,Watts (Kelland),Kelland Watts,Midfielder,NEW,3
1060080,Clarke (Leon),Leon Clarke,Forward,SHU,4
1060080,Sharp,Billy Sharp,Forward,SHU,23
1060080,Basham,Chris Basham,Defender,SHU,7
1060080,Fleck,John Fleck,Midfielder,SHU,17
1060080,Stevens,Enda Stevens,Defender,SHU,-10
1060080,Norwood,Oliver Norwood,Midfielder,SHU,-1
1060080,Baldock,George Baldock,Defender,SHU,-2
1060080,Robinson (Jack),Jack Robinson,Defender,SHU,3
1060080,Egan,John Egan,Defender,SHU,-2
1060080,Zivkovic,Richairo Zivkovic,Forward,SHU,1
1060080,Lundstram,John Lundstram,Defender,SHU,15
1060080,McBurnie,Oliver McBurnie,Forward,SHU,-3
1060080,Henderson (Dean),Dean Henderson,Goalkeeper,SHU,0
1060080,Berge,Sander Berge,Midfielder,SHU,21
1060080,Long (Shane),Shane Long,Forward,SOU,3
1060080,Bertrand,Ryan Bertrand,Defender,SOU,5
1060080,McCarthy (Alex),Alex McCarthy,Goalkeeper,SOU,11
1060080,Romeu,Oriol Romeu,Midfielder,SOU,20
1060080,Redmond,Nathan Redmond,Midfielder,SOU,19
1060080,Ings,Danny Ings,Forward,SOU,33
1060080,Stephens (Jack),Jack Stephens,Defender,SOU,9
1060080,Armstrong (Stuart),Stuart Armstrong,Midfielder,SOU,3
1060080,Vestergaard,Jannik Vestergaard,Defender,SOU,17
1060080,Ward-Prowse,James Ward-Prowse,Midfielder,SOU,17
1060080,Walker-Peters,Kyle Walker-Peters,Defender,SOU,24
1060080,Adams,Che Adams,Forward,SOU,61
1060080,Smallbone,William Smallbone,Forward,SOU,20
1060080,Obafemi,Michael Obafemi,Forward,SOU,3
1060081,Reina,José Reina,Goalkeeper,AVL,2
1060081,Hourihane,Conor Hourihane,Midfielder,AVL,13
1060081,Grealish,Jack Grealish,Midfielder,AVL,27
1060081,McGinn,John McGinn,Midfielder,AVL,11
1060081,Hause,Kortney Hause,Defender,AVL,1
1060081,Trezeguet,Mahmoud Hassan,Midfielder,AVL,10
1060081,Mings,Tyrone Mings,Defender,AVL,7
1060081,Targett,Matt Targett,Defender,AVL,4
1060081,Nakamba,Marvelous Nakamba,Midfielder,AVL,4
1060081,El Ghazi,Anwar El Ghazi,Midfielder,AVL,3
1060081,Konsa Ngoyo,Ezri Konsa Ngoyo,Defender,AVL,5
1060081,Guilbert,Frederic Guilbert,Defender,AVL,20
1060081,Samatta,Mbwana Aly Samatta,Forward,AVL,8
1060081,Davis,Keinan Davis,Midfielder,AVL,0
1060081,Douglas Luiz,Douglas Luiz Soares de Paulo,Midfielder,AVL,11
1060081,Noble,Mark Noble,Midfielder,WHU,20
1060081,Fabianski,Lukasz Fabianski,Goalkeeper,WHU,9
1060081,Ogbonna,Angelo Ogbonna,Defender,WHU,11
1060081,Yarmolenko,Andriy Yarmolenko,Midfielder,WHU,21
1060081,Antonio,Michail Antonio,Forward,WHU,-6
1060081,Fredericks,Ryan Fredericks,Defender,WHU,6
1060081,Lanzini,Manuel Lanzini,Midfielder,WHU,3
1060081,Felipe Anderson,Felipe Anderson Pereira Gomes,Midfielder,WHU,3
1060081,Haller,Sébastien Haller,Forward,WHU,5
1060081,Bowen,Jarrod Bowen,Midfielder,WHU,3
1060081,Rice,Declan Rice,Midfielder,WHU,17
1060081,Soucek,Tomas Soucek,Midfielder,WHU,8
1060081,Fornals,Pablo Fornals,Midfielder,WHU,9
1060081,Diop,Issa Diop,Defender,WHU,7
1060081,Johnson (Ben),Ben Johnson,Midfielder,WHU,18
