match_id,nick_name,full_name,pos,team,cost,mins,goals,assists,cs,goals_c,own_goals,y_c,r_c,bonus,points
2367538,Redmond,Nathan Redmond,Midfielder,BUR,4.7,5,0,0,0,0,0,0,0,0,1
2367538,Cullen,Josh Cullen,Midfielder,BUR,5.0,90,0,0,0,3,0,0,0,0,2
2367538,Brownhill,Josh Brownhill,Midfielder,BUR,4.7,5,0,0,0,0,0,0,0,0,1
2367538,Bruun Larsen,Jacob Bruun Larsen,Midfielder,BUR,5.5,33,0,0,0,1,0,0,0,0,1
2367538,Manuel,Benson Manuel,Midfielder,BUR,5.5,21,0,0,0,1,0,0,0,0,1
2367538,Roberts (Connor),Connor Roberts,Defender,BUR,4.5,90,0,0,0,3,0,0,0,0,1
2367538,Berge,Sander Berge,Midfielder,BUR,5.0,88,0,0,0,3,0,0,0,0,2
2367538,O'Shea,Dara O'Shea,Defender,BUR,3.8,90,0,0,0,3,0,0,0,0,1
2367538,Beyer,Jordan Beyer,Defender,BUR,4.0,71,0,0,0,2,0,0,0,0,1
2367538,Trafford,James Trafford,Goalkeeper,BUR,5.0,90,0,0,0,3,0,0,0,0,2
2367538,Foster,Lyle Foster,Forward,BUR,5.0,88,0,0,0,3,0,0,0,0,2
2367538,Vitinho,Victor Alexander da Silva,Defender,BUR,4.4,90,0,0,0,3,0,0,0,0,1
2367538,Koleosho,Luca Koleosho,Midfielder,BUR,5.0,60,0,0,0,2,0,0,0,0,2
2367538,Al Dakhil,Ameen Al Dakhil,Defender,BUR,3.8,90,0,0,0,3,0,0,0,0,1
2367538,Amdouni,Zeki Amdouni,Forward,BUR,5.0,60,0,0,0,2,0,0,0,0,2
2367538,Zaroury,Anass Zaroury,Midfielder,BUR,4.6,31,0,0,0,1,0,0,1,0,0
2367538,Walker,Kyle Walker,Defender,MCI,4.5,90,0,0,1,0,0,0,0,0,6
2367538,De Bruyne,Kevin De Bruyne,Midfielder,MCI,9.5,21,0,0,0,0,0,0,0,0,1
2367538,Kovacic,Mateo Kovacic,Midfielder,MCI,6.0,72,0,0,1,0,0,0,0,0,3
2367538,Ederson,Ederson Santana de Moraes,Goalkeeper,MCI,5.5,90,0,0,1,0,0,0,0,0,6
2367538,Aké,Nathan Aké,Defender,MCI,5.5,77,0,0,1,0,0,0,0,1,7
2367538,Laporte,Aymeric Laporte,Defender,MCI,5.0,16,0,0,0,0,0,0,0,0,1
2367538,Bernardo Silva,Bernardo Mota Veiga de Carvalho e Silva,Midfielder,MCI,6.5,90,0,0,1,0,0,0,0,0,3
2367538,Foden,Phil Foden,Midfielder,MCI,8.0,90,0,0,1,0,0,0,0,0,3
2367538,Akanji,Manuel Akanji,Defender,MCI,5.5,90,0,0,1,0,0,0,0,0,6
2367538,Rodri,Rodrigo Hernández Cascante,Midfielder,MCI,6.5,90,1,1,1,0,0,0,0,2,13
2367538,Haaland,Erling Haaland,Forward,MCI,14.0,77,2,0,1,0,0,0,0,3,13
2367538,Palmer,Cole Palmer,Midfielder,MCI,10.5,15,0,0,0,0,0,0,0,0,1
2367538,Mcatee,James Mcatee,Midfielder,MCI,5.5,4,0,0,0,0,0,0,0,0,1
2367538,Álvarez (Julián),Julián Álvarez,Forward,MCI,7.0,90,0,1,1,0,0,0,0,0,5
2367538,Lewis (Rico),Rico Lewis,Defender,MCI,5.0,77,0,0,1,0,0,0,0,0,6
2367538,Gvardiol,Joško Gvardiol,Defender,MCI,6.0,16,0,0,0,0,0,0,0,0,1
2367539,Neto,Norberto Murara Neto,Goalkeeper,BOU,4.5,90,0,0,0,1,0,0,0,0,2
2367539,Brooks (David),David Brooks,Midfielder,BOU,5.0,72,0,0,0,1,0,0,0,0,2
2367539,Moore (Kieffer),Kieffer Moore,Forward,BOU,4.6,27,0,0,0,0,0,0,0,0,1
2367539,Solanke,Dominic Solanke,Forward,BOU,7.5,90,1,0,0,1,0,0,0,1,7
2367539,Rothwell,Joe Rothwell,Midfielder,BOU,4.8,90,0,0,0,1,0,0,0,0,2
2367539,Christie,Ryan Christie,Midfielder,BOU,5.0,66,0,0,0,1,0,0,0,0,2
2367539,Billing,Philip Billing,Midfielder,BOU,5.0,90,0,0,0,1,0,0,0,0,2
2367539,Senesi,Marcos Senesi,Defender,BOU,4.5,58,0,0,0,1,0,0,0,0,1
2367539,Kluivert,Justin Kluivert,Midfielder,BOU,7.0,35,0,0,0,0,0,0,0,0,1
2367539,Mepham,Chris Mepham,Defender,BOU,4.0,35,0,0,0,0,0,1,0,0,0
2367539,Aarons,Maximillian Aarons,Defender,BOU,4.3,72,0,0,0,1,0,0,0,0,2
2367539,Semenyo,Antoine Semenyo,Forward,BOU,7.0,21,0,1,0,0,0,0,0,0,4
2367539,Anthony,Jaidon Anthony,Midfielder,BOU,5.5,58,0,0,0,1,0,0,0,0,1
2367539,Hill (James),James Hill,Defender,BOU,4.0,21,0,0,0,0,0,0,0,0,1
2367539,Zabarnyi,Illia Zabarnyi,Defender,BOU,5.0,90,0,0,0,1,0,0,0,0,2
2367539,Kerkez,Milos Kerkez,Defender,BOU,6.0,90,0,0,0,1,0,0,0,0,2
2367539,Antonio,Michail Antonio,Forward,WHU,5.2,75,0,0,1,0,0,1,0,0,1
2367539,Areola,Alphonse Areola,Goalkeeper,WHU,4.5,90,0,0,0,1,0,0,0,0,3
2367539,Ings,Danny Ings,Forward,WHU,4.8,17,0,0,0,1,0,0,0,0,1
2367539,Zouma,Kurt Zouma,Defender,WHU,4.4,90,0,0,0,1,0,0,0,0,2
2367539,Emerson,Emerson Palmieri dos Santos,Defender,WHU,4.5,90,0,0,0,1,0,1,0,0,1
2367539,Cornet,Maxwel Cornet,Midfielder,WHU,5.0,3,0,0,0,0,0,0,0,0,1
2367539,Coufal,Vladimir Coufal,Defender,WHU,4.1,90,0,0,0,1,0,0,0,0,2
2367539,Benrahma,Said Benrahma,Midfielder,WHU,5.6,90,0,0,0,1,0,0,0,0,2
2367539,Bowen,Jarrod Bowen,Midfielder,WHU,8.0,90,1,0,0,1,0,1,0,3,9
2367539,Kehrer,Thilo Kehrer,Defender,WHU,4.2,12,0,0,0,0,0,0,0,0,1
2367539,Aguerd,Nayef Aguerd,Defender,WHU,4.5,90,0,0,0,1,0,0,0,0,2
2367539,Soucek,Tomas Soucek,Midfielder,WHU,6.0,90,0,1,0,1,0,0,0,2,7
2367539,Fornals,Pablo Fornals,Midfielder,WHU,4.6,82,0,0,0,1,0,0,0,0,2
2367539,Lucas Paquetá,Lucas Tolentino Coelho de Lima,Midfielder,WHU,6.0,90,0,0,0,1,0,1,0,0,1
2367540,Trossard,Leandro Trossard,Midfielder,ARS,7.0,25,0,0,0,1,0,0,0,0,1
2367540,Partey,Thomas Partey,Midfielder,ARS,4.9,90,0,0,0,1,0,0,0,0,2
2367540,Odegaard,Martin Odegaard,Midfielder,ARS,8.0,90,0,0,0,1,0,0,0,0,2
2367540,White (Ben),Ben White,Defender,ARS,5.5,90,0,0,0,1,0,1,0,0,1
2367540,Rice,Declan Rice,Midfielder,ARS,6.5,90,0,0,0,1,0,0,0,0,2
2367540,Eddie Nketiah,Edward Nketiah,Forward,ARS,5.5,71,1,0,1,0,0,0,0,2,8
2367540,Havertz,Kai Havertz,Midfielder,ARS,7.5,90,0,0,0,1,0,0,0,0,2
2367540,Saka,Bukayo Saka,Midfielder,ARS,10.0,90,1,0,0,1,0,0,0,3,10
2367540,Tomiyasu,Takehiro Tomiyasu,Defender,ARS,4.8,45,0,0,0,1,0,0,0,0,1
2367540,Ramsdale,Aaron Ramsdale,Goalkeeper,ARS,4.4,90,0,0,0,1,0,0,0,0,2
2367540,Gabriel Magalhães,Gabriel dos Santos Magalhães,Defender,ARS,6.0,12,0,0,0,0,0,0,0,0,1
2367540,Martinelli,Gabriel Teodoro Martinelli Silva,Midfielder,ARS,7.0,84,0,1,0,1,0,0,0,0,5
2367540,Jurriën Timber,Jurriën Timber,Defender,ARS,5.5,48,0,0,0,0,0,1,0,0,0
2367540,Saliba,William Saliba,Defender,ARS,6.0,90,0,1,0,1,0,0,0,0,5
2367540,Kouyaté,Cheikhou Kouyaté,Midfielder,NFO,4.8,8,0,0,0,0,0,0,0,0,1
2367540,Wood,Chris Wood,Forward,NFO,7.5,9,0,0,0,0,0,0,0,0,1
2367540,Aurier,Serge Aurier,Defender,NFO,4.5,90,0,0,0,2,0,0,0,0,1
2367540,Boly,Willy Boly,Defender,NFO,4.0,90,0,0,0,2,0,0,0,0,1
2367540,Aina,Ola Aina,Defender,NFO,5.0,69,0,0,0,2,0,1,0,0,0
2367540,McKenna (Scott),Scott McKenna,Defender,NFO,4.5,90,0,0,0,2,0,0,0,0,1
2367540,Mangala,Orel Mangala,Midfielder,NFO,5.0,88,0,0,0,2,0,1,0,0,1
2367540,Yates,Ryan Yates,Midfielder,NFO,5.0,90,0,0,0,2,0,0,0,0,2
2367540,Worrall,Joe Worrall,Defender,NFO,4.0,88,0,0,0,2,0,0,0,0,1
2367540,Awoniyi,Taiwo Awoniyi,Forward,NFO,5.5,27,1,0,0,0,0,0,0,2,7
2367540,Williams (Neco),Neco Williams,Defender,NFO,5.0,27,0,0,0,0,0,0,0,0,1
2367540,Gibbs-White,Morgan Gibbs-White,Midfielder,NFO,7.5,90,0,0,0,2,0,0,0,0,2
2367540,Turner,Matt Turner,Goalkeeper,NFO,4.0,90,0,0,0,2,0,0,0,0,2
2367540,Johnson (Brennan),Brennan Johnson,Midfielder,NFO,7.0,78,0,0,0,2,0,0,0,0,2
2367540,Elanga,Anthony Elanga,Midfielder,NFO,7.0,19,0,1,0,0,0,0,0,0,4
2367540,Danilo,Danilo dos Santos de Oliveira,Midfielder,NFO,4.7,69,0,0,0,2,0,0,0,0,2
2367541,Milner,James Milner,Midfielder,BHA,5.0,77,0,0,1,0,0,0,0,0,3
2367541,Steele,Jason Steele,Goalkeeper,BHA,4.5,90,0,0,0,1,0,0,0,0,2
2367541,Welbeck,Danny Welbeck,Forward,BHA,6.5,77,0,0,1,0,0,0,0,0,2
2367541,Groß,Pascal Groß,Midfielder,BHA,6.5,90,0,0,0,1,0,0,0,0,2
2367541,Dunk,Lewis Dunk,Defender,BHA,4.5,90,0,0,0,1,0,0,0,0,2
2367541,March,Solomon March,Midfielder,BHA,6.0,73,1,0,1,0,0,0,0,1,9
2367541,Veltman,Joël Veltman,Defender,BHA,4.5,18,0,0,0,1,0,0,0,0,1
2367541,Dahoud,Mahmoud Dahoud,Midfielder,BHA,4.9,72,0,0,1,0,0,0,0,0,3
2367541,Estupiñán,Pervis Estupiñán,Defender,BHA,4.5,90,0,1,0,1,0,1,0,3,7
2367541,Gilmour,Billy Gilmour,Midfielder,BHA,5.0,23,0,0,0,1,0,0,0,0,1
2367541,Mitoma,Kaoru Mitoma,Midfielder,BHA,6.5,90,0,1,0,1,0,1,0,1,5
2367541,van Hecke,Jan-Paul van Hecke,Defender,BHA,4.5,90,0,0,0,1,0,0,0,0,2
2367541,Enciso,Julio Enciso,Midfielder,BHA,5.5,10,0,0,0,0,0,0,0,0,1
2367541,João Pedro,João Pedro Junqueira de Jesus,Forward,BHA,7.5,86,1,0,0,1,0,0,0,1,7
2367541,Ferguson (Evan),Evan Ferguson,Forward,BHA,5.5,19,1,0,0,1,0,0,0,0,5
2367541,Adingra,Simon Adingra,Midfielder,BHA,5.5,22,1,0,0,1,0,0,0,0,6
2367541,Kaminski,Thomas Kaminski,Goalkeeper,LUT,4.0,90,0,0,0,4,0,0,0,1,3
2367541,Berry,Luke Berry,Midfielder,LUT,4.6,10,0,0,0,1,0,0,0,0,1
2367541,Woodrow,Cauley Woodrow,Forward,LUT,4.3,10,0,0,0,1,0,0,0,0,1
2367541,Ruddock Mpanzu,Pelly Ruddock Mpanzu,Midfielder,LUT,4.6,85,0,0,0,3,0,0,0,0,2
2367541,Lockyer,Tom Lockyer,Defender,LUT,4.2,90,0,0,0,4,0,0,0,0,0
2367541,Morris,Carlton Morris,Forward,LUT,4.7,90,1,0,0,4,0,0,0,2,8
2367541,Bell,Amarii Bell,Defender,LUT,3.8,90,0,0,0,4,0,0,0,0,0
2367541,Adebayo,Elijah Adebayo,Forward,LUT,4.8,63,0,0,0,1,0,0,0,0,2
2367541,Nakamba,Marvelous Nakamba,Midfielder,LUT,4.3,90,0,0,0,4,0,0,0,0,2
2367541,Andersen (Mads),Mads Andersen,Defender,LUT,3.8,75,0,0,0,2,0,1,0,0,0
2367541,Chong,Tahith Chong,Midfielder,LUT,4.4,85,0,0,0,3,0,0,0,0,2
2367541,Ogbene,Chiedozie Ogbene,Forward,LUT,4.8,20,0,0,0,2,0,0,0,0,1
2367541,Giles,Ryan John Giles,Defender,LUT,4.2,90,0,0,0,4,0,0,0,0,0
2367541,Brown,Jacob Brown,Forward,LUT,4.9,32,0,1,0,3,0,0,0,0,4
2367541,Doughty,Alfie Doughty,Defender,LUT,4.3,32,0,0,0,3,0,0,0,0,0
2367541,Issa Kabore,Issa Kabore,Defender,LUT,4.5,63,0,0,0,1,0,1,0,0,1
2367542,Tarkowski,James Tarkowski,Defender,EVE,5.5,90,0,0,0,1,0,0,0,0,2
2367542,Young (Ashley),Ashley Young,Defender,EVE,4.2,90,0,0,0,1,0,0,0,0,2
2367542,Gueye,Idrissa Gueye,Midfielder,EVE,5.5,90,0,0,0,1,0,0,0,0,2
2367542,Keane,Michael Keane,Defender,EVE,4.5,90,0,0,0,1,0,0,0,0,2
2367542,Pickford,Jordan Pickford,Goalkeeper,EVE,5.5,90,0,0,0,1,0,0,0,0,2
2367542,Maupay,Neal Maupay,Forward,EVE,4.9,70,0,0,1,0,0,0,0,0,2
2367542,Doucouré,Abdoulaye Doucouré,Midfielder,EVE,5.1,90,0,0,0,1,0,0,0,0,2
2367542,Iwobi,Alex Iwobi,Midfielder,EVE,6.5,90,0,0,0,1,0,0,0,0,2
2367542,Danjuma Groeneveld,Arnaut Danjuma Groeneveld,Midfielder,EVE,5.2,25,0,0,0,1,0,0,0,0,1
2367542,Garner,James Garner,Midfielder,EVE,5.0,82,0,0,0,1,0,0,0,0,2
2367542,Patterson (Nathan),Nathan Patterson,Defender,EVE,4.5,90,0,0,0,1,0,0,0,0,2
2367542,Mvom Onana,Amadou Mvom Onana,Midfielder,EVE,5.0,90,0,0,0,1,0,0,0,0,2
2367542,Dobbin,Lewis Dobbin,Midfielder,EVE,5.0,14,0,0,0,0,0,0,0,0,1
2367542,Willian,Willian Borges Da Silva,Midfielder,FUL,5.0,45,0,0,0,0,0,1,0,0,0
2367542,Cairney,Tom Cairney,Midfielder,FUL,5.0,58,0,0,0,0,0,0,0,0,1
2367542,Leno,Bernd Leno,Goalkeeper,FUL,5.0,90,0,0,1,0,0,0,0,3,12
2367542,Ream,Tim Ream,Defender,FUL,4.5,90,0,0,1,0,0,0,0,1,7
2367542,DeCordova-Reid,Bobby DeCordova-Reid,Midfielder,FUL,5.2,45,1,0,0,0,0,0,0,0,6
2367542,Raúl Jiménez,Raul Alonso Jimenez Rodriguez,Forward,FUL,6.5,57,0,0,0,0,0,0,0,0,1
2367542,Mitrovic,Aleksandar Mitrovic,Forward,FUL,7.0,38,0,0,0,0,0,0,0,0,1
2367542,Reed,Harrison Reed,Midfielder,FUL,4.5,90,0,0,1,0,0,0,0,0,3
2367542,Wilson (Harry),Harry Wilson,Midfielder,FUL,5.5,90,0,0,1,0,0,0,0,0,3
2367542,Pereira (Andreas),Andreas Pereira,Midfielder,FUL,5.5,38,0,1,0,0,0,0,0,0,4
2367542,Tete,Kenny Tete,Defender,FUL,4.5,90,0,0,1,0,0,1,0,0,5
2367542,Robinson (Antonee),Antonee Robinson,Defender,FUL,5.0,90,0,0,1,0,0,0,0,0,6
2367542,Lukic,Sasa Lukic,Midfielder,FUL,5.0,90,0,0,1,0,0,0,0,0,3
2367542,Diop,Issa Diop,Defender,FUL,4.5,90,0,0,1,0,0,0,0,2,8
2367543,Coutinho,Philippe Coutinho,Midfielder,AVL,5.8,10,0,0,0,1,0,0,0,0,1
2367543,Martinez,Emiliano Martinez,Goalkeeper,AVL,5.0,90,0,0,0,5,0,1,0,0,1
2367543,Digne,Lucas Digne,Defender,AVL,4.5,90,0,0,0,5,0,1,0,0,0
2367543,McGinn,John McGinn,Midfielder,AVL,5.5,63,0,0,0,3,0,0,0,0,2
2367543,Mings,Tyrone Mings,Defender,AVL,4.5,24,0,0,0,2,0,0,0,0,0
2367543,Diego Carlos,Diego Carlos Santos Silva,Defender,AVL,4.5,33,0,0,0,2,0,0,0,0,0
2367543,Tielemans,Youri Tielemans,Midfielder,AVL,6.0,45,0,0,0,3,0,0,0,0,1
2367543,Watkins,Ollie Watkins,Forward,AVL,9.0,90,0,1,0,5,0,0,0,0,5
2367543,Cash,Matthew Cash,Defender,AVL,4.5,86,0,0,0,4,0,1,0,0,0
2367543,Konsa Ngoyo,Ezri Konsa Ngoyo,Defender,AVL,4.5,90,0,0,0,5,0,0,0,0,0
2367543,Bailey,Leon Bailey,Midfielder,AVL,5.5,45,0,0,0,2,0,0,0,0,1
2367543,Kamara,Boubacar Kamara,Midfielder,AVL,5.0,90,0,0,0,5,0,0,0,0,2
2367543,Douglas Luiz,Douglas Luiz Soares de Paulo,Midfielder,AVL,5.4,90,0,0,0,5,0,1,0,0,1
2367543,Diaby,Moussa Diaby,Midfielder,AVL,6.5,86,1,0,0,4,0,0,0,0,7
2367543,Torres,Pau Torres,Defender,AVL,4.5,71,0,0,0,3,0,0,0,0,0
2367543,Philogene-Bidace,Jaden Philogene-Bidace,Midfielder,AVL,5.3,10,0,0,0,1,0,0,0,0,1
2367543,Wilson (Callum),Callum Wilson,Forward,NEW,6.9,28,1,0,0,0,0,0,0,0,5
2367543,Trippier,Kieran Trippier,Defender,NEW,5.0,90,0,0,0,1,0,0,0,0,2
2367543,Burn,Dan Burn,Defender,NEW,5.0,90,0,0,0,1,0,0,0,0,2
2367543,Pope,Nick Pope,Goalkeeper,NEW,5.0,90,0,0,0,1,0,0,0,0,3
2367543,Murphy (Jacob),Jacob Murphy,Midfielder,NEW,6.5,11,0,1,0,0,0,0,0,0,4
2367543,Schär,Fabian Schär,Defender,NEW,5.5,90,0,0,0,1,0,0,0,0,2
2367543,Almirón,Miguel Almirón,Midfielder,NEW,5.4,85,0,0,0,1,0,0,0,0,2
2367543,Longstaff (Sean),Sean Longstaff,Midfielder,NEW,5.0,11,0,0,0,0,0,0,0,0,1
2367543,Joelinton,Joelinton Cássio Apolinário de Lira,Midfielder,NEW,6.0,90,0,0,0,1,0,0,0,0,2
2367543,Barnes (Harvey),Harvey Barnes,Midfielder,NEW,6.5,28,1,1,0,0,0,0,0,2,11
2367543,Bruno Guimarães,Bruno Guimarães Rodriguez Moura,Midfielder,NEW,6.5,85,0,0,0,1,0,1,0,0,1
2367543,Anderson,Elliot Anderson,Midfielder,NEW,5.5,5,0,0,0,0,0,0,0,0,1
2367543,Isak,Alexander Isak,Forward,NEW,10.5,68,2,0,0,1,0,0,0,3,13
2367543,Botman,Sven Botman,Defender,NEW,5.0,90,0,1,0,1,0,1,0,1,5
2367543,Gordon (Anthony),Anthony Gordon,Midfielder,NEW,7.5,68,0,1,0,1,0,1,0,0,4
2367543,Tonali,Sandro Tonali,Midfielder,NEW,5.5,90,1,0,0,1,0,1,0,0,6
2367544,Tomkins,James Tomkins,Defender,CRY,3.9,4,0,0,0,0,0,0,0,0,1
2367544,Ward,Joel Ward,Defender,CRY,4.3,90,0,0,1,0,0,0,0,0,6
2367544,Ayew (Jordan),Jordan Ayew,Midfielder,CRY,5.1,90,0,1,1,0,0,0,0,0,6
2367544,Schlupp,Jeffrey Schlupp,Midfielder,CRY,4.6,90,0,0,1,0,0,0,0,0,3
2367544,Johnstone,Sam Johnstone,Goalkeeper,CRY,4.5,90,0,0,1,0,0,0,0,0,6
2367544,Lerma,Jefferson Lerma,Midfielder,CRY,5.0,90,0,0,1,0,0,0,0,0,3
2367544,Andersen (Joachim),Joachim Andersen,Defender,CRY,4.5,90,0,0,1,0,0,0,0,3,9
2367544,Edouard,Odsonne Edouard,Forward,CRY,5.0,90,1,0,1,0,0,0,0,1,7
2367544,Marc Guehi,Addji Keaninkin Marc-Israel Guehi,Defender,CRY,4.5,90,0,0,1,0,0,0,0,0,6
2367544,Eze,Eberechi Eze,Midfielder,CRY,7.5,90,0,0,1,0,0,0,0,0,3
2367544,Mitchell,Tyrick Mitchell,Defender,CRY,5.0,90,0,0,1,0,0,0,0,2,8
2367544,Doucoure,Cheick Oumar Doucoure,Midfielder,CRY,5.0,90,0,0,1,0,0,0,0,0,3
2367544,Basham,Chris Basham,Defender,SHU,3.9,79,0,0,0,1,0,0,0,0,2
2367544,Norwood,Oliver Norwood,Midfielder,SHU,4.8,90,0,0,0,1,0,0,0,0,2
2367544,Foderingham,Wes Foderingham,Goalkeeper,SHU,4.0,90,0,0,0,1,0,0,0,0,4
2367544,Baldock,George Baldock,Defender,SHU,3.8,90,0,0,0,1,0,0,0,0,2
2367544,Robinson (Jack),Jack Robinson,Defender,SHU,4.3,79,0,0,0,1,0,0,0,0,2
2367544,Egan,John Egan,Defender,SHU,4.2,90,0,0,0,1,0,0,0,0,2
2367544,Lowe (Max),Max Lowe,Defender,SHU,4.3,79,0,0,0,1,0,0,0,0,2
2367544,Osborn,Ben Osborn,Midfielder,SHU,4.8,85,0,0,0,1,0,0,0,0,2
2367544,Ahmedhodzic,Anel Ahmedhodzic,Defender,SHU,4.3,90,0,0,0,1,0,1,0,0,1
2367544,Vinicius Souza,Vinicius de Souza Costa,Midfielder,SHU,5.0,16,0,0,0,0,0,0,0,0,1
2367544,Larouci,Yasser Larouci,Defender,SHU,4.3,16,0,0,0,0,0,0,0,0,1
2367544,Hackford,Antwoine Hackford,Forward,SHU,4.4,9,0,0,0,0,0,0,0,0,1
2367544,Ben Slimane,Anis Ben Slimane,Midfielder,SHU,4.7,16,0,0,0,0,0,1,0,0,0
2367544,Traoré (Bénie),Bénie Traoré,Forward,SHU,5.1,86,0,0,0,1,0,0,0,0,2
2367544,Osula,William Osula,Forward,SHU,5.5,90,0,0,0,1,0,1,0,0,1
2367544,Brooks (Andre),Andre Brooks,Midfielder,SHU,4.4,9,0,0,0,0,0,0,0,0,1
2367545,Zanka,Mathias Jorgensen,Defender,BRE,4.5,10,0,0,0,0,0,0,0,0,1
2367545,Flekken,Mark Flekken,Goalkeeper,BRE,4.5,90,0,0,0,2,0,0,0,0,2
2367545,Norgaard,Christian Norgaard,Midfielder,BRE,5.5,71,0,0,0,2,0,0,0,0,2
2367545,Ajer,Kristoffer Ajer,Defender,BRE,4.5,83,0,0,0,2,0,0,0,0,1
2367545,Henry,Rico Henry,Defender,BRE,4.5,90,0,1,0,2,0,0,0,0,4
2367545,Janelt,Vitaly Janelt,Midfielder,BRE,5.0,90,0,0,0,2,0,0,0,0,2
2367545,Jensen,Mathias Jensen,Midfielder,BRE,5.0,47,0,1,0,2,0,0,0,0,4
2367545,Wissa,Yoane Wissa,Forward,BRE,7.5,71,1,0,0,2,0,0,0,3,9
2367545,Roerslev,Mads Roerslev,Defender,BRE,4.5,23,0,0,0,0,0,0,0,0,1
2367545,Pinnock,Ethan Pinnock,Defender,BRE,4.5,90,0,0,0,2,0,0,0,0,1
2367545,Baptiste (Shandon),Shandon Baptiste,Midfielder,BRE,4.3,22,0,0,0,0,0,0,0,0,1
2367545,Collins,Nathan Collins,Defender,BRE,5.0,90,0,0,0,2,0,0,0,0,1
2367545,Damsgaard,Mikkel Damsgaard,Midfielder,BRE,6.0,45,0,0,0,0,0,0,0,0,1
2367545,Mbeumo,Bryan Mbeumo,Midfielder,BRE,8.0,90,1,0,0,2,0,0,0,0,7
2367545,Hickey,Aaron Hickey,Defender,BRE,4.0,70,0,0,0,2,0,1,0,0,0
2367545,Schade,Kevin Schade,Midfielder,BRE,7.0,22,0,0,0,0,0,0,0,0,1
2367545,Perisic,Ivan Perisic,Defender,TOT,6.5,20,0,0,0,0,0,0,0,0,1
2367545,Son,Heung-Min Son,Midfielder,TOT,8.5,73,0,0,0,2,0,0,0,0,2
2367545,Maddison,James Maddison,Midfielder,TOT,7.0,90,0,2,0,2,0,1,0,2,9
2367545,Sánchez,Davinson Sánchez,Defender,TOT,4.4,87,0,0,0,2,0,1,0,0,0
2367545,Vicario,Guglielmo Vicario,Goalkeeper,TOT,5.0,90,0,0,0,2,0,1,0,0,1
2367545,Skipp,Oliver Skipp,Midfielder,TOT,4.7,73,0,0,0,2,0,1,0,0,1
2367545,Richarlison,Richarlison de Andrade,Midfielder,TOT,6.5,90,0,0,0,2,0,0,0,0,2
2367545,Romero,Cristian Romero,Defender,TOT,5.0,11,1,0,0,0,0,0,0,0,7
2367545,Bissouma,Yves Bissouma,Midfielder,TOT,5.5,90,0,0,0,2,0,0,0,0,2
2367545,Emerson Royal,Emerson Aparecido Leite de Souza Junior,Defender,TOT,4.5,90,1,0,0,2,0,0,0,1,8
2367545,Kulusevski,Dejan Kulusevski,Midfielder,TOT,6.5,90,0,0,0,2,0,0,0,0,2
2367545,Sarr (Pape),Pape Sarr,Midfielder,TOT,5.0,20,0,0,0,0,0,0,0,0,1
2367545,Destiny Udogie,Iyenoma Destiny Udogie,Defender,TOT,4.5,90,0,0,0,2,0,0,0,0,1
2367545,van de Ven,Micky van de Ven,Defender,TOT,4.5,90,0,0,0,2,0,0,0,0,1
2367546,Thiago Silva,Thiago Emiliano da Silva,Defender,CHE,5.0,90,0,0,0,1,0,0,0,0,2
2367546,Sterling (Raheem),Raheem Sterling,Midfielder,CHE,6.7,81,0,0,0,1,0,0,0,0,2
2367546,Chilwell,Benjamin Chilwell,Defender,CHE,4.6,90,0,1,0,1,0,0,0,2,7
2367546,Sanchez,Robert Sanchez,Goalkeeper,CHE,5.0,90,0,0,0,1,0,0,0,0,2
2367546,Disasi,Axel Disasi,Defender,CHE,4.2,90,1,0,0,1,0,0,0,3,11
2367546,James,Reece James,Defender,CHE,5.5,76,0,0,0,1,0,0,0,0,2
2367546,Gallagher,Conor Gallagher,Midfielder,CHE,5.9,90,0,0,0,1,0,0,0,0,2
2367546,Maatsen,Ian Maatsen,Midfielder,CHE,4.5,14,0,0,0,0,0,0,0,0,1
2367546,Fernández (Enzo),Enzo Fernández,Midfielder,CHE,6.5,90,0,0,0,1,0,1,0,0,1
2367546,Colwill,Levi Colwill,Defender,CHE,5.0,90,0,0,0,1,0,0,0,0,2
2367546,Mudryk,Mykhailo Mudryk,Midfielder,CHE,5.0,14,0,0,0,0,0,0,0,0,1
2367546,Chukwuemeka,Carney Chukwuemeka,Midfielder,CHE,4.7,81,0,0,0,1,0,1,0,0,1
2367546,Gusto,Malo Gusto,Defender,CHE,5.0,19,0,0,0,0,0,0,0,0,1
2367546,Ugochukwu,Lesley Ugochukwu,Midfielder,CHE,4.4,5,0,0,0,0,0,0,0,0,1
2367546,Jackson (Nicolas),Nicolas Jackson,Forward,CHE,6.5,90,0,0,0,1,0,1,0,0,1
2367546,van Dijk,Virgil van Dijk,Defender,LIV,6.0,90,0,0,0,1,0,0,0,0,2
2367546,Alisson,Alisson Ramses Becker,Goalkeeper,LIV,5.5,90,0,0,0,1,0,0,0,0,3
2367546,Salah,Mohamed Salah,Midfielder,LIV,14.5,76,0,1,0,1,0,0,0,0,5
2367546,Robertson (Andrew),Andrew Robertson,Defender,LIV,6.0,90,0,0,0,1,0,0,0,0,2
2367546,Alexander-Arnold,Trent Alexander-Arnold,Defender,LIV,7.2,90,0,0,0,1,0,1,0,0,1
2367546,Diogo Jota,Diogo José Teixeira da Silva,Midfielder,LIV,7.2,65,0,0,0,1,0,1,0,0,1
2367546,Konaté,Ibrahima Konaté,Defender,LIV,5.5,90,0,0,0,1,0,0,0,0,2
2367546,Jones (Curtis),Curtis Jones,Midfielder,LIV,5.5,30,0,0,0,0,0,0,0,0,1
2367546,Mac Allister,Alexis Mac Allister,Midfielder,LIV,6.5,90,0,0,0,1,0,1,0,0,1
2367546,Gakpo,Cody Gakpo,Forward,LIV,7.5,65,0,0,0,1,0,0,0,0,2
2367546,Díaz,Luis Díaz,Midfielder,LIV,8.0,76,1,0,0,1,0,0,0,1,8
2367546,Szoboszlai,Dominik Szoboszlai,Midfielder,LIV,6.5,90,0,0,0,1,0,0,0,0,2
2367546,Elliott,Harvey Elliott,Midfielder,LIV,5.5,19,0,0,0,0,0,0,0,0,1
2367546,Núñez,Darwin Núñez,Forward,LIV,6.5,30,0,0,0,0,0,0,0,0,1
2367546,Doak,Ben Doak,Midfielder,LIV,5.0,19,0,0,0,0,0,0,0,0,1
2367547,Casemiro,Carlos Henrique Jose Francisco Venancio,Midfielder,MUN,5.5,90,0,0,1,0,0,0,0,0,3
2367547,Eriksen,Christian Eriksen,Midfielder,MUN,5.2,30,0,0,0,0,0,0,0,0,1
2367547,Varane,Raphael Varane,Defender,MUN,4.9,90,1,0,1,0,0,0,0,2,14
2367547,Shaw,Luke Shaw,Defender,MUN,4.5,90,0,0,1,0,0,1,0,0,5
2367547,Bruno Fernandes,Bruno Miguel Borges Fernandes,Midfielder,MUN,9.0,90,0,0,1,0,0,0,0,0,3
2367547,Rashford,Marcus Rashford,Midfielder,MUN,7.0,86,0,0,1,0,0,0,0,0,3
2367547,Mount,Mason Mount,Midfielder,MUN,6.0,66,0,0,1,0,0,0,0,0,3
2367547,Lindelof,Victor Nilsson-Lindelof,Defender,MUN,4.3,45,0,0,0,0,0,0,0,0,1
2367547,McTominay,Scott McTominay,Midfielder,MUN,4.9,10,0,0,0,0,0,0,0,0,1
2367547,Onana,André Onana,Goalkeeper,MUN,5.0,90,0,0,1,0,0,0,0,1,9
2367547,Sancho,Jadon Sancho,Midfielder,MUN,6.0,29,0,0,0,0,0,0,0,0,1
2367547,Wan-Bissaka,Aaron Wan-Bissaka,Defender,MUN,4.5,90,0,1,1,0,0,0,0,3,12
2367547,Martínez,Lisandro Martínez,Defender,MUN,5.0,45,0,0,0,0,0,1,0,0,0
2367547,Antony,Antony Matheus dos Santos,Midfielder,MUN,6.0,75,0,0,1,0,0,0,0,0,3
2367547,Pellistri,Facundo Pellistri,Midfielder,MUN,5.0,21,0,0,0,0,0,0,0,0,1
2367547,Garnacho,Alejandro Garnacho Ferreyra,Midfielder,MUN,6.5,67,0,0,1,0,0,0,0,0,3
2367547,Dawson,Craig Dawson,Defender,WOL,4.2,90,0,0,0,1,0,0,0,0,2
2367547,Sarabia,Pablo Sarabia,Midfielder,WOL,5.0,61,0,0,1,0,0,0,0,0,3
2367547,José Sá,José Pedro Malheiro de Sá,Goalkeeper,WOL,4.5,90,0,0,0,1,0,0,0,0,2
2367547,Lemina (Mario),Mario Lemina,Midfielder,WOL,4.8,90,0,0,0,1,0,1,0,0,1
2367547,Hwang Hee-Chan,Hee-Chan Hwang,Midfielder,WOL,6.0,35,0,0,0,1,0,0,0,0,1
2367547,Semedo,Nelson Semedo,Defender,WOL,4.5,90,0,0,0,1,0,0,0,0,2
2367547,Kilman,Max Kilman,Defender,WOL,4.5,90,0,0,0,1,0,0,0,0,2
2367547,Neto,Pedro Neto,Midfielder,WOL,7.0,90,0,0,0,1,0,1,0,0,1
2367547,Kalajdzic,Sasa Kalajdzic,Forward,WOL,5.0,10,0,0,0,0,0,0,0,0,1
2367547,Matheus Cunha,Matheus Santos Carneiro Da Cunha,Forward,WOL,8.0,75,0,0,0,1,0,0,0,0,2
2367547,João Gomes,João Victor Gomes da Silva,Midfielder,WOL,5.5,86,0,0,0,1,0,0,0,0,2
2367547,Ait Nouri,Rayan Ait Nouri,Defender,WOL,6.0,76,0,0,0,1,0,1,0,0,1
2367547,Fabio Silva,Fabio Daniel Soares Silva,Forward,WOL,5.0,21,0,0,0,0,0,0,0,0,1
2367547,Matheus Nunes,Matheus Luiz Nunes,Midfielder,WOL,5.5,90,0,0,0,1,0,0,0,0,2
2367547,Bueno (Hugo),Hugo Bueno,Defender,WOL,4.5,20,0,0,0,0,0,0,0,0,1
2367548,Coutinho,Philippe Coutinho,Midfielder,AVL,5.8,19,0,0,0,0,0,0,0,0,1
2367548,Martinez,Emiliano Martinez,Goalkeeper,AVL,5.0,90,0,0,1,0,0,0,0,2,8
2367548,Digne,Lucas Digne,Defender,AVL,4.5,90,0,1,1,0,0,1,0,2,10
2367548,McGinn,John McGinn,Midfielder,AVL,5.5,90,1,0,1,0,0,0,0,2,10
2367548,Diego Carlos,Diego Carlos Santos Silva,Defender,AVL,4.5,33,0,0,0,0,0,0,0,0,1
2367548,Tielemans,Youri Tielemans,Midfielder,AVL,6.0,34,0,0,0,0,0,0,0,0,1
2367548,Watkins,Ollie Watkins,Forward,AVL,9.0,70,0,1,1,0,0,0,0,0,5
2367548,Cash,Matthew Cash,Defender,AVL,4.5,90,0,0,1,0,0,0,0,0,6
2367548,Konsa Ngoyo,Ezri Konsa Ngoyo,Defender,AVL,4.5,90,0,0,1,0,0,0,0,0,6
2367548,Bailey,Leon Bailey,Midfielder,AVL,5.5,60,1,1,1,0,0,0,0,3,14
2367548,Kamara,Boubacar Kamara,Midfielder,AVL,5.0,90,0,0,1,0,0,0,0,0,3
2367548,Douglas Luiz,Douglas Luiz Soares de Paulo,Midfielder,AVL,5.4,60,1,0,1,0,0,1,0,0,7
2367548,Diaby,Moussa Diaby,Midfielder,AVL,6.5,60,0,0,1,0,0,0,0,0,3
2367548,Torres,Pau Torres,Defender,AVL,4.5,90,0,0,1,0,0,0,0,0,6
2367548,Archer,Cameron Archer,Forward,AVL,4.8,14,0,0,0,0,0,1,0,0,0
2367548,Durán,Jhon Durán,Forward,AVL,5.7,23,1,0,0,0,0,0,0,2,7
2367548,Tarkowski,James Tarkowski,Defender,EVE,5.5,90,0,0,0,4,0,0,0,0,0
2367548,Young (Ashley),Ashley Young,Defender,EVE,4.2,90,0,0,0,4,0,0,0,0,0
2367548,Gueye,Idrissa Gueye,Midfielder,EVE,5.5,45,0,0,0,2,0,1,0,0,0
2367548,Keane,Michael Keane,Defender,EVE,4.5,90,0,0,0,4,0,1,0,0,0
2367548,Pickford,Jordan Pickford,Goalkeeper,EVE,5.5,90,0,0,0,4,0,1,0,0,0
2367548,Maupay,Neal Maupay,Forward,EVE,4.9,44,0,0,0,2,0,0,0,0,1
2367548,Doucouré,Abdoulaye Doucouré,Midfielder,EVE,5.1,90,0,0,0,4,0,0,0,0,2
2367548,Iwobi,Alex Iwobi,Midfielder,EVE,6.5,49,0,0,0,2,0,0,0,0,1
2367548,Calvert-Lewin,Dominic Calvert-Lewin,Forward,EVE,5.4,33,0,0,0,2,0,0,0,0,1
2367548,Danjuma Groeneveld,Arnaut Danjuma Groeneveld,Midfielder,EVE,5.2,62,0,0,0,2,0,0,0,0,1
2367548,Garner,James Garner,Midfielder,EVE,5.0,90,0,0,0,4,0,0,0,0,2
2367548,Patterson (Nathan),Nathan Patterson,Defender,EVE,4.5,90,0,0,0,4,0,1,0,0,0
2367548,Mvom Onana,Amadou Mvom Onana,Midfielder,EVE,5.0,90,0,0,0,4,0,0,0,0,2
2367548,Dobbin,Lewis Dobbin,Midfielder,EVE,5.0,45,0,0,0,2,0,0,0,0,1
2367548,Onyango,Tyler Onyango,Midfielder,EVE,4.4,2,0,0,0,0,0,0,0,0,1
2367549,Jorginho,Jorge Luiz Frello Filho,Midfielder,ARS,4.6,18,0,0,0,0,0,0,0,0,1
2367549,Partey,Thomas Partey,Midfielder,ARS,4.9,90,0,0,1,0,0,0,0,0,3
2367549,Odegaard,Martin Odegaard,Midfielder,ARS,8.0,89,1,0,1,0,0,0,0,3,11
2367549,White (Ben),Ben White,Defender,ARS,5.5,90,0,0,1,0,0,0,0,1,7
2367549,Rice,Declan Rice,Midfielder,ARS,6.5,90,0,0,1,0,0,0,0,0,3
2367549,Eddie Nketiah,Edward Nketiah,Forward,ARS,5.5,79,0,1,1,0,0,0,0,0,5
2367549,Zinchenko,Oleksandr Zinchenko,Defender,ARS,5.0,8,0,0,0,0,0,0,0,0,1
2367549,Havertz,Kai Havertz,Midfielder,ARS,7.5,90,0,0,1,0,0,1,0,0,2
2367549,Saka,Bukayo Saka,Midfielder,ARS,10.0,89,0,0,1,0,0,0,0,0,3
2367549,Tomiyasu,Takehiro Tomiyasu,Defender,ARS,4.8,66,0,0,1,0,0,0,1,0,3
2367549,Ramsdale,Aaron Ramsdale,Goalkeeper,ARS,4.4,90,0,0,1,0,0,0,0,0,6
2367549,Gabriel Magalhães,Gabriel dos Santos Magalhães,Defender,ARS,6.0,28,0,0,0,0,0,0,0,0,1
2367549,Kiwior,Jakub Kiwior,Defender,ARS,5.5,8,0,0,0,0,0,0,0,0,1
2367549,Martinelli,Gabriel Teodoro Martinelli Silva,Midfielder,ARS,7.0,69,0,0,1,0,0,0,0,0,3
2367549,Saliba,William Saliba,Defender,ARS,6.0,90,0,0,1,0,0,0,0,2,8
2367549,Ward,Joel Ward,Defender,CRY,4.3,83,0,0,0,1,0,0,0,0,2
2367549,Ayew (Jordan),Jordan Ayew,Midfielder,CRY,5.1,90,0,0,0,1,0,1,0,0,1
2367549,Schlupp,Jeffrey Schlupp,Midfielder,CRY,4.6,73,0,0,0,1,0,0,0,0,2
2367549,Johnstone,Sam Johnstone,Goalkeeper,CRY,4.5,90,0,0,0,1,0,0,0,0,2
2367549,Lerma,Jefferson Lerma,Midfielder,CRY,5.0,90,0,0,0,1,0,0,0,0,2
2367549,Andersen (Joachim),Joachim Andersen,Defender,CRY,4.5,90,0,0,0,1,0,0,0,0,2
2367549,Edouard,Odsonne Edouard,Forward,CRY,5.0,90,0,0,0,1,0,0,0,0,2
2367549,Marc Guehi,Addji Keaninkin Marc-Israel Guehi,Defender,CRY,4.5,90,0,0,0,1,0,0,0,0,2
2367549,Eze,Eberechi Eze,Midfielder,CRY,7.5,90,0,0,0,1,0,0,0,0,2
2367549,Mitchell,Tyrick Mitchell,Defender,CRY,5.0,90,0,0,0,1,0,0,0,0,2
2367549,Doucoure,Cheick Oumar Doucoure,Midfielder,CRY,5.0,90,0,0,0,1,0,1,0,0,1
2367549,Rak-Sakyi,Jesurun Rak-Sakyi,Midfielder,CRY,4.5,14,0,0,0,0,0,0,0,0,1
2367549,Ahamada,Naouirou Ahamada,Midfielder,CRY,4.5,24,0,0,0,0,0,0,0,0,1
2367550,Flekken,Mark Flekken,Goalkeeper,BRE,4.5,90,0,0,1,0,0,0,0,0,6
2367550,Norgaard,Christian Norgaard,Midfielder,BRE,5.5,78,0,0,1,0,0,0,0,0,3
2367550,Dasilva,Pelenda Joshua Dasilva,Midfielder,BRE,4.8,9,0,0,0,0,0,0,0,0,1
2367550,Ajer,Kristoffer Ajer,Defender,BRE,4.5,11,0,1,0,0,0,0,0,0,4
2367550,Henry,Rico Henry,Defender,BRE,4.5,90,0,0,1,0,0,1,0,0,5
2367550,Janelt,Vitaly Janelt,Midfielder,BRE,5.0,90,0,0,1,0,0,0,0,0,3
2367550,Jensen,Mathias Jensen,Midfielder,BRE,5.0,90,0,0,1,0,0,0,0,0,3
2367550,Wissa,Yoane Wissa,Forward,BRE,7.5,79,1,1,1,0,0,0,0,2,11
2367550,Roerslev,Mads Roerslev,Defender,BRE,4.5,21,0,0,0,0,0,0,0,0,1
2367550,Pinnock,Ethan Pinnock,Defender,BRE,4.5,90,0,0,1,0,0,0,0,1,7
2367550,Lewis-Potter,Keane Lewis-Potter,Midfielder,BRE,5.0,28,0,0,0,0,0,0,0,0,1
2367550,Collins,Nathan Collins,Defender,BRE,5.0,90,0,0,1,0,0,0,0,0,6
2367550,Damsgaard,Mikkel Damsgaard,Midfielder,BRE,6.0,20,0,0,0,0,0,0,0,0,1
2367550,Mbeumo,Bryan Mbeumo,Midfielder,BRE,8.0,90,2,0,1,0,0,0,0,3,16
2367550,Hickey,Aaron Hickey,Defender,BRE,4.0,78,0,0,1,0,0,1,0,0,5
2367550,Schade,Kevin Schade,Midfielder,BRE,7.0,71,0,0,1,0,0,0,0,0,3
2367550,Willian,Willian Borges Da Silva,Midfielder,FUL,5.0,32,0,0,0,1,0,0,0,0,1
2367550,Leno,Bernd Leno,Goalkeeper,FUL,5.0,90,0,0,0,3,0,0,0,0,2
2367550,Ream,Tim Ream,Defender,FUL,4.5,63,0,0,0,1,0,0,1,0,0
2367550,DeCordova-Reid,Bobby DeCordova-Reid,Midfielder,FUL,5.2,67,0,0,0,2,0,0,0,0,2
2367550,Raúl Jiménez,Raul Alonso Jimenez Rodriguez,Forward,FUL,6.5,86,0,0,0,2,0,0,0,0,2
2367550,Reed,Harrison Reed,Midfielder,FUL,4.5,67,0,0,0,2,0,1,0,0,1
2367550,Wilson (Harry),Harry Wilson,Midfielder,FUL,5.5,90,0,0,0,3,0,0,0,0,2
2367550,João Palhinha,João Maria Lobo Alves Palhinha Gonçalves,Midfielder,FUL,5.9,32,0,0,0,1,0,1,0,0,0
2367550,Pereira (Andreas),Andreas Pereira,Midfielder,FUL,5.5,67,0,0,0,2,0,0,0,0,2
2367550,Traoré (Adama),Adama Traoré,Midfielder,FUL,5.5,13,0,0,0,1,0,0,0,0,1
2367550,Tete,Kenny Tete,Defender,FUL,4.5,86,0,0,0,2,0,0,0,0,1
2367550,Robinson (Antonee),Antonee Robinson,Defender,FUL,5.0,90,0,0,0,3,0,0,0,0,1
2367550,Lukic,Sasa Lukic,Midfielder,FUL,5.0,90,0,0,0,3,0,0,0,0,2
2367550,Diop,Issa Diop,Defender,FUL,4.5,90,0,0,0,3,0,0,0,0,1
2367550,Bassey,Calvin Bassey,Defender,FUL,4.5,32,0,0,0,1,0,0,0,0,1
2367550,Rodrigo Muniz,Rodrigo Muniz Carvalho,Forward,FUL,5.5,13,0,0,0,1,0,0,0,0,1
2367551,Neto,Norberto Murara Neto,Goalkeeper,BOU,4.5,90,0,0,0,3,0,1,0,3,10
2367551,Brooks (David),David Brooks,Midfielder,BOU,5.0,19,0,0,0,0,0,0,0,0,1
2367551,Moore (Kieffer),Kieffer Moore,Forward,BOU,4.6,32,0,0,0,0,0,0,0,0,1
2367551,Solanke,Dominic Solanke,Forward,BOU,7.5,90,0,1,0,3,0,0,0,0,5
2367551,Rothwell,Joe Rothwell,Midfielder,BOU,4.8,76,0,0,0,3,0,0,0,0,2
2367551,Christie,Ryan Christie,Midfielder,BOU,5.0,63,0,0,0,3,0,0,0,0,2
2367551,Billing,Philip Billing,Midfielder,BOU,5.0,90,0,0,0,3,0,0,0,0,2
2367551,Senesi,Marcos Senesi,Defender,BOU,4.5,83,0,0,0,3,0,0,0,0,1
2367551,Kluivert,Justin Kluivert,Midfielder,BOU,7.0,32,0,0,0,0,0,0,0,0,1
2367551,Aarons,Maximillian Aarons,Defender,BOU,4.3,90,0,0,0,3,0,0,0,0,1
2367551,Kelly (Lloyd),Lloyd Kelly,Defender,BOU,4.2,19,0,0,0,0,0,0,0,0,1
2367551,Traore (Hamed),Hamed Traore,Midfielder,BOU,4.5,11,0,0,0,0,0,0,0,0,1
2367551,Semenyo,Antoine Semenyo,Forward,BOU,7.0,75,1,0,0,3,0,1,0,1,6
2367551,Anthony,Jaidon Anthony,Midfielder,BOU,5.5,62,0,0,0,3,0,1,0,0,1
2367551,Zabarnyi,Illia Zabarnyi,Defender,BOU,5.0,90,0,0,0,3,0,0,0,0,1
2367551,Kerkez,Milos Kerkez,Defender,BOU,6.0,90,0,0,0,3,0,0,0,0,1
2367551,van Dijk,Virgil van Dijk,Defender,LIV,6.0,90,0,0,0,1,0,0,0,0,2
2367551,Alisson,Alisson Ramses Becker,Goalkeeper,LIV,5.5,90,0,0,0,1,0,1,0,0,2
2367551,Salah,Mohamed Salah,Midfielder,LIV,14.5,84,1,0,0,1,0,0,0,0,5
2367551,Robertson (Andrew),Andrew Robertson,Defender,LIV,6.0,90,0,0,0,1,0,0,0,0,2
2367551,Endo,Wataru Endo,Midfielder,LIV,5.0,32,0,0,0,0,0,0,0,0,1
2367551,Alexander-Arnold,Trent Alexander-Arnold,Defender,LIV,7.2,75,0,0,0,1,0,0,0,0,2
2367551,Gomez,Joseph Gomez,Defender,LIV,5.0,19,0,0,0,0,0,0,0,0,1
2367551,Diogo Jota,Diogo José Teixeira da Silva,Midfielder,LIV,7.2,75,1,1,0,1,0,0,0,2,12
2367551,Konaté,Ibrahima Konaté,Defender,LIV,5.5,90,0,0,0,1,0,0,0,0,2
2367551,Tsimikas,Konstantinos Tsimikas,Defender,LIV,5.0,10,0,0,0,0,0,0,0,0,1
2367551,Mac Allister,Alexis Mac Allister,Midfielder,LIV,6.5,57,0,0,0,1,0,0,1,0,0
2367551,Gakpo,Cody Gakpo,Forward,LIV,7.5,62,0,0,0,1,0,0,0,0,2
2367551,Díaz,Luis Díaz,Midfielder,LIV,8.0,84,1,0,0,1,0,0,0,0,7
2367551,Szoboszlai,Dominik Szoboszlai,Midfielder,LIV,6.5,90,0,1,0,1,0,0,0,0,5
2367551,Elliott,Harvey Elliott,Midfielder,LIV,5.5,19,0,0,0,0,0,0,0,0,1
2367551,Núñez,Darwin Núñez,Forward,LIV,6.5,10,0,0,0,0,0,0,0,0,1
2367552,Rodriguez,Jay Rodriguez,Forward,BUR,5.3,18,0,0,0,1,0,0,0,0,1
2367552,Taylor (Charlie),Charlie Taylor,Defender,BUR,3.9,90,0,0,0,1,0,1,0,0,1
2367552,Cullen,Josh Cullen,Midfielder,BUR,5.0,90,0,0,0,1,0,0,0,0,2
2367552,Brownhill,Josh Brownhill,Midfielder,BUR,4.7,90,0,0,0,1,0,0,0,0,2
2367552,Bruun Larsen,Jacob Bruun Larsen,Midfielder,BUR,5.5,24,1,0,0,1,0,0,0,0,6
2367552,Roberts (Connor),Connor Roberts,Defender,BUR,4.5,90,0,1,0,1,0,1,0,0,4
2367552,Berge,Sander Berge,Midfielder,BUR,5.0,90,0,1,0,1,0,0,0,2,7
2367552,Beyer,Jordan Beyer,Defender,BUR,4.0,90,0,0,0,1,0,0,0,0,2
2367552,Delcroix,Hannes Delcroix,Defender,BUR,4.0,5,0,0,0,0,0,0,0,0,1
2367552,Trafford,James Trafford,Goalkeeper,BUR,5.0,90,0,0,0,1,0,0,0,0,2
2367552,Foster,Lyle Foster,Forward,BUR,5.0,78,1,0,1,0,0,0,0,3,9
2367552,Ramsey (Aaron),Aaron Ramsey,Midfielder,BUR,4.5,19,0,0,0,1,0,0,0,0,1
2367552,Koleosho,Luca Koleosho,Midfielder,BUR,5.0,72,0,0,1,0,0,0,0,0,3
2367552,Al Dakhil,Ameen Al Dakhil,Defender,BUR,3.8,90,0,0,0,1,0,0,0,0,2
2367552,Amdouni,Zeki Amdouni,Forward,BUR,5.0,72,0,0,1,0,0,0,0,0,2
2367552,Kaminski,Thomas Kaminski,Goalkeeper,LUT,4.0,90,0,0,0,2,0,0,0,0,1
2367552,Ruddock Mpanzu,Pelly Ruddock Mpanzu,Midfielder,LUT,4.6,90,0,0,0,2,0,0,0,0,2
2367552,Lockyer,Tom Lockyer,Defender,LUT,4.2,90,0,0,0,2,0,0,0,0,1
2367552,Burke,Reece Burke,Defender,LUT,4.0,74,0,1,0,2,0,1,0,0,3
2367552,Morris,Carlton Morris,Forward,LUT,4.7,90,0,0,0,2,0,0,0,0,2
2367552,Bell,Amarii Bell,Defender,LUT,3.8,20,0,0,0,0,0,0,0,0,1
2367552,Adebayo,Elijah Adebayo,Forward,LUT,4.8,35,1,0,0,1,0,0,0,2,7
2367552,Nakamba,Marvelous Nakamba,Midfielder,LUT,4.3,90,0,0,0,2,0,1,0,0,1
2367552,Chong,Tahith Chong,Midfielder,LUT,4.4,28,0,0,0,1,0,1,0,0,0
2367552,Ogbene,Chiedozie Ogbene,Forward,LUT,4.8,90,0,0,0,2,0,0,0,0,2
2367552,Brown,Jacob Brown,Forward,LUT,4.9,68,0,0,0,1,0,1,0,0,1
2367552,Doughty,Alfie Doughty,Defender,LUT,4.3,90,0,0,0,2,0,0,0,0,1
2367552,Mengi,Teden Mengi,Defender,LUT,3.9,90,0,0,0,2,0,0,0,0,1
2367552,Issa Kabore,Issa Kabore,Defender,LUT,4.5,62,0,0,0,1,0,0,0,0,2
2367553,Walker,Kyle Walker,Defender,MCI,4.5,90,0,0,1,0,0,0,0,0,6
2367553,Kovacic,Mateo Kovacic,Midfielder,MCI,6.0,90,0,0,1,0,0,0,0,0,3
2367553,Grealish,Jack Grealish,Midfielder,MCI,6.5,90,0,0,1,0,0,0,0,0,3
2367553,Ederson,Ederson Santana de Moraes,Goalkeeper,MCI,5.5,90,0,0,1,0,0,0,0,0,6
2367553,Rúben Dias,Rúben Santos Gato Alves Dias,Defender,MCI,5.5,90,0,0,1,0,0,0,0,1,7
2367553,Foden,Phil Foden,Midfielder,MCI,8.0,90,0,1,1,0,0,0,0,3,9
2367553,Akanji,Manuel Akanji,Defender,MCI,5.5,90,0,0,1,0,0,0,0,1,7
2367553,Rodri,Rodrigo Hernández Cascante,Midfielder,MCI,6.5,90,0,0,1,0,0,0,0,0,3
2367553,Haaland,Erling Haaland,Forward,MCI,14.0,90,0,0,1,0,0,0,0,0,2
2367553,Álvarez (Julián),Julián Álvarez,Forward,MCI,7.0,90,1,0,1,0,0,1,0,2,7
2367553,Gvardiol,Joško Gvardiol,Defender,MCI,6.0,90,0,0,1,0,0,0,0,0,6
2367553,Wilson (Callum),Callum Wilson,Forward,NEW,6.9,29,0,0,0,0,0,0,0,0,1
2367553,Trippier,Kieran Trippier,Defender,NEW,5.0,90,0,0,0,1,0,0,0,0,2
2367553,Burn,Dan Burn,Defender,NEW,5.0,90,0,0,0,1,0,0,0,0,2
2367553,Pope,Nick Pope,Goalkeeper,NEW,5.0,90,0,0,0,1,0,0,0,0,3
2367553,Schär,Fabian Schär,Defender,NEW,5.5,90,0,0,0,1,0,0,0,0,2
2367553,Almirón,Miguel Almirón,Midfielder,NEW,5.4,86,0,0,0,1,0,0,0,0,2
2367553,Longstaff (Sean),Sean Longstaff,Midfielder,NEW,5.0,39,0,0,0,0,0,0,0,0,1
2367553,Joelinton,Joelinton Cássio Apolinário de Lira,Midfielder,NEW,6.0,56,0,0,0,1,0,1,0,0,0
2367553,Barnes (Harvey),Harvey Barnes,Midfielder,NEW,6.5,40,0,0,0,0,0,1,0,0,0
2367553,Bruno Guimarães,Bruno Guimarães Rodriguez Moura,Midfielder,NEW,6.5,90,0,0,0,1,0,1,0,0,1
2367553,Anderson,Elliot Anderson,Midfielder,NEW,5.5,29,0,0,0,0,0,0,0,0,1
2367553,Isak,Alexander Isak,Forward,NEW,10.5,66,0,0,0,1,0,0,0,0,2
2367553,Botman,Sven Botman,Defender,NEW,5.0,90,0,0,0,1,0,0,0,0,2
2367553,Gordon (Anthony),Anthony Gordon,Midfielder,NEW,7.5,55,0,0,0,1,0,1,0,0,0
2367553,Tonali,Sandro Tonali,Midfielder,NEW,5.5,66,0,0,0,1,0,1,0,0,1
2367553,Livramento,Valentino Livramento,Defender,NEW,5.0,10,0,0,0,0,0,0,0,0,1
2367554,Kouyaté,Cheikhou Kouyaté,Midfielder,NFO,4.8,8,0,0,0,0,0,0,0,0,1
2367554,Wood,Chris Wood,Forward,NFO,7.5,16,1,0,0,0,0,0,0,2,7
2367554,Aurier,Serge Aurier,Defender,NFO,4.5,90,0,2,0,1,0,1,0,3,10
2367554,Boly,Willy Boly,Defender,NFO,4.0,68,0,0,0,1,0,1,0,0,1
2367554,McKenna (Scott),Scott McKenna,Defender,NFO,4.5,90,0,0,0,1,0,0,0,0,2
2367554,Mangala,Orel Mangala,Midfielder,NFO,5.0,68,0,0,0,1,0,0,0,0,2
2367554,Niakhaté,Moussa Niakhaté,Defender,NFO,4.5,8,0,0,0,0,0,0,0,0,1
2367554,Yates,Ryan Yates,Midfielder,NFO,5.0,29,0,0,0,0,0,0,0,0,1
2367554,Worrall,Joe Worrall,Defender,NFO,4.0,90,0,0,0,1,0,0,0,0,2
2367554,Awoniyi,Taiwo Awoniyi,Forward,NFO,5.5,81,1,0,0,1,0,0,0,1,7
2367554,Williams (Neco),Neco Williams,Defender,NFO,5.0,90,0,0,0,1,0,0,0,0,2
2367554,Gibbs-White,Morgan Gibbs-White,Midfielder,NFO,7.5,90,0,0,0,1,0,0,0,0,2
2367554,Turner,Matt Turner,Goalkeeper,NFO,4.0,90,0,0,0,1,0,0,0,0,2
2367554,Johnson (Brennan),Brennan Johnson,Midfielder,NFO,7.0,88,0,0,0,1,0,0,0,0,2
2367554,Elanga,Anthony Elanga,Midfielder,NFO,7.0,29,0,0,0,0,0,0,0,0,1
2367554,Danilo,Danilo dos Santos de Oliveira,Midfielder,NFO,4.7,88,0,0,0,1,0,0,0,0,2
2367554,Basham,Chris Basham,Defender,SHU,3.9,40,0,0,0,1,0,0,0,0,1
2367554,Norwood,Oliver Norwood,Midfielder,SHU,4.8,90,0,0,0,2,0,1,0,0,1
2367554,Foderingham,Wes Foderingham,Goalkeeper,SHU,4.0,90,0,0,0,2,0,0,0,0,1
2367554,Robinson (Jack),Jack Robinson,Defender,SHU,4.3,90,0,0,0,2,0,0,0,0,1
2367554,Egan,John Egan,Defender,SHU,4.2,90,0,0,0,2,0,0,0,0,1
2367554,Lowe (Max),Max Lowe,Defender,SHU,4.3,45,0,0,0,1,0,0,0,0,1
2367554,Osborn,Ben Osborn,Midfielder,SHU,4.8,90,0,0,0,2,0,1,0,0,1
2367554,Hamer,Gustavo Hamer,Midfielder,SHU,4.9,90,1,0,0,2,0,1,0,0,6
2367554,Ahmedhodzic,Anel Ahmedhodzic,Defender,SHU,4.3,90,0,0,0,2,0,0,0,0,1
2367554,Vinicius Souza,Vinicius de Souza Costa,Midfielder,SHU,5.0,56,0,0,0,1,0,0,0,0,1
2367554,Larouci,Yasser Larouci,Defender,SHU,4.3,45,0,0,0,1,0,0,0,0,1
2367554,Hackford,Antwoine Hackford,Forward,SHU,4.4,17,0,0,0,1,0,0,0,0,1
2367554,Traoré (Bénie),Bénie Traoré,Forward,SHU,5.1,79,0,0,0,1,0,0,0,0,2
2367554,Osula,William Osula,Forward,SHU,5.5,72,0,0,0,1,0,0,0,0,2
2367554,Brooks (Andre),Andre Brooks,Midfielder,SHU,4.4,24,0,0,0,1,0,0,0,0,1
2367555,Casemiro,Carlos Henrique Jose Francisco Venancio,Midfielder,MUN,5.5,90,0,0,0,2,0,0,0,0,2
2367555,Eriksen,Christian Eriksen,Midfielder,MUN,5.2,34,0,0,0,1,0,0,0,0,1
2367555,Varane,Raphael Varane,Defender,MUN,4.9,90,0,0,0,2,0,0,0,0,1
2367555,Shaw,Luke Shaw,Defender,MUN,4.5,90,0,0,0,2,0,0,0,0,1
2367555,Bruno Fernandes,Bruno Miguel Borges Fernandes,Midfielder,MUN,9.0,90,0,0,0,2,0,1,0,0,1
2367555,Martial,Anthony Martial,Forward,MUN,6.4,15,0,0,0,0,0,0,0,0,1
2367555,Rashford,Marcus Rashford,Midfielder,MUN,7.0,82,0,0,0,2,0,0,0,0,2
2367555,Mount,Mason Mount,Midfielder,MUN,6.0,81,0,0,0,2,0,0,0,0,2
2367555,Onana,André Onana,Goalkeeper,MUN,5.0,90,0,0,0,2,0,0,0,0,2
2367555,Sancho,Jadon Sancho,Midfielder,MUN,6.0,34,0,0,0,1,0,0,0,0,1
2367555,Wan-Bissaka,Aaron Wan-Bissaka,Defender,MUN,4.5,63,0,0,0,1,0,1,0,0,1
2367555,Dalot,José Diogo Dalot Teixeira,Defender,MUN,4.5,34,0,0,0,1,0,0,0,0,1
2367555,Martínez,Lisandro Martínez,Defender,MUN,5.0,90,0,0,0,2,1,0,0,0,0
2367555,Antony,Antony Matheus dos Santos,Midfielder,MUN,6.0,63,0,0,0,1,0,1,0,0,1
2367555,Pellistri,Facundo Pellistri,Midfielder,MUN,5.0,15,0,0,0,0,0,0,0,0,1
2367555,Garnacho,Alejandro Garnacho Ferreyra,Midfielder,MUN,6.5,63,0,0,0,1,0,0,0,0,2
2367555,Perisic,Ivan Perisic,Defender,TOT,6.5,30,0,0,0,0,0,0,0,0,1
2367555,Son,Heung-Min Son,Midfielder,TOT,8.5,90,0,0,1,0,0,0,0,0,3
2367555,Davies (Ben),Ben Davies,Defender,TOT,4.5,30,0,1,0,0,0,0,0,0,4
2367555,Højbjerg,Pierre-Emile Højbjerg,Midfielder,TOT,5.0,24,0,0,0,0,0,0,0,0,1
2367555,Maddison,James Maddison,Midfielder,TOT,7.0,90,0,0,1,0,0,0,0,0,3
2367555,Vicario,Guglielmo Vicario,Goalkeeper,TOT,5.0,90,0,0,1,0,0,0,0,3,11
2367555,Richarlison,Richarlison de Andrade,Midfielder,TOT,6.5,67,0,0,1,0,0,0,0,0,3
2367555,Romero,Cristian Romero,Defender,TOT,5.0,90,0,0,1,0,0,0,0,0,6
2367555,Bissouma,Yves Bissouma,Midfielder,TOT,5.5,90,0,0,1,0,0,0,0,0,3
2367555,Solomon,Manor Solomon,Midfielder,TOT,5.5,12,0,0,0,0,0,0,0,0,1
2367555,Emerson Royal,Emerson Aparecido Leite de Souza Junior,Defender,TOT,4.5,11,0,0,0,0,0,0,0,0,1
2367555,Porro,Pedro Porro,Defender,TOT,5.5,85,0,0,1,0,0,0,0,0,6
2367555,Kulusevski,Dejan Kulusevski,Midfielder,TOT,6.5,85,0,0,1,0,0,0,0,0,3
2367555,Sarr (Pape),Pape Sarr,Midfielder,TOT,5.0,73,1,0,1,0,0,0,0,2,10
2367555,Destiny Udogie,Iyenoma Destiny Udogie,Defender,TOT,4.5,67,0,0,1,0,0,1,0,0,5
2367555,van de Ven,Micky van de Ven,Defender,TOT,4.5,90,0,0,1,0,0,0,0,1,7
2367556,Thiago Silva,Thiago Emiliano da Silva,Defender,CHE,5.0,90,0,0,0,3,0,0,0,0,1
2367556,Sterling (Raheem),Raheem Sterling,Midfielder,CHE,6.7,90,0,0,0,3,0,0,0,0,2
2367556,Chilwell,Benjamin Chilwell,Defender,CHE,4.6,60,0,0,0,2,0,0,0,0,1
2367556,Sanchez,Robert Sanchez,Goalkeeper,CHE,5.0,90,0,0,0,3,0,0,0,0,2
2367556,Disasi,Axel Disasi,Defender,CHE,4.2,90,0,0,0,3,0,1,0,0,0
2367556,Gallagher,Conor Gallagher,Midfielder,CHE,5.9,74,0,0,0,2,0,0,0,0,2
2367556,Madueke,Noni Madueke,Midfielder,CHE,7.0,23,0,0,0,1,0,0,0,0,1
2367556,Fernández (Enzo),Enzo Fernández,Midfielder,CHE,6.5,90,0,0,0,3,0,0,0,0,0
2367556,Colwill,Levi Colwill,Defender,CHE,5.0,90,0,0,0,3,0,0,0,0,1
2367556,Mudryk,Mykhailo Mudryk,Midfielder,CHE,5.0,45,0,0,0,2,0,0,0,0,1
2367556,Chukwuemeka,Carney Chukwuemeka,Midfielder,CHE,4.7,45,1,0,0,1,0,1,0,0,5
2367556,Gusto,Malo Gusto,Defender,CHE,5.0,82,0,0,0,2,0,0,0,0,1
2367556,Moises Caicedo,Moises Caicedo,Midfielder,CHE,5.5,37,0,0,0,1,0,0,0,0,1
2367556,Jackson (Nicolas),Nicolas Jackson,Forward,CHE,6.5,90,0,0,0,3,0,1,0,0,1
2367556,Burstow,Mason Burstow,Forward,CHE,4.5,15,0,0,0,1,0,0,0,0,1
2367556,Ogbonna,Angelo Ogbonna,Defender,WHU,4.2,28,0,0,0,0,0,0,0,0,1
2367556,Antonio,Michail Antonio,Forward,WHU,5.2,76,1,0,0,1,0,0,0,3,9
2367556,Areola,Alphonse Areola,Goalkeeper,WHU,4.5,90,0,0,0,1,0,0,0,2,10
2367556,Ward-Prowse,James Ward-Prowse,Midfielder,WHU,6.0,80,0,2,0,1,0,0,0,1,9
2367556,Zouma,Kurt Zouma,Defender,WHU,4.4,90,0,0,0,1,0,0,0,0,2
2367556,Emerson,Emerson Palmieri dos Santos,Defender,WHU,4.5,90,0,1,0,1,0,1,0,0,4
2367556,Coufal,Vladimir Coufal,Defender,WHU,4.1,90,0,0,0,1,0,0,0,0,2
2367556,Benrahma,Said Benrahma,Midfielder,WHU,5.6,69,0,0,0,1,0,0,0,0,2
2367556,Bowen,Jarrod Bowen,Midfielder,WHU,8.0,90,0,0,0,1,0,0,0,0,2
2367556,Aguerd,Nayef Aguerd,Defender,WHU,4.5,67,1,0,0,1,0,0,1,0,5
2367556,Álvarez (Edson),Edson Álvarez,Midfielder,WHU,5.0,17,0,0,0,0,0,0,0,0,1
2367556,Soucek,Tomas Soucek,Midfielder,WHU,6.0,90,0,0,0,1,0,0,0,0,2
2367556,Fornals,Pablo Fornals,Midfielder,WHU,4.6,21,0,0,0,0,0,0,0,0,1
2367556,Lucas Paquetá,Lucas Tolentino Coelho de Lima,Midfielder,WHU,6.0,90,1,0,0,1,0,1,0,0,6
2367557,Milner,James Milner,Midfielder,BHA,5.0,56,0,0,0,0,0,1,0,0,0
2367557,Lallana,Adam Lallana,Midfielder,BHA,5.0,18,0,0,0,0,0,0,0,0,1
2367557,Steele,Jason Steele,Goalkeeper,BHA,4.5,90,0,0,0,1,0,0,0,0,3
2367557,Welbeck,Danny Welbeck,Forward,BHA,6.5,56,0,0,0,0,0,0,0,0,1
2367557,Groß,Pascal Groß,Midfielder,BHA,6.5,79,0,0,0,1,0,1,0,0,1
2367557,Dunk,Lewis Dunk,Defender,BHA,4.5,90,0,0,0,1,0,0,0,0,2
2367557,March,Solomon March,Midfielder,BHA,6.0,90,2,0,0,1,0,0,0,3,15
2367557,Webster,Adam Webster,Defender,BHA,4.5,90,0,0,0,1,0,1,0,0,1
2367557,Veltman,Joël Veltman,Defender,BHA,4.5,41,0,0,0,1,0,0,0,0,1
2367557,Dahoud,Mahmoud Dahoud,Midfielder,BHA,4.9,18,0,0,0,0,0,0,0,0,1
2367557,Estupiñán,Pervis Estupiñán,Defender,BHA,4.5,90,1,1,0,1,0,1,0,1,11
2367557,Gilmour,Billy Gilmour,Midfielder,BHA,5.0,90,0,0,0,1,0,0,0,0,2
2367557,Mitoma,Kaoru Mitoma,Midfielder,BHA,6.5,79,1,1,0,1,0,0,0,2,12
2367557,Enciso,Julio Enciso,Midfielder,BHA,5.5,66,0,2,0,1,0,1,0,0,7
2367557,João Pedro,João Pedro Junqueira de Jesus,Forward,BHA,7.5,41,0,0,0,1,0,1,0,0,0
2367557,Ferguson (Evan),Evan Ferguson,Forward,BHA,5.5,31,0,0,0,0,0,0,0,0,1
2367557,Dawson,Craig Dawson,Defender,WOL,4.2,69,0,0,0,4,0,1,0,0,0
2367557,Sarabia,Pablo Sarabia,Midfielder,WOL,5.0,42,0,1,0,0,0,0,0,0,4
2367557,José Sá,José Pedro Malheiro de Sá,Goalkeeper,WOL,4.5,90,0,0,0,4,0,0,0,0,1
2367557,Lemina (Mario),Mario Lemina,Midfielder,WOL,4.8,90,0,0,0,4,0,0,0,0,2
2367557,Hwang Hee-Chan,Hee-Chan Hwang,Midfielder,WOL,6.0,42,1,0,0,0,0,1,0,0,5
2367557,Semedo,Nelson Semedo,Defender,WOL,4.5,90,0,0,0,4,0,0,0,0,0
2367557,Kilman,Max Kilman,Defender,WOL,4.5,90,0,0,0,4,0,1,0,0,0
2367557,Neto,Pedro Neto,Midfielder,WOL,7.0,90,0,0,0,4,0,0,0,0,2
2367557,Matheus Cunha,Matheus Santos Carneiro Da Cunha,Forward,WOL,8.0,90,0,0,0,4,0,0,0,0,2
2367557,João Gomes,João Victor Gomes da Silva,Midfielder,WOL,5.5,55,0,0,0,4,0,0,0,0,1
2367557,Ait Nouri,Rayan Ait Nouri,Defender,WOL,6.0,84,0,0,0,4,0,0,0,0,0
2367557,Fabio Silva,Fabio Daniel Soares Silva,Forward,WOL,5.0,55,0,0,0,4,0,0,0,0,1
2367557,Matheus Nunes,Matheus Luiz Nunes,Midfielder,WOL,5.5,90,0,0,0,4,0,0,1,0,0
2367557,Bueno (Hugo),Hugo Bueno,Defender,WOL,4.5,12,0,0,0,0,0,0,0,0,1
2367557,Toti,Toti António Gomes,Defender,WOL,4.5,28,0,0,0,0,0,0,0,0,1
2367558,Neto,Norberto Murara Neto,Goalkeeper,BOU,4.5,90,0,0,0,2,0,0,0,0,2
2367558,Brooks (David),David Brooks,Midfielder,BOU,5.0,23,0,0,0,0,0,0,0,0,1
2367558,Moore (Kieffer),Kieffer Moore,Forward,BOU,4.6,12,0,0,0,0,0,0,0,0,1
2367558,Solanke,Dominic Solanke,Forward,BOU,7.5,90,0,0,0,2,0,0,0,0,2
2367558,Cook (Lewis),Lewis Cook,Midfielder,BOU,5.0,45,0,0,0,1,0,0,0,0,1
2367558,Rothwell,Joe Rothwell,Midfielder,BOU,4.8,45,0,0,0,1,0,0,0,0,1
2367558,Christie,Ryan Christie,Midfielder,BOU,5.0,60,0,0,0,1,0,0,0,0,1
2367558,Billing,Philip Billing,Midfielder,BOU,5.0,83,0,0,0,2,0,0,0,0,2
2367558,Kluivert,Justin Kluivert,Midfielder,BOU,7.0,60,0,0,0,1,0,0,0,0,1
2367558,Aarons,Maximillian Aarons,Defender,BOU,4.3,90,0,0,0,2,0,0,0,0,1
2367558,Kelly (Lloyd),Lloyd Kelly,Defender,BOU,4.2,90,0,0,0,2,0,1,0,0,0
2367558,Traore (Hamed),Hamed Traore,Midfielder,BOU,4.5,36,0,0,0,1,0,0,0,0,1
2367558,Semenyo,Antoine Semenyo,Forward,BOU,7.0,72,0,0,0,2,0,0,0,0,2
2367558,Anthony,Jaidon Anthony,Midfielder,BOU,5.5,36,0,0,0,1,0,0,0,0,1
2367558,Zabarnyi,Illia Zabarnyi,Defender,BOU,5.0,90,0,0,0,2,0,0,0,0,1
2367558,Kerkez,Milos Kerkez,Defender,BOU,6.0,90,0,0,0,2,0,0,0,0,1
2367558,Perisic,Ivan Perisic,Defender,TOT,6.5,37,0,0,0,0,0,1,0,0,0
2367558,Son,Heung-Min Son,Midfielder,TOT,8.5,90,0,0,1,0,0,0,0,0,3
2367558,Davies (Ben),Ben Davies,Defender,TOT,4.5,17,0,0,0,0,0,0,0,0,1
2367558,Højbjerg,Pierre-Emile Højbjerg,Midfielder,TOT,5.0,37,0,0,0,0,0,0,0,0,1
2367558,Maddison,James Maddison,Midfielder,TOT,7.0,73,1,0,1,0,0,0,0,2,10
2367558,Vicario,Guglielmo Vicario,Goalkeeper,TOT,5.0,90,0,0,1,0,0,0,0,0,7
2367558,Lo Celso,Giovani Lo Celso,Midfielder,TOT,4.9,23,0,0,0,0,0,0,0,0,1
2367558,Skipp,Oliver Skipp,Midfielder,TOT,4.7,23,0,0,0,0,0,0,0,0,1
2367558,Richarlison,Richarlison de Andrade,Midfielder,TOT,6.5,59,0,0,0,0,0,1,0,0,0
2367558,Romero,Cristian Romero,Defender,TOT,5.0,90,0,0,1,0,0,0,0,1,7
2367558,Bissouma,Yves Bissouma,Midfielder,TOT,5.5,73,0,0,1,0,0,1,0,0,2
2367558,Porro,Pedro Porro,Defender,TOT,5.5,90,0,0,1,0,0,0,0,0,6
2367558,Kulusevski,Dejan Kulusevski,Midfielder,TOT,6.5,90,1,0,1,0,0,0,0,0,8
2367558,Sarr (Pape),Pape Sarr,Midfielder,TOT,5.0,59,0,1,0,0,0,0,0,0,4
2367558,Destiny Udogie,Iyenoma Destiny Udogie,Defender,TOT,4.5,79,0,1,1,0,0,0,0,3,12
2367558,van de Ven,Micky van de Ven,Defender,TOT,4.5,90,0,0,1,0,0,0,0,0,6
2367559,Jorginho,Jorge Luiz Frello Filho,Midfielder,ARS,4.6,16,0,0,0,1,0,0,0,0,1
2367559,Trossard,Leandro Trossard,Midfielder,ARS,7.0,45,0,0,0,1,0,0,0,0,1
2367559,Partey,Thomas Partey,Midfielder,ARS,4.9,55,0,0,0,1,0,0,0,0,1
2367559,Odegaard,Martin Odegaard,Midfielder,ARS,8.0,80,0,0,0,1,0,0,0,0,2
2367559,White (Ben),Ben White,Defender,ARS,5.5,90,0,0,0,2,0,0,0,0,1
2367559,Rice,Declan Rice,Midfielder,ARS,6.5,87,0,0,0,2,0,0,0,0,2
2367559,Eddie Nketiah,Edward Nketiah,Forward,ARS,5.5,45,1,0,0,1,0,0,0,0,5
2367559,Jesus,Gabriel Fernando de Jesus,Forward,ARS,6.5,9,0,0,0,0,0,0,0,0,1
2367559,Zinchenko,Oleksandr Zinchenko,Defender,ARS,5.0,40,0,0,0,1,0,0,0,0,1
2367559,Havertz,Kai Havertz,Midfielder,ARS,7.5,56,0,0,0,1,0,0,0,0,1
2367559,Saka,Bukayo Saka,Midfielder,ARS,10.0,90,1,0,0,2,0,0,0,1,8
2367559,Ramsdale,Aaron Ramsdale,Goalkeeper,ARS,4.4,90,0,0,0,2,0,0,0,0,1
2367559,Fábio Vieira,Fábio Daniel Vieira,Midfielder,ARS,5.5,40,0,2,0,1,0,0,0,0,7
2367559,Kiwior,Jakub Kiwior,Defender,ARS,5.5,90,0,0,0,2,0,0,0,0,1
2367559,Martinelli,Gabriel Teodoro Martinelli Silva,Midfielder,ARS,7.0,90,0,0,0,2,0,0,0,0,2
2367559,Saliba,William Saliba,Defender,ARS,6.0,90,0,0,0,2,0,0,0,0,1
2367559,Cairney,Tom Cairney,Midfielder,FUL,5.0,35,0,0,0,2,0,0,0,0,1
2367559,Leno,Bernd Leno,Goalkeeper,FUL,5.0,90,0,0,0,2,0,0,0,2,5
2367559,DeCordova-Reid,Bobby DeCordova-Reid,Midfielder,FUL,5.2,84,0,0,0,2,0,0,0,0,2
2367559,Raúl Jiménez,Raul Alonso Jimenez Rodriguez,Forward,FUL,6.5,90,0,0,0,2,0,1,0,0,1
2367559,Tosin,Oluwatosin Adarabioyo,Defender,FUL,4.5,11,0,0,0,0,0,0,0,0,1
2367559,Reed,Harrison Reed,Midfielder,FUL,4.5,27,0,1,0,1,0,0,0,0,4
2367559,Wilson (Harry),Harry Wilson,Midfielder,FUL,5.5,69,0,0,0,1,0,0,0,0,2
2367559,João Palhinha,João Maria Lobo Alves Palhinha Gonçalves,Midfielder,FUL,5.9,90,1,0,0,2,0,0,0,3,10
2367559,Pereira (Andreas),Andreas Pereira,Midfielder,FUL,5.5,61,1,0,1,0,0,0,0,0,8
2367559,Traoré (Adama),Adama Traoré,Midfielder,FUL,5.5,27,0,0,0,1,0,0,0,0,1
2367559,Tete,Kenny Tete,Defender,FUL,4.5,90,0,0,0,2,0,1,0,0,0
2367559,Robinson (Antonee),Antonee Robinson,Defender,FUL,5.0,90,0,0,0,2,0,0,0,0,1
2367559,Lukic,Sasa Lukic,Midfielder,FUL,5.0,68,0,0,0,1,0,1,0,0,1
2367559,Diop,Issa Diop,Defender,FUL,4.5,90,0,0,0,2,0,0,0,0,1
2367559,Bassey,Calvin Bassey,Defender,FUL,4.5,79,0,0,0,2,0,0,1,0,0
2367560,Flekken,Mark Flekken,Goalkeeper,BRE,4.5,90,0,0,0,1,0,0,0,1,4
2367560,Norgaard,Christian Norgaard,Midfielder,BRE,5.5,90,0,1,0,1,0,0,0,0,5
2367560,Henry,Rico Henry,Defender,BRE,4.5,90,0,0,0,1,0,0,0,0,2
2367560,Janelt,Vitaly Janelt,Midfielder,BRE,5.0,90,0,0,0,1,0,0,0,0,2
2367560,Jensen,Mathias Jensen,Midfielder,BRE,5.0,68,0,0,1,0,0,0,0,0,3
2367560,Wissa,Yoane Wissa,Forward,BRE,7.5,90,0,0,0,1,0,0,0,0,2
2367560,Pinnock,Ethan Pinnock,Defender,BRE,4.5,90,0,0,0,1,0,0,0,0,2
2367560,Lewis-Potter,Keane Lewis-Potter,Midfielder,BRE,5.0,15,0,0,0,0,0,0,0,0,1
2367560,Onyeka,Frank Onyeka,Midfielder,BRE,5.0,24,0,0,0,1,0,0,0,0,1
2367560,Collins,Nathan Collins,Defender,BRE,5.0,90,0,0,0,1,0,0,0,0,2
2367560,Mbeumo,Bryan Mbeumo,Midfielder,BRE,8.0,90,0,0,0,1,0,0,0,0,2
2367560,Hickey,Aaron Hickey,Defender,BRE,4.0,90,0,0,0,1,0,0,0,0,2
2367560,Schade,Kevin Schade,Midfielder,BRE,7.0,77,1,0,0,1,0,0,0,2,9
2367560,Ward,Joel Ward,Defender,CRY,4.3,90,0,0,0,1,0,0,0,0,2
2367560,Ayew (Jordan),Jordan Ayew,Midfielder,CRY,5.1,90,0,1,0,1,0,0,0,0,5
2367560,Schlupp,Jeffrey Schlupp,Midfielder,CRY,4.6,68,0,0,0,1,0,0,0,0,2
2367560,Johnstone,Sam Johnstone,Goalkeeper,CRY,4.5,90,0,0,0,1,0,0,0,0,2
2367560,Lerma,Jefferson Lerma,Midfielder,CRY,5.0,90,0,0,0,1,0,0,0,0,2
2367560,Andersen (Joachim),Joachim Andersen,Defender,CRY,4.5,90,1,0,0,1,0,0,0,3,11
2367560,Edouard,Odsonne Edouard,Forward,CRY,5.0,68,0,0,0,1,0,0,0,0,2
2367560,Marc Guehi,Addji Keaninkin Marc-Israel Guehi,Defender,CRY,4.5,90,0,0,0,1,0,0,0,0,2
2367560,Mateta,Jean-Philippe Mateta,Forward,CRY,7.5,24,0,0,0,0,0,0,0,0,1
2367560,Eze,Eberechi Eze,Midfielder,CRY,7.5,90,0,0,0,1,0,0,0,0,2
2367560,Mitchell,Tyrick Mitchell,Defender,CRY,5.0,90,0,0,0,1,0,0,0,0,2
2367560,Doucoure,Cheick Oumar Doucoure,Midfielder,CRY,5.0,90,0,0,0,1,0,0,0,0,2
2367560,Ahamada,Naouirou Ahamada,Midfielder,CRY,4.5,24,0,0,0,0,0,0,0,0,1
2367561,Milner,James Milner,Midfielder,BHA,5.0,72,0,0,0,3,0,0,0,0,2
2367561,Lallana,Adam Lallana,Midfielder,BHA,5.0,37,0,0,0,1,0,0,0,0,1
2367561,Welbeck,Danny Welbeck,Forward,BHA,6.5,59,0,0,0,2,0,0,0,0,1
2367561,Groß,Pascal Groß,Midfielder,BHA,6.5,90,1,0,0,3,0,0,0,3,10
2367561,Dunk,Lewis Dunk,Defender,BHA,4.5,90,0,0,0,3,0,0,0,0,1
2367561,March,Solomon March,Midfielder,BHA,6.0,72,0,0,0,3,0,0,0,0,2
2367561,Webster,Adam Webster,Defender,BHA,4.5,90,0,0,0,3,0,0,0,0,1
2367561,Veltman,Joël Veltman,Defender,BHA,4.5,25,0,1,0,0,0,0,0,0,4
2367561,Estupiñán,Pervis Estupiñán,Defender,BHA,4.5,90,0,0,0,3,0,0,0,0,1
2367561,Gilmour,Billy Gilmour,Midfielder,BHA,5.0,59,0,0,0,2,0,0,0,0,1
2367561,Mitoma,Kaoru Mitoma,Midfielder,BHA,6.5,90,0,0,0,3,0,1,0,0,1
2367561,João Pedro,João Pedro Junqueira de Jesus,Forward,BHA,7.5,37,0,0,0,1,0,0,0,0,1
2367561,Ferguson (Evan),Evan Ferguson,Forward,BHA,5.5,90,0,0,0,3,0,0,0,0,2
2367561,Verbruggen,Bart Verbruggen,Goalkeeper,BHA,4.5,90,0,0,0,3,0,0,0,0,2
2367561,Adingra,Simon Adingra,Midfielder,BHA,5.5,25,0,0,0,0,0,0,0,0,1
2367561,Ogbonna,Angelo Ogbonna,Defender,WHU,4.2,90,0,0,0,1,0,0,0,0,2
2367561,Antonio,Michail Antonio,Forward,WHU,5.2,79,1,0,1,0,0,0,0,1,7
2367561,Areola,Alphonse Areola,Goalkeeper,WHU,4.5,90,0,0,0,1,0,0,0,0,5
2367561,Ings,Danny Ings,Forward,WHU,4.8,13,0,0,0,0,0,0,0,0,1
2367561,Ward-Prowse,James Ward-Prowse,Midfielder,WHU,6.0,90,1,0,0,1,0,1,0,0,6
2367561,Zouma,Kurt Zouma,Defender,WHU,4.4,90,0,0,0,1,0,0,0,0,2
2367561,Emerson,Emerson Palmieri dos Santos,Defender,WHU,4.5,90,0,0,0,1,0,0,0,0,2
2367561,Coufal,Vladimir Coufal,Defender,WHU,4.1,90,0,0,0,1,0,0,0,0,2
2367561,Benrahma,Said Benrahma,Midfielder,WHU,5.6,56,0,1,0,1,0,0,0,0,4
2367561,Bowen,Jarrod Bowen,Midfielder,WHU,8.0,90,1,1,0,1,0,0,0,2,12
2367561,Kehrer,Thilo Kehrer,Defender,WHU,4.2,17,0,0,0,1,0,1,0,0,0
2367561,Álvarez (Edson),Edson Álvarez,Midfielder,WHU,5.0,83,0,0,0,1,0,1,0,0,1
2367561,Soucek,Tomas Soucek,Midfielder,WHU,6.0,36,0,0,0,0,0,0,0,0,1
2367561,Fornals,Pablo Fornals,Midfielder,WHU,4.6,13,0,0,0,0,0,0,0,0,1
2367561,Lucas Paquetá,Lucas Tolentino Coelho de Lima,Midfielder,WHU,6.0,84,0,0,0,1,0,0,0,0,2
2367562,Digne,Lucas Digne,Defender,AVL,4.5,81,0,1,0,1,0,0,0,0,5
2367562,Traore (Bertrand),Bertrand Traore,Midfielder,AVL,5.0,15,0,0,0,0,0,0,0,0,1
2367562,Olsen,Robin Olsen,Goalkeeper,AVL,4.5,90,0,0,0,1,0,0,0,0,2
2367562,McGinn,John McGinn,Midfielder,AVL,5.5,90,0,0,0,1,0,0,0,0,2
2367562,Diego Carlos,Diego Carlos Santos Silva,Defender,AVL,4.5,90,0,0,0,1,0,0,0,0,2
2367562,Tielemans,Youri Tielemans,Midfielder,AVL,6.0,10,0,0,0,0,0,0,0,0,1
2367562,Watkins,Ollie Watkins,Forward,AVL,9.0,85,0,1,0,1,0,0,0,0,5
2367562,Cash,Matthew Cash,Defender,AVL,4.5,90,2,0,0,1,0,0,0,3,17
2367562,Konsa Ngoyo,Ezri Konsa Ngoyo,Defender,AVL,4.5,90,0,0,0,1,0,0,0,0,2
2367562,Kamara,Boubacar Kamara,Midfielder,AVL,5.0,90,0,0,0,1,0,0,0,1,3
2367562,Douglas Luiz,Douglas Luiz Soares de Paulo,Midfielder,AVL,5.4,85,0,0,0,1,0,0,0,0,2
2367562,Diaby,Moussa Diaby,Midfielder,AVL,6.5,73,1,1,0,1,0,0,0,2,12
2367562,Torres,Pau Torres,Defender,AVL,4.5,90,0,0,0,1,0,0,0,0,2
2367562,Zaniolo,Nicolò Zaniolo,Midfielder,AVL,5.4,22,0,0,0,0,0,0,0,0,1
2367562,Durán,Jhon Durán,Forward,AVL,5.7,10,0,0,0,0,0,0,0,0,1
2367562,Rodriguez,Jay Rodriguez,Forward,BUR,5.3,14,0,0,0,0,0,0,0,0,1
2367562,Gudmundsson,Johann Berg Gudmundsson,Midfielder,BUR,4.8,45,0,1,0,1,0,0,0,0,4
2367562,Redmond,Nathan Redmond,Midfielder,BUR,4.7,27,0,0,0,0,0,0,0,0,1
2367562,Cullen,Josh Cullen,Midfielder,BUR,5.0,90,0,0,0,3,0,1,0,0,1
2367562,Bruun Larsen,Jacob Bruun Larsen,Midfielder,BUR,5.5,14,0,0,0,0,0,0,0,0,1
2367562,Manuel,Benson Manuel,Midfielder,BUR,5.5,45,0,0,0,2,0,0,0,0,1
2367562,Roberts (Connor),Connor Roberts,Defender,BUR,4.5,90,0,0,0,3,0,0,0,0,1
2367562,Berge,Sander Berge,Midfielder,BUR,5.0,68,0,0,0,3,0,1,0,0,1
2367562,O'Shea,Dara O'Shea,Defender,BUR,3.8,90,0,0,0,3,0,0,0,0,1
2367562,Delcroix,Hannes Delcroix,Defender,BUR,4.0,90,0,0,0,3,0,0,0,0,1
2367562,Trafford,James Trafford,Goalkeeper,BUR,5.0,90,0,0,0,3,0,0,0,0,2
2367562,Foster,Lyle Foster,Forward,BUR,5.0,81,1,0,0,3,0,0,0,1,7
2367562,Ramsey (Aaron),Aaron Ramsey,Midfielder,BUR,4.5,27,0,0,0,0,0,0,0,0,1
2367562,Koleosho,Luca Koleosho,Midfielder,BUR,5.0,68,0,0,0,3,0,0,0,0,2
2367562,Al Dakhil,Ameen Al Dakhil,Defender,BUR,3.8,90,0,0,0,3,0,0,0,0,1
2367562,Amdouni,Zeki Amdouni,Forward,BUR,5.0,81,0,0,0,3,0,0,0,0,2
2367563,Thiago Silva,Thiago Emiliano da Silva,Defender,CHE,5.0,90,0,0,1,0,0,0,0,0,6
2367563,Sterling (Raheem),Raheem Sterling,Midfielder,CHE,6.7,90,2,1,1,0,0,0,0,3,19
2367563,Chilwell,Benjamin Chilwell,Defender,CHE,4.6,86,0,0,1,0,0,0,0,0,6
2367563,Sanchez,Robert Sanchez,Goalkeeper,CHE,5.0,90,0,0,1,0,0,0,0,0,6
2367563,Disasi,Axel Disasi,Defender,CHE,4.2,90,0,0,1,0,0,0,0,0,6
2367563,Gallagher,Conor Gallagher,Midfielder,CHE,5.9,90,0,0,1,0,0,0,0,0,3
2367563,Maatsen,Ian Maatsen,Midfielder,CHE,4.5,8,0,0,0,0,0,1,0,0,0
2367563,Fernández (Enzo),Enzo Fernández,Midfielder,CHE,6.5,90,0,0,1,0,0,1,0,0,2
2367563,Colwill,Levi Colwill,Defender,CHE,5.0,90,0,0,1,0,0,0,0,0,6
2367563,Gusto,Malo Gusto,Defender,CHE,5.0,90,0,2,1,0,0,0,0,2,14
2367563,Moises Caicedo,Moises Caicedo,Midfielder,CHE,5.5,90,0,0,1,0,0,0,0,0,3
2367563,Ugochukwu,Lesley Ugochukwu,Midfielder,CHE,4.4,12,0,0,0,0,0,0,0,0,1
2367563,Jackson (Nicolas),Nicolas Jackson,Forward,CHE,6.5,82,1,0,1,0,0,0,0,1,7
2367563,Burstow,Mason Burstow,Forward,CHE,4.5,2,0,0,0,0,0,0,0,0,1
2367563,Kaminski,Thomas Kaminski,Goalkeeper,LUT,4.0,90,0,0,0,3,0,0,0,0,2
2367563,Barkley,Ross Barkley,Midfielder,LUT,5.0,76,0,0,0,3,0,0,0,0,2
2367563,Ruddock Mpanzu,Pelly Ruddock Mpanzu,Midfielder,LUT,4.6,18,0,0,0,0,0,0,0,0,1
2367563,Lockyer,Tom Lockyer,Defender,LUT,4.2,90,0,0,0,3,0,1,0,0,0
2367563,Burke,Reece Burke,Defender,LUT,4.0,76,0,0,0,3,0,0,0,0,1
2367563,Morris,Carlton Morris,Forward,LUT,4.7,90,0,0,0,3,0,0,0,0,2
2367563,Bell,Amarii Bell,Defender,LUT,3.8,90,0,0,0,3,0,0,0,0,1
2367563,Adebayo,Elijah Adebayo,Forward,LUT,4.8,69,0,0,0,2,0,0,0,0,2
2367563,Nakamba,Marvelous Nakamba,Midfielder,LUT,4.3,90,0,0,0,3,0,1,0,0,1
2367563,Andersen (Mads),Mads Andersen,Defender,LUT,3.8,18,0,0,0,0,0,0,0,0,1
2367563,Chong,Tahith Chong,Midfielder,LUT,4.4,76,0,0,0,3,0,0,0,0,2
2367563,Ogbene,Chiedozie Ogbene,Forward,LUT,4.8,18,0,0,0,0,0,0,0,0,1
2367563,Giles,Ryan John Giles,Defender,LUT,4.2,90,0,0,0,3,0,0,0,0,1
2367563,Brown,Jacob Brown,Forward,LUT,4.9,25,0,0,0,1,0,1,0,0,0
2367563,Doughty,Alfie Doughty,Defender,LUT,4.3,25,0,0,0,1,0,0,0,0,1
2367563,Issa Kabore,Issa Kabore,Defender,LUT,4.5,69,0,0,0,2,0,0,0,0,1
2367564,Tarkowski,James Tarkowski,Defender,EVE,5.5,90,0,0,0,1,0,0,0,0,2
2367564,Young (Ashley),Ashley Young,Defender,EVE,4.2,90,0,0,0,1,0,0,0,0,2
2367564,Gueye,Idrissa Gueye,Midfielder,EVE,5.5,90,0,0,0,1,0,0,0,0,2
2367564,Keane,Michael Keane,Defender,EVE,4.5,5,0,0,0,0,0,0,0,0,1
2367564,Pickford,Jordan Pickford,Goalkeeper,EVE,5.5,90,0,0,0,1,0,0,0,0,2
2367564,Doucouré,Abdoulaye Doucouré,Midfielder,EVE,5.1,90,0,0,0,1,0,0,0,0,2
2367564,Danjuma Groeneveld,Arnaut Danjuma Groeneveld,Midfielder,EVE,5.2,90,0,0,0,1,0,0,0,0,2
2367564,Garner,James Garner,Midfielder,EVE,5.0,90,0,0,0,1,0,1,0,0,1
2367564,Patterson (Nathan),Nathan Patterson,Defender,EVE,4.5,90,0,0,0,1,0,0,0,0,2
2367564,Mvom Onana,Amadou Mvom Onana,Midfielder,EVE,5.0,90,0,0,0,1,0,0,0,0,2
2367564,Cannon,Thomas Cannon,Forward,EVE,4.5,5,0,0,0,0,0,0,0,0,1
2367564,Dobbin,Lewis Dobbin,Midfielder,EVE,5.0,65,0,0,1,0,0,0,0,0,3
2367564,Branthwaite,Jarrad Branthwaite,Defender,EVE,5.5,90,0,0,0,1,0,1,0,0,1
2367564,Youssef Chermiti,Youssef Ramalho Chermiti,Forward,EVE,5.0,31,0,0,0,1,0,1,0,0,0
2367564,Dawson,Craig Dawson,Defender,WOL,4.2,90,0,0,1,0,0,1,0,0,5
2367564,Sarabia,Pablo Sarabia,Midfielder,WOL,5.0,23,0,0,0,0,0,0,0,0,1
2367564,José Sá,José Pedro Malheiro de Sá,Goalkeeper,WOL,4.5,90,0,0,1,0,0,0,0,3,11
2367564,Lemina (Mario),Mario Lemina,Midfielder,WOL,4.8,90,0,0,1,0,0,1,0,0,2
2367564,Hwang Hee-Chan,Hee-Chan Hwang,Midfielder,WOL,6.0,45,0,0,0,0,0,0,0,0,1
2367564,Semedo,Nelson Semedo,Defender,WOL,4.5,90,0,0,1,0,0,1,0,0,5
2367564,Kilman,Max Kilman,Defender,WOL,4.5,90,0,0,1,0,0,0,0,2,8
2367564,Neto,Pedro Neto,Midfielder,WOL,7.0,90,0,1,1,0,0,0,0,1,7
2367564,Kalajdzic,Sasa Kalajdzic,Forward,WOL,5.0,12,1,0,0,0,0,0,0,1,6
2367564,Matheus Cunha,Matheus Santos Carneiro Da Cunha,Forward,WOL,8.0,84,0,0,1,0,0,0,0,0,2
2367564,João Gomes,João Victor Gomes da Silva,Midfielder,WOL,5.5,90,0,0,1,0,0,1,0,0,2
2367564,Ait Nouri,Rayan Ait Nouri,Defender,WOL,6.0,45,0,0,0,0,0,0,0,0,1
2367564,Fabio Silva,Fabio Daniel Soares Silva,Forward,WOL,5.0,72,0,0,1,0,0,0,0,0,2
2367564,Bueno (Hugo),Hugo Bueno,Defender,WOL,4.5,84,0,0,1,0,0,0,0,0,6
2367564,Toti,Toti António Gomes,Defender,WOL,4.5,12,0,0,0,0,0,0,0,0,1
2367565,Casemiro,Carlos Henrique Jose Francisco Venancio,Midfielder,MUN,5.5,90,1,0,0,2,0,0,0,0,7
2367565,Eriksen,Christian Eriksen,Midfielder,MUN,5.2,90,1,0,0,2,0,0,0,2,9
2367565,Varane,Raphael Varane,Defender,MUN,4.9,45,0,0,0,2,0,0,0,0,0
2367565,Bruno Fernandes,Bruno Miguel Borges Fernandes,Midfielder,MUN,9.0,90,1,1,0,2,0,1,0,3,12
2367565,Martial,Anthony Martial,Forward,MUN,6.4,59,0,0,0,2,0,0,0,0,1
2367565,Rashford,Marcus Rashford,Midfielder,MUN,7.0,90,0,2,0,2,0,1,0,0,7
2367565,Lindelof,Victor Nilsson-Lindelof,Defender,MUN,4.3,45,0,0,0,0,0,0,0,0,1
2367565,McTominay,Scott McTominay,Midfielder,MUN,4.9,16,0,0,0,0,0,0,0,0,1
2367565,Onana,André Onana,Goalkeeper,MUN,5.0,90,0,0,0,2,0,1,0,0,0
2367565,Sancho,Jadon Sancho,Midfielder,MUN,6.0,40,0,0,0,0,0,0,0,0,1
2367565,Wan-Bissaka,Aaron Wan-Bissaka,Defender,MUN,4.5,90,0,0,0,2,0,1,0,0,0
2367565,Dalot,José Diogo Dalot Teixeira,Defender,MUN,4.5,90,0,0,0,2,0,0,0,0,1
2367565,Martínez,Lisandro Martínez,Defender,MUN,5.0,90,0,0,0,2,0,0,0,0,1
2367565,Antony,Antony Matheus dos Santos,Midfielder,MUN,6.0,83,0,0,0,2,0,0,0,0,2
2367565,Kouyaté,Cheikhou Kouyaté,Midfielder,NFO,4.8,31,0,0,0,1,0,1,0,0,0
2367565,Wood,Chris Wood,Forward,NFO,7.5,20,0,0,0,0,0,0,0,0,1
2367565,Aurier,Serge Aurier,Defender,NFO,4.5,90,0,0,0,3,0,1,0,0,0
2367565,Boly,Willy Boly,Defender,NFO,4.0,90,1,0,0,3,0,0,0,0,7
2367565,Aina,Ola Aina,Defender,NFO,5.0,90,0,0,0,3,0,1,0,0,0
2367565,McKenna (Scott),Scott McKenna,Defender,NFO,4.5,55,0,0,0,2,0,0,0,0,0
2367565,Niakhaté,Moussa Niakhaté,Defender,NFO,4.5,44,0,0,0,1,0,0,0,0,1
2367565,Yates,Ryan Yates,Midfielder,NFO,5.0,90,0,0,0,3,0,0,0,0,2
2367565,Worrall,Joe Worrall,Defender,NFO,4.0,65,0,0,0,2,0,0,1,0,0
2367565,Awoniyi,Taiwo Awoniyi,Forward,NFO,5.5,79,1,0,0,3,0,0,0,0,6
2367565,Gibbs-White,Morgan Gibbs-White,Midfielder,NFO,7.5,90,0,2,0,3,0,1,0,1,8
2367565,Turner,Matt Turner,Goalkeeper,NFO,4.0,90,0,0,0,3,0,0,0,0,3
2367565,Johnson (Brennan),Brennan Johnson,Midfielder,NFO,7.0,68,0,0,0,2,0,0,0,0,2
2367565,Elanga,Anthony Elanga,Midfielder,NFO,7.0,20,0,0,0,0,0,0,0,0,1
2367565,Danilo,Danilo dos Santos de Oliveira,Midfielder,NFO,4.7,79,0,0,0,3,0,0,0,0,2
2367566,Matip,Joel Matip,Defender,LIV,4.8,77,0,0,0,1,0,0,0,0,2
2367566,van Dijk,Virgil van Dijk,Defender,LIV,6.0,27,0,0,0,1,0,0,1,0,0
2367566,Alisson,Alisson Ramses Becker,Goalkeeper,LIV,5.5,90,0,0,0,1,0,0,0,1,5
2367566,Salah,Mohamed Salah,Midfielder,LIV,14.5,90,0,1,0,1,0,0,0,0,5
2367566,Robertson (Andrew),Andrew Robertson,Defender,LIV,6.0,90,0,0,0,1,0,0,0,0,2
2367566,Endo,Wataru Endo,Midfielder,LIV,5.0,58,0,0,0,1,0,0,0,0,1
2367566,Alexander-Arnold,Trent Alexander-Arnold,Defender,LIV,7.2,90,0,0,0,1,0,1,0,0,1
2367566,Gomez,Joseph Gomez,Defender,LIV,5.0,62,0,0,0,0,0,0,0,0,1
2367566,Diogo Jota,Diogo José Teixeira da Silva,Midfielder,LIV,7.2,37,0,1,0,0,0,0,0,0,4
2367566,Mac Allister,Alexis Mac Allister,Midfielder,LIV,6.5,77,0,0,0,1,0,0,0,0,2
2367566,Gakpo,Cody Gakpo,Forward,LIV,7.5,58,0,0,0,1,0,0,0,0,1
2367566,Díaz,Luis Díaz,Midfielder,LIV,8.0,33,0,0,0,1,0,0,0,0,1
2367566,Szoboszlai,Dominik Szoboszlai,Midfielder,LIV,6.5,90,0,0,0,1,0,0,0,0,2
2367566,Quansah,Jarell Quansah,Defender,LIV,3.9,18,0,0,0,0,0,0,0,0,1
2367566,Elliott,Harvey Elliott,Midfielder,LIV,5.5,37,0,0,0,0,0,0,0,0,1
2367566,Núñez,Darwin Núñez,Forward,LIV,6.5,18,2,0,0,0,0,1,0,3,11
2367566,Wilson (Callum),Callum Wilson,Forward,NEW,6.9,24,0,0,0,2,0,0,0,0,1
2367566,Trippier,Kieran Trippier,Defender,NEW,5.0,90,0,0,0,2,0,1,0,0,0
2367566,Burn,Dan Burn,Defender,NEW,5.0,90,0,0,0,2,0,0,0,0,1
2367566,Pope,Nick Pope,Goalkeeper,NEW,5.0,90,0,0,0,2,0,0,0,0,1
2367566,Schär,Fabian Schär,Defender,NEW,5.5,90,0,0,0,2,0,0,0,0,1
2367566,Targett,Matt Targett,Defender,NEW,4.0,10,0,0,0,1,0,0,0,0,1
2367566,Almirón,Miguel Almirón,Midfielder,NEW,5.4,90,0,0,0,2,0,0,0,0,2
2367566,Longstaff (Sean),Sean Longstaff,Midfielder,NEW,5.0,23,0,0,0,2,0,0,0,0,1
2367566,Joelinton,Joelinton Cássio Apolinário de Lira,Midfielder,NEW,6.0,82,0,0,0,1,0,0,0,0,2
2367566,Barnes (Harvey),Harvey Barnes,Midfielder,NEW,6.5,23,0,0,0,2,0,0,0,0,1
2367566,Bruno Guimarães,Bruno Guimarães Rodriguez Moura,Midfielder,NEW,6.5,90,0,0,0,2,0,0,0,0,2
2367566,Anderson,Elliot Anderson,Midfielder,NEW,5.5,13,0,0,0,1,0,0,0,0,1
2367566,Isak,Alexander Isak,Forward,NEW,10.5,71,0,0,1,0,0,0,0,0,2
2367566,Botman,Sven Botman,Defender,NEW,5.0,85,0,0,0,1,0,0,0,0,2
2367566,Gordon (Anthony),Anthony Gordon,Midfielder,NEW,7.5,72,1,0,1,0,0,0,0,2,10
2367566,Tonali,Sandro Tonali,Midfielder,NEW,5.5,72,0,0,1,0,0,0,0,0,3
2367567,Walker,Kyle Walker,Defender,MCI,4.5,90,0,0,0,1,0,0,0,0,2
2367567,Kovacic,Mateo Kovacic,Midfielder,MCI,6.0,83,0,0,0,1,0,0,0,0,2
2367567,Grealish,Jack Grealish,Midfielder,MCI,6.5,90,0,1,0,1,0,0,0,2,7
2367567,Ederson,Ederson Santana de Moraes,Goalkeeper,MCI,5.5,90,0,0,0,1,0,0,0,0,2
2367567,Aké,Nathan Aké,Defender,MCI,5.5,90,0,0,0,1,0,0,0,0,2
2367567,Bernardo Silva,Bernardo Mota Veiga de Carvalho e Silva,Midfielder,MCI,6.5,90,0,0,0,1,0,0,0,0,2
2367567,Rúben Dias,Rúben Santos Gato Alves Dias,Defender,MCI,5.5,90,0,0,0,1,0,0,0,0,2
2367567,Foden,Phil Foden,Midfielder,MCI,8.0,11,0,1,0,0,0,0,0,0,4
2367567,Rodri,Rodrigo Hernández Cascante,Midfielder,MCI,6.5,90,1,0,0,1,0,0,0,3,10
2367567,Haaland,Erling Haaland,Forward,MCI,14.0,90,1,0,0,1,0,0,0,0,4
2367567,Álvarez (Julián),Julián Álvarez,Forward,MCI,7.0,90,0,0,0,1,0,0,0,0,2
2367567,Gvardiol,Joško Gvardiol,Defender,MCI,6.0,90,0,0,0,1,0,0,0,0,2
2367567,Basham,Chris Basham,Defender,SHU,3.9,18,0,0,0,1,0,0,0,0,1
2367567,Norwood,Oliver Norwood,Midfielder,SHU,4.8,77,0,0,0,1,0,0,0,0,2
2367567,Foderingham,Wes Foderingham,Goalkeeper,SHU,4.0,90,0,0,0,2,0,0,0,1,4
2367567,Baldock,George Baldock,Defender,SHU,3.8,69,0,0,0,1,0,1,0,0,1
2367567,Robinson (Jack),Jack Robinson,Defender,SHU,4.3,90,0,0,0,2,0,0,0,0,1
2367567,Egan,John Egan,Defender,SHU,4.2,90,0,0,0,2,0,1,0,0,0
2367567,Osborn,Ben Osborn,Midfielder,SHU,4.8,15,0,0,0,0,0,0,0,0,1
2367567,McBurnie,Oliver McBurnie,Forward,SHU,5.4,26,0,0,0,1,0,0,0,0,1
2367567,Hamer,Gustavo Hamer,Midfielder,SHU,4.9,90,0,0,0,2,0,0,0,0,2
2367567,Bogle,Jayden Bogle,Defender,SHU,4.5,26,1,0,0,1,0,0,0,0,7
2367567,Ahmedhodzic,Anel Ahmedhodzic,Defender,SHU,4.3,90,0,0,0,2,0,0,0,0,1
2367567,Vinicius Souza,Vinicius de Souza Costa,Midfielder,SHU,5.0,90,0,0,0,2,0,1,0,0,1
2367567,Larouci,Yasser Larouci,Defender,SHU,4.3,77,0,0,0,2,0,0,0,0,1
2367567,Traoré (Bénie),Bénie Traoré,Forward,SHU,5.1,90,0,0,0,2,0,0,0,0,2
2367567,Osula,William Osula,Forward,SHU,5.5,69,0,0,0,1,0,1,0,0,1
2367568,Jorginho,Jorge Luiz Frello Filho,Midfielder,ARS,4.6,5,0,0,0,0,0,0,0,0,1
2367568,Odegaard,Martin Odegaard,Midfielder,ARS,8.0,90,1,0,0,1,0,0,0,0,7
2367568,White (Ben),Ben White,Defender,ARS,5.5,90,0,0,0,1,0,0,0,0,2
2367568,Nelson (Reiss),Reiss Nelson,Midfielder,ARS,5.0,13,0,0,0,0,0,0,0,0,1
2367568,Rice,Declan Rice,Midfielder,ARS,6.5,90,1,0,0,1,0,0,0,3,10
2367568,Eddie Nketiah,Edward Nketiah,Forward,ARS,5.5,72,0,0,0,1,0,0,0,0,2
2367568,Jesus,Gabriel Fernando de Jesus,Forward,ARS,6.5,27,1,0,0,0,0,1,0,2,6
2367568,Zinchenko,Oleksandr Zinchenko,Defender,ARS,5.0,72,0,0,0,1,0,0,0,0,2
2367568,Havertz,Kai Havertz,Midfielder,ARS,7.5,72,0,0,0,1,0,0,0,0,2
2367568,Saka,Bukayo Saka,Midfielder,ARS,10.0,90,0,1,0,1,0,1,0,0,4
2367568,Tomiyasu,Takehiro Tomiyasu,Defender,ARS,4.8,26,0,0,0,0,0,0,0,0,1
2367568,Ramsdale,Aaron Ramsdale,Goalkeeper,ARS,4.4,90,0,0,0,1,0,0,0,0,2
2367568,Gabriel Magalhães,Gabriel dos Santos Magalhães,Defender,ARS,6.0,90,0,0,0,1,0,0,0,0,2
2367568,Fábio Vieira,Fábio Daniel Vieira,Midfielder,ARS,5.5,26,0,1,0,0,0,0,0,0,4
2367568,Martinelli,Gabriel Teodoro Martinelli Silva,Midfielder,ARS,7.0,85,0,1,0,1,0,0,0,0,5
2367568,Saliba,William Saliba,Defender,ARS,6.0,90,0,0,0,1,0,0,0,0,2
2367568,Evans,Jonny Evans,Defender,MUN,4.4,18,0,0,0,2,0,0,0,0,0
2367568,Casemiro,Carlos Henrique Jose Francisco Venancio,Midfielder,MUN,5.5,90,0,0,0,3,0,0,0,0,2
2367568,Eriksen,Christian Eriksen,Midfielder,MUN,5.2,90,0,1,0,3,0,0,0,2,7
2367568,Maguire,Harry Maguire,Defender,MUN,4.5,36,0,0,0,2,0,0,0,0,0
2367568,Bruno Fernandes,Bruno Miguel Borges Fernandes,Midfielder,MUN,9.0,90,0,0,0,3,0,0,0,0,2
2367568,Martial,Anthony Martial,Forward,MUN,6.4,63,0,0,0,1,0,0,0,0,2
2367568,Rashford,Marcus Rashford,Midfielder,MUN,7.0,90,1,0,0,3,0,0,0,0,7
2367568,Lindelof,Victor Nilsson-Lindelof,Defender,MUN,4.3,80,0,0,0,1,0,1,0,0,1
2367568,Onana,André Onana,Goalkeeper,MUN,5.0,90,0,0,0,3,0,1,0,0,0
2367568,Wan-Bissaka,Aaron Wan-Bissaka,Defender,MUN,4.5,90,0,0,0,3,0,0,0,0,1
2367568,Dalot,José Diogo Dalot Teixeira,Defender,MUN,4.5,90,0,0,0,3,0,0,0,0,1
2367568,Martínez,Lisandro Martínez,Defender,MUN,5.0,63,0,0,0,1,0,1,0,0,1
2367568,Antony,Antony Matheus dos Santos,Midfielder,MUN,6.0,80,0,0,0,1,0,0,0,0,2
2367568,Garnacho,Alejandro Garnacho Ferreyra,Midfielder,MUN,6.5,19,0,0,0,2,0,0,0,0,1
2367568,Højlund,Rasmus Højlund,Forward,MUN,6.5,36,0,0,0,2,0,0,0,0,1
2367569,Neto,Norberto Murara Neto,Goalkeeper,BOU,4.5,90,0,0,0,2,0,1,0,0,1
2367569,Brooks (David),David Brooks,Midfielder,BOU,5.0,37,1,0,0,1,0,0,0,2,8
2367569,Solanke,Dominic Solanke,Forward,BOU,7.5,90,1,0,0,2,0,0,0,1,7
2367569,Cook (Lewis),Lewis Cook,Midfielder,BOU,5.0,90,0,0,0,2,0,0,0,0,2
2367569,Christie,Ryan Christie,Midfielder,BOU,5.0,86,0,0,0,1,0,0,0,0,2
2367569,Billing,Philip Billing,Midfielder,BOU,5.0,90,0,0,0,2,0,0,0,0,2
2367569,Tavernier,Marcus Tavernier,Midfielder,BOU,5.5,26,0,1,0,1,0,0,0,0,4
2367569,Senesi,Marcos Senesi,Defender,BOU,4.5,90,0,1,0,2,0,0,0,0,4
2367569,Kluivert,Justin Kluivert,Midfielder,BOU,7.0,70,0,0,0,1,0,0,0,0,2
2367569,Mepham,Chris Mepham,Defender,BOU,4.0,10,0,0,0,1,0,0,0,0,1
2367569,Aarons,Maximillian Aarons,Defender,BOU,4.3,90,0,0,0,2,0,1,0,0,0
2367569,Semenyo,Antoine Semenyo,Forward,BOU,7.0,60,0,0,0,1,0,0,0,0,1
2367569,Zabarnyi,Illia Zabarnyi,Defender,BOU,5.0,90,0,0,0,2,0,0,0,0,1
2367569,Kerkez,Milos Kerkez,Defender,BOU,6.0,90,0,0,0,2,0,0,0,0,1
2367569,Mee (Ben),Ben Mee,Defender,BRE,4.2,81,0,0,0,2,0,0,0,0,1
2367569,Flekken,Mark Flekken,Goalkeeper,BRE,4.5,90,0,0,0,2,0,0,0,0,2
2367569,Norgaard,Christian Norgaard,Midfielder,BRE,5.5,90,0,0,0,2,0,0,0,0,2
2367569,Ajer,Kristoffer Ajer,Defender,BRE,4.5,15,0,0,0,0,0,0,0,0,1
2367569,Henry,Rico Henry,Defender,BRE,4.5,90,0,0,0,2,0,0,0,0,1
2367569,Janelt,Vitaly Janelt,Midfielder,BRE,5.0,70,0,0,0,1,0,0,0,0,2
2367569,Jensen,Mathias Jensen,Midfielder,BRE,5.0,81,1,0,0,2,0,1,0,3,9
2367569,Wissa,Yoane Wissa,Forward,BRE,7.5,90,0,0,0,2,0,0,0,0,2
2367569,Pinnock,Ethan Pinnock,Defender,BRE,4.5,90,0,0,0,2,0,0,0,0,1
2367569,Lewis-Potter,Keane Lewis-Potter,Midfielder,BRE,5.0,26,0,0,0,1,0,0,0,0,1
2367569,Onyeka,Frank Onyeka,Midfielder,BRE,5.0,26,0,0,0,1,0,0,0,0,1
2367569,Collins,Nathan Collins,Defender,BRE,5.0,15,0,1,0,0,0,0,0,0,4
2367569,Mbeumo,Bryan Mbeumo,Midfielder,BRE,8.0,90,1,0,0,2,0,0,0,1,8
2367569,Hickey,Aaron Hickey,Defender,BRE,4.0,81,0,0,0,2,0,0,0,0,1
2367569,Olakigbe,Michael Olakigbe,Midfielder,BRE,4.5,15,0,0,0,0,0,0,0,0,1
2367569,Schade,Kevin Schade,Midfielder,BRE,7.0,71,0,1,0,1,0,0,0,0,5
2367570,Milner,James Milner,Midfielder,BHA,5.0,17,0,0,0,1,0,1,0,0,0
2367570,Lallana,Adam Lallana,Midfielder,BHA,5.0,17,0,0,0,1,0,1,0,0,0
2367570,Groß,Pascal Groß,Midfielder,BHA,6.5,88,0,0,1,0,0,0,0,0,3
2367570,Dunk,Lewis Dunk,Defender,BHA,4.5,90,0,0,0,1,0,0,0,0,2
2367570,March,Solomon March,Midfielder,BHA,6.0,81,0,0,1,0,0,0,0,0,3
2367570,Veltman,Joël Veltman,Defender,BHA,4.5,90,0,0,0,1,0,0,0,0,2
2367570,Dahoud,Mahmoud Dahoud,Midfielder,BHA,4.9,22,0,0,0,1,0,1,0,0,0
2367570,Estupiñán,Pervis Estupiñán,Defender,BHA,4.5,90,0,0,0,1,0,0,0,0,2
2367570,Lamptey,Tariq Lamptey,Defender,BHA,4.5,22,0,0,0,1,0,1,0,0,0
2367570,Gilmour,Billy Gilmour,Midfielder,BHA,5.0,76,0,2,1,0,0,0,0,2,11
2367570,Mitoma,Kaoru Mitoma,Midfielder,BHA,6.5,90,0,1,0,1,0,0,0,0,5
2367570,van Hecke,Jan-Paul van Hecke,Defender,BHA,4.5,90,0,0,0,1,0,0,0,0,2
2367570,João Pedro,João Pedro Junqueira de Jesus,Forward,BHA,7.5,76,0,0,1,0,0,0,0,0,2
2367570,Ferguson (Evan),Evan Ferguson,Forward,BHA,5.5,81,3,0,1,0,0,0,0,3,17
2367570,Verbruggen,Bart Verbruggen,Goalkeeper,BHA,4.5,90,0,0,0,1,0,0,0,0,2
2367570,Adingra,Simon Adingra,Midfielder,BHA,5.5,10,0,0,0,1,0,0,0,0,1
2367570,Wilson (Callum),Callum Wilson,Forward,NEW,6.9,41,1,0,0,2,0,0,0,1,6
2367570,Trippier,Kieran Trippier,Defender,NEW,5.0,90,0,0,0,3,0,0,0,0,1
2367570,Burn,Dan Burn,Defender,NEW,5.0,90,0,0,0,3,0,1,0,0,0
2367570,Pope,Nick Pope,Goalkeeper,NEW,5.0,90,0,0,0,3,0,0,0,0,2
2367570,Lascelles,Jamaal Lascelles,Defender,NEW,4.5,24,0,0,0,0,0,0,0,0,1
2367570,Schär,Fabian Schär,Defender,NEW,5.5,90,0,0,0,3,0,1,0,0,0
2367570,Targett,Matt Targett,Defender,NEW,4.0,74,0,0,0,3,0,1,0,0,0
2367570,Almirón,Miguel Almirón,Midfielder,NEW,5.4,57,0,0,0,1,0,0,0,0,1
2367570,Longstaff (Sean),Sean Longstaff,Midfielder,NEW,5.0,41,0,1,0,2,0,0,0,0,4
2367570,Joelinton,Joelinton Cássio Apolinário de Lira,Midfielder,NEW,6.0,57,0,0,0,1,0,0,0,0,1
2367570,Barnes (Harvey),Harvey Barnes,Midfielder,NEW,6.5,24,0,0,0,0,0,0,0,0,1
2367570,Bruno Guimarães,Bruno Guimarães Rodriguez Moura,Midfielder,NEW,6.5,90,0,0,0,3,0,0,0,0,2
2367570,Anderson,Elliot Anderson,Midfielder,NEW,5.5,41,0,0,0,2,0,0,0,0,1
2367570,Isak,Alexander Isak,Forward,NEW,10.5,74,0,0,0,3,0,0,0,0,2
2367570,Gordon (Anthony),Anthony Gordon,Midfielder,NEW,7.5,90,0,0,0,3,0,1,0,0,1
2367570,Tonali,Sandro Tonali,Midfielder,NEW,5.5,57,0,0,0,1,0,0,0,0,1
2367571,Cork,Jack Cork,Midfielder,BUR,4.8,24,0,0,0,0,0,0,0,0,1
2367571,Gudmundsson,Johann Berg Gudmundsson,Midfielder,BUR,4.8,45,0,0,0,2,0,1,0,0,0
2367571,Redmond,Nathan Redmond,Midfielder,BUR,4.7,38,0,0,0,2,0,0,0,0,1
2367571,Cullen,Josh Cullen,Midfielder,BUR,5.0,90,0,1,0,5,0,0,0,0,5
2367571,Brownhill,Josh Brownhill,Midfielder,BUR,4.7,45,1,0,0,3,0,1,0,0,5
2367571,Bruun Larsen,Jacob Bruun Larsen,Midfielder,BUR,5.5,30,0,0,0,0,0,0,0,0,1
2367571,Roberts (Connor),Connor Roberts,Defender,BUR,4.5,90,0,0,0,5,0,0,0,0,0
2367571,Berge,Sander Berge,Midfielder,BUR,5.0,45,0,0,0,2,0,0,0,0,1
2367571,O'Shea,Dara O'Shea,Defender,BUR,3.8,90,0,0,0,5,0,0,0,0,0
2367571,Beyer,Jordan Beyer,Defender,BUR,4.0,73,0,0,0,5,0,1,0,0,0
2367571,Delcroix,Hannes Delcroix,Defender,BUR,4.0,45,0,0,0,3,0,1,0,0,0
2367571,Trafford,James Trafford,Goalkeeper,BUR,5.0,90,0,0,0,5,0,0,0,0,1
2367571,Foster,Lyle Foster,Forward,BUR,5.0,90,1,0,0,5,0,0,0,0,6
2367571,Koleosho,Luca Koleosho,Midfielder,BUR,5.0,67,0,1,0,5,0,0,0,0,5
2367571,Al Dakhil,Ameen Al Dakhil,Defender,BUR,3.8,90,0,0,0,5,0,0,0,0,0
2367571,Amdouni,Zeki Amdouni,Forward,BUR,5.0,59,0,0,0,3,0,0,0,0,1
2367571,Perisic,Ivan Perisic,Defender,TOT,6.5,29,0,0,0,1,0,0,0,0,1
2367571,Son,Heung-Min Son,Midfielder,TOT,8.5,71,3,0,0,1,0,0,0,3,20
2367571,Højbjerg,Pierre-Emile Højbjerg,Midfielder,TOT,5.0,30,0,0,0,1,0,1,0,0,0
2367571,Maddison,James Maddison,Midfielder,TOT,7.0,86,1,0,0,1,0,0,0,0,7
2367571,Vicario,Guglielmo Vicario,Goalkeeper,TOT,5.0,90,0,0,0,2,0,0,0,0,2
2367571,Skipp,Oliver Skipp,Midfielder,TOT,4.7,11,0,0,0,1,0,0,0,0,1
2367571,Richarlison,Richarlison de Andrade,Midfielder,TOT,6.5,26,0,0,0,1,0,0,0,0,1
2367571,Romero,Cristian Romero,Defender,TOT,5.0,90,1,0,0,2,0,0,0,0,7
2367571,Bissouma,Yves Bissouma,Midfielder,TOT,5.5,90,0,0,0,2,0,0,0,0,2
2367571,Solomon,Manor Solomon,Midfielder,TOT,5.5,68,0,2,0,1,0,0,0,2,10
2367571,Emerson Royal,Emerson Aparecido Leite de Souza Junior,Defender,TOT,4.5,11,0,0,0,1,0,0,0,0,1
2367571,Porro,Pedro Porro,Defender,TOT,5.5,90,0,1,0,2,0,0,0,0,4
2367571,Kulusevski,Dejan Kulusevski,Midfielder,TOT,6.5,86,0,0,0,1,0,1,0,0,1
2367571,Sarr (Pape),Pape Sarr,Midfielder,TOT,5.0,67,0,0,0,1,0,1,0,0,1
2367571,Destiny Udogie,Iyenoma Destiny Udogie,Defender,TOT,4.5,90,0,1,0,2,0,0,0,1,5
2367571,van de Ven,Micky van de Ven,Defender,TOT,4.5,90,0,0,0,2,0,0,0,0,1
2367572,Thiago Silva,Thiago Emiliano da Silva,Defender,CHE,5.0,90,0,0,0,1,0,0,0,0,2
2367572,Sterling (Raheem),Raheem Sterling,Midfielder,CHE,6.7,90,0,0,0,1,0,0,0,0,2
2367572,Chilwell,Benjamin Chilwell,Defender,CHE,4.6,62,0,0,0,1,0,1,0,0,1
2367572,Sanchez,Robert Sanchez,Goalkeeper,CHE,5.0,90,0,0,0,1,0,0,0,0,2
2367572,Disasi,Axel Disasi,Defender,CHE,4.2,90,0,0,0,1,0,0,0,0,2
2367572,Gallagher,Conor Gallagher,Midfielder,CHE,5.9,61,0,0,0,1,0,1,0,0,1
2367572,Palmer,Cole Palmer,Midfielder,CHE,10.5,34,0,0,0,0,0,0,0,0,1
2367572,Madueke,Noni Madueke,Midfielder,CHE,7.0,34,0,0,0,0,0,0,0,0,1
2367572,Maatsen,Ian Maatsen,Midfielder,CHE,4.5,20,0,0,0,0,0,0,0,0,1
2367572,Fernández (Enzo),Enzo Fernández,Midfielder,CHE,6.5,90,0,0,0,1,0,0,0,0,2
2367572,Colwill,Levi Colwill,Defender,CHE,5.0,90,0,0,0,1,0,0,0,0,2
2367572,Mudryk,Mykhailo Mudryk,Midfielder,CHE,5.0,20,0,0,0,0,0,0,0,0,1
2367572,Gusto,Malo Gusto,Defender,CHE,5.0,76,0,0,0,1,0,0,0,0,2
2367572,Moises Caicedo,Moises Caicedo,Midfielder,CHE,5.5,76,0,0,0,1,0,0,0,0,2
2367572,Jackson (Nicolas),Nicolas Jackson,Forward,CHE,6.5,90,0,0,0,1,0,1,0,0,1
2367572,Kouyaté,Cheikhou Kouyaté,Midfielder,NFO,4.8,25,0,0,0,0,0,0,0,0,1
2367572,Wood,Chris Wood,Forward,NFO,7.5,31,0,0,0,0,0,0,0,0,1
2367572,Aurier,Serge Aurier,Defender,NFO,4.5,71,0,0,1,0,0,0,0,0,6
2367572,Boly,Willy Boly,Defender,NFO,4.0,90,0,0,1,0,0,0,0,3,9
2367572,Aina,Ola Aina,Defender,NFO,5.0,71,0,0,1,0,0,1,0,0,5
2367572,McKenna (Scott),Scott McKenna,Defender,NFO,4.5,90,0,0,1,0,0,0,0,1,7
2367572,Mangala,Orel Mangala,Midfielder,NFO,5.0,71,0,0,1,0,0,0,0,0,3
2367572,Yates,Ryan Yates,Midfielder,NFO,5.0,90,0,0,1,0,0,1,0,0,2
2367572,Worrall,Joe Worrall,Defender,NFO,4.0,90,0,0,1,0,0,0,0,3,9
2367572,Awoniyi,Taiwo Awoniyi,Forward,NFO,5.5,64,0,1,1,0,0,0,0,0,5
2367572,Montiel,Gonzalo Montiel,Defender,NFO,4.4,25,0,0,0,0,0,0,0,0,1
2367572,Gibbs-White,Morgan Gibbs-White,Midfielder,NFO,7.5,90,0,0,1,0,0,0,0,0,3
2367572,Turner,Matt Turner,Goalkeeper,NFO,4.0,90,0,0,1,0,0,1,0,0,5
2367572,Nuno Tavares,Nuno Tavares,Defender,NFO,4.0,25,0,0,0,0,0,1,0,0,0
2367572,Elanga,Anthony Elanga,Midfielder,NFO,7.0,49,1,0,0,0,0,0,0,1,7
2367572,Danilo,Danilo dos Santos de Oliveira,Midfielder,NFO,4.7,44,0,0,0,0,0,0,0,0,1
2367573,Ward,Joel Ward,Defender,CRY,4.3,90,0,0,0,2,0,1,0,0,0
2367573,Ayew (Jordan),Jordan Ayew,Midfielder,CRY,5.1,90,0,0,0,2,0,0,0,0,2
2367573,Schlupp,Jeffrey Schlupp,Midfielder,CRY,4.6,71,0,0,0,1,0,0,0,0,2
2367573,Johnstone,Sam Johnstone,Goalkeeper,CRY,4.5,90,0,0,0,2,0,0,0,0,1
2367573,Hughes,Will Hughes,Midfielder,CRY,5.0,7,0,0,0,1,0,0,0,0,1
2367573,Lerma,Jefferson Lerma,Midfielder,CRY,5.0,90,0,0,0,2,0,0,0,0,2
2367573,Andersen (Joachim),Joachim Andersen,Defender,CRY,4.5,90,0,0,0,2,0,0,0,0,1
2367573,Edouard,Odsonne Edouard,Forward,CRY,5.0,90,2,0,0,1,0,0,0,3,13
2367573,Marc Guehi,Addji Keaninkin Marc-Israel Guehi,Defender,CRY,4.5,90,0,0,0,2,0,0,0,0,1
2367573,Mateta,Jean-Philippe Mateta,Forward,CRY,7.5,26,0,2,0,1,0,0,0,0,7
2367573,Eze,Eberechi Eze,Midfielder,CRY,7.5,90,1,0,0,2,0,0,0,1,8
2367573,Mitchell,Tyrick Mitchell,Defender,CRY,5.0,90,0,1,0,2,0,0,0,0,4
2367573,Doucoure,Cheick Oumar Doucoure,Midfielder,CRY,5.0,90,0,0,0,2,0,0,0,0,2
2367573,Dawson,Craig Dawson,Defender,WOL,4.2,90,0,0,0,3,0,0,0,0,1
2367573,Sarabia,Pablo Sarabia,Midfielder,WOL,5.0,59,0,0,0,1,0,0,0,0,1
2367573,José Sá,José Pedro Malheiro de Sá,Goalkeeper,WOL,4.5,90,0,0,0,3,0,0,0,0,3
2367573,Lemina (Mario),Mario Lemina,Midfielder,WOL,4.8,90,0,0,0,3,0,0,0,0,2
2367573,Hwang Hee-Chan,Hee-Chan Hwang,Midfielder,WOL,6.0,37,1,0,0,2,0,0,0,0,6
2367573,Semedo,Nelson Semedo,Defender,WOL,4.5,90,0,0,0,3,0,1,0,0,0
2367573,Kilman,Max Kilman,Defender,WOL,4.5,90,0,0,0,3,0,0,0,0,1
2367573,Neto,Pedro Neto,Midfielder,WOL,7.0,90,0,2,0,3,0,0,0,2,10
2367573,Kalajdzic,Sasa Kalajdzic,Forward,WOL,5.0,16,0,0,0,1,0,0,0,0,1
2367573,Matheus Cunha,Matheus Santos Carneiro Da Cunha,Forward,WOL,8.0,90,1,0,0,3,0,0,0,0,6
2367573,João Gomes,João Victor Gomes da Silva,Midfielder,WOL,5.5,81,0,0,0,2,0,1,0,0,1
2367573,Ait Nouri,Rayan Ait Nouri,Defender,WOL,6.0,81,0,0,0,2,0,1,0,0,0
2367573,Fabio Silva,Fabio Daniel Soares Silva,Forward,WOL,5.0,73,0,0,0,1,0,0,0,0,2
2367573,Traoré (Boubacar),Boubacar Traoré,Midfielder,WOL,5.0,24,0,0,0,2,0,0,0,0,1
2367573,Bueno (Hugo),Hugo Bueno,Defender,WOL,4.5,16,0,0,0,1,0,0,0,0,1
2367574,Martinez,Emiliano Martinez,Goalkeeper,AVL,5.0,90,0,0,0,3,0,0,0,0,1
2367574,Digne,Lucas Digne,Defender,AVL,4.5,90,0,0,0,3,0,0,0,0,1
2367574,McGinn,John McGinn,Midfielder,AVL,5.5,90,0,0,0,3,0,0,0,0,2
2367574,Diego Carlos,Diego Carlos Santos Silva,Defender,AVL,4.5,17,0,0,0,1,0,0,0,0,1
2367574,Tielemans,Youri Tielemans,Midfielder,AVL,6.0,22,0,0,0,0,0,0,0,0,1
2367574,Watkins,Ollie Watkins,Forward,AVL,9.0,71,0,0,0,3,0,0,0,0,2
2367574,Cash,Matthew Cash,Defender,AVL,4.5,90,0,0,0,3,1,0,0,0,0
2367574,Konsa Ngoyo,Ezri Konsa Ngoyo,Defender,AVL,4.5,90,0,0,0,3,0,0,0,0,1
2367574,Bailey,Leon Bailey,Midfielder,AVL,5.5,50,0,0,0,2,0,0,0,0,1
2367574,Kamara,Boubacar Kamara,Midfielder,AVL,5.0,90,0,0,0,3,0,1,0,0,1
2367574,Douglas Luiz,Douglas Luiz Soares de Paulo,Midfielder,AVL,5.4,71,0,0,0,3,0,0,0,0,2
2367574,Diaby,Moussa Diaby,Midfielder,AVL,6.5,90,0,0,0,3,0,0,0,0,2
2367574,Torres,Pau Torres,Defender,AVL,4.5,90,0,0,0,3,0,0,0,0,1
2367574,Zaniolo,Nicolò Zaniolo,Midfielder,AVL,5.4,29,0,0,0,0,0,0,0,0,1
2367574,Durán,Jhon Durán,Forward,AVL,5.7,22,0,0,0,0,0,0,0,0,1
2367574,Matip,Joel Matip,Defender,LIV,4.8,90,0,0,1,0,0,0,0,0,6
2367574,Alisson,Alisson Ramses Becker,Goalkeeper,LIV,5.5,90,0,0,1,0,0,0,0,1,8
2367574,Salah,Mohamed Salah,Midfielder,LIV,14.5,90,1,0,1,0,0,0,0,0,8
2367574,Robertson (Andrew),Andrew Robertson,Defender,LIV,6.0,90,0,0,1,0,0,0,0,0,6
2367574,Endo,Wataru Endo,Midfielder,LIV,5.0,8,0,0,0,0,0,0,0,0,1
2367574,Alexander-Arnold,Trent Alexander-Arnold,Defender,LIV,7.2,70,0,1,1,0,0,0,0,3,12
2367574,Gomez,Joseph Gomez,Defender,LIV,5.0,90,0,0,1,0,0,0,0,0,6
2367574,Diogo Jota,Diogo José Teixeira da Silva,Midfielder,LIV,7.2,29,0,0,0,0,0,0,0,0,1
2367574,Jones (Curtis),Curtis Jones,Midfielder,LIV,5.5,64,0,0,1,0,0,0,0,0,3
2367574,Mac Allister,Alexis Mac Allister,Midfielder,LIV,6.5,86,0,0,1,0,0,0,0,0,3
2367574,Gakpo,Cody Gakpo,Forward,LIV,7.5,29,0,0,0,0,0,0,0,0,1
2367574,Díaz,Luis Díaz,Midfielder,LIV,8.0,64,0,0,1,0,0,0,0,0,3
2367574,Szoboszlai,Dominik Szoboszlai,Midfielder,LIV,6.5,90,1,0,1,0,0,0,0,2,10
2367574,Quansah,Jarell Quansah,Defender,LIV,3.9,23,0,0,0,0,0,0,0,0,1
2367574,Elliott,Harvey Elliott,Midfielder,LIV,5.5,29,0,0,0,0,0,0,0,0,1
2367574,Núñez,Darwin Núñez,Forward,LIV,6.5,64,0,2,1,0,0,0,0,0,8
2367575,Kaminski,Thomas Kaminski,Goalkeeper,LUT,4.0,90,0,0,0,2,0,0,0,0,1
2367575,Barkley,Ross Barkley,Midfielder,LUT,5.0,70,0,0,0,1,0,0,0,0,2
2367575,Woodrow,Cauley Woodrow,Forward,LUT,4.3,13,0,0,0,1,0,0,0,0,1
2367575,Ruddock Mpanzu,Pelly Ruddock Mpanzu,Midfielder,LUT,4.6,25,0,0,0,1,0,0,0,0,1
2367575,Burke,Reece Burke,Defender,LUT,4.0,90,0,0,0,2,0,0,0,0,1
2367575,Morris,Carlton Morris,Forward,LUT,4.7,90,0,1,0,2,0,0,0,0,5
2367575,Bell,Amarii Bell,Defender,LUT,3.8,90,0,0,0,2,0,0,0,0,1
2367575,Adebayo,Elijah Adebayo,Forward,LUT,4.8,71,0,0,0,1,0,0,0,0,2
2367575,Nakamba,Marvelous Nakamba,Midfielder,LUT,4.3,90,0,0,0,2,0,1,0,0,1
2367575,Andersen (Mads),Mads Andersen,Defender,LUT,3.8,90,1,0,0,2,0,0,0,1,8
2367575,Chong,Tahith Chong,Midfielder,LUT,4.4,82,0,0,0,1,0,0,0,0,2
2367575,Ogbene,Chiedozie Ogbene,Forward,LUT,4.8,19,0,0,0,1,0,0,0,0,1
2367575,Giles,Ryan John Giles,Defender,LUT,4.2,71,0,0,0,1,0,0,0,0,2
2367575,Brown,Jacob Brown,Forward,LUT,4.9,25,0,0,0,1,0,0,0,0,1
2367575,Doughty,Alfie Doughty,Defender,LUT,4.3,76,0,0,0,1,0,0,0,0,2
2367575,Issa Kabore,Issa Kabore,Defender,LUT,4.5,25,0,0,0,1,0,0,0,0,1
2367575,Antonio,Michail Antonio,Forward,WHU,5.2,79,0,0,1,0,0,0,0,0,2
2367575,Areola,Alphonse Areola,Goalkeeper,WHU,4.5,90,0,0,0,1,0,0,0,0,2
2367575,Ings,Danny Ings,Forward,WHU,4.8,17,0,0,0,1,0,0,0,0,1
2367575,Ward-Prowse,James Ward-Prowse,Midfielder,WHU,6.0,90,0,1,0,1,0,0,0,2,7
2367575,Zouma,Kurt Zouma,Defender,WHU,4.4,90,1,0,0,1,0,0,0,3,11
2367575,Emerson,Emerson Palmieri dos Santos,Defender,WHU,4.5,90,0,0,0,1,0,1,0,0,1
2367575,Coufal,Vladimir Coufal,Defender,WHU,4.1,90,0,0,0,1,0,0,0,0,2
2367575,Benrahma,Said Benrahma,Midfielder,WHU,5.6,71,0,0,1,0,0,0,0,0,3
2367575,Bowen,Jarrod Bowen,Midfielder,WHU,8.0,90,1,0,0,1,0,0,0,0,7
2367575,Aguerd,Nayef Aguerd,Defender,WHU,4.5,90,0,0,0,1,0,0,0,0,2
2367575,Álvarez (Edson),Edson Álvarez,Midfielder,WHU,5.0,90,0,0,0,1,0,0,0,0,2
2367575,Fornals,Pablo Fornals,Midfielder,WHU,4.6,24,0,0,0,1,0,0,0,0,1
2367575,Lucas Paquetá,Lucas Tolentino Coelho de Lima,Midfielder,WHU,6.0,90,0,1,1,0,0,0,0,0,6
2367575,Kudus,Mohammed Kudus,Midfielder,WHU,6.5,5,0,0,0,1,0,0,0,0,1
2367576,Willian,Willian Borges Da Silva,Midfielder,FUL,5.0,24,0,0,0,1,0,0,0,0,1
2367576,Cairney,Tom Cairney,Midfielder,FUL,5.0,14,0,0,0,0,0,0,0,0,1
2367576,Leno,Bernd Leno,Goalkeeper,FUL,5.0,90,0,0,0,5,0,0,0,0,0
2367576,Ream,Tim Ream,Defender,FUL,4.5,90,1,0,0,5,0,0,0,1,7
2367576,DeCordova-Reid,Bobby DeCordova-Reid,Midfielder,FUL,5.2,72,0,1,0,4,0,1,0,0,4
2367576,Raúl Jiménez,Raul Alonso Jimenez Rodriguez,Forward,FUL,6.5,79,0,0,0,4,0,0,0,0,2
2367576,Reed,Harrison Reed,Midfielder,FUL,4.5,90,0,0,0,5,0,0,0,0,2
2367576,Wilson (Harry),Harry Wilson,Midfielder,FUL,5.5,79,0,0,0,4,0,0,0,0,2
2367576,Pereira (Andreas),Andreas Pereira,Midfielder,FUL,5.5,90,0,0,0,5,0,1,0,0,1
2367576,Traoré (Adama),Adama Traoré,Midfielder,FUL,5.5,16,0,0,0,1,0,0,0,0,1
2367576,Castagne,Timothy Castagne,Defender,FUL,4.5,24,0,0,0,1,0,0,0,0,1
2367576,Tete,Kenny Tete,Defender,FUL,4.5,71,0,0,0,4,0,0,0,0,0
2367576,Robinson (Antonee),Antonee Robinson,Defender,FUL,5.0,90,0,0,0,5,0,1,0,0,0
2367576,Diop,Issa Diop,Defender,FUL,4.5,90,0,0,0,5,0,1,0,0,0
2367576,Rodrigo Muniz,Rodrigo Muniz Carvalho,Forward,FUL,5.5,17,0,0,0,1,0,0,0,0,1
2367576,Harris (Luke),Luke Harris,Midfielder,FUL,4.5,78,0,0,0,5,0,0,0,0,2
2367576,Walker,Kyle Walker,Defender,MCI,4.5,90,0,0,0,1,0,0,0,0,2
2367576,Kovacic,Mateo Kovacic,Midfielder,MCI,6.0,82,0,0,0,1,0,0,0,0,2
2367576,Ederson,Ederson Santana de Moraes,Goalkeeper,MCI,5.5,90,0,0,0,1,0,0,0,0,3
2367576,Aké,Nathan Aké,Defender,MCI,5.5,90,1,0,0,1,0,0,0,0,8
2367576,Phillips (Kalvin),Kalvin Phillips,Midfielder,MCI,5.0,13,0,0,0,0,0,0,0,0,1
2367576,Bernardo Silva,Bernardo Mota Veiga de Carvalho e Silva,Midfielder,MCI,6.5,21,0,0,0,0,0,1,0,0,0
2367576,Rúben Dias,Rúben Santos Gato Alves Dias,Defender,MCI,5.5,90,0,0,0,1,0,0,0,0,2
2367576,Foden,Phil Foden,Midfielder,MCI,8.0,88,0,1,0,1,0,0,0,0,5
2367576,Akanji,Manuel Akanji,Defender,MCI,5.5,90,0,0,0,1,0,0,0,0,2
2367576,Rodri,Rodrigo Hernández Cascante,Midfielder,MCI,6.5,75,0,0,0,1,0,1,0,0,1
2367576,Haaland,Erling Haaland,Forward,MCI,14.0,90,3,1,0,1,0,0,0,3,20
2367576,Doku,Jéremy Doku,Midfielder,MCI,6.5,75,0,0,0,1,0,0,0,0,2
2367576,Gómez,Sergio Gómez,Defender,MCI,3.8,21,0,1,0,0,0,0,0,0,4
2367576,Álvarez (Julián),Julián Álvarez,Forward,MCI,7.0,88,1,2,0,1,0,0,0,2,14
2367576,Lewis (Rico),Rico Lewis,Defender,MCI,5.0,7,0,0,0,0,0,0,0,0,1
2367576,Bobb,Oscar Bobb,Midfielder,MCI,5.5,7,0,0,0,0,0,0,0,0,1
2367577,Tarkowski,James Tarkowski,Defender,EVE,5.5,88,0,0,0,2,0,0,0,0,1
2367577,Young (Ashley),Ashley Young,Defender,EVE,4.2,90,0,0,0,2,0,0,0,0,1
2367577,Gueye,Idrissa Gueye,Midfielder,EVE,5.5,90,0,0,0,2,0,0,0,0,2
2367577,Pickford,Jordan Pickford,Goalkeeper,EVE,5.5,90,0,0,0,2,1,0,0,0,1
2367577,Doucouré,Abdoulaye Doucouré,Midfielder,EVE,5.1,90,1,0,0,2,0,1,0,2,8
2367577,Godfrey,Ben Godfrey,Defender,EVE,4.0,8,0,0,0,0,0,0,0,0,1
2367577,Danjuma Groeneveld,Arnaut Danjuma Groeneveld,Midfielder,EVE,5.2,90,1,0,0,2,0,0,0,0,7
2367577,Garner,James Garner,Midfielder,EVE,5.0,73,0,0,0,2,0,0,0,0,2
2367577,Patterson (Nathan),Nathan Patterson,Defender,EVE,4.5,90,0,1,0,2,0,0,0,2,6
2367577,McNeil,Dwight McNeil,Midfielder,EVE,6.0,23,0,0,0,0,0,0,0,0,1
2367577,Mvom Onana,Amadou Mvom Onana,Midfielder,EVE,5.0,90,0,0,0,2,0,0,0,0,2
2367577,Branthwaite,Jarrad Branthwaite,Defender,EVE,5.5,90,0,0,0,2,0,1,0,0,0
2367577,Beto,Norberto Bercique Gomes Betuncal,Forward,EVE,5.5,90,0,0,0,2,0,0,0,0,2
2367577,Basham,Chris Basham,Defender,SHU,3.9,30,0,0,0,0,0,0,0,0,1
2367577,Norwood,Oliver Norwood,Midfielder,SHU,4.8,90,0,0,0,2,0,0,0,0,2
2367577,Foderingham,Wes Foderingham,Goalkeeper,SHU,4.0,90,0,0,0,2,0,0,0,0,2
2367577,Baldock,George Baldock,Defender,SHU,3.8,90,0,0,0,2,0,0,0,0,1
2367577,Robinson (Jack),Jack Robinson,Defender,SHU,4.3,90,0,0,0,2,0,0,0,0,1
2367577,Egan,John Egan,Defender,SHU,4.2,66,0,0,0,2,0,0,0,0,1
2367577,McBurnie,Oliver McBurnie,Forward,SHU,5.4,90,0,1,0,2,0,0,0,0,5
2367577,Hamer,Gustavo Hamer,Midfielder,SHU,4.9,90,0,0,0,2,0,0,0,0,2
2367577,Ahmedhodzic,Anel Ahmedhodzic,Defender,SHU,4.3,90,0,0,0,2,0,1,0,0,0
2367577,Thomas (Luke),Luke Thomas,Defender,SHU,3.9,30,0,0,0,0,0,0,0,0,1
2367577,Vinicius Souza,Vinicius de Souza Costa,Midfielder,SHU,5.0,90,0,0,0,2,0,0,0,0,2
2367577,Larouci,Yasser Larouci,Defender,SHU,4.3,66,0,0,0,2,0,0,0,0,1
2367577,Archer,Cameron Archer,Forward,SHU,4.8,73,1,1,0,2,0,0,0,3,12
2367577,Traoré (Bénie),Bénie Traoré,Forward,SHU,5.1,22,0,0,0,0,0,0,0,0,1
2367578,Neto,Norberto Murara Neto,Goalkeeper,BOU,4.5,90,0,0,1,0,0,0,0,2,10
2367578,Brooks (David),David Brooks,Midfielder,BOU,5.0,10,0,0,0,0,0,0,0,0,1
2367578,Solanke,Dominic Solanke,Forward,BOU,7.5,90,0,0,1,0,0,0,0,0,2
2367578,Cook (Lewis),Lewis Cook,Midfielder,BOU,5.0,90,0,0,1,0,0,0,0,0,3
2367578,Christie,Ryan Christie,Midfielder,BOU,5.0,87,0,0,1,0,0,0,0,0,3
2367578,Billing,Philip Billing,Midfielder,BOU,5.0,90,0,0,1,0,0,0,0,0,3
2367578,Tavernier,Marcus Tavernier,Midfielder,BOU,5.5,72,0,0,1,0,0,0,0,0,3
2367578,Senesi,Marcos Senesi,Defender,BOU,4.5,25,0,0,0,0,0,0,0,0,1
2367578,Kluivert,Justin Kluivert,Midfielder,BOU,7.0,35,0,0,0,0,0,0,0,0,1
2367578,Sinisterra,Luis Sinisterra,Midfielder,BOU,5.0,25,0,0,0,0,0,0,0,0,1
2367578,Aarons,Maximillian Aarons,Defender,BOU,4.3,90,0,0,1,0,0,0,0,0,6
2367578,Kelly (Lloyd),Lloyd Kelly,Defender,BOU,4.2,90,0,0,1,0,0,0,0,2,8
2367578,Zabarnyi,Illia Zabarnyi,Defender,BOU,5.0,90,0,0,1,0,0,0,0,0,6
2367578,Dango Ouattara,Dango Ouattara,Midfielder,BOU,6.0,61,0,0,1,0,0,0,0,0,3
2367578,Kerkez,Milos Kerkez,Defender,BOU,6.0,71,0,0,1,0,0,1,0,0,5
2367578,Thiago Silva,Thiago Emiliano da Silva,Defender,CHE,5.0,90,0,0,1,0,0,0,0,0,6
2367578,Sterling (Raheem),Raheem Sterling,Midfielder,CHE,6.7,90,0,0,1,0,0,1,0,0,2
2367578,Chilwell,Benjamin Chilwell,Defender,CHE,4.6,18,0,0,0,0,0,1,0,0,0
2367578,Sanchez,Robert Sanchez,Goalkeeper,CHE,5.0,90,0,0,1,0,0,0,0,3,10
2367578,Disasi,Axel Disasi,Defender,CHE,4.2,90,0,0,1,0,0,1,0,0,5
2367578,Gallagher,Conor Gallagher,Midfielder,CHE,5.9,90,0,0,1,0,0,0,0,0,3
2367578,Palmer,Cole Palmer,Midfielder,CHE,10.5,36,0,0,0,0,0,0,0,0,1
2367578,Maatsen,Ian Maatsen,Midfielder,CHE,4.5,18,0,0,0,0,0,0,0,0,1
2367578,Fernández (Enzo),Enzo Fernández,Midfielder,CHE,6.5,79,0,0,1,0,0,0,0,0,3
2367578,Colwill,Levi Colwill,Defender,CHE,5.0,78,0,0,1,0,0,0,0,0,6
2367578,Mudryk,Mykhailo Mudryk,Midfielder,CHE,5.0,61,0,0,1,0,0,1,0,0,2
2367578,Gusto,Malo Gusto,Defender,CHE,5.0,90,0,0,1,0,0,0,0,0,6
2367578,Ugochukwu,Lesley Ugochukwu,Midfielder,CHE,4.4,90,0,0,1,0,0,0,0,0,3
2367578,Jackson (Nicolas),Nicolas Jackson,Forward,CHE,6.5,90,0,0,1,0,0,1,0,0,1
2367579,Martinez,Emiliano Martinez,Goalkeeper,AVL,5.0,90,0,0,0,1,0,0,0,0,2
2367579,Digne,Lucas Digne,Defender,AVL,4.5,90,0,1,0,1,0,0,0,0,5
2367579,McGinn,John McGinn,Midfielder,AVL,5.5,69,0,0,0,1,0,1,0,0,1
2367579,Dendoncker,Leander Dendoncker,Midfielder,AVL,4.5,8,0,0,0,0,0,0,0,0,1
2367579,Tielemans,Youri Tielemans,Midfielder,AVL,6.0,40,0,0,0,0,0,0,0,0,1
2367579,Watkins,Ollie Watkins,Forward,AVL,9.0,90,0,1,0,1,0,0,0,0,5
2367579,Cash,Matthew Cash,Defender,AVL,4.5,90,0,0,0,1,0,1,0,0,1
2367579,Konsa Ngoyo,Ezri Konsa Ngoyo,Defender,AVL,4.5,90,0,0,0,1,0,0,0,0,2
2367579,Bailey,Leon Bailey,Midfielder,AVL,5.5,40,1,0,0,0,0,1,0,0,5
2367579,Kamara,Boubacar Kamara,Midfielder,AVL,5.0,57,0,0,0,1,0,0,0,0,1
2367579,Douglas Luiz,Douglas Luiz Soares de Paulo,Midfielder,AVL,5.4,90,1,0,0,1,0,0,0,3,10
2367579,Diaby,Moussa Diaby,Midfielder,AVL,6.5,90,0,1,0,1,0,0,0,0,5
2367579,Torres,Pau Torres,Defender,AVL,4.5,90,0,0,0,1,0,0,0,0,2
2367579,Zaniolo,Nicolò Zaniolo,Midfielder,AVL,5.4,57,0,0,0,1,0,1,0,0,0
2367579,Durán,Jhon Durán,Forward,AVL,5.7,28,1,0,0,0,0,1,0,1,5
2367579,Ward,Joel Ward,Defender,CRY,4.3,90,0,0,0,3,0,1,0,0,0
2367579,Ayew (Jordan),Jordan Ayew,Midfielder,CRY,5.1,21,0,0,0,0,0,0,0,0,1
2367579,Schlupp,Jeffrey Schlupp,Midfielder,CRY,4.6,90,0,0,0,3,0,0,0,0,2
2367579,Johnstone,Sam Johnstone,Goalkeeper,CRY,4.5,90,0,0,0,3,0,0,0,0,1
2367579,Hughes,Will Hughes,Midfielder,CRY,5.0,90,0,0,0,3,0,1,0,0,1
2367579,Andersen (Joachim),Joachim Andersen,Defender,CRY,4.5,90,0,0,0,3,0,0,0,0,1
2367579,Edouard,Odsonne Edouard,Forward,CRY,5.0,84,1,0,0,1,0,0,0,2,8
2367579,Mateta,Jean-Philippe Mateta,Forward,CRY,7.5,71,0,1,0,3,0,0,0,0,5
2367579,Eze,Eberechi Eze,Midfielder,CRY,7.5,90,0,0,0,3,0,1,0,0,1
2367579,Mitchell,Tyrick Mitchell,Defender,CRY,5.0,90,0,0,0,3,0,0,0,0,1
2367579,Richards (Chris),Chris Richards,Defender,CRY,4.5,90,0,0,0,3,0,0,0,0,1
2367579,Doucoure,Cheick Oumar Doucoure,Midfielder,CRY,5.0,89,0,0,0,2,0,0,0,0,2
2367579,Rak-Sakyi,Jesurun Rak-Sakyi,Midfielder,CRY,4.5,8,0,0,0,1,0,0,0,0,1
2367579,Ahamada,Naouirou Ahamada,Midfielder,CRY,4.5,13,0,0,0,2,0,0,0,0,1
2367580,Trossard,Leandro Trossard,Midfielder,ARS,7.0,70,1,0,1,0,0,0,0,3,11
2367580,Raya Martin,David Raya Martin,Goalkeeper,ARS,5.5,90,0,0,1,0,0,0,0,2,8
2367580,Odegaard,Martin Odegaard,Midfielder,ARS,8.0,90,0,0,1,0,0,0,0,0,3
2367580,White (Ben),Ben White,Defender,ARS,5.5,90,0,0,1,0,0,0,0,1,7
2367580,Rice,Declan Rice,Midfielder,ARS,6.5,90,0,0,1,0,0,0,0,0,3
2367580,Eddie Nketiah,Edward Nketiah,Forward,ARS,5.5,64,0,0,1,0,0,0,0,0,2
2367580,Jesus,Gabriel Fernando de Jesus,Forward,ARS,6.5,29,0,0,0,0,0,0,0,0,1
2367580,Zinchenko,Oleksandr Zinchenko,Defender,ARS,5.0,78,0,0,1,0,0,0,0,1,7
2367580,Havertz,Kai Havertz,Midfielder,ARS,7.5,15,0,0,0,0,0,0,0,0,1
2367580,Saka,Bukayo Saka,Midfielder,ARS,10.0,90,0,1,1,0,0,0,0,0,6
2367580,Tomiyasu,Takehiro Tomiyasu,Defender,ARS,4.8,15,0,0,0,0,0,0,0,0,1
2367580,Gabriel Magalhães,Gabriel dos Santos Magalhães,Defender,ARS,6.0,90,0,0,1,0,0,1,0,0,5
2367580,Fábio Vieira,Fábio Daniel Vieira,Midfielder,ARS,5.5,78,0,0,1,0,0,0,0,0,3
2367580,Martinelli,Gabriel Teodoro Martinelli Silva,Midfielder,ARS,7.0,20,0,0,0,0,0,0,0,0,1
2367580,Saliba,William Saliba,Defender,ARS,6.0,90,0,0,1,0,0,0,0,0,6
2367580,Tarkowski,James Tarkowski,Defender,EVE,5.5,90,0,0,0,1,0,0,0,0,2
2367580,Young (Ashley),Ashley Young,Defender,EVE,4.2,85,0,0,0,1,0,1,0,0,1
2367580,Gueye,Idrissa Gueye,Midfielder,EVE,5.5,90,0,0,0,1,0,0,0,0,2
2367580,Pickford,Jordan Pickford,Goalkeeper,EVE,5.5,90,0,0,0,1,0,0,0,0,3
2367580,Doucouré,Abdoulaye Doucouré,Midfielder,EVE,5.1,78,0,0,0,1,0,0,0,0,2
2367580,Calvert-Lewin,Dominic Calvert-Lewin,Forward,EVE,5.4,29,0,0,0,1,0,0,0,0,1
2367580,Danjuma Groeneveld,Arnaut Danjuma Groeneveld,Midfielder,EVE,5.2,90,0,0,0,1,0,0,0,0,2
2367580,Mykolenko,Vitaliy Mykolenko,Defender,EVE,5.0,90,0,0,0,1,0,0,0,0,2
2367580,Garner,James Garner,Midfielder,EVE,5.0,15,0,0,0,0,0,0,0,0,1
2367580,Patterson (Nathan),Nathan Patterson,Defender,EVE,4.5,8,0,0,0,0,0,0,0,0,1
2367580,McNeil,Dwight McNeil,Midfielder,EVE,6.0,85,0,0,0,1,0,0,0,0,2
2367580,Mvom Onana,Amadou Mvom Onana,Midfielder,EVE,5.0,90,0,0,0,1,0,0,0,0,2
2367580,Branthwaite,Jarrad Branthwaite,Defender,EVE,5.5,90,0,0,0,1,0,0,0,0,2
2367580,Beto,Norberto Bercique Gomes Betuncal,Forward,EVE,5.5,64,0,0,1,0,0,0,0,0,2
2367580,Youssef Chermiti,Youssef Ramalho Chermiti,Forward,EVE,5.0,7,0,0,0,0,0,0,0,0,1
2367581,Willian,Willian Borges Da Silva,Midfielder,FUL,5.0,90,0,1,1,0,0,0,0,0,6
2367581,Cairney,Tom Cairney,Midfielder,FUL,5.0,14,0,0,0,0,0,0,0,0,1
2367581,Leno,Bernd Leno,Goalkeeper,FUL,5.0,90,0,0,1,0,0,0,0,0,6
2367581,Ream,Tim Ream,Defender,FUL,4.5,90,0,0,1,0,0,0,0,2,8
2367581,DeCordova-Reid,Bobby DeCordova-Reid,Midfielder,FUL,5.2,14,0,0,0,0,0,0,0,0,1
2367581,Raúl Jiménez,Raul Alonso Jimenez Rodriguez,Forward,FUL,6.5,61,0,0,1,0,0,0,0,0,2
2367581,Iwobi,Alex Iwobi,Midfielder,FUL,6.5,33,0,0,0,0,0,0,0,0,1
2367581,Reed,Harrison Reed,Midfielder,FUL,4.5,62,0,0,1,0,0,0,0,0,3
2367581,Wilson (Harry),Harry Wilson,Midfielder,FUL,5.5,80,0,0,1,0,0,0,0,0,3
2367581,João Palhinha,João Maria Lobo Alves Palhinha Gonçalves,Midfielder,FUL,5.9,90,0,0,1,0,0,0,0,0,3
2367581,Pereira (Andreas),Andreas Pereira,Midfielder,FUL,5.5,80,0,0,1,0,0,0,0,0,3
2367581,Castagne,Timothy Castagne,Defender,FUL,4.5,90,0,0,1,0,0,1,0,3,8
2367581,Tete,Kenny Tete,Defender,FUL,4.5,90,0,0,1,0,0,0,0,0,6
2367581,Diop,Issa Diop,Defender,FUL,4.5,90,0,0,1,0,0,1,0,0,5
2367581,Bassey,Calvin Bassey,Defender,FUL,4.5,5,0,0,0,0,0,0,0,0,1
2367581,Carlos Vinicius,Carlos Vinicius Alves Morais,Forward,FUL,5.0,33,1,0,0,0,0,0,0,2,7
2367581,Kaminski,Thomas Kaminski,Goalkeeper,LUT,4.0,90,0,0,0,1,0,1,0,0,1
2367581,Woodrow,Cauley Woodrow,Forward,LUT,4.3,14,0,0,0,0,0,0,0,0,1
2367581,Ruddock Mpanzu,Pelly Ruddock Mpanzu,Midfielder,LUT,4.6,21,0,0,0,0,0,0,0,0,1
2367581,Lockyer,Tom Lockyer,Defender,LUT,4.2,90,0,0,0,1,0,0,0,0,2
2367581,Burke,Reece Burke,Defender,LUT,4.0,81,0,0,0,1,0,0,0,0,2
2367581,Morris,Carlton Morris,Forward,LUT,4.7,74,0,0,0,1,0,0,0,0,2
2367581,Bell,Amarii Bell,Defender,LUT,3.8,90,0,0,0,1,0,0,0,0,2
2367581,Adebayo,Elijah Adebayo,Forward,LUT,4.8,21,0,0,0,0,0,0,0,0,1
2367581,Nakamba,Marvelous Nakamba,Midfielder,LUT,4.3,90,0,0,0,1,0,0,0,0,2
2367581,Andersen (Mads),Mads Andersen,Defender,LUT,3.8,90,0,0,0,1,0,0,0,0,2
2367581,Chong,Tahith Chong,Midfielder,LUT,4.4,74,0,0,0,1,0,1,0,0,1
2367581,Ogbene,Chiedozie Ogbene,Forward,LUT,4.8,21,0,0,0,0,0,0,0,0,1
2367581,Brown,Jacob Brown,Forward,LUT,4.9,73,0,0,0,1,0,0,0,0,2
2367581,Doughty,Alfie Doughty,Defender,LUT,4.3,21,0,0,0,0,0,0,0,0,1
2367581,Sambi Lokonga,Albert Sambi Lokonga,Midfielder,LUT,4.5,74,0,0,0,1,0,0,0,0,2
2367581,Issa Kabore,Issa Kabore,Defender,LUT,4.5,90,0,0,0,1,0,0,0,0,2
2367582,Milner,James Milner,Midfielder,BHA,5.0,21,0,0,0,0,0,0,0,0,1
2367582,Lallana,Adam Lallana,Midfielder,BHA,5.0,63,0,0,1,0,0,0,0,0,3
2367582,Steele,Jason Steele,Goalkeeper,BHA,4.5,90,0,0,0,1,0,0,0,0,3
2367582,Welbeck,Danny Welbeck,Forward,BHA,6.5,63,1,0,1,0,0,0,0,1,7
2367582,Groß,Pascal Groß,Midfielder,BHA,6.5,90,1,0,0,1,0,0,0,3,10
2367582,Dunk,Lewis Dunk,Defender,BHA,4.5,90,0,0,0,1,0,0,0,0,2
2367582,Veltman,Joël Veltman,Defender,BHA,4.5,90,0,0,0,1,0,0,0,0,2
2367582,Dahoud,Mahmoud Dahoud,Midfielder,BHA,4.9,76,0,0,0,1,0,0,0,0,2
2367582,Lamptey,Tariq Lamptey,Defender,BHA,4.5,76,0,2,0,1,0,1,0,0,7
2367582,Gilmour,Billy Gilmour,Midfielder,BHA,5.0,20,0,0,0,0,0,0,0,0,1
2367582,Mitoma,Kaoru Mitoma,Midfielder,BHA,6.5,90,0,0,0,1,0,0,0,0,2
2367582,Ansu Fati,Anssumane Fati,Midfielder,BHA,6.4,34,0,0,0,1,0,0,0,0,1
2367582,van Hecke,Jan-Paul van Hecke,Defender,BHA,4.5,90,0,0,0,1,0,1,0,0,1
2367582,João Pedro,João Pedro Junqueira de Jesus,Forward,BHA,7.5,33,1,0,0,1,0,0,0,2,7
2367582,Ferguson (Evan),Evan Ferguson,Forward,BHA,5.5,13,0,0,0,0,0,0,0,0,1
2367582,Adingra,Simon Adingra,Midfielder,BHA,5.5,84,0,1,0,1,0,0,0,0,5
2367582,Casemiro,Carlos Henrique Jose Francisco Venancio,Midfielder,MUN,5.5,63,0,0,0,2,0,0,0,0,2
2367582,Eriksen,Christian Eriksen,Midfielder,MUN,5.2,90,0,0,0,3,0,0,0,0,2
2367582,Bruno Fernandes,Bruno Miguel Borges Fernandes,Midfielder,MUN,9.0,90,0,0,0,3,0,1,0,0,1
2367582,Martial,Anthony Martial,Forward,MUN,6.4,33,0,0,0,1,0,0,0,0,1
2367582,Rashford,Marcus Rashford,Midfielder,MUN,7.0,90,0,0,0,3,0,0,0,0,2
2367582,Lindelof,Victor Nilsson-Lindelof,Defender,MUN,4.3,90,0,0,0,3,0,0,0,0,1
2367582,McTominay,Scott McTominay,Midfielder,MUN,4.9,85,0,0,0,3,0,0,0,0,2
2367582,Reguilón,Sergio Reguilón,Defender,MUN,4.1,84,0,0,0,3,0,0,0,0,1
2367582,Onana,André Onana,Goalkeeper,MUN,5.0,90,0,0,0,3,0,0,0,0,2
2367582,Wan-Bissaka,Aaron Wan-Bissaka,Defender,MUN,4.5,12,0,0,0,0,0,0,0,0,1
2367582,Dalot,José Diogo Dalot Teixeira,Defender,MUN,4.5,90,0,0,0,3,0,0,0,0,1
2367582,Martínez,Lisandro Martínez,Defender,MUN,5.0,85,0,1,0,3,0,0,0,0,4
2367582,Mejbri,Hannibal Mejbri,Midfielder,MUN,5.0,33,1,0,0,1,0,1,0,0,5
2367582,Pellistri,Facundo Pellistri,Midfielder,MUN,5.0,12,0,0,0,0,0,0,0,0,1
2367582,Garnacho,Alejandro Garnacho Ferreyra,Midfielder,MUN,6.5,13,0,0,0,0,0,0,0,0,1
2367582,Højlund,Rasmus Højlund,Forward,MUN,6.5,64,0,0,0,2,0,0,0,0,2
2367583,Mee (Ben),Ben Mee,Defender,BRE,4.2,70,0,0,0,1,0,0,0,0,2
2367583,Maupay,Neal Maupay,Forward,BRE,4.9,26,0,0,0,0,0,0,0,0,1
2367583,Flekken,Mark Flekken,Goalkeeper,BRE,4.5,90,0,0,0,1,0,1,0,0,1
2367583,Norgaard,Christian Norgaard,Midfielder,BRE,5.5,70,0,0,0,1,0,1,0,0,1
2367583,Henry,Rico Henry,Defender,BRE,4.5,37,0,0,0,0,0,0,0,0,1
2367583,Janelt,Vitaly Janelt,Midfielder,BRE,5.0,70,0,0,0,1,0,0,0,0,2
2367583,Jensen,Mathias Jensen,Midfielder,BRE,5.0,90,0,0,0,1,0,0,0,0,2
2367583,Wissa,Yoane Wissa,Forward,BRE,7.5,90,0,0,0,1,0,1,0,0,1
2367583,Roerslev,Mads Roerslev,Defender,BRE,4.5,55,0,0,0,1,0,0,0,0,1
2367583,Pinnock,Ethan Pinnock,Defender,BRE,4.5,90,0,0,0,1,0,0,0,0,2
2367583,Lewis-Potter,Keane Lewis-Potter,Midfielder,BRE,5.0,19,0,0,0,0,0,0,0,0,1
2367583,Onyeka,Frank Onyeka,Midfielder,BRE,5.0,25,0,0,0,0,0,0,0,0,1
2367583,Collins,Nathan Collins,Defender,BRE,5.0,90,0,0,0,1,0,1,0,0,1
2367583,Mbeumo,Bryan Mbeumo,Midfielder,BRE,8.0,90,0,0,0,1,0,0,0,0,2
2367583,Hickey,Aaron Hickey,Defender,BRE,4.0,76,0,0,0,1,0,1,0,0,1
2367583,Schade,Kevin Schade,Midfielder,BRE,7.0,25,0,0,0,0,0,0,0,0,1
2367583,Wilson (Callum),Callum Wilson,Forward,NEW,6.9,90,1,0,1,0,0,1,0,0,5
2367583,Trippier,Kieran Trippier,Defender,NEW,5.0,90,0,0,1,0,0,0,0,2,8
2367583,Burn,Dan Burn,Defender,NEW,5.0,90,0,0,1,0,0,0,0,0,6
2367583,Pope,Nick Pope,Goalkeeper,NEW,5.0,90,0,0,1,0,0,0,0,0,6
2367583,Schär,Fabian Schär,Defender,NEW,5.5,90,0,0,1,0,0,0,0,1,7
2367583,Almirón,Miguel Almirón,Midfielder,NEW,5.4,18,0,0,0,0,0,0,0,0,1
2367583,Longstaff (Sean),Sean Longstaff,Midfielder,NEW,5.0,90,0,0,1,0,0,0,0,0,3
2367583,Barnes (Harvey),Harvey Barnes,Midfielder,NEW,6.5,77,0,0,1,0,0,0,0,0,3
2367583,Bruno Guimarães,Bruno Guimarães Rodriguez Moura,Midfielder,NEW,6.5,90,0,0,1,0,0,1,0,0,2
2367583,Anderson,Elliot Anderson,Midfielder,NEW,5.5,90,0,0,1,0,0,0,0,0,3
2367583,Botman,Sven Botman,Defender,NEW,5.0,90,0,0,1,0,0,0,0,3,9
2367583,Gordon (Anthony),Anthony Gordon,Midfielder,NEW,7.5,90,0,1,1,0,0,1,0,0,5
2367584,Gudmundsson,Johann Berg Gudmundsson,Midfielder,BUR,4.8,63,0,0,0,1,0,0,0,0,2
2367584,Taylor (Charlie),Charlie Taylor,Defender,BUR,3.9,90,0,0,0,1,0,0,0,0,2
2367584,Cullen,Josh Cullen,Midfielder,BUR,5.0,90,0,0,0,1,0,1,0,0,1
2367584,Brownhill,Josh Brownhill,Midfielder,BUR,4.7,90,0,0,0,1,0,0,0,0,2
2367584,Roberts (Connor),Connor Roberts,Defender,BUR,4.5,90,0,0,0,1,0,1,0,0,1
2367584,Berge,Sander Berge,Midfielder,BUR,5.0,33,0,0,0,0,0,0,0,0,1
2367584,Beyer,Jordan Beyer,Defender,BUR,4.0,85,0,0,0,1,0,0,0,1,3
2367584,Delcroix,Hannes Delcroix,Defender,BUR,4.0,11,0,0,0,0,0,0,0,0,1
2367584,Trafford,James Trafford,Goalkeeper,BUR,5.0,90,0,0,0,1,0,1,0,0,2
2367584,Foster,Lyle Foster,Forward,BUR,5.0,90,0,1,0,1,0,0,1,0,2
2367584,Trésor,Mike Trésor,Midfielder,BUR,4.5,21,0,0,0,0,0,0,0,0,1
2367584,Koleosho,Luca Koleosho,Midfielder,BUR,5.0,75,0,0,0,1,0,0,0,0,2
2367584,Al Dakhil,Ameen Al Dakhil,Defender,BUR,3.8,90,0,0,0,1,0,0,0,0,2
2367584,Amdouni,Zeki Amdouni,Forward,BUR,5.0,63,1,0,0,1,0,0,0,2,8
2367584,Zaroury,Anass Zaroury,Midfielder,BUR,4.6,33,0,0,0,0,0,0,0,0,1
2367584,Wood,Chris Wood,Forward,NFO,7.5,11,0,0,0,0,0,0,0,0,1
2367584,Origi,Divock Origi,Forward,NFO,5.0,25,0,0,0,0,0,0,0,0,1
2367584,Aina,Ola Aina,Defender,NFO,5.0,90,0,0,0,1,0,0,0,0,2
2367584,McKenna (Scott),Scott McKenna,Defender,NFO,4.5,90,0,0,0,1,0,0,0,0,2
2367584,Mangala,Orel Mangala,Midfielder,NFO,5.0,70,0,0,0,1,0,1,0,0,1
2367584,Yates,Ryan Yates,Midfielder,NFO,5.0,25,0,0,0,0,0,0,0,0,1
2367584,Worrall,Joe Worrall,Defender,NFO,4.0,90,0,0,0,1,0,0,0,0,2
2367584,Hudson-Odoi,Callum Hudson-Odoi,Midfielder,NFO,6.0,71,1,0,0,1,0,0,0,3,10
2367584,Awoniyi,Taiwo Awoniyi,Forward,NFO,5.5,85,0,1,0,1,0,0,0,0,5
2367584,Sangaré,Ibrahim Sangaré,Midfielder,NFO,5.0,90,0,0,0,1,0,0,0,0,2
2367584,Montiel,Gonzalo Montiel,Defender,NFO,4.4,53,0,0,0,1,0,1,0,0,0
2367584,Gibbs-White,Morgan Gibbs-White,Midfielder,NFO,7.5,90,0,0,0,1,0,0,0,0,2
2367584,Turner,Matt Turner,Goalkeeper,NFO,4.0,90,0,0,0,1,0,0,0,0,2
2367584,Nuno Tavares,Nuno Tavares,Defender,NFO,4.0,43,0,0,0,0,0,0,0,0,1
2367584,Elanga,Anthony Elanga,Midfielder,NFO,7.0,90,0,0,0,1,0,0,0,0,2
2367585,Basham,Chris Basham,Defender,SHU,3.9,90,0,0,0,2,0,1,0,0,0
2367585,Norwood,Oliver Norwood,Midfielder,SHU,4.8,35,0,0,0,2,0,0,0,0,1
2367585,Foderingham,Wes Foderingham,Goalkeeper,SHU,4.0,90,0,0,0,2,0,1,0,1,3
2367585,Robinson (Jack),Jack Robinson,Defender,SHU,4.3,90,0,1,0,2,0,1,0,0,3
2367585,McBurnie,Oliver McBurnie,Forward,SHU,5.4,90,0,0,0,2,0,0,1,0,0
2367585,Davies (Tom),Tom Davies,Midfielder,SHU,5.0,25,0,0,0,2,0,1,0,0,0
2367585,Hamer,Gustavo Hamer,Midfielder,SHU,4.9,76,1,0,1,0,0,0,0,2,10
2367585,Trusty,Auston Trusty,Defender,SHU,3.9,20,0,0,0,2,0,0,0,0,0
2367585,Bogle,Jayden Bogle,Defender,SHU,4.5,81,0,0,1,0,0,0,0,0,6
2367585,Ahmedhodzic,Anel Ahmedhodzic,Defender,SHU,4.3,90,0,0,0,2,0,0,0,0,1
2367585,Thomas (Luke),Luke Thomas,Defender,SHU,3.9,90,0,0,0,2,0,0,0,0,1
2367585,Vinicius Souza,Vinicius de Souza Costa,Midfielder,SHU,5.0,90,0,0,0,2,0,0,0,0,2
2367585,Mcatee,James Mcatee,Midfielder,SHU,5.5,66,0,0,1,0,0,0,0,0,3
2367585,Archer,Cameron Archer,Forward,SHU,4.8,90,0,0,0,2,0,1,0,0,1
2367585,Perisic,Ivan Perisic,Defender,TOT,6.5,25,0,1,0,0,0,1,0,0,3
2367585,Son,Heung-Min Son,Midfielder,TOT,8.5,75,0,0,0,1,0,0,0,0,2
2367585,Højbjerg,Pierre-Emile Højbjerg,Midfielder,TOT,5.0,11,0,0,0,0,0,0,0,0,1
2367585,Maddison,James Maddison,Midfielder,TOT,7.0,90,0,0,0,1,0,1,0,0,1
2367585,Vicario,Guglielmo Vicario,Goalkeeper,TOT,5.0,90,0,0,0,1,0,0,0,0,3
2367585,Richarlison,Richarlison de Andrade,Midfielder,TOT,6.5,25,1,1,0,0,0,1,0,0,8
2367585,Romero,Cristian Romero,Defender,TOT,5.0,90,0,0,0,1,0,0,0,0,2
2367585,Bissouma,Yves Bissouma,Midfielder,TOT,5.5,90,0,0,0,1,0,1,0,0,1
2367585,Solomon,Manor Solomon,Midfielder,TOT,5.5,76,0,0,0,1,0,1,0,0,1
2367585,Emerson Royal,Emerson Aparecido Leite de Souza Junior,Defender,TOT,4.5,11,0,0,0,0,0,0,0,0,1
2367585,Johnson (Brennan),Brennan Johnson,Midfielder,TOT,7.0,25,0,0,0,0,0,0,0,0,1
2367585,Porro,Pedro Porro,Defender,TOT,5.5,89,0,0,0,1,0,0,0,0,2
2367585,Kulusevski,Dejan Kulusevski,Midfielder,TOT,6.5,90,1,0,0,1,0,0,0,3,10
2367585,Sarr (Pape),Pape Sarr,Midfielder,TOT,5.0,76,0,0,0,1,0,0,0,0,2
2367585,Destiny Udogie,Iyenoma Destiny Udogie,Defender,TOT,4.5,90,0,0,0,1,0,0,0,0,2
2367585,van de Ven,Micky van de Ven,Defender,TOT,4.5,89,0,0,0,1,0,1,0,0,1
2367586,Walker,Kyle Walker,Defender,MCI,4.5,90,0,0,0,1,0,0,0,0,2
2367586,Ederson,Ederson Santana de Moraes,Goalkeeper,MCI,5.5,90,0,0,0,1,0,0,0,0,2
2367586,Aké,Nathan Aké,Defender,MCI,5.5,2,0,0,0,0,0,0,0,0,1
2367586,Bernardo Silva,Bernardo Mota Veiga de Carvalho e Silva,Midfielder,MCI,6.5,90,1,1,0,1,0,0,0,3,13
2367586,Rúben Dias,Rúben Santos Gato Alves Dias,Defender,MCI,5.5,90,0,0,0,1,0,0,0,0,2
2367586,Foden,Phil Foden,Midfielder,MCI,8.0,66,0,0,0,1,0,0,0,0,2
2367586,Akanji,Manuel Akanji,Defender,MCI,5.5,90,0,0,0,1,0,0,0,0,2
2367586,Rodri,Rodrigo Hernández Cascante,Midfielder,MCI,6.5,90,0,0,0,1,0,1,0,0,1
2367586,Haaland,Erling Haaland,Forward,MCI,14.0,90,1,0,0,1,0,0,0,0,6
2367586,Doku,Jéremy Doku,Midfielder,MCI,6.5,88,1,0,0,1,0,0,0,2,9
2367586,Gómez,Sergio Gómez,Defender,MCI,3.8,7,0,0,0,0,0,0,0,0,1
2367586,Álvarez (Julián),Julián Álvarez,Forward,MCI,7.0,90,0,2,0,1,0,0,0,1,9
2367586,Matheus Nunes,Matheus Luiz Nunes,Midfielder,MCI,5.5,29,0,0,0,0,0,0,0,0,1
2367586,Lewis (Rico),Rico Lewis,Defender,MCI,5.0,3,0,0,0,0,0,0,0,0,1
2367586,Gvardiol,Joško Gvardiol,Defender,MCI,6.0,90,0,0,0,1,0,1,0,0,1
2367586,Bobb,Oscar Bobb,Midfielder,MCI,5.5,2,0,0,0,0,0,0,0,0,1
2367586,Antonio,Michail Antonio,Forward,WHU,5.2,66,0,0,0,1,0,0,0,0,2
2367586,Areola,Alphonse Areola,Goalkeeper,WHU,4.5,90,0,0,0,3,0,0,0,0,4
2367586,Ings,Danny Ings,Forward,WHU,4.8,10,0,0,0,0,0,0,0,0,1
2367586,Ward-Prowse,James Ward-Prowse,Midfielder,WHU,6.0,90,1,0,0,3,0,0,0,0,7
2367586,Zouma,Kurt Zouma,Defender,WHU,4.4,90,0,0,0,3,0,0,0,0,1
2367586,Emerson,Emerson Palmieri dos Santos,Defender,WHU,4.5,90,0,0,0,3,0,0,0,0,1
2367586,Coufal,Vladimir Coufal,Defender,WHU,4.1,86,0,1,0,3,0,0,0,0,4
2367586,Benrahma,Said Benrahma,Midfielder,WHU,5.6,28,0,0,0,2,0,0,0,0,1
2367586,Bowen,Jarrod Bowen,Midfielder,WHU,8.0,90,0,0,0,3,0,0,0,0,2
2367586,Kehrer,Thilo Kehrer,Defender,WHU,4.2,10,0,0,0,0,0,0,0,0,1
2367586,Aguerd,Nayef Aguerd,Defender,WHU,4.5,90,0,0,0,3,0,0,0,0,1
2367586,Álvarez (Edson),Edson Álvarez,Midfielder,WHU,5.0,67,0,0,0,1,0,1,0,0,1
2367586,Soucek,Tomas Soucek,Midfielder,WHU,6.0,86,0,0,0,3,0,1,0,0,1
2367586,Lucas Paquetá,Lucas Tolentino Coelho de Lima,Midfielder,WHU,6.0,90,0,0,0,3,0,1,0,0,1
2367586,Kudus,Mohammed Kudus,Midfielder,WHU,6.5,29,0,0,0,2,0,0,0,0,1
2367587,Matip,Joel Matip,Defender,LIV,4.8,90,0,0,0,1,0,0,0,0,2
2367587,Alisson,Alisson Ramses Becker,Goalkeeper,LIV,5.5,90,0,0,0,1,0,0,0,0,2
2367587,Salah,Mohamed Salah,Midfielder,LIV,14.5,89,0,2,0,1,0,0,0,2,10
2367587,Robertson (Andrew),Andrew Robertson,Defender,LIV,6.0,90,1,0,0,1,0,0,0,3,11
2367587,Gomez,Joseph Gomez,Defender,LIV,5.0,90,0,0,0,1,0,0,0,0,2
2367587,Diogo Jota,Diogo José Teixeira da Silva,Midfielder,LIV,7.2,55,0,0,0,1,0,0,0,0,1
2367587,Konaté,Ibrahima Konaté,Defender,LIV,5.5,18,0,0,0,0,0,0,0,0,1
2367587,Jones (Curtis),Curtis Jones,Midfielder,LIV,5.5,90,0,0,0,1,0,1,0,0,1
2367587,Mac Allister,Alexis Mac Allister,Midfielder,LIV,6.5,45,0,0,0,1,0,1,0,0,0
2367587,Gakpo,Cody Gakpo,Forward,LIV,7.5,55,1,0,0,1,0,0,0,1,6
2367587,Díaz,Luis Díaz,Midfielder,LIV,8.0,45,0,0,0,0,0,0,0,0,1
2367587,Szoboszlai,Dominik Szoboszlai,Midfielder,LIV,6.5,90,0,0,0,1,0,0,0,0,2
2367587,Gravenberch,Ryan Gravenberch,Midfielder,LIV,5.5,9,0,0,0,0,0,0,0,0,1
2367587,Quansah,Jarell Quansah,Defender,LIV,3.9,79,0,0,0,1,0,0,0,0,2
2367587,Elliott,Harvey Elliott,Midfielder,LIV,5.5,42,0,1,0,0,0,1,0,0,3
2367587,Núñez,Darwin Núñez,Forward,LIV,6.5,42,0,0,0,0,0,0,0,0,1
2367587,Dawson,Craig Dawson,Defender,WOL,4.2,90,0,0,0,3,0,0,0,0,1
2367587,Doherty,Matt Doherty,Defender,WOL,4.5,37,0,0,0,2,0,0,0,0,0
2367587,José Sá,José Pedro Malheiro de Sá,Goalkeeper,WOL,4.5,90,0,0,0,3,0,0,0,0,2
2367587,Lemina (Mario),Mario Lemina,Midfielder,WOL,4.8,76,0,0,0,1,0,0,0,0,2
2367587,Hwang Hee-Chan,Hee-Chan Hwang,Midfielder,WOL,6.0,60,1,0,0,1,0,0,0,0,6
2367587,Semedo,Nelson Semedo,Defender,WOL,4.5,90,0,0,0,3,0,1,0,0,0
2367587,Kilman,Max Kilman,Defender,WOL,4.5,90,0,0,0,3,0,0,0,0,1
2367587,Doyle,Tommy Doyle,Midfielder,WOL,4.7,22,0,0,0,2,0,0,0,0,1
2367587,Bellegarde,Jean-Ricner Bellegarde,Midfielder,WOL,5.5,75,0,0,0,1,0,0,0,0,2
2367587,Neto,Pedro Neto,Midfielder,WOL,7.0,90,0,1,0,3,0,0,0,0,5
2367587,Matheus Cunha,Matheus Santos Carneiro Da Cunha,Forward,WOL,8.0,60,0,0,0,1,0,0,0,0,2
2367587,João Gomes,João Victor Gomes da Silva,Midfielder,WOL,5.5,90,0,0,0,3,0,0,0,0,2
2367587,Ait Nouri,Rayan Ait Nouri,Defender,WOL,6.0,64,0,0,0,1,0,0,0,0,2
2367587,Fabio Silva,Fabio Daniel Soares Silva,Forward,WOL,5.0,37,0,0,0,2,0,0,0,0,1
2367587,Traoré (Boubacar),Boubacar Traoré,Midfielder,WOL,5.0,21,0,0,0,2,0,0,0,0,1
2367587,Bueno (Hugo),Hugo Bueno,Defender,WOL,4.5,34,0,0,0,2,1,0,0,0,0
2367588,Jorginho,Jorge Luiz Frello Filho,Midfielder,ARS,4.6,45,0,0,0,1,0,0,0,0,1
2367588,Raya Martin,David Raya Martin,Goalkeeper,ARS,5.5,90,0,0,0,2,0,0,0,0,2
2367588,Odegaard,Martin Odegaard,Midfielder,ARS,8.0,90,0,0,0,2,0,1,0,0,1
2367588,White (Ben),Ben White,Defender,ARS,5.5,90,0,1,0,2,0,0,0,0,4
2367588,Nelson (Reiss),Reiss Nelson,Midfielder,ARS,5.0,23,0,0,0,0,0,0,0,0,1
2367588,Rice,Declan Rice,Midfielder,ARS,6.5,45,0,0,0,1,0,0,0,0,1
2367588,Eddie Nketiah,Edward Nketiah,Forward,ARS,5.5,90,0,0,0,2,0,1,0,0,1
2367588,Jesus,Gabriel Fernando de Jesus,Forward,ARS,6.5,71,0,0,0,2,0,0,0,0,2
2367588,Zinchenko,Oleksandr Zinchenko,Defender,ARS,5.0,90,0,0,0,2,0,0,0,0,1
2367588,Smith-Rowe,Emile Smith-Rowe,Midfielder,ARS,6.0,4,0,0,0,0,0,0,0,0,1
2367588,Havertz,Kai Havertz,Midfielder,ARS,7.5,45,0,0,0,1,0,1,0,0,0
2367588,Saka,Bukayo Saka,Midfielder,ARS,10.0,90,1,1,0,2,0,0,0,3,13
2367588,Gabriel Magalhães,Gabriel dos Santos Magalhães,Defender,ARS,6.0,90,0,0,0,2,0,0,0,0,1
2367588,Fábio Vieira,Fábio Daniel Vieira,Midfielder,ARS,5.5,45,0,0,0,1,0,0,0,0,1
2367588,Saliba,William Saliba,Defender,ARS,6.0,90,0,0,0,2,0,0,0,0,1
2367588,Son,Heung-Min Son,Midfielder,TOT,8.5,72,2,0,0,2,0,0,0,2,14
2367588,Højbjerg,Pierre-Emile Højbjerg,Midfielder,TOT,5.0,22,0,0,0,0,0,0,0,0,1
2367588,Maddison,James Maddison,Midfielder,TOT,7.0,72,0,2,0,2,0,0,0,1,9
2367588,Vicario,Guglielmo Vicario,Goalkeeper,TOT,5.0,90,0,0,0,2,0,0,0,0,2
2367588,Richarlison,Richarlison de Andrade,Midfielder,TOT,6.5,22,0,0,0,0,0,0,0,0,1
2367588,Romero,Cristian Romero,Defender,TOT,5.0,90,0,0,0,2,1,1,0,0,0
2367588,Bissouma,Yves Bissouma,Midfielder,TOT,5.5,90,0,0,0,2,0,1,0,0,1
2367588,Solomon,Manor Solomon,Midfielder,TOT,5.5,36,0,0,0,0,0,0,0,0,1
2367588,Johnson (Brennan),Brennan Johnson,Midfielder,TOT,7.0,58,0,0,0,2,0,0,0,0,2
2367588,Porro,Pedro Porro,Defender,TOT,5.5,90,0,0,0,2,0,0,0,0,1
2367588,Kulusevski,Dejan Kulusevski,Midfielder,TOT,6.5,90,0,0,0,2,0,0,0,0,2
2367588,Sarr (Pape),Pape Sarr,Midfielder,TOT,5.0,90,0,0,0,2,0,1,0,0,1
2367588,Destiny Udogie,Iyenoma Destiny Udogie,Defender,TOT,4.5,90,0,0,0,2,0,1,0,0,0
2367588,van de Ven,Micky van de Ven,Defender,TOT,4.5,90,0,0,0,2,0,0,0,0,1
2367589,Flekken,Mark Flekken,Goalkeeper,BRE,4.5,90,0,0,0,3,0,0,0,0,2
2367589,Norgaard,Christian Norgaard,Midfielder,BRE,5.5,90,0,0,0,3,0,0,0,0,2
2367589,Ajer,Kristoffer Ajer,Defender,BRE,4.5,35,0,0,0,2,0,0,0,0,0
2367589,Janelt,Vitaly Janelt,Midfielder,BRE,5.0,60,0,1,0,1,0,0,0,0,5
2367589,Ghoddos,Saman Ghoddos,Midfielder,BRE,4.5,24,0,0,0,0,0,1,0,0,0
2367589,Jensen,Mathias Jensen,Midfielder,BRE,5.0,90,1,0,0,3,0,0,0,2,9
2367589,Wissa,Yoane Wissa,Forward,BRE,7.5,90,0,0,0,3,0,0,0,0,2
2367589,Roerslev,Mads Roerslev,Defender,BRE,4.5,60,0,0,0,1,0,0,0,0,2
2367589,Pinnock,Ethan Pinnock,Defender,BRE,4.5,90,0,0,0,3,0,0,0,0,1
2367589,Lewis-Potter,Keane Lewis-Potter,Midfielder,BRE,5.0,87,0,0,0,3,0,0,0,0,2
2367589,Onyeka,Frank Onyeka,Midfielder,BRE,5.0,35,0,0,0,2,0,0,0,0,1
2367589,Collins,Nathan Collins,Defender,BRE,5.0,90,0,0,0,3,0,0,0,0,1
2367589,Mbeumo,Bryan Mbeumo,Midfielder,BRE,8.0,90,0,0,0,3,0,1,0,0,1
2367589,Hickey,Aaron Hickey,Defender,BRE,4.0,71,0,0,0,3,0,0,0,0,1
2367589,Olakigbe,Michael Olakigbe,Midfielder,BRE,4.5,8,0,0,0,0,0,0,0,0,1
2367589,Tarkowski,James Tarkowski,Defender,EVE,5.5,90,1,1,0,1,0,0,0,3,14
2367589,Young (Ashley),Ashley Young,Defender,EVE,4.2,90,0,0,0,1,0,1,0,0,1
2367589,Gueye,Idrissa Gueye,Midfielder,EVE,5.5,90,0,0,0,1,0,0,0,0,2
2367589,Pickford,Jordan Pickford,Goalkeeper,EVE,5.5,90,0,0,0,1,0,0,0,0,2
2367589,Doucouré,Abdoulaye Doucouré,Midfielder,EVE,5.1,90,1,0,0,1,0,0,0,0,7
2367589,Calvert-Lewin,Dominic Calvert-Lewin,Forward,EVE,5.4,33,1,0,0,0,0,0,0,0,5
2367589,Danjuma Groeneveld,Arnaut Danjuma Groeneveld,Midfielder,EVE,5.2,19,0,0,0,0,0,0,0,0,1
2367589,Mykolenko,Vitaliy Mykolenko,Defender,EVE,5.0,90,0,0,0,1,0,0,0,0,2
2367589,Garner,James Garner,Midfielder,EVE,5.0,90,0,1,0,1,0,0,0,2,7
2367589,McNeil,Dwight McNeil,Midfielder,EVE,6.0,90,0,1,0,1,0,0,0,0,5
2367589,Mvom Onana,Amadou Mvom Onana,Midfielder,EVE,5.0,75,0,0,0,1,0,0,0,0,2
2367589,Branthwaite,Jarrad Branthwaite,Defender,EVE,5.5,90,0,0,0,1,0,1,0,0,1
2367589,Beto,Norberto Bercique Gomes Betuncal,Forward,EVE,5.5,62,0,0,0,1,0,0,0,0,2
2367590,Neto,Norberto Murara Neto,Goalkeeper,BOU,4.5,90,0,0,0,3,0,0,0,0,1
2367590,Brooks (David),David Brooks,Midfielder,BOU,5.0,14,0,0,0,0,0,1,0,0,0
2367590,Solanke,Dominic Solanke,Forward,BOU,7.5,90,1,0,0,3,0,0,0,0,6
2367590,Cook (Lewis),Lewis Cook,Midfielder,BOU,5.0,90,0,0,0,3,0,0,0,0,2
2367590,Christie,Ryan Christie,Midfielder,BOU,5.0,81,0,1,0,3,0,0,0,0,5
2367590,Billing,Philip Billing,Midfielder,BOU,5.0,81,0,0,0,3,0,0,0,0,2
2367590,Tavernier,Marcus Tavernier,Midfielder,BOU,5.5,63,0,0,0,2,0,0,0,0,2
2367590,Senesi,Marcos Senesi,Defender,BOU,4.5,13,0,0,0,0,0,1,0,0,0
2367590,Kluivert,Justin Kluivert,Midfielder,BOU,7.0,63,0,0,0,2,0,0,0,0,2
2367590,Aarons,Maximillian Aarons,Defender,BOU,4.3,90,0,0,0,3,0,0,0,0,1
2367590,Kelly (Lloyd),Lloyd Kelly,Defender,BOU,4.2,81,0,0,0,3,0,0,0,0,1
2367590,Traore (Hamed),Hamed Traore,Midfielder,BOU,4.5,13,0,0,0,0,0,0,0,0,1
2367590,Semenyo,Antoine Semenyo,Forward,BOU,7.0,31,0,0,0,1,0,0,0,0,1
2367590,Zabarnyi,Illia Zabarnyi,Defender,BOU,5.0,90,0,0,0,3,0,1,0,0,0
2367590,Dango Ouattara,Dango Ouattara,Midfielder,BOU,6.0,31,0,0,0,1,0,0,0,0,1
2367590,Kerkez,Milos Kerkez,Defender,BOU,6.0,90,0,0,0,3,1,0,0,0,0
2367590,Welbeck,Danny Welbeck,Forward,BHA,6.5,63,0,0,0,1,0,0,0,0,2
2367590,Dunk,Lewis Dunk,Defender,BHA,4.5,90,0,0,0,1,0,1,0,0,1
2367590,Webster,Adam Webster,Defender,BHA,4.5,90,0,0,0,1,0,0,0,0,2
2367590,Veltman,Joël Veltman,Defender,BHA,4.5,90,0,0,0,1,0,1,0,0,1
2367590,Dahoud,Mahmoud Dahoud,Midfielder,BHA,4.9,73,0,1,0,1,0,0,0,0,5
2367590,Estupiñán,Pervis Estupiñán,Defender,BHA,4.5,90,0,1,0,1,0,0,0,1,6
2367590,Lamptey,Tariq Lamptey,Defender,BHA,4.5,9,0,0,0,0,0,0,0,0,1
2367590,Gilmour,Billy Gilmour,Midfielder,BHA,5.0,90,0,1,0,1,0,1,0,2,6
2367590,Mitoma,Kaoru Mitoma,Midfielder,BHA,6.5,45,2,0,0,0,0,0,0,3,14
2367590,Ansu Fati,Anssumane Fati,Midfielder,BHA,6.4,45,0,0,0,0,0,0,0,0,1
2367590,João Pedro,João Pedro Junqueira de Jesus,Forward,BHA,7.5,31,0,0,0,0,0,0,0,0,1
2367590,Ferguson (Evan),Evan Ferguson,Forward,BHA,5.5,45,0,0,0,1,0,0,0,0,1
2367590,Verbruggen,Bart Verbruggen,Goalkeeper,BHA,4.5,90,0,0,0,1,0,0,0,0,2
2367590,Baleba,Carlos Baleba,Midfielder,BHA,5.0,21,0,0,0,0,0,0,0,0,1
2367590,Adingra,Simon Adingra,Midfielder,BHA,5.5,85,0,0,0,1,0,0,0,0,2
2367590,Buonanotte,Facundo Buonanotte,Midfielder,BHA,5.0,45,0,0,0,1,0,0,0,0,1
2367591,Rodriguez,Jay Rodriguez,Forward,BUR,5.3,21,0,0,0,0,0,0,0,0,1
2367591,Gudmundsson,Johann Berg Gudmundsson,Midfielder,BUR,4.8,20,0,0,0,0,0,0,0,0,1
2367591,Taylor (Charlie),Charlie Taylor,Defender,BUR,3.9,90,0,0,0,1,0,0,0,0,2
2367591,Cullen,Josh Cullen,Midfielder,BUR,5.0,90,0,0,0,1,0,0,0,0,2
2367591,Brownhill,Josh Brownhill,Midfielder,BUR,4.7,85,0,0,0,1,0,0,0,0,2
2367591,Bruun Larsen,Jacob Bruun Larsen,Midfielder,BUR,5.5,21,0,0,0,0,0,0,0,0,1
2367591,Manuel,Benson Manuel,Midfielder,BUR,5.5,9,0,0,0,0,0,0,0,0,1
2367591,Roberts (Connor),Connor Roberts,Defender,BUR,4.5,90,0,0,0,1,0,0,0,0,2
2367591,Berge,Sander Berge,Midfielder,BUR,5.0,21,0,0,0,0,0,0,0,0,1
2367591,Beyer,Jordan Beyer,Defender,BUR,4.0,90,0,0,0,1,0,1,0,0,1
2367591,Trafford,James Trafford,Goalkeeper,BUR,5.0,90,0,0,0,1,0,0,0,0,3
2367591,Trésor,Mike Trésor,Midfielder,BUR,4.5,73,0,0,0,1,0,0,0,0,2
2367591,Ramsey (Aaron),Aaron Ramsey,Midfielder,BUR,4.5,73,0,0,0,1,0,0,0,0,2
2367591,Koleosho,Luca Koleosho,Midfielder,BUR,5.0,73,0,0,0,1,0,0,0,0,2
2367591,Al Dakhil,Ameen Al Dakhil,Defender,BUR,3.8,90,0,0,0,1,0,0,0,0,2
2367591,Amdouni,Zeki Amdouni,Forward,BUR,5.0,73,0,0,0,1,0,0,0,0,2
2367591,Evans,Jonny Evans,Defender,MUN,4.4,87,0,1,1,0,0,0,0,3,12
2367591,Casemiro,Carlos Henrique Jose Francisco Venancio,Midfielder,MUN,5.5,90,0,0,1,0,0,0,0,0,3
2367591,Varane,Raphael Varane,Defender,MUN,4.9,16,0,0,0,0,0,0,0,0,1
2367591,Bruno Fernandes,Bruno Miguel Borges Fernandes,Midfielder,MUN,9.0,90,1,0,1,0,0,0,0,2,10
2367591,Amrabat,Sofyan Amrabat,Midfielder,MUN,5.0,6,0,0,0,0,0,0,0,0,1
2367591,Rashford,Marcus Rashford,Midfielder,MUN,7.0,90,0,0,1,0,0,0,0,0,3
2367591,Lindelof,Victor Nilsson-Lindelof,Defender,MUN,4.3,90,0,0,1,0,0,0,0,0,6
2367591,McTominay,Scott McTominay,Midfielder,MUN,4.9,90,0,0,1,0,0,0,0,0,3
2367591,Reguilón,Sergio Reguilón,Defender,MUN,4.1,78,0,0,1,0,0,1,0,0,5
2367591,Onana,André Onana,Goalkeeper,MUN,5.0,90,0,0,1,0,0,0,0,0,7
2367591,Dalot,José Diogo Dalot Teixeira,Defender,MUN,4.5,90,0,0,1,0,0,1,0,1,6
2367591,Mejbri,Hannibal Mejbri,Midfielder,MUN,5.0,90,0,0,1,0,0,0,0,0,3
2367591,Højlund,Rasmus Højlund,Forward,MUN,6.5,90,0,0,1,0,0,0,0,0,2
2367592,Martinez,Emiliano Martinez,Goalkeeper,AVL,5.0,90,0,0,1,0,0,1,0,0,6
2367592,Digne,Lucas Digne,Defender,AVL,4.5,90,0,0,1,0,0,1,0,0,5
2367592,McGinn,John McGinn,Midfielder,AVL,5.5,72,0,0,1,0,0,0,0,0,3
2367592,Dendoncker,Leander Dendoncker,Midfielder,AVL,4.5,12,0,0,0,0,0,0,0,0,1
2367592,Tielemans,Youri Tielemans,Midfielder,AVL,6.0,22,0,0,0,0,0,0,0,0,1
2367592,Watkins,Ollie Watkins,Forward,AVL,9.0,86,1,0,1,0,0,0,0,3,9
2367592,Cash,Matthew Cash,Defender,AVL,4.5,90,0,0,1,0,0,0,0,0,6
2367592,Konsa Ngoyo,Ezri Konsa Ngoyo,Defender,AVL,4.5,90,0,0,1,0,0,0,0,1,7
2367592,Bailey,Leon Bailey,Midfielder,AVL,5.5,26,0,0,0,0,0,0,0,0,1
2367592,Kamara,Boubacar Kamara,Midfielder,AVL,5.0,86,0,0,1,0,0,0,0,0,3
2367592,Douglas Luiz,Douglas Luiz Soares de Paulo,Midfielder,AVL,5.4,90,0,0,1,0,0,1,0,0,2
2367592,Ramsey (Jacob),Jacob Ramsey,Midfielder,AVL,5.5,26,0,0,0,0,0,0,0,0,1
2367592,Diaby,Moussa Diaby,Midfielder,AVL,6.5,76,0,0,1,0,0,0,0,0,3
2367592,Torres,Pau Torres,Defender,AVL,4.5,90,0,0,1,0,0,0,0,2,8
2367592,Zaniolo,Nicolò Zaniolo,Midfielder,AVL,5.4,72,0,0,1,0,0,0,0,0,3
2367592,Durán,Jhon Durán,Forward,AVL,5.7,12,0,0,0,0,0,0,0,0,1
2367592,Thiago Silva,Thiago Emiliano da Silva,Defender,CHE,5.0,90,0,0,0,1,0,0,0,0,2
2367592,Sterling (Raheem),Raheem Sterling,Midfielder,CHE,6.7,90,0,0,0,1,0,0,0,0,2
2367592,Chilwell,Benjamin Chilwell,Defender,CHE,4.6,40,0,0,0,1,0,1,0,0,0
2367592,Sanchez,Robert Sanchez,Goalkeeper,CHE,5.0,90,0,0,0,1,0,0,0,0,4
2367592,Disasi,Axel Disasi,Defender,CHE,4.2,90,0,0,0,1,0,0,0,0,2
2367592,Gallagher,Conor Gallagher,Midfielder,CHE,5.9,90,0,0,0,1,0,0,0,0,2
2367592,Palmer,Cole Palmer,Midfielder,CHE,10.5,33,0,0,0,1,0,0,0,0,1
2367592,Broja,Armando Broja,Forward,CHE,5.3,24,0,0,0,0,0,0,0,0,1
2367592,Fernández (Enzo),Enzo Fernández,Midfielder,CHE,6.5,65,0,0,1,0,0,0,0,0,3
2367592,Colwill,Levi Colwill,Defender,CHE,5.0,90,0,0,0,1,0,0,0,0,2
2367592,Mudryk,Mykhailo Mudryk,Midfielder,CHE,5.0,58,0,0,1,0,0,0,0,0,3
2367592,Gusto,Malo Gusto,Defender,CHE,5.0,55,0,0,0,0,0,0,1,0,0
2367592,Moises Caicedo,Moises Caicedo,Midfielder,CHE,5.5,75,0,0,0,1,0,0,0,0,2
2367592,Ugochukwu,Lesley Ugochukwu,Midfielder,CHE,4.4,33,0,0,0,1,0,0,0,0,1
2367592,Jackson (Nicolas),Nicolas Jackson,Forward,CHE,6.5,65,0,0,1,0,0,1,0,0,1
2367593,Ward,Joel Ward,Defender,CRY,4.3,90,0,0,1,0,0,0,0,0,6
2367593,Ayew (Jordan),Jordan Ayew,Midfielder,CRY,5.1,90,0,0,1,0,0,1,0,0,2
2367593,Schlupp,Jeffrey Schlupp,Midfielder,CRY,4.6,68,0,0,1,0,0,0,0,0,3
2367593,Johnstone,Sam Johnstone,Goalkeeper,CRY,4.5,90,0,0,1,0,0,0,0,1,8
2367593,Hughes,Will Hughes,Midfielder,CRY,5.0,90,0,0,1,0,0,0,0,0,3
2367593,Andersen (Joachim),Joachim Andersen,Defender,CRY,4.5,90,0,0,1,0,0,0,0,0,6
2367593,Edouard,Odsonne Edouard,Forward,CRY,5.0,88,0,0,1,0,0,0,0,0,2
2367593,Marc Guehi,Addji Keaninkin Marc-Israel Guehi,Defender,CRY,4.5,90,0,0,1,0,0,0,0,2,8
2367593,Mateta,Jean-Philippe Mateta,Forward,CRY,7.5,24,0,0,0,0,0,0,0,0,1
2367593,Eze,Eberechi Eze,Midfielder,CRY,7.5,90,0,0,1,0,0,0,0,0,3
2367593,Mitchell,Tyrick Mitchell,Defender,CRY,5.0,90,0,0,1,0,0,1,0,0,5
2367593,Doucoure,Cheick Oumar Doucoure,Midfielder,CRY,5.0,90,0,0,1,0,0,1,0,0,2
2367593,Rak-Sakyi,Jesurun Rak-Sakyi,Midfielder,CRY,4.5,4,0,0,0,0,0,0,0,0,1
2367593,Willian,Willian Borges Da Silva,Midfielder,FUL,5.0,90,0,0,1,0,0,0,0,0,3
2367593,Leno,Bernd Leno,Goalkeeper,FUL,5.0,90,0,0,1,0,0,0,0,3,10
2367593,Ream,Tim Ream,Defender,FUL,4.5,90,0,0,1,0,0,1,0,0,5
2367593,DeCordova-Reid,Bobby DeCordova-Reid,Midfielder,FUL,5.2,77,0,0,1,0,0,0,0,0,3
2367593,Raúl Jiménez,Raul Alonso Jimenez Rodriguez,Forward,FUL,6.5,77,0,0,1,0,0,0,0,0,2
2367593,Iwobi,Alex Iwobi,Midfielder,FUL,6.5,19,0,0,0,0,0,0,0,0,1
2367593,Reed,Harrison Reed,Midfielder,FUL,4.5,90,0,0,1,0,0,0,0,0,3
2367593,Wilson (Harry),Harry Wilson,Midfielder,FUL,5.5,15,0,0,0,0,0,0,0,0,1
2367593,João Palhinha,João Maria Lobo Alves Palhinha Gonçalves,Midfielder,FUL,5.9,90,0,0,1,0,0,1,0,0,2
2367593,Pereira (Andreas),Andreas Pereira,Midfielder,FUL,5.5,73,0,0,1,0,0,0,0,0,3
2367593,Castagne,Timothy Castagne,Defender,FUL,4.5,90,0,0,1,0,0,0,0,0,6
2367593,Robinson (Antonee),Antonee Robinson,Defender,FUL,5.0,90,0,0,1,0,0,0,0,1,7
2367593,Diop,Issa Diop,Defender,FUL,4.5,90,0,0,1,0,0,0,0,0,6
2367593,Carlos Vinicius,Carlos Vinicius Alves Morais,Forward,FUL,5.0,15,0,0,0,0,0,0,0,0,1
2367594,Matip,Joel Matip,Defender,LIV,4.8,90,0,0,0,1,0,0,0,0,2
2367594,van Dijk,Virgil van Dijk,Defender,LIV,6.0,90,0,1,0,1,0,0,0,2,7
2367594,Alisson,Alisson Ramses Becker,Goalkeeper,LIV,5.5,90,0,0,0,1,0,0,0,0,3
2367594,Salah,Mohamed Salah,Midfielder,LIV,14.5,90,1,0,0,1,0,0,0,3,10
2367594,Robertson (Andrew),Andrew Robertson,Defender,LIV,6.0,90,0,0,0,1,0,0,0,0,2
2367594,Endo,Wataru Endo,Midfielder,LIV,5.0,8,0,0,0,0,0,0,0,0,1
2367594,Gomez,Joseph Gomez,Defender,LIV,5.0,90,0,0,0,1,0,0,0,0,2
2367594,Diogo Jota,Diogo José Teixeira da Silva,Midfielder,LIV,7.2,15,1,0,0,0,0,0,0,0,6
2367594,Jones (Curtis),Curtis Jones,Midfielder,LIV,5.5,76,0,0,0,1,0,0,0,0,2
2367594,Mac Allister,Alexis Mac Allister,Midfielder,LIV,6.5,87,0,1,0,1,0,0,0,1,6
2367594,Gakpo,Cody Gakpo,Forward,LIV,7.5,15,0,0,0,0,0,0,0,0,1
2367594,Díaz,Luis Díaz,Midfielder,LIV,8.0,80,0,0,0,1,0,0,0,0,2
2367594,Szoboszlai,Dominik Szoboszlai,Midfielder,LIV,6.5,90,0,0,0,1,0,0,0,0,2
2367594,Gravenberch,Ryan Gravenberch,Midfielder,LIV,5.5,19,0,0,0,0,0,0,0,0,1
2367594,Núñez,Darwin Núñez,Forward,LIV,6.5,80,1,0,0,1,0,0,0,0,6
2367594,Antonio,Michail Antonio,Forward,WHU,5.2,74,0,0,0,2,0,0,0,0,2
2367594,Areola,Alphonse Areola,Goalkeeper,WHU,4.5,90,0,0,0,3,0,0,0,0,2
2367594,Ings,Danny Ings,Forward,WHU,4.8,9,0,0,0,0,0,0,0,0,1
2367594,Ward-Prowse,James Ward-Prowse,Midfielder,WHU,6.0,90,0,0,0,3,0,0,0,0,2
2367594,Zouma,Kurt Zouma,Defender,WHU,4.4,90,0,0,0,3,0,1,0,0,0
2367594,Emerson,Emerson Palmieri dos Santos,Defender,WHU,4.5,90,0,0,0,3,0,0,0,0,1
2367594,Coufal,Vladimir Coufal,Defender,WHU,4.1,90,0,1,0,3,0,0,0,0,4
2367594,Bowen,Jarrod Bowen,Midfielder,WHU,8.0,90,1,0,0,3,0,0,0,0,7
2367594,Aguerd,Nayef Aguerd,Defender,WHU,4.5,90,0,0,0,3,0,0,0,0,1
2367594,Álvarez (Edson),Edson Álvarez,Midfielder,WHU,5.0,90,0,0,0,3,0,1,0,0,1
2367594,Soucek,Tomas Soucek,Midfielder,WHU,6.0,74,0,0,0,2,0,0,0,0,2
2367594,Fornals,Pablo Fornals,Midfielder,WHU,4.6,21,0,0,0,1,0,0,0,0,1
2367594,Lucas Paquetá,Lucas Tolentino Coelho de Lima,Midfielder,WHU,6.0,86,0,0,0,3,0,0,0,1,3
2367594,Kudus,Mohammed Kudus,Midfielder,WHU,6.5,21,0,0,0,1,0,0,0,0,1
2367595,Kaminski,Thomas Kaminski,Goalkeeper,LUT,4.0,90,0,0,0,1,0,0,0,0,2
2367595,Woodrow,Cauley Woodrow,Forward,LUT,4.3,25,0,0,0,0,0,0,0,0,1
2367595,Ruddock Mpanzu,Pelly Ruddock Mpanzu,Midfielder,LUT,4.6,41,0,0,0,0,0,0,0,0,1
2367595,Lockyer,Tom Lockyer,Defender,LUT,4.2,90,0,0,0,1,0,0,0,1,3
2367595,Burke,Reece Burke,Defender,LUT,4.0,90,0,0,0,1,0,0,0,0,2
2367595,Morris,Carlton Morris,Forward,LUT,4.7,90,1,0,0,1,0,0,0,3,9
2367595,Bell,Amarii Bell,Defender,LUT,3.8,90,0,0,0,1,0,0,0,0,2
2367595,Adebayo,Elijah Adebayo,Forward,LUT,4.8,12,0,0,0,0,0,0,0,0,1
2367595,Nakamba,Marvelous Nakamba,Midfielder,LUT,4.3,90,0,0,0,1,0,0,0,0,2
2367595,Ogbene,Chiedozie Ogbene,Forward,LUT,4.8,90,0,0,0,1,0,0,0,0,2
2367595,Giles,Ryan John Giles,Defender,LUT,4.2,25,0,0,0,0,0,0,0,0,1
2367595,Brown,Jacob Brown,Forward,LUT,4.9,72,0,0,0,1,0,0,0,0,2
2367595,Doughty,Alfie Doughty,Defender,LUT,4.3,72,0,0,0,1,0,0,0,1,3
2367595,Sambi Lokonga,Albert Sambi Lokonga,Midfielder,LUT,4.5,56,0,0,0,1,0,0,0,0,1
2367595,Issa Kabore,Issa Kabore,Defender,LUT,4.5,85,0,1,0,1,0,0,0,0,5
2367595,Dawson,Craig Dawson,Defender,WOL,4.2,90,0,0,0,1,0,0,0,0,2
2367595,Doherty,Matt Doherty,Defender,WOL,4.5,45,0,0,0,1,0,0,0,0,1
2367595,José Sá,José Pedro Malheiro de Sá,Goalkeeper,WOL,4.5,90,0,0,0,1,0,0,0,0,3
2367595,Lemina (Mario),Mario Lemina,Midfielder,WOL,4.8,90,0,0,0,1,0,1,0,0,1
2367595,Hwang Hee-Chan,Hee-Chan Hwang,Midfielder,WOL,6.0,45,0,0,0,0,0,0,0,0,1
2367595,Semedo,Nelson Semedo,Defender,WOL,4.5,83,0,0,0,1,0,0,0,0,2
2367595,Kilman,Max Kilman,Defender,WOL,4.5,90,0,0,0,1,0,0,0,0,2
2367595,Doyle,Tommy Doyle,Midfielder,WOL,4.7,7,0,0,0,0,0,0,0,0,1
2367595,Bellegarde,Jean-Ricner Bellegarde,Midfielder,WOL,5.5,36,0,0,0,0,0,0,1,0,0
2367595,Neto,Pedro Neto,Midfielder,WOL,7.0,90,1,0,0,1,0,0,0,2,9
2367595,Matheus Cunha,Matheus Santos Carneiro Da Cunha,Forward,WOL,8.0,71,0,0,0,1,0,0,0,0,2
2367595,João Gomes,João Victor Gomes da Silva,Midfielder,WOL,5.5,90,0,1,0,1,0,1,0,0,4
2367595,Ait Nouri,Rayan Ait Nouri,Defender,WOL,6.0,45,0,0,0,0,0,0,0,0,1
2367595,Traoré (Boubacar),Boubacar Traoré,Midfielder,WOL,5.0,26,0,0,0,0,0,0,0,0,1
2367595,Bueno (Hugo),Hugo Bueno,Defender,WOL,4.5,14,0,0,0,0,0,0,0,0,1
2367595,Toti,Toti António Gomes,Defender,WOL,4.5,45,0,0,0,1,0,0,0,0,1
2367596,Walker,Kyle Walker,Defender,MCI,4.5,90,0,1,1,0,0,0,0,2,11
2367596,Grealish,Jack Grealish,Midfielder,MCI,6.5,10,0,0,0,0,0,1,0,0,0
2367596,Ederson,Ederson Santana de Moraes,Goalkeeper,MCI,5.5,90,0,0,1,0,0,1,0,0,6
2367596,Aké,Nathan Aké,Defender,MCI,5.5,39,0,0,0,0,0,0,0,0,1
2367596,Phillips (Kalvin),Kalvin Phillips,Midfielder,MCI,5.0,44,0,0,0,0,0,0,0,0,1
2367596,Rúben Dias,Rúben Santos Gato Alves Dias,Defender,MCI,5.5,90,0,0,1,0,0,0,0,0,6
2367596,Foden,Phil Foden,Midfielder,MCI,8.0,85,1,0,1,0,0,0,0,3,11
2367596,Akanji,Manuel Akanji,Defender,MCI,5.5,90,0,0,1,0,0,1,0,0,5
2367596,Rodri,Rodrigo Hernández Cascante,Midfielder,MCI,6.5,45,0,0,0,0,0,0,1,0,0
2367596,Haaland,Erling Haaland,Forward,MCI,14.0,90,1,0,1,0,0,0,0,0,6
2367596,Doku,Jéremy Doku,Midfielder,MCI,6.5,51,0,0,0,0,0,0,0,0,1
2367596,Álvarez (Julián),Julián Álvarez,Forward,MCI,7.0,56,0,0,0,0,0,0,0,0,1
2367596,Matheus Nunes,Matheus Luiz Nunes,Midfielder,MCI,5.5,90,0,1,1,0,0,0,0,0,6
2367596,Gvardiol,Joško Gvardiol,Defender,MCI,6.0,90,0,0,1,0,0,0,0,1,7
2367596,Wood,Chris Wood,Forward,NFO,7.5,22,0,0,0,0,0,0,0,0,1
2367596,Aurier,Serge Aurier,Defender,NFO,4.5,56,0,0,0,2,0,0,0,0,0
2367596,Boly,Willy Boly,Defender,NFO,4.0,90,0,0,0,2,0,0,0,0,1
2367596,Origi,Divock Origi,Forward,NFO,5.0,22,0,0,0,0,0,1,0,0,0
2367596,Aina,Ola Aina,Defender,NFO,5.0,75,0,0,0,2,0,0,0,0,1
2367596,Mangala,Orel Mangala,Midfielder,NFO,5.0,90,0,0,0,2,0,1,0,0,1
2367596,Niakhaté,Moussa Niakhaté,Defender,NFO,4.5,90,0,0,0,2,0,0,0,0,1
2367596,Hudson-Odoi,Callum Hudson-Odoi,Midfielder,NFO,6.0,41,0,0,0,0,0,0,0,0,1
2367596,Awoniyi,Taiwo Awoniyi,Forward,NFO,5.5,75,0,0,0,2,0,1,0,0,1
2367596,Sangaré,Ibrahim Sangaré,Midfielder,NFO,5.0,56,0,0,0,2,0,1,0,0,0
2367596,Montiel,Gonzalo Montiel,Defender,NFO,4.4,56,0,0,0,0,0,1,0,0,0
2367596,Gibbs-White,Morgan Gibbs-White,Midfielder,NFO,7.5,90,0,0,0,2,0,1,0,0,1
2367596,Turner,Matt Turner,Goalkeeper,NFO,4.0,90,0,0,0,2,0,0,0,0,1
2367596,Nicolás Domínguez,Nicolás Domínguez,Midfielder,NFO,5.0,90,0,0,0,2,0,0,0,0,2
2367596,Nuno Tavares,Nuno Tavares,Defender,NFO,4.0,36,0,0,0,2,0,1,0,0,0
2367596,Elanga,Anthony Elanga,Midfielder,NFO,7.0,41,0,0,0,0,0,0,0,0,1
2367597,Wilson (Callum),Callum Wilson,Forward,NEW,6.9,69,1,0,1,0,0,0,0,0,6
2367597,Trippier,Kieran Trippier,Defender,NEW,5.0,69,0,3,1,0,0,0,0,3,18
2367597,Burn,Dan Burn,Defender,NEW,5.0,90,1,0,1,0,0,0,0,0,12
2367597,Pope,Nick Pope,Goalkeeper,NEW,5.0,90,0,0,1,0,0,0,0,0,6
2367597,Schär,Fabian Schär,Defender,NEW,5.5,90,0,0,1,0,0,0,0,0,6
2367597,Almirón,Miguel Almirón,Midfielder,NEW,5.4,69,1,0,1,0,0,0,0,0,8
2367597,Longstaff (Sean),Sean Longstaff,Midfielder,NEW,5.0,90,1,1,1,0,0,0,0,0,11
2367597,Barnes (Harvey),Harvey Barnes,Midfielder,NEW,6.5,9,0,0,0,0,0,0,0,0,1
2367597,Bruno Guimarães,Bruno Guimarães Rodriguez Moura,Midfielder,NEW,6.5,81,1,1,1,0,0,0,0,2,13
2367597,Anderson,Elliot Anderson,Midfielder,NEW,5.5,90,0,1,1,0,0,0,0,0,6
2367597,Isak,Alexander Isak,Forward,NEW,10.5,27,1,0,0,0,0,0,0,0,5
2367597,Botman,Sven Botman,Defender,NEW,5.0,90,1,0,1,0,0,0,0,0,12
2367597,Gordon (Anthony),Anthony Gordon,Midfielder,NEW,7.5,85,1,1,1,0,0,0,0,1,12
2367597,Tonali,Sandro Tonali,Midfielder,NEW,5.5,27,0,0,0,0,0,0,0,0,1
2367597,Livramento,Valentino Livramento,Defender,NEW,5.0,27,0,0,0,0,0,0,0,0,1
2367597,Lewis Hall,Lewis Hall,Defender,NEW,5.5,15,0,0,0,0,0,0,0,0,1
2367597,Basham,Chris Basham,Defender,SHU,3.9,22,0,0,0,1,0,0,0,0,1
2367597,Norwood,Oliver Norwood,Midfielder,SHU,4.8,62,0,0,0,5,0,0,0,0,2
2367597,Foderingham,Wes Foderingham,Goalkeeper,SHU,4.0,90,0,0,0,8,0,0,0,0,0
2367597,Robinson (Jack),Jack Robinson,Defender,SHU,4.3,90,0,0,0,8,0,1,0,0,0
2367597,Egan,John Egan,Defender,SHU,4.2,90,0,0,0,8,0,1,0,0,0
2367597,Davies (Tom),Tom Davies,Midfielder,SHU,5.0,34,0,0,0,3,0,0,0,0,1
2367597,Hamer,Gustavo Hamer,Midfielder,SHU,4.9,65,0,0,0,5,0,0,0,0,2
2367597,Bogle,Jayden Bogle,Defender,SHU,4.5,45,0,0,0,3,0,0,0,0,0
2367597,Ahmedhodzic,Anel Ahmedhodzic,Defender,SHU,4.3,90,0,0,0,8,0,1,0,0,0
2367597,Thomas (Luke),Luke Thomas,Defender,SHU,3.9,90,0,0,0,8,0,0,0,0,0
2367597,Vinicius Souza,Vinicius de Souza Costa,Midfielder,SHU,5.0,90,0,0,0,8,0,0,0,0,2
2367597,Mcatee,James Mcatee,Midfielder,SHU,5.5,74,0,0,0,7,0,0,0,0,2
2367597,Archer,Cameron Archer,Forward,SHU,4.8,90,0,0,0,8,0,0,0,0,2
2367597,Ben Slimane,Anis Ben Slimane,Midfielder,SHU,4.7,31,0,0,0,3,0,1,0,0,0
2367597,Traoré (Bénie),Bénie Traoré,Forward,SHU,5.1,45,0,0,0,5,0,0,0,0,1
2367598,Jorginho,Jorge Luiz Frello Filho,Midfielder,ARS,4.6,17,0,0,0,0,0,0,0,0,1
2367598,Raya Martin,David Raya Martin,Goalkeeper,ARS,5.5,90,0,0,1,0,0,0,0,0,6
2367598,Odegaard,Martin Odegaard,Midfielder,ARS,8.0,90,1,2,1,0,0,0,0,3,17
2367598,White (Ben),Ben White,Defender,ARS,5.5,90,1,0,1,0,0,0,0,2,14
2367598,Nelson (Reiss),Reiss Nelson,Midfielder,ARS,5.0,25,0,0,0,0,0,0,0,0,1
2367598,Rice,Declan Rice,Midfielder,ARS,6.5,77,0,0,1,0,0,0,0,0,3
2367598,Eddie Nketiah,Edward Nketiah,Forward,ARS,5.5,69,0,1,1,0,0,0,0,0,5
2367598,Jesus,Gabriel Fernando de Jesus,Forward,ARS,6.5,90,0,1,1,0,0,0,0,0,5
2367598,Zinchenko,Oleksandr Zinchenko,Defender,ARS,5.0,68,0,0,1,0,0,0,0,0,6
2367598,Smith-Rowe,Emile Smith-Rowe,Midfielder,ARS,6.0,17,0,0,0,0,0,0,0,0,1
2367598,Havertz,Kai Havertz,Midfielder,ARS,7.5,77,1,0,1,0,0,1,0,0,7
2367598,Saka,Bukayo Saka,Midfielder,ARS,10.0,75,1,0,1,0,0,0,0,1,9
2367598,Tomiyasu,Takehiro Tomiyasu,Defender,ARS,4.8,25,0,0,0,0,0,0,0,0,1
2367598,Gabriel Magalhães,Gabriel dos Santos Magalhães,Defender,ARS,6.0,90,0,0,1,0,0,0,0,0,6
2367598,Fábio Vieira,Fábio Daniel Vieira,Midfielder,ARS,5.5,19,0,0,0,0,0,0,0,0,1
2367598,Saliba,William Saliba,Defender,ARS,6.0,90,0,0,1,0,0,0,0,0,6
2367598,Smith (Adam),Adam Smith,Defender,BOU,4.5,15,0,0,0,1,0,0,0,0,1
2367598,Neto,Norberto Murara Neto,Goalkeeper,BOU,4.5,90,0,0,0,4,0,0,0,0,1
2367598,Solanke,Dominic Solanke,Forward,BOU,7.5,90,0,0,0,4,0,0,0,0,2
2367598,Cook (Lewis),Lewis Cook,Midfielder,BOU,5.0,90,0,0,0,4,0,0,0,0,2
2367598,Rothwell,Joe Rothwell,Midfielder,BOU,4.8,19,0,0,0,1,0,0,0,0,1
2367598,Christie,Ryan Christie,Midfielder,BOU,5.0,79,0,0,0,3,0,0,0,0,2
2367598,Billing,Philip Billing,Midfielder,BOU,5.0,74,0,0,0,3,0,0,0,0,2
2367598,Tavernier,Marcus Tavernier,Midfielder,BOU,5.5,59,0,0,0,3,0,0,0,0,1
2367598,Senesi,Marcos Senesi,Defender,BOU,4.5,90,0,0,0,4,0,0,0,0,0
2367598,Kluivert,Justin Kluivert,Midfielder,BOU,7.0,59,0,0,0,3,0,0,0,0,1
2367598,Sinisterra,Luis Sinisterra,Midfielder,BOU,5.0,35,0,0,0,1,0,0,0,0,1
2367598,Aarons,Maximillian Aarons,Defender,BOU,4.3,90,0,0,0,4,0,0,0,0,0
2367598,Semenyo,Antoine Semenyo,Forward,BOU,7.0,15,0,0,0,1,0,0,0,0,1
2367598,Zabarnyi,Illia Zabarnyi,Defender,BOU,5.0,90,0,0,0,4,0,0,0,0,0
2367598,Dango Ouattara,Dango Ouattara,Midfielder,BOU,6.0,35,0,0,0,1,0,0,0,0,1
2367598,Kerkez,Milos Kerkez,Defender,BOU,6.0,79,0,0,0,3,0,0,0,0,1
2367599,Martinez,Emiliano Martinez,Goalkeeper,AVL,5.0,90,0,0,0,1,0,0,0,0,2
2367599,Digne,Lucas Digne,Defender,AVL,4.5,90,0,0,0,1,0,1,0,0,1
2367599,McGinn,John McGinn,Midfielder,AVL,5.5,90,0,1,0,1,0,0,0,0,5
2367599,Tielemans,Youri Tielemans,Midfielder,AVL,6.0,9,0,0,0,0,0,0,0,0,1
2367599,Watkins,Ollie Watkins,Forward,AVL,9.0,90,3,2,0,1,0,0,0,3,23
2367599,Cash,Matthew Cash,Defender,AVL,4.5,90,0,1,0,1,0,0,0,1,6
2367599,Konsa Ngoyo,Ezri Konsa Ngoyo,Defender,AVL,4.5,90,0,0,0,1,0,1,0,0,1
2367599,Kamara,Boubacar Kamara,Midfielder,AVL,5.0,88,0,0,0,1,0,0,0,0,2
2367599,Douglas Luiz,Douglas Luiz Soares de Paulo,Midfielder,AVL,5.4,90,1,0,0,1,0,1,0,2,8
2367599,Ramsey (Jacob),Jacob Ramsey,Midfielder,AVL,5.5,42,1,0,0,0,0,0,0,0,6
2367599,Diaby,Moussa Diaby,Midfielder,AVL,6.5,77,0,2,0,1,0,0,0,0,8
2367599,Torres,Pau Torres,Defender,AVL,4.5,90,0,0,0,1,0,0,0,0,2
2367599,Zaniolo,Nicolò Zaniolo,Midfielder,AVL,5.4,55,0,0,0,1,0,0,0,0,1
2367599,Durán,Jhon Durán,Forward,AVL,5.7,20,0,0,0,0,0,1,0,0,0
2367599,Steele,Jason Steele,Goalkeeper,BHA,4.5,90,0,0,0,6,0,0,0,0,0
2367599,Welbeck,Danny Welbeck,Forward,BHA,6.5,45,0,0,0,3,0,1,0,0,0
2367599,Dunk,Lewis Dunk,Defender,BHA,4.5,90,0,0,0,6,0,1,0,0,0
2367599,March,Solomon March,Midfielder,BHA,6.0,60,0,0,0,3,0,0,0,0,2
2367599,Webster,Adam Webster,Defender,BHA,4.5,90,0,0,0,6,0,0,0,0,0
2367599,Veltman,Joël Veltman,Defender,BHA,4.5,90,0,0,0,6,0,0,0,0,0
2367599,Estupiñán,Pervis Estupiñán,Defender,BHA,4.5,45,0,0,0,3,1,0,0,0,0
2367599,Lamptey,Tariq Lamptey,Defender,BHA,4.5,45,0,0,0,3,0,0,0,0,0
2367599,Gilmour,Billy Gilmour,Midfielder,BHA,5.0,90,0,0,0,6,0,0,0,0,2
2367599,Mitoma,Kaoru Mitoma,Midfielder,BHA,6.5,90,0,0,0,6,0,1,0,0,1
2367599,Ansu Fati,Anssumane Fati,Midfielder,BHA,6.4,45,1,0,0,3,0,1,0,0,5
2367599,João Pedro,João Pedro Junqueira de Jesus,Forward,BHA,7.5,45,0,1,0,3,0,0,0,0,4
2367599,Ferguson (Evan),Evan Ferguson,Forward,BHA,5.5,45,0,0,0,3,0,0,0,0,1
2367599,Hinshelwood,Jack Hinshelwood,Midfielder,BHA,5.5,84,0,0,0,5,0,0,0,0,2
2367599,Baleba,Carlos Baleba,Midfielder,BHA,5.0,12,0,0,0,1,0,0,0,0,1
2367599,Adingra,Simon Adingra,Midfielder,BHA,5.5,36,0,0,0,3,0,0,0,0,1
2367600,Tarkowski,James Tarkowski,Defender,EVE,5.5,90,0,0,0,2,0,0,0,0,1
2367600,Young (Ashley),Ashley Young,Defender,EVE,4.2,74,0,0,0,2,0,0,0,0,1
2367600,Gueye,Idrissa Gueye,Midfielder,EVE,5.5,45,0,0,0,2,0,0,0,0,1
2367600,Pickford,Jordan Pickford,Goalkeeper,EVE,5.5,90,0,0,0,2,0,0,0,0,1
2367600,Doucouré,Abdoulaye Doucouré,Midfielder,EVE,5.1,58,0,1,0,2,0,0,0,0,4
2367600,Calvert-Lewin,Dominic Calvert-Lewin,Forward,EVE,5.4,90,1,0,0,2,0,0,0,0,6
2367600,Danjuma Groeneveld,Arnaut Danjuma Groeneveld,Midfielder,EVE,5.2,14,0,0,0,0,0,0,0,0,1
2367600,Harrison (Jack),Jack Harrison,Midfielder,EVE,5.5,45,0,0,0,0,0,0,0,0,1
2367600,Mykolenko,Vitaliy Mykolenko,Defender,EVE,5.0,90,0,0,0,2,0,0,0,1,2
2367600,Garner,James Garner,Midfielder,EVE,5.0,90,0,0,0,2,0,0,0,0,2
2367600,Patterson (Nathan),Nathan Patterson,Defender,EVE,4.5,18,0,0,0,0,0,0,0,0,1
2367600,McNeil,Dwight McNeil,Midfielder,EVE,6.0,79,0,0,0,2,0,0,0,0,2
2367600,Mvom Onana,Amadou Mvom Onana,Midfielder,EVE,5.0,90,0,0,0,2,0,0,0,0,2
2367600,Branthwaite,Jarrad Branthwaite,Defender,EVE,5.5,90,0,0,0,2,0,0,0,0,1
2367600,Beto,Norberto Bercique Gomes Betuncal,Forward,EVE,5.5,34,0,0,0,0,0,0,0,0,1
2367600,Kaminski,Thomas Kaminski,Goalkeeper,LUT,4.0,90,0,0,0,1,0,0,0,0,3
2367600,Woodrow,Cauley Woodrow,Forward,LUT,4.3,15,0,0,0,0,0,0,0,0,1
2367600,Ruddock Mpanzu,Pelly Ruddock Mpanzu,Midfielder,LUT,4.6,90,0,0,0,1,0,0,0,0,2
2367600,Lockyer,Tom Lockyer,Defender,LUT,4.2,54,1,0,0,1,0,0,0,0,7
2367600,Burke,Reece Burke,Defender,LUT,4.0,45,0,0,0,1,0,0,0,0,1
2367600,Morris,Carlton Morris,Forward,LUT,4.7,74,1,0,0,1,0,0,0,2,8
2367600,Bell,Amarii Bell,Defender,LUT,3.8,90,0,0,0,1,0,0,0,0,2
2367600,Adebayo,Elijah Adebayo,Forward,LUT,4.8,18,0,0,0,0,0,0,0,0,1
2367600,Nakamba,Marvelous Nakamba,Midfielder,LUT,4.3,90,0,0,0,1,0,0,0,0,2
2367600,Andersen (Mads),Mads Andersen,Defender,LUT,3.8,45,0,0,0,0,0,0,0,0,1
2367600,Ogbene,Chiedozie Ogbene,Forward,LUT,4.8,90,0,0,0,1,0,0,0,0,2
2367600,Brown,Jacob Brown,Forward,LUT,4.9,90,0,0,0,1,0,0,0,0,2
2367600,Doughty,Alfie Doughty,Defender,LUT,4.3,78,0,1,0,1,0,0,0,3,8
2367600,Mengi,Teden Mengi,Defender,LUT,3.9,39,0,0,0,0,0,0,0,0,1
2367600,Issa Kabore,Issa Kabore,Defender,LUT,4.5,90,0,0,0,1,0,1,0,0,1
2367601,Thiago Silva,Thiago Emiliano da Silva,Defender,CHE,5.0,90,0,0,1,0,0,0,0,2,8
2367601,Sterling (Raheem),Raheem Sterling,Midfielder,CHE,6.7,31,0,0,0,0,0,1,0,0,0
2367601,Cucurella,Marc Cucurella,Defender,CHE,6.0,90,0,0,1,0,0,1,0,0,5
2367601,Sanchez,Robert Sanchez,Goalkeeper,CHE,5.0,90,0,0,1,0,0,1,0,1,7
2367601,Disasi,Axel Disasi,Defender,CHE,4.2,90,0,0,1,0,0,0,0,0,6
2367601,Gallagher,Conor Gallagher,Midfielder,CHE,5.9,90,0,0,1,0,0,0,0,0,3
2367601,Palmer,Cole Palmer,Midfielder,CHE,10.5,77,0,1,1,0,0,1,0,0,5
2367601,Madueke,Noni Madueke,Midfielder,CHE,7.0,2,0,0,0,0,0,0,0,0,1
2367601,Broja,Armando Broja,Forward,CHE,5.3,63,1,0,1,0,0,0,0,0,6
2367601,Maatsen,Ian Maatsen,Midfielder,CHE,4.5,45,0,0,0,0,0,0,0,0,1
2367601,Fernández (Enzo),Enzo Fernández,Midfielder,CHE,6.5,90,0,0,1,0,0,0,0,0,3
2367601,Colwill,Levi Colwill,Defender,CHE,5.0,90,0,1,1,0,0,0,0,3,12
2367601,Mudryk,Mykhailo Mudryk,Midfielder,CHE,5.0,45,1,0,0,0,0,0,0,0,6
2367601,Moises Caicedo,Moises Caicedo,Midfielder,CHE,5.5,90,0,0,1,0,0,0,0,0,3
2367601,Ugochukwu,Lesley Ugochukwu,Midfielder,CHE,4.4,17,0,0,0,0,0,0,0,0,1
2367601,Matos,Alex Matos,Midfielder,CHE,4.5,3,0,0,0,0,0,0,0,0,1
2367601,Willian,Willian Borges Da Silva,Midfielder,FUL,5.0,90,0,0,0,2,0,0,0,0,2
2367601,Cairney,Tom Cairney,Midfielder,FUL,5.0,30,0,0,0,0,0,0,0,0,1
2367601,Leno,Bernd Leno,Goalkeeper,FUL,5.0,90,0,0,0,2,0,0,0,0,1
2367601,Ream,Tim Ream,Defender,FUL,4.5,90,0,0,0,2,0,0,0,0,1
2367601,Raúl Jiménez,Raul Alonso Jimenez Rodriguez,Forward,FUL,6.5,53,0,0,0,2,0,0,0,0,1
2367601,Iwobi,Alex Iwobi,Midfielder,FUL,6.5,41,0,0,0,0,0,0,0,0,1
2367601,Reed,Harrison Reed,Midfielder,FUL,4.5,64,0,0,0,2,0,0,0,0,2
2367601,Wilson (Harry),Harry Wilson,Midfielder,FUL,5.5,53,0,0,0,2,0,0,0,0,1
2367601,João Palhinha,João Maria Lobo Alves Palhinha Gonçalves,Midfielder,FUL,5.9,90,0,0,0,2,0,0,0,0,2
2367601,Pereira (Andreas),Andreas Pereira,Midfielder,FUL,5.5,74,0,0,0,2,0,1,0,0,1
2367601,Castagne,Timothy Castagne,Defender,FUL,4.5,90,0,0,0,2,0,0,0,0,1
2367601,Robinson (Antonee),Antonee Robinson,Defender,FUL,5.0,90,0,0,0,2,0,0,0,0,1
2367601,Lukic,Sasa Lukic,Midfielder,FUL,5.0,20,0,0,0,0,0,0,0,0,1
2367601,Diop,Issa Diop,Defender,FUL,4.5,90,0,0,0,2,0,0,0,0,1
2367601,Carlos Vinicius,Carlos Vinicius Alves Morais,Forward,FUL,5.0,41,0,0,0,0,0,0,0,0,1
2367602,Ward,Joel Ward,Defender,CRY,4.3,90,0,0,1,0,0,1,0,0,5
2367602,Ayew (Jordan),Jordan Ayew,Midfielder,CRY,5.1,90,0,0,1,0,0,0,0,0,3
2367602,Schlupp,Jeffrey Schlupp,Midfielder,CRY,4.6,76,0,0,1,0,0,0,0,0,3
2367602,Johnstone,Sam Johnstone,Goalkeeper,CRY,4.5,90,0,0,1,0,0,0,0,2,9
2367602,Hughes,Will Hughes,Midfielder,CRY,5.0,90,0,0,1,0,0,1,0,0,2
2367602,Riedewald,Jairo Riedewald,Midfielder,CRY,4.3,17,0,0,0,0,0,0,0,0,1
2367602,Andersen (Joachim),Joachim Andersen,Defender,CRY,4.5,90,1,0,1,0,0,0,0,3,15
2367602,Marc Guehi,Addji Keaninkin Marc-Israel Guehi,Defender,CRY,4.5,90,0,0,1,0,0,0,0,1,7
2367602,Mateta,Jean-Philippe Mateta,Forward,CRY,7.5,90,0,0,1,0,0,0,0,0,2
2367602,Eze,Eberechi Eze,Midfielder,CRY,7.5,86,0,1,1,0,0,0,0,0,6
2367602,Mitchell,Tyrick Mitchell,Defender,CRY,5.0,90,0,0,1,0,0,0,0,0,6
2367602,Richards (Chris),Chris Richards,Defender,CRY,4.5,7,0,0,0,0,0,0,0,0,1
2367602,Doucoure,Cheick Oumar Doucoure,Midfielder,CRY,5.0,90,0,0,1,0,0,0,0,0,3
2367602,Casemiro,Carlos Henrique Jose Francisco Venancio,Midfielder,MUN,5.5,90,0,0,0,1,0,1,0,0,1
2367602,Eriksen,Christian Eriksen,Midfielder,MUN,5.2,18,0,0,0,0,0,0,0,0,1
2367602,Varane,Raphael Varane,Defender,MUN,4.9,85,0,0,0,1,0,0,0,0,2
2367602,Maguire,Harry Maguire,Defender,MUN,4.5,8,0,0,0,0,0,0,0,0,1
2367602,Bruno Fernandes,Bruno Miguel Borges Fernandes,Midfielder,MUN,9.0,90,0,0,0,1,0,0,0,0,2
2367602,Martial,Anthony Martial,Forward,MUN,6.4,18,0,0,0,0,0,0,0,0,1
2367602,Amrabat,Sofyan Amrabat,Midfielder,MUN,5.0,90,0,0,0,1,0,1,0,0,1
2367602,Rashford,Marcus Rashford,Midfielder,MUN,7.0,76,0,0,0,1,0,0,0,0,2
2367602,van de Beek,Donny van de Beek,Midfielder,MUN,4.7,7,0,0,0,0,0,0,0,0,1
2367602,Mount,Mason Mount,Midfielder,MUN,6.0,76,0,0,0,1,0,1,0,0,1
2367602,Lindelof,Victor Nilsson-Lindelof,Defender,MUN,4.3,86,0,0,0,1,0,0,0,0,2
2367602,Onana,André Onana,Goalkeeper,MUN,5.0,90,0,0,0,1,0,0,0,0,2
2367602,Dalot,José Diogo Dalot Teixeira,Defender,MUN,4.5,90,0,0,0,1,0,0,0,0,2
2367602,Pellistri,Facundo Pellistri,Midfielder,MUN,5.0,60,0,0,0,1,0,0,0,0,2
2367602,Garnacho,Alejandro Garnacho Ferreyra,Midfielder,MUN,6.5,33,0,0,0,0,0,0,0,0,1
2367602,Højlund,Rasmus Højlund,Forward,MUN,6.5,90,0,0,0,1,0,0,0,0,2
2367603,Rodriguez,Jay Rodriguez,Forward,BUR,5.3,37,0,0,0,1,0,0,0,0,1
2367603,Taylor (Charlie),Charlie Taylor,Defender,BUR,3.9,90,0,0,0,2,0,1,0,0,0
2367603,Cullen,Josh Cullen,Midfielder,BUR,5.0,90,0,0,0,2,0,0,0,0,2
2367603,Brownhill,Josh Brownhill,Midfielder,BUR,4.7,90,0,0,0,2,0,0,0,0,2
2367603,Bruun Larsen,Jacob Bruun Larsen,Midfielder,BUR,5.5,37,0,0,0,1,0,0,0,0,1
2367603,Roberts (Connor),Connor Roberts,Defender,BUR,4.5,85,0,0,0,2,0,0,0,0,1
2367603,Berge,Sander Berge,Midfielder,BUR,5.0,86,0,0,0,2,0,0,0,0,2
2367603,Beyer,Jordan Beyer,Defender,BUR,4.0,90,0,0,0,2,0,1,0,0,0
2367603,Trafford,James Trafford,Goalkeeper,BUR,5.0,90,0,0,0,2,0,0,0,0,3
2367603,Vitinho,Victor Alexander da Silva,Defender,BUR,4.4,9,0,0,0,0,0,0,0,0,1
2367603,Ramsey (Aaron),Aaron Ramsey,Midfielder,BUR,4.5,66,0,0,0,1,0,0,0,0,2
2367603,Koleosho,Luca Koleosho,Midfielder,BUR,5.0,58,0,0,0,1,0,0,0,0,1
2367603,Al Dakhil,Ameen Al Dakhil,Defender,BUR,3.8,90,0,0,0,2,0,0,0,0,1
2367603,Amdouni,Zeki Amdouni,Forward,BUR,5.0,58,0,0,0,1,0,1,0,0,0
2367603,Zaroury,Anass Zaroury,Midfielder,BUR,4.6,9,0,0,0,0,0,0,0,0,1
2367603,Odobert,Wilson Odobert,Midfielder,BUR,5.5,30,0,0,0,1,0,0,0,0,1
2367603,Trippier,Kieran Trippier,Defender,NEW,5.0,90,0,1,1,0,0,0,0,3,12
2367603,Burn,Dan Burn,Defender,NEW,5.0,90,0,0,1,0,0,0,0,0,6
2367603,Pope,Nick Pope,Goalkeeper,NEW,5.0,90,0,0,1,0,0,0,0,0,6
2367603,Lascelles,Jamaal Lascelles,Defender,NEW,4.5,90,0,0,1,0,0,0,0,0,6
2367603,Murphy (Jacob),Jacob Murphy,Midfielder,NEW,6.5,1,0,0,0,0,0,0,0,0,1
2367603,Schär,Fabian Schär,Defender,NEW,5.5,90,0,0,1,0,0,0,0,1,7
2367603,Almirón,Miguel Almirón,Midfielder,NEW,5.4,90,1,0,1,0,0,0,0,2,10
2367603,Longstaff (Sean),Sean Longstaff,Midfielder,NEW,5.0,90,0,0,1,0,0,0,0,0,3
2367603,Joelinton,Joelinton Cássio Apolinário de Lira,Midfielder,NEW,6.0,2,0,0,0,0,0,0,0,0,1
2367603,Bruno Guimarães,Bruno Guimarães Rodriguez Moura,Midfielder,NEW,6.5,90,0,0,1,0,0,0,0,0,3
2367603,Anderson,Elliot Anderson,Midfielder,NEW,5.5,63,0,0,1,0,0,0,0,0,3
2367603,Isak,Alexander Isak,Forward,NEW,10.5,90,1,0,1,0,0,0,0,0,6
2367603,Gordon (Anthony),Anthony Gordon,Midfielder,NEW,7.5,90,0,1,1,0,0,1,0,0,5
2367603,Tonali,Sandro Tonali,Midfielder,NEW,5.5,29,0,0,0,0,0,0,0,0,1
2367603,Livramento,Valentino Livramento,Defender,NEW,5.0,1,0,0,0,0,0,0,0,0,1
2367604,Maupay,Neal Maupay,Forward,BRE,4.9,28,0,0,0,0,0,0,0,0,1
2367604,Flekken,Mark Flekken,Goalkeeper,BRE,4.5,90,0,0,0,1,0,0,0,0,2
2367604,Norgaard,Christian Norgaard,Midfielder,BRE,5.5,90,1,0,0,1,0,0,0,2,9
2367604,Ajer,Kristoffer Ajer,Defender,BRE,4.5,86,0,0,0,1,0,0,0,0,2
2367604,Janelt,Vitaly Janelt,Midfielder,BRE,5.0,86,0,0,0,1,0,0,0,0,2
2367604,Ghoddos,Saman Ghoddos,Midfielder,BRE,4.5,34,0,0,0,0,0,0,0,0,1
2367604,Jensen,Mathias Jensen,Midfielder,BRE,5.0,67,0,1,0,1,0,0,0,1,6
2367604,Wissa,Yoane Wissa,Forward,BRE,7.5,90,0,0,0,1,0,0,0,0,2
2367604,Roerslev,Mads Roerslev,Defender,BRE,4.5,15,0,0,0,0,0,0,0,0,1
2367604,Pinnock,Ethan Pinnock,Defender,BRE,4.5,90,0,0,0,1,0,0,0,0,2
2367604,Lewis-Potter,Keane Lewis-Potter,Midfielder,BRE,5.0,73,0,0,0,1,0,0,0,0,2
2367604,Onyeka,Frank Onyeka,Midfielder,BRE,5.0,34,0,0,0,0,0,1,0,0,0
2367604,Collins,Nathan Collins,Defender,BRE,5.0,90,0,0,0,1,0,0,0,0,2
2367604,Mbeumo,Bryan Mbeumo,Midfielder,BRE,8.0,90,0,0,0,1,0,0,0,0,2
2367604,Hickey,Aaron Hickey,Defender,BRE,4.0,67,0,0,0,1,0,1,0,0,1
2367604,Olakigbe,Michael Olakigbe,Midfielder,BRE,4.5,15,0,0,0,0,0,0,0,0,1
2367604,Kouyaté,Cheikhou Kouyaté,Midfielder,NFO,4.8,26,0,0,0,0,0,0,0,0,1
2367604,Wood,Chris Wood,Forward,NFO,7.5,24,0,0,0,0,0,0,0,0,1
2367604,Aurier,Serge Aurier,Defender,NFO,4.5,90,0,0,0,1,0,0,0,0,2
2367604,Boly,Willy Boly,Defender,NFO,4.0,90,0,0,0,1,0,0,0,0,2
2367604,Toffolo,Harry Toffolo,Defender,NFO,4.2,41,0,1,0,0,0,0,0,0,4
2367604,Origi,Divock Origi,Forward,NFO,5.0,24,0,0,0,0,0,0,0,0,1
2367604,Mangala,Orel Mangala,Midfielder,NFO,5.0,90,0,0,0,1,0,0,0,0,2
2367604,Niakhaté,Moussa Niakhaté,Defender,NFO,4.5,55,0,0,0,0,0,0,1,0,0
2367604,Hudson-Odoi,Callum Hudson-Odoi,Midfielder,NFO,6.0,60,0,0,0,1,0,0,0,0,1
2367604,Awoniyi,Taiwo Awoniyi,Forward,NFO,5.5,78,0,0,0,1,0,0,0,0,2
2367604,Sangaré,Ibrahim Sangaré,Midfielder,NFO,5.0,75,0,0,0,1,0,1,0,0,1
2367604,Gibbs-White,Morgan Gibbs-White,Midfielder,NFO,7.5,41,0,0,0,0,0,0,0,0,1
2367604,Turner,Matt Turner,Goalkeeper,NFO,4.0,90,0,0,0,1,0,0,0,0,3
2367604,Nicolás Domínguez,Nicolás Domínguez,Midfielder,NFO,5.0,77,1,0,0,1,0,0,0,3,10
2367604,Elanga,Anthony Elanga,Midfielder,NFO,7.0,60,0,0,0,1,0,0,0,0,2
2367604,Murillo,Murillo Santiago Costa dos Santos,Defender,NFO,5.5,90,0,0,0,1,0,0,0,0,2
2367605,Matip,Joel Matip,Defender,LIV,4.8,90,0,0,0,2,1,0,0,0,0
2367605,van Dijk,Virgil van Dijk,Defender,LIV,6.0,90,0,1,0,2,0,1,0,0,3
2367605,Alisson,Alisson Ramses Becker,Goalkeeper,LIV,5.5,90,0,0,0,2,0,0,0,1,4
2367605,Salah,Mohamed Salah,Midfielder,LIV,14.5,73,0,0,0,1,0,1,0,0,1
2367605,Robertson (Andrew),Andrew Robertson,Defender,LIV,6.0,90,0,0,0,2,0,1,0,0,0
2367605,Endo,Wataru Endo,Midfielder,LIV,5.0,25,0,0,0,1,0,0,0,0,1
2367605,Alexander-Arnold,Trent Alexander-Arnold,Defender,LIV,7.2,25,0,0,0,1,0,0,0,0,1
2367605,Gomez,Joseph Gomez,Defender,LIV,5.0,73,0,0,0,1,0,0,0,0,2
2367605,Diogo Jota,Diogo José Teixeira da Silva,Midfielder,LIV,7.2,24,0,0,0,0,0,0,1,0,0
2367605,Konaté,Ibrahima Konaté,Defender,LIV,5.5,25,0,0,0,1,0,0,0,0,1
2367605,Jones (Curtis),Curtis Jones,Midfielder,LIV,5.5,25,0,0,0,0,0,0,1,0,0
2367605,Mac Allister,Alexis Mac Allister,Midfielder,LIV,6.5,80,0,0,0,1,0,1,0,0,1
2367605,Gakpo,Cody Gakpo,Forward,LIV,7.5,45,1,0,0,1,0,0,0,2,7
2367605,Díaz,Luis Díaz,Midfielder,LIV,8.0,73,0,0,0,1,0,0,0,0,2
2367605,Szoboszlai,Dominik Szoboszlai,Midfielder,LIV,6.5,90,0,0,0,2,0,0,0,0,2
2367605,Gravenberch,Ryan Gravenberch,Midfielder,LIV,5.5,18,0,0,0,1,0,0,0,0,1
2367605,Son,Heung-Min Son,Midfielder,TOT,8.5,68,1,0,0,1,0,0,0,0,7
2367605,Davies (Ben),Ben Davies,Defender,TOT,4.5,16,0,0,0,0,0,0,0,0,1
2367605,Højbjerg,Pierre-Emile Højbjerg,Midfielder,TOT,5.0,8,0,0,0,0,0,0,0,0,1
2367605,Maddison,James Maddison,Midfielder,TOT,7.0,89,0,0,0,1,0,0,0,0,2
2367605,Vicario,Guglielmo Vicario,Goalkeeper,TOT,5.0,90,0,0,0,1,0,0,0,0,3
2367605,Skipp,Oliver Skipp,Midfielder,TOT,4.7,16,0,0,0,0,0,0,0,0,1
2367605,Richarlison,Richarlison de Andrade,Midfielder,TOT,6.5,90,0,1,0,1,0,0,0,0,5
2367605,Romero,Cristian Romero,Defender,TOT,5.0,90,0,0,0,1,0,1,0,0,1
2367605,Bissouma,Yves Bissouma,Midfielder,TOT,5.5,90,0,0,0,1,0,1,0,0,1
2367605,Solomon,Manor Solomon,Midfielder,TOT,5.5,30,0,0,0,0,0,0,0,0,1
2367605,Porro,Pedro Porro,Defender,TOT,5.5,90,0,1,0,1,0,1,0,3,7
2367605,Kulusevski,Dejan Kulusevski,Midfielder,TOT,6.5,90,0,0,0,1,0,0,0,0,2
2367605,Sarr (Pape),Pape Sarr,Midfielder,TOT,5.0,82,0,0,0,1,0,0,0,0,2
2367605,Destiny Udogie,Iyenoma Destiny Udogie,Defender,TOT,4.5,82,0,0,0,1,0,1,0,0,1
2367605,van de Ven,Micky van de Ven,Defender,TOT,4.5,90,0,0,0,1,0,0,0,0,2
2367605,Véliz,Alejo Véliz,Forward,TOT,5.0,9,0,0,0,0,0,1,0,0,0
2367606,Basham,Chris Basham,Defender,SHU,3.9,42,0,0,0,0,0,0,0,0,1
2367606,Foderingham,Wes Foderingham,Goalkeeper,SHU,4.0,90,0,0,0,2,0,0,0,0,3
2367606,Robinson (Jack),Jack Robinson,Defender,SHU,4.3,90,0,0,0,2,0,0,0,0,1
2367606,Egan,John Egan,Defender,SHU,4.2,52,0,0,0,2,0,0,0,0,0
2367606,McBurnie,Oliver McBurnie,Forward,SHU,5.4,90,0,0,0,2,0,0,0,0,2
2367606,Davies (Tom),Tom Davies,Midfielder,SHU,5.0,28,0,0,0,0,0,0,0,0,1
2367606,Brewster,Rhian Brewster,Forward,SHU,4.9,19,0,0,0,0,0,0,0,0,1
2367606,Hamer,Gustavo Hamer,Midfielder,SHU,4.9,75,0,0,0,2,0,0,0,0,2
2367606,Trusty,Auston Trusty,Defender,SHU,3.9,18,0,0,0,0,0,0,0,0,1
2367606,Bogle,Jayden Bogle,Defender,SHU,4.5,76,0,0,0,2,0,0,0,0,1
2367606,Ahmedhodzic,Anel Ahmedhodzic,Defender,SHU,4.3,90,0,0,0,2,0,0,0,0,1
2367606,Thomas (Luke),Luke Thomas,Defender,SHU,3.9,90,0,0,0,2,0,0,0,0,1
2367606,Vinicius Souza,Vinicius de Souza Costa,Midfielder,SHU,5.0,90,0,0,0,2,0,0,0,0,2
2367606,Mcatee,James Mcatee,Midfielder,SHU,5.5,66,0,0,0,2,0,1,0,0,1
2367606,Archer,Cameron Archer,Forward,SHU,4.8,76,0,0,0,2,0,0,0,0,2
2367606,Ben Slimane,Anis Ben Slimane,Midfielder,SHU,4.7,19,0,0,0,0,0,0,0,0,1
2367606,Antonio,Michail Antonio,Forward,WHU,5.2,69,0,1,1,0,0,0,0,0,5
2367606,Areola,Alphonse Areola,Goalkeeper,WHU,4.5,90,0,0,1,0,0,0,0,0,6
2367606,Ward-Prowse,James Ward-Prowse,Midfielder,WHU,6.0,90,0,0,1,0,0,0,0,1,4
2367606,Zouma,Kurt Zouma,Defender,WHU,4.4,90,0,0,1,0,0,0,0,1,7
2367606,Emerson,Emerson Palmieri dos Santos,Defender,WHU,4.5,90,0,0,1,0,0,0,0,2,8
2367606,Coufal,Vladimir Coufal,Defender,WHU,4.1,90,0,1,1,0,0,0,0,3,12
2367606,Benrahma,Said Benrahma,Midfielder,WHU,5.6,25,0,0,0,0,0,0,0,0,1
2367606,Bowen,Jarrod Bowen,Midfielder,WHU,8.0,89,1,0,1,0,0,0,0,1,9
2367606,Aguerd,Nayef Aguerd,Defender,WHU,4.5,90,0,0,1,0,0,0,0,0,6
2367606,Álvarez (Edson),Edson Álvarez,Midfielder,WHU,5.0,69,0,0,1,0,0,1,0,0,2
2367606,Soucek,Tomas Soucek,Midfielder,WHU,6.0,90,1,0,1,0,0,0,0,0,8
2367606,Fornals,Pablo Fornals,Midfielder,WHU,4.6,5,0,0,0,0,0,0,0,0,1
2367606,Lucas Paquetá,Lucas Tolentino Coelho de Lima,Midfielder,WHU,6.0,89,0,0,1,0,0,0,0,0,3
2367606,Mavropanos,Konstantinos Mavropanos,Defender,WHU,4.5,5,0,0,0,0,0,0,0,0,1
2367606,Kudus,Mohammed Kudus,Midfielder,WHU,6.5,25,0,0,0,0,0,0,0,0,1
2367607,Walker,Kyle Walker,Defender,MCI,4.5,90,0,0,0,2,0,1,0,0,0
2367607,Kovacic,Mateo Kovacic,Midfielder,MCI,6.0,64,0,0,0,1,0,1,0,0,1
2367607,Grealish,Jack Grealish,Midfielder,MCI,6.5,18,0,0,0,0,0,1,0,0,1
2367607,Ederson,Ederson Santana de Moraes,Goalkeeper,MCI,5.5,90,0,0,0,2,0,0,0,0,1
2367607,Aké,Nathan Aké,Defender,MCI,5.5,78,0,0,0,2,0,0,0,0,1
2367607,Phillips (Kalvin),Kalvin Phillips,Midfielder,MCI,5.0,31,0,0,0,1,0,0,0,0,1
2367607,Rúben Dias,Rúben Santos Gato Alves Dias,Defender,MCI,5.5,90,0,0,0,2,1,0,0,0,0
2367607,Foden,Phil Foden,Midfielder,MCI,8.0,90,0,0,0,2,0,0,0,0,2
2367607,Akanji,Manuel Akanji,Defender,MCI,5.5,90,0,0,0,2,0,0,0,0,1
2367607,Haaland,Erling Haaland,Forward,MCI,14.0,90,0,0,0,2,0,0,0,0,2
2367607,Doku,Jéremy Doku,Midfielder,MCI,6.5,90,0,0,0,2,0,1,0,0,1
2367607,Álvarez (Julián),Julián Álvarez,Forward,MCI,7.0,90,1,0,0,2,0,1,0,3,8
2367607,Matheus Nunes,Matheus Luiz Nunes,Midfielder,MCI,5.5,45,0,0,0,1,0,0,0,0,1
2367607,Bobb,Oscar Bobb,Midfielder,MCI,5.5,45,0,1,0,1,0,0,0,0,4
2367607,Dawson,Craig Dawson,Defender,WOL,4.2,90,0,0,0,1,0,0,0,0,2
2367607,Doherty,Matt Doherty,Defender,WOL,4.5,23,0,0,0,0,0,0,0,0,1
2367607,Jonny,Jonathan Castro Otto,Defender,WOL,4.3,11,0,0,0,0,0,0,0,0,1
2367607,José Sá,José Pedro Malheiro de Sá,Goalkeeper,WOL,4.5,90,0,0,0,1,0,1,0,1,4
2367607,Lemina (Mario),Mario Lemina,Midfielder,WOL,4.8,90,0,0,0,1,0,1,0,0,1
2367607,Hwang Hee-Chan,Hee-Chan Hwang,Midfielder,WOL,6.0,85,1,0,0,1,0,1,0,2,8
2367607,Semedo,Nelson Semedo,Defender,WOL,4.5,90,0,0,0,1,0,1,0,0,2
2367607,Kilman,Max Kilman,Defender,WOL,4.5,90,0,0,0,1,0,0,0,0,2
2367607,Neto,Pedro Neto,Midfielder,WOL,7.0,90,0,1,0,1,0,1,0,0,4
2367607,Matheus Cunha,Matheus Santos Carneiro Da Cunha,Forward,WOL,8.0,85,0,1,0,1,0,0,0,0,5
2367607,João Gomes,João Victor Gomes da Silva,Midfielder,WOL,5.5,66,0,0,0,1,0,0,0,0,2
2367607,Ait Nouri,Rayan Ait Nouri,Defender,WOL,6.0,72,0,0,0,1,0,0,0,0,2
2367607,Fabio Silva,Fabio Daniel Soares Silva,Forward,WOL,5.0,11,0,0,0,0,0,1,0,0,0
2367607,Traoré (Boubacar),Boubacar Traoré,Midfielder,WOL,5.0,29,0,0,0,0,0,0,0,0,1
2367607,Toti,Toti António Gomes,Defender,WOL,4.5,90,0,0,0,1,0,0,0,0,2
2367608,Jorginho,Jorge Luiz Frello Filho,Midfielder,ARS,4.6,75,0,0,1,0,0,1,0,0,2
2367608,Trossard,Leandro Trossard,Midfielder,ARS,7.0,45,0,0,0,0,0,0,0,0,1
2367608,Raya Martin,David Raya Martin,Goalkeeper,ARS,5.5,90,0,0,1,0,0,0,0,0,6
2367608,Partey,Thomas Partey,Midfielder,ARS,4.9,19,0,0,0,0,0,0,0,0,1
2367608,Odegaard,Martin Odegaard,Midfielder,ARS,8.0,90,0,0,1,0,0,0,0,0,3
2367608,White (Ben),Ben White,Defender,ARS,5.5,90,0,0,1,0,0,0,0,3,9
2367608,Rice,Declan Rice,Midfielder,ARS,6.5,90,0,0,1,0,0,0,0,0,3
2367608,Eddie Nketiah,Edward Nketiah,Forward,ARS,5.5,75,0,0,1,0,0,0,0,0,2
2367608,Jesus,Gabriel Fernando de Jesus,Forward,ARS,6.5,90,0,0,1,0,0,1,0,0,1
2367608,Zinchenko,Oleksandr Zinchenko,Defender,ARS,5.0,74,0,0,1,0,0,0,0,1,7
2367608,Havertz,Kai Havertz,Midfielder,ARS,7.5,19,0,1,0,0,0,0,0,0,4
2367608,Tomiyasu,Takehiro Tomiyasu,Defender,ARS,4.8,20,0,0,0,0,0,0,0,0,1
2367608,Gabriel Magalhães,Gabriel dos Santos Magalhães,Defender,ARS,6.0,90,0,0,1,0,0,0,0,2,8
2367608,Martinelli,Gabriel Teodoro Martinelli Silva,Midfielder,ARS,7.0,45,1,0,0,0,0,0,0,0,6
2367608,Saliba,William Saliba,Defender,ARS,6.0,90,0,0,1,0,0,0,0,1,7
2367608,Walker,Kyle Walker,Defender,MCI,4.5,90,0,0,0,1,0,0,0,0,2
2367608,Kovacic,Mateo Kovacic,Midfielder,MCI,6.0,68,0,0,1,0,0,1,0,0,2
2367608,Stones,John Stones,Defender,MCI,5.5,27,0,0,0,1,0,0,0,0,1
2367608,Ederson,Ederson Santana de Moraes,Goalkeeper,MCI,5.5,90,0,0,0,1,0,1,0,0,1
2367608,Aké,Nathan Aké,Defender,MCI,5.5,90,0,0,0,1,0,0,0,0,2
2367608,Bernardo Silva,Bernardo Mota Veiga de Carvalho e Silva,Midfielder,MCI,6.5,90,0,0,0,1,0,1,0,0,1
2367608,Rúben Dias,Rúben Santos Gato Alves Dias,Defender,MCI,5.5,90,0,0,0,1,0,0,0,0,2
2367608,Foden,Phil Foden,Midfielder,MCI,8.0,90,0,0,0,1,0,0,0,0,2
2367608,Haaland,Erling Haaland,Forward,MCI,14.0,90,0,0,0,1,0,0,0,0,2
2367608,Doku,Jéremy Doku,Midfielder,MCI,6.5,26,0,0,0,1,0,0,0,0,1
2367608,Álvarez (Julián),Julián Álvarez,Forward,MCI,7.0,68,0,0,1,0,0,0,0,0,2
2367608,Matheus Nunes,Matheus Luiz Nunes,Midfielder,MCI,5.5,27,0,0,0,1,0,0,0,0,1
2367608,Lewis (Rico),Rico Lewis,Defender,MCI,5.0,67,0,0,1,0,0,0,0,0,6
2367608,Gvardiol,Joško Gvardiol,Defender,MCI,6.0,90,0,0,0,1,0,0,0,0,2
2367609,Welbeck,Danny Welbeck,Forward,BHA,6.5,34,0,0,0,0,0,0,0,0,1
2367609,Groß,Pascal Groß,Midfielder,BHA,6.5,90,0,0,0,2,0,0,0,0,2
2367609,Dunk,Lewis Dunk,Defender,BHA,4.5,90,1,0,0,2,0,0,0,1,8
2367609,March,Solomon March,Midfielder,BHA,6.0,90,0,1,0,2,0,0,0,2,7
2367609,Veltman,Joël Veltman,Defender,BHA,4.5,90,0,0,0,2,0,0,0,0,1
2367609,Igor Julio,Igor Julio dos Santos de Paulo,Defender,BHA,4.5,61,0,0,0,2,0,0,0,0,1
2367609,Mitoma,Kaoru Mitoma,Midfielder,BHA,6.5,90,0,0,0,2,0,0,0,0,2
2367609,Ansu Fati,Anssumane Fati,Midfielder,BHA,6.4,7,0,0,0,0,0,0,0,0,1
2367609,van Hecke,Jan-Paul van Hecke,Defender,BHA,4.5,32,0,0,0,0,0,0,0,0,1
2367609,João Pedro,João Pedro Junqueira de Jesus,Forward,BHA,7.5,87,0,0,0,2,0,0,0,0,2
2367609,Ferguson (Evan),Evan Ferguson,Forward,BHA,5.5,60,0,0,0,2,0,0,0,0,1
2367609,Verbruggen,Bart Verbruggen,Goalkeeper,BHA,4.5,90,0,0,0,2,0,0,0,0,1
2367609,Baleba,Carlos Baleba,Midfielder,BHA,5.0,90,0,0,0,2,0,1,0,0,1
2367609,Adingra,Simon Adingra,Midfielder,BHA,5.5,90,1,0,0,2,0,0,0,0,7
2367609,Matip,Joel Matip,Defender,LIV,4.8,71,0,0,0,1,0,0,0,0,2
2367609,van Dijk,Virgil van Dijk,Defender,LIV,6.0,90,0,0,0,2,0,0,0,0,1
2367609,Alisson,Alisson Ramses Becker,Goalkeeper,LIV,5.5,90,0,0,0,2,0,0,0,0,1
2367609,Salah,Mohamed Salah,Midfielder,LIV,14.5,90,2,0,0,2,0,0,0,3,15
2367609,Robertson (Andrew),Andrew Robertson,Defender,LIV,6.0,90,0,0,0,2,0,0,0,0,1
2367609,Alexander-Arnold,Trent Alexander-Arnold,Defender,LIV,7.2,78,0,0,0,2,0,0,0,0,1
2367609,Gomez,Joseph Gomez,Defender,LIV,5.0,16,0,0,0,0,0,1,0,0,0
2367609,Konaté,Ibrahima Konaté,Defender,LIV,5.5,23,0,0,0,1,0,0,0,0,1
2367609,Mac Allister,Alexis Mac Allister,Midfielder,LIV,6.5,90,0,0,0,2,0,0,0,0,2
2367609,Díaz,Luis Díaz,Midfielder,LIV,8.0,90,0,0,0,2,0,0,0,0,2
2367609,Szoboszlai,Dominik Szoboszlai,Midfielder,LIV,6.5,90,0,1,0,2,0,1,0,0,4
2367609,Gravenberch,Ryan Gravenberch,Midfielder,LIV,5.5,45,0,0,0,1,0,0,0,0,1
2367609,Elliott,Harvey Elliott,Midfielder,LIV,5.5,45,0,0,0,1,0,0,0,0,1
2367609,Núñez,Darwin Núñez,Forward,LIV,6.5,90,0,1,0,2,0,0,0,0,5
2367610,Taylor (Charlie),Charlie Taylor,Defender,BUR,3.9,90,0,0,0,4,0,0,0,0,0
2367610,Cullen,Josh Cullen,Midfielder,BUR,5.0,61,0,0,0,2,0,1,0,0,1
2367610,Brownhill,Josh Brownhill,Midfielder,BUR,4.7,90,0,0,0,4,0,0,0,0,2
2367610,Bruun Larsen,Jacob Bruun Larsen,Midfielder,BUR,5.5,18,0,0,0,0,0,0,0,0,1
2367610,Roberts (Connor),Connor Roberts,Defender,BUR,4.5,37,0,0,0,2,0,0,0,0,0
2367610,Berge,Sander Berge,Midfielder,BUR,5.0,90,0,0,0,4,0,0,0,0,2
2367610,O'Shea,Dara O'Shea,Defender,BUR,3.8,45,0,0,0,3,0,0,0,0,0
2367610,Delcroix,Hannes Delcroix,Defender,BUR,4.0,90,0,0,0,4,0,0,0,0,0
2367610,Trafford,James Trafford,Goalkeeper,BUR,5.0,90,0,0,0,4,0,0,0,0,0
2367610,Foster,Lyle Foster,Forward,BUR,5.0,90,0,1,0,4,0,0,0,0,5
2367610,Trésor,Mike Trésor,Midfielder,BUR,4.5,61,0,0,0,2,0,0,0,0,2
2367610,Vitinho,Victor Alexander da Silva,Defender,BUR,4.4,60,0,0,0,2,0,0,0,0,1
2367610,Ramsey (Aaron),Aaron Ramsey,Midfielder,BUR,4.5,36,0,0,0,2,0,0,0,0,1
2367610,Koleosho,Luca Koleosho,Midfielder,BUR,5.0,36,0,0,0,2,0,0,0,0,1
2367610,Al Dakhil,Ameen Al Dakhil,Defender,BUR,3.8,45,0,0,0,1,1,0,0,0,0
2367610,Odobert,Wilson Odobert,Midfielder,BUR,5.5,79,1,0,0,4,0,1,0,0,6
2367610,Thiago Silva,Thiago Emiliano da Silva,Defender,CHE,5.0,90,0,0,0,1,0,1,0,0,1
2367610,Sterling (Raheem),Raheem Sterling,Midfielder,CHE,6.7,82,1,2,0,1,0,0,0,3,16
2367610,Cucurella,Marc Cucurella,Defender,CHE,6.0,90,0,0,0,1,0,1,0,0,1
2367610,Sanchez,Robert Sanchez,Goalkeeper,CHE,5.0,90,0,0,0,1,0,0,0,0,2
2367610,Disasi,Axel Disasi,Defender,CHE,4.2,90,0,0,0,1,0,0,0,0,2
2367610,Gallagher,Conor Gallagher,Midfielder,CHE,5.9,90,0,1,0,1,0,0,0,0,5
2367610,Palmer,Cole Palmer,Midfielder,CHE,10.5,86,1,1,0,1,0,0,0,2,12
2367610,Broja,Armando Broja,Forward,CHE,5.3,45,0,0,0,1,0,0,0,0,1
2367610,Maatsen,Ian Maatsen,Midfielder,CHE,4.5,11,0,0,0,0,0,0,0,0,1
2367610,Fernández (Enzo),Enzo Fernández,Midfielder,CHE,6.5,90,0,0,0,1,0,1,0,0,1
2367610,Colwill,Levi Colwill,Defender,CHE,5.0,90,0,0,0,1,0,0,0,0,2
2367610,Mudryk,Mykhailo Mudryk,Midfielder,CHE,5.0,15,0,0,0,0,0,0,0,0,1
2367610,Moises Caicedo,Moises Caicedo,Midfielder,CHE,5.5,90,0,0,0,1,0,1,0,0,1
2367610,Jackson (Nicolas),Nicolas Jackson,Forward,CHE,6.5,45,1,0,0,0,0,0,0,1,6
2367611,Clyne,Nathaniel Clyne,Defender,CRY,4.0,90,0,0,1,0,0,0,0,0,6
2367611,Ayew (Jordan),Jordan Ayew,Midfielder,CRY,5.1,90,0,0,1,0,0,0,0,0,3
2367611,Schlupp,Jeffrey Schlupp,Midfielder,CRY,4.6,24,0,0,0,0,0,0,0,0,1
2367611,Johnstone,Sam Johnstone,Goalkeeper,CRY,4.5,90,0,0,1,0,0,0,0,2,9
2367611,Hughes,Will Hughes,Midfielder,CRY,5.0,90,0,0,1,0,0,0,0,0,3
2367611,Riedewald,Jairo Riedewald,Midfielder,CRY,4.3,73,0,0,1,0,0,0,0,0,3
2367611,Andersen (Joachim),Joachim Andersen,Defender,CRY,4.5,90,0,0,1,0,0,0,0,0,6
2367611,Edouard,Odsonne Edouard,Forward,CRY,5.0,90,0,0,1,0,0,0,0,0,2
2367611,Marc Guehi,Addji Keaninkin Marc-Israel Guehi,Defender,CRY,4.5,90,0,0,1,0,0,0,0,3,9
2367611,Mateta,Jean-Philippe Mateta,Forward,CRY,7.5,90,0,0,1,0,0,0,0,0,2
2367611,Mitchell,Tyrick Mitchell,Defender,CRY,5.0,90,0,0,1,0,0,0,0,0,6
2367611,Richards (Chris),Chris Richards,Defender,CRY,4.5,18,0,0,0,0,0,0,0,0,1
2367611,Rak-Sakyi,Jesurun Rak-Sakyi,Midfielder,CRY,4.5,67,0,0,1,0,0,0,0,0,3
2367611,Kouyaté,Cheikhou Kouyaté,Midfielder,NFO,4.8,12,0,0,0,0,0,0,0,0,1
2367611,Wood,Chris Wood,Forward,NFO,7.5,74,0,0,1,0,0,0,0,0,2
2367611,Aurier,Serge Aurier,Defender,NFO,4.5,45,0,0,0,0,0,0,0,0,1
2367611,Boly,Willy Boly,Defender,NFO,4.0,90,0,0,1,0,0,0,0,0,6
2367611,Toffolo,Harry Toffolo,Defender,NFO,4.2,90,0,0,1,0,0,0,0,0,6
2367611,Origi,Divock Origi,Forward,NFO,5.0,18,0,0,0,0,0,0,0,0,1
2367611,Mangala,Orel Mangala,Midfielder,NFO,5.0,80,0,0,1,0,0,0,0,0,3
2367611,Yates,Ryan Yates,Midfielder,NFO,5.0,18,0,0,0,0,0,1,0,0,0
2367611,Hudson-Odoi,Callum Hudson-Odoi,Midfielder,NFO,6.0,65,0,0,1,0,0,0,0,0,3
2367611,Sangaré,Ibrahim Sangaré,Midfielder,NFO,5.0,74,0,0,1,0,0,0,0,0,3
2367611,Montiel,Gonzalo Montiel,Defender,NFO,4.4,45,0,0,0,0,0,0,0,0,1
2367611,Gibbs-White,Morgan Gibbs-White,Midfielder,NFO,7.5,90,0,0,1,0,0,0,0,0,3
2367611,Turner,Matt Turner,Goalkeeper,NFO,4.0,90,0,0,1,0,0,0,0,0,6
2367611,Nicolás Domínguez,Nicolás Domínguez,Midfielder,NFO,5.0,90,0,0,1,0,0,0,0,0,3
2367611,Elanga,Anthony Elanga,Midfielder,NFO,7.0,26,0,0,0,0,0,0,0,0,1
2367611,Murillo,Murillo Santiago Costa dos Santos,Defender,NFO,5.5,90,0,0,1,0,0,0,0,1,7
2367612,Smith (Adam),Adam Smith,Defender,BOU,4.5,85,0,0,0,3,0,0,0,0,1
2367612,Neto,Norberto Murara Neto,Goalkeeper,BOU,4.5,90,0,0,0,3,0,1,0,0,1
2367612,Brooks (David),David Brooks,Midfielder,BOU,5.0,29,0,0,0,0,0,0,0,0,1
2367612,Moore (Kieffer),Kieffer Moore,Forward,BOU,4.6,29,0,0,0,0,0,0,0,0,1
2367612,Solanke,Dominic Solanke,Forward,BOU,7.5,90,0,0,0,3,0,1,0,0,1
2367612,Cook (Lewis),Lewis Cook,Midfielder,BOU,5.0,66,0,0,0,3,0,0,0,0,2
2367612,Rothwell,Joe Rothwell,Midfielder,BOU,4.8,45,0,0,0,1,0,0,0,0,1
2367612,Christie,Ryan Christie,Midfielder,BOU,5.0,45,0,0,0,2,0,0,0,0,1
2367612,Billing,Philip Billing,Midfielder,BOU,5.0,90,0,0,0,3,0,0,0,0,2
2367612,Tavernier,Marcus Tavernier,Midfielder,BOU,5.5,90,0,0,0,3,0,0,0,0,2
2367612,Senesi,Marcos Senesi,Defender,BOU,4.5,90,0,0,0,3,0,0,0,0,1
2367612,Sinisterra,Luis Sinisterra,Midfielder,BOU,5.0,38,0,0,0,1,0,0,0,0,1
2367612,Aarons,Maximillian Aarons,Defender,BOU,4.3,10,0,0,0,0,0,0,0,0,1
2367612,Zabarnyi,Illia Zabarnyi,Defender,BOU,5.0,90,0,0,0,3,0,0,0,0,1
2367612,Dango Ouattara,Dango Ouattara,Midfielder,BOU,6.0,57,0,0,0,2,0,0,0,0,1
2367612,Kerkez,Milos Kerkez,Defender,BOU,6.0,66,0,0,0,3,0,0,0,0,1
2367612,Tarkowski,James Tarkowski,Defender,EVE,5.5,90,0,0,1,0,0,0,0,1,7
2367612,Young (Ashley),Ashley Young,Defender,EVE,4.2,90,0,0,1,0,0,1,0,0,5
2367612,Pickford,Jordan Pickford,Goalkeeper,EVE,5.5,90,0,0,1,0,0,0,0,2,9
2367612,Doucouré,Abdoulaye Doucouré,Midfielder,EVE,5.1,90,1,0,1,0,0,0,0,0,8
2367612,Calvert-Lewin,Dominic Calvert-Lewin,Forward,EVE,5.4,83,0,0,1,0,0,0,0,0,2
2367612,Harrison (Jack),Jack Harrison,Midfielder,EVE,5.5,78,1,1,1,0,0,0,0,3,14
2367612,Mykolenko,Vitaliy Mykolenko,Defender,EVE,5.0,90,0,0,1,0,0,0,0,0,6
2367612,Garner,James Garner,Midfielder,EVE,5.0,90,1,0,1,0,0,0,0,0,8
2367612,Patterson (Nathan),Nathan Patterson,Defender,EVE,4.5,17,0,0,0,0,0,0,0,0,1
2367612,McNeil,Dwight McNeil,Midfielder,EVE,6.0,90,0,0,1,0,0,0,0,0,3
2367612,Mvom Onana,Amadou Mvom Onana,Midfielder,EVE,5.0,90,0,0,1,0,0,0,0,0,3
2367612,Branthwaite,Jarrad Branthwaite,Defender,EVE,5.5,90,0,0,1,0,0,0,0,0,6
2367612,Beto,Norberto Bercique Gomes Betuncal,Forward,EVE,5.5,12,0,0,0,0,0,0,0,0,1
2367612,Youssef Chermiti,Youssef Ramalho Chermiti,Forward,EVE,5.0,4,0,0,0,0,0,0,0,0,1
2367613,Willian,Willian Borges Da Silva,Midfielder,FUL,5.0,90,1,0,0,1,0,0,0,3,10
2367613,Cairney,Tom Cairney,Midfielder,FUL,5.0,28,0,1,0,0,0,0,0,0,4
2367613,Leno,Bernd Leno,Goalkeeper,FUL,5.0,90,0,0,0,1,0,0,0,0,2
2367613,Ream,Tim Ream,Defender,FUL,4.5,90,0,0,0,1,0,0,0,0,2
2367613,DeCordova-Reid,Bobby DeCordova-Reid,Midfielder,FUL,5.2,76,1,0,0,1,0,0,0,2,9
2367613,Iwobi,Alex Iwobi,Midfielder,FUL,6.5,77,0,0,0,1,0,0,0,0,2
2367613,Reed,Harrison Reed,Midfielder,FUL,4.5,21,0,0,0,0,0,0,0,0,1
2367613,Wilson (Harry),Harry Wilson,Midfielder,FUL,5.5,21,0,0,0,0,0,0,0,0,1
2367613,João Palhinha,João Maria Lobo Alves Palhinha Gonçalves,Midfielder,FUL,5.9,90,0,0,0,1,0,1,0,0,1
2367613,Pereira (Andreas),Andreas Pereira,Midfielder,FUL,5.5,69,0,1,0,1,0,0,0,0,5
2367613,Castagne,Timothy Castagne,Defender,FUL,4.5,90,0,0,0,1,0,0,0,0,2
2367613,Robinson (Antonee),Antonee Robinson,Defender,FUL,5.0,90,0,0,0,1,1,0,0,0,0
2367613,Diop,Issa Diop,Defender,FUL,4.5,69,0,0,0,1,0,0,0,0,2
2367613,Bassey,Calvin Bassey,Defender,FUL,4.5,28,0,0,0,0,0,0,0,0,1
2367613,Rodrigo Muniz,Rodrigo Muniz Carvalho,Forward,FUL,5.5,21,0,0,0,0,0,0,0,0,1
2367613,Carlos Vinicius,Carlos Vinicius Alves Morais,Forward,FUL,5.0,76,0,0,0,1,0,0,0,0,2
2367613,Basham,Chris Basham,Defender,SHU,3.9,22,0,0,0,0,0,0,0,0,1
2367613,Norwood,Oliver Norwood,Midfielder,SHU,4.8,90,0,0,0,3,0,1,0,0,1
2367613,Foderingham,Wes Foderingham,Goalkeeper,SHU,4.0,90,0,0,0,3,1,0,0,0,0
2367613,Robinson (Jack),Jack Robinson,Defender,SHU,4.3,71,0,0,0,3,0,0,0,0,0
2367613,McBurnie,Oliver McBurnie,Forward,SHU,5.4,90,0,0,0,3,0,1,0,0,1
2367613,Brewster,Rhian Brewster,Forward,SHU,4.9,20,0,0,0,1,0,0,0,0,1
2367613,Hamer,Gustavo Hamer,Midfielder,SHU,4.9,65,0,0,0,1,0,0,0,0,2
2367613,Trusty,Auston Trusty,Defender,SHU,3.9,90,0,0,0,3,0,0,0,0,1
2367613,Bogle,Jayden Bogle,Defender,SHU,4.5,90,0,1,0,3,0,0,0,0,4
2367613,Ahmedhodzic,Anel Ahmedhodzic,Defender,SHU,4.3,90,0,0,0,3,0,0,0,0,1
2367613,Thomas (Luke),Luke Thomas,Defender,SHU,3.9,65,0,0,0,1,0,0,0,0,2
2367613,Vinicius Souza,Vinicius de Souza Costa,Midfielder,SHU,5.0,90,0,0,0,3,0,0,0,1,3
2367613,Mcatee,James Mcatee,Midfielder,SHU,5.5,32,0,0,0,2,0,0,0,0,1
2367613,Larouci,Yasser Larouci,Defender,SHU,4.3,33,0,0,0,2,0,0,0,0,0
2367613,Archer,Cameron Archer,Forward,SHU,4.8,77,0,0,0,2,0,0,0,0,2
2367614,Kaminski,Thomas Kaminski,Goalkeeper,LUT,4.0,90,0,0,0,1,0,0,0,0,3
2367614,Berry,Luke Berry,Midfielder,LUT,4.6,29,0,0,0,0,0,0,0,0,1
2367614,Barkley,Ross Barkley,Midfielder,LUT,5.0,15,0,0,0,0,0,0,0,0,1
2367614,Woodrow,Cauley Woodrow,Forward,LUT,4.3,29,0,0,0,0,0,0,0,0,1
2367614,Ruddock Mpanzu,Pelly Ruddock Mpanzu,Midfielder,LUT,4.6,65,0,0,0,1,0,0,0,0,2
2367614,Lockyer,Tom Lockyer,Defender,LUT,4.2,79,0,0,0,1,0,1,0,0,1
2367614,Burke,Reece Burke,Defender,LUT,4.0,90,0,0,0,1,0,0,0,0,2
2367614,Morris,Carlton Morris,Forward,LUT,4.7,90,0,0,0,1,0,1,0,0,1
2367614,Adebayo,Elijah Adebayo,Forward,LUT,4.8,65,0,0,0,1,0,0,0,0,2
2367614,Nakamba,Marvelous Nakamba,Midfielder,LUT,4.3,90,0,0,0,1,0,0,0,0,2
2367614,Andersen (Mads),Mads Andersen,Defender,LUT,3.8,57,0,0,0,1,0,0,0,0,1
2367614,Chong,Tahith Chong,Midfielder,LUT,4.4,29,0,0,0,0,0,0,0,0,1
2367614,Ogbene,Chiedozie Ogbene,Forward,LUT,4.8,90,0,0,0,1,0,0,0,0,2
2367614,Brown,Jacob Brown,Forward,LUT,4.9,65,0,0,0,1,0,0,0,0,2
2367614,Doughty,Alfie Doughty,Defender,LUT,4.3,90,0,0,0,1,0,0,0,0,2
2367614,Mengi,Teden Mengi,Defender,LUT,3.9,37,0,0,0,0,0,0,0,0,1
2367614,Son,Heung-Min Son,Midfielder,TOT,8.5,74,0,0,1,0,0,0,0,0,3
2367614,Davies (Ben),Ben Davies,Defender,TOT,4.5,14,0,0,0,0,0,0,0,0,1
2367614,Højbjerg,Pierre-Emile Højbjerg,Midfielder,TOT,5.0,45,0,0,0,0,0,1,0,0,0
2367614,Maddison,James Maddison,Midfielder,TOT,7.0,74,0,1,1,0,0,0,0,0,6
2367614,Vicario,Guglielmo Vicario,Goalkeeper,TOT,5.0,90,0,0,1,0,0,0,0,1,7
2367614,Skipp,Oliver Skipp,Midfielder,TOT,4.7,20,0,0,0,0,0,0,0,0,1
2367614,Richarlison,Richarlison de Andrade,Midfielder,TOT,6.5,45,0,0,0,0,0,0,0,0,1
2367614,Romero,Cristian Romero,Defender,TOT,5.0,90,0,0,1,0,0,0,0,2,8
2367614,Bissouma,Yves Bissouma,Midfielder,TOT,5.5,45,0,0,0,0,0,0,1,0,0
2367614,Emerson Royal,Emerson Aparecido Leite de Souza Junior,Defender,TOT,4.5,20,0,0,0,0,0,0,0,0,1
2367614,Porro,Pedro Porro,Defender,TOT,5.5,90,0,0,1,0,0,0,0,0,6
2367614,Kulusevski,Dejan Kulusevski,Midfielder,TOT,6.5,89,0,0,1,0,0,0,0,0,3
2367614,Sarr (Pape),Pape Sarr,Midfielder,TOT,5.0,90,0,0,1,0,0,0,0,0,3
2367614,Destiny Udogie,Iyenoma Destiny Udogie,Defender,TOT,4.5,80,0,0,1,0,0,0,0,0,6
2367614,van de Ven,Micky van de Ven,Defender,TOT,4.5,90,1,0,1,0,0,0,0,3,15
2367614,Véliz,Alejo Véliz,Forward,TOT,5.0,5,0,0,0,0,0,0,0,0,1
2367615,Maupay,Neal Maupay,Forward,BRE,4.9,28,0,0,0,2,0,1,0,0,0
2367615,Norgaard,Christian Norgaard,Midfielder,BRE,5.5,90,0,0,0,2,0,1,0,0,1
2367615,Strakosha,Thomas Strakosha,Goalkeeper,BRE,4.0,90,0,0,0,2,0,0,0,0,3
2367615,Ajer,Kristoffer Ajer,Defender,BRE,4.5,90,0,0,0,2,0,0,0,0,1
2367615,Janelt,Vitaly Janelt,Midfielder,BRE,5.0,68,0,0,1,0,0,1,0,0,2
2367615,Ghoddos,Saman Ghoddos,Midfielder,BRE,4.5,15,0,0,0,2,0,0,0,0,1
2367615,Jensen,Mathias Jensen,Midfielder,BRE,5.0,81,1,0,1,0,0,0,0,2,10
2367615,Wissa,Yoane Wissa,Forward,BRE,7.5,68,0,1,1,0,0,0,0,0,5
2367615,Roerslev,Mads Roerslev,Defender,BRE,4.5,90,0,0,0,2,0,0,0,0,1
2367615,Pinnock,Ethan Pinnock,Defender,BRE,4.5,90,0,0,0,2,0,0,0,0,1
2367615,Onyeka,Frank Onyeka,Midfielder,BRE,5.0,29,0,0,0,2,0,0,0,0,1
2367615,Collins,Nathan Collins,Defender,BRE,5.0,90,0,0,0,2,0,1,0,0,0
2367615,Mbeumo,Bryan Mbeumo,Midfielder,BRE,8.0,90,0,0,0,2,0,0,0,0,2
2367615,Hickey,Aaron Hickey,Defender,BRE,4.0,90,0,0,0,2,0,1,0,0,0
2367615,Evans,Jonny Evans,Defender,MUN,4.4,90,0,0,0,1,0,0,0,0,2
2367615,Casemiro,Carlos Henrique Jose Francisco Venancio,Midfielder,MUN,5.5,45,0,0,0,1,0,0,0,0,1
2367615,Eriksen,Christian Eriksen,Midfielder,MUN,5.2,45,0,0,0,0,0,0,0,0,1
2367615,Maguire,Harry Maguire,Defender,MUN,4.5,90,0,1,0,1,0,0,0,1,6
2367615,Bruno Fernandes,Bruno Miguel Borges Fernandes,Midfielder,MUN,9.0,90,0,0,0,1,0,0,0,0,2
2367615,Martial,Anthony Martial,Forward,MUN,6.4,27,0,0,0,0,0,0,0,0,1
2367615,Amrabat,Sofyan Amrabat,Midfielder,MUN,5.0,84,0,0,0,1,0,0,0,0,2
2367615,Rashford,Marcus Rashford,Midfielder,MUN,7.0,62,0,0,0,1,0,0,0,0,2
2367615,Mount,Mason Mount,Midfielder,MUN,6.0,62,0,0,0,1,0,0,0,0,2
2367615,Lindelof,Victor Nilsson-Lindelof,Defender,MUN,4.3,69,0,0,0,1,0,0,0,0,2
2367615,McTominay,Scott McTominay,Midfielder,MUN,4.9,12,2,0,0,0,0,0,0,3,14
2367615,Onana,André Onana,Goalkeeper,MUN,5.0,90,0,0,0,1,0,0,0,0,2
2367615,Dalot,José Diogo Dalot Teixeira,Defender,MUN,4.5,90,0,0,0,1,0,0,0,0,2
2367615,Antony,Antony Matheus dos Santos,Midfielder,MUN,6.0,34,0,0,0,0,0,0,0,0,1
2367615,Garnacho,Alejandro Garnacho Ferreyra,Midfielder,MUN,6.5,34,0,0,0,0,0,0,0,0,1
2367615,Højlund,Rasmus Højlund,Forward,MUN,6.5,90,0,0,0,1,0,0,0,0,2
2367616,Wilson (Callum),Callum Wilson,Forward,NEW,6.9,12,0,0,0,1,0,0,0,0,1
2367616,Trippier,Kieran Trippier,Defender,NEW,5.0,90,0,1,0,2,0,0,0,2,6
2367616,Burn,Dan Burn,Defender,NEW,5.0,90,0,0,0,2,0,0,0,0,1
2367616,Pope,Nick Pope,Goalkeeper,NEW,5.0,90,0,0,0,2,0,0,0,0,1
2367616,Lascelles,Jamaal Lascelles,Defender,NEW,4.5,90,0,0,0,2,0,0,0,0,1
2367616,Murphy (Jacob),Jacob Murphy,Midfielder,NEW,6.5,16,0,0,0,1,0,0,0,0,1
2367616,Schär,Fabian Schär,Defender,NEW,5.5,90,0,0,0,2,0,0,0,0,1
2367616,Targett,Matt Targett,Defender,NEW,4.0,5,0,0,0,0,0,0,0,0,1
2367616,Almirón,Miguel Almirón,Midfielder,NEW,5.4,82,0,0,0,1,0,1,0,0,1
2367616,Longstaff (Sean),Sean Longstaff,Midfielder,NEW,5.0,90,0,0,0,2,0,1,0,0,1
2367616,Bruno Guimarães,Bruno Guimarães Rodriguez Moura,Midfielder,NEW,6.5,90,0,0,0,2,0,1,0,0,1
2367616,Anderson,Elliot Anderson,Midfielder,NEW,5.5,90,0,0,0,2,0,0,0,0,2
2367616,Isak,Alexander Isak,Forward,NEW,10.5,85,2,0,0,1,0,0,0,3,13
2367616,Tonali,Sandro Tonali,Midfielder,NEW,5.5,90,0,0,0,2,0,0,0,0,2
2367616,Antonio,Michail Antonio,Forward,WHU,5.2,75,0,0,0,2,0,1,0,0,1
2367616,Areola,Alphonse Areola,Goalkeeper,WHU,4.5,90,0,0,0,2,0,0,0,0,1
2367616,Ward-Prowse,James Ward-Prowse,Midfielder,WHU,6.0,90,0,0,0,2,0,0,0,0,2
2367616,Zouma,Kurt Zouma,Defender,WHU,4.4,90,0,0,0,2,0,0,0,0,1
2367616,Emerson,Emerson Palmieri dos Santos,Defender,WHU,4.5,90,0,1,0,2,0,1,0,0,3
2367616,Coufal,Vladimir Coufal,Defender,WHU,4.1,90,0,1,0,2,0,0,0,1,5
2367616,Benrahma,Said Benrahma,Midfielder,WHU,5.6,22,0,0,0,0,0,0,0,0,1
2367616,Bowen,Jarrod Bowen,Midfielder,WHU,8.0,90,0,0,0,2,0,0,0,0,2
2367616,Aguerd,Nayef Aguerd,Defender,WHU,4.5,90,0,0,0,2,0,0,0,0,1
2367616,Álvarez (Edson),Edson Álvarez,Midfielder,WHU,5.0,90,0,0,0,2,0,0,0,0,2
2367616,Soucek,Tomas Soucek,Midfielder,WHU,6.0,75,1,0,0,2,0,0,0,1,8
2367616,Lucas Paquetá,Lucas Tolentino Coelho de Lima,Midfielder,WHU,6.0,90,0,0,0,2,0,1,0,0,1
2367616,Kudus,Mohammed Kudus,Midfielder,WHU,6.5,22,1,0,0,0,0,0,0,1,7
2367617,Martinez,Emiliano Martinez,Goalkeeper,AVL,5.0,90,0,0,0,1,0,0,0,1,3
2367617,Digne,Lucas Digne,Defender,AVL,4.5,90,0,0,0,1,0,0,0,0,2
2367617,McGinn,John McGinn,Midfielder,AVL,5.5,90,0,0,0,1,0,1,0,0,1
2367617,Diego Carlos,Diego Carlos Santos Silva,Defender,AVL,4.5,90,0,0,0,1,0,0,0,0,2
2367617,Tielemans,Youri Tielemans,Midfielder,AVL,6.0,20,0,0,0,0,0,0,0,0,1
2367617,Watkins,Ollie Watkins,Forward,AVL,9.0,90,0,1,0,1,0,0,0,0,5
2367617,Cash,Matthew Cash,Defender,AVL,4.5,75,0,0,0,1,0,0,0,0,2
2367617,Konsa Ngoyo,Ezri Konsa Ngoyo,Defender,AVL,4.5,90,0,0,0,1,0,0,0,0,2
2367617,Bailey,Leon Bailey,Midfielder,AVL,5.5,21,0,0,0,0,0,0,0,0,1
2367617,Kamara,Boubacar Kamara,Midfielder,AVL,5.0,75,0,0,0,1,0,1,0,0,1
2367617,Douglas Luiz,Douglas Luiz Soares de Paulo,Midfielder,AVL,5.4,90,0,0,0,1,0,0,0,0,2
2367617,Diaby,Moussa Diaby,Midfielder,AVL,6.5,58,0,0,0,1,0,0,0,0,2
2367617,Torres,Pau Torres,Defender,AVL,4.5,90,1,0,0,1,0,0,0,2,10
2367617,Zaniolo,Nicolò Zaniolo,Midfielder,AVL,5.4,38,0,0,0,0,0,0,0,0,1
2367617,Dawson,Craig Dawson,Defender,WOL,4.2,90,0,0,0,1,0,1,0,0,1
2367617,Doherty,Matt Doherty,Defender,WOL,4.5,45,0,0,0,1,0,0,0,0,1
2367617,José Sá,José Pedro Malheiro de Sá,Goalkeeper,WOL,4.5,90,0,0,0,1,0,0,0,0,3
2367617,Lemina (Mario),Mario Lemina,Midfielder,WOL,4.8,86,0,0,0,1,0,0,1,0,0
2367617,Hwang Hee-Chan,Hee-Chan Hwang,Midfielder,WOL,6.0,78,1,0,0,1,0,0,0,3,10
2367617,Semedo,Nelson Semedo,Defender,WOL,4.5,90,0,0,0,1,0,1,0,0,1
2367617,Kilman,Max Kilman,Defender,WOL,4.5,90,0,0,0,1,0,0,0,0,2
2367617,Neto,Pedro Neto,Midfielder,WOL,7.0,90,0,1,0,1,0,0,0,0,5
2367617,Kalajdzic,Sasa Kalajdzic,Forward,WOL,5.0,26,0,0,0,0,0,1,0,0,1
2367617,Matheus Cunha,Matheus Santos Carneiro Da Cunha,Forward,WOL,8.0,70,0,0,0,1,0,0,0,0,2
2367617,João Gomes,João Victor Gomes da Silva,Midfielder,WOL,5.5,63,0,0,0,1,0,0,0,0,2
2367617,Ait Nouri,Rayan Ait Nouri,Defender,WOL,6.0,45,0,0,0,0,0,0,0,0,1
2367617,Fabio Silva,Fabio Daniel Soares Silva,Forward,WOL,5.0,18,0,0,0,0,0,0,0,0,1
2367617,Traoré (Boubacar),Boubacar Traoré,Midfielder,WOL,5.0,33,0,0,0,0,0,0,0,0,1
2367617,Toti,Toti António Gomes,Defender,WOL,4.5,90,0,0,0,1,0,0,0,0,2
2367618,Neto,Norberto Murara Neto,Goalkeeper,BOU,4.5,90,0,0,0,2,0,0,0,0,2
2367618,Brooks (David),David Brooks,Midfielder,BOU,5.0,57,0,0,0,1,0,0,0,0,1
2367618,Moore (Kieffer),Kieffer Moore,Forward,BOU,4.6,12,0,0,0,1,0,0,0,0,1
2367618,Solanke,Dominic Solanke,Forward,BOU,7.5,85,1,0,0,1,0,0,0,1,7
2367618,Cook (Lewis),Lewis Cook,Midfielder,BOU,5.0,53,0,0,0,1,0,0,1,0,0
2367618,Rothwell,Joe Rothwell,Midfielder,BOU,4.8,39,0,0,0,1,0,0,0,0,1
2367618,Christie,Ryan Christie,Midfielder,BOU,5.0,39,0,0,0,1,0,0,0,0,1
2367618,Billing,Philip Billing,Midfielder,BOU,5.0,90,0,1,0,2,0,0,0,1,6
2367618,Tavernier,Marcus Tavernier,Midfielder,BOU,5.5,74,0,0,0,1,0,0,0,0,2
2367618,Senesi,Marcos Senesi,Defender,BOU,4.5,12,0,0,0,1,0,0,0,0,1
2367618,Aarons,Maximillian Aarons,Defender,BOU,4.3,90,0,0,0,2,0,0,0,0,1
2367618,Kelly (Lloyd),Lloyd Kelly,Defender,BOU,4.2,90,0,0,0,2,0,0,0,0,1
2367618,Zabarnyi,Illia Zabarnyi,Defender,BOU,5.0,90,0,0,0,2,0,1,0,0,0
2367618,Scott,Alex Scott,Midfielder,BOU,5.0,57,0,0,0,1,0,1,0,0,0
2367618,Dango Ouattara,Dango Ouattara,Midfielder,BOU,6.0,22,0,0,0,1,0,0,0,0,1
2367618,Kerkez,Milos Kerkez,Defender,BOU,6.0,84,0,0,0,1,0,0,0,0,2
2367618,Dawson,Craig Dawson,Defender,WOL,4.2,90,0,0,0,1,0,0,0,0,2
2367618,Doherty,Matt Doherty,Defender,WOL,4.5,90,0,0,0,1,0,0,0,0,2
2367618,Sarabia,Pablo Sarabia,Midfielder,WOL,5.0,21,0,0,0,0,0,1,0,0,0
2367618,José Sá,José Pedro Malheiro de Sá,Goalkeeper,WOL,4.5,90,0,0,0,1,0,0,0,0,3
2367618,Hwang Hee-Chan,Hee-Chan Hwang,Midfielder,WOL,6.0,90,0,1,0,1,0,1,0,0,4
2367618,Kilman,Max Kilman,Defender,WOL,4.5,90,0,0,0,1,0,1,0,0,1
2367618,Doyle,Tommy Doyle,Midfielder,WOL,4.7,45,0,0,0,0,0,0,0,0,1
2367618,Neto,Pedro Neto,Midfielder,WOL,7.0,90,0,1,0,1,0,1,0,0,4
2367618,Kalajdzic,Sasa Kalajdzic,Forward,WOL,5.0,15,1,0,0,0,0,0,0,3,8
2367618,Matheus Cunha,Matheus Santos Carneiro Da Cunha,Forward,WOL,8.0,81,1,0,0,1,0,1,0,2,7
2367618,João Gomes,João Victor Gomes da Silva,Midfielder,WOL,5.5,45,0,0,0,1,0,0,0,0,1
2367618,Ait Nouri,Rayan Ait Nouri,Defender,WOL,6.0,90,0,0,0,1,0,0,0,0,2
2367618,Traoré (Boubacar),Boubacar Traoré,Midfielder,WOL,5.0,90,0,0,0,1,0,1,0,0,1
2367618,Toti,Toti António Gomes,Defender,WOL,4.5,75,0,0,0,1,0,0,0,0,2
2367619,Martinez,Emiliano Martinez,Goalkeeper,AVL,5.0,90,0,0,0,1,0,0,0,0,3
2367619,Digne,Lucas Digne,Defender,AVL,4.5,90,0,0,0,1,0,0,0,0,2
2367619,McGinn,John McGinn,Midfielder,AVL,5.5,90,0,1,0,1,0,0,0,0,5
2367619,Tielemans,Youri Tielemans,Midfielder,AVL,6.0,11,0,1,0,0,0,0,0,0,4
2367619,Watkins,Ollie Watkins,Forward,AVL,9.0,90,1,1,0,1,0,0,0,2,11
2367619,Cash,Matthew Cash,Defender,AVL,4.5,90,0,0,0,1,0,0,0,0,2
2367619,Konsa Ngoyo,Ezri Konsa Ngoyo,Defender,AVL,4.5,90,0,1,0,1,0,0,0,1,6
2367619,Bailey,Leon Bailey,Midfielder,AVL,5.5,21,1,0,0,0,0,0,0,0,6
2367619,Kamara,Boubacar Kamara,Midfielder,AVL,5.0,90,0,0,0,1,0,0,0,0,2
2367619,Douglas Luiz,Douglas Luiz Soares de Paulo,Midfielder,AVL,5.4,90,2,0,0,1,0,0,0,3,15
2367619,Diaby,Moussa Diaby,Midfielder,AVL,6.5,84,0,0,0,1,0,0,0,0,2
2367619,Torres,Pau Torres,Defender,AVL,4.5,90,0,0,0,1,0,0,0,0,2
2367619,Zaniolo,Nicolò Zaniolo,Midfielder,AVL,5.4,74,0,0,0,1,0,0,0,0,2
2367619,Antonio,Michail Antonio,Forward,WHU,5.2,88,0,0,0,4,0,0,0,0,2
2367619,Areola,Alphonse Areola,Goalkeeper,WHU,4.5,90,0,0,0,4,0,0,0,0,1
2367619,Ings,Danny Ings,Forward,WHU,4.8,11,0,0,0,1,0,0,0,0,1
2367619,Ward-Prowse,James Ward-Prowse,Midfielder,WHU,6.0,90,0,0,0,4,0,0,0,0,2
2367619,Zouma,Kurt Zouma,Defender,WHU,4.4,90,0,0,0,4,0,0,0,0,0
2367619,Emerson,Emerson Palmieri dos Santos,Defender,WHU,4.5,90,0,0,0,4,0,1,0,0,0
2367619,Coufal,Vladimir Coufal,Defender,WHU,4.1,90,0,0,0,4,0,0,0,0,0
2367619,Bowen,Jarrod Bowen,Midfielder,WHU,8.0,90,1,0,0,4,0,0,0,1,8
2367619,Aguerd,Nayef Aguerd,Defender,WHU,4.5,90,0,0,0,4,0,0,0,0,0
2367619,Álvarez (Edson),Edson Álvarez,Midfielder,WHU,5.0,90,0,1,0,4,0,0,0,0,5
2367619,Soucek,Tomas Soucek,Midfielder,WHU,6.0,65,0,0,0,2,0,0,0,0,2
2367619,Fornals,Pablo Fornals,Midfielder,WHU,4.6,7,0,0,0,0,0,0,0,0,1
2367619,Lucas Paquetá,Lucas Tolentino Coelho de Lima,Midfielder,WHU,6.0,84,0,0,0,3,0,0,0,0,2
2367619,Kudus,Mohammed Kudus,Midfielder,WHU,6.5,30,0,0,0,2,0,0,0,0,1
2367620,Maupay,Neal Maupay,Forward,BRE,4.9,87,0,1,1,0,0,0,0,0,5
2367620,Flekken,Mark Flekken,Goalkeeper,BRE,4.5,90,0,0,1,0,0,0,0,0,6
2367620,Norgaard,Christian Norgaard,Midfielder,BRE,5.5,90,0,0,1,0,0,0,0,0,3
2367620,Ajer,Kristoffer Ajer,Defender,BRE,4.5,74,0,0,1,0,0,1,0,0,5
2367620,Janelt,Vitaly Janelt,Midfielder,BRE,5.0,90,0,0,1,0,0,1,0,0,2
2367620,Ghoddos,Saman Ghoddos,Midfielder,BRE,4.5,14,1,0,0,0,0,1,0,0,5
2367620,Jensen,Mathias Jensen,Midfielder,BRE,5.0,74,0,0,1,0,0,1,0,0,2
2367620,Wissa,Yoane Wissa,Forward,BRE,7.5,90,1,0,1,0,0,0,0,2,8
2367620,Roerslev,Mads Roerslev,Defender,BRE,4.5,22,0,0,0,0,0,0,0,0,1
2367620,Pinnock,Ethan Pinnock,Defender,BRE,4.5,90,0,0,1,0,0,0,0,1,7
2367620,Onyeka,Frank Onyeka,Midfielder,BRE,5.0,82,0,0,1,0,0,1,0,0,2
2367620,Collins,Nathan Collins,Defender,BRE,5.0,90,0,0,1,0,0,0,0,0,6
2367620,Mbeumo,Bryan Mbeumo,Midfielder,BRE,8.0,90,1,1,1,0,0,0,0,3,14
2367620,Olakigbe,Michael Olakigbe,Midfielder,BRE,4.5,9,0,0,0,0,0,0,0,0,1
2367620,Yarmolyuk,Ehor Yarmolyuk,Midfielder,BRE,5.0,22,0,0,0,0,0,0,0,0,1
2367620,Redmond,Nathan Redmond,Midfielder,BUR,4.7,21,0,0,0,1,0,0,0,0,1
2367620,Taylor (Charlie),Charlie Taylor,Defender,BUR,3.9,90,0,0,0,3,0,0,0,0,1
2367620,Cullen,Josh Cullen,Midfielder,BUR,5.0,90,0,0,0,3,0,1,0,0,1
2367620,Brownhill,Josh Brownhill,Midfielder,BUR,4.7,31,0,0,0,1,0,0,0,0,1
2367620,Bruun Larsen,Jacob Bruun Larsen,Midfielder,BUR,5.5,14,0,0,0,0,0,0,0,0,1
2367620,Roberts (Connor),Connor Roberts,Defender,BUR,4.5,76,0,0,0,2,0,0,1,0,0
2367620,Berge,Sander Berge,Midfielder,BUR,5.0,65,0,0,0,2,0,1,0,0,1
2367620,O'Shea,Dara O'Shea,Defender,BUR,3.8,90,0,0,0,3,0,0,0,0,1
2367620,Delcroix,Hannes Delcroix,Defender,BUR,4.0,17,0,0,0,1,0,0,0,0,1
2367620,Trafford,James Trafford,Goalkeeper,BUR,5.0,90,0,0,0,3,0,0,0,0,3
2367620,Foster,Lyle Foster,Forward,BUR,5.0,90,0,0,0,3,0,0,0,0,2
2367620,Trésor,Mike Trésor,Midfielder,BUR,4.5,65,0,0,0,2,0,0,0,0,2
2367620,Koleosho,Luca Koleosho,Midfielder,BUR,5.0,45,0,0,0,2,0,0,0,0,1
2367620,Al Dakhil,Ameen Al Dakhil,Defender,BUR,3.8,90,0,0,0,3,0,0,0,0,1
2367620,Amdouni,Zeki Amdouni,Forward,BUR,5.0,74,0,0,0,2,0,0,0,0,2
2367620,Odobert,Wilson Odobert,Midfielder,BUR,5.5,45,0,0,0,1,0,0,0,0,1
2367621,Jorginho,Jorge Luiz Frello Filho,Midfielder,ARS,4.6,65,0,0,0,2,0,0,0,0,2
2367621,Trossard,Leandro Trossard,Midfielder,ARS,7.0,20,1,0,0,0,0,0,0,0,6
2367621,Raya Martin,David Raya Martin,Goalkeeper,ARS,5.5,90,0,0,0,2,0,0,0,0,2
2367621,Odegaard,Martin Odegaard,Midfielder,ARS,8.0,75,0,0,0,2,0,0,0,0,2
2367621,White (Ben),Ben White,Defender,ARS,5.5,90,0,0,0,2,0,1,0,0,0
2367621,Rice,Declan Rice,Midfielder,ARS,6.5,90,1,0,0,2,0,0,0,2,9
2367621,Eddie Nketiah,Edward Nketiah,Forward,ARS,5.5,31,0,0,0,0,0,1,0,0,0
2367621,Jesus,Gabriel Fernando de Jesus,Forward,ARS,6.5,65,0,0,0,2,0,0,0,0,2
2367621,Zinchenko,Oleksandr Zinchenko,Defender,ARS,5.0,44,0,0,0,1,0,1,0,0,0
2367621,Smith-Rowe,Emile Smith-Rowe,Midfielder,ARS,6.0,31,0,0,0,0,0,0,0,0,1
2367621,Havertz,Kai Havertz,Midfielder,ARS,7.5,21,0,0,0,0,0,0,0,0,1
2367621,Saka,Bukayo Saka,Midfielder,ARS,10.0,90,0,1,0,2,0,0,0,0,5
2367621,Tomiyasu,Takehiro Tomiyasu,Defender,ARS,4.8,45,0,0,0,1,0,0,0,0,1
2367621,Gabriel Magalhães,Gabriel dos Santos Magalhães,Defender,ARS,6.0,90,0,0,0,2,0,0,0,0,1
2367621,Martinelli,Gabriel Teodoro Martinelli Silva,Midfielder,ARS,7.0,75,0,0,0,2,0,0,0,0,2
2367621,Saliba,William Saliba,Defender,ARS,6.0,90,0,0,0,2,0,0,0,0,1
2367621,Thiago Silva,Thiago Emiliano da Silva,Defender,CHE,5.0,90,0,0,0,2,0,1,0,0,0
2367621,Sterling (Raheem),Raheem Sterling,Midfielder,CHE,6.7,81,0,0,0,1,0,0,0,0,2
2367621,Cucurella,Marc Cucurella,Defender,CHE,6.0,90,0,0,0,2,0,1,0,0,0
2367621,Sanchez,Robert Sanchez,Goalkeeper,CHE,5.0,90,0,0,0,2,0,0,0,0,1
2367621,James,Reece James,Defender,CHE,5.5,15,0,0,0,1,0,0,0,0,1
2367621,Gallagher,Conor Gallagher,Midfielder,CHE,5.9,90,0,1,0,2,0,0,0,1,6
2367621,Palmer,Cole Palmer,Midfielder,CHE,10.5,81,1,0,0,1,0,1,0,0,6
2367621,Madueke,Noni Madueke,Midfielder,CHE,7.0,15,0,0,0,1,0,0,0,0,1
2367621,Fernández (Enzo),Enzo Fernández,Midfielder,CHE,6.5,90,0,0,0,2,0,0,0,0,2
2367621,Colwill,Levi Colwill,Defender,CHE,5.0,90,0,0,0,2,0,0,0,0,1
2367621,Mudryk,Mykhailo Mudryk,Midfielder,CHE,5.0,63,1,1,1,0,0,0,0,3,14
2367621,Gusto,Malo Gusto,Defender,CHE,5.0,90,0,0,0,2,0,0,0,0,1
2367621,Moises Caicedo,Moises Caicedo,Midfielder,CHE,5.5,90,0,0,0,2,0,0,0,0,2
2367621,Jackson (Nicolas),Nicolas Jackson,Forward,CHE,6.5,33,0,0,0,2,0,0,0,0,1
2367622,Tarkowski,James Tarkowski,Defender,EVE,5.5,90,0,0,0,2,0,1,0,0,0
2367622,Young (Ashley),Ashley Young,Defender,EVE,4.2,37,0,0,0,0,0,0,1,0,0
2367622,Keane,Michael Keane,Defender,EVE,4.5,45,0,0,0,2,0,0,0,0,0
2367622,Pickford,Jordan Pickford,Goalkeeper,EVE,5.5,90,0,0,0,2,0,0,0,0,2
2367622,Doucouré,Abdoulaye Doucouré,Midfielder,EVE,5.1,90,0,0,0,2,0,0,0,0,2
2367622,Calvert-Lewin,Dominic Calvert-Lewin,Forward,EVE,5.4,60,0,0,1,0,0,0,0,0,2
2367622,Danjuma Groeneveld,Arnaut Danjuma Groeneveld,Midfielder,EVE,5.2,20,0,0,0,1,0,0,0,0,1
2367622,Harrison (Jack),Jack Harrison,Midfielder,EVE,5.5,45,0,0,0,0,0,0,0,0,1
2367622,Mykolenko,Vitaliy Mykolenko,Defender,EVE,5.0,86,0,0,0,1,0,0,0,0,2
2367622,Garner,James Garner,Midfielder,EVE,5.0,90,0,0,0,2,0,0,0,0,2
2367622,Patterson (Nathan),Nathan Patterson,Defender,EVE,4.5,45,0,0,0,2,0,0,0,0,0
2367622,McNeil,Dwight McNeil,Midfielder,EVE,6.0,45,0,0,0,0,0,0,0,0,1
2367622,Mvom Onana,Amadou Mvom Onana,Midfielder,EVE,5.0,78,0,0,0,1,0,0,0,0,2
2367622,Branthwaite,Jarrad Branthwaite,Defender,EVE,5.5,90,0,0,0,2,0,0,0,0,1
2367622,Beto,Norberto Bercique Gomes Betuncal,Forward,EVE,5.5,38,0,0,0,2,0,0,0,0,1
2367622,Youssef Chermiti,Youssef Ramalho Chermiti,Forward,EVE,5.0,12,0,0,0,1,0,0,0,0,1
2367622,Matip,Joel Matip,Defender,LIV,4.8,32,0,0,0,0,0,0,0,0,1
2367622,van Dijk,Virgil van Dijk,Defender,LIV,6.0,90,0,0,1,0,0,0,0,1,7
2367622,Alisson,Alisson Ramses Becker,Goalkeeper,LIV,5.5,90,0,0,1,0,0,0,0,2,8
2367622,Salah,Mohamed Salah,Midfielder,LIV,14.5,90,2,0,1,0,0,0,0,3,16
2367622,Alexander-Arnold,Trent Alexander-Arnold,Defender,LIV,7.2,90,0,0,1,0,0,0,0,0,6
2367622,Gomez,Joseph Gomez,Defender,LIV,5.0,20,0,0,0,0,0,0,0,0,1
2367622,Diogo Jota,Diogo José Teixeira da Silva,Midfielder,LIV,7.2,90,0,0,1,0,0,0,0,0,3
2367622,Konaté,Ibrahima Konaté,Defender,LIV,5.5,66,0,0,1,0,0,1,0,0,5
2367622,Tsimikas,Konstantinos Tsimikas,Defender,LIV,5.0,61,0,0,1,0,0,0,0,0,6
2367622,Mac Allister,Alexis Mac Allister,Midfielder,LIV,6.5,90,0,0,1,0,0,0,0,0,3
2367622,Díaz,Luis Díaz,Midfielder,LIV,8.0,78,0,1,1,0,0,0,0,0,6
2367622,Szoboszlai,Dominik Szoboszlai,Midfielder,LIV,6.5,90,0,0,1,0,0,0,0,0,3
2367622,Gravenberch,Ryan Gravenberch,Midfielder,LIV,5.5,61,0,0,1,0,0,0,0,0,3
2367622,Elliott,Harvey Elliott,Midfielder,LIV,5.5,37,0,0,0,0,0,0,0,0,1
2367622,Núñez,Darwin Núñez,Forward,LIV,6.5,37,0,1,0,0,0,0,0,0,4
2367623,Milner,James Milner,Midfielder,BHA,5.0,45,0,0,0,2,0,0,0,0,1
2367623,Steele,Jason Steele,Goalkeeper,BHA,4.5,90,0,0,0,2,0,0,0,0,2
2367623,Welbeck,Danny Welbeck,Forward,BHA,6.5,14,0,0,0,1,0,0,0,0,1
2367623,Groß,Pascal Groß,Midfielder,BHA,6.5,90,0,0,0,2,0,0,0,0,2
2367623,Dunk,Lewis Dunk,Defender,BHA,4.5,90,0,0,0,2,0,0,0,0,1
2367623,March,Solomon March,Midfielder,BHA,6.0,89,0,0,0,2,0,1,0,0,1
2367623,Veltman,Joël Veltman,Defender,BHA,4.5,45,0,0,0,0,0,0,0,0,1
2367623,Igor Julio,Igor Julio dos Santos de Paulo,Defender,BHA,4.5,90,0,0,0,2,0,1,0,0,0
2367623,Gilmour,Billy Gilmour,Midfielder,BHA,5.0,29,0,0,0,0,0,0,0,0,1
2367623,Mitoma,Kaoru Mitoma,Midfielder,BHA,6.5,90,0,0,0,2,0,0,0,0,2
2367623,Ansu Fati,Anssumane Fati,Midfielder,BHA,6.4,30,1,0,0,0,0,0,0,1,7
2367623,van Hecke,Jan-Paul van Hecke,Defender,BHA,4.5,6,0,0,0,0,0,0,0,0,1
2367623,João Pedro,João Pedro Junqueira de Jesus,Forward,BHA,7.5,65,0,0,0,2,0,0,0,0,2
2367623,Ferguson (Evan),Evan Ferguson,Forward,BHA,5.5,79,0,0,0,1,0,0,0,0,2
2367623,Baleba,Carlos Baleba,Midfielder,BHA,5.0,65,0,0,0,2,0,0,0,0,2
2367623,Adingra,Simon Adingra,Midfielder,BHA,5.5,90,0,0,0,2,0,0,0,0,2
2367623,Walker,Kyle Walker,Defender,MCI,4.5,90,0,0,0,1,0,0,0,0,2
2367623,Ortega Moreno,Stefan Ortega Moreno,Goalkeeper,MCI,5.0,90,0,0,0,1,0,0,0,0,2
2367623,Stones,John Stones,Defender,MCI,5.5,74,0,0,0,1,0,0,0,0,2
2367623,Grealish,Jack Grealish,Midfielder,MCI,6.5,20,0,0,0,0,0,1,0,0,0
2367623,Aké,Nathan Aké,Defender,MCI,5.5,3,0,0,0,0,0,0,0,0,1
2367623,Bernardo Silva,Bernardo Mota Veiga de Carvalho e Silva,Midfielder,MCI,6.5,90,0,0,0,1,0,0,0,0,2
2367623,Rúben Dias,Rúben Santos Gato Alves Dias,Defender,MCI,5.5,20,0,0,0,0,0,0,0,0,1
2367623,Foden,Phil Foden,Midfielder,MCI,8.0,90,0,0,0,1,0,0,0,0,2
2367623,Akanji,Manuel Akanji,Defender,MCI,5.5,90,0,0,0,1,0,0,1,0,0
2367623,Rodri,Rodrigo Hernández Cascante,Midfielder,MCI,6.5,90,0,0,0,1,0,1,0,0,1
2367623,Haaland,Erling Haaland,Forward,MCI,14.0,90,1,0,0,1,0,0,0,2,8
2367623,Doku,Jéremy Doku,Midfielder,MCI,6.5,74,0,1,0,1,0,0,0,1,6
2367623,Álvarez (Julián),Julián Álvarez,Forward,MCI,7.0,90,1,0,0,1,0,0,0,3,9
2367623,Gvardiol,Joško Gvardiol,Defender,MCI,6.0,90,0,0,0,1,0,0,0,0,2
2367624,Ward,Joel Ward,Defender,CRY,4.3,90,0,0,0,4,0,0,0,0,0
2367624,Ayew (Jordan),Jordan Ayew,Midfielder,CRY,5.1,90,0,0,0,4,0,0,0,0,2
2367624,Johnstone,Sam Johnstone,Goalkeeper,CRY,4.5,90,0,0,0,4,0,0,0,0,1
2367624,Hughes,Will Hughes,Midfielder,CRY,5.0,70,0,0,0,4,0,0,0,0,2
2367624,Lerma,Jefferson Lerma,Midfielder,CRY,5.0,87,0,0,0,4,0,0,0,0,2
2367624,Andersen (Joachim),Joachim Andersen,Defender,CRY,4.5,90,0,0,0,4,0,0,0,0,0
2367624,Edouard,Odsonne Edouard,Forward,CRY,5.0,90,0,0,0,4,0,1,0,0,1
2367624,Marc Guehi,Addji Keaninkin Marc-Israel Guehi,Defender,CRY,4.5,90,0,0,0,4,0,0,0,0,0
2367624,Mateta,Jean-Philippe Mateta,Forward,CRY,7.5,60,0,0,0,3,0,1,0,0,1
2367624,Mitchell,Tyrick Mitchell,Defender,CRY,5.0,90,0,0,0,4,0,1,0,0,0
2367624,Doucoure,Cheick Oumar Doucoure,Midfielder,CRY,5.0,90,0,0,0,4,0,0,0,0,2
2367624,Rak-Sakyi,Jesurun Rak-Sakyi,Midfielder,CRY,4.5,33,0,0,0,1,0,0,0,0,1
2367624,Ozoh,David Ozoh,Midfielder,CRY,4.5,6,0,0,0,0,0,0,0,0,1
2367624,Matheus França,Matheus França de Oliveira,Midfielder,CRY,4.5,23,0,0,0,0,0,0,0,0,1
2367624,Wilson (Callum),Callum Wilson,Forward,NEW,6.9,70,1,0,1,0,0,0,0,0,6
2367624,Trippier,Kieran Trippier,Defender,NEW,5.0,68,0,1,1,0,0,1,0,2,10
2367624,Burn,Dan Burn,Defender,NEW,5.0,90,0,0,1,0,0,0,0,0,6
2367624,Pope,Nick Pope,Goalkeeper,NEW,5.0,90,0,0,1,0,0,0,0,0,7
2367624,Lascelles,Jamaal Lascelles,Defender,NEW,4.5,90,0,0,1,0,0,0,0,0,6
2367624,Murphy (Jacob),Jacob Murphy,Midfielder,NEW,6.5,90,1,2,1,0,0,0,0,3,17
2367624,Schär,Fabian Schär,Defender,NEW,5.5,90,0,0,1,0,0,0,0,1,7
2367624,Almirón,Miguel Almirón,Midfielder,NEW,5.4,24,0,0,0,0,0,0,0,0,1
2367624,Longstaff (Sean),Sean Longstaff,Midfielder,NEW,5.0,90,1,0,1,0,0,1,0,0,7
2367624,Joelinton,Joelinton Cássio Apolinário de Lira,Midfielder,NEW,6.0,80,0,0,1,0,0,0,0,0,3
2367624,Bruno Guimarães,Bruno Guimarães Rodriguez Moura,Midfielder,NEW,6.5,69,0,0,1,0,0,0,0,0,3
2367624,Anderson,Elliot Anderson,Midfielder,NEW,5.5,13,0,0,0,0,0,0,0,0,1
2367624,Isak,Alexander Isak,Forward,NEW,10.5,24,0,0,0,0,0,0,0,0,1
2367624,Gordon (Anthony),Anthony Gordon,Midfielder,NEW,7.5,69,1,0,1,0,0,0,0,0,8
2367624,Tonali,Sandro Tonali,Midfielder,NEW,5.5,24,0,0,0,0,0,0,0,0,1
2367624,Livramento,Valentino Livramento,Defender,NEW,5.0,25,0,0,0,0,0,0,0,0,1
2367625,Kaminski,Thomas Kaminski,Goalkeeper,LUT,4.0,90,0,0,0,2,0,0,0,0,3
2367625,Townsend,Andros Townsend,Midfielder,LUT,5.0,27,0,1,0,1,0,0,0,0,4
2367625,Barkley,Ross Barkley,Midfielder,LUT,5.0,27,0,0,0,1,0,0,0,0,1
2367625,Woodrow,Cauley Woodrow,Forward,LUT,4.3,18,0,0,0,0,0,0,0,0,1
2367625,Ruddock Mpanzu,Pelly Ruddock Mpanzu,Midfielder,LUT,4.6,70,0,0,0,1,0,0,0,0,2
2367625,Lockyer,Tom Lockyer,Defender,LUT,4.2,90,0,1,0,2,0,0,0,0,4
2367625,Burke,Reece Burke,Defender,LUT,4.0,54,0,0,0,1,0,0,0,0,1
2367625,Morris,Carlton Morris,Forward,LUT,4.7,79,0,0,0,2,0,0,0,0,2
2367625,Adebayo,Elijah Adebayo,Forward,LUT,4.8,27,1,0,0,1,0,0,0,0,5
2367625,Nakamba,Marvelous Nakamba,Midfielder,LUT,4.3,90,0,0,0,2,0,0,0,0,2
2367625,Chong,Tahith Chong,Midfielder,LUT,4.4,70,0,0,0,1,0,0,0,0,2
2367625,Ogbene,Chiedozie Ogbene,Forward,LUT,4.8,90,1,0,0,2,0,0,0,2,8
2367625,Brown,Jacob Brown,Forward,LUT,4.9,70,0,0,0,1,0,0,0,0,2
2367625,Doughty,Alfie Doughty,Defender,LUT,4.3,90,0,0,0,2,0,0,0,0,1
2367625,Mengi,Teden Mengi,Defender,LUT,3.9,90,0,0,0,2,0,0,0,0,1
2367625,Issa Kabore,Issa Kabore,Defender,LUT,4.5,44,0,0,0,1,0,0,0,0,1
2367625,Kouyaté,Cheikhou Kouyaté,Midfielder,NFO,4.8,21,0,0,0,2,0,0,0,0,1
2367625,Wood,Chris Wood,Forward,NFO,7.5,90,2,0,0,2,0,0,0,3,13
2367625,Aurier,Serge Aurier,Defender,NFO,4.5,86,0,0,0,1,0,0,0,0,2
2367625,Boly,Willy Boly,Defender,NFO,4.0,76,0,0,1,0,0,0,0,0,6
2367625,Toffolo,Harry Toffolo,Defender,NFO,4.2,90,0,0,0,2,0,0,0,0,1
2367625,Aina,Ola Aina,Defender,NFO,5.0,12,0,0,0,1,0,0,0,0,1
2367625,Mangala,Orel Mangala,Midfielder,NFO,5.0,90,0,0,0,2,0,0,0,0,2
2367625,Yates,Ryan Yates,Midfielder,NFO,5.0,22,0,0,0,2,0,0,0,0,1
2367625,Worrall,Joe Worrall,Defender,NFO,4.0,21,0,0,0,2,0,0,0,0,0
2367625,Sangaré,Ibrahim Sangaré,Midfielder,NFO,5.0,76,0,0,1,0,0,1,0,0,2
2367625,Williams (Neco),Neco Williams,Defender,NFO,5.0,12,0,0,0,1,0,0,0,0,1
2367625,Gibbs-White,Morgan Gibbs-White,Midfielder,NFO,7.5,90,0,0,0,2,0,1,0,0,1
2367625,Turner,Matt Turner,Goalkeeper,NFO,4.0,90,0,0,0,2,0,0,0,0,1
2367625,Nicolás Domínguez,Nicolás Domínguez,Midfielder,NFO,5.0,76,0,0,1,0,0,0,0,0,3
2367625,Elanga,Anthony Elanga,Midfielder,NFO,7.0,86,0,2,0,1,0,0,0,1,9
2367625,Murillo,Murillo Santiago Costa dos Santos,Defender,NFO,5.5,90,0,0,0,2,0,1,0,0,0
2367626,Evans,Jonny Evans,Defender,MUN,4.4,82,0,0,0,1,0,1,0,0,1
2367626,Eriksen,Christian Eriksen,Midfielder,MUN,5.2,31,0,0,0,0,0,0,0,0,1
2367626,Varane,Raphael Varane,Defender,MUN,4.9,12,0,0,0,0,0,0,0,0,1
2367626,Maguire,Harry Maguire,Defender,MUN,4.5,90,0,0,0,1,0,0,0,0,2
2367626,Bruno Fernandes,Bruno Miguel Borges Fernandes,Midfielder,MUN,9.0,90,0,1,0,1,0,0,0,2,7
2367626,Martial,Anthony Martial,Forward,MUN,6.4,32,0,0,0,0,0,0,0,0,1
2367626,Amrabat,Sofyan Amrabat,Midfielder,MUN,5.0,90,0,0,0,1,0,0,0,0,2
2367626,Rashford,Marcus Rashford,Midfielder,MUN,7.0,86,0,0,0,1,0,0,0,0,2
2367626,Mount,Mason Mount,Midfielder,MUN,6.0,8,0,0,0,0,0,0,0,0,1
2367626,Lindelof,Victor Nilsson-Lindelof,Defender,MUN,4.3,90,0,1,0,1,0,0,0,0,5
2367626,McTominay,Scott McTominay,Midfielder,MUN,4.9,63,1,0,0,1,0,0,0,0,7
2367626,Onana,André Onana,Goalkeeper,MUN,5.0,90,0,0,0,1,0,0,0,0,3
2367626,Dalot,José Diogo Dalot Teixeira,Defender,MUN,4.5,90,1,0,0,1,0,0,0,3,11
2367626,Antony,Antony Matheus dos Santos,Midfielder,MUN,6.0,63,0,0,0,1,0,0,0,0,2
2367626,Garnacho,Alejandro Garnacho Ferreyra,Midfielder,MUN,6.5,31,0,0,0,0,0,0,0,0,1
2367626,Højlund,Rasmus Højlund,Forward,MUN,6.5,63,0,0,0,1,0,0,0,0,2
2367626,Norwood,Oliver Norwood,Midfielder,SHU,4.8,90,0,0,0,2,0,0,0,0,2
2367626,Foderingham,Wes Foderingham,Goalkeeper,SHU,4.0,90,0,0,0,2,0,0,0,0,2
2367626,Robinson (Jack),Jack Robinson,Defender,SHU,4.3,90,0,0,0,2,0,0,0,0,1
2367626,Osborn,Ben Osborn,Midfielder,SHU,4.8,17,0,0,0,0,0,0,0,0,1
2367626,McBurnie,Oliver McBurnie,Forward,SHU,5.4,51,1,0,0,1,0,0,0,1,6
2367626,Brewster,Rhian Brewster,Forward,SHU,4.9,43,0,0,0,1,0,0,0,0,1
2367626,Hamer,Gustavo Hamer,Midfielder,SHU,4.9,83,0,0,0,2,0,0,0,0,2
2367626,Trusty,Auston Trusty,Defender,SHU,3.9,90,0,0,0,2,0,1,0,0,0
2367626,Bogle,Jayden Bogle,Defender,SHU,4.5,90,0,0,0,2,0,0,0,0,1
2367626,Thomas (Luke),Luke Thomas,Defender,SHU,3.9,90,0,0,0,2,0,1,0,0,0
2367626,Vinicius Souza,Vinicius de Souza Costa,Midfielder,SHU,5.0,90,0,0,0,2,0,1,0,0,1
2367626,Mcatee,James Mcatee,Midfielder,SHU,5.5,77,0,1,0,2,0,0,0,0,5
2367626,Archer,Cameron Archer,Forward,SHU,4.8,90,0,0,0,2,0,0,0,0,2
2367626,Traoré (Bénie),Bénie Traoré,Forward,SHU,5.1,12,0,0,0,0,0,0,0,0,1
2367627,Willian,Willian Borges Da Silva,Midfielder,FUL,5.0,90,0,0,0,2,0,0,0,0,2
2367627,Cairney,Tom Cairney,Midfielder,FUL,5.0,16,0,0,0,0,0,0,0,0,1
2367627,Leno,Bernd Leno,Goalkeeper,FUL,5.0,90,0,0,0,2,0,0,0,0,2
2367627,Ream,Tim Ream,Defender,FUL,4.5,90,0,0,0,2,0,0,0,0,1
2367627,DeCordova-Reid,Bobby DeCordova-Reid,Midfielder,FUL,5.2,60,0,0,0,2,0,0,0,0,2
2367627,Raúl Jiménez,Raul Alonso Jimenez Rodriguez,Forward,FUL,6.5,45,0,0,0,1,0,0,0,0,1
2367627,Iwobi,Alex Iwobi,Midfielder,FUL,6.5,45,0,0,0,1,0,0,0,0,1
2367627,Reed,Harrison Reed,Midfielder,FUL,4.5,26,0,0,0,0,0,0,0,0,1
2367627,Wilson (Harry),Harry Wilson,Midfielder,FUL,5.5,36,0,0,0,0,0,0,0,0,1
2367627,João Palhinha,João Maria Lobo Alves Palhinha Gonçalves,Midfielder,FUL,5.9,80,0,0,0,2,0,0,0,0,2
2367627,Pereira (Andreas),Andreas Pereira,Midfielder,FUL,5.5,45,0,0,0,1,0,0,0,0,1
2367627,Castagne,Timothy Castagne,Defender,FUL,4.5,90,0,0,0,2,0,0,0,0,1
2367627,Robinson (Antonee),Antonee Robinson,Defender,FUL,5.0,90,0,0,0,2,0,0,0,0,1
2367627,Lukic,Sasa Lukic,Midfielder,FUL,5.0,70,0,0,0,2,0,0,0,0,2
2367627,Bassey,Calvin Bassey,Defender,FUL,4.5,90,0,0,0,2,0,0,0,0,1
2367627,Carlos Vinicius,Carlos Vinicius Alves Morais,Forward,FUL,5.0,45,0,0,0,1,0,0,0,0,1
2367627,Son,Heung-Min Son,Midfielder,TOT,8.5,80,1,1,1,0,0,0,0,3,14
2367627,Højbjerg,Pierre-Emile Højbjerg,Midfielder,TOT,5.0,90,0,0,1,0,0,1,0,0,2
2367627,Maddison,James Maddison,Midfielder,TOT,7.0,80,1,0,1,0,0,0,0,1,9
2367627,Vicario,Guglielmo Vicario,Goalkeeper,TOT,5.0,90,0,0,1,0,0,1,0,0,6
2367627,Lo Celso,Giovani Lo Celso,Midfielder,TOT,4.9,16,0,0,0,0,0,0,0,0,1
2367627,Skipp,Oliver Skipp,Midfielder,TOT,4.7,36,0,0,0,0,0,0,0,0,1
2367627,Richarlison,Richarlison de Andrade,Midfielder,TOT,6.5,79,0,1,1,0,0,0,0,0,6
2367627,Romero,Cristian Romero,Defender,TOT,5.0,90,0,0,1,0,0,0,0,2,8
2367627,Emerson Royal,Emerson Aparecido Leite de Souza Junior,Defender,TOT,4.5,40,0,0,0,0,0,0,0,0,1
2367627,Johnson (Brennan),Brennan Johnson,Midfielder,TOT,7.0,16,0,0,0,0,0,0,0,0,1
2367627,Porro,Pedro Porro,Defender,TOT,5.5,90,0,0,1,0,0,0,0,0,6
2367627,Kulusevski,Dejan Kulusevski,Midfielder,TOT,6.5,90,0,0,1,0,0,0,0,0,3
2367627,Sarr (Pape),Pape Sarr,Midfielder,TOT,5.0,60,0,0,1,0,0,0,0,0,3
2367627,Destiny Udogie,Iyenoma Destiny Udogie,Defender,TOT,4.5,56,0,0,0,0,0,0,0,0,1
2367627,van de Ven,Micky van de Ven,Defender,TOT,4.5,90,0,0,1,0,0,0,0,0,6
2367627,Véliz,Alejo Véliz,Forward,TOT,5.0,16,0,0,0,0,0,0,0,0,1
2367628,Smith (Adam),Adam Smith,Defender,BOU,4.5,16,0,0,0,0,0,0,0,0,1
2367628,Solanke,Dominic Solanke,Forward,BOU,7.5,90,0,0,0,1,0,0,0,0,2
2367628,Rothwell,Joe Rothwell,Midfielder,BOU,4.8,19,0,0,0,0,0,0,0,0,1
2367628,Christie,Ryan Christie,Midfielder,BOU,5.0,90,0,0,0,1,0,0,0,0,2
2367628,Billing,Philip Billing,Midfielder,BOU,5.0,81,1,0,0,1,0,1,0,2,8
2367628,Tavernier,Marcus Tavernier,Midfielder,BOU,5.5,81,0,0,0,1,0,0,0,0,2
2367628,Radu,Ionut Radu,Goalkeeper,BOU,4.3,90,0,0,0,1,0,0,0,0,3
2367628,Mepham,Chris Mepham,Defender,BOU,4.0,90,0,0,0,1,0,0,0,0,2
2367628,Aarons,Maximillian Aarons,Defender,BOU,4.3,83,0,0,0,1,0,0,0,0,2
2367628,Kelly (Lloyd),Lloyd Kelly,Defender,BOU,4.2,90,0,0,0,1,0,0,0,0,2
2367628,Semenyo,Antoine Semenyo,Forward,BOU,7.0,68,1,0,0,1,0,0,0,3,9
2367628,Zabarnyi,Illia Zabarnyi,Defender,BOU,5.0,90,0,0,0,1,0,0,0,0,2
2367628,Scott,Alex Scott,Midfielder,BOU,5.0,90,0,0,0,1,0,0,0,0,2
2367628,Dango Ouattara,Dango Ouattara,Midfielder,BOU,6.0,32,0,0,0,0,0,1,0,0,0
2367628,Kerkez,Milos Kerkez,Defender,BOU,6.0,19,0,0,0,0,0,0,0,0,1
2367628,Rodriguez,Jay Rodriguez,Forward,BUR,5.3,45,0,0,0,1,0,0,0,0,1
2367628,Gudmundsson,Johann Berg Gudmundsson,Midfielder,BUR,4.8,80,0,0,0,2,0,0,0,0,2
2367628,Redmond,Nathan Redmond,Midfielder,BUR,4.7,19,0,0,0,0,0,0,0,0,1
2367628,Taylor (Charlie),Charlie Taylor,Defender,BUR,3.9,90,1,0,0,2,0,1,0,0,6
2367628,Cullen,Josh Cullen,Midfielder,BUR,5.0,59,0,0,0,1,0,1,0,0,0
2367628,Brownhill,Josh Brownhill,Midfielder,BUR,4.7,90,0,0,0,2,0,0,0,0,2
2367628,Bruun Larsen,Jacob Bruun Larsen,Midfielder,BUR,5.5,32,0,0,0,1,0,0,0,0,1
2367628,Berge,Sander Berge,Midfielder,BUR,5.0,40,0,0,0,1,0,0,0,0,1
2367628,O'Shea,Dara O'Shea,Defender,BUR,3.8,90,0,1,0,2,0,0,0,1,5
2367628,Trafford,James Trafford,Goalkeeper,BUR,5.0,90,0,0,0,2,0,0,0,0,2
2367628,Trésor,Mike Trésor,Midfielder,BUR,4.5,20,0,0,0,0,0,0,0,0,1
2367628,Vitinho,Victor Alexander da Silva,Defender,BUR,4.4,90,0,0,0,2,0,0,0,0,1
2367628,Koleosho,Luca Koleosho,Midfielder,BUR,5.0,80,0,0,0,2,0,0,0,0,2
2367628,Al Dakhil,Ameen Al Dakhil,Defender,BUR,3.8,90,0,0,0,2,0,1,0,0,0
2367628,Amdouni,Zeki Amdouni,Forward,BUR,5.0,45,0,0,0,1,0,0,0,0,1
2367628,Zaroury,Anass Zaroury,Midfielder,BUR,4.6,67,0,0,0,1,0,0,0,0,2
2367629,Trossard,Leandro Trossard,Midfielder,ARS,7.0,34,0,0,0,0,0,0,0,0,1
2367629,Elneny,Mohamed Elneny,Midfielder,ARS,4.4,12,0,1,0,0,0,0,0,0,4
2367629,Raya Martin,David Raya Martin,Goalkeeper,ARS,5.5,90,0,0,1,0,0,0,0,0,6
2367629,White (Ben),Ben White,Defender,ARS,5.5,64,0,0,1,0,0,0,0,0,6
2367629,Nelson (Reiss),Reiss Nelson,Midfielder,ARS,5.0,26,0,0,0,0,0,0,0,0,1
2367629,Rice,Declan Rice,Midfielder,ARS,6.5,85,0,1,1,0,0,0,0,0,6
2367629,Eddie Nketiah,Edward Nketiah,Forward,ARS,5.5,90,3,0,1,0,0,0,0,3,17
2367629,Zinchenko,Oleksandr Zinchenko,Defender,ARS,5.0,90,0,0,1,0,0,0,0,2,8
2367629,Smith-Rowe,Emile Smith-Rowe,Midfielder,ARS,6.0,72,0,1,1,0,0,0,0,0,6
2367629,Havertz,Kai Havertz,Midfielder,ARS,7.5,90,0,0,1,0,0,0,0,0,3
2367629,Saka,Bukayo Saka,Midfielder,ARS,10.0,72,0,1,1,0,0,0,0,0,6
2367629,Tomiyasu,Takehiro Tomiyasu,Defender,ARS,4.8,34,1,0,0,0,0,0,0,0,7
2367629,Fábio Vieira,Fábio Daniel Vieira,Midfielder,ARS,5.5,26,1,0,0,0,0,0,0,0,6
2367629,Kiwior,Jakub Kiwior,Defender,ARS,5.5,90,0,0,1,0,0,0,0,0,6
2367629,Martinelli,Gabriel Teodoro Martinelli Silva,Midfielder,ARS,7.0,64,0,0,1,0,0,0,0,0,3
2367629,Saliba,William Saliba,Defender,ARS,6.0,90,0,0,1,0,0,0,0,1,7
2367629,Fleck,John Fleck,Midfielder,SHU,4.9,28,0,0,0,2,0,0,0,0,1
2367629,Norwood,Oliver Norwood,Midfielder,SHU,4.8,90,0,0,0,5,0,1,0,0,1
2367629,Foderingham,Wes Foderingham,Goalkeeper,SHU,4.0,90,0,0,0,5,0,0,0,0,0
2367629,Baldock,George Baldock,Defender,SHU,3.8,28,0,0,0,2,0,0,0,0,0
2367629,Robinson (Jack),Jack Robinson,Defender,SHU,4.3,90,0,0,0,5,0,0,0,0,0
2367629,Osborn,Ben Osborn,Midfielder,SHU,4.8,40,0,0,0,2,0,1,0,0,0
2367629,Brewster,Rhian Brewster,Forward,SHU,4.9,57,0,0,0,3,0,0,0,0,1
2367629,Hamer,Gustavo Hamer,Midfielder,SHU,4.9,81,0,0,0,3,0,0,0,0,2
2367629,Trusty,Auston Trusty,Defender,SHU,3.9,90,0,0,0,5,0,0,0,0,0
2367629,Bogle,Jayden Bogle,Defender,SHU,4.5,69,0,0,0,3,0,1,0,0,0
2367629,Thomas (Luke),Luke Thomas,Defender,SHU,3.9,90,0,0,0,5,0,0,0,0,0
2367629,Vinicius Souza,Vinicius de Souza Costa,Midfielder,SHU,5.0,90,0,0,0,5,0,0,0,0,2
2367629,Mcatee,James Mcatee,Midfielder,SHU,5.5,70,0,0,0,3,0,0,0,0,2
2367629,Archer,Cameron Archer,Forward,SHU,4.8,40,0,0,0,2,0,0,0,0,1
2367629,Ben Slimane,Anis Ben Slimane,Midfielder,SHU,4.7,57,0,0,0,3,0,0,0,0,1
2367629,Oné,Ryan Oné,Midfielder,SHU,4.4,16,0,0,0,2,0,0,0,0,1
2367630,Martinez,Emiliano Martinez,Goalkeeper,AVL,5.0,90,0,0,0,1,1,0,0,0,0
2367630,Digne,Lucas Digne,Defender,AVL,4.5,90,0,0,0,1,0,0,0,0,2
2367630,Traore (Bertrand),Bertrand Traore,Midfielder,AVL,5.0,5,0,0,0,0,0,0,0,0,1
2367630,McGinn,John McGinn,Midfielder,AVL,5.5,90,1,0,0,1,0,0,0,1,8
2367630,Dendoncker,Leander Dendoncker,Midfielder,AVL,4.5,5,0,0,0,0,0,0,0,0,1
2367630,Diego Carlos,Diego Carlos Santos Silva,Defender,AVL,4.5,15,0,0,0,1,0,0,0,0,1
2367630,Tielemans,Youri Tielemans,Midfielder,AVL,6.0,16,0,0,0,1,0,0,0,0,1
2367630,Watkins,Ollie Watkins,Forward,AVL,9.0,90,0,0,0,1,0,0,0,0,2
2367630,Cash,Matthew Cash,Defender,AVL,4.5,78,0,0,1,0,0,1,0,0,5
2367630,Konsa Ngoyo,Ezri Konsa Ngoyo,Defender,AVL,4.5,90,0,0,0,1,0,0,0,0,2
2367630,Bailey,Leon Bailey,Midfielder,AVL,5.5,45,0,1,0,1,0,0,0,0,4
2367630,Kamara,Boubacar Kamara,Midfielder,AVL,5.0,78,0,0,1,0,0,1,0,0,2
2367630,Douglas Luiz,Douglas Luiz Soares de Paulo,Midfielder,AVL,5.4,88,0,1,0,1,0,0,0,2,7
2367630,Diaby,Moussa Diaby,Midfielder,AVL,6.5,88,1,1,0,1,0,0,0,3,13
2367630,Torres,Pau Torres,Defender,AVL,4.5,90,0,0,0,1,0,0,0,0,2
2367630,Zaniolo,Nicolò Zaniolo,Midfielder,AVL,5.4,45,0,0,0,0,0,1,0,0,0
2367630,Kaminski,Thomas Kaminski,Goalkeeper,LUT,4.0,90,0,0,0,3,0,0,0,0,2
2367630,Townsend,Andros Townsend,Midfielder,LUT,5.0,37,0,0,0,1,0,0,0,0,1
2367630,Barkley,Ross Barkley,Midfielder,LUT,5.0,90,0,0,0,3,0,0,0,0,2
2367630,Ruddock Mpanzu,Pelly Ruddock Mpanzu,Midfielder,LUT,4.6,19,0,0,0,0,0,0,0,0,1
2367630,Lockyer,Tom Lockyer,Defender,LUT,4.2,90,0,0,0,3,1,0,0,0,0
2367630,Morris,Carlton Morris,Forward,LUT,4.7,74,0,0,0,3,0,0,0,0,2
2367630,Adebayo,Elijah Adebayo,Forward,LUT,4.8,19,0,0,0,0,0,0,0,0,1
2367630,Nakamba,Marvelous Nakamba,Midfielder,LUT,4.3,74,0,0,0,3,0,0,0,0,2
2367630,Osho,Gabriel Osho,Defender,LUT,4.4,57,0,0,0,2,0,0,0,0,0
2367630,Chong,Tahith Chong,Midfielder,LUT,4.4,36,0,0,0,1,0,0,0,0,1
2367630,Ogbene,Chiedozie Ogbene,Forward,LUT,4.8,90,0,0,0,3,0,0,0,0,2
2367630,Giles,Ryan John Giles,Defender,LUT,4.2,16,0,0,0,0,0,0,0,0,1
2367630,Brown,Jacob Brown,Forward,LUT,4.9,57,0,0,0,2,0,0,0,0,1
2367630,Doughty,Alfie Doughty,Defender,LUT,4.3,77,0,0,0,3,0,1,0,0,0
2367630,Mengi,Teden Mengi,Defender,LUT,3.9,90,0,0,0,3,0,0,0,0,1
2367630,Issa Kabore,Issa Kabore,Defender,LUT,4.5,90,0,0,0,3,0,1,0,0,0
2367631,Lallana,Adam Lallana,Midfielder,BHA,5.0,58,0,0,0,0,0,0,0,0,1
2367631,Steele,Jason Steele,Goalkeeper,BHA,4.5,90,0,0,0,1,0,0,0,0,3
2367631,Groß,Pascal Groß,Midfielder,BHA,6.5,90,0,1,0,1,0,0,0,1,6
2367631,Dunk,Lewis Dunk,Defender,BHA,4.5,90,0,0,0,1,0,0,0,0,2
2367631,Webster,Adam Webster,Defender,BHA,4.5,90,0,0,0,1,0,0,0,0,2
2367631,Veltman,Joël Veltman,Defender,BHA,4.5,25,0,0,0,0,0,0,0,0,1
2367631,Dahoud,Mahmoud Dahoud,Midfielder,BHA,4.9,70,0,0,0,1,0,0,0,0,2
2367631,Igor Julio,Igor Julio dos Santos de Paulo,Defender,BHA,4.5,90,0,0,0,1,0,0,0,0,2
2367631,Gilmour,Billy Gilmour,Midfielder,BHA,5.0,25,0,0,0,0,0,0,0,0,1
2367631,Mitoma,Kaoru Mitoma,Midfielder,BHA,6.5,90,0,0,0,1,0,0,0,0,2
2367631,Ansu Fati,Anssumane Fati,Midfielder,BHA,6.4,37,0,0,0,1,0,0,0,0,1
2367631,João Pedro,João Pedro Junqueira de Jesus,Forward,BHA,7.5,19,0,0,0,0,0,0,0,0,1
2367631,Ferguson (Evan),Evan Ferguson,Forward,BHA,5.5,76,1,0,0,1,0,0,0,2,8
2367631,Baleba,Carlos Baleba,Midfielder,BHA,5.0,70,0,0,0,1,0,0,0,0,2
2367631,Adingra,Simon Adingra,Midfielder,BHA,5.5,70,0,0,0,1,0,0,0,0,2
2367631,Buonanotte,Facundo Buonanotte,Midfielder,BHA,5.0,25,0,0,0,0,0,0,0,0,1
2367631,Willian,Willian Borges Da Silva,Midfielder,FUL,5.0,82,0,0,0,1,0,0,0,0,2
2367631,Cairney,Tom Cairney,Midfielder,FUL,5.0,14,0,0,0,0,0,0,0,0,1
2367631,Leno,Bernd Leno,Goalkeeper,FUL,5.0,90,0,0,0,1,0,0,0,0,3
2367631,Ream,Tim Ream,Defender,FUL,4.5,90,0,0,0,1,0,0,0,0,2
2367631,DeCordova-Reid,Bobby DeCordova-Reid,Midfielder,FUL,5.2,57,0,0,0,1,0,0,0,0,1
2367631,Raúl Jiménez,Raul Alonso Jimenez Rodriguez,Forward,FUL,6.5,57,0,0,0,1,0,0,0,0,1
2367631,Iwobi,Alex Iwobi,Midfielder,FUL,6.5,87,0,0,0,1,0,0,0,0,2
2367631,Reed,Harrison Reed,Midfielder,FUL,4.5,57,0,0,0,1,0,0,0,0,1
2367631,Wilson (Harry),Harry Wilson,Midfielder,FUL,5.5,38,0,1,0,0,0,1,0,0,3
2367631,João Palhinha,João Maria Lobo Alves Palhinha Gonçalves,Midfielder,FUL,5.9,90,1,0,0,1,0,0,0,3,10
2367631,Pereira (Andreas),Andreas Pereira,Midfielder,FUL,5.5,38,0,0,0,0,0,0,0,0,1
2367631,Castagne,Timothy Castagne,Defender,FUL,4.5,90,0,0,0,1,0,0,0,0,2
2367631,Robinson (Antonee),Antonee Robinson,Defender,FUL,5.0,90,0,0,0,1,0,1,0,0,1
2367631,Lukic,Sasa Lukic,Midfielder,FUL,5.0,8,0,0,0,0,0,0,0,0,1
2367631,Bassey,Calvin Bassey,Defender,FUL,4.5,90,0,0,0,1,0,0,0,0,2
2367631,Rodrigo Muniz,Rodrigo Muniz Carvalho,Forward,FUL,5.5,38,0,0,0,0,0,1,0,0,0
2367632,Maupay,Neal Maupay,Forward,BRE,4.9,22,0,1,0,0,0,1,0,0,3
2367632,Flekken,Mark Flekken,Goalkeeper,BRE,4.5,90,0,0,1,0,0,0,0,0,6
2367632,Norgaard,Christian Norgaard,Midfielder,BRE,5.5,90,0,0,1,0,0,1,0,0,2
2367632,Ajer,Kristoffer Ajer,Defender,BRE,4.5,90,0,0,1,0,0,0,0,1,7
2367632,Janelt,Vitaly Janelt,Midfielder,BRE,5.0,75,0,0,1,0,0,0,0,0,3
2367632,Ghoddos,Saman Ghoddos,Midfielder,BRE,4.5,14,0,0,0,0,0,1,0,0,0
2367632,Jensen,Mathias Jensen,Midfielder,BRE,5.0,63,0,0,1,0,0,0,0,0,3
2367632,Wissa,Yoane Wissa,Forward,BRE,7.5,75,0,0,1,0,0,0,0,0,2
2367632,Roerslev,Mads Roerslev,Defender,BRE,4.5,90,0,0,1,0,0,0,0,0,6
2367632,Pinnock,Ethan Pinnock,Defender,BRE,4.5,90,1,0,1,0,0,0,0,3,15
2367632,Onyeka,Frank Onyeka,Midfielder,BRE,5.0,35,0,0,0,0,0,1,0,0,0
2367632,Collins,Nathan Collins,Defender,BRE,5.0,90,0,0,1,0,0,0,0,0,6
2367632,Mbeumo,Bryan Mbeumo,Midfielder,BRE,8.0,90,1,1,1,0,0,0,0,2,13
2367632,Hickey,Aaron Hickey,Defender,BRE,4.0,83,0,0,1,0,0,0,0,0,6
2367632,Yarmolyuk,Ehor Yarmolyuk,Midfielder,BRE,5.0,23,0,0,0,0,0,0,0,0,1
2367632,Thiago Silva,Thiago Emiliano da Silva,Defender,CHE,5.0,90,0,0,0,2,0,0,0,0,1
2367632,Sterling (Raheem),Raheem Sterling,Midfielder,CHE,6.7,90,0,0,0,2,0,0,0,0,2
2367632,Cucurella,Marc Cucurella,Defender,CHE,6.0,80,0,0,0,1,0,0,0,0,2
2367632,Sanchez,Robert Sanchez,Goalkeeper,CHE,5.0,90,0,0,0,2,0,0,0,0,2
2367632,Disasi,Axel Disasi,Defender,CHE,4.2,66,0,0,0,1,0,0,0,0,2
2367632,James,Reece James,Defender,CHE,5.5,32,0,0,0,1,0,0,0,0,1
2367632,Gallagher,Conor Gallagher,Midfielder,CHE,5.9,90,0,0,0,2,0,0,0,0,2
2367632,Palmer,Cole Palmer,Midfielder,CHE,10.5,90,0,0,0,2,0,0,0,0,2
2367632,Madueke,Noni Madueke,Midfielder,CHE,7.0,66,0,0,0,1,0,0,0,0,2
2367632,Maatsen,Ian Maatsen,Midfielder,CHE,4.5,31,0,0,0,1,0,0,0,0,1
2367632,Colwill,Levi Colwill,Defender,CHE,5.0,90,0,0,0,2,0,0,0,0,1
2367632,Moises Caicedo,Moises Caicedo,Midfielder,CHE,5.5,80,0,0,0,1,0,1,0,0,1
2367632,Ugochukwu,Lesley Ugochukwu,Midfielder,CHE,4.4,18,0,0,0,1,0,0,0,0,1
2367632,Jackson (Nicolas),Nicolas Jackson,Forward,CHE,6.5,90,0,0,0,2,0,0,0,0,2
2367632,Deivid Washington,Deivid Washington de Souza Eugênio,Forward,CHE,4.9,18,0,0,0,1,0,0,0,0,1
2367633,Ward,Joel Ward,Defender,CRY,4.3,90,0,0,0,2,1,0,0,0,0
2367633,Clyne,Nathaniel Clyne,Defender,CRY,4.0,32,0,0,0,0,0,0,0,0,1
2367633,Ayew (Jordan),Jordan Ayew,Midfielder,CRY,5.1,90,1,0,0,2,0,1,0,0,6
2367633,Schlupp,Jeffrey Schlupp,Midfielder,CRY,4.6,59,0,0,0,1,0,0,0,0,1
2367633,Johnstone,Sam Johnstone,Goalkeeper,CRY,4.5,90,0,0,0,2,0,0,0,0,1
2367633,Hughes,Will Hughes,Midfielder,CRY,5.0,67,0,0,0,2,0,0,0,0,2
2367633,Lerma,Jefferson Lerma,Midfielder,CRY,5.0,75,0,0,0,2,0,0,0,0,2
2367633,Andersen (Joachim),Joachim Andersen,Defender,CRY,4.5,90,0,1,0,2,0,1,0,0,3
2367633,Edouard,Odsonne Edouard,Forward,CRY,5.0,75,0,0,0,2,0,0,0,0,2
2367633,Marc Guehi,Addji Keaninkin Marc-Israel Guehi,Defender,CRY,4.5,90,0,0,0,2,0,0,0,0,1
2367633,Mateta,Jean-Philippe Mateta,Forward,CRY,7.5,24,0,0,0,0,0,0,0,0,1
2367633,Mitchell,Tyrick Mitchell,Defender,CRY,5.0,67,0,0,0,2,0,0,0,0,1
2367633,Doucoure,Cheick Oumar Doucoure,Midfielder,CRY,5.0,90,0,0,0,2,0,0,0,0,2
2367633,Rak-Sakyi,Jesurun Rak-Sakyi,Midfielder,CRY,4.5,39,0,0,0,1,0,0,0,0,1
2367633,Ahamada,Naouirou Ahamada,Midfielder,CRY,4.5,32,0,0,0,0,0,0,0,0,1
2367633,Matheus França,Matheus França de Oliveira,Midfielder,CRY,4.5,24,0,0,0,0,0,0,0,0,1
2367633,Son,Heung-Min Son,Midfielder,TOT,8.5,90,1,0,0,1,0,0,0,3,10
2367633,Davies (Ben),Ben Davies,Defender,TOT,4.5,45,0,0,0,0,0,0,0,0,1
2367633,Højbjerg,Pierre-Emile Højbjerg,Midfielder,TOT,5.0,36,0,0,0,1,0,0,0,0,1
2367633,Maddison,James Maddison,Midfielder,TOT,7.0,85,0,1,1,0,0,0,0,0,6
2367633,Vicario,Guglielmo Vicario,Goalkeeper,TOT,5.0,90,0,0,0,1,0,0,0,1,3
2367633,Bentancur,Rodrigo Bentancur,Midfielder,TOT,5.5,13,0,0,0,1,0,0,0,0,1
2367633,Richarlison,Richarlison de Andrade,Midfielder,TOT,6.5,63,0,0,1,0,0,0,0,0,3
2367633,Romero,Cristian Romero,Defender,TOT,5.0,90,0,0,0,1,0,0,0,2,4
2367633,Bissouma,Yves Bissouma,Midfielder,TOT,5.5,63,0,0,1,0,0,0,0,0,3
2367633,Emerson Royal,Emerson Aparecido Leite de Souza Junior,Defender,TOT,4.5,45,0,0,0,1,0,0,0,0,1
2367633,Johnson (Brennan),Brennan Johnson,Midfielder,TOT,7.0,36,0,1,0,1,0,1,0,0,3
2367633,Gil,Bryan Gil,Midfielder,TOT,5.0,14,0,0,0,1,0,0,0,0,1
2367633,Porro,Pedro Porro,Defender,TOT,5.5,90,0,0,0,1,0,0,0,0,2
2367633,Kulusevski,Dejan Kulusevski,Midfielder,TOT,6.5,86,0,0,1,0,0,0,0,0,3
2367633,Sarr (Pape),Pape Sarr,Midfielder,TOT,5.0,90,0,0,0,1,0,0,0,0,2
2367633,van de Ven,Micky van de Ven,Defender,TOT,4.5,90,0,0,0,1,0,0,0,0,2
2367634,van Dijk,Virgil van Dijk,Defender,LIV,6.0,90,0,0,1,0,0,0,0,2,8
2367634,Alisson,Alisson Ramses Becker,Goalkeeper,LIV,5.5,90,0,0,1,0,0,0,0,1,7
2367634,Salah,Mohamed Salah,Midfielder,LIV,14.5,90,1,0,1,0,0,0,0,0,8
2367634,Endo,Wataru Endo,Midfielder,LIV,5.0,15,0,0,0,0,0,0,0,0,1
2367634,Alexander-Arnold,Trent Alexander-Arnold,Defender,LIV,7.2,88,0,0,1,0,0,1,0,0,5
2367634,Gomez,Joseph Gomez,Defender,LIV,5.0,6,0,0,0,0,0,0,0,0,1
2367634,Diogo Jota,Diogo José Teixeira da Silva,Midfielder,LIV,7.2,58,1,0,0,0,0,0,0,0,6
2367634,Konaté,Ibrahima Konaté,Defender,LIV,5.5,90,0,0,1,0,0,0,0,0,6
2367634,Tsimikas,Konstantinos Tsimikas,Defender,LIV,5.0,90,0,0,1,0,0,0,0,0,6
2367634,Mac Allister,Alexis Mac Allister,Midfielder,LIV,6.5,90,0,0,1,0,0,1,0,0,2
2367634,Gakpo,Cody Gakpo,Forward,LIV,7.5,36,0,0,0,0,0,0,0,0,1
2367634,Szoboszlai,Dominik Szoboszlai,Midfielder,LIV,6.5,90,0,2,1,0,0,0,0,3,12
2367634,Gravenberch,Ryan Gravenberch,Midfielder,LIV,5.5,58,0,0,0,0,0,0,0,0,1
2367634,Elliott,Harvey Elliott,Midfielder,LIV,5.5,36,0,0,0,0,0,0,0,0,1
2367634,Núñez,Darwin Núñez,Forward,LIV,6.5,79,1,1,1,0,0,0,0,1,10
2367634,Aurier,Serge Aurier,Defender,NFO,4.5,90,0,0,0,3,0,0,0,0,1
2367634,Boly,Willy Boly,Defender,NFO,4.0,69,0,0,0,2,0,0,0,0,1
2367634,Toffolo,Harry Toffolo,Defender,NFO,4.2,25,0,0,0,1,0,0,0,0,1
2367634,Aina,Ola Aina,Defender,NFO,5.0,69,0,0,0,2,0,0,0,0,1
2367634,Mangala,Orel Mangala,Midfielder,NFO,5.0,82,0,0,0,3,0,1,0,0,1
2367634,Niakhaté,Moussa Niakhaté,Defender,NFO,4.5,90,0,0,0,3,0,0,0,0,1
2367634,Yates,Ryan Yates,Midfielder,NFO,5.0,26,0,0,0,1,0,0,0,0,1
2367634,Awoniyi,Taiwo Awoniyi,Forward,NFO,5.5,25,0,0,0,1,0,0,0,0,1
2367634,Sangaré,Ibrahim Sangaré,Midfielder,NFO,5.0,90,0,0,0,3,0,1,0,0,1
2367634,Williams (Neco),Neco Williams,Defender,NFO,5.0,12,0,0,0,0,0,0,0,0,1
2367634,Gibbs-White,Morgan Gibbs-White,Midfielder,NFO,7.5,82,0,0,0,3,0,0,0,0,2
2367634,Turner,Matt Turner,Goalkeeper,NFO,4.0,90,0,0,0,3,0,0,0,0,2
2367634,Nicolás Domínguez,Nicolás Domínguez,Midfielder,NFO,5.0,68,0,0,0,2,0,1,0,0,1
2367634,Elanga,Anthony Elanga,Midfielder,NFO,7.0,90,0,0,0,3,0,0,0,0,2
2367634,Andrey Santos,Andrey Nascimento dos Santos,Midfielder,NFO,4.5,12,0,0,0,0,0,0,0,0,1
2367634,Murillo,Murillo Santiago Costa dos Santos,Defender,NFO,5.5,90,0,0,0,3,0,0,0,0,1
2367635,Walker,Kyle Walker,Defender,MCI,4.5,90,0,0,1,0,0,0,0,2,8
2367635,Kovacic,Mateo Kovacic,Midfielder,MCI,6.0,9,0,0,0,0,0,0,0,0,1
2367635,Stones,John Stones,Defender,MCI,5.5,90,0,0,1,0,0,0,0,0,6
2367635,Grealish,Jack Grealish,Midfielder,MCI,6.5,86,0,0,1,0,0,0,0,0,3
2367635,Ederson,Ederson Santana de Moraes,Goalkeeper,MCI,5.5,90,0,0,1,0,0,0,0,0,7
2367635,Bernardo Silva,Bernardo Mota Veiga de Carvalho e Silva,Midfielder,MCI,6.5,90,0,1,1,0,0,0,0,1,7
2367635,Rúben Dias,Rúben Santos Gato Alves Dias,Defender,MCI,5.5,90,0,0,1,0,0,0,0,0,6
2367635,Foden,Phil Foden,Midfielder,MCI,8.0,90,1,0,1,0,0,1,0,0,7
2367635,Rodri,Rodrigo Hernández Cascante,Midfielder,MCI,6.5,90,0,1,1,0,0,0,0,0,6
2367635,Haaland,Erling Haaland,Forward,MCI,14.0,90,2,1,1,0,0,0,0,3,16
2367635,Doku,Jéremy Doku,Midfielder,MCI,6.5,9,0,0,0,0,0,0,0,0,1
2367635,Álvarez (Julián),Julián Álvarez,Forward,MCI,7.0,86,0,0,1,0,0,0,0,0,2
2367635,Gvardiol,Joško Gvardiol,Defender,MCI,6.0,90,0,0,1,0,0,0,0,0,6
2367635,Evans,Jonny Evans,Defender,MUN,4.4,90,0,0,0,3,0,0,0,0,1
2367635,Eriksen,Christian Eriksen,Midfielder,MUN,5.2,85,0,0,0,3,0,0,0,0,2
2367635,Maguire,Harry Maguire,Defender,MUN,4.5,90,0,0,0,3,0,0,0,0,1
2367635,Bruno Fernandes,Bruno Miguel Borges Fernandes,Midfielder,MUN,9.0,90,0,0,0,3,0,1,0,0,1
2367635,Martial,Anthony Martial,Forward,MUN,6.4,10,0,0,0,0,0,0,0,0,1
2367635,Amrabat,Sofyan Amrabat,Midfielder,MUN,5.0,45,0,0,0,1,0,1,0,0,0
2367635,Rashford,Marcus Rashford,Midfielder,MUN,7.0,85,0,0,0,3,0,0,0,0,2
2367635,Mount,Mason Mount,Midfielder,MUN,6.0,45,0,0,0,2,0,0,0,0,1
2367635,Lindelof,Victor Nilsson-Lindelof,Defender,MUN,4.3,73,0,0,0,2,0,0,0,0,1
2367635,McTominay,Scott McTominay,Midfielder,MUN,4.9,90,0,0,0,3,0,0,0,0,2
2367635,Reguilón,Sergio Reguilón,Defender,MUN,4.1,22,0,0,0,1,0,0,0,0,1
2367635,Onana,André Onana,Goalkeeper,MUN,5.0,90,0,0,0,3,0,1,0,0,2
2367635,Dalot,José Diogo Dalot Teixeira,Defender,MUN,4.5,90,0,0,0,3,0,0,0,0,1
2367635,Antony,Antony Matheus dos Santos,Midfielder,MUN,6.0,10,0,0,0,0,0,1,0,0,0
2367635,Garnacho,Alejandro Garnacho Ferreyra,Midfielder,MUN,6.5,22,0,0,0,1,0,0,0,0,1
2367635,Højlund,Rasmus Højlund,Forward,MUN,6.5,73,0,0,0,2,0,0,0,0,2
2367636,Tarkowski,James Tarkowski,Defender,EVE,5.5,90,0,0,1,0,0,0,0,0,6
2367636,Pickford,Jordan Pickford,Goalkeeper,EVE,5.5,90,0,0,1,0,0,1,0,0,5
2367636,Doucouré,Abdoulaye Doucouré,Midfielder,EVE,5.1,90,0,0,1,0,0,0,0,0,3
2367636,Calvert-Lewin,Dominic Calvert-Lewin,Forward,EVE,5.4,88,1,0,1,0,0,0,0,3,9
2367636,Harrison (Jack),Jack Harrison,Midfielder,EVE,5.5,90,0,1,1,0,0,0,0,0,6
2367636,Mykolenko,Vitaliy Mykolenko,Defender,EVE,5.0,90,0,0,1,0,0,0,0,2,8
2367636,Garner,James Garner,Midfielder,EVE,5.0,90,0,0,1,0,0,0,0,0,3
2367636,Patterson (Nathan),Nathan Patterson,Defender,EVE,4.5,90,0,0,1,0,0,0,0,0,6
2367636,McNeil,Dwight McNeil,Midfielder,EVE,6.0,90,0,0,1,0,0,0,0,0,3
2367636,Mvom Onana,Amadou Mvom Onana,Midfielder,EVE,5.0,90,0,0,1,0,0,0,0,0,3
2367636,Branthwaite,Jarrad Branthwaite,Defender,EVE,5.5,90,0,0,1,0,0,0,0,2,8
2367636,Youssef Chermiti,Youssef Ramalho Chermiti,Forward,EVE,5.0,8,0,0,0,0,0,0,0,0,1
2367636,Cresswell,Aaron Cresswell,Defender,WHU,3.9,85,0,0,0,1,0,0,0,0,2
2367636,Antonio,Michail Antonio,Forward,WHU,5.2,56,0,0,0,1,0,0,0,0,1
2367636,Areola,Alphonse Areola,Goalkeeper,WHU,4.5,90,0,0,0,1,0,0,0,0,3
2367636,Ings,Danny Ings,Forward,WHU,4.8,12,0,0,0,0,0,0,0,0,1
2367636,Ward-Prowse,James Ward-Prowse,Midfielder,WHU,6.0,72,0,0,0,1,0,0,0,0,2
2367636,Zouma,Kurt Zouma,Defender,WHU,4.4,90,0,0,0,1,0,0,0,0,2
2367636,Coufal,Vladimir Coufal,Defender,WHU,4.1,90,0,0,0,1,0,0,0,0,2
2367636,Benrahma,Said Benrahma,Midfielder,WHU,5.6,40,0,0,0,0,0,1,0,0,0
2367636,Bowen,Jarrod Bowen,Midfielder,WHU,8.0,90,0,0,0,1,0,0,0,0,2
2367636,Aguerd,Nayef Aguerd,Defender,WHU,4.5,90,0,0,0,1,0,0,0,0,2
2367636,Álvarez (Edson),Edson Álvarez,Midfielder,WHU,5.0,90,0,0,0,1,0,1,0,0,1
2367636,Soucek,Tomas Soucek,Midfielder,WHU,6.0,24,0,0,0,0,0,0,0,0,1
2367636,Lucas Paquetá,Lucas Tolentino Coelho de Lima,Midfielder,WHU,6.0,90,0,0,0,1,0,1,0,0,1
2367636,Kudus,Mohammed Kudus,Midfielder,WHU,6.5,90,0,0,0,1,0,1,0,0,1
2367637,Wilson (Callum),Callum Wilson,Forward,NEW,6.9,90,2,0,0,2,0,0,0,3,13
2367637,Trippier,Kieran Trippier,Defender,NEW,5.0,90,0,0,0,2,0,1,0,0,0
2367637,Burn,Dan Burn,Defender,NEW,5.0,90,0,0,0,2,0,1,0,0,0
2367637,Pope,Nick Pope,Goalkeeper,NEW,5.0,90,0,0,0,2,0,0,0,0,2
2367637,Lascelles,Jamaal Lascelles,Defender,NEW,4.5,90,0,0,0,2,0,1,0,0,0
2367637,Schär,Fabian Schär,Defender,NEW,5.5,90,0,1,0,2,0,0,0,1,5
2367637,Almirón,Miguel Almirón,Midfielder,NEW,5.4,71,0,0,0,2,0,0,0,0,2
2367637,Longstaff (Sean),Sean Longstaff,Midfielder,NEW,5.0,90,0,0,0,2,0,1,0,0,1
2367637,Joelinton,Joelinton Cássio Apolinário de Lira,Midfielder,NEW,6.0,90,0,0,0,2,0,0,0,0,2
2367637,Willock,Joseph Willock,Midfielder,NEW,5.0,24,0,0,0,0,0,0,0,0,1
2367637,Bruno Guimarães,Bruno Guimarães Rodriguez Moura,Midfielder,NEW,6.5,90,0,0,0,2,0,0,0,0,2
2367637,Gordon (Anthony),Anthony Gordon,Midfielder,NEW,7.5,90,0,0,0,2,0,0,0,0,2
2367637,Dawson,Craig Dawson,Defender,WOL,4.2,90,0,0,0,2,0,0,0,0,1
2367637,José Sá,José Pedro Malheiro de Sá,Goalkeeper,WOL,4.5,90,0,0,0,2,0,0,0,0,1
2367637,Lemina (Mario),Mario Lemina,Midfielder,WOL,4.8,83,1,0,0,2,0,0,0,2,9
2367637,Hwang Hee-Chan,Hee-Chan Hwang,Midfielder,WOL,6.0,90,1,0,0,2,0,0,0,0,7
2367637,Semedo,Nelson Semedo,Defender,WOL,4.5,90,0,0,0,2,0,0,0,0,1
2367637,Kilman,Max Kilman,Defender,WOL,4.5,90,0,0,0,2,0,0,0,0,1
2367637,Doyle,Tommy Doyle,Midfielder,WOL,4.7,42,0,0,0,0,0,0,0,0,1
2367637,Neto,Pedro Neto,Midfielder,WOL,7.0,74,0,1,0,2,0,0,0,0,5
2367637,Kalajdzic,Sasa Kalajdzic,Forward,WOL,5.0,21,0,0,0,0,0,0,0,0,1
2367637,Matheus Cunha,Matheus Santos Carneiro Da Cunha,Forward,WOL,8.0,90,0,0,0,2,0,0,0,0,2
2367637,João Gomes,João Victor Gomes da Silva,Midfielder,WOL,5.5,13,0,0,0,0,0,0,0,0,1
2367637,Ait Nouri,Rayan Ait Nouri,Defender,WOL,6.0,90,0,0,0,2,0,1,0,0,0
2367637,Traoré (Boubacar),Boubacar Traoré,Midfielder,WOL,5.0,53,0,0,0,2,0,0,0,0,1
2367637,Toti,Toti António Gomes,Defender,WOL,4.5,90,0,1,0,2,0,0,0,0,4
2367638,Mee (Ben),Ben Mee,Defender,BRE,4.2,5,0,0,0,0,0,0,0,0,1
2367638,Maupay,Neal Maupay,Forward,BRE,4.9,90,1,0,0,2,0,0,0,2,8
2367638,Flekken,Mark Flekken,Goalkeeper,BRE,4.5,45,0,0,0,2,0,0,0,0,0
2367638,Norgaard,Christian Norgaard,Midfielder,BRE,5.5,90,0,0,0,2,0,0,0,0,2
2367638,Strakosha,Thomas Strakosha,Goalkeeper,BRE,4.0,45,0,0,0,0,0,0,0,0,1
2367638,Ajer,Kristoffer Ajer,Defender,BRE,4.5,78,0,0,0,2,0,1,0,0,0
2367638,Janelt,Vitaly Janelt,Midfielder,BRE,5.0,90,0,0,0,2,0,0,0,0,2
2367638,Ghoddos,Saman Ghoddos,Midfielder,BRE,4.5,7,0,0,0,0,0,0,0,0,1
2367638,Jensen,Mathias Jensen,Midfielder,BRE,5.0,78,0,1,0,2,0,0,0,0,5
2367638,Wissa,Yoane Wissa,Forward,BRE,7.5,88,0,0,0,2,0,0,0,0,2
2367638,Roerslev,Mads Roerslev,Defender,BRE,4.5,17,0,0,0,0,0,0,0,0,1
2367638,Pinnock,Ethan Pinnock,Defender,BRE,4.5,90,0,0,0,2,0,0,0,0,1
2367638,Onyeka,Frank Onyeka,Midfielder,BRE,5.0,90,0,1,0,2,0,0,0,0,5
2367638,Collins,Nathan Collins,Defender,BRE,5.0,90,1,0,0,2,0,0,0,3,10
2367638,Mbeumo,Bryan Mbeumo,Midfielder,BRE,8.0,90,0,1,0,2,0,0,0,0,5
2367638,Yarmolyuk,Ehor Yarmolyuk,Midfielder,BRE,5.0,17,0,0,0,0,0,0,0,0,1
2367638,Antonio,Michail Antonio,Forward,WHU,5.2,64,0,1,0,2,0,0,0,0,5
2367638,Areola,Alphonse Areola,Goalkeeper,WHU,4.5,90,0,0,0,3,0,0,0,0,1
2367638,Ings,Danny Ings,Forward,WHU,4.8,32,0,0,0,1,0,1,0,0,0
2367638,Ward-Prowse,James Ward-Prowse,Midfielder,WHU,6.0,90,0,0,0,3,0,0,0,0,2
2367638,Emerson,Emerson Palmieri dos Santos,Defender,WHU,4.5,90,0,0,0,3,0,1,0,0,0
2367638,Coufal,Vladimir Coufal,Defender,WHU,4.1,90,0,0,0,3,0,0,0,0,1
2367638,Benrahma,Said Benrahma,Midfielder,WHU,5.6,63,0,0,0,2,0,0,0,0,2
2367638,Bowen,Jarrod Bowen,Midfielder,WHU,8.0,90,1,0,0,3,0,0,0,0,7
2367638,Aguerd,Nayef Aguerd,Defender,WHU,4.5,90,0,0,0,3,0,0,0,0,1
2367638,Soucek,Tomas Soucek,Midfielder,WHU,6.0,90,0,0,0,3,0,1,0,0,1
2367638,Fornals,Pablo Fornals,Midfielder,WHU,4.6,32,0,0,0,1,0,0,0,0,1
2367638,Mavropanos,Konstantinos Mavropanos,Defender,WHU,4.5,90,0,0,0,3,1,1,0,0,0
2367638,Kudus,Mohammed Kudus,Midfielder,WHU,6.5,90,1,1,0,3,0,0,0,1,11
2367639,Rodriguez,Jay Rodriguez,Forward,BUR,5.3,90,0,0,0,2,0,0,0,0,2
2367639,Gudmundsson,Johann Berg Gudmundsson,Midfielder,BUR,4.8,90,0,0,0,1,0,0,0,0,2
2367639,Redmond,Nathan Redmond,Midfielder,BUR,4.7,17,0,0,0,1,0,0,0,0,1
2367639,Taylor (Charlie),Charlie Taylor,Defender,BUR,3.9,90,0,0,0,2,0,0,0,0,1
2367639,Brownhill,Josh Brownhill,Midfielder,BUR,4.7,90,0,0,0,2,0,0,0,0,2
2367639,Bruun Larsen,Jacob Bruun Larsen,Midfielder,BUR,5.5,5,0,0,0,1,0,0,0,0,1
2367639,Berge,Sander Berge,Midfielder,BUR,5.0,90,0,0,0,2,0,0,0,0,2
2367639,O'Shea,Dara O'Shea,Defender,BUR,3.8,90,0,0,0,2,0,0,0,0,1
2367639,Beyer,Jordan Beyer,Defender,BUR,4.0,84,0,0,0,1,0,0,0,0,2
2367639,Trafford,James Trafford,Goalkeeper,BUR,5.0,90,0,0,0,2,0,0,0,0,1
2367639,Trésor,Mike Trésor,Midfielder,BUR,4.5,10,0,0,0,1,0,0,0,0,1
2367639,Vitinho,Victor Alexander da Silva,Defender,BUR,4.4,90,0,0,0,2,0,0,0,0,1
2367639,Koleosho,Luca Koleosho,Midfielder,BUR,5.0,77,0,0,0,1,0,0,0,0,2
2367639,Amdouni,Zeki Amdouni,Forward,BUR,5.0,77,0,0,0,1,0,0,0,0,2
2367639,Odobert,Wilson Odobert,Midfielder,BUR,5.5,17,0,0,0,1,0,0,0,0,1
2367639,Ward,Joel Ward,Defender,CRY,4.3,70,0,0,1,0,0,0,0,0,6
2367639,Clyne,Nathaniel Clyne,Defender,CRY,4.0,25,0,0,0,0,0,0,0,0,1
2367639,Ayew (Jordan),Jordan Ayew,Midfielder,CRY,5.1,90,0,1,1,0,0,1,0,0,5
2367639,Schlupp,Jeffrey Schlupp,Midfielder,CRY,4.6,69,1,0,1,0,0,0,0,1,9
2367639,Johnstone,Sam Johnstone,Goalkeeper,CRY,4.5,90,0,0,1,0,0,0,0,2,9
2367639,Hughes,Will Hughes,Midfielder,CRY,5.0,90,0,0,1,0,0,0,0,0,3
2367639,Lerma,Jefferson Lerma,Midfielder,CRY,5.0,90,0,0,1,0,0,1,0,0,2
2367639,Andersen (Joachim),Joachim Andersen,Defender,CRY,4.5,90,0,0,1,0,0,1,0,0,5
2367639,Edouard,Odsonne Edouard,Forward,CRY,5.0,84,0,0,1,0,0,1,0,0,1
2367639,Marc Guehi,Addji Keaninkin Marc-Israel Guehi,Defender,CRY,4.5,90,0,0,1,0,0,1,0,0,5
2367639,Eze,Eberechi Eze,Midfielder,CRY,7.5,37,0,1,0,0,0,0,0,0,4
2367639,Mitchell,Tyrick Mitchell,Defender,CRY,5.0,90,1,0,1,0,0,0,0,3,15
2367639,Richards (Chris),Chris Richards,Defender,CRY,4.5,10,0,0,0,0,0,0,0,0,1
2367639,Doucoure,Cheick Oumar Doucoure,Midfielder,CRY,5.0,58,0,0,0,0,0,0,0,0,1
2367639,Ahamada,Naouirou Ahamada,Midfielder,CRY,4.5,25,0,0,0,0,0,0,0,0,1
2367640,Milner,James Milner,Midfielder,BHA,5.0,79,0,0,0,1,0,0,0,0,2
2367640,Lallana,Adam Lallana,Midfielder,BHA,5.0,45,0,0,0,1,0,0,0,0,1
2367640,Groß,Pascal Groß,Midfielder,BHA,6.5,90,0,0,0,1,0,0,0,0,2
2367640,Dunk,Lewis Dunk,Defender,BHA,4.5,90,0,0,0,1,0,1,0,0,1
2367640,Veltman,Joël Veltman,Defender,BHA,4.5,90,0,0,0,1,0,0,0,0,2
2367640,Dahoud,Mahmoud Dahoud,Midfielder,BHA,4.9,27,0,0,0,0,0,0,0,0,1
2367640,Igor Julio,Igor Julio dos Santos de Paulo,Defender,BHA,4.5,5,0,0,0,0,0,0,0,0,1
2367640,Gilmour,Billy Gilmour,Midfielder,BHA,5.0,67,0,0,0,1,0,1,0,0,1
2367640,Mitoma,Kaoru Mitoma,Midfielder,BHA,6.5,90,0,0,0,1,0,0,0,1,6
2367640,Ansu Fati,Anssumane Fati,Midfielder,BHA,6.4,27,0,0,0,0,0,0,0,0,1
2367640,van Hecke,Jan-Paul van Hecke,Defender,BHA,4.5,90,0,0,0,1,0,0,0,1,3
2367640,João Pedro,João Pedro Junqueira de Jesus,Forward,BHA,7.5,45,0,0,0,0,0,0,0,0,1
2367640,Ferguson (Evan),Evan Ferguson,Forward,BHA,5.5,67,0,0,0,1,0,0,0,0,2
2367640,Verbruggen,Bart Verbruggen,Goalkeeper,BHA,4.5,90,0,0,0,1,0,0,0,2,5
2367640,Adingra,Simon Adingra,Midfielder,BHA,5.5,89,0,0,0,1,0,0,0,0,2
2367640,Buonanotte,Facundo Buonanotte,Midfielder,BHA,5.0,16,0,0,0,0,0,0,0,0,1
2367640,Tarkowski,James Tarkowski,Defender,EVE,5.5,90,0,0,0,1,0,1,0,0,1
2367640,Young (Ashley),Ashley Young,Defender,EVE,4.2,89,0,0,0,1,1,0,0,0,0
2367640,Gueye,Idrissa Gueye,Midfielder,EVE,5.5,90,0,0,0,1,0,1,0,0,1
2367640,Pickford,Jordan Pickford,Goalkeeper,EVE,5.5,90,0,0,0,1,0,0,0,0,2
2367640,Doucouré,Abdoulaye Doucouré,Midfielder,EVE,5.1,90,0,0,0,1,0,1,0,0,1
2367640,Calvert-Lewin,Dominic Calvert-Lewin,Forward,EVE,5.4,89,0,0,0,1,0,0,0,0,2
2367640,Harrison (Jack),Jack Harrison,Midfielder,EVE,5.5,90,0,0,0,1,0,0,0,0,2
2367640,Mykolenko,Vitaliy Mykolenko,Defender,EVE,5.0,90,1,0,0,1,0,0,0,3,11
2367640,Garner,James Garner,Midfielder,EVE,5.0,90,0,0,0,1,0,0,0,0,2
2367640,Patterson (Nathan),Nathan Patterson,Defender,EVE,4.5,5,0,0,0,0,0,0,0,0,1
2367640,McNeil,Dwight McNeil,Midfielder,EVE,6.0,90,0,0,0,1,0,0,0,0,2
2367640,Branthwaite,Jarrad Branthwaite,Defender,EVE,5.5,90,0,0,0,1,0,1,0,0,1
2367640,Beto,Norberto Bercique Gomes Betuncal,Forward,EVE,5.5,5,0,0,0,0,0,0,0,0,1
2367641,Willian,Willian Borges Da Silva,Midfielder,FUL,5.0,72,0,0,1,0,0,0,0,0,3
2367641,Cairney,Tom Cairney,Midfielder,FUL,5.0,8,0,0,0,1,0,0,0,0,1
2367641,Leno,Bernd Leno,Goalkeeper,FUL,5.0,90,0,0,0,1,0,0,0,0,3
2367641,Ream,Tim Ream,Defender,FUL,4.5,90,0,0,0,1,0,0,0,0,2
2367641,DeCordova-Reid,Bobby DeCordova-Reid,Midfielder,FUL,5.2,16,0,0,0,1,0,0,0,0,1
2367641,Raúl Jiménez,Raul Alonso Jimenez Rodriguez,Forward,FUL,6.5,8,0,0,0,1,0,1,0,0,0
2367641,Iwobi,Alex Iwobi,Midfielder,FUL,6.5,86,0,0,1,0,0,1,0,0,2
2367641,Wilson (Harry),Harry Wilson,Midfielder,FUL,5.5,86,0,0,1,0,0,1,0,0,2
2367641,João Palhinha,João Maria Lobo Alves Palhinha Gonçalves,Midfielder,FUL,5.9,90,0,0,0,1,0,1,0,0,1
2367641,Pereira (Andreas),Andreas Pereira,Midfielder,FUL,5.5,78,0,0,1,0,0,0,0,0,3
2367641,Castagne,Timothy Castagne,Defender,FUL,4.5,90,0,0,0,1,0,0,0,0,2
2367641,Robinson (Antonee),Antonee Robinson,Defender,FUL,5.0,90,0,0,0,1,0,1,0,0,1
2367641,Lukic,Sasa Lukic,Midfielder,FUL,5.0,22,0,0,0,1,0,0,0,0,1
2367641,Bassey,Calvin Bassey,Defender,FUL,4.5,90,0,0,0,1,0,0,0,0,2
2367641,Rodrigo Muniz,Rodrigo Muniz Carvalho,Forward,FUL,5.5,72,0,0,1,0,0,0,0,0,2
2367641,Carlos Vinicius,Carlos Vinicius Alves Morais,Forward,FUL,5.0,22,0,0,0,1,0,0,0,0,1
2367641,Evans,Jonny Evans,Defender,MUN,4.4,90,0,0,1,0,0,0,0,0,6
2367641,Eriksen,Christian Eriksen,Midfielder,MUN,5.2,75,0,0,1,0,0,0,0,0,3
2367641,Varane,Raphael Varane,Defender,MUN,4.9,4,0,0,0,0,0,0,0,0,1
2367641,Maguire,Harry Maguire,Defender,MUN,4.5,90,0,0,1,0,0,0,0,1,7
2367641,Bruno Fernandes,Bruno Miguel Borges Fernandes,Midfielder,MUN,9.0,90,1,0,1,0,0,0,0,3,11
2367641,Martial,Anthony Martial,Forward,MUN,6.4,19,0,0,0,0,0,0,0,0,1
2367641,Mount,Mason Mount,Midfielder,MUN,6.0,19,0,0,0,0,0,0,0,0,1
2367641,McTominay,Scott McTominay,Midfielder,MUN,4.9,90,0,0,1,0,0,0,0,0,3
2367641,Onana,André Onana,Goalkeeper,MUN,5.0,90,0,0,1,0,0,0,0,0,6
2367641,Wan-Bissaka,Aaron Wan-Bissaka,Defender,MUN,4.5,90,0,0,1,0,0,0,0,2,8
2367641,Dalot,José Diogo Dalot Teixeira,Defender,MUN,4.5,90,0,0,1,0,0,1,0,1,6
2367641,Antony,Antony Matheus dos Santos,Midfielder,MUN,6.0,62,0,0,1,0,0,0,0,0,3
2367641,Pellistri,Facundo Pellistri,Midfielder,MUN,5.0,32,0,1,0,0,0,0,0,0,4
2367641,Garnacho,Alejandro Garnacho Ferreyra,Midfielder,MUN,6.5,90,0,0,1,0,0,1,0,0,2
2367641,Højlund,Rasmus Højlund,Forward,MUN,6.5,75,0,0,1,0,0,0,0,0,2
2367642,van Dijk,Virgil van Dijk,Defender,LIV,6.0,90,0,0,0,1,0,0,0,0,2
2367642,Alisson,Alisson Ramses Becker,Goalkeeper,LIV,5.5,90,0,0,0,1,0,0,0,3,6
2367642,Salah,Mohamed Salah,Midfielder,LIV,14.5,90,0,0,0,1,0,0,0,0,2
2367642,Alexander-Arnold,Trent Alexander-Arnold,Defender,LIV,7.2,90,0,0,0,1,0,0,0,0,2
2367642,Gomez,Joseph Gomez,Defender,LIV,5.0,65,0,0,1,0,0,0,0,1,7
2367642,Diogo Jota,Diogo José Teixeira da Silva,Midfielder,LIV,7.2,65,0,0,1,0,0,0,0,0,3
2367642,Konaté,Ibrahima Konaté,Defender,LIV,5.5,90,0,0,0,1,0,0,0,0,2
2367642,Tsimikas,Konstantinos Tsimikas,Defender,LIV,5.0,32,0,0,0,1,0,0,0,0,1
2367642,Mac Allister,Alexis Mac Allister,Midfielder,LIV,6.5,90,0,0,0,1,0,1,0,0,1
2367642,Gakpo,Cody Gakpo,Forward,LIV,7.5,32,0,0,0,1,0,0,0,0,1
2367642,Díaz,Luis Díaz,Midfielder,LIV,8.0,15,1,0,0,0,0,0,0,0,6
2367642,Szoboszlai,Dominik Szoboszlai,Midfielder,LIV,6.5,64,0,0,1,0,0,0,0,0,3
2367642,Gravenberch,Ryan Gravenberch,Midfielder,LIV,5.5,81,0,0,0,1,0,0,0,0,2
2367642,Elliott,Harvey Elliott,Midfielder,LIV,5.5,32,0,1,0,1,0,0,0,0,4
2367642,Núñez,Darwin Núñez,Forward,LIV,6.5,90,0,0,0,1,0,0,0,0,2
2367642,Kaminski,Thomas Kaminski,Goalkeeper,LUT,4.0,90,0,0,0,1,0,0,0,0,3
2367642,Townsend,Andros Townsend,Midfielder,LUT,5.0,59,0,0,1,0,0,0,0,0,3
2367642,Barkley,Ross Barkley,Midfielder,LUT,5.0,90,0,0,0,1,0,0,0,0,2
2367642,Lockyer,Tom Lockyer,Defender,LUT,4.2,90,0,0,0,1,0,0,0,0,2
2367642,Morris,Carlton Morris,Forward,LUT,4.7,73,0,0,1,0,0,0,0,0,2
2367642,Adebayo,Elijah Adebayo,Forward,LUT,4.8,23,0,0,0,1,0,0,0,0,1
2367642,Nakamba,Marvelous Nakamba,Midfielder,LUT,4.3,90,0,0,0,1,0,1,0,0,1
2367642,Osho,Gabriel Osho,Defender,LUT,4.4,90,0,0,0,1,0,0,0,0,2
2367642,Chong,Tahith Chong,Midfielder,LUT,4.4,37,1,0,0,1,0,0,0,0,6
2367642,Ogbene,Chiedozie Ogbene,Forward,LUT,4.8,78,0,0,1,0,0,0,0,0,2
2367642,Brown,Jacob Brown,Forward,LUT,4.9,19,0,0,0,1,0,0,0,0,1
2367642,Doughty,Alfie Doughty,Defender,LUT,4.3,90,0,0,0,1,0,0,0,0,2
2367642,Mengi,Teden Mengi,Defender,LUT,3.9,90,0,0,0,1,0,0,0,0,2
2367642,Issa Kabore,Issa Kabore,Defender,LUT,4.5,90,0,1,0,1,0,0,0,3,8
2367643,Solanke,Dominic Solanke,Forward,BOU,7.5,83,0,0,0,5,0,0,0,0,2
2367643,Rothwell,Joe Rothwell,Midfielder,BOU,4.8,50,0,0,0,3,0,0,0,0,1
2367643,Christie,Ryan Christie,Midfielder,BOU,5.0,90,0,0,0,6,0,0,0,0,2
2367643,Billing,Philip Billing,Midfielder,BOU,5.0,71,0,0,0,4,0,1,0,0,1
2367643,Tavernier,Marcus Tavernier,Midfielder,BOU,5.5,71,0,0,0,4,0,0,0,0,2
2367643,Radu,Ionut Radu,Goalkeeper,BOU,4.3,90,0,0,0,6,0,0,0,0,0
2367643,Senesi,Marcos Senesi,Defender,BOU,4.5,45,0,0,0,3,0,0,0,0,0
2367643,Kluivert,Justin Kluivert,Midfielder,BOU,7.0,13,0,0,0,1,0,0,0,0,1
2367643,Mepham,Chris Mepham,Defender,BOU,4.0,45,0,0,0,3,0,0,0,0,0
2367643,Sinisterra,Luis Sinisterra,Midfielder,BOU,5.0,24,1,0,0,2,0,0,0,0,6
2367643,Aarons,Maximillian Aarons,Defender,BOU,4.3,90,0,1,0,6,0,0,0,0,2
2367643,Kelly (Lloyd),Lloyd Kelly,Defender,BOU,4.2,90,0,0,0,6,0,0,0,0,0
2367643,Semenyo,Antoine Semenyo,Forward,BOU,7.0,25,0,0,0,2,0,0,0,0,1
2367643,Zabarnyi,Illia Zabarnyi,Defender,BOU,5.0,90,0,0,0,6,0,0,0,0,0
2367643,Scott,Alex Scott,Midfielder,BOU,5.0,42,0,0,0,3,0,0,0,0,1
2367643,Kerkez,Milos Kerkez,Defender,BOU,6.0,90,0,0,0,6,0,0,0,0,0
2367643,Walker,Kyle Walker,Defender,MCI,4.5,90,0,0,0,1,0,0,0,0,2
2367643,Kovacic,Mateo Kovacic,Midfielder,MCI,6.0,90,0,0,0,1,0,0,0,0,2
2367643,Stones,John Stones,Defender,MCI,5.5,70,0,0,1,0,0,0,0,0,6
2367643,Ederson,Ederson Santana de Moraes,Goalkeeper,MCI,5.5,90,0,0,0,1,0,0,0,0,2
2367643,Aké,Nathan Aké,Defender,MCI,5.5,90,1,0,0,1,0,0,0,1,9
2367643,Phillips (Kalvin),Kalvin Phillips,Midfielder,MCI,5.0,25,0,0,0,1,0,0,0,0,1
2367643,Bernardo Silva,Bernardo Mota Veiga de Carvalho e Silva,Midfielder,MCI,6.5,83,2,0,0,1,0,0,0,2,14
2367643,Foden,Phil Foden,Midfielder,MCI,8.0,45,1,0,0,1,0,0,0,0,6
2367643,Akanji,Manuel Akanji,Defender,MCI,5.5,90,1,0,0,1,0,0,0,0,8
2367643,Rodri,Rodrigo Hernández Cascante,Midfielder,MCI,6.5,71,0,1,1,0,0,0,0,0,6
2367643,Haaland,Erling Haaland,Forward,MCI,14.0,45,0,0,0,0,0,0,0,0,1
2367643,Doku,Jéremy Doku,Midfielder,MCI,6.5,90,1,4,0,1,0,0,0,3,22
2367643,Álvarez (Julián),Julián Álvarez,Forward,MCI,7.0,71,0,0,1,0,0,0,0,0,2
2367643,Matheus Nunes,Matheus Luiz Nunes,Midfielder,MCI,5.5,25,0,0,0,1,0,0,0,0,1
2367643,Lewis (Rico),Rico Lewis,Defender,MCI,5.0,25,0,0,0,1,0,0,0,0,1
2367643,Bobb,Oscar Bobb,Midfielder,MCI,5.5,13,0,1,0,0,0,0,0,0,4
2367644,Jorginho,Jorge Luiz Frello Filho,Midfielder,ARS,4.6,73,0,0,0,1,0,0,0,0,2
2367644,Trossard,Leandro Trossard,Midfielder,ARS,7.0,20,0,0,0,0,0,0,0,0,1
2367644,Raya Martin,David Raya Martin,Goalkeeper,ARS,5.5,90,0,0,0,1,0,0,0,0,2
2367644,White (Ben),Ben White,Defender,ARS,5.5,68,0,0,0,1,0,0,0,0,2
2367644,Rice,Declan Rice,Midfielder,ARS,6.5,90,0,0,0,1,0,0,0,0,2
2367644,Eddie Nketiah,Edward Nketiah,Forward,ARS,5.5,73,0,0,0,1,0,0,0,0,2
2367644,Zinchenko,Oleksandr Zinchenko,Defender,ARS,5.0,25,0,0,0,0,0,0,0,0,1
2367644,Havertz,Kai Havertz,Midfielder,ARS,7.5,90,0,0,0,1,0,1,0,0,1
2367644,Saka,Bukayo Saka,Midfielder,ARS,10.0,90,0,0,0,1,0,0,0,0,2
2367644,Tomiyasu,Takehiro Tomiyasu,Defender,ARS,4.8,90,0,0,0,1,0,0,0,0,2
2367644,Gabriel Magalhães,Gabriel dos Santos Magalhães,Defender,ARS,6.0,90,0,0,0,1,0,0,0,0,2
2367644,Fábio Vieira,Fábio Daniel Vieira,Midfielder,ARS,5.5,20,0,0,0,0,0,0,0,0,1
2367644,Martinelli,Gabriel Teodoro Martinelli Silva,Midfielder,ARS,7.0,90,0,0,0,1,0,0,0,0,2
2367644,Saliba,William Saliba,Defender,ARS,6.0,90,0,0,0,1,0,0,0,0,2
2367644,Ritchie,Matt Ritchie,Midfielder,NEW,4.3,19,0,0,0,0,0,0,0,0,1
2367644,Wilson (Callum),Callum Wilson,Forward,NEW,6.9,62,0,0,1,0,0,0,0,0,2
2367644,Trippier,Kieran Trippier,Defender,NEW,5.0,90,0,0,1,0,0,0,0,3,9
2367644,Burn,Dan Burn,Defender,NEW,5.0,45,0,0,0,0,0,0,0,0,1
2367644,Pope,Nick Pope,Goalkeeper,NEW,5.0,90,0,0,1,0,0,0,0,0,6
2367644,Lascelles,Jamaal Lascelles,Defender,NEW,4.5,90,0,0,1,0,0,0,0,3,9
2367644,Murphy (Jacob),Jacob Murphy,Midfielder,NEW,6.5,11,0,0,0,0,0,0,0,0,1
2367644,Schär,Fabian Schär,Defender,NEW,5.5,90,0,0,1,0,0,1,0,0,5
2367644,Almirón,Miguel Almirón,Midfielder,NEW,5.4,62,0,0,1,0,0,0,0,0,3
2367644,Longstaff (Sean),Sean Longstaff,Midfielder,NEW,5.0,90,0,0,1,0,0,1,0,0,2
2367644,Joelinton,Joelinton Cássio Apolinário de Lira,Midfielder,NEW,6.0,90,0,1,1,0,0,0,0,3,9
2367644,Willock,Joseph Willock,Midfielder,NEW,5.0,31,0,0,0,0,0,0,0,0,1
2367644,Bruno Guimarães,Bruno Guimarães Rodriguez Moura,Midfielder,NEW,6.5,90,0,0,1,0,0,1,0,0,2
2367644,Gordon (Anthony),Anthony Gordon,Midfielder,NEW,7.5,90,1,0,1,0,0,1,0,0,7
2367644,Livramento,Valentino Livramento,Defender,NEW,5.0,45,0,0,0,0,0,1,0,0,0
2367645,Martinez,Emiliano Martinez,Goalkeeper,AVL,5.0,90,0,0,0,2,0,0,0,0,1
2367645,Digne,Lucas Digne,Defender,AVL,4.5,90,0,0,0,2,0,0,0,0,1
2367645,McGinn,John McGinn,Midfielder,AVL,5.5,90,0,0,0,2,0,0,0,0,2
2367645,Dendoncker,Leander Dendoncker,Midfielder,AVL,4.5,11,0,0,0,0,0,0,0,0,1
2367645,Diego Carlos,Diego Carlos Santos Silva,Defender,AVL,4.5,19,0,0,0,0,0,0,0,0,1
2367645,Tielemans,Youri Tielemans,Midfielder,AVL,6.0,36,0,0,0,0,0,0,0,0,1
2367645,Watkins,Ollie Watkins,Forward,AVL,9.0,90,0,0,0,2,0,0,0,0,2
2367645,Cash,Matthew Cash,Defender,AVL,4.5,58,0,0,0,2,0,0,0,0,0
2367645,Konsa Ngoyo,Ezri Konsa Ngoyo,Defender,AVL,4.5,90,0,0,0,2,0,0,0,0,1
2367645,Bailey,Leon Bailey,Midfielder,AVL,5.5,45,0,0,0,1,0,0,0,0,1
2367645,Kamara,Boubacar Kamara,Midfielder,AVL,5.0,75,0,0,0,2,0,1,0,0,1
2367645,Douglas Luiz,Douglas Luiz Soares de Paulo,Midfielder,AVL,5.4,83,0,0,0,2,0,0,0,0,2
2367645,Diaby,Moussa Diaby,Midfielder,AVL,6.5,90,0,0,0,2,0,0,0,0,2
2367645,Torres,Pau Torres,Defender,AVL,4.5,90,0,0,0,2,0,0,0,0,1
2367645,Zaniolo,Nicolò Zaniolo,Midfielder,AVL,5.4,45,0,0,0,1,0,0,0,0,1
2367645,Aurier,Serge Aurier,Defender,NFO,4.5,24,0,0,0,0,0,0,0,0,1
2367645,Vlachodimos,Odisseas Vlachodimos,Goalkeeper,NFO,4.0,90,0,0,1,0,0,0,0,0,7
2367645,Toffolo,Harry Toffolo,Defender,NFO,4.2,70,0,2,1,0,0,0,0,3,15
2367645,Aina,Ola Aina,Defender,NFO,5.0,83,1,0,1,0,0,0,0,2,14
2367645,Mangala,Orel Mangala,Midfielder,NFO,5.0,90,1,0,1,0,0,0,0,0,8
2367645,Niakhaté,Moussa Niakhaté,Defender,NFO,4.5,90,0,0,1,0,0,0,0,1,7
2367645,Yates,Ryan Yates,Midfielder,NFO,5.0,11,0,0,0,0,0,0,0,0,1
2367645,Awoniyi,Taiwo Awoniyi,Forward,NFO,5.5,79,0,0,1,0,0,0,0,0,2
2367645,Sangaré,Ibrahim Sangaré,Midfielder,NFO,5.0,90,0,0,1,0,0,0,0,0,3
2367645,Williams (Neco),Neco Williams,Defender,NFO,5.0,11,0,0,0,0,0,0,0,0,1
2367645,Gibbs-White,Morgan Gibbs-White,Midfielder,NFO,7.5,90,0,0,1,0,0,0,0,0,3
2367645,Nicolás Domínguez,Nicolás Domínguez,Midfielder,NFO,5.0,84,0,0,1,0,0,0,0,0,3
2367645,Elanga,Anthony Elanga,Midfielder,NFO,7.0,90,0,0,1,0,0,0,0,0,3
2367645,Danilo,Danilo dos Santos de Oliveira,Midfielder,NFO,4.7,15,0,0,0,0,0,1,0,0,0
2367645,Murillo,Murillo Santiago Costa dos Santos,Defender,NFO,5.5,90,0,0,1,0,0,0,0,0,6
2367646,Norwood,Oliver Norwood,Midfielder,SHU,4.8,90,1,0,0,1,0,0,0,3,10
2367646,Foderingham,Wes Foderingham,Goalkeeper,SHU,4.0,90,0,0,0,1,0,0,0,0,2
2367646,Baldock,George Baldock,Defender,SHU,3.8,90,0,1,0,1,0,1,0,0,4
2367646,Robinson (Jack),Jack Robinson,Defender,SHU,4.3,90,0,0,0,1,0,0,0,0,2
2367646,Osborn,Ben Osborn,Midfielder,SHU,4.8,11,0,0,0,0,0,0,0,0,1
2367646,Brewster,Rhian Brewster,Forward,SHU,4.9,45,0,0,0,0,0,0,0,0,1
2367646,Hamer,Gustavo Hamer,Midfielder,SHU,4.9,90,0,0,0,1,0,1,0,0,1
2367646,Trusty,Auston Trusty,Defender,SHU,3.9,90,0,0,0,1,0,0,0,0,2
2367646,Bogle,Jayden Bogle,Defender,SHU,4.5,90,0,0,0,1,0,0,0,0,2
2367646,Thomas (Luke),Luke Thomas,Defender,SHU,3.9,90,0,0,0,1,0,0,0,0,2
2367646,Vinicius Souza,Vinicius de Souza Costa,Midfielder,SHU,5.0,90,0,0,0,1,0,0,0,0,2
2367646,Mcatee,James Mcatee,Midfielder,SHU,5.5,46,0,1,0,1,0,0,0,0,4
2367646,Archer,Cameron Archer,Forward,SHU,4.8,90,1,0,0,1,0,0,0,3,9
2367646,Dawson,Craig Dawson,Defender,WOL,4.2,90,0,0,0,2,0,1,0,0,0
2367646,José Sá,José Pedro Malheiro de Sá,Goalkeeper,WOL,4.5,90,0,0,0,2,0,0,0,0,1
2367646,Lemina (Mario),Mario Lemina,Midfielder,WOL,4.8,90,0,0,0,2,0,0,0,0,2
2367646,Hwang Hee-Chan,Hee-Chan Hwang,Midfielder,WOL,6.0,90,0,1,0,2,0,0,0,0,5
2367646,Semedo,Nelson Semedo,Defender,WOL,4.5,90,0,0,0,2,0,0,0,0,1
2367646,Kilman,Max Kilman,Defender,WOL,4.5,90,0,0,0,2,0,0,0,0,1
2367646,Doyle,Tommy Doyle,Midfielder,WOL,4.7,70,0,0,1,0,0,1,0,0,2
2367646,Bellegarde,Jean-Ricner Bellegarde,Midfielder,WOL,5.5,40,1,0,0,2,0,0,0,1,7
2367646,Kalajdzic,Sasa Kalajdzic,Forward,WOL,5.0,60,0,0,1,0,0,0,0,0,2
2367646,Matheus Cunha,Matheus Santos Carneiro Da Cunha,Forward,WOL,8.0,90,0,0,0,2,0,0,0,0,2
2367646,Ait Nouri,Rayan Ait Nouri,Defender,WOL,6.0,90,0,0,0,2,0,0,0,0,1
2367646,Fabio Silva,Fabio Daniel Soares Silva,Forward,WOL,5.0,20,0,0,0,1,0,1,0,0,0
2367646,Traoré (Boubacar),Boubacar Traoré,Midfielder,WOL,5.0,30,0,0,0,2,0,0,0,0,1
2367646,Toti,Toti António Gomes,Defender,WOL,4.5,80,0,0,0,1,0,0,0,0,2
2367647,Thiago Silva,Thiago Emiliano da Silva,Defender,CHE,5.0,90,0,0,0,1,0,0,0,0,2
2367647,Sterling (Raheem),Raheem Sterling,Midfielder,CHE,6.7,88,0,1,0,1,0,0,0,0,5
2367647,Cucurella,Marc Cucurella,Defender,CHE,6.0,45,0,0,0,0,0,0,0,0,1
2367647,Sanchez,Robert Sanchez,Goalkeeper,CHE,5.0,90,0,0,0,1,0,0,0,0,3
2367647,Disasi,Axel Disasi,Defender,CHE,4.2,90,0,0,0,1,0,0,0,0,2
2367647,James,Reece James,Defender,CHE,5.5,75,0,0,0,1,0,0,0,0,2
2367647,Gallagher,Conor Gallagher,Midfielder,CHE,5.9,90,0,1,0,1,0,0,0,1,6
2367647,Palmer,Cole Palmer,Midfielder,CHE,10.5,90,1,1,0,1,0,0,0,2,12
2367647,Fernández (Enzo),Enzo Fernández,Midfielder,CHE,6.5,57,0,1,0,1,0,0,0,0,4
2367647,Colwill,Levi Colwill,Defender,CHE,5.0,45,0,0,0,1,0,1,0,0,0
2367647,Mudryk,Mykhailo Mudryk,Midfielder,CHE,5.0,39,0,0,0,0,0,1,0,0,0
2367647,Gusto,Malo Gusto,Defender,CHE,5.0,21,0,0,0,0,0,1,0,0,0
2367647,Moises Caicedo,Moises Caicedo,Midfielder,CHE,5.5,90,0,0,0,1,0,0,0,0,2
2367647,Ugochukwu,Lesley Ugochukwu,Midfielder,CHE,4.4,9,0,0,0,0,0,1,0,0,0
2367647,Jackson (Nicolas),Nicolas Jackson,Forward,CHE,6.5,90,3,0,0,1,0,1,0,3,16
2367647,Son,Heung-Min Son,Midfielder,TOT,8.5,90,0,0,0,4,0,0,0,0,2
2367647,Dier,Eric Dier,Defender,TOT,4.2,65,0,0,0,4,0,0,0,0,0
2367647,Højbjerg,Pierre-Emile Højbjerg,Midfielder,TOT,5.0,56,0,0,0,3,0,0,0,0,1
2367647,Maddison,James Maddison,Midfielder,TOT,7.0,36,0,0,0,1,0,0,0,0,1
2367647,Vicario,Guglielmo Vicario,Goalkeeper,TOT,5.0,90,0,0,0,4,0,0,0,0,1
2367647,Bentancur,Rodrigo Bentancur,Midfielder,TOT,5.5,36,0,0,0,3,0,0,0,0,1
2367647,Skipp,Oliver Skipp,Midfielder,TOT,4.7,36,0,0,0,3,0,0,0,0,1
2367647,Romero,Cristian Romero,Defender,TOT,5.0,28,0,0,0,0,0,0,1,0,0
2367647,Bissouma,Yves Bissouma,Midfielder,TOT,5.5,90,0,0,0,4,0,0,0,0,2
2367647,Emerson Royal,Emerson Aparecido Leite de Souza Junior,Defender,TOT,4.5,57,0,0,0,3,0,0,0,0,0
2367647,Johnson (Brennan),Brennan Johnson,Midfielder,TOT,7.0,28,0,0,0,0,0,0,0,0,1
2367647,Porro,Pedro Porro,Defender,TOT,5.5,90,0,0,0,4,0,0,0,0,0
2367647,Kulusevski,Dejan Kulusevski,Midfielder,TOT,6.5,60,1,0,0,1,0,0,0,0,7
2367647,Sarr (Pape),Pape Sarr,Midfielder,TOT,5.0,61,0,1,0,1,0,1,0,0,4
2367647,Destiny Udogie,Iyenoma Destiny Udogie,Defender,TOT,4.5,54,0,0,0,1,0,0,1,0,0
2367647,van de Ven,Micky van de Ven,Defender,TOT,4.5,37,0,0,0,1,0,0,0,0,1
2367648,Smith (Adam),Adam Smith,Defender,BOU,4.5,29,0,0,0,0,0,0,0,0,1
2367648,Neto,Norberto Murara Neto,Goalkeeper,BOU,4.5,90,0,0,1,0,0,0,0,2,9
2367648,Solanke,Dominic Solanke,Forward,BOU,7.5,90,2,0,1,0,0,0,0,3,13
2367648,Cook (Lewis),Lewis Cook,Midfielder,BOU,5.0,90,0,0,1,0,0,1,0,0,2
2367648,Rothwell,Joe Rothwell,Midfielder,BOU,4.8,2,0,0,0,0,0,0,0,0,1
2367648,Christie,Ryan Christie,Midfielder,BOU,5.0,90,0,0,1,0,0,0,0,0,3
2367648,Tavernier,Marcus Tavernier,Midfielder,BOU,5.5,90,0,0,1,0,0,0,0,0,3
2367648,Senesi,Marcos Senesi,Defender,BOU,4.5,90,0,0,1,0,0,1,0,0,5
2367648,Kluivert,Justin Kluivert,Midfielder,BOU,7.0,66,0,0,1,0,0,0,0,0,3
2367648,Sinisterra,Luis Sinisterra,Midfielder,BOU,5.0,28,0,0,0,0,0,0,0,0,1
2367648,Aarons,Maximillian Aarons,Defender,BOU,4.3,66,0,0,1,0,0,0,0,0,6
2367648,Kelly (Lloyd),Lloyd Kelly,Defender,BOU,4.2,90,0,0,1,0,0,0,0,1,7
2367648,Semenyo,Antoine Semenyo,Forward,BOU,7.0,77,0,0,1,0,0,0,0,0,2
2367648,Zabarnyi,Illia Zabarnyi,Defender,BOU,5.0,90,0,0,1,0,0,0,0,0,6
2367648,Dango Ouattara,Dango Ouattara,Midfielder,BOU,6.0,17,0,0,0,0,0,0,0,0,1
2367648,Ritchie,Matt Ritchie,Midfielder,NEW,4.3,65,0,0,0,2,0,0,0,0,1
2367648,Trippier,Kieran Trippier,Defender,NEW,5.0,90,0,0,0,2,0,0,0,0,1
2367648,Pope,Nick Pope,Goalkeeper,NEW,5.0,90,0,0,0,2,0,0,0,1,4
2367648,Lascelles,Jamaal Lascelles,Defender,NEW,4.5,90,0,0,0,2,0,1,0,0,0
2367648,Krafth,Emil Krafth,Defender,NEW,4.5,3,0,0,0,0,0,0,0,0,1
2367648,Schär,Fabian Schär,Defender,NEW,5.5,90,0,0,0,2,0,0,0,0,1
2367648,Almirón,Miguel Almirón,Midfielder,NEW,5.4,26,0,0,0,0,0,0,0,0,1
2367648,Longstaff (Sean),Sean Longstaff,Midfielder,NEW,5.0,90,0,0,0,2,0,0,0,0,2
2367648,Joelinton,Joelinton Cássio Apolinário de Lira,Midfielder,NEW,6.0,90,0,0,0,2,0,0,0,0,2
2367648,Willock,Joseph Willock,Midfielder,NEW,5.0,90,0,0,0,2,0,0,0,0,2
2367648,Gordon (Anthony),Anthony Gordon,Midfielder,NEW,7.5,90,0,0,0,2,0,0,0,0,2
2367648,Livramento,Valentino Livramento,Defender,NEW,5.0,45,0,0,0,2,0,0,0,0,0
2367648,Lewis Hall,Lewis Hall,Defender,NEW,5.5,45,0,0,0,0,0,0,0,0,1
2367648,Parkinson,Ben Parkinson,Forward,NEW,4.5,31,0,0,0,1,0,0,0,0,1
2367648,Miley (Lewis),Lewis Miley,Midfielder,NEW,4.5,64,0,0,0,1,0,0,0,0,2
2367649,Jorginho,Jorge Luiz Frello Filho,Midfielder,ARS,4.6,90,0,0,0,1,0,0,0,0,2
2367649,Trossard,Leandro Trossard,Midfielder,ARS,7.0,81,1,1,0,1,0,0,0,3,13
2367649,Raya Martin,David Raya Martin,Goalkeeper,ARS,5.5,90,0,0,0,1,0,0,0,0,3
2367649,Nelson (Reiss),Reiss Nelson,Midfielder,ARS,5.0,14,0,0,0,0,0,0,0,0,1
2367649,Rice,Declan Rice,Midfielder,ARS,6.5,90,0,0,0,1,0,0,0,0,2
2367649,Eddie Nketiah,Edward Nketiah,Forward,ARS,5.5,14,0,0,0,0,0,0,0,0,1
2367649,Zinchenko,Oleksandr Zinchenko,Defender,ARS,5.0,90,1,0,0,1,0,0,0,2,10
2367649,Havertz,Kai Havertz,Midfielder,ARS,7.5,58,0,0,0,1,0,0,0,0,1
2367649,Saka,Bukayo Saka,Midfielder,ARS,10.0,81,0,1,0,1,0,0,0,0,5
2367649,Tomiyasu,Takehiro Tomiyasu,Defender,ARS,4.8,90,0,0,0,1,0,0,0,0,2
2367649,Gabriel Magalhães,Gabriel dos Santos Magalhães,Defender,ARS,6.0,90,0,0,0,1,0,0,0,0,2
2367649,Fábio Vieira,Fábio Daniel Vieira,Midfielder,ARS,5.5,24,0,0,0,0,0,0,1,0,0
2367649,Kiwior,Jakub Kiwior,Defender,ARS,5.5,9,0,0,0,0,0,0,0,0,1
2367649,Martinelli,Gabriel Teodoro Martinelli Silva,Midfielder,ARS,7.0,86,0,0,0,1,0,0,0,0,2
2367649,Saliba,William Saliba,Defender,ARS,6.0,90,1,0,0,1,0,0,0,1,9
2367649,Rodriguez,Jay Rodriguez,Forward,BUR,5.3,90,0,0,0,3,0,0,0,0,2
2367649,Gudmundsson,Johann Berg Gudmundsson,Midfielder,BUR,4.8,90,0,0,0,3,0,1,0,0,1
2367649,Taylor (Charlie),Charlie Taylor,Defender,BUR,3.9,90,0,0,0,3,0,0,0,0,1
2367649,Brownhill,Josh Brownhill,Midfielder,BUR,4.7,84,1,0,0,3,0,0,0,0,7
2367649,Bruun Larsen,Jacob Bruun Larsen,Midfielder,BUR,5.5,16,0,0,0,0,0,0,0,0,1
2367649,Berge,Sander Berge,Midfielder,BUR,5.0,90,0,0,0,3,0,0,0,0,2
2367649,O'Shea,Dara O'Shea,Defender,BUR,3.8,90,0,0,0,3,0,0,0,0,1
2367649,Obafemi,Michael Obafemi,Forward,BUR,4.5,12,0,0,0,0,0,0,0,0,1
2367649,Beyer,Jordan Beyer,Defender,BUR,4.0,90,0,0,0,3,0,0,0,0,1
2367649,Trafford,James Trafford,Goalkeeper,BUR,5.0,90,0,0,0,3,0,0,0,0,2
2367649,Vitinho,Victor Alexander da Silva,Defender,BUR,4.4,86,0,0,0,3,0,0,0,0,1
2367649,Ramsey (Aaron),Aaron Ramsey,Midfielder,BUR,4.5,16,0,0,0,0,0,0,0,0,1
2367649,Koleosho,Luca Koleosho,Midfielder,BUR,5.0,79,0,0,0,3,0,0,0,0,2
2367649,Amdouni,Zeki Amdouni,Forward,BUR,5.0,79,0,0,0,3,0,0,0,0,2
2367649,Odobert,Wilson Odobert,Midfielder,BUR,5.5,9,0,0,0,0,0,0,0,0,1
2367650,Martinez,Emiliano Martinez,Goalkeeper,AVL,5.0,90,0,0,0,1,0,0,0,0,3
2367650,Digne,Lucas Digne,Defender,AVL,4.5,90,0,0,0,1,0,0,0,0,2
2367650,McGinn,John McGinn,Midfielder,AVL,5.5,90,1,0,0,1,0,0,0,3,10
2367650,Tielemans,Youri Tielemans,Midfielder,AVL,6.0,90,0,0,0,1,0,0,0,0,2
2367650,Watkins,Ollie Watkins,Forward,AVL,9.0,90,1,0,0,1,0,1,0,1,6
2367650,Cash,Matthew Cash,Defender,AVL,4.5,90,0,0,0,1,0,0,0,0,2
2367650,Konsa Ngoyo,Ezri Konsa Ngoyo,Defender,AVL,4.5,90,0,0,0,1,0,1,0,0,1
2367650,Bailey,Leon Bailey,Midfielder,AVL,5.5,33,0,1,0,1,0,0,0,0,4
2367650,Kamara,Boubacar Kamara,Midfielder,AVL,5.0,90,0,0,0,1,0,0,0,0,2
2367650,Douglas Luiz,Douglas Luiz Soares de Paulo,Midfielder,AVL,5.4,90,0,0,0,1,0,0,0,0,2
2367650,Diaby,Moussa Diaby,Midfielder,AVL,6.5,62,0,1,1,0,0,0,0,0,6
2367650,Torres,Pau Torres,Defender,AVL,4.5,90,0,0,0,1,0,0,0,0,2
2367650,Willian,Willian Borges Da Silva,Midfielder,FUL,5.0,82,0,0,0,3,0,0,0,0,2
2367650,Cairney,Tom Cairney,Midfielder,FUL,5.0,22,0,0,0,0,0,0,0,0,1
2367650,Leno,Bernd Leno,Goalkeeper,FUL,5.0,90,0,0,0,3,0,0,0,0,2
2367650,Ream,Tim Ream,Defender,FUL,4.5,90,0,0,0,3,0,0,0,0,1
2367650,DeCordova-Reid,Bobby DeCordova-Reid,Midfielder,FUL,5.2,45,0,0,0,2,0,0,0,0,1
2367650,Raúl Jiménez,Raul Alonso Jimenez Rodriguez,Forward,FUL,6.5,74,1,0,0,3,0,0,0,2,8
2367650,Iwobi,Alex Iwobi,Midfielder,FUL,6.5,81,0,0,0,3,0,1,0,0,1
2367650,Reed,Harrison Reed,Midfielder,FUL,4.5,14,0,0,0,0,0,1,0,0,0
2367650,Wilson (Harry),Harry Wilson,Midfielder,FUL,5.5,45,0,0,0,1,0,0,0,0,1
2367650,João Palhinha,João Maria Lobo Alves Palhinha Gonçalves,Midfielder,FUL,5.9,90,0,0,0,3,0,1,0,0,1
2367650,Pereira (Andreas),Andreas Pereira,Midfielder,FUL,5.5,74,0,0,0,3,0,0,0,0,2
2367650,Traoré (Adama),Adama Traoré,Midfielder,FUL,5.5,14,0,0,0,0,0,0,0,0,1
2367650,Castagne,Timothy Castagne,Defender,FUL,4.5,90,0,0,0,3,0,0,0,0,1
2367650,Robinson (Antonee),Antonee Robinson,Defender,FUL,5.0,90,0,1,0,3,1,1,0,1,2
2367650,Bassey,Calvin Bassey,Defender,FUL,4.5,90,0,0,0,3,0,0,0,0,1
2367650,Carlos Vinicius,Carlos Vinicius Alves Morais,Forward,FUL,5.0,22,0,0,0,0,0,1,0,0,0
2367651,Lallana,Adam Lallana,Midfielder,BHA,5.0,45,0,0,0,0,0,0,0,0,1
2367651,Steele,Jason Steele,Goalkeeper,BHA,4.5,90,0,0,0,1,0,0,0,0,2
2367651,Groß,Pascal Groß,Midfielder,BHA,6.5,90,0,0,0,1,0,0,0,1,3
2367651,Webster,Adam Webster,Defender,BHA,4.5,90,0,0,0,1,1,0,0,0,0
2367651,Veltman,Joël Veltman,Defender,BHA,4.5,24,0,0,0,1,0,0,0,0,1
2367651,Dahoud,Mahmoud Dahoud,Midfielder,BHA,4.9,68,0,0,1,0,0,0,1,0,0
2367651,Igor Julio,Igor Julio dos Santos de Paulo,Defender,BHA,4.5,90,0,0,0,1,0,0,0,1,3
2367651,Gilmour,Billy Gilmour,Midfielder,BHA,5.0,70,0,0,1,0,0,0,0,0,3
2367651,Mitoma,Kaoru Mitoma,Midfielder,BHA,6.5,45,0,0,0,1,0,0,0,0,1
2367651,Ansu Fati,Anssumane Fati,Midfielder,BHA,6.4,71,0,0,1,0,0,0,0,0,3
2367651,van Hecke,Jan-Paul van Hecke,Defender,BHA,4.5,90,0,0,0,1,0,0,0,0,2
2367651,João Pedro,João Pedro Junqueira de Jesus,Forward,BHA,7.5,45,0,0,0,1,0,0,0,0,1
2367651,Baleba,Carlos Baleba,Midfielder,BHA,5.0,24,0,0,0,1,0,1,0,0,0
2367651,Adingra,Simon Adingra,Midfielder,BHA,5.5,90,1,0,0,1,0,1,0,3,9
2367651,Buonanotte,Facundo Buonanotte,Midfielder,BHA,5.0,45,0,1,0,0,0,1,0,0,3
2367651,Norwood,Oliver Norwood,Midfielder,SHU,4.8,90,0,0,0,1,0,0,0,0,2
2367651,Foderingham,Wes Foderingham,Goalkeeper,SHU,4.0,90,0,0,0,1,0,0,0,2,5
2367651,Baldock,George Baldock,Defender,SHU,3.8,90,0,0,0,1,0,0,0,0,2
2367651,Robinson (Jack),Jack Robinson,Defender,SHU,4.3,90,0,0,0,1,0,1,0,0,1
2367651,Osborn,Ben Osborn,Midfielder,SHU,4.8,43,0,0,0,0,0,0,0,0,1
2367651,Hamer,Gustavo Hamer,Midfielder,SHU,4.9,90,0,0,0,1,0,0,0,0,2
2367651,Trusty,Auston Trusty,Defender,SHU,3.9,90,0,0,0,1,0,0,0,0,2
2367651,Bogle,Jayden Bogle,Defender,SHU,4.5,90,0,1,0,1,0,1,0,0,4
2367651,Thomas (Luke),Luke Thomas,Defender,SHU,3.9,90,0,0,0,1,0,0,0,0,2
2367651,Vinicius Souza,Vinicius de Souza Costa,Midfielder,SHU,5.0,52,0,0,0,1,0,0,0,0,1
2367651,Mcatee,James Mcatee,Midfielder,SHU,5.5,84,0,0,0,1,0,0,0,0,2
2367651,Archer,Cameron Archer,Forward,SHU,4.8,90,0,0,0,1,0,0,0,0,2
2367651,Ben Slimane,Anis Ben Slimane,Midfielder,SHU,4.7,11,0,0,0,0,0,0,0,0,1
2367651,Osula,William Osula,Forward,SHU,5.5,1,0,0,0,0,0,0,0,0,1
2367652,Thiago Silva,Thiago Emiliano da Silva,Defender,CHE,5.0,90,1,0,0,4,0,0,0,0,6
2367652,Sterling (Raheem),Raheem Sterling,Midfielder,CHE,6.7,90,1,0,0,4,0,1,0,0,6
2367652,Cucurella,Marc Cucurella,Defender,CHE,6.0,90,0,0,0,4,0,1,0,0,0
2367652,Sanchez,Robert Sanchez,Goalkeeper,CHE,5.0,90,0,0,0,4,0,0,0,0,2
2367652,Disasi,Axel Disasi,Defender,CHE,4.2,90,0,0,0,4,0,0,0,0,0
2367652,James,Reece James,Defender,CHE,5.5,64,0,1,0,3,0,0,0,0,4
2367652,Gallagher,Conor Gallagher,Midfielder,CHE,5.9,90,0,2,0,4,0,0,0,2,10
2367652,Palmer,Cole Palmer,Midfielder,CHE,10.5,90,1,0,0,4,0,1,0,0,6
2367652,Broja,Armando Broja,Forward,CHE,5.3,11,0,1,0,0,0,0,0,0,4
2367652,Fernández (Enzo),Enzo Fernández,Midfielder,CHE,6.5,64,0,0,0,3,0,0,0,0,2
2367652,Mudryk,Mykhailo Mudryk,Midfielder,CHE,5.0,34,0,0,0,1,0,0,0,0,1
2367652,Gusto,Malo Gusto,Defender,CHE,5.0,34,0,0,0,1,0,0,0,0,1
2367652,Moises Caicedo,Moises Caicedo,Midfielder,CHE,5.5,87,0,0,0,4,0,1,0,0,1
2367652,Ugochukwu,Lesley Ugochukwu,Midfielder,CHE,4.4,4,0,0,0,0,0,0,0,0,1
2367652,Jackson (Nicolas),Nicolas Jackson,Forward,CHE,6.5,90,1,0,0,4,0,1,0,0,5
2367652,Walker,Kyle Walker,Defender,MCI,4.5,90,0,0,0,4,0,0,0,0,0
2367652,Kovacic,Mateo Kovacic,Midfielder,MCI,6.0,21,0,0,0,1,0,0,0,0,1
2367652,Grealish,Jack Grealish,Midfielder,MCI,6.5,39,0,0,0,2,0,1,0,0,0
2367652,Ederson,Ederson Santana de Moraes,Goalkeeper,MCI,5.5,90,0,0,0,4,0,0,0,0,1
2367652,Bernardo Silva,Bernardo Mota Veiga de Carvalho e Silva,Midfielder,MCI,6.5,90,0,1,0,4,0,0,0,2,7
2367652,Rúben Dias,Rúben Santos Gato Alves Dias,Defender,MCI,5.5,90,0,0,0,4,0,0,0,0,0
2367652,Foden,Phil Foden,Midfielder,MCI,8.0,90,0,0,0,4,0,0,0,0,2
2367652,Akanji,Manuel Akanji,Defender,MCI,5.5,90,1,0,0,4,0,0,0,0,6
2367652,Rodri,Rodrigo Hernández Cascante,Midfielder,MCI,6.5,90,1,0,0,4,0,1,0,0,6
2367652,Haaland,Erling Haaland,Forward,MCI,14.0,90,2,1,0,4,0,0,0,3,16
2367652,Doku,Jéremy Doku,Midfielder,MCI,6.5,59,0,0,0,2,0,1,0,0,0
2367652,Álvarez (Julián),Julián Álvarez,Forward,MCI,7.0,76,0,1,0,3,0,0,0,0,5
2367652,Gvardiol,Joško Gvardiol,Defender,MCI,6.0,90,0,0,0,4,0,0,0,0,0
2367653,Ward,Joel Ward,Defender,CRY,4.3,90,0,0,0,3,0,0,0,0,1
2367653,Ayew (Jordan),Jordan Ayew,Midfielder,CRY,5.1,90,0,0,0,3,0,0,0,0,2
2367653,Schlupp,Jeffrey Schlupp,Midfielder,CRY,4.6,67,0,0,0,2,0,0,0,0,2
2367653,Johnstone,Sam Johnstone,Goalkeeper,CRY,4.5,90,0,0,0,3,0,0,0,0,1
2367653,Hughes,Will Hughes,Midfielder,CRY,5.0,89,0,0,0,3,0,0,0,0,2
2367653,Lerma,Jefferson Lerma,Midfielder,CRY,5.0,90,0,1,0,3,0,0,0,3,8
2367653,Andersen (Joachim),Joachim Andersen,Defender,CRY,4.5,90,0,0,0,3,0,0,0,0,1
2367653,Edouard,Odsonne Edouard,Forward,CRY,5.0,83,1,0,0,2,0,0,0,0,6
2367653,Marc Guehi,Addji Keaninkin Marc-Israel Guehi,Defender,CRY,4.5,90,0,0,0,3,0,0,0,0,1
2367653,Mateta,Jean-Philippe Mateta,Forward,CRY,7.5,16,0,0,0,1,0,0,0,0,1
2367653,Eze,Eberechi Eze,Midfielder,CRY,7.5,90,1,0,0,3,0,1,0,0,6
2367653,Mitchell,Tyrick Mitchell,Defender,CRY,5.0,90,0,0,0,3,0,0,0,0,1
2367653,Olise,Michael Olise,Midfielder,CRY,5.7,32,0,0,0,1,0,0,0,0,1
2367653,Ahamada,Naouirou Ahamada,Midfielder,CRY,4.5,10,0,0,0,0,0,0,0,0,1
2367653,Tarkowski,James Tarkowski,Defender,EVE,5.5,90,0,0,0,2,0,0,0,0,1
2367653,Young (Ashley),Ashley Young,Defender,EVE,4.2,90,0,0,0,2,0,0,0,0,1
2367653,Gueye,Idrissa Gueye,Midfielder,EVE,5.5,45,1,0,0,1,0,0,0,2,8
2367653,Pickford,Jordan Pickford,Goalkeeper,EVE,5.5,90,0,0,0,2,0,0,0,0,2
2367653,Doucouré,Abdoulaye Doucouré,Midfielder,EVE,5.1,90,1,1,0,2,0,1,0,2,11
2367653,Calvert-Lewin,Dominic Calvert-Lewin,Forward,EVE,5.4,76,0,0,0,2,0,0,0,0,2
2367653,Harrison (Jack),Jack Harrison,Midfielder,EVE,5.5,90,0,1,0,2,0,0,0,0,5
2367653,Mykolenko,Vitaliy Mykolenko,Defender,EVE,5.0,90,1,1,0,2,0,1,0,0,9
2367653,Garner,James Garner,Midfielder,EVE,5.0,90,0,0,0,2,0,1,0,0,1
2367653,Patterson (Nathan),Nathan Patterson,Defender,EVE,4.5,9,0,0,0,0,0,0,0,0,1
2367653,McNeil,Dwight McNeil,Midfielder,EVE,6.0,90,0,0,0,2,0,0,0,0,2
2367653,Mvom Onana,Amadou Mvom Onana,Midfielder,EVE,5.0,45,0,0,0,1,0,1,0,0,0
2367653,Branthwaite,Jarrad Branthwaite,Defender,EVE,5.5,90,0,0,0,2,0,0,0,0,1
2367653,Beto,Norberto Bercique Gomes Betuncal,Forward,EVE,5.5,22,0,0,0,0,0,0,0,0,1
2367654,Mee (Ben),Ben Mee,Defender,BRE,4.2,90,0,0,0,3,0,0,0,0,1
2367654,Maupay,Neal Maupay,Forward,BRE,4.9,25,0,0,0,1,0,0,0,0,1
2367654,Flekken,Mark Flekken,Goalkeeper,BRE,4.5,90,0,0,0,3,0,0,0,0,3
2367654,Norgaard,Christian Norgaard,Midfielder,BRE,5.5,90,0,0,0,3,0,1,0,0,1
2367654,Ajer,Kristoffer Ajer,Defender,BRE,4.5,90,0,0,0,3,0,1,0,0,0
2367654,Janelt,Vitaly Janelt,Midfielder,BRE,5.0,45,0,0,0,1,0,0,0,0,1
2367654,Ghoddos,Saman Ghoddos,Midfielder,BRE,4.5,24,0,0,0,1,0,0,0,0,1
2367654,Jensen,Mathias Jensen,Midfielder,BRE,5.0,69,0,0,0,2,0,0,0,0,2
2367654,Wissa,Yoane Wissa,Forward,BRE,7.5,69,0,0,0,2,0,0,0,0,2
2367654,Roerslev,Mads Roerslev,Defender,BRE,4.5,69,0,0,0,2,0,0,0,0,1
2367654,Pinnock,Ethan Pinnock,Defender,BRE,4.5,90,0,0,0,3,0,0,0,0,1
2367654,Onyeka,Frank Onyeka,Midfielder,BRE,5.0,45,0,0,0,2,0,0,0,0,1
2367654,Collins,Nathan Collins,Defender,BRE,5.0,90,0,0,0,3,0,0,0,0,1
2367654,Mbeumo,Bryan Mbeumo,Midfielder,BRE,8.0,90,0,0,0,3,0,0,0,0,2
2367654,Yarmolyuk,Ehor Yarmolyuk,Midfielder,BRE,5.0,25,0,0,0,1,0,0,0,0,1
2367654,Matip,Joel Matip,Defender,LIV,4.8,90,0,0,1,0,0,1,0,0,5
2367654,van Dijk,Virgil van Dijk,Defender,LIV,6.0,90,0,0,1,0,0,0,0,0,6
2367654,Alisson,Alisson Ramses Becker,Goalkeeper,LIV,5.5,90,0,0,1,0,0,0,0,0,7
2367654,Salah,Mohamed Salah,Midfielder,LIV,14.5,90,2,0,1,0,0,0,0,3,16
2367654,Endo,Wataru Endo,Midfielder,LIV,5.0,90,0,0,1,0,0,0,0,0,3
2367654,Alexander-Arnold,Trent Alexander-Arnold,Defender,LIV,7.2,87,0,0,1,0,0,0,0,1,7
2367654,Diogo Jota,Diogo José Teixeira da Silva,Midfielder,LIV,7.2,80,1,0,1,0,0,0,0,0,8
2367654,Tsimikas,Konstantinos Tsimikas,Defender,LIV,5.0,90,0,2,1,0,0,0,0,3,15
2367654,Gakpo,Cody Gakpo,Forward,LIV,7.5,80,0,0,1,0,0,0,0,0,2
2367654,Díaz,Luis Díaz,Midfielder,LIV,8.0,13,0,0,0,0,0,0,0,0,1
2367654,Szoboszlai,Dominik Szoboszlai,Midfielder,LIV,6.5,90,0,0,1,0,0,0,0,0,3
2367654,Quansah,Jarell Quansah,Defender,LIV,3.9,7,0,0,0,0,0,0,0,0,1
2367654,Elliott,Harvey Elliott,Midfielder,LIV,5.5,14,0,0,0,0,0,0,0,0,1
2367654,Núñez,Darwin Núñez,Forward,LIV,6.5,90,0,1,1,0,0,0,0,0,5
2367654,McConnell,James McConnell,Midfielder,LIV,4.5,3,0,0,0,0,0,0,0,0,1
2367655,Kaminski,Thomas Kaminski,Goalkeeper,LUT,4.0,90,0,0,0,1,0,0,0,0,3
2367655,Townsend,Andros Townsend,Midfielder,LUT,5.0,60,0,0,0,1,0,0,0,0,2
2367655,Barkley,Ross Barkley,Midfielder,LUT,5.0,90,0,0,0,1,0,0,0,0,2
2367655,Clark (Jordan),Jordan Clark,Midfielder,LUT,4.8,26,0,0,0,0,0,0,0,0,1
2367655,Ruddock Mpanzu,Pelly Ruddock Mpanzu,Midfielder,LUT,4.6,14,0,0,0,0,0,0,0,0,1
2367655,Lockyer,Tom Lockyer,Defender,LUT,4.2,90,0,0,0,1,0,1,0,0,1
2367655,Morris,Carlton Morris,Forward,LUT,4.7,90,0,0,0,1,0,0,0,0,2
2367655,Adebayo,Elijah Adebayo,Forward,LUT,4.8,14,0,0,0,0,0,0,0,0,1
2367655,Nakamba,Marvelous Nakamba,Midfielder,LUT,4.3,82,0,0,0,1,0,0,0,0,2
2367655,Osho,Gabriel Osho,Defender,LUT,4.4,90,0,0,0,1,0,0,0,0,2
2367655,Chong,Tahith Chong,Midfielder,LUT,4.4,36,0,0,0,0,0,0,0,0,1
2367655,Ogbene,Chiedozie Ogbene,Forward,LUT,4.8,83,0,0,0,1,0,0,0,0,2
2367655,Giles,Ryan John Giles,Defender,LUT,4.2,14,0,0,0,0,0,0,0,0,1
2367655,Doughty,Alfie Doughty,Defender,LUT,4.3,70,0,0,0,1,0,0,0,0,2
2367655,Mengi,Teden Mengi,Defender,LUT,3.9,90,0,0,0,1,0,0,0,0,2
2367655,Issa Kabore,Issa Kabore,Defender,LUT,4.5,83,0,0,0,1,0,1,0,0,1
2367655,Eriksen,Christian Eriksen,Midfielder,MUN,5.2,38,0,0,0,0,0,0,0,0,1
2367655,Varane,Raphael Varane,Defender,MUN,4.9,20,0,0,0,0,0,0,0,0,1
2367655,Maguire,Harry Maguire,Defender,MUN,4.5,90,0,0,1,0,0,0,0,0,6
2367655,Bruno Fernandes,Bruno Miguel Borges Fernandes,Midfielder,MUN,9.0,90,0,0,1,0,0,0,0,0,3
2367655,Martial,Anthony Martial,Forward,MUN,6.4,21,0,0,0,0,0,0,0,0,1
2367655,Rashford,Marcus Rashford,Midfielder,MUN,7.0,90,0,0,1,0,0,0,0,0,3
2367655,Mount,Mason Mount,Midfielder,MUN,6.0,52,0,0,0,0,0,0,0,0,1
2367655,Lindelof,Victor Nilsson-Lindelof,Defender,MUN,4.3,90,1,0,1,0,0,0,0,3,15
2367655,McTominay,Scott McTominay,Midfielder,MUN,4.9,90,0,0,1,0,0,0,0,0,3
2367655,Reguilón,Sergio Reguilón,Defender,MUN,4.1,76,0,0,1,0,0,0,0,2,8
2367655,Onana,André Onana,Goalkeeper,MUN,5.0,90,0,0,1,0,0,0,0,1,8
2367655,Dalot,José Diogo Dalot Teixeira,Defender,MUN,4.5,90,0,0,1,0,0,0,0,0,6
2367655,Antony,Antony Matheus dos Santos,Midfielder,MUN,6.0,29,0,0,0,0,0,0,0,0,1
2367655,Garnacho,Alejandro Garnacho Ferreyra,Midfielder,MUN,6.5,68,0,0,1,0,0,0,0,0,3
2367655,Højlund,Rasmus Højlund,Forward,MUN,6.5,75,0,0,1,0,0,0,0,0,2
2367656,Wood,Chris Wood,Forward,NFO,7.5,21,0,0,0,1,0,0,0,0,1
2367656,Aurier,Serge Aurier,Defender,NFO,4.5,21,0,0,0,1,0,0,0,0,1
2367656,Boly,Willy Boly,Defender,NFO,4.0,21,0,0,0,1,0,0,0,0,1
2367656,Vlachodimos,Odisseas Vlachodimos,Goalkeeper,NFO,4.0,90,0,0,0,3,0,0,0,0,2
2367656,Toffolo,Harry Toffolo,Defender,NFO,4.2,90,0,0,0,3,0,0,0,0,1
2367656,Origi,Divock Origi,Forward,NFO,5.0,9,0,0,0,0,0,0,0,0,1
2367656,Aina,Ola Aina,Defender,NFO,5.0,74,0,1,0,2,0,0,0,0,4
2367656,Mangala,Orel Mangala,Midfielder,NFO,5.0,90,0,0,0,3,0,0,0,0,2
2367656,Niakhaté,Moussa Niakhaté,Defender,NFO,4.5,90,0,0,0,3,0,1,0,0,0
2367656,Awoniyi,Taiwo Awoniyi,Forward,NFO,5.5,74,1,0,0,2,0,0,0,0,6
2367656,Sangaré,Ibrahim Sangaré,Midfielder,NFO,5.0,86,0,0,0,3,0,0,0,0,2
2367656,Gibbs-White,Morgan Gibbs-White,Midfielder,NFO,7.5,90,0,1,0,3,0,0,0,0,5
2367656,Nicolás Domínguez,Nicolás Domínguez,Midfielder,NFO,5.0,45,0,0,0,1,0,0,0,0,1
2367656,Elanga,Anthony Elanga,Midfielder,NFO,7.0,90,1,0,0,3,0,1,0,0,6
2367656,Danilo,Danilo dos Santos de Oliveira,Midfielder,NFO,4.7,45,0,0,0,2,0,0,0,0,1
2367656,Murillo,Murillo Santiago Costa dos Santos,Defender,NFO,5.5,74,0,0,0,2,0,0,0,0,1
2367656,Ogbonna,Angelo Ogbonna,Defender,WHU,4.2,5,0,0,0,0,0,0,0,0,1
2367656,Cresswell,Aaron Cresswell,Defender,WHU,3.9,1,0,0,0,0,0,0,0,0,1
2367656,Antonio,Michail Antonio,Forward,WHU,5.2,18,0,0,0,0,0,0,0,0,1
2367656,Areola,Alphonse Areola,Goalkeeper,WHU,4.5,90,0,0,0,2,0,0,0,0,2
2367656,Ward-Prowse,James Ward-Prowse,Midfielder,WHU,6.0,90,0,2,0,2,0,0,0,3,11
2367656,Zouma,Kurt Zouma,Defender,WHU,4.4,90,0,0,0,2,0,0,0,0,1
2367656,Emerson,Emerson Palmieri dos Santos,Defender,WHU,4.5,90,0,0,0,2,0,0,0,0,1
2367656,Coufal,Vladimir Coufal,Defender,WHU,4.1,90,0,0,0,2,0,1,0,0,0
2367656,Bowen,Jarrod Bowen,Midfielder,WHU,8.0,90,1,0,0,2,0,0,0,1,8
2367656,Aguerd,Nayef Aguerd,Defender,WHU,4.5,90,0,0,0,2,0,0,0,0,1
2367656,Álvarez (Edson),Edson Álvarez,Midfielder,WHU,5.0,77,0,0,0,2,0,0,0,0,2
2367656,Soucek,Tomas Soucek,Midfielder,WHU,6.0,90,1,0,0,2,0,0,0,0,7
2367656,Lucas Paquetá,Lucas Tolentino Coelho de Lima,Midfielder,WHU,6.0,90,1,0,0,2,0,0,0,2,9
2367656,Kudus,Mohammed Kudus,Midfielder,WHU,6.5,90,0,0,0,2,0,1,0,0,1
2367657,Son,Heung-Min Son,Midfielder,TOT,8.5,90,0,0,0,2,0,0,0,0,2
2367657,Dier,Eric Dier,Defender,TOT,4.2,90,0,0,0,2,0,0,0,0,1
2367657,Davies (Ben),Ben Davies,Defender,TOT,4.5,90,0,0,0,2,0,0,0,0,1
2367657,Højbjerg,Pierre-Emile Højbjerg,Midfielder,TOT,5.0,90,0,0,0,2,0,0,0,0,2
2367657,Vicario,Guglielmo Vicario,Goalkeeper,TOT,5.0,90,0,0,0,2,0,0,0,0,1
2367657,Lo Celso,Giovani Lo Celso,Midfielder,TOT,4.9,23,0,0,0,2,0,0,0,0,1
2367657,Bentancur,Rodrigo Bentancur,Midfielder,TOT,5.5,35,0,0,0,2,0,1,0,0,0
2367657,Bissouma,Yves Bissouma,Midfielder,TOT,5.5,74,0,0,1,0,0,1,0,0,2
2367657,Emerson Royal,Emerson Aparecido Leite de Souza Junior,Defender,TOT,4.5,90,0,0,0,2,0,1,0,0,0
2367657,Johnson (Brennan),Brennan Johnson,Midfielder,TOT,7.0,74,1,0,1,0,0,0,0,1,9
2367657,Gil,Bryan Gil,Midfielder,TOT,5.0,23,0,0,0,2,0,0,0,0,1
2367657,Porro,Pedro Porro,Defender,TOT,5.5,90,0,1,0,2,0,0,0,1,5
2367657,Kulusevski,Dejan Kulusevski,Midfielder,TOT,6.5,90,0,0,0,2,0,0,0,0,2
2367657,Sarr (Pape),Pape Sarr,Midfielder,TOT,5.0,62,0,0,1,0,0,0,0,0,3
2367657,Dawson,Craig Dawson,Defender,WOL,4.2,90,0,0,0,1,0,1,0,0,1
2367657,Doherty,Matt Doherty,Defender,WOL,4.5,32,0,0,0,0,0,1,0,0,0
2367657,Sarabia,Pablo Sarabia,Midfielder,WOL,5.0,12,1,1,0,0,0,0,0,2,11
2367657,José Sá,José Pedro Malheiro de Sá,Goalkeeper,WOL,4.5,90,0,0,0,1,0,0,0,0,2
2367657,Lemina (Mario),Mario Lemina,Midfielder,WOL,4.8,90,1,0,0,1,0,0,0,3,10
2367657,Hwang Hee-Chan,Hee-Chan Hwang,Midfielder,WOL,6.0,90,0,0,0,1,0,0,0,0,2
2367657,Semedo,Nelson Semedo,Defender,WOL,4.5,65,0,0,0,1,0,0,0,0,2
2367657,Kilman,Max Kilman,Defender,WOL,4.5,90,0,0,0,1,0,0,0,0,2
2367657,Doyle,Tommy Doyle,Midfielder,WOL,4.7,12,0,0,0,0,0,0,0,0,1
2367657,Bellegarde,Jean-Ricner Bellegarde,Midfielder,WOL,5.5,72,0,0,0,1,0,0,0,0,2
2367657,Kalajdzic,Sasa Kalajdzic,Forward,WOL,5.0,25,0,0,0,0,0,0,0,0,1
2367657,Matheus Cunha,Matheus Santos Carneiro Da Cunha,Forward,WOL,8.0,90,0,1,0,1,0,0,0,0,5
2367657,João Gomes,João Victor Gomes da Silva,Midfielder,WOL,5.5,85,0,0,0,1,0,1,0,0,1
2367657,Ait Nouri,Rayan Ait Nouri,Defender,WOL,6.0,85,0,0,0,1,0,1,0,0,1
2367657,Toti,Toti António Gomes,Defender,WOL,4.5,90,0,0,0,1,0,0,0,0,2
2367658,Jorginho,Jorge Luiz Frello Filho,Midfielder,ARS,4.6,3,0,0,0,0,0,0,0,0,1
2367658,Trossard,Leandro Trossard,Midfielder,ARS,7.0,90,0,0,1,0,0,0,0,0,3
2367658,Odegaard,Martin Odegaard,Midfielder,ARS,8.0,90,0,0,1,0,0,0,0,0,3
2367658,White (Ben),Ben White,Defender,ARS,5.5,3,0,0,0,0,0,0,0,0,1
2367658,Rice,Declan Rice,Midfielder,ARS,6.5,90,0,0,1,0,0,0,0,0,3
2367658,Eddie Nketiah,Edward Nketiah,Forward,ARS,5.5,30,0,0,0,0,0,0,0,0,1
2367658,Jesus,Gabriel Fernando de Jesus,Forward,ARS,6.5,65,0,0,1,0,0,0,0,0,2
2367658,Zinchenko,Oleksandr Zinchenko,Defender,ARS,5.0,90,0,0,1,0,0,0,0,3,9
2367658,Havertz,Kai Havertz,Midfielder,ARS,7.5,16,1,0,0,0,0,0,0,0,6
2367658,Saka,Bukayo Saka,Midfielder,ARS,10.0,90,0,1,1,0,0,0,0,2,8
2367658,Tomiyasu,Takehiro Tomiyasu,Defender,ARS,4.8,90,0,0,1,0,0,0,0,1,7
2367658,Ramsdale,Aaron Ramsdale,Goalkeeper,ARS,4.4,90,0,0,1,0,0,0,0,0,6
2367658,Gabriel Magalhães,Gabriel dos Santos Magalhães,Defender,ARS,6.0,90,0,0,1,0,0,0,0,0,6
2367658,Martinelli,Gabriel Teodoro Martinelli Silva,Midfielder,ARS,7.0,79,0,0,1,0,0,1,0,0,2
2367658,Saliba,William Saliba,Defender,ARS,6.0,90,0,0,1,0,0,0,0,0,6
2367658,Zanka,Mathias Jorgensen,Defender,BRE,4.5,5,0,0,0,0,0,0,0,0,1
2367658,Mee (Ben),Ben Mee,Defender,BRE,4.2,90,0,0,0,1,0,0,0,0,2
2367658,Maupay,Neal Maupay,Forward,BRE,4.9,23,0,0,0,1,0,0,0,0,1
2367658,Flekken,Mark Flekken,Goalkeeper,BRE,4.5,90,0,0,0,1,0,0,0,0,3
2367658,Norgaard,Christian Norgaard,Midfielder,BRE,5.5,90,0,0,0,1,0,0,0,0,2
2367658,Ajer,Kristoffer Ajer,Defender,BRE,4.5,90,0,0,0,1,0,1,0,0,1
2367658,Janelt,Vitaly Janelt,Midfielder,BRE,5.0,90,0,0,0,1,0,0,0,0,2
2367658,Ghoddos,Saman Ghoddos,Midfielder,BRE,4.5,90,0,0,0,1,0,0,0,0,2
2367658,Wissa,Yoane Wissa,Forward,BRE,7.5,72,0,0,1,0,0,0,0,0,2
2367658,Pinnock,Ethan Pinnock,Defender,BRE,4.5,90,0,0,0,1,0,0,0,0,2
2367658,Lewis-Potter,Keane Lewis-Potter,Midfielder,BRE,5.0,5,0,0,0,0,0,0,0,0,1
2367658,Onyeka,Frank Onyeka,Midfielder,BRE,5.0,90,0,0,0,1,0,0,0,0,2
2367658,Baptiste (Shandon),Shandon Baptiste,Midfielder,BRE,4.3,23,0,0,0,1,0,0,0,0,1
2367658,Mbeumo,Bryan Mbeumo,Midfielder,BRE,8.0,90,0,0,0,1,0,0,0,0,2
2367658,Yarmolyuk,Ehor Yarmolyuk,Midfielder,BRE,5.0,71,0,0,1,0,0,0,0,0,3
2367659,Rodriguez,Jay Rodriguez,Forward,BUR,5.3,90,1,0,0,2,0,0,0,3,9
2367659,Gudmundsson,Johann Berg Gudmundsson,Midfielder,BUR,4.8,84,0,0,1,0,0,0,0,0,3
2367659,Taylor (Charlie),Charlie Taylor,Defender,BUR,3.9,90,0,0,0,2,0,0,0,0,1
2367659,Cullen,Josh Cullen,Midfielder,BUR,5.0,13,0,0,0,2,0,0,0,0,1
2367659,Brownhill,Josh Brownhill,Midfielder,BUR,4.7,90,0,0,0,2,0,0,0,0,2
2367659,Berge,Sander Berge,Midfielder,BUR,5.0,90,0,0,0,2,0,0,0,0,2
2367659,O'Shea,Dara O'Shea,Defender,BUR,3.8,90,0,0,0,2,1,0,0,0,0
2367659,Beyer,Jordan Beyer,Defender,BUR,4.0,90,0,0,0,2,0,1,0,0,0
2367659,Trafford,James Trafford,Goalkeeper,BUR,5.0,90,0,0,0,2,0,0,0,0,1
2367659,Vitinho,Victor Alexander da Silva,Defender,BUR,4.4,90,0,0,0,2,0,0,0,0,1
2367659,Ramsey (Aaron),Aaron Ramsey,Midfielder,BUR,4.5,26,0,0,0,2,0,0,0,0,1
2367659,Koleosho,Luca Koleosho,Midfielder,BUR,5.0,80,0,1,1,0,0,0,0,0,6
2367659,Amdouni,Zeki Amdouni,Forward,BUR,5.0,71,0,0,1,0,0,0,0,0,2
2367659,Zaroury,Anass Zaroury,Midfielder,BUR,4.6,17,0,0,0,2,0,0,0,0,1
2367659,Areola,Alphonse Areola,Goalkeeper,WHU,4.5,90,0,0,0,1,0,0,0,0,3
2367659,Ings,Danny Ings,Forward,WHU,4.8,61,0,0,0,1,0,0,0,0,2
2367659,Ward-Prowse,James Ward-Prowse,Midfielder,WHU,6.0,90,0,0,0,1,0,0,0,0,2
2367659,Zouma,Kurt Zouma,Defender,WHU,4.4,90,0,0,0,1,0,0,0,0,2
2367659,Emerson,Emerson Palmieri dos Santos,Defender,WHU,4.5,90,0,0,0,1,0,0,0,0,2
2367659,Coufal,Vladimir Coufal,Defender,WHU,4.1,90,0,0,0,1,0,1,0,0,1
2367659,Benrahma,Said Benrahma,Midfielder,WHU,5.6,36,0,0,0,0,0,0,0,0,1
2367659,Aguerd,Nayef Aguerd,Defender,WHU,4.5,90,0,0,0,1,0,1,0,0,1
2367659,Álvarez (Edson),Edson Álvarez,Midfielder,WHU,5.0,61,0,0,0,1,0,1,0,0,1
2367659,Soucek,Tomas Soucek,Midfielder,WHU,6.0,90,1,0,0,1,0,0,0,1,8
2367659,Lucas Paquetá,Lucas Tolentino Coelho de Lima,Midfielder,WHU,6.0,90,0,0,0,1,0,0,0,0,2
2367659,Kudus,Mohammed Kudus,Midfielder,WHU,6.5,90,0,2,0,1,0,0,0,2,10
2367659,Mubama,Divin Mubama,Forward,WHU,4.5,36,0,0,0,0,0,0,0,0,1
2367660,Tarkowski,James Tarkowski,Defender,EVE,5.5,90,0,0,0,3,0,0,0,0,1
2367660,Young (Ashley),Ashley Young,Defender,EVE,4.2,71,0,0,0,2,0,1,0,0,0
2367660,Gueye,Idrissa Gueye,Midfielder,EVE,5.5,90,0,0,0,3,0,1,0,0,1
2367660,Pickford,Jordan Pickford,Goalkeeper,EVE,5.5,90,0,0,0,3,0,0,0,0,1
2367660,Doucouré,Abdoulaye Doucouré,Midfielder,EVE,5.1,88,0,0,0,3,0,1,0,0,1
2367660,Calvert-Lewin,Dominic Calvert-Lewin,Forward,EVE,5.4,80,0,0,0,3,0,0,0,0,2
2367660,Danjuma Groeneveld,Arnaut Danjuma Groeneveld,Midfielder,EVE,5.2,24,0,0,0,1,0,0,0,0,1
2367660,Harrison (Jack),Jack Harrison,Midfielder,EVE,5.5,90,0,0,0,3,0,0,0,0,2
2367660,Mykolenko,Vitaliy Mykolenko,Defender,EVE,5.0,90,0,0,0,3,0,0,0,0,1
2367660,Garner,James Garner,Midfielder,EVE,5.0,90,0,0,0,3,0,0,0,0,2
2367660,Patterson (Nathan),Nathan Patterson,Defender,EVE,4.5,24,0,0,0,1,0,0,0,0,1
2367660,McNeil,Dwight McNeil,Midfielder,EVE,6.0,71,0,0,0,2,0,0,0,0,2
2367660,Dobbin,Lewis Dobbin,Midfielder,EVE,5.0,7,0,0,0,0,0,0,0,0,1
2367660,Branthwaite,Jarrad Branthwaite,Defender,EVE,5.5,90,0,0,0,3,0,0,0,0,1
2367660,Youssef Chermiti,Youssef Ramalho Chermiti,Forward,EVE,5.0,15,0,0,0,0,0,0,0,0,1
2367660,Maguire,Harry Maguire,Defender,MUN,4.5,90,0,0,1,0,0,0,0,0,6
2367660,Shaw,Luke Shaw,Defender,MUN,4.5,75,0,0,1,0,0,0,0,0,6
2367660,Bruno Fernandes,Bruno Miguel Borges Fernandes,Midfielder,MUN,9.0,90,0,1,1,0,0,0,0,0,6
2367660,Martial,Anthony Martial,Forward,MUN,6.4,83,1,1,1,0,0,0,0,2,11
2367660,Amrabat,Sofyan Amrabat,Midfielder,MUN,5.0,25,0,0,0,0,0,0,0,0,1
2367660,Rashford,Marcus Rashford,Midfielder,MUN,7.0,90,1,0,1,0,0,0,0,0,8
2367660,Lindelof,Victor Nilsson-Lindelof,Defender,MUN,4.3,90,0,0,1,0,0,0,0,0,6
2367660,McTominay,Scott McTominay,Midfielder,MUN,4.9,90,0,0,1,0,0,0,0,0,3
2367660,Onana,André Onana,Goalkeeper,MUN,5.0,90,0,0,1,0,0,0,0,1,9
2367660,Wan-Bissaka,Aaron Wan-Bissaka,Defender,MUN,4.5,20,0,0,0,0,0,0,0,0,1
2367660,Dalot,José Diogo Dalot Teixeira,Defender,MUN,4.5,90,0,1,1,0,0,0,0,3,12
2367660,Mejbri,Hannibal Mejbri,Midfielder,MUN,5.0,12,0,0,0,0,0,0,0,0,1
2367660,Pellistri,Facundo Pellistri,Midfielder,MUN,5.0,24,0,0,0,0,0,0,0,0,1
2367660,Garnacho,Alejandro Garnacho Ferreyra,Midfielder,MUN,6.5,70,1,0,1,0,0,0,0,0,8
2367660,Mainoo,Kobbie Mainoo,Midfielder,MUN,5.0,70,0,0,1,0,0,0,0,0,3
2367661,Willian,Willian Borges Da Silva,Midfielder,FUL,5.0,90,2,0,0,2,0,0,0,3,15
2367661,Cairney,Tom Cairney,Midfielder,FUL,5.0,90,0,1,0,2,0,0,0,0,5
2367661,Leno,Bernd Leno,Goalkeeper,FUL,5.0,90,0,0,0,2,0,0,0,0,2
2367661,Ream,Tim Ream,Defender,FUL,4.5,90,0,0,0,2,0,1,0,0,0
2367661,Raúl Jiménez,Raul Alonso Jimenez Rodriguez,Forward,FUL,6.5,75,0,0,0,2,0,0,0,0,2
2367661,Tosin,Oluwatosin Adarabioyo,Defender,FUL,4.5,7,0,0,0,0,0,0,0,0,1
2367661,Iwobi,Alex Iwobi,Midfielder,FUL,6.5,90,1,0,0,2,0,0,0,2,9
2367661,Reed,Harrison Reed,Midfielder,FUL,4.5,90,0,0,0,2,0,0,0,0,2
2367661,Wilson (Harry),Harry Wilson,Midfielder,FUL,5.5,24,0,1,0,0,0,0,0,0,4
2367661,Pereira (Andreas),Andreas Pereira,Midfielder,FUL,5.5,76,0,0,0,2,0,0,0,0,2
2367661,Castagne,Timothy Castagne,Defender,FUL,4.5,90,0,0,0,2,0,0,0,0,1
2367661,Robinson (Antonee),Antonee Robinson,Defender,FUL,5.0,90,0,1,0,2,0,0,0,0,4
2367661,Lukic,Sasa Lukic,Midfielder,FUL,5.0,7,0,0,0,0,0,0,0,0,1
2367661,Bassey,Calvin Bassey,Defender,FUL,4.5,90,0,0,0,2,0,0,0,0,1
2367661,Carlos Vinicius,Carlos Vinicius Alves Morais,Forward,FUL,5.0,24,0,0,0,0,0,1,0,0,0
2367661,Doherty,Matt Doherty,Defender,WOL,4.5,74,0,0,0,2,0,0,0,0,1
2367661,José Sá,José Pedro Malheiro de Sá,Goalkeeper,WOL,4.5,90,0,0,0,3,0,0,0,0,2
2367661,Lemina (Mario),Mario Lemina,Midfielder,WOL,4.8,90,0,0,0,3,0,1,0,0,1
2367661,Hwang Hee-Chan,Hee-Chan Hwang,Midfielder,WOL,6.0,90,1,0,0,3,0,0,0,0,7
2367661,Semedo,Nelson Semedo,Defender,WOL,4.5,90,0,0,0,3,0,0,0,0,1
2367661,Kilman,Max Kilman,Defender,WOL,4.5,90,0,0,0,3,0,0,0,0,1
2367661,Doyle,Tommy Doyle,Midfielder,WOL,4.7,17,0,0,0,1,0,0,0,0,1
2367661,Bellegarde,Jean-Ricner Bellegarde,Midfielder,WOL,5.5,62,0,1,0,2,0,0,0,0,5
2367661,Bueno (Santiago),Santiago Bueno,Defender,WOL,4.5,90,0,0,0,3,0,0,0,0,1
2367661,Kalajdzic,Sasa Kalajdzic,Forward,WOL,5.0,38,0,0,0,1,0,0,0,0,1
2367661,Matheus Cunha,Matheus Santos Carneiro Da Cunha,Forward,WOL,8.0,83,1,0,0,2,0,0,0,1,7
2367661,João Gomes,João Victor Gomes da Silva,Midfielder,WOL,5.5,90,0,0,0,3,0,1,0,0,1
2367661,Ait Nouri,Rayan Ait Nouri,Defender,WOL,6.0,19,0,0,0,1,0,0,0,0,1
2367661,Toti,Toti António Gomes,Defender,WOL,4.5,90,0,0,0,3,0,0,0,0,1
2367662,Ward,Joel Ward,Defender,CRY,4.3,90,0,1,0,2,0,0,0,0,4
2367662,Ayew (Jordan),Jordan Ayew,Midfielder,CRY,5.1,45,0,0,0,2,0,0,0,0,1
2367662,Schlupp,Jeffrey Schlupp,Midfielder,CRY,4.6,75,0,0,0,1,0,0,0,0,2
2367662,Johnstone,Sam Johnstone,Goalkeeper,CRY,4.5,90,0,0,0,2,0,0,0,0,1
2367662,Hughes,Will Hughes,Midfielder,CRY,5.0,45,0,0,0,2,0,0,0,0,1
2367662,Lerma,Jefferson Lerma,Midfielder,CRY,5.0,90,0,0,0,2,0,1,0,0,1
2367662,Andersen (Joachim),Joachim Andersen,Defender,CRY,4.5,90,0,0,0,2,0,0,0,0,1
2367662,Edouard,Odsonne Edouard,Forward,CRY,5.0,75,0,0,0,1,0,0,0,0,2
2367662,Marc Guehi,Addji Keaninkin Marc-Israel Guehi,Defender,CRY,4.5,90,0,0,0,2,0,0,0,0,1
2367662,Mateta,Jean-Philippe Mateta,Forward,CRY,7.5,22,0,0,0,1,0,0,0,0,1
2367662,Eze,Eberechi Eze,Midfielder,CRY,7.5,47,0,0,0,0,0,0,0,0,1
2367662,Mitchell,Tyrick Mitchell,Defender,CRY,5.0,90,0,0,0,2,0,0,0,0,1
2367662,Doucoure,Cheick Oumar Doucoure,Midfielder,CRY,5.0,48,0,0,0,0,0,0,0,0,1
2367662,Olise,Michael Olise,Midfielder,CRY,5.7,90,1,0,0,2,0,0,0,3,10
2367662,Ahamada,Naouirou Ahamada,Midfielder,CRY,4.5,22,0,0,0,1,0,0,0,0,1
2367662,Kaminski,Thomas Kaminski,Goalkeeper,LUT,4.0,90,0,0,0,1,0,1,0,0,3
2367662,Townsend,Andros Townsend,Midfielder,LUT,5.0,56,0,0,1,0,0,0,0,0,3
2367662,Barkley,Ross Barkley,Midfielder,LUT,5.0,90,0,0,0,1,0,1,0,0,1
2367662,Clark (Jordan),Jordan Clark,Midfielder,LUT,4.8,41,0,0,0,1,0,1,0,0,0
2367662,Ruddock Mpanzu,Pelly Ruddock Mpanzu,Midfielder,LUT,4.6,56,0,0,1,0,0,0,0,0,3
2367662,Lockyer,Tom Lockyer,Defender,LUT,4.2,90,0,0,0,1,0,1,0,0,1
2367662,Morris,Carlton Morris,Forward,LUT,4.7,68,0,1,1,0,0,0,0,0,5
2367662,Bell,Amarii Bell,Defender,LUT,3.8,90,0,0,0,1,0,0,0,0,2
2367662,Adebayo,Elijah Adebayo,Forward,LUT,4.8,28,0,0,0,1,0,1,0,0,0
2367662,Osho,Gabriel Osho,Defender,LUT,4.4,90,0,0,0,1,0,1,0,0,1
2367662,Chong,Tahith Chong,Midfielder,LUT,4.4,41,0,0,0,1,0,0,0,0,1
2367662,Ogbene,Chiedozie Ogbene,Forward,LUT,4.8,90,0,1,0,1,0,0,0,0,5
2367662,Brown,Jacob Brown,Forward,LUT,4.9,23,1,0,0,0,0,0,0,2,7
2367662,Doughty,Alfie Doughty,Defender,LUT,4.3,74,0,0,0,1,0,0,0,0,2
2367662,Mengi,Teden Mengi,Defender,LUT,3.9,90,1,0,0,1,0,0,0,1,9
2367663,Matip,Joel Matip,Defender,LIV,4.8,90,0,0,0,1,0,1,0,0,1
2367663,van Dijk,Virgil van Dijk,Defender,LIV,6.0,90,0,0,0,1,0,0,0,0,2
2367663,Alisson,Alisson Ramses Becker,Goalkeeper,LIV,5.5,90,0,0,0,1,0,0,0,0,3
2367663,Salah,Mohamed Salah,Midfielder,LIV,14.5,90,0,1,0,1,0,0,0,0,5
2367663,Endo,Wataru Endo,Midfielder,LIV,5.0,13,0,0,0,0,0,1,0,0,0
2367663,Alexander-Arnold,Trent Alexander-Arnold,Defender,LIV,7.2,90,1,0,0,1,0,0,0,0,8
2367663,Diogo Jota,Diogo José Teixeira da Silva,Midfielder,LIV,7.2,52,0,0,0,1,0,0,0,0,1
2367663,Jones (Curtis),Curtis Jones,Midfielder,LIV,5.5,52,0,0,0,1,0,0,0,0,1
2367663,Tsimikas,Konstantinos Tsimikas,Defender,LIV,5.0,90,0,0,0,1,0,0,0,0,2
2367663,Mac Allister,Alexis Mac Allister,Midfielder,LIV,6.5,83,0,0,0,1,0,0,0,0,2
2367663,Gakpo,Cody Gakpo,Forward,LIV,7.5,25,0,0,0,0,0,0,0,0,1
2367663,Díaz,Luis Díaz,Midfielder,LIV,8.0,44,0,0,0,0,0,0,0,0,1
2367663,Szoboszlai,Dominik Szoboszlai,Midfielder,LIV,6.5,71,0,0,0,1,0,0,0,0,2
2367663,Gravenberch,Ryan Gravenberch,Midfielder,LIV,5.5,43,0,0,0,0,0,0,0,0,1
2367663,Elliott,Harvey Elliott,Midfielder,LIV,5.5,13,0,0,0,0,0,0,0,0,1
2367663,Núñez,Darwin Núñez,Forward,LIV,6.5,83,0,0,0,1,0,1,0,0,1
2367663,Walker,Kyle Walker,Defender,MCI,4.5,90,0,0,0,1,0,0,0,0,2
2367663,Ederson,Ederson Santana de Moraes,Goalkeeper,MCI,5.5,90,0,0,0,1,0,0,0,0,2
2367663,Aké,Nathan Aké,Defender,MCI,5.5,90,0,1,0,1,0,0,0,2,7
2367663,Bernardo Silva,Bernardo Mota Veiga de Carvalho e Silva,Midfielder,MCI,6.5,90,0,0,0,1,0,1,0,0,1
2367663,Rúben Dias,Rúben Santos Gato Alves Dias,Defender,MCI,5.5,90,0,0,0,1,0,0,0,0,2
2367663,Foden,Phil Foden,Midfielder,MCI,8.0,90,0,0,0,1,0,0,0,0,2
2367663,Akanji,Manuel Akanji,Defender,MCI,5.5,90,0,0,0,1,0,0,0,0,2
2367663,Rodri,Rodrigo Hernández Cascante,Midfielder,MCI,6.5,90,0,0,0,1,0,0,0,0,2
2367663,Haaland,Erling Haaland,Forward,MCI,14.0,90,1,0,0,1,0,0,0,1,7
2367663,Doku,Jéremy Doku,Midfielder,MCI,6.5,90,0,0,0,1,0,0,0,3,5
2367663,Álvarez (Julián),Julián Álvarez,Forward,MCI,7.0,90,0,0,0,1,0,0,0,0,2
2367664,Thiago Silva,Thiago Emiliano da Silva,Defender,CHE,5.0,90,0,0,0,4,0,0,0,0,0
2367664,Sterling (Raheem),Raheem Sterling,Midfielder,CHE,6.7,86,1,0,0,4,0,1,0,0,6
2367664,Cucurella,Marc Cucurella,Defender,CHE,6.0,90,0,0,0,4,0,1,0,0,0
2367664,Sanchez,Robert Sanchez,Goalkeeper,CHE,5.0,90,0,0,0,4,0,0,0,0,0
2367664,James,Reece James,Defender,CHE,5.5,72,0,0,0,3,0,0,1,0,0
2367664,Gallagher,Conor Gallagher,Midfielder,CHE,5.9,68,0,0,0,3,0,0,0,0,2
2367664,Badiashile,Benoît Badiashile,Defender,CHE,4.5,90,0,0,0,4,0,0,0,0,0
2367664,Palmer,Cole Palmer,Midfielder,CHE,10.5,74,0,0,0,3,0,0,0,0,2
2367664,Madueke,Noni Madueke,Midfielder,CHE,7.0,9,0,0,0,0,0,0,0,0,1
2367664,Broja,Armando Broja,Forward,CHE,5.3,27,0,0,0,1,0,0,0,0,1
2367664,Fernández (Enzo),Enzo Fernández,Midfielder,CHE,6.5,90,0,0,0,4,0,0,0,0,2
2367664,Colwill,Levi Colwill,Defender,CHE,5.0,21,0,0,0,1,0,1,0,0,0
2367664,Mudryk,Mykhailo Mudryk,Midfielder,CHE,5.0,27,0,0,0,1,0,0,0,0,1
2367664,Moises Caicedo,Moises Caicedo,Midfielder,CHE,5.5,27,0,0,0,1,0,0,0,0,1
2367664,Ugochukwu,Lesley Ugochukwu,Midfielder,CHE,4.4,68,0,0,0,3,0,1,0,0,1
2367664,Jackson (Nicolas),Nicolas Jackson,Forward,CHE,6.5,68,0,0,0,3,0,0,0,0,2
2367664,Ritchie,Matt Ritchie,Midfielder,NEW,4.3,14,0,0,0,0,0,1,0,0,0
2367664,Trippier,Kieran Trippier,Defender,NEW,5.0,90,0,0,0,1,0,1,0,0,1
2367664,Pope,Nick Pope,Goalkeeper,NEW,5.0,90,0,0,0,1,0,0,0,0,3
2367664,Lascelles,Jamaal Lascelles,Defender,NEW,4.5,86,1,0,0,1,0,1,0,0,7
2367664,Dummett,Paul Dummett,Defender,NEW,3.9,9,0,0,0,0,0,0,0,0,1
2367664,Schär,Fabian Schär,Defender,NEW,5.5,90,0,0,0,1,0,0,0,0,2
2367664,Almirón,Miguel Almirón,Midfielder,NEW,5.4,86,0,1,0,1,0,0,0,1,6
2367664,Joelinton,Joelinton Cássio Apolinário de Lira,Midfielder,NEW,6.0,90,1,0,0,1,0,1,0,0,6
2367664,Bruno Guimarães,Bruno Guimarães Rodriguez Moura,Midfielder,NEW,6.5,90,0,0,0,1,0,0,0,0,2
2367664,Isak,Alexander Isak,Forward,NEW,10.5,81,1,0,0,1,0,0,0,2,8
2367664,Gordon (Anthony),Anthony Gordon,Midfielder,NEW,7.5,90,1,1,0,1,0,0,0,3,13
2367664,Diallo,Amadou Diallo,Midfielder,NEW,4.5,3,0,0,0,0,0,0,0,0,1
2367664,Livramento,Valentino Livramento,Defender,NEW,5.0,90,0,0,0,1,0,0,0,0,2
2367664,Ndiweni,Michael Ndiweni,Forward,NEW,4.4,3,0,0,0,0,0,0,0,0,1
2367664,Murphy (Alex),Alex Murphy,Defender,NEW,4.0,9,0,0,0,0,0,0,0,0,1
2367664,Miley (Lewis),Lewis Miley,Midfielder,NEW,4.5,90,0,1,0,1,0,0,0,1,6
2367665,Lallana,Adam Lallana,Midfielder,BHA,5.0,45,0,0,0,1,0,0,0,0,1
2367665,Groß,Pascal Groß,Midfielder,BHA,6.5,90,0,2,0,2,0,1,0,1,9
2367665,Dunk,Lewis Dunk,Defender,BHA,4.5,71,0,0,0,1,0,1,1,0,0
2367665,Veltman,Joël Veltman,Defender,BHA,4.5,90,0,0,0,2,0,0,0,0,1
2367665,Lamptey,Tariq Lamptey,Defender,BHA,4.5,32,0,0,0,1,0,0,0,0,1
2367665,Moder,Jakub Moder,Midfielder,BHA,4.4,24,0,0,0,0,0,0,0,0,1
2367665,Gilmour,Billy Gilmour,Midfielder,BHA,5.0,75,0,0,0,2,0,0,0,0,2
2367665,Ansu Fati,Anssumane Fati,Midfielder,BHA,6.4,19,0,0,0,1,0,0,0,0,1
2367665,van Hecke,Jan-Paul van Hecke,Defender,BHA,4.5,90,0,0,0,2,0,0,0,0,1
2367665,João Pedro,João Pedro Junqueira de Jesus,Forward,BHA,7.5,76,2,0,0,1,0,0,0,3,13
2367665,Ferguson (Evan),Evan Ferguson,Forward,BHA,5.5,75,1,0,0,2,0,1,0,0,5
2367665,Verbruggen,Bart Verbruggen,Goalkeeper,BHA,4.5,90,0,0,0,2,0,1,0,0,1
2367665,Hinshelwood,Jack Hinshelwood,Midfielder,BHA,5.5,63,0,0,0,1,0,0,0,0,1
2367665,Baleba,Carlos Baleba,Midfielder,BHA,5.0,24,0,0,0,0,0,0,0,0,1
2367665,Adingra,Simon Adingra,Midfielder,BHA,5.5,90,0,0,0,2,0,1,0,0,1
2367665,Buonanotte,Facundo Buonanotte,Midfielder,BHA,5.0,45,0,0,0,1,0,1,0,0,0
2367665,Wood,Chris Wood,Forward,NFO,7.5,62,0,0,0,3,0,0,0,0,2
2367665,Vlachodimos,Odisseas Vlachodimos,Goalkeeper,NFO,4.0,90,0,0,0,3,0,0,0,0,1
2367665,Toffolo,Harry Toffolo,Defender,NFO,4.2,90,0,0,0,3,0,1,0,0,0
2367665,Origi,Divock Origi,Forward,NFO,5.0,37,0,0,0,0,0,0,0,0,1
2367665,Aina,Ola Aina,Defender,NFO,5.0,88,0,0,0,3,0,0,0,0,1
2367665,Mangala,Orel Mangala,Midfielder,NFO,5.0,90,0,0,0,3,0,0,0,0,2
2367665,Niakhaté,Moussa Niakhaté,Defender,NFO,4.5,90,0,0,0,3,0,1,0,0,0
2367665,Yates,Ryan Yates,Midfielder,NFO,5.0,31,0,0,0,0,0,0,0,0,1
2367665,Hudson-Odoi,Callum Hudson-Odoi,Midfielder,NFO,6.0,37,0,1,0,0,0,0,0,0,4
2367665,Williams (Neco),Neco Williams,Defender,NFO,5.0,11,0,0,0,0,0,0,0,0,1
2367665,Gibbs-White,Morgan Gibbs-White,Midfielder,NFO,7.5,90,1,1,0,3,0,0,0,2,12
2367665,Nicolás Domínguez,Nicolás Domínguez,Midfielder,NFO,5.0,69,0,0,0,3,0,0,0,0,2
2367665,Elanga,Anthony Elanga,Midfielder,NFO,7.0,90,1,0,0,3,0,0,0,0,7
2367665,Danilo,Danilo dos Santos de Oliveira,Midfielder,NFO,4.7,62,0,0,0,3,0,0,0,0,2
2367665,Murillo,Murillo Santiago Costa dos Santos,Defender,NFO,5.5,90,0,0,0,3,0,0,0,0,1
2367666,Smith (Adam),Adam Smith,Defender,BOU,4.5,90,0,1,0,1,0,0,0,0,5
2367666,Neto,Norberto Murara Neto,Goalkeeper,BOU,4.5,90,0,0,0,1,0,0,0,0,2
2367666,Brooks (David),David Brooks,Midfielder,BOU,5.0,16,0,0,0,1,0,0,0,0,1
2367666,Solanke,Dominic Solanke,Forward,BOU,7.5,90,0,0,0,1,0,0,0,0,2
2367666,Cook (Lewis),Lewis Cook,Midfielder,BOU,5.0,90,0,0,0,1,0,0,0,0,2
2367666,Christie,Ryan Christie,Midfielder,BOU,5.0,90,0,0,0,1,0,0,0,0,2
2367666,Billing,Philip Billing,Midfielder,BOU,5.0,32,0,0,0,1,0,1,0,0,0
2367666,Tavernier,Marcus Tavernier,Midfielder,BOU,5.5,81,2,0,1,0,0,0,0,3,16
2367666,Senesi,Marcos Senesi,Defender,BOU,4.5,90,0,0,0,1,0,0,0,0,2
2367666,Kluivert,Justin Kluivert,Midfielder,BOU,7.0,66,1,0,1,0,0,0,0,2,10
2367666,Sinisterra,Luis Sinisterra,Midfielder,BOU,5.0,32,0,0,0,1,0,0,0,0,1
2367666,Kelly (Lloyd),Lloyd Kelly,Defender,BOU,4.2,45,0,0,0,0,0,0,0,0,1
2367666,Semenyo,Antoine Semenyo,Forward,BOU,7.0,65,0,1,1,0,0,0,0,0,5
2367666,Zabarnyi,Illia Zabarnyi,Defender,BOU,5.0,90,0,0,0,1,0,0,0,0,2
2367666,Kerkez,Milos Kerkez,Defender,BOU,6.0,45,0,0,0,1,0,0,0,0,1
2367666,Fleck,John Fleck,Midfielder,SHU,4.9,16,0,0,0,0,0,0,0,0,1
2367666,Norwood,Oliver Norwood,Midfielder,SHU,4.8,90,0,0,0,3,0,1,0,0,1
2367666,Foderingham,Wes Foderingham,Goalkeeper,SHU,4.0,90,0,0,0,3,0,0,0,0,3
2367666,Baldock,George Baldock,Defender,SHU,3.8,90,0,1,0,3,0,1,0,2,5
2367666,Robinson (Jack),Jack Robinson,Defender,SHU,4.3,90,0,0,0,3,0,1,0,0,0
2367666,Osborn,Ben Osborn,Midfielder,SHU,4.8,32,0,0,0,0,0,0,0,0,1
2367666,McBurnie,Oliver McBurnie,Forward,SHU,5.4,45,1,0,0,1,0,0,0,0,5
2367666,Hamer,Gustavo Hamer,Midfielder,SHU,4.9,81,0,0,0,3,0,0,0,0,2
2367666,Trusty,Auston Trusty,Defender,SHU,3.9,90,0,0,0,3,0,0,0,0,1
2367666,Bogle,Jayden Bogle,Defender,SHU,4.5,45,0,0,0,2,0,0,0,0,0
2367666,Ahmedhodzic,Anel Ahmedhodzic,Defender,SHU,4.3,45,0,0,0,1,0,0,0,0,1
2367666,Thomas (Luke),Luke Thomas,Defender,SHU,3.9,66,0,0,0,3,0,1,0,0,0
2367666,Vinicius Souza,Vinicius de Souza Costa,Midfielder,SHU,5.0,45,0,0,0,2,0,0,0,0,1
2367666,Mcatee,James Mcatee,Midfielder,SHU,5.5,81,0,0,0,3,0,0,0,0,2
2367666,Archer,Cameron Archer,Forward,SHU,4.8,90,0,0,0,3,0,0,0,0,2
2367666,Osula,William Osula,Forward,SHU,5.5,16,0,0,0,0,0,0,0,0,1
2367667,Martinez,Emiliano Martinez,Goalkeeper,AVL,5.0,90,0,0,0,1,0,0,0,0,4
2367667,Digne,Lucas Digne,Defender,AVL,4.5,90,0,0,0,1,0,0,0,0,2
2367667,McGinn,John McGinn,Midfielder,AVL,5.5,90,0,0,0,1,0,1,0,0,1
2367667,Diego Carlos,Diego Carlos Santos Silva,Defender,AVL,4.5,90,0,0,0,1,0,0,0,0,2
2367667,Tielemans,Youri Tielemans,Midfielder,AVL,6.0,45,0,1,0,0,0,0,0,0,4
2367667,Watkins,Ollie Watkins,Forward,AVL,9.0,90,1,0,0,1,0,1,0,0,5
2367667,Cash,Matthew Cash,Defender,AVL,4.5,45,0,0,0,1,0,1,0,0,0
2367667,Konsa Ngoyo,Ezri Konsa Ngoyo,Defender,AVL,4.5,90,0,0,0,1,0,0,0,0,2
2367667,Bailey,Leon Bailey,Midfielder,AVL,5.5,45,0,0,0,0,0,0,0,0,1
2367667,Kamara,Boubacar Kamara,Midfielder,AVL,5.0,90,0,0,0,1,0,1,0,0,1
2367667,Douglas Luiz,Douglas Luiz Soares de Paulo,Midfielder,AVL,5.4,90,0,1,0,1,0,0,0,2,7
2367667,Ramsey (Jacob),Jacob Ramsey,Midfielder,AVL,5.5,6,0,0,0,0,0,0,0,0,1
2367667,Diaby,Moussa Diaby,Midfielder,AVL,6.5,45,0,0,0,1,0,0,0,0,1
2367667,Torres,Pau Torres,Defender,AVL,4.5,90,1,0,0,1,0,0,0,0,8
2367667,Durán,Jhon Durán,Forward,AVL,5.7,6,0,0,0,0,0,0,0,0,1
2367667,Son,Heung-Min Son,Midfielder,TOT,8.5,90,0,0,0,2,0,0,0,0,2
2367667,Davies (Ben),Ben Davies,Defender,TOT,4.5,90,0,0,0,2,0,0,0,0,1
2367667,Højbjerg,Pierre-Emile Højbjerg,Midfielder,TOT,5.0,66,0,0,0,2,0,0,0,0,1
2367667,Vicario,Guglielmo Vicario,Goalkeeper,TOT,5.0,90,0,0,0,2,0,0,0,0,2
2367667,Lo Celso,Giovani Lo Celso,Midfielder,TOT,4.9,85,1,0,0,2,0,0,0,3,10
2367667,Bentancur,Rodrigo Bentancur,Midfielder,TOT,5.5,26,0,0,0,0,0,0,0,0,1
2367667,Skipp,Oliver Skipp,Midfielder,TOT,4.7,27,0,0,0,0,0,0,0,0,1
2367667,Emerson Royal,Emerson Aparecido Leite de Souza Junior,Defender,TOT,4.5,90,0,0,0,2,0,0,0,0,1
2367667,Johnson (Brennan),Brennan Johnson,Midfielder,TOT,7.0,90,0,0,0,2,0,0,0,0,2
2367667,Gil,Bryan Gil,Midfielder,TOT,5.0,71,0,0,0,2,0,0,0,0,2
2367667,Porro,Pedro Porro,Defender,TOT,5.5,90,0,1,0,2,0,0,0,1,5
2367667,Kulusevski,Dejan Kulusevski,Midfielder,TOT,6.5,90,0,0,0,2,0,0,0,0,2
2367667,Destiny Udogie,Iyenoma Destiny Udogie,Defender,TOT,4.5,90,0,0,0,2,0,0,0,0,1
2367667,Véliz,Alejo Véliz,Forward,TOT,5.0,12,0,0,0,0,0,0,0,0,1
2367668,Martinez,Emiliano Martinez,Goalkeeper,AVL,5.0,90,0,0,0,2,0,0,0,0,2
2367668,Digne,Lucas Digne,Defender,AVL,4.5,73,0,0,0,2,0,0,0,0,1
2367668,Álex Moreno,Alexandre Moreno Lopera,Defender,AVL,4.0,21,0,0,0,0,0,0,0,0,1
2367668,McGinn,John McGinn,Midfielder,AVL,5.5,65,0,0,0,2,0,0,0,0,2
2367668,Diego Carlos,Diego Carlos Santos Silva,Defender,AVL,4.5,90,0,0,0,2,0,0,0,0,1
2367668,Tielemans,Youri Tielemans,Midfielder,AVL,6.0,90,0,0,0,2,0,0,0,0,2
2367668,Watkins,Ollie Watkins,Forward,AVL,9.0,90,1,1,0,2,0,0,0,2,11
2367668,Cash,Matthew Cash,Defender,AVL,4.5,21,0,0,0,0,0,0,0,0,1
2367668,Konsa Ngoyo,Ezri Konsa Ngoyo,Defender,AVL,4.5,73,0,0,0,2,0,0,0,0,1
2367668,Bailey,Leon Bailey,Midfielder,AVL,5.5,74,1,0,0,2,0,0,0,0,7
2367668,Douglas Luiz,Douglas Luiz Soares de Paulo,Midfielder,AVL,5.4,90,0,0,0,2,0,0,0,0,2
2367668,Ramsey (Jacob),Jacob Ramsey,Midfielder,AVL,5.5,45,0,0,0,1,0,0,0,0,1
2367668,Diaby,Moussa Diaby,Midfielder,AVL,6.5,21,0,1,0,0,0,0,0,0,4
2367668,Torres,Pau Torres,Defender,AVL,4.5,90,0,0,0,2,0,1,0,0,0
2367668,Zaniolo,Nicolò Zaniolo,Midfielder,AVL,5.4,45,0,0,0,1,0,1,0,0,0
2367668,Durán,Jhon Durán,Forward,AVL,5.7,30,0,0,0,0,0,1,0,0,0
2367668,Smith (Adam),Adam Smith,Defender,BOU,4.5,90,0,0,0,2,0,0,0,0,1
2367668,Neto,Norberto Murara Neto,Goalkeeper,BOU,4.5,90,0,0,0,2,0,0,0,0,1
2367668,Solanke,Dominic Solanke,Forward,BOU,7.5,90,1,0,0,2,0,0,0,0,6
2367668,Cook (Lewis),Lewis Cook,Midfielder,BOU,5.0,90,0,0,0,2,0,0,0,0,2
2367668,Christie,Ryan Christie,Midfielder,BOU,5.0,90,0,1,0,2,0,1,0,3,7
2367668,Billing,Philip Billing,Midfielder,BOU,5.0,25,0,0,0,1,0,0,0,0,1
2367668,Tavernier,Marcus Tavernier,Midfielder,BOU,5.5,90,0,0,0,2,0,0,0,0,2
2367668,Senesi,Marcos Senesi,Defender,BOU,4.5,90,0,0,0,2,0,1,0,0,0
2367668,Kluivert,Justin Kluivert,Midfielder,BOU,7.0,70,0,0,0,1,0,1,0,0,1
2367668,Mepham,Chris Mepham,Defender,BOU,4.0,13,0,0,0,1,0,0,0,0,1
2367668,Sinisterra,Luis Sinisterra,Midfielder,BOU,5.0,25,0,0,0,1,0,0,0,0,1
2367668,Semenyo,Antoine Semenyo,Forward,BOU,7.0,70,1,0,0,1,0,1,0,0,5
2367668,Zabarnyi,Illia Zabarnyi,Defender,BOU,5.0,90,0,0,0,2,0,0,0,0,1
2367668,Dango Ouattara,Dango Ouattara,Midfielder,BOU,6.0,3,0,0,0,0,0,0,0,0,1
2367668,Kerkez,Milos Kerkez,Defender,BOU,6.0,82,0,1,0,1,0,1,0,1,5
2367669,Jorginho,Jorge Luiz Frello Filho,Midfielder,ARS,4.6,6,0,0,0,0,0,0,0,0,1
2367669,Trossard,Leandro Trossard,Midfielder,ARS,7.0,90,0,0,0,1,0,0,0,0,2
2367669,Raya Martin,David Raya Martin,Goalkeeper,ARS,5.5,90,0,0,0,1,0,0,0,0,2
2367669,Odegaard,Martin Odegaard,Midfielder,ARS,8.0,90,1,0,0,1,0,0,0,3,10
2367669,White (Ben),Ben White,Defender,ARS,5.5,20,0,0,0,1,0,0,0,0,1
2367669,Rice,Declan Rice,Midfielder,ARS,6.5,90,0,0,0,1,0,0,0,0,2
2367669,Eddie Nketiah,Edward Nketiah,Forward,ARS,5.5,30,0,0,0,1,0,0,0,0,1
2367669,Jesus,Gabriel Fernando de Jesus,Forward,ARS,6.5,67,0,0,1,0,0,0,0,0,2
2367669,Zinchenko,Oleksandr Zinchenko,Defender,ARS,5.0,90,0,1,0,1,0,0,0,0,5
2367669,Havertz,Kai Havertz,Midfielder,ARS,7.5,20,0,0,0,1,0,0,0,0,1
2367669,Saka,Bukayo Saka,Midfielder,ARS,10.0,90,1,0,0,1,0,0,0,1,8
2367669,Tomiyasu,Takehiro Tomiyasu,Defender,ARS,4.8,77,0,1,1,0,0,0,0,2,11
2367669,Gabriel Magalhães,Gabriel dos Santos Magalhães,Defender,ARS,6.0,90,0,0,0,1,0,0,0,0,2
2367669,Kiwior,Jakub Kiwior,Defender,ARS,5.5,6,0,0,0,0,0,0,0,0,1
2367669,Martinelli,Gabriel Teodoro Martinelli Silva,Midfielder,ARS,7.0,77,0,0,1,0,0,0,0,0,3
2367669,Saliba,William Saliba,Defender,ARS,6.0,90,0,0,0,1,0,1,0,0,1
2367669,Dawson,Craig Dawson,Defender,WOL,4.2,90,0,0,0,2,0,0,0,0,1
2367669,Bentley,Daniel Bentley,Goalkeeper,WOL,4.0,73,0,0,1,0,0,0,0,1,8
2367669,Doherty,Matt Doherty,Defender,WOL,4.5,35,0,0,0,0,0,0,0,0,1
2367669,Sarabia,Pablo Sarabia,Midfielder,WOL,5.0,35,0,0,0,0,0,0,0,0,1
2367669,José Sá,José Pedro Malheiro de Sá,Goalkeeper,WOL,4.5,20,0,0,0,2,0,0,0,0,0
2367669,Hwang Hee-Chan,Hee-Chan Hwang,Midfielder,WOL,6.0,90,0,0,0,2,0,1,0,0,1
2367669,Semedo,Nelson Semedo,Defender,WOL,4.5,90,0,1,0,2,0,0,0,0,4
2367669,Kilman,Max Kilman,Defender,WOL,4.5,90,0,0,0,2,0,0,0,0,1
2367669,Doyle,Tommy Doyle,Midfielder,WOL,4.7,90,0,0,0,2,0,0,0,0,2
2367669,Bellegarde,Jean-Ricner Bellegarde,Midfielder,WOL,5.5,62,0,0,0,2,0,0,0,0,2
2367669,Kalajdzic,Sasa Kalajdzic,Forward,WOL,5.0,6,0,0,0,0,0,0,0,0,1
2367669,Matheus Cunha,Matheus Santos Carneiro Da Cunha,Forward,WOL,8.0,90,1,0,0,2,0,1,0,0,5
2367669,Traoré (Boubacar),Boubacar Traoré,Midfielder,WOL,5.0,90,0,0,0,2,0,0,0,0,2
2367669,Bueno (Hugo),Hugo Bueno,Defender,WOL,4.5,62,0,0,0,2,0,0,0,0,1
2367669,Toti,Toti António Gomes,Defender,WOL,4.5,90,0,0,0,2,0,0,0,0,1
2367670,Mee (Ben),Ben Mee,Defender,BRE,4.2,90,1,1,0,1,0,0,0,3,14
2367670,Maupay,Neal Maupay,Forward,BRE,4.9,90,1,0,0,1,0,0,0,2,8
2367670,Flekken,Mark Flekken,Goalkeeper,BRE,4.5,90,0,0,0,1,0,0,0,0,2
2367670,Norgaard,Christian Norgaard,Midfielder,BRE,5.5,90,0,0,0,1,0,1,0,0,1
2367670,Janelt,Vitaly Janelt,Midfielder,BRE,5.0,90,0,0,0,1,0,0,0,0,2
2367670,Ghoddos,Saman Ghoddos,Midfielder,BRE,4.5,75,0,0,0,1,0,0,0,0,2
2367670,Wissa,Yoane Wissa,Forward,BRE,7.5,90,0,0,0,1,0,0,0,0,2
2367670,Roerslev,Mads Roerslev,Defender,BRE,4.5,21,0,0,0,0,0,0,0,0,1
2367670,Pinnock,Ethan Pinnock,Defender,BRE,4.5,90,0,0,0,1,0,0,0,0,2
2367670,Lewis-Potter,Keane Lewis-Potter,Midfielder,BRE,5.0,21,0,1,0,0,0,0,0,0,4
2367670,Onyeka,Frank Onyeka,Midfielder,BRE,5.0,90,0,0,0,1,0,0,0,0,2
2367670,Baptiste (Shandon),Shandon Baptiste,Midfielder,BRE,4.3,27,1,0,0,1,0,0,0,0,6
2367670,Mbeumo,Bryan Mbeumo,Midfielder,BRE,8.0,76,0,1,0,1,0,0,0,0,5
2367670,Peart-Harris,Myles Peart-Harris,Midfielder,BRE,4.5,6,0,0,0,0,0,0,0,0,1
2367670,Yarmolyuk,Ehor Yarmolyuk,Midfielder,BRE,5.0,69,0,0,1,0,0,0,0,0,3
2367670,Kaminski,Thomas Kaminski,Goalkeeper,LUT,4.0,90,0,0,0,3,0,1,0,0,1
2367670,Townsend,Andros Townsend,Midfielder,LUT,5.0,37,0,0,0,1,0,0,0,0,1
2367670,Barkley,Ross Barkley,Midfielder,LUT,5.0,90,0,1,0,3,0,0,0,0,5
2367670,Clark (Jordan),Jordan Clark,Midfielder,LUT,4.8,37,0,0,0,1,0,0,0,0,1
2367670,Ruddock Mpanzu,Pelly Ruddock Mpanzu,Midfielder,LUT,4.6,60,0,0,0,2,0,0,0,0,1
2367670,Lockyer,Tom Lockyer,Defender,LUT,4.2,45,0,0,0,0,0,0,0,0,1
2367670,Morris,Carlton Morris,Forward,LUT,4.7,60,0,0,0,2,0,0,0,0,2
2367670,Bell,Amarii Bell,Defender,LUT,3.8,90,0,0,0,3,0,0,0,0,1
2367670,Adebayo,Elijah Adebayo,Forward,LUT,4.8,37,0,0,0,1,0,0,0,0,1
2367670,Osho,Gabriel Osho,Defender,LUT,4.4,90,0,0,0,3,0,0,0,0,1
2367670,Chong,Tahith Chong,Midfielder,LUT,4.4,90,0,0,0,3,0,1,0,0,1
2367670,Ogbene,Chiedozie Ogbene,Forward,LUT,4.8,60,0,0,0,2,0,0,0,0,1
2367670,Giles,Ryan John Giles,Defender,LUT,4.2,23,0,0,0,1,0,0,0,0,1
2367670,Brown,Jacob Brown,Forward,LUT,4.9,45,1,0,0,3,0,0,0,1,6
2367670,Mengi,Teden Mengi,Defender,LUT,3.9,74,0,0,0,2,0,0,0,0,1
2367670,Issa Kabore,Issa Kabore,Defender,LUT,4.5,90,0,0,0,3,0,0,0,0,1
2367671,Rodriguez,Jay Rodriguez,Forward,BUR,5.3,76,1,0,1,0,0,0,0,0,6
2367671,Gudmundsson,Johann Berg Gudmundsson,Midfielder,BUR,4.8,30,0,0,0,0,0,0,0,0,1
2367671,Redmond,Nathan Redmond,Midfielder,BUR,4.7,18,0,0,0,0,0,0,0,0,1
2367671,Taylor (Charlie),Charlie Taylor,Defender,BUR,3.9,90,0,1,1,0,0,0,0,1,10
2367671,Brownhill,Josh Brownhill,Midfielder,BUR,4.7,90,1,0,1,0,0,0,0,0,8
2367671,Bruun Larsen,Jacob Bruun Larsen,Midfielder,BUR,5.5,64,1,0,1,0,0,0,0,0,8
2367671,Berge,Sander Berge,Midfielder,BUR,5.0,90,0,0,1,0,0,0,0,0,3
2367671,O'Shea,Dara O'Shea,Defender,BUR,3.8,82,0,1,1,0,0,1,0,0,8
2367671,Obafemi,Michael Obafemi,Forward,BUR,4.5,18,0,0,0,0,0,0,0,0,1
2367671,Beyer,Jordan Beyer,Defender,BUR,4.0,90,0,1,1,0,0,1,0,3,11
2367671,Trafford,James Trafford,Goalkeeper,BUR,5.0,90,0,0,1,0,0,0,0,0,7
2367671,Trésor,Mike Trésor,Midfielder,BUR,4.5,19,0,0,0,0,0,0,0,0,1
2367671,Vitinho,Victor Alexander da Silva,Defender,BUR,4.4,90,0,0,1,0,0,0,0,0,6
2367671,Ekdal,Hjalmar Ekdal,Defender,BUR,4.0,12,0,0,0,0,0,0,0,0,1
2367671,Koleosho,Luca Koleosho,Midfielder,BUR,5.0,76,1,0,1,0,0,0,0,0,8
2367671,Amdouni,Zeki Amdouni,Forward,BUR,5.0,76,1,1,1,0,0,0,0,2,11
2367671,Fleck,John Fleck,Midfielder,SHU,4.9,45,0,0,0,2,0,1,0,0,0
2367671,Norwood,Oliver Norwood,Midfielder,SHU,4.8,90,0,0,0,5,0,0,0,0,2
2367671,Foderingham,Wes Foderingham,Goalkeeper,SHU,4.0,90,0,0,0,5,0,0,0,0,0
2367671,Baldock,George Baldock,Defender,SHU,3.8,22,0,0,0,1,0,0,0,0,1
2367671,Robinson (Jack),Jack Robinson,Defender,SHU,4.3,90,0,0,0,5,0,0,0,0,0
2367671,McBurnie,Oliver McBurnie,Forward,SHU,5.4,44,0,0,0,2,0,0,1,0,0
2367671,Hamer,Gustavo Hamer,Midfielder,SHU,4.9,90,0,0,0,5,0,1,0,0,1
2367671,Trusty,Auston Trusty,Defender,SHU,3.9,90,0,0,0,5,0,0,0,0,0
2367671,Bogle,Jayden Bogle,Defender,SHU,4.5,72,0,0,0,4,0,0,0,0,0
2367671,Ahmedhodzic,Anel Ahmedhodzic,Defender,SHU,4.3,90,0,0,0,5,0,1,0,0,0
2367671,Thomas (Luke),Luke Thomas,Defender,SHU,3.9,45,0,0,0,2,0,1,0,0,0
2367671,Mcatee,James Mcatee,Midfielder,SHU,5.5,45,0,0,0,3,0,0,0,0,1
2367671,Archer,Cameron Archer,Forward,SHU,4.8,45,0,0,0,2,0,0,0,0,1
2367671,Traoré (Bénie),Bénie Traoré,Forward,SHU,5.1,45,0,0,0,3,0,0,0,0,1
2367671,Osula,William Osula,Forward,SHU,5.5,45,0,0,0,3,0,1,0,0,0
2367672,Milner,James Milner,Midfielder,BHA,5.0,43,0,1,0,1,0,1,0,0,3
2367672,Lallana,Adam Lallana,Midfielder,BHA,5.0,57,0,1,0,2,0,0,0,0,4
2367672,Steele,Jason Steele,Goalkeeper,BHA,4.5,90,0,0,0,3,0,0,0,0,1
2367672,Groß,Pascal Groß,Midfielder,BHA,6.5,43,0,0,0,1,0,1,0,0,0
2367672,Veltman,Joël Veltman,Defender,BHA,4.5,90,0,0,0,3,0,0,0,0,1
2367672,Igor Julio,Igor Julio dos Santos de Paulo,Defender,BHA,4.5,81,0,0,0,3,0,1,0,0,0
2367672,Gilmour,Billy Gilmour,Midfielder,BHA,5.0,90,0,0,0,3,0,0,0,0,2
2367672,Mitoma,Kaoru Mitoma,Midfielder,BHA,6.5,44,0,0,0,1,0,0,0,0,1
2367672,van Hecke,Jan-Paul van Hecke,Defender,BHA,4.5,90,0,0,0,3,0,0,0,0,1
2367672,João Pedro,João Pedro Junqueira de Jesus,Forward,BHA,7.5,43,1,0,0,1,0,1,0,0,4
2367672,Baker-Boaitey,Benicio Baker-Boaitey,Midfielder,BHA,4.5,19,0,0,0,0,0,0,0,0,1
2367672,Ferguson (Evan),Evan Ferguson,Forward,BHA,5.5,90,0,0,0,3,0,0,0,0,2
2367672,Hinshelwood,Jack Hinshelwood,Midfielder,BHA,5.5,57,0,0,0,2,0,1,0,0,0
2367672,Baleba,Carlos Baleba,Midfielder,BHA,5.0,57,0,0,0,2,0,0,0,0,1
2367672,Adingra,Simon Adingra,Midfielder,BHA,5.5,90,0,0,0,3,0,0,0,0,2
2367672,Buonanotte,Facundo Buonanotte,Midfielder,BHA,5.0,56,1,0,0,2,0,0,0,1,7
2367672,Thiago Silva,Thiago Emiliano da Silva,Defender,CHE,5.0,90,0,0,0,2,0,0,0,1,2
2367672,Sterling (Raheem),Raheem Sterling,Midfielder,CHE,6.7,63,0,0,0,1,0,0,0,0,2
2367672,Sanchez,Robert Sanchez,Goalkeeper,CHE,5.0,90,0,0,0,2,0,1,0,0,2
2367672,Disasi,Axel Disasi,Defender,CHE,4.2,90,0,0,0,2,0,0,0,0,1
2367672,Gallagher,Conor Gallagher,Midfielder,CHE,5.9,42,0,0,0,1,0,0,1,0,0
2367672,Badiashile,Benoît Badiashile,Defender,CHE,4.5,90,0,1,0,2,0,1,0,2,5
2367672,Palmer,Cole Palmer,Midfielder,CHE,10.5,37,0,0,0,1,0,0,0,0,1
2367672,Broja,Armando Broja,Forward,CHE,5.3,22,0,0,0,1,0,0,0,0,1
2367672,Maatsen,Ian Maatsen,Midfielder,CHE,4.5,31,0,0,0,1,0,0,0,0,1
2367672,Fernández (Enzo),Enzo Fernández,Midfielder,CHE,6.5,90,2,0,0,2,0,1,0,3,14
2367672,Colwill,Levi Colwill,Defender,CHE,5.0,90,1,0,0,2,0,0,0,0,7
2367672,Mudryk,Mykhailo Mudryk,Midfielder,CHE,5.0,78,0,1,0,1,0,0,0,0,5
2367672,Moises Caicedo,Moises Caicedo,Midfielder,CHE,5.5,90,0,0,0,2,0,0,0,0,2
2367672,Jackson (Nicolas),Nicolas Jackson,Forward,CHE,6.5,69,0,1,0,1,0,0,0,0,5
2367673,Willian,Willian Borges Da Silva,Midfielder,FUL,5.0,34,0,0,0,2,0,0,0,0,1
2367673,Cairney,Tom Cairney,Midfielder,FUL,5.0,34,0,1,0,2,0,0,0,0,4
2367673,Leno,Bernd Leno,Goalkeeper,FUL,5.0,90,0,0,0,4,1,0,0,0,1
2367673,Ream,Tim Ream,Defender,FUL,4.5,90,0,0,0,4,0,0,0,0,0
2367673,DeCordova-Reid,Bobby DeCordova-Reid,Midfielder,FUL,5.2,23,1,0,0,2,0,0,0,0,6
2367673,Raúl Jiménez,Raul Alonso Jimenez Rodriguez,Forward,FUL,6.5,90,0,1,0,4,0,0,0,0,2
2367673,Iwobi,Alex Iwobi,Midfielder,FUL,6.5,73,0,0,0,2,0,0,0,0,2
2367673,Reed,Harrison Reed,Midfielder,FUL,4.5,88,0,0,0,4,0,0,0,0,2
2367673,Wilson (Harry),Harry Wilson,Midfielder,FUL,5.5,62,1,0,0,2,0,0,0,0,7
2367673,João Palhinha,João Maria Lobo Alves Palhinha Gonçalves,Midfielder,FUL,5.9,90,0,0,0,4,0,0,0,0,2
2367673,Pereira (Andreas),Andreas Pereira,Midfielder,FUL,5.5,62,0,0,0,2,0,0,0,0,2
2367673,Castagne,Timothy Castagne,Defender,FUL,4.5,23,0,0,0,2,0,0,0,0,0
2367673,Tete,Kenny Tete,Defender,FUL,4.5,73,1,0,0,2,0,0,0,0,7
2367673,Robinson (Antonee),Antonee Robinson,Defender,FUL,5.0,90,0,1,0,4,0,0,0,1,4
2367673,Bassey,Calvin Bassey,Defender,FUL,4.5,90,0,0,0,4,0,0,0,0,0
2367673,Carlos Vinicius,Carlos Vinicius Alves Morais,Forward,FUL,5.0,7,0,0,0,0,0,0,0,0,1
2367673,Matip,Joel Matip,Defender,LIV,4.8,67,0,0,0,2,0,0,0,0,1
2367673,van Dijk,Virgil van Dijk,Defender,LIV,6.0,90,0,0,0,3,0,0,0,0,1
2367673,Salah,Mohamed Salah,Midfielder,LIV,14.5,90,0,1,0,3,0,0,0,0,5
2367673,Endo,Wataru Endo,Midfielder,LIV,5.0,15,1,0,0,0,0,0,0,0,6
2367673,Alexander-Arnold,Trent Alexander-Arnold,Defender,LIV,7.2,90,1,1,0,3,0,0,0,3,13
2367673,Gomez,Joseph Gomez,Defender,LIV,5.0,32,0,0,0,1,0,0,0,0,1
2367673,Kelleher,Caoimhin Kelleher,Goalkeeper,LIV,4.5,90,0,0,0,3,0,0,0,0,1
2367673,Konaté,Ibrahima Konaté,Defender,LIV,5.5,29,0,0,0,1,0,0,0,0,1
2367673,Tsimikas,Konstantinos Tsimikas,Defender,LIV,5.0,90,0,1,0,3,0,0,0,0,4
2367673,Mac Allister,Alexis Mac Allister,Midfielder,LIV,6.5,64,1,0,0,2,0,0,0,2,9
2367673,Gakpo,Cody Gakpo,Forward,LIV,7.5,32,0,0,0,1,0,0,0,0,1
2367673,Díaz,Luis Díaz,Midfielder,LIV,8.0,90,0,0,0,3,0,0,0,0,2
2367673,Szoboszlai,Dominik Szoboszlai,Midfielder,LIV,6.5,64,0,0,0,2,0,0,0,0,2
2367673,Gravenberch,Ryan Gravenberch,Midfielder,LIV,5.5,81,0,0,0,3,0,0,0,0,2
2367673,Núñez,Darwin Núñez,Forward,LIV,6.5,90,0,0,0,3,0,0,0,0,2
2367674,Walker,Kyle Walker,Defender,MCI,4.5,90,0,0,0,3,0,0,0,0,1
2367674,Kovacic,Mateo Kovacic,Midfielder,MCI,6.0,11,0,0,0,1,0,0,0,0,1
2367674,Grealish,Jack Grealish,Midfielder,MCI,6.5,45,1,0,0,2,0,1,0,0,5
2367674,Ederson,Ederson Santana de Moraes,Goalkeeper,MCI,5.5,90,0,0,0,3,0,0,0,0,1
2367674,Aké,Nathan Aké,Defender,MCI,5.5,11,0,0,0,1,0,0,0,0,1
2367674,Bernardo Silva,Bernardo Mota Veiga de Carvalho e Silva,Midfielder,MCI,6.5,90,0,0,0,3,0,0,0,0,2
2367674,Rúben Dias,Rúben Santos Gato Alves Dias,Defender,MCI,5.5,90,0,0,0,3,0,0,0,0,1
2367674,Foden,Phil Foden,Midfielder,MCI,8.0,72,1,0,0,2,0,0,0,2,9
2367674,Akanji,Manuel Akanji,Defender,MCI,5.5,90,0,0,0,3,0,0,0,0,1
2367674,Rodri,Rodrigo Hernández Cascante,Midfielder,MCI,6.5,90,0,0,0,3,0,1,0,0,1
2367674,Haaland,Erling Haaland,Forward,MCI,14.0,90,0,2,0,3,0,1,0,0,7
2367674,Doku,Jéremy Doku,Midfielder,MCI,6.5,51,0,0,0,1,0,0,0,0,1
2367674,Álvarez (Julián),Julián Álvarez,Forward,MCI,7.0,86,0,1,0,2,0,0,0,0,5
2367674,Lewis (Rico),Rico Lewis,Defender,MCI,5.0,25,0,0,0,1,0,0,0,0,1
2367674,Gvardiol,Joško Gvardiol,Defender,MCI,6.0,86,0,0,0,2,0,1,0,0,0
2367674,Son,Heung-Min Son,Midfielder,TOT,8.5,90,1,1,0,3,1,0,0,2,10
2367674,Davies (Ben),Ben Davies,Defender,TOT,4.5,90,0,0,0,3,0,0,0,0,1
2367674,Højbjerg,Pierre-Emile Højbjerg,Midfielder,TOT,5.0,45,0,0,0,1,0,0,0,0,1
2367674,Vicario,Guglielmo Vicario,Goalkeeper,TOT,5.0,90,0,0,0,3,0,0,0,0,1
2367674,Lo Celso,Giovani Lo Celso,Midfielder,TOT,4.9,78,1,0,0,2,0,0,0,0,7
2367674,Skipp,Oliver Skipp,Midfielder,TOT,4.7,20,0,0,0,1,0,0,0,0,1
2367674,Richarlison,Richarlison de Andrade,Midfielder,TOT,6.5,11,0,0,0,0,0,0,0,0,1
2367674,Bissouma,Yves Bissouma,Midfielder,TOT,5.5,86,0,0,0,3,0,0,0,0,2
2367674,Emerson Royal,Emerson Aparecido Leite de Souza Junior,Defender,TOT,4.5,90,0,0,0,3,0,1,0,0,0
2367674,Johnson (Brennan),Brennan Johnson,Midfielder,TOT,7.0,90,0,1,0,3,0,0,0,0,5
2367674,Gil,Bryan Gil,Midfielder,TOT,5.0,45,0,0,0,2,0,0,0,0,1
2367674,Porro,Pedro Porro,Defender,TOT,5.5,90,0,0,0,3,0,1,0,0,0
2367674,Kulusevski,Dejan Kulusevski,Midfielder,TOT,6.5,90,1,1,0,3,0,1,0,3,12
2367674,Destiny Udogie,Iyenoma Destiny Udogie,Defender,TOT,4.5,90,0,0,0,3,0,1,0,0,0
2367674,Donley,Jamie Donley,Forward,TOT,4.5,3,0,0,0,0,0,0,0,0,1
2367675,Maguire,Harry Maguire,Defender,MUN,4.5,90,0,0,0,1,0,1,0,0,1
2367675,Shaw,Luke Shaw,Defender,MUN,4.5,90,0,0,0,1,0,0,0,0,2
2367675,Bruno Fernandes,Bruno Miguel Borges Fernandes,Midfielder,MUN,9.0,90,0,0,0,1,0,0,0,0,2
2367675,Martial,Anthony Martial,Forward,MUN,6.4,61,0,0,0,1,0,0,0,0,2
2367675,Amrabat,Sofyan Amrabat,Midfielder,MUN,5.0,17,0,0,0,0,0,0,0,0,1
2367675,Rashford,Marcus Rashford,Midfielder,MUN,7.0,61,0,0,0,1,0,0,0,0,2
2367675,McTominay,Scott McTominay,Midfielder,MUN,4.9,90,0,0,0,1,0,0,0,0,2
2367675,Reguilón,Sergio Reguilón,Defender,MUN,4.1,17,0,0,0,0,0,0,0,0,1
2367675,Onana,André Onana,Goalkeeper,MUN,5.0,90,0,0,0,1,0,0,0,0,3
2367675,Wan-Bissaka,Aaron Wan-Bissaka,Defender,MUN,4.5,77,0,0,0,1,0,0,0,0,2
2367675,Dalot,José Diogo Dalot Teixeira,Defender,MUN,4.5,90,0,0,0,1,0,0,0,0,2
2367675,Antony,Antony Matheus dos Santos,Midfielder,MUN,6.0,34,0,0,0,0,0,1,0,0,0
2367675,Garnacho,Alejandro Garnacho Ferreyra,Midfielder,MUN,6.5,90,0,0,0,1,0,0,0,0,2
2367675,Højlund,Rasmus Højlund,Forward,MUN,6.5,34,0,0,0,0,0,0,0,0,1
2367675,Mainoo,Kobbie Mainoo,Midfielder,MUN,5.0,78,0,0,0,1,0,0,0,0,2
2367675,Ritchie,Matt Ritchie,Midfielder,NEW,4.3,3,0,0,0,0,0,0,0,0,1
2367675,Dubravka,Martin Dubravka,Goalkeeper,NEW,4.0,14,0,0,0,0,0,0,0,0,1
2367675,Trippier,Kieran Trippier,Defender,NEW,5.0,90,0,1,1,0,0,0,0,3,12
2367675,Pope,Nick Pope,Goalkeeper,NEW,5.0,81,0,0,1,0,0,0,0,0,6
2367675,Lascelles,Jamaal Lascelles,Defender,NEW,4.5,90,0,0,1,0,0,0,0,0,6
2367675,Schär,Fabian Schär,Defender,NEW,5.5,90,0,0,1,0,0,0,0,0,6
2367675,Almirón,Miguel Almirón,Midfielder,NEW,5.4,90,0,0,1,0,0,0,0,0,3
2367675,Joelinton,Joelinton Cássio Apolinário de Lira,Midfielder,NEW,6.0,90,0,0,1,0,0,1,0,0,2
2367675,Bruno Guimarães,Bruno Guimarães Rodriguez Moura,Midfielder,NEW,6.5,90,0,0,1,0,0,0,0,0,3
2367675,Isak,Alexander Isak,Forward,NEW,10.5,90,0,0,1,0,0,0,0,0,2
2367675,Gordon (Anthony),Anthony Gordon,Midfielder,NEW,7.5,90,1,0,1,0,0,0,0,2,10
2367675,Livramento,Valentino Livramento,Defender,NEW,5.0,90,0,0,1,0,0,0,0,1,7
2367675,Miley (Lewis),Lewis Miley,Midfielder,NEW,4.5,90,0,0,1,0,0,0,0,0,3
2367676,Tarkowski,James Tarkowski,Defender,EVE,5.5,90,0,0,1,0,0,0,0,2,8
2367676,Young (Ashley),Ashley Young,Defender,EVE,4.2,90,0,0,1,0,0,0,0,0,6
2367676,Gueye,Idrissa Gueye,Midfielder,EVE,5.5,90,0,0,1,0,0,0,0,0,3
2367676,Pickford,Jordan Pickford,Goalkeeper,EVE,5.5,90,0,0,1,0,0,0,0,1,7
2367676,Doucouré,Abdoulaye Doucouré,Midfielder,EVE,5.1,90,0,0,1,0,0,0,0,0,3
2367676,Harrison (Jack),Jack Harrison,Midfielder,EVE,5.5,90,0,0,1,0,0,0,0,0,3
2367676,Mykolenko,Vitaliy Mykolenko,Defender,EVE,5.0,90,0,0,1,0,0,0,0,0,6
2367676,Garner,James Garner,Midfielder,EVE,5.0,90,0,0,1,0,0,0,0,0,3
2367676,McNeil,Dwight McNeil,Midfielder,EVE,6.0,90,1,0,1,0,0,0,0,0,8
2367676,Branthwaite,Jarrad Branthwaite,Defender,EVE,5.5,90,0,0,1,0,0,0,0,3,9
2367676,Beto,Norberto Bercique Gomes Betuncal,Forward,EVE,5.5,82,0,0,1,0,0,0,0,0,2
2367676,Youssef Chermiti,Youssef Ramalho Chermiti,Forward,EVE,5.0,12,0,0,0,0,0,0,0,0,1
2367676,Wood,Chris Wood,Forward,NFO,7.5,90,0,0,0,1,0,0,0,0,2
2367676,Aurier,Serge Aurier,Defender,NFO,4.5,90,0,0,0,1,0,0,0,0,2
2367676,Boly,Willy Boly,Defender,NFO,4.0,45,0,0,0,0,0,0,0,0,1
2367676,Vlachodimos,Odisseas Vlachodimos,Goalkeeper,NFO,4.0,90,0,0,0,1,0,0,0,0,2
2367676,Toffolo,Harry Toffolo,Defender,NFO,4.2,82,0,0,0,1,0,0,0,0,2
2367676,Felipe,Felipe Augusto de Almeida Monteiro,Defender,NFO,4.4,45,0,0,0,1,0,1,0,0,0
2367676,Origi,Divock Origi,Forward,NFO,5.0,12,0,0,0,0,0,0,0,0,1
2367676,Mangala,Orel Mangala,Midfielder,NFO,5.0,90,0,0,0,1,0,0,0,0,2
2367676,Yates,Ryan Yates,Midfielder,NFO,5.0,90,0,0,0,1,0,0,0,1,3
2367676,Hudson-Odoi,Callum Hudson-Odoi,Midfielder,NFO,6.0,29,0,0,0,1,0,0,0,0,1
2367676,Sangaré,Ibrahim Sangaré,Midfielder,NFO,5.0,65,0,0,1,0,0,0,0,0,3
2367676,Gibbs-White,Morgan Gibbs-White,Midfielder,NFO,7.5,90,0,0,0,1,0,0,0,0,2
2367676,Elanga,Anthony Elanga,Midfielder,NFO,7.0,90,0,0,0,1,0,0,0,0,2
2367676,Murillo,Murillo Santiago Costa dos Santos,Defender,NFO,5.5,90,0,0,0,1,0,0,0,0,2
2367677,Ward,Joel Ward,Defender,CRY,4.3,90,0,0,0,1,0,0,0,0,2
2367677,Ayew (Jordan),Jordan Ayew,Midfielder,CRY,5.1,90,0,0,0,1,0,0,0,0,2
2367677,Johnstone,Sam Johnstone,Goalkeeper,CRY,4.5,90,0,0,0,1,0,0,0,0,2
2367677,Hughes,Will Hughes,Midfielder,CRY,5.0,79,0,0,0,1,0,0,0,0,2
2367677,Lerma,Jefferson Lerma,Midfielder,CRY,5.0,90,0,0,0,1,0,0,0,0,2
2367677,Riedewald,Jairo Riedewald,Midfielder,CRY,4.3,14,0,0,0,0,0,0,0,0,1
2367677,Andersen (Joachim),Joachim Andersen,Defender,CRY,4.5,90,0,0,0,1,0,0,0,0,2
2367677,Edouard,Odsonne Edouard,Forward,CRY,5.0,84,1,0,0,1,0,0,0,3,9
2367677,Marc Guehi,Addji Keaninkin Marc-Israel Guehi,Defender,CRY,4.5,90,0,0,0,1,0,0,0,0,2
2367677,Mateta,Jean-Philippe Mateta,Forward,CRY,7.5,9,0,0,0,0,0,0,0,0,1
2367677,Mitchell,Tyrick Mitchell,Defender,CRY,5.0,90,0,0,0,1,0,0,0,0,2
2367677,Richards (Chris),Chris Richards,Defender,CRY,4.5,90,0,0,0,1,0,0,0,0,2
2367677,Olise,Michael Olise,Midfielder,CRY,5.7,90,0,0,0,1,0,0,0,0,2
2367677,Areola,Alphonse Areola,Goalkeeper,WHU,4.5,90,0,0,0,1,0,0,0,0,2
2367677,Ward-Prowse,James Ward-Prowse,Midfielder,WHU,6.0,90,0,0,0,1,0,1,0,0,1
2367677,Emerson,Emerson Palmieri dos Santos,Defender,WHU,4.5,90,0,0,0,1,0,0,0,0,2
2367677,Coufal,Vladimir Coufal,Defender,WHU,4.1,90,0,1,0,1,0,1,0,1,5
2367677,Bowen,Jarrod Bowen,Midfielder,WHU,8.0,90,0,0,0,1,0,0,0,0,2
2367677,Aguerd,Nayef Aguerd,Defender,WHU,4.5,90,0,0,0,1,0,0,0,0,2
2367677,Álvarez (Edson),Edson Álvarez,Midfielder,WHU,5.0,85,0,0,0,1,0,0,0,0,2
2367677,Soucek,Tomas Soucek,Midfielder,WHU,6.0,90,0,0,0,1,0,0,0,0,2
2367677,Fornals,Pablo Fornals,Midfielder,WHU,4.6,8,0,0,0,0,0,0,0,0,1
2367677,Lucas Paquetá,Lucas Tolentino Coelho de Lima,Midfielder,WHU,6.0,90,0,0,0,1,0,0,0,0,2
2367677,Mavropanos,Konstantinos Mavropanos,Defender,WHU,4.5,90,0,0,0,1,0,0,0,0,2
2367677,Kudus,Mohammed Kudus,Midfielder,WHU,6.5,90,1,0,0,1,0,0,0,2,9
2367678,Martinez,Emiliano Martinez,Goalkeeper,AVL,5.0,90,0,0,1,0,0,0,0,3,9
2367678,Digne,Lucas Digne,Defender,AVL,4.5,89,0,0,1,0,0,0,0,0,6
2367678,Álex Moreno,Alexandre Moreno Lopera,Defender,AVL,4.0,6,0,0,0,0,0,0,0,0,1
2367678,McGinn,John McGinn,Midfielder,AVL,5.5,90,0,0,1,0,0,0,0,0,3
2367678,Diego Carlos,Diego Carlos Santos Silva,Defender,AVL,4.5,90,0,0,1,0,0,0,0,0,6
2367678,Tielemans,Youri Tielemans,Midfielder,AVL,6.0,83,0,1,1,0,0,0,0,0,6
2367678,Watkins,Ollie Watkins,Forward,AVL,9.0,89,0,0,1,0,0,1,0,0,1
2367678,Konsa Ngoyo,Ezri Konsa Ngoyo,Defender,AVL,4.5,90,0,0,1,0,0,0,0,2,8
2367678,Bailey,Leon Bailey,Midfielder,AVL,5.5,83,1,0,1,0,0,0,0,1,9
2367678,Kamara,Boubacar Kamara,Midfielder,AVL,5.0,90,0,0,1,0,0,1,0,0,2
2367678,Douglas Luiz,Douglas Luiz Soares de Paulo,Midfielder,AVL,5.4,90,0,0,1,0,0,0,0,0,3
2367678,Ramsey (Jacob),Jacob Ramsey,Midfielder,AVL,5.5,11,0,0,0,0,0,0,0,0,1
2367678,Diaby,Moussa Diaby,Midfielder,AVL,6.5,11,0,0,0,0,0,0,0,0,1
2367678,Torres,Pau Torres,Defender,AVL,4.5,90,0,0,1,0,0,0,0,0,6
2367678,Durán,Jhon Durán,Forward,AVL,5.7,5,0,0,0,0,0,0,0,0,1
2367678,Walker,Kyle Walker,Defender,MCI,4.5,90,0,0,0,1,0,0,0,0,2
2367678,Kovacic,Mateo Kovacic,Midfielder,MCI,6.0,27,0,0,0,1,0,0,0,0,1
2367678,Stones,John Stones,Defender,MCI,5.5,90,0,0,0,1,0,1,0,0,1
2367678,Ederson,Ederson Santana de Moraes,Goalkeeper,MCI,5.5,90,0,0,0,1,0,0,0,0,4
2367678,Bernardo Silva,Bernardo Mota Veiga de Carvalho e Silva,Midfielder,MCI,6.5,90,0,0,0,1,0,0,0,0,2
2367678,Rúben Dias,Rúben Santos Gato Alves Dias,Defender,MCI,5.5,90,0,0,0,1,0,0,0,0,2
2367678,Foden,Phil Foden,Midfielder,MCI,8.0,72,0,0,1,0,0,0,0,0,3
2367678,Akanji,Manuel Akanji,Defender,MCI,5.5,90,0,0,0,1,0,0,0,0,2
2367678,Haaland,Erling Haaland,Forward,MCI,14.0,90,0,0,0,1,0,0,0,0,2
2367678,Álvarez (Julián),Julián Álvarez,Forward,MCI,7.0,68,0,0,1,0,0,0,0,0,2
2367678,Matheus Nunes,Matheus Luiz Nunes,Midfielder,MCI,5.5,27,0,0,0,1,0,0,0,0,1
2367678,Lewis (Rico),Rico Lewis,Defender,MCI,5.0,67,0,0,1,0,0,1,0,0,5
2367678,Gvardiol,Joško Gvardiol,Defender,MCI,6.0,90,0,0,0,1,0,0,0,0,2
2367678,Bobb,Oscar Bobb,Midfielder,MCI,5.5,22,0,0,0,1,0,0,0,0,1
2367679,Mee (Ben),Ben Mee,Defender,BRE,4.2,90,0,0,0,2,0,0,0,0,1
2367679,Maupay,Neal Maupay,Forward,BRE,4.9,90,0,0,0,2,0,0,0,0,2
2367679,Flekken,Mark Flekken,Goalkeeper,BRE,4.5,90,0,0,0,2,0,0,0,0,2
2367679,Janelt,Vitaly Janelt,Midfielder,BRE,5.0,90,0,1,0,2,0,0,0,1,6
2367679,Ghoddos,Saman Ghoddos,Midfielder,BRE,4.5,90,0,0,0,2,0,0,0,0,2
2367679,Wissa,Yoane Wissa,Forward,BRE,7.5,59,0,0,0,1,0,1,0,0,0
2367679,Roerslev,Mads Roerslev,Defender,BRE,4.5,84,0,0,0,2,0,0,0,0,1
2367679,Pinnock,Ethan Pinnock,Defender,BRE,4.5,90,0,0,0,2,0,0,0,0,1
2367679,Lewis-Potter,Keane Lewis-Potter,Midfielder,BRE,5.0,45,0,0,0,1,0,0,0,0,1
2367679,Onyeka,Frank Onyeka,Midfielder,BRE,5.0,90,0,0,0,2,0,0,0,0,2
2367679,Baptiste (Shandon),Shandon Baptiste,Midfielder,BRE,4.3,68,0,0,0,2,0,0,0,0,2
2367679,Damsgaard,Mikkel Damsgaard,Midfielder,BRE,6.0,27,0,0,0,0,0,0,0,0,1
2367679,Mbeumo,Bryan Mbeumo,Midfielder,BRE,8.0,35,1,0,0,1,0,0,0,0,6
2367679,Peart-Harris,Myles Peart-Harris,Midfielder,BRE,4.5,11,0,0,0,0,0,0,0,0,1
2367679,Yarmolyuk,Ehor Yarmolyuk,Midfielder,BRE,5.0,45,0,0,0,1,0,0,0,0,1
2367679,Milner,James Milner,Midfielder,BHA,5.0,27,0,0,0,0,0,0,0,0,1
2367679,Steele,Jason Steele,Goalkeeper,BHA,4.5,90,0,0,0,1,0,0,0,0,2
2367679,Groß,Pascal Groß,Midfielder,BHA,6.5,90,1,1,0,1,0,0,0,2,12
2367679,Veltman,Joël Veltman,Defender,BHA,4.5,22,0,0,0,0,0,0,0,0,1
2367679,Igor Julio,Igor Julio dos Santos de Paulo,Defender,BHA,4.5,90,0,0,0,1,0,0,0,0,2
2367679,Moder,Jakub Moder,Midfielder,BHA,4.4,11,0,0,0,0,0,0,0,0,1
2367679,Gilmour,Billy Gilmour,Midfielder,BHA,5.0,90,0,0,0,1,0,1,0,0,1
2367679,Mitoma,Kaoru Mitoma,Midfielder,BHA,6.5,90,0,1,0,1,0,0,0,0,5
2367679,van Hecke,Jan-Paul van Hecke,Defender,BHA,4.5,90,0,0,0,1,0,1,0,0,1
2367679,João Pedro,João Pedro Junqueira de Jesus,Forward,BHA,7.5,68,0,0,0,1,0,0,0,0,2
2367679,Baker-Boaitey,Benicio Baker-Boaitey,Midfielder,BHA,4.5,11,0,0,0,0,0,0,0,0,1
2367679,Ferguson (Evan),Evan Ferguson,Forward,BHA,5.5,27,0,0,0,0,0,0,0,0,1
2367679,Hinshelwood,Jack Hinshelwood,Midfielder,BHA,5.5,73,1,0,0,1,0,0,0,3,10
2367679,Baleba,Carlos Baleba,Midfielder,BHA,5.0,84,0,0,0,1,0,0,0,0,2
2367679,Adingra,Simon Adingra,Midfielder,BHA,5.5,84,0,0,0,1,0,0,0,0,2
2367679,Buonanotte,Facundo Buonanotte,Midfielder,BHA,5.0,68,0,0,0,1,0,1,0,0,1
2367680,Smith (Adam),Adam Smith,Defender,BOU,4.5,90,0,0,1,0,0,0,0,0,6
2367680,Neto,Norberto Murara Neto,Goalkeeper,BOU,4.5,90,0,0,1,0,0,0,0,1,8
2367680,Moore (Kieffer),Kieffer Moore,Forward,BOU,4.6,8,1,0,0,0,0,0,0,2,7
2367680,Solanke,Dominic Solanke,Forward,BOU,7.5,88,0,0,1,0,0,0,0,0,2
2367680,Cook (Lewis),Lewis Cook,Midfielder,BOU,5.0,90,0,0,1,0,0,0,0,0,3
2367680,Christie,Ryan Christie,Midfielder,BOU,5.0,90,0,0,1,0,0,0,0,0,3
2367680,Billing,Philip Billing,Midfielder,BOU,5.0,35,0,1,0,0,0,0,0,0,4
2367680,Tavernier,Marcus Tavernier,Midfielder,BOU,5.5,35,0,0,0,0,0,0,0,0,1
2367680,Senesi,Marcos Senesi,Defender,BOU,4.5,90,1,0,1,0,0,1,0,3,14
2367680,Kluivert,Justin Kluivert,Midfielder,BOU,7.0,61,0,0,1,0,0,0,0,0,3
2367680,Sinisterra,Luis Sinisterra,Midfielder,BOU,5.0,78,0,1,1,0,0,0,0,0,6
2367680,Semenyo,Antoine Semenyo,Forward,BOU,7.0,61,0,0,1,0,0,0,0,0,2
2367680,Zabarnyi,Illia Zabarnyi,Defender,BOU,5.0,90,0,0,1,0,0,1,0,0,5
2367680,Dango Ouattara,Dango Ouattara,Midfielder,BOU,6.0,18,0,0,0,0,0,1,0,0,0
2367680,Kerkez,Milos Kerkez,Defender,BOU,6.0,90,0,0,1,0,0,0,0,0,6
2367680,Ward,Joel Ward,Defender,CRY,4.3,69,0,0,0,1,0,0,0,0,2
2367680,Clyne,Nathaniel Clyne,Defender,CRY,4.0,64,0,0,0,1,0,0,0,0,2
2367680,Ayew (Jordan),Jordan Ayew,Midfielder,CRY,5.1,90,0,0,0,2,0,0,0,0,2
2367680,Schlupp,Jeffrey Schlupp,Midfielder,CRY,4.6,69,0,0,0,1,0,0,0,0,2
2367680,Johnstone,Sam Johnstone,Goalkeeper,CRY,4.5,90,0,0,0,2,0,0,0,0,1
2367680,Hughes,Will Hughes,Midfielder,CRY,5.0,27,0,0,0,1,0,0,0,0,1
2367680,Lerma,Jefferson Lerma,Midfielder,CRY,5.0,85,0,0,0,1,0,0,0,0,2
2367680,Andersen (Joachim),Joachim Andersen,Defender,CRY,4.5,90,0,0,0,2,0,0,0,0,1
2367680,Edouard,Odsonne Edouard,Forward,CRY,5.0,90,0,0,0,2,0,1,0,0,1
2367680,Marc Guehi,Addji Keaninkin Marc-Israel Guehi,Defender,CRY,4.5,90,0,0,0,2,0,0,0,0,1
2367680,Mateta,Jean-Philippe Mateta,Forward,CRY,7.5,11,0,0,0,1,0,0,0,0,1
2367680,Mitchell,Tyrick Mitchell,Defender,CRY,5.0,27,0,0,0,1,0,0,0,0,1
2367680,Richards (Chris),Chris Richards,Defender,CRY,4.5,90,0,0,0,2,0,0,0,0,1
2367680,Olise,Michael Olise,Midfielder,CRY,5.7,90,0,0,0,2,0,0,0,0,2
2367680,Ahamada,Naouirou Ahamada,Midfielder,CRY,4.5,27,0,0,0,1,0,0,0,0,1
2367681,Tarkowski,James Tarkowski,Defender,EVE,5.5,90,0,0,1,0,0,0,0,0,6
2367681,Young (Ashley),Ashley Young,Defender,EVE,4.2,90,0,0,1,0,0,0,0,2,8
2367681,Coleman,Seamus Coleman,Defender,EVE,4.5,64,0,0,1,0,0,0,0,0,6
2367681,Gueye,Idrissa Gueye,Midfielder,EVE,5.5,90,0,0,1,0,0,1,0,0,2
2367681,Pickford,Jordan Pickford,Goalkeeper,EVE,5.5,90,0,0,1,0,0,0,0,0,7
2367681,Doucouré,Abdoulaye Doucouré,Midfielder,EVE,5.1,90,1,0,1,0,0,0,0,1,9
2367681,Calvert-Lewin,Dominic Calvert-Lewin,Forward,EVE,5.4,79,0,0,1,0,0,1,0,0,1
2367681,Harrison (Jack),Jack Harrison,Midfielder,EVE,5.5,90,0,0,1,0,0,0,0,0,3
2367681,Mykolenko,Vitaliy Mykolenko,Defender,EVE,5.0,90,0,0,1,0,0,0,0,0,6
2367681,Patterson (Nathan),Nathan Patterson,Defender,EVE,4.5,32,0,1,0,0,0,0,0,0,4
2367681,McNeil,Dwight McNeil,Midfielder,EVE,6.0,90,1,1,1,0,0,0,0,3,14
2367681,Branthwaite,Jarrad Branthwaite,Defender,EVE,5.5,90,0,0,1,0,0,0,0,0,6
2367681,Beto,Norberto Bercique Gomes Betuncal,Forward,EVE,5.5,17,1,0,0,0,0,1,0,0,4
2367681,Ritchie,Matt Ritchie,Midfielder,NEW,4.3,11,0,0,0,1,0,0,0,0,1
2367681,Dubravka,Martin Dubravka,Goalkeeper,NEW,4.0,90,0,0,0,3,0,0,0,0,2
2367681,Trippier,Kieran Trippier,Defender,NEW,5.0,90,0,0,0,3,0,0,0,0,1
2367681,Lascelles,Jamaal Lascelles,Defender,NEW,4.5,85,0,0,0,2,0,0,0,0,1
2367681,Krafth,Emil Krafth,Defender,NEW,4.5,12,0,0,0,1,0,0,0,0,1
2367681,Schär,Fabian Schär,Defender,NEW,5.5,90,0,0,0,3,0,0,0,0,1
2367681,Almirón,Miguel Almirón,Midfielder,NEW,5.4,90,0,0,0,3,0,0,0,0,2
2367681,Joelinton,Joelinton Cássio Apolinário de Lira,Midfielder,NEW,6.0,90,0,0,0,3,0,0,0,0,2
2367681,Bruno Guimarães,Bruno Guimarães Rodriguez Moura,Midfielder,NEW,6.5,90,0,0,0,3,0,0,0,0,2
2367681,Isak,Alexander Isak,Forward,NEW,10.5,90,0,0,0,3,0,0,0,0,2
2367681,Gordon (Anthony),Anthony Gordon,Midfielder,NEW,7.5,90,0,0,0,3,0,0,0,0,2
2367681,Livramento,Valentino Livramento,Defender,NEW,5.0,90,0,0,0,3,0,0,0,0,1
2367681,Miley (Lewis),Lewis Miley,Midfielder,NEW,4.5,85,0,0,0,2,0,0,0,0,2
2367682,Willian,Willian Borges Da Silva,Midfielder,FUL,5.0,63,0,1,1,0,0,0,0,0,6
2367682,Cairney,Tom Cairney,Midfielder,FUL,5.0,90,1,0,1,0,0,0,0,0,8
2367682,Leno,Bernd Leno,Goalkeeper,FUL,5.0,90,0,0,1,0,0,0,0,0,6
2367682,DeCordova-Reid,Bobby DeCordova-Reid,Midfielder,FUL,5.2,21,0,0,0,0,0,0,0,0,1
2367682,Raúl Jiménez,Raul Alonso Jimenez Rodriguez,Forward,FUL,6.5,78,2,0,1,0,0,0,0,3,13
2367682,Tosin,Oluwatosin Adarabioyo,Defender,FUL,4.5,90,0,0,1,0,0,0,0,0,6
2367682,Iwobi,Alex Iwobi,Midfielder,FUL,6.5,75,2,0,1,0,0,0,0,1,14
2367682,Wilson (Harry),Harry Wilson,Midfielder,FUL,5.5,32,0,1,0,0,0,0,0,0,4
2367682,João Palhinha,João Maria Lobo Alves Palhinha Gonçalves,Midfielder,FUL,5.9,79,0,0,1,0,0,0,0,0,3
2367682,Pereira (Andreas),Andreas Pereira,Midfielder,FUL,5.5,90,0,3,1,0,0,0,0,3,15
2367682,Castagne,Timothy Castagne,Defender,FUL,4.5,90,0,0,1,0,0,0,0,0,6
2367682,Robinson (Antonee),Antonee Robinson,Defender,FUL,5.0,75,0,0,1,0,0,0,0,0,6
2367682,Lukic,Sasa Lukic,Midfielder,FUL,5.0,17,0,0,0,0,0,0,0,0,1
2367682,Ballo-Toure,Fode Ballo-Toure,Defender,FUL,4.5,20,0,0,0,0,0,0,0,0,1
2367682,Bassey,Calvin Bassey,Defender,FUL,4.5,90,0,0,1,0,0,0,0,0,6
2367682,Carlos Vinicius,Carlos Vinicius Alves Morais,Forward,FUL,5.0,17,0,0,0,0,0,0,0,0,1
2367682,Wood,Chris Wood,Forward,NFO,7.5,38,0,0,0,2,0,0,0,0,1
2367682,Vlachodimos,Odisseas Vlachodimos,Goalkeeper,NFO,4.0,90,0,0,0,5,0,0,0,0,0
2367682,Toffolo,Harry Toffolo,Defender,NFO,4.2,90,0,0,0,5,0,0,0,0,0
2367682,Felipe,Felipe Augusto de Almeida Monteiro,Defender,NFO,4.4,75,0,0,0,4,0,0,0,0,0
2367682,Origi,Divock Origi,Forward,NFO,5.0,58,0,0,0,3,0,0,0,0,1
2367682,Aina,Ola Aina,Defender,NFO,5.0,90,0,0,0,5,0,0,0,0,0
2367682,Mangala,Orel Mangala,Midfielder,NFO,5.0,90,0,0,0,5,0,0,0,0,2
2367682,Niakhaté,Moussa Niakhaté,Defender,NFO,4.5,20,0,0,0,1,0,0,0,0,1
2367682,Yates,Ryan Yates,Midfielder,NFO,5.0,45,0,0,0,3,0,1,0,0,0
2367682,Hudson-Odoi,Callum Hudson-Odoi,Midfielder,NFO,6.0,58,0,0,0,3,0,0,0,0,1
2367682,Sangaré,Ibrahim Sangaré,Midfielder,NFO,5.0,45,0,0,0,2,0,0,0,0,1
2367682,Gibbs-White,Morgan Gibbs-White,Midfielder,NFO,7.5,45,0,0,0,3,0,0,0,0,1
2367682,Nicolás Domínguez,Nicolás Domínguez,Midfielder,NFO,5.0,45,0,0,0,2,0,0,0,0,1
2367682,Elanga,Anthony Elanga,Midfielder,NFO,7.0,90,0,0,0,5,0,0,0,0,2
2367682,Danilo,Danilo dos Santos de Oliveira,Midfielder,NFO,4.7,37,0,0,0,2,0,0,0,0,1
2367682,Murillo,Murillo Santiago Costa dos Santos,Defender,NFO,5.5,90,0,0,0,5,0,0,0,0,0
2367683,Trossard,Leandro Trossard,Midfielder,ARS,7.0,34,0,0,0,0,0,0,0,0,1
2367683,Raya Martin,David Raya Martin,Goalkeeper,ARS,5.5,90,0,0,0,3,0,0,0,0,1
2367683,Odegaard,Martin Odegaard,Midfielder,ARS,8.0,90,0,1,0,3,0,0,0,0,5
2367683,White (Ben),Ben White,Defender,ARS,5.5,90,0,1,0,3,0,0,0,0,4
2367683,Rice,Declan Rice,Midfielder,ARS,6.5,90,1,0,0,3,0,0,0,2,9
2367683,Jesus,Gabriel Fernando de Jesus,Forward,ARS,6.5,90,1,1,0,3,0,1,0,3,11
2367683,Zinchenko,Oleksandr Zinchenko,Defender,ARS,5.0,34,0,0,0,0,0,0,0,0,1
2367683,Havertz,Kai Havertz,Midfielder,ARS,7.5,90,1,0,0,3,0,0,0,0,7
2367683,Saka,Bukayo Saka,Midfielder,ARS,10.0,90,0,1,0,3,0,0,0,0,5
2367683,Gabriel Magalhães,Gabriel dos Santos Magalhães,Defender,ARS,6.0,90,0,0,0,3,0,0,0,0,1
2367683,Kiwior,Jakub Kiwior,Defender,ARS,5.5,62,0,0,0,3,0,0,0,0,1
2367683,Martinelli,Gabriel Teodoro Martinelli Silva,Midfielder,ARS,7.0,62,1,0,0,3,0,0,0,0,7
2367683,Saliba,William Saliba,Defender,ARS,6.0,90,0,0,0,3,0,0,0,0,1
2367683,Kaminski,Thomas Kaminski,Goalkeeper,LUT,4.0,90,0,0,0,4,0,0,0,0,1
2367683,Townsend,Andros Townsend,Midfielder,LUT,5.0,60,0,1,0,3,0,0,0,0,5
2367683,Barkley,Ross Barkley,Midfielder,LUT,5.0,90,1,0,0,4,0,1,0,0,6
2367683,Clark (Jordan),Jordan Clark,Midfielder,LUT,4.8,11,0,0,0,1,0,0,0,0,1
2367683,Ruddock Mpanzu,Pelly Ruddock Mpanzu,Midfielder,LUT,4.6,86,0,0,0,3,0,0,0,0,2
2367683,Morris,Carlton Morris,Forward,LUT,4.7,38,0,0,0,1,0,0,0,0,1
2367683,Bell,Amarii Bell,Defender,LUT,3.8,90,0,0,0,4,0,0,0,0,0
2367683,Adebayo,Elijah Adebayo,Forward,LUT,4.8,59,1,0,0,3,0,0,0,0,6
2367683,Osho,Gabriel Osho,Defender,LUT,4.4,90,1,0,0,4,0,0,0,0,6
2367683,Chong,Tahith Chong,Midfielder,LUT,4.4,38,0,0,0,1,0,0,0,0,1
2367683,Ogbene,Chiedozie Ogbene,Forward,LUT,4.8,37,0,0,0,1,0,0,0,0,1
2367683,Giles,Ryan John Giles,Defender,LUT,4.2,10,0,0,0,1,0,0,0,0,1
2367683,Brown,Jacob Brown,Forward,LUT,4.9,59,0,0,0,3,0,1,0,0,1
2367683,Doughty,Alfie Doughty,Defender,LUT,4.3,86,0,2,0,3,0,0,0,1,8
2367683,Mengi,Teden Mengi,Defender,LUT,3.9,90,0,0,0,4,0,0,0,0,0
2367683,Issa Kabore,Issa Kabore,Defender,LUT,4.5,90,0,0,0,4,0,0,0,0,0
2367684,van Dijk,Virgil van Dijk,Defender,LIV,6.0,90,1,0,1,0,0,0,0,2,14
2367684,Salah,Mohamed Salah,Midfielder,LIV,14.5,65,0,0,1,0,0,0,0,0,3
2367684,Endo,Wataru Endo,Midfielder,LIV,5.0,90,0,0,1,0,0,1,0,0,2
2367684,Alexander-Arnold,Trent Alexander-Arnold,Defender,LIV,7.2,90,0,1,1,0,0,0,0,3,12
2367684,Gomez,Joseph Gomez,Defender,LIV,5.0,90,0,0,1,0,0,0,0,0,6
2367684,Kelleher,Caoimhin Kelleher,Goalkeeper,LIV,4.5,90,0,0,1,0,0,0,0,0,6
2367684,Konaté,Ibrahima Konaté,Defender,LIV,5.5,90,0,0,1,0,0,1,0,0,5
2367684,Jones (Curtis),Curtis Jones,Midfielder,LIV,5.5,40,0,0,0,0,0,0,0,0,1
2367684,Mac Allister,Alexis Mac Allister,Midfielder,LIV,6.5,57,0,0,0,0,0,0,0,0,1
2367684,Gakpo,Cody Gakpo,Forward,LIV,7.5,84,0,0,1,0,0,0,0,0,2
2367684,Díaz,Luis Díaz,Midfielder,LIV,8.0,65,0,0,1,0,0,0,0,0,3
2367684,Szoboszlai,Dominik Szoboszlai,Midfielder,LIV,6.5,90,1,0,1,0,0,0,0,1,9
2367684,Gravenberch,Ryan Gravenberch,Midfielder,LIV,5.5,12,0,0,0,0,0,0,0,0,1
2367684,Elliott,Harvey Elliott,Midfielder,LIV,5.5,31,0,0,0,0,0,0,0,0,1
2367684,Núñez,Darwin Núñez,Forward,LIV,6.5,31,0,1,0,0,0,1,0,0,3
2367684,Fleck,John Fleck,Midfielder,SHU,4.9,24,0,0,0,1,0,0,0,0,1
2367684,Norwood,Oliver Norwood,Midfielder,SHU,4.8,12,0,0,0,1,0,1,0,0,0
2367684,Foderingham,Wes Foderingham,Goalkeeper,SHU,4.0,90,0,0,0,2,0,0,0,0,3
2367684,Robinson (Jack),Jack Robinson,Defender,SHU,4.3,90,0,0,0,2,0,0,0,0,1
2367684,Lowe (Max),Max Lowe,Defender,SHU,4.3,10,0,0,0,1,0,0,0,0,1
2367684,Hamer,Gustavo Hamer,Midfielder,SHU,4.9,90,0,0,0,2,0,0,0,0,2
2367684,Trusty,Auston Trusty,Defender,SHU,3.9,86,0,0,0,1,0,0,0,0,2
2367684,Bogle,Jayden Bogle,Defender,SHU,4.5,90,0,0,0,2,0,1,0,0,0
2367684,Ahmedhodzic,Anel Ahmedhodzic,Defender,SHU,4.3,90,0,0,0,2,0,0,0,0,1
2367684,Vinicius Souza,Vinicius de Souza Costa,Midfielder,SHU,5.0,83,0,0,0,1,0,0,0,0,2
2367684,Mcatee,James Mcatee,Midfielder,SHU,5.5,90,0,0,0,2,0,0,0,0,2
2367684,Archer,Cameron Archer,Forward,SHU,4.8,90,0,0,0,2,0,0,0,0,2
2367684,Traoré (Bénie),Bénie Traoré,Forward,SHU,5.1,24,0,0,0,1,0,0,0,0,1
2367684,Osula,William Osula,Forward,SHU,5.5,72,0,0,0,1,0,0,0,0,2
2367684,Brooks (Andre),Andre Brooks,Midfielder,SHU,4.4,72,0,0,0,1,0,0,0,0,2
2367685,Son,Heung-Min Son,Midfielder,TOT,8.5,86,0,0,0,2,0,0,0,0,2
2367685,Davies (Ben),Ben Davies,Defender,TOT,4.5,90,0,0,0,2,0,0,0,0,1
2367685,Højbjerg,Pierre-Emile Højbjerg,Midfielder,TOT,5.0,66,0,0,0,1,0,0,0,0,2
2367685,Vicario,Guglielmo Vicario,Goalkeeper,TOT,5.0,90,0,0,0,2,0,0,0,0,2
2367685,Lo Celso,Giovani Lo Celso,Midfielder,TOT,4.9,67,0,0,0,1,0,0,0,0,2
2367685,Skipp,Oliver Skipp,Midfielder,TOT,4.7,28,0,0,0,1,0,0,0,0,1
2367685,Richarlison,Richarlison de Andrade,Midfielder,TOT,6.5,29,0,0,0,1,0,0,0,0,1
2367685,Romero,Cristian Romero,Defender,TOT,5.0,90,1,0,0,2,0,1,0,3,9
2367685,Bissouma,Yves Bissouma,Midfielder,TOT,5.5,82,0,0,0,2,0,0,0,0,2
2367685,Johnson (Brennan),Brennan Johnson,Midfielder,TOT,7.0,82,0,0,0,2,0,0,0,0,2
2367685,Gil,Bryan Gil,Midfielder,TOT,5.0,13,0,0,0,0,0,0,0,0,1
2367685,Porro,Pedro Porro,Defender,TOT,5.5,90,0,1,0,2,0,1,0,2,5
2367685,Kulusevski,Dejan Kulusevski,Midfielder,TOT,6.5,90,0,0,0,2,0,1,0,0,1
2367685,Sarr (Pape),Pape Sarr,Midfielder,TOT,5.0,12,0,0,0,0,0,0,0,0,1
2367685,Destiny Udogie,Iyenoma Destiny Udogie,Defender,TOT,4.5,90,0,0,0,2,0,0,0,0,1
2367685,Véliz,Alejo Véliz,Forward,TOT,5.0,9,0,0,0,0,0,0,0,0,1
2367685,Fabianski,Lukasz Fabianski,Goalkeeper,WHU,3.9,90,0,0,0,1,0,0,0,0,3
2367685,Ward-Prowse,James Ward-Prowse,Midfielder,WHU,6.0,90,1,0,0,1,0,1,0,2,8
2367685,Zouma,Kurt Zouma,Defender,WHU,4.4,90,0,0,0,1,0,0,0,0,2
2367685,Emerson,Emerson Palmieri dos Santos,Defender,WHU,4.5,90,0,0,0,1,0,1,0,0,1
2367685,Coufal,Vladimir Coufal,Defender,WHU,4.1,90,0,0,0,1,0,0,0,0,2
2367685,Bowen,Jarrod Bowen,Midfielder,WHU,8.0,90,1,0,0,1,0,0,0,0,7
2367685,Aguerd,Nayef Aguerd,Defender,WHU,4.5,90,0,0,0,1,0,0,0,0,2
2367685,Álvarez (Edson),Edson Álvarez,Midfielder,WHU,5.0,90,0,0,0,1,0,1,0,0,1
2367685,Soucek,Tomas Soucek,Midfielder,WHU,6.0,90,0,0,0,1,0,0,0,0,2
2367685,Fornals,Pablo Fornals,Midfielder,WHU,4.6,8,0,0,0,0,0,0,0,0,1
2367685,Lucas Paquetá,Lucas Tolentino Coelho de Lima,Midfielder,WHU,6.0,90,0,0,0,1,0,0,0,0,2
2367685,Kudus,Mohammed Kudus,Midfielder,WHU,6.5,87,0,0,0,1,0,0,0,0,2
2367686,Rodriguez,Jay Rodriguez,Forward,BUR,5.3,90,0,0,0,1,0,0,0,0,2
2367686,Gudmundsson,Johann Berg Gudmundsson,Midfielder,BUR,4.8,59,0,0,0,1,0,0,0,0,1
2367686,Redmond,Nathan Redmond,Midfielder,BUR,4.7,4,0,0,0,0,0,0,0,0,1
2367686,Taylor (Charlie),Charlie Taylor,Defender,BUR,3.9,90,0,0,0,1,0,1,0,0,1
2367686,Brownhill,Josh Brownhill,Midfielder,BUR,4.7,90,0,0,0,1,0,1,0,0,1
2367686,Bruun Larsen,Jacob Bruun Larsen,Midfielder,BUR,5.5,70,0,0,0,1,0,0,0,0,2
2367686,Berge,Sander Berge,Midfielder,BUR,5.0,90,0,0,0,1,0,1,0,0,1
2367686,O'Shea,Dara O'Shea,Defender,BUR,3.8,90,0,0,0,1,0,0,0,0,2
2367686,Trafford,James Trafford,Goalkeeper,BUR,5.0,90,0,0,0,1,0,0,0,0,3
2367686,Trésor,Mike Trésor,Midfielder,BUR,4.5,23,0,0,0,0,0,0,0,0,1
2367686,Vitinho,Victor Alexander da Silva,Defender,BUR,4.4,89,0,0,0,1,0,0,0,0,2
2367686,Ekdal,Hjalmar Ekdal,Defender,BUR,4.0,89,0,0,0,1,0,1,0,0,1
2367686,Koleosho,Luca Koleosho,Midfielder,BUR,5.0,34,0,0,0,0,0,0,0,0,1
2367686,Amdouni,Zeki Amdouni,Forward,BUR,5.0,90,0,0,0,1,0,0,0,0,2
2367686,Odobert,Wilson Odobert,Midfielder,BUR,5.5,4,0,0,0,0,0,0,0,0,1
2367686,Dawson,Craig Dawson,Defender,WOL,4.2,90,0,0,1,0,0,0,0,2,8
2367686,Bentley,Daniel Bentley,Goalkeeper,WOL,4.0,90,0,0,1,0,0,0,0,0,7
2367686,Doherty,Matt Doherty,Defender,WOL,4.5,5,0,0,0,0,0,0,0,0,1
2367686,Sarabia,Pablo Sarabia,Midfielder,WOL,5.0,78,0,0,1,0,0,0,0,0,3
2367686,Lemina (Mario),Mario Lemina,Midfielder,WOL,4.8,90,0,0,1,0,0,1,0,0,2
2367686,Hwang Hee-Chan,Hee-Chan Hwang,Midfielder,WOL,6.0,90,1,0,1,0,0,0,0,2,10
2367686,Semedo,Nelson Semedo,Defender,WOL,4.5,90,0,0,1,0,0,0,0,0,6
2367686,Kilman,Max Kilman,Defender,WOL,4.5,90,0,0,1,0,0,1,0,0,5
2367686,Bellegarde,Jean-Ricner Bellegarde,Midfielder,WOL,5.5,15,0,0,0,0,0,0,0,0,1
2367686,Matheus Cunha,Matheus Santos Carneiro Da Cunha,Forward,WOL,8.0,87,0,1,1,0,0,0,0,0,5
2367686,João Gomes,João Victor Gomes da Silva,Midfielder,WOL,5.5,90,0,0,1,0,0,0,0,0,3
2367686,Traoré (Boubacar),Boubacar Traoré,Midfielder,WOL,5.0,7,0,0,0,0,0,0,0,0,1
2367686,Bueno (Hugo),Hugo Bueno,Defender,WOL,4.5,89,0,0,1,0,0,0,0,0,6
2367686,Toti,Toti António Gomes,Defender,WOL,4.5,90,0,0,1,0,0,0,0,3,9
2367687,Thiago Silva,Thiago Emiliano da Silva,Defender,CHE,5.0,90,0,0,0,2,0,0,0,0,1
2367687,Sterling (Raheem),Raheem Sterling,Midfielder,CHE,6.7,90,0,0,0,2,0,0,0,0,2
2367687,Cucurella,Marc Cucurella,Defender,CHE,6.0,45,0,0,0,1,0,0,0,0,1
2367687,Sanchez,Robert Sanchez,Goalkeeper,CHE,5.0,90,0,0,0,2,0,0,0,3,11
2367687,Disasi,Axel Disasi,Defender,CHE,4.2,90,0,0,0,2,0,0,0,0,1
2367687,James,Reece James,Defender,CHE,5.5,45,0,0,0,1,0,0,0,0,1
2367687,Palmer,Cole Palmer,Midfielder,CHE,10.5,90,1,0,0,2,0,0,0,1,8
2367687,Broja,Armando Broja,Forward,CHE,5.3,19,0,0,0,0,0,0,0,0,1
2367687,Fernández (Enzo),Enzo Fernández,Midfielder,CHE,6.5,90,0,0,0,2,0,0,0,0,2
2367687,Colwill,Levi Colwill,Defender,CHE,5.0,90,0,0,0,2,0,0,0,0,1
2367687,Mudryk,Mykhailo Mudryk,Midfielder,CHE,5.0,76,0,1,0,2,0,0,0,0,5
2367687,Moises Caicedo,Moises Caicedo,Midfielder,CHE,5.5,90,0,0,0,2,0,0,0,0,2
2367687,Jackson (Nicolas),Nicolas Jackson,Forward,CHE,6.5,90,0,0,0,2,0,0,0,0,2
2367687,Evans,Jonny Evans,Defender,MUN,4.4,3,0,0,0,0,0,0,0,0,1
2367687,Maguire,Harry Maguire,Defender,MUN,4.5,90,0,1,0,1,0,0,0,0,5
2367687,Shaw,Luke Shaw,Defender,MUN,4.5,90,0,0,0,1,0,1,0,0,1
2367687,Bruno Fernandes,Bruno Miguel Borges Fernandes,Midfielder,MUN,9.0,90,0,0,0,1,0,0,0,0,0
2367687,Amrabat,Sofyan Amrabat,Midfielder,MUN,5.0,90,0,0,0,1,0,0,0,0,2
2367687,Rashford,Marcus Rashford,Midfielder,MUN,7.0,11,0,0,0,0,0,0,0,0,1
2367687,Lindelof,Victor Nilsson-Lindelof,Defender,MUN,4.3,45,0,0,0,1,0,0,0,0,1
2367687,McTominay,Scott McTominay,Midfielder,MUN,4.9,90,2,0,0,1,0,0,0,2,14
2367687,Reguilón,Sergio Reguilón,Defender,MUN,4.1,45,0,0,0,0,0,1,0,0,0
2367687,Onana,André Onana,Goalkeeper,MUN,5.0,90,0,0,0,1,0,0,0,0,2
2367687,Dalot,José Diogo Dalot Teixeira,Defender,MUN,4.5,90,0,0,0,1,0,1,0,0,1
2367687,Antony,Antony Matheus dos Santos,Midfielder,MUN,6.0,90,0,0,0,1,0,0,0,0,2
2367687,Garnacho,Alejandro Garnacho Ferreyra,Midfielder,MUN,6.5,90,0,1,0,1,0,1,0,0,4
2367687,Højlund,Rasmus Højlund,Forward,MUN,6.5,83,0,0,0,1,0,0,0,0,2
2367688,Trossard,Leandro Trossard,Midfielder,ARS,7.0,28,0,0,0,0,0,0,0,0,1
2367688,Raya Martin,David Raya Martin,Goalkeeper,ARS,5.5,90,0,0,0,1,0,0,0,0,2
2367688,Odegaard,Martin Odegaard,Midfielder,ARS,8.0,90,0,0,0,1,0,0,0,0,2
2367688,White (Ben),Ben White,Defender,ARS,5.5,90,0,0,0,1,0,0,0,0,2
2367688,Nelson (Reiss),Reiss Nelson,Midfielder,ARS,5.0,6,0,0,0,0,0,0,0,0,1
2367688,Rice,Declan Rice,Midfielder,ARS,6.5,90,0,0,0,1,0,1,0,0,1
2367688,Eddie Nketiah,Edward Nketiah,Forward,ARS,5.5,16,0,0,0,0,0,0,0,0,1
2367688,Jesus,Gabriel Fernando de Jesus,Forward,ARS,6.5,80,0,0,0,1,0,0,0,0,2
2367688,Zinchenko,Oleksandr Zinchenko,Defender,ARS,5.0,90,0,0,0,1,0,1,0,0,1
2367688,Havertz,Kai Havertz,Midfielder,ARS,7.5,90,0,0,0,1,0,0,0,0,2
2367688,Saka,Bukayo Saka,Midfielder,ARS,10.0,90,0,0,0,1,0,0,0,0,2
2367688,Gabriel Magalhães,Gabriel dos Santos Magalhães,Defender,ARS,6.0,90,0,0,0,1,0,0,0,0,2
2367688,Martinelli,Gabriel Teodoro Martinelli Silva,Midfielder,ARS,7.0,69,0,0,0,1,0,0,0,0,2
2367688,Saliba,William Saliba,Defender,ARS,6.0,90,0,0,0,1,0,0,0,0,2
2367688,Martinez,Emiliano Martinez,Goalkeeper,AVL,5.0,90,0,0,1,0,0,0,0,3,10
2367688,Digne,Lucas Digne,Defender,AVL,4.5,77,0,0,1,0,0,1,0,0,5
2367688,Álex Moreno,Alexandre Moreno Lopera,Defender,AVL,4.0,20,0,0,0,0,0,0,0,0,1
2367688,McGinn,John McGinn,Midfielder,AVL,5.5,90,1,0,1,0,0,1,0,2,9
2367688,Dendoncker,Leander Dendoncker,Midfielder,AVL,4.5,31,0,0,0,0,0,0,0,0,1
2367688,Diego Carlos,Diego Carlos Santos Silva,Defender,AVL,4.5,90,0,0,1,0,0,1,0,1,6
2367688,Tielemans,Youri Tielemans,Midfielder,AVL,6.0,56,0,0,0,0,0,0,0,0,1
2367688,Watkins,Ollie Watkins,Forward,AVL,9.0,90,0,0,1,0,0,0,0,0,2
2367688,Cash,Matthew Cash,Defender,AVL,4.5,31,0,0,0,0,0,0,0,0,1
2367688,Konsa Ngoyo,Ezri Konsa Ngoyo,Defender,AVL,4.5,66,0,0,1,0,0,0,0,0,6
2367688,Bailey,Leon Bailey,Midfielder,AVL,5.5,45,0,1,0,0,0,0,0,0,4
2367688,Kamara,Boubacar Kamara,Midfielder,AVL,5.0,66,0,0,1,0,0,0,0,0,3
2367688,Douglas Luiz,Douglas Luiz Soares de Paulo,Midfielder,AVL,5.4,90,0,0,1,0,0,1,0,0,2
2367688,Ramsey (Jacob),Jacob Ramsey,Midfielder,AVL,5.5,41,0,0,0,0,0,0,0,0,1
2367688,Diaby,Moussa Diaby,Midfielder,AVL,6.5,45,0,0,0,0,0,0,0,0,1
2367688,Torres,Pau Torres,Defender,AVL,4.5,90,0,0,1,0,0,0,0,0,6
2367689,Milner,James Milner,Midfielder,BHA,5.0,58,0,0,0,1,0,0,0,0,1
2367689,Lallana,Adam Lallana,Midfielder,BHA,5.0,45,0,0,0,1,0,0,0,0,1
2367689,Groß,Pascal Groß,Midfielder,BHA,6.5,90,0,1,0,1,0,0,0,2,7
2367689,Dunk,Lewis Dunk,Defender,BHA,4.5,83,0,0,0,1,0,0,0,0,2
2367689,Dahoud,Mahmoud Dahoud,Midfielder,BHA,4.9,45,0,0,0,1,0,0,0,0,1
2367689,Igor Julio,Igor Julio dos Santos de Paulo,Defender,BHA,4.5,39,0,0,0,0,0,0,0,0,1
2367689,Gilmour,Billy Gilmour,Midfielder,BHA,5.0,45,0,0,0,0,0,0,0,0,1
2367689,Mitoma,Kaoru Mitoma,Midfielder,BHA,6.5,45,0,0,0,0,0,0,0,0,1
2367689,van Hecke,Jan-Paul van Hecke,Defender,BHA,4.5,90,0,0,0,1,0,0,0,0,2
2367689,João Pedro,João Pedro Junqueira de Jesus,Forward,BHA,7.5,90,0,0,0,1,0,0,0,0,2
2367689,Ferguson (Evan),Evan Ferguson,Forward,BHA,5.5,90,0,0,0,1,0,0,0,0,2
2367689,Verbruggen,Bart Verbruggen,Goalkeeper,BHA,4.5,90,0,0,0,1,0,0,0,0,2
2367689,Hinshelwood,Jack Hinshelwood,Midfielder,BHA,5.5,39,0,0,0,0,0,0,0,0,1
2367689,Baleba,Carlos Baleba,Midfielder,BHA,5.0,58,0,0,0,1,0,0,0,0,1
2367689,Adingra,Simon Adingra,Midfielder,BHA,5.5,90,1,0,0,1,0,0,0,3,10
2367689,Buonanotte,Facundo Buonanotte,Midfielder,BHA,5.0,14,0,0,0,0,0,0,0,0,1
2367689,Rodriguez,Jay Rodriguez,Forward,BUR,5.3,76,0,1,0,1,0,0,0,0,5
2367689,Gudmundsson,Johann Berg Gudmundsson,Midfielder,BUR,4.8,58,0,0,0,0,0,0,0,0,1
2367689,Redmond,Nathan Redmond,Midfielder,BUR,4.7,21,0,0,0,0,0,1,0,0,0
2367689,Taylor (Charlie),Charlie Taylor,Defender,BUR,3.9,90,0,0,0,1,0,1,0,0,1
2367689,Brownhill,Josh Brownhill,Midfielder,BUR,4.7,90,0,0,0,1,0,0,0,0,2
2367689,Roberts (Connor),Connor Roberts,Defender,BUR,4.5,20,0,0,0,0,0,0,0,0,1
2367689,Berge,Sander Berge,Midfielder,BUR,5.0,90,0,0,0,1,0,0,0,0,2
2367689,O'Shea,Dara O'Shea,Defender,BUR,3.8,90,0,0,0,1,0,1,0,0,1
2367689,Beyer,Jordan Beyer,Defender,BUR,4.0,90,0,0,0,1,0,0,0,0,2
2367689,Trafford,James Trafford,Goalkeeper,BUR,5.0,90,0,0,0,1,0,0,0,2,7
2367689,Trésor,Mike Trésor,Midfielder,BUR,4.5,21,0,0,0,0,0,0,0,0,1
2367689,Vitinho,Victor Alexander da Silva,Defender,BUR,4.4,90,0,0,0,1,0,0,0,0,2
2367689,Ramsey (Aaron),Aaron Ramsey,Midfielder,BUR,4.5,19,0,0,0,1,0,0,0,0,1
2367689,Ekdal,Hjalmar Ekdal,Defender,BUR,4.0,17,0,0,0,0,0,0,0,0,1
2367689,Amdouni,Zeki Amdouni,Forward,BUR,5.0,80,0,0,0,1,0,0,0,0,2
2367689,Odobert,Wilson Odobert,Midfielder,BUR,5.5,76,1,0,0,1,0,1,0,0,6
2367690,Ward,Joel Ward,Defender,CRY,4.3,90,0,0,0,2,0,1,0,0,0
2367690,Clyne,Nathaniel Clyne,Defender,CRY,4.0,90,0,0,0,2,0,0,0,0,1
2367690,Ayew (Jordan),Jordan Ayew,Midfielder,CRY,5.1,72,0,0,1,0,0,0,1,0,0
2367690,Schlupp,Jeffrey Schlupp,Midfielder,CRY,4.6,80,0,0,0,1,0,0,0,0,2
2367690,Johnstone,Sam Johnstone,Goalkeeper,CRY,4.5,81,0,0,0,1,0,0,0,0,2
2367690,Hughes,Will Hughes,Midfielder,CRY,5.0,89,0,0,0,2,0,0,0,0,2
2367690,Lerma,Jefferson Lerma,Midfielder,CRY,5.0,65,0,0,1,0,0,1,0,0,2
2367690,Matthews,Remi Matthews,Goalkeeper,CRY,4.0,16,0,0,0,1,0,0,0,0,1
2367690,Andersen (Joachim),Joachim Andersen,Defender,CRY,4.5,90,0,0,0,2,0,1,0,0,0
2367690,Edouard,Odsonne Edouard,Forward,CRY,5.0,45,0,0,0,0,0,0,0,0,1
2367690,Marc Guehi,Addji Keaninkin Marc-Israel Guehi,Defender,CRY,4.5,90,0,0,0,2,0,0,0,0,1
2367690,Mateta,Jean-Philippe Mateta,Forward,CRY,7.5,45,1,0,0,2,0,0,0,2,7
2367690,Richards (Chris),Chris Richards,Defender,CRY,4.5,90,0,0,0,2,0,1,0,0,0
2367690,Olise,Michael Olise,Midfielder,CRY,5.7,32,0,0,0,2,0,0,0,0,1
2367690,Ahamada,Naouirou Ahamada,Midfielder,CRY,4.5,19,0,0,0,1,0,1,0,0,0
2367690,Ozoh,David Ozoh,Midfielder,CRY,4.5,8,0,0,0,0,0,0,0,0,1
2367690,van Dijk,Virgil van Dijk,Defender,LIV,6.0,90,0,0,0,1,0,0,0,0,2
2367690,Alisson,Alisson Ramses Becker,Goalkeeper,LIV,5.5,90,0,0,0,1,0,0,0,0,3
2367690,Salah,Mohamed Salah,Midfielder,LIV,14.5,90,1,1,0,1,0,0,0,3,13
2367690,Endo,Wataru Endo,Midfielder,LIV,5.0,45,0,0,0,0,0,0,0,0,1
2367690,Alexander-Arnold,Trent Alexander-Arnold,Defender,LIV,7.2,90,0,0,0,1,0,0,0,2,4
2367690,Gomez,Joseph Gomez,Defender,LIV,5.0,45,0,0,0,1,0,1,0,0,0
2367690,Konaté,Ibrahima Konaté,Defender,LIV,5.5,41,0,0,0,1,0,0,0,0,1
2367690,Jones (Curtis),Curtis Jones,Midfielder,LIV,5.5,26,0,1,0,0,0,0,0,0,4
2367690,Tsimikas,Konstantinos Tsimikas,Defender,LIV,5.0,90,0,0,0,1,0,0,0,0,2
2367690,Gakpo,Cody Gakpo,Forward,LIV,7.5,41,0,0,0,1,0,0,0,0,1
2367690,Díaz,Luis Díaz,Midfielder,LIV,8.0,90,0,0,0,1,0,1,0,0,1
2367690,Szoboszlai,Dominik Szoboszlai,Midfielder,LIV,6.5,71,0,0,0,1,0,0,0,0,2
2367690,Gravenberch,Ryan Gravenberch,Midfielder,LIV,5.5,56,0,0,0,0,0,0,0,0,1
2367690,Quansah,Jarell Quansah,Defender,LIV,3.9,56,0,0,0,0,0,0,0,0,1
2367690,Elliott,Harvey Elliott,Midfielder,LIV,5.5,26,1,0,0,0,0,0,0,0,6
2367690,Núñez,Darwin Núñez,Forward,LIV,6.5,71,0,0,0,1,0,0,0,0,2
2367691,Sterling (Raheem),Raheem Sterling,Midfielder,CHE,6.7,32,0,0,0,1,0,0,0,0,1
2367691,Cucurella,Marc Cucurella,Defender,CHE,6.0,82,0,0,0,1,0,0,0,0,2
2367691,Sanchez,Robert Sanchez,Goalkeeper,CHE,5.0,82,0,0,0,1,0,0,0,0,3
2367691,Disasi,Axel Disasi,Defender,CHE,4.2,90,0,0,0,2,0,0,0,0,1
2367691,James,Reece James,Defender,CHE,5.5,27,0,0,0,0,0,0,0,0,1
2367691,Gallagher,Conor Gallagher,Midfielder,CHE,5.9,90,0,0,0,2,0,0,0,0,2
2367691,Badiashile,Benoît Badiashile,Defender,CHE,4.5,90,0,0,0,2,0,0,0,0,1
2367691,Palmer,Cole Palmer,Midfielder,CHE,10.5,90,0,0,0,2,0,1,0,0,1
2367691,Broja,Armando Broja,Forward,CHE,5.3,64,0,0,0,1,0,0,0,0,2
2367691,Maatsen,Ian Maatsen,Midfielder,CHE,4.5,14,0,0,0,1,0,0,0,0,1
2367691,Fernández (Enzo),Enzo Fernández,Midfielder,CHE,6.5,64,0,0,0,1,0,0,0,0,2
2367691,Petrovic,Dorde Petrovic,Goalkeeper,CHE,4.5,14,0,0,0,1,0,0,0,0,1
2367691,Colwill,Levi Colwill,Defender,CHE,5.0,66,0,0,0,2,0,0,0,0,1
2367691,Mudryk,Mykhailo Mudryk,Midfielder,CHE,5.0,90,0,0,0,2,0,1,0,0,1
2367691,Moises Caicedo,Moises Caicedo,Midfielder,CHE,5.5,90,0,0,0,2,0,0,0,0,2
2367691,Jackson (Nicolas),Nicolas Jackson,Forward,CHE,6.5,32,0,0,0,1,0,0,0,0,1
2367691,Tarkowski,James Tarkowski,Defender,EVE,5.5,90,0,0,1,0,0,0,0,0,6
2367691,Young (Ashley),Ashley Young,Defender,EVE,4.2,39,0,0,0,0,0,0,0,0,1
2367691,Gueye,Idrissa Gueye,Midfielder,EVE,5.5,45,0,0,0,0,0,1,0,0,0
2367691,Pickford,Jordan Pickford,Goalkeeper,EVE,5.5,90,0,0,1,0,0,0,0,3,10
2367691,Doucouré,Abdoulaye Doucouré,Midfielder,EVE,5.1,90,1,0,1,0,0,0,0,2,10
2367691,Calvert-Lewin,Dominic Calvert-Lewin,Forward,EVE,5.4,65,0,1,1,0,0,0,0,0,5
2367691,Harrison (Jack),Jack Harrison,Midfielder,EVE,5.5,84,0,0,1,0,0,0,0,0,3
2367691,Mykolenko,Vitaliy Mykolenko,Defender,EVE,5.0,90,0,0,1,0,0,0,0,1,7
2367691,Garner,James Garner,Midfielder,EVE,5.0,90,0,0,1,0,0,0,0,0,3
2367691,Patterson (Nathan),Nathan Patterson,Defender,EVE,4.5,54,0,0,0,0,0,0,0,0,1
2367691,McNeil,Dwight McNeil,Midfielder,EVE,6.0,90,0,0,1,0,0,0,0,0,3
2367691,Mvom Onana,Amadou Mvom Onana,Midfielder,EVE,5.0,45,0,0,0,0,0,0,0,0,1
2367691,Dobbin,Lewis Dobbin,Midfielder,EVE,5.0,12,1,0,0,0,0,0,0,0,6
2367691,Branthwaite,Jarrad Branthwaite,Defender,EVE,5.5,90,0,0,1,0,0,1,0,0,5
2367691,Beto,Norberto Bercique Gomes Betuncal,Forward,EVE,5.5,31,0,0,0,0,0,0,0,0,1
2367692,Willian,Willian Borges Da Silva,Midfielder,FUL,5.0,45,1,0,0,0,0,0,0,0,6
2367692,Cairney,Tom Cairney,Midfielder,FUL,5.0,90,0,1,1,0,0,0,0,0,6
2367692,Leno,Bernd Leno,Goalkeeper,FUL,5.0,90,0,0,1,0,0,0,0,2,9
2367692,DeCordova-Reid,Bobby DeCordova-Reid,Midfielder,FUL,5.2,16,0,0,0,0,0,0,0,0,1
2367692,Raúl Jiménez,Raul Alonso Jimenez Rodriguez,Forward,FUL,6.5,72,1,0,1,0,0,0,0,3,9
2367692,Tosin,Oluwatosin Adarabioyo,Defender,FUL,4.5,90,1,0,1,0,0,0,0,2,14
2367692,Iwobi,Alex Iwobi,Midfielder,FUL,6.5,79,0,1,1,0,0,0,0,0,6
2367692,Reed,Harrison Reed,Midfielder,FUL,4.5,16,0,0,0,0,0,0,0,0,1
2367692,Wilson (Harry),Harry Wilson,Midfielder,FUL,5.5,45,1,1,0,0,0,0,0,0,9
2367692,João Palhinha,João Maria Lobo Alves Palhinha Gonçalves,Midfielder,FUL,5.9,79,0,1,1,0,0,1,0,0,5
2367692,Pereira (Andreas),Andreas Pereira,Midfielder,FUL,5.5,90,0,1,1,0,0,0,0,0,6
2367692,Castagne,Timothy Castagne,Defender,FUL,4.5,90,0,0,1,0,0,0,0,0,6
2367692,Robinson (Antonee),Antonee Robinson,Defender,FUL,5.0,72,0,0,1,0,0,0,0,0,6
2367692,Ballo-Toure,Fode Ballo-Toure,Defender,FUL,4.5,23,0,0,0,0,0,1,0,0,0
2367692,Bassey,Calvin Bassey,Defender,FUL,4.5,90,0,0,1,0,0,0,0,0,6
2367692,Carlos Vinicius,Carlos Vinicius Alves Morais,Forward,FUL,5.0,23,1,0,0,0,0,0,0,0,5
2367692,Fabianski,Lukasz Fabianski,Goalkeeper,WHU,3.9,90,0,0,0,5,0,0,0,0,1
2367692,Ogbonna,Angelo Ogbonna,Defender,WHU,4.2,31,0,0,0,1,0,0,0,0,1
2367692,Cresswell,Aaron Cresswell,Defender,WHU,3.9,45,0,0,0,3,0,1,0,0,0
2367692,Ward-Prowse,James Ward-Prowse,Midfielder,WHU,6.0,90,0,0,0,5,0,0,0,0,2
2367692,Zouma,Kurt Zouma,Defender,WHU,4.4,64,0,0,0,4,0,0,0,0,0
2367692,Emerson,Emerson Palmieri dos Santos,Defender,WHU,4.5,45,0,0,0,2,0,0,0,0,0
2367692,Coufal,Vladimir Coufal,Defender,WHU,4.1,90,0,0,0,5,0,0,0,0,0
2367692,Benrahma,Said Benrahma,Midfielder,WHU,5.6,31,0,0,0,1,0,0,0,0,1
2367692,Bowen,Jarrod Bowen,Midfielder,WHU,8.0,90,0,0,0,5,0,0,0,0,2
2367692,Aguerd,Nayef Aguerd,Defender,WHU,4.5,90,0,0,0,5,0,0,0,0,0
2367692,Soucek,Tomas Soucek,Midfielder,WHU,6.0,90,0,0,0,5,0,0,0,0,2
2367692,Fornals,Pablo Fornals,Midfielder,WHU,4.6,45,0,0,0,3,0,0,0,0,1
2367692,Lucas Paquetá,Lucas Tolentino Coelho de Lima,Midfielder,WHU,6.0,64,0,0,0,4,0,0,0,0,2
2367692,Mavropanos,Konstantinos Mavropanos,Defender,WHU,4.5,45,0,0,0,2,0,0,0,0,0
2367692,Kudus,Mohammed Kudus,Midfielder,WHU,6.5,64,0,0,0,4,0,0,0,0,2
2367692,Mubama,Divin Mubama,Forward,WHU,4.5,31,0,0,0,1,0,0,0,0,1
2367693,Kaminski,Thomas Kaminski,Goalkeeper,LUT,4.0,90,0,0,0,2,0,0,0,0,2
2367693,Townsend,Andros Townsend,Midfielder,LUT,5.0,69,0,1,0,2,0,0,0,0,5
2367693,Barkley,Ross Barkley,Midfielder,LUT,5.0,90,0,0,0,2,0,0,0,0,2
2367693,Clark (Jordan),Jordan Clark,Midfielder,LUT,4.8,8,0,0,0,0,0,0,0,0,1
2367693,Lockyer,Tom Lockyer,Defender,LUT,4.2,87,0,0,0,2,0,0,0,0,1
2367693,Morris,Carlton Morris,Forward,LUT,4.7,26,0,0,0,0,0,0,0,0,1
2367693,Bell,Amarii Bell,Defender,LUT,3.8,90,0,0,0,2,0,0,0,0,1
2367693,Adebayo,Elijah Adebayo,Forward,LUT,4.8,90,1,0,0,2,0,0,0,1,7
2367693,Nakamba,Marvelous Nakamba,Midfielder,LUT,4.3,69,0,0,0,2,0,1,0,0,1
2367693,Chong,Tahith Chong,Midfielder,LUT,4.4,13,0,0,0,0,0,0,0,0,1
2367693,Giles,Ryan John Giles,Defender,LUT,4.2,81,0,0,0,2,0,0,0,0,1
2367693,Brown,Jacob Brown,Forward,LUT,4.9,90,0,0,0,2,0,0,0,0,2
2367693,Doughty,Alfie Doughty,Defender,LUT,4.3,90,0,0,0,2,0,1,0,0,0
2367693,Mengi,Teden Mengi,Defender,LUT,3.9,90,0,0,0,2,0,0,0,0,1
2367693,Sambi Lokonga,Albert Sambi Lokonga,Midfielder,LUT,4.5,25,0,0,0,0,0,0,0,0,1
2367693,Walker,Kyle Walker,Defender,MCI,4.5,90,0,0,0,1,0,0,0,0,2
2367693,Kovacic,Mateo Kovacic,Midfielder,MCI,6.0,80,0,0,0,1,0,0,0,0,2
2367693,Stones,John Stones,Defender,MCI,5.5,29,0,0,0,0,0,0,0,0,1
2367693,Grealish,Jack Grealish,Midfielder,MCI,6.5,90,1,0,0,1,0,0,0,3,10
2367693,Ederson,Ederson Santana de Moraes,Goalkeeper,MCI,5.5,90,0,0,0,1,0,0,0,0,2
2367693,Aké,Nathan Aké,Defender,MCI,5.5,90,0,0,0,1,0,0,0,0,2
2367693,Bernardo Silva,Bernardo Mota Veiga de Carvalho e Silva,Midfielder,MCI,6.5,90,1,0,0,1,0,0,0,2,9
2367693,Rúben Dias,Rúben Santos Gato Alves Dias,Defender,MCI,5.5,90,0,0,0,1,0,0,0,0,2
2367693,Foden,Phil Foden,Midfielder,MCI,8.0,90,0,0,0,1,0,0,0,0,2
2367693,Akanji,Manuel Akanji,Defender,MCI,5.5,4,0,0,0,0,0,0,0,0,1
2367693,Rodri,Rodrigo Hernández Cascante,Midfielder,MCI,6.5,90,0,0,0,1,0,1,0,0,1
2367693,Álvarez (Julián),Julián Álvarez,Forward,MCI,7.0,90,0,1,0,1,0,0,0,0,5
2367693,Matheus Nunes,Matheus Luiz Nunes,Midfielder,MCI,5.5,15,0,0,0,0,0,0,0,0,1
2367693,Gvardiol,Joško Gvardiol,Defender,MCI,6.0,66,0,0,0,1,0,0,0,0,2
2367694,Smith (Adam),Adam Smith,Defender,BOU,4.5,90,0,0,1,0,0,0,0,0,6
2367694,Neto,Norberto Murara Neto,Goalkeeper,BOU,4.5,90,0,0,1,0,0,0,0,0,7
2367694,Solanke,Dominic Solanke,Forward,BOU,7.5,90,1,0,1,0,0,0,0,1,7
2367694,Cook (Lewis),Lewis Cook,Midfielder,BOU,5.0,87,0,1,1,0,0,0,0,2,8
2367694,Rothwell,Joe Rothwell,Midfielder,BOU,4.8,8,0,0,0,0,0,0,0,0,1
2367694,Christie,Ryan Christie,Midfielder,BOU,5.0,90,0,0,1,0,0,0,0,0,3
2367694,Billing,Philip Billing,Midfielder,BOU,5.0,38,1,0,0,0,0,0,0,0,6
2367694,Tavernier,Marcus Tavernier,Midfielder,BOU,5.5,87,0,2,1,0,0,1,0,1,9
2367694,Senesi,Marcos Senesi,Defender,BOU,4.5,90,1,0,1,0,0,0,0,3,15
2367694,Kluivert,Justin Kluivert,Midfielder,BOU,7.0,71,0,0,1,0,0,0,0,0,3
2367694,Sinisterra,Luis Sinisterra,Midfielder,BOU,5.0,25,0,0,0,0,0,0,0,0,1
2367694,Semenyo,Antoine Semenyo,Forward,BOU,7.0,57,0,0,0,0,0,0,0,0,1
2367694,Zabarnyi,Illia Zabarnyi,Defender,BOU,5.0,90,0,0,1,0,0,0,0,0,6
2367694,Dango Ouattara,Dango Ouattara,Midfielder,BOU,6.0,8,0,0,0,0,0,0,0,0,1
2367694,Kerkez,Milos Kerkez,Defender,BOU,6.0,90,0,0,1,0,0,0,0,0,6
2367694,Evans,Jonny Evans,Defender,MUN,4.4,17,0,0,0,0,0,0,0,0,1
2367694,Maguire,Harry Maguire,Defender,MUN,4.5,90,0,0,0,3,0,0,0,0,1
2367694,Shaw,Luke Shaw,Defender,MUN,4.5,79,0,0,0,3,0,0,0,0,1
2367694,Bruno Fernandes,Bruno Miguel Borges Fernandes,Midfielder,MUN,9.0,90,0,0,0,3,0,1,0,0,1
2367694,Martial,Anthony Martial,Forward,MUN,6.4,55,0,0,0,1,0,0,0,0,1
2367694,Amrabat,Sofyan Amrabat,Midfielder,MUN,5.0,90,0,0,0,3,0,0,0,0,2
2367694,Rashford,Marcus Rashford,Midfielder,MUN,7.0,17,0,0,0,0,0,0,0,0,1
2367694,McTominay,Scott McTominay,Midfielder,MUN,4.9,90,0,0,0,3,0,0,0,0,2
2367694,Reguilón,Sergio Reguilón,Defender,MUN,4.1,90,0,0,0,3,0,1,0,0,0
2367694,Onana,André Onana,Goalkeeper,MUN,5.0,90,0,0,0,3,0,0,0,0,1
2367694,Dalot,José Diogo Dalot Teixeira,Defender,MUN,4.5,90,0,0,0,3,0,0,0,0,1
2367694,Antony,Antony Matheus dos Santos,Midfielder,MUN,6.0,79,0,0,0,3,0,0,0,0,2
2367694,Pellistri,Facundo Pellistri,Midfielder,MUN,5.0,17,0,0,0,0,0,0,0,0,1
2367694,Garnacho,Alejandro Garnacho Ferreyra,Midfielder,MUN,6.5,79,0,0,0,3,0,0,0,0,2
2367694,Højlund,Rasmus Højlund,Forward,MUN,6.5,40,0,0,0,2,0,1,0,0,0
2367695,Mee (Ben),Ben Mee,Defender,BRE,4.2,90,0,0,0,1,0,0,0,0,2
2367695,Maupay,Neal Maupay,Forward,BRE,4.9,90,0,0,0,1,0,0,0,0,2
2367695,Flekken,Mark Flekken,Goalkeeper,BRE,4.5,90,0,0,0,1,0,0,0,0,3
2367695,Norgaard,Christian Norgaard,Midfielder,BRE,5.5,90,0,0,0,1,0,0,0,0,2
2367695,Janelt,Vitaly Janelt,Midfielder,BRE,5.0,90,0,0,0,1,0,0,0,0,2
2367695,Ghoddos,Saman Ghoddos,Midfielder,BRE,4.5,90,0,0,0,1,0,0,0,0,2
2367695,Wissa,Yoane Wissa,Forward,BRE,7.5,90,0,0,0,1,0,0,0,0,2
2367695,Pinnock,Ethan Pinnock,Defender,BRE,4.5,90,0,0,0,1,0,0,0,0,2
2367695,Lewis-Potter,Keane Lewis-Potter,Midfielder,BRE,5.0,63,0,0,0,1,0,0,0,0,2
2367695,Onyeka,Frank Onyeka,Midfielder,BRE,5.0,45,0,0,0,1,0,1,0,0,0
2367695,Baptiste (Shandon),Shandon Baptiste,Midfielder,BRE,4.3,63,0,0,0,1,0,0,0,0,2
2367695,Damsgaard,Mikkel Damsgaard,Midfielder,BRE,6.0,30,0,0,0,0,0,0,0,0,1
2367695,Olakigbe,Michael Olakigbe,Midfielder,BRE,4.5,30,0,0,0,0,0,0,0,0,1
2367695,Yarmolyuk,Ehor Yarmolyuk,Midfielder,BRE,5.0,45,0,0,0,0,0,0,0,0,1
2367695,Foderingham,Wes Foderingham,Goalkeeper,SHU,4.0,90,0,0,1,0,0,1,0,3,9
2367695,Robinson (Jack),Jack Robinson,Defender,SHU,4.3,90,0,0,1,0,0,1,0,1,6
2367695,Lowe (Max),Max Lowe,Defender,SHU,4.3,23,0,0,0,0,0,0,0,0,1
2367695,Hamer,Gustavo Hamer,Midfielder,SHU,4.9,90,0,1,1,0,0,0,0,0,6
2367695,Trusty,Auston Trusty,Defender,SHU,3.9,90,0,0,1,0,0,1,0,0,5
2367695,Bogle,Jayden Bogle,Defender,SHU,4.5,90,0,0,1,0,0,1,0,0,5
2367695,Ahmedhodzic,Anel Ahmedhodzic,Defender,SHU,4.3,90,0,0,1,0,0,0,0,2,8
2367695,Vinicius Souza,Vinicius de Souza Costa,Midfielder,SHU,5.0,90,0,0,1,0,0,0,0,0,3
2367695,Mcatee,James Mcatee,Midfielder,SHU,5.5,79,1,0,1,0,0,0,0,0,8
2367695,Archer,Cameron Archer,Forward,SHU,4.8,90,0,0,1,0,0,0,0,0,2
2367695,Ben Slimane,Anis Ben Slimane,Midfielder,SHU,4.7,43,0,0,0,0,0,0,0,0,1
2367695,Osula,William Osula,Forward,SHU,5.5,51,0,0,0,0,0,1,0,0,0
2367695,Brooks (Andre),Andre Brooks,Midfielder,SHU,4.4,70,0,0,1,0,0,0,0,0,3
2367695,Peck,Sydie Peck,Midfielder,SHU,4.4,15,0,0,0,0,0,0,0,0,1
2367696,Ritchie,Matt Ritchie,Midfielder,NEW,4.3,22,0,0,0,1,0,0,0,0,1
2367696,Dubravka,Martin Dubravka,Goalkeeper,NEW,4.0,90,0,0,0,4,0,0,0,0,2
2367696,Wilson (Callum),Callum Wilson,Forward,NEW,6.9,31,0,1,0,1,0,0,0,0,4
2367696,Trippier,Kieran Trippier,Defender,NEW,5.0,86,0,0,0,4,0,1,0,0,0
2367696,Lascelles,Jamaal Lascelles,Defender,NEW,4.5,90,0,0,0,4,0,1,0,0,0
2367696,Krafth,Emil Krafth,Defender,NEW,4.5,9,0,0,0,0,0,0,0,0,1
2367696,Schär,Fabian Schär,Defender,NEW,5.5,90,0,0,0,4,0,0,0,0,0
2367696,Almirón,Miguel Almirón,Midfielder,NEW,5.4,64,0,0,0,3,0,0,0,0,2
2367696,Longstaff (Sean),Sean Longstaff,Midfielder,NEW,5.0,31,0,0,0,1,0,0,0,0,1
2367696,Joelinton,Joelinton Cássio Apolinário de Lira,Midfielder,NEW,6.0,90,1,0,0,4,0,1,0,0,6
2367696,Bruno Guimarães,Bruno Guimarães Rodriguez Moura,Midfielder,NEW,6.5,90,0,0,0,4,0,0,0,0,2
2367696,Isak,Alexander Isak,Forward,NEW,10.5,64,0,0,0,3,0,0,0,0,2
2367696,Gordon (Anthony),Anthony Gordon,Midfielder,NEW,7.5,73,0,0,0,3,0,0,0,0,2
2367696,Livramento,Valentino Livramento,Defender,NEW,5.0,73,0,0,0,3,0,0,0,0,1
2367696,Lewis Hall,Lewis Hall,Defender,NEW,5.5,22,0,0,0,1,0,0,0,0,1
2367696,Miley (Lewis),Lewis Miley,Midfielder,NEW,4.5,90,0,0,0,4,0,0,0,0,2
2367696,Son,Heung-Min Son,Midfielder,TOT,8.5,90,1,2,1,0,0,0,0,3,17
2367696,Davies (Ben),Ben Davies,Defender,TOT,4.5,90,0,0,0,1,0,0,0,0,2
2367696,Højbjerg,Pierre-Emile Højbjerg,Midfielder,TOT,5.0,22,0,0,0,1,0,0,0,0,1
2367696,Vicario,Guglielmo Vicario,Goalkeeper,TOT,5.0,90,0,0,0,1,0,0,0,0,2
2367696,Lo Celso,Giovani Lo Celso,Midfielder,TOT,4.9,22,0,0,0,1,0,0,0,0,1
2367696,Skipp,Oliver Skipp,Midfielder,TOT,4.7,10,0,0,0,1,0,0,0,0,1
2367696,Richarlison,Richarlison de Andrade,Midfielder,TOT,6.5,73,2,0,1,0,0,0,0,2,15
2367696,Romero,Cristian Romero,Defender,TOT,5.0,90,0,0,0,1,0,1,0,0,1
2367696,Bissouma,Yves Bissouma,Midfielder,TOT,5.5,85,0,0,1,0,0,0,0,0,3
2367696,Johnson (Brennan),Brennan Johnson,Midfielder,TOT,7.0,85,0,0,1,0,0,0,0,0,3
2367696,Gil,Bryan Gil,Midfielder,TOT,5.0,10,0,0,0,1,0,0,0,0,1
2367696,Porro,Pedro Porro,Defender,TOT,5.5,90,0,1,0,1,0,0,0,0,5
2367696,Kulusevski,Dejan Kulusevski,Midfielder,TOT,6.5,90,0,0,0,1,0,0,0,0,2
2367696,Sarr (Pape),Pape Sarr,Midfielder,TOT,5.0,73,0,0,1,0,0,0,0,0,3
2367696,Destiny Udogie,Iyenoma Destiny Udogie,Defender,TOT,4.5,90,1,0,0,1,0,0,0,1,9
2367696,Donley,Jamie Donley,Forward,TOT,4.5,5,0,0,0,1,0,0,0,0,1
2367697,Kouyaté,Cheikhou Kouyaté,Midfielder,NFO,4.8,61,0,0,0,1,0,1,0,0,1
2367697,Wood,Chris Wood,Forward,NFO,7.5,11,0,0,0,0,0,0,0,0,1
2367697,Boly,Willy Boly,Defender,NFO,4.0,90,0,0,0,1,0,0,0,0,2
2367697,Toffolo,Harry Toffolo,Defender,NFO,4.2,90,1,0,0,1,0,0,0,0,8
2367697,Felipe,Felipe Augusto de Almeida Monteiro,Defender,NFO,4.4,17,0,0,0,0,0,0,0,0,1
2367697,Mangala,Orel Mangala,Midfielder,NFO,5.0,90,0,0,0,1,0,0,0,0,2
2367697,Niakhaté,Moussa Niakhaté,Defender,NFO,4.5,90,0,0,0,1,0,0,0,0,2
2367697,Yates,Ryan Yates,Midfielder,NFO,5.0,90,0,0,0,1,0,0,0,0,2
2367697,Williams (Neco),Neco Williams,Defender,NFO,5.0,90,0,1,0,1,0,0,0,2,7
2367697,Gibbs-White,Morgan Gibbs-White,Midfielder,NFO,7.5,90,0,0,0,1,0,0,0,0,2
2367697,Turner,Matt Turner,Goalkeeper,NFO,4.0,90,0,0,0,1,0,0,0,0,3
2367697,Elanga,Anthony Elanga,Midfielder,NFO,7.0,81,0,0,0,1,0,0,0,0,2
2367697,Danilo,Danilo dos Santos de Oliveira,Midfielder,NFO,4.7,31,0,0,0,0,0,0,0,0,1
2367697,Murillo,Murillo Santiago Costa dos Santos,Defender,NFO,5.5,75,0,0,0,1,0,0,0,0,2
2367697,Dawson,Craig Dawson,Defender,WOL,4.2,90,0,0,0,1,0,0,0,0,2
2367697,Doherty,Matt Doherty,Defender,WOL,4.5,25,0,0,0,0,0,0,0,0,1
2367697,Sarabia,Pablo Sarabia,Midfielder,WOL,5.0,67,0,1,0,1,0,0,0,1,6
2367697,José Sá,José Pedro Malheiro de Sá,Goalkeeper,WOL,4.5,90,0,0,0,1,0,0,0,0,2
2367697,Lemina (Mario),Mario Lemina,Midfielder,WOL,4.8,60,0,0,0,1,0,0,0,0,2
2367697,Hwang Hee-Chan,Hee-Chan Hwang,Midfielder,WOL,6.0,90,0,0,0,1,0,0,0,0,2
2367697,Semedo,Nelson Semedo,Defender,WOL,4.5,90,0,0,0,1,0,0,0,0,2
2367697,Kilman,Max Kilman,Defender,WOL,4.5,90,0,0,0,1,0,0,0,0,2
2367697,Bellegarde,Jean-Ricner Bellegarde,Midfielder,WOL,5.5,25,0,0,0,0,0,0,0,0,1
2367697,Kalajdzic,Sasa Kalajdzic,Forward,WOL,5.0,4,0,0,0,0,0,0,0,0,1
2367697,Matheus Cunha,Matheus Santos Carneiro Da Cunha,Forward,WOL,8.0,88,1,0,0,1,0,0,0,3,9
2367697,João Gomes,João Victor Gomes da Silva,Midfielder,WOL,5.5,90,0,0,0,1,0,0,0,0,2
2367697,Traoré (Boubacar),Boubacar Traoré,Midfielder,WOL,5.0,32,0,0,0,0,0,0,0,0,1
2367697,Bueno (Hugo),Hugo Bueno,Defender,WOL,4.5,67,0,0,0,1,0,0,0,0,2
2367697,Toti,Toti António Gomes,Defender,WOL,4.5,90,0,0,0,1,0,0,0,0,2
2367698,Smith (Adam),Adam Smith,Defender,BOU,4.5,70,0,0,0,3,0,1,0,0,0
2367698,Neto,Norberto Murara Neto,Goalkeeper,BOU,4.5,90,0,0,0,3,0,0,0,0,1
2367698,Solanke,Dominic Solanke,Forward,BOU,7.5,89,1,0,0,3,0,0,0,2,8
2367698,Cook (Lewis),Lewis Cook,Midfielder,BOU,5.0,90,0,0,0,3,0,0,0,0,2
2367698,Christie,Ryan Christie,Midfielder,BOU,5.0,90,0,1,0,3,0,0,0,0,5
2367698,Unal,Enes Unal,Forward,BOU,5.5,45,0,2,0,0,0,0,0,0,7
2367698,Billing,Philip Billing,Midfielder,BOU,5.0,9,0,0,0,0,0,0,0,0,1
2367698,Adams,Tyler Adams,Midfielder,BOU,5.0,28,0,0,0,0,0,0,0,0,1
2367698,Tavernier,Marcus Tavernier,Midfielder,BOU,5.5,45,0,0,0,0,0,0,0,0,1
2367698,Mepham,Chris Mepham,Defender,BOU,4.0,90,0,1,0,3,0,0,0,0,4
2367698,Sinisterra,Luis Sinisterra,Midfielder,BOU,5.0,45,0,0,0,3,0,0,0,0,1
2367698,Semenyo,Antoine Semenyo,Forward,BOU,7.0,90,2,0,0,3,0,0,0,3,13
2367698,Hill (James),James Hill,Defender,BOU,4.0,5,0,0,0,0,0,0,0,0,1
2367698,Zabarnyi,Illia Zabarnyi,Defender,BOU,5.0,90,1,0,0,3,0,0,0,0,7
2367698,Scott,Alex Scott,Midfielder,BOU,5.0,45,0,0,0,3,0,0,0,0,1
2367698,Dango Ouattara,Dango Ouattara,Midfielder,BOU,6.0,90,0,0,0,3,0,0,0,0,2
2367698,Kaminski,Thomas Kaminski,Goalkeeper,LUT,4.0,90,0,0,0,4,0,0,0,0,1
2367698,Townsend,Andros Townsend,Midfielder,LUT,5.0,12,0,0,0,0,0,0,0,0,1
2367698,Berry,Luke Berry,Midfielder,LUT,4.6,11,0,0,0,0,0,0,0,0,1
2367698,Barkley,Ross Barkley,Midfielder,LUT,5.0,87,1,0,0,4,0,0,0,0,7
2367698,Woodrow,Cauley Woodrow,Forward,LUT,4.3,26,0,0,0,1,0,0,0,0,1
2367698,Clark (Jordan),Jordan Clark,Midfielder,LUT,4.8,90,0,1,0,4,0,1,0,0,4
2367698,Ruddock Mpanzu,Pelly Ruddock Mpanzu,Midfielder,LUT,4.6,31,0,0,0,1,0,0,0,0,1
2367698,Burke,Reece Burke,Defender,LUT,4.0,90,0,0,0,4,0,0,0,0,0
2367698,Morris,Carlton Morris,Forward,LUT,4.7,90,0,0,0,4,0,0,0,0,2
2367698,Hashioka,Daiki Hashioka,Defender,LUT,4.0,67,0,0,0,3,0,0,0,0,1
2367698,Chong,Tahith Chong,Midfielder,LUT,4.4,72,1,0,0,3,0,0,0,1,8
2367698,Ogbene,Chiedozie Ogbene,Forward,LUT,4.8,86,1,0,0,4,0,1,0,0,5
2367698,Doughty,Alfie Doughty,Defender,LUT,4.3,90,0,1,0,4,0,0,0,0,3
2367698,Mengi,Teden Mengi,Defender,LUT,3.9,90,0,0,0,4,0,0,0,0,0
2367698,Issa Kabore,Issa Kabore,Defender,LUT,4.5,90,0,1,0,4,0,0,0,0,3
2367699,Trossard,Leandro Trossard,Midfielder,ARS,7.0,15,0,0,0,0,0,0,0,0,1
2367699,Raya Martin,David Raya Martin,Goalkeeper,ARS,5.5,90,0,0,1,0,0,0,0,0,6
2367699,Odegaard,Martin Odegaard,Midfielder,ARS,8.0,90,0,0,1,0,0,0,0,0,3
2367699,White (Ben),Ben White,Defender,ARS,5.5,90,0,0,1,0,0,1,0,0,5
2367699,Nelson (Reiss),Reiss Nelson,Midfielder,ARS,5.0,7,0,0,0,0,0,0,0,0,1
2367699,Rice,Declan Rice,Midfielder,ARS,6.5,90,0,0,1,0,0,0,0,0,3
2367699,Eddie Nketiah,Edward Nketiah,Forward,ARS,5.5,15,0,1,0,0,0,0,0,0,4
2367699,Jesus,Gabriel Fernando de Jesus,Forward,ARS,6.5,80,1,0,1,0,0,0,0,3,9
2367699,Zinchenko,Oleksandr Zinchenko,Defender,ARS,5.0,90,0,0,1,0,0,0,0,2,8
2367699,Smith-Rowe,Emile Smith-Rowe,Midfielder,ARS,6.0,8,0,0,0,0,0,0,0,0,1
2367699,Havertz,Kai Havertz,Midfielder,ARS,7.5,88,1,0,1,0,0,0,0,0,8
2367699,Saka,Bukayo Saka,Midfielder,ARS,10.0,88,0,0,1,0,0,0,0,0,3
2367699,Gabriel Magalhães,Gabriel dos Santos Magalhães,Defender,ARS,6.0,90,0,0,1,0,0,0,0,0,6
2367699,Kiwior,Jakub Kiwior,Defender,ARS,5.5,3,0,0,0,0,0,0,0,0,1
2367699,Martinelli,Gabriel Teodoro Martinelli Silva,Midfielder,ARS,7.0,80,0,0,1,0,0,0,0,0,3
2367699,Saliba,William Saliba,Defender,ARS,6.0,90,0,0,1,0,0,0,0,1,7
2367699,Milner,James Milner,Midfielder,BHA,5.0,59,0,0,0,1,0,0,0,0,1
2367699,Lallana,Adam Lallana,Midfielder,BHA,5.0,59,0,0,0,1,0,0,0,0,1
2367699,Welbeck,Danny Welbeck,Forward,BHA,6.5,18,0,0,0,1,0,0,0,0,1
2367699,Groß,Pascal Groß,Midfielder,BHA,6.5,90,0,0,0,2,0,1,0,0,1
2367699,Dunk,Lewis Dunk,Defender,BHA,4.5,90,0,0,0,2,0,0,0,0,1
2367699,Veltman,Joël Veltman,Defender,BHA,4.5,24,0,0,0,0,0,0,0,0,1
2367699,Igor Julio,Igor Julio dos Santos de Paulo,Defender,BHA,4.5,36,0,0,0,1,0,0,0,0,1
2367699,Gilmour,Billy Gilmour,Midfielder,BHA,5.0,90,0,0,0,2,0,1,0,0,1
2367699,Mitoma,Kaoru Mitoma,Midfielder,BHA,6.5,90,0,0,0,2,0,1,0,0,1
2367699,van Hecke,Jan-Paul van Hecke,Defender,BHA,4.5,90,0,0,0,2,0,0,0,0,1
2367699,João Pedro,João Pedro Junqueira de Jesus,Forward,BHA,7.5,36,0,0,0,1,0,0,0,0,1
2367699,Ferguson (Evan),Evan Ferguson,Forward,BHA,5.5,59,0,0,0,1,0,0,0,0,1
2367699,Verbruggen,Bart Verbruggen,Goalkeeper,BHA,4.5,90,0,0,0,2,0,0,0,0,3
2367699,Hinshelwood,Jack Hinshelwood,Midfielder,BHA,5.5,68,0,0,0,2,0,0,0,0,2
2367699,Adingra,Simon Adingra,Midfielder,BHA,5.5,77,0,0,0,1,0,0,0,0,2
2367699,Buonanotte,Facundo Buonanotte,Midfielder,BHA,5.0,36,0,0,0,1,0,0,0,0,1
2367700,Martinez,Emiliano Martinez,Goalkeeper,AVL,5.0,90,0,0,0,1,0,1,0,0,1
2367700,Álex Moreno,Alexandre Moreno Lopera,Defender,AVL,4.0,90,1,0,0,1,0,0,0,2,10
2367700,McGinn,John McGinn,Midfielder,AVL,5.5,90,0,0,0,1,0,0,0,0,2
2367700,Dendoncker,Leander Dendoncker,Midfielder,AVL,4.5,13,0,0,0,0,0,0,0,0,1
2367700,Diego Carlos,Diego Carlos Santos Silva,Defender,AVL,4.5,90,0,0,0,1,0,0,0,0,2
2367700,Watkins,Ollie Watkins,Forward,AVL,9.0,90,1,0,0,1,0,0,0,3,9
2367700,Cash,Matthew Cash,Defender,AVL,4.5,63,0,0,0,1,0,0,0,0,2
2367700,Konsa Ngoyo,Ezri Konsa Ngoyo,Defender,AVL,4.5,90,0,0,0,1,0,1,0,0,1
2367700,Bailey,Leon Bailey,Midfielder,AVL,5.5,37,0,1,0,0,0,1,0,0,3
2367700,Kamara,Boubacar Kamara,Midfielder,AVL,5.0,90,0,1,0,1,0,0,1,0,2
2367700,Ramsey (Jacob),Jacob Ramsey,Midfielder,AVL,5.5,87,0,0,0,1,0,0,0,0,2
2367700,Diaby,Moussa Diaby,Midfielder,AVL,6.5,63,0,0,0,1,0,0,0,0,2
2367700,Torres,Pau Torres,Defender,AVL,4.5,78,0,0,0,1,0,0,0,0,2
2367700,Zaniolo,Nicolò Zaniolo,Midfielder,AVL,5.4,21,0,0,0,0,0,0,0,0,1
2367700,Durán,Jhon Durán,Forward,AVL,5.7,37,0,0,0,0,0,1,0,0,0
2367700,Zanka,Mathias Jorgensen,Defender,BRE,4.5,90,0,0,0,2,0,0,0,0,1
2367700,Mee (Ben),Ben Mee,Defender,BRE,4.2,68,0,0,1,0,0,0,1,0,0
2367700,Maupay,Neal Maupay,Forward,BRE,4.9,34,0,0,0,2,0,1,0,0,0
2367700,Flekken,Mark Flekken,Goalkeeper,BRE,4.5,90,0,0,0,2,0,0,0,0,2
2367700,Norgaard,Christian Norgaard,Midfielder,BRE,5.5,90,0,0,0,2,0,1,0,0,1
2367700,Janelt,Vitaly Janelt,Midfielder,BRE,5.0,85,0,0,0,2,0,1,0,0,1
2367700,Ghoddos,Saman Ghoddos,Midfielder,BRE,4.5,90,0,0,0,2,0,1,0,0,1
2367700,Wissa,Yoane Wissa,Forward,BRE,7.5,73,0,0,1,0,0,0,0,0,2
2367700,Roerslev,Mads Roerslev,Defender,BRE,4.5,85,0,0,0,2,0,0,0,0,1
2367700,Pinnock,Ethan Pinnock,Defender,BRE,4.5,90,0,0,0,2,0,0,0,0,1
2367700,Lewis-Potter,Keane Lewis-Potter,Midfielder,BRE,5.0,66,1,0,1,0,0,0,0,1,9
2367700,Onyeka,Frank Onyeka,Midfielder,BRE,5.0,34,0,0,0,2,0,1,0,0,0
2367700,Collins,Nathan Collins,Defender,BRE,5.0,27,0,0,0,2,0,0,0,0,0
2367700,Damsgaard,Mikkel Damsgaard,Midfielder,BRE,6.0,66,0,0,1,0,0,0,0,0,3
2367700,Olakigbe,Michael Olakigbe,Midfielder,BRE,4.5,14,0,0,0,0,0,0,0,0,1
2367700,Yarmolyuk,Ehor Yarmolyuk,Midfielder,BRE,5.0,14,0,0,0,0,0,1,0,0,0
2367701,Rodriguez,Jay Rodriguez,Forward,BUR,5.3,45,0,0,0,2,0,0,0,0,1
2367701,Redmond,Nathan Redmond,Midfielder,BUR,4.7,7,0,0,0,0,0,0,0,0,1
2367701,Brownhill,Josh Brownhill,Midfielder,BUR,4.7,90,0,0,0,2,0,0,0,0,2
2367701,Bruun Larsen,Jacob Bruun Larsen,Midfielder,BUR,5.5,82,0,0,0,2,0,0,0,0,2
2367701,Manuel,Benson Manuel,Midfielder,BUR,5.5,11,0,0,0,0,0,0,0,0,1
2367701,Berge,Sander Berge,Midfielder,BUR,5.0,90,0,0,0,2,0,0,0,0,2
2367701,O'Shea,Dara O'Shea,Defender,BUR,3.8,90,0,0,0,2,0,0,0,0,1
2367701,Beyer,Jordan Beyer,Defender,BUR,4.0,90,0,0,0,2,0,0,0,0,1
2367701,Delcroix,Hannes Delcroix,Defender,BUR,4.0,69,0,0,0,2,0,0,0,0,1
2367701,Trafford,James Trafford,Goalkeeper,BUR,5.0,90,0,0,0,2,0,0,0,0,2
2367701,Foster,Lyle Foster,Forward,BUR,5.0,45,0,0,0,0,0,0,0,0,1
2367701,Trésor,Mike Trésor,Midfielder,BUR,4.5,6,0,0,0,0,0,0,0,0,1
2367701,Vitinho,Victor Alexander da Silva,Defender,BUR,4.4,86,0,0,0,2,0,0,0,0,1
2367701,Al Dakhil,Ameen Al Dakhil,Defender,BUR,3.8,24,0,0,0,0,0,0,0,0,1
2367701,Amdouni,Zeki Amdouni,Forward,BUR,5.0,90,0,0,0,2,0,0,0,0,2
2367701,Odobert,Wilson Odobert,Midfielder,BUR,5.5,87,0,0,0,2,0,0,0,0,2
2367701,Tarkowski,James Tarkowski,Defender,EVE,5.5,90,0,0,1,0,0,0,0,0,6
2367701,Keane,Michael Keane,Defender,EVE,4.5,90,1,0,1,0,0,0,0,2,14
2367701,Pickford,Jordan Pickford,Goalkeeper,EVE,5.5,90,0,0,1,0,0,0,0,0,6
2367701,Doucouré,Abdoulaye Doucouré,Midfielder,EVE,5.1,45,0,0,0,0,0,0,0,0,1
2367701,Calvert-Lewin,Dominic Calvert-Lewin,Forward,EVE,5.4,82,0,0,1,0,0,0,0,0,2
2367701,Godfrey,Ben Godfrey,Defender,EVE,4.0,90,0,0,1,0,0,0,0,0,6
2367701,Harrison (Jack),Jack Harrison,Midfielder,EVE,5.5,90,0,0,1,0,0,0,0,0,3
2367701,Garner,James Garner,Midfielder,EVE,5.0,90,0,0,1,0,0,1,0,0,2
2367701,Patterson (Nathan),Nathan Patterson,Defender,EVE,4.5,90,0,0,1,0,0,0,0,1,7
2367701,McNeil,Dwight McNeil,Midfielder,EVE,6.0,90,0,1,1,0,0,0,0,0,6
2367701,Mvom Onana,Amadou Mvom Onana,Midfielder,EVE,5.0,90,1,0,1,0,0,0,0,3,11
2367701,Dobbin,Lewis Dobbin,Midfielder,EVE,5.0,45,0,0,0,0,0,0,0,0,1
2367701,Beto,Norberto Bercique Gomes Betuncal,Forward,EVE,5.5,11,0,0,0,0,0,0,0,0,1
2367702,Thiago Silva,Thiago Emiliano da Silva,Defender,CHE,5.0,90,0,0,1,0,0,0,0,2,8
2367702,Sterling (Raheem),Raheem Sterling,Midfielder,CHE,6.7,74,0,1,1,0,0,0,0,0,6
2367702,Disasi,Axel Disasi,Defender,CHE,4.2,90,0,0,1,0,0,0,0,0,6
2367702,Gallagher,Conor Gallagher,Midfielder,CHE,5.9,90,0,0,1,0,0,1,0,0,2
2367702,Badiashile,Benoît Badiashile,Defender,CHE,4.5,90,0,0,1,0,0,0,0,2,8
2367702,Palmer,Cole Palmer,Midfielder,CHE,10.5,90,1,1,1,0,0,0,0,3,14
2367702,Broja,Armando Broja,Forward,CHE,5.3,22,0,0,0,0,0,0,0,0,1
2367702,Maatsen,Ian Maatsen,Midfielder,CHE,4.5,4,0,0,0,0,0,0,0,0,1
2367702,Fernández (Enzo),Enzo Fernández,Midfielder,CHE,6.5,27,0,0,0,0,0,0,0,0,1
2367702,Petrovic,Dorde Petrovic,Goalkeeper,CHE,4.5,90,0,0,1,0,0,0,0,0,6
2367702,Colwill,Levi Colwill,Defender,CHE,5.0,90,0,0,1,0,0,0,0,0,6
2367702,Mudryk,Mykhailo Mudryk,Midfielder,CHE,5.0,69,0,0,1,0,0,0,0,0,3
2367702,Gusto,Malo Gusto,Defender,CHE,5.0,3,0,0,0,0,0,0,0,0,1
2367702,Moises Caicedo,Moises Caicedo,Midfielder,CHE,5.5,90,0,0,1,0,0,0,0,0,3
2367702,Jackson (Nicolas),Nicolas Jackson,Forward,CHE,6.5,90,1,0,1,0,0,0,0,0,6
2367702,Norwood,Oliver Norwood,Midfielder,SHU,4.8,29,0,0,0,0,0,0,0,0,1
2367702,Foderingham,Wes Foderingham,Goalkeeper,SHU,4.0,90,0,0,0,2,0,0,0,0,2
2367702,Lowe (Max),Max Lowe,Defender,SHU,4.3,90,0,0,0,2,0,1,0,0,0
2367702,McBurnie,Oliver McBurnie,Forward,SHU,5.4,67,0,0,0,2,0,0,0,0,2
2367702,Hamer,Gustavo Hamer,Midfielder,SHU,4.9,79,0,0,0,2,0,1,0,0,1
2367702,Trusty,Auston Trusty,Defender,SHU,3.9,90,0,0,0,2,0,0,0,0,1
2367702,Bogle,Jayden Bogle,Defender,SHU,4.5,90,0,0,0,2,0,0,0,0,1
2367702,Ahmedhodzic,Anel Ahmedhodzic,Defender,SHU,4.3,90,0,0,0,2,0,0,0,0,1
2367702,Vinicius Souza,Vinicius de Souza Costa,Midfielder,SHU,5.0,90,0,0,0,2,0,0,0,0,2
2367702,Mcatee,James Mcatee,Midfielder,SHU,5.5,90,0,0,0,2,0,1,0,0,1
2367702,Archer,Cameron Archer,Forward,SHU,4.8,90,0,0,0,2,0,0,0,0,2
2367702,Ben Slimane,Anis Ben Slimane,Midfielder,SHU,4.7,16,0,0,0,0,0,0,0,0,1
2367702,Osula,William Osula,Forward,SHU,5.5,39,0,0,0,1,0,0,0,0,1
2367702,Brooks (Andre),Andre Brooks,Midfielder,SHU,4.4,57,0,0,0,1,0,0,0,0,1
2367703,van Dijk,Virgil van Dijk,Defender,LIV,6.0,90,0,0,1,0,0,0,0,0,6
2367703,Alisson,Alisson Ramses Becker,Goalkeeper,LIV,5.5,90,0,0,1,0,0,0,0,0,6
2367703,Salah,Mohamed Salah,Midfielder,LIV,14.5,90,0,0,1,0,0,0,0,0,3
2367703,Endo,Wataru Endo,Midfielder,LIV,5.0,90,0,0,1,0,0,1,0,0,2
2367703,Alexander-Arnold,Trent Alexander-Arnold,Defender,LIV,7.2,90,0,0,1,0,0,0,0,3,9
2367703,Gomez,Joseph Gomez,Defender,LIV,5.0,35,0,0,0,0,0,0,0,0,1
2367703,Konaté,Ibrahima Konaté,Defender,LIV,5.5,90,0,0,1,0,0,0,0,0,6
2367703,Jones (Curtis),Curtis Jones,Midfielder,LIV,5.5,19,0,0,0,0,0,0,0,0,1
2367703,Tsimikas,Konstantinos Tsimikas,Defender,LIV,5.0,90,0,0,1,0,0,0,0,1,7
2367703,Gakpo,Cody Gakpo,Forward,LIV,7.5,35,0,0,0,0,0,0,0,0,1
2367703,Díaz,Luis Díaz,Midfielder,LIV,8.0,76,0,0,1,0,0,0,0,0,3
2367703,Szoboszlai,Dominik Szoboszlai,Midfielder,LIV,6.5,59,0,0,1,0,0,0,0,0,3
2367703,Gravenberch,Ryan Gravenberch,Midfielder,LIV,5.5,59,0,0,1,0,0,0,0,0,3
2367703,Elliott,Harvey Elliott,Midfielder,LIV,5.5,18,0,0,0,0,0,0,0,0,1
2367703,Núñez,Darwin Núñez,Forward,LIV,6.5,76,0,0,1,0,0,1,0,0,1
2367703,Evans,Jonny Evans,Defender,MUN,4.4,90,0,0,1,0,0,0,0,0,6
2367703,Varane,Raphael Varane,Defender,MUN,4.9,90,0,0,1,0,0,0,0,0,6
2367703,Shaw,Luke Shaw,Defender,MUN,4.5,90,0,0,1,0,0,1,0,0,5
2367703,Amrabat,Sofyan Amrabat,Midfielder,MUN,5.0,90,0,0,1,0,0,1,0,0,2
2367703,Rashford,Marcus Rashford,Midfielder,MUN,7.0,26,0,0,0,0,0,1,0,0,0
2367703,McTominay,Scott McTominay,Midfielder,MUN,4.9,90,0,0,1,0,0,0,0,0,3
2367703,Onana,André Onana,Goalkeeper,MUN,5.0,90,0,0,1,0,0,0,0,2,10
2367703,Dalot,José Diogo Dalot Teixeira,Defender,MUN,4.5,90,0,0,1,0,0,0,1,0,3
2367703,Mejbri,Hannibal Mejbri,Midfielder,MUN,5.0,14,0,0,0,0,0,0,0,0,1
2367703,Antony,Antony Matheus dos Santos,Midfielder,MUN,6.0,80,0,0,1,0,0,0,0,0,3
2367703,Pellistri,Facundo Pellistri,Midfielder,MUN,5.0,14,0,0,0,0,0,0,0,0,1
2367703,Garnacho,Alejandro Garnacho Ferreyra,Midfielder,MUN,6.5,69,0,0,1,0,0,0,0,0,3
2367703,Højlund,Rasmus Højlund,Forward,MUN,6.5,90,0,0,1,0,0,0,0,0,2
2367703,Mainoo,Kobbie Mainoo,Midfielder,MUN,5.0,80,0,0,1,0,0,1,0,0,2
2367704,Ward,Joel Ward,Defender,CRY,4.3,32,0,0,0,1,0,0,0,0,1
2367704,Clyne,Nathaniel Clyne,Defender,CRY,4.0,89,0,0,0,2,0,0,0,0,1
2367704,Schlupp,Jeffrey Schlupp,Midfielder,CRY,4.6,79,0,1,0,2,0,0,0,0,5
2367704,Henderson (Dean),Dean Henderson,Goalkeeper,CRY,5.0,90,0,0,0,2,0,0,0,0,3
2367704,Riedewald,Jairo Riedewald,Midfielder,CRY,4.3,79,0,0,0,2,0,0,0,0,2
2367704,Andersen (Joachim),Joachim Andersen,Defender,CRY,4.5,90,0,0,0,2,0,1,0,0,0
2367704,Marc Guehi,Addji Keaninkin Marc-Israel Guehi,Defender,CRY,4.5,90,0,0,0,2,0,0,0,0,1
2367704,Mateta,Jean-Philippe Mateta,Forward,CRY,7.5,90,1,1,0,2,0,0,0,3,12
2367704,Eze,Eberechi Eze,Midfielder,CRY,7.5,7,0,0,0,0,0,0,0,0,1
2367704,Mitchell,Tyrick Mitchell,Defender,CRY,5.0,90,0,0,0,2,0,0,0,0,1
2367704,Richards (Chris),Chris Richards,Defender,CRY,4.5,90,0,0,0,2,0,0,0,0,1
2367704,Olise,Michael Olise,Midfielder,CRY,5.7,90,1,0,0,2,0,0,0,2,9
2367704,Ahamada,Naouirou Ahamada,Midfielder,CRY,4.5,18,0,0,0,0,0,0,0,0,1
2367704,Ozoh,David Ozoh,Midfielder,CRY,4.5,62,0,0,0,1,0,0,0,0,1
2367704,Matheus França,Matheus França de Oliveira,Midfielder,CRY,4.5,17,0,0,0,0,0,0,0,0,1
2367704,Walker,Kyle Walker,Defender,MCI,4.5,90,0,0,0,2,0,0,0,0,1
2367704,Stones,John Stones,Defender,MCI,5.5,2,0,0,0,0,0,0,0,0,1
2367704,Grealish,Jack Grealish,Midfielder,MCI,6.5,90,1,0,0,2,0,0,0,1,8
2367704,Ederson,Ederson Santana de Moraes,Goalkeeper,MCI,5.5,90,0,0,0,2,0,1,0,0,0
2367704,Aké,Nathan Aké,Defender,MCI,5.5,90,0,0,0,2,0,0,0,0,1
2367704,Bernardo Silva,Bernardo Mota Veiga de Carvalho e Silva,Midfielder,MCI,6.5,90,0,0,0,2,0,0,0,0,2
2367704,Rúben Dias,Rúben Santos Gato Alves Dias,Defender,MCI,5.5,90,0,0,0,2,0,0,0,0,1
2367704,Foden,Phil Foden,Midfielder,MCI,8.0,90,0,1,0,2,0,0,0,0,5
2367704,Rodri,Rodrigo Hernández Cascante,Midfielder,MCI,6.5,90,0,0,0,2,0,0,0,0,2
2367704,Álvarez (Julián),Julián Álvarez,Forward,MCI,7.0,90,0,0,0,2,0,0,0,0,2
2367704,Lewis (Rico),Rico Lewis,Defender,MCI,5.0,90,1,0,0,2,0,0,0,1,8
2367704,Gvardiol,Joško Gvardiol,Defender,MCI,6.0,90,0,0,0,2,0,0,0,0,1
2367705,Cairney,Tom Cairney,Midfielder,FUL,5.0,76,0,0,0,2,0,0,0,0,2
2367705,Leno,Bernd Leno,Goalkeeper,FUL,5.0,90,0,0,0,3,0,0,0,0,3
2367705,DeCordova-Reid,Bobby DeCordova-Reid,Midfielder,FUL,5.2,20,0,0,0,1,0,1,0,0,0
2367705,Raúl Jiménez,Raul Alonso Jimenez Rodriguez,Forward,FUL,6.5,16,0,0,0,0,0,0,1,0,0
2367705,Tosin,Oluwatosin Adarabioyo,Defender,FUL,4.5,90,0,0,0,3,0,0,0,0,1
2367705,Iwobi,Alex Iwobi,Midfielder,FUL,6.5,76,0,0,0,2,0,0,0,0,2
2367705,Reed,Harrison Reed,Midfielder,FUL,4.5,20,0,0,0,1,0,0,0,0,1
2367705,Wilson (Harry),Harry Wilson,Midfielder,FUL,5.5,90,0,0,0,3,0,0,0,0,2
2367705,João Palhinha,João Maria Lobo Alves Palhinha Gonçalves,Midfielder,FUL,5.9,76,0,0,0,2,0,1,0,0,1
2367705,Pereira (Andreas),Andreas Pereira,Midfielder,FUL,5.5,60,0,0,0,1,0,0,0,0,2
2367705,Castagne,Timothy Castagne,Defender,FUL,4.5,60,0,0,0,1,0,0,0,0,2
2367705,Tete,Kenny Tete,Defender,FUL,4.5,36,0,0,0,2,0,0,0,0,0
2367705,Robinson (Antonee),Antonee Robinson,Defender,FUL,5.0,90,0,0,0,3,0,0,0,0,1
2367705,Lukic,Sasa Lukic,Midfielder,FUL,5.0,20,0,0,0,1,0,0,0,0,1
2367705,Diop,Issa Diop,Defender,FUL,4.5,90,0,0,0,3,0,0,0,0,1
2367705,Rodrigo Muniz,Rodrigo Muniz Carvalho,Forward,FUL,5.5,36,0,0,0,2,0,0,0,0,1
2367705,Ritchie,Matt Ritchie,Midfielder,NEW,4.3,14,0,0,0,0,0,0,0,0,1
2367705,Dubravka,Martin Dubravka,Goalkeeper,NEW,4.0,90,0,0,1,0,0,0,0,0,7
2367705,Wilson (Callum),Callum Wilson,Forward,NEW,6.9,90,0,0,1,0,0,0,0,0,2
2367705,Burn,Dan Burn,Defender,NEW,5.0,82,1,0,1,0,0,0,0,2,14
2367705,Lascelles,Jamaal Lascelles,Defender,NEW,4.5,90,0,0,1,0,0,0,0,0,6
2367705,Krafth,Emil Krafth,Defender,NEW,4.5,78,0,0,1,0,0,0,0,1,7
2367705,Schär,Fabian Schär,Defender,NEW,5.5,12,0,0,0,0,0,0,0,0,1
2367705,Almirón,Miguel Almirón,Midfielder,NEW,5.4,90,1,0,1,0,0,0,0,1,9
2367705,Longstaff (Sean),Sean Longstaff,Midfielder,NEW,5.0,90,0,0,1,0,0,0,0,0,3
2367705,Joelinton,Joelinton Cássio Apolinário de Lira,Midfielder,NEW,6.0,26,0,0,0,0,0,0,0,0,1
2367705,Bruno Guimarães,Bruno Guimarães Rodriguez Moura,Midfielder,NEW,6.5,90,0,1,1,0,0,0,0,1,7
2367705,Botman,Sven Botman,Defender,NEW,5.0,14,0,0,0,0,0,0,0,0,1
2367705,Gordon (Anthony),Anthony Gordon,Midfielder,NEW,7.5,83,0,1,1,0,0,0,0,0,6
2367705,Livramento,Valentino Livramento,Defender,NEW,5.0,82,0,0,1,0,0,0,0,3,9
2367705,Lewis Hall,Lewis Hall,Defender,NEW,5.5,13,0,0,0,0,0,0,0,0,1
2367705,Miley (Lewis),Lewis Miley,Midfielder,NEW,4.5,63,1,0,0,0,0,0,0,0,6
2367706,Kouyaté,Cheikhou Kouyaté,Midfielder,NFO,4.8,67,0,0,0,2,0,0,0,0,2
2367706,Wood,Chris Wood,Forward,NFO,7.5,28,0,0,0,0,0,0,0,0,1
2367706,Boly,Willy Boly,Defender,NFO,4.0,67,0,0,0,2,0,0,0,0,1
2367706,Toffolo,Harry Toffolo,Defender,NFO,4.2,90,0,0,0,2,0,1,0,0,0
2367706,Mangala,Orel Mangala,Midfielder,NFO,5.0,79,0,0,0,2,0,0,0,0,2
2367706,Niakhaté,Moussa Niakhaté,Defender,NFO,4.5,90,0,0,0,2,0,0,0,0,1
2367706,Yates,Ryan Yates,Midfielder,NFO,5.0,90,0,0,0,2,0,0,0,0,2
2367706,Hudson-Odoi,Callum Hudson-Odoi,Midfielder,NFO,6.0,16,0,0,0,0,0,0,0,0,1
2367706,Williams (Neco),Neco Williams,Defender,NFO,5.0,90,0,0,0,2,0,0,0,0,1
2367706,Gibbs-White,Morgan Gibbs-White,Midfielder,NFO,7.5,90,0,0,0,2,0,0,0,0,2
2367706,Turner,Matt Turner,Goalkeeper,NFO,4.0,90,0,0,0,2,0,0,0,0,2
2367706,Elanga,Anthony Elanga,Midfielder,NFO,7.0,90,0,0,0,2,0,0,0,0,2
2367706,Danilo,Danilo dos Santos de Oliveira,Midfielder,NFO,4.7,29,0,0,0,0,0,0,0,0,1
2367706,Murillo,Murillo Santiago Costa dos Santos,Defender,NFO,5.5,90,0,0,0,2,0,1,0,0,0
2367706,Son,Heung-Min Son,Midfielder,TOT,8.5,85,0,0,1,0,0,1,0,0,2
2367706,Davies (Ben),Ben Davies,Defender,TOT,4.5,90,0,0,1,0,0,1,0,0,5
2367706,Højbjerg,Pierre-Emile Højbjerg,Midfielder,TOT,5.0,27,0,0,0,0,0,0,0,0,1
2367706,Vicario,Guglielmo Vicario,Goalkeeper,TOT,5.0,90,0,0,1,0,0,0,0,0,6
2367706,Skipp,Oliver Skipp,Midfielder,TOT,4.7,63,0,0,0,0,0,0,0,0,1
2367706,Richarlison,Richarlison de Andrade,Midfielder,TOT,6.5,71,1,0,1,0,0,0,0,1,9
2367706,Romero,Cristian Romero,Defender,TOT,5.0,90,0,0,1,0,0,0,0,1,7
2367706,Bissouma,Yves Bissouma,Midfielder,TOT,5.5,70,0,0,1,0,0,0,1,0,0
2367706,Emerson Royal,Emerson Aparecido Leite de Souza Junior,Defender,TOT,4.5,11,0,0,0,0,0,0,0,0,1
2367706,Johnson (Brennan),Brennan Johnson,Midfielder,TOT,7.0,27,0,0,0,0,0,0,0,0,1
2367706,Porro,Pedro Porro,Defender,TOT,5.5,90,0,0,1,0,0,0,0,2,8
2367706,Kulusevski,Dejan Kulusevski,Midfielder,TOT,6.5,90,1,1,1,0,0,0,0,3,14
2367706,Sarr (Pape),Pape Sarr,Midfielder,TOT,5.0,90,0,0,1,0,0,1,0,0,2
2367706,Destiny Udogie,Iyenoma Destiny Udogie,Defender,TOT,4.5,90,0,0,1,0,0,1,0,0,5
2367706,Véliz,Alejo Véliz,Forward,TOT,5.0,0,0,0,0,0,0,0,0,0,1
2367707,Fabianski,Lukasz Fabianski,Goalkeeper,WHU,3.9,90,0,0,1,0,0,0,0,1,8
2367707,Ings,Danny Ings,Forward,WHU,4.8,10,0,0,0,0,0,0,0,0,1
2367707,Ward-Prowse,James Ward-Prowse,Midfielder,WHU,6.0,90,0,0,1,0,0,0,0,0,3
2367707,Zouma,Kurt Zouma,Defender,WHU,4.4,90,0,0,1,0,0,1,0,0,5
2367707,Emerson,Emerson Palmieri dos Santos,Defender,WHU,4.5,90,0,0,1,0,0,0,0,1,7
2367707,Coufal,Vladimir Coufal,Defender,WHU,4.1,89,0,0,1,0,0,1,0,0,5
2367707,Bowen,Jarrod Bowen,Midfielder,WHU,8.0,90,1,0,1,0,0,0,0,0,8
2367707,Kehrer,Thilo Kehrer,Defender,WHU,4.2,7,0,0,0,0,0,1,0,0,0
2367707,Aguerd,Nayef Aguerd,Defender,WHU,4.5,90,0,0,1,0,0,0,0,0,6
2367707,Álvarez (Edson),Edson Álvarez,Midfielder,WHU,5.0,70,0,0,1,0,0,0,0,0,3
2367707,Soucek,Tomas Soucek,Midfielder,WHU,6.0,90,0,0,1,0,0,0,0,0,3
2367707,Fornals,Pablo Fornals,Midfielder,WHU,4.6,26,0,0,0,0,0,0,0,0,1
2367707,Lucas Paquetá,Lucas Tolentino Coelho de Lima,Midfielder,WHU,6.0,86,0,3,1,0,0,0,0,2,14
2367707,Kudus,Mohammed Kudus,Midfielder,WHU,6.5,86,2,0,1,0,0,0,0,3,16
2367707,Mubama,Divin Mubama,Forward,WHU,4.5,10,0,0,0,0,0,0,0,0,1
2367707,Dawson,Craig Dawson,Defender,WOL,4.2,90,0,0,0,3,0,0,0,0,1
2367707,Bentley,Daniel Bentley,Goalkeeper,WOL,4.0,90,0,0,0,3,0,0,0,0,1
2367707,Doherty,Matt Doherty,Defender,WOL,4.5,17,0,0,0,0,0,0,0,0,1
2367707,Sarabia,Pablo Sarabia,Midfielder,WOL,5.0,90,0,0,0,3,0,0,0,0,2
2367707,Lemina (Mario),Mario Lemina,Midfielder,WOL,4.8,79,0,0,0,3,0,0,0,0,2
2367707,Hwang Hee-Chan,Hee-Chan Hwang,Midfielder,WOL,6.0,90,0,0,0,3,0,0,0,0,2
2367707,Semedo,Nelson Semedo,Defender,WOL,4.5,79,0,0,0,3,0,0,0,0,1
2367707,Kilman,Max Kilman,Defender,WOL,4.5,90,0,0,0,3,0,0,0,0,1
2367707,Doyle,Tommy Doyle,Midfielder,WOL,4.7,16,0,0,0,0,0,0,0,0,1
2367707,Bellegarde,Jean-Ricner Bellegarde,Midfielder,WOL,5.5,90,0,0,0,3,0,0,0,0,2
2367707,Matheus Cunha,Matheus Santos Carneiro Da Cunha,Forward,WOL,8.0,90,0,0,0,3,0,0,0,0,2
2367707,João Gomes,João Victor Gomes da Silva,Midfielder,WOL,5.5,90,0,0,0,3,0,0,0,0,2
2367707,Ait Nouri,Rayan Ait Nouri,Defender,WOL,6.0,26,0,0,0,1,0,0,0,0,1
2367707,Toti,Toti António Gomes,Defender,WOL,4.5,70,0,0,0,2,0,1,0,0,0
2367708,Martinez,Emiliano Martinez,Goalkeeper,AVL,5.0,90,0,0,0,1,0,0,0,0,2
2367708,Digne,Lucas Digne,Defender,AVL,4.5,72,0,0,1,0,0,0,0,0,6
2367708,Álex Moreno,Alexandre Moreno Lopera,Defender,AVL,4.0,27,0,0,0,1,0,0,0,0,1
2367708,McGinn,John McGinn,Midfielder,AVL,5.5,90,0,0,0,1,0,0,0,0,2
2367708,Lenglet,Clément Lenglet,Defender,AVL,4.5,90,0,0,0,1,0,0,0,0,2
2367708,Watkins,Ollie Watkins,Forward,AVL,9.0,90,0,0,0,1,0,0,0,0,2
2367708,Cash,Matthew Cash,Defender,AVL,4.5,90,0,0,0,1,0,1,0,0,1
2367708,Konsa Ngoyo,Ezri Konsa Ngoyo,Defender,AVL,4.5,90,0,0,0,1,0,0,0,0,2
2367708,Bailey,Leon Bailey,Midfielder,AVL,5.5,80,0,0,1,0,0,1,0,0,2
2367708,Douglas Luiz,Douglas Luiz Soares de Paulo,Midfielder,AVL,5.4,90,0,1,0,1,0,0,0,3,8
2367708,Ramsey (Jacob),Jacob Ramsey,Midfielder,AVL,5.5,90,0,0,0,1,0,0,0,0,2
2367708,Diaby,Moussa Diaby,Midfielder,AVL,6.5,72,0,0,1,0,0,0,0,0,3
2367708,Zaniolo,Nicolò Zaniolo,Midfielder,AVL,5.4,19,1,0,0,1,0,1,0,0,5
2367708,Durán,Jhon Durán,Forward,AVL,5.7,27,0,0,0,1,0,0,0,0,1
2367708,Norwood,Oliver Norwood,Midfielder,SHU,4.8,90,0,0,0,1,0,0,0,0,2
2367708,Foderingham,Wes Foderingham,Goalkeeper,SHU,4.0,90,0,0,0,1,0,0,0,0,3
2367708,Baldock,George Baldock,Defender,SHU,3.8,90,0,0,0,1,0,0,0,0,2
2367708,Robinson (Jack),Jack Robinson,Defender,SHU,4.3,90,0,0,0,1,0,0,0,0,2
2367708,Lowe (Max),Max Lowe,Defender,SHU,4.3,42,0,0,0,1,0,0,0,0,1
2367708,McBurnie,Oliver McBurnie,Forward,SHU,5.4,11,0,0,0,1,0,0,0,0,1
2367708,Hamer,Gustavo Hamer,Midfielder,SHU,4.9,42,0,1,0,1,0,0,0,1,5
2367708,Trusty,Auston Trusty,Defender,SHU,3.9,90,0,0,0,1,0,1,0,0,1
2367708,Bogle,Jayden Bogle,Defender,SHU,4.5,90,0,0,0,1,0,1,0,0,1
2367708,Vinicius Souza,Vinicius de Souza Costa,Midfielder,SHU,5.0,90,0,0,0,1,0,0,0,0,2
2367708,Mcatee,James Mcatee,Midfielder,SHU,5.5,25,0,0,0,1,0,0,0,0,1
2367708,Larouci,Yasser Larouci,Defender,SHU,4.3,57,0,0,0,0,0,1,0,0,0
2367708,Archer,Cameron Archer,Forward,SHU,4.8,89,1,0,1,0,0,0,0,2,8
2367708,Ben Slimane,Anis Ben Slimane,Midfielder,SHU,4.7,74,0,0,1,0,0,0,0,0,3
2367708,Brooks (Andre),Andre Brooks,Midfielder,SHU,4.4,57,0,0,0,0,0,0,0,0,1
2367709,Lallana,Adam Lallana,Midfielder,BHA,5.0,21,0,0,0,0,0,0,0,0,1
2367709,Welbeck,Danny Welbeck,Forward,BHA,6.5,45,1,0,0,0,0,0,0,3,8
2367709,Groß,Pascal Groß,Midfielder,BHA,6.5,90,0,1,0,1,0,0,0,2,7
2367709,Dunk,Lewis Dunk,Defender,BHA,4.5,90,0,0,0,1,0,0,0,0,2
2367709,Igor Julio,Igor Julio dos Santos de Paulo,Defender,BHA,4.5,90,0,0,0,1,0,1,0,0,1
2367709,Moder,Jakub Moder,Midfielder,BHA,4.4,13,0,0,0,0,0,0,0,0,1
2367709,Gilmour,Billy Gilmour,Midfielder,BHA,5.0,90,0,0,0,1,0,0,0,0,2
2367709,Mitoma,Kaoru Mitoma,Midfielder,BHA,6.5,82,0,0,0,1,0,0,0,0,2
2367709,van Hecke,Jan-Paul van Hecke,Defender,BHA,4.5,90,0,0,0,1,0,0,0,0,2
2367709,João Pedro,João Pedro Junqueira de Jesus,Forward,BHA,7.5,90,0,0,0,1,0,0,0,0,2
2367709,Verbruggen,Bart Verbruggen,Goalkeeper,BHA,4.5,90,0,0,0,1,0,0,0,0,2
2367709,Hinshelwood,Jack Hinshelwood,Midfielder,BHA,5.5,75,0,0,0,1,0,0,0,0,2
2367709,Baleba,Carlos Baleba,Midfielder,BHA,5.0,45,0,0,0,1,0,1,0,0,0
2367709,Adingra,Simon Adingra,Midfielder,BHA,5.5,45,0,0,0,1,0,0,0,0,1
2367709,Buonanotte,Facundo Buonanotte,Midfielder,BHA,5.0,45,0,0,0,0,0,0,0,0,1
2367709,Clyne,Nathaniel Clyne,Defender,CRY,4.0,90,0,0,0,1,0,0,0,0,2
2367709,Ayew (Jordan),Jordan Ayew,Midfielder,CRY,5.1,70,1,0,1,0,0,0,0,0,8
2367709,Hughes,Will Hughes,Midfielder,CRY,5.0,59,0,0,0,0,0,1,0,0,0
2367709,Lerma,Jefferson Lerma,Midfielder,CRY,5.0,90,0,0,0,1,0,0,0,0,2
2367709,Henderson (Dean),Dean Henderson,Goalkeeper,CRY,5.0,90,0,0,0,1,0,1,0,0,2
2367709,Andersen (Joachim),Joachim Andersen,Defender,CRY,4.5,90,0,0,0,1,0,0,0,0,2
2367709,Marc Guehi,Addji Keaninkin Marc-Israel Guehi,Defender,CRY,4.5,90,0,0,0,1,0,0,0,0,2
2367709,Mateta,Jean-Philippe Mateta,Forward,CRY,7.5,90,0,0,0,1,0,1,0,0,1
2367709,Eze,Eberechi Eze,Midfielder,CRY,7.5,26,0,0,0,1,0,0,0,0,1
2367709,Mitchell,Tyrick Mitchell,Defender,CRY,5.0,90,0,0,0,1,0,1,0,0,1
2367709,Richards (Chris),Chris Richards,Defender,CRY,4.5,90,0,0,0,1,0,0,0,0,2
2367709,Olise,Michael Olise,Midfielder,CRY,5.7,90,0,1,0,1,0,0,0,1,6
2367709,Ozoh,David Ozoh,Midfielder,CRY,4.5,37,0,0,0,1,0,1,0,0,0
2367710,Rodriguez,Jay Rodriguez,Forward,BUR,5.3,32,0,0,0,0,0,0,0,0,1
2367710,Redmond,Nathan Redmond,Midfielder,BUR,4.7,17,0,0,0,0,0,0,0,0,1
2367710,Taylor (Charlie),Charlie Taylor,Defender,BUR,3.9,90,0,0,1,0,0,0,0,0,6
2367710,Brownhill,Josh Brownhill,Midfielder,BUR,4.7,90,0,0,1,0,0,0,0,0,3
2367710,Bruun Larsen,Jacob Bruun Larsen,Midfielder,BUR,5.5,45,0,0,0,0,0,0,0,0,1
2367710,Roberts (Connor),Connor Roberts,Defender,BUR,4.5,16,0,0,0,0,0,0,0,0,1
2367710,Berge,Sander Berge,Midfielder,BUR,5.0,90,1,0,1,0,0,0,0,1,9
2367710,O'Shea,Dara O'Shea,Defender,BUR,3.8,90,0,0,1,0,0,0,0,0,6
2367710,Beyer,Jordan Beyer,Defender,BUR,4.0,90,0,0,1,0,0,1,0,0,5
2367710,Delcroix,Hannes Delcroix,Defender,BUR,4.0,7,0,0,0,0,0,0,0,0,1
2367710,Trafford,James Trafford,Goalkeeper,BUR,5.0,90,0,0,1,0,0,0,0,2,9
2367710,Foster,Lyle Foster,Forward,BUR,5.0,64,0,1,1,0,0,0,0,0,5
2367710,Trésor,Mike Trésor,Midfielder,BUR,4.5,44,0,0,0,0,0,0,0,0,1
2367710,Vitinho,Victor Alexander da Silva,Defender,BUR,4.4,90,0,0,1,0,0,0,0,0,6
2367710,Amdouni,Zeki Amdouni,Forward,BUR,5.0,80,0,0,1,0,0,0,0,0,2
2367710,Odobert,Wilson Odobert,Midfielder,BUR,5.5,80,1,1,1,0,0,0,0,3,14
2367710,Cairney,Tom Cairney,Midfielder,FUL,5.0,90,0,0,0,2,0,0,0,0,2
2367710,Leno,Bernd Leno,Goalkeeper,FUL,5.0,90,0,0,0,2,0,0,0,0,1
2367710,DeCordova-Reid,Bobby DeCordova-Reid,Midfielder,FUL,5.2,32,0,0,0,1,0,0,0,0,1
2367710,Tosin,Oluwatosin Adarabioyo,Defender,FUL,4.5,90,0,0,0,2,0,0,0,0,1
2367710,Iwobi,Alex Iwobi,Midfielder,FUL,6.5,90,0,0,0,2,0,0,0,0,2
2367710,Reed,Harrison Reed,Midfielder,FUL,4.5,14,0,0,0,0,0,0,0,0,1
2367710,Wilson (Harry),Harry Wilson,Midfielder,FUL,5.5,90,0,0,0,2,0,0,0,0,2
2367710,João Palhinha,João Maria Lobo Alves Palhinha Gonçalves,Midfielder,FUL,5.9,82,0,0,0,2,0,1,0,0,1
2367710,Pereira (Andreas),Andreas Pereira,Midfielder,FUL,5.5,64,0,0,0,1,0,0,0,0,2
2367710,Castagne,Timothy Castagne,Defender,FUL,4.5,90,0,0,0,2,0,0,0,0,1
2367710,Robinson (Antonee),Antonee Robinson,Defender,FUL,5.0,82,0,0,0,2,0,0,0,0,1
2367710,Ballo-Toure,Fode Ballo-Toure,Defender,FUL,4.5,14,0,0,0,0,0,0,0,0,1
2367710,Bassey,Calvin Bassey,Defender,FUL,4.5,90,0,0,0,2,0,1,0,0,0
2367710,Rodrigo Muniz,Rodrigo Muniz Carvalho,Forward,FUL,5.5,64,0,0,0,1,0,0,0,0,2
2367710,Carlos Vinicius,Carlos Vinicius Alves Morais,Forward,FUL,5.0,32,0,0,0,1,0,0,0,0,1
2367711,Trossard,Leandro Trossard,Midfielder,ARS,7.0,27,0,0,0,0,0,0,0,0,1
2367711,Raya Martin,David Raya Martin,Goalkeeper,ARS,5.5,90,0,0,0,1,0,0,0,0,2
2367711,Odegaard,Martin Odegaard,Midfielder,ARS,8.0,90,0,1,0,1,0,0,0,3,8
2367711,White (Ben),Ben White,Defender,ARS,5.5,90,0,0,0,1,0,1,0,0,1
2367711,Rice,Declan Rice,Midfielder,ARS,6.5,90,0,0,0,1,0,1,0,0,1
2367711,Eddie Nketiah,Edward Nketiah,Forward,ARS,5.5,18,0,0,0,0,0,1,0,0,0
2367711,Jesus,Gabriel Fernando de Jesus,Forward,ARS,6.5,76,0,0,0,1,0,0,0,0,2
2367711,Zinchenko,Oleksandr Zinchenko,Defender,ARS,5.0,90,0,0,0,1,0,0,0,0,2
2367711,Havertz,Kai Havertz,Midfielder,ARS,7.5,90,0,0,0,1,0,1,0,0,1
2367711,Saka,Bukayo Saka,Midfielder,ARS,10.0,90,0,0,0,1,0,1,0,0,1
2367711,Gabriel Magalhães,Gabriel dos Santos Magalhães,Defender,ARS,6.0,90,1,0,0,1,0,0,0,2,10
2367711,Martinelli,Gabriel Teodoro Martinelli Silva,Midfielder,ARS,7.0,66,0,0,0,1,0,0,0,0,2
2367711,Saliba,William Saliba,Defender,ARS,6.0,90,0,0,0,1,0,0,0,0,2
2367711,van Dijk,Virgil van Dijk,Defender,LIV,6.0,90,0,0,0,1,0,0,0,0,2
2367711,Alisson,Alisson Ramses Becker,Goalkeeper,LIV,5.5,90,0,0,0,1,0,0,0,0,2
2367711,Salah,Mohamed Salah,Midfielder,LIV,14.5,90,1,0,0,1,0,1,0,1,7
2367711,Endo,Wataru Endo,Midfielder,LIV,5.0,90,0,0,0,1,0,1,0,0,1
2367711,Alexander-Arnold,Trent Alexander-Arnold,Defender,LIV,7.2,90,0,1,0,1,0,0,0,0,5
2367711,Gomez,Joseph Gomez,Defender,LIV,5.0,60,0,0,0,0,0,0,0,0,1
2367711,Konaté,Ibrahima Konaté,Defender,LIV,5.5,90,0,0,0,1,0,0,0,0,2
2367711,Jones (Curtis),Curtis Jones,Midfielder,LIV,5.5,66,0,0,0,1,0,0,0,0,2
2367711,Tsimikas,Konstantinos Tsimikas,Defender,LIV,5.0,34,0,0,0,1,0,0,0,0,1
2367711,Gakpo,Cody Gakpo,Forward,LIV,7.5,66,0,0,0,1,0,0,0,0,2
2367711,Díaz,Luis Díaz,Midfielder,LIV,8.0,66,0,0,0,1,0,0,0,0,2
2367711,Szoboszlai,Dominik Szoboszlai,Midfielder,LIV,6.5,90,0,0,0,1,0,0,0,0,2
2367711,Gravenberch,Ryan Gravenberch,Midfielder,LIV,5.5,28,0,0,0,0,0,0,0,0,1
2367711,Elliott,Harvey Elliott,Midfielder,LIV,5.5,28,0,0,0,0,0,0,0,0,1
2367711,Núñez,Darwin Núñez,Forward,LIV,6.5,28,0,0,0,0,0,0,0,0,1
2367712,Kaminski,Thomas Kaminski,Goalkeeper,LUT,4.0,90,0,0,1,0,0,0,0,0,6
2367712,Townsend,Andros Townsend,Midfielder,LUT,5.0,79,1,0,1,0,0,0,0,3,11
2367712,Barkley,Ross Barkley,Midfielder,LUT,5.0,90,0,1,1,0,0,1,0,0,5
2367712,Ruddock Mpanzu,Pelly Ruddock Mpanzu,Midfielder,LUT,4.6,18,0,0,0,0,0,0,0,0,1
2367712,Morris,Carlton Morris,Forward,LUT,4.7,17,0,0,0,0,0,0,0,0,1
2367712,Bell,Amarii Bell,Defender,LUT,3.8,74,0,0,1,0,0,0,0,1,7
2367712,Adebayo,Elijah Adebayo,Forward,LUT,4.8,79,0,0,1,0,0,0,0,0,2
2367712,Osho,Gabriel Osho,Defender,LUT,4.4,90,0,0,1,0,0,0,0,0,6
2367712,Andersen (Mads),Mads Andersen,Defender,LUT,3.8,22,0,0,0,0,0,0,0,0,1
2367712,Ogbene,Chiedozie Ogbene,Forward,LUT,4.8,17,0,0,0,0,0,0,0,0,1
2367712,Giles,Ryan John Giles,Defender,LUT,4.2,45,0,0,0,0,0,0,0,0,1
2367712,Brown,Jacob Brown,Forward,LUT,4.9,90,0,0,1,0,0,0,0,0,2
2367712,Doughty,Alfie Doughty,Defender,LUT,4.3,90,0,0,1,0,0,0,0,3,9
2367712,Mengi,Teden Mengi,Defender,LUT,3.9,90,0,0,1,0,0,1,0,0,5
2367712,Sambi Lokonga,Albert Sambi Lokonga,Midfielder,LUT,4.5,79,0,0,1,0,0,0,0,0,3
2367712,Issa Kabore,Issa Kabore,Defender,LUT,4.5,45,0,0,0,0,0,0,0,0,1
2367712,Dubravka,Martin Dubravka,Goalkeeper,NEW,4.0,90,0,0,0,1,0,0,0,0,3
2367712,Wilson (Callum),Callum Wilson,Forward,NEW,6.9,90,0,0,0,1,0,0,0,0,2
2367712,Trippier,Kieran Trippier,Defender,NEW,5.0,90,0,0,0,1,0,0,0,0,2
2367712,Burn,Dan Burn,Defender,NEW,5.0,84,0,0,0,1,0,0,0,0,2
2367712,Lascelles,Jamaal Lascelles,Defender,NEW,4.5,35,0,0,0,1,0,0,0,0,1
2367712,Schär,Fabian Schär,Defender,NEW,5.5,90,0,0,0,1,0,0,0,0,2
2367712,Almirón,Miguel Almirón,Midfielder,NEW,5.4,80,0,0,0,1,0,0,0,0,2
2367712,Longstaff (Sean),Sean Longstaff,Midfielder,NEW,5.0,90,0,0,0,1,0,0,0,0,2
2367712,Bruno Guimarães,Bruno Guimarães Rodriguez Moura,Midfielder,NEW,6.5,90,0,0,0,1,0,1,0,0,2
2367712,Isak,Alexander Isak,Forward,NEW,10.5,56,0,0,0,0,0,0,0,0,1
2367712,Botman,Sven Botman,Defender,NEW,5.0,56,0,0,0,0,0,0,0,0,1
2367712,Gordon (Anthony),Anthony Gordon,Midfielder,NEW,7.5,90,0,0,0,1,0,0,0,0,2
2367712,Livramento,Valentino Livramento,Defender,NEW,5.0,17,0,0,0,0,0,0,0,0,1
2367712,Lewis Hall,Lewis Hall,Defender,NEW,5.5,12,0,0,0,0,0,1,0,0,0
2367712,Miley (Lewis),Lewis Miley,Midfielder,NEW,4.5,36,0,0,0,1,0,0,0,0,1
2367713,Zanka,Mathias Jorgensen,Defender,BRE,4.5,90,0,0,0,1,0,0,0,0,2
2367713,Mee (Ben),Ben Mee,Defender,BRE,4.2,90,0,0,0,1,0,1,0,0,1
2367713,Maupay,Neal Maupay,Forward,BRE,4.9,29,0,0,0,1,0,0,0,0,1
2367713,Flekken,Mark Flekken,Goalkeeper,BRE,4.5,90,0,0,0,1,0,1,0,1,5
2367713,Norgaard,Christian Norgaard,Midfielder,BRE,5.5,90,0,0,0,1,0,0,0,0,2
2367713,Toney,Ivan Toney,Forward,BRE,7.3,90,0,0,0,1,0,1,0,0,1
2367713,Ajer,Kristoffer Ajer,Defender,BRE,4.5,90,0,0,0,1,0,0,0,0,2
2367713,Reguilón,Sergio Reguilón,Defender,BRE,4.1,75,0,0,0,1,0,0,0,0,2
2367713,Janelt,Vitaly Janelt,Midfielder,BRE,5.0,75,0,0,0,1,0,0,0,0,2
2367713,Ghoddos,Saman Ghoddos,Midfielder,BRE,4.5,8,0,0,0,0,0,0,0,0,1
2367713,Jensen,Mathias Jensen,Midfielder,BRE,5.0,20,0,0,0,0,0,0,0,0,1
2367713,Wissa,Yoane Wissa,Forward,BRE,7.5,66,0,0,1,0,0,1,0,0,1
2367713,Roerslev,Mads Roerslev,Defender,BRE,4.5,87,0,0,0,1,0,0,0,0,2
2367713,Lewis-Potter,Keane Lewis-Potter,Midfielder,BRE,5.0,20,0,0,0,0,0,0,0,0,1
2367713,Onyeka,Frank Onyeka,Midfielder,BRE,5.0,87,0,0,0,1,0,0,0,0,2
2367713,Damsgaard,Mikkel Damsgaard,Midfielder,BRE,6.0,8,0,0,0,0,0,0,0,0,1
2367713,Walker,Kyle Walker,Defender,MCI,4.5,90,0,0,1,0,0,1,0,0,5
2367713,Kovacic,Mateo Kovacic,Midfielder,MCI,6.0,8,0,0,0,0,0,0,0,0,1
2367713,Stones,John Stones,Defender,MCI,5.5,90,0,0,1,0,0,1,0,0,5
2367713,Ederson,Ederson Santana de Moraes,Goalkeeper,MCI,5.5,90,0,0,1,0,0,0,0,0,6
2367713,Bernardo Silva,Bernardo Mota Veiga de Carvalho e Silva,Midfielder,MCI,6.5,90,0,0,1,0,0,0,0,0,3
2367713,Rúben Dias,Rúben Santos Gato Alves Dias,Defender,MCI,5.5,90,0,0,1,0,0,0,0,0,6
2367713,Foden,Phil Foden,Midfielder,MCI,8.0,90,0,0,1,0,0,0,0,0,3
2367713,Akanji,Manuel Akanji,Defender,MCI,5.5,90,0,0,1,0,0,0,0,3,9
2367713,Rodri,Rodrigo Hernández Cascante,Midfielder,MCI,6.5,90,0,0,1,0,0,0,0,0,3
2367713,Haaland,Erling Haaland,Forward,MCI,14.0,90,1,0,1,0,0,0,0,2,8
2367713,Doku,Jéremy Doku,Midfielder,MCI,6.5,34,0,0,0,0,0,0,0,0,1
2367713,Álvarez (Julián),Julián Álvarez,Forward,MCI,7.0,87,0,1,1,0,0,0,0,0,5
2367713,Bobb,Oscar Bobb,Midfielder,MCI,5.5,61,0,0,1,0,0,0,0,0,3
2367714,Smith (Adam),Adam Smith,Defender,BOU,4.5,90,0,1,0,2,0,0,0,0,4
2367714,Neto,Norberto Murara Neto,Goalkeeper,BOU,4.5,90,0,0,0,2,0,0,0,0,1
2367714,Brooks (David),David Brooks,Midfielder,BOU,5.0,14,0,0,0,0,0,0,0,0,1
2367714,Moore (Kieffer),Kieffer Moore,Forward,BOU,4.6,14,0,0,0,0,0,0,0,0,1
2367714,Solanke,Dominic Solanke,Forward,BOU,7.5,90,3,0,0,2,0,0,0,3,17
2367714,Cook (Lewis),Lewis Cook,Midfielder,BOU,5.0,24,0,0,0,0,0,0,0,0,1
2367714,Rothwell,Joe Rothwell,Midfielder,BOU,4.8,26,0,0,0,1,0,0,0,0,1
2367714,Christie,Ryan Christie,Midfielder,BOU,5.0,90,0,0,0,2,0,1,0,0,1
2367714,Billing,Philip Billing,Midfielder,BOU,5.0,81,0,1,0,2,0,0,0,0,5
2367714,Tavernier,Marcus Tavernier,Midfielder,BOU,5.5,90,0,0,0,2,0,0,0,0,2
2367714,Senesi,Marcos Senesi,Defender,BOU,4.5,90,0,1,0,2,0,0,0,1,5
2367714,Sinisterra,Luis Sinisterra,Midfielder,BOU,5.0,26,0,0,0,1,0,0,0,0,1
2367714,Semenyo,Antoine Semenyo,Forward,BOU,7.0,69,0,0,0,1,0,1,0,0,1
2367714,Zabarnyi,Illia Zabarnyi,Defender,BOU,5.0,90,0,0,0,2,0,0,0,0,1
2367714,Scott,Alex Scott,Midfielder,BOU,5.0,47,0,0,0,1,0,1,0,0,0
2367714,Dango Ouattara,Dango Ouattara,Midfielder,BOU,6.0,81,0,0,0,2,0,0,0,0,2
2367714,Wood,Chris Wood,Forward,NFO,7.5,90,1,1,0,3,0,0,0,2,11
2367714,Boly,Willy Boly,Defender,NFO,4.0,22,0,0,0,0,0,0,1,0,0
2367714,Toffolo,Harry Toffolo,Defender,NFO,4.2,85,0,0,0,2,0,0,0,0,1
2367714,Origi,Divock Origi,Forward,NFO,5.0,23,0,0,0,0,0,0,0,0,1
2367714,Aina,Ola Aina,Defender,NFO,5.0,11,0,0,0,1,0,0,0,0,1
2367714,Mangala,Orel Mangala,Midfielder,NFO,5.0,45,0,0,0,0,0,0,0,0,1
2367714,Niakhaté,Moussa Niakhaté,Defender,NFO,4.5,70,0,0,0,3,0,0,0,0,1
2367714,Yates,Ryan Yates,Midfielder,NFO,5.0,90,0,0,0,3,0,0,0,0,2
2367714,Hudson-Odoi,Callum Hudson-Odoi,Midfielder,NFO,6.0,45,0,0,0,3,0,0,0,0,1
2367714,Williams (Neco),Neco Williams,Defender,NFO,5.0,90,0,0,0,3,0,0,0,0,1
2367714,Gibbs-White,Morgan Gibbs-White,Midfielder,NFO,7.5,90,0,1,0,2,0,0,0,0,5
2367714,Turner,Matt Turner,Goalkeeper,NFO,4.0,90,0,0,0,3,0,0,0,0,2
2367714,Elanga,Anthony Elanga,Midfielder,NFO,7.0,90,1,0,0,3,0,0,0,0,7
2367714,Danilo,Danilo dos Santos de Oliveira,Midfielder,NFO,4.7,4,0,0,0,1,0,0,0,0,1
2367714,Murillo,Murillo Santiago Costa dos Santos,Defender,NFO,5.5,90,0,0,0,3,0,0,0,0,1
2367715,Tarkowski,James Tarkowski,Defender,EVE,5.5,90,0,0,0,2,0,0,0,0,1
2367715,Gueye,Idrissa Gueye,Midfielder,EVE,5.5,21,0,0,0,2,0,1,0,0,0
2367715,Pickford,Jordan Pickford,Goalkeeper,EVE,5.5,90,0,0,0,2,0,0,0,0,2
2367715,André Gomes,André Filipe Tavares Gomes,Midfielder,EVE,4.4,71,1,0,1,0,0,1,0,0,7
2367715,Calvert-Lewin,Dominic Calvert-Lewin,Forward,EVE,5.4,90,0,0,0,2,0,0,0,0,2
2367715,Danjuma Groeneveld,Arnaut Danjuma Groeneveld,Midfielder,EVE,5.2,31,0,0,0,0,0,0,0,0,1
2367715,Harrison (Jack),Jack Harrison,Midfielder,EVE,5.5,63,0,0,0,2,0,0,0,0,2
2367715,Mykolenko,Vitaliy Mykolenko,Defender,EVE,5.0,90,0,0,0,2,0,0,0,0,1
2367715,Garner,James Garner,Midfielder,EVE,5.0,90,0,0,0,2,0,0,0,0,2
2367715,Patterson (Nathan),Nathan Patterson,Defender,EVE,4.5,90,0,0,0,2,0,1,0,0,0
2367715,McNeil,Dwight McNeil,Midfielder,EVE,6.0,90,0,0,0,2,0,0,0,0,2
2367715,Mvom Onana,Amadou Mvom Onana,Midfielder,EVE,5.0,76,0,0,0,2,0,1,0,0,1
2367715,Branthwaite,Jarrad Branthwaite,Defender,EVE,5.5,90,0,0,0,2,0,0,0,0,1
2367715,Beto,Norberto Bercique Gomes Betuncal,Forward,EVE,5.5,18,0,0,0,0,0,0,0,0,1
2367715,Son,Heung-Min Son,Midfielder,TOT,8.5,90,1,0,0,1,0,0,0,0,7
2367715,Dier,Eric Dier,Defender,TOT,4.2,45,0,0,0,1,0,0,0,0,1
2367715,Davies (Ben),Ben Davies,Defender,TOT,4.5,90,0,0,0,1,0,0,0,0,2
2367715,Højbjerg,Pierre-Emile Højbjerg,Midfielder,TOT,5.0,33,0,0,0,1,0,0,0,0,1
2367715,Vicario,Guglielmo Vicario,Goalkeeper,TOT,5.0,90,0,0,0,1,0,0,0,2,6
2367715,Lo Celso,Giovani Lo Celso,Midfielder,TOT,4.9,23,0,0,0,1,0,0,0,0,1
2367715,Skipp,Oliver Skipp,Midfielder,TOT,4.7,90,0,0,0,1,0,0,0,0,2
2367715,Richarlison,Richarlison de Andrade,Midfielder,TOT,6.5,61,1,0,1,0,0,0,0,0,8
2367715,Romero,Cristian Romero,Defender,TOT,5.0,45,0,0,0,0,0,0,0,0,1
2367715,Emerson Royal,Emerson Aparecido Leite de Souza Junior,Defender,TOT,4.5,90,0,0,0,1,0,0,0,3,5
2367715,Johnson (Brennan),Brennan Johnson,Midfielder,TOT,7.0,90,0,2,0,1,0,0,0,1,9
2367715,Porro,Pedro Porro,Defender,TOT,5.5,90,0,0,0,1,0,0,0,0,2
2367715,Kulusevski,Dejan Kulusevski,Midfielder,TOT,6.5,90,0,0,0,1,0,1,0,0,1
2367715,Sarr (Pape),Pape Sarr,Midfielder,TOT,5.0,70,0,0,1,0,0,0,0,0,3
2367716,Evans,Jonny Evans,Defender,MUN,4.4,90,0,0,0,2,0,1,0,0,0
2367716,Eriksen,Christian Eriksen,Midfielder,MUN,5.2,12,0,0,0,0,0,0,0,0,1
2367716,Shaw,Luke Shaw,Defender,MUN,4.5,90,0,0,0,2,0,1,0,0,0
2367716,Bruno Fernandes,Bruno Miguel Borges Fernandes,Midfielder,MUN,9.0,90,0,0,0,2,0,1,0,0,1
2367716,Rashford,Marcus Rashford,Midfielder,MUN,7.0,39,0,0,0,2,0,0,0,0,1
2367716,McTominay,Scott McTominay,Midfielder,MUN,4.9,90,0,0,0,2,0,0,0,0,2
2367716,Reguilón,Sergio Reguilón,Defender,MUN,4.1,13,0,0,0,0,0,0,0,0,1
2367716,Onana,André Onana,Goalkeeper,MUN,5.0,90,0,0,0,2,0,0,0,0,2
2367716,Wan-Bissaka,Aaron Wan-Bissaka,Defender,MUN,4.5,90,0,0,0,2,0,0,0,0,1
2367716,Antony,Antony Matheus dos Santos,Midfielder,MUN,6.0,72,0,0,0,1,0,0,0,0,2
2367716,Pellistri,Facundo Pellistri,Midfielder,MUN,5.0,24,0,0,0,1,0,0,0,0,1
2367716,Garnacho,Alejandro Garnacho Ferreyra,Midfielder,MUN,6.5,83,0,0,0,2,0,0,0,0,2
2367716,Højlund,Rasmus Højlund,Forward,MUN,6.5,56,0,0,0,0,0,0,0,0,1
2367716,Mainoo,Kobbie Mainoo,Midfielder,MUN,5.0,90,0,0,0,2,0,0,0,0,2
2367716,Kambwala,Willy Kambwala,Defender,MUN,3.9,83,0,0,0,2,0,0,0,0,1
2367716,Areola,Alphonse Areola,Goalkeeper,WHU,4.5,90,0,0,1,0,0,0,0,1,8
2367716,Ward-Prowse,James Ward-Prowse,Midfielder,WHU,6.0,90,0,0,1,0,0,0,0,0,3
2367716,Zouma,Kurt Zouma,Defender,WHU,4.4,90,0,0,1,0,0,0,0,0,6
2367716,Emerson,Emerson Palmieri dos Santos,Defender,WHU,4.5,90,0,0,1,0,0,0,0,3,9
2367716,Coufal,Vladimir Coufal,Defender,WHU,4.1,90,0,0,1,0,0,0,0,1,7
2367716,Bowen,Jarrod Bowen,Midfielder,WHU,8.0,86,1,0,1,0,0,0,0,0,8
2367716,Álvarez (Edson),Edson Álvarez,Midfielder,WHU,5.0,90,0,0,1,0,0,0,0,0,3
2367716,Soucek,Tomas Soucek,Midfielder,WHU,6.0,90,0,0,1,0,0,0,0,0,3
2367716,Fornals,Pablo Fornals,Midfielder,WHU,4.6,10,0,0,0,0,0,0,0,0,1
2367716,Johnson (Ben),Ben Johnson,Defender,WHU,3.8,4,0,0,0,0,0,0,0,0,1
2367716,Lucas Paquetá,Lucas Tolentino Coelho de Lima,Midfielder,WHU,6.0,90,0,1,1,0,0,1,0,0,5
2367716,Mavropanos,Konstantinos Mavropanos,Defender,WHU,4.5,90,0,0,1,0,0,0,0,0,6
2367716,Kudus,Mohammed Kudus,Midfielder,WHU,6.5,90,1,0,1,0,0,1,0,2,9
2367717,Thiago Silva,Thiago Emiliano da Silva,Defender,CHE,5.0,90,0,0,0,2,0,0,0,0,1
2367717,Sterling (Raheem),Raheem Sterling,Midfielder,CHE,6.7,90,0,1,0,2,0,1,0,0,4
2367717,Nkunku,Christopher Nkunku,Forward,CHE,6.0,40,1,0,0,1,0,0,0,2,7
2367717,Disasi,Axel Disasi,Defender,CHE,4.2,90,0,0,0,2,0,0,0,1,2
2367717,Gallagher,Conor Gallagher,Midfielder,CHE,5.9,90,0,0,0,2,0,1,0,0,1
2367717,Badiashile,Benoît Badiashile,Defender,CHE,4.5,23,0,0,0,1,0,0,0,0,1
2367717,Palmer,Cole Palmer,Midfielder,CHE,10.5,90,0,0,0,2,0,1,0,0,1
2367717,Madueke,Noni Madueke,Midfielder,CHE,7.0,23,0,0,0,1,0,0,0,0,1
2367717,Broja,Armando Broja,Forward,CHE,5.3,56,0,0,0,1,0,0,0,0,1
2367717,Maatsen,Ian Maatsen,Midfielder,CHE,4.5,24,0,0,0,1,0,0,0,0,1
2367717,Petrovic,Dorde Petrovic,Goalkeeper,CHE,4.5,90,0,0,0,2,0,0,0,0,2
2367717,Colwill,Levi Colwill,Defender,CHE,5.0,72,0,0,0,1,0,0,0,0,2
2367717,Mudryk,Mykhailo Mudryk,Midfielder,CHE,5.0,40,0,0,0,1,0,0,0,0,1
2367717,Gusto,Malo Gusto,Defender,CHE,5.0,73,0,0,0,1,0,1,0,0,1
2367717,Ugochukwu,Lesley Ugochukwu,Midfielder,CHE,4.4,56,0,0,0,1,0,0,0,0,1
2367717,Jackson (Nicolas),Nicolas Jackson,Forward,CHE,6.5,73,0,0,0,1,0,1,0,0,1
2367717,Dawson,Craig Dawson,Defender,WOL,4.2,63,0,0,1,0,0,0,0,1,7
2367717,Doherty,Matt Doherty,Defender,WOL,4.5,17,1,0,0,1,0,0,0,1,8
2367717,Sarabia,Pablo Sarabia,Midfielder,WOL,5.0,68,0,1,1,0,0,0,0,1,7
2367717,José Sá,José Pedro Malheiro de Sá,Goalkeeper,WOL,4.5,90,0,0,0,1,0,0,0,0,3
2367717,Lemina (Mario),Mario Lemina,Midfielder,WOL,4.8,90,1,0,0,1,0,1,0,3,9
2367717,Hwang Hee-Chan,Hee-Chan Hwang,Midfielder,WOL,6.0,90,0,0,0,1,0,0,0,0,2
2367717,Semedo,Nelson Semedo,Defender,WOL,4.5,90,0,0,0,1,0,0,0,0,2
2367717,Kilman,Max Kilman,Defender,WOL,4.5,90,0,0,0,1,0,0,0,0,2
2367717,Doyle,Tommy Doyle,Midfielder,WOL,4.7,28,0,0,0,1,0,0,0,0,1
2367717,Bueno (Santiago),Santiago Bueno,Defender,WOL,4.5,33,0,0,0,1,0,0,0,0,1
2367717,Matheus Cunha,Matheus Santos Carneiro Da Cunha,Forward,WOL,8.0,79,0,0,1,0,0,1,0,0,1
2367717,João Gomes,João Victor Gomes da Silva,Midfielder,WOL,5.5,90,0,0,0,1,0,0,0,0,2
2367717,Ait Nouri,Rayan Ait Nouri,Defender,WOL,6.0,79,0,0,1,0,0,0,0,1,7
2367717,Bueno (Hugo),Hugo Bueno,Defender,WOL,4.5,16,0,0,0,1,0,1,0,0,0
2367717,Toti,Toti António Gomes,Defender,WOL,4.5,90,0,0,0,1,0,0,0,0,2
2367718,Smith (Adam),Adam Smith,Defender,BOU,4.5,90,0,0,1,0,0,0,0,0,6
2367718,Neto,Norberto Murara Neto,Goalkeeper,BOU,4.5,90,0,0,1,0,0,0,0,2,9
2367718,Brooks (David),David Brooks,Midfielder,BOU,5.0,8,0,1,0,0,0,0,0,0,4
2367718,Solanke,Dominic Solanke,Forward,BOU,7.5,90,1,0,1,0,0,0,0,0,6
2367718,Christie,Ryan Christie,Midfielder,BOU,5.0,90,0,0,1,0,0,0,0,0,3
2367718,Billing,Philip Billing,Midfielder,BOU,5.0,24,0,0,0,0,0,0,0,0,1
2367718,Tavernier,Marcus Tavernier,Midfielder,BOU,5.5,88,0,0,1,0,0,0,0,0,3
2367718,Senesi,Marcos Senesi,Defender,BOU,4.5,90,0,0,1,0,0,0,0,0,6
2367718,Kluivert,Justin Kluivert,Midfielder,BOU,7.0,72,1,0,1,0,0,0,0,0,8
2367718,Sinisterra,Luis Sinisterra,Midfielder,BOU,5.0,24,1,0,0,0,0,0,0,0,6
2367718,Semenyo,Antoine Semenyo,Forward,BOU,7.0,72,0,1,1,0,0,0,0,0,5
2367718,Zabarnyi,Illia Zabarnyi,Defender,BOU,5.0,90,0,0,1,0,0,0,0,1,7
2367718,Scott,Alex Scott,Midfielder,BOU,5.0,90,0,1,1,0,0,0,0,3,9
2367718,Dango Ouattara,Dango Ouattara,Midfielder,BOU,6.0,90,0,0,1,0,0,0,0,0,3
2367718,Cairney,Tom Cairney,Midfielder,FUL,5.0,82,0,0,0,2,0,0,0,0,2
2367718,Leno,Bernd Leno,Goalkeeper,FUL,5.0,90,0,0,0,3,0,1,0,0,0
2367718,DeCordova-Reid,Bobby DeCordova-Reid,Midfielder,FUL,5.2,73,0,0,0,2,0,0,0,0,2
2367718,Tosin,Oluwatosin Adarabioyo,Defender,FUL,4.5,90,0,0,0,3,0,0,0,0,1
2367718,Iwobi,Alex Iwobi,Midfielder,FUL,6.5,90,0,0,0,3,0,0,0,0,2
2367718,Wilson (Harry),Harry Wilson,Midfielder,FUL,5.5,24,0,0,0,1,0,0,0,0,1
2367718,João Palhinha,João Maria Lobo Alves Palhinha Gonçalves,Midfielder,FUL,5.9,90,0,0,0,3,0,0,0,0,2
2367718,Pereira (Andreas),Andreas Pereira,Midfielder,FUL,5.5,82,0,0,0,2,0,1,0,0,1
2367718,Castagne,Timothy Castagne,Defender,FUL,4.5,24,0,0,0,1,0,0,0,0,1
2367718,Tete,Kenny Tete,Defender,FUL,4.5,72,0,0,0,2,0,0,0,0,1
2367718,Robinson (Antonee),Antonee Robinson,Defender,FUL,5.0,82,0,0,0,2,0,0,0,0,1
2367718,Lukic,Sasa Lukic,Midfielder,FUL,5.0,14,0,0,0,1,0,0,0,0,1
2367718,Ballo-Toure,Fode Ballo-Toure,Defender,FUL,4.5,14,0,0,0,1,0,0,0,0,1
2367718,Bassey,Calvin Bassey,Defender,FUL,4.5,90,0,0,0,3,0,0,0,0,1
2367718,Rodrigo Muniz,Rodrigo Muniz Carvalho,Forward,FUL,5.5,90,0,0,0,3,0,0,0,0,2
2367718,Carlos Vinicius,Carlos Vinicius Alves Morais,Forward,FUL,5.0,14,0,0,0,1,0,0,0,0,1
2367719,Trossard,Leandro Trossard,Midfielder,ARS,7.0,79,0,0,0,2,0,0,0,0,2
2367719,Raya Martin,David Raya Martin,Goalkeeper,ARS,5.5,90,0,0,0,2,0,0,0,0,6
2367719,Odegaard,Martin Odegaard,Midfielder,ARS,8.0,90,0,0,0,2,0,0,0,0,2
2367719,White (Ben),Ben White,Defender,ARS,5.5,90,0,0,0,2,0,0,0,0,1
2367719,Nelson (Reiss),Reiss Nelson,Midfielder,ARS,5.0,32,0,0,0,0,0,1,0,0,0
2367719,Rice,Declan Rice,Midfielder,ARS,6.5,90,0,0,0,2,0,0,0,0,2
2367719,Eddie Nketiah,Edward Nketiah,Forward,ARS,5.5,32,0,0,0,0,0,0,0,0,1
2367719,Jesus,Gabriel Fernando de Jesus,Forward,ARS,6.5,90,0,0,0,2,0,1,0,0,1
2367719,Zinchenko,Oleksandr Zinchenko,Defender,ARS,5.0,64,0,0,0,2,0,0,0,0,1
2367719,Smith-Rowe,Emile Smith-Rowe,Midfielder,ARS,6.0,17,0,0,0,0,0,0,0,0,1
2367719,Saka,Bukayo Saka,Midfielder,ARS,10.0,90,0,0,0,2,0,0,0,0,2
2367719,Gabriel Magalhães,Gabriel dos Santos Magalhães,Defender,ARS,6.0,90,0,0,0,2,0,0,0,0,1
2367719,Martinelli,Gabriel Teodoro Martinelli Silva,Midfielder,ARS,7.0,64,0,0,0,2,0,0,0,0,2
2367719,Saliba,William Saliba,Defender,ARS,6.0,90,0,0,0,2,0,0,0,0,1
2367719,Ogbonna,Angelo Ogbonna,Defender,WHU,4.2,90,0,0,1,0,0,0,0,0,6
2367719,Areola,Alphonse Areola,Goalkeeper,WHU,4.5,90,0,0,1,0,0,0,0,2,10
2367719,Ward-Prowse,James Ward-Prowse,Midfielder,WHU,6.0,90,0,1,1,0,0,0,0,0,6
2367719,Emerson,Emerson Palmieri dos Santos,Defender,WHU,4.5,90,0,0,1,0,0,0,0,0,6
2367719,Coufal,Vladimir Coufal,Defender,WHU,4.1,90,0,0,1,0,0,0,0,0,6
2367719,Benrahma,Said Benrahma,Midfielder,WHU,5.6,63,0,0,0,0,0,0,0,0,0
2367719,Bowen,Jarrod Bowen,Midfielder,WHU,8.0,90,0,1,1,0,0,0,0,0,6
2367719,Álvarez (Edson),Edson Álvarez,Midfielder,WHU,5.0,90,0,0,1,0,0,0,0,0,3
2367719,Soucek,Tomas Soucek,Midfielder,WHU,6.0,90,1,0,1,0,0,0,0,1,9
2367719,Lucas Paquetá,Lucas Tolentino Coelho de Lima,Midfielder,WHU,6.0,31,0,0,0,0,0,0,0,0,1
2367719,Mavropanos,Konstantinos Mavropanos,Defender,WHU,4.5,90,1,0,1,0,0,0,0,3,15
2367719,Kudus,Mohammed Kudus,Midfielder,WHU,6.5,90,0,0,1,0,0,0,0,0,3
2367720,Maupay,Neal Maupay,Forward,BRE,4.9,90,0,1,0,4,0,0,0,0,5
2367720,Flekken,Mark Flekken,Goalkeeper,BRE,4.5,90,0,0,0,4,0,0,0,0,0
2367720,Norgaard,Christian Norgaard,Midfielder,BRE,5.5,90,0,0,0,4,0,1,0,0,1
2367720,Janelt,Vitaly Janelt,Midfielder,BRE,5.0,90,0,0,0,4,0,0,0,0,2
2367720,Ghoddos,Saman Ghoddos,Midfielder,BRE,4.5,90,0,0,0,4,0,0,0,0,2
2367720,Jensen,Mathias Jensen,Midfielder,BRE,5.0,29,0,0,0,1,0,0,0,0,1
2367720,Wissa,Yoane Wissa,Forward,BRE,7.5,85,1,0,0,4,0,0,0,1,7
2367720,Roerslev,Mads Roerslev,Defender,BRE,4.5,67,0,0,0,3,0,0,0,0,1
2367720,Pinnock,Ethan Pinnock,Defender,BRE,4.5,90,0,0,0,4,0,0,0,0,0
2367720,Lewis-Potter,Keane Lewis-Potter,Midfielder,BRE,5.0,85,0,0,0,4,0,0,0,0,2
2367720,Collins,Nathan Collins,Defender,BRE,5.0,90,0,0,0,4,0,0,0,0,0
2367720,Damsgaard,Mikkel Damsgaard,Midfielder,BRE,6.0,45,0,0,0,1,0,0,0,0,1
2367720,Peart-Harris,Myles Peart-Harris,Midfielder,BRE,4.5,11,0,0,0,0,0,0,0,0,1
2367720,Olakigbe,Michael Olakigbe,Midfielder,BRE,4.5,11,0,0,0,0,0,0,0,0,1
2367720,Yarmolyuk,Ehor Yarmolyuk,Midfielder,BRE,5.0,45,0,0,0,3,0,0,0,0,1
2367720,Doherty,Matt Doherty,Defender,WOL,4.5,32,0,0,0,0,0,0,0,0,1
2367720,Sarabia,Pablo Sarabia,Midfielder,WOL,5.0,64,0,1,0,1,0,0,0,0,5
2367720,José Sá,José Pedro Malheiro de Sá,Goalkeeper,WOL,4.5,90,0,0,0,1,0,0,0,0,3
2367720,Lemina (Mario),Mario Lemina,Midfielder,WOL,4.8,90,1,0,0,1,0,0,0,2,9
2367720,Hwang Hee-Chan,Hee-Chan Hwang,Midfielder,WOL,6.0,45,2,0,0,1,0,0,0,3,14
2367720,Semedo,Nelson Semedo,Defender,WOL,4.5,64,0,0,0,1,0,0,0,0,2
2367720,Kilman,Max Kilman,Defender,WOL,4.5,90,0,0,0,1,0,1,0,0,1
2367720,Doyle,Tommy Doyle,Midfielder,WOL,4.7,32,0,0,0,0,0,0,0,0,1
2367720,Bellegarde,Jean-Ricner Bellegarde,Midfielder,WOL,5.5,47,1,0,0,0,0,0,0,0,6
2367720,Bueno (Santiago),Santiago Bueno,Defender,WOL,4.5,90,0,0,0,1,0,0,0,0,2
2367720,Matheus Cunha,Matheus Santos Carneiro Da Cunha,Forward,WOL,8.0,90,0,1,0,1,0,0,0,0,5
2367720,João Gomes,João Victor Gomes da Silva,Midfielder,WOL,5.5,90,0,0,0,1,0,0,0,0,2
2367720,Ait Nouri,Rayan Ait Nouri,Defender,WOL,6.0,80,0,0,0,1,0,0,0,0,2
2367720,Bueno (Hugo),Hugo Bueno,Defender,WOL,4.5,16,0,0,0,0,0,0,0,0,1
2367720,Toti,Toti António Gomes,Defender,WOL,4.5,90,0,1,0,1,0,0,0,0,5
2367721,Milner,James Milner,Midfielder,BHA,5.0,68,0,1,1,0,0,0,0,0,6
2367721,Lallana,Adam Lallana,Midfielder,BHA,5.0,8,0,0,0,0,0,0,0,0,1
2367721,Steele,Jason Steele,Goalkeeper,BHA,4.5,90,0,0,0,2,0,0,0,0,1
2367721,Welbeck,Danny Welbeck,Forward,BHA,6.5,68,0,1,1,0,0,0,0,0,5
2367721,Groß,Pascal Groß,Midfielder,BHA,6.5,90,0,0,0,2,0,0,0,0,2
2367721,Dunk,Lewis Dunk,Defender,BHA,4.5,90,0,0,0,2,0,1,0,0,0
2367721,Estupiñán,Pervis Estupiñán,Defender,BHA,4.5,45,1,0,0,2,0,0,0,0,6
2367721,Igor Julio,Igor Julio dos Santos de Paulo,Defender,BHA,4.5,45,0,0,0,0,0,0,0,0,1
2367721,Moder,Jakub Moder,Midfielder,BHA,4.4,29,0,0,0,2,0,1,0,0,0
2367721,Gilmour,Billy Gilmour,Midfielder,BHA,5.0,90,0,0,0,2,0,0,0,0,2
2367721,van Hecke,Jan-Paul van Hecke,Defender,BHA,4.5,90,0,0,0,2,0,0,0,0,1
2367721,João Pedro,João Pedro Junqueira de Jesus,Forward,BHA,7.5,90,2,1,0,2,0,0,0,3,16
2367721,Ferguson (Evan),Evan Ferguson,Forward,BHA,5.5,29,0,1,0,2,0,0,0,0,4
2367721,Hinshelwood,Jack Hinshelwood,Midfielder,BHA,5.5,90,1,0,0,2,0,0,0,2,9
2367721,Baleba,Carlos Baleba,Midfielder,BHA,5.0,39,0,0,0,2,0,0,0,0,1
2367721,Buonanotte,Facundo Buonanotte,Midfielder,BHA,5.0,59,0,0,0,0,0,1,0,0,0
2367721,Son,Heung-Min Son,Midfielder,TOT,8.5,90,0,1,0,4,0,0,0,0,5
2367721,Davies (Ben),Ben Davies,Defender,TOT,4.5,90,1,0,0,4,0,0,0,0,6
2367721,Højbjerg,Pierre-Emile Højbjerg,Midfielder,TOT,5.0,90,0,0,0,4,0,0,0,0,2
2367721,Vicario,Guglielmo Vicario,Goalkeeper,TOT,5.0,90,0,0,0,4,0,0,0,0,1
2367721,Lo Celso,Giovani Lo Celso,Midfielder,TOT,4.9,33,0,0,0,1,0,0,0,0,1
2367721,Richarlison,Richarlison de Andrade,Midfielder,TOT,6.5,64,0,0,0,3,0,1,0,0,1
2367721,Emerson Royal,Emerson Aparecido Leite de Souza Junior,Defender,TOT,4.5,90,0,0,0,4,0,0,0,0,0
2367721,Johnson (Brennan),Brennan Johnson,Midfielder,TOT,7.0,69,0,0,0,3,0,0,0,0,2
2367721,Gil,Bryan Gil,Midfielder,TOT,5.0,33,0,0,0,1,0,0,0,0,1
2367721,Porro,Pedro Porro,Defender,TOT,5.5,90,0,1,0,4,0,0,0,2,5
2367721,Kulusevski,Dejan Kulusevski,Midfielder,TOT,6.5,90,0,0,0,4,0,1,0,0,1
2367721,Sarr (Pape),Pape Sarr,Midfielder,TOT,5.0,64,0,0,0,3,0,0,0,0,2
2367721,Destiny Udogie,Iyenoma Destiny Udogie,Defender,TOT,4.5,90,0,0,0,4,0,0,0,0,0
2367721,Véliz,Alejo Véliz,Forward,TOT,5.0,28,1,0,0,1,0,0,0,0,5
2367722,Gudmundsson,Johann Berg Gudmundsson,Midfielder,BUR,4.8,36,0,0,0,1,0,0,0,0,1
2367722,Redmond,Nathan Redmond,Midfielder,BUR,4.7,12,0,0,0,1,0,0,0,0,1
2367722,Taylor (Charlie),Charlie Taylor,Defender,BUR,3.9,90,0,0,0,2,0,0,0,0,1
2367722,Brownhill,Josh Brownhill,Midfielder,BUR,4.7,90,0,0,0,2,0,0,0,0,2
2367722,Bruun Larsen,Jacob Bruun Larsen,Midfielder,BUR,5.5,12,0,0,0,1,0,0,0,0,1
2367722,Berge,Sander Berge,Midfielder,BUR,5.0,90,0,0,0,2,0,1,0,0,1
2367722,O'Shea,Dara O'Shea,Defender,BUR,3.8,90,0,0,0,2,0,1,0,0,0
2367722,Beyer,Jordan Beyer,Defender,BUR,4.0,90,0,0,0,2,0,0,0,0,1
2367722,Trafford,James Trafford,Goalkeeper,BUR,5.0,90,0,0,0,2,0,0,0,0,3
2367722,Foster,Lyle Foster,Forward,BUR,5.0,84,0,0,0,1,0,0,0,0,2
2367722,Trésor,Mike Trésor,Midfielder,BUR,4.5,59,0,0,0,1,0,0,0,0,2
2367722,Vitinho,Victor Alexander da Silva,Defender,BUR,4.4,90,0,0,0,2,0,0,0,0,1
2367722,Ramsey (Aaron),Aaron Ramsey,Midfielder,BUR,4.5,5,0,0,0,0,0,0,0,0,1
2367722,Amdouni,Zeki Amdouni,Forward,BUR,5.0,84,0,0,0,1,0,0,0,0,2
2367722,Odobert,Wilson Odobert,Midfielder,BUR,5.5,90,0,0,0,2,0,0,0,0,2
2367722,van Dijk,Virgil van Dijk,Defender,LIV,6.0,90,0,0,1,0,0,0,0,1,7
2367722,Alisson,Alisson Ramses Becker,Goalkeeper,LIV,5.5,90,0,0,1,0,0,0,0,0,6
2367722,Salah,Mohamed Salah,Midfielder,LIV,14.5,90,0,0,1,0,0,0,0,0,3
2367722,Endo,Wataru Endo,Midfielder,LIV,5.0,90,0,0,1,0,0,0,0,0,3
2367722,Alexander-Arnold,Trent Alexander-Arnold,Defender,LIV,7.2,90,0,0,1,0,0,1,0,3,8
2367722,Gomez,Joseph Gomez,Defender,LIV,5.0,90,0,0,1,0,0,0,0,0,6
2367722,Diogo Jota,Diogo José Teixeira da Silva,Midfielder,LIV,7.2,12,1,0,0,0,0,0,0,0,6
2367722,Jones (Curtis),Curtis Jones,Midfielder,LIV,5.5,30,0,0,0,0,0,0,0,0,1
2367722,Gakpo,Cody Gakpo,Forward,LIV,7.5,65,0,1,1,0,0,0,0,0,5
2367722,Díaz,Luis Díaz,Midfielder,LIV,8.0,30,0,1,0,0,0,0,0,0,4
2367722,Szoboszlai,Dominik Szoboszlai,Midfielder,LIV,6.5,30,0,0,0,0,0,0,0,0,1
2367722,Gravenberch,Ryan Gravenberch,Midfielder,LIV,5.5,65,0,0,1,0,0,0,0,0,3
2367722,Quansah,Jarell Quansah,Defender,LIV,3.9,90,0,0,1,0,0,0,0,0,6
2367722,Elliott,Harvey Elliott,Midfielder,LIV,5.5,65,0,0,1,0,0,0,0,0,3
2367722,Núñez,Darwin Núñez,Forward,LIV,6.5,83,1,0,1,0,0,0,0,2,8
2367723,Thiago Silva,Thiago Emiliano da Silva,Defender,CHE,5.0,39,0,0,0,0,0,0,0,0,1
2367723,Nkunku,Christopher Nkunku,Forward,CHE,6.0,69,0,0,0,1,0,0,0,0,2
2367723,Disasi,Axel Disasi,Defender,CHE,4.2,90,0,0,0,1,0,0,0,0,2
2367723,Gallagher,Conor Gallagher,Midfielder,CHE,5.9,90,0,0,0,1,0,1,0,0,1
2367723,Badiashile,Benoît Badiashile,Defender,CHE,4.5,89,0,0,0,1,0,0,0,0,2
2367723,Madueke,Noni Madueke,Midfielder,CHE,7.0,26,1,0,0,0,0,1,0,1,6
2367723,Broja,Armando Broja,Forward,CHE,5.3,26,0,0,0,0,0,0,0,0,1
2367723,Maatsen,Ian Maatsen,Midfielder,CHE,4.5,56,0,0,0,1,0,0,0,0,1
2367723,Petrovic,Dorde Petrovic,Goalkeeper,CHE,4.5,90,0,0,0,1,0,0,0,0,3
2367723,Colwill,Levi Colwill,Defender,CHE,5.0,56,0,0,0,1,0,0,0,0,1
2367723,Mudryk,Mykhailo Mudryk,Midfielder,CHE,5.0,69,1,0,0,1,0,0,0,1,8
2367723,Gusto,Malo Gusto,Defender,CHE,5.0,90,0,1,0,1,0,0,0,3,8
2367723,Moises Caicedo,Moises Caicedo,Midfielder,CHE,5.5,90,0,0,0,1,0,1,0,0,1
2367723,Gilchrist,Alfie Gilchrist,Defender,CHE,4.0,7,0,0,0,0,0,0,0,0,1
2367723,Lavia,Romeo Lavia,Midfielder,CHE,5.0,39,0,0,0,0,0,0,0,0,1
2367723,Jackson (Nicolas),Nicolas Jackson,Forward,CHE,6.5,90,0,0,0,1,0,0,0,0,2
2367723,Clyne,Nathaniel Clyne,Defender,CRY,4.0,90,0,0,0,2,0,0,0,0,1
2367723,Ayew (Jordan),Jordan Ayew,Midfielder,CRY,5.1,77,0,1,0,1,0,0,0,0,5
2367723,Schlupp,Jeffrey Schlupp,Midfielder,CRY,4.6,19,0,0,0,1,0,0,0,0,1
2367723,Lerma,Jefferson Lerma,Midfielder,CRY,5.0,86,0,0,0,2,0,0,0,0,2
2367723,Henderson (Dean),Dean Henderson,Goalkeeper,CRY,5.0,90,0,0,0,2,0,0,0,0,1
2367723,Andersen (Joachim),Joachim Andersen,Defender,CRY,4.5,90,0,0,0,2,0,0,0,0,1
2367723,Marc Guehi,Addji Keaninkin Marc-Israel Guehi,Defender,CRY,4.5,90,0,0,0,2,0,0,0,0,1
2367723,Mateta,Jean-Philippe Mateta,Forward,CRY,7.5,90,0,0,0,2,0,0,0,0,2
2367723,Eze,Eberechi Eze,Midfielder,CRY,7.5,90,0,0,0,2,0,0,0,0,2
2367723,Mitchell,Tyrick Mitchell,Defender,CRY,5.0,90,0,0,0,2,0,1,0,0,0
2367723,Richards (Chris),Chris Richards,Defender,CRY,4.5,90,0,0,0,2,0,1,0,0,0
2367723,Olise,Michael Olise,Midfielder,CRY,5.7,90,1,0,0,2,0,0,0,2,9
2367723,Matheus França,Matheus França de Oliveira,Midfielder,CRY,4.5,9,0,0,0,0,0,0,0,0,1
2367724,Tarkowski,James Tarkowski,Defender,EVE,5.5,90,0,0,0,3,0,0,0,0,1
2367724,Keane,Michael Keane,Defender,EVE,4.5,31,0,0,0,1,0,0,0,0,1
2367724,Pickford,Jordan Pickford,Goalkeeper,EVE,5.5,90,0,0,0,3,0,1,0,0,2
2367724,André Gomes,André Filipe Tavares Gomes,Midfielder,EVE,4.4,64,0,0,0,2,0,1,0,0,1
2367724,Calvert-Lewin,Dominic Calvert-Lewin,Forward,EVE,5.4,31,0,0,0,1,0,0,0,0,1
2367724,Danjuma Groeneveld,Arnaut Danjuma Groeneveld,Midfielder,EVE,5.2,17,0,0,0,1,0,0,0,0,1
2367724,Harrison (Jack),Jack Harrison,Midfielder,EVE,5.5,78,1,0,0,2,0,0,0,0,7
2367724,Mykolenko,Vitaliy Mykolenko,Defender,EVE,5.0,90,0,0,0,3,0,0,0,0,1
2367724,Garner,James Garner,Midfielder,EVE,5.0,90,0,0,0,3,0,0,0,0,2
2367724,Patterson (Nathan),Nathan Patterson,Defender,EVE,4.5,90,0,0,0,3,0,1,0,0,0
2367724,McNeil,Dwight McNeil,Midfielder,EVE,6.0,90,0,1,0,3,0,0,0,0,5
2367724,Mvom Onana,Amadou Mvom Onana,Midfielder,EVE,5.0,90,0,0,0,3,0,0,0,0,2
2367724,Branthwaite,Jarrad Branthwaite,Defender,EVE,5.5,90,0,0,0,3,0,1,0,0,0
2367724,Beto,Norberto Bercique Gomes Betuncal,Forward,EVE,5.5,64,0,0,0,2,0,0,0,0,2
2367724,Walker,Kyle Walker,Defender,MCI,4.5,90,0,0,0,1,0,0,0,0,2
2367724,Kovacic,Mateo Kovacic,Midfielder,MCI,6.0,30,0,0,0,0,0,0,0,0,1
2367724,Stones,John Stones,Defender,MCI,5.5,40,0,0,0,1,0,0,0,0,1
2367724,Grealish,Jack Grealish,Midfielder,MCI,6.5,90,0,0,0,1,0,1,0,0,1
2367724,Ederson,Ederson Santana de Moraes,Goalkeeper,MCI,5.5,90,0,0,0,1,0,0,0,0,2
2367724,Aké,Nathan Aké,Defender,MCI,5.5,90,0,1,0,1,0,0,0,0,5
2367724,Bernardo Silva,Bernardo Mota Veiga de Carvalho e Silva,Midfielder,MCI,6.5,90,1,1,0,1,0,0,0,3,13
2367724,Foden,Phil Foden,Midfielder,MCI,8.0,90,1,0,0,1,0,0,0,1,8
2367724,Akanji,Manuel Akanji,Defender,MCI,5.5,90,0,0,0,1,0,1,0,0,1
2367724,Rodri,Rodrigo Hernández Cascante,Midfielder,MCI,6.5,90,0,0,0,1,0,0,0,0,2
2367724,Álvarez (Julián),Julián Álvarez,Forward,MCI,7.0,90,1,0,0,1,0,0,0,2,8
2367724,Matheus Nunes,Matheus Luiz Nunes,Midfielder,MCI,5.5,64,0,0,0,1,0,0,0,0,2
2367724,Gvardiol,Joško Gvardiol,Defender,MCI,6.0,51,0,0,0,0,0,0,0,0,1
2367725,Martinez,Emiliano Martinez,Goalkeeper,AVL,5.0,90,0,0,0,3,0,0,0,0,2
2367725,Digne,Lucas Digne,Defender,AVL,4.5,48,0,0,0,0,0,0,0,0,1
2367725,Álex Moreno,Alexandre Moreno Lopera,Defender,AVL,4.0,45,0,0,0,3,0,0,0,0,0
2367725,McGinn,John McGinn,Midfielder,AVL,5.5,83,1,0,0,3,0,0,0,0,7
2367725,Dendoncker,Leander Dendoncker,Midfielder,AVL,4.5,83,1,1,0,3,0,0,0,3,13
2367725,Diego Carlos,Diego Carlos Santos Silva,Defender,AVL,4.5,90,0,0,0,3,0,1,0,0,0
2367725,Lenglet,Clément Lenglet,Defender,AVL,4.5,90,0,1,0,3,0,0,0,0,4
2367725,Watkins,Ollie Watkins,Forward,AVL,9.0,90,0,0,0,3,0,0,0,0,2
2367725,Konsa Ngoyo,Ezri Konsa Ngoyo,Defender,AVL,4.5,90,0,0,0,3,0,1,0,0,0
2367725,Bailey,Leon Bailey,Midfielder,AVL,5.5,75,0,0,0,2,0,0,0,0,2
2367725,Douglas Luiz,Douglas Luiz Soares de Paulo,Midfielder,AVL,5.4,90,0,0,0,3,0,0,0,0,2
2367725,Ramsey (Jacob),Jacob Ramsey,Midfielder,AVL,5.5,75,0,0,0,2,0,1,0,0,1
2367725,Diaby,Moussa Diaby,Midfielder,AVL,6.5,23,0,0,0,1,0,0,0,0,1
2367725,Zaniolo,Nicolò Zaniolo,Midfielder,AVL,5.4,23,0,0,0,1,0,0,0,0,1
2367725,Durán,Jhon Durán,Forward,AVL,5.7,14,0,0,0,0,0,0,0,0,1
2367725,Iroegbunam,Tim Iroegbunam,Midfielder,AVL,5.0,14,0,0,0,0,0,0,0,0,1
2367725,Evans,Jonny Evans,Defender,MUN,4.4,90,0,0,0,2,0,0,0,0,1
2367725,Eriksen,Christian Eriksen,Midfielder,MUN,5.2,90,0,0,0,2,0,0,0,0,2
2367725,Varane,Raphael Varane,Defender,MUN,4.9,90,0,0,0,2,0,0,0,0,1
2367725,Bruno Fernandes,Bruno Miguel Borges Fernandes,Midfielder,MUN,9.0,90,0,0,0,2,0,1,0,0,1
2367725,Rashford,Marcus Rashford,Midfielder,MUN,7.0,78,0,1,0,2,0,0,0,0,5
2367725,McTominay,Scott McTominay,Midfielder,MUN,4.9,19,0,0,0,0,0,0,0,0,1
2367725,Onana,André Onana,Goalkeeper,MUN,5.0,90,0,0,0,2,0,0,0,0,1
2367725,Wan-Bissaka,Aaron Wan-Bissaka,Defender,MUN,4.5,90,0,0,0,2,0,0,0,0,1
2367725,Dalot,José Diogo Dalot Teixeira,Defender,MUN,4.5,90,0,0,0,2,0,0,0,0,1
2367725,Mejbri,Hannibal Mejbri,Midfielder,MUN,5.0,6,0,0,0,0,0,0,0,0,1
2367725,Antony,Antony Matheus dos Santos,Midfielder,MUN,6.0,19,0,0,0,0,0,0,0,0,1
2367725,Garnacho,Alejandro Garnacho Ferreyra,Midfielder,MUN,6.5,90,2,0,0,2,0,0,0,2,14
2367725,Højlund,Rasmus Højlund,Forward,MUN,6.5,86,1,0,0,2,0,0,0,1,7
2367725,Gore,Daniel Gore,Midfielder,MUN,4.5,6,0,0,0,0,0,0,0,0,1
2367725,Mainoo,Kobbie Mainoo,Midfielder,MUN,5.0,78,0,0,0,2,0,0,0,0,2
2367725,Kambwala,Willy Kambwala,Defender,MUN,3.9,11,0,0,0,0,0,0,0,0,1
2367726,Dubravka,Martin Dubravka,Goalkeeper,NEW,4.0,90,0,0,0,3,0,0,0,0,2
2367726,Wilson (Callum),Callum Wilson,Forward,NEW,6.9,41,0,0,0,1,0,0,0,0,1
2367726,Trippier,Kieran Trippier,Defender,NEW,5.0,90,0,0,0,3,0,0,0,0,1
2367726,Burn,Dan Burn,Defender,NEW,5.0,55,0,0,0,2,0,0,0,0,0
2367726,Schär,Fabian Schär,Defender,NEW,5.5,90,0,0,0,3,0,1,0,0,0
2367726,Almirón,Miguel Almirón,Midfielder,NEW,5.4,55,0,0,0,2,0,0,0,0,1
2367726,Longstaff (Sean),Sean Longstaff,Midfielder,NEW,5.0,71,0,0,0,3,0,0,0,0,2
2367726,Joelinton,Joelinton Cássio Apolinário de Lira,Midfielder,NEW,6.0,25,0,0,0,0,0,0,0,0,1
2367726,Bruno Guimarães,Bruno Guimarães Rodriguez Moura,Midfielder,NEW,6.5,90,0,0,0,3,0,1,0,0,1
2367726,Isak,Alexander Isak,Forward,NEW,10.5,90,1,0,0,3,0,0,0,1,7
2367726,Botman,Sven Botman,Defender,NEW,5.0,79,0,0,0,3,0,0,0,0,1
2367726,Gordon (Anthony),Anthony Gordon,Midfielder,NEW,7.5,90,0,0,0,3,0,1,0,0,1
2367726,Livramento,Valentino Livramento,Defender,NEW,5.0,41,0,0,0,1,0,0,0,0,1
2367726,Lewis Hall,Lewis Hall,Defender,NEW,5.5,17,0,0,0,0,0,0,0,0,1
2367726,Miley (Lewis),Lewis Miley,Midfielder,NEW,4.5,90,0,0,0,3,0,0,0,0,2
2367726,Kouyaté,Cheikhou Kouyaté,Midfielder,NFO,4.8,6,0,0,0,0,0,0,0,0,1
2367726,Wood,Chris Wood,Forward,NFO,7.5,90,3,0,0,1,0,0,0,3,17
2367726,Aina,Ola Aina,Defender,NFO,5.0,90,0,0,0,1,0,0,0,0,2
2367726,Niakhaté,Moussa Niakhaté,Defender,NFO,4.5,90,0,0,0,1,0,0,0,0,2
2367726,Yates,Ryan Yates,Midfielder,NFO,5.0,26,0,0,0,0,0,0,0,0,1
2367726,Worrall,Joe Worrall,Defender,NFO,4.0,6,0,0,0,0,0,0,0,0,1
2367726,Hudson-Odoi,Callum Hudson-Odoi,Midfielder,NFO,6.0,79,0,0,0,1,0,0,0,0,2
2367726,Sangaré,Ibrahim Sangaré,Midfielder,NFO,5.0,70,0,0,0,1,0,1,0,0,1
2367726,Williams (Neco),Neco Williams,Defender,NFO,5.0,27,0,0,0,0,0,1,0,0,0
2367726,Montiel,Gonzalo Montiel,Defender,NFO,4.4,69,0,0,0,1,0,1,0,0,1
2367726,Gibbs-White,Morgan Gibbs-White,Midfielder,NFO,7.5,90,0,0,0,1,0,0,0,0,2
2367726,Turner,Matt Turner,Goalkeeper,NFO,4.0,90,0,0,0,1,0,0,0,0,3
2367726,Nicolás Domínguez,Nicolás Domínguez,Midfielder,NFO,5.0,17,0,0,0,0,0,0,0,0,1
2367726,Elanga,Anthony Elanga,Midfielder,NFO,7.0,90,0,2,0,1,0,0,0,2,10
2367726,Danilo,Danilo dos Santos de Oliveira,Midfielder,NFO,4.7,90,0,0,0,1,0,0,0,0,2
2367726,Murillo,Murillo Santiago Costa dos Santos,Defender,NFO,5.5,90,0,1,0,1,0,0,0,0,5
2367727,Kaminski,Thomas Kaminski,Goalkeeper,LUT,4.0,90,0,0,0,2,0,0,0,0,1
2367727,Townsend,Andros Townsend,Midfielder,LUT,5.0,83,0,0,0,2,0,0,0,0,2
2367727,Barkley,Ross Barkley,Midfielder,LUT,5.0,90,0,0,0,2,0,0,0,0,2
2367727,Ruddock Mpanzu,Pelly Ruddock Mpanzu,Midfielder,LUT,4.6,16,0,0,0,0,0,0,0,0,1
2367727,Morris,Carlton Morris,Forward,LUT,4.7,28,0,2,0,0,0,0,0,0,7
2367727,Bell,Amarii Bell,Defender,LUT,3.8,90,0,0,0,2,0,0,0,0,1
2367727,Adebayo,Elijah Adebayo,Forward,LUT,4.8,71,0,0,0,2,0,0,0,0,2
2367727,Osho,Gabriel Osho,Defender,LUT,4.4,90,0,0,0,2,0,0,0,0,1
2367727,Andersen (Mads),Mads Andersen,Defender,LUT,3.8,21,0,0,0,0,0,0,0,0,1
2367727,Ogbene,Chiedozie Ogbene,Forward,LUT,4.8,28,0,0,0,0,0,0,0,0,1
2367727,Giles,Ryan John Giles,Defender,LUT,4.2,71,0,0,0,2,0,0,0,0,1
2367727,Brown,Jacob Brown,Forward,LUT,4.9,90,0,0,0,2,0,0,0,0,2
2367727,Doughty,Alfie Doughty,Defender,LUT,4.3,78,1,0,0,2,0,0,0,0,7
2367727,Mengi,Teden Mengi,Defender,LUT,3.9,90,0,0,0,2,0,0,0,0,1
2367727,Sambi Lokonga,Albert Sambi Lokonga,Midfielder,LUT,4.5,90,0,1,0,2,0,0,0,1,6
2367727,Norwood,Oliver Norwood,Midfielder,SHU,4.8,14,0,0,0,0,0,1,0,0,0
2367727,Foderingham,Wes Foderingham,Goalkeeper,SHU,4.0,90,0,0,0,3,0,0,0,0,2
2367727,Baldock,George Baldock,Defender,SHU,3.8,90,0,0,0,3,0,1,0,0,0
2367727,Robinson (Jack),Jack Robinson,Defender,SHU,4.3,86,0,0,0,3,1,1,0,0,0
2367727,Lowe (Max),Max Lowe,Defender,SHU,4.3,45,0,0,0,2,0,0,0,0,0
2367727,McBurnie,Oliver McBurnie,Forward,SHU,5.4,90,1,0,0,3,0,0,0,3,9
2367727,Brewster,Rhian Brewster,Forward,SHU,4.9,13,0,0,0,0,0,0,0,0,1
2367727,Hamer,Gustavo Hamer,Midfielder,SHU,4.9,72,0,0,0,1,0,1,0,0,1
2367727,Trusty,Auston Trusty,Defender,SHU,3.9,90,0,0,0,3,0,0,0,0,1
2367727,Ahmedhodzic,Anel Ahmedhodzic,Defender,SHU,4.3,90,1,0,0,3,0,1,0,2,8
2367727,Vinicius Souza,Vinicius de Souza Costa,Midfielder,SHU,5.0,85,0,0,0,3,0,0,0,0,2
2367727,Mcatee,James Mcatee,Midfielder,SHU,5.5,90,0,1,0,3,0,0,0,0,5
2367727,Archer,Cameron Archer,Forward,SHU,4.8,86,0,1,0,3,0,0,0,0,5
2367727,Ben Slimane,Anis Ben Slimane,Midfielder,SHU,4.7,27,0,0,0,2,1,0,0,0,0
2367727,Osula,William Osula,Forward,SHU,5.5,13,0,0,0,0,0,0,0,0,1
2367727,Brooks (Andre),Andre Brooks,Midfielder,SHU,4.4,45,0,0,0,1,0,0,0,0,1
2367728,Martinez,Emiliano Martinez,Goalkeeper,AVL,5.0,90,0,0,0,2,0,1,0,0,1
2367728,Álex Moreno,Alexandre Moreno Lopera,Defender,AVL,4.0,90,0,0,0,2,0,0,0,0,1
2367728,McGinn,John McGinn,Midfielder,AVL,5.5,90,0,0,0,2,0,1,0,0,1
2367728,Dendoncker,Leander Dendoncker,Midfielder,AVL,4.5,8,0,0,0,0,0,0,0,0,1
2367728,Diego Carlos,Diego Carlos Santos Silva,Defender,AVL,4.5,90,0,0,0,2,0,0,0,0,1
2367728,Lenglet,Clément Lenglet,Defender,AVL,4.5,61,0,0,0,1,0,0,0,0,2
2367728,Watkins,Ollie Watkins,Forward,AVL,9.0,90,0,2,0,2,0,0,0,0,8
2367728,Konsa Ngoyo,Ezri Konsa Ngoyo,Defender,AVL,4.5,90,0,0,0,2,0,1,0,0,0
2367728,Bailey,Leon Bailey,Midfielder,AVL,5.5,90,1,0,0,2,0,0,0,1,8
2367728,Douglas Luiz,Douglas Luiz Soares de Paulo,Midfielder,AVL,5.4,90,1,0,0,2,0,0,0,3,10
2367728,Ramsey (Jacob),Jacob Ramsey,Midfielder,AVL,5.5,90,0,0,0,2,0,1,0,0,1
2367728,Diaby,Moussa Diaby,Midfielder,AVL,6.5,81,1,0,0,2,0,0,0,0,7
2367728,Torres,Pau Torres,Defender,AVL,4.5,38,0,0,0,1,0,0,0,0,1
2367728,Durán,Jhon Durán,Forward,AVL,5.7,18,0,1,0,0,0,0,0,0,4
2367728,Gudmundsson,Johann Berg Gudmundsson,Midfielder,BUR,4.8,73,0,1,0,2,0,0,0,0,5
2367728,Taylor (Charlie),Charlie Taylor,Defender,BUR,3.9,90,0,0,0,3,0,1,0,0,0
2367728,Brownhill,Josh Brownhill,Midfielder,BUR,4.7,90,0,0,0,3,0,0,0,0,2
2367728,Roberts (Connor),Connor Roberts,Defender,BUR,4.5,26,0,0,0,1,0,0,0,0,1
2367728,Berge,Sander Berge,Midfielder,BUR,5.0,55,0,0,0,2,0,0,1,0,0
2367728,O'Shea,Dara O'Shea,Defender,BUR,3.8,90,0,1,0,3,0,0,0,0,4
2367728,Beyer,Jordan Beyer,Defender,BUR,4.0,16,0,0,0,0,0,0,0,0,1
2367728,Delcroix,Hannes Delcroix,Defender,BUR,4.0,81,0,0,0,3,0,0,0,0,1
2367728,Trafford,James Trafford,Goalkeeper,BUR,5.0,90,0,0,0,3,0,0,0,0,2
2367728,Foster,Lyle Foster,Forward,BUR,5.0,90,1,0,0,3,0,0,0,0,6
2367728,Trésor,Mike Trésor,Midfielder,BUR,4.5,26,0,0,0,1,0,0,0,0,1
2367728,Vitinho,Victor Alexander da Silva,Defender,BUR,4.4,90,0,0,0,3,0,0,0,0,1
2367728,Ramsey (Aaron),Aaron Ramsey,Midfielder,BUR,4.5,41,0,0,0,1,0,0,0,0,1
2367728,Amdouni,Zeki Amdouni,Forward,BUR,5.0,58,1,0,0,2,0,0,0,2,7
2367728,Odobert,Wilson Odobert,Midfielder,BUR,5.5,73,0,0,0,2,0,0,0,0,2
2367729,Zanka,Mathias Jorgensen,Defender,BRE,4.5,90,0,0,0,3,0,0,0,0,1
2367729,Maupay,Neal Maupay,Forward,BRE,4.9,32,0,0,0,0,0,0,0,0,1
2367729,Flekken,Mark Flekken,Goalkeeper,BRE,4.5,90,0,0,0,3,0,0,0,0,2
2367729,Norgaard,Christian Norgaard,Midfielder,BRE,5.5,67,0,0,0,3,0,0,0,0,2
2367729,Janelt,Vitaly Janelt,Midfielder,BRE,5.0,79,0,0,0,3,0,0,0,0,2
2367729,Ghoddos,Saman Ghoddos,Midfielder,BRE,4.5,90,0,0,0,3,0,1,0,0,1
2367729,Jensen,Mathias Jensen,Midfielder,BRE,5.0,62,0,0,0,3,0,0,0,0,2
2367729,Wissa,Yoane Wissa,Forward,BRE,7.5,90,0,0,0,3,0,0,0,0,2
2367729,Roerslev,Mads Roerslev,Defender,BRE,4.5,63,0,1,0,3,0,0,0,0,4
2367729,Pinnock,Ethan Pinnock,Defender,BRE,4.5,90,0,0,0,3,0,0,0,0,1
2367729,Lewis-Potter,Keane Lewis-Potter,Midfielder,BRE,5.0,79,1,0,0,3,0,0,0,0,7
2367729,Onyeka,Frank Onyeka,Midfielder,BRE,5.0,32,0,0,0,0,0,0,0,0,1
2367729,Collins,Nathan Collins,Defender,BRE,5.0,90,0,0,0,3,0,0,0,0,1
2367729,Damsgaard,Mikkel Damsgaard,Midfielder,BRE,6.0,27,0,0,0,0,0,0,0,0,1
2367729,Olakigbe,Michael Olakigbe,Midfielder,BRE,4.5,15,0,0,0,0,0,0,0,0,1
2367729,Yarmolyuk,Ehor Yarmolyuk,Midfielder,BRE,5.0,15,0,0,0,0,0,0,0,0,1
2367729,Clyne,Nathaniel Clyne,Defender,CRY,4.0,90,0,0,0,1,0,0,0,0,2
2367729,Ayew (Jordan),Jordan Ayew,Midfielder,CRY,5.1,90,0,1,0,1,0,0,0,0,5
2367729,Schlupp,Jeffrey Schlupp,Midfielder,CRY,4.6,2,0,0,0,0,0,0,0,0,1
2367729,Hughes,Will Hughes,Midfielder,CRY,5.0,9,0,0,0,0,0,0,0,0,1
2367729,Lerma,Jefferson Lerma,Midfielder,CRY,5.0,90,0,0,0,1,0,0,0,0,2
2367729,Henderson (Dean),Dean Henderson,Goalkeeper,CRY,5.0,90,0,0,0,1,0,0,0,0,3
2367729,Andersen (Joachim),Joachim Andersen,Defender,CRY,4.5,90,0,0,0,1,0,0,0,0,2
2367729,Marc Guehi,Addji Keaninkin Marc-Israel Guehi,Defender,CRY,4.5,90,0,1,0,1,0,0,0,0,5
2367729,Mateta,Jean-Philippe Mateta,Forward,CRY,7.5,86,0,0,0,1,0,0,0,0,2
2367729,Eze,Eberechi Eze,Midfielder,CRY,7.5,85,1,0,0,1,0,0,0,2,9
2367729,Mitchell,Tyrick Mitchell,Defender,CRY,5.0,90,0,1,0,1,0,0,0,1,6
2367729,Richards (Chris),Chris Richards,Defender,CRY,4.5,90,0,0,0,1,0,0,0,0,2
2367729,Olise,Michael Olise,Midfielder,CRY,5.7,90,2,0,0,1,0,0,0,3,15
2367729,Matheus França,Matheus França de Oliveira,Midfielder,CRY,4.5,9,0,0,0,0,0,0,0,0,1
2367730,Trossard,Leandro Trossard,Midfielder,ARS,7.0,30,0,0,0,0,0,0,0,0,1
2367730,Raya Martin,David Raya Martin,Goalkeeper,ARS,5.5,90,0,0,0,2,0,0,0,0,1
2367730,Odegaard,Martin Odegaard,Midfielder,ARS,8.0,90,0,0,0,2,0,0,0,0,2
2367730,White (Ben),Ben White,Defender,ARS,5.5,67,0,0,0,2,0,0,0,0,1
2367730,Nelson (Reiss),Reiss Nelson,Midfielder,ARS,5.0,20,0,0,0,0,0,0,0,0,1
2367730,Rice,Declan Rice,Midfielder,ARS,6.5,90,0,0,0,2,0,0,0,0,2
2367730,Eddie Nketiah,Edward Nketiah,Forward,ARS,5.5,90,0,0,0,2,0,0,0,0,2
2367730,Jesus,Gabriel Fernando de Jesus,Forward,ARS,6.5,30,0,0,0,0,0,0,0,0,1
2367730,Havertz,Kai Havertz,Midfielder,ARS,7.5,76,0,0,0,2,0,0,0,0,2
2367730,Saka,Bukayo Saka,Midfielder,ARS,10.0,90,1,0,0,2,0,0,0,0,7
2367730,Tomiyasu,Takehiro Tomiyasu,Defender,ARS,4.8,45,0,0,0,1,0,0,0,0,1
2367730,Gabriel Magalhães,Gabriel dos Santos Magalhães,Defender,ARS,6.0,90,0,0,0,2,0,0,0,0,1
2367730,Kiwior,Jakub Kiwior,Defender,ARS,5.5,45,0,0,0,1,0,0,0,0,1
2367730,Martinelli,Gabriel Teodoro Martinelli Silva,Midfielder,ARS,7.0,67,0,1,0,2,0,0,0,0,5
2367730,Saliba,William Saliba,Defender,ARS,6.0,90,0,0,0,2,0,1,0,0,0
2367730,Willian,Willian Borges Da Silva,Midfielder,FUL,5.0,79,0,0,0,1,0,0,0,0,2
2367730,Cairney,Tom Cairney,Midfielder,FUL,5.0,90,0,1,0,1,0,1,0,2,6
2367730,Leno,Bernd Leno,Goalkeeper,FUL,5.0,90,0,0,0,1,0,1,0,0,1
2367730,DeCordova-Reid,Bobby DeCordova-Reid,Midfielder,FUL,5.2,79,1,0,0,1,0,0,0,3,10
2367730,Raúl Jiménez,Raul Alonso Jimenez Rodriguez,Forward,FUL,6.5,90,1,0,0,1,0,1,0,2,7
2367730,Tosin,Oluwatosin Adarabioyo,Defender,FUL,4.5,90,0,0,0,1,0,0,0,0,2
2367730,Iwobi,Alex Iwobi,Midfielder,FUL,6.5,71,0,0,0,1,0,0,0,0,2
2367730,Reed,Harrison Reed,Midfielder,FUL,4.5,4,0,0,0,0,0,0,0,0,1
2367730,Wilson (Harry),Harry Wilson,Midfielder,FUL,5.5,17,0,0,0,0,0,0,0,0,1
2367730,João Palhinha,João Maria Lobo Alves Palhinha Gonçalves,Midfielder,FUL,5.9,90,0,0,0,1,0,0,0,0,2
2367730,Pereira (Andreas),Andreas Pereira,Midfielder,FUL,5.5,25,0,0,0,0,0,0,0,0,1
2367730,Castagne,Timothy Castagne,Defender,FUL,4.5,90,0,0,0,1,0,0,0,0,2
2367730,Robinson (Antonee),Antonee Robinson,Defender,FUL,5.0,90,0,0,0,1,0,0,0,0,2
2367730,Diop,Issa Diop,Defender,FUL,4.5,17,0,0,0,0,0,0,0,0,1
2367730,Bassey,Calvin Bassey,Defender,FUL,4.5,90,0,0,0,1,0,1,0,0,1
2367731,van Dijk,Virgil van Dijk,Defender,LIV,6.0,90,0,0,0,2,0,0,0,0,1
2367731,Alisson,Alisson Ramses Becker,Goalkeeper,LIV,5.5,90,0,0,0,2,0,0,0,0,1
2367731,Salah,Mohamed Salah,Midfielder,LIV,14.5,90,2,1,0,2,0,0,0,3,16
2367731,Endo,Wataru Endo,Midfielder,LIV,5.0,75,0,0,0,1,0,1,0,0,1
2367731,Alexander-Arnold,Trent Alexander-Arnold,Defender,LIV,7.2,90,0,0,0,2,0,1,0,0,0
2367731,Gomez,Joseph Gomez,Defender,LIV,5.0,90,0,0,0,2,0,0,0,0,1
2367731,Diogo Jota,Diogo José Teixeira da Silva,Midfielder,LIV,7.2,33,0,2,0,1,0,0,0,0,7
2367731,Konaté,Ibrahima Konaté,Defender,LIV,5.5,90,0,0,0,2,0,0,0,0,1
2367731,Jones (Curtis),Curtis Jones,Midfielder,LIV,5.5,90,1,0,0,2,0,0,0,2,9
2367731,Mac Allister,Alexis Mac Allister,Midfielder,LIV,6.5,22,0,0,0,1,0,0,0,0,1
2367731,Gakpo,Cody Gakpo,Forward,LIV,7.5,33,1,0,0,1,0,0,0,0,5
2367731,Díaz,Luis Díaz,Midfielder,LIV,8.0,64,0,0,0,1,0,1,0,0,1
2367731,Szoboszlai,Dominik Szoboszlai,Midfielder,LIV,6.5,64,0,0,0,1,0,0,0,0,2
2367731,Gravenberch,Ryan Gravenberch,Midfielder,LIV,5.5,33,0,0,0,1,0,0,0,0,1
2367731,Núñez,Darwin Núñez,Forward,LIV,6.5,64,0,1,0,1,0,0,0,0,5
2367731,Dubravka,Martin Dubravka,Goalkeeper,NEW,4.0,90,0,0,0,4,0,1,0,1,8
2367731,Burn,Dan Burn,Defender,NEW,5.0,81,0,0,0,3,0,0,0,0,1
2367731,Lascelles,Jamaal Lascelles,Defender,NEW,4.5,16,0,0,0,1,0,0,0,0,1
2367731,Schär,Fabian Schär,Defender,NEW,5.5,90,0,0,0,4,0,0,0,0,0
2367731,Almirón,Miguel Almirón,Midfielder,NEW,5.4,44,0,0,0,3,0,0,0,0,1
2367731,Longstaff (Sean),Sean Longstaff,Midfielder,NEW,5.0,90,0,1,0,4,0,1,0,0,4
2367731,Joelinton,Joelinton Cássio Apolinário de Lira,Midfielder,NEW,6.0,81,0,0,0,3,0,1,0,0,1
2367731,Bruno Guimarães,Bruno Guimarães Rodriguez Moura,Midfielder,NEW,6.5,90,0,0,0,4,0,1,0,0,1
2367731,Isak,Alexander Isak,Forward,NEW,10.5,90,1,0,0,4,0,0,0,0,6
2367731,Botman,Sven Botman,Defender,NEW,5.0,90,1,0,0,4,0,0,0,0,6
2367731,Gordon (Anthony),Anthony Gordon,Midfielder,NEW,7.5,90,0,1,0,4,0,0,0,0,5
2367731,Livramento,Valentino Livramento,Defender,NEW,5.0,90,0,0,0,4,0,0,0,0,0
2367731,Lewis Hall,Lewis Hall,Defender,NEW,5.5,16,0,0,0,1,0,0,0,0,1
2367731,Miley (Lewis),Lewis Miley,Midfielder,NEW,4.5,53,0,0,0,1,0,1,0,0,0
2367732,Thiago Silva,Thiago Emiliano da Silva,Defender,CHE,5.0,90,0,0,0,2,0,0,0,0,1
2367732,Nkunku,Christopher Nkunku,Forward,CHE,6.0,34,0,0,0,2,0,0,0,0,1
2367732,Disasi,Axel Disasi,Defender,CHE,4.2,90,0,0,0,2,0,1,0,0,0
2367732,Gallagher,Conor Gallagher,Midfielder,CHE,5.9,90,0,0,0,2,0,0,0,0,2
2367732,Palmer,Cole Palmer,Midfielder,CHE,10.5,90,2,1,0,2,0,0,0,3,18
2367732,Madueke,Noni Madueke,Midfielder,CHE,7.0,80,1,0,0,1,0,0,0,0,7
2367732,Broja,Armando Broja,Forward,CHE,5.3,62,0,0,1,0,0,0,0,0,2
2367732,Fernández (Enzo),Enzo Fernández,Midfielder,CHE,6.5,16,0,0,0,1,0,0,0,0,1
2367732,Petrovic,Dorde Petrovic,Goalkeeper,CHE,4.5,90,0,0,0,2,0,0,0,0,2
2367732,Colwill,Levi Colwill,Defender,CHE,5.0,90,0,0,0,2,0,0,0,0,1
2367732,Gusto,Malo Gusto,Defender,CHE,5.0,90,0,0,0,2,0,1,0,0,0
2367732,Moises Caicedo,Moises Caicedo,Midfielder,CHE,5.5,90,0,0,0,2,0,0,0,0,2
2367732,Gilchrist,Alfie Gilchrist,Defender,CHE,4.0,6,0,0,0,0,0,0,0,0,1
2367732,Jackson (Nicolas),Nicolas Jackson,Forward,CHE,6.5,90,0,1,0,2,0,0,0,0,5
2367732,Kaminski,Thomas Kaminski,Goalkeeper,LUT,4.0,90,0,0,0,3,0,0,0,0,2
2367732,Townsend,Andros Townsend,Midfielder,LUT,5.0,62,0,0,0,2,0,0,0,0,2
2367732,Barkley,Ross Barkley,Midfielder,LUT,5.0,90,1,0,0,3,0,0,0,1,8
2367732,Woodrow,Cauley Woodrow,Forward,LUT,4.3,3,0,0,0,0,0,0,0,0,1
2367732,Morris,Carlton Morris,Forward,LUT,4.7,35,0,0,0,1,0,0,0,0,1
2367732,Bell,Amarii Bell,Defender,LUT,3.8,90,0,0,0,3,0,0,0,0,1
2367732,Adebayo,Elijah Adebayo,Forward,LUT,4.8,90,1,0,0,3,0,0,0,0,6
2367732,Osho,Gabriel Osho,Defender,LUT,4.4,90,0,0,0,3,0,0,0,0,1
2367732,Chong,Tahith Chong,Midfielder,LUT,4.4,45,0,0,0,1,0,0,0,0,1
2367732,Ogbene,Chiedozie Ogbene,Forward,LUT,4.8,45,0,0,0,1,0,0,0,0,1
2367732,Brown,Jacob Brown,Forward,LUT,4.9,45,0,0,0,2,0,1,0,0,0
2367732,Doughty,Alfie Doughty,Defender,LUT,4.3,90,0,2,0,3,0,0,0,2,9
2367732,Mengi,Teden Mengi,Defender,LUT,3.9,90,0,0,0,3,0,1,0,0,0
2367732,Sambi Lokonga,Albert Sambi Lokonga,Midfielder,LUT,4.5,90,0,0,0,3,0,0,0,0,2
2367732,Issa Kabore,Issa Kabore,Defender,LUT,4.5,45,0,0,0,2,0,0,0,0,0
2367733,Walker,Kyle Walker,Defender,MCI,4.5,67,0,0,1,0,0,0,0,0,6
2367733,Kovacic,Mateo Kovacic,Midfielder,MCI,6.0,67,0,0,1,0,0,1,0,0,2
2367733,Grealish,Jack Grealish,Midfielder,MCI,6.5,51,0,0,0,0,0,0,0,0,1
2367733,Ederson,Ederson Santana de Moraes,Goalkeeper,MCI,5.5,90,0,0,1,0,0,0,0,0,6
2367733,Aké,Nathan Aké,Defender,MCI,5.5,90,0,0,1,0,0,0,0,0,6
2367733,Bernardo Silva,Bernardo Mota Veiga de Carvalho e Silva,Midfielder,MCI,6.5,90,0,0,1,0,0,0,0,0,3
2367733,Rúben Dias,Rúben Santos Gato Alves Dias,Defender,MCI,5.5,26,0,0,0,0,0,0,0,0,1
2367733,Foden,Phil Foden,Midfielder,MCI,8.0,90,0,2,1,0,0,0,0,3,12
2367733,Akanji,Manuel Akanji,Defender,MCI,5.5,90,0,0,1,0,0,0,0,0,6
2367733,Rodri,Rodrigo Hernández Cascante,Midfielder,MCI,6.5,90,1,0,1,0,0,0,0,2,10
2367733,Álvarez (Julián),Julián Álvarez,Forward,MCI,7.0,90,1,0,1,0,0,0,0,1,7
2367733,Lewis (Rico),Rico Lewis,Defender,MCI,5.0,26,0,0,0,0,0,0,0,0,1
2367733,Gvardiol,Joško Gvardiol,Defender,MCI,6.0,90,0,0,1,0,0,0,0,0,6
2367733,Bobb,Oscar Bobb,Midfielder,MCI,5.5,42,0,0,0,0,0,0,0,0,1
2367733,Norwood,Oliver Norwood,Midfielder,SHU,4.8,90,0,0,0,2,0,0,0,0,2
2367733,Foderingham,Wes Foderingham,Goalkeeper,SHU,4.0,90,0,0,0,2,0,0,0,0,1
2367733,Baldock,George Baldock,Defender,SHU,3.8,90,0,0,0,2,0,0,0,0,1
2367733,Robinson (Jack),Jack Robinson,Defender,SHU,4.3,90,0,0,0,2,0,0,0,0,1
2367733,Osborn,Ben Osborn,Midfielder,SHU,4.8,13,0,0,0,0,0,0,0,0,1
2367733,Brewster,Rhian Brewster,Forward,SHU,4.9,26,0,0,0,0,0,0,0,0,1
2367733,Trusty,Auston Trusty,Defender,SHU,3.9,90,0,0,0,2,0,0,0,0,1
2367733,Bogle,Jayden Bogle,Defender,SHU,4.5,90,0,0,0,2,0,1,0,0,0
2367733,Thomas (Luke),Luke Thomas,Defender,SHU,3.9,90,0,0,0,2,0,0,0,0,1
2367733,Vinicius Souza,Vinicius de Souza Costa,Midfielder,SHU,5.0,90,0,0,0,2,0,0,0,0,2
2367733,Archer,Cameron Archer,Forward,SHU,4.8,26,0,0,0,0,0,0,0,0,1
2367733,Norrington-Davies,Rhys Norrington-Davies,Defender,SHU,3.9,3,0,0,0,0,0,0,0,0,1
2367733,Ben Slimane,Anis Ben Slimane,Midfielder,SHU,4.7,67,0,0,0,2,0,0,0,0,2
2367733,Osula,William Osula,Forward,SHU,5.5,67,0,0,0,2,0,0,0,0,2
2367733,Brooks (Andre),Andre Brooks,Midfielder,SHU,4.4,80,0,0,0,2,0,0,0,0,2
2367734,Evans,Jonny Evans,Defender,MUN,4.4,90,0,0,0,2,0,0,0,0,1
2367734,Eriksen,Christian Eriksen,Midfielder,MUN,5.2,90,0,0,0,2,0,1,0,0,1
2367734,Varane,Raphael Varane,Defender,MUN,4.9,90,0,0,0,2,0,1,0,0,0
2367734,Bruno Fernandes,Bruno Miguel Borges Fernandes,Midfielder,MUN,9.0,90,0,0,0,2,0,0,0,0,2
2367734,Rashford,Marcus Rashford,Midfielder,MUN,7.0,90,1,0,0,2,0,0,0,0,7
2367734,McTominay,Scott McTominay,Midfielder,MUN,4.9,45,0,0,0,2,0,0,0,0,1
2367734,Reguilón,Sergio Reguilón,Defender,MUN,4.1,11,0,0,0,0,0,0,0,0,1
2367734,Onana,André Onana,Goalkeeper,MUN,5.0,90,0,0,0,2,0,0,0,0,1
2367734,Wan-Bissaka,Aaron Wan-Bissaka,Defender,MUN,4.5,86,0,0,0,2,0,0,0,0,1
2367734,Dalot,José Diogo Dalot Teixeira,Defender,MUN,4.5,90,0,0,0,2,0,1,0,0,0
2367734,Antony,Antony Matheus dos Santos,Midfielder,MUN,6.0,53,0,0,0,0,0,0,0,0,1
2367734,Garnacho,Alejandro Garnacho Ferreyra,Midfielder,MUN,6.5,90,0,1,0,2,0,1,0,0,4
2367734,Amad Diallo,Amad Diallo Traore,Midfielder,MUN,6.5,43,0,0,0,2,0,0,0,0,1
2367734,Mainoo,Kobbie Mainoo,Midfielder,MUN,5.0,45,0,0,0,0,0,0,0,0,1
2367734,Wood,Chris Wood,Forward,NFO,7.5,90,0,0,0,1,0,0,0,0,2
2367734,Boly,Willy Boly,Defender,NFO,4.0,13,0,0,0,0,0,0,0,0,1
2367734,Toffolo,Harry Toffolo,Defender,NFO,4.2,14,0,0,0,0,0,0,0,0,1
2367734,Aina,Ola Aina,Defender,NFO,5.0,83,0,0,0,1,0,0,0,0,2
2367734,Mangala,Orel Mangala,Midfielder,NFO,5.0,14,0,0,0,0,0,1,0,0,0
2367734,Niakhaté,Moussa Niakhaté,Defender,NFO,4.5,90,0,0,0,1,0,0,0,0,2
2367734,Yates,Ryan Yates,Midfielder,NFO,5.0,90,0,0,0,1,0,0,0,0,2
2367734,Hudson-Odoi,Callum Hudson-Odoi,Midfielder,NFO,6.0,22,0,0,0,0,0,0,0,0,1
2367734,Williams (Neco),Neco Williams,Defender,NFO,5.0,26,0,0,0,1,0,0,0,0,1
2367734,Montiel,Gonzalo Montiel,Defender,NFO,4.4,70,0,1,1,0,0,0,0,3,12
2367734,Gibbs-White,Morgan Gibbs-White,Midfielder,NFO,7.5,90,1,0,0,1,0,1,0,1,7
2367734,Turner,Matt Turner,Goalkeeper,NFO,4.0,90,0,0,0,1,0,0,0,0,3
2367734,Nicolás Domínguez,Nicolás Domínguez,Midfielder,NFO,5.0,75,1,0,0,1,0,0,0,2,9
2367734,Elanga,Anthony Elanga,Midfielder,NFO,7.0,83,0,1,0,1,0,0,0,0,5
2367734,Danilo,Danilo dos Santos de Oliveira,Midfielder,NFO,4.7,83,0,0,0,1,0,0,0,0,2
2367734,Murillo,Murillo Santiago Costa dos Santos,Defender,NFO,5.5,90,0,0,0,1,0,0,0,0,2
2367735,Smith (Adam),Adam Smith,Defender,BOU,4.5,80,0,0,0,3,0,0,0,0,1
2367735,Neto,Norberto Murara Neto,Goalkeeper,BOU,4.5,90,0,0,0,3,0,0,0,0,2
2367735,Brooks (David),David Brooks,Midfielder,BOU,5.0,19,0,0,0,0,0,0,0,0,1
2367735,Solanke,Dominic Solanke,Forward,BOU,7.5,90,0,0,0,3,0,0,0,0,2
2367735,Cook (Lewis),Lewis Cook,Midfielder,BOU,5.0,90,0,0,0,3,0,0,0,0,2
2367735,Christie,Ryan Christie,Midfielder,BOU,5.0,69,0,0,0,1,0,0,0,0,2
2367735,Billing,Philip Billing,Midfielder,BOU,5.0,39,0,0,0,2,0,0,0,0,1
2367735,Tavernier,Marcus Tavernier,Midfielder,BOU,5.5,90,0,1,0,3,0,0,0,1,6
2367735,Senesi,Marcos Senesi,Defender,BOU,4.5,90,0,0,0,3,0,1,0,0,0
2367735,Kluivert,Justin Kluivert,Midfielder,BOU,7.0,60,0,0,0,1,0,1,0,0,1
2367735,Sinisterra,Luis Sinisterra,Midfielder,BOU,5.0,60,0,0,0,1,0,0,0,0,2
2367735,Aarons,Maximillian Aarons,Defender,BOU,4.3,45,0,0,0,2,0,0,0,0,0
2367735,Semenyo,Antoine Semenyo,Forward,BOU,7.0,39,0,0,0,2,0,0,0,0,1
2367735,Zabarnyi,Illia Zabarnyi,Defender,BOU,5.0,90,0,0,0,3,0,0,0,0,1
2367735,Scott,Alex Scott,Midfielder,BOU,5.0,31,1,0,0,2,0,0,0,0,6
2367735,Dango Ouattara,Dango Ouattara,Midfielder,BOU,6.0,45,0,0,0,1,0,0,0,0,1
2367735,Son,Heung-Min Son,Midfielder,TOT,8.5,90,1,0,0,1,0,0,0,2,9
2367735,Dier,Eric Dier,Defender,TOT,4.2,19,0,0,0,1,0,0,0,0,1
2367735,Davies (Ben),Ben Davies,Defender,TOT,4.5,90,0,0,0,1,0,0,0,0,2
2367735,Højbjerg,Pierre-Emile Højbjerg,Midfielder,TOT,5.0,42,0,0,0,1,0,0,0,0,1
2367735,Vicario,Guglielmo Vicario,Goalkeeper,TOT,5.0,90,0,0,0,1,0,0,0,0,3
2367735,Lo Celso,Giovani Lo Celso,Midfielder,TOT,4.9,81,0,2,1,0,0,1,0,3,11
2367735,Bentancur,Rodrigo Bentancur,Midfielder,TOT,5.5,58,0,0,0,0,0,0,0,0,1
2367735,Skipp,Oliver Skipp,Midfielder,TOT,4.7,64,0,0,0,1,0,1,0,0,0
2367735,Richarlison,Richarlison de Andrade,Midfielder,TOT,6.5,80,1,0,1,0,0,0,0,0,8
2367735,Emerson Royal,Emerson Aparecido Leite de Souza Junior,Defender,TOT,4.5,90,0,0,0,1,0,1,0,0,1
2367735,Johnson (Brennan),Brennan Johnson,Midfielder,TOT,7.0,80,0,1,1,0,0,0,0,0,6
2367735,Gil,Bryan Gil,Midfielder,TOT,5.0,19,0,0,0,1,0,0,0,0,1
2367735,Porro,Pedro Porro,Defender,TOT,5.5,90,0,0,0,1,0,0,0,0,2
2367735,Sarr (Pape),Pape Sarr,Midfielder,TOT,5.0,28,1,0,0,0,0,0,0,0,6
2367735,Destiny Udogie,Iyenoma Destiny Udogie,Defender,TOT,4.5,90,0,0,0,1,0,0,0,0,2
2367735,Véliz,Alejo Véliz,Forward,TOT,5.0,11,0,0,0,1,0,0,0,0,1
2367736,Milner,James Milner,Midfielder,BHA,5.0,90,0,0,1,0,0,0,0,0,3
2367736,Lallana,Adam Lallana,Midfielder,BHA,5.0,20,0,0,0,0,0,0,0,0,1
2367736,Steele,Jason Steele,Goalkeeper,BHA,4.5,90,0,0,1,0,0,0,0,2,8
2367736,Welbeck,Danny Welbeck,Forward,BHA,6.5,67,0,0,1,0,0,0,0,0,2
2367736,Groß,Pascal Groß,Midfielder,BHA,6.5,90,0,0,1,0,0,0,0,0,3
2367736,Webster,Adam Webster,Defender,BHA,4.5,72,0,0,1,0,0,0,0,0,6
2367736,Estupiñán,Pervis Estupiñán,Defender,BHA,4.5,90,0,0,1,0,0,0,0,0,6
2367736,Moder,Jakub Moder,Midfielder,BHA,4.4,20,0,0,0,0,0,0,0,0,1
2367736,Gilmour,Billy Gilmour,Midfielder,BHA,5.0,90,0,0,1,0,0,0,0,0,3
2367736,van Hecke,Jan-Paul van Hecke,Defender,BHA,4.5,90,0,0,1,0,0,0,0,2,8
2367736,João Pedro,João Pedro Junqueira de Jesus,Forward,BHA,7.5,90,0,0,1,0,0,0,0,0,2
2367736,Ferguson (Evan),Evan Ferguson,Forward,BHA,5.5,26,0,0,0,0,0,0,0,0,1
2367736,Hinshelwood,Jack Hinshelwood,Midfielder,BHA,5.5,90,0,0,1,0,0,0,0,0,3
2367736,Buonanotte,Facundo Buonanotte,Midfielder,BHA,5.0,72,0,0,1,0,0,0,0,0,3
2367736,Ogbonna,Angelo Ogbonna,Defender,WHU,4.2,90,0,0,1,0,0,0,0,0,6
2367736,Areola,Alphonse Areola,Goalkeeper,WHU,4.5,90,0,0,1,0,0,0,0,3,11
2367736,Ward-Prowse,James Ward-Prowse,Midfielder,WHU,6.0,90,0,0,1,0,0,0,0,0,3
2367736,Emerson,Emerson Palmieri dos Santos,Defender,WHU,4.5,90,0,0,1,0,0,0,0,0,6
2367736,Benrahma,Said Benrahma,Midfielder,WHU,5.6,72,0,0,1,0,0,0,0,0,3
2367736,Bowen,Jarrod Bowen,Midfielder,WHU,8.0,90,0,0,1,0,0,0,0,0,3
2367736,Álvarez (Edson),Edson Álvarez,Midfielder,WHU,5.0,90,0,0,1,0,0,0,0,0,3
2367736,Soucek,Tomas Soucek,Midfielder,WHU,6.0,90,0,0,1,0,0,0,0,0,3
2367736,Fornals,Pablo Fornals,Midfielder,WHU,4.6,90,0,0,1,0,0,0,0,0,3
2367736,Johnson (Ben),Ben Johnson,Defender,WHU,3.8,90,0,0,1,0,0,1,0,0,5
2367736,Mavropanos,Konstantinos Mavropanos,Defender,WHU,4.5,90,0,0,1,0,0,0,0,0,6
2367736,Mubama,Divin Mubama,Forward,WHU,4.5,22,0,0,0,0,0,0,0,0,1
2367737,Tarkowski,James Tarkowski,Defender,EVE,5.5,90,0,0,0,3,0,1,0,0,0
2367737,Coleman,Seamus Coleman,Defender,EVE,4.5,35,0,0,0,0,0,0,0,0,1
2367737,Keane,Michael Keane,Defender,EVE,4.5,62,0,0,0,3,0,0,0,0,1
2367737,Pickford,Jordan Pickford,Goalkeeper,EVE,5.5,90,0,0,0,3,0,0,0,0,2
2367737,André Gomes,André Filipe Tavares Gomes,Midfielder,EVE,4.4,35,0,0,0,0,0,0,0,0,1
2367737,Calvert-Lewin,Dominic Calvert-Lewin,Forward,EVE,5.4,73,0,0,0,3,0,0,0,0,2
2367737,Danjuma Groeneveld,Arnaut Danjuma Groeneveld,Midfielder,EVE,5.2,24,0,0,0,0,0,0,0,0,1
2367737,Harrison (Jack),Jack Harrison,Midfielder,EVE,5.5,90,0,0,0,3,0,0,0,0,2
2367737,Mykolenko,Vitaliy Mykolenko,Defender,EVE,5.0,90,0,0,0,3,0,0,0,0,1
2367737,Garner,James Garner,Midfielder,EVE,5.0,90,0,0,0,3,0,0,0,0,2
2367737,Patterson (Nathan),Nathan Patterson,Defender,EVE,4.5,62,0,0,0,3,0,1,0,0,0
2367737,McNeil,Dwight McNeil,Midfielder,EVE,6.0,73,0,0,0,3,0,1,0,0,1
2367737,Mvom Onana,Amadou Mvom Onana,Midfielder,EVE,5.0,90,0,0,0,3,0,0,0,0,2
2367737,Branthwaite,Jarrad Branthwaite,Defender,EVE,5.5,90,0,0,0,3,0,0,0,0,1
2367737,Beto,Norberto Bercique Gomes Betuncal,Forward,EVE,5.5,24,0,0,0,0,0,0,0,0,1
2367737,Dawson,Craig Dawson,Defender,WOL,4.2,90,1,0,1,0,0,0,0,2,14
2367737,Doherty,Matt Doherty,Defender,WOL,4.5,15,0,0,0,0,0,0,0,0,1
2367737,Sarabia,Pablo Sarabia,Midfielder,WOL,5.0,79,0,0,1,0,0,0,0,0,3
2367737,José Sá,José Pedro Malheiro de Sá,Goalkeeper,WOL,4.5,90,0,0,1,0,0,0,0,0,6
2367737,Hwang Hee-Chan,Hee-Chan Hwang,Midfielder,WOL,6.0,90,0,1,1,0,0,0,0,0,6
2367737,Semedo,Nelson Semedo,Defender,WOL,4.5,82,0,0,1,0,0,0,0,0,6
2367737,Kilman,Max Kilman,Defender,WOL,4.5,90,1,0,1,0,0,0,0,1,13
2367737,Doyle,Tommy Doyle,Midfielder,WOL,4.7,90,0,0,1,0,0,1,0,0,2
2367737,Bellegarde,Jean-Ricner Bellegarde,Midfielder,WOL,5.5,18,0,0,0,0,0,0,0,0,1
2367737,Neto,Pedro Neto,Midfielder,WOL,7.0,18,0,0,0,0,0,0,0,0,1
2367737,Matheus Cunha,Matheus Santos Carneiro Da Cunha,Forward,WOL,8.0,79,1,1,1,0,0,0,0,3,12
2367737,João Gomes,João Victor Gomes da Silva,Midfielder,WOL,5.5,82,0,0,1,0,0,0,0,0,3
2367737,Ait Nouri,Rayan Ait Nouri,Defender,WOL,6.0,71,0,0,1,0,0,1,0,0,5
2367737,Traoré (Boubacar),Boubacar Traoré,Midfielder,WOL,5.0,14,0,0,0,0,0,0,0,0,1
2367737,Bueno (Hugo),Hugo Bueno,Defender,WOL,4.5,25,0,0,0,0,0,0,0,0,1
2367737,Toti,Toti António Gomes,Defender,WOL,4.5,90,0,0,1,0,0,0,0,0,6
2367738,Neto,Norberto Murara Neto,Goalkeeper,BOU,4.5,90,0,0,0,4,0,0,0,0,1
2367738,Brooks (David),David Brooks,Midfielder,BOU,5.0,27,0,0,0,3,0,0,0,0,1
2367738,Moore (Kieffer),Kieffer Moore,Forward,BOU,4.6,15,0,0,0,1,0,0,0,0,1
2367738,Solanke,Dominic Solanke,Forward,BOU,7.5,80,0,0,0,3,0,0,0,0,2
2367738,Cook (Lewis),Lewis Cook,Midfielder,BOU,5.0,81,0,0,0,3,0,1,0,0,1
2367738,Christie,Ryan Christie,Midfielder,BOU,5.0,90,0,0,0,4,0,0,0,0,2
2367738,Billing,Philip Billing,Midfielder,BOU,5.0,15,0,0,0,1,0,0,0,0,1
2367738,Tavernier,Marcus Tavernier,Midfielder,BOU,5.5,90,0,0,0,4,0,0,0,0,2
2367738,Kluivert,Justin Kluivert,Midfielder,BOU,7.0,68,0,0,0,1,0,0,0,0,2
2367738,Mepham,Chris Mepham,Defender,BOU,4.0,90,0,0,0,4,0,0,0,0,0
2367738,Sinisterra,Luis Sinisterra,Midfielder,BOU,5.0,55,0,0,0,1,0,0,0,0,1
2367738,Aarons,Maximillian Aarons,Defender,BOU,4.3,83,0,0,0,3,0,0,0,0,0
2367738,Kelly (Lloyd),Lloyd Kelly,Defender,BOU,4.2,41,0,0,0,3,0,0,0,0,0
2367738,Hill (James),James Hill,Defender,BOU,4.0,55,0,0,0,1,0,0,0,0,1
2367738,Zabarnyi,Illia Zabarnyi,Defender,BOU,5.0,90,0,0,0,4,0,0,0,0,0
2367738,Scott,Alex Scott,Midfielder,BOU,5.0,40,0,0,0,3,0,0,0,0,1
2367738,van Dijk,Virgil van Dijk,Defender,LIV,6.0,90,0,0,1,0,0,0,0,0,6
2367738,Alisson,Alisson Ramses Becker,Goalkeeper,LIV,5.5,90,0,0,1,0,0,0,0,0,6
2367738,Gomez,Joseph Gomez,Defender,LIV,5.0,90,0,1,1,0,0,0,0,1,10
2367738,Diogo Jota,Diogo José Teixeira da Silva,Midfielder,LIV,7.2,90,2,1,1,0,0,0,0,3,19
2367738,Konaté,Ibrahima Konaté,Defender,LIV,5.5,90,0,0,1,0,0,0,0,0,6
2367738,Jones (Curtis),Curtis Jones,Midfielder,LIV,5.5,80,0,0,1,0,0,0,0,0,3
2367738,Mac Allister,Alexis Mac Allister,Midfielder,LIV,6.5,90,0,0,1,0,0,0,0,0,3
2367738,Gakpo,Cody Gakpo,Forward,LIV,7.5,32,0,1,0,0,0,0,0,0,4
2367738,Díaz,Luis Díaz,Midfielder,LIV,8.0,63,0,0,1,0,0,0,0,0,3
2367738,Beck,Owen Beck,Defender,LIV,4.5,15,0,0,0,0,0,0,0,0,1
2367738,Gravenberch,Ryan Gravenberch,Midfielder,LIV,5.5,32,0,0,0,0,0,0,0,0,1
2367738,Elliott,Harvey Elliott,Midfielder,LIV,5.5,63,0,0,1,0,0,0,0,0,3
2367738,Núñez,Darwin Núñez,Forward,LIV,6.5,90,2,0,1,0,0,1,0,2,11
2367738,Clark (Bobby),Bobby Clark,Midfielder,LIV,4.5,15,0,0,0,0,0,0,0,0,1
2367738,Bradley,Conor Bradley,Defender,LIV,5.0,80,0,1,1,0,0,1,0,0,8
2367738,Gordon (Kaide),Kaide Gordon,Midfielder,LIV,4.5,5,0,0,0,0,0,0,0,0,1
2367739,Jorginho,Jorge Luiz Frello Filho,Midfielder,ARS,4.6,22,0,1,0,0,0,0,0,0,4
2367739,Trossard,Leandro Trossard,Midfielder,ARS,7.0,69,1,0,1,0,0,0,0,0,8
2367739,Raya Martin,David Raya Martin,Goalkeeper,ARS,5.5,90,0,0,1,0,0,0,0,1,8
2367739,Odegaard,Martin Odegaard,Midfielder,ARS,8.0,90,0,0,1,0,0,0,0,0,3
2367739,White (Ben),Ben White,Defender,ARS,5.5,90,0,0,1,0,0,0,0,0,6
2367739,Rice,Declan Rice,Midfielder,ARS,6.5,73,0,1,1,0,0,0,0,0,6
2367739,Eddie Nketiah,Edward Nketiah,Forward,ARS,5.5,16,0,1,0,0,0,0,0,0,4
2367739,Jesus,Gabriel Fernando de Jesus,Forward,ARS,6.5,79,0,1,1,0,0,0,0,0,5
2367739,Zinchenko,Oleksandr Zinchenko,Defender,ARS,5.0,90,0,0,1,0,0,0,0,0,6
2367739,Smith-Rowe,Emile Smith-Rowe,Midfielder,ARS,6.0,26,0,0,0,0,0,0,0,0,1
2367739,Havertz,Kai Havertz,Midfielder,ARS,7.5,69,0,0,1,0,0,0,0,0,3
2367739,Saka,Bukayo Saka,Midfielder,ARS,10.0,90,0,1,1,0,0,0,0,0,3
2367739,Gabriel Magalhães,Gabriel dos Santos Magalhães,Defender,ARS,6.0,79,2,0,1,0,0,0,0,2,17
2367739,Kiwior,Jakub Kiwior,Defender,ARS,5.5,15,0,0,0,0,0,0,0,0,1
2367739,Martinelli,Gabriel Teodoro Martinelli Silva,Midfielder,ARS,7.0,26,2,0,0,0,0,0,0,3,14
2367739,Saliba,William Saliba,Defender,ARS,6.0,90,0,0,1,0,0,0,0,0,6
2367739,Tomkins,James Tomkins,Defender,CRY,3.9,10,0,0,0,2,0,0,0,0,0
2367739,Clyne,Nathaniel Clyne,Defender,CRY,4.0,75,0,0,0,3,0,0,0,0,1
2367739,Schlupp,Jeffrey Schlupp,Midfielder,CRY,4.6,75,0,0,0,3,0,0,0,0,2
2367739,Hughes,Will Hughes,Midfielder,CRY,5.0,67,0,0,0,3,0,0,0,0,2
2367739,Lerma,Jefferson Lerma,Midfielder,CRY,5.0,90,0,0,0,5,0,0,0,0,2
2367739,Henderson (Dean),Dean Henderson,Goalkeeper,CRY,5.0,90,0,0,0,5,0,0,0,0,0
2367739,Andersen (Joachim),Joachim Andersen,Defender,CRY,4.5,90,0,0,0,5,0,0,0,0,0
2367739,Marc Guehi,Addji Keaninkin Marc-Israel Guehi,Defender,CRY,4.5,85,0,0,0,3,0,0,0,0,1
2367739,Mateta,Jean-Philippe Mateta,Forward,CRY,7.5,90,0,0,0,5,0,0,0,0,2
2367739,Eze,Eberechi Eze,Midfielder,CRY,7.5,90,0,0,0,5,0,0,0,0,2
2367739,Mitchell,Tyrick Mitchell,Defender,CRY,5.0,90,0,0,0,5,0,0,0,0,0
2367739,Richards (Chris),Chris Richards,Defender,CRY,4.5,90,0,0,0,5,0,0,0,0,0
2367739,Ahamada,Naouirou Ahamada,Midfielder,CRY,4.5,19,0,0,0,2,0,0,0,0,1
2367739,Ozoh,David Ozoh,Midfielder,CRY,4.5,27,0,0,0,2,0,0,0,0,1
2367739,Matheus França,Matheus França de Oliveira,Midfielder,CRY,4.5,19,0,0,0,2,0,0,0,0,1
2367740,Mee (Ben),Ben Mee,Defender,BRE,4.2,90,1,0,0,2,0,0,0,0,7
2367740,Maupay,Neal Maupay,Forward,BRE,4.9,73,1,0,0,2,0,0,0,0,6
2367740,Flekken,Mark Flekken,Goalkeeper,BRE,4.5,90,0,0,0,2,0,0,0,0,1
2367740,Toney,Ivan Toney,Forward,BRE,7.3,90,1,0,0,2,0,1,0,3,8
2367740,Dasilva,Pelenda Joshua Dasilva,Midfielder,BRE,4.8,11,0,0,0,0,0,0,0,0,1
2367740,Ajer,Kristoffer Ajer,Defender,BRE,4.5,11,0,0,0,0,0,0,0,0,1
2367740,Reguilón,Sergio Reguilón,Defender,BRE,4.1,26,0,0,0,0,0,0,0,0,1
2367740,Janelt,Vitaly Janelt,Midfielder,BRE,5.0,90,0,0,0,2,0,0,0,0,2
2367740,Jensen,Mathias Jensen,Midfielder,BRE,5.0,90,0,1,0,2,0,0,0,0,5
2367740,Roerslev,Mads Roerslev,Defender,BRE,4.5,88,0,1,0,2,0,0,0,0,4
2367740,Pinnock,Ethan Pinnock,Defender,BRE,4.5,90,0,0,0,2,0,0,0,0,1
2367740,Lewis-Potter,Keane Lewis-Potter,Midfielder,BRE,5.0,88,0,0,0,2,0,0,0,0,2
2367740,Baptiste (Shandon),Shandon Baptiste,Midfielder,BRE,4.3,25,0,0,0,0,0,0,0,0,1
2367740,Collins,Nathan Collins,Defender,BRE,5.0,90,0,0,0,2,0,0,0,0,1
2367740,Damsgaard,Mikkel Damsgaard,Midfielder,BRE,6.0,74,0,1,0,2,0,0,0,0,5
2367740,Yarmolyuk,Ehor Yarmolyuk,Midfielder,BRE,5.0,4,0,0,0,0,0,0,0,0,1
2367740,Wood,Chris Wood,Forward,NFO,7.5,90,1,0,0,3,0,0,0,2,8
2367740,Mangala,Orel Mangala,Midfielder,NFO,5.0,90,0,0,0,3,0,1,0,0,1
2367740,Yates,Ryan Yates,Midfielder,NFO,5.0,61,0,0,0,2,0,0,0,0,2
2367740,Hudson-Odoi,Callum Hudson-Odoi,Midfielder,NFO,6.0,90,0,1,0,3,0,0,0,0,5
2367740,Williams (Neco),Neco Williams,Defender,NFO,5.0,38,0,0,0,1,0,0,0,0,1
2367740,Montiel,Gonzalo Montiel,Defender,NFO,4.4,85,0,0,0,3,0,1,0,0,0
2367740,Turner,Matt Turner,Goalkeeper,NFO,4.0,90,0,0,0,3,0,0,0,0,1
2367740,Nicolás Domínguez,Nicolás Domínguez,Midfielder,NFO,5.0,90,0,0,0,3,0,0,0,0,2
2367740,Nuno Tavares,Nuno Tavares,Defender,NFO,4.0,90,0,0,0,3,0,0,0,0,1
2367740,Aguilera,Brandon Aguilera,Midfielder,NFO,4.5,14,0,0,0,0,0,0,0,0,1
2367740,Omobamidele,Andrew Omobamidele,Defender,NFO,4.2,90,0,0,0,3,0,0,0,0,1
2367740,Danilo,Danilo dos Santos de Oliveira,Midfielder,NFO,4.7,90,1,0,0,3,0,1,0,2,8
2367740,Murillo,Murillo Santiago Costa dos Santos,Defender,NFO,5.5,90,0,0,0,3,0,0,0,0,1
2367741,Milner,James Milner,Midfielder,BHA,5.0,72,0,0,1,0,0,0,0,0,3
2367741,Lallana,Adam Lallana,Midfielder,BHA,5.0,22,0,0,0,0,0,0,0,0,1
2367741,Steele,Jason Steele,Goalkeeper,BHA,4.5,90,0,0,1,0,0,0,0,3,10
2367741,Welbeck,Danny Welbeck,Forward,BHA,6.5,64,0,0,1,0,0,0,0,0,2
2367741,Groß,Pascal Groß,Midfielder,BHA,6.5,90,0,0,1,0,0,0,0,0,3
2367741,Dunk,Lewis Dunk,Defender,BHA,4.5,90,0,0,1,0,0,0,0,0,6
2367741,Webster,Adam Webster,Defender,BHA,4.5,22,0,0,0,0,0,1,0,0,0
2367741,Estupiñán,Pervis Estupiñán,Defender,BHA,4.5,72,0,0,1,0,0,0,0,2,8
2367741,Lamptey,Tariq Lamptey,Defender,BHA,4.5,30,0,0,0,0,0,0,0,0,1
2367741,Gilmour,Billy Gilmour,Midfielder,BHA,5.0,90,0,0,1,0,0,0,0,0,3
2367741,van Hecke,Jan-Paul van Hecke,Defender,BHA,4.5,90,0,0,1,0,0,0,0,0,6
2367741,João Pedro,João Pedro Junqueira de Jesus,Forward,BHA,7.5,90,0,0,1,0,0,0,0,0,2
2367741,Baker-Boaitey,Benicio Baker-Boaitey,Midfielder,BHA,4.5,3,0,0,0,0,0,0,0,0,1
2367741,Ferguson (Evan),Evan Ferguson,Forward,BHA,5.5,30,0,0,0,0,0,0,0,0,1
2367741,Hinshelwood,Jack Hinshelwood,Midfielder,BHA,5.5,90,0,0,1,0,0,0,0,0,3
2367741,Buonanotte,Facundo Buonanotte,Midfielder,BHA,5.0,64,0,0,1,0,0,0,0,0,3
2367741,Dawson,Craig Dawson,Defender,WOL,4.2,90,0,0,1,0,0,1,0,0,5
2367741,Doherty,Matt Doherty,Defender,WOL,4.5,90,0,0,1,0,0,0,0,0,6
2367741,Sarabia,Pablo Sarabia,Midfielder,WOL,5.0,69,0,0,1,0,0,0,0,0,3
2367741,José Sá,José Pedro Malheiro de Sá,Goalkeeper,WOL,4.5,90,0,0,1,0,0,0,0,1,8
2367741,Lemina (Mario),Mario Lemina,Midfielder,WOL,4.8,90,0,0,1,0,0,0,0,0,3
2367741,Semedo,Nelson Semedo,Defender,WOL,4.5,90,0,0,1,0,0,0,0,0,6
2367741,Kilman,Max Kilman,Defender,WOL,4.5,90,0,0,1,0,0,1,0,0,5
2367741,Doyle,Tommy Doyle,Midfielder,WOL,4.7,90,0,0,1,0,0,0,0,0,3
2367741,Bellegarde,Jean-Ricner Bellegarde,Midfielder,WOL,5.5,25,0,0,0,0,0,0,0,0,1
2367741,Neto,Pedro Neto,Midfielder,WOL,7.0,88,0,0,1,0,0,0,0,0,3
2367741,Matheus Cunha,Matheus Santos Carneiro Da Cunha,Forward,WOL,8.0,90,0,0,1,0,0,1,0,0,1
2367741,Chirewa,Tawanda Chirewa,Midfielder,WOL,4.5,6,0,0,0,0,0,0,0,0,1
2367741,Toti,Toti António Gomes,Defender,WOL,4.5,90,0,0,1,0,0,1,0,0,5
2367742,Cork,Jack Cork,Midfielder,BUR,4.8,3,0,0,0,0,0,0,0,0,1
2367742,Gudmundsson,Johann Berg Gudmundsson,Midfielder,BUR,4.8,73,0,0,1,0,0,0,0,0,3
2367742,Cullen,Josh Cullen,Midfielder,BUR,5.0,90,0,0,0,1,0,0,0,0,2
2367742,Brownhill,Josh Brownhill,Midfielder,BUR,4.7,90,0,0,0,1,0,0,0,0,2
2367742,Bruun Larsen,Jacob Bruun Larsen,Midfielder,BUR,5.5,15,0,0,0,1,0,0,0,0,1
2367742,Roberts (Connor),Connor Roberts,Defender,BUR,4.5,24,0,0,0,1,0,0,0,0,1
2367742,O'Shea,Dara O'Shea,Defender,BUR,3.8,90,0,0,0,1,0,0,0,0,2
2367742,Trafford,James Trafford,Goalkeeper,BUR,5.0,90,0,0,0,1,0,1,0,0,2
2367742,Foster,Lyle Foster,Forward,BUR,5.0,90,0,0,0,1,0,0,0,0,2
2367742,Trésor,Mike Trésor,Midfielder,BUR,4.5,15,0,0,0,1,0,0,0,0,1
2367742,Vitinho,Victor Alexander da Silva,Defender,BUR,4.4,90,0,0,0,1,0,0,0,0,2
2367742,Ekdal,Hjalmar Ekdal,Defender,BUR,4.0,90,0,0,0,1,0,0,0,0,2
2367742,Al Dakhil,Ameen Al Dakhil,Defender,BUR,3.8,90,0,0,0,1,0,0,0,0,2
2367742,Amdouni,Zeki Amdouni,Forward,BUR,5.0,82,1,0,1,0,0,0,0,3,9
2367742,Odobert,Wilson Odobert,Midfielder,BUR,5.5,82,0,0,1,0,0,0,0,0,3
2367742,Kaminski,Thomas Kaminski,Goalkeeper,LUT,4.0,90,0,0,0,1,0,0,0,1,5
2367742,Townsend,Andros Townsend,Midfielder,LUT,5.0,64,0,0,0,1,0,0,0,0,2
2367742,Berry,Luke Berry,Midfielder,LUT,4.6,12,0,0,0,0,0,0,0,0,1
2367742,Barkley,Ross Barkley,Midfielder,LUT,5.0,90,0,0,0,1,0,0,0,0,2
2367742,Clark (Jordan),Jordan Clark,Midfielder,LUT,4.8,73,0,0,0,1,0,0,0,0,2
2367742,Morris,Carlton Morris,Forward,LUT,4.7,24,1,0,0,0,0,0,0,2,7
2367742,Bell,Amarii Bell,Defender,LUT,3.8,90,0,0,0,1,0,0,0,0,2
2367742,Adebayo,Elijah Adebayo,Forward,LUT,4.8,90,0,0,0,1,0,0,0,0,2
2367742,Osho,Gabriel Osho,Defender,LUT,4.4,90,0,0,0,1,0,0,0,0,2
2367742,Chong,Tahith Chong,Midfielder,LUT,4.4,33,0,0,0,0,0,0,0,0,1
2367742,Ogbene,Chiedozie Ogbene,Forward,LUT,4.8,90,0,0,0,1,0,0,0,0,2
2367742,Doughty,Alfie Doughty,Defender,LUT,4.3,90,0,1,0,1,0,0,0,0,5
2367742,Mengi,Teden Mengi,Defender,LUT,3.9,90,0,0,0,1,0,0,0,0,2
2367742,Sambi Lokonga,Albert Sambi Lokonga,Midfielder,LUT,4.5,85,0,0,0,1,0,0,0,0,2
2367743,Thiago Silva,Thiago Emiliano da Silva,Defender,CHE,5.0,90,0,0,1,0,0,1,0,0,5
2367743,Sterling (Raheem),Raheem Sterling,Midfielder,CHE,6.7,76,0,1,1,0,0,0,0,0,6
2367743,Chilwell,Benjamin Chilwell,Defender,CHE,4.6,21,0,0,0,0,0,0,0,0,1
2367743,Disasi,Axel Disasi,Defender,CHE,4.2,90,0,0,1,0,0,1,0,0,5
2367743,Gallagher,Conor Gallagher,Midfielder,CHE,5.9,90,0,0,1,0,0,0,0,0,3
2367743,Palmer,Cole Palmer,Midfielder,CHE,10.5,90,1,0,1,0,0,1,0,3,10
2367743,Madueke,Noni Madueke,Midfielder,CHE,7.0,31,0,0,0,0,0,0,0,0,1
2367743,Broja,Armando Broja,Forward,CHE,5.3,66,0,0,1,0,0,0,0,0,2
2367743,Fernández (Enzo),Enzo Fernández,Midfielder,CHE,6.5,90,0,0,1,0,0,1,0,0,2
2367743,Petrovic,Dorde Petrovic,Goalkeeper,CHE,4.5,90,0,0,1,0,0,0,0,3,10
2367743,Colwill,Levi Colwill,Defender,CHE,5.0,90,0,0,1,0,0,0,0,1,7
2367743,Chukwuemeka,Carney Chukwuemeka,Midfielder,CHE,4.7,5,0,0,0,0,0,0,0,0,1
2367743,Gusto,Malo Gusto,Defender,CHE,5.0,90,0,0,1,0,0,1,0,0,5
2367743,Moises Caicedo,Moises Caicedo,Midfielder,CHE,5.5,90,0,0,1,0,0,0,0,0,3
2367743,Gilchrist,Alfie Gilchrist,Defender,CHE,4.0,5,0,0,0,0,0,0,0,0,1
2367743,Willian,Willian Borges Da Silva,Midfielder,FUL,5.0,90,0,0,0,1,0,0,0,0,2
2367743,Cairney,Tom Cairney,Midfielder,FUL,5.0,90,0,0,0,1,0,0,0,0,2
2367743,Leno,Bernd Leno,Goalkeeper,FUL,5.0,90,0,0,0,1,0,0,0,0,2
2367743,DeCordova-Reid,Bobby DeCordova-Reid,Midfielder,FUL,5.2,33,0,0,0,0,0,0,0,0,1
2367743,Raúl Jiménez,Raul Alonso Jimenez Rodriguez,Forward,FUL,6.5,90,0,0,0,1,0,0,0,0,2
2367743,Tosin,Oluwatosin Adarabioyo,Defender,FUL,4.5,90,0,0,0,1,0,0,0,0,2
2367743,Wilson (Harry),Harry Wilson,Midfielder,FUL,5.5,64,0,0,0,1,0,1,0,0,1
2367743,João Palhinha,João Maria Lobo Alves Palhinha Gonçalves,Midfielder,FUL,5.9,82,0,0,0,1,0,0,0,0,2
2367743,Pereira (Andreas),Andreas Pereira,Midfielder,FUL,5.5,82,0,0,0,1,0,0,0,0,2
2367743,Castagne,Timothy Castagne,Defender,FUL,4.5,33,0,0,0,0,0,0,0,0,1
2367743,Tete,Kenny Tete,Defender,FUL,4.5,64,0,0,0,1,0,0,0,0,2
2367743,Robinson (Antonee),Antonee Robinson,Defender,FUL,5.0,90,0,0,0,1,0,0,0,0,2
2367743,Lukic,Sasa Lukic,Midfielder,FUL,5.0,15,0,0,0,0,0,0,0,0,1
2367743,Diop,Issa Diop,Defender,FUL,4.5,90,0,0,0,1,0,0,0,0,2
2367743,Rodrigo Muniz,Rodrigo Muniz Carvalho,Forward,FUL,5.5,15,0,0,0,0,0,0,0,0,1
2367744,Martinez,Emiliano Martinez,Goalkeeper,AVL,5.0,90,0,0,1,0,0,0,0,3,9
2367744,Álex Moreno,Alexandre Moreno Lopera,Defender,AVL,4.0,90,0,0,1,0,0,0,0,1,7
2367744,McGinn,John McGinn,Midfielder,AVL,5.5,85,0,0,1,0,0,0,0,0,3
2367744,Diego Carlos,Diego Carlos Santos Silva,Defender,AVL,4.5,70,0,0,1,0,0,1,0,0,5
2367744,Tielemans,Youri Tielemans,Midfielder,AVL,6.0,33,0,0,0,0,0,1,0,0,0
2367744,Lenglet,Clément Lenglet,Defender,AVL,4.5,90,0,0,1,0,0,1,0,0,5
2367744,Watkins,Ollie Watkins,Forward,AVL,9.0,90,0,0,1,0,0,1,0,0,1
2367744,Cash,Matthew Cash,Defender,AVL,4.5,24,0,0,0,0,0,0,0,0,1
2367744,Konsa Ngoyo,Ezri Konsa Ngoyo,Defender,AVL,4.5,90,0,0,1,0,0,0,0,0,6
2367744,Bailey,Leon Bailey,Midfielder,AVL,5.5,61,0,0,1,0,0,0,0,0,3
2367744,Kamara,Boubacar Kamara,Midfielder,AVL,5.0,90,0,0,1,0,0,0,0,0,3
2367744,Douglas Luiz,Douglas Luiz Soares de Paulo,Midfielder,AVL,5.4,90,0,0,1,0,0,0,0,0,3
2367744,Diaby,Moussa Diaby,Midfielder,AVL,6.5,61,0,0,1,0,0,0,0,0,3
2367744,Zaniolo,Nicolò Zaniolo,Midfielder,AVL,5.4,9,0,0,0,0,0,0,0,0,1
2367744,Durán,Jhon Durán,Forward,AVL,5.7,33,0,0,0,0,0,0,0,0,1
2367744,Tarkowski,James Tarkowski,Defender,EVE,5.5,90,0,0,1,0,0,1,0,0,5
2367744,Coleman,Seamus Coleman,Defender,EVE,4.5,90,0,0,1,0,0,0,0,0,6
2367744,Pickford,Jordan Pickford,Goalkeeper,EVE,5.5,90,0,0,1,0,0,0,0,2,9
2367744,Doucouré,Abdoulaye Doucouré,Midfielder,EVE,5.1,90,0,0,1,0,0,0,0,0,3
2367744,Calvert-Lewin,Dominic Calvert-Lewin,Forward,EVE,5.4,60,0,0,1,0,0,0,0,0,2
2367744,Danjuma Groeneveld,Arnaut Danjuma Groeneveld,Midfielder,EVE,5.2,60,0,0,1,0,0,0,0,0,3
2367744,Harrison (Jack),Jack Harrison,Midfielder,EVE,5.5,90,0,0,1,0,0,0,0,0,3
2367744,Mykolenko,Vitaliy Mykolenko,Defender,EVE,5.0,90,0,0,1,0,0,0,0,0,6
2367744,Garner,James Garner,Midfielder,EVE,5.0,90,0,0,1,0,0,0,0,0,3
2367744,McNeil,Dwight McNeil,Midfielder,EVE,6.0,34,0,0,0,0,0,0,0,0,1
2367744,Mvom Onana,Amadou Mvom Onana,Midfielder,EVE,5.0,90,0,0,1,0,0,0,0,0,3
2367744,Branthwaite,Jarrad Branthwaite,Defender,EVE,5.5,90,0,0,1,0,0,0,0,0,6
2367744,Beto,Norberto Bercique Gomes Betuncal,Forward,EVE,5.5,34,0,0,0,0,0,0,0,0,1
2367745,Evans,Jonny Evans,Defender,MUN,4.4,62,0,0,0,2,0,0,0,0,1
2367745,Eriksen,Christian Eriksen,Midfielder,MUN,5.2,58,0,0,0,2,0,0,0,0,1
2367745,Varane,Raphael Varane,Defender,MUN,4.9,90,0,0,0,2,0,0,0,0,1
2367745,Bruno Fernandes,Bruno Miguel Borges Fernandes,Midfielder,MUN,9.0,90,0,0,0,2,0,0,0,0,2
2367745,Rashford,Marcus Rashford,Midfielder,MUN,7.0,86,1,0,0,2,0,0,0,0,7
2367745,McTominay,Scott McTominay,Midfielder,MUN,4.9,36,0,0,0,0,0,0,0,0,1
2367745,Onana,André Onana,Goalkeeper,MUN,5.0,90,0,0,0,2,0,0,0,0,2
2367745,Wan-Bissaka,Aaron Wan-Bissaka,Defender,MUN,4.5,90,0,0,0,2,0,1,0,0,0
2367745,Dalot,José Diogo Dalot Teixeira,Defender,MUN,4.5,90,0,0,0,2,0,0,0,0,1
2367745,Martínez,Lisandro Martínez,Defender,MUN,5.0,31,0,0,0,0,0,0,0,0,1
2367745,Antony,Antony Matheus dos Santos,Midfielder,MUN,6.0,8,0,0,0,0,0,0,0,0,1
2367745,Garnacho,Alejandro Garnacho Ferreyra,Midfielder,MUN,6.5,90,0,0,0,2,0,0,0,0,2
2367745,Højlund,Rasmus Højlund,Forward,MUN,6.5,90,1,1,0,2,0,1,0,3,11
2367745,Mainoo,Kobbie Mainoo,Midfielder,MUN,5.0,90,0,0,0,2,0,0,0,0,2
2367745,Højbjerg,Pierre-Emile Højbjerg,Midfielder,TOT,5.0,90,0,0,0,2,0,0,0,0,2
2367745,Werner,Timo Werner,Forward,TOT,6.2,79,0,1,0,2,0,0,0,0,5
2367745,Vicario,Guglielmo Vicario,Goalkeeper,TOT,5.0,90,0,0,0,2,0,0,0,0,1
2367745,Bentancur,Rodrigo Bentancur,Midfielder,TOT,5.5,90,1,0,0,2,0,1,0,0,6
2367745,Skipp,Oliver Skipp,Midfielder,TOT,4.7,84,0,0,0,2,0,0,0,0,2
2367745,Richarlison,Richarlison de Andrade,Midfielder,TOT,6.5,90,1,0,0,2,0,0,0,1,8
2367745,Romero,Cristian Romero,Defender,TOT,5.0,90,0,0,0,2,0,0,0,0,1
2367745,Emerson Royal,Emerson Aparecido Leite de Souza Junior,Defender,TOT,4.5,6,0,0,0,0,0,0,0,0,1
2367745,Johnson (Brennan),Brennan Johnson,Midfielder,TOT,7.0,90,0,0,0,2,0,0,0,0,2
2367745,Gil,Bryan Gil,Midfielder,TOT,5.0,15,0,0,0,0,0,0,0,0,1
2367745,Porro,Pedro Porro,Defender,TOT,5.5,90,0,1,0,2,0,0,0,2,6
2367745,Destiny Udogie,Iyenoma Destiny Udogie,Defender,TOT,4.5,90,0,0,0,2,0,0,0,0,1
2367745,van de Ven,Micky van de Ven,Defender,TOT,4.5,87,0,0,0,2,0,0,0,0,1
2367745,Dragusin,Radu Dragusin,Defender,TOT,4.5,10,0,0,0,0,0,0,0,0,1
2367746,Walker,Kyle Walker,Defender,MCI,4.5,90,0,1,0,2,0,0,0,2,6
2367746,De Bruyne,Kevin De Bruyne,Midfielder,MCI,9.5,25,1,1,0,0,0,0,0,3,12
2367746,Ortega Moreno,Stefan Ortega Moreno,Goalkeeper,MCI,5.0,90,0,0,0,2,0,0,0,0,2
2367746,Kovacic,Mateo Kovacic,Midfielder,MCI,6.0,90,0,0,0,2,0,0,0,0,2
2367746,Ederson,Ederson Santana de Moraes,Goalkeeper,MCI,5.5,4,0,0,0,0,0,0,0,0,1
2367746,Aké,Nathan Aké,Defender,MCI,5.5,90,0,0,0,2,0,0,0,0,1
2367746,Bernardo Silva,Bernardo Mota Veiga de Carvalho e Silva,Midfielder,MCI,6.5,68,1,0,0,2,0,1,0,2,8
2367746,Rúben Dias,Rúben Santos Gato Alves Dias,Defender,MCI,5.5,90,0,0,0,2,0,0,0,0,1
2367746,Foden,Phil Foden,Midfielder,MCI,8.0,90,0,0,0,2,0,0,0,0,2
2367746,Rodri,Rodrigo Hernández Cascante,Midfielder,MCI,6.5,90,0,1,0,2,0,1,0,0,4
2367746,Doku,Jéremy Doku,Midfielder,MCI,6.5,82,0,0,0,2,0,0,0,0,2
2367746,Álvarez (Julián),Julián Álvarez,Forward,MCI,7.0,90,0,0,0,2,0,0,0,0,2
2367746,Gvardiol,Joško Gvardiol,Defender,MCI,6.0,90,0,0,0,2,0,0,0,0,1
2367746,Bobb,Oscar Bobb,Midfielder,MCI,5.5,12,1,0,0,0,0,0,0,2,8
2367746,Dubravka,Martin Dubravka,Goalkeeper,NEW,4.0,90,0,0,0,3,0,0,0,0,3
2367746,Trippier,Kieran Trippier,Defender,NEW,5.0,90,0,0,0,3,0,0,0,0,1
2367746,Burn,Dan Burn,Defender,NEW,5.0,90,0,1,0,3,0,0,0,0,4
2367746,Schär,Fabian Schär,Defender,NEW,5.5,90,0,0,0,3,0,0,0,0,1
2367746,Almirón,Miguel Almirón,Midfielder,NEW,5.4,90,0,0,0,3,0,0,0,0,2
2367746,Longstaff (Sean),Sean Longstaff,Midfielder,NEW,5.0,90,0,0,0,3,0,0,0,0,2
2367746,Bruno Guimarães,Bruno Guimarães Rodriguez Moura,Midfielder,NEW,6.5,90,0,1,0,3,0,1,0,0,4
2367746,Isak,Alexander Isak,Forward,NEW,10.5,90,1,0,0,3,0,0,0,0,6
2367746,Botman,Sven Botman,Defender,NEW,5.0,90,0,0,0,3,0,0,0,0,1
2367746,Gordon (Anthony),Anthony Gordon,Midfielder,NEW,7.5,85,1,0,0,2,0,0,0,0,7
2367746,Lewis Hall,Lewis Hall,Defender,NEW,5.5,8,0,0,0,1,0,0,0,0,1
2367746,Miley (Lewis),Lewis Miley,Midfielder,NEW,4.5,90,0,0,0,3,0,0,0,0,2
2367747,Norwood,Oliver Norwood,Midfielder,SHU,4.8,12,0,0,0,0,0,0,0,0,1
2367747,Foderingham,Wes Foderingham,Goalkeeper,SHU,4.0,90,0,0,0,2,0,0,0,0,2
2367747,Robinson (Jack),Jack Robinson,Defender,SHU,4.3,90,0,0,0,2,0,0,0,0,1
2367747,McBurnie,Oliver McBurnie,Forward,SHU,5.4,45,1,0,0,1,0,0,0,1,6
2367747,Brewster,Rhian Brewster,Forward,SHU,4.9,10,0,0,0,0,0,0,1,0,0
2367747,Hamer,Gustavo Hamer,Midfielder,SHU,4.9,90,0,0,0,2,0,1,0,0,1
2367747,Trusty,Auston Trusty,Defender,SHU,3.9,80,0,0,0,2,0,0,0,0,1
2367747,Brereton,Ben Brereton,Midfielder,SHU,4.8,66,1,0,0,1,0,0,0,0,7
2367747,Bogle,Jayden Bogle,Defender,SHU,4.5,90,0,0,0,2,0,0,0,0,1
2367747,Ahmedhodzic,Anel Ahmedhodzic,Defender,SHU,4.3,90,0,0,0,2,0,1,0,0,0
2367747,Vinicius Souza,Vinicius de Souza Costa,Midfielder,SHU,5.0,86,0,0,0,2,0,0,0,0,2
2367747,Mcatee,James Mcatee,Midfielder,SHU,5.5,90,0,0,0,2,0,0,0,0,2
2367747,Archer,Cameron Archer,Forward,SHU,4.8,32,0,0,0,1,0,0,0,0,1
2367747,Norrington-Davies,Rhys Norrington-Davies,Defender,SHU,3.9,19,0,0,0,0,0,0,0,0,1
2367747,Osula,William Osula,Forward,SHU,5.5,45,0,1,0,1,0,0,0,0,4
2367747,Brooks (Andre),Andre Brooks,Midfielder,SHU,4.4,80,0,0,0,2,0,1,0,0,1
2367747,Fabianski,Lukasz Fabianski,Goalkeeper,WHU,3.9,3,0,0,0,1,0,0,0,0,1
2367747,Areola,Alphonse Areola,Goalkeeper,WHU,4.5,90,0,0,0,1,0,0,0,0,3
2367747,Ings,Danny Ings,Forward,WHU,4.8,90,0,2,0,1,0,0,0,2,10
2367747,Ward-Prowse,James Ward-Prowse,Midfielder,WHU,6.0,90,1,0,0,2,0,1,0,3,9
2367747,Zouma,Kurt Zouma,Defender,WHU,4.4,90,0,0,0,2,0,0,0,0,1
2367747,Emerson,Emerson Palmieri dos Santos,Defender,WHU,4.5,90,0,0,0,2,0,0,0,0,1
2367747,Cornet,Maxwel Cornet,Midfielder,WHU,5.0,69,1,0,0,1,0,0,0,0,7
2367747,Coufal,Vladimir Coufal,Defender,WHU,4.1,90,0,0,0,1,0,0,1,0,0
2367747,Bowen,Jarrod Bowen,Midfielder,WHU,8.0,90,0,0,0,2,0,0,0,0,2
2367747,Soucek,Tomas Soucek,Midfielder,WHU,6.0,90,0,0,0,2,0,0,0,0,2
2367747,Fornals,Pablo Fornals,Midfielder,WHU,4.6,90,0,0,0,2,0,0,0,0,2
2367747,Johnson (Ben),Ben Johnson,Defender,WHU,3.8,29,0,0,0,1,0,0,0,0,1
2367747,Mavropanos,Konstantinos Mavropanos,Defender,WHU,4.5,90,0,0,0,2,0,0,0,0,1
2367747,Mubama,Divin Mubama,Forward,WHU,4.5,5,0,0,0,1,0,0,0,0,1
2367748,Martinez,Emiliano Martinez,Goalkeeper,AVL,5.0,90,0,0,0,3,0,0,0,0,2
2367748,Álex Moreno,Alexandre Moreno Lopera,Defender,AVL,4.0,90,0,0,0,3,1,0,0,0,0
2367748,McGinn,John McGinn,Midfielder,AVL,5.5,90,0,0,0,3,0,1,0,0,1
2367748,Tielemans,Youri Tielemans,Midfielder,AVL,6.0,60,0,0,0,3,0,0,0,0,2
2367748,Lenglet,Clément Lenglet,Defender,AVL,4.5,90,0,0,0,3,0,0,0,0,1
2367748,Watkins,Ollie Watkins,Forward,AVL,9.0,90,1,0,0,3,0,0,0,1,7
2367748,Cash,Matthew Cash,Defender,AVL,4.5,90,0,0,0,3,0,0,0,0,1
2367748,Konsa Ngoyo,Ezri Konsa Ngoyo,Defender,AVL,4.5,90,0,0,0,3,0,0,0,0,1
2367748,Bailey,Leon Bailey,Midfielder,AVL,5.5,38,0,1,0,0,0,0,0,0,4
2367748,Kamara,Boubacar Kamara,Midfielder,AVL,5.0,60,0,0,0,3,0,1,0,0,1
2367748,Douglas Luiz,Douglas Luiz Soares de Paulo,Midfielder,AVL,5.4,90,0,0,0,3,0,1,0,0,1
2367748,Ramsey (Jacob),Jacob Ramsey,Midfielder,AVL,5.5,37,0,0,0,0,0,0,0,0,1
2367748,Diaby,Moussa Diaby,Midfielder,AVL,6.5,60,0,0,0,3,0,0,0,0,2
2367748,Zaniolo,Nicolò Zaniolo,Midfielder,AVL,5.4,38,0,0,0,0,0,1,0,0,0
2367748,Dubravka,Martin Dubravka,Goalkeeper,NEW,4.0,90,0,0,0,1,0,0,0,0,3
2367748,Trippier,Kieran Trippier,Defender,NEW,5.0,90,0,1,0,1,0,0,0,2,7
2367748,Burn,Dan Burn,Defender,NEW,5.0,90,0,0,0,1,0,0,0,0,2
2367748,Krafth,Emil Krafth,Defender,NEW,4.5,1,0,0,0,0,0,0,0,0,1
2367748,Murphy (Jacob),Jacob Murphy,Midfielder,NEW,6.5,90,0,1,0,1,0,0,0,0,5
2367748,Schär,Fabian Schär,Defender,NEW,5.5,90,2,0,0,1,0,0,0,3,17
2367748,Almirón,Miguel Almirón,Midfielder,NEW,5.4,52,0,0,0,1,0,0,0,0,1
2367748,Longstaff (Sean),Sean Longstaff,Midfielder,NEW,5.0,90,0,0,0,1,0,0,0,0,2
2367748,Bruno Guimarães,Bruno Guimarães Rodriguez Moura,Midfielder,NEW,6.5,90,0,0,0,1,0,0,0,0,2
2367748,Isak,Alexander Isak,Forward,NEW,10.5,41,0,0,0,0,0,0,0,0,1
2367748,Botman,Sven Botman,Defender,NEW,5.0,90,0,0,0,1,0,0,0,0,2
2367748,Gordon (Anthony),Anthony Gordon,Midfielder,NEW,7.5,90,0,0,0,1,0,1,0,0,1
2367748,Livramento,Valentino Livramento,Defender,NEW,5.0,25,0,0,0,0,0,0,0,0,1
2367748,Miley (Lewis),Lewis Miley,Midfielder,NEW,4.5,73,0,0,0,1,0,0,0,0,2
2367749,Ayew (Jordan),Jordan Ayew,Midfielder,CRY,5.1,90,0,0,0,2,0,0,0,0,2
2367749,Schlupp,Jeffrey Schlupp,Midfielder,CRY,4.6,32,0,0,0,0,0,0,0,0,1
2367749,Hughes,Will Hughes,Midfielder,CRY,5.0,90,0,0,0,2,0,0,0,0,2
2367749,Lerma,Jefferson Lerma,Midfielder,CRY,5.0,90,0,0,0,2,0,1,0,0,1
2367749,Henderson (Dean),Dean Henderson,Goalkeeper,CRY,5.0,90,0,0,0,2,0,0,0,0,2
2367749,Andersen (Joachim),Joachim Andersen,Defender,CRY,4.5,90,0,0,0,2,0,0,0,0,1
2367749,Edouard,Odsonne Edouard,Forward,CRY,5.0,12,0,0,0,0,0,0,0,0,1
2367749,Marc Guehi,Addji Keaninkin Marc-Israel Guehi,Defender,CRY,4.5,90,0,0,0,2,0,0,0,0,1
2367749,Mateta,Jean-Philippe Mateta,Forward,CRY,7.5,83,0,0,0,2,0,0,0,0,2
2367749,Eze,Eberechi Eze,Midfielder,CRY,7.5,70,2,0,0,2,0,0,0,2,14
2367749,Mitchell,Tyrick Mitchell,Defender,CRY,5.0,90,0,0,0,2,0,0,0,0,1
2367749,Richards (Chris),Chris Richards,Defender,CRY,4.5,90,0,0,0,2,0,0,0,0,1
2367749,Olise,Michael Olise,Midfielder,CRY,5.7,63,1,2,0,2,0,0,0,3,16
2367749,Ozoh,David Ozoh,Midfielder,CRY,4.5,26,0,0,0,0,0,0,0,0,1
2367749,Foderingham,Wes Foderingham,Goalkeeper,SHU,4.0,45,0,0,0,1,0,0,0,0,1
2367749,Robinson (Jack),Jack Robinson,Defender,SHU,4.3,74,0,0,0,3,0,1,0,0,0
2367749,McBurnie,Oliver McBurnie,Forward,SHU,5.4,58,0,1,0,2,0,0,0,0,5
2367749,Grbic,Ivo Grbic,Goalkeeper,SHU,4.5,47,0,0,0,2,0,0,0,0,0
2367749,Hamer,Gustavo Hamer,Midfielder,SHU,4.9,79,0,1,0,3,0,0,0,0,5
2367749,Trusty,Auston Trusty,Defender,SHU,3.9,90,0,0,0,3,0,1,0,0,0
2367749,Brereton,Ben Brereton,Midfielder,SHU,4.8,45,1,0,0,2,0,0,0,1,7
2367749,Bogle,Jayden Bogle,Defender,SHU,4.5,90,0,0,0,3,0,0,0,0,1
2367749,Ahmedhodzic,Anel Ahmedhodzic,Defender,SHU,4.3,90,0,0,0,3,0,1,0,0,0
2367749,Vinicius Souza,Vinicius de Souza Costa,Midfielder,SHU,5.0,90,0,0,0,3,0,0,0,0,2
2367749,Mcatee,James Mcatee,Midfielder,SHU,5.5,90,1,0,0,3,0,0,0,0,7
2367749,Larouci,Yasser Larouci,Defender,SHU,4.3,22,0,0,0,0,0,0,0,0,1
2367749,Archer,Cameron Archer,Forward,SHU,4.8,16,0,0,0,0,0,0,0,0,1
2367749,Norrington-Davies,Rhys Norrington-Davies,Defender,SHU,3.9,45,0,0,0,1,0,1,0,0,0
2367749,Ben Slimane,Anis Ben Slimane,Midfielder,SHU,4.7,45,0,0,0,2,0,0,0,0,1
2367749,Osula,William Osula,Forward,SHU,5.5,37,0,0,0,1,0,0,0,0,1
2367749,Brooks (Andre),Andre Brooks,Midfielder,SHU,4.4,45,0,0,0,1,0,0,0,0,1
2367750,Tarkowski,James Tarkowski,Defender,EVE,5.5,90,0,0,1,0,0,0,0,0,6
2367750,Young (Ashley),Ashley Young,Defender,EVE,4.2,80,0,0,1,0,0,0,0,0,6
2367750,Pickford,Jordan Pickford,Goalkeeper,EVE,5.5,90,0,0,1,0,0,0,0,3,10
2367750,Calvert-Lewin,Dominic Calvert-Lewin,Forward,EVE,5.4,80,0,0,1,0,0,0,0,0,2
2367750,Godfrey,Ben Godfrey,Defender,EVE,4.0,90,0,0,1,0,0,1,0,0,5
2367750,Danjuma Groeneveld,Arnaut Danjuma Groeneveld,Midfielder,EVE,5.2,86,0,0,1,0,0,0,0,0,3
2367750,Harrison (Jack),Jack Harrison,Midfielder,EVE,5.5,90,0,0,1,0,0,0,0,0,3
2367750,Mykolenko,Vitaliy Mykolenko,Defender,EVE,5.0,90,0,0,1,0,0,0,0,0,6
2367750,Garner,James Garner,Midfielder,EVE,5.0,90,0,0,1,0,0,0,0,0,3
2367750,Patterson (Nathan),Nathan Patterson,Defender,EVE,4.5,13,0,0,0,0,0,0,0,0,1
2367750,McNeil,Dwight McNeil,Midfielder,EVE,6.0,90,0,0,1,0,0,0,0,0,3
2367750,Dobbin,Lewis Dobbin,Midfielder,EVE,5.0,7,0,0,0,0,0,0,0,0,1
2367750,Branthwaite,Jarrad Branthwaite,Defender,EVE,5.5,90,0,0,1,0,0,1,0,0,5
2367750,Beto,Norberto Bercique Gomes Betuncal,Forward,EVE,5.5,13,0,0,0,0,0,0,0,0,1
2367750,Willian,Willian Borges Da Silva,Midfielder,FUL,5.0,90,0,0,1,0,0,0,0,0,3
2367750,Cairney,Tom Cairney,Midfielder,FUL,5.0,90,0,0,1,0,0,0,0,0,3
2367750,Leno,Bernd Leno,Goalkeeper,FUL,5.0,90,0,0,1,0,0,0,0,2,8
2367750,Ream,Tim Ream,Defender,FUL,4.5,18,0,0,0,0,0,0,0,0,1
2367750,DeCordova-Reid,Bobby DeCordova-Reid,Midfielder,FUL,5.2,90,0,0,1,0,0,0,0,0,3
2367750,Raúl Jiménez,Raul Alonso Jimenez Rodriguez,Forward,FUL,6.5,45,0,0,0,0,0,0,0,0,1
2367750,Tosin,Oluwatosin Adarabioyo,Defender,FUL,4.5,90,0,0,1,0,0,0,0,0,6
2367750,João Palhinha,João Maria Lobo Alves Palhinha Gonçalves,Midfielder,FUL,5.9,90,0,0,1,0,0,1,0,0,2
2367750,Pereira (Andreas),Andreas Pereira,Midfielder,FUL,5.5,90,0,0,1,0,0,0,0,0,3
2367750,Castagne,Timothy Castagne,Defender,FUL,4.5,90,0,0,1,0,0,0,0,0,6
2367750,Robinson (Antonee),Antonee Robinson,Defender,FUL,5.0,90,0,0,1,0,0,0,0,0,6
2367750,Diop,Issa Diop,Defender,FUL,4.5,74,0,0,1,0,0,0,0,1,7
2367750,Rodrigo Muniz,Rodrigo Muniz Carvalho,Forward,FUL,5.5,45,0,0,0,0,0,0,0,0,1
2367751,Milner,James Milner,Midfielder,BHA,5.0,18,0,0,0,2,0,0,0,0,1
2367751,Steele,Jason Steele,Goalkeeper,BHA,4.5,90,0,0,0,4,0,0,0,0,1
2367751,Welbeck,Danny Welbeck,Forward,BHA,6.5,90,0,0,0,4,0,0,0,0,2
2367751,Groß,Pascal Groß,Midfielder,BHA,6.5,90,0,0,0,4,0,0,0,0,2
2367751,Dunk,Lewis Dunk,Defender,BHA,4.5,90,0,0,0,4,0,0,0,0,0
2367751,Estupiñán,Pervis Estupiñán,Defender,BHA,4.5,45,0,0,0,3,0,0,0,0,0
2367751,Igor Julio,Igor Julio dos Santos de Paulo,Defender,BHA,4.5,90,0,0,0,4,0,1,0,0,0
2367751,Lamptey,Tariq Lamptey,Defender,BHA,4.5,45,0,0,0,1,0,0,0,0,1
2367751,Moder,Jakub Moder,Midfielder,BHA,4.4,24,0,0,0,0,0,0,0,0,1
2367751,Gilmour,Billy Gilmour,Midfielder,BHA,5.0,61,0,0,0,4,0,0,0,0,2
2367751,van Hecke,Jan-Paul van Hecke,Defender,BHA,4.5,90,0,0,0,4,0,0,0,0,0
2367751,João Pedro,João Pedro Junqueira de Jesus,Forward,BHA,7.5,70,0,0,0,4,0,0,0,0,2
2367751,Ferguson (Evan),Evan Ferguson,Forward,BHA,5.5,45,0,0,0,1,0,0,0,0,1
2367751,Hinshelwood,Jack Hinshelwood,Midfielder,BHA,5.5,76,0,0,0,2,0,0,0,0,2
2367751,Baleba,Carlos Baleba,Midfielder,BHA,5.0,33,0,0,0,0,0,1,0,0,0
2367751,Buonanotte,Facundo Buonanotte,Midfielder,BHA,5.0,45,0,0,0,3,0,0,0,0,1
2367751,Kaminski,Thomas Kaminski,Goalkeeper,LUT,4.0,90,0,0,1,0,0,0,0,0,6
2367751,Townsend,Andros Townsend,Midfielder,LUT,5.0,26,0,0,0,0,0,0,0,0,1
2367751,Berry,Luke Berry,Midfielder,LUT,4.6,12,0,0,0,0,0,0,0,0,1
2367751,Barkley,Ross Barkley,Midfielder,LUT,5.0,81,0,1,1,0,0,0,0,0,6
2367751,Woodrow,Cauley Woodrow,Forward,LUT,4.3,12,0,0,0,0,0,0,0,0,1
2367751,Clark (Jordan),Jordan Clark,Midfielder,LUT,4.8,68,0,0,1,0,0,1,0,0,2
2367751,Ruddock Mpanzu,Pelly Ruddock Mpanzu,Midfielder,LUT,4.6,26,0,0,0,0,0,0,0,0,1
2367751,Burke,Reece Burke,Defender,LUT,4.0,90,0,0,1,0,0,0,0,0,6
2367751,Morris,Carlton Morris,Forward,LUT,4.7,81,0,1,1,0,0,0,0,0,5
2367751,Bell,Amarii Bell,Defender,LUT,3.8,90,0,0,1,0,0,0,0,0,6
2367751,Adebayo,Elijah Adebayo,Forward,LUT,4.8,70,3,0,1,0,0,0,0,3,17
2367751,Osho,Gabriel Osho,Defender,LUT,4.4,90,0,0,1,0,0,0,0,1,7
2367751,Chong,Tahith Chong,Midfielder,LUT,4.4,23,0,0,0,0,0,0,0,0,1
2367751,Ogbene,Chiedozie Ogbene,Forward,LUT,4.8,90,1,0,1,0,0,0,0,2,8
2367751,Doughty,Alfie Doughty,Defender,LUT,4.3,90,0,0,1,0,0,0,0,0,6
2367751,Sambi Lokonga,Albert Sambi Lokonga,Midfielder,LUT,4.5,67,0,1,1,0,0,1,0,0,5
2367752,Jorginho,Jorge Luiz Frello Filho,Midfielder,ARS,4.6,4,0,0,0,0,0,0,0,0,1
2367752,Trossard,Leandro Trossard,Midfielder,ARS,7.0,19,0,0,0,1,0,0,0,0,1
2367752,Raya Martin,David Raya Martin,Goalkeeper,ARS,5.5,90,0,0,0,1,0,0,0,0,2
2367752,Odegaard,Martin Odegaard,Midfielder,ARS,8.0,90,0,0,0,1,0,0,0,0,2
2367752,White (Ben),Ben White,Defender,ARS,5.5,90,0,0,0,1,0,0,0,0,2
2367752,Rice,Declan Rice,Midfielder,ARS,6.5,90,0,0,0,1,0,0,0,0,2
2367752,Eddie Nketiah,Edward Nketiah,Forward,ARS,5.5,19,0,0,0,1,0,0,0,0,1
2367752,Jesus,Gabriel Fernando de Jesus,Forward,ARS,6.5,77,1,1,1,0,0,1,0,2,10
2367752,Zinchenko,Oleksandr Zinchenko,Defender,ARS,5.0,90,0,1,0,1,0,0,0,2,7
2367752,Smith-Rowe,Emile Smith-Rowe,Midfielder,ARS,6.0,70,0,0,1,0,0,0,0,0,3
2367752,Havertz,Kai Havertz,Midfielder,ARS,7.5,26,0,0,0,1,0,0,0,0,1
2367752,Saka,Bukayo Saka,Midfielder,ARS,10.0,90,1,0,0,1,0,0,0,3,10
2367752,Gabriel Magalhães,Gabriel dos Santos Magalhães,Defender,ARS,6.0,90,0,0,0,1,0,0,0,0,2
2367752,Kiwior,Jakub Kiwior,Defender,ARS,5.5,4,0,0,0,0,0,0,0,0,1
2367752,Martinelli,Gabriel Teodoro Martinelli Silva,Midfielder,ARS,7.0,77,0,0,1,0,0,0,0,0,3
2367752,Saliba,William Saliba,Defender,ARS,6.0,90,0,0,0,1,0,0,0,0,2
2367752,Wood,Chris Wood,Forward,NFO,7.5,45,0,0,0,0,0,0,0,0,1
2367752,Toffolo,Harry Toffolo,Defender,NFO,4.2,90,0,0,0,2,0,0,0,0,1
2367752,Mangala,Orel Mangala,Midfielder,NFO,5.0,70,0,0,0,1,0,0,0,0,2
2367752,Yates,Ryan Yates,Midfielder,NFO,5.0,26,0,0,0,1,0,0,0,0,1
2367752,Hudson-Odoi,Callum Hudson-Odoi,Midfielder,NFO,6.0,32,0,0,0,2,0,0,0,0,1
2367752,Awoniyi,Taiwo Awoniyi,Forward,NFO,5.5,45,1,0,0,2,0,0,0,0,5
2367752,Williams (Neco),Neco Williams,Defender,NFO,5.0,77,0,0,0,2,0,0,0,0,1
2367752,Montiel,Gonzalo Montiel,Defender,NFO,4.4,90,0,1,0,2,0,0,0,0,4
2367752,Gibbs-White,Morgan Gibbs-White,Midfielder,NFO,7.5,90,0,0,0,2,0,0,0,0,2
2367752,Turner,Matt Turner,Goalkeeper,NFO,4.0,90,0,0,0,2,0,0,0,0,1
2367752,Nicolás Domínguez,Nicolás Domínguez,Midfielder,NFO,5.0,63,0,0,1,0,0,0,0,0,3
2367752,Elanga,Anthony Elanga,Midfielder,NFO,7.0,19,0,0,0,0,0,0,0,0,1
2367752,Omobamidele,Andrew Omobamidele,Defender,NFO,4.2,90,0,0,0,2,0,0,0,0,1
2367752,Danilo,Danilo dos Santos de Oliveira,Midfielder,NFO,4.7,90,0,0,0,2,0,0,0,0,2
2367752,Murillo,Murillo Santiago Costa dos Santos,Defender,NFO,5.5,90,0,0,0,2,0,0,0,0,1
2367753,Mee (Ben),Ben Mee,Defender,BRE,4.2,90,0,0,0,3,0,0,0,0,1
2367753,Maupay,Neal Maupay,Forward,BRE,4.9,90,1,0,0,3,0,1,0,1,6
2367753,Flekken,Mark Flekken,Goalkeeper,BRE,4.5,90,0,0,0,3,0,0,0,0,1
2367753,Norgaard,Christian Norgaard,Midfielder,BRE,5.5,90,0,0,0,3,0,1,0,0,1
2367753,Toney,Ivan Toney,Forward,BRE,7.3,90,1,1,0,3,0,0,0,1,10
2367753,Dasilva,Pelenda Joshua Dasilva,Midfielder,BRE,4.8,18,0,0,0,0,0,0,0,0,1
2367753,Ajer,Kristoffer Ajer,Defender,BRE,4.5,19,0,0,0,0,0,0,0,0,1
2367753,Janelt,Vitaly Janelt,Midfielder,BRE,5.0,85,0,0,0,3,0,0,0,0,2
2367753,Jensen,Mathias Jensen,Midfielder,BRE,5.0,57,0,0,0,3,0,0,0,0,1
2367753,Roerslev,Mads Roerslev,Defender,BRE,4.5,78,0,0,0,3,0,0,0,0,1
2367753,Pinnock,Ethan Pinnock,Defender,BRE,4.5,90,0,0,0,3,0,0,0,0,1
2367753,Lewis-Potter,Keane Lewis-Potter,Midfielder,BRE,5.0,85,0,0,0,3,0,0,0,0,2
2367753,Baptiste (Shandon),Shandon Baptiste,Midfielder,BRE,4.3,11,0,0,0,0,0,0,0,0,1
2367753,Collins,Nathan Collins,Defender,BRE,5.0,78,0,0,0,3,0,0,0,0,1
2367753,Damsgaard,Mikkel Damsgaard,Midfielder,BRE,6.0,11,0,0,0,0,0,0,0,0,1
2367753,Yarmolyuk,Ehor Yarmolyuk,Midfielder,BRE,5.0,40,0,0,0,0,0,1,0,0,0
2367753,Højbjerg,Pierre-Emile Højbjerg,Midfielder,TOT,5.0,45,0,0,0,1,0,0,0,0,1
2367753,Werner,Timo Werner,Forward,TOT,6.2,89,0,1,0,2,0,0,0,0,5
2367753,Maddison,James Maddison,Midfielder,TOT,7.0,85,0,1,0,2,0,0,0,2,7
2367753,Vicario,Guglielmo Vicario,Goalkeeper,TOT,5.0,90,0,0,0,2,0,0,0,0,2
2367753,Bentancur,Rodrigo Bentancur,Midfielder,TOT,5.5,45,0,0,0,1,0,0,0,0,1
2367753,Skipp,Oliver Skipp,Midfielder,TOT,4.7,45,0,0,0,1,0,0,0,0,1
2367753,Richarlison,Richarlison de Andrade,Midfielder,TOT,6.5,90,1,0,0,2,0,0,0,0,7
2367753,Romero,Cristian Romero,Defender,TOT,5.0,90,0,0,0,2,0,0,0,0,1
2367753,Johnson (Brennan),Brennan Johnson,Midfielder,TOT,7.0,45,1,0,0,1,0,0,0,1,7
2367753,Porro,Pedro Porro,Defender,TOT,5.5,90,0,0,0,2,0,0,0,0,1
2367753,Kulusevski,Dejan Kulusevski,Midfielder,TOT,6.5,90,0,0,0,2,0,1,0,0,1
2367753,Destiny Udogie,Iyenoma Destiny Udogie,Defender,TOT,4.5,90,1,0,0,2,0,0,0,3,10
2367753,van de Ven,Micky van de Ven,Defender,TOT,4.5,90,0,0,0,2,0,0,0,0,1
2367753,Dragusin,Radu Dragusin,Defender,TOT,4.5,11,0,0,0,0,0,0,0,0,1
2367753,Donley,Jamie Donley,Forward,TOT,4.5,7,0,0,0,0,0,1,0,0,0
2367754,Smith (Adam),Adam Smith,Defender,BOU,4.5,90,0,0,0,1,0,0,0,0,2
2367754,Neto,Norberto Murara Neto,Goalkeeper,BOU,4.5,90,0,0,0,1,0,0,0,0,2
2367754,Solanke,Dominic Solanke,Forward,BOU,7.5,90,1,0,0,1,0,0,0,2,8
2367754,Cook (Lewis),Lewis Cook,Midfielder,BOU,5.0,90,0,0,0,1,0,1,0,0,1
2367754,Christie,Ryan Christie,Midfielder,BOU,5.0,90,0,0,0,1,0,1,0,0,1
2367754,Tavernier,Marcus Tavernier,Midfielder,BOU,5.5,88,0,0,0,1,0,0,0,0,2
2367754,Senesi,Marcos Senesi,Defender,BOU,4.5,90,0,0,0,1,0,0,0,0,2
2367754,Kluivert,Justin Kluivert,Midfielder,BOU,7.0,30,0,0,0,0,0,0,0,0,1
2367754,Sinisterra,Luis Sinisterra,Midfielder,BOU,5.0,30,0,0,0,0,0,0,0,0,1
2367754,Kelly (Lloyd),Lloyd Kelly,Defender,BOU,4.2,75,0,0,0,1,0,0,0,0,2
2367754,Semenyo,Antoine Semenyo,Forward,BOU,7.0,66,0,0,0,1,0,0,0,0,2
2367754,Faivre,Romain Faivre,Midfielder,BOU,4.5,8,0,0,0,0,0,1,0,0,0
2367754,Zabarnyi,Illia Zabarnyi,Defender,BOU,5.0,90,0,0,0,1,0,0,0,0,2
2367754,Scott,Alex Scott,Midfielder,BOU,5.0,66,0,0,0,1,0,0,0,0,2
2367754,Kerkez,Milos Kerkez,Defender,BOU,6.0,21,0,0,0,0,0,0,0,0,1
2367754,Areola,Alphonse Areola,Goalkeeper,WHU,4.5,90,0,0,0,1,0,0,0,0,3
2367754,Ings,Danny Ings,Forward,WHU,4.8,30,0,0,0,0,0,0,0,0,1
2367754,Ward-Prowse,James Ward-Prowse,Midfielder,WHU,6.0,90,1,0,0,1,0,0,0,3,10
2367754,Zouma,Kurt Zouma,Defender,WHU,4.4,90,0,0,0,1,0,0,0,0,2
2367754,Emerson,Emerson Palmieri dos Santos,Defender,WHU,4.5,90,0,0,0,1,0,0,0,0,2
2367754,Cornet,Maxwel Cornet,Midfielder,WHU,5.0,4,0,0,0,0,0,0,0,0,1
2367754,Phillips (Kalvin),Kalvin Phillips,Midfielder,WHU,5.0,66,0,0,0,1,0,0,0,0,2
2367754,Bowen,Jarrod Bowen,Midfielder,WHU,8.0,90,0,0,0,1,0,1,0,0,1
2367754,Álvarez (Edson),Edson Álvarez,Midfielder,WHU,5.0,90,0,0,0,1,0,0,0,1,3
2367754,Soucek,Tomas Soucek,Midfielder,WHU,6.0,90,0,0,0,1,0,0,0,0,2
2367754,Johnson (Ben),Ben Johnson,Defender,WHU,3.8,90,0,0,0,1,0,0,0,0,2
2367754,Mavropanos,Konstantinos Mavropanos,Defender,WHU,4.5,90,0,0,0,1,0,0,0,0,2
2367754,Kudus,Mohammed Kudus,Midfielder,WHU,6.5,90,0,1,0,1,0,0,0,0,5
2367755,Evans,Jonny Evans,Defender,MUN,4.4,10,0,0,0,1,0,0,0,0,1
2367755,Casemiro,Carlos Henrique Jose Francisco Venancio,Midfielder,MUN,5.5,72,0,0,0,1,0,1,0,0,1
2367755,Varane,Raphael Varane,Defender,MUN,4.9,90,0,0,0,3,0,0,0,0,1
2367755,Maguire,Harry Maguire,Defender,MUN,4.5,15,0,0,0,1,0,0,0,0,1
2367755,Shaw,Luke Shaw,Defender,MUN,4.5,90,0,1,0,3,0,1,0,0,3
2367755,Bruno Fernandes,Bruno Miguel Borges Fernandes,Midfielder,MUN,9.0,90,0,1,0,3,0,0,0,0,5
2367755,Rashford,Marcus Rashford,Midfielder,MUN,7.0,72,1,0,0,1,0,0,0,0,7
2367755,McTominay,Scott McTominay,Midfielder,MUN,4.9,28,1,0,0,2,0,0,0,0,6
2367755,Onana,André Onana,Goalkeeper,MUN,5.0,90,0,0,0,3,0,1,0,0,1
2367755,Dalot,José Diogo Dalot Teixeira,Defender,MUN,4.5,90,0,0,0,3,0,0,0,0,1
2367755,Martínez,Lisandro Martínez,Defender,MUN,5.0,85,0,0,0,2,0,1,0,0,0
2367755,Antony,Antony Matheus dos Santos,Midfielder,MUN,6.0,29,0,0,0,2,0,0,0,0,1
2367755,Forson,Omari Forson,Midfielder,MUN,4.4,15,0,1,0,1,0,0,0,0,4
2367755,Garnacho,Alejandro Garnacho Ferreyra,Midfielder,MUN,6.5,90,0,0,0,2,0,1,0,0,1
2367755,Højlund,Rasmus Højlund,Forward,MUN,6.5,85,1,1,0,2,0,0,0,1,10
2367755,Mainoo,Kobbie Mainoo,Midfielder,MUN,5.0,90,1,0,0,3,0,0,0,3,10
2367755,Dawson,Craig Dawson,Defender,WOL,4.2,90,0,1,0,4,0,1,0,0,2
2367755,Doherty,Matt Doherty,Defender,WOL,4.5,54,0,0,0,2,0,0,0,0,0
2367755,Sarabia,Pablo Sarabia,Midfielder,WOL,5.0,38,1,0,0,2,0,0,0,0,6
2367755,José Sá,José Pedro Malheiro de Sá,Goalkeeper,WOL,4.5,90,0,0,0,4,0,0,0,0,1
2367755,Lemina (Mario),Mario Lemina,Midfielder,WOL,4.8,90,0,0,0,4,0,0,0,0,2
2367755,Semedo,Nelson Semedo,Defender,WOL,4.5,90,0,0,0,4,0,0,0,0,0
2367755,Kilman,Max Kilman,Defender,WOL,4.5,90,1,0,0,4,0,0,0,0,6
2367755,Doyle,Tommy Doyle,Midfielder,WOL,4.7,81,0,0,0,3,0,0,0,0,2
2367755,Bellegarde,Jean-Ricner Bellegarde,Midfielder,WOL,5.5,63,0,0,0,2,0,0,0,0,2
2367755,Neto,Pedro Neto,Midfielder,WOL,7.0,90,1,1,0,4,0,0,0,3,13
2367755,Matheus Cunha,Matheus Santos Carneiro Da Cunha,Forward,WOL,8.0,90,0,1,0,4,0,1,0,0,4
2367755,João Gomes,João Victor Gomes da Silva,Midfielder,WOL,5.5,19,0,0,0,1,0,0,0,0,1
2367755,Ait Nouri,Rayan Ait Nouri,Defender,WOL,6.0,45,0,0,0,2,0,0,0,0,0
2367755,Toti,Toti António Gomes,Defender,WOL,4.5,82,0,0,0,3,0,0,0,0,1
2367755,Fraser (Nathan),Nathan Fraser,Forward,WOL,4.5,19,0,0,0,1,0,0,0,0,1
2367756,Thiago Silva,Thiago Emiliano da Silva,Defender,CHE,5.0,90,0,0,0,4,0,0,0,0,0
2367756,Sterling (Raheem),Raheem Sterling,Midfielder,CHE,6.7,90,0,0,0,4,0,0,0,0,2
2367756,Chilwell,Benjamin Chilwell,Defender,CHE,4.6,45,0,0,0,2,0,1,0,0,0
2367756,Nkunku,Christopher Nkunku,Forward,CHE,6.0,45,1,0,0,2,0,0,0,0,5
2367756,Disasi,Axel Disasi,Defender,CHE,4.2,90,0,0,0,4,0,1,0,0,0
2367756,Gallagher,Conor Gallagher,Midfielder,CHE,5.9,45,0,0,0,2,0,0,0,0,1
2367756,Badiashile,Benoît Badiashile,Defender,CHE,4.5,90,0,0,0,4,0,0,0,0,0
2367756,Palmer,Cole Palmer,Midfielder,CHE,10.5,85,0,0,0,4,0,0,0,0,2
2367756,Madueke,Noni Madueke,Midfielder,CHE,7.0,45,0,0,0,2,0,0,0,0,1
2367756,Fernández (Enzo),Enzo Fernández,Midfielder,CHE,6.5,90,0,0,0,4,0,1,0,0,1
2367756,Petrovic,Dorde Petrovic,Goalkeeper,CHE,4.5,90,0,0,0,4,0,0,0,0,3
2367756,Mudryk,Mykhailo Mudryk,Midfielder,CHE,5.0,45,0,0,0,2,0,0,0,0,1
2367756,Chukwuemeka,Carney Chukwuemeka,Midfielder,CHE,4.7,29,0,1,0,1,0,0,0,0,4
2367756,Gusto,Malo Gusto,Defender,CHE,5.0,45,0,0,0,2,0,0,0,0,0
2367756,Moises Caicedo,Moises Caicedo,Midfielder,CHE,5.5,65,0,0,0,3,0,1,0,0,1
2367756,Casadei,Cesare Casadei,Midfielder,CHE,4.4,9,0,0,0,0,0,0,0,0,1
2367756,van Dijk,Virgil van Dijk,Defender,LIV,6.0,90,0,0,0,1,0,0,0,0,2
2367756,Alisson,Alisson Ramses Becker,Goalkeeper,LIV,5.5,90,0,0,0,1,0,0,0,0,2
2367756,Robertson (Andrew),Andrew Robertson,Defender,LIV,6.0,25,0,0,0,1,0,0,0,0,1
2367756,Alexander-Arnold,Trent Alexander-Arnold,Defender,LIV,7.2,26,0,0,0,1,0,0,0,0,1
2367756,Gomez,Joseph Gomez,Defender,LIV,5.0,68,0,0,1,0,0,0,0,0,6
2367756,Diogo Jota,Diogo José Teixeira da Silva,Midfielder,LIV,7.2,68,1,0,1,0,0,0,0,0,8
2367756,Konaté,Ibrahima Konaté,Defender,LIV,5.5,90,0,0,0,1,0,1,0,0,1
2367756,Jones (Curtis),Curtis Jones,Midfielder,LIV,5.5,82,0,0,0,1,0,0,0,0,2
2367756,Mac Allister,Alexis Mac Allister,Midfielder,LIV,6.5,90,0,0,0,1,0,0,0,0,2
2367756,Gakpo,Cody Gakpo,Forward,LIV,7.5,26,0,0,0,1,0,0,0,0,1
2367756,Díaz,Luis Díaz,Midfielder,LIV,8.0,90,1,1,0,1,0,0,0,2,12
2367756,Szoboszlai,Dominik Szoboszlai,Midfielder,LIV,6.5,68,1,0,1,0,0,0,0,1,9
2367756,Elliott,Harvey Elliott,Midfielder,LIV,5.5,26,0,0,0,1,0,0,0,0,1
2367756,Núñez,Darwin Núñez,Forward,LIV,6.5,90,0,1,0,1,0,1,0,0,2
2367756,Clark (Bobby),Bobby Clark,Midfielder,LIV,4.5,12,0,0,0,0,0,0,0,0,1
2367756,Bradley,Conor Bradley,Defender,LIV,5.0,68,1,2,1,0,0,0,0,3,21
2367757,Gudmundsson,Johann Berg Gudmundsson,Midfielder,BUR,4.8,58,0,0,0,3,0,0,0,0,1
2367757,Brownhill,Josh Brownhill,Midfielder,BUR,4.7,90,0,0,0,3,0,0,0,0,2
2367757,Roberts (Connor),Connor Roberts,Defender,BUR,4.5,35,0,0,0,0,0,1,0,0,0
2367757,Berge,Sander Berge,Midfielder,BUR,5.0,90,0,0,0,3,0,0,0,0,2
2367757,O'Shea,Dara O'Shea,Defender,BUR,3.8,90,0,0,0,3,0,0,0,0,1
2367757,Trafford,James Trafford,Goalkeeper,BUR,5.0,90,0,0,0,3,0,0,0,0,1
2367757,Foster,Lyle Foster,Forward,BUR,5.0,58,0,0,0,3,0,0,0,0,1
2367757,Massengo,Han-Noah Massengo,Midfielder,BUR,4.9,9,0,0,0,0,0,0,0,0,1
2367757,Vitinho,Victor Alexander da Silva,Defender,BUR,4.4,90,0,0,0,3,0,0,0,0,1
2367757,Ramsey (Aaron),Aaron Ramsey,Midfielder,BUR,4.5,35,0,0,0,0,0,0,0,0,1
2367757,Ekdal,Hjalmar Ekdal,Defender,BUR,4.0,84,0,0,0,3,0,1,0,0,0
2367757,Al Dakhil,Ameen Al Dakhil,Defender,BUR,3.8,90,1,0,0,3,0,0,0,0,7
2367757,Amdouni,Zeki Amdouni,Forward,BUR,5.0,58,0,0,0,3,0,0,0,0,1
2367757,Zaroury,Anass Zaroury,Midfielder,BUR,4.6,19,0,0,0,0,0,0,0,0,1
2367757,Fofana (David Datro),David Datro Fofana,Forward,BUR,5.4,35,0,1,0,0,0,0,0,0,4
2367757,Odobert,Wilson Odobert,Midfielder,BUR,5.5,74,0,0,0,3,0,0,0,0,2
2367757,De Bruyne,Kevin De Bruyne,Midfielder,MCI,9.5,71,0,1,1,0,0,0,0,1,7
2367757,Kovacic,Mateo Kovacic,Midfielder,MCI,6.0,9,0,0,0,1,0,0,0,0,1
2367757,Stones,John Stones,Defender,MCI,5.5,90,0,0,0,1,0,0,0,0,2
2367757,Grealish,Jack Grealish,Midfielder,MCI,6.5,19,0,0,0,1,0,0,0,0,1
2367757,Ederson,Ederson Santana de Moraes,Goalkeeper,MCI,5.5,90,0,0,0,1,0,1,0,0,1
2367757,Aké,Nathan Aké,Defender,MCI,5.5,90,0,0,0,1,0,0,0,0,2
2367757,Foden,Phil Foden,Midfielder,MCI,8.0,74,0,1,1,0,0,0,0,0,6
2367757,Rodri,Rodrigo Hernández Cascante,Midfielder,MCI,6.5,85,1,0,1,0,0,0,0,2,10
2367757,Haaland,Erling Haaland,Forward,MCI,14.0,23,0,0,0,1,0,0,0,0,1
2367757,Doku,Jéremy Doku,Midfielder,MCI,6.5,90,0,0,0,1,0,1,0,0,1
2367757,Gómez,Sergio Gómez,Defender,MCI,3.8,8,0,0,0,1,0,0,0,0,1
2367757,Álvarez (Julián),Julián Álvarez,Forward,MCI,7.0,85,2,0,1,0,0,0,0,3,13
2367757,Matheus Nunes,Matheus Luiz Nunes,Midfielder,MCI,5.5,90,0,1,0,1,0,0,0,1,6
2367757,Lewis (Rico),Rico Lewis,Defender,MCI,5.0,90,0,0,0,1,0,0,0,0,2
2367757,Gvardiol,Joško Gvardiol,Defender,MCI,6.0,90,0,0,0,1,0,0,0,0,2
2367758,Smith (Adam),Adam Smith,Defender,BOU,4.5,90,0,0,0,1,0,0,0,0,2
2367758,Neto,Norberto Murara Neto,Goalkeeper,BOU,4.5,90,0,0,0,1,0,1,0,1,3
2367758,Solanke,Dominic Solanke,Forward,BOU,7.5,90,0,0,0,1,0,0,0,0,2
2367758,Cook (Lewis),Lewis Cook,Midfielder,BOU,5.0,90,0,0,0,1,0,0,0,0,2
2367758,Christie,Ryan Christie,Midfielder,BOU,5.0,55,0,0,0,1,0,0,0,0,1
2367758,Billing,Philip Billing,Midfielder,BOU,5.0,28,0,0,0,0,0,0,1,0,0
2367758,Tavernier,Marcus Tavernier,Midfielder,BOU,5.5,45,0,0,0,0,0,0,0,0,1
2367758,Senesi,Marcos Senesi,Defender,BOU,4.5,90,0,0,0,1,0,1,0,0,1
2367758,Kluivert,Justin Kluivert,Midfielder,BOU,7.0,55,1,0,0,1,0,1,0,0,5
2367758,Sinisterra,Luis Sinisterra,Midfielder,BOU,5.0,71,0,1,0,1,0,0,0,2,7
2367758,Kelly (Lloyd),Lloyd Kelly,Defender,BOU,4.2,83,0,0,0,1,0,0,0,0,2
2367758,Semenyo,Antoine Semenyo,Forward,BOU,7.0,45,0,0,0,1,0,0,0,0,1
2367758,Zabarnyi,Illia Zabarnyi,Defender,BOU,5.0,90,0,0,0,1,0,0,0,0,2
2367758,Scott,Alex Scott,Midfielder,BOU,5.0,38,0,0,0,0,0,0,0,0,1
2367758,Dango Ouattara,Dango Ouattara,Midfielder,BOU,6.0,22,0,0,0,0,0,0,0,0,1
2367758,Kerkez,Milos Kerkez,Defender,BOU,6.0,11,0,0,0,0,0,0,0,0,1
2367758,Sels,Matz Sels,Goalkeeper,NFO,5.0,90,0,0,0,1,0,0,0,0,2
2367758,Yates,Ryan Yates,Midfielder,NFO,5.0,90,0,0,0,1,0,1,0,0,1
2367758,Hudson-Odoi,Callum Hudson-Odoi,Midfielder,NFO,6.0,85,1,0,0,1,0,0,0,3,10
2367758,Awoniyi,Taiwo Awoniyi,Forward,NFO,5.5,90,0,0,0,1,0,0,0,0,2
2367758,Williams (Neco),Neco Williams,Defender,NFO,5.0,78,0,0,0,1,0,0,0,0,2
2367758,Montiel,Gonzalo Montiel,Defender,NFO,4.4,16,0,0,0,0,0,0,0,0,1
2367758,Gibbs-White,Morgan Gibbs-White,Midfielder,NFO,7.5,90,0,0,0,1,0,0,0,0,2
2367758,Nicolás Domínguez,Nicolás Domínguez,Midfielder,NFO,5.0,71,0,0,0,1,0,0,0,0,2
2367758,Reyna,Giovanni Reyna,Midfielder,NFO,4.6,16,0,0,0,0,0,0,0,0,1
2367758,Nuno Tavares,Nuno Tavares,Defender,NFO,4.0,90,0,0,0,1,0,0,0,0,2
2367758,Elanga,Anthony Elanga,Midfielder,NFO,7.0,77,0,0,0,1,0,0,0,0,2
2367758,Omobamidele,Andrew Omobamidele,Defender,NFO,4.2,90,0,0,0,1,0,1,0,0,1
2367758,Danilo,Danilo dos Santos de Oliveira,Midfielder,NFO,4.7,22,0,0,0,0,0,0,0,0,1
2367758,Rodrigo Ribeiro,Rodrigo Duarte Ribeiro,Forward,NFO,4.5,8,0,0,0,0,0,0,0,0,1
2367758,Murillo,Murillo Santiago Costa dos Santos,Defender,NFO,5.5,90,0,0,0,1,0,0,0,0,2
2367759,Jorginho,Jorge Luiz Frello Filho,Midfielder,ARS,4.6,90,0,0,0,1,0,0,0,0,2
2367759,Trossard,Leandro Trossard,Midfielder,ARS,7.0,21,1,0,0,0,0,0,0,2,8
2367759,Raya Martin,David Raya Martin,Goalkeeper,ARS,5.5,90,0,0,0,1,0,0,0,0,2
2367759,Odegaard,Martin Odegaard,Midfielder,ARS,8.0,90,0,0,0,1,0,0,0,0,2
2367759,White (Ben),Ben White,Defender,ARS,5.5,90,0,0,0,1,0,1,0,0,1
2367759,Nelson (Reiss),Reiss Nelson,Midfielder,ARS,5.0,19,0,0,0,0,0,0,0,0,1
2367759,Rice,Declan Rice,Midfielder,ARS,6.5,90,0,0,0,1,0,1,0,0,1
2367759,Zinchenko,Oleksandr Zinchenko,Defender,ARS,5.0,45,0,0,0,1,0,0,0,0,1
2367759,Havertz,Kai Havertz,Midfielder,ARS,7.5,90,0,1,0,1,0,1,0,0,4
2367759,Saka,Bukayo Saka,Midfielder,ARS,10.0,76,1,0,0,1,0,0,0,2,9
2367759,Gabriel Magalhães,Gabriel dos Santos Magalhães,Defender,ARS,6.0,90,0,0,0,1,1,1,0,0,0
2367759,Kiwior,Jakub Kiwior,Defender,ARS,5.5,45,0,1,0,0,0,1,0,0,3
2367759,Martinelli,Gabriel Teodoro Martinelli Silva,Midfielder,ARS,7.0,74,1,0,0,1,0,0,0,3,10
2367759,Saliba,William Saliba,Defender,ARS,6.0,90,0,0,0,1,0,1,0,0,1
2367759,Thiago Alcántara,Thiago Alcántara do Nascimento,Midfielder,LIV,4.7,13,0,0,0,1,0,0,0,0,1
2367759,van Dijk,Virgil van Dijk,Defender,LIV,6.0,90,0,0,0,3,0,0,0,0,1
2367759,Alisson,Alisson Ramses Becker,Goalkeeper,LIV,5.5,90,0,0,0,3,0,0,0,0,2
2367759,Robertson (Andrew),Andrew Robertson,Defender,LIV,6.0,38,0,0,0,2,0,0,0,0,0
2367759,Alexander-Arnold,Trent Alexander-Arnold,Defender,LIV,7.2,57,0,0,0,1,0,0,0,0,1
2367759,Gomez,Joseph Gomez,Defender,LIV,5.0,82,0,0,0,2,0,1,0,0,0
2367759,Diogo Jota,Diogo José Teixeira da Silva,Midfielder,LIV,7.2,90,0,0,0,3,0,0,0,0,2
2367759,Konaté,Ibrahima Konaté,Defender,LIV,5.5,85,0,0,0,2,0,0,1,0,0
2367759,Jones (Curtis),Curtis Jones,Midfielder,LIV,5.5,90,0,0,0,3,0,0,0,0,2
2367759,Mac Allister,Alexis Mac Allister,Midfielder,LIV,6.5,90,0,0,0,3,0,0,0,0,2
2367759,Gakpo,Cody Gakpo,Forward,LIV,7.5,57,0,0,0,1,0,0,0,0,1
2367759,Díaz,Luis Díaz,Midfielder,LIV,8.0,90,0,1,0,3,0,0,0,0,5
2367759,Gravenberch,Ryan Gravenberch,Midfielder,LIV,5.5,57,0,0,0,1,0,0,0,0,1
2367759,Elliott,Harvey Elliott,Midfielder,LIV,5.5,38,0,0,0,2,0,0,0,0,1
2367759,Núñez,Darwin Núñez,Forward,LIV,6.5,38,0,0,0,2,0,1,0,0,0
2367760,Mee (Ben),Ben Mee,Defender,BRE,4.2,90,0,0,0,3,0,0,0,0,1
2367760,Maupay,Neal Maupay,Forward,BRE,4.9,90,1,0,0,3,0,1,0,1,6
2367760,Flekken,Mark Flekken,Goalkeeper,BRE,4.5,90,0,1,0,3,0,0,0,2,10
2367760,Norgaard,Christian Norgaard,Midfielder,BRE,5.5,90,0,0,0,3,0,0,0,0,2
2367760,Toney,Ivan Toney,Forward,BRE,7.3,90,0,0,0,3,0,0,0,0,2
2367760,Ajer,Kristoffer Ajer,Defender,BRE,4.5,16,0,0,0,0,0,0,0,0,1
2367760,Reguilón,Sergio Reguilón,Defender,BRE,4.1,79,0,0,0,3,0,0,0,0,1
2367760,Janelt,Vitaly Janelt,Midfielder,BRE,5.0,76,0,0,0,3,0,0,0,0,2
2367760,Jensen,Mathias Jensen,Midfielder,BRE,5.0,76,0,0,0,3,0,0,0,0,2
2367760,Roerslev,Mads Roerslev,Defender,BRE,4.5,76,0,0,0,3,0,0,0,0,1
2367760,Pinnock,Ethan Pinnock,Defender,BRE,4.5,90,0,0,0,3,0,0,0,0,1
2367760,Lewis-Potter,Keane Lewis-Potter,Midfielder,BRE,5.0,19,0,0,0,0,0,0,0,0,1
2367760,Baptiste (Shandon),Shandon Baptiste,Midfielder,BRE,4.3,5,0,0,0,0,0,0,0,0,1
2367760,Collins,Nathan Collins,Defender,BRE,5.0,90,0,0,0,3,0,0,0,0,1
2367760,Damsgaard,Mikkel Damsgaard,Midfielder,BRE,6.0,19,0,0,0,0,0,0,0,0,1
2367760,Yarmolyuk,Ehor Yarmolyuk,Midfielder,BRE,5.0,19,0,0,0,0,0,0,0,0,1
2367760,Walker,Kyle Walker,Defender,MCI,4.5,90,0,0,0,1,0,0,0,0,2
2367760,De Bruyne,Kevin De Bruyne,Midfielder,MCI,9.5,90,0,1,0,1,0,0,0,0,5
2367760,Kovacic,Mateo Kovacic,Midfielder,MCI,6.0,9,0,0,0,0,0,0,0,0,1
2367760,Ederson,Ederson Santana de Moraes,Goalkeeper,MCI,5.5,90,0,0,0,1,0,0,0,0,2
2367760,Aké,Nathan Aké,Defender,MCI,5.5,90,0,0,0,1,0,0,0,0,2
2367760,Bernardo Silva,Bernardo Mota Veiga de Carvalho e Silva,Midfielder,MCI,6.5,71,0,0,0,1,0,0,0,0,2
2367760,Rúben Dias,Rúben Santos Gato Alves Dias,Defender,MCI,5.5,90,0,0,0,1,0,0,0,0,2
2367760,Foden,Phil Foden,Midfielder,MCI,8.0,90,3,0,0,1,0,0,0,3,20
2367760,Rodri,Rodrigo Hernández Cascante,Midfielder,MCI,6.5,90,0,0,0,1,0,0,0,0,2
2367760,Haaland,Erling Haaland,Forward,MCI,14.0,86,0,1,0,1,0,0,0,0,5
2367760,Doku,Jéremy Doku,Midfielder,MCI,6.5,25,0,0,0,0,0,0,0,0,1
2367760,Álvarez (Julián),Julián Álvarez,Forward,MCI,7.0,90,0,0,0,1,0,0,0,0,2
2367760,Gvardiol,Joško Gvardiol,Defender,MCI,6.0,90,0,0,0,1,0,0,0,0,2
2367761,Lallana,Adam Lallana,Midfielder,BHA,5.0,6,0,0,0,0,0,0,0,0,1
2367761,Welbeck,Danny Welbeck,Forward,BHA,6.5,25,0,1,0,1,0,1,0,0,3
2367761,Groß,Pascal Groß,Midfielder,BHA,6.5,90,0,2,0,1,0,0,0,3,11
2367761,Dunk,Lewis Dunk,Defender,BHA,4.5,90,1,0,0,1,0,0,0,1,9
2367761,Estupiñán,Pervis Estupiñán,Defender,BHA,4.5,15,0,0,0,0,0,0,0,0,1
2367761,Igor Julio,Igor Julio dos Santos de Paulo,Defender,BHA,4.5,88,0,0,0,1,0,0,0,0,2
2367761,Lamptey,Tariq Lamptey,Defender,BHA,4.5,79,0,1,0,1,0,0,0,0,5
2367761,Gilmour,Billy Gilmour,Midfielder,BHA,5.0,90,0,0,0,1,0,0,0,0,2
2367761,Ansu Fati,Anssumane Fati,Midfielder,BHA,6.4,6,0,0,0,0,0,0,0,0,1
2367761,van Hecke,Jan-Paul van Hecke,Defender,BHA,4.5,90,0,0,0,1,0,0,0,0,2
2367761,João Pedro,João Pedro Junqueira de Jesus,Forward,BHA,7.5,88,1,0,0,1,0,0,0,2,8
2367761,Ferguson (Evan),Evan Ferguson,Forward,BHA,5.5,69,0,0,1,0,0,0,0,0,2
2367761,Verbruggen,Bart Verbruggen,Goalkeeper,BHA,4.5,90,0,0,0,1,0,0,0,0,3
2367761,Hinshelwood,Jack Hinshelwood,Midfielder,BHA,5.5,90,1,0,0,1,0,0,0,0,7
2367761,Baleba,Carlos Baleba,Midfielder,BHA,5.0,15,0,0,0,0,0,0,0,0,1
2367761,Buonanotte,Facundo Buonanotte,Midfielder,BHA,5.0,79,1,0,0,1,0,0,0,0,7
2367761,Ayew (Jordan),Jordan Ayew,Midfielder,CRY,5.1,90,0,0,0,4,0,0,0,0,2
2367761,Schlupp,Jeffrey Schlupp,Midfielder,CRY,4.6,45,0,0,0,3,0,0,0,0,1
2367761,Hughes,Will Hughes,Midfielder,CRY,5.0,80,0,0,0,3,0,0,0,0,2
2367761,Lerma,Jefferson Lerma,Midfielder,CRY,5.0,90,0,0,0,4,0,0,0,0,2
2367761,Henderson (Dean),Dean Henderson,Goalkeeper,CRY,5.0,90,0,0,0,4,0,0,0,0,0
2367761,Andersen (Joachim),Joachim Andersen,Defender,CRY,4.5,90,0,1,0,4,0,0,0,0,3
2367761,Edouard,Odsonne Edouard,Forward,CRY,5.0,14,0,0,0,1,0,0,0,0,1
2367761,Marc Guehi,Addji Keaninkin Marc-Israel Guehi,Defender,CRY,4.5,26,0,0,0,1,0,1,0,0,0
2367761,Mateta,Jean-Philippe Mateta,Forward,CRY,7.5,80,1,0,0,3,0,0,0,0,6
2367761,Mitchell,Tyrick Mitchell,Defender,CRY,5.0,90,0,0,0,4,0,0,0,0,0
2367761,Muñoz,Daniel Muñoz,Defender,CRY,5.5,90,0,0,0,4,0,1,0,0,0
2367761,Richards (Chris),Chris Richards,Defender,CRY,4.5,90,0,0,0,4,0,0,0,0,0
2367761,Olise,Michael Olise,Midfielder,CRY,5.7,11,0,0,0,0,0,0,0,0,1
2367761,Ahamada,Naouirou Ahamada,Midfielder,CRY,4.5,14,0,0,0,1,0,0,0,0,1
2367761,Wharton,Adam Wharton,Midfielder,CRY,5.0,69,0,0,0,3,0,0,0,0,2
2367761,Matheus França,Matheus França de Oliveira,Midfielder,CRY,4.5,39,0,0,0,1,0,1,0,0,0
2367762,Gudmundsson,Johann Berg Gudmundsson,Midfielder,BUR,4.8,33,0,0,0,0,0,0,0,0,1
2367762,Brownhill,Josh Brownhill,Midfielder,BUR,4.7,90,0,0,0,2,0,0,0,0,2
2367762,Bruun Larsen,Jacob Bruun Larsen,Midfielder,BUR,5.5,10,0,0,0,0,0,0,0,0,1
2367762,Berge,Sander Berge,Midfielder,BUR,5.0,90,0,0,0,2,0,1,0,0,1
2367762,O'Shea,Dara O'Shea,Defender,BUR,3.8,90,0,0,0,2,0,0,0,0,1
2367762,Trafford,James Trafford,Goalkeeper,BUR,5.0,90,0,0,0,2,0,0,0,0,2
2367762,Foster,Lyle Foster,Forward,BUR,5.0,90,0,0,0,2,0,0,0,0,2
2367762,Massengo,Han-Noah Massengo,Midfielder,BUR,4.9,7,0,0,0,0,0,0,0,0,1
2367762,Vitinho,Victor Alexander da Silva,Defender,BUR,4.4,86,0,0,0,2,0,0,0,0,1
2367762,Ramsey (Aaron),Aaron Ramsey,Midfielder,BUR,4.5,63,0,0,0,2,0,0,0,0,2
2367762,Esteve,Maxime Esteve,Defender,BUR,4.0,45,0,0,0,0,0,0,0,0,1
2367762,Ekdal,Hjalmar Ekdal,Defender,BUR,4.0,45,0,0,0,2,0,0,0,0,0
2367762,Amdouni,Zeki Amdouni,Forward,BUR,5.0,63,0,0,0,2,0,0,0,0,2
2367762,Assignon,Lorenz Assignon,Defender,BUR,4.0,89,0,1,0,2,0,0,0,0,4
2367762,Fofana (David Datro),David Datro Fofana,Forward,BUR,5.4,34,2,0,0,0,0,1,0,3,11
2367762,Odobert,Wilson Odobert,Midfielder,BUR,5.5,90,0,1,0,2,0,0,0,0,5
2367762,Willian,Willian Borges Da Silva,Midfielder,FUL,5.0,90,0,0,0,2,0,0,0,0,2
2367762,Cairney,Tom Cairney,Midfielder,FUL,5.0,22,0,0,0,1,0,0,0,0,1
2367762,Leno,Bernd Leno,Goalkeeper,FUL,5.0,90,0,0,0,2,0,0,0,0,1
2367762,Ream,Tim Ream,Defender,FUL,4.5,90,0,0,0,2,0,0,0,0,1
2367762,DeCordova-Reid,Bobby DeCordova-Reid,Midfielder,FUL,5.2,74,0,0,0,1,0,0,0,0,2
2367762,Tosin,Oluwatosin Adarabioyo,Defender,FUL,4.5,90,0,0,0,2,0,0,0,0,1
2367762,Reed,Harrison Reed,Midfielder,FUL,4.5,90,0,0,0,2,0,1,0,0,1
2367762,João Palhinha,João Maria Lobo Alves Palhinha Gonçalves,Midfielder,FUL,5.9,90,1,0,0,2,0,0,0,1,8
2367762,Pereira (Andreas),Andreas Pereira,Midfielder,FUL,5.5,84,0,1,0,1,0,1,0,0,4
2367762,Castagne,Timothy Castagne,Defender,FUL,4.5,90,0,0,0,2,0,0,0,0,1
2367762,Tete,Kenny Tete,Defender,FUL,4.5,12,0,0,0,1,0,0,0,0,1
2367762,Robinson (Antonee),Antonee Robinson,Defender,FUL,5.0,90,0,1,0,2,0,0,0,1,5
2367762,Rodrigo Muniz,Rodrigo Muniz Carvalho,Forward,FUL,5.5,74,1,0,0,1,0,0,0,2,8
2367762,Broja,Armando Broja,Forward,FUL,5.3,23,0,0,0,1,0,0,0,0,1
2367763,Thiago Silva,Thiago Emiliano da Silva,Defender,CHE,5.0,90,1,0,0,4,0,0,0,2,8
2367763,Sterling (Raheem),Raheem Sterling,Midfielder,CHE,6.7,71,0,0,0,3,0,0,0,0,2
2367763,Chilwell,Benjamin Chilwell,Defender,CHE,4.6,81,0,0,0,3,0,1,0,0,0
2367763,Nkunku,Christopher Nkunku,Forward,CHE,6.0,71,0,0,0,3,0,0,0,0,2
2367763,Disasi,Axel Disasi,Defender,CHE,4.2,90,0,0,0,4,1,0,0,0,0
2367763,Gallagher,Conor Gallagher,Midfielder,CHE,5.9,90,0,0,0,4,0,0,0,0,2
2367763,Badiashile,Benoît Badiashile,Defender,CHE,4.5,20,0,0,0,1,0,0,0,0,1
2367763,Palmer,Cole Palmer,Midfielder,CHE,10.5,90,1,0,0,4,0,0,0,1,8
2367763,Fernández (Enzo),Enzo Fernández,Midfielder,CHE,6.5,90,0,0,0,4,0,0,0,0,2
2367763,Petrovic,Dorde Petrovic,Goalkeeper,CHE,4.5,90,0,0,0,4,0,0,0,0,1
2367763,Mudryk,Mykhailo Mudryk,Midfielder,CHE,5.0,29,0,1,0,1,0,0,0,0,4
2367763,Chukwuemeka,Carney Chukwuemeka,Midfielder,CHE,4.7,29,0,0,0,1,0,0,0,0,1
2367763,Gusto,Malo Gusto,Defender,CHE,5.0,81,0,0,0,3,0,1,0,0,0
2367763,Moises Caicedo,Moises Caicedo,Midfielder,CHE,5.5,62,0,1,0,2,0,1,0,0,4
2367763,Gilchrist,Alfie Gilchrist,Defender,CHE,4.0,20,0,0,0,1,0,0,0,0,1
2367763,Jackson (Nicolas),Nicolas Jackson,Forward,CHE,6.5,38,0,0,0,2,0,0,0,0,1
2367763,Dawson,Craig Dawson,Defender,WOL,4.2,90,0,0,0,2,0,0,0,0,1
2367763,Doherty,Matt Doherty,Defender,WOL,4.5,11,0,0,0,0,0,0,0,0,1
2367763,Sarabia,Pablo Sarabia,Midfielder,WOL,5.0,72,0,0,0,1,0,0,0,0,2
2367763,José Sá,José Pedro Malheiro de Sá,Goalkeeper,WOL,4.5,90,0,0,0,2,0,0,0,0,1
2367763,Lemina (Mario),Mario Lemina,Midfielder,WOL,4.8,90,0,0,0,2,0,0,0,0,2
2367763,Semedo,Nelson Semedo,Defender,WOL,4.5,90,0,0,0,2,0,1,0,0,0
2367763,Kilman,Max Kilman,Defender,WOL,4.5,90,0,0,0,2,0,0,0,0,1
2367763,Doyle,Tommy Doyle,Midfielder,WOL,4.7,29,0,0,0,1,0,0,0,0,1
2367763,Bellegarde,Jean-Ricner Bellegarde,Midfielder,WOL,5.5,28,0,0,0,1,0,0,0,0,1
2367763,Neto,Pedro Neto,Midfielder,WOL,7.0,72,0,1,0,1,0,1,0,0,4
2367763,Matheus Cunha,Matheus Santos Carneiro Da Cunha,Forward,WOL,8.0,90,3,0,0,2,0,0,0,3,17
2367763,João Gomes,João Victor Gomes da Silva,Midfielder,WOL,5.5,90,0,1,0,2,0,0,0,0,5
2367763,Ait Nouri,Rayan Ait Nouri,Defender,WOL,6.0,86,0,1,0,2,0,0,0,0,4
2367763,Bueno (Hugo),Hugo Bueno,Defender,WOL,4.5,14,0,0,0,0,0,0,0,0,1
2367763,Toti,Toti António Gomes,Defender,WOL,4.5,90,0,0,0,2,0,0,0,0,1
2367764,Tarkowski,James Tarkowski,Defender,EVE,5.5,90,0,0,0,2,0,0,0,0,1
2367764,Young (Ashley),Ashley Young,Defender,EVE,4.2,76,0,0,0,2,0,0,0,0,1
2367764,Coleman,Seamus Coleman,Defender,EVE,4.5,24,0,0,0,0,0,0,0,0,1
2367764,Gueye,Idrissa Gueye,Midfielder,EVE,5.5,90,0,0,0,2,0,0,0,0,2
2367764,Pickford,Jordan Pickford,Goalkeeper,EVE,5.5,90,0,0,0,2,0,0,0,0,2
2367764,Calvert-Lewin,Dominic Calvert-Lewin,Forward,EVE,5.4,80,0,1,0,2,0,0,0,0,5
2367764,Godfrey,Ben Godfrey,Defender,EVE,4.0,71,0,0,0,2,0,1,0,0,0
2367764,Harrison (Jack),Jack Harrison,Midfielder,EVE,5.5,90,1,0,0,2,0,0,0,2,9
2367764,Mykolenko,Vitaliy Mykolenko,Defender,EVE,5.0,90,0,0,0,2,0,0,0,0,1
2367764,Garner,James Garner,Midfielder,EVE,5.0,90,0,0,0,2,0,1,0,0,1
2367764,McNeil,Dwight McNeil,Midfielder,EVE,6.0,80,0,0,0,2,0,0,0,0,2
2367764,Dobbin,Lewis Dobbin,Midfielder,EVE,5.0,15,0,0,0,0,0,1,0,0,0
2367764,Branthwaite,Jarrad Branthwaite,Defender,EVE,5.5,90,1,0,0,2,0,0,0,1,8
2367764,Beto,Norberto Bercique Gomes Betuncal,Forward,EVE,5.5,15,0,0,0,0,0,0,0,0,1
2367764,Youssef Chermiti,Youssef Ramalho Chermiti,Forward,EVE,5.0,19,0,0,0,0,0,0,0,0,1
2367764,Højbjerg,Pierre-Emile Højbjerg,Midfielder,TOT,5.0,85,0,0,0,1,0,0,0,0,2
2367764,Werner,Timo Werner,Forward,TOT,6.2,81,0,0,0,1,0,0,0,0,2
2367764,Maddison,James Maddison,Midfielder,TOT,7.0,81,0,1,0,1,0,0,0,0,5
2367764,Vicario,Guglielmo Vicario,Goalkeeper,TOT,5.0,90,0,0,0,2,0,0,0,0,1
2367764,Bentancur,Rodrigo Bentancur,Midfielder,TOT,5.5,62,0,0,0,1,0,0,0,0,2
2367764,Skipp,Oliver Skipp,Midfielder,TOT,4.7,14,0,0,0,1,0,0,0,0,1
2367764,Richarlison,Richarlison de Andrade,Midfielder,TOT,6.5,90,2,0,0,2,0,0,0,3,15
2367764,Romero,Cristian Romero,Defender,TOT,5.0,90,0,0,0,2,0,0,0,0,1
2367764,Johnson (Brennan),Brennan Johnson,Midfielder,TOT,7.0,62,0,0,0,1,0,0,0,0,2
2367764,Gil,Bryan Gil,Midfielder,TOT,5.0,14,0,0,0,1,0,0,0,0,1
2367764,Porro,Pedro Porro,Defender,TOT,5.5,90,0,0,0,2,0,0,0,0,1
2367764,Kulusevski,Dejan Kulusevski,Midfielder,TOT,6.5,33,0,0,0,1,0,0,0,0,1
2367764,Sarr (Pape),Pape Sarr,Midfielder,TOT,5.0,33,0,0,0,1,0,0,0,0,1
2367764,Destiny Udogie,Iyenoma Destiny Udogie,Defender,TOT,4.5,90,0,1,0,2,0,0,0,0,4
2367764,van de Ven,Micky van de Ven,Defender,TOT,4.5,90,0,0,0,2,0,0,0,0,1
2367764,Dragusin,Radu Dragusin,Defender,TOT,4.5,10,0,0,0,1,0,0,0,0,1
2367765,Casemiro,Carlos Henrique Jose Francisco Venancio,Midfielder,MUN,5.5,90,0,1,1,0,0,0,0,0,6
2367765,Varane,Raphael Varane,Defender,MUN,4.9,26,0,0,0,0,0,0,0,0,1
2367765,Maguire,Harry Maguire,Defender,MUN,4.5,90,0,0,1,0,0,0,0,0,6
2367765,Shaw,Luke Shaw,Defender,MUN,4.5,85,0,0,1,0,0,0,0,0,6
2367765,Bruno Fernandes,Bruno Miguel Borges Fernandes,Midfielder,MUN,9.0,90,0,1,1,0,0,0,0,0,6
2367765,Rashford,Marcus Rashford,Midfielder,MUN,7.0,90,0,0,1,0,0,0,0,0,3
2367765,Lindelof,Victor Nilsson-Lindelof,Defender,MUN,4.3,9,0,0,0,0,0,0,0,0,1
2367765,McTominay,Scott McTominay,Midfielder,MUN,4.9,31,0,1,0,0,0,0,0,0,4
2367765,Onana,André Onana,Goalkeeper,MUN,5.0,90,0,0,1,0,0,0,0,1,8
2367765,Dalot,José Diogo Dalot Teixeira,Defender,MUN,4.5,90,0,0,1,0,0,0,0,0,6
2367765,Martínez,Lisandro Martínez,Defender,MUN,5.0,68,0,0,1,0,0,0,0,0,6
2367765,Antony,Antony Matheus dos Santos,Midfielder,MUN,6.0,9,0,0,0,0,0,0,0,0,1
2367765,Garnacho,Alejandro Garnacho Ferreyra,Midfielder,MUN,6.5,90,2,0,1,0,0,0,0,3,16
2367765,Højlund,Rasmus Højlund,Forward,MUN,6.5,85,1,0,1,0,0,0,0,2,8
2367765,Mainoo,Kobbie Mainoo,Midfielder,MUN,5.0,63,0,0,1,0,0,0,0,0,3
2367765,Fabianski,Lukasz Fabianski,Goalkeeper,WHU,3.9,45,0,0,0,2,0,0,0,0,0
2367765,Areola,Alphonse Areola,Goalkeeper,WHU,4.5,45,0,0,0,1,0,0,0,0,1
2367765,Ward-Prowse,James Ward-Prowse,Midfielder,WHU,6.0,90,0,0,0,3,0,0,0,0,2
2367765,Zouma,Kurt Zouma,Defender,WHU,4.4,90,0,0,0,3,0,0,0,0,1
2367765,Emerson,Emerson Palmieri dos Santos,Defender,WHU,4.5,90,0,0,0,3,0,0,0,0,1
2367765,Cornet,Maxwel Cornet,Midfielder,WHU,5.0,25,0,0,0,1,0,0,0,0,1
2367765,Phillips (Kalvin),Kalvin Phillips,Midfielder,WHU,5.0,25,0,0,0,1,0,0,0,0,1
2367765,Coufal,Vladimir Coufal,Defender,WHU,4.1,69,0,0,0,2,0,0,0,0,1
2367765,Bowen,Jarrod Bowen,Midfielder,WHU,8.0,90,0,0,0,3,0,0,0,0,2
2367765,Aguerd,Nayef Aguerd,Defender,WHU,4.5,90,0,0,0,3,0,0,0,0,1
2367765,Álvarez (Edson),Edson Álvarez,Midfielder,WHU,5.0,90,0,0,0,3,0,0,0,0,2
2367765,Soucek,Tomas Soucek,Midfielder,WHU,6.0,70,0,0,0,2,0,1,0,0,1
2367765,Johnson (Ben),Ben Johnson,Defender,WHU,3.8,90,0,0,0,3,0,0,0,0,1
2367765,Kudus,Mohammed Kudus,Midfielder,WHU,6.5,90,0,0,0,3,0,0,0,0,2
2367766,Kaminski,Thomas Kaminski,Goalkeeper,LUT,4.0,90,0,0,0,4,0,0,0,0,0
2367766,Barkley,Ross Barkley,Midfielder,LUT,5.0,90,1,1,0,4,0,0,0,3,13
2367766,Woodrow,Cauley Woodrow,Forward,LUT,4.3,13,0,0,0,0,0,0,0,0,1
2367766,Clark (Jordan),Jordan Clark,Midfielder,LUT,4.8,67,0,0,0,3,0,0,0,0,2
2367766,Ruddock Mpanzu,Pelly Ruddock Mpanzu,Midfielder,LUT,4.6,32,0,0,0,1,0,0,0,0,1
2367766,Burke,Reece Burke,Defender,LUT,4.0,22,0,0,0,0,0,0,0,0,1
2367766,Morris,Carlton Morris,Forward,LUT,4.7,77,1,1,0,4,0,0,0,2,11
2367766,Bell,Amarii Bell,Defender,LUT,3.8,90,0,0,0,4,0,0,0,0,0
2367766,Adebayo,Elijah Adebayo,Forward,LUT,4.8,86,1,0,0,4,0,0,0,0,6
2367766,Osho,Gabriel Osho,Defender,LUT,4.4,90,1,0,0,4,0,1,0,0,5
2367766,Ogbene,Chiedozie Ogbene,Forward,LUT,4.8,90,0,1,0,4,0,0,0,0,5
2367766,Brown,Jacob Brown,Forward,LUT,4.9,21,0,0,0,0,0,0,0,0,1
2367766,Doughty,Alfie Doughty,Defender,LUT,4.3,77,0,1,0,4,0,0,0,0,3
2367766,Mengi,Teden Mengi,Defender,LUT,3.9,90,0,0,0,4,0,0,0,0,0
2367766,Sambi Lokonga,Albert Sambi Lokonga,Midfielder,LUT,4.5,90,0,0,0,4,0,1,0,0,1
2367766,Dubravka,Martin Dubravka,Goalkeeper,NEW,4.0,90,0,0,0,4,0,0,0,0,1
2367766,Wilson (Callum),Callum Wilson,Forward,NEW,6.9,45,0,0,0,2,0,0,0,0,1
2367766,Trippier,Kieran Trippier,Defender,NEW,5.0,90,1,1,0,4,0,0,0,0,9
2367766,Burn,Dan Burn,Defender,NEW,5.0,62,0,0,0,4,0,1,0,0,0
2367766,Murphy (Jacob),Jacob Murphy,Midfielder,NEW,6.5,90,0,0,0,4,0,1,0,0,1
2367766,Schär,Fabian Schär,Defender,NEW,5.5,90,0,0,0,4,0,0,0,0,0
2367766,Almirón,Miguel Almirón,Midfielder,NEW,5.4,62,0,0,0,4,0,0,0,0,2
2367766,Longstaff (Sean),Sean Longstaff,Midfielder,NEW,5.0,90,2,0,0,4,0,0,0,1,13
2367766,Barnes (Harvey),Harvey Barnes,Midfielder,NEW,6.5,37,1,0,0,0,0,0,0,0,6
2367766,Bruno Guimarães,Bruno Guimarães Rodriguez Moura,Midfielder,NEW,6.5,90,0,1,0,4,0,0,0,0,5
2367766,Botman,Sven Botman,Defender,NEW,5.0,90,0,0,0,4,0,0,0,0,0
2367766,Gordon (Anthony),Anthony Gordon,Midfielder,NEW,7.5,45,0,1,0,2,0,0,0,0,4
2367766,Livramento,Valentino Livramento,Defender,NEW,5.0,37,0,0,0,0,0,0,0,0,1
2367766,Miley (Lewis),Lewis Miley,Midfielder,NEW,4.5,90,0,1,0,4,0,0,0,0,5
2367767,Martinez,Emiliano Martinez,Goalkeeper,AVL,5.0,90,0,0,1,0,0,0,0,0,7
2367767,Álex Moreno,Alexandre Moreno Lopera,Defender,AVL,4.0,90,1,0,1,0,0,0,0,2,14
2367767,McGinn,John McGinn,Midfielder,AVL,5.5,69,1,0,1,0,0,0,0,0,8
2367767,Diego Carlos,Diego Carlos Santos Silva,Defender,AVL,4.5,90,0,0,1,0,0,0,0,0,6
2367767,Tielemans,Youri Tielemans,Midfielder,AVL,6.0,78,1,0,1,0,0,0,0,0,8
2367767,Lenglet,Clément Lenglet,Defender,AVL,4.5,90,0,0,1,0,0,0,0,0,6
2367767,Watkins,Ollie Watkins,Forward,AVL,9.0,90,1,3,1,0,0,0,0,3,18
2367767,Cash,Matthew Cash,Defender,AVL,4.5,37,0,0,0,0,0,0,0,0,1
2367767,Konsa Ngoyo,Ezri Konsa Ngoyo,Defender,AVL,4.5,57,0,0,0,0,0,0,0,0,1
2367767,Bailey,Leon Bailey,Midfielder,AVL,5.5,57,1,0,0,0,0,0,0,1,7
2367767,Kamara,Boubacar Kamara,Midfielder,AVL,5.0,90,0,0,1,0,0,0,0,0,3
2367767,Douglas Luiz,Douglas Luiz Soares de Paulo,Midfielder,AVL,5.4,45,0,1,0,0,0,0,0,1,5
2367767,Ramsey (Jacob),Jacob Ramsey,Midfielder,AVL,5.5,45,0,0,0,0,0,0,0,0,1
2367767,Diaby,Moussa Diaby,Midfielder,AVL,6.5,36,0,0,0,0,0,0,0,0,1
2367767,Rogers,Morgan Rogers,Midfielder,AVL,7.0,15,0,0,0,0,0,0,0,0,1
2367767,Iroegbunam,Tim Iroegbunam,Midfielder,AVL,5.0,25,0,0,0,0,0,0,0,0,1
2367767,Foderingham,Wes Foderingham,Goalkeeper,SHU,4.0,90,0,0,0,5,0,0,0,0,1
2367767,Robinson (Jack),Jack Robinson,Defender,SHU,4.3,44,0,0,0,0,0,0,0,0,1
2367767,Osborn,Ben Osborn,Midfielder,SHU,4.8,44,0,0,0,0,0,0,0,0,1
2367767,Davies (Tom),Tom Davies,Midfielder,SHU,5.0,24,0,0,0,0,0,0,0,0,1
2367767,Holgate,Mason Holgate,Defender,SHU,4.0,90,0,0,0,5,0,0,0,0,0
2367767,Hamer,Gustavo Hamer,Midfielder,SHU,4.9,45,0,0,0,1,0,0,0,0,1
2367767,Trusty,Auston Trusty,Defender,SHU,3.9,90,0,0,0,5,0,0,0,0,0
2367767,Brereton,Ben Brereton,Midfielder,SHU,4.8,62,0,0,0,5,0,0,0,0,2
2367767,Bogle,Jayden Bogle,Defender,SHU,4.5,90,0,0,0,5,0,1,0,0,0
2367767,Ahmedhodzic,Anel Ahmedhodzic,Defender,SHU,4.3,90,0,0,0,5,0,0,0,0,0
2367767,Vinicius Souza,Vinicius de Souza Costa,Midfielder,SHU,5.0,90,0,0,0,5,0,0,0,0,2
2367767,Mcatee,James Mcatee,Midfielder,SHU,5.5,69,0,0,0,5,0,0,0,0,2
2367767,Archer,Cameron Archer,Forward,SHU,4.8,32,0,0,0,0,0,0,0,0,1
2367767,Norrington-Davies,Rhys Norrington-Davies,Defender,SHU,3.9,50,0,0,0,5,0,0,0,0,0
2367767,Osula,William Osula,Forward,SHU,5.5,45,0,0,0,4,0,0,0,0,1
2367767,Brooks (Andre),Andre Brooks,Midfielder,SHU,4.4,50,0,0,0,5,0,0,0,0,1
2367768,Martinez,Emiliano Martinez,Goalkeeper,AVL,5.0,90,0,0,0,2,0,0,0,0,2
2367768,Digne,Lucas Digne,Defender,AVL,4.5,10,0,0,0,0,0,0,0,0,1
2367768,Álex Moreno,Alexandre Moreno Lopera,Defender,AVL,4.0,85,0,0,0,2,0,0,0,0,1
2367768,McGinn,John McGinn,Midfielder,AVL,5.5,85,0,0,0,2,0,0,0,0,2
2367768,Diego Carlos,Diego Carlos Santos Silva,Defender,AVL,4.5,90,0,0,0,2,0,0,0,0,1
2367768,Tielemans,Youri Tielemans,Midfielder,AVL,6.0,24,0,0,0,1,0,0,0,0,1
2367768,Lenglet,Clément Lenglet,Defender,AVL,4.5,90,0,0,0,2,0,1,0,0,0
2367768,Watkins,Ollie Watkins,Forward,AVL,9.0,90,0,0,0,2,0,0,0,0,2
2367768,Cash,Matthew Cash,Defender,AVL,4.5,90,0,0,0,2,0,1,0,0,0
2367768,Bailey,Leon Bailey,Midfielder,AVL,5.5,71,0,1,0,1,0,0,0,0,5
2367768,Kamara,Boubacar Kamara,Midfielder,AVL,5.0,63,0,0,0,1,0,0,0,0,2
2367768,Douglas Luiz,Douglas Luiz Soares de Paulo,Midfielder,AVL,5.4,90,1,0,0,2,0,0,0,3,10
2367768,Ramsey (Jacob),Jacob Ramsey,Midfielder,AVL,5.5,90,0,0,0,2,0,0,0,0,2
2367768,Diaby,Moussa Diaby,Midfielder,AVL,6.5,32,0,0,0,1,0,1,0,0,0
2367768,Zaniolo,Nicolò Zaniolo,Midfielder,AVL,5.4,10,0,0,0,0,0,0,0,0,1
2367768,Evans,Jonny Evans,Defender,MUN,4.4,5,0,0,0,0,0,0,0,0,1
2367768,Casemiro,Carlos Henrique Jose Francisco Venancio,Midfielder,MUN,5.5,90,0,0,0,1,0,1,0,0,1
2367768,Varane,Raphael Varane,Defender,MUN,4.9,90,0,0,0,1,0,0,0,0,2
2367768,Maguire,Harry Maguire,Defender,MUN,4.5,90,0,1,0,1,0,0,0,2,7
2367768,Shaw,Luke Shaw,Defender,MUN,4.5,45,0,0,0,0,0,0,0,0,1
2367768,Bruno Fernandes,Bruno Miguel Borges Fernandes,Midfielder,MUN,9.0,90,0,0,0,1,0,0,0,0,2
2367768,Amrabat,Sofyan Amrabat,Midfielder,MUN,5.0,5,0,0,0,0,0,0,0,0,1
2367768,Rashford,Marcus Rashford,Midfielder,MUN,7.0,71,0,0,0,1,0,0,0,0,2
2367768,Lindelof,Victor Nilsson-Lindelof,Defender,MUN,4.3,45,0,0,0,1,0,0,0,0,1
2367768,McTominay,Scott McTominay,Midfielder,MUN,4.9,23,1,0,0,0,0,0,0,0,6
2367768,Onana,André Onana,Goalkeeper,MUN,5.0,90,0,0,0,1,0,0,0,0,4
2367768,Dalot,José Diogo Dalot Teixeira,Defender,MUN,4.5,90,0,1,0,1,0,0,0,2,7
2367768,Garnacho,Alejandro Garnacho Ferreyra,Midfielder,MUN,6.5,90,0,0,0,1,0,0,0,0,2
2367768,Højlund,Rasmus Højlund,Forward,MUN,6.5,89,1,0,0,1,0,0,0,0,6
2367768,Mainoo,Kobbie Mainoo,Midfielder,MUN,5.0,89,0,0,0,1,0,1,0,0,1
2367769,Thiago Silva,Thiago Emiliano da Silva,Defender,CHE,5.0,59,0,0,0,1,0,0,0,0,2
2367769,Sterling (Raheem),Raheem Sterling,Midfielder,CHE,6.7,18,0,0,0,0,0,0,0,0,1
2367769,Chilwell,Benjamin Chilwell,Defender,CHE,4.6,90,0,0,0,1,0,0,0,0,2
2367769,Nkunku,Christopher Nkunku,Forward,CHE,6.0,45,0,0,0,0,0,0,0,0,1
2367769,Disasi,Axel Disasi,Defender,CHE,4.2,90,0,0,0,1,0,1,0,0,1
2367769,Gallagher,Conor Gallagher,Midfielder,CHE,5.9,90,2,0,0,1,0,0,0,3,15
2367769,Palmer,Cole Palmer,Midfielder,CHE,10.5,90,0,2,0,1,0,0,0,2,10
2367769,Madueke,Noni Madueke,Midfielder,CHE,7.0,45,0,0,0,1,0,0,0,0,1
2367769,Fernández (Enzo),Enzo Fernández,Midfielder,CHE,6.5,90,1,0,0,1,0,0,0,1,8
2367769,Petrovic,Dorde Petrovic,Goalkeeper,CHE,4.5,90,0,0,0,1,0,0,0,0,3
2367769,Colwill,Levi Colwill,Defender,CHE,5.0,36,0,0,0,0,0,0,0,0,1
2367769,Gusto,Malo Gusto,Defender,CHE,5.0,82,0,1,0,1,0,0,0,1,6
2367769,Moises Caicedo,Moises Caicedo,Midfielder,CHE,5.5,90,0,0,0,1,0,0,0,0,2
2367769,Gilchrist,Alfie Gilchrist,Defender,CHE,4.0,13,0,0,0,0,0,0,0,0,1
2367769,Jackson (Nicolas),Nicolas Jackson,Forward,CHE,6.5,77,0,0,0,1,0,1,0,0,1
2367769,Ayew (Jordan),Jordan Ayew,Midfielder,CRY,5.1,90,0,0,0,3,0,0,0,0,2
2367769,Hughes,Will Hughes,Midfielder,CRY,5.0,77,0,0,0,1,0,0,0,0,2
2367769,Lerma,Jefferson Lerma,Midfielder,CRY,5.0,90,1,0,0,3,0,1,0,0,6
2367769,Henderson (Dean),Dean Henderson,Goalkeeper,CRY,5.0,90,0,0,0,3,0,0,0,0,1
2367769,Andersen (Joachim),Joachim Andersen,Defender,CRY,4.5,90,0,0,0,3,0,0,0,0,1
2367769,Edouard,Odsonne Edouard,Forward,CRY,5.0,13,0,0,0,2,0,0,0,0,1
2367769,Mateta,Jean-Philippe Mateta,Forward,CRY,7.5,90,0,0,0,3,0,0,0,0,2
2367769,Mitchell,Tyrick Mitchell,Defender,CRY,5.0,90,0,0,0,3,0,0,0,0,1
2367769,Muñoz,Daniel Muñoz,Defender,CRY,5.5,90,0,0,0,3,0,1,0,0,0
2367769,Richards (Chris),Chris Richards,Defender,CRY,4.5,90,0,0,0,3,0,0,0,0,1
2367769,Ahamada,Naouirou Ahamada,Midfielder,CRY,4.5,18,0,0,0,2,0,0,0,0,1
2367769,Wharton,Adam Wharton,Midfielder,CRY,5.0,90,0,0,0,3,0,0,0,0,2
2367769,Matheus França,Matheus França de Oliveira,Midfielder,CRY,4.5,82,0,0,0,1,0,0,0,0,2
2367770,Smith (Adam),Adam Smith,Defender,BOU,4.5,83,0,0,0,3,0,1,0,0,0
2367770,Neto,Norberto Murara Neto,Goalkeeper,BOU,4.5,90,0,0,0,3,0,0,0,0,2
2367770,Solanke,Dominic Solanke,Forward,BOU,7.5,90,0,1,0,3,0,1,0,0,4
2367770,Cook (Lewis),Lewis Cook,Midfielder,BOU,5.0,90,0,0,0,3,0,0,0,0,2
2367770,Christie,Ryan Christie,Midfielder,BOU,5.0,90,0,0,0,3,0,0,0,0,2
2367770,Unal,Enes Unal,Forward,BOU,5.5,28,0,0,0,0,0,0,0,0,1
2367770,Tavernier,Marcus Tavernier,Midfielder,BOU,5.5,67,0,0,0,3,0,0,0,0,2
2367770,Senesi,Marcos Senesi,Defender,BOU,4.5,90,1,0,0,3,0,0,0,1,8
2367770,Sinisterra,Luis Sinisterra,Midfielder,BOU,5.0,67,0,0,0,3,0,0,0,0,2
2367770,Kelly (Lloyd),Lloyd Kelly,Defender,BOU,4.2,45,0,0,0,2,0,0,0,0,0
2367770,Semenyo,Antoine Semenyo,Forward,BOU,7.0,32,0,0,0,0,0,0,0,0,1
2367770,Faivre,Romain Faivre,Midfielder,BOU,4.5,13,0,0,0,0,0,0,0,0,1
2367770,Zabarnyi,Illia Zabarnyi,Defender,BOU,5.0,90,0,0,0,3,0,0,0,0,1
2367770,Scott,Alex Scott,Midfielder,BOU,5.0,63,0,0,0,3,0,0,0,0,2
2367770,Dango Ouattara,Dango Ouattara,Midfielder,BOU,6.0,28,0,0,0,0,0,0,0,0,1
2367770,Kerkez,Milos Kerkez,Defender,BOU,6.0,45,0,0,0,1,0,0,0,0,1
2367770,Willian,Willian Borges Da Silva,Midfielder,FUL,5.0,82,0,1,0,1,0,0,0,0,5
2367770,Cairney,Tom Cairney,Midfielder,FUL,5.0,63,0,0,0,1,0,0,0,0,2
2367770,Leno,Bernd Leno,Goalkeeper,FUL,5.0,90,0,0,0,1,0,0,0,0,3
2367770,Ream,Tim Ream,Defender,FUL,4.5,90,0,0,0,1,0,0,0,0,2
2367770,DeCordova-Reid,Bobby DeCordova-Reid,Midfielder,FUL,5.2,63,1,1,0,1,0,0,0,2,12
2367770,Reed,Harrison Reed,Midfielder,FUL,4.5,33,0,0,0,0,0,0,0,0,1
2367770,Wilson (Harry),Harry Wilson,Midfielder,FUL,5.5,32,0,0,0,0,0,1,0,0,0
2367770,João Palhinha,João Maria Lobo Alves Palhinha Gonçalves,Midfielder,FUL,5.9,90,0,0,0,1,0,0,0,0,2
2367770,Pereira (Andreas),Andreas Pereira,Midfielder,FUL,5.5,83,0,0,0,1,0,0,0,0,2
2367770,Traoré (Adama),Adama Traoré,Midfielder,FUL,5.5,13,0,0,0,0,0,0,0,0,1
2367770,Castagne,Timothy Castagne,Defender,FUL,4.5,90,0,0,0,1,0,0,0,0,2
2367770,Robinson (Antonee),Antonee Robinson,Defender,FUL,5.0,90,0,0,0,1,0,0,0,0,2
2367770,Diop,Issa Diop,Defender,FUL,4.5,90,0,0,0,1,0,0,0,0,2
2367770,Ballo-Toure,Fode Ballo-Toure,Defender,FUL,4.5,13,0,0,0,0,0,0,0,0,1
2367770,Rodrigo Muniz,Rodrigo Muniz Carvalho,Forward,FUL,5.5,73,2,0,0,1,0,0,0,3,13
2367770,Broja,Armando Broja,Forward,FUL,5.3,23,0,0,0,0,0,0,0,0,1
2367771,Brownhill,Josh Brownhill,Midfielder,BUR,4.7,90,0,1,0,3,0,1,0,0,4
2367771,Bruun Larsen,Jacob Bruun Larsen,Midfielder,BUR,5.5,13,0,0,0,0,0,0,0,0,1
2367771,Berge,Sander Berge,Midfielder,BUR,5.0,90,0,0,0,3,0,0,0,0,2
2367771,O'Shea,Dara O'Shea,Defender,BUR,3.8,90,1,0,0,3,0,1,0,0,6
2367771,Delcroix,Hannes Delcroix,Defender,BUR,4.0,90,0,0,0,3,0,0,0,0,1
2367771,Trafford,James Trafford,Goalkeeper,BUR,5.0,90,0,0,0,3,0,0,0,1,4
2367771,Massengo,Han-Noah Massengo,Midfielder,BUR,4.9,18,0,0,0,0,0,0,0,0,1
2367771,Vitinho,Victor Alexander da Silva,Defender,BUR,4.4,18,0,0,0,0,0,0,0,0,1
2367771,Ramsey (Aaron),Aaron Ramsey,Midfielder,BUR,4.5,79,0,0,0,3,0,0,0,0,2
2367771,Esteve,Maxime Esteve,Defender,BUR,4.0,78,0,0,0,3,0,0,0,0,1
2367771,Amdouni,Zeki Amdouni,Forward,BUR,5.0,84,0,0,0,3,0,0,0,0,2
2367771,Assignon,Lorenz Assignon,Defender,BUR,4.0,90,0,0,0,3,0,0,0,0,1
2367771,Fofana (David Datro),David Datro Fofana,Forward,BUR,5.4,90,0,0,0,3,0,0,0,0,2
2367771,Odobert,Wilson Odobert,Midfielder,BUR,5.5,90,0,0,0,3,0,0,0,0,2
2367771,van Dijk,Virgil van Dijk,Defender,LIV,6.0,90,0,0,0,1,0,0,0,0,2
2367771,Robertson (Andrew),Andrew Robertson,Defender,LIV,6.0,90,0,0,0,1,0,0,0,0,2
2367771,Endo,Wataru Endo,Midfielder,LIV,5.0,90,0,0,0,1,0,1,0,0,1
2367771,Alexander-Arnold,Trent Alexander-Arnold,Defender,LIV,7.2,45,0,1,0,1,0,0,0,0,4
2367771,Diogo Jota,Diogo José Teixeira da Silva,Midfielder,LIV,7.2,90,1,0,0,1,0,0,0,0,7
2367771,Kelleher,Caoimhin Kelleher,Goalkeeper,LIV,4.5,90,0,0,0,1,0,0,0,0,3
2367771,Jones (Curtis),Curtis Jones,Midfielder,LIV,5.5,90,0,0,0,1,0,0,0,0,2
2367771,Tsimikas,Konstantinos Tsimikas,Defender,LIV,5.0,2,0,0,0,0,0,0,0,0,1
2367771,Mac Allister,Alexis Mac Allister,Midfielder,LIV,6.5,90,0,0,0,1,0,0,0,0,2
2367771,Gakpo,Cody Gakpo,Forward,LIV,7.5,16,0,0,0,0,0,0,0,0,1
2367771,Díaz,Luis Díaz,Midfielder,LIV,8.0,80,1,0,0,1,0,0,0,2,9
2367771,Quansah,Jarell Quansah,Defender,LIV,3.9,90,0,0,0,1,0,1,0,0,1
2367771,Elliott,Harvey Elliott,Midfielder,LIV,5.5,45,0,2,0,0,0,0,0,3,10
2367771,Núñez,Darwin Núñez,Forward,LIV,6.5,90,1,0,0,1,0,1,0,1,6
2367771,McConnell,James McConnell,Midfielder,LIV,4.5,2,0,0,0,0,0,0,0,0,1
2367771,Clark (Bobby),Bobby Clark,Midfielder,LIV,4.5,2,0,0,0,0,0,0,0,0,1
2367772,Kaminski,Thomas Kaminski,Goalkeeper,LUT,4.0,90,0,0,0,3,0,0,0,0,1
2367772,Townsend,Andros Townsend,Midfielder,LUT,5.0,31,0,0,0,1,0,0,0,0,1
2367772,Berry,Luke Berry,Midfielder,LUT,4.6,13,0,0,0,0,0,0,0,0,1
2367772,Barkley,Ross Barkley,Midfielder,LUT,5.0,90,0,0,0,3,0,0,0,0,2
2367772,Woodrow,Cauley Woodrow,Forward,LUT,4.3,13,0,0,0,0,0,0,0,0,1
2367772,Clark (Jordan),Jordan Clark,Midfielder,LUT,4.8,51,0,0,0,2,0,0,0,0,1
2367772,Burke,Reece Burke,Defender,LUT,4.0,66,0,0,0,2,0,0,0,0,1
2367772,Morris,Carlton Morris,Forward,LUT,4.7,84,1,0,0,3,0,1,0,0,5
2367772,Bell,Amarii Bell,Defender,LUT,3.8,90,0,0,0,3,0,0,0,2,3
2367772,Adebayo,Elijah Adebayo,Forward,LUT,4.8,90,0,1,0,3,0,0,0,0,5
2367772,Osho,Gabriel Osho,Defender,LUT,4.4,90,0,0,0,3,0,0,0,0,1
2367772,Chong,Tahith Chong,Midfielder,LUT,4.4,45,0,0,0,1,0,0,0,0,1
2367772,Ogbene,Chiedozie Ogbene,Forward,LUT,4.8,90,0,0,0,3,0,0,0,0,2
2367772,Doughty,Alfie Doughty,Defender,LUT,4.3,84,0,0,0,3,0,0,0,0,1
2367772,Sambi Lokonga,Albert Sambi Lokonga,Midfielder,LUT,4.5,90,0,0,0,3,0,0,0,0,2
2367772,Norwood,Oliver Norwood,Midfielder,SHU,4.8,19,0,0,0,0,0,0,0,0,1
2367772,Foderingham,Wes Foderingham,Goalkeeper,SHU,4.0,90,0,0,0,1,0,0,0,0,3
2367772,Robinson (Jack),Jack Robinson,Defender,SHU,4.3,90,0,0,0,1,0,0,0,0,2
2367772,Lowe (Max),Max Lowe,Defender,SHU,4.3,90,0,1,0,1,0,0,0,0,5
2367772,Osborn,Ben Osborn,Midfielder,SHU,4.8,90,0,1,0,1,0,0,0,0,5
2367772,Davies (Tom),Tom Davies,Midfielder,SHU,5.0,40,0,0,0,0,0,0,0,0,1
2367772,Holgate,Mason Holgate,Defender,SHU,4.0,90,0,0,0,1,0,1,0,0,1
2367772,Brewster,Rhian Brewster,Forward,SHU,4.9,19,0,0,0,0,0,0,0,0,1
2367772,Hamer,Gustavo Hamer,Midfielder,SHU,4.9,58,0,0,0,1,0,1,0,0,0
2367772,Bogle,Jayden Bogle,Defender,SHU,4.5,90,0,0,0,1,0,0,0,0,2
2367772,Ahmedhodzic,Anel Ahmedhodzic,Defender,SHU,4.3,90,0,0,0,1,0,0,0,0,2
2367772,Vinicius Souza,Vinicius de Souza Costa,Midfielder,SHU,5.0,90,1,1,0,1,0,0,0,3,13
2367772,Mcatee,James Mcatee,Midfielder,SHU,5.5,78,1,0,0,1,0,0,0,0,7
2367772,Archer,Cameron Archer,Forward,SHU,4.8,78,1,0,0,1,0,0,0,1,7
2367772,Norrington-Davies,Rhys Norrington-Davies,Defender,SHU,3.9,4,0,0,0,0,0,0,0,0,1
2367773,Tarkowski,James Tarkowski,Defender,EVE,5.5,90,0,0,0,2,0,0,0,0,1
2367773,Young (Ashley),Ashley Young,Defender,EVE,4.2,73,0,0,0,1,0,0,0,0,2
2367773,Coleman,Seamus Coleman,Defender,EVE,4.5,44,0,0,0,2,0,0,0,0,0
2367773,Gueye,Idrissa Gueye,Midfielder,EVE,5.5,84,0,0,0,2,0,1,0,0,1
2367773,Pickford,Jordan Pickford,Goalkeeper,EVE,5.5,90,0,0,0,2,0,0,0,0,1
2367773,Calvert-Lewin,Dominic Calvert-Lewin,Forward,EVE,5.4,73,0,0,0,1,0,0,0,0,2
2367773,Godfrey,Ben Godfrey,Defender,EVE,4.0,52,0,0,0,0,0,0,0,0,1
2367773,Harrison (Jack),Jack Harrison,Midfielder,EVE,5.5,90,0,0,0,2,0,0,0,0,2
2367773,Mykolenko,Vitaliy Mykolenko,Defender,EVE,5.0,90,0,0,0,2,0,0,0,0,1
2367773,Garner,James Garner,Midfielder,EVE,5.0,90,0,0,0,2,0,1,0,0,1
2367773,McNeil,Dwight McNeil,Midfielder,EVE,6.0,84,0,0,0,2,0,0,0,0,2
2367773,Mvom Onana,Amadou Mvom Onana,Midfielder,EVE,5.0,23,0,0,0,1,0,0,0,0,1
2367773,Dobbin,Lewis Dobbin,Midfielder,EVE,5.0,12,0,0,0,0,0,0,0,0,1
2367773,Branthwaite,Jarrad Branthwaite,Defender,EVE,5.5,90,0,0,0,2,0,0,0,0,1
2367773,Beto,Norberto Bercique Gomes Betuncal,Forward,EVE,5.5,23,0,0,0,1,0,0,0,0,1
2367773,Youssef Chermiti,Youssef Ramalho Chermiti,Forward,EVE,5.0,12,0,0,0,0,0,0,0,0,1
2367773,Walker,Kyle Walker,Defender,MCI,4.5,42,0,0,0,0,0,0,0,0,1
2367773,De Bruyne,Kevin De Bruyne,Midfielder,MCI,9.5,42,0,1,0,0,0,0,0,0,4
2367773,Stones,John Stones,Defender,MCI,5.5,90,0,0,1,0,0,0,0,1,7
2367773,Grealish,Jack Grealish,Midfielder,MCI,6.5,14,0,0,0,0,0,0,0,0,1
2367773,Ederson,Ederson Santana de Moraes,Goalkeeper,MCI,5.5,90,0,0,1,0,0,0,0,1,7
2367773,Aké,Nathan Aké,Defender,MCI,5.5,90,0,1,1,0,0,0,0,2,11
2367773,Bernardo Silva,Bernardo Mota Veiga de Carvalho e Silva,Midfielder,MCI,6.5,23,0,0,0,0,0,0,0,0,1
2367773,Rúben Dias,Rúben Santos Gato Alves Dias,Defender,MCI,5.5,90,0,0,1,0,0,0,0,0,6
2367773,Foden,Phil Foden,Midfielder,MCI,8.0,90,0,0,1,0,0,0,0,0,3
2367773,Akanji,Manuel Akanji,Defender,MCI,5.5,54,0,0,0,0,0,0,0,0,1
2367773,Rodri,Rodrigo Hernández Cascante,Midfielder,MCI,6.5,90,0,0,1,0,0,0,0,0,3
2367773,Haaland,Erling Haaland,Forward,MCI,14.0,90,2,0,1,0,0,0,0,3,13
2367773,Doku,Jéremy Doku,Midfielder,MCI,6.5,83,0,0,1,0,0,0,0,0,3
2367773,Álvarez (Julián),Julián Álvarez,Forward,MCI,7.0,73,0,0,1,0,0,0,0,0,2
2367773,Matheus Nunes,Matheus Luiz Nunes,Midfielder,MCI,5.5,54,0,0,0,0,0,0,0,0,1
2367774,Dubravka,Martin Dubravka,Goalkeeper,NEW,4.0,90,0,0,0,2,0,0,0,0,1
2367774,Wilson (Callum),Callum Wilson,Forward,NEW,6.9,90,0,0,0,2,0,1,0,0,1
2367774,Trippier,Kieran Trippier,Defender,NEW,5.0,90,0,1,0,2,0,0,0,0,4
2367774,Burn,Dan Burn,Defender,NEW,5.0,90,0,0,0,2,0,0,0,0,1
2367774,Krafth,Emil Krafth,Defender,NEW,4.5,5,0,0,0,0,0,0,0,0,1
2367774,Schär,Fabian Schär,Defender,NEW,5.5,90,1,0,0,2,0,0,0,0,7
2367774,Almirón,Miguel Almirón,Midfielder,NEW,5.4,59,0,0,0,2,0,0,0,0,1
2367774,Longstaff (Sean),Sean Longstaff,Midfielder,NEW,5.0,90,0,0,0,2,0,0,0,0,2
2367774,Barnes (Harvey),Harvey Barnes,Midfielder,NEW,6.5,38,0,0,0,0,0,0,0,0,1
2367774,Bruno Guimarães,Bruno Guimarães Rodriguez Moura,Midfielder,NEW,6.5,90,2,0,0,2,0,0,0,3,15
2367774,Botman,Sven Botman,Defender,NEW,5.0,90,0,1,0,2,0,1,0,0,3
2367774,Gordon (Anthony),Anthony Gordon,Midfielder,NEW,7.5,90,0,0,0,2,0,0,0,0,2
2367774,Livramento,Valentino Livramento,Defender,NEW,5.0,16,0,0,0,0,0,0,0,0,1
2367774,Miley (Lewis),Lewis Miley,Midfielder,NEW,4.5,81,0,0,0,2,0,0,0,0,2
2367774,Sels,Matz Sels,Goalkeeper,NFO,5.0,90,0,0,0,3,0,0,0,0,1
2367774,Origi,Divock Origi,Forward,NFO,5.0,30,0,0,0,0,0,0,0,0,1
2367774,Niakhaté,Moussa Niakhaté,Defender,NFO,4.5,90,0,0,0,3,0,0,0,0,1
2367774,Yates,Ryan Yates,Midfielder,NFO,5.0,73,0,0,0,3,0,0,0,0,2
2367774,Hudson-Odoi,Callum Hudson-Odoi,Midfielder,NFO,6.0,90,1,0,0,3,0,0,0,2,9
2367774,Awoniyi,Taiwo Awoniyi,Forward,NFO,5.5,67,0,0,0,3,0,0,0,0,2
2367774,Williams (Neco),Neco Williams,Defender,NFO,5.0,90,0,0,0,3,0,0,0,0,1
2367774,Gibbs-White,Morgan Gibbs-White,Midfielder,NFO,7.5,90,0,1,0,3,0,1,0,0,4
2367774,Nicolás Domínguez,Nicolás Domínguez,Midfielder,NFO,5.0,78,0,1,0,3,0,0,0,1,6
2367774,Reyna,Giovanni Reyna,Midfielder,NFO,4.6,24,0,0,0,0,0,0,0,0,1
2367774,Nuno Tavares,Nuno Tavares,Defender,NFO,4.0,90,0,0,0,3,0,0,0,0,1
2367774,Elanga,Anthony Elanga,Midfielder,NFO,7.0,90,1,0,0,3,0,0,0,0,7
2367774,Danilo,Danilo dos Santos de Oliveira,Midfielder,NFO,4.7,19,0,0,0,0,0,0,0,0,1
2367774,Murillo,Murillo Santiago Costa dos Santos,Defender,NFO,5.5,90,0,0,0,3,0,0,0,0,1
2367775,Lallana,Adam Lallana,Midfielder,BHA,5.0,57,0,0,0,0,0,0,0,0,1
2367775,Steele,Jason Steele,Goalkeeper,BHA,4.5,90,0,0,0,2,0,0,0,0,2
2367775,Welbeck,Danny Welbeck,Forward,BHA,6.5,83,0,1,0,1,0,0,0,0,5
2367775,Groß,Pascal Groß,Midfielder,BHA,6.5,90,1,0,0,2,0,0,0,3,10
2367775,Dunk,Lewis Dunk,Defender,BHA,4.5,90,0,0,0,2,0,1,0,0,0
2367775,Veltman,Joël Veltman,Defender,BHA,4.5,15,0,0,0,1,0,0,0,0,1
2367775,Estupiñán,Pervis Estupiñán,Defender,BHA,4.5,90,0,0,0,2,0,1,0,0,0
2367775,Lamptey,Tariq Lamptey,Defender,BHA,4.5,90,0,0,0,1,0,0,0,0,2
2367775,Gilmour,Billy Gilmour,Midfielder,BHA,5.0,90,0,0,0,1,0,0,0,0,2
2367775,Mitoma,Kaoru Mitoma,Midfielder,BHA,6.5,90,0,0,0,2,0,0,0,0,2
2367775,Ansu Fati,Anssumane Fati,Midfielder,BHA,6.4,41,0,0,0,2,0,0,0,0,1
2367775,van Hecke,Jan-Paul van Hecke,Defender,BHA,4.5,90,0,0,0,2,0,0,0,0,1
2367775,Baker-Boaitey,Benicio Baker-Boaitey,Midfielder,BHA,4.5,7,0,0,0,1,0,0,0,0,1
2367775,Ferguson (Evan),Evan Ferguson,Forward,BHA,5.5,15,0,0,0,1,0,0,0,0,1
2367775,Baleba,Carlos Baleba,Midfielder,BHA,5.0,8,0,0,0,1,0,0,0,0,1
2367775,Buonanotte,Facundo Buonanotte,Midfielder,BHA,5.0,82,0,0,0,1,0,1,0,0,1
2367775,Son,Heung-Min Son,Midfielder,TOT,8.5,36,0,1,0,0,0,0,0,0,4
2367775,Davies (Ben),Ben Davies,Defender,TOT,4.5,18,0,0,0,0,0,0,0,0,1
2367775,Højbjerg,Pierre-Emile Højbjerg,Midfielder,TOT,5.0,18,0,0,0,0,0,0,0,0,1
2367775,Werner,Timo Werner,Forward,TOT,6.2,62,0,0,0,1,0,0,0,0,2
2367775,Maddison,James Maddison,Midfielder,TOT,7.0,90,0,0,0,1,0,1,0,0,1
2367775,Vicario,Guglielmo Vicario,Goalkeeper,TOT,5.0,90,0,0,0,1,0,0,0,0,2
2367775,Bentancur,Rodrigo Bentancur,Midfielder,TOT,5.5,62,0,0,0,1,0,0,0,0,2
2367775,Richarlison,Richarlison de Andrade,Midfielder,TOT,6.5,90,0,0,0,1,0,0,0,0,2
2367775,Romero,Cristian Romero,Defender,TOT,5.0,90,0,0,0,1,0,0,0,0,2
2367775,Bissouma,Yves Bissouma,Midfielder,TOT,5.5,36,0,0,0,0,0,0,0,0,1
2367775,Johnson (Brennan),Brennan Johnson,Midfielder,TOT,7.0,36,1,0,0,0,0,0,0,1,7
2367775,Porro,Pedro Porro,Defender,TOT,5.5,90,0,0,0,1,0,0,0,0,2
2367775,Kulusevski,Dejan Kulusevski,Midfielder,TOT,6.5,62,0,0,0,1,0,0,0,0,2
2367775,Sarr (Pape),Pape Sarr,Midfielder,TOT,5.0,79,1,0,0,1,0,1,0,2,8
2367775,Destiny Udogie,Iyenoma Destiny Udogie,Defender,TOT,4.5,79,0,0,0,1,0,0,0,0,2
2367775,van de Ven,Micky van de Ven,Defender,TOT,4.5,90,0,0,0,1,0,0,0,0,2
2367776,Cedric,Cedric Ricardo Alves Soares,Defender,ARS,3.8,16,0,0,0,0,0,0,0,0,1
2367776,Trossard,Leandro Trossard,Midfielder,ARS,7.0,66,1,0,1,0,0,0,0,0,8
2367776,Elneny,Mohamed Elneny,Midfielder,ARS,4.4,27,0,0,0,0,0,0,0,0,1
2367776,Raya Martin,David Raya Martin,Goalkeeper,ARS,5.5,90,0,0,1,0,0,0,0,0,6
2367776,Odegaard,Martin Odegaard,Midfielder,ARS,8.0,90,0,2,1,0,0,0,0,1,10
2367776,White (Ben),Ben White,Defender,ARS,5.5,77,0,1,1,0,0,0,0,0,9
2367776,Nelson (Reiss),Reiss Nelson,Midfielder,ARS,5.0,27,0,0,0,0,0,0,0,0,1
2367776,Rice,Declan Rice,Midfielder,ARS,6.5,66,1,2,1,0,0,0,0,3,17
2367776,Eddie Nketiah,Edward Nketiah,Forward,ARS,5.5,26,0,0,0,0,0,0,0,0,1
2367776,Havertz,Kai Havertz,Midfielder,ARS,7.5,90,0,0,1,0,0,0,0,0,3
2367776,Saka,Bukayo Saka,Midfielder,ARS,10.0,66,2,0,1,0,0,0,0,2,15
2367776,Gabriel Magalhães,Gabriel dos Santos Magalhães,Defender,ARS,6.0,90,1,0,1,0,0,0,0,0,12
2367776,Kiwior,Jakub Kiwior,Defender,ARS,5.5,90,0,0,1,0,0,0,0,0,6
2367776,Martinelli,Gabriel Teodoro Martinelli Silva,Midfielder,ARS,7.0,77,0,0,1,0,0,0,0,0,3
2367776,Saliba,William Saliba,Defender,ARS,6.0,90,1,0,1,0,0,0,0,0,12
2367776,Nwaneri,Ethan Nwaneri,Midfielder,ARS,5.5,16,0,0,0,0,0,0,0,0,1
2367776,Cresswell,Aaron Cresswell,Defender,WHU,3.9,17,0,0,0,0,0,0,0,0,1
2367776,Areola,Alphonse Areola,Goalkeeper,WHU,4.5,90,0,0,0,6,0,1,0,0,0
2367776,Ward-Prowse,James Ward-Prowse,Midfielder,WHU,6.0,90,0,0,0,6,0,0,0,0,2
2367776,Zouma,Kurt Zouma,Defender,WHU,4.4,45,0,0,0,4,0,0,0,0,0
2367776,Emerson,Emerson Palmieri dos Santos,Defender,WHU,4.5,75,0,0,0,6,0,0,0,0,0
2367776,Phillips (Kalvin),Kalvin Phillips,Midfielder,WHU,5.0,45,0,0,0,2,0,1,0,0,0
2367776,Coufal,Vladimir Coufal,Defender,WHU,4.1,90,0,0,0,6,0,0,0,0,0
2367776,Bowen,Jarrod Bowen,Midfielder,WHU,8.0,90,0,0,0,6,0,0,0,0,2
2367776,Aguerd,Nayef Aguerd,Defender,WHU,4.5,90,0,0,0,6,0,0,0,0,0
2367776,Álvarez (Edson),Edson Álvarez,Midfielder,WHU,5.0,45,0,0,0,4,0,1,0,0,0
2367776,Soucek,Tomas Soucek,Midfielder,WHU,6.0,90,0,0,0,6,0,0,0,0,2
2367776,Johnson (Ben),Ben Johnson,Defender,WHU,3.8,90,0,0,0,6,0,0,0,0,0
2367776,Mavropanos,Konstantinos Mavropanos,Defender,WHU,4.5,45,0,0,0,2,0,0,0,0,0
2367776,Kudus,Mohammed Kudus,Midfielder,WHU,6.5,90,0,0,0,6,0,1,0,0,1
2367777,Mee (Ben),Ben Mee,Defender,BRE,4.2,90,0,0,1,0,0,0,0,0,6
2367777,Maupay,Neal Maupay,Forward,BRE,4.9,75,0,0,1,0,0,0,0,0,2
2367777,Flekken,Mark Flekken,Goalkeeper,BRE,4.5,90,0,0,1,0,0,1,0,1,7
2367777,Norgaard,Christian Norgaard,Midfielder,BRE,5.5,83,1,0,1,0,0,0,0,1,9
2367777,Toney,Ivan Toney,Forward,BRE,7.3,90,1,0,1,0,0,0,0,0,6
2367777,Ajer,Kristoffer Ajer,Defender,BRE,4.5,12,0,0,0,0,0,0,0,0,1
2367777,Reguilón,Sergio Reguilón,Defender,BRE,4.1,90,0,1,1,0,0,0,0,3,12
2367777,Janelt,Vitaly Janelt,Midfielder,BRE,5.0,83,0,1,1,0,0,1,0,0,5
2367777,Jensen,Mathias Jensen,Midfielder,BRE,5.0,68,0,0,1,0,0,1,0,0,2
2367777,Roerslev,Mads Roerslev,Defender,BRE,4.5,90,0,0,1,0,0,0,0,0,6
2367777,Pinnock,Ethan Pinnock,Defender,BRE,4.5,90,0,0,1,0,0,0,0,0,6
2367777,Lewis-Potter,Keane Lewis-Potter,Midfielder,BRE,5.0,20,0,0,0,0,0,0,0,0,1
2367777,Baptiste (Shandon),Shandon Baptiste,Midfielder,BRE,4.3,12,0,0,0,0,0,0,0,0,1
2367777,Collins,Nathan Collins,Defender,BRE,5.0,90,0,0,1,0,0,0,0,2,8
2367777,Yarmolyuk,Ehor Yarmolyuk,Midfielder,BRE,5.0,28,0,0,0,0,0,0,0,0,1
2367777,Dawson,Craig Dawson,Defender,WOL,4.2,90,0,0,0,2,0,0,0,0,1
2367777,Doherty,Matt Doherty,Defender,WOL,4.5,14,0,0,0,0,0,0,0,0,1
2367777,Sarabia,Pablo Sarabia,Midfielder,WOL,5.0,90,0,0,0,2,0,0,0,0,2
2367777,José Sá,José Pedro Malheiro de Sá,Goalkeeper,WOL,4.5,90,0,0,0,2,0,0,0,0,2
2367777,Lemina (Mario),Mario Lemina,Midfielder,WOL,4.8,90,0,0,0,2,0,1,0,0,1
2367777,Semedo,Nelson Semedo,Defender,WOL,4.5,81,0,0,0,2,0,0,0,0,1
2367777,Kilman,Max Kilman,Defender,WOL,4.5,90,0,0,0,2,0,0,0,0,1
2367777,Doyle,Tommy Doyle,Midfielder,WOL,4.7,34,0,0,0,1,0,0,0,0,1
2367777,Bellegarde,Jean-Ricner Bellegarde,Midfielder,WOL,5.5,73,0,0,0,2,0,0,0,0,2
2367777,Neto,Pedro Neto,Midfielder,WOL,7.0,90,0,0,0,2,0,0,0,0,2
2367777,Matheus Cunha,Matheus Santos Carneiro Da Cunha,Forward,WOL,8.0,19,0,0,0,0,0,0,0,0,1
2367777,João Gomes,João Victor Gomes da Silva,Midfielder,WOL,5.5,61,0,0,0,1,0,0,0,0,2
2367777,Ait Nouri,Rayan Ait Nouri,Defender,WOL,6.0,90,0,0,0,2,0,0,0,0,1
2367777,Toti,Toti António Gomes,Defender,WOL,4.5,45,0,0,0,1,0,0,0,0,1
2367777,Fraser (Nathan),Nathan Fraser,Forward,WOL,4.5,45,0,0,0,1,0,1,0,0,0
2367778,Mee (Ben),Ben Mee,Defender,BRE,4.2,90,0,0,0,4,0,0,0,0,0
2367778,Maupay,Neal Maupay,Forward,BRE,4.9,61,0,0,0,2,0,0,0,0,2
2367778,Flekken,Mark Flekken,Goalkeeper,BRE,4.5,90,0,0,0,4,0,0,0,0,1
2367778,Norgaard,Christian Norgaard,Midfielder,BRE,5.5,61,0,0,0,2,0,0,0,0,2
2367778,Toney,Ivan Toney,Forward,BRE,7.3,90,1,0,0,4,0,0,0,0,6
2367778,Ajer,Kristoffer Ajer,Defender,BRE,4.5,90,0,0,0,4,0,0,0,0,0
2367778,Reguilón,Sergio Reguilón,Defender,BRE,4.1,83,0,1,0,3,0,1,0,0,3
2367778,Janelt,Vitaly Janelt,Midfielder,BRE,5.0,90,0,0,0,4,0,0,0,0,2
2367778,Ghoddos,Saman Ghoddos,Midfielder,BRE,4.5,12,0,0,0,1,0,0,0,0,1
2367778,Jensen,Mathias Jensen,Midfielder,BRE,5.0,72,0,0,0,3,0,0,0,0,2
2367778,Wissa,Yoane Wissa,Forward,BRE,7.5,35,0,0,0,2,0,0,0,0,1
2367778,Roerslev,Mads Roerslev,Defender,BRE,4.5,61,0,0,0,2,0,0,0,0,1
2367778,Lewis-Potter,Keane Lewis-Potter,Midfielder,BRE,5.0,34,0,0,0,2,0,0,0,0,1
2367778,Onyeka,Frank Onyeka,Midfielder,BRE,5.0,35,0,0,0,2,0,1,0,0,0
2367778,Collins,Nathan Collins,Defender,BRE,5.0,90,0,0,0,4,0,0,0,0,0
2367778,Damsgaard,Mikkel Damsgaard,Midfielder,BRE,6.0,24,0,0,0,1,0,0,0,0,1
2367778,van Dijk,Virgil van Dijk,Defender,LIV,6.0,90,0,0,0,1,0,0,0,0,2
2367778,Salah,Mohamed Salah,Midfielder,LIV,14.5,54,1,1,0,1,0,0,0,2,11
2367778,Robertson (Andrew),Andrew Robertson,Defender,LIV,6.0,90,0,0,0,1,0,0,0,0,2
2367778,Endo,Wataru Endo,Midfielder,LIV,5.0,90,0,0,0,1,0,1,0,0,1
2367778,Gomez,Joseph Gomez,Defender,LIV,5.0,14,0,0,0,0,0,0,0,0,1
2367778,Diogo Jota,Diogo José Teixeira da Silva,Midfielder,LIV,7.2,38,0,1,0,0,0,0,0,0,4
2367778,Kelleher,Caoimhin Kelleher,Goalkeeper,LIV,4.5,90,0,0,0,1,0,0,0,0,3
2367778,Konaté,Ibrahima Konaté,Defender,LIV,5.5,90,0,0,0,1,0,0,0,0,2
2367778,Jones (Curtis),Curtis Jones,Midfielder,LIV,5.5,31,0,0,0,0,0,0,0,0,1
2367778,Mac Allister,Alexis Mac Allister,Midfielder,LIV,6.5,81,1,0,0,1,0,0,0,1,8
2367778,Gakpo,Cody Gakpo,Forward,LIV,7.5,45,1,1,0,1,0,0,0,3,11
2367778,Díaz,Luis Díaz,Midfielder,LIV,8.0,90,0,1,0,1,0,0,0,0,5
2367778,Gravenberch,Ryan Gravenberch,Midfielder,LIV,5.5,61,0,0,0,1,0,0,0,0,1
2367778,Elliott,Harvey Elliott,Midfielder,LIV,5.5,14,0,0,0,0,0,0,0,0,1
2367778,Núñez,Darwin Núñez,Forward,LIV,6.5,45,1,0,0,0,0,0,0,0,5
2367778,Bradley,Conor Bradley,Defender,LIV,5.0,81,0,0,0,1,0,0,0,0,2
2367779,Cedric,Cedric Ricardo Alves Soares,Defender,ARS,3.8,32,0,0,0,0,0,0,0,0,1
2367779,Jorginho,Jorge Luiz Frello Filho,Midfielder,ARS,4.6,22,0,0,0,0,0,0,0,0,1
2367779,Trossard,Leandro Trossard,Midfielder,ARS,7.0,62,1,1,1,0,0,0,0,0,11
2367779,Raya Martin,David Raya Martin,Goalkeeper,ARS,5.5,90,0,0,1,0,0,0,0,0,6
2367779,Odegaard,Martin Odegaard,Midfielder,ARS,8.0,90,1,1,1,0,0,0,0,3,14
2367779,White (Ben),Ben White,Defender,ARS,5.5,63,0,0,1,0,0,0,0,0,6
2367779,Nelson (Reiss),Reiss Nelson,Midfielder,ARS,5.0,31,0,0,0,0,0,0,0,0,1
2367779,Rice,Declan Rice,Midfielder,ARS,6.5,73,0,0,1,0,0,0,0,0,3
2367779,Eddie Nketiah,Edward Nketiah,Forward,ARS,5.5,32,0,0,0,0,0,0,0,0,1
2367779,Smith-Rowe,Emile Smith-Rowe,Midfielder,ARS,6.0,17,0,0,0,0,0,0,0,0,1
2367779,Havertz,Kai Havertz,Midfielder,ARS,7.5,77,1,1,1,0,0,0,0,1,12
2367779,Saka,Bukayo Saka,Midfielder,ARS,10.0,63,2,0,1,0,0,1,0,3,15
2367779,Gabriel Magalhães,Gabriel dos Santos Magalhães,Defender,ARS,6.0,90,0,0,1,0,0,0,0,0,6
2367779,Kiwior,Jakub Kiwior,Defender,ARS,5.5,90,0,1,1,0,0,0,0,0,9
2367779,Martinelli,Gabriel Teodoro Martinelli Silva,Midfielder,ARS,7.0,90,0,0,1,0,0,0,0,0,3
2367779,Saliba,William Saliba,Defender,ARS,6.0,90,0,0,1,0,0,0,0,0,6
2367779,Rodriguez,Jay Rodriguez,Forward,BUR,5.3,38,0,0,0,2,0,0,0,0,1
2367779,Gudmundsson,Johann Berg Gudmundsson,Midfielder,BUR,4.8,45,0,0,0,3,0,0,0,0,1
2367779,Taylor (Charlie),Charlie Taylor,Defender,BUR,3.9,38,0,0,0,2,0,0,0,0,0
2367779,Brownhill,Josh Brownhill,Midfielder,BUR,4.7,90,0,0,0,5,0,0,0,0,2
2367779,Bruun Larsen,Jacob Bruun Larsen,Midfielder,BUR,5.5,21,0,0,0,0,0,0,0,0,1
2367779,Berge,Sander Berge,Midfielder,BUR,5.0,90,0,0,0,5,0,0,0,0,2
2367779,O'Shea,Dara O'Shea,Defender,BUR,3.8,90,0,0,0,5,0,0,0,0,0
2367779,Delcroix,Hannes Delcroix,Defender,BUR,4.0,90,0,0,0,5,0,0,0,0,0
2367779,Trafford,James Trafford,Goalkeeper,BUR,5.0,90,0,0,0,5,0,0,0,0,0
2367779,Vitinho,Victor Alexander da Silva,Defender,BUR,4.4,21,0,0,0,0,0,0,0,0,1
2367779,Ramsey (Aaron),Aaron Ramsey,Midfielder,BUR,4.5,56,0,0,0,3,0,1,0,0,1
2367779,Esteve,Maxime Esteve,Defender,BUR,4.0,56,0,0,0,3,0,0,0,0,1
2367779,Amdouni,Zeki Amdouni,Forward,BUR,5.0,45,0,0,0,2,0,0,0,0,1
2367779,Assignon,Lorenz Assignon,Defender,BUR,4.0,73,0,0,0,5,0,1,0,0,0
2367779,Fofana (David Datro),David Datro Fofana,Forward,BUR,5.4,90,0,0,0,5,0,0,0,0,2
2367779,Odobert,Wilson Odobert,Midfielder,BUR,5.5,73,0,0,0,5,0,0,0,0,2
2367780,Ward,Joel Ward,Defender,CRY,4.3,90,0,0,0,1,0,0,0,0,2
2367780,Ayew (Jordan),Jordan Ayew,Midfielder,CRY,5.1,90,1,0,0,1,0,1,0,0,6
2367780,Johnstone,Sam Johnstone,Goalkeeper,CRY,4.5,90,0,0,0,1,0,0,0,0,3
2367780,Lerma,Jefferson Lerma,Midfielder,CRY,5.0,90,0,0,0,1,0,1,0,0,1
2367780,Andersen (Joachim),Joachim Andersen,Defender,CRY,4.5,90,0,0,0,1,0,0,0,0,2
2367780,Edouard,Odsonne Edouard,Forward,CRY,5.0,71,0,0,1,0,0,0,0,0,2
2367780,Mateta,Jean-Philippe Mateta,Forward,CRY,7.5,90,0,1,0,1,0,0,0,0,5
2367780,Mitchell,Tyrick Mitchell,Defender,CRY,5.0,90,0,0,0,1,0,0,0,0,2
2367780,Muñoz,Daniel Muñoz,Defender,CRY,5.5,90,0,0,0,1,0,0,0,0,2
2367780,Richards (Chris),Chris Richards,Defender,CRY,4.5,90,0,0,0,1,0,0,0,0,2
2367780,Ahamada,Naouirou Ahamada,Midfielder,CRY,4.5,23,0,0,0,1,0,0,0,0,1
2367780,Wharton,Adam Wharton,Midfielder,CRY,5.0,86,0,0,0,1,0,0,0,1,3
2367780,Ozoh,David Ozoh,Midfielder,CRY,4.5,9,0,0,0,0,0,0,0,0,1
2367780,Tarkowski,James Tarkowski,Defender,EVE,5.5,90,0,0,0,1,0,0,0,0,2
2367780,Young (Ashley),Ashley Young,Defender,EVE,4.2,65,0,0,1,0,0,0,0,0,6
2367780,Gueye,Idrissa Gueye,Midfielder,EVE,5.5,65,0,0,1,0,0,0,0,0,3
2367780,Pickford,Jordan Pickford,Goalkeeper,EVE,5.5,90,0,0,0,1,0,0,0,1,3
2367780,Doucouré,Abdoulaye Doucouré,Midfielder,EVE,5.1,71,0,0,0,1,0,0,0,0,2
2367780,Calvert-Lewin,Dominic Calvert-Lewin,Forward,EVE,5.4,90,0,0,0,1,0,0,0,0,2
2367780,Godfrey,Ben Godfrey,Defender,EVE,4.0,90,0,0,0,1,0,0,0,0,2
2367780,Harrison (Jack),Jack Harrison,Midfielder,EVE,5.5,29,0,0,0,1,0,0,0,0,1
2367780,Mykolenko,Vitaliy Mykolenko,Defender,EVE,5.0,90,0,0,0,1,0,0,0,0,2
2367780,Garner,James Garner,Midfielder,EVE,5.0,90,0,0,0,1,0,0,0,1,3
2367780,McNeil,Dwight McNeil,Midfielder,EVE,6.0,90,0,1,0,1,0,0,0,3,8
2367780,Mvom Onana,Amadou Mvom Onana,Midfielder,EVE,5.0,29,1,0,0,1,0,0,0,2,8
2367780,Branthwaite,Jarrad Branthwaite,Defender,EVE,5.5,90,0,0,0,1,0,0,0,0,2
2367780,Beto,Norberto Bercique Gomes Betuncal,Forward,EVE,5.5,23,0,0,0,0,0,0,0,0,1
2367781,Martinez,Emiliano Martinez,Goalkeeper,AVL,5.0,90,0,0,0,1,0,0,0,0,3
2367781,Digne,Lucas Digne,Defender,AVL,4.5,15,0,0,0,0,0,0,0,0,1
2367781,Álex Moreno,Alexandre Moreno Lopera,Defender,AVL,4.0,81,0,0,0,1,0,1,0,0,1
2367781,McGinn,John McGinn,Midfielder,AVL,5.5,90,0,0,0,1,0,1,0,0,1
2367781,Tielemans,Youri Tielemans,Midfielder,AVL,6.0,90,0,1,0,1,0,0,0,0,5
2367781,Lenglet,Clément Lenglet,Defender,AVL,4.5,90,0,0,0,1,0,0,0,0,2
2367781,Watkins,Ollie Watkins,Forward,AVL,9.0,90,2,0,0,1,0,0,0,3,13
2367781,Cash,Matthew Cash,Defender,AVL,4.5,90,0,0,0,1,0,0,0,0,2
2367781,Bailey,Leon Bailey,Midfielder,AVL,5.5,80,0,0,0,1,0,0,0,0,2
2367781,Douglas Luiz,Douglas Luiz Soares de Paulo,Midfielder,AVL,5.4,90,0,0,0,1,0,0,0,0,2
2367781,Ramsey (Jacob),Jacob Ramsey,Midfielder,AVL,5.5,90,0,0,0,1,0,0,0,0,2
2367781,Diaby,Moussa Diaby,Midfielder,AVL,6.5,15,0,0,0,0,0,0,0,0,1
2367781,Torres,Pau Torres,Defender,AVL,4.5,90,0,0,0,1,0,0,0,0,2
2367781,Iroegbunam,Tim Iroegbunam,Midfielder,AVL,5.0,2,0,0,0,0,0,0,0,0,1
2367781,Willian,Willian Borges Da Silva,Midfielder,FUL,5.0,45,0,0,0,1,0,0,0,0,1
2367781,Cairney,Tom Cairney,Midfielder,FUL,5.0,90,0,0,0,2,0,0,0,0,2
2367781,Leno,Bernd Leno,Goalkeeper,FUL,5.0,90,0,0,0,2,0,0,0,0,1
2367781,Ream,Tim Ream,Defender,FUL,4.5,75,0,0,0,2,0,0,0,0,1
2367781,DeCordova-Reid,Bobby DeCordova-Reid,Midfielder,FUL,5.2,63,0,0,0,2,0,0,0,0,2
2367781,Iwobi,Alex Iwobi,Midfielder,FUL,6.5,45,0,0,0,1,0,0,0,0,1
2367781,Wilson (Harry),Harry Wilson,Midfielder,FUL,5.5,32,0,0,0,0,0,1,0,0,0
2367781,João Palhinha,João Maria Lobo Alves Palhinha Gonçalves,Midfielder,FUL,5.9,88,0,0,0,2,0,1,0,0,1
2367781,Pereira (Andreas),Andreas Pereira,Midfielder,FUL,5.5,75,0,0,0,2,0,0,0,0,2
2367781,Traoré (Adama),Adama Traoré,Midfielder,FUL,5.5,21,0,0,0,0,0,1,0,0,0
2367781,Castagne,Timothy Castagne,Defender,FUL,4.5,90,0,0,0,2,0,1,0,0,0
2367781,Robinson (Antonee),Antonee Robinson,Defender,FUL,5.0,90,0,1,0,2,0,0,0,1,5
2367781,Lukic,Sasa Lukic,Midfielder,FUL,5.0,7,0,0,0,0,0,1,0,0,0
2367781,Diop,Issa Diop,Defender,FUL,4.5,90,0,0,0,2,0,0,0,0,1
2367781,Bassey,Calvin Bassey,Defender,FUL,4.5,20,0,0,0,0,0,0,0,0,1
2367781,Rodrigo Muniz,Rodrigo Muniz Carvalho,Forward,FUL,5.5,90,1,0,0,2,0,0,0,2,8
2367782,Kaminski,Thomas Kaminski,Goalkeeper,LUT,4.0,90,0,0,0,2,0,0,0,1,4
2367782,Townsend,Andros Townsend,Midfielder,LUT,5.0,27,0,0,0,0,0,1,0,0,0
2367782,Berry,Luke Berry,Midfielder,LUT,4.6,13,0,0,0,0,0,0,0,0,1
2367782,Barkley,Ross Barkley,Midfielder,LUT,5.0,90,0,0,0,2,0,0,0,0,2
2367782,Woodrow,Cauley Woodrow,Forward,LUT,4.3,67,0,0,0,2,0,1,0,0,1
2367782,Clark (Jordan),Jordan Clark,Midfielder,LUT,4.8,27,0,0,0,0,0,0,0,0,1
2367782,Morris,Carlton Morris,Forward,LUT,4.7,90,1,0,0,2,0,0,0,2,8
2367782,Bell,Amarii Bell,Defender,LUT,3.8,90,0,0,0,2,0,0,0,0,1
2367782,Osho,Gabriel Osho,Defender,LUT,4.4,90,0,0,0,2,0,1,0,0,0
2367782,Chong,Tahith Chong,Midfielder,LUT,4.4,67,0,1,0,2,0,0,0,0,5
2367782,Ogbene,Chiedozie Ogbene,Forward,LUT,4.8,90,0,0,0,2,0,0,0,0,2
2367782,Doughty,Alfie Doughty,Defender,LUT,4.3,81,0,0,0,2,0,0,0,0,1
2367782,Mengi,Teden Mengi,Defender,LUT,3.9,90,0,0,0,2,0,0,0,0,1
2367782,Sambi Lokonga,Albert Sambi Lokonga,Midfielder,LUT,4.5,90,0,0,0,2,0,0,0,0,2
2367782,Evans,Jonny Evans,Defender,MUN,4.4,45,0,0,0,0,0,0,0,0,1
2367782,Casemiro,Carlos Henrique Jose Francisco Venancio,Midfielder,MUN,5.5,45,0,0,0,1,0,1,0,0,0
2367782,Varane,Raphael Varane,Defender,MUN,4.9,90,0,0,0,1,0,0,0,0,2
2367782,Maguire,Harry Maguire,Defender,MUN,4.5,45,0,0,0,1,0,1,0,0,0
2367782,Shaw,Luke Shaw,Defender,MUN,4.5,45,0,0,0,1,0,1,0,0,0
2367782,Bruno Fernandes,Bruno Miguel Borges Fernandes,Midfielder,MUN,9.0,90,0,0,0,1,0,0,0,0,2
2367782,Amrabat,Sofyan Amrabat,Midfielder,MUN,5.0,9,0,0,0,0,0,0,0,0,1
2367782,Rashford,Marcus Rashford,Midfielder,MUN,7.0,90,0,0,0,1,0,0,0,0,2
2367782,Lindelof,Victor Nilsson-Lindelof,Defender,MUN,4.3,48,0,0,0,0,0,1,0,0,0
2367782,McTominay,Scott McTominay,Midfielder,MUN,4.9,45,0,0,0,0,0,0,0,0,1
2367782,Onana,André Onana,Goalkeeper,MUN,5.0,90,0,0,0,1,0,0,0,0,3
2367782,Dalot,José Diogo Dalot Teixeira,Defender,MUN,4.5,90,0,0,0,1,0,0,0,0,2
2367782,Garnacho,Alejandro Garnacho Ferreyra,Midfielder,MUN,6.5,90,0,1,0,1,0,0,0,0,5
2367782,Højlund,Rasmus Højlund,Forward,MUN,6.5,85,2,0,0,1,0,0,0,3,13
2367782,Mainoo,Kobbie Mainoo,Midfielder,MUN,5.0,90,0,0,0,1,0,1,0,0,1
2367783,Sterling (Raheem),Raheem Sterling,Midfielder,CHE,6.7,64,1,0,1,0,0,0,0,0,8
2367783,Chilwell,Benjamin Chilwell,Defender,CHE,4.6,90,0,0,0,1,0,0,0,0,2
2367783,Chalobah,Trevoh Chalobah,Defender,CHE,5.0,25,0,0,0,1,0,0,0,0,1
2367783,Nkunku,Christopher Nkunku,Forward,CHE,6.0,32,0,0,0,1,0,0,0,0,1
2367783,Disasi,Axel Disasi,Defender,CHE,4.2,90,0,0,0,1,0,0,0,0,2
2367783,Gallagher,Conor Gallagher,Midfielder,CHE,5.9,90,0,0,0,1,0,0,0,0,2
2367783,Palmer,Cole Palmer,Midfielder,CHE,10.5,71,0,0,1,0,0,1,0,0,2
2367783,Fernández (Enzo),Enzo Fernández,Midfielder,CHE,6.5,90,0,0,0,1,0,0,0,0,2
2367783,Petrovic,Dorde Petrovic,Goalkeeper,CHE,4.5,90,0,0,0,1,0,1,0,0,2
2367783,Colwill,Levi Colwill,Defender,CHE,5.0,90,0,0,0,1,0,0,0,0,2
2367783,Gusto,Malo Gusto,Defender,CHE,5.0,90,0,0,0,1,0,0,0,0,2
2367783,Moises Caicedo,Moises Caicedo,Midfielder,CHE,5.5,90,0,0,0,1,0,1,0,0,1
2367783,Casadei,Cesare Casadei,Midfielder,CHE,4.4,14,0,0,0,1,0,0,0,0,1
2367783,Jackson (Nicolas),Nicolas Jackson,Forward,CHE,6.5,81,0,1,1,0,0,0,0,0,5
2367783,Walker,Kyle Walker,Defender,MCI,4.5,90,0,1,0,1,0,0,0,2,7
2367783,De Bruyne,Kevin De Bruyne,Midfielder,MCI,9.5,90,0,0,0,1,0,0,0,0,2
2367783,Ederson,Ederson Santana de Moraes,Goalkeeper,MCI,5.5,90,0,0,0,1,0,0,0,2,5
2367783,Aké,Nathan Aké,Defender,MCI,5.5,90,0,0,0,1,0,0,0,0,2
2367783,Bernardo Silva,Bernardo Mota Veiga de Carvalho e Silva,Midfielder,MCI,6.5,32,0,0,0,0,0,1,0,0,0
2367783,Rúben Dias,Rúben Santos Gato Alves Dias,Defender,MCI,5.5,90,0,0,0,1,0,0,0,0,2
2367783,Foden,Phil Foden,Midfielder,MCI,8.0,90,0,0,0,1,0,0,0,0,2
2367783,Akanji,Manuel Akanji,Defender,MCI,5.5,90,0,0,0,1,0,0,0,0,2
2367783,Rodri,Rodrigo Hernández Cascante,Midfielder,MCI,6.5,90,1,0,0,1,0,0,0,3,10
2367783,Haaland,Erling Haaland,Forward,MCI,14.0,90,0,0,0,1,0,0,0,0,2
2367783,Doku,Jéremy Doku,Midfielder,MCI,6.5,90,0,0,0,1,0,0,0,0,2
2367783,Álvarez (Julián),Julián Álvarez,Forward,MCI,7.0,64,0,0,0,1,0,0,0,0,2
2367784,Smith (Adam),Adam Smith,Defender,BOU,4.5,90,0,0,0,2,0,0,0,0,1
2367784,Neto,Norberto Murara Neto,Goalkeeper,BOU,4.5,90,0,0,0,2,0,0,0,0,2
2367784,Solanke,Dominic Solanke,Forward,BOU,7.5,90,1,1,0,2,0,0,0,3,12
2367784,Cook (Lewis),Lewis Cook,Midfielder,BOU,5.0,90,0,0,0,2,0,0,0,0,2
2367784,Christie,Ryan Christie,Midfielder,BOU,5.0,88,0,0,0,2,0,1,0,0,1
2367784,Unal,Enes Unal,Forward,BOU,5.5,7,0,0,0,0,0,0,0,0,1
2367784,Tavernier,Marcus Tavernier,Midfielder,BOU,5.5,90,0,0,0,2,0,0,0,0,2
2367784,Senesi,Marcos Senesi,Defender,BOU,4.5,90,0,0,0,2,0,1,0,0,0
2367784,Kluivert,Justin Kluivert,Midfielder,BOU,7.0,66,0,0,0,1,0,0,0,0,2
2367784,Kelly (Lloyd),Lloyd Kelly,Defender,BOU,4.2,90,0,0,0,2,0,0,0,0,1
2367784,Semenyo,Antoine Semenyo,Forward,BOU,7.0,74,1,0,0,1,0,0,0,2,8
2367784,Zabarnyi,Illia Zabarnyi,Defender,BOU,5.0,90,0,0,0,2,0,1,0,0,0
2367784,Scott,Alex Scott,Midfielder,BOU,5.0,29,0,0,0,1,0,0,0,0,1
2367784,Dango Ouattara,Dango Ouattara,Midfielder,BOU,6.0,22,0,0,0,1,0,0,0,0,1
2367784,Ritchie,Matt Ritchie,Midfielder,NEW,4.3,10,1,0,0,0,0,0,0,0,6
2367784,Dubravka,Martin Dubravka,Goalkeeper,NEW,4.0,90,0,0,0,2,0,0,0,0,2
2367784,Trippier,Kieran Trippier,Defender,NEW,5.0,90,0,0,0,2,0,0,0,0,1
2367784,Burn,Dan Burn,Defender,NEW,5.0,66,0,0,0,2,0,0,0,0,1
2367784,Murphy (Jacob),Jacob Murphy,Midfielder,NEW,6.5,33,0,0,0,1,0,0,0,0,1
2367784,Schär,Fabian Schär,Defender,NEW,5.5,90,0,1,0,2,0,1,0,0,3
2367784,Almirón,Miguel Almirón,Midfielder,NEW,5.4,86,0,0,0,2,0,0,0,0,2
2367784,Longstaff (Sean),Sean Longstaff,Midfielder,NEW,5.0,90,0,0,0,2,0,0,0,0,2
2367784,Barnes (Harvey),Harvey Barnes,Midfielder,NEW,6.5,63,0,0,0,1,0,0,0,0,2
2367784,Bruno Guimarães,Bruno Guimarães Rodriguez Moura,Midfielder,NEW,6.5,90,0,0,0,2,0,0,0,0,2
2367784,Botman,Sven Botman,Defender,NEW,5.0,90,0,0,0,2,0,0,0,0,1
2367784,Gordon (Anthony),Anthony Gordon,Midfielder,NEW,7.5,90,1,0,0,2,0,0,0,1,8
2367784,Livramento,Valentino Livramento,Defender,NEW,5.0,29,0,0,0,0,0,0,0,0,1
2367784,White (Joe),Joe White,Midfielder,NEW,4.5,10,0,0,0,0,0,0,0,0,1
2367784,Miley (Lewis),Lewis Miley,Midfielder,NEW,4.5,86,0,0,0,2,0,0,0,0,2
2367785,Sels,Matz Sels,Goalkeeper,NFO,5.0,90,0,0,1,0,0,0,0,1,8
2367785,Felipe,Felipe Augusto de Almeida Monteiro,Defender,NFO,4.4,90,0,0,1,0,0,0,0,0,6
2367785,Origi,Divock Origi,Forward,NFO,5.0,29,0,0,0,0,0,0,0,0,1
2367785,Yates,Ryan Yates,Midfielder,NFO,5.0,11,0,0,0,0,0,0,0,0,1
2367785,Hudson-Odoi,Callum Hudson-Odoi,Midfielder,NFO,6.0,90,1,0,1,0,0,0,0,3,11
2367785,Awoniyi,Taiwo Awoniyi,Forward,NFO,5.5,66,1,0,1,0,0,1,0,2,7
2367785,Williams (Neco),Neco Williams,Defender,NFO,5.0,90,0,0,1,0,0,1,0,0,5
2367785,Gibbs-White,Morgan Gibbs-White,Midfielder,NFO,7.5,90,0,0,1,0,0,1,0,0,2
2367785,Nicolás Domínguez,Nicolás Domínguez,Midfielder,NFO,5.0,84,0,1,1,0,0,1,0,0,5
2367785,Nuno Tavares,Nuno Tavares,Defender,NFO,4.0,90,0,0,1,0,0,0,0,0,6
2367785,Elanga,Anthony Elanga,Midfielder,NFO,7.0,90,0,1,1,0,0,0,0,0,6
2367785,Omobamidele,Andrew Omobamidele,Defender,NFO,4.2,4,0,0,0,0,0,0,0,0,1
2367785,Danilo,Danilo dos Santos de Oliveira,Midfielder,NFO,4.7,90,0,0,1,0,0,0,0,0,3
2367785,Murillo,Murillo Santiago Costa dos Santos,Defender,NFO,5.5,90,0,0,1,0,0,0,0,0,6
2367785,Antonio,Michail Antonio,Forward,WHU,5.2,75,0,0,0,1,0,1,0,0,1
2367785,Areola,Alphonse Areola,Goalkeeper,WHU,4.5,90,0,0,0,2,0,0,0,0,3
2367785,Ings,Danny Ings,Forward,WHU,4.8,5,0,0,0,1,0,0,0,0,1
2367785,Ward-Prowse,James Ward-Prowse,Midfielder,WHU,6.0,90,0,0,0,2,0,0,0,0,2
2367785,Zouma,Kurt Zouma,Defender,WHU,4.4,90,0,0,0,1,0,1,0,0,1
2367785,Emerson,Emerson Palmieri dos Santos,Defender,WHU,4.5,81,0,0,0,1,0,0,0,0,2
2367785,Cornet,Maxwel Cornet,Midfielder,WHU,5.0,20,0,0,0,1,0,0,0,0,1
2367785,Phillips (Kalvin),Kalvin Phillips,Midfielder,WHU,5.0,71,0,0,0,1,0,0,1,0,0
2367785,Coufal,Vladimir Coufal,Defender,WHU,4.1,75,0,0,0,1,0,1,0,0,1
2367785,Bowen,Jarrod Bowen,Midfielder,WHU,8.0,90,0,0,0,2,0,0,0,0,2
2367785,Aguerd,Nayef Aguerd,Defender,WHU,4.5,90,0,0,0,2,0,0,0,0,1
2367785,Álvarez (Edson),Edson Álvarez,Midfielder,WHU,5.0,90,0,0,0,2,0,0,0,0,2
2367785,Soucek,Tomas Soucek,Midfielder,WHU,6.0,14,0,0,0,1,0,0,0,0,1
2367785,Johnson (Ben),Ben Johnson,Defender,WHU,3.8,20,0,0,0,1,0,0,0,0,1
2367785,Kudus,Mohammed Kudus,Midfielder,WHU,6.5,90,0,0,0,2,0,1,0,0,1
2367786,Welbeck,Danny Welbeck,Forward,BHA,6.5,81,1,0,1,0,0,0,0,0,6
2367786,Groß,Pascal Groß,Midfielder,BHA,6.5,90,0,1,1,0,0,0,0,2,8
2367786,Dunk,Lewis Dunk,Defender,BHA,4.5,90,0,1,1,0,0,0,0,3,12
2367786,Webster,Adam Webster,Defender,BHA,4.5,45,0,0,0,0,0,0,0,0,1
2367786,Estupiñán,Pervis Estupiñán,Defender,BHA,4.5,14,0,0,0,0,0,0,0,0,1
2367786,Igor Julio,Igor Julio dos Santos de Paulo,Defender,BHA,4.5,45,0,0,0,0,0,0,0,0,1
2367786,Lamptey,Tariq Lamptey,Defender,BHA,4.5,45,0,0,0,0,0,1,0,0,0
2367786,Moder,Jakub Moder,Midfielder,BHA,4.4,45,0,0,0,0,0,0,0,0,1
2367786,Gilmour,Billy Gilmour,Midfielder,BHA,5.0,90,0,0,1,0,0,1,0,0,2
2367786,Mitoma,Kaoru Mitoma,Midfielder,BHA,6.5,76,0,2,1,0,0,0,0,0,9
2367786,Ansu Fati,Anssumane Fati,Midfielder,BHA,6.4,19,0,1,0,0,0,0,0,0,4
2367786,van Hecke,Jan-Paul van Hecke,Defender,BHA,4.5,90,0,0,1,0,0,0,0,0,6
2367786,Ferguson (Evan),Evan Ferguson,Forward,BHA,5.5,29,0,0,0,0,0,0,0,0,1
2367786,Verbruggen,Bart Verbruggen,Goalkeeper,BHA,4.5,90,0,0,1,0,0,1,0,0,5
2367786,Adingra,Simon Adingra,Midfielder,BHA,5.5,90,2,0,1,0,0,0,0,2,15
2367786,Buonanotte,Facundo Buonanotte,Midfielder,BHA,5.0,66,1,0,1,0,0,1,0,0,7
2367786,Norwood,Oliver Norwood,Midfielder,SHU,4.8,16,0,0,0,1,0,0,0,0,1
2367786,Foderingham,Wes Foderingham,Goalkeeper,SHU,4.0,90,0,0,0,5,0,0,0,0,2
2367786,Robinson (Jack),Jack Robinson,Defender,SHU,4.3,90,0,0,0,5,1,0,0,0,0
2367786,Osborn,Ben Osborn,Midfielder,SHU,4.8,79,0,0,0,4,0,0,0,0,2
2367786,Davies (Tom),Tom Davies,Midfielder,SHU,5.0,16,0,0,0,1,0,1,0,0,0
2367786,Holgate,Mason Holgate,Defender,SHU,4.0,10,0,0,0,0,0,0,1,0,0
2367786,Brewster,Rhian Brewster,Forward,SHU,4.9,16,0,0,0,1,0,0,0,0,1
2367786,Hamer,Gustavo Hamer,Midfielder,SHU,4.9,79,0,0,0,4,0,0,0,0,2
2367786,Trusty,Auston Trusty,Defender,SHU,3.9,67,0,0,0,3,0,0,0,0,0
2367786,Bogle,Jayden Bogle,Defender,SHU,4.5,90,0,0,0,5,0,0,0,0,0
2367786,Ahmedhodzic,Anel Ahmedhodzic,Defender,SHU,4.3,90,0,0,0,5,0,0,0,0,0
2367786,Vinicius Souza,Vinicius de Souza Costa,Midfielder,SHU,5.0,90,0,0,0,5,0,0,0,0,2
2367786,Mcatee,James Mcatee,Midfielder,SHU,5.5,78,0,0,0,4,0,0,0,0,2
2367786,Larouci,Yasser Larouci,Defender,SHU,4.3,62,0,0,0,2,0,0,0,0,1
2367786,Osula,William Osula,Forward,SHU,5.5,26,0,0,0,2,0,0,0,0,1
2367786,Brooks (Andre),Andre Brooks,Midfielder,SHU,4.4,32,0,0,0,3,0,0,0,0,1
2367787,Son,Heung-Min Son,Midfielder,TOT,8.5,90,0,0,0,2,0,0,0,0,2
2367787,Davies (Ben),Ben Davies,Defender,TOT,4.5,90,0,0,0,2,0,0,0,0,1
2367787,Højbjerg,Pierre-Emile Højbjerg,Midfielder,TOT,5.0,11,0,0,0,0,0,0,0,0,1
2367787,Werner,Timo Werner,Forward,TOT,6.2,25,0,0,0,0,0,0,0,0,1
2367787,Maddison,James Maddison,Midfielder,TOT,7.0,85,0,0,0,2,0,0,0,0,2
2367787,Vicario,Guglielmo Vicario,Goalkeeper,TOT,5.0,90,0,0,0,2,0,0,0,1,3
2367787,Lo Celso,Giovani Lo Celso,Midfielder,TOT,4.9,11,0,0,0,0,0,0,0,0,1
2367787,Bentancur,Rodrigo Bentancur,Midfielder,TOT,5.5,25,0,0,0,0,0,0,0,0,1
2367787,Richarlison,Richarlison de Andrade,Midfielder,TOT,6.5,71,0,0,0,2,0,0,0,0,2
2367787,Romero,Cristian Romero,Defender,TOT,5.0,90,0,0,0,2,0,0,0,0,1
2367787,Bissouma,Yves Bissouma,Midfielder,TOT,5.5,71,0,0,0,2,0,0,0,0,2
2367787,Emerson Royal,Emerson Aparecido Leite de Souza Junior,Defender,TOT,4.5,85,0,0,0,2,0,0,0,0,1
2367787,Johnson (Brennan),Brennan Johnson,Midfielder,TOT,7.0,25,0,0,0,0,0,0,0,0,1
2367787,Kulusevski,Dejan Kulusevski,Midfielder,TOT,6.5,90,1,0,0,2,0,0,0,2,9
2367787,Sarr (Pape),Pape Sarr,Midfielder,TOT,5.0,71,0,0,0,2,0,0,0,0,2
2367787,van de Ven,Micky van de Ven,Defender,TOT,4.5,90,0,0,0,2,0,0,0,0,1
2367787,Dawson,Craig Dawson,Defender,WOL,4.2,90,0,0,0,1,0,0,0,0,2
2367787,Doherty,Matt Doherty,Defender,WOL,4.5,4,0,0,0,0,0,0,0,0,1
2367787,Sarabia,Pablo Sarabia,Midfielder,WOL,5.0,72,0,1,0,1,0,0,0,0,5
2367787,José Sá,José Pedro Malheiro de Sá,Goalkeeper,WOL,4.5,90,0,0,0,1,0,0,0,0,3
2367787,Lemina (Mario),Mario Lemina,Midfielder,WOL,4.8,90,0,0,0,1,0,0,0,0,2
2367787,Hwang Hee-Chan,Hee-Chan Hwang,Midfielder,WOL,6.0,87,0,0,0,1,0,0,0,0,2
2367787,Semedo,Nelson Semedo,Defender,WOL,4.5,90,0,0,0,1,0,0,0,0,2
2367787,Kilman,Max Kilman,Defender,WOL,4.5,90,0,0,0,1,0,0,0,0,2
2367787,Bellegarde,Jean-Ricner Bellegarde,Midfielder,WOL,5.5,23,0,0,0,0,0,0,0,0,1
2367787,Neto,Pedro Neto,Midfielder,WOL,7.0,90,0,1,0,1,0,0,0,0,5
2367787,João Gomes,João Victor Gomes da Silva,Midfielder,WOL,5.5,90,2,0,0,1,0,1,0,3,14
2367787,Ait Nouri,Rayan Ait Nouri,Defender,WOL,6.0,90,0,0,0,1,0,0,0,0,2
2367787,Traoré (Boubacar),Boubacar Traoré,Midfielder,WOL,5.0,8,0,0,0,0,0,0,0,0,1
2367787,Toti,Toti António Gomes,Defender,WOL,4.5,90,0,0,0,1,0,0,0,0,2
2367788,Smith (Adam),Adam Smith,Defender,BOU,4.5,90,0,0,0,1,0,0,0,0,2
2367788,Neto,Norberto Murara Neto,Goalkeeper,BOU,4.5,90,0,0,0,1,0,0,0,0,3
2367788,Solanke,Dominic Solanke,Forward,BOU,7.5,90,0,0,0,1,0,0,0,0,2
2367788,Cook (Lewis),Lewis Cook,Midfielder,BOU,5.0,90,0,0,0,1,0,1,0,0,1
2367788,Christie,Ryan Christie,Midfielder,BOU,5.0,86,0,0,0,1,0,0,0,0,2
2367788,Unal,Enes Unal,Forward,BOU,5.5,10,0,0,0,0,0,0,0,0,1
2367788,Tavernier,Marcus Tavernier,Midfielder,BOU,5.5,67,0,0,0,1,0,0,0,0,2
2367788,Senesi,Marcos Senesi,Defender,BOU,4.5,78,0,0,0,1,0,1,0,0,1
2367788,Kluivert,Justin Kluivert,Midfielder,BOU,7.0,67,0,0,0,1,0,0,0,0,2
2367788,Sinisterra,Luis Sinisterra,Midfielder,BOU,5.0,10,0,0,0,0,0,0,0,0,1
2367788,Semenyo,Antoine Semenyo,Forward,BOU,7.0,90,0,0,0,1,0,0,0,0,2
2367788,Faivre,Romain Faivre,Midfielder,BOU,4.5,18,0,0,0,0,0,0,0,0,1
2367788,Zabarnyi,Illia Zabarnyi,Defender,BOU,5.0,90,0,0,0,1,0,0,0,0,2
2367788,Scott,Alex Scott,Midfielder,BOU,5.0,29,0,0,0,0,0,0,0,0,1
2367788,Dango Ouattara,Dango Ouattara,Midfielder,BOU,6.0,29,0,0,0,0,0,0,0,0,1
2367788,Kerkez,Milos Kerkez,Defender,BOU,6.0,87,0,0,0,1,0,0,0,0,2
2367788,De Bruyne,Kevin De Bruyne,Midfielder,MCI,9.5,14,0,0,0,0,0,1,0,0,0
2367788,Kovacic,Mateo Kovacic,Midfielder,MCI,6.0,83,0,0,1,0,0,0,0,0,3
2367788,Stones,John Stones,Defender,MCI,5.5,90,0,0,1,0,0,0,0,0,6
2367788,Ederson,Ederson Santana de Moraes,Goalkeeper,MCI,5.5,90,0,0,1,0,0,0,0,2,9
2367788,Aké,Nathan Aké,Defender,MCI,5.5,90,0,0,1,0,0,0,0,0,6
2367788,Bernardo Silva,Bernardo Mota Veiga de Carvalho e Silva,Midfielder,MCI,6.5,90,0,0,1,0,0,1,0,0,2
2367788,Rúben Dias,Rúben Santos Gato Alves Dias,Defender,MCI,5.5,90,0,0,1,0,0,0,0,0,6
2367788,Foden,Phil Foden,Midfielder,MCI,8.0,90,1,0,1,0,0,0,0,3,11
2367788,Akanji,Manuel Akanji,Defender,MCI,5.5,90,0,0,1,0,0,0,0,2,8
2367788,Rodri,Rodrigo Hernández Cascante,Midfielder,MCI,6.5,90,0,0,1,0,0,0,0,0,3
2367788,Haaland,Erling Haaland,Forward,MCI,14.0,74,0,1,1,0,0,0,0,0,5
2367788,Doku,Jéremy Doku,Midfielder,MCI,6.5,35,0,0,0,0,0,0,0,0,1
2367788,Álvarez (Julián),Julián Álvarez,Forward,MCI,7.0,22,0,0,0,0,0,0,0,0,1
2367788,Matheus Nunes,Matheus Luiz Nunes,Midfielder,MCI,5.5,62,0,0,1,0,0,0,0,0,3
2367789,Jorginho,Jorge Luiz Frello Filho,Midfielder,ARS,4.6,88,0,0,0,1,0,0,0,0,2
2367789,Trossard,Leandro Trossard,Midfielder,ARS,7.0,31,0,0,0,1,0,0,0,0,1
2367789,Elneny,Mohamed Elneny,Midfielder,ARS,4.4,6,0,0,0,0,0,0,0,0,1
2367789,Raya Martin,David Raya Martin,Goalkeeper,ARS,5.5,90,0,0,0,1,0,0,0,0,2
2367789,Odegaard,Martin Odegaard,Midfielder,ARS,8.0,75,0,0,1,0,0,1,0,0,2
2367789,White (Ben),Ben White,Defender,ARS,5.5,90,0,0,0,1,0,0,0,0,2
2367789,Nelson (Reiss),Reiss Nelson,Midfielder,ARS,5.0,19,0,0,0,1,0,0,0,0,1
2367789,Rice,Declan Rice,Midfielder,ARS,6.5,90,0,1,0,1,0,0,0,1,6
2367789,Eddie Nketiah,Edward Nketiah,Forward,ARS,5.5,19,0,0,0,1,0,0,0,0,1
2367789,Smith-Rowe,Emile Smith-Rowe,Midfielder,ARS,6.0,19,0,0,0,1,0,0,0,0,1
2367789,Havertz,Kai Havertz,Midfielder,ARS,7.5,75,1,1,1,0,0,0,0,3,14
2367789,Saka,Bukayo Saka,Midfielder,ARS,10.0,76,1,0,1,0,0,0,0,2,10
2367789,Gabriel Magalhães,Gabriel dos Santos Magalhães,Defender,ARS,6.0,90,0,0,0,1,0,0,0,0,2
2367789,Kiwior,Jakub Kiwior,Defender,ARS,5.5,90,1,0,0,1,0,0,0,0,8
2367789,Martinelli,Gabriel Teodoro Martinelli Silva,Midfielder,ARS,7.0,63,0,1,1,0,0,0,0,0,6
2367789,Saliba,William Saliba,Defender,ARS,6.0,90,0,0,0,1,0,0,0,0,2
2367789,Trippier,Kieran Trippier,Defender,NEW,5.0,90,0,0,0,4,0,0,0,0,0
2367789,Burn,Dan Burn,Defender,NEW,5.0,22,0,1,0,0,0,0,0,0,4
2367789,Lascelles,Jamaal Lascelles,Defender,NEW,4.5,21,0,0,0,0,0,0,0,0,1
2367789,Karius,Loris Karius,Goalkeeper,NEW,3.9,90,0,0,0,4,0,0,0,0,1
2367789,Murphy (Jacob),Jacob Murphy,Midfielder,NEW,6.5,31,0,0,0,2,0,0,0,0,1
2367789,Schär,Fabian Schär,Defender,NEW,5.5,90,0,0,0,4,0,0,0,0,0
2367789,Almirón,Miguel Almirón,Midfielder,NEW,5.4,63,0,0,0,2,0,0,0,0,2
2367789,Longstaff (Sean),Sean Longstaff,Midfielder,NEW,5.0,90,0,0,0,4,0,0,0,0,2
2367789,Willock,Joseph Willock,Midfielder,NEW,5.0,22,1,0,0,0,0,0,0,0,6
2367789,Barnes (Harvey),Harvey Barnes,Midfielder,NEW,6.5,31,0,0,0,2,0,0,0,0,1
2367789,Bruno Guimarães,Bruno Guimarães Rodriguez Moura,Midfielder,NEW,6.5,72,0,0,0,4,0,0,0,0,2
2367789,Isak,Alexander Isak,Forward,NEW,10.5,63,0,0,0,2,0,0,0,0,2
2367789,Botman,Sven Botman,Defender,NEW,5.0,73,0,0,0,4,1,0,0,0,0
2367789,Gordon (Anthony),Anthony Gordon,Midfielder,NEW,7.5,90,0,0,0,4,0,0,0,0,2
2367789,Livramento,Valentino Livramento,Defender,NEW,5.0,73,0,0,0,4,0,0,0,0,0
2367789,Miley (Lewis),Lewis Miley,Midfielder,NEW,4.5,90,0,0,0,4,0,0,0,0,2
2367790,Martinez,Emiliano Martinez,Goalkeeper,AVL,5.0,90,0,0,0,2,0,0,0,0,1
2367790,Chambers (Calum),Calum Chambers,Defender,AVL,3.8,45,0,0,0,1,0,0,0,0,1
2367790,Digne,Lucas Digne,Defender,AVL,4.5,36,0,0,0,0,0,0,0,0,1
2367790,Álex Moreno,Alexandre Moreno Lopera,Defender,AVL,4.0,58,0,0,0,2,0,1,0,0,0
2367790,McGinn,John McGinn,Midfielder,AVL,5.5,90,0,1,0,2,0,0,0,1,6
2367790,Tielemans,Youri Tielemans,Midfielder,AVL,6.0,81,0,0,0,2,0,0,0,0,2
2367790,Lenglet,Clément Lenglet,Defender,AVL,4.5,90,0,0,0,2,0,0,0,0,1
2367790,Watkins,Ollie Watkins,Forward,AVL,9.0,90,1,1,0,2,0,0,0,0,9
2367790,Cash,Matthew Cash,Defender,AVL,4.5,90,0,0,0,2,0,0,0,0,1
2367790,Bailey,Leon Bailey,Midfielder,AVL,5.5,90,1,1,0,2,0,0,0,2,12
2367790,Douglas Luiz,Douglas Luiz Soares de Paulo,Midfielder,AVL,5.4,90,2,0,0,2,0,0,0,3,15
2367790,Ramsey (Jacob),Jacob Ramsey,Midfielder,AVL,5.5,90,0,1,0,2,0,0,0,0,5
2367790,Diaby,Moussa Diaby,Midfielder,AVL,6.5,4,0,0,0,0,0,0,0,0,1
2367790,Rogers,Morgan Rogers,Midfielder,AVL,7.0,3,0,0,0,0,0,0,0,0,1
2367790,Torres,Pau Torres,Defender,AVL,4.5,45,0,0,0,1,0,0,0,0,1
2367790,Zaniolo,Nicolò Zaniolo,Midfielder,AVL,5.4,14,0,0,0,0,0,0,0,0,1
2367790,Sels,Matz Sels,Goalkeeper,NFO,5.0,90,0,0,0,4,0,0,0,0,0
2367790,Toffolo,Harry Toffolo,Defender,NFO,4.2,45,0,0,0,1,0,0,0,0,1
2367790,Felipe,Felipe Augusto de Almeida Monteiro,Defender,NFO,4.4,45,0,0,0,3,0,1,0,0,0
2367790,Origi,Divock Origi,Forward,NFO,5.0,45,0,1,0,1,0,0,0,0,4
2367790,Niakhaté,Moussa Niakhaté,Defender,NFO,4.5,90,1,0,0,4,0,0,0,0,6
2367790,Yates,Ryan Yates,Midfielder,NFO,5.0,22,0,0,0,0,0,0,0,0,1
2367790,Hudson-Odoi,Callum Hudson-Odoi,Midfielder,NFO,6.0,90,0,0,0,4,0,0,0,0,2
2367790,Awoniyi,Taiwo Awoniyi,Forward,NFO,5.5,45,0,1,0,3,0,0,0,0,4
2367790,Williams (Neco),Neco Williams,Defender,NFO,5.0,90,0,0,0,4,0,0,0,0,0
2367790,Gibbs-White,Morgan Gibbs-White,Midfielder,NFO,7.5,80,1,0,0,4,0,0,0,0,7
2367790,Nicolás Domínguez,Nicolás Domínguez,Midfielder,NFO,5.0,72,0,0,0,4,0,0,0,0,2
2367790,Reyna,Giovanni Reyna,Midfielder,NFO,4.6,14,0,0,0,0,0,0,0,0,1
2367790,Elanga,Anthony Elanga,Midfielder,NFO,7.0,90,0,0,0,4,0,0,0,0,2
2367790,Omobamidele,Andrew Omobamidele,Defender,NFO,4.2,45,0,0,0,1,0,0,0,0,1
2367790,Danilo,Danilo dos Santos de Oliveira,Midfielder,NFO,4.7,90,0,0,0,4,0,0,0,0,2
2367790,Murillo,Murillo Santiago Costa dos Santos,Defender,NFO,5.5,45,0,0,0,3,0,1,0,0,0
2367791,Lallana,Adam Lallana,Midfielder,BHA,5.0,24,0,0,0,0,0,0,0,0,1
2367791,Welbeck,Danny Welbeck,Forward,BHA,6.5,58,0,0,1,0,0,0,0,0,2
2367791,Groß,Pascal Groß,Midfielder,BHA,6.5,90,0,1,0,1,0,1,0,3,7
2367791,Dunk,Lewis Dunk,Defender,BHA,4.5,90,1,0,0,1,0,0,0,2,10
2367791,Veltman,Joël Veltman,Defender,BHA,4.5,38,0,0,0,1,0,0,0,0,1
2367791,Estupiñán,Pervis Estupiñán,Defender,BHA,4.5,39,0,0,0,1,0,0,0,0,1
2367791,Igor Julio,Igor Julio dos Santos de Paulo,Defender,BHA,4.5,58,0,0,0,0,0,0,0,0,1
2367791,Lamptey,Tariq Lamptey,Defender,BHA,4.5,59,0,0,1,0,0,0,0,0,6
2367791,Gilmour,Billy Gilmour,Midfielder,BHA,5.0,78,0,0,0,1,0,0,1,0,0
2367791,Ansu Fati,Anssumane Fati,Midfielder,BHA,6.4,38,0,0,0,1,0,0,0,0,1
2367791,van Hecke,Jan-Paul van Hecke,Defender,BHA,4.5,90,0,0,0,1,0,1,0,0,1
2367791,Enciso,Julio Enciso,Midfielder,BHA,5.5,27,0,0,0,1,0,0,0,0,1
2367791,Ferguson (Evan),Evan Ferguson,Forward,BHA,5.5,73,0,0,0,1,0,0,0,0,2
2367791,Verbruggen,Bart Verbruggen,Goalkeeper,BHA,4.5,90,0,0,0,1,0,0,0,0,2
2367791,Adingra,Simon Adingra,Midfielder,BHA,5.5,90,0,0,0,1,0,0,0,0,2
2367791,Buonanotte,Facundo Buonanotte,Midfielder,BHA,5.0,70,0,0,1,0,0,0,0,0,3
2367791,Tarkowski,James Tarkowski,Defender,EVE,5.5,90,0,0,0,1,0,1,0,0,1
2367791,Young (Ashley),Ashley Young,Defender,EVE,4.2,11,0,0,0,1,0,0,0,0,1
2367791,Gueye,Idrissa Gueye,Midfielder,EVE,5.5,48,0,0,0,0,0,0,0,0,1
2367791,Pickford,Jordan Pickford,Goalkeeper,EVE,5.5,90,0,0,0,1,0,0,0,0,4
2367791,Doucouré,Abdoulaye Doucouré,Midfielder,EVE,5.1,85,0,0,1,0,0,0,0,0,3
2367791,Calvert-Lewin,Dominic Calvert-Lewin,Forward,EVE,5.4,65,0,0,1,0,0,0,0,0,2
2367791,Godfrey,Ben Godfrey,Defender,EVE,4.0,90,0,0,0,1,0,0,0,0,2
2367791,Harrison (Jack),Jack Harrison,Midfielder,EVE,5.5,90,0,0,0,1,0,0,0,0,2
2367791,Mykolenko,Vitaliy Mykolenko,Defender,EVE,5.0,90,0,0,0,1,0,0,0,0,2
2367791,Garner,James Garner,Midfielder,EVE,5.0,90,0,0,0,1,0,0,0,0,2
2367791,McNeil,Dwight McNeil,Midfielder,EVE,6.0,90,0,0,0,1,0,0,0,0,2
2367791,Mvom Onana,Amadou Mvom Onana,Midfielder,EVE,5.0,45,0,0,0,1,0,1,0,0,0
2367791,Branthwaite,Jarrad Branthwaite,Defender,EVE,5.5,90,1,0,0,1,0,0,0,1,9
2367791,Beto,Norberto Bercique Gomes Betuncal,Forward,EVE,5.5,31,0,0,0,1,0,1,0,0,0
2367792,Cucurella,Marc Cucurella,Defender,CHE,6.0,90,0,0,1,0,0,0,0,2,8
2367792,Chalobah,Trevoh Chalobah,Defender,CHE,5.0,90,1,0,1,0,0,0,0,3,15
2367792,Gallagher,Conor Gallagher,Midfielder,CHE,5.9,90,0,1,1,0,0,0,0,0,6
2367792,Badiashile,Benoît Badiashile,Defender,CHE,4.5,90,0,0,1,0,0,0,0,0,6
2367792,Palmer,Cole Palmer,Midfielder,CHE,10.5,90,0,1,1,0,0,0,0,0,6
2367792,Madueke,Noni Madueke,Midfielder,CHE,7.0,90,0,0,1,0,0,0,0,0,3
2367792,Petrovic,Dorde Petrovic,Goalkeeper,CHE,4.5,90,0,0,1,0,0,0,0,2,9
2367792,Mudryk,Mykhailo Mudryk,Midfielder,CHE,5.0,74,0,0,1,0,0,0,0,0,3
2367792,Moises Caicedo,Moises Caicedo,Midfielder,CHE,5.5,90,0,0,1,0,0,0,0,0,3
2367792,Casadei,Cesare Casadei,Midfielder,CHE,4.4,21,0,0,0,0,0,0,0,0,1
2367792,Tauriainen,Jimi Tauriainen,Midfielder,CHE,4.5,2,0,0,0,0,0,0,0,0,1
2367792,Gilchrist,Alfie Gilchrist,Defender,CHE,4.0,84,0,0,1,0,0,0,0,0,6
2367792,Jackson (Nicolas),Nicolas Jackson,Forward,CHE,6.5,90,1,0,1,0,0,0,0,0,6
2367792,Acheampong,Josh Acheampong,Defender,CHE,4.0,11,0,0,0,0,0,0,0,0,1
2367792,Son,Heung-Min Son,Midfielder,TOT,8.5,90,0,0,0,2,0,0,0,0,2
2367792,Højbjerg,Pierre-Emile Højbjerg,Midfielder,TOT,5.0,33,0,0,0,1,0,0,0,0,1
2367792,Maddison,James Maddison,Midfielder,TOT,7.0,33,0,0,0,1,0,0,0,0,1
2367792,Vicario,Guglielmo Vicario,Goalkeeper,TOT,5.0,90,0,0,0,2,0,0,0,0,1
2367792,Lo Celso,Giovani Lo Celso,Midfielder,TOT,4.9,11,0,0,0,0,0,0,0,0,1
2367792,Bentancur,Rodrigo Bentancur,Midfielder,TOT,5.5,33,0,0,0,1,0,0,0,0,1
2367792,Richarlison,Richarlison de Andrade,Midfielder,TOT,6.5,62,0,0,0,1,0,0,0,0,2
2367792,Romero,Cristian Romero,Defender,TOT,5.0,90,0,0,0,2,0,0,0,0,1
2367792,Bissouma,Yves Bissouma,Midfielder,TOT,5.5,63,0,0,0,1,0,0,0,0,2
2367792,Emerson Royal,Emerson Aparecido Leite de Souza Junior,Defender,TOT,4.5,84,0,0,0,2,0,0,0,0,1
2367792,Johnson (Brennan),Brennan Johnson,Midfielder,TOT,7.0,77,0,0,0,2,0,0,0,0,2
2367792,Gil,Bryan Gil,Midfielder,TOT,5.0,18,0,0,0,0,0,0,0,0,1
2367792,Porro,Pedro Porro,Defender,TOT,5.5,90,0,0,0,2,0,0,0,0,1
2367792,Kulusevski,Dejan Kulusevski,Midfielder,TOT,6.5,90,0,0,0,2,0,0,0,0,2
2367792,Sarr (Pape),Pape Sarr,Midfielder,TOT,5.0,62,0,0,0,1,0,0,0,0,2
2367792,van de Ven,Micky van de Ven,Defender,TOT,4.5,90,0,0,0,2,0,1,0,0,0
2367793,Cork,Jack Cork,Midfielder,BUR,4.8,13,0,0,0,0,0,0,0,0,1
2367793,Rodriguez,Jay Rodriguez,Forward,BUR,5.3,13,0,0,0,0,0,0,0,0,1
2367793,Gudmundsson,Johann Berg Gudmundsson,Midfielder,BUR,4.8,88,0,0,0,3,0,0,0,0,2
2367793,Taylor (Charlie),Charlie Taylor,Defender,BUR,3.9,73,0,0,0,2,0,0,0,0,1
2367793,Cullen,Josh Cullen,Midfielder,BUR,5.0,57,0,0,0,3,0,0,0,0,1
2367793,Brownhill,Josh Brownhill,Midfielder,BUR,4.7,34,0,0,0,0,0,0,1,0,0
2367793,Manuel,Benson Manuel,Midfielder,BUR,5.5,13,0,0,0,0,0,0,0,0,1
2367793,Berge,Sander Berge,Midfielder,BUR,5.0,90,0,0,0,3,0,0,0,0,2
2367793,O'Shea,Dara O'Shea,Defender,BUR,3.8,90,0,0,0,3,0,0,0,0,1
2367793,Trafford,James Trafford,Goalkeeper,BUR,5.0,90,0,0,0,3,0,0,0,0,2
2367793,Vitinho,Victor Alexander da Silva,Defender,BUR,4.4,28,0,0,0,1,0,0,0,0,1
2367793,Esteve,Maxime Esteve,Defender,BUR,4.0,90,0,0,0,3,0,1,0,0,0
2367793,Amdouni,Zeki Amdouni,Forward,BUR,5.0,36,0,0,0,0,0,0,0,0,1
2367793,Assignon,Lorenz Assignon,Defender,BUR,4.0,90,0,0,0,3,0,0,0,0,1
2367793,Fofana (David Datro),David Datro Fofana,Forward,BUR,5.4,88,0,0,0,3,0,0,0,0,2
2367793,Odobert,Wilson Odobert,Midfielder,BUR,5.5,87,0,0,0,3,0,0,0,0,2
2367793,Tomkins,James Tomkins,Defender,CRY,3.9,12,0,0,0,0,0,0,0,0,1
2367793,Ward,Joel Ward,Defender,CRY,4.3,90,0,0,1,0,0,0,0,0,6
2367793,Ayew (Jordan),Jordan Ayew,Midfielder,CRY,5.1,90,1,1,1,0,0,1,0,3,13
2367793,Johnstone,Sam Johnstone,Goalkeeper,CRY,4.5,90,0,0,1,0,0,0,0,0,6
2367793,Lerma,Jefferson Lerma,Midfielder,CRY,5.0,90,0,0,1,0,0,0,0,0,3
2367793,Andersen (Joachim),Joachim Andersen,Defender,CRY,4.5,88,0,0,1,0,0,0,0,0,6
2367793,Edouard,Odsonne Edouard,Forward,CRY,5.0,64,0,0,1,0,0,0,0,0,2
2367793,Mateta,Jean-Philippe Mateta,Forward,CRY,7.5,90,1,0,1,0,0,0,0,0,6
2367793,Mitchell,Tyrick Mitchell,Defender,CRY,5.0,90,0,0,1,0,0,1,0,0,5
2367793,Muñoz,Daniel Muñoz,Defender,CRY,5.5,90,0,0,1,0,0,0,0,1,7
2367793,Richards (Chris),Chris Richards,Defender,CRY,4.5,90,1,0,1,0,0,0,0,2,14
2367793,Ahamada,Naouirou Ahamada,Midfielder,CRY,4.5,37,0,0,0,0,0,0,0,0,1
2367793,Wharton,Adam Wharton,Midfielder,CRY,5.0,64,0,0,1,0,0,1,0,0,2
2367793,Ozoh,David Ozoh,Midfielder,CRY,4.5,4,0,0,0,0,0,0,0,0,1
2367793,Matheus França,Matheus França de Oliveira,Midfielder,CRY,4.5,37,0,2,0,0,0,0,0,0,7
2367794,van Dijk,Virgil van Dijk,Defender,LIV,6.0,90,1,0,0,1,0,0,0,0,8
2367794,Robertson (Andrew),Andrew Robertson,Defender,LIV,6.0,30,0,1,0,0,0,0,0,0,4
2367794,Endo,Wataru Endo,Midfielder,LIV,5.0,90,0,0,0,1,0,0,0,0,2
2367794,Gomez,Joseph Gomez,Defender,LIV,5.0,90,0,0,0,1,0,1,0,0,1
2367794,Kelleher,Caoimhin Kelleher,Goalkeeper,LIV,4.5,90,0,0,0,1,0,0,0,0,2
2367794,Mac Allister,Alexis Mac Allister,Midfielder,LIV,6.5,86,0,2,0,1,0,0,0,1,9
2367794,Gakpo,Cody Gakpo,Forward,LIV,7.5,90,1,0,0,1,0,0,0,0,6
2367794,Díaz,Luis Díaz,Midfielder,LIV,8.0,86,1,0,0,1,0,0,0,0,7
2367794,Gravenberch,Ryan Gravenberch,Midfielder,LIV,5.5,75,0,0,0,1,0,0,0,0,2
2367794,Quansah,Jarell Quansah,Defender,LIV,3.9,90,0,0,0,1,0,0,0,0,2
2367794,Elliott,Harvey Elliott,Midfielder,LIV,5.5,90,1,0,0,1,0,0,0,3,10
2367794,McConnell,James McConnell,Midfielder,LIV,4.5,10,0,0,0,0,0,0,0,0,1
2367794,Clark (Bobby),Bobby Clark,Midfielder,LIV,4.5,21,0,0,0,0,0,0,0,0,1
2367794,Bradley,Conor Bradley,Defender,LIV,5.0,67,0,0,0,1,0,0,0,0,2
2367794,Danns,Jayden Danns,Forward,LIV,4.5,10,0,0,0,0,0,0,0,0,1
2367794,Kaminski,Thomas Kaminski,Goalkeeper,LUT,4.0,90,0,0,0,4,0,0,0,0,3
2367794,Townsend,Andros Townsend,Midfielder,LUT,5.0,39,0,0,0,3,0,0,0,0,1
2367794,Barkley,Ross Barkley,Midfielder,LUT,5.0,90,0,0,0,4,0,1,0,0,1
2367794,Woodrow,Cauley Woodrow,Forward,LUT,4.3,58,0,0,0,1,0,1,0,0,0
2367794,Clark (Jordan),Jordan Clark,Midfielder,LUT,4.8,34,0,0,0,2,0,0,0,0,1
2367794,Ruddock Mpanzu,Pelly Ruddock Mpanzu,Midfielder,LUT,4.6,45,0,0,0,4,0,0,0,0,1
2367794,Morris,Carlton Morris,Forward,LUT,4.7,90,0,0,0,4,0,0,0,0,2
2367794,Bell,Amarii Bell,Defender,LUT,3.8,90,0,0,0,4,0,0,0,0,0
2367794,Osho,Gabriel Osho,Defender,LUT,4.4,90,0,0,0,4,0,0,0,0,0
2367794,Chong,Tahith Chong,Midfielder,LUT,4.4,62,0,1,0,2,0,0,0,0,5
2367794,Ogbene,Chiedozie Ogbene,Forward,LUT,4.8,90,1,0,0,4,0,0,0,3,9
2367794,Doughty,Alfie Doughty,Defender,LUT,4.3,72,0,0,0,3,0,1,0,0,0
2367794,Mengi,Teden Mengi,Defender,LUT,3.9,90,0,0,0,4,0,0,0,0,0
2367794,Sambi Lokonga,Albert Sambi Lokonga,Midfielder,LUT,4.5,45,0,0,0,0,0,0,0,0,1
2367794,Issa Kabore,Issa Kabore,Defender,LUT,4.5,24,0,0,0,1,0,1,0,0,0
2367795,Cairney,Tom Cairney,Midfielder,FUL,5.0,32,0,0,0,1,0,1,0,0,0
2367795,Leno,Bernd Leno,Goalkeeper,FUL,5.0,90,0,0,0,1,0,1,0,0,3
2367795,Tosin,Oluwatosin Adarabioyo,Defender,FUL,4.5,90,0,0,0,1,0,1,0,0,1
2367795,Iwobi,Alex Iwobi,Midfielder,FUL,6.5,90,1,0,0,1,0,0,0,3,10
2367795,Reed,Harrison Reed,Midfielder,FUL,4.5,71,0,0,1,0,0,0,0,0,3
2367795,Wilson (Harry),Harry Wilson,Midfielder,FUL,5.5,75,0,0,1,0,0,1,0,0,2
2367795,Pereira (Andreas),Andreas Pereira,Midfielder,FUL,5.5,64,0,0,1,0,0,1,0,0,2
2367795,Traoré (Adama),Adama Traoré,Midfielder,FUL,5.5,24,0,1,0,1,0,0,0,0,4
2367795,Castagne,Timothy Castagne,Defender,FUL,4.5,90,0,1,0,1,0,0,0,2,7
2367795,Robinson (Antonee),Antonee Robinson,Defender,FUL,5.0,90,0,0,0,1,0,0,0,0,2
2367795,Lukic,Sasa Lukic,Midfielder,FUL,5.0,90,0,0,0,1,0,0,0,0,2
2367795,Diop,Issa Diop,Defender,FUL,4.5,20,0,0,0,1,0,0,0,0,1
2367795,Bassey,Calvin Bassey,Defender,FUL,4.5,90,1,0,0,1,0,0,0,2,10
2367795,Rodrigo Muniz,Rodrigo Muniz Carvalho,Forward,FUL,5.5,90,0,0,0,1,0,0,0,0,2
2367795,Casemiro,Carlos Henrique Jose Francisco Venancio,Midfielder,MUN,5.5,48,0,0,0,0,0,0,0,0,1
2367795,Eriksen,Christian Eriksen,Midfielder,MUN,5.2,45,0,0,0,2,0,0,0,0,1
2367795,Varane,Raphael Varane,Defender,MUN,4.9,90,0,0,0,2,0,0,0,0,1
2367795,Maguire,Harry Maguire,Defender,MUN,4.5,90,1,0,0,2,0,1,0,0,6
2367795,Bruno Fernandes,Bruno Miguel Borges Fernandes,Midfielder,MUN,9.0,90,0,1,0,2,0,1,0,0,4
2367795,Rashford,Marcus Rashford,Midfielder,MUN,7.0,90,0,0,0,2,0,0,0,0,2
2367795,Lindelof,Victor Nilsson-Lindelof,Defender,MUN,4.3,90,0,0,0,2,0,0,0,0,1
2367795,McTominay,Scott McTominay,Midfielder,MUN,4.9,45,0,0,0,2,0,0,0,0,1
2367795,Onana,André Onana,Goalkeeper,MUN,5.0,90,0,0,0,2,0,0,0,0,2
2367795,Dalot,José Diogo Dalot Teixeira,Defender,MUN,4.5,90,0,0,0,2,0,0,0,0,1
2367795,Antony,Antony Matheus dos Santos,Midfielder,MUN,6.0,2,0,0,0,0,0,0,0,0,1
2367795,Forson,Omari Forson,Midfielder,MUN,4.4,49,0,0,0,0,0,0,0,0,1
2367795,Garnacho,Alejandro Garnacho Ferreyra,Midfielder,MUN,6.5,90,0,0,0,2,0,0,0,0,2
2367795,Amad Diallo,Amad Diallo Traore,Midfielder,MUN,6.5,20,0,0,0,1,0,0,0,0,1
2367795,Mainoo,Kobbie Mainoo,Midfielder,MUN,5.0,75,0,0,0,1,0,0,0,0,2
2367796,Zanka,Mathias Jorgensen,Defender,BRE,4.5,90,0,0,0,4,0,1,0,0,0
2367796,Mee (Ben),Ben Mee,Defender,BRE,4.2,59,0,0,0,2,0,0,0,0,1
2367796,Maupay,Neal Maupay,Forward,BRE,4.9,71,1,0,0,4,0,0,0,0,6
2367796,Flekken,Mark Flekken,Goalkeeper,BRE,4.5,90,0,0,0,4,0,0,0,0,0
2367796,Norgaard,Christian Norgaard,Midfielder,BRE,5.5,90,0,0,0,4,0,0,0,0,2
2367796,Toney,Ivan Toney,Forward,BRE,7.3,90,0,0,0,4,0,0,0,0,2
2367796,Ajer,Kristoffer Ajer,Defender,BRE,4.5,90,0,0,0,4,0,0,0,0,0
2367796,Reguilón,Sergio Reguilón,Defender,BRE,4.1,71,0,0,0,4,0,1,0,0,0
2367796,Janelt,Vitaly Janelt,Midfielder,BRE,5.0,24,0,0,0,0,0,0,0,0,1
2367796,Jensen,Mathias Jensen,Midfielder,BRE,5.0,74,0,0,0,4,0,0,0,0,2
2367796,Wissa,Yoane Wissa,Forward,BRE,7.5,25,1,0,0,0,0,0,0,0,5
2367796,Roerslev,Mads Roerslev,Defender,BRE,4.5,25,0,0,0,0,0,0,0,0,1
2367796,Lewis-Potter,Keane Lewis-Potter,Midfielder,BRE,5.0,90,0,1,0,4,0,0,0,0,5
2367796,Onyeka,Frank Onyeka,Midfielder,BRE,5.0,71,0,0,0,4,0,0,0,0,2
2367796,Collins,Nathan Collins,Defender,BRE,5.0,37,0,0,0,2,0,0,0,0,0
2367796,Damsgaard,Mikkel Damsgaard,Midfielder,BRE,6.0,21,0,1,0,0,0,0,0,0,4
2367796,Antonio,Michail Antonio,Forward,WHU,5.2,22,0,0,0,1,0,0,0,0,1
2367796,Areola,Alphonse Areola,Goalkeeper,WHU,4.5,90,0,0,0,2,0,0,0,0,2
2367796,Ward-Prowse,James Ward-Prowse,Midfielder,WHU,6.0,90,0,0,0,2,0,0,0,0,2
2367796,Zouma,Kurt Zouma,Defender,WHU,4.4,90,0,0,0,2,0,0,0,0,1
2367796,Emerson,Emerson Palmieri dos Santos,Defender,WHU,4.5,90,1,1,0,2,0,0,0,2,12
2367796,Coufal,Vladimir Coufal,Defender,WHU,4.1,90,0,1,0,2,0,0,0,1,5
2367796,Bowen,Jarrod Bowen,Midfielder,WHU,8.0,90,3,0,0,2,0,0,0,3,20
2367796,Álvarez (Edson),Edson Álvarez,Midfielder,WHU,5.0,90,0,0,0,2,0,1,0,0,1
2367796,Soucek,Tomas Soucek,Midfielder,WHU,6.0,90,0,0,0,2,0,0,0,0,2
2367796,Johnson (Ben),Ben Johnson,Defender,WHU,3.8,4,0,0,0,0,0,0,0,0,1
2367796,Lucas Paquetá,Lucas Tolentino Coelho de Lima,Midfielder,WHU,6.0,74,0,0,0,1,0,0,0,0,2
2367796,Mavropanos,Konstantinos Mavropanos,Defender,WHU,4.5,90,0,0,0,2,0,0,0,0,1
2367796,Kudus,Mohammed Kudus,Midfielder,WHU,6.5,90,0,1,0,2,0,0,0,0,5
2367797,Norwood,Oliver Norwood,Midfielder,SHU,4.8,80,0,0,0,1,0,0,0,0,2
2367797,Robinson (Jack),Jack Robinson,Defender,SHU,4.3,90,0,0,0,1,0,0,0,0,2
2367797,Osborn,Ben Osborn,Midfielder,SHU,4.8,23,0,0,0,0,0,0,0,0,1
2367797,McBurnie,Oliver McBurnie,Forward,SHU,5.4,14,0,0,0,0,0,0,0,0,1
2367797,Grbic,Ivo Grbic,Goalkeeper,SHU,4.5,90,0,0,0,1,0,0,0,0,2
2367797,Davies (Tom),Tom Davies,Midfielder,SHU,5.0,15,0,0,0,0,0,0,0,0,1
2367797,Brewster,Rhian Brewster,Forward,SHU,4.9,80,0,0,0,1,0,0,0,0,2
2367797,Hamer,Gustavo Hamer,Midfielder,SHU,4.9,90,0,0,0,1,0,0,0,0,2
2367797,Trusty,Auston Trusty,Defender,SHU,3.9,90,0,0,0,1,0,0,0,0,2
2367797,Bogle,Jayden Bogle,Defender,SHU,4.5,90,0,0,0,1,0,0,0,0,2
2367797,Ahmedhodzic,Anel Ahmedhodzic,Defender,SHU,4.3,90,0,0,0,1,0,1,0,0,1
2367797,Vinicius Souza,Vinicius de Souza Costa,Midfielder,SHU,5.0,80,0,0,0,1,0,0,0,0,2
2367797,Mcatee,James Mcatee,Midfielder,SHU,5.5,90,0,0,0,1,0,0,0,0,2
2367797,Larouci,Yasser Larouci,Defender,SHU,4.3,71,0,0,0,1,0,0,0,0,2
2367797,Osula,William Osula,Forward,SHU,5.5,14,0,0,0,0,0,0,0,0,1
2367797,Dawson,Craig Dawson,Defender,WOL,4.2,90,0,0,1,0,0,0,0,1,7
2367797,Doherty,Matt Doherty,Defender,WOL,4.5,6,0,0,0,0,0,0,0,0,1
2367797,Sarabia,Pablo Sarabia,Midfielder,WOL,5.0,88,1,0,1,0,0,0,0,2,10
2367797,José Sá,José Pedro Malheiro de Sá,Goalkeeper,WOL,4.5,90,0,0,1,0,0,0,0,0,7
2367797,Lemina (Mario),Mario Lemina,Midfielder,WOL,4.8,90,0,0,1,0,0,0,0,0,3
2367797,Hwang Hee-Chan,Hee-Chan Hwang,Midfielder,WOL,6.0,83,0,0,1,0,0,0,0,0,3
2367797,Semedo,Nelson Semedo,Defender,WOL,4.5,90,0,0,1,0,0,1,0,0,5
2367797,Kilman,Max Kilman,Defender,WOL,4.5,90,0,0,1,0,0,0,0,0,6
2367797,Doyle,Tommy Doyle,Midfielder,WOL,4.7,18,0,0,0,0,0,0,0,0,1
2367797,Bellegarde,Jean-Ricner Bellegarde,Midfielder,WOL,5.5,11,0,0,0,0,0,0,0,0,1
2367797,Neto,Pedro Neto,Midfielder,WOL,7.0,90,0,0,1,0,0,0,0,0,3
2367797,João Gomes,João Victor Gomes da Silva,Midfielder,WOL,5.5,90,0,0,1,0,0,0,0,0,3
2367797,Ait Nouri,Rayan Ait Nouri,Defender,WOL,6.0,76,0,1,1,0,0,0,0,3,12
2367797,Toti,Toti António Gomes,Defender,WOL,4.5,90,0,0,1,0,0,1,0,0,5
2367798,Zanka,Mathias Jorgensen,Defender,BRE,4.5,90,0,0,0,2,0,1,0,0,0
2367798,Maupay,Neal Maupay,Forward,BRE,4.9,9,0,0,0,0,0,0,0,0,1
2367798,Flekken,Mark Flekken,Goalkeeper,BRE,4.5,90,0,0,0,2,0,0,0,0,2
2367798,Norgaard,Christian Norgaard,Midfielder,BRE,5.5,90,0,0,0,2,0,0,0,0,2
2367798,Toney,Ivan Toney,Forward,BRE,7.3,90,0,0,0,2,0,0,0,0,2
2367798,Ajer,Kristoffer Ajer,Defender,BRE,4.5,90,0,0,0,2,0,0,0,0,1
2367798,Reguilón,Sergio Reguilón,Defender,BRE,4.1,90,0,1,0,2,0,0,0,0,4
2367798,Janelt,Vitaly Janelt,Midfielder,BRE,5.0,86,0,0,0,2,0,1,0,0,1
2367798,Jensen,Mathias Jensen,Midfielder,BRE,5.0,20,0,0,0,1,0,0,0,0,1
2367798,Wissa,Yoane Wissa,Forward,BRE,7.5,87,1,0,0,2,0,0,0,0,6
2367798,Roerslev,Mads Roerslev,Defender,BRE,4.5,90,1,0,0,2,0,0,0,3,10
2367798,Onyeka,Frank Onyeka,Midfielder,BRE,5.0,76,0,1,0,1,0,1,0,0,4
2367798,Collins,Nathan Collins,Defender,BRE,5.0,90,0,0,0,2,0,0,0,0,1
2367798,Yarmolyuk,Ehor Yarmolyuk,Midfielder,BRE,5.0,10,0,0,0,0,0,0,0,0,1
2367798,Sterling (Raheem),Raheem Sterling,Midfielder,CHE,6.7,18,0,0,0,0,0,0,0,0,1
2367798,Chilwell,Benjamin Chilwell,Defender,CHE,4.6,90,0,0,0,2,0,0,0,0,1
2367798,Chalobah,Trevoh Chalobah,Defender,CHE,5.0,90,0,0,0,2,0,0,0,0,1
2367798,Disasi,Axel Disasi,Defender,CHE,4.2,90,1,0,0,2,0,0,0,2,9
2367798,Gallagher,Conor Gallagher,Midfielder,CHE,5.9,90,0,0,0,2,0,1,0,0,1
2367798,Palmer,Cole Palmer,Midfielder,CHE,10.5,90,0,1,0,2,0,0,0,0,5
2367798,Fernández (Enzo),Enzo Fernández,Midfielder,CHE,6.5,71,0,0,0,2,0,0,0,0,2
2367798,Petrovic,Dorde Petrovic,Goalkeeper,CHE,4.5,90,0,0,0,2,0,0,0,0,2
2367798,Colwill,Levi Colwill,Defender,CHE,5.0,78,0,0,0,2,0,0,0,0,1
2367798,Mudryk,Mykhailo Mudryk,Midfielder,CHE,5.0,25,0,0,0,0,0,0,0,0,1
2367798,Gusto,Malo Gusto,Defender,CHE,5.0,90,0,1,0,2,0,0,0,1,5
2367798,Moises Caicedo,Moises Caicedo,Midfielder,CHE,5.5,90,0,0,0,2,0,0,0,0,2
2367798,Jackson (Nicolas),Nicolas Jackson,Forward,CHE,6.5,90,1,0,0,2,0,0,0,0,6
2367799,Smith (Adam),Adam Smith,Defender,BOU,4.5,90,0,0,1,0,0,1,0,0,5
2367799,Neto,Norberto Murara Neto,Goalkeeper,BOU,4.5,90,0,0,1,0,0,0,0,1,8
2367799,Solanke,Dominic Solanke,Forward,BOU,7.5,89,0,0,1,0,0,0,0,0,2
2367799,Cook (Lewis),Lewis Cook,Midfielder,BOU,5.0,90,0,2,1,0,0,0,0,3,12
2367799,Christie,Ryan Christie,Midfielder,BOU,5.0,45,0,0,0,0,0,0,0,0,1
2367799,Unal,Enes Unal,Forward,BOU,5.5,6,0,0,0,0,0,0,0,0,1
2367799,Billing,Philip Billing,Midfielder,BOU,5.0,23,0,0,0,0,0,0,0,0,1
2367799,Tavernier,Marcus Tavernier,Midfielder,BOU,5.5,90,0,0,1,0,0,1,0,0,2
2367799,Senesi,Marcos Senesi,Defender,BOU,4.5,9,0,0,0,0,0,0,0,0,1
2367799,Kluivert,Justin Kluivert,Midfielder,BOU,7.0,72,1,0,1,0,0,1,0,0,7
2367799,Mepham,Chris Mepham,Defender,BOU,4.0,85,0,0,1,0,0,0,0,0,6
2367799,Semenyo,Antoine Semenyo,Forward,BOU,7.0,90,1,0,1,0,0,1,0,2,7
2367799,Zabarnyi,Illia Zabarnyi,Defender,BOU,5.0,90,0,0,1,0,0,0,0,0,6
2367799,Scott,Alex Scott,Midfielder,BOU,5.0,45,0,0,0,0,0,0,0,0,1
2367799,Dango Ouattara,Dango Ouattara,Midfielder,BOU,6.0,7,0,0,0,0,0,0,0,0,1
2367799,Kerkez,Milos Kerkez,Defender,BOU,6.0,89,0,0,1,0,0,0,0,0,6
2367799,Rodriguez,Jay Rodriguez,Forward,BUR,5.3,6,0,0,0,0,0,0,0,0,1
2367799,Gudmundsson,Johann Berg Gudmundsson,Midfielder,BUR,4.8,6,0,0,0,0,0,0,0,0,1
2367799,Taylor (Charlie),Charlie Taylor,Defender,BUR,3.9,90,0,0,0,2,0,0,0,0,1
2367799,Cullen,Josh Cullen,Midfielder,BUR,5.0,89,0,0,0,2,0,0,0,0,2
2367799,Bruun Larsen,Jacob Bruun Larsen,Midfielder,BUR,5.5,68,0,0,0,1,0,0,0,0,2
2367799,Manuel,Benson Manuel,Midfielder,BUR,5.5,19,0,0,0,1,0,0,0,0,1
2367799,Berge,Sander Berge,Midfielder,BUR,5.0,90,0,0,0,2,0,0,0,0,2
2367799,O'Shea,Dara O'Shea,Defender,BUR,3.8,89,0,0,0,2,0,1,0,0,0
2367799,Trafford,James Trafford,Goalkeeper,BUR,5.0,90,0,0,0,2,0,0,0,0,1
2367799,Vitinho,Victor Alexander da Silva,Defender,BUR,4.4,76,0,0,0,1,0,1,0,0,1
2367799,Esteve,Maxime Esteve,Defender,BUR,4.0,90,0,0,0,2,0,0,0,0,1
2367799,Amdouni,Zeki Amdouni,Forward,BUR,5.0,27,0,0,0,1,0,0,0,0,1
2367799,Assignon,Lorenz Assignon,Defender,BUR,4.0,90,0,0,0,2,0,0,0,0,1
2367799,Fofana (David Datro),David Datro Fofana,Forward,BUR,5.4,90,0,0,0,2,0,0,0,0,2
2367799,Odobert,Wilson Odobert,Midfielder,BUR,5.5,90,0,0,0,2,0,0,0,0,2
2367800,Tarkowski,James Tarkowski,Defender,EVE,5.5,90,0,0,0,3,0,0,0,0,1
2367800,Pickford,Jordan Pickford,Goalkeeper,EVE,5.5,90,0,0,0,3,0,1,0,0,0
2367800,André Gomes,André Filipe Tavares Gomes,Midfielder,EVE,4.4,19,0,0,0,2,0,0,0,0,1
2367800,Doucouré,Abdoulaye Doucouré,Midfielder,EVE,5.1,90,0,0,0,2,0,0,0,0,2
2367800,Calvert-Lewin,Dominic Calvert-Lewin,Forward,EVE,5.4,25,0,0,0,2,0,0,0,0,1
2367800,Godfrey,Ben Godfrey,Defender,EVE,4.0,90,0,0,0,3,0,0,0,0,1
2367800,Harrison (Jack),Jack Harrison,Midfielder,EVE,5.5,79,0,0,0,1,0,0,0,0,2
2367800,Mykolenko,Vitaliy Mykolenko,Defender,EVE,5.0,90,0,0,0,3,0,0,0,0,1
2367800,Garner,James Garner,Midfielder,EVE,5.0,90,0,1,0,3,0,0,0,0,5
2367800,McNeil,Dwight McNeil,Midfielder,EVE,6.0,90,0,0,0,2,0,0,0,0,2
2367800,Mvom Onana,Amadou Mvom Onana,Midfielder,EVE,5.0,90,0,0,0,3,0,0,0,0,2
2367800,Dobbin,Lewis Dobbin,Midfielder,EVE,5.0,6,0,0,0,1,0,0,0,0,1
2367800,Branthwaite,Jarrad Branthwaite,Defender,EVE,5.5,90,0,0,0,3,0,0,0,0,1
2367800,Beto,Norberto Bercique Gomes Betuncal,Forward,EVE,5.5,73,1,0,0,1,0,0,0,0,4
2367800,Youssef Chermiti,Youssef Ramalho Chermiti,Forward,EVE,5.0,6,0,0,0,1,0,0,0,0,1
2367800,Ogbonna,Angelo Ogbonna,Defender,WHU,4.2,2,0,0,0,0,0,0,0,0,1
2367800,Antonio,Michail Antonio,Forward,WHU,5.2,19,0,0,0,0,0,1,0,0,0
2367800,Areola,Alphonse Areola,Goalkeeper,WHU,4.5,90,0,0,0,1,0,0,0,3,13
2367800,Ward-Prowse,James Ward-Prowse,Midfielder,WHU,6.0,66,0,1,0,1,0,0,0,0,5
2367800,Zouma,Kurt Zouma,Defender,WHU,4.4,90,1,0,0,1,0,0,0,0,8
2367800,Emerson,Emerson Palmieri dos Santos,Defender,WHU,4.5,90,0,0,0,1,0,0,0,0,2
2367800,Phillips (Kalvin),Kalvin Phillips,Midfielder,WHU,5.0,32,0,0,0,0,0,0,0,0,1
2367800,Coufal,Vladimir Coufal,Defender,WHU,4.1,90,0,0,0,1,0,0,0,0,2
2367800,Bowen,Jarrod Bowen,Midfielder,WHU,8.0,90,0,1,0,1,0,0,0,0,5
2367800,Álvarez (Edson),Edson Álvarez,Midfielder,WHU,5.0,90,1,0,0,1,0,0,0,2,9
2367800,Soucek,Tomas Soucek,Midfielder,WHU,6.0,90,1,0,0,1,0,1,0,1,7
2367800,Johnson (Ben),Ben Johnson,Defender,WHU,3.8,2,0,0,0,0,0,0,0,0,1
2367800,Lucas Paquetá,Lucas Tolentino Coelho de Lima,Midfielder,WHU,6.0,79,0,0,0,1,0,0,0,0,2
2367800,Mavropanos,Konstantinos Mavropanos,Defender,WHU,4.5,90,0,0,0,1,0,0,0,0,2
2367800,Kudus,Mohammed Kudus,Midfielder,WHU,6.5,90,0,1,0,1,0,0,0,0,5
2367801,Lallana,Adam Lallana,Midfielder,BHA,5.0,58,0,0,0,2,0,0,0,0,1
2367801,Steele,Jason Steele,Goalkeeper,BHA,4.5,90,0,0,0,3,0,0,0,0,1
2367801,Groß,Pascal Groß,Midfielder,BHA,6.5,36,0,0,0,1,0,0,0,0,1
2367801,Dunk,Lewis Dunk,Defender,BHA,4.5,59,0,0,0,2,0,0,0,0,0
2367801,Webster,Adam Webster,Defender,BHA,4.5,90,0,0,0,3,0,0,0,0,1
2367801,Veltman,Joël Veltman,Defender,BHA,4.5,90,0,0,0,3,0,0,0,0,1
2367801,Estupiñán,Pervis Estupiñán,Defender,BHA,4.5,90,0,0,0,3,0,1,0,0,0
2367801,Lamptey,Tariq Lamptey,Defender,BHA,4.5,45,0,0,0,2,0,0,0,0,0
2367801,Moder,Jakub Moder,Midfielder,BHA,4.4,17,0,0,0,1,0,0,0,0,1
2367801,Ansu Fati,Anssumane Fati,Midfielder,BHA,6.4,45,0,0,0,1,0,0,0,0,1
2367801,van Hecke,Jan-Paul van Hecke,Defender,BHA,4.5,90,0,0,0,3,0,0,0,0,1
2367801,Enciso,Julio Enciso,Midfielder,BHA,5.5,45,0,0,0,2,0,0,0,0,1
2367801,Ferguson (Evan),Evan Ferguson,Forward,BHA,5.5,90,0,0,0,3,0,0,0,0,2
2367801,Baleba,Carlos Baleba,Midfielder,BHA,5.0,77,0,0,0,2,0,1,0,0,1
2367801,Adingra,Simon Adingra,Midfielder,BHA,5.5,45,0,0,0,1,0,0,0,0,1
2367801,Buonanotte,Facundo Buonanotte,Midfielder,BHA,5.0,36,0,0,0,1,0,0,0,0,1
2367801,Willian,Willian Borges Da Silva,Midfielder,FUL,5.0,26,0,0,0,0,0,0,0,0,1
2367801,Cairney,Tom Cairney,Midfielder,FUL,5.0,26,0,0,0,0,0,0,0,0,1
2367801,Leno,Bernd Leno,Goalkeeper,FUL,5.0,90,0,0,1,0,0,0,0,1,8
2367801,DeCordova-Reid,Bobby DeCordova-Reid,Midfielder,FUL,5.2,7,0,1,0,0,0,1,0,0,3
2367801,Tosin,Oluwatosin Adarabioyo,Defender,FUL,4.5,90,0,0,1,0,0,0,0,0,6
2367801,Iwobi,Alex Iwobi,Midfielder,FUL,6.5,68,0,0,1,0,0,0,0,0,3
2367801,Reed,Harrison Reed,Midfielder,FUL,4.5,90,0,0,1,0,0,0,0,0,3
2367801,Wilson (Harry),Harry Wilson,Midfielder,FUL,5.5,84,1,1,1,0,0,0,0,3,14
2367801,Pereira (Andreas),Andreas Pereira,Midfielder,FUL,5.5,69,0,0,1,0,0,0,0,0,3
2367801,Traoré (Adama),Adama Traoré,Midfielder,FUL,5.5,11,1,0,0,0,0,0,0,0,6
2367801,Castagne,Timothy Castagne,Defender,FUL,4.5,90,0,0,1,0,0,0,0,0,6
2367801,Robinson (Antonee),Antonee Robinson,Defender,FUL,5.0,90,0,0,1,0,0,0,0,0,6
2367801,Lukic,Sasa Lukic,Midfielder,FUL,5.0,88,0,0,1,0,0,0,0,0,3
2367801,Bassey,Calvin Bassey,Defender,FUL,4.5,90,0,0,1,0,0,0,0,0,6
2367801,Rodrigo Muniz,Rodrigo Muniz Carvalho,Forward,FUL,5.5,83,1,1,1,0,0,0,0,2,11
2367801,Broja,Armando Broja,Forward,FUL,5.3,11,0,0,0,0,0,0,0,0,1
2367802,Martinez,Emiliano Martinez,Goalkeeper,AVL,5.0,90,0,0,0,2,0,0,0,0,1
2367802,Digne,Lucas Digne,Defender,AVL,4.5,16,1,0,0,0,0,0,0,0,7
2367802,Álex Moreno,Alexandre Moreno Lopera,Defender,AVL,4.0,78,0,0,0,2,0,0,0,0,1
2367802,McGinn,John McGinn,Midfielder,AVL,5.5,90,0,0,0,2,0,0,0,0,2
2367802,Tielemans,Youri Tielemans,Midfielder,AVL,6.0,78,0,0,0,2,0,0,0,0,2
2367802,Lenglet,Clément Lenglet,Defender,AVL,4.5,90,0,0,0,2,0,0,0,0,1
2367802,Watkins,Ollie Watkins,Forward,AVL,9.0,90,2,0,0,2,0,0,0,3,13
2367802,Cash,Matthew Cash,Defender,AVL,4.5,90,0,0,0,2,0,0,0,0,1
2367802,Konsa Ngoyo,Ezri Konsa Ngoyo,Defender,AVL,4.5,90,0,0,0,2,0,0,0,0,1
2367802,Bailey,Leon Bailey,Midfielder,AVL,5.5,78,0,1,0,2,0,1,0,0,4
2367802,Douglas Luiz,Douglas Luiz Soares de Paulo,Midfielder,AVL,5.4,90,0,1,0,2,0,1,0,0,4
2367802,Ramsey (Jacob),Jacob Ramsey,Midfielder,AVL,5.5,26,0,0,0,0,0,0,0,0,1
2367802,Diaby,Moussa Diaby,Midfielder,AVL,6.5,16,0,1,0,0,0,0,0,0,4
2367802,Rogers,Morgan Rogers,Midfielder,AVL,7.0,56,0,0,0,2,0,1,0,0,0
2367802,Zaniolo,Nicolò Zaniolo,Midfielder,AVL,5.4,16,0,0,0,0,0,1,0,0,0
2367802,Iroegbunam,Tim Iroegbunam,Midfielder,AVL,5.0,16,0,0,0,0,0,0,0,0,1
2367802,Kaminski,Thomas Kaminski,Goalkeeper,LUT,4.0,90,0,0,0,3,0,0,0,0,2
2367802,Townsend,Andros Townsend,Midfielder,LUT,5.0,53,0,0,0,2,0,0,0,0,1
2367802,Barkley,Ross Barkley,Midfielder,LUT,5.0,90,0,0,0,3,0,0,0,0,2
2367802,Clark (Jordan),Jordan Clark,Midfielder,LUT,4.8,90,0,0,0,3,0,0,0,0,2
2367802,Ruddock Mpanzu,Pelly Ruddock Mpanzu,Midfielder,LUT,4.6,12,0,0,0,1,0,0,0,0,1
2367802,Burke,Reece Burke,Defender,LUT,4.0,90,0,1,0,3,0,1,0,0,3
2367802,Morris,Carlton Morris,Forward,LUT,4.7,90,1,0,0,3,0,0,0,2,8
2367802,Bell,Amarii Bell,Defender,LUT,3.8,4,0,0,0,0,0,0,0,0,1
2367802,Hashioka,Daiki Hashioka,Defender,LUT,4.0,41,0,0,0,1,0,0,0,0,1
2367802,Chong,Tahith Chong,Midfielder,LUT,4.4,82,1,0,0,2,0,0,0,0,7
2367802,Ogbene,Chiedozie Ogbene,Forward,LUT,4.8,90,0,0,0,3,0,0,0,0,2
2367802,Doughty,Alfie Doughty,Defender,LUT,4.3,90,0,1,0,3,0,0,0,1,5
2367802,Mengi,Teden Mengi,Defender,LUT,3.9,90,0,0,0,3,0,0,0,0,1
2367802,Issa Kabore,Issa Kabore,Defender,LUT,4.5,90,0,0,0,3,0,0,0,0,1
2367803,Walker,Kyle Walker,Defender,MCI,4.5,90,0,0,0,1,0,0,0,0,2
2367803,De Bruyne,Kevin De Bruyne,Midfielder,MCI,9.5,90,0,0,0,1,0,0,0,0,2
2367803,Stones,John Stones,Defender,MCI,5.5,90,0,0,0,1,0,0,0,0,2
2367803,Ederson,Ederson Santana de Moraes,Goalkeeper,MCI,5.5,90,0,0,0,1,0,0,0,0,2
2367803,Aké,Nathan Aké,Defender,MCI,5.5,90,0,0,0,1,0,0,0,0,2
2367803,Bernardo Silva,Bernardo Mota Veiga de Carvalho e Silva,Midfielder,MCI,6.5,90,0,0,0,1,0,0,0,1,3
2367803,Rúben Dias,Rúben Santos Gato Alves Dias,Defender,MCI,5.5,90,0,0,0,1,0,0,0,0,2
2367803,Foden,Phil Foden,Midfielder,MCI,8.0,90,2,0,0,1,0,0,0,3,15
2367803,Rodri,Rodrigo Hernández Cascante,Midfielder,MCI,6.5,90,0,2,0,1,0,0,0,2,10
2367803,Haaland,Erling Haaland,Forward,MCI,14.0,90,1,0,0,1,0,0,0,0,6
2367803,Doku,Jéremy Doku,Midfielder,MCI,6.5,58,0,0,0,1,0,0,0,0,1
2367803,Álvarez (Julián),Julián Álvarez,Forward,MCI,7.0,39,0,1,0,0,0,0,0,0,4
2367803,Bobb,Oscar Bobb,Midfielder,MCI,5.5,2,0,0,0,0,0,0,0,0,1
2367803,Evans,Jonny Evans,Defender,MUN,4.4,67,0,0,0,1,0,0,0,0,2
2367803,Casemiro,Carlos Henrique Jose Francisco Venancio,Midfielder,MUN,5.5,90,0,0,0,3,0,0,0,0,2
2367803,Varane,Raphael Varane,Defender,MUN,4.9,90,0,0,0,3,0,1,0,0,0
2367803,Bruno Fernandes,Bruno Miguel Borges Fernandes,Midfielder,MUN,9.0,90,0,1,0,3,0,0,0,0,5
2367803,Amrabat,Sofyan Amrabat,Midfielder,MUN,5.0,17,0,0,0,1,0,0,0,0,1
2367803,Rashford,Marcus Rashford,Midfielder,MUN,7.0,73,1,0,0,1,0,0,0,0,7
2367803,Lindelof,Victor Nilsson-Lindelof,Defender,MUN,4.3,90,0,0,0,3,0,0,0,0,1
2367803,McTominay,Scott McTominay,Midfielder,MUN,4.9,90,0,0,0,3,0,0,0,0,2
2367803,Onana,André Onana,Goalkeeper,MUN,5.0,90,0,0,0,3,0,0,0,0,2
2367803,Dalot,José Diogo Dalot Teixeira,Defender,MUN,4.5,90,0,0,0,3,0,0,0,0,1
2367803,Antony,Antony Matheus dos Santos,Midfielder,MUN,6.0,24,0,0,0,2,0,0,0,0,1
2367803,Forson,Omari Forson,Midfielder,MUN,4.4,17,0,0,0,1,0,0,0,0,1
2367803,Garnacho,Alejandro Garnacho Ferreyra,Midfielder,MUN,6.5,79,0,0,0,2,0,0,0,0,2
2367803,Mainoo,Kobbie Mainoo,Midfielder,MUN,5.0,80,0,0,0,2,0,0,0,0,2
2367803,Kambwala,Willy Kambwala,Defender,MUN,3.9,30,0,0,0,2,0,0,0,0,0
2367804,Dubravka,Martin Dubravka,Goalkeeper,NEW,4.0,90,0,0,1,0,0,0,0,0,7
2367804,Trippier,Kieran Trippier,Defender,NEW,5.0,51,0,0,0,0,0,0,0,0,1
2367804,Burn,Dan Burn,Defender,NEW,5.0,90,0,0,1,0,0,0,0,2,8
2367804,Murphy (Jacob),Jacob Murphy,Midfielder,NEW,6.5,68,0,0,1,0,0,0,0,0,3
2367804,Schär,Fabian Schär,Defender,NEW,5.5,90,0,1,1,0,0,0,0,3,12
2367804,Almirón,Miguel Almirón,Midfielder,NEW,5.4,25,0,0,0,0,0,0,0,0,1
2367804,Longstaff (Sean),Sean Longstaff,Midfielder,NEW,5.0,90,0,0,1,0,0,0,0,0,3
2367804,Willock,Joseph Willock,Midfielder,NEW,5.0,69,0,0,1,0,0,0,0,0,3
2367804,Barnes (Harvey),Harvey Barnes,Midfielder,NEW,6.5,25,0,0,0,0,0,0,0,0,1
2367804,Bruno Guimarães,Bruno Guimarães Rodriguez Moura,Midfielder,NEW,6.5,90,0,1,1,0,0,0,0,0,6
2367804,Anderson,Elliot Anderson,Midfielder,NEW,5.5,3,0,0,0,0,0,0,0,0,1
2367804,Isak,Alexander Isak,Forward,NEW,10.5,68,1,0,1,0,0,0,0,2,8
2367804,Botman,Sven Botman,Defender,NEW,5.0,90,0,0,1,0,0,0,0,0,6
2367804,Gordon (Anthony),Anthony Gordon,Midfielder,NEW,7.5,90,1,0,1,0,0,0,0,0,8
2367804,Livramento,Valentino Livramento,Defender,NEW,5.0,42,1,0,0,0,0,0,0,0,7
2367804,Miley (Lewis),Lewis Miley,Midfielder,NEW,4.5,25,0,0,0,0,0,0,0,0,1
2367804,Dawson,Craig Dawson,Defender,WOL,4.2,90,0,0,0,3,0,0,0,0,1
2367804,Bentley,Daniel Bentley,Goalkeeper,WOL,4.0,45,0,0,0,1,0,0,0,0,1
2367804,Sarabia,Pablo Sarabia,Midfielder,WOL,5.0,90,0,0,0,3,0,0,0,0,2
2367804,José Sá,José Pedro Malheiro de Sá,Goalkeeper,WOL,4.5,45,0,0,0,2,0,0,0,0,0
2367804,Lemina (Mario),Mario Lemina,Midfielder,WOL,4.8,79,0,0,0,2,0,0,0,0,2
2367804,Semedo,Nelson Semedo,Defender,WOL,4.5,90,0,0,0,3,0,0,0,0,1
2367804,Kilman,Max Kilman,Defender,WOL,4.5,90,0,0,0,3,0,0,0,0,1
2367804,Doyle,Tommy Doyle,Midfielder,WOL,4.7,90,0,0,0,3,0,0,0,0,2
2367804,Bellegarde,Jean-Ricner Bellegarde,Midfielder,WOL,5.5,79,0,0,0,2,0,0,0,0,2
2367804,Neto,Pedro Neto,Midfielder,WOL,7.0,45,0,0,0,2,0,0,0,0,1
2367804,Ait Nouri,Rayan Ait Nouri,Defender,WOL,6.0,90,0,0,0,3,0,1,0,0,0
2367804,Traoré (Boubacar),Boubacar Traoré,Midfielder,WOL,5.0,15,0,0,0,1,0,0,0,0,1
2367804,Bueno (Hugo),Hugo Bueno,Defender,WOL,4.5,35,0,0,0,1,0,0,0,0,1
2367804,Chirewa,Tawanda Chirewa,Midfielder,WOL,4.5,15,0,0,0,1,0,0,0,0,1
2367804,Toti,Toti António Gomes,Defender,WOL,4.5,58,0,0,0,2,0,0,0,0,0
2367804,Fraser (Nathan),Nathan Fraser,Forward,WOL,4.5,45,0,0,0,1,0,0,0,0,1
2367805,van Dijk,Virgil van Dijk,Defender,LIV,6.0,90,0,0,1,0,0,0,0,0,6
2367805,Robertson (Andrew),Andrew Robertson,Defender,LIV,6.0,59,0,0,0,0,0,1,0,0,0
2367805,Endo,Wataru Endo,Midfielder,LIV,5.0,37,0,0,0,0,0,0,0,0,1
2367805,Gomez,Joseph Gomez,Defender,LIV,5.0,90,0,0,1,0,0,0,0,0,6
2367805,Kelleher,Caoimhin Kelleher,Goalkeeper,LIV,4.5,90,0,0,1,0,0,0,0,3,9
2367805,Konaté,Ibrahima Konaté,Defender,LIV,5.5,90,0,0,1,0,0,0,0,2,8
2367805,Tsimikas,Konstantinos Tsimikas,Defender,LIV,5.0,14,0,0,0,0,0,0,0,0,1
2367805,Mac Allister,Alexis Mac Allister,Midfielder,LIV,6.5,90,0,1,1,0,0,0,0,0,6
2367805,Gakpo,Cody Gakpo,Forward,LIV,7.5,82,0,0,1,0,0,0,0,0,2
2367805,Díaz,Luis Díaz,Midfielder,LIV,8.0,90,0,0,1,0,0,0,0,0,3
2367805,Szoboszlai,Dominik Szoboszlai,Midfielder,LIV,6.5,22,0,0,0,0,0,0,0,0,1
2367805,Elliott,Harvey Elliott,Midfielder,LIV,5.5,75,0,0,1,0,0,0,0,0,3
2367805,Núñez,Darwin Núñez,Forward,LIV,6.5,37,1,0,0,0,0,0,0,0,5
2367805,Clark (Bobby),Bobby Clark,Midfielder,LIV,4.5,59,0,0,0,0,0,0,0,0,1
2367805,Bradley,Conor Bradley,Defender,LIV,5.0,82,0,0,1,0,0,0,0,2,8
2367805,Danns,Jayden Danns,Forward,LIV,4.5,14,0,0,0,0,0,1,0,0,0
2367805,Sels,Matz Sels,Goalkeeper,NFO,5.0,90,0,0,0,1,0,0,0,0,2
2367805,Toffolo,Harry Toffolo,Defender,NFO,4.2,90,0,0,0,1,0,0,0,0,2
2367805,Origi,Divock Origi,Forward,NFO,5.0,63,0,0,1,0,0,0,0,0,2
2367805,Yates,Ryan Yates,Midfielder,NFO,5.0,90,0,0,0,1,0,0,0,0,2
2367805,Hudson-Odoi,Callum Hudson-Odoi,Midfielder,NFO,6.0,90,0,0,0,1,0,0,0,0,2
2367805,Awoniyi,Taiwo Awoniyi,Forward,NFO,5.5,33,0,0,0,1,0,0,0,0,1
2367805,Williams (Neco),Neco Williams,Defender,NFO,5.0,90,0,0,0,1,0,0,0,0,2
2367805,Gibbs-White,Morgan Gibbs-White,Midfielder,NFO,7.5,90,0,0,0,1,0,1,0,0,1
2367805,Nicolás Domínguez,Nicolás Domínguez,Midfielder,NFO,5.0,78,0,0,1,0,0,0,0,0,3
2367805,Elanga,Anthony Elanga,Midfielder,NFO,7.0,90,0,0,0,1,0,0,0,0,2
2367805,Omobamidele,Andrew Omobamidele,Defender,NFO,4.2,90,0,0,0,1,0,0,0,0,2
2367805,Danilo,Danilo dos Santos de Oliveira,Midfielder,NFO,4.7,19,0,0,0,1,0,1,0,0,0
2367805,Murillo,Murillo Santiago Costa dos Santos,Defender,NFO,5.5,90,0,0,0,1,0,0,0,0,2
2367806,Cedric,Cedric Ricardo Alves Soares,Defender,ARS,3.8,30,0,0,0,0,0,0,0,0,1
2367806,Jorginho,Jorge Luiz Frello Filho,Midfielder,ARS,4.6,61,0,0,1,0,0,0,0,0,3
2367806,Trossard,Leandro Trossard,Midfielder,ARS,7.0,22,0,0,0,0,0,0,0,0,1
2367806,Raya Martin,David Raya Martin,Goalkeeper,ARS,5.5,90,0,0,1,0,0,0,0,0,6
2367806,Partey,Thomas Partey,Midfielder,ARS,4.9,31,0,0,0,0,0,0,0,0,1
2367806,Odegaard,Martin Odegaard,Midfielder,ARS,8.0,90,1,0,1,0,0,0,0,2,10
2367806,White (Ben),Ben White,Defender,ARS,5.5,61,1,0,1,0,0,0,0,1,13
2367806,Rice,Declan Rice,Midfielder,ARS,6.5,69,1,0,1,0,0,0,0,0,8
2367806,Jesus,Gabriel Fernando de Jesus,Forward,ARS,6.5,31,0,0,0,0,0,0,0,0,1
2367806,Havertz,Kai Havertz,Midfielder,ARS,7.5,90,1,1,1,0,0,0,0,3,14
2367806,Saka,Bukayo Saka,Midfielder,ARS,10.0,45,0,2,0,0,0,0,0,0,7
2367806,Gabriel Magalhães,Gabriel dos Santos Magalhães,Defender,ARS,6.0,90,0,0,1,0,0,0,0,0,6
2367806,Fábio Vieira,Fábio Daniel Vieira,Midfielder,ARS,5.5,45,0,0,0,0,0,0,0,0,1
2367806,Kiwior,Jakub Kiwior,Defender,ARS,5.5,90,0,1,1,0,0,0,0,1,10
2367806,Martinelli,Gabriel Teodoro Martinelli Silva,Midfielder,ARS,7.0,61,1,1,1,0,0,0,0,0,11
2367806,Saliba,William Saliba,Defender,ARS,6.0,90,0,0,1,0,0,0,0,0,6
2367806,Norwood,Oliver Norwood,Midfielder,SHU,4.8,16,0,0,0,3,0,0,0,0,1
2367806,Baldock,George Baldock,Defender,SHU,3.8,45,0,0,0,1,0,0,0,0,1
2367806,Robinson (Jack),Jack Robinson,Defender,SHU,4.3,90,0,0,0,6,0,0,0,0,0
2367806,Osborn,Ben Osborn,Midfielder,SHU,4.8,79,0,0,0,3,0,0,0,0,2
2367806,McBurnie,Oliver McBurnie,Forward,SHU,5.4,45,0,0,0,5,0,0,0,0,1
2367806,Grbic,Ivo Grbic,Goalkeeper,SHU,4.5,90,0,0,0,6,0,0,0,0,0
2367806,Davies (Tom),Tom Davies,Midfielder,SHU,5.0,45,0,0,0,5,0,0,0,0,1
2367806,Hamer,Gustavo Hamer,Midfielder,SHU,4.9,90,0,0,0,6,0,0,0,0,2
2367806,Trusty,Auston Trusty,Defender,SHU,3.9,90,0,0,0,6,0,0,0,0,0
2367806,Bogle,Jayden Bogle,Defender,SHU,4.5,90,0,0,0,6,1,1,0,0,0
2367806,Ahmedhodzic,Anel Ahmedhodzic,Defender,SHU,4.3,61,0,0,0,6,0,0,0,0,0
2367806,Vinicius Souza,Vinicius de Souza Costa,Midfielder,SHU,5.0,90,0,0,0,6,0,0,0,0,2
2367806,Mcatee,James Mcatee,Midfielder,SHU,5.5,45,0,0,0,5,0,0,0,0,1
2367806,Arblaster,Oliver Arblaster,Midfielder,SHU,4.5,32,0,0,0,0,0,0,0,0,1
2367806,Osula,William Osula,Forward,SHU,5.5,45,0,0,0,1,0,0,0,0,1
2367806,Brooks (Andre),Andre Brooks,Midfielder,SHU,4.4,45,0,0,0,1,0,0,0,0,1
2367807,Ward,Joel Ward,Defender,CRY,4.3,90,0,0,0,3,0,0,0,0,1
2367807,Ayew (Jordan),Jordan Ayew,Midfielder,CRY,5.1,69,0,0,1,0,0,0,0,0,3
2367807,Johnstone,Sam Johnstone,Goalkeeper,CRY,4.5,90,0,0,0,3,0,1,0,0,1
2367807,Hughes,Will Hughes,Midfielder,CRY,5.0,27,0,0,0,3,0,0,0,0,1
2367807,Lerma,Jefferson Lerma,Midfielder,CRY,5.0,90,0,0,0,3,0,1,0,0,1
2367807,Andersen (Joachim),Joachim Andersen,Defender,CRY,4.5,90,0,0,0,3,0,0,0,0,1
2367807,Edouard,Odsonne Edouard,Forward,CRY,5.0,27,0,0,0,3,0,0,0,0,1
2367807,Mateta,Jean-Philippe Mateta,Forward,CRY,7.5,90,0,0,0,3,0,0,0,0,2
2367807,Eze,Eberechi Eze,Midfielder,CRY,7.5,65,1,0,1,0,0,0,0,0,8
2367807,Mitchell,Tyrick Mitchell,Defender,CRY,5.0,90,0,0,0,3,0,0,0,0,1
2367807,Muñoz,Daniel Muñoz,Defender,CRY,5.5,90,0,0,0,3,0,0,0,0,1
2367807,Richards (Chris),Chris Richards,Defender,CRY,4.5,90,0,0,0,3,0,0,0,0,1
2367807,Wharton,Adam Wharton,Midfielder,CRY,5.0,69,0,0,1,0,0,0,0,0,3
2367807,Matheus França,Matheus França de Oliveira,Midfielder,CRY,4.5,31,0,0,0,3,0,0,0,0,1
2367807,Son,Heung-Min Son,Midfielder,TOT,8.5,89,1,0,0,1,0,0,0,0,7
2367807,Højbjerg,Pierre-Emile Højbjerg,Midfielder,TOT,5.0,15,0,0,0,0,0,0,0,0,1
2367807,Werner,Timo Werner,Forward,TOT,6.2,81,1,0,0,1,0,0,0,3,9
2367807,Maddison,James Maddison,Midfielder,TOT,7.0,81,0,1,0,1,0,0,0,0,5
2367807,Vicario,Guglielmo Vicario,Goalkeeper,TOT,5.0,90,0,0,0,1,0,0,0,0,2
2367807,Lo Celso,Giovani Lo Celso,Midfielder,TOT,4.9,7,0,0,0,0,0,0,0,0,1
2367807,Bentancur,Rodrigo Bentancur,Midfielder,TOT,5.5,63,0,0,0,1,0,1,0,0,1
2367807,Romero,Cristian Romero,Defender,TOT,5.0,90,1,0,0,1,0,0,0,2,10
2367807,Bissouma,Yves Bissouma,Midfielder,TOT,5.5,89,0,0,0,1,0,0,0,0,2
2367807,Emerson Royal,Emerson Aparecido Leite de Souza Junior,Defender,TOT,4.5,90,0,0,0,1,0,0,0,0,2
2367807,Johnson (Brennan),Brennan Johnson,Midfielder,TOT,7.0,34,0,2,0,0,0,0,0,1,8
2367807,Kulusevski,Dejan Kulusevski,Midfielder,TOT,6.5,90,0,0,0,1,0,0,0,0,2
2367807,Sarr (Pape),Pape Sarr,Midfielder,TOT,5.0,15,0,0,0,0,0,0,0,0,1
2367807,Destiny Udogie,Iyenoma Destiny Udogie,Defender,TOT,4.5,90,0,0,0,1,0,0,0,0,2
2367807,Scarlett,Dane Scarlett,Forward,TOT,4.5,7,0,0,0,0,0,0,0,0,1
2367807,van de Ven,Micky van de Ven,Defender,TOT,4.5,90,0,0,0,1,0,0,0,0,2
2367808,Smith (Adam),Adam Smith,Defender,BOU,4.5,72,0,0,0,2,0,1,0,0,0
2367808,Neto,Norberto Murara Neto,Goalkeeper,BOU,4.5,90,0,0,0,2,0,0,0,0,3
2367808,Solanke,Dominic Solanke,Forward,BOU,7.5,90,0,0,0,2,0,0,0,0,0
2367808,Cook (Lewis),Lewis Cook,Midfielder,BOU,5.0,90,0,0,0,2,0,0,0,0,2
2367808,Christie,Ryan Christie,Midfielder,BOU,5.0,72,0,1,0,2,0,0,0,2,7
2367808,Unal,Enes Unal,Forward,BOU,5.5,36,1,0,0,1,0,0,0,0,5
2367808,Billing,Philip Billing,Midfielder,BOU,5.0,25,0,0,0,0,0,0,0,0,1
2367808,Tavernier,Marcus Tavernier,Midfielder,BOU,5.5,61,0,0,0,1,0,0,0,0,2
2367808,Kluivert,Justin Kluivert,Midfielder,BOU,7.0,61,0,0,0,1,0,0,0,0,2
2367808,Mepham,Chris Mepham,Defender,BOU,4.0,90,0,0,0,2,0,1,0,0,0
2367808,Sinisterra,Luis Sinisterra,Midfielder,BOU,5.0,36,0,0,0,1,0,0,0,0,1
2367808,Semenyo,Antoine Semenyo,Forward,BOU,7.0,90,0,0,0,2,0,0,0,0,2
2367808,Zabarnyi,Illia Zabarnyi,Defender,BOU,5.0,90,0,0,0,2,0,0,0,0,1
2367808,Scott,Alex Scott,Midfielder,BOU,5.0,25,0,0,0,0,0,0,0,0,1
2367808,Dango Ouattara,Dango Ouattara,Midfielder,BOU,6.0,45,1,1,0,1,0,0,0,3,12
2367808,Kerkez,Milos Kerkez,Defender,BOU,6.0,45,0,0,0,1,0,1,0,0,0
2367808,Norwood,Oliver Norwood,Midfielder,SHU,4.8,19,0,0,0,1,0,1,0,0,0
2367808,Baldock,George Baldock,Defender,SHU,3.8,90,0,0,0,2,0,0,0,0,1
2367808,Robinson (Jack),Jack Robinson,Defender,SHU,4.3,90,1,0,0,2,0,0,0,0,7
2367808,Osborn,Ben Osborn,Midfielder,SHU,4.8,90,0,0,0,2,0,0,0,0,2
2367808,McBurnie,Oliver McBurnie,Forward,SHU,5.4,67,0,0,1,0,0,1,0,0,1
2367808,Grbic,Ivo Grbic,Goalkeeper,SHU,4.5,90,0,0,0,2,0,1,0,0,3
2367808,Davies (Tom),Tom Davies,Midfielder,SHU,5.0,45,0,0,0,0,0,0,0,0,1
2367808,Hamer,Gustavo Hamer,Midfielder,SHU,4.9,90,1,0,0,2,0,1,0,1,7
2367808,Trusty,Auston Trusty,Defender,SHU,3.9,90,0,0,0,2,0,0,0,0,1
2367808,Brereton,Ben Brereton,Midfielder,SHU,4.8,78,0,0,0,1,0,1,0,0,1
2367808,Bogle,Jayden Bogle,Defender,SHU,4.5,67,0,1,1,0,0,0,0,0,9
2367808,Ahmedhodzic,Anel Ahmedhodzic,Defender,SHU,4.3,30,0,0,0,2,0,0,0,0,0
2367808,Vinicius Souza,Vinicius de Souza Costa,Midfielder,SHU,5.0,45,0,0,0,2,0,0,0,0,1
2367808,Mcatee,James Mcatee,Midfielder,SHU,5.5,30,0,0,0,2,0,0,0,0,1
2367808,Arblaster,Oliver Arblaster,Midfielder,SHU,4.5,78,0,0,0,1,0,0,0,0,2
2367808,Osula,William Osula,Forward,SHU,5.5,19,0,0,0,1,0,0,0,0,1
2367809,Jorginho,Jorge Luiz Frello Filho,Midfielder,ARS,4.6,69,0,0,0,1,0,0,0,0,2
2367809,Trossard,Leandro Trossard,Midfielder,ARS,7.0,79,0,0,0,1,0,0,0,0,2
2367809,Partey,Thomas Partey,Midfielder,ARS,4.9,5,0,0,0,0,0,0,0,0,1
2367809,Odegaard,Martin Odegaard,Midfielder,ARS,8.0,90,0,0,0,1,0,0,0,0,2
2367809,White (Ben),Ben White,Defender,ARS,5.5,90,0,2,0,1,0,0,0,3,11
2367809,Nelson (Reiss),Reiss Nelson,Midfielder,ARS,5.0,21,0,0,0,0,0,0,0,0,1
2367809,Rice,Declan Rice,Midfielder,ARS,6.5,90,1,0,0,1,0,0,0,2,9
2367809,Jesus,Gabriel Fernando de Jesus,Forward,ARS,6.5,30,0,0,0,0,0,0,0,0,1
2367809,Zinchenko,Oleksandr Zinchenko,Defender,ARS,5.0,21,0,0,0,0,0,0,0,0,1
2367809,Havertz,Kai Havertz,Midfielder,ARS,7.5,90,1,0,0,1,0,1,0,1,7
2367809,Saka,Bukayo Saka,Midfielder,ARS,10.0,90,0,0,0,1,0,0,0,0,2
2367809,Ramsdale,Aaron Ramsdale,Goalkeeper,ARS,4.4,90,0,0,0,1,0,0,0,0,3
2367809,Gabriel Magalhães,Gabriel dos Santos Magalhães,Defender,ARS,6.0,90,0,0,0,1,0,1,0,0,1
2367809,Kiwior,Jakub Kiwior,Defender,ARS,5.5,79,0,0,0,1,0,0,0,0,2
2367809,Saliba,William Saliba,Defender,ARS,6.0,90,0,0,0,1,0,0,0,0,2
2367809,Zanka,Mathias Jorgensen,Defender,BRE,4.5,90,0,0,0,2,0,1,0,0,0
2367809,Maupay,Neal Maupay,Forward,BRE,4.9,22,0,0,0,1,0,0,0,0,1
2367809,Flekken,Mark Flekken,Goalkeeper,BRE,4.5,90,0,0,0,2,0,0,0,0,2
2367809,Norgaard,Christian Norgaard,Midfielder,BRE,5.5,33,0,0,0,1,0,0,0,0,1
2367809,Toney,Ivan Toney,Forward,BRE,7.3,90,0,0,0,2,0,0,0,0,2
2367809,Ajer,Kristoffer Ajer,Defender,BRE,4.5,90,0,0,0,2,0,0,0,0,1
2367809,Janelt,Vitaly Janelt,Midfielder,BRE,5.0,90,0,0,0,2,0,0,0,0,2
2367809,Ghoddos,Saman Ghoddos,Midfielder,BRE,4.5,10,0,0,0,0,0,0,0,0,1
2367809,Jensen,Mathias Jensen,Midfielder,BRE,5.0,59,0,0,0,1,0,0,0,0,1
2367809,Wissa,Yoane Wissa,Forward,BRE,7.5,78,1,0,0,1,0,1,0,0,5
2367809,Roerslev,Mads Roerslev,Defender,BRE,4.5,90,0,0,0,2,0,0,0,0,1
2367809,Lewis-Potter,Keane Lewis-Potter,Midfielder,BRE,5.0,90,0,0,0,2,0,0,0,0,2
2367809,Onyeka,Frank Onyeka,Midfielder,BRE,5.0,78,0,0,0,1,0,1,0,0,1
2367809,Collins,Nathan Collins,Defender,BRE,5.0,90,0,0,0,2,0,1,0,0,0
2367809,Damsgaard,Mikkel Damsgaard,Midfielder,BRE,6.0,9,0,0,0,0,0,0,0,0,1
2367809,Yarmolyuk,Ehor Yarmolyuk,Midfielder,BRE,5.0,22,0,0,0,1,0,0,0,0,1
2367810,Martinez,Emiliano Martinez,Goalkeeper,AVL,5.0,90,0,0,0,4,0,0,0,0,0
2367810,Digne,Lucas Digne,Defender,AVL,4.5,56,0,0,0,2,0,0,0,0,0
2367810,Álex Moreno,Alexandre Moreno Lopera,Defender,AVL,4.0,39,0,0,0,2,0,0,0,0,0
2367810,McGinn,John McGinn,Midfielder,AVL,5.5,63,0,0,0,2,0,0,1,0,0
2367810,Diego Carlos,Diego Carlos Santos Silva,Defender,AVL,4.5,15,0,0,0,2,0,0,0,0,0
2367810,Tielemans,Youri Tielemans,Midfielder,AVL,6.0,56,0,0,0,2,0,0,0,0,1
2367810,Lenglet,Clément Lenglet,Defender,AVL,4.5,55,0,0,0,2,0,0,0,0,0
2367810,Watkins,Ollie Watkins,Forward,AVL,9.0,90,0,0,0,4,0,0,0,0,2
2367810,Cash,Matthew Cash,Defender,AVL,4.5,90,0,0,0,4,0,0,0,0,0
2367810,Konsa Ngoyo,Ezri Konsa Ngoyo,Defender,AVL,4.5,80,0,0,0,2,0,0,0,0,1
2367810,Bailey,Leon Bailey,Midfielder,AVL,5.5,65,0,0,0,2,0,0,0,0,2
2367810,Douglas Luiz,Douglas Luiz Soares de Paulo,Midfielder,AVL,5.4,90,0,0,0,4,0,0,0,0,2
2367810,Diaby,Moussa Diaby,Midfielder,AVL,6.5,40,0,0,0,2,0,0,0,0,1
2367810,Torres,Pau Torres,Defender,AVL,4.5,90,0,0,0,4,0,0,0,0,0
2367810,Zaniolo,Nicolò Zaniolo,Midfielder,AVL,5.4,40,0,0,0,2,0,0,0,0,1
2367810,Iroegbunam,Tim Iroegbunam,Midfielder,AVL,5.0,30,0,0,0,2,0,0,0,0,1
2367810,Son,Heung-Min Son,Midfielder,TOT,8.5,90,1,2,1,0,0,0,0,3,17
2367810,Højbjerg,Pierre-Emile Højbjerg,Midfielder,TOT,5.0,13,0,0,0,0,0,0,0,0,1
2367810,Werner,Timo Werner,Forward,TOT,6.2,13,1,0,0,0,0,0,0,0,5
2367810,Maddison,James Maddison,Midfielder,TOT,7.0,82,1,0,1,0,0,0,0,1,9
2367810,Vicario,Guglielmo Vicario,Goalkeeper,TOT,5.0,90,0,0,1,0,0,0,0,0,6
2367810,Bentancur,Rodrigo Bentancur,Midfielder,TOT,5.5,30,0,0,0,0,0,0,0,0,1
2367810,Romero,Cristian Romero,Defender,TOT,5.0,90,0,0,1,0,0,0,0,2,8
2367810,Bissouma,Yves Bissouma,Midfielder,TOT,5.5,90,0,0,1,0,0,0,0,0,3
2367810,Johnson (Brennan),Brennan Johnson,Midfielder,TOT,7.0,82,1,0,1,0,0,0,0,0,8
2367810,Porro,Pedro Porro,Defender,TOT,5.5,90,0,0,1,0,0,0,0,1,7
2367810,Kulusevski,Dejan Kulusevski,Midfielder,TOT,6.5,90,0,1,1,0,0,0,0,0,6
2367810,Sarr (Pape),Pape Sarr,Midfielder,TOT,5.0,66,0,1,1,0,0,1,0,0,5
2367810,Destiny Udogie,Iyenoma Destiny Udogie,Defender,TOT,4.5,90,0,0,1,0,0,0,0,0,6
2367810,van de Ven,Micky van de Ven,Defender,TOT,4.5,47,0,0,0,0,0,0,0,0,1
2367810,Dragusin,Radu Dragusin,Defender,TOT,4.5,45,0,0,0,0,0,1,0,0,0
2367811,Lallana,Adam Lallana,Midfielder,BHA,5.0,17,0,0,0,0,0,1,0,0,0
2367811,Welbeck,Danny Welbeck,Forward,BHA,6.5,37,0,0,0,0,0,0,0,0,1
2367811,Groß,Pascal Groß,Midfielder,BHA,6.5,90,0,1,1,0,0,0,0,2,8
2367811,Dunk,Lewis Dunk,Defender,BHA,4.5,90,0,0,1,0,0,0,0,1,7
2367811,Veltman,Joël Veltman,Defender,BHA,4.5,90,0,0,1,0,0,1,0,0,5
2367811,Estupiñán,Pervis Estupiñán,Defender,BHA,4.5,75,0,0,1,0,0,0,0,0,6
2367811,Igor Julio,Igor Julio dos Santos de Paulo,Defender,BHA,4.5,22,0,0,0,0,0,0,0,0,1
2367811,Lamptey,Tariq Lamptey,Defender,BHA,4.5,37,0,0,0,0,0,0,0,0,1
2367811,Moder,Jakub Moder,Midfielder,BHA,4.4,75,0,0,1,0,0,1,0,0,2
2367811,Ansu Fati,Anssumane Fati,Midfielder,BHA,6.4,60,0,0,0,0,0,1,0,0,0
2367811,van Hecke,Jan-Paul van Hecke,Defender,BHA,4.5,90,0,0,1,0,0,0,0,0,6
2367811,Enciso,Julio Enciso,Midfielder,BHA,5.5,22,0,0,0,0,0,0,0,0,1
2367811,Ferguson (Evan),Evan Ferguson,Forward,BHA,5.5,60,0,0,0,0,0,0,0,0,1
2367811,Verbruggen,Bart Verbruggen,Goalkeeper,BHA,4.5,90,0,0,1,0,0,0,0,3,10
2367811,Baleba,Carlos Baleba,Midfielder,BHA,5.0,90,0,0,1,0,0,0,0,0,3
2367811,Adingra,Simon Adingra,Midfielder,BHA,5.5,80,0,0,1,0,0,0,0,0,3
2367811,Kouyaté,Cheikhou Kouyaté,Midfielder,NFO,4.8,10,0,0,0,0,0,0,0,0,1
2367811,Wood,Chris Wood,Forward,NFO,7.5,90,0,0,0,1,0,0,0,0,2
2367811,Sels,Matz Sels,Goalkeeper,NFO,5.0,90,0,0,0,1,0,0,0,0,3
2367811,Toffolo,Harry Toffolo,Defender,NFO,4.2,90,0,0,0,1,0,0,0,0,2
2367811,Origi,Divock Origi,Forward,NFO,5.0,60,0,0,0,1,0,0,0,0,2
2367811,Yates,Ryan Yates,Midfielder,NFO,5.0,72,0,0,0,1,0,0,0,0,2
2367811,Hudson-Odoi,Callum Hudson-Odoi,Midfielder,NFO,6.0,26,0,0,0,0,0,0,0,0,1
2367811,Awoniyi,Taiwo Awoniyi,Forward,NFO,5.5,25,0,0,0,0,0,0,0,0,1
2367811,Sangaré,Ibrahim Sangaré,Midfielder,NFO,5.0,37,0,0,0,0,0,1,0,0,0
2367811,Williams (Neco),Neco Williams,Defender,NFO,5.0,90,0,0,0,1,0,1,0,0,1
2367811,Gibbs-White,Morgan Gibbs-White,Midfielder,NFO,7.5,87,0,0,0,1,0,0,0,0,2
2367811,Nicolás Domínguez,Nicolás Domínguez,Midfielder,NFO,5.0,72,0,0,0,1,0,1,0,0,1
2367811,Elanga,Anthony Elanga,Midfielder,NFO,7.0,37,0,0,0,0,0,0,0,0,1
2367811,Omobamidele,Andrew Omobamidele,Defender,NFO,4.2,90,0,0,0,1,1,1,0,0,0
2367811,Danilo,Danilo dos Santos de Oliveira,Midfielder,NFO,4.7,60,0,0,0,1,0,0,0,0,2
2367811,Murillo,Murillo Santiago Costa dos Santos,Defender,NFO,5.5,90,0,0,0,1,0,0,0,0,2
2367812,Sterling (Raheem),Raheem Sterling,Midfielder,CHE,6.7,69,0,0,0,1,0,1,0,0,1
2367812,Cucurella,Marc Cucurella,Defender,CHE,6.0,90,0,0,0,2,0,0,0,0,1
2367812,Chalobah,Trevoh Chalobah,Defender,CHE,5.0,90,0,0,0,2,0,0,0,0,1
2367812,Disasi,Axel Disasi,Defender,CHE,4.2,90,0,0,0,2,0,0,0,0,1
2367812,Gallagher,Conor Gallagher,Midfielder,CHE,5.9,90,0,1,0,2,0,0,0,1,6
2367812,Palmer,Cole Palmer,Midfielder,CHE,10.5,84,1,1,0,1,0,0,0,3,13
2367812,Fernández (Enzo),Enzo Fernández,Midfielder,CHE,6.5,90,0,1,0,2,0,0,0,0,5
2367812,Petrovic,Dorde Petrovic,Goalkeeper,CHE,4.5,90,0,0,0,2,0,1,0,0,0
2367812,Mudryk,Mykhailo Mudryk,Midfielder,CHE,5.0,27,1,0,0,1,0,0,0,1,7
2367812,Chukwuemeka,Carney Chukwuemeka,Midfielder,CHE,4.7,6,0,0,0,0,0,0,0,0,1
2367812,Gusto,Malo Gusto,Defender,CHE,5.0,90,0,0,0,2,0,0,0,0,1
2367812,Moises Caicedo,Moises Caicedo,Midfielder,CHE,5.5,90,0,0,0,2,0,1,0,0,1
2367812,Casadei,Cesare Casadei,Midfielder,CHE,4.4,11,0,0,0,1,0,0,0,0,1
2367812,Jackson (Nicolas),Nicolas Jackson,Forward,CHE,6.5,89,1,0,0,2,0,0,0,2,8
2367812,Dubravka,Martin Dubravka,Goalkeeper,NEW,4.0,90,0,0,0,3,0,0,0,0,2
2367812,Burn,Dan Burn,Defender,NEW,5.0,67,0,0,0,2,0,0,0,0,1
2367812,Krafth,Emil Krafth,Defender,NEW,4.5,28,0,0,0,1,0,0,0,0,1
2367812,Murphy (Jacob),Jacob Murphy,Midfielder,NEW,6.5,59,1,0,0,2,0,0,0,0,6
2367812,Schär,Fabian Schär,Defender,NEW,5.5,90,0,0,0,3,0,0,0,0,1
2367812,Almirón,Miguel Almirón,Midfielder,NEW,5.4,68,0,0,0,2,0,0,0,0,2
2367812,Longstaff (Sean),Sean Longstaff,Midfielder,NEW,5.0,90,0,0,0,3,0,0,0,0,2
2367812,Willock,Joseph Willock,Midfielder,NEW,5.0,79,0,0,0,3,0,0,0,0,2
2367812,Bruno Guimarães,Bruno Guimarães Rodriguez Moura,Midfielder,NEW,6.5,79,0,1,0,3,0,0,0,0,5
2367812,Anderson,Elliot Anderson,Midfielder,NEW,5.5,28,0,0,0,1,0,0,0,0,1
2367812,Isak,Alexander Isak,Forward,NEW,10.5,90,1,0,0,3,0,0,0,0,6
2367812,Botman,Sven Botman,Defender,NEW,5.0,90,0,0,0,3,0,0,0,0,1
2367812,Gordon (Anthony),Anthony Gordon,Midfielder,NEW,7.5,33,0,0,0,1,0,0,0,0,1
2367812,Livramento,Valentino Livramento,Defender,NEW,5.0,90,0,0,0,3,0,0,0,0,1
2367812,White (Joe),Joe White,Midfielder,NEW,4.5,17,0,0,0,0,0,1,0,0,0
2367812,Miley (Lewis),Lewis Miley,Midfielder,NEW,4.5,17,0,1,0,0,0,0,0,0,4
2367813,Ward,Joel Ward,Defender,CRY,4.3,90,0,0,0,1,0,0,0,0,2
2367813,Ayew (Jordan),Jordan Ayew,Midfielder,CRY,5.1,69,0,0,1,0,0,0,0,0,3
2367813,Johnstone,Sam Johnstone,Goalkeeper,CRY,4.5,90,0,0,0,1,0,0,0,0,2
2367813,Hughes,Will Hughes,Midfielder,CRY,5.0,17,0,0,0,1,0,0,0,0,1
2367813,Lerma,Jefferson Lerma,Midfielder,CRY,5.0,90,0,0,0,1,0,0,0,1,3
2367813,Andersen (Joachim),Joachim Andersen,Defender,CRY,4.5,90,0,0,0,1,0,0,0,0,2
2367813,Edouard,Odsonne Edouard,Forward,CRY,5.0,17,0,0,0,1,0,0,0,0,1
2367813,Mateta,Jean-Philippe Mateta,Forward,CRY,7.5,77,1,0,1,0,0,0,0,2,8
2367813,Eze,Eberechi Eze,Midfielder,CRY,7.5,90,0,0,0,1,0,1,0,0,1
2367813,Mitchell,Tyrick Mitchell,Defender,CRY,5.0,90,0,0,0,1,0,0,0,1,3
2367813,Muñoz,Daniel Muñoz,Defender,CRY,5.5,90,0,1,0,1,0,1,0,0,4
2367813,Richards (Chris),Chris Richards,Defender,CRY,4.5,90,0,0,0,1,0,0,0,0,2
2367813,Ahamada,Naouirou Ahamada,Midfielder,CRY,4.5,26,0,0,0,1,0,0,0,0,1
2367813,Wharton,Adam Wharton,Midfielder,CRY,5.0,78,0,0,1,0,0,0,0,0,3
2367813,Kaminski,Thomas Kaminski,Goalkeeper,LUT,4.0,90,0,0,0,1,0,0,0,0,3
2367813,Townsend,Andros Townsend,Midfielder,LUT,5.0,11,0,1,0,0,0,0,0,0,4
2367813,Berry,Luke Berry,Midfielder,LUT,4.6,11,0,0,0,0,0,1,0,0,0
2367813,Barkley,Ross Barkley,Midfielder,LUT,5.0,90,0,0,0,1,0,0,0,0,2
2367813,Woodrow,Cauley Woodrow,Forward,LUT,4.3,17,1,0,0,0,0,0,0,3,8
2367813,Clark (Jordan),Jordan Clark,Midfielder,LUT,4.8,84,0,0,0,1,0,0,0,0,2
2367813,Burke,Reece Burke,Defender,LUT,4.0,90,0,0,0,1,0,1,0,0,1
2367813,Morris,Carlton Morris,Forward,LUT,4.7,90,0,0,0,1,0,0,0,0,2
2367813,Osho,Gabriel Osho,Defender,LUT,4.4,78,0,0,0,1,0,0,0,0,2
2367813,Hashioka,Daiki Hashioka,Defender,LUT,4.0,34,0,0,0,0,0,0,0,0,1
2367813,Chong,Tahith Chong,Midfielder,LUT,4.4,84,0,0,0,1,0,0,0,0,2
2367813,Ogbene,Chiedozie Ogbene,Forward,LUT,4.8,84,0,0,0,1,0,0,0,0,2
2367813,Doughty,Alfie Doughty,Defender,LUT,4.3,90,0,0,0,1,0,0,0,0,2
2367813,Mengi,Teden Mengi,Defender,LUT,3.9,61,0,0,0,1,0,0,0,0,2
2367813,Issa Kabore,Issa Kabore,Defender,LUT,4.5,90,0,0,0,1,0,1,0,0,1
2367813,Nelson (Zack),Zack Nelson,Midfielder,LUT,4.5,10,0,0,0,0,0,0,0,0,1
2367814,van Dijk,Virgil van Dijk,Defender,LIV,6.0,90,0,0,0,1,0,0,0,0,2
2367814,Salah,Mohamed Salah,Midfielder,LIV,14.5,38,0,0,0,0,0,0,0,0,1
2367814,Robertson (Andrew),Andrew Robertson,Defender,LIV,6.0,38,0,0,0,0,0,0,0,0,1
2367814,Endo,Wataru Endo,Midfielder,LIV,5.0,90,0,0,0,1,0,0,0,0,2
2367814,Gomez,Joseph Gomez,Defender,LIV,5.0,90,0,0,0,1,0,0,0,0,2
2367814,Kelleher,Caoimhin Kelleher,Goalkeeper,LIV,4.5,90,0,0,0,1,0,0,0,0,3
2367814,Mac Allister,Alexis Mac Allister,Midfielder,LIV,6.5,90,1,0,0,1,0,0,0,3,10
2367814,Gakpo,Cody Gakpo,Forward,LIV,7.5,23,0,0,0,0,0,0,0,0,1
2367814,Díaz,Luis Díaz,Midfielder,LIV,8.0,90,0,0,0,1,0,0,0,0,2
2367814,Szoboszlai,Dominik Szoboszlai,Midfielder,LIV,6.5,56,0,0,0,1,0,0,0,0,2
2367814,Quansah,Jarell Quansah,Defender,LIV,3.9,90,0,0,0,1,0,0,0,0,2
2367814,Elliott,Harvey Elliott,Midfielder,LIV,5.5,90,0,0,0,1,0,0,0,0,2
2367814,Núñez,Darwin Núñez,Forward,LIV,6.5,71,0,1,0,1,0,0,0,0,5
2367814,Bradley,Conor Bradley,Defender,LIV,5.0,56,0,0,0,1,0,0,0,0,2
2367814,Walker,Kyle Walker,Defender,MCI,4.5,90,0,0,0,1,0,0,0,0,2
2367814,De Bruyne,Kevin De Bruyne,Midfielder,MCI,9.5,64,0,1,0,1,0,0,0,1,6
2367814,Ortega Moreno,Stefan Ortega Moreno,Goalkeeper,MCI,5.0,43,0,0,0,0,0,0,0,0,2
2367814,Kovacic,Mateo Kovacic,Midfielder,MCI,6.0,30,0,0,0,0,0,0,0,0,1
2367814,Stones,John Stones,Defender,MCI,5.5,90,1,0,0,1,0,0,0,2,10
2367814,Ederson,Ederson Santana de Moraes,Goalkeeper,MCI,5.5,51,0,0,0,1,0,1,0,0,0
2367814,Aké,Nathan Aké,Defender,MCI,5.5,90,0,0,0,1,0,0,0,0,2
2367814,Bernardo Silva,Bernardo Mota Veiga de Carvalho e Silva,Midfielder,MCI,6.5,90,0,0,0,1,0,1,0,0,1
2367814,Foden,Phil Foden,Midfielder,MCI,8.0,90,0,0,0,1,0,0,0,0,2
2367814,Akanji,Manuel Akanji,Defender,MCI,5.5,90,0,0,0,1,0,0,0,0,2
2367814,Rodri,Rodrigo Hernández Cascante,Midfielder,MCI,6.5,90,0,0,0,1,0,1,0,0,1
2367814,Haaland,Erling Haaland,Forward,MCI,14.0,90,0,0,0,1,0,0,0,0,2
2367814,Doku,Jéremy Doku,Midfielder,MCI,6.5,30,0,0,0,0,0,0,0,0,1
2367814,Álvarez (Julián),Julián Álvarez,Forward,MCI,7.0,64,0,0,0,1,0,0,0,0,2
2367815,Tarkowski,James Tarkowski,Defender,EVE,5.5,90,0,0,0,2,0,0,0,0,1
2367815,Young (Ashley),Ashley Young,Defender,EVE,4.2,20,0,0,0,0,0,0,0,0,1
2367815,Pickford,Jordan Pickford,Goalkeeper,EVE,5.5,90,0,0,0,2,0,0,0,0,3
2367815,André Gomes,André Filipe Tavares Gomes,Midfielder,EVE,4.4,34,0,0,0,0,0,0,0,0,1
2367815,Doucouré,Abdoulaye Doucouré,Midfielder,EVE,5.1,61,0,0,0,2,0,1,0,0,1
2367815,Calvert-Lewin,Dominic Calvert-Lewin,Forward,EVE,5.4,34,0,0,0,0,0,0,0,0,1
2367815,Godfrey,Ben Godfrey,Defender,EVE,4.0,90,0,0,0,2,0,0,0,0,1
2367815,Harrison (Jack),Jack Harrison,Midfielder,EVE,5.5,61,0,0,0,2,0,0,0,0,2
2367815,Mykolenko,Vitaliy Mykolenko,Defender,EVE,5.0,88,0,0,0,2,0,0,0,0,1
2367815,Garner,James Garner,Midfielder,EVE,5.0,74,0,0,0,2,0,0,0,0,2
2367815,McNeil,Dwight McNeil,Midfielder,EVE,6.0,90,0,0,0,2,0,0,0,0,2
2367815,Mvom Onana,Amadou Mvom Onana,Midfielder,EVE,5.0,90,0,0,0,2,0,1,0,0,1
2367815,Dobbin,Lewis Dobbin,Midfielder,EVE,5.0,34,0,0,0,0,0,0,0,0,1
2367815,Branthwaite,Jarrad Branthwaite,Defender,EVE,5.5,90,0,0,0,2,0,0,0,0,1
2367815,Beto,Norberto Bercique Gomes Betuncal,Forward,EVE,5.5,61,0,0,0,2,0,0,0,0,2
2367815,Youssef Chermiti,Youssef Ramalho Chermiti,Forward,EVE,5.0,7,0,0,0,0,0,0,0,0,1
2367815,Evans,Jonny Evans,Defender,MUN,4.4,88,0,0,1,0,0,0,0,0,6
2367815,Casemiro,Carlos Henrique Jose Francisco Venancio,Midfielder,MUN,5.5,90,0,0,1,0,0,0,0,0,3
2367815,Varane,Raphael Varane,Defender,MUN,4.9,90,0,0,1,0,0,0,0,0,6
2367815,Bruno Fernandes,Bruno Miguel Borges Fernandes,Midfielder,MUN,9.0,90,1,0,1,0,0,0,0,3,11
2367815,Amrabat,Sofyan Amrabat,Midfielder,MUN,5.0,16,0,0,0,0,0,0,0,0,1
2367815,Rashford,Marcus Rashford,Midfielder,MUN,7.0,90,1,0,1,0,0,0,0,0,8
2367815,Lindelof,Victor Nilsson-Lindelof,Defender,MUN,4.3,90,0,0,1,0,0,0,0,1,7
2367815,McTominay,Scott McTominay,Midfielder,MUN,4.9,90,0,0,1,0,0,1,0,0,2
2367815,Onana,André Onana,Goalkeeper,MUN,5.0,90,0,0,1,0,0,0,0,3,11
2367815,Dalot,José Diogo Dalot Teixeira,Defender,MUN,4.5,90,0,0,1,0,0,0,0,0,6
2367815,Antony,Antony Matheus dos Santos,Midfielder,MUN,6.0,12,0,0,0,0,0,0,0,0,1
2367815,Garnacho,Alejandro Garnacho Ferreyra,Midfielder,MUN,6.5,82,0,2,1,0,0,0,0,0,9
2367815,Mainoo,Kobbie Mainoo,Midfielder,MUN,5.0,78,0,0,1,0,0,0,0,0,3
2367815,Kambwala,Willy Kambwala,Defender,MUN,3.9,6,0,0,0,0,0,0,0,0,1
2367816,Gudmundsson,Johann Berg Gudmundsson,Midfielder,BUR,4.8,6,0,0,0,0,0,0,0,0,1
2367816,Taylor (Charlie),Charlie Taylor,Defender,BUR,3.9,90,0,0,0,2,0,0,0,0,1
2367816,Cullen,Josh Cullen,Midfielder,BUR,5.0,90,0,1,0,2,0,0,0,1,6
2367816,Brownhill,Josh Brownhill,Midfielder,BUR,4.7,45,0,0,0,2,0,0,0,0,1
2367816,Bruun Larsen,Jacob Bruun Larsen,Midfielder,BUR,5.5,45,0,0,0,0,0,0,0,0,1
2367816,Berge,Sander Berge,Midfielder,BUR,5.0,90,0,0,0,2,0,1,0,0,1
2367816,O'Shea,Dara O'Shea,Defender,BUR,3.8,90,0,0,0,2,0,0,0,0,1
2367816,Delcroix,Hannes Delcroix,Defender,BUR,4.0,31,0,0,0,1,0,1,0,0,0
2367816,Trafford,James Trafford,Goalkeeper,BUR,5.0,90,0,0,0,2,0,0,0,0,1
2367816,Vitinho,Victor Alexander da Silva,Defender,BUR,4.4,90,0,0,0,2,0,0,0,0,1
2367816,Esteve,Maxime Esteve,Defender,BUR,4.0,90,0,0,0,2,0,1,0,0,0
2367816,Assignon,Lorenz Assignon,Defender,BUR,4.0,90,0,0,0,2,0,1,0,0,0
2367816,Fofana (David Datro),David Datro Fofana,Forward,BUR,5.4,90,1,0,0,2,0,0,0,3,9
2367816,Odobert,Wilson Odobert,Midfielder,BUR,5.5,67,0,0,0,1,0,0,0,0,2
2367816,Cresswell,Aaron Cresswell,Defender,WHU,3.9,90,0,0,0,2,0,0,0,0,1
2367816,Antonio,Michail Antonio,Forward,WHU,5.2,45,0,0,0,0,0,0,0,0,1
2367816,Areola,Alphonse Areola,Goalkeeper,WHU,4.5,90,0,0,0,2,0,0,0,0,2
2367816,Ings,Danny Ings,Forward,WHU,4.8,17,1,0,0,0,0,0,0,2,7
2367816,Ward-Prowse,James Ward-Prowse,Midfielder,WHU,6.0,45,0,0,0,2,0,0,0,0,1
2367816,Phillips (Kalvin),Kalvin Phillips,Midfielder,WHU,5.0,45,0,0,0,2,0,0,0,0,1
2367816,Coufal,Vladimir Coufal,Defender,WHU,4.1,90,0,0,0,2,0,0,0,0,1
2367816,Bowen,Jarrod Bowen,Midfielder,WHU,8.0,90,0,0,0,2,0,0,0,0,2
2367816,Aguerd,Nayef Aguerd,Defender,WHU,4.5,81,0,0,0,2,0,0,0,0,1
2367816,Álvarez (Edson),Edson Álvarez,Midfielder,WHU,5.0,45,0,0,0,0,0,0,0,0,1
2367816,Soucek,Tomas Soucek,Midfielder,WHU,6.0,90,0,0,0,2,0,1,0,0,1
2367816,Lucas Paquetá,Lucas Tolentino Coelho de Lima,Midfielder,WHU,6.0,90,1,0,0,2,0,1,0,0,6
2367816,Mavropanos,Konstantinos Mavropanos,Defender,WHU,4.5,90,0,0,0,2,1,0,0,0,0
2367816,Kudus,Mohammed Kudus,Midfielder,WHU,6.5,90,0,0,0,2,0,0,0,0,2
2367817,Willian,Willian Borges Da Silva,Midfielder,FUL,5.0,36,0,0,0,1,0,0,0,0,1
2367817,Cairney,Tom Cairney,Midfielder,FUL,5.0,36,0,0,0,1,1,0,0,0,0
2367817,Leno,Bernd Leno,Goalkeeper,FUL,5.0,90,0,0,0,2,0,0,0,0,1
2367817,Tosin,Oluwatosin Adarabioyo,Defender,FUL,4.5,90,0,0,0,2,0,0,0,0,1
2367817,Iwobi,Alex Iwobi,Midfielder,FUL,6.5,90,1,0,0,2,0,0,0,3,10
2367817,Reed,Harrison Reed,Midfielder,FUL,4.5,61,0,0,0,1,0,1,0,0,1
2367817,Wilson (Harry),Harry Wilson,Midfielder,FUL,5.5,69,0,0,0,2,0,0,0,0,2
2367817,João Palhinha,João Maria Lobo Alves Palhinha Gonçalves,Midfielder,FUL,5.9,28,0,0,0,0,0,1,0,0,0
2367817,Pereira (Andreas),Andreas Pereira,Midfielder,FUL,5.5,61,0,0,0,1,0,0,0,0,2
2367817,Traoré (Adama),Adama Traoré,Midfielder,FUL,5.5,28,0,0,0,0,0,0,0,0,1
2367817,Castagne,Timothy Castagne,Defender,FUL,4.5,79,0,0,0,2,0,0,0,0,1
2367817,Robinson (Antonee),Antonee Robinson,Defender,FUL,5.0,90,0,0,0,2,0,0,0,0,1
2367817,Lukic,Sasa Lukic,Midfielder,FUL,5.0,69,0,0,0,2,0,0,0,0,2
2367817,Bassey,Calvin Bassey,Defender,FUL,4.5,90,0,0,0,2,0,0,0,1,2
2367817,Rodrigo Muniz,Rodrigo Muniz Carvalho,Forward,FUL,5.5,90,0,0,0,2,0,0,0,0,2
2367817,Broja,Armando Broja,Forward,FUL,5.3,18,0,1,0,0,0,0,0,0,4
2367817,Doherty,Matt Doherty,Defender,WOL,4.5,21,0,0,0,1,0,0,0,0,1
2367817,Sarabia,Pablo Sarabia,Midfielder,WOL,5.0,90,0,0,0,1,0,0,0,0,2
2367817,José Sá,José Pedro Malheiro de Sá,Goalkeeper,WOL,4.5,90,0,0,0,1,0,0,0,0,3
2367817,Lemina (Mario),Mario Lemina,Midfielder,WOL,4.8,90,0,0,0,1,0,0,0,0,2
2367817,Semedo,Nelson Semedo,Defender,WOL,4.5,90,0,1,0,1,0,1,0,0,4
2367817,Kilman,Max Kilman,Defender,WOL,4.5,90,0,0,0,1,0,0,0,0,2
2367817,Doyle,Tommy Doyle,Midfielder,WOL,4.7,83,0,0,0,1,0,0,0,0,2
2367817,Bellegarde,Jean-Ricner Bellegarde,Midfielder,WOL,5.5,7,0,0,0,0,0,0,0,0,1
2367817,Bueno (Santiago),Santiago Bueno,Defender,WOL,4.5,90,0,0,0,1,0,1,0,0,1
2367817,Neto,Pedro Neto,Midfielder,WOL,7.0,40,0,0,0,0,0,0,0,0,1
2367817,João Gomes,João Victor Gomes da Silva,Midfielder,WOL,5.5,90,0,0,0,1,0,0,0,0,2
2367817,Ait Nouri,Rayan Ait Nouri,Defender,WOL,6.0,90,1,0,0,1,0,0,0,2,10
2367817,Toti,Toti António Gomes,Defender,WOL,4.5,50,0,1,0,1,0,0,0,0,4
2367817,Fraser (Nathan),Nathan Fraser,Forward,WOL,4.5,76,0,0,1,0,0,0,0,0,2
2367818,Jorginho,Jorge Luiz Frello Filho,Midfielder,ARS,4.6,24,0,0,0,0,0,0,0,0,1
2367818,Trossard,Leandro Trossard,Midfielder,ARS,7.0,71,1,0,1,0,0,1,0,0,7
2367818,Raya Martin,David Raya Martin,Goalkeeper,ARS,5.5,90,0,0,1,0,0,0,0,0,6
2367818,Partey,Thomas Partey,Midfielder,ARS,4.9,72,0,0,1,0,0,0,0,0,3
2367818,Odegaard,Martin Odegaard,Midfielder,ARS,8.0,90,0,2,1,0,0,0,0,2,11
2367818,White (Ben),Ben White,Defender,ARS,5.5,90,2,0,1,0,0,1,0,3,20
2367818,Rice,Declan Rice,Midfielder,ARS,6.5,90,0,2,1,0,0,0,0,0,9
2367818,Jesus,Gabriel Fernando de Jesus,Forward,ARS,6.5,25,0,0,0,0,0,0,0,0,1
2367818,Zinchenko,Oleksandr Zinchenko,Defender,ARS,5.0,24,0,0,0,0,0,0,0,0,1
2367818,Havertz,Kai Havertz,Midfielder,ARS,7.5,71,2,0,1,0,0,0,0,1,14
2367818,Saka,Bukayo Saka,Midfielder,ARS,10.0,80,0,1,1,0,0,0,0,0,6
2367818,Tomiyasu,Takehiro Tomiyasu,Defender,ARS,4.8,72,0,0,1,0,0,0,0,0,6
2367818,Gabriel Magalhães,Gabriel dos Santos Magalhães,Defender,ARS,6.0,90,0,0,1,0,0,0,0,0,6
2367818,Fábio Vieira,Fábio Daniel Vieira,Midfielder,ARS,5.5,16,0,0,0,0,0,0,0,0,1
2367818,Martinelli,Gabriel Teodoro Martinelli Silva,Midfielder,ARS,7.0,25,0,0,0,0,0,0,0,0,1
2367818,Saliba,William Saliba,Defender,ARS,6.0,90,0,0,1,0,0,0,0,0,6
2367818,Thiago Silva,Thiago Emiliano da Silva,Defender,CHE,5.0,20,0,0,0,0,0,0,0,0,1
2367818,Sterling (Raheem),Raheem Sterling,Midfielder,CHE,6.7,30,0,0,0,1,0,0,0,0,1
2367818,Cucurella,Marc Cucurella,Defender,CHE,6.0,90,0,0,0,5,0,1,0,0,0
2367818,Chalobah,Trevoh Chalobah,Defender,CHE,5.0,30,0,0,0,1,0,0,0,0,1
2367818,Disasi,Axel Disasi,Defender,CHE,4.2,90,0,0,0,5,0,0,0,0,0
2367818,Gallagher,Conor Gallagher,Midfielder,CHE,5.9,90,0,0,0,5,0,0,0,0,2
2367818,Badiashile,Benoît Badiashile,Defender,CHE,4.5,90,0,0,0,5,0,0,0,0,0
2367818,Madueke,Noni Madueke,Midfielder,CHE,7.0,77,0,0,0,5,0,0,0,0,2
2367818,Fernández (Enzo),Enzo Fernández,Midfielder,CHE,6.5,66,0,0,0,4,0,0,0,0,2
2367818,Petrovic,Dorde Petrovic,Goalkeeper,CHE,4.5,90,0,0,0,5,0,0,0,0,2
2367818,Mudryk,Mykhailo Mudryk,Midfielder,CHE,5.0,66,0,0,0,4,0,0,0,0,2
2367818,Moises Caicedo,Moises Caicedo,Midfielder,CHE,5.5,90,0,0,0,5,0,0,0,0,2
2367818,Casadei,Cesare Casadei,Midfielder,CHE,4.4,19,0,0,0,0,0,0,0,0,1
2367818,Gilchrist,Alfie Gilchrist,Defender,CHE,4.0,77,0,0,0,5,0,1,0,0,0
2367818,Jackson (Nicolas),Nicolas Jackson,Forward,CHE,6.5,90,0,0,0,5,0,0,0,0,2
2367819,Lallana,Adam Lallana,Midfielder,BHA,5.0,45,0,0,0,3,0,0,0,0,1
2367819,Steele,Jason Steele,Goalkeeper,BHA,4.5,90,0,0,0,4,0,0,0,0,0
2367819,Welbeck,Danny Welbeck,Forward,BHA,6.5,75,0,0,0,4,0,0,0,0,2
2367819,Groß,Pascal Groß,Midfielder,BHA,6.5,90,0,0,0,4,0,0,0,0,2
2367819,Dunk,Lewis Dunk,Defender,BHA,4.5,90,0,0,0,4,0,0,0,0,0
2367819,Veltman,Joël Veltman,Defender,BHA,4.5,45,0,0,0,3,0,1,0,0,0
2367819,Igor Julio,Igor Julio dos Santos de Paulo,Defender,BHA,4.5,39,0,0,0,1,0,0,0,0,1
2367819,Moder,Jakub Moder,Midfielder,BHA,4.4,56,0,0,0,3,0,0,0,0,1
2367819,Offiah,Odeluga Offiah,Defender,BHA,4.0,45,0,0,0,1,0,0,0,0,1
2367819,van Hecke,Jan-Paul van Hecke,Defender,BHA,4.5,90,0,0,0,4,0,0,0,0,0
2367819,João Pedro,João Pedro Junqueira de Jesus,Forward,BHA,7.5,90,0,0,0,4,0,0,0,0,2
2367819,Baleba,Carlos Baleba,Midfielder,BHA,5.0,90,0,0,0,4,0,1,0,0,1
2367819,Adingra,Simon Adingra,Midfielder,BHA,5.5,45,0,0,0,1,0,0,0,0,1
2367819,Barco,Valentín Barco,Defender,BHA,4.0,90,0,0,0,4,0,0,0,0,0
2367819,O’Mahony,Mark O’Mahony,Forward,BHA,4.5,20,0,0,0,0,0,0,0,0,1
2367819,Walker,Kyle Walker,Defender,MCI,4.5,77,0,2,1,0,0,0,0,2,14
2367819,De Bruyne,Kevin De Bruyne,Midfielder,MCI,9.5,71,1,0,1,0,0,0,0,1,9
2367819,Kovacic,Mateo Kovacic,Midfielder,MCI,6.0,90,0,0,1,0,0,0,0,0,3
2367819,Grealish,Jack Grealish,Midfielder,MCI,6.5,24,0,0,0,0,0,0,0,0,1
2367819,Ederson,Ederson Santana de Moraes,Goalkeeper,MCI,5.5,90,0,0,1,0,0,0,0,0,7
2367819,Aké,Nathan Aké,Defender,MCI,5.5,90,0,0,1,0,0,0,0,0,6
2367819,Bernardo Silva,Bernardo Mota Veiga de Carvalho e Silva,Midfielder,MCI,6.5,77,0,1,1,0,0,0,0,0,6
2367819,Foden,Phil Foden,Midfielder,MCI,8.0,71,2,0,1,0,0,0,0,3,16
2367819,Akanji,Manuel Akanji,Defender,MCI,5.5,90,0,0,1,0,0,0,0,0,6
2367819,Rodri,Rodrigo Hernández Cascante,Midfielder,MCI,6.5,77,0,0,1,0,0,0,0,0,3
2367819,Doku,Jéremy Doku,Midfielder,MCI,6.5,17,0,0,0,0,0,0,0,0,1
2367819,Gómez,Sergio Gómez,Defender,MCI,3.8,17,0,0,0,0,0,0,0,0,1
2367819,Álvarez (Julián),Julián Álvarez,Forward,MCI,7.0,90,1,0,1,0,0,0,0,0,6
2367819,Matheus Nunes,Matheus Luiz Nunes,Midfielder,MCI,5.5,24,0,0,0,0,0,0,0,0,1
2367819,Lewis (Rico),Rico Lewis,Defender,MCI,5.0,17,0,0,0,0,0,0,0,0,1
2367819,Gvardiol,Joško Gvardiol,Defender,MCI,6.0,90,0,0,1,0,0,0,0,0,6
2367820,Zanka,Mathias Jorgensen,Defender,BRE,4.5,90,0,0,0,2,0,0,0,0,1
2367820,Maupay,Neal Maupay,Forward,BRE,4.9,21,0,0,0,0,0,0,0,0,1
2367820,Flekken,Mark Flekken,Goalkeeper,BRE,4.5,90,0,0,0,2,0,0,0,0,2
2367820,Toney,Ivan Toney,Forward,BRE,7.3,90,0,0,0,2,0,1,0,0,1
2367820,Ajer,Kristoffer Ajer,Defender,BRE,4.5,90,1,0,0,2,0,1,0,1,7
2367820,Reguilón,Sergio Reguilón,Defender,BRE,4.1,5,0,0,0,0,0,0,1,0,0
2367820,Janelt,Vitaly Janelt,Midfielder,BRE,5.0,74,0,0,0,2,0,1,0,0,1
2367820,Jensen,Mathias Jensen,Midfielder,BRE,5.0,74,0,0,0,2,0,0,0,0,2
2367820,Wissa,Yoane Wissa,Forward,BRE,7.5,74,0,0,0,2,0,0,0,0,2
2367820,Roerslev,Mads Roerslev,Defender,BRE,4.5,55,0,0,0,1,0,0,0,0,1
2367820,Lewis-Potter,Keane Lewis-Potter,Midfielder,BRE,5.0,40,0,0,0,1,0,0,0,0,1
2367820,Onyeka,Frank Onyeka,Midfielder,BRE,5.0,55,0,0,0,1,0,0,0,0,1
2367820,Baptiste (Shandon),Shandon Baptiste,Midfielder,BRE,4.3,21,0,1,0,0,0,1,0,0,3
2367820,Collins,Nathan Collins,Defender,BRE,5.0,90,0,0,0,2,0,0,0,0,1
2367820,Mbeumo,Bryan Mbeumo,Midfielder,BRE,8.0,21,0,0,0,0,0,0,0,0,1
2367820,Yarmolyuk,Ehor Yarmolyuk,Midfielder,BRE,5.0,40,0,0,0,1,0,0,0,0,1
2367820,Taylor (Charlie),Charlie Taylor,Defender,BUR,3.9,90,0,0,0,1,0,1,0,0,1
2367820,Cullen,Josh Cullen,Midfielder,BUR,5.0,90,0,0,0,1,0,0,0,0,2
2367820,Brownhill,Josh Brownhill,Midfielder,BUR,4.7,6,0,0,0,0,0,0,0,0,1
2367820,Bruun Larsen,Jacob Bruun Larsen,Midfielder,BUR,5.5,64,1,0,1,0,0,0,0,3,11
2367820,Berge,Sander Berge,Midfielder,BUR,5.0,90,0,0,0,1,0,0,0,0,2
2367820,O'Shea,Dara O'Shea,Defender,BUR,3.8,90,0,0,0,1,0,0,0,0,2
2367820,Muric,Arijanet Muric,Goalkeeper,BUR,4.4,90,0,0,0,1,0,0,0,0,3
2367820,Foster,Lyle Foster,Forward,BUR,5.0,12,0,0,0,0,0,0,0,0,1
2367820,Vitinho,Victor Alexander da Silva,Defender,BUR,4.4,90,0,1,0,1,0,0,0,0,5
2367820,Esteve,Maxime Esteve,Defender,BUR,4.0,90,0,0,0,1,0,0,0,0,2
2367820,Amdouni,Zeki Amdouni,Forward,BUR,5.0,26,0,0,0,1,0,1,0,0,0
2367820,Assignon,Lorenz Assignon,Defender,BUR,4.0,90,0,0,0,1,0,0,0,0,2
2367820,Fofana (David Datro),David Datro Fofana,Forward,BUR,5.4,83,1,0,0,1,0,0,0,2,8
2367820,Odobert,Wilson Odobert,Midfielder,BUR,5.5,90,0,1,0,1,0,0,0,0,5
2367821,Ward,Joel Ward,Defender,CRY,4.3,2,0,0,0,0,0,0,0,0,1
2367821,Clyne,Nathaniel Clyne,Defender,CRY,4.0,90,0,0,1,0,0,0,0,0,6
2367821,Ayew (Jordan),Jordan Ayew,Midfielder,CRY,5.1,73,0,1,1,0,0,1,0,0,5
2367821,Schlupp,Jeffrey Schlupp,Midfielder,CRY,4.6,15,0,0,0,0,0,0,0,0,1
2367821,Hughes,Will Hughes,Midfielder,CRY,5.0,90,0,1,1,0,0,0,0,2,8
2367821,Henderson (Dean),Dean Henderson,Goalkeeper,CRY,5.0,90,0,0,1,0,0,0,0,0,6
2367821,Riedewald,Jairo Riedewald,Midfielder,CRY,4.3,14,0,0,0,0,0,0,0,0,1
2367821,Andersen (Joachim),Joachim Andersen,Defender,CRY,4.5,90,0,0,1,0,0,0,0,1,7
2367821,Mateta,Jean-Philippe Mateta,Forward,CRY,7.5,90,2,0,1,0,0,0,0,3,13
2367821,Eze,Eberechi Eze,Midfielder,CRY,7.5,81,0,0,1,0,0,0,0,0,3
2367821,Mitchell,Tyrick Mitchell,Defender,CRY,5.0,90,0,0,1,0,0,0,0,0,6
2367821,Muñoz,Daniel Muñoz,Defender,CRY,5.5,90,0,0,1,0,0,0,0,0,6
2367821,Richards (Chris),Chris Richards,Defender,CRY,4.5,90,0,0,1,0,0,1,0,0,5
2367821,Olise,Michael Olise,Midfielder,CRY,5.7,23,0,0,0,0,0,0,0,0,1
2367821,Wharton,Adam Wharton,Midfielder,CRY,5.0,82,0,0,1,0,0,1,0,0,2
2367821,Ritchie,Matt Ritchie,Midfielder,NEW,4.3,7,0,0,0,0,0,0,0,0,1
2367821,Dubravka,Martin Dubravka,Goalkeeper,NEW,4.0,90,0,0,0,2,0,0,0,0,2
2367821,Wilson (Callum),Callum Wilson,Forward,NEW,6.9,32,0,0,0,1,0,0,0,0,1
2367821,Burn,Dan Burn,Defender,NEW,5.0,90,0,0,0,2,0,0,0,0,1
2367821,Krafth,Emil Krafth,Defender,NEW,4.5,90,0,0,0,2,0,0,0,0,1
2367821,Murphy (Jacob),Jacob Murphy,Midfielder,NEW,6.5,64,0,0,0,1,0,0,0,0,2
2367821,Schär,Fabian Schär,Defender,NEW,5.5,90,0,0,0,2,0,0,0,0,1
2367821,Longstaff (Sean),Sean Longstaff,Midfielder,NEW,5.0,89,0,0,0,2,0,1,0,0,1
2367821,Barnes (Harvey),Harvey Barnes,Midfielder,NEW,6.5,64,0,0,0,1,0,0,0,0,2
2367821,Bruno Guimarães,Bruno Guimarães Rodriguez Moura,Midfielder,NEW,6.5,90,0,0,0,2,0,0,0,0,2
2367821,Anderson,Elliot Anderson,Midfielder,NEW,5.5,89,0,0,0,2,0,1,0,0,1
2367821,Isak,Alexander Isak,Forward,NEW,10.5,90,0,0,0,2,0,0,0,0,2
2367821,Gordon (Anthony),Anthony Gordon,Midfielder,NEW,7.5,90,0,0,0,2,0,1,0,0,1
2367821,White (Joe),Joe White,Midfielder,NEW,4.5,7,0,0,0,0,0,0,0,0,1
2367821,Lewis Hall,Lewis Hall,Defender,NEW,5.5,32,0,0,0,1,0,0,0,0,1
2367822,Tarkowski,James Tarkowski,Defender,EVE,5.5,90,0,0,1,0,0,0,0,1,7
2367822,Young (Ashley),Ashley Young,Defender,EVE,4.2,45,0,0,0,0,0,0,0,0,1
2367822,Gueye,Idrissa Gueye,Midfielder,EVE,5.5,75,0,0,1,0,0,0,0,0,3
2367822,Pickford,Jordan Pickford,Goalkeeper,EVE,5.5,90,0,0,1,0,0,0,0,2,10
2367822,Doucouré,Abdoulaye Doucouré,Midfielder,EVE,5.1,90,0,0,1,0,0,0,0,0,3
2367822,Calvert-Lewin,Dominic Calvert-Lewin,Forward,EVE,5.4,90,1,0,1,0,0,0,0,0,6
2367822,Godfrey,Ben Godfrey,Defender,EVE,4.0,90,0,0,1,0,0,0,0,0,6
2367822,Harrison (Jack),Jack Harrison,Midfielder,EVE,5.5,90,0,0,1,0,0,0,0,0,3
2367822,Mykolenko,Vitaliy Mykolenko,Defender,EVE,5.0,45,0,0,0,0,0,0,0,0,1
2367822,Garner,James Garner,Midfielder,EVE,5.0,90,0,0,1,0,0,0,0,0,3
2367822,McNeil,Dwight McNeil,Midfielder,EVE,6.0,90,0,1,1,0,0,0,0,0,6
2367822,Mvom Onana,Amadou Mvom Onana,Midfielder,EVE,5.0,21,0,0,0,0,0,0,0,0,1
2367822,Branthwaite,Jarrad Branthwaite,Defender,EVE,5.5,90,1,0,1,0,0,0,0,3,15
2367822,Youssef Chermiti,Youssef Ramalho Chermiti,Forward,EVE,5.0,2,0,0,0,0,0,0,0,0,1
2367822,van Dijk,Virgil van Dijk,Defender,LIV,6.0,90,0,0,0,2,0,1,0,0,0
2367822,Alisson,Alisson Ramses Becker,Goalkeeper,LIV,5.5,90,0,0,0,2,0,0,0,0,2
2367822,Salah,Mohamed Salah,Midfielder,LIV,14.5,90,0,0,0,2,0,0,0,0,2
2367822,Robertson (Andrew),Andrew Robertson,Defender,LIV,6.0,83,0,0,0,2,0,0,0,0,1
2367822,Endo,Wataru Endo,Midfielder,LIV,5.0,33,0,0,0,0,0,0,0,0,1
2367822,Alexander-Arnold,Trent Alexander-Arnold,Defender,LIV,7.2,83,0,0,0,2,0,0,0,0,1
2367822,Gomez,Joseph Gomez,Defender,LIV,5.0,13,0,0,0,0,0,0,0,0,1
2367822,Konaté,Ibrahima Konaté,Defender,LIV,5.5,63,0,0,0,2,0,0,0,0,1
2367822,Jones (Curtis),Curtis Jones,Midfielder,LIV,5.5,63,0,0,0,2,0,0,0,0,2
2367822,Tsimikas,Konstantinos Tsimikas,Defender,LIV,5.0,13,0,0,0,0,0,0,0,0,1
2367822,Mac Allister,Alexis Mac Allister,Midfielder,LIV,6.5,90,0,0,0,2,0,0,0,0,2
2367822,Díaz,Luis Díaz,Midfielder,LIV,8.0,90,0,0,0,2,0,1,0,0,1
2367822,Szoboszlai,Dominik Szoboszlai,Midfielder,LIV,6.5,63,0,0,0,2,0,0,0,0,2
2367822,Quansah,Jarell Quansah,Defender,LIV,3.9,33,0,0,0,0,0,0,0,0,1
2367822,Elliott,Harvey Elliott,Midfielder,LIV,5.5,33,0,0,0,0,0,0,0,0,1
2367822,Núñez,Darwin Núñez,Forward,LIV,6.5,90,0,0,0,2,0,1,0,0,1
2367823,Willian,Willian Borges Da Silva,Midfielder,FUL,5.0,90,0,0,1,0,0,0,0,0,3
2367823,Leno,Bernd Leno,Goalkeeper,FUL,5.0,90,0,0,1,0,0,0,0,0,7
2367823,DeCordova-Reid,Bobby DeCordova-Reid,Midfielder,FUL,5.2,16,0,0,0,0,0,0,0,0,1
2367823,Raúl Jiménez,Raul Alonso Jimenez Rodriguez,Forward,FUL,6.5,34,0,0,0,0,0,0,0,0,1
2367823,Tosin,Oluwatosin Adarabioyo,Defender,FUL,4.5,90,0,0,1,0,0,0,0,0,6
2367823,Iwobi,Alex Iwobi,Midfielder,FUL,6.5,80,0,0,1,0,0,0,0,0,3
2367823,Reed,Harrison Reed,Midfielder,FUL,4.5,16,0,0,0,0,0,1,0,0,0
2367823,Wilson (Harry),Harry Wilson,Midfielder,FUL,5.5,26,0,0,0,0,0,0,0,0,1
2367823,João Palhinha,João Maria Lobo Alves Palhinha Gonçalves,Midfielder,FUL,5.9,90,0,0,1,0,0,1,0,0,2
2367823,Pereira (Andreas),Andreas Pereira,Midfielder,FUL,5.5,70,0,0,1,0,0,0,0,0,3
2367823,Castagne,Timothy Castagne,Defender,FUL,4.5,80,0,1,1,0,0,0,0,1,10
2367823,Tete,Kenny Tete,Defender,FUL,4.5,16,0,0,0,0,0,0,0,0,1
2367823,Robinson (Antonee),Antonee Robinson,Defender,FUL,5.0,90,0,1,1,0,0,0,0,2,11
2367823,Lukic,Sasa Lukic,Midfielder,FUL,5.0,80,1,0,1,0,0,0,0,0,8
2367823,Bassey,Calvin Bassey,Defender,FUL,4.5,90,0,0,1,0,0,0,0,0,6
2367823,Rodrigo Muniz,Rodrigo Muniz Carvalho,Forward,FUL,5.5,63,2,0,1,0,0,0,0,3,13
2367823,Son,Heung-Min Son,Midfielder,TOT,8.5,86,0,0,0,3,0,0,0,0,2
2367823,Højbjerg,Pierre-Emile Højbjerg,Midfielder,TOT,5.0,32,0,0,0,0,0,0,0,0,1
2367823,Werner,Timo Werner,Forward,TOT,6.2,32,0,0,0,0,0,0,0,0,1
2367823,Maddison,James Maddison,Midfielder,TOT,7.0,64,0,0,0,3,0,0,0,0,2
2367823,Vicario,Guglielmo Vicario,Goalkeeper,TOT,5.0,90,0,0,0,3,0,0,0,0,2
2367823,Lo Celso,Giovani Lo Celso,Midfielder,TOT,4.9,10,0,0,0,0,0,0,0,0,1
2367823,Bentancur,Rodrigo Bentancur,Midfielder,TOT,5.5,32,0,0,0,0,0,1,0,0,0
2367823,Richarlison,Richarlison de Andrade,Midfielder,TOT,6.5,18,0,0,0,0,0,0,0,0,1
2367823,Romero,Cristian Romero,Defender,TOT,5.0,90,0,0,0,3,0,0,0,0,1
2367823,Bissouma,Yves Bissouma,Midfielder,TOT,5.5,64,0,0,0,3,0,1,0,0,1
2367823,Johnson (Brennan),Brennan Johnson,Midfielder,TOT,7.0,78,0,0,0,3,0,1,0,0,1
2367823,Porro,Pedro Porro,Defender,TOT,5.5,90,0,0,0,3,0,0,0,0,1
2367823,Kulusevski,Dejan Kulusevski,Midfielder,TOT,6.5,90,0,0,0,3,0,0,0,0,2
2367823,Sarr (Pape),Pape Sarr,Midfielder,TOT,5.0,65,0,0,0,3,0,0,0,0,2
2367823,Destiny Udogie,Iyenoma Destiny Udogie,Defender,TOT,4.5,90,0,0,0,3,0,0,0,0,1
2367823,Dragusin,Radu Dragusin,Defender,TOT,4.5,90,0,0,0,3,0,0,0,0,1
2367824,Kaminski,Thomas Kaminski,Goalkeeper,LUT,4.0,90,0,0,0,1,0,0,0,0,2
2367824,Townsend,Andros Townsend,Midfielder,LUT,5.0,36,0,0,0,0,0,0,0,0,1
2367824,Berry,Luke Berry,Midfielder,LUT,4.6,13,1,0,0,0,0,0,0,0,6
2367824,Barkley,Ross Barkley,Midfielder,LUT,5.0,90,0,0,0,1,0,0,0,0,2
2367824,Woodrow,Cauley Woodrow,Forward,LUT,4.3,45,0,0,0,0,0,0,0,0,1
2367824,Clark (Jordan),Jordan Clark,Midfielder,LUT,4.8,81,0,0,0,1,0,0,0,0,2
2367824,Ruddock Mpanzu,Pelly Ruddock Mpanzu,Midfielder,LUT,4.6,58,0,0,0,1,0,0,0,0,1
2367824,Burke,Reece Burke,Defender,LUT,4.0,90,0,1,0,1,0,0,0,2,7
2367824,Morris,Carlton Morris,Forward,LUT,4.7,90,0,0,0,1,0,0,0,0,2
2367824,Chong,Tahith Chong,Midfielder,LUT,4.4,90,0,0,0,1,0,0,0,0,2
2367824,Ogbene,Chiedozie Ogbene,Forward,LUT,4.8,90,0,0,0,1,0,0,0,0,2
2367824,Doughty,Alfie Doughty,Defender,LUT,4.3,45,0,0,0,1,0,0,0,0,1
2367824,Mengi,Teden Mengi,Defender,LUT,3.9,90,0,0,0,1,0,0,0,0,2
2367824,Issa Kabore,Issa Kabore,Defender,LUT,4.5,90,0,0,0,1,0,1,0,0,1
2367824,Wood,Chris Wood,Forward,NFO,7.5,72,1,0,1,0,0,0,0,3,9
2367824,Sels,Matz Sels,Goalkeeper,NFO,5.0,90,0,0,0,1,0,1,0,0,2
2367824,Boly,Willy Boly,Defender,NFO,4.0,90,0,0,0,1,0,0,0,0,2
2367824,Toffolo,Harry Toffolo,Defender,NFO,4.2,90,0,0,0,1,0,1,0,0,1
2367824,Felipe,Felipe Augusto de Almeida Monteiro,Defender,NFO,4.4,22,0,0,0,1,0,0,0,0,1
2367824,Origi,Divock Origi,Forward,NFO,5.0,72,0,0,1,0,0,0,0,0,2
2367824,Yates,Ryan Yates,Midfielder,NFO,5.0,90,0,0,0,1,0,0,0,0,2
2367824,Hudson-Odoi,Callum Hudson-Odoi,Midfielder,NFO,6.0,22,0,0,0,1,0,0,0,0,1
2367824,Sangaré,Ibrahim Sangaré,Midfielder,NFO,5.0,90,0,0,0,1,0,0,0,0,2
2367824,Williams (Neco),Neco Williams,Defender,NFO,5.0,90,0,0,0,1,0,0,0,0,2
2367824,Gibbs-White,Morgan Gibbs-White,Midfielder,NFO,7.5,79,0,1,1,0,0,0,0,1,7
2367824,Nicolás Domínguez,Nicolás Domínguez,Midfielder,NFO,5.0,15,0,0,0,1,0,0,0,0,1
2367824,Elanga,Anthony Elanga,Midfielder,NFO,7.0,90,0,0,0,1,0,0,0,0,2
2367824,Murillo,Murillo Santiago Costa dos Santos,Defender,NFO,5.5,90,0,0,0,1,0,0,0,0,2
2367825,Casemiro,Carlos Henrique Jose Francisco Venancio,Midfielder,MUN,5.5,90,0,0,0,2,0,0,0,0,2
2367825,Eriksen,Christian Eriksen,Midfielder,MUN,5.2,64,0,0,0,2,0,0,0,0,2
2367825,Maguire,Harry Maguire,Defender,MUN,4.5,90,1,1,0,2,0,0,0,2,12
2367825,Bruno Fernandes,Bruno Miguel Borges Fernandes,Midfielder,MUN,9.0,90,2,1,0,2,0,0,0,3,18
2367825,Amrabat,Sofyan Amrabat,Midfielder,MUN,5.0,8,0,0,0,0,0,0,0,0,1
2367825,McTominay,Scott McTominay,Midfielder,MUN,4.9,33,0,0,0,0,0,0,0,0,1
2367825,Onana,André Onana,Goalkeeper,MUN,5.0,90,0,0,0,2,0,0,0,0,1
2367825,Wan-Bissaka,Aaron Wan-Bissaka,Defender,MUN,4.5,90,0,0,0,2,0,0,0,0,1
2367825,Dalot,José Diogo Dalot Teixeira,Defender,MUN,4.5,90,0,0,0,2,0,0,0,0,1
2367825,Antony,Antony Matheus dos Santos,Midfielder,MUN,6.0,55,0,0,0,2,0,0,0,0,1
2367825,Garnacho,Alejandro Garnacho Ferreyra,Midfielder,MUN,6.5,90,0,1,0,2,0,0,0,0,5
2367825,Amad Diallo,Amad Diallo Traore,Midfielder,MUN,6.5,42,0,0,0,0,0,0,0,0,1
2367825,Højlund,Rasmus Højlund,Forward,MUN,6.5,89,1,0,0,2,0,0,0,1,7
2367825,Mainoo,Kobbie Mainoo,Midfielder,MUN,5.0,89,0,1,0,2,0,0,0,0,5
2367825,Wheatley,Ethan Wheatley,Forward,MUN,4.5,9,0,0,0,0,0,0,0,0,1
2367825,Norwood,Oliver Norwood,Midfielder,SHU,4.8,22,0,0,0,2,0,0,0,0,1
2367825,Foderingham,Wes Foderingham,Goalkeeper,SHU,4.0,90,0,0,0,4,0,0,0,0,3
2367825,Osborn,Ben Osborn,Midfielder,SHU,4.8,90,0,1,0,4,0,0,0,0,5
2367825,Holgate,Mason Holgate,Defender,SHU,4.0,90,0,0,0,4,0,1,0,0,0
2367825,Hamer,Gustavo Hamer,Midfielder,SHU,4.9,90,0,0,0,4,0,0,0,0,2
2367825,Trusty,Auston Trusty,Defender,SHU,3.9,90,0,0,0,4,0,0,0,0,0
2367825,Brereton,Ben Brereton,Midfielder,SHU,4.8,90,1,0,0,4,0,0,0,0,7
2367825,Bogle,Jayden Bogle,Defender,SHU,4.5,75,1,0,0,2,0,0,0,0,7
2367825,Ahmedhodzic,Anel Ahmedhodzic,Defender,SHU,4.3,90,0,0,0,4,0,0,0,0,0
2367825,Vinicius Souza,Vinicius de Souza Costa,Midfielder,SHU,5.0,45,0,0,0,3,0,0,0,0,1
2367825,Mcatee,James Mcatee,Midfielder,SHU,5.5,23,0,0,0,2,0,0,0,0,1
2367825,Archer,Cameron Archer,Forward,SHU,4.8,61,0,0,0,2,0,0,0,0,2
2367825,Arblaster,Oliver Arblaster,Midfielder,SHU,4.5,90,0,0,0,4,0,0,0,0,2
2367825,Osula,William Osula,Forward,SHU,5.5,13,0,0,0,0,0,0,0,0,1
2367825,Brooks (Andre),Andre Brooks,Midfielder,SHU,4.4,45,0,0,0,1,0,0,0,0,1
2367826,Martinez,Emiliano Martinez,Goalkeeper,AVL,5.0,90,0,0,0,1,0,0,0,2,5
2367826,Digne,Lucas Digne,Defender,AVL,4.5,35,0,0,0,0,0,0,0,0,1
2367826,Álex Moreno,Alexandre Moreno Lopera,Defender,AVL,4.0,61,0,0,0,1,0,0,0,0,2
2367826,Tielemans,Youri Tielemans,Midfielder,AVL,6.0,90,0,0,0,1,0,1,0,0,1
2367826,Lenglet,Clément Lenglet,Defender,AVL,4.5,45,0,0,0,1,0,0,0,0,1
2367826,Watkins,Ollie Watkins,Forward,AVL,9.0,90,0,0,0,1,0,0,0,0,2
2367826,Cash,Matthew Cash,Defender,AVL,4.5,45,0,0,0,0,0,0,0,0,1
2367826,Konsa Ngoyo,Ezri Konsa Ngoyo,Defender,AVL,4.5,90,0,0,0,1,0,0,0,0,2
2367826,Bailey,Leon Bailey,Midfielder,AVL,5.5,90,0,0,0,1,0,0,0,0,2
2367826,Douglas Luiz,Douglas Luiz Soares de Paulo,Midfielder,AVL,5.4,90,0,0,0,1,0,1,0,0,1
2367826,Diaby,Moussa Diaby,Midfielder,AVL,6.5,45,0,1,0,0,0,0,0,0,4
2367826,Rogers,Morgan Rogers,Midfielder,AVL,7.0,61,0,0,0,1,0,0,0,0,2
2367826,Torres,Pau Torres,Defender,AVL,4.5,90,0,0,0,1,0,0,0,0,2
2367826,Zaniolo,Nicolò Zaniolo,Midfielder,AVL,5.4,35,1,0,0,0,0,1,0,0,5
2367826,Durán,Jhon Durán,Forward,AVL,5.7,45,0,0,0,1,0,0,0,0,1
2367826,Cresswell,Aaron Cresswell,Defender,WHU,3.9,14,0,0,0,0,0,0,0,0,1
2367826,Antonio,Michail Antonio,Forward,WHU,5.2,65,1,0,1,0,0,0,0,3,9
2367826,Areola,Alphonse Areola,Goalkeeper,WHU,4.5,90,0,0,0,1,0,0,0,0,3
2367826,Ward-Prowse,James Ward-Prowse,Midfielder,WHU,6.0,14,0,0,0,0,0,0,0,0,1
2367826,Zouma,Kurt Zouma,Defender,WHU,4.4,90,0,0,0,1,0,0,0,0,2
2367826,Emerson,Emerson Palmieri dos Santos,Defender,WHU,4.5,83,0,0,0,1,0,0,0,0,2
2367826,Coufal,Vladimir Coufal,Defender,WHU,4.1,90,0,1,0,1,0,0,0,2,7
2367826,Bowen,Jarrod Bowen,Midfielder,WHU,8.0,90,0,0,0,1,0,0,0,0,2
2367826,Álvarez (Edson),Edson Álvarez,Midfielder,WHU,5.0,90,0,0,0,1,0,1,0,0,1
2367826,Soucek,Tomas Soucek,Midfielder,WHU,6.0,90,0,0,0,1,0,0,0,0,2
2367826,Johnson (Ben),Ben Johnson,Defender,WHU,3.8,32,0,0,0,1,0,0,0,0,1
2367826,Lucas Paquetá,Lucas Tolentino Coelho de Lima,Midfielder,WHU,6.0,83,0,0,0,1,0,0,0,0,2
2367826,Mavropanos,Konstantinos Mavropanos,Defender,WHU,4.5,90,0,0,0,1,0,1,0,0,1
2367826,Kudus,Mohammed Kudus,Midfielder,WHU,6.5,90,0,0,0,1,0,1,0,0,1
2367827,Smith (Adam),Adam Smith,Defender,BOU,4.5,90,0,0,1,0,0,0,0,0,6
2367827,Solanke,Dominic Solanke,Forward,BOU,7.5,84,0,0,1,0,0,0,0,0,2
2367827,Cook (Lewis),Lewis Cook,Midfielder,BOU,5.0,90,0,0,1,0,0,0,0,0,3
2367827,Christie,Ryan Christie,Midfielder,BOU,5.0,90,0,0,1,0,0,0,0,0,3
2367827,Unal,Enes Unal,Forward,BOU,5.5,16,0,0,0,0,0,1,0,0,0
2367827,Senesi,Marcos Senesi,Defender,BOU,4.5,84,0,0,1,0,0,0,0,0,6
2367827,Kluivert,Justin Kluivert,Midfielder,BOU,7.0,72,0,0,1,0,0,0,0,0,3
2367827,Travers,Mark Travers,Goalkeeper,BOU,4.5,90,0,0,1,0,0,0,0,2,9
2367827,Kelly (Lloyd),Lloyd Kelly,Defender,BOU,4.2,21,0,0,0,0,0,0,0,0,1
2367827,Semenyo,Antoine Semenyo,Forward,BOU,7.0,90,1,0,1,0,0,0,0,3,9
2367827,Hill (James),James Hill,Defender,BOU,4.0,16,0,0,0,0,0,0,0,0,1
2367827,Zabarnyi,Illia Zabarnyi,Defender,BOU,5.0,90,0,0,1,0,0,0,0,1,7
2367827,Scott,Alex Scott,Midfielder,BOU,5.0,79,0,0,1,0,0,0,0,0,3
2367827,Dango Ouattara,Dango Ouattara,Midfielder,BOU,6.0,28,0,0,0,0,0,0,0,0,1
2367827,Kerkez,Milos Kerkez,Defender,BOU,6.0,76,0,0,1,0,0,0,1,0,3
2367827,Doherty,Matt Doherty,Defender,WOL,4.5,45,0,0,0,0,0,1,0,0,0
2367827,Sarabia,Pablo Sarabia,Midfielder,WOL,5.0,63,0,0,0,1,0,0,0,0,2
2367827,José Sá,José Pedro Malheiro de Sá,Goalkeeper,WOL,4.5,90,0,0,0,1,0,0,0,0,3
2367827,Lemina (Mario),Mario Lemina,Midfielder,WOL,4.8,90,0,0,0,1,0,0,0,0,2
2367827,Hwang Hee-Chan,Hee-Chan Hwang,Midfielder,WOL,6.0,90,0,0,0,1,0,0,0,0,2
2367827,Semedo,Nelson Semedo,Defender,WOL,4.5,90,0,0,0,1,0,1,0,0,1
2367827,Kilman,Max Kilman,Defender,WOL,4.5,90,0,0,0,1,0,0,0,0,2
2367827,Doyle,Tommy Doyle,Midfielder,WOL,4.7,55,0,0,0,1,0,0,0,0,1
2367827,Bueno (Santiago),Santiago Bueno,Defender,WOL,4.5,45,0,0,0,1,0,0,0,0,1
2367827,Matheus Cunha,Matheus Santos Carneiro Da Cunha,Forward,WOL,8.0,45,0,0,0,0,0,1,0,0,0
2367827,João Gomes,João Victor Gomes da Silva,Midfielder,WOL,5.5,63,0,0,0,1,0,0,0,0,2
2367827,Ait Nouri,Rayan Ait Nouri,Defender,WOL,6.0,90,0,0,0,1,0,1,0,0,1
2367827,Traoré (Boubacar),Boubacar Traoré,Midfielder,WOL,5.0,37,0,0,0,0,0,0,0,0,1
2367827,Chirewa,Tawanda Chirewa,Midfielder,WOL,4.5,37,0,0,0,0,0,0,0,0,1
2367827,Toti,Toti António Gomes,Defender,WOL,4.5,90,0,0,0,1,0,0,0,0,2
2367827,Fraser (Nathan),Nathan Fraser,Forward,WOL,4.5,10,0,0,0,0,0,0,0,0,1
2367828,Smith (Adam),Adam Smith,Defender,BOU,4.5,90,0,1,0,1,0,0,0,0,5
2367828,Neto,Norberto Murara Neto,Goalkeeper,BOU,4.5,90,0,0,0,1,0,0,0,0,2
2367828,Solanke,Dominic Solanke,Forward,BOU,7.5,83,1,0,1,0,0,1,0,2,7
2367828,Cook (Lewis),Lewis Cook,Midfielder,BOU,5.0,90,0,0,0,1,0,0,0,0,2
2367828,Unal,Enes Unal,Forward,BOU,5.5,13,0,0,0,1,0,0,0,0,1
2367828,Billing,Philip Billing,Midfielder,BOU,5.0,24,0,0,0,1,0,0,0,0,1
2367828,Adams,Tyler Adams,Midfielder,BOU,5.0,90,0,0,0,1,0,0,0,1,3
2367828,Tavernier,Marcus Tavernier,Midfielder,BOU,5.5,72,0,0,1,0,0,0,0,0,3
2367828,Kluivert,Justin Kluivert,Midfielder,BOU,7.0,71,0,0,1,0,0,0,0,0,3
2367828,Mepham,Chris Mepham,Defender,BOU,4.0,90,0,0,0,1,0,0,0,0,2
2367828,Kelly (Lloyd),Lloyd Kelly,Defender,BOU,4.2,33,0,1,0,1,0,0,0,0,4
2367828,Semenyo,Antoine Semenyo,Forward,BOU,7.0,90,0,0,0,1,0,0,0,0,2
2367828,Zabarnyi,Illia Zabarnyi,Defender,BOU,5.0,90,0,0,0,1,0,0,0,0,2
2367828,Dango Ouattara,Dango Ouattara,Midfielder,BOU,6.0,24,0,0,0,1,0,0,0,0,1
2367828,Kerkez,Milos Kerkez,Defender,BOU,6.0,63,0,0,1,0,0,0,0,0,6
2367828,Tarkowski,James Tarkowski,Defender,EVE,5.5,90,0,0,0,2,0,1,0,0,0
2367828,Young (Ashley),Ashley Young,Defender,EVE,4.2,26,0,0,0,1,0,0,0,0,1
2367828,Coleman,Seamus Coleman,Defender,EVE,4.5,90,0,0,0,2,1,0,0,0,0
2367828,Pickford,Jordan Pickford,Goalkeeper,EVE,5.5,90,0,0,0,2,0,0,0,0,2
2367828,André Gomes,André Filipe Tavares Gomes,Midfielder,EVE,4.4,26,0,0,0,1,0,0,0,0,1
2367828,Doucouré,Abdoulaye Doucouré,Midfielder,EVE,5.1,70,0,0,0,1,0,0,0,0,2
2367828,Calvert-Lewin,Dominic Calvert-Lewin,Forward,EVE,5.4,90,0,0,0,2,0,0,0,0,2
2367828,Godfrey,Ben Godfrey,Defender,EVE,4.0,90,0,0,0,2,0,0,0,0,1
2367828,Harrison (Jack),Jack Harrison,Midfielder,EVE,5.5,70,0,0,0,1,0,0,0,0,2
2367828,Garner,James Garner,Midfielder,EVE,5.0,90,0,0,0,2,0,0,0,0,2
2367828,McNeil,Dwight McNeil,Midfielder,EVE,6.0,90,0,1,0,2,0,0,0,0,5
2367828,Mvom Onana,Amadou Mvom Onana,Midfielder,EVE,5.0,77,0,0,0,1,0,1,0,0,1
2367828,Branthwaite,Jarrad Branthwaite,Defender,EVE,5.5,90,0,0,0,2,0,0,0,0,1
2367828,Beto,Norberto Bercique Gomes Betuncal,Forward,EVE,5.5,19,1,0,0,1,0,0,0,3,8
2367829,Martinez,Emiliano Martinez,Goalkeeper,AVL,5.0,90,0,0,1,0,0,0,0,3,10
2367829,Digne,Lucas Digne,Defender,AVL,4.5,33,0,0,0,0,0,1,0,0,0
2367829,Álex Moreno,Alexandre Moreno Lopera,Defender,AVL,4.0,62,0,0,1,0,0,0,0,0,6
2367829,Diego Carlos,Diego Carlos Santos Silva,Defender,AVL,4.5,90,0,0,1,0,0,0,0,0,6
2367829,Tielemans,Youri Tielemans,Midfielder,AVL,6.0,90,0,0,1,0,0,1,0,0,2
2367829,Watkins,Ollie Watkins,Forward,AVL,9.0,45,0,0,0,0,0,0,0,0,1
2367829,Konsa Ngoyo,Ezri Konsa Ngoyo,Defender,AVL,4.5,90,1,0,1,0,0,0,0,3,15
2367829,Bailey,Leon Bailey,Midfielder,AVL,5.5,90,0,0,1,0,0,0,0,0,3
2367829,Douglas Luiz,Douglas Luiz Soares de Paulo,Midfielder,AVL,5.4,90,0,0,1,0,0,0,0,0,3
2367829,Diaby,Moussa Diaby,Midfielder,AVL,6.5,82,1,1,1,0,0,0,0,3,14
2367829,Rogers,Morgan Rogers,Midfielder,AVL,7.0,62,0,0,1,0,0,0,0,0,3
2367829,Torres,Pau Torres,Defender,AVL,4.5,90,0,0,1,0,0,0,0,0,6
2367829,Zaniolo,Nicolò Zaniolo,Midfielder,AVL,5.4,33,0,0,0,0,0,0,0,0,1
2367829,Hayden (Kaine),Kaine Hayden,Defender,AVL,4.0,3,0,0,0,0,0,0,0,0,1
2367829,Durán,Jhon Durán,Forward,AVL,5.7,45,0,0,0,0,0,1,0,0,0
2367829,Iroegbunam,Tim Iroegbunam,Midfielder,AVL,5.0,12,0,0,0,0,0,0,0,0,1
2367829,Doherty,Matt Doherty,Defender,WOL,4.5,16,0,0,0,0,0,0,0,0,1
2367829,Sarabia,Pablo Sarabia,Midfielder,WOL,5.0,90,0,0,0,2,0,1,0,0,1
2367829,José Sá,José Pedro Malheiro de Sá,Goalkeeper,WOL,4.5,90,0,0,0,2,0,0,0,0,2
2367829,Lemina (Mario),Mario Lemina,Midfielder,WOL,4.8,90,0,0,0,2,0,0,0,0,2
2367829,Semedo,Nelson Semedo,Defender,WOL,4.5,79,0,0,0,2,0,0,0,0,1
2367829,Kilman,Max Kilman,Defender,WOL,4.5,90,0,0,0,2,0,1,0,0,0
2367829,Doyle,Tommy Doyle,Midfielder,WOL,4.7,69,0,0,0,2,0,0,0,0,2
2367829,Bueno (Santiago),Santiago Bueno,Defender,WOL,4.5,90,0,0,0,2,0,0,0,0,1
2367829,João Gomes,João Victor Gomes da Silva,Midfielder,WOL,5.5,79,0,0,0,2,0,0,0,0,2
2367829,Ait Nouri,Rayan Ait Nouri,Defender,WOL,6.0,62,0,0,0,1,0,0,0,0,2
2367829,Traoré (Boubacar),Boubacar Traoré,Midfielder,WOL,5.0,16,0,0,0,0,0,0,0,0,1
2367829,Bueno (Hugo),Hugo Bueno,Defender,WOL,4.5,33,0,0,0,1,0,0,0,0,1
2367829,Chirewa,Tawanda Chirewa,Midfielder,WOL,4.5,26,0,0,0,0,0,1,0,0,0
2367829,Toti,Toti António Gomes,Defender,WOL,4.5,90,0,0,0,2,0,1,0,0,0
2367829,Fraser (Nathan),Nathan Fraser,Forward,WOL,4.5,16,0,0,0,0,0,0,0,0,1
2367829,Chiwome,Leon Chiwome,Forward,WOL,4.5,79,0,0,0,2,0,0,0,0,2
2367830,Zanka,Mathias Jorgensen,Defender,BRE,4.5,90,0,0,0,1,0,1,0,0,1
2367830,Maupay,Neal Maupay,Forward,BRE,4.9,15,0,0,0,1,0,1,0,0,0
2367830,Flekken,Mark Flekken,Goalkeeper,BRE,4.5,90,0,0,0,1,0,0,0,0,3
2367830,Toney,Ivan Toney,Forward,BRE,7.3,90,0,1,0,1,0,0,0,0,5
2367830,Ajer,Kristoffer Ajer,Defender,BRE,4.5,90,1,0,0,1,0,0,0,1,9
2367830,Janelt,Vitaly Janelt,Midfielder,BRE,5.0,90,0,0,0,1,0,0,0,0,2
2367830,Ghoddos,Saman Ghoddos,Midfielder,BRE,4.5,14,0,0,0,1,0,0,0,0,1
2367830,Jensen,Mathias Jensen,Midfielder,BRE,5.0,90,0,0,0,1,0,0,0,2,4
2367830,Wissa,Yoane Wissa,Forward,BRE,7.5,70,0,0,1,0,0,1,0,0,1
2367830,Roerslev,Mads Roerslev,Defender,BRE,4.5,85,0,0,1,0,0,0,0,0,6
2367830,Lewis-Potter,Keane Lewis-Potter,Midfielder,BRE,5.0,85,0,0,1,0,0,0,0,0,3
2367830,Collins,Nathan Collins,Defender,BRE,5.0,90,0,0,0,1,0,0,0,0,2
2367830,Damsgaard,Mikkel Damsgaard,Midfielder,BRE,6.0,30,0,0,0,1,0,0,0,0,1
2367830,Mbeumo,Bryan Mbeumo,Midfielder,BRE,8.0,30,0,0,0,1,0,0,0,0,1
2367830,Yarmolyuk,Ehor Yarmolyuk,Midfielder,BRE,5.0,69,0,0,1,0,0,0,0,0,3
2367830,Casemiro,Carlos Henrique Jose Francisco Venancio,Midfielder,MUN,5.5,21,0,1,0,1,0,0,0,0,4
2367830,Varane,Raphael Varane,Defender,MUN,4.9,45,0,0,0,0,0,0,0,0,1
2367830,Maguire,Harry Maguire,Defender,MUN,4.5,45,0,0,0,1,0,0,0,0,1
2367830,Bruno Fernandes,Bruno Miguel Borges Fernandes,Midfielder,MUN,9.0,90,0,0,0,1,0,0,0,0,2
2367830,Rashford,Marcus Rashford,Midfielder,MUN,7.0,79,0,0,1,0,0,0,0,0,3
2367830,Mount,Mason Mount,Midfielder,MUN,6.0,21,1,0,0,1,0,0,0,0,6
2367830,Lindelof,Victor Nilsson-Lindelof,Defender,MUN,4.3,67,0,0,1,0,0,0,0,3,9
2367830,McTominay,Scott McTominay,Midfielder,MUN,4.9,90,0,0,0,1,0,1,0,0,1
2367830,Onana,André Onana,Goalkeeper,MUN,5.0,90,0,0,0,1,0,0,0,0,3
2367830,Wan-Bissaka,Aaron Wan-Bissaka,Defender,MUN,4.5,90,0,0,0,1,0,1,0,0,1
2367830,Dalot,José Diogo Dalot Teixeira,Defender,MUN,4.5,90,0,0,0,1,0,0,0,0,2
2367830,Martínez,Lisandro Martínez,Defender,MUN,5.0,33,0,0,0,1,0,0,0,0,1
2367830,Antony,Antony Matheus dos Santos,Midfielder,MUN,6.0,41,0,0,0,1,0,0,0,0,1
2367830,Garnacho,Alejandro Garnacho Ferreyra,Midfielder,MUN,6.5,58,0,0,0,0,0,0,0,0,1
2367830,Højlund,Rasmus Højlund,Forward,MUN,6.5,90,0,0,0,1,0,0,0,0,2
2367830,Mainoo,Kobbie Mainoo,Midfielder,MUN,5.0,78,0,0,1,0,0,0,0,0,3
2367831,Rodriguez,Jay Rodriguez,Forward,BUR,5.3,26,0,0,0,1,0,0,0,0,1
2367831,Gudmundsson,Johann Berg Gudmundsson,Midfielder,BUR,4.8,25,0,0,0,1,0,0,0,0,1
2367831,Taylor (Charlie),Charlie Taylor,Defender,BUR,3.9,52,0,0,0,1,0,0,0,0,1
2367831,Cullen,Josh Cullen,Midfielder,BUR,5.0,90,1,1,0,2,0,1,0,2,11
2367831,Brownhill,Josh Brownhill,Midfielder,BUR,4.7,45,0,1,0,1,0,0,0,0,4
2367831,Bruun Larsen,Jacob Bruun Larsen,Midfielder,BUR,5.5,45,0,0,0,1,0,0,0,0,1
2367831,Berge,Sander Berge,Midfielder,BUR,5.0,90,0,0,0,2,0,0,0,0,2
2367831,O'Shea,Dara O'Shea,Defender,BUR,3.8,90,1,0,0,2,0,0,0,0,7
2367831,Muric,Arijanet Muric,Goalkeeper,BUR,4.4,90,0,0,0,2,0,0,0,1,5
2367831,Foster,Lyle Foster,Forward,BUR,5.0,69,0,0,0,1,0,0,0,0,2
2367831,Vitinho,Victor Alexander da Silva,Defender,BUR,4.4,90,0,0,0,2,0,0,0,0,1
2367831,Esteve,Maxime Esteve,Defender,BUR,4.0,90,0,0,0,2,0,1,0,0,0
2367831,Amdouni,Zeki Amdouni,Forward,BUR,5.0,44,0,0,0,1,0,0,0,0,1
2367831,Assignon,Lorenz Assignon,Defender,BUR,4.0,40,0,0,0,0,0,0,1,0,0
2367831,Odobert,Wilson Odobert,Midfielder,BUR,5.5,69,0,0,0,1,0,0,0,0,2
2367831,Sterling (Raheem),Raheem Sterling,Midfielder,CHE,6.7,22,0,1,0,1,0,0,0,0,4
2367831,Cucurella,Marc Cucurella,Defender,CHE,6.0,90,0,0,0,2,0,1,0,0,0
2367831,Disasi,Axel Disasi,Defender,CHE,4.2,90,0,0,0,2,0,0,0,0,1
2367831,Gallagher,Conor Gallagher,Midfielder,CHE,5.9,61,0,0,0,1,0,1,0,0,1
2367831,Badiashile,Benoît Badiashile,Defender,CHE,4.5,90,0,0,0,2,0,0,0,0,1
2367831,Palmer,Cole Palmer,Midfielder,CHE,10.5,90,2,0,0,2,0,0,0,3,15
2367831,Madueke,Noni Madueke,Midfielder,CHE,7.0,33,0,0,0,1,0,0,0,0,1
2367831,Fernández (Enzo),Enzo Fernández,Midfielder,CHE,6.5,90,0,0,0,2,0,0,0,0,2
2367831,Petrovic,Dorde Petrovic,Goalkeeper,CHE,4.5,90,0,0,0,2,0,0,0,0,2
2367831,Mudryk,Mykhailo Mudryk,Midfielder,CHE,5.0,90,0,1,0,2,0,0,0,0,5
2367831,Gusto,Malo Gusto,Defender,CHE,5.0,85,0,0,0,2,0,0,0,0,1
2367831,Moises Caicedo,Moises Caicedo,Midfielder,CHE,5.5,72,0,0,0,1,0,0,0,0,2
2367831,Gilchrist,Alfie Gilchrist,Defender,CHE,4.0,9,0,0,0,0,0,0,0,0,1
2367831,Jackson (Nicolas),Nicolas Jackson,Forward,CHE,6.5,90,0,0,0,2,0,0,0,0,2
2367832,Lallana,Adam Lallana,Midfielder,BHA,5.0,14,0,0,0,0,0,0,0,0,1
2367832,Welbeck,Danny Welbeck,Forward,BHA,6.5,90,1,0,0,2,0,1,0,1,6
2367832,Groß,Pascal Groß,Midfielder,BHA,6.5,90,0,0,0,2,0,1,0,0,1
2367832,Dunk,Lewis Dunk,Defender,BHA,4.5,90,0,0,0,2,0,0,0,0,1
2367832,Veltman,Joël Veltman,Defender,BHA,4.5,90,0,0,0,2,0,0,0,0,1
2367832,Estupiñán,Pervis Estupiñán,Defender,BHA,4.5,90,0,0,0,2,0,0,0,0,1
2367832,Lamptey,Tariq Lamptey,Defender,BHA,4.5,69,0,0,0,2,0,0,0,0,1
2367832,Moder,Jakub Moder,Midfielder,BHA,4.4,83,0,0,0,2,0,0,0,0,2
2367832,van Hecke,Jan-Paul van Hecke,Defender,BHA,4.5,90,0,0,0,2,0,1,0,0,0
2367832,Ferguson (Evan),Evan Ferguson,Forward,BHA,5.5,14,0,0,0,0,0,0,0,0,1
2367832,Verbruggen,Bart Verbruggen,Goalkeeper,BHA,4.5,90,0,0,0,2,0,0,0,1,4
2367832,Baleba,Carlos Baleba,Midfielder,BHA,5.0,90,0,0,0,2,0,0,0,0,2
2367832,Adingra,Simon Adingra,Midfielder,BHA,5.5,82,0,0,0,2,0,0,0,0,2
2367832,Buonanotte,Facundo Buonanotte,Midfielder,BHA,5.0,27,0,0,0,0,0,0,0,0,1
2367832,Barco,Valentín Barco,Defender,BHA,4.0,5,0,0,0,0,0,0,0,0,1
2367832,van Dijk,Virgil van Dijk,Defender,LIV,6.0,90,0,0,0,1,0,1,0,0,1
2367832,Salah,Mohamed Salah,Midfielder,LIV,14.5,90,1,0,0,1,0,0,0,0,7
2367832,Endo,Wataru Endo,Midfielder,LIV,5.0,90,0,0,0,1,0,1,0,0,1
2367832,Gomez,Joseph Gomez,Defender,LIV,5.0,90,0,0,0,1,0,1,0,0,1
2367832,Kelleher,Caoimhin Kelleher,Goalkeeper,LIV,4.5,90,0,0,0,1,0,0,0,0,2
2367832,Mac Allister,Alexis Mac Allister,Midfielder,LIV,6.5,90,0,1,0,1,0,1,0,0,4
2367832,Gakpo,Cody Gakpo,Forward,LIV,7.5,8,0,0,0,0,0,1,0,0,0
2367832,Díaz,Luis Díaz,Midfielder,LIV,8.0,89,1,0,0,1,0,0,0,3,10
2367832,Szoboszlai,Dominik Szoboszlai,Midfielder,LIV,6.5,90,0,0,0,1,0,0,0,0,2
2367832,Gravenberch,Ryan Gravenberch,Midfielder,LIV,5.5,3,0,0,0,0,0,0,0,0,1
2367832,Quansah,Jarell Quansah,Defender,LIV,3.9,90,0,0,0,1,0,0,0,0,2
2367832,Elliott,Harvey Elliott,Midfielder,LIV,5.5,15,0,0,0,0,0,0,0,0,1
2367832,Núñez,Darwin Núñez,Forward,LIV,6.5,82,0,0,0,1,0,0,0,0,2
2367832,Bradley,Conor Bradley,Defender,LIV,5.0,90,0,0,0,1,0,0,0,2,4
2367833,Jorginho,Jorge Luiz Frello Filho,Midfielder,ARS,4.6,66,0,0,1,0,0,0,0,0,3
2367833,Trossard,Leandro Trossard,Midfielder,ARS,7.0,22,0,0,0,0,0,0,0,0,1
2367833,Raya Martin,David Raya Martin,Goalkeeper,ARS,5.5,90,0,0,1,0,0,1,0,0,5
2367833,Partey,Thomas Partey,Midfielder,ARS,4.9,28,0,0,0,0,0,0,0,0,1
2367833,Odegaard,Martin Odegaard,Midfielder,ARS,8.0,90,0,0,1,0,0,0,0,0,3
2367833,White (Ben),Ben White,Defender,ARS,5.5,90,0,0,1,0,0,0,0,0,6
2367833,Rice,Declan Rice,Midfielder,ARS,6.5,90,0,0,1,0,0,0,0,0,3
2367833,Jesus,Gabriel Fernando de Jesus,Forward,ARS,6.5,71,0,0,1,0,0,1,0,0,1
2367833,Havertz,Kai Havertz,Midfielder,ARS,7.5,90,0,0,1,0,0,0,0,0,3
2367833,Saka,Bukayo Saka,Midfielder,ARS,10.0,77,0,0,1,0,0,0,0,0,3
2367833,Tomiyasu,Takehiro Tomiyasu,Defender,ARS,4.8,28,0,0,0,0,0,0,0,0,1
2367833,Gabriel Magalhães,Gabriel dos Santos Magalhães,Defender,ARS,6.0,90,0,0,1,0,0,0,0,0,6
2367833,Kiwior,Jakub Kiwior,Defender,ARS,5.5,65,0,0,1,0,0,0,0,0,6
2367833,Martinelli,Gabriel Teodoro Martinelli Silva,Midfielder,ARS,7.0,16,0,0,0,0,0,0,0,0,1
2367833,Saliba,William Saliba,Defender,ARS,6.0,90,0,0,1,0,0,0,0,1,7
2367833,De Bruyne,Kevin De Bruyne,Midfielder,MCI,9.5,90,0,0,1,0,0,0,0,0,3
2367833,Ortega Moreno,Stefan Ortega Moreno,Goalkeeper,MCI,5.0,90,0,0,1,0,0,0,0,2,8
2367833,Kovacic,Mateo Kovacic,Midfielder,MCI,6.0,61,0,0,1,0,0,0,0,0,3
2367833,Grealish,Jack Grealish,Midfielder,MCI,6.5,33,0,0,0,0,0,0,0,0,1
2367833,Aké,Nathan Aké,Defender,MCI,5.5,26,0,0,0,0,0,0,0,0,1
2367833,Bernardo Silva,Bernardo Mota Veiga de Carvalho e Silva,Midfielder,MCI,6.5,90,0,0,1,0,0,0,0,0,3
2367833,Rúben Dias,Rúben Santos Gato Alves Dias,Defender,MCI,5.5,90,0,0,1,0,0,0,0,0,6
2367833,Foden,Phil Foden,Midfielder,MCI,8.0,61,0,0,1,0,0,0,0,0,3
2367833,Akanji,Manuel Akanji,Defender,MCI,5.5,90,0,0,1,0,0,0,0,0,6
2367833,Rodri,Rodrigo Hernández Cascante,Midfielder,MCI,6.5,90,0,0,1,0,0,0,0,0,3
2367833,Haaland,Erling Haaland,Forward,MCI,14.0,90,0,0,1,0,0,0,0,0,2
2367833,Doku,Jéremy Doku,Midfielder,MCI,6.5,33,0,0,0,0,0,0,0,0,1
2367833,Lewis (Rico),Rico Lewis,Defender,MCI,5.0,66,0,0,1,0,0,0,0,0,6
2367833,Gvardiol,Joško Gvardiol,Defender,MCI,6.0,90,0,0,1,0,0,0,0,3,9
2367834,Dubravka,Martin Dubravka,Goalkeeper,NEW,4.0,90,0,0,0,3,0,0,0,0,1
2367834,Burn,Dan Burn,Defender,NEW,5.0,90,0,0,0,3,0,0,0,0,1
2367834,Lascelles,Jamaal Lascelles,Defender,NEW,4.5,13,0,0,0,0,0,0,0,0,1
2367834,Krafth,Emil Krafth,Defender,NEW,4.5,49,0,0,0,3,0,0,0,0,0
2367834,Murphy (Jacob),Jacob Murphy,Midfielder,NEW,6.5,90,0,0,0,3,0,0,0,0,2
2367834,Schär,Fabian Schär,Defender,NEW,5.5,90,0,0,0,3,0,0,0,0,1
2367834,Almirón,Miguel Almirón,Midfielder,NEW,5.4,10,0,0,0,0,0,0,0,0,1
2367834,Longstaff (Sean),Sean Longstaff,Midfielder,NEW,5.0,90,0,0,0,3,0,0,0,0,2
2367834,Willock,Joseph Willock,Midfielder,NEW,5.0,55,0,0,0,3,0,0,0,0,1
2367834,Barnes (Harvey),Harvey Barnes,Midfielder,NEW,6.5,31,2,0,0,0,0,0,0,1,12
2367834,Bruno Guimarães,Bruno Guimarães Rodriguez Moura,Midfielder,NEW,6.5,90,0,0,0,3,0,0,0,0,2
2367834,Anderson,Elliot Anderson,Midfielder,NEW,5.5,41,0,0,0,0,0,0,0,0,1
2367834,Isak,Alexander Isak,Forward,NEW,10.5,90,2,1,0,3,0,1,0,3,15
2367834,Gordon (Anthony),Anthony Gordon,Midfielder,NEW,7.5,89,0,3,0,3,0,0,1,0,8
2367834,Livramento,Valentino Livramento,Defender,NEW,5.0,55,0,0,0,3,0,0,0,0,0
2367834,Lewis Hall,Lewis Hall,Defender,NEW,5.5,41,0,0,0,0,0,0,0,0,1
2367834,Fabianski,Lukasz Fabianski,Goalkeeper,WHU,3.9,45,0,0,0,3,0,0,0,0,0
2367834,Antonio,Michail Antonio,Forward,WHU,5.2,66,1,0,0,1,0,0,0,0,6
2367834,Areola,Alphonse Areola,Goalkeeper,WHU,4.5,45,0,0,0,1,0,0,0,0,2
2367834,Ings,Danny Ings,Forward,WHU,4.8,7,0,0,0,0,0,0,0,0,1
2367834,Ward-Prowse,James Ward-Prowse,Midfielder,WHU,6.0,78,0,0,0,3,0,0,0,0,2
2367834,Zouma,Kurt Zouma,Defender,WHU,4.4,90,0,0,0,4,0,0,0,0,0
2367834,Emerson,Emerson Palmieri dos Santos,Defender,WHU,4.5,90,0,0,0,4,0,0,0,0,0
2367834,Phillips (Kalvin),Kalvin Phillips,Midfielder,WHU,5.0,29,0,0,0,3,0,0,0,0,1
2367834,Coufal,Vladimir Coufal,Defender,WHU,4.1,88,0,0,0,4,0,0,0,0,0
2367834,Bowen,Jarrod Bowen,Midfielder,WHU,8.0,90,1,1,0,4,0,0,0,0,10
2367834,Soucek,Tomas Soucek,Midfielder,WHU,6.0,90,0,0,0,4,0,1,0,0,1
2367834,Johnson (Ben),Ben Johnson,Defender,WHU,3.8,17,0,0,0,1,0,0,0,0,1
2367834,Lucas Paquetá,Lucas Tolentino Coelho de Lima,Midfielder,WHU,6.0,90,0,1,0,4,0,0,0,0,5
2367834,Mavropanos,Konstantinos Mavropanos,Defender,WHU,4.5,90,0,0,0,4,0,0,0,0,0
2367834,Kudus,Mohammed Kudus,Midfielder,WHU,6.5,90,1,1,0,4,0,0,0,2,12
2367835,Ward,Joel Ward,Defender,CRY,4.3,90,0,0,0,1,0,0,0,0,2
2367835,Clyne,Nathaniel Clyne,Defender,CRY,4.0,3,0,0,0,0,0,0,0,0,1
2367835,Ayew (Jordan),Jordan Ayew,Midfielder,CRY,5.1,63,0,0,0,1,0,0,0,0,2
2367835,Schlupp,Jeffrey Schlupp,Midfielder,CRY,4.6,31,0,0,0,0,0,1,0,0,0
2367835,Hughes,Will Hughes,Midfielder,CRY,5.0,17,0,0,0,0,0,0,0,0,1
2367835,Lerma,Jefferson Lerma,Midfielder,CRY,5.0,90,0,0,0,1,0,0,0,0,2
2367835,Henderson (Dean),Dean Henderson,Goalkeeper,CRY,5.0,90,0,0,0,1,0,0,0,0,3
2367835,Andersen (Joachim),Joachim Andersen,Defender,CRY,4.5,90,0,0,0,1,0,0,0,0,2
2367835,Mateta,Jean-Philippe Mateta,Forward,CRY,7.5,90,1,0,0,1,0,0,0,3,9
2367835,Eze,Eberechi Eze,Midfielder,CRY,7.5,90,0,1,0,1,0,0,0,0,5
2367835,Mitchell,Tyrick Mitchell,Defender,CRY,5.0,90,0,0,0,1,0,0,0,0,2
2367835,Muñoz,Daniel Muñoz,Defender,CRY,5.5,90,0,0,0,1,0,0,0,0,2
2367835,Richards (Chris),Chris Richards,Defender,CRY,4.5,90,0,0,0,1,0,0,0,0,2
2367835,Wharton,Adam Wharton,Midfielder,CRY,5.0,78,0,0,0,1,0,0,0,0,2
2367835,Wood,Chris Wood,Forward,NFO,7.5,90,1,0,0,1,0,0,0,2,8
2367835,Sels,Matz Sels,Goalkeeper,NFO,5.0,90,0,0,0,1,0,0,0,0,2
2367835,Toffolo,Harry Toffolo,Defender,NFO,4.2,13,0,0,0,0,0,0,0,0,1
2367835,Felipe,Felipe Augusto de Almeida Monteiro,Defender,NFO,4.4,90,0,0,0,1,0,1,0,0,1
2367835,Origi,Divock Origi,Forward,NFO,5.0,58,0,0,0,1,0,0,0,0,1
2367835,Aina,Ola Aina,Defender,NFO,5.0,82,0,0,0,1,0,0,0,0,2
2367835,Yates,Ryan Yates,Midfielder,NFO,5.0,90,0,0,0,1,0,0,0,0,2
2367835,Hudson-Odoi,Callum Hudson-Odoi,Midfielder,NFO,6.0,90,0,0,0,1,0,0,0,0,2
2367835,Sangaré,Ibrahim Sangaré,Midfielder,NFO,5.0,45,0,0,0,1,0,0,0,0,1
2367835,Williams (Neco),Neco Williams,Defender,NFO,5.0,90,0,0,0,1,0,0,0,0,2
2367835,Gibbs-White,Morgan Gibbs-White,Midfielder,NFO,7.5,90,0,1,0,1,0,0,0,2,7
2367835,Reyna,Giovanni Reyna,Midfielder,NFO,4.6,37,0,0,0,0,0,0,0,0,1
2367835,Elanga,Anthony Elanga,Midfielder,NFO,7.0,45,0,0,0,0,0,0,0,0,1
2367835,Murillo,Murillo Santiago Costa dos Santos,Defender,NFO,5.5,90,0,0,0,1,0,0,0,0,2
2367836,Willian,Willian Borges Da Silva,Midfielder,FUL,5.0,90,0,0,0,3,0,0,0,0,2
2367836,Cairney,Tom Cairney,Midfielder,FUL,5.0,29,0,1,0,0,0,0,0,0,4
2367836,Leno,Bernd Leno,Goalkeeper,FUL,5.0,90,0,0,0,3,0,0,0,0,1
2367836,DeCordova-Reid,Bobby DeCordova-Reid,Midfielder,FUL,5.2,21,1,0,0,0,0,0,0,0,6
2367836,Raúl Jiménez,Raul Alonso Jimenez Rodriguez,Forward,FUL,6.5,21,0,0,0,0,0,0,0,0,1
2367836,Tosin,Oluwatosin Adarabioyo,Defender,FUL,4.5,80,0,0,0,3,0,0,0,0,1
2367836,Iwobi,Alex Iwobi,Midfielder,FUL,6.5,72,0,0,0,3,0,0,0,0,2
2367836,João Palhinha,João Maria Lobo Alves Palhinha Gonçalves,Midfielder,FUL,5.9,90,1,0,0,3,0,0,0,1,8
2367836,Pereira (Andreas),Andreas Pereira,Midfielder,FUL,5.5,80,0,1,0,3,0,0,0,0,5
2367836,Traoré (Adama),Adama Traoré,Midfielder,FUL,5.5,40,0,1,0,2,0,0,0,0,4
2367836,Castagne,Timothy Castagne,Defender,FUL,4.5,80,0,0,0,3,0,0,0,0,1
2367836,Tete,Kenny Tete,Defender,FUL,4.5,21,0,0,0,0,0,0,0,0,1
2367836,Robinson (Antonee),Antonee Robinson,Defender,FUL,5.0,90,0,0,0,3,0,0,0,0,1
2367836,Lukic,Sasa Lukic,Midfielder,FUL,5.0,61,0,0,0,1,0,0,0,0,2
2367836,Bassey,Calvin Bassey,Defender,FUL,4.5,90,0,0,0,3,0,1,0,0,0
2367836,Rodrigo Muniz,Rodrigo Muniz Carvalho,Forward,FUL,5.5,90,1,0,0,3,0,0,0,0,6
2367836,Norwood,Oliver Norwood,Midfielder,SHU,4.8,21,0,0,0,2,0,1,0,0,0
2367836,Robinson (Jack),Jack Robinson,Defender,SHU,4.3,90,0,0,0,3,0,0,0,0,1
2367836,Osborn,Ben Osborn,Midfielder,SHU,4.8,90,0,0,0,3,0,0,0,0,2
2367836,McBurnie,Oliver McBurnie,Forward,SHU,5.4,84,1,1,0,2,0,0,0,2,11
2367836,Grbic,Ivo Grbic,Goalkeeper,SHU,4.5,90,0,0,0,3,0,0,0,0,3
2367836,Holgate,Mason Holgate,Defender,SHU,4.0,90,0,0,0,3,0,1,0,0,0
2367836,Hamer,Gustavo Hamer,Midfielder,SHU,4.9,90,0,1,0,3,0,1,0,0,4
2367836,Trusty,Auston Trusty,Defender,SHU,3.9,21,0,0,0,2,0,0,0,0,0
2367836,Brereton,Ben Brereton,Midfielder,SHU,4.8,90,2,1,0,3,0,0,0,3,18
2367836,Bogle,Jayden Bogle,Defender,SHU,4.5,90,0,0,0,3,0,1,0,0,0
2367836,Ahmedhodzic,Anel Ahmedhodzic,Defender,SHU,4.3,90,0,0,0,3,0,0,0,0,1
2367836,Vinicius Souza,Vinicius de Souza Costa,Midfielder,SHU,5.0,80,0,0,0,1,0,0,0,0,2
2367836,Mcatee,James Mcatee,Midfielder,SHU,5.5,16,0,0,0,1,0,0,0,0,1
2367836,Arblaster,Oliver Arblaster,Midfielder,SHU,4.5,80,0,0,0,1,0,0,0,0,2
2367837,Kaminski,Thomas Kaminski,Goalkeeper,LUT,4.0,90,0,0,0,2,0,0,0,0,1
2367837,Townsend,Andros Townsend,Midfielder,LUT,5.0,90,0,0,0,2,0,0,0,0,2
2367837,Berry,Luke Berry,Midfielder,LUT,4.6,63,0,0,0,1,0,0,0,0,2
2367837,Barkley,Ross Barkley,Midfielder,LUT,5.0,90,0,1,0,2,0,1,0,0,4
2367837,Woodrow,Cauley Woodrow,Forward,LUT,4.3,16,0,0,0,1,0,0,0,0,1
2367837,Clark (Jordan),Jordan Clark,Midfielder,LUT,4.8,33,0,0,0,1,0,0,0,0,1
2367837,Ruddock Mpanzu,Pelly Ruddock Mpanzu,Midfielder,LUT,4.6,90,0,0,0,2,0,1,0,0,1
2367837,Burke,Reece Burke,Defender,LUT,4.0,45,0,0,0,0,0,1,0,0,0
2367837,Morris,Carlton Morris,Forward,LUT,4.7,90,0,0,0,2,0,0,0,0,2
2367837,Onyedinma,Fred Onyedinma,Midfielder,LUT,5.0,25,0,0,0,1,0,0,0,0,1
2367837,Hashioka,Daiki Hashioka,Defender,LUT,4.0,45,0,0,0,2,0,0,0,0,0
2367837,Chong,Tahith Chong,Midfielder,LUT,4.4,71,1,0,0,1,0,0,0,2,9
2367837,Doughty,Alfie Doughty,Defender,LUT,4.3,79,0,0,0,1,0,0,0,0,2
2367837,Mengi,Teden Mengi,Defender,LUT,3.9,90,0,0,0,2,0,1,0,0,0
2367837,Issa Kabore,Issa Kabore,Defender,LUT,4.5,90,0,0,0,2,1,0,0,0,0
2367837,Son,Heung-Min Son,Midfielder,TOT,8.5,84,1,0,0,1,0,0,0,3,10
2367837,Højbjerg,Pierre-Emile Højbjerg,Midfielder,TOT,5.0,11,0,0,0,0,0,1,0,0,0
2367837,Werner,Timo Werner,Forward,TOT,6.2,90,0,0,0,1,0,0,0,0,2
2367837,Maddison,James Maddison,Midfielder,TOT,7.0,67,0,0,0,1,0,0,0,0,2
2367837,Vicario,Guglielmo Vicario,Goalkeeper,TOT,5.0,90,0,0,0,1,0,0,0,0,2
2367837,Lo Celso,Giovani Lo Celso,Midfielder,TOT,4.9,30,0,0,0,0,0,1,0,0,0
2367837,Bentancur,Rodrigo Bentancur,Midfielder,TOT,5.5,29,0,0,0,0,0,0,0,0,1
2367837,Richarlison,Richarlison de Andrade,Midfielder,TOT,6.5,15,0,0,0,0,0,0,0,0,1
2367837,Romero,Cristian Romero,Defender,TOT,5.0,90,0,0,0,1,0,0,0,0,2
2367837,Bissouma,Yves Bissouma,Midfielder,TOT,5.5,81,0,0,0,1,0,1,0,0,2
2367837,Johnson (Brennan),Brennan Johnson,Midfielder,TOT,7.0,45,0,2,0,0,0,0,0,1,8
2367837,Porro,Pedro Porro,Defender,TOT,5.5,90,0,0,0,1,0,0,0,0,2
2367837,Kulusevski,Dejan Kulusevski,Midfielder,TOT,6.5,45,0,0,0,1,0,0,0,0,1
2367837,Sarr (Pape),Pape Sarr,Midfielder,TOT,5.0,67,0,0,0,1,0,0,0,0,2
2367837,Destiny Udogie,Iyenoma Destiny Udogie,Defender,TOT,4.5,90,0,0,0,1,0,0,0,0,2
2367837,Dragusin,Radu Dragusin,Defender,TOT,4.5,90,0,0,0,1,0,0,0,0,2
2367838,Smith (Adam),Adam Smith,Defender,BOU,4.5,89,0,0,1,0,0,0,0,3,9
2367838,Neto,Norberto Murara Neto,Goalkeeper,BOU,4.5,90,0,0,1,0,0,0,0,1,7
2367838,Solanke,Dominic Solanke,Forward,BOU,7.5,89,0,0,1,0,0,0,0,0,2
2367838,Cook (Lewis),Lewis Cook,Midfielder,BOU,5.0,90,0,0,1,0,0,0,0,0,3
2367838,Christie,Ryan Christie,Midfielder,BOU,5.0,90,0,0,1,0,0,0,0,0,3
2367838,Unal,Enes Unal,Forward,BOU,5.5,6,0,0,0,0,0,0,0,0,1
2367838,Billing,Philip Billing,Midfielder,BOU,5.0,63,0,0,1,0,0,0,0,0,3
2367838,Tavernier,Marcus Tavernier,Midfielder,BOU,5.5,90,0,0,1,0,0,1,0,0,2
2367838,Kluivert,Justin Kluivert,Midfielder,BOU,7.0,32,1,0,0,0,0,0,0,0,6
2367838,Aarons,Maximillian Aarons,Defender,BOU,4.3,6,0,0,0,0,0,0,0,0,1
2367838,Kelly (Lloyd),Lloyd Kelly,Defender,BOU,4.2,90,0,0,1,0,0,1,0,2,7
2367838,Semenyo,Antoine Semenyo,Forward,BOU,7.0,45,0,1,0,0,0,1,0,0,3
2367838,Zabarnyi,Illia Zabarnyi,Defender,BOU,5.0,90,0,0,1,0,0,0,0,1,7
2367838,Scott,Alex Scott,Midfielder,BOU,5.0,45,0,0,0,0,0,0,0,0,1
2367838,Dango Ouattara,Dango Ouattara,Midfielder,BOU,6.0,63,0,0,1,0,0,0,0,0,3
2367838,Kerkez,Milos Kerkez,Defender,BOU,6.0,32,0,0,0,0,0,0,0,0,1
2367838,Ward,Joel Ward,Defender,CRY,4.3,90,0,0,0,1,0,0,0,0,2
2367838,Ayew (Jordan),Jordan Ayew,Midfielder,CRY,5.1,69,0,0,1,0,0,0,0,0,3
2367838,Schlupp,Jeffrey Schlupp,Midfielder,CRY,4.6,26,0,0,0,1,0,0,0,0,1
2367838,Hughes,Will Hughes,Midfielder,CRY,5.0,69,0,0,1,0,0,1,0,0,2
2367838,Lerma,Jefferson Lerma,Midfielder,CRY,5.0,90,0,0,0,1,0,0,0,0,2
2367838,Henderson (Dean),Dean Henderson,Goalkeeper,CRY,5.0,90,0,0,0,1,0,0,0,0,3
2367838,Andersen (Joachim),Joachim Andersen,Defender,CRY,4.5,90,0,0,0,1,0,1,0,0,1
2367838,Edouard,Odsonne Edouard,Forward,CRY,5.0,10,0,0,0,0,0,0,0,0,1
2367838,Mateta,Jean-Philippe Mateta,Forward,CRY,7.5,90,0,0,0,1,0,0,0,0,2
2367838,Eze,Eberechi Eze,Midfielder,CRY,7.5,90,0,0,0,1,0,0,0,0,2
2367838,Mitchell,Tyrick Mitchell,Defender,CRY,5.0,90,0,0,0,1,0,0,0,0,2
2367838,Muñoz,Daniel Muñoz,Defender,CRY,5.5,90,0,0,0,1,0,0,0,0,2
2367838,Wharton,Adam Wharton,Midfielder,CRY,5.0,85,0,0,0,1,0,0,0,0,2
2367838,Ozoh,David Ozoh,Midfielder,CRY,4.5,26,0,0,0,1,0,0,0,0,1
2367839,Jorginho,Jorge Luiz Frello Filho,Midfielder,ARS,4.6,9,0,0,0,0,0,0,0,0,1
2367839,Trossard,Leandro Trossard,Midfielder,ARS,7.0,90,0,0,1,0,0,0,0,0,3
2367839,Raya Martin,David Raya Martin,Goalkeeper,ARS,5.5,90,0,0,1,0,0,0,0,0,6
2367839,Partey,Thomas Partey,Midfielder,ARS,4.9,66,0,0,1,0,0,0,0,0,3
2367839,Odegaard,Martin Odegaard,Midfielder,ARS,8.0,90,1,0,1,0,0,0,0,3,11
2367839,White (Ben),Ben White,Defender,ARS,5.5,90,0,0,1,0,0,0,0,0,6
2367839,Nelson (Reiss),Reiss Nelson,Midfielder,ARS,5.0,74,0,0,1,0,0,0,0,0,3
2367839,Rice,Declan Rice,Midfielder,ARS,6.5,27,0,0,0,0,0,0,0,0,1
2367839,Eddie Nketiah,Edward Nketiah,Forward,ARS,5.5,28,0,0,0,0,0,0,0,0,1
2367839,Zinchenko,Oleksandr Zinchenko,Defender,ARS,5.0,74,0,0,1,0,0,0,0,3,9
2367839,Smith-Rowe,Emile Smith-Rowe,Midfielder,ARS,6.0,84,0,1,1,0,0,0,0,0,6
2367839,Havertz,Kai Havertz,Midfielder,ARS,7.5,66,0,1,1,0,0,1,0,0,5
2367839,Tomiyasu,Takehiro Tomiyasu,Defender,ARS,4.8,20,0,0,0,0,0,0,0,0,1
2367839,Gabriel Magalhães,Gabriel dos Santos Magalhães,Defender,ARS,6.0,90,0,0,1,0,0,0,0,0,6
2367839,Martinelli,Gabriel Teodoro Martinelli Silva,Midfielder,ARS,7.0,20,0,0,0,0,0,0,0,0,1
2367839,Saliba,William Saliba,Defender,ARS,6.0,90,0,0,1,0,0,0,0,1,7
2367839,Kaminski,Thomas Kaminski,Goalkeeper,LUT,4.0,90,0,0,0,2,0,0,0,0,2
2367839,Townsend,Andros Townsend,Midfielder,LUT,5.0,80,0,0,0,2,0,0,0,0,2
2367839,Berry,Luke Berry,Midfielder,LUT,4.6,14,0,0,0,0,0,0,0,0,1
2367839,Barkley,Ross Barkley,Midfielder,LUT,5.0,90,0,0,0,2,0,0,0,0,2
2367839,Woodrow,Cauley Woodrow,Forward,LUT,4.3,19,0,0,0,0,0,0,0,0,1
2367839,Clark (Jordan),Jordan Clark,Midfielder,LUT,4.8,90,0,0,0,2,0,0,0,0,2
2367839,Ruddock Mpanzu,Pelly Ruddock Mpanzu,Midfielder,LUT,4.6,53,0,0,0,2,0,0,0,0,1
2367839,Morris,Carlton Morris,Forward,LUT,4.7,90,0,0,0,2,0,0,0,0,2
2367839,Onyedinma,Fred Onyedinma,Midfielder,LUT,5.0,75,0,0,0,2,0,1,0,0,1
2367839,Hashioka,Daiki Hashioka,Defender,LUT,4.0,90,0,0,0,2,1,0,0,0,0
2367839,Chong,Tahith Chong,Midfielder,LUT,4.4,41,0,0,0,0,0,0,0,0,1
2367839,Doughty,Alfie Doughty,Defender,LUT,4.3,90,0,0,0,2,0,0,0,0,1
2367839,Mengi,Teden Mengi,Defender,LUT,3.9,90,0,0,0,2,0,0,0,0,1
2367839,Issa Kabore,Issa Kabore,Defender,LUT,4.5,90,0,0,0,2,0,0,0,0,1
2367840,Zanka,Mathias Jorgensen,Defender,BRE,4.5,90,0,0,1,0,0,0,0,0,6
2367840,Flekken,Mark Flekken,Goalkeeper,BRE,4.5,90,0,0,1,0,0,0,0,3,11
2367840,Toney,Ivan Toney,Forward,BRE,7.3,90,0,0,1,0,0,0,0,0,2
2367840,Ajer,Kristoffer Ajer,Defender,BRE,4.5,90,0,0,1,0,0,0,0,0,6
2367840,Reguilón,Sergio Reguilón,Defender,BRE,4.1,21,0,0,0,0,0,0,0,0,1
2367840,Janelt,Vitaly Janelt,Midfielder,BRE,5.0,90,0,0,1,0,0,1,0,0,2
2367840,Jensen,Mathias Jensen,Midfielder,BRE,5.0,85,0,0,1,0,0,0,0,0,3
2367840,Wissa,Yoane Wissa,Forward,BRE,7.5,72,0,0,1,0,0,0,0,0,2
2367840,Roerslev,Mads Roerslev,Defender,BRE,4.5,90,0,0,1,0,0,0,0,0,6
2367840,Lewis-Potter,Keane Lewis-Potter,Midfielder,BRE,5.0,72,0,0,1,0,0,0,0,0,3
2367840,Onyeka,Frank Onyeka,Midfielder,BRE,5.0,8,0,0,0,0,0,0,0,0,1
2367840,Collins,Nathan Collins,Defender,BRE,5.0,90,0,0,1,0,0,0,0,2,8
2367840,Damsgaard,Mikkel Damsgaard,Midfielder,BRE,6.0,29,0,0,0,0,0,0,0,0,1
2367840,Mbeumo,Bryan Mbeumo,Midfielder,BRE,8.0,21,0,0,0,0,0,0,0,0,1
2367840,Yarmolyuk,Ehor Yarmolyuk,Midfielder,BRE,5.0,64,0,0,1,0,0,0,0,0,3
2367840,Lallana,Adam Lallana,Midfielder,BHA,5.0,64,0,0,1,0,0,0,0,0,3
2367840,Welbeck,Danny Welbeck,Forward,BHA,6.5,20,0,0,0,0,0,0,0,0,1
2367840,Groß,Pascal Groß,Midfielder,BHA,6.5,90,0,0,1,0,0,0,0,0,3
2367840,Dunk,Lewis Dunk,Defender,BHA,4.5,90,0,0,1,0,0,0,0,1,7
2367840,Veltman,Joël Veltman,Defender,BHA,4.5,85,0,0,1,0,0,0,0,0,6
2367840,Igor Julio,Igor Julio dos Santos de Paulo,Defender,BHA,4.5,90,0,0,1,0,0,0,0,0,6
2367840,Lamptey,Tariq Lamptey,Defender,BHA,4.5,20,0,0,0,0,0,0,0,0,1
2367840,Moder,Jakub Moder,Midfielder,BHA,4.4,8,0,0,0,0,0,0,0,0,1
2367840,van Hecke,Jan-Paul van Hecke,Defender,BHA,4.5,90,0,0,1,0,0,0,0,0,6
2367840,Enciso,Julio Enciso,Midfielder,BHA,5.5,29,0,0,0,0,0,0,0,0,1
2367840,João Pedro,João Pedro Junqueira de Jesus,Forward,BHA,7.5,90,0,0,1,0,0,0,0,0,2
2367840,Verbruggen,Bart Verbruggen,Goalkeeper,BHA,4.5,90,0,0,1,0,0,0,0,0,6
2367840,Baleba,Carlos Baleba,Midfielder,BHA,5.0,90,0,0,1,0,0,0,0,0,3
2367840,Adingra,Simon Adingra,Midfielder,BHA,5.5,73,0,0,1,0,0,0,0,0,3
2367840,Buonanotte,Facundo Buonanotte,Midfielder,BHA,5.0,73,0,0,1,0,0,1,0,0,2
2367841,Rodriguez,Jay Rodriguez,Forward,BUR,5.3,22,0,0,0,0,0,0,0,0,1
2367841,Taylor (Charlie),Charlie Taylor,Defender,BUR,3.9,90,0,0,0,1,0,0,0,0,2
2367841,Cullen,Josh Cullen,Midfielder,BUR,5.0,90,0,0,0,1,0,0,0,0,2
2367841,Bruun Larsen,Jacob Bruun Larsen,Midfielder,BUR,5.5,71,1,0,0,1,0,0,0,3,10
2367841,Manuel,Benson Manuel,Midfielder,BUR,5.5,9,0,0,0,0,0,0,0,0,1
2367841,Berge,Sander Berge,Midfielder,BUR,5.0,90,0,0,0,1,0,0,0,0,2
2367841,O'Shea,Dara O'Shea,Defender,BUR,3.8,90,0,1,0,1,0,0,0,1,6
2367841,Muric,Arijanet Muric,Goalkeeper,BUR,4.4,90,0,0,0,1,0,0,0,0,2
2367841,Foster,Lyle Foster,Forward,BUR,5.0,85,0,0,0,1,0,0,0,0,2
2367841,Vitinho,Victor Alexander da Silva,Defender,BUR,4.4,90,0,0,0,1,0,0,0,2,4
2367841,Esteve,Maxime Esteve,Defender,BUR,4.0,90,0,0,0,1,0,0,0,0,2
2367841,Fofana (David Datro),David Datro Fofana,Forward,BUR,5.4,90,0,0,0,1,0,0,0,0,2
2367841,Odobert,Wilson Odobert,Midfielder,BUR,5.5,90,0,0,0,1,0,0,0,0,2
2367841,Doherty,Matt Doherty,Defender,WOL,4.5,90,0,0,0,1,0,0,0,0,2
2367841,Sarabia,Pablo Sarabia,Midfielder,WOL,5.0,81,0,1,0,1,0,0,0,1,6
2367841,José Sá,José Pedro Malheiro de Sá,Goalkeeper,WOL,4.5,90,0,0,0,1,0,0,0,1,4
2367841,Lemina (Mario),Mario Lemina,Midfielder,WOL,4.8,90,0,0,0,1,0,0,0,0,2
2367841,Semedo,Nelson Semedo,Defender,WOL,4.5,90,0,0,0,1,0,1,0,0,1
2367841,Kilman,Max Kilman,Defender,WOL,4.5,90,0,0,0,1,0,0,0,0,2
2367841,Bueno (Santiago),Santiago Bueno,Defender,WOL,4.5,27,0,0,0,0,0,0,0,0,1
2367841,Matheus Cunha,Matheus Santos Carneiro Da Cunha,Forward,WOL,8.0,19,0,0,0,0,0,0,0,0,1
2367841,João Gomes,João Victor Gomes da Silva,Midfielder,WOL,5.5,90,0,0,0,1,0,1,0,0,1
2367841,Ait Nouri,Rayan Ait Nouri,Defender,WOL,6.0,90,1,0,0,1,0,0,0,0,8
2367841,Traoré (Boubacar),Boubacar Traoré,Midfielder,WOL,5.0,12,0,0,0,0,0,0,0,0,1
2367841,Bueno (Hugo),Hugo Bueno,Defender,WOL,4.5,67,0,0,0,1,0,0,0,0,2
2367841,Toti,Toti António Gomes,Defender,WOL,4.5,90,0,0,0,1,0,0,0,0,2
2367841,Chiwome,Leon Chiwome,Forward,WOL,4.5,74,0,0,0,1,0,0,0,0,2
2367842,Willian,Willian Borges Da Silva,Midfielder,FUL,5.0,61,0,0,0,1,0,0,0,0,1
2367842,Cairney,Tom Cairney,Midfielder,FUL,5.0,62,0,0,0,1,0,0,0,0,1
2367842,Leno,Bernd Leno,Goalkeeper,FUL,5.0,90,0,0,0,3,0,0,0,0,1
2367842,DeCordova-Reid,Bobby DeCordova-Reid,Midfielder,FUL,5.2,25,0,0,0,0,0,0,0,0,1
2367842,Tosin,Oluwatosin Adarabioyo,Defender,FUL,4.5,90,1,0,0,3,0,0,0,0,7
2367842,Iwobi,Alex Iwobi,Midfielder,FUL,6.5,32,0,0,0,2,0,0,0,0,1
2367842,Reed,Harrison Reed,Midfielder,FUL,4.5,25,0,0,0,0,0,0,0,0,1
2367842,Wilson (Harry),Harry Wilson,Midfielder,FUL,5.5,33,0,0,0,2,0,0,0,0,1
2367842,João Palhinha,João Maria Lobo Alves Palhinha Gonçalves,Midfielder,FUL,5.9,69,0,0,0,3,0,0,0,0,2
2367842,Pereira (Andreas),Andreas Pereira,Midfielder,FUL,5.5,70,0,1,0,3,0,0,0,1,6
2367842,Traoré (Adama),Adama Traoré,Midfielder,FUL,5.5,61,0,0,0,1,0,0,0,0,1
2367842,Tete,Kenny Tete,Defender,FUL,4.5,90,0,0,0,3,0,0,0,0,1
2367842,Robinson (Antonee),Antonee Robinson,Defender,FUL,5.0,90,0,0,0,3,0,0,0,0,1
2367842,Lukic,Sasa Lukic,Midfielder,FUL,5.0,32,0,0,0,2,0,0,0,0,1
2367842,Bassey,Calvin Bassey,Defender,FUL,4.5,90,0,0,0,3,0,0,0,0,1
2367842,Rodrigo Muniz,Rodrigo Muniz Carvalho,Forward,FUL,5.5,90,0,0,0,3,0,0,0,0,2
2367842,Wood,Chris Wood,Forward,NFO,7.5,90,1,0,0,1,0,0,0,2,8
2367842,Sels,Matz Sels,Goalkeeper,NFO,5.0,90,0,0,0,1,0,0,0,0,2
2367842,Toffolo,Harry Toffolo,Defender,NFO,4.2,13,0,0,0,0,0,0,0,0,1
2367842,Origi,Divock Origi,Forward,NFO,5.0,26,0,0,0,0,0,0,0,0,1
2367842,Aina,Ola Aina,Defender,NFO,5.0,82,0,0,0,1,0,0,0,0,2
2367842,Yates,Ryan Yates,Midfielder,NFO,5.0,90,0,0,0,1,0,0,0,0,2
2367842,Hudson-Odoi,Callum Hudson-Odoi,Midfielder,NFO,6.0,68,1,0,0,1,0,0,0,0,7
2367842,Williams (Neco),Neco Williams,Defender,NFO,5.0,90,0,0,0,1,0,0,0,0,2
2367842,Gibbs-White,Morgan Gibbs-White,Midfielder,NFO,7.5,75,1,1,0,1,0,0,0,3,13
2367842,Nicolás Domínguez,Nicolás Domínguez,Midfielder,NFO,5.0,12,0,0,0,0,0,0,0,0,1
2367842,Reyna,Giovanni Reyna,Midfielder,NFO,4.6,19,0,0,0,0,0,0,0,0,1
2367842,Elanga,Anthony Elanga,Midfielder,NFO,7.0,82,0,0,0,1,0,0,0,0,2
2367842,Omobamidele,Andrew Omobamidele,Defender,NFO,4.2,90,0,0,0,1,0,0,0,0,2
2367842,Danilo,Danilo dos Santos de Oliveira,Midfielder,NFO,4.7,90,0,1,0,1,0,0,0,0,5
2367842,Murillo,Murillo Santiago Costa dos Santos,Defender,NFO,5.5,90,0,1,0,1,0,0,0,0,5
2367843,Son,Heung-Min Son,Midfielder,TOT,8.5,90,0,0,0,1,0,0,0,0,2
2367843,Højbjerg,Pierre-Emile Højbjerg,Midfielder,TOT,5.0,13,0,0,0,0,0,0,0,0,1
2367843,Werner,Timo Werner,Forward,TOT,6.2,82,0,1,0,1,0,0,0,2,7
2367843,Maddison,James Maddison,Midfielder,TOT,7.0,70,0,0,0,1,0,0,0,0,2
2367843,Vicario,Guglielmo Vicario,Goalkeeper,TOT,5.0,90,0,0,0,1,0,0,0,0,3
2367843,Lo Celso,Giovani Lo Celso,Midfielder,TOT,4.9,5,0,0,0,0,0,0,0,0,1
2367843,Bentancur,Rodrigo Bentancur,Midfielder,TOT,5.5,69,0,0,0,1,0,1,0,0,1
2367843,Richarlison,Richarlison de Andrade,Midfielder,TOT,6.5,13,0,0,0,0,0,0,0,0,1
2367843,Romero,Cristian Romero,Defender,TOT,5.0,90,0,0,0,1,0,1,0,0,1
2367843,Bissouma,Yves Bissouma,Midfielder,TOT,5.5,82,0,0,0,1,0,0,0,0,2
2367843,Johnson (Brennan),Brennan Johnson,Midfielder,TOT,7.0,89,1,0,0,1,0,1,0,3,9
2367843,Porro,Pedro Porro,Defender,TOT,5.5,90,0,0,0,1,0,0,0,0,2
2367843,Kulusevski,Dejan Kulusevski,Midfielder,TOT,6.5,25,0,0,0,0,0,0,0,0,1
2367843,Sarr (Pape),Pape Sarr,Midfielder,TOT,5.0,25,0,0,0,0,0,0,0,0,1
2367843,Destiny Udogie,Iyenoma Destiny Udogie,Defender,TOT,4.5,90,0,0,0,1,0,0,0,0,2
2367843,van de Ven,Micky van de Ven,Defender,TOT,4.5,90,0,0,0,1,0,1,0,0,1
2367843,Fabianski,Lukasz Fabianski,Goalkeeper,WHU,3.9,90,0,0,0,1,0,0,0,0,3
2367843,Antonio,Michail Antonio,Forward,WHU,5.2,90,0,0,0,1,0,1,0,0,1
2367843,Ward-Prowse,James Ward-Prowse,Midfielder,WHU,6.0,90,0,0,0,1,0,0,0,0,2
2367843,Zouma,Kurt Zouma,Defender,WHU,4.4,90,1,0,0,1,0,0,0,2,10
2367843,Emerson,Emerson Palmieri dos Santos,Defender,WHU,4.5,90,0,0,0,1,0,0,0,0,2
2367843,Coufal,Vladimir Coufal,Defender,WHU,4.1,90,0,0,0,1,0,0,0,0,2
2367843,Bowen,Jarrod Bowen,Midfielder,WHU,8.0,90,0,1,0,1,0,0,0,0,5
2367843,Soucek,Tomas Soucek,Midfielder,WHU,6.0,90,0,0,0,1,0,0,0,0,2
2367843,Lucas Paquetá,Lucas Tolentino Coelho de Lima,Midfielder,WHU,6.0,90,0,0,0,1,0,0,0,0,2
2367843,Mavropanos,Konstantinos Mavropanos,Defender,WHU,4.5,90,0,0,0,1,0,0,0,0,2
2367843,Kudus,Mohammed Kudus,Midfielder,WHU,6.5,90,0,0,0,1,0,0,0,0,2
2367844,Sterling (Raheem),Raheem Sterling,Midfielder,CHE,6.7,33,0,0,0,0,0,0,0,0,1
2367844,Cucurella,Marc Cucurella,Defender,CHE,6.0,90,0,1,0,3,0,0,0,0,4
2367844,Chalobah,Trevoh Chalobah,Defender,CHE,5.0,28,0,0,0,0,0,0,0,0,1
2367844,Disasi,Axel Disasi,Defender,CHE,4.2,73,0,0,0,3,0,0,0,0,1
2367844,Gallagher,Conor Gallagher,Midfielder,CHE,5.9,86,1,0,0,3,0,0,0,0,7
2367844,Badiashile,Benoît Badiashile,Defender,CHE,4.5,90,0,0,0,3,0,0,0,0,1
2367844,Palmer,Cole Palmer,Midfielder,CHE,10.5,90,3,0,0,3,0,0,0,3,20
2367844,Madueke,Noni Madueke,Midfielder,CHE,7.0,15,0,1,0,0,0,0,0,0,4
2367844,Fernández (Enzo),Enzo Fernández,Midfielder,CHE,6.5,90,0,1,0,3,0,1,0,0,4
2367844,Petrovic,Dorde Petrovic,Goalkeeper,CHE,4.5,90,0,0,0,3,0,0,0,0,1
2367844,Mudryk,Mykhailo Mudryk,Midfielder,CHE,5.0,68,0,0,0,3,0,0,0,0,2
2367844,Chukwuemeka,Carney Chukwuemeka,Midfielder,CHE,4.7,32,0,0,0,0,0,0,0,0,1
2367844,Gusto,Malo Gusto,Defender,CHE,5.0,72,0,0,0,3,0,1,0,0,0
2367844,Moises Caicedo,Moises Caicedo,Midfielder,CHE,5.5,68,0,0,0,3,0,1,0,0,1
2367844,Gilchrist,Alfie Gilchrist,Defender,CHE,4.0,28,0,0,0,0,0,0,0,0,1
2367844,Jackson (Nicolas),Nicolas Jackson,Forward,CHE,6.5,90,0,0,0,3,0,0,0,0,2
2367844,Evans,Jonny Evans,Defender,MUN,4.4,18,0,0,0,0,0,0,0,0,1
2367844,Casemiro,Carlos Henrique Jose Francisco Venancio,Midfielder,MUN,5.5,72,0,0,0,2,0,0,0,0,2
2367844,Varane,Raphael Varane,Defender,MUN,4.9,45,0,0,0,2,0,0,0,0,0
2367844,Maguire,Harry Maguire,Defender,MUN,4.5,90,0,0,0,4,0,1,0,0,0
2367844,Bruno Fernandes,Bruno Miguel Borges Fernandes,Midfielder,MUN,9.0,90,1,0,0,4,0,0,0,1,8
2367844,Rashford,Marcus Rashford,Midfielder,MUN,7.0,38,0,0,0,2,0,0,0,0,1
2367844,Mount,Mason Mount,Midfielder,MUN,6.0,18,0,0,0,2,0,0,0,0,1
2367844,McTominay,Scott McTominay,Midfielder,MUN,4.9,28,0,0,0,2,0,0,0,0,1
2367844,Onana,André Onana,Goalkeeper,MUN,5.0,90,0,0,0,4,0,0,0,0,2
2367844,Wan-Bissaka,Aaron Wan-Bissaka,Defender,MUN,4.5,90,0,0,0,4,0,0,0,0,0
2367844,Dalot,José Diogo Dalot Teixeira,Defender,MUN,4.5,90,0,1,0,4,0,0,0,0,3
2367844,Antony,Antony Matheus dos Santos,Midfielder,MUN,6.0,90,0,1,0,4,0,0,0,0,5
2367844,Garnacho,Alejandro Garnacho Ferreyra,Midfielder,MUN,6.5,83,2,0,0,2,0,0,0,2,14
2367844,Højlund,Rasmus Højlund,Forward,MUN,6.5,63,0,0,0,2,0,0,0,0,2
2367844,Mainoo,Kobbie Mainoo,Midfielder,MUN,5.0,90,0,0,0,4,0,0,0,0,2
2367844,Kambwala,Willy Kambwala,Defender,MUN,3.9,38,0,0,0,2,0,0,0,0,0
2367845,van Dijk,Virgil van Dijk,Defender,LIV,6.0,90,0,0,0,1,0,0,0,0,2
2367845,Salah,Mohamed Salah,Midfielder,LIV,14.5,60,0,0,0,1,0,0,0,0,1
2367845,Robertson (Andrew),Andrew Robertson,Defender,LIV,6.0,36,0,1,0,0,0,0,0,0,4
2367845,Gomez,Joseph Gomez,Defender,LIV,5.0,70,0,0,0,1,0,0,0,0,2
2367845,Kelleher,Caoimhin Kelleher,Goalkeeper,LIV,4.5,90,0,0,0,1,0,0,0,0,3
2367845,Konaté,Ibrahima Konaté,Defender,LIV,5.5,90,0,0,0,1,0,0,0,0,2
2367845,Jones (Curtis),Curtis Jones,Midfielder,LIV,5.5,25,0,0,0,0,0,0,0,0,1
2367845,Mac Allister,Alexis Mac Allister,Midfielder,LIV,6.5,90,1,0,0,1,0,0,0,3,10
2367845,Gakpo,Cody Gakpo,Forward,LIV,7.5,26,1,0,0,0,0,0,0,3,8
2367845,Díaz,Luis Díaz,Midfielder,LIV,8.0,90,0,1,0,1,0,0,0,1,6
2367845,Szoboszlai,Dominik Szoboszlai,Midfielder,LIV,6.5,70,0,0,0,1,0,0,0,0,2
2367845,Gravenberch,Ryan Gravenberch,Midfielder,LIV,5.5,60,0,0,0,1,0,0,0,0,1
2367845,Elliott,Harvey Elliott,Midfielder,LIV,5.5,36,0,0,0,0,0,0,0,0,1
2367845,Núñez,Darwin Núñez,Forward,LIV,6.5,90,1,0,0,1,0,0,0,0,6
2367845,Bradley,Conor Bradley,Defender,LIV,5.0,90,0,0,0,1,1,0,0,0,0
2367845,Robinson (Jack),Jack Robinson,Defender,SHU,4.3,90,0,0,0,3,0,0,0,0,1
2367845,Osborn,Ben Osborn,Midfielder,SHU,4.8,34,0,0,0,2,0,0,0,0,1
2367845,McBurnie,Oliver McBurnie,Forward,SHU,5.4,33,0,0,0,2,0,1,0,0,0
2367845,Grbic,Ivo Grbic,Goalkeeper,SHU,4.5,90,0,0,0,3,0,0,0,0,3
2367845,Holgate,Mason Holgate,Defender,SHU,4.0,85,0,0,0,2,0,0,0,0,1
2367845,Hamer,Gustavo Hamer,Midfielder,SHU,4.9,62,0,1,0,1,0,0,0,0,5
2367845,Trusty,Auston Trusty,Defender,SHU,3.9,75,0,0,0,2,0,0,0,0,1
2367845,Brereton,Ben Brereton,Midfielder,SHU,4.8,62,0,0,0,1,0,0,0,0,2
2367845,Bogle,Jayden Bogle,Defender,SHU,4.5,90,0,0,0,3,0,0,0,0,1
2367845,Ahmedhodzic,Anel Ahmedhodzic,Defender,SHU,4.3,90,0,0,0,3,0,0,0,0,1
2367845,Vinicius Souza,Vinicius de Souza Costa,Midfielder,SHU,5.0,90,0,0,0,3,0,0,0,0,2
2367845,Mcatee,James Mcatee,Midfielder,SHU,5.5,62,0,0,0,1,0,0,0,0,2
2367845,Ben Slimane,Anis Ben Slimane,Midfielder,SHU,4.7,11,0,0,0,1,0,0,0,0,1
2367845,Arblaster,Oliver Arblaster,Midfielder,SHU,4.5,90,0,0,0,3,0,0,0,0,2
2367845,Osula,William Osula,Forward,SHU,5.5,33,0,0,0,2,0,0,0,0,1
2367845,Brooks (Andre),Andre Brooks,Midfielder,SHU,4.4,20,0,0,0,1,0,0,0,0,1
2367846,Chambers (Calum),Calum Chambers,Defender,AVL,3.8,30,0,0,0,1,0,1,0,0,0
2367846,Digne,Lucas Digne,Defender,AVL,4.5,90,0,0,0,4,0,0,0,0,0
2367846,Álex Moreno,Alexandre Moreno Lopera,Defender,AVL,4.0,22,0,0,0,0,0,0,0,0,1
2367846,Olsen,Robin Olsen,Goalkeeper,AVL,4.5,90,0,0,0,4,0,0,0,0,2
2367846,Diego Carlos,Diego Carlos Santos Silva,Defender,AVL,4.5,90,0,0,0,4,0,0,0,0,0
2367846,Tielemans,Youri Tielemans,Midfielder,AVL,6.0,30,0,0,0,1,0,0,0,0,1
2367846,Lenglet,Clément Lenglet,Defender,AVL,4.5,90,0,0,0,4,0,0,0,0,0
2367846,Konsa Ngoyo,Ezri Konsa Ngoyo,Defender,AVL,4.5,90,0,0,0,4,0,0,0,0,0
2367846,Bailey,Leon Bailey,Midfielder,AVL,5.5,30,0,0,0,1,0,0,0,0,1
2367846,Douglas Luiz,Douglas Luiz Soares de Paulo,Midfielder,AVL,5.4,63,0,0,0,3,0,1,0,0,1
2367846,Diaby,Moussa Diaby,Midfielder,AVL,6.5,62,0,0,0,3,0,0,0,0,2
2367846,Rogers,Morgan Rogers,Midfielder,AVL,7.0,90,0,1,0,4,0,0,0,0,5
2367846,Zaniolo,Nicolò Zaniolo,Midfielder,AVL,5.4,76,0,0,0,4,0,0,0,0,2
2367846,Durán,Jhon Durán,Forward,AVL,5.7,70,1,0,0,4,0,0,0,1,7
2367846,Iroegbunam,Tim Iroegbunam,Midfielder,AVL,5.0,62,0,0,0,3,0,0,0,0,2
2367846,Kellyman,Omari Kellyman,Midfielder,AVL,4.3,17,0,0,0,0,0,0,0,0,1
2367846,Ortega Moreno,Stefan Ortega Moreno,Goalkeeper,MCI,5.0,90,0,0,0,1,0,0,0,0,2
2367846,Kovacic,Mateo Kovacic,Midfielder,MCI,6.0,18,0,0,0,0,0,0,0,0,1
2367846,Grealish,Jack Grealish,Midfielder,MCI,6.5,90,0,0,0,1,0,1,0,0,1
2367846,Bernardo Silva,Bernardo Mota Veiga de Carvalho e Silva,Midfielder,MCI,6.5,75,0,0,0,1,0,0,0,0,2
2367846,Rúben Dias,Rúben Santos Gato Alves Dias,Defender,MCI,5.5,90,0,0,0,1,0,0,0,0,2
2367846,Foden,Phil Foden,Midfielder,MCI,8.0,78,3,0,0,1,0,0,0,3,20
2367846,Akanji,Manuel Akanji,Defender,MCI,5.5,90,0,0,0,1,0,0,0,0,2
2367846,Rodri,Rodrigo Hernández Cascante,Midfielder,MCI,6.5,74,1,1,0,1,0,0,0,2,12
2367846,Doku,Jéremy Doku,Midfielder,MCI,6.5,78,0,1,0,1,0,0,0,1,6
2367846,Gómez,Sergio Gómez,Defender,MCI,3.8,14,0,0,0,0,0,0,0,0,1
2367846,Álvarez (Julián),Julián Álvarez,Forward,MCI,7.0,90,0,0,0,1,0,0,0,0,2
2367846,Matheus Nunes,Matheus Luiz Nunes,Midfielder,MCI,5.5,18,0,0,0,0,0,0,0,0,1
2367846,Lewis (Rico),Rico Lewis,Defender,MCI,5.0,90,0,0,0,1,0,0,0,0,2
2367846,Gvardiol,Joško Gvardiol,Defender,MCI,6.0,90,0,0,0,1,0,0,0,0,2
2367846,Bobb,Oscar Bobb,Midfielder,MCI,5.5,14,0,0,0,0,0,0,0,0,1
2367847,Tarkowski,James Tarkowski,Defender,EVE,5.5,90,0,0,0,1,0,1,0,0,1
2367847,Young (Ashley),Ashley Young,Defender,EVE,4.2,90,0,1,0,1,0,0,0,0,5
2367847,Coleman,Seamus Coleman,Defender,EVE,4.5,9,0,0,0,0,0,0,0,0,1
2367847,Gueye,Idrissa Gueye,Midfielder,EVE,5.5,79,0,0,0,1,0,0,0,0,2
2367847,Pickford,Jordan Pickford,Goalkeeper,EVE,5.5,90,0,0,0,1,0,0,0,0,3
2367847,André Gomes,André Filipe Tavares Gomes,Midfielder,EVE,4.4,37,0,0,0,0,0,0,0,0,1
2367847,Doucouré,Abdoulaye Doucouré,Midfielder,EVE,5.1,58,0,0,0,1,0,0,0,0,1
2367847,Calvert-Lewin,Dominic Calvert-Lewin,Forward,EVE,5.4,37,1,0,0,0,0,0,0,1,6
2367847,Godfrey,Ben Godfrey,Defender,EVE,4.0,86,0,0,0,1,0,0,0,0,2
2367847,Mykolenko,Vitaliy Mykolenko,Defender,EVE,5.0,90,0,0,0,1,0,0,0,0,2
2367847,Garner,James Garner,Midfielder,EVE,5.0,37,0,0,0,0,0,0,0,0,1
2367847,McNeil,Dwight McNeil,Midfielder,EVE,6.0,90,0,0,0,1,0,1,0,0,1
2367847,Mvom Onana,Amadou Mvom Onana,Midfielder,EVE,5.0,58,0,0,0,1,0,0,0,0,2
2367847,Branthwaite,Jarrad Branthwaite,Defender,EVE,5.5,90,0,0,0,1,0,0,0,0,2
2367847,Beto,Norberto Bercique Gomes Betuncal,Forward,EVE,5.5,59,0,0,0,1,0,0,0,0,2
2367847,Youssef Chermiti,Youssef Ramalho Chermiti,Forward,EVE,5.0,17,0,0,0,0,0,1,0,0,0
2367847,Dubravka,Martin Dubravka,Goalkeeper,NEW,4.0,90,0,0,0,1,0,0,0,0,2
2367847,Burn,Dan Burn,Defender,NEW,5.0,90,0,0,0,1,0,0,0,0,2
2367847,Dummett,Paul Dummett,Defender,NEW,3.9,19,0,0,0,1,0,0,0,0,1
2367847,Krafth,Emil Krafth,Defender,NEW,4.5,90,0,0,0,1,0,0,0,0,2
2367847,Murphy (Jacob),Jacob Murphy,Midfielder,NEW,6.5,90,0,0,0,1,0,0,0,0,2
2367847,Schär,Fabian Schär,Defender,NEW,5.5,90,0,0,0,1,0,0,0,0,2
2367847,Longstaff (Sean),Sean Longstaff,Midfielder,NEW,5.0,90,0,0,0,1,0,0,0,0,2
2367847,Willock,Joseph Willock,Midfielder,NEW,5.0,27,0,0,0,1,0,0,0,0,1
2367847,Barnes (Harvey),Harvey Barnes,Midfielder,NEW,6.5,90,0,1,0,1,0,0,0,0,5
2367847,Bruno Guimarães,Bruno Guimarães Rodriguez Moura,Midfielder,NEW,6.5,90,0,0,0,1,0,0,0,0,2
2367847,Anderson,Elliot Anderson,Midfielder,NEW,5.5,68,0,0,1,0,0,0,0,0,3
2367847,Isak,Alexander Isak,Forward,NEW,10.5,90,1,0,0,1,0,0,0,2,8
2367847,Lewis Hall,Lewis Hall,Defender,NEW,5.5,76,0,0,1,0,0,0,0,3,9
2367848,Martinez,Emiliano Martinez,Goalkeeper,AVL,5.0,90,0,0,0,3,0,0,0,0,1
2367848,Digne,Lucas Digne,Defender,AVL,4.5,89,0,0,0,3,0,0,0,0,1
2367848,Álex Moreno,Alexandre Moreno Lopera,Defender,AVL,4.0,7,0,0,0,0,0,0,0,0,1
2367848,McGinn,John McGinn,Midfielder,AVL,5.5,90,0,1,0,3,0,0,0,0,5
2367848,Diego Carlos,Diego Carlos Santos Silva,Defender,AVL,4.5,90,0,0,0,3,0,1,0,0,0
2367848,Tielemans,Youri Tielemans,Midfielder,AVL,6.0,89,0,1,0,3,0,0,0,1,6
2367848,Watkins,Ollie Watkins,Forward,AVL,9.0,90,2,0,0,3,0,0,0,3,13
2367848,Konsa Ngoyo,Ezri Konsa Ngoyo,Defender,AVL,4.5,90,0,0,0,3,0,0,0,0,1
2367848,Bailey,Leon Bailey,Midfielder,AVL,5.5,89,0,1,0,3,0,0,0,0,5
2367848,Douglas Luiz,Douglas Luiz Soares de Paulo,Midfielder,AVL,5.4,90,0,0,0,3,0,1,0,0,1
2367848,Diaby,Moussa Diaby,Midfielder,AVL,6.5,7,0,0,0,0,0,0,0,0,1
2367848,Rogers,Morgan Rogers,Midfielder,AVL,7.0,68,1,0,0,3,0,0,0,0,7
2367848,Torres,Pau Torres,Defender,AVL,4.5,90,0,0,0,3,0,0,0,0,1
2367848,Zaniolo,Nicolò Zaniolo,Midfielder,AVL,5.4,28,0,0,0,0,0,0,0,0,1
2367848,Durán,Jhon Durán,Forward,AVL,5.7,7,0,0,0,0,0,0,0,0,1
2367848,Zanka,Mathias Jorgensen,Defender,BRE,4.5,90,1,0,0,3,0,0,0,0,7
2367848,Maupay,Neal Maupay,Forward,BRE,4.9,13,0,0,0,0,0,0,0,0,1
2367848,Flekken,Mark Flekken,Goalkeeper,BRE,4.5,90,0,0,0,3,0,0,0,0,1
2367848,Toney,Ivan Toney,Forward,BRE,7.3,17,0,0,0,0,0,0,0,0,1
2367848,Ajer,Kristoffer Ajer,Defender,BRE,4.5,90,0,0,0,3,0,0,0,0,1
2367848,Reguilón,Sergio Reguilón,Defender,BRE,4.1,74,0,2,0,2,0,0,0,2,9
2367848,Janelt,Vitaly Janelt,Midfielder,BRE,5.0,90,0,0,0,3,0,0,0,0,2
2367848,Jensen,Mathias Jensen,Midfielder,BRE,5.0,84,0,0,0,3,0,0,0,0,2
2367848,Wissa,Yoane Wissa,Forward,BRE,7.5,80,1,0,0,3,0,1,0,0,5
2367848,Roerslev,Mads Roerslev,Defender,BRE,4.5,90,0,0,0,3,0,0,0,0,1
2367848,Lewis-Potter,Keane Lewis-Potter,Midfielder,BRE,5.0,22,0,0,0,1,0,0,0,0,1
2367848,Onyeka,Frank Onyeka,Midfielder,BRE,5.0,12,0,0,0,0,0,0,0,0,1
2367848,Collins,Nathan Collins,Defender,BRE,5.0,90,0,0,0,3,0,0,0,0,1
2367848,Damsgaard,Mikkel Damsgaard,Midfielder,BRE,6.0,79,0,1,0,3,0,1,0,0,4
2367848,Mbeumo,Bryan Mbeumo,Midfielder,BRE,8.0,84,1,0,0,3,0,0,0,0,7
2367848,Yarmolyuk,Ehor Yarmolyuk,Midfielder,BRE,5.0,17,0,0,0,0,0,0,0,0,1
2367849,Jorginho,Jorge Luiz Frello Filho,Midfielder,ARS,4.6,90,0,1,1,0,0,0,0,1,7
2367849,Trossard,Leandro Trossard,Midfielder,ARS,7.0,32,1,0,0,0,0,0,0,0,6
2367849,Raya Martin,David Raya Martin,Goalkeeper,ARS,5.5,90,0,0,1,0,0,0,0,0,6
2367849,Odegaard,Martin Odegaard,Midfielder,ARS,8.0,89,0,0,1,0,0,0,0,0,3
2367849,White (Ben),Ben White,Defender,ARS,5.5,90,0,0,1,0,0,1,0,0,5
2367849,Rice,Declan Rice,Midfielder,ARS,6.5,90,0,0,1,0,0,0,0,0,3
2367849,Eddie Nketiah,Edward Nketiah,Forward,ARS,5.5,7,0,0,0,0,0,0,0,0,1
2367849,Jesus,Gabriel Fernando de Jesus,Forward,ARS,6.5,63,0,1,1,0,0,0,0,0,5
2367849,Zinchenko,Oleksandr Zinchenko,Defender,ARS,5.0,72,0,0,1,0,0,0,0,0,6
2367849,Havertz,Kai Havertz,Midfielder,ARS,7.5,89,1,1,1,0,0,0,0,3,14
2367849,Saka,Bukayo Saka,Midfielder,ARS,10.0,63,1,0,1,0,0,0,0,2,10
2367849,Tomiyasu,Takehiro Tomiyasu,Defender,ARS,4.8,23,0,0,0,0,0,0,0,0,1
2367849,Gabriel Magalhães,Gabriel dos Santos Magalhães,Defender,ARS,6.0,90,0,0,1,0,0,0,0,0,6
2367849,Fábio Vieira,Fábio Daniel Vieira,Midfielder,ARS,5.5,7,0,0,0,0,0,0,0,0,1
2367849,Martinelli,Gabriel Teodoro Martinelli Silva,Midfielder,ARS,7.0,32,0,0,0,0,0,0,0,0,1
2367849,Saliba,William Saliba,Defender,ARS,6.0,90,0,0,1,0,0,1,0,0,5
2367849,Welbeck,Danny Welbeck,Forward,BHA,6.5,76,0,0,0,2,0,0,0,0,2
2367849,Groß,Pascal Groß,Midfielder,BHA,6.5,90,0,0,0,3,0,0,0,0,2
2367849,Dunk,Lewis Dunk,Defender,BHA,4.5,90,0,0,0,3,0,0,0,0,1
2367849,Estupiñán,Pervis Estupiñán,Defender,BHA,4.5,90,0,0,0,3,0,0,0,0,1
2367849,Lamptey,Tariq Lamptey,Defender,BHA,4.5,90,0,0,0,3,0,0,0,0,1
2367849,Moder,Jakub Moder,Midfielder,BHA,4.4,63,0,0,0,2,0,0,0,0,2
2367849,Ansu Fati,Anssumane Fati,Midfielder,BHA,6.4,19,0,0,0,1,0,0,0,0,1
2367849,van Hecke,Jan-Paul van Hecke,Defender,BHA,4.5,90,0,0,0,3,0,0,0,0,1
2367849,Enciso,Julio Enciso,Midfielder,BHA,5.5,63,0,0,0,2,0,0,0,0,2
2367849,João Pedro,João Pedro Junqueira de Jesus,Forward,BHA,7.5,33,0,0,0,1,0,0,0,0,1
2367849,Verbruggen,Bart Verbruggen,Goalkeeper,BHA,4.5,90,0,0,0,3,0,0,0,0,2
2367849,Baleba,Carlos Baleba,Midfielder,BHA,5.0,90,0,0,0,3,0,1,0,0,1
2367849,Adingra,Simon Adingra,Midfielder,BHA,5.5,90,0,0,0,3,0,0,0,0,2
2367849,Buonanotte,Facundo Buonanotte,Midfielder,BHA,5.0,33,0,0,0,1,0,0,0,0,1
2367850,Ward,Joel Ward,Defender,CRY,4.3,90,0,0,0,4,0,0,0,0,0
2367850,Clyne,Nathaniel Clyne,Defender,CRY,4.0,23,0,0,0,0,0,0,0,0,1
2367850,Ayew (Jordan),Jordan Ayew,Midfielder,CRY,5.1,74,0,0,0,4,0,0,0,0,2
2367850,Schlupp,Jeffrey Schlupp,Midfielder,CRY,4.6,33,0,1,0,2,0,0,0,0,4
2367850,Hughes,Will Hughes,Midfielder,CRY,5.0,82,0,0,0,4,0,0,0,0,2
2367850,Lerma,Jefferson Lerma,Midfielder,CRY,5.0,90,0,0,0,4,0,0,0,0,2
2367850,Henderson (Dean),Dean Henderson,Goalkeeper,CRY,5.0,90,0,0,0,4,0,0,0,0,1
2367850,Andersen (Joachim),Joachim Andersen,Defender,CRY,4.5,90,0,0,0,4,0,0,0,0,0
2367850,Edouard,Odsonne Edouard,Forward,CRY,5.0,23,1,0,0,0,0,0,0,0,5
2367850,Mateta,Jean-Philippe Mateta,Forward,CRY,7.5,74,1,0,0,4,0,1,0,0,5
2367850,Eze,Eberechi Eze,Midfielder,CRY,7.5,64,0,0,0,2,0,0,0,0,2
2367850,Mitchell,Tyrick Mitchell,Defender,CRY,5.0,74,0,0,0,4,0,0,0,0,0
2367850,Muñoz,Daniel Muñoz,Defender,CRY,5.5,90,0,0,0,4,0,0,0,0,0
2367850,Olise,Michael Olise,Midfielder,CRY,5.7,23,0,0,0,0,0,0,0,0,1
2367850,Ahamada,Naouirou Ahamada,Midfielder,CRY,4.5,15,0,0,0,0,0,0,0,0,1
2367850,Wharton,Adam Wharton,Midfielder,CRY,5.0,90,0,1,0,4,0,0,0,0,5
2367850,De Bruyne,Kevin De Bruyne,Midfielder,MCI,9.5,90,2,1,0,2,0,0,0,3,18
2367850,Ortega Moreno,Stefan Ortega Moreno,Goalkeeper,MCI,5.0,90,0,0,0,2,0,0,0,0,1
2367850,Kovacic,Mateo Kovacic,Midfielder,MCI,6.0,24,0,0,0,1,0,0,0,0,1
2367850,Stones,John Stones,Defender,MCI,5.5,90,0,0,0,2,0,0,0,0,1
2367850,Grealish,Jack Grealish,Midfielder,MCI,6.5,90,0,0,0,2,0,0,0,0,2
2367850,Bernardo Silva,Bernardo Mota Veiga de Carvalho e Silva,Midfielder,MCI,6.5,5,0,0,0,0,0,0,0,0,1
2367850,Rúben Dias,Rúben Santos Gato Alves Dias,Defender,MCI,5.5,90,0,0,0,2,0,0,0,0,1
2367850,Akanji,Manuel Akanji,Defender,MCI,5.5,45,0,0,0,1,0,0,0,0,1
2367850,Rodri,Rodrigo Hernández Cascante,Midfielder,MCI,6.5,73,0,1,0,1,0,0,0,0,5
2367850,Haaland,Erling Haaland,Forward,MCI,14.0,90,1,0,0,2,0,0,0,2,8
2367850,Álvarez (Julián),Julián Álvarez,Forward,MCI,7.0,73,0,0,0,1,0,0,0,0,2
2367850,Matheus Nunes,Matheus Luiz Nunes,Midfielder,MCI,5.5,24,0,0,0,1,0,0,0,0,1
2367850,Lewis (Rico),Rico Lewis,Defender,MCI,5.0,90,1,0,0,2,0,0,0,1,8
2367850,Gvardiol,Joško Gvardiol,Defender,MCI,6.0,45,0,0,0,1,0,1,0,0,0
2367850,Bobb,Oscar Bobb,Midfielder,MCI,5.5,90,0,0,0,2,0,0,0,0,2
2367851,Rodriguez,Jay Rodriguez,Forward,BUR,5.3,12,0,0,0,0,0,0,0,0,1
2367851,Gudmundsson,Johann Berg Gudmundsson,Midfielder,BUR,4.8,12,0,0,0,0,0,0,0,0,1
2367851,Taylor (Charlie),Charlie Taylor,Defender,BUR,3.9,83,0,0,0,1,0,0,0,0,2
2367851,Cullen,Josh Cullen,Midfielder,BUR,5.0,90,0,0,0,1,0,0,0,0,2
2367851,Brownhill,Josh Brownhill,Midfielder,BUR,4.7,27,0,0,0,0,0,0,0,0,1
2367851,Bruun Larsen,Jacob Bruun Larsen,Midfielder,BUR,5.5,68,0,0,0,1,0,0,0,0,2
2367851,Berge,Sander Berge,Midfielder,BUR,5.0,90,0,0,0,1,0,1,0,0,1
2367851,O'Shea,Dara O'Shea,Defender,BUR,3.8,66,0,0,0,1,0,0,1,0,0
2367851,Muric,Arijanet Muric,Goalkeeper,BUR,4.4,90,0,0,0,1,0,0,0,0,2
2367851,Foster,Lyle Foster,Forward,BUR,5.0,90,0,0,0,1,0,0,0,0,2
2367851,Vitinho,Victor Alexander da Silva,Defender,BUR,4.4,34,0,0,0,0,0,0,0,0,1
2367851,Esteve,Maxime Esteve,Defender,BUR,4.0,90,0,0,0,1,0,0,0,0,2
2367851,Amdouni,Zeki Amdouni,Forward,BUR,5.0,12,0,0,0,0,0,0,0,0,1
2367851,Assignon,Lorenz Assignon,Defender,BUR,4.0,83,0,0,0,1,0,0,0,0,2
2367851,Fofana (David Datro),David Datro Fofana,Forward,BUR,5.4,61,0,0,0,1,0,0,0,0,2
2367851,Odobert,Wilson Odobert,Midfielder,BUR,5.5,83,0,0,0,1,0,0,0,0,2
2367851,Tarkowski,James Tarkowski,Defender,EVE,5.5,90,0,0,1,0,0,1,0,0,5
2367851,Young (Ashley),Ashley Young,Defender,EVE,4.2,83,0,0,1,0,0,0,0,0,6
2367851,Coleman,Seamus Coleman,Defender,EVE,4.5,90,0,0,1,0,0,0,0,2,8
2367851,Pickford,Jordan Pickford,Goalkeeper,EVE,5.5,90,0,0,1,0,0,0,0,2,8
2367851,André Gomes,André Filipe Tavares Gomes,Midfielder,EVE,4.4,90,0,0,1,0,0,1,0,0,2
2367851,Doucouré,Abdoulaye Doucouré,Midfielder,EVE,5.1,90,0,0,1,0,0,0,0,0,3
2367851,Calvert-Lewin,Dominic Calvert-Lewin,Forward,EVE,5.4,83,1,0,1,0,0,0,0,3,9
2367851,Harrison (Jack),Jack Harrison,Midfielder,EVE,5.5,13,0,0,0,0,0,0,0,0,1
2367851,Mykolenko,Vitaliy Mykolenko,Defender,EVE,5.0,90,0,0,1,0,0,0,0,2,8
2367851,Garner,James Garner,Midfielder,EVE,5.0,90,0,0,1,0,0,0,0,0,3
2367851,McNeil,Dwight McNeil,Midfielder,EVE,6.0,90,0,0,1,0,0,0,0,0,3
2367851,Branthwaite,Jarrad Branthwaite,Defender,EVE,5.5,90,0,0,1,0,0,0,0,0,6
2367851,Beto,Norberto Bercique Gomes Betuncal,Forward,EVE,5.5,12,0,0,0,0,0,0,0,0,1
2367852,Willian,Willian Borges Da Silva,Midfielder,FUL,5.0,63,0,0,1,0,0,0,0,0,3
2367852,Cairney,Tom Cairney,Midfielder,FUL,5.0,63,0,0,1,0,0,0,0,0,3
2367852,Leno,Bernd Leno,Goalkeeper,FUL,5.0,90,0,0,0,1,0,0,0,0,3
2367852,Raúl Jiménez,Raul Alonso Jimenez Rodriguez,Forward,FUL,6.5,16,0,0,0,0,0,0,0,0,1
2367852,Tosin,Oluwatosin Adarabioyo,Defender,FUL,4.5,90,0,0,0,1,0,0,0,0,2
2367852,Iwobi,Alex Iwobi,Midfielder,FUL,6.5,90,0,0,0,1,0,0,0,0,2
2367852,Wilson (Harry),Harry Wilson,Midfielder,FUL,5.5,35,0,0,0,1,0,0,0,0,1
2367852,João Palhinha,João Maria Lobo Alves Palhinha Gonçalves,Midfielder,FUL,5.9,82,0,0,0,1,0,0,0,0,2
2367852,Pereira (Andreas),Andreas Pereira,Midfielder,FUL,5.5,63,0,0,1,0,0,0,0,0,3
2367852,Traoré (Adama),Adama Traoré,Midfielder,FUL,5.5,35,0,0,0,1,0,0,0,0,1
2367852,Castagne,Timothy Castagne,Defender,FUL,4.5,90,0,0,0,1,0,0,0,0,2
2367852,Robinson (Antonee),Antonee Robinson,Defender,FUL,5.0,90,0,0,0,1,0,0,0,0,2
2367852,Lukic,Sasa Lukic,Midfielder,FUL,5.0,35,0,0,0,1,0,1,0,0,0
2367852,Bassey,Calvin Bassey,Defender,FUL,4.5,90,0,0,0,1,0,0,0,0,2
2367852,Rodrigo Muniz,Rodrigo Muniz Carvalho,Forward,FUL,5.5,82,0,0,0,1,0,0,0,0,2
2367852,Broja,Armando Broja,Forward,FUL,5.3,16,0,0,0,0,0,0,0,0,1
2367852,Ritchie,Matt Ritchie,Midfielder,NEW,4.3,6,0,0,0,0,0,0,0,0,1
2367852,Dubravka,Martin Dubravka,Goalkeeper,NEW,4.0,90,0,0,1,0,0,0,0,2,9
2367852,Burn,Dan Burn,Defender,NEW,5.0,90,0,0,1,0,0,0,0,0,6
2367852,Dummett,Paul Dummett,Defender,NEW,3.9,6,0,0,0,0,0,0,0,0,1
2367852,Krafth,Emil Krafth,Defender,NEW,4.5,90,0,0,1,0,0,1,0,0,5
2367852,Murphy (Jacob),Jacob Murphy,Midfielder,NEW,6.5,63,0,0,1,0,0,0,0,0,3
2367852,Schär,Fabian Schär,Defender,NEW,5.5,90,0,0,1,0,0,0,0,1,7
2367852,Longstaff (Sean),Sean Longstaff,Midfielder,NEW,5.0,90,0,0,1,0,0,1,0,0,2
2367852,Willock,Joseph Willock,Midfielder,NEW,5.0,36,0,0,0,0,0,0,0,0,1
2367852,Barnes (Harvey),Harvey Barnes,Midfielder,NEW,6.5,35,0,0,0,0,0,0,0,0,1
2367852,Bruno Guimarães,Bruno Guimarães Rodriguez Moura,Midfielder,NEW,6.5,90,1,0,1,0,0,0,0,3,11
2367852,Anderson,Elliot Anderson,Midfielder,NEW,5.5,55,0,0,0,0,0,0,0,0,1
2367852,Isak,Alexander Isak,Forward,NEW,10.5,90,0,0,1,0,0,0,0,0,2
2367852,Gordon (Anthony),Anthony Gordon,Midfielder,NEW,7.5,90,0,0,1,0,0,0,0,0,3
2367852,Lewis Hall,Lewis Hall,Defender,NEW,5.5,90,0,0,1,0,0,0,0,0,6
2367853,Smith (Adam),Adam Smith,Defender,BOU,4.5,90,0,0,0,2,0,0,0,0,1
2367853,Neto,Norberto Murara Neto,Goalkeeper,BOU,4.5,90,0,0,0,2,0,0,0,1,4
2367853,Solanke,Dominic Solanke,Forward,BOU,7.5,90,0,0,0,2,0,0,0,0,2
2367853,Cook (Lewis),Lewis Cook,Midfielder,BOU,5.0,83,0,0,0,1,0,0,0,0,2
2367853,Christie,Ryan Christie,Midfielder,BOU,5.0,90,0,0,0,2,0,0,0,0,2
2367853,Unal,Enes Unal,Forward,BOU,5.5,29,0,0,0,2,0,0,0,0,1
2367853,Billing,Philip Billing,Midfielder,BOU,5.0,29,0,0,0,2,0,0,0,0,1
2367853,Tavernier,Marcus Tavernier,Midfielder,BOU,5.5,55,1,0,0,0,0,0,0,0,6
2367853,Senesi,Marcos Senesi,Defender,BOU,4.5,11,0,0,0,1,0,0,0,0,1
2367853,Kluivert,Justin Kluivert,Midfielder,BOU,7.0,65,0,1,1,0,0,0,0,0,6
2367853,Kelly (Lloyd),Lloyd Kelly,Defender,BOU,4.2,90,0,0,0,2,0,0,0,0,1
2367853,Semenyo,Antoine Semenyo,Forward,BOU,7.0,65,0,0,1,0,0,0,0,0,2
2367853,Zabarnyi,Illia Zabarnyi,Defender,BOU,5.0,90,0,0,0,2,0,0,0,0,1
2367853,Scott,Alex Scott,Midfielder,BOU,5.0,11,0,0,0,1,0,0,0,0,1
2367853,Dango Ouattara,Dango Ouattara,Midfielder,BOU,6.0,39,0,0,0,2,0,0,0,0,1
2367853,Kerkez,Milos Kerkez,Defender,BOU,6.0,83,0,0,0,1,0,0,0,0,2
2367853,Kaminski,Thomas Kaminski,Goalkeeper,LUT,4.0,90,0,0,0,1,0,0,0,0,2
2367853,Townsend,Andros Townsend,Midfielder,LUT,5.0,59,0,0,0,1,0,0,0,0,2
2367853,Berry,Luke Berry,Midfielder,LUT,4.6,35,0,1,0,0,0,0,0,0,4
2367853,Barkley,Ross Barkley,Midfielder,LUT,5.0,90,0,0,0,1,0,0,0,0,2
2367853,Woodrow,Cauley Woodrow,Forward,LUT,4.3,17,0,1,0,0,0,0,0,0,4
2367853,Clark (Jordan),Jordan Clark,Midfielder,LUT,4.8,90,1,0,0,1,0,0,0,3,10
2367853,Burke,Reece Burke,Defender,LUT,4.0,90,0,0,0,1,0,0,0,0,2
2367853,Morris,Carlton Morris,Forward,LUT,4.7,90,1,0,0,1,0,0,0,2,8
2367853,Onyedinma,Fred Onyedinma,Midfielder,LUT,5.0,35,0,0,0,0,0,0,0,0,1
2367853,Hashioka,Daiki Hashioka,Defender,LUT,4.0,59,0,0,0,1,0,0,0,0,2
2367853,Chong,Tahith Chong,Midfielder,LUT,4.4,77,0,0,0,1,0,0,0,0,2
2367853,Doughty,Alfie Doughty,Defender,LUT,4.3,90,0,0,0,1,0,0,0,0,2
2367853,Mengi,Teden Mengi,Defender,LUT,3.9,90,0,0,0,1,0,0,0,0,2
2367853,Issa Kabore,Issa Kabore,Defender,LUT,4.5,90,0,0,0,1,0,0,0,0,2
2367854,van Dijk,Virgil van Dijk,Defender,LIV,6.0,90,0,0,0,2,0,0,0,0,1
2367854,Salah,Mohamed Salah,Midfielder,LIV,14.5,90,1,0,0,2,0,0,0,1,8
2367854,Robertson (Andrew),Andrew Robertson,Defender,LIV,6.0,90,0,0,0,2,0,0,0,0,1
2367854,Endo,Wataru Endo,Midfielder,LIV,5.0,68,0,0,0,2,0,0,0,0,2
2367854,Gomez,Joseph Gomez,Defender,LIV,5.0,33,0,0,0,1,0,0,0,0,1
2367854,Kelleher,Caoimhin Kelleher,Goalkeeper,LIV,4.5,90,0,0,0,2,0,0,0,0,2
2367854,Jones (Curtis),Curtis Jones,Midfielder,LIV,5.5,33,0,0,0,1,0,1,0,0,0
2367854,Mac Allister,Alexis Mac Allister,Midfielder,LIV,6.5,90,0,0,0,2,0,0,0,0,2
2367854,Gakpo,Cody Gakpo,Forward,LIV,7.5,30,0,0,0,0,0,0,0,0,1
2367854,Díaz,Luis Díaz,Midfielder,LIV,8.0,90,1,0,0,2,0,0,0,0,7
2367854,Szoboszlai,Dominik Szoboszlai,Midfielder,LIV,6.5,65,0,0,0,1,0,0,0,0,2
2367854,Quansah,Jarell Quansah,Defender,LIV,3.9,90,0,0,0,2,0,0,0,0,1
2367854,Elliott,Harvey Elliott,Midfielder,LIV,5.5,30,0,1,0,0,0,0,0,0,4
2367854,Núñez,Darwin Núñez,Forward,LIV,6.5,68,0,1,0,2,0,0,0,0,5
2367854,Bradley,Conor Bradley,Defender,LIV,5.0,65,0,0,0,1,0,1,0,0,1
2367854,Casemiro,Carlos Henrique Jose Francisco Venancio,Midfielder,MUN,5.5,90,0,0,0,2,0,1,0,0,1
2367854,Maguire,Harry Maguire,Defender,MUN,4.5,90,0,0,0,2,0,0,0,0,1
2367854,Bruno Fernandes,Bruno Miguel Borges Fernandes,Midfielder,MUN,9.0,90,1,0,0,2,0,0,0,2,9
2367854,Amrabat,Sofyan Amrabat,Midfielder,MUN,5.0,19,0,0,0,1,0,0,0,0,1
2367854,Rashford,Marcus Rashford,Midfielder,MUN,7.0,65,0,0,0,1,0,0,0,0,2
2367854,Mount,Mason Mount,Midfielder,MUN,6.0,14,0,0,0,0,0,1,0,0,0
2367854,Onana,André Onana,Goalkeeper,MUN,5.0,90,0,0,0,2,0,1,0,0,2
2367854,Wan-Bissaka,Aaron Wan-Bissaka,Defender,MUN,4.5,90,0,1,0,2,0,0,0,0,4
2367854,Dalot,José Diogo Dalot Teixeira,Defender,MUN,4.5,90,0,0,0,2,0,0,0,0,1
2367854,Antony,Antony Matheus dos Santos,Midfielder,MUN,6.0,32,0,0,0,1,0,1,0,0,0
2367854,Garnacho,Alejandro Garnacho Ferreyra,Midfielder,MUN,6.5,79,0,0,0,1,0,0,0,0,2
2367854,Højlund,Rasmus Højlund,Forward,MUN,6.5,90,0,0,0,2,0,0,0,0,2
2367854,Mainoo,Kobbie Mainoo,Midfielder,MUN,5.0,84,1,0,0,2,0,0,0,3,10
2367854,Kambwala,Willy Kambwala,Defender,MUN,3.9,90,0,0,0,2,0,1,0,0,0
2367855,Thiago Silva,Thiago Emiliano da Silva,Defender,CHE,5.0,90,1,0,0,2,0,0,0,3,10
2367855,Cucurella,Marc Cucurella,Defender,CHE,6.0,90,0,0,0,1,0,1,0,0,1
2367855,Chalobah,Trevoh Chalobah,Defender,CHE,5.0,90,0,0,0,2,0,1,0,0,0
2367855,Disasi,Axel Disasi,Defender,CHE,4.2,90,0,0,0,2,0,0,0,0,1
2367855,Gallagher,Conor Gallagher,Midfielder,CHE,5.9,90,0,1,0,2,0,0,0,0,5
2367855,Badiashile,Benoît Badiashile,Defender,CHE,4.5,7,0,0,0,1,0,0,0,0,1
2367855,Palmer,Cole Palmer,Midfielder,CHE,10.5,73,0,1,0,1,0,0,0,0,5
2367855,Madueke,Noni Madueke,Midfielder,CHE,7.0,81,1,0,0,1,0,0,0,1,8
2367855,Fernández (Enzo),Enzo Fernández,Midfielder,CHE,6.5,90,0,0,0,2,0,0,0,0,2
2367855,Petrovic,Dorde Petrovic,Goalkeeper,CHE,4.5,90,0,0,0,2,0,0,0,0,2
2367855,Mudryk,Mykhailo Mudryk,Midfielder,CHE,5.0,16,0,0,0,1,0,0,0,0,1
2367855,Chukwuemeka,Carney Chukwuemeka,Midfielder,CHE,4.7,24,0,0,0,1,0,0,0,0,1
2367855,Moises Caicedo,Moises Caicedo,Midfielder,CHE,5.5,90,0,0,0,2,0,0,0,0,2
2367855,Casadei,Cesare Casadei,Midfielder,CHE,4.4,6,0,0,0,1,0,0,0,0,1
2367855,Jackson (Nicolas),Nicolas Jackson,Forward,CHE,6.5,90,0,0,0,1,0,0,0,0,2
2367855,Robinson (Jack),Jack Robinson,Defender,SHU,4.3,89,0,0,0,2,0,1,0,0,0
2367855,Osborn,Ben Osborn,Midfielder,SHU,4.8,90,0,0,0,2,0,0,0,0,2
2367855,McBurnie,Oliver McBurnie,Forward,SHU,5.4,90,1,0,0,2,0,0,0,2,8
2367855,Grbic,Ivo Grbic,Goalkeeper,SHU,4.5,90,0,0,0,2,0,0,0,0,1
2367855,Holgate,Mason Holgate,Defender,SHU,4.0,75,0,0,0,2,0,0,0,0,1
2367855,Hamer,Gustavo Hamer,Midfielder,SHU,4.9,90,0,1,0,2,0,0,0,0,5
2367855,Trusty,Auston Trusty,Defender,SHU,3.9,85,0,0,0,2,0,0,0,0,1
2367855,Brereton,Ben Brereton,Midfielder,SHU,4.8,90,0,0,0,2,0,1,0,0,1
2367855,Bogle,Jayden Bogle,Defender,SHU,4.5,90,1,0,0,2,0,0,0,0,7
2367855,Ahmedhodzic,Anel Ahmedhodzic,Defender,SHU,4.3,90,0,0,0,2,0,1,0,0,0
2367855,Vinicius Souza,Vinicius de Souza Costa,Midfielder,SHU,5.0,8,0,0,0,0,0,0,0,0,1
2367855,Mcatee,James Mcatee,Midfielder,SHU,5.5,22,0,0,0,0,0,0,0,0,1
2367855,Archer,Cameron Archer,Forward,SHU,4.8,12,0,1,0,0,0,0,0,0,4
2367855,Arblaster,Oliver Arblaster,Midfielder,SHU,4.5,90,0,0,0,2,0,1,0,0,1
2367856,Wood,Chris Wood,Forward,NFO,7.5,67,1,0,0,3,0,0,0,0,6
2367856,Sels,Matz Sels,Goalkeeper,NFO,5.0,90,0,0,0,3,0,0,0,0,2
2367856,Origi,Divock Origi,Forward,NFO,5.0,29,0,0,0,0,0,0,0,0,1
2367856,Aina,Ola Aina,Defender,NFO,5.0,90,0,0,0,3,0,0,0,0,1
2367856,Yates,Ryan Yates,Midfielder,NFO,5.0,80,0,0,0,3,0,1,0,0,1
2367856,Hudson-Odoi,Callum Hudson-Odoi,Midfielder,NFO,6.0,90,0,0,0,3,0,0,0,0,2
2367856,Sangaré,Ibrahim Sangaré,Midfielder,NFO,5.0,16,0,0,0,0,0,0,0,0,1
2367856,Williams (Neco),Neco Williams,Defender,NFO,5.0,86,0,0,0,3,0,1,0,0,0
2367856,Montiel,Gonzalo Montiel,Defender,NFO,4.4,10,0,0,0,0,0,0,0,0,1
2367856,Gibbs-White,Morgan Gibbs-White,Midfielder,NFO,7.5,67,0,0,0,3,0,1,0,0,1
2367856,Nicolás Domínguez,Nicolás Domínguez,Midfielder,NFO,5.0,29,0,0,0,0,0,0,0,0,1
2367856,Reyna,Giovanni Reyna,Midfielder,NFO,4.6,16,0,0,0,0,0,0,0,0,1
2367856,Elanga,Anthony Elanga,Midfielder,NFO,7.0,90,0,1,0,3,0,0,0,1,6
2367856,Omobamidele,Andrew Omobamidele,Defender,NFO,4.2,90,0,0,0,3,0,0,0,0,1
2367856,Danilo,Danilo dos Santos de Oliveira,Midfielder,NFO,4.7,80,0,0,0,3,0,1,0,0,1
2367856,Murillo,Murillo Santiago Costa dos Santos,Defender,NFO,5.5,90,0,0,0,3,1,0,0,0,0
2367856,Son,Heung-Min Son,Midfielder,TOT,8.5,90,0,1,0,1,0,0,0,0,5
2367856,Højbjerg,Pierre-Emile Højbjerg,Midfielder,TOT,5.0,45,0,0,0,0,0,0,0,0,1
2367856,Werner,Timo Werner,Forward,TOT,6.2,76,0,1,0,1,0,1,0,0,4
2367856,Maddison,James Maddison,Midfielder,TOT,7.0,76,0,0,0,1,0,0,0,0,2
2367856,Vicario,Guglielmo Vicario,Goalkeeper,TOT,5.0,90,0,0,0,1,0,0,0,1,4
2367856,Lo Celso,Giovani Lo Celso,Midfielder,TOT,4.9,20,0,0,0,0,0,0,0,0,1
2367856,Bentancur,Rodrigo Bentancur,Midfielder,TOT,5.5,45,0,1,0,0,0,1,0,0,3
2367856,Romero,Cristian Romero,Defender,TOT,5.0,90,0,0,0,1,0,0,0,0,2
2367856,Bissouma,Yves Bissouma,Midfielder,TOT,5.5,45,0,0,0,1,0,0,0,0,1
2367856,Johnson (Brennan),Brennan Johnson,Midfielder,TOT,7.0,89,0,0,0,1,0,0,0,0,2
2367856,Porro,Pedro Porro,Defender,TOT,5.5,90,1,0,0,1,0,0,0,3,11
2367856,Kulusevski,Dejan Kulusevski,Midfielder,TOT,6.5,21,0,0,0,0,0,0,0,0,1
2367856,Sarr (Pape),Pape Sarr,Midfielder,TOT,5.0,45,0,0,0,1,0,0,0,0,1
2367856,Destiny Udogie,Iyenoma Destiny Udogie,Defender,TOT,4.5,90,0,0,0,1,0,0,0,0,2
2367856,Scarlett,Dane Scarlett,Forward,TOT,4.5,8,0,0,0,0,0,0,0,0,1
2367856,van de Ven,Micky van de Ven,Defender,TOT,4.5,90,1,0,0,1,0,0,0,3,11
2367857,Fabianski,Lukasz Fabianski,Goalkeeper,WHU,3.9,90,0,0,0,1,0,0,0,0,4
2367857,Cresswell,Aaron Cresswell,Defender,WHU,3.9,45,0,0,0,0,0,0,0,0,1
2367857,Antonio,Michail Antonio,Forward,WHU,5.2,45,0,0,0,0,0,0,0,0,1
2367857,Ward-Prowse,James Ward-Prowse,Midfielder,WHU,6.0,90,1,0,0,1,0,0,0,3,10
2367857,Zouma,Kurt Zouma,Defender,WHU,4.4,90,0,0,0,1,0,0,0,0,2
2367857,Emerson,Emerson Palmieri dos Santos,Defender,WHU,4.5,90,0,1,0,1,0,1,0,0,4
2367857,Coufal,Vladimir Coufal,Defender,WHU,4.1,45,0,0,0,1,0,0,0,0,1
2367857,Bowen,Jarrod Bowen,Midfielder,WHU,8.0,52,0,0,0,1,0,0,0,0,1
2367857,Álvarez (Edson),Edson Álvarez,Midfielder,WHU,5.0,90,0,0,0,1,0,0,0,0,2
2367857,Soucek,Tomas Soucek,Midfielder,WHU,6.0,45,0,0,0,1,0,0,0,0,1
2367857,Johnson (Ben),Ben Johnson,Defender,WHU,3.8,45,0,0,0,0,0,0,0,0,1
2367857,Lucas Paquetá,Lucas Tolentino Coelho de Lima,Midfielder,WHU,6.0,90,1,0,0,1,0,1,0,2,8
2367857,Mavropanos,Konstantinos Mavropanos,Defender,WHU,4.5,90,0,0,0,1,0,0,0,0,2
2367857,Kudus,Mohammed Kudus,Midfielder,WHU,6.5,90,0,0,0,1,0,0,0,0,2
2367857,Doherty,Matt Doherty,Defender,WOL,4.5,83,0,0,0,2,0,0,0,0,1
2367857,Sarabia,Pablo Sarabia,Midfielder,WOL,5.0,72,1,0,0,1,0,1,0,1,7
2367857,José Sá,José Pedro Malheiro de Sá,Goalkeeper,WOL,4.5,90,0,0,0,2,0,0,0,0,1
2367857,Lemina (Mario),Mario Lemina,Midfielder,WOL,4.8,72,0,0,0,1,0,0,0,0,2
2367857,Semedo,Nelson Semedo,Defender,WOL,4.5,90,0,0,0,2,0,0,0,0,1
2367857,Kilman,Max Kilman,Defender,WOL,4.5,90,0,0,0,2,0,0,0,0,1
2367857,Doyle,Tommy Doyle,Midfielder,WOL,4.7,83,0,0,0,2,0,0,0,0,2
2367857,Bueno (Santiago),Santiago Bueno,Defender,WOL,4.5,90,0,0,0,2,0,0,0,0,1
2367857,Matheus Cunha,Matheus Santos Carneiro Da Cunha,Forward,WOL,8.0,45,0,0,0,2,0,1,0,0,0
2367857,João Gomes,João Victor Gomes da Silva,Midfielder,WOL,5.5,90,0,0,0,2,0,1,0,0,1
2367857,Ait Nouri,Rayan Ait Nouri,Defender,WOL,6.0,52,0,1,0,0,0,0,0,0,4
2367857,Traoré (Boubacar),Boubacar Traoré,Midfielder,WOL,5.0,27,0,0,0,1,0,1,0,0,0
2367857,Bueno (Hugo),Hugo Bueno,Defender,WOL,4.5,16,0,0,0,0,0,0,0,0,1
2367857,Chirewa,Tawanda Chirewa,Midfielder,WOL,4.5,16,0,0,0,0,0,0,0,0,1
2367857,Toti,Toti António Gomes,Defender,WOL,4.5,90,0,0,0,2,0,1,0,0,0
2367857,Chiwome,Leon Chiwome,Forward,WOL,4.5,27,0,0,0,1,0,0,0,0,1
2367858,Smith (Adam),Adam Smith,Defender,BOU,4.5,69,0,0,0,2,0,0,0,0,1
2367858,Neto,Norberto Murara Neto,Goalkeeper,BOU,4.5,90,0,0,0,2,0,1,0,0,0
2367858,Solanke,Dominic Solanke,Forward,BOU,7.5,90,1,0,0,2,0,0,0,1,7
2367858,Cook (Lewis),Lewis Cook,Midfielder,BOU,5.0,90,0,0,0,2,0,1,0,0,1
2367858,Christie,Ryan Christie,Midfielder,BOU,5.0,90,0,0,0,2,0,1,0,0,1
2367858,Unal,Enes Unal,Forward,BOU,5.5,23,0,0,0,0,0,0,0,0,1
2367858,Senesi,Marcos Senesi,Defender,BOU,4.5,90,0,2,0,2,0,1,0,2,8
2367858,Kluivert,Justin Kluivert,Midfielder,BOU,7.0,74,1,0,0,2,0,0,0,0,7
2367858,Sinisterra,Luis Sinisterra,Midfielder,BOU,5.0,35,0,0,0,1,0,0,0,0,1
2367858,Aarons,Maximillian Aarons,Defender,BOU,4.3,28,0,0,0,0,0,0,0,0,1
2367858,Kelly (Lloyd),Lloyd Kelly,Defender,BOU,4.2,60,0,0,0,1,0,0,0,0,1
2367858,Faivre,Romain Faivre,Midfielder,BOU,4.5,28,0,0,0,0,0,0,0,0,1
2367858,Zabarnyi,Illia Zabarnyi,Defender,BOU,5.0,90,0,0,0,2,0,0,0,0,1
2367858,Dango Ouattara,Dango Ouattara,Midfielder,BOU,6.0,69,0,0,0,2,0,0,0,0,2
2367858,Kerkez,Milos Kerkez,Defender,BOU,6.0,90,0,0,0,2,0,0,0,0,1
2367858,Casemiro,Carlos Henrique Jose Francisco Venancio,Midfielder,MUN,5.5,90,0,0,0,2,0,0,0,0,2
2367858,Maguire,Harry Maguire,Defender,MUN,4.5,90,0,0,0,2,0,0,0,0,1
2367858,Bruno Fernandes,Bruno Miguel Borges Fernandes,Midfielder,MUN,9.0,90,2,0,0,2,0,0,0,3,15
2367858,Rashford,Marcus Rashford,Midfielder,MUN,7.0,90,0,0,0,2,0,0,0,0,2
2367858,Mount,Mason Mount,Midfielder,MUN,6.0,21,0,0,0,0,0,0,0,0,1
2367858,Onana,André Onana,Goalkeeper,MUN,5.0,90,0,0,0,2,0,0,0,0,2
2367858,Wan-Bissaka,Aaron Wan-Bissaka,Defender,MUN,4.5,90,0,0,0,2,0,0,0,0,1
2367858,Dalot,José Diogo Dalot Teixeira,Defender,MUN,4.5,90,0,0,0,2,0,0,0,0,1
2367858,Garnacho,Alejandro Garnacho Ferreyra,Midfielder,MUN,6.5,45,0,1,0,2,0,0,0,0,4
2367858,Amad Diallo,Amad Diallo Traore,Midfielder,MUN,6.5,45,0,0,0,0,0,0,0,0,1
2367858,Højlund,Rasmus Højlund,Forward,MUN,6.5,90,0,0,0,2,0,0,0,0,2
2367858,Mainoo,Kobbie Mainoo,Midfielder,MUN,5.0,76,0,0,0,2,0,0,0,0,2
2367858,Kambwala,Willy Kambwala,Defender,MUN,3.9,90,0,0,0,2,0,0,0,0,1
2367859,Jorginho,Jorge Luiz Frello Filho,Midfielder,ARS,4.6,21,0,0,0,2,0,0,0,0,1
2367859,Trossard,Leandro Trossard,Midfielder,ARS,7.0,65,0,0,1,0,0,0,0,0,3
2367859,Raya Martin,David Raya Martin,Goalkeeper,ARS,5.5,90,0,0,0,2,0,0,0,0,1
2367859,Odegaard,Martin Odegaard,Midfielder,ARS,8.0,76,0,0,1,0,0,0,0,0,3
2367859,White (Ben),Ben White,Defender,ARS,5.5,65,0,0,1,0,0,1,0,0,5
2367859,Rice,Declan Rice,Midfielder,ARS,6.5,90,0,0,0,2,0,0,0,0,2
2367859,Eddie Nketiah,Edward Nketiah,Forward,ARS,5.5,12,0,0,0,0,0,0,0,0,1
2367859,Jesus,Gabriel Fernando de Jesus,Forward,ARS,6.5,76,0,0,1,0,0,0,0,0,2
2367859,Zinchenko,Oleksandr Zinchenko,Defender,ARS,5.0,84,0,0,0,2,0,0,0,0,1
2367859,Smith-Rowe,Emile Smith-Rowe,Midfielder,ARS,6.0,21,0,0,0,2,0,0,0,0,1
2367859,Havertz,Kai Havertz,Midfielder,ARS,7.5,90,0,0,0,2,0,1,0,0,1
2367859,Saka,Bukayo Saka,Midfielder,ARS,10.0,90,0,0,0,2,0,0,0,0,2
2367859,Tomiyasu,Takehiro Tomiyasu,Defender,ARS,4.8,31,0,0,0,2,0,0,0,0,0
2367859,Gabriel Magalhães,Gabriel dos Santos Magalhães,Defender,ARS,6.0,90,0,0,0,2,0,1,0,0,0
2367859,Martinelli,Gabriel Teodoro Martinelli Silva,Midfielder,ARS,7.0,30,0,0,0,2,0,0,0,0,1
2367859,Saliba,William Saliba,Defender,ARS,6.0,90,0,0,0,2,0,0,0,0,1
2367859,Martinez,Emiliano Martinez,Goalkeeper,AVL,5.0,90,0,0,1,0,0,0,0,2,9
2367859,Digne,Lucas Digne,Defender,AVL,4.5,90,0,1,1,0,0,0,0,3,12
2367859,Álex Moreno,Alexandre Moreno Lopera,Defender,AVL,4.0,20,0,0,0,0,0,0,0,0,1
2367859,McGinn,John McGinn,Midfielder,AVL,5.5,90,0,0,1,0,0,0,0,0,3
2367859,Diego Carlos,Diego Carlos Santos Silva,Defender,AVL,4.5,90,0,0,1,0,0,0,0,0,6
2367859,Tielemans,Youri Tielemans,Midfielder,AVL,6.0,90,0,1,1,0,0,0,0,0,6
2367859,Watkins,Ollie Watkins,Forward,AVL,9.0,90,1,0,1,0,0,0,0,1,7
2367859,Konsa Ngoyo,Ezri Konsa Ngoyo,Defender,AVL,4.5,90,0,0,1,0,0,0,0,0,6
2367859,Bailey,Leon Bailey,Midfielder,AVL,5.5,35,1,0,0,0,0,0,0,0,6
2367859,Diaby,Moussa Diaby,Midfielder,AVL,6.5,60,0,0,1,0,0,0,0,0,3
2367859,Rogers,Morgan Rogers,Midfielder,AVL,7.0,90,0,0,1,0,0,1,0,0,2
2367859,Torres,Pau Torres,Defender,AVL,4.5,90,0,0,1,0,0,0,0,0,6
2367859,Zaniolo,Nicolò Zaniolo,Midfielder,AVL,5.4,76,0,0,1,0,0,0,0,0,3
2367860,Zanka,Mathias Jorgensen,Defender,BRE,4.5,90,0,0,1,0,0,0,0,3,9
2367860,Maupay,Neal Maupay,Forward,BRE,4.9,75,0,0,1,0,0,1,0,0,1
2367860,Flekken,Mark Flekken,Goalkeeper,BRE,4.5,90,0,0,1,0,0,0,0,1,7
2367860,Reguilón,Sergio Reguilón,Defender,BRE,4.1,90,0,0,1,0,0,0,0,2,8
2367860,Janelt,Vitaly Janelt,Midfielder,BRE,5.0,90,0,0,1,0,0,1,0,0,2
2367860,Jensen,Mathias Jensen,Midfielder,BRE,5.0,87,0,0,1,0,0,0,0,0,3
2367860,Wissa,Yoane Wissa,Forward,BRE,7.5,86,0,0,1,0,0,0,0,0,2
2367860,Roerslev,Mads Roerslev,Defender,BRE,4.5,90,0,0,1,0,0,1,0,0,5
2367860,Pinnock,Ethan Pinnock,Defender,BRE,4.5,9,0,0,0,0,0,0,0,0,1
2367860,Lewis-Potter,Keane Lewis-Potter,Midfielder,BRE,5.0,20,0,0,0,0,0,0,0,0,1
2367860,Onyeka,Frank Onyeka,Midfielder,BRE,5.0,8,1,0,0,0,0,0,0,0,6
2367860,Collins,Nathan Collins,Defender,BRE,5.0,90,0,0,1,0,0,0,0,0,6
2367860,Damsgaard,Mikkel Damsgaard,Midfielder,BRE,6.0,75,0,1,1,0,0,0,0,0,6
2367860,Mbeumo,Bryan Mbeumo,Midfielder,BRE,8.0,86,0,0,1,0,0,0,0,0,3
2367860,Yarmolyuk,Ehor Yarmolyuk,Midfielder,BRE,5.0,20,0,0,0,0,0,0,0,0,1
2367860,Schade,Kevin Schade,Midfielder,BRE,7.0,9,0,1,0,0,0,0,0,0,4
2367860,Osborn,Ben Osborn,Midfielder,SHU,4.8,90,0,0,0,2,0,0,0,0,2
2367860,McBurnie,Oliver McBurnie,Forward,SHU,5.4,90,0,0,0,2,0,0,0,0,2
2367860,Grbic,Ivo Grbic,Goalkeeper,SHU,4.5,90,0,0,0,2,0,0,0,0,2
2367860,Holgate,Mason Holgate,Defender,SHU,4.0,87,0,0,0,1,0,0,0,0,2
2367860,Hamer,Gustavo Hamer,Midfielder,SHU,4.9,90,0,0,0,2,0,0,0,0,2
2367860,Trusty,Auston Trusty,Defender,SHU,3.9,90,0,0,0,2,0,0,0,0,1
2367860,Brereton,Ben Brereton,Midfielder,SHU,4.8,90,0,0,0,2,0,1,0,0,1
2367860,Bogle,Jayden Bogle,Defender,SHU,4.5,72,0,0,0,1,0,0,0,0,2
2367860,Ahmedhodzic,Anel Ahmedhodzic,Defender,SHU,4.3,90,0,0,0,2,0,0,0,0,1
2367860,Mcatee,James Mcatee,Midfielder,SHU,5.5,38,0,0,0,2,0,0,0,0,1
2367860,Larouci,Yasser Larouci,Defender,SHU,4.3,57,0,0,0,0,0,0,0,0,1
2367860,Archer,Cameron Archer,Forward,SHU,4.8,23,0,0,0,1,0,0,0,0,1
2367860,Ben Slimane,Anis Ben Slimane,Midfielder,SHU,4.7,9,0,0,0,1,0,0,0,0,1
2367860,Arblaster,Oliver Arblaster,Midfielder,SHU,4.5,90,0,0,0,2,1,0,0,0,0
2367861,Lallana,Adam Lallana,Midfielder,BHA,5.0,21,0,0,0,0,0,0,0,0,1
2367861,Welbeck,Danny Welbeck,Forward,BHA,6.5,74,0,0,0,1,0,0,0,0,2
2367861,Groß,Pascal Groß,Midfielder,BHA,6.5,90,0,0,0,1,0,0,0,1,3
2367861,Dunk,Lewis Dunk,Defender,BHA,4.5,90,0,0,0,1,0,0,0,1,3
2367861,Veltman,Joël Veltman,Defender,BHA,4.5,90,0,0,0,1,0,1,0,0,1
2367861,Estupiñán,Pervis Estupiñán,Defender,BHA,4.5,10,0,0,0,0,0,0,0,0,1
2367861,Igor Julio,Igor Julio dos Santos de Paulo,Defender,BHA,4.5,80,0,0,0,1,0,0,0,0,2
2367861,Moder,Jakub Moder,Midfielder,BHA,4.4,74,0,0,0,1,0,0,0,0,2
2367861,Ansu Fati,Anssumane Fati,Midfielder,BHA,6.4,21,0,0,0,0,0,0,0,0,1
2367861,van Hecke,Jan-Paul van Hecke,Defender,BHA,4.5,90,0,0,0,1,0,0,0,0,2
2367861,João Pedro,João Pedro Junqueira de Jesus,Forward,BHA,7.5,87,0,0,0,1,0,0,0,0,2
2367861,Verbruggen,Bart Verbruggen,Goalkeeper,BHA,4.5,90,0,0,0,1,0,0,0,0,2
2367861,Baleba,Carlos Baleba,Midfielder,BHA,5.0,90,0,0,0,1,0,0,0,0,2
2367861,Adingra,Simon Adingra,Midfielder,BHA,5.5,74,0,0,0,1,0,0,0,0,2
2367861,Buonanotte,Facundo Buonanotte,Midfielder,BHA,5.0,21,0,0,0,0,0,0,0,0,1
2367861,O’Mahony,Mark O’Mahony,Forward,BHA,4.5,8,0,0,0,0,0,1,0,0,0
2367861,Rodriguez,Jay Rodriguez,Forward,BUR,5.3,33,0,0,0,1,0,0,0,0,1
2367861,Taylor (Charlie),Charlie Taylor,Defender,BUR,3.9,45,0,0,0,1,0,0,0,0,1
2367861,Cullen,Josh Cullen,Midfielder,BUR,5.0,90,0,0,0,1,0,1,0,0,1
2367861,Brownhill,Josh Brownhill,Midfielder,BUR,4.7,30,1,0,0,1,0,0,0,2,8
2367861,Bruun Larsen,Jacob Bruun Larsen,Midfielder,BUR,5.5,83,0,0,0,1,0,0,0,0,2
2367861,Berge,Sander Berge,Midfielder,BUR,5.0,90,0,0,0,1,0,0,0,0,2
2367861,Muric,Arijanet Muric,Goalkeeper,BUR,4.4,90,0,0,0,1,1,0,0,1,3
2367861,Foster,Lyle Foster,Forward,BUR,5.0,90,0,0,0,1,0,0,0,0,2
2367861,Trésor,Mike Trésor,Midfielder,BUR,4.5,12,0,0,0,0,0,0,0,0,1
2367861,Vitinho,Victor Alexander da Silva,Defender,BUR,4.4,45,0,0,0,0,0,0,0,0,1
2367861,Esteve,Maxime Esteve,Defender,BUR,4.0,90,0,0,0,1,0,0,0,0,2
2367861,Ekdal,Hjalmar Ekdal,Defender,BUR,4.0,65,0,0,1,0,0,0,0,3,9
2367861,Assignon,Lorenz Assignon,Defender,BUR,4.0,90,0,0,0,1,0,0,0,0,2
2367861,Fofana (David Datro),David Datro Fofana,Forward,BUR,5.4,62,0,0,1,0,0,0,0,0,2
2367861,Odobert,Wilson Odobert,Midfielder,BUR,5.5,90,0,0,0,1,0,0,0,0,2
2367862,Thiago Silva,Thiago Emiliano da Silva,Defender,CHE,5.0,90,0,0,1,0,0,0,0,0,6
2367862,Chilwell,Benjamin Chilwell,Defender,CHE,4.6,17,0,1,0,0,0,0,0,0,4
2367862,Cucurella,Marc Cucurella,Defender,CHE,6.0,90,0,1,1,0,0,0,0,1,10
2367862,Chalobah,Trevoh Chalobah,Defender,CHE,5.0,90,0,0,1,0,0,0,0,0,6
2367862,Gallagher,Conor Gallagher,Midfielder,CHE,5.9,90,0,0,1,0,0,0,0,0,3
2367862,Palmer,Cole Palmer,Midfielder,CHE,10.5,78,4,0,1,0,0,0,0,3,26
2367862,Madueke,Noni Madueke,Midfielder,CHE,7.0,70,0,0,1,0,0,0,0,0,3
2367862,Petrovic,Dorde Petrovic,Goalkeeper,CHE,4.5,90,0,0,1,0,0,0,0,0,6
2367862,Mudryk,Mykhailo Mudryk,Midfielder,CHE,5.0,77,0,0,1,0,0,1,0,0,2
2367862,Chukwuemeka,Carney Chukwuemeka,Midfielder,CHE,4.7,24,0,0,0,0,0,0,0,0,1
2367862,Gusto,Malo Gusto,Defender,CHE,5.0,86,0,0,1,0,0,0,0,0,6
2367862,Moises Caicedo,Moises Caicedo,Midfielder,CHE,5.5,90,0,0,1,0,0,0,0,0,3
2367862,Casadei,Cesare Casadei,Midfielder,CHE,4.4,16,0,0,0,0,0,0,0,0,1
2367862,Gilchrist,Alfie Gilchrist,Defender,CHE,4.0,8,1,0,0,0,0,0,0,0,7
2367862,Jackson (Nicolas),Nicolas Jackson,Forward,CHE,6.5,86,1,2,1,0,0,0,0,2,14
2367862,Deivid Washington,Deivid Washington de Souza Eugênio,Forward,CHE,4.9,8,0,0,0,0,0,0,0,0,1
2367862,Tarkowski,James Tarkowski,Defender,EVE,5.5,90,0,0,0,6,0,1,0,0,0
2367862,Young (Ashley),Ashley Young,Defender,EVE,4.2,90,0,0,0,6,0,1,0,0,0
2367862,Coleman,Seamus Coleman,Defender,EVE,4.5,45,0,0,0,4,0,0,0,0,0
2367862,Keane,Michael Keane,Defender,EVE,4.5,40,0,0,0,2,0,1,0,0,0
2367862,Pickford,Jordan Pickford,Goalkeeper,EVE,5.5,90,0,0,0,6,0,0,0,0,0
2367862,André Gomes,André Filipe Tavares Gomes,Midfielder,EVE,4.4,45,0,0,0,2,0,0,0,0,1
2367862,Doucouré,Abdoulaye Doucouré,Midfielder,EVE,5.1,90,0,0,0,6,0,0,0,0,2
2367862,Godfrey,Ben Godfrey,Defender,EVE,4.0,6,0,0,0,0,0,0,0,0,1
2367862,Harrison (Jack),Jack Harrison,Midfielder,EVE,5.5,45,0,0,0,2,0,0,0,0,1
2367862,Mykolenko,Vitaliy Mykolenko,Defender,EVE,5.0,90,0,0,0,6,0,0,0,0,0
2367862,Garner,James Garner,Midfielder,EVE,5.0,45,0,0,0,4,0,1,0,0,0
2367862,Patterson (Nathan),Nathan Patterson,Defender,EVE,4.5,44,0,0,0,2,0,0,0,0,0
2367862,McNeil,Dwight McNeil,Midfielder,EVE,6.0,90,0,0,0,6,0,0,0,0,2
2367862,Mvom Onana,Amadou Mvom Onana,Midfielder,EVE,5.0,45,0,0,0,4,0,0,0,0,1
2367862,Branthwaite,Jarrad Branthwaite,Defender,EVE,5.5,54,0,0,0,4,0,0,0,0,0
2367862,Beto,Norberto Bercique Gomes Betuncal,Forward,EVE,5.5,90,0,0,0,6,0,0,0,0,2
2367863,Ward,Joel Ward,Defender,CRY,4.3,21,0,0,0,0,0,0,0,0,1
2367863,Clyne,Nathaniel Clyne,Defender,CRY,4.0,72,0,0,1,0,0,0,0,0,6
2367863,Ayew (Jordan),Jordan Ayew,Midfielder,CRY,5.1,27,0,0,0,0,0,0,0,0,1
2367863,Schlupp,Jeffrey Schlupp,Midfielder,CRY,4.6,20,0,0,0,0,0,0,0,0,1
2367863,Hughes,Will Hughes,Midfielder,CRY,5.0,72,0,0,1,0,0,0,0,0,3
2367863,Lerma,Jefferson Lerma,Midfielder,CRY,5.0,90,0,0,1,0,0,1,0,0,2
2367863,Henderson (Dean),Dean Henderson,Goalkeeper,CRY,5.0,90,0,0,1,0,0,0,0,2,9
2367863,Riedewald,Jairo Riedewald,Midfielder,CRY,4.3,21,0,0,0,0,0,0,0,0,1
2367863,Andersen (Joachim),Joachim Andersen,Defender,CRY,4.5,90,0,0,1,0,0,0,0,2,8
2367863,Edouard,Odsonne Edouard,Forward,CRY,5.0,8,0,0,0,0,0,0,0,0,1
2367863,Mateta,Jean-Philippe Mateta,Forward,CRY,7.5,85,0,0,1,0,0,0,0,0,2
2367863,Eze,Eberechi Eze,Midfielder,CRY,7.5,72,1,0,1,0,0,0,0,2,10
2367863,Mitchell,Tyrick Mitchell,Defender,CRY,5.0,90,0,1,1,0,0,0,0,3,12
2367863,Muñoz,Daniel Muñoz,Defender,CRY,5.5,90,0,0,1,0,0,0,0,0,6
2367863,Olise,Michael Olise,Midfielder,CRY,5.7,66,0,0,1,0,0,0,0,0,3
2367863,Wharton,Adam Wharton,Midfielder,CRY,5.0,90,0,0,1,0,0,0,0,0,3
2367863,van Dijk,Virgil van Dijk,Defender,LIV,6.0,90,0,0,0,1,0,0,0,0,2
2367863,Alisson,Alisson Ramses Becker,Goalkeeper,LIV,5.5,90,0,0,0,1,0,0,0,0,3
2367863,Salah,Mohamed Salah,Midfielder,LIV,14.5,90,0,0,0,1,0,0,0,0,2
2367863,Robertson (Andrew),Andrew Robertson,Defender,LIV,6.0,90,0,0,0,1,0,0,0,0,2
2367863,Endo,Wataru Endo,Midfielder,LIV,5.0,45,0,0,0,1,0,0,0,0,1
2367863,Alexander-Arnold,Trent Alexander-Arnold,Defender,LIV,7.2,45,0,0,0,0,0,0,0,0,1
2367863,Diogo Jota,Diogo José Teixeira da Silva,Midfielder,LIV,7.2,29,0,0,0,0,0,0,0,0,1
2367863,Konaté,Ibrahima Konaté,Defender,LIV,5.5,90,0,0,0,1,0,0,0,0,2
2367863,Jones (Curtis),Curtis Jones,Midfielder,LIV,5.5,77,0,0,0,1,0,1,0,0,1
2367863,Mac Allister,Alexis Mac Allister,Midfielder,LIV,6.5,90,0,0,0,1,0,0,0,0,2
2367863,Gakpo,Cody Gakpo,Forward,LIV,7.5,29,0,0,0,0,0,0,0,0,1
2367863,Díaz,Luis Díaz,Midfielder,LIV,8.0,64,0,0,0,1,0,0,0,0,2
2367863,Szoboszlai,Dominik Szoboszlai,Midfielder,LIV,6.5,45,0,0,0,0,0,0,0,0,1
2367863,Elliott,Harvey Elliott,Midfielder,LIV,5.5,15,0,0,0,0,0,0,0,0,1
2367863,Núñez,Darwin Núñez,Forward,LIV,6.5,64,0,0,0,1,0,0,0,0,2
2367863,Bradley,Conor Bradley,Defender,LIV,5.0,46,0,0,0,1,0,0,0,0,1
2367864,Kaminski,Thomas Kaminski,Goalkeeper,LUT,4.0,90,0,0,0,5,0,0,0,0,3
2367864,Townsend,Andros Townsend,Midfielder,LUT,5.0,58,0,0,0,1,0,0,0,0,1
2367864,Berry,Luke Berry,Midfielder,LUT,4.6,77,0,0,0,3,0,0,0,0,2
2367864,Barkley,Ross Barkley,Midfielder,LUT,5.0,90,1,0,0,5,0,0,0,0,7
2367864,Woodrow,Cauley Woodrow,Forward,LUT,4.3,37,0,0,0,4,0,0,0,0,1
2367864,Clark (Jordan),Jordan Clark,Midfielder,LUT,4.8,88,0,0,0,4,0,0,0,0,2
2367864,Ruddock Mpanzu,Pelly Ruddock Mpanzu,Midfielder,LUT,4.6,18,0,0,0,2,0,0,0,0,1
2367864,Burke,Reece Burke,Defender,LUT,4.0,90,0,0,0,5,0,0,0,0,0
2367864,Morris,Carlton Morris,Forward,LUT,4.7,90,0,0,0,5,0,0,0,0,2
2367864,Onyedinma,Fred Onyedinma,Midfielder,LUT,5.0,88,0,0,0,4,0,0,0,0,2
2367864,Hashioka,Daiki Hashioka,Defender,LUT,4.0,90,0,0,0,5,1,0,0,0,0
2367864,Chong,Tahith Chong,Midfielder,LUT,4.4,90,0,0,0,5,0,0,0,0,2
2367864,Doughty,Alfie Doughty,Defender,LUT,4.3,90,0,0,0,5,0,0,0,0,0
2367864,Nelson (Zack),Zack Nelson,Midfielder,LUT,4.5,7,0,0,0,1,0,0,0,0,1
2367864,Johnson (Joseph),Joseph Johnson,Defender,LUT,4.0,7,0,0,0,1,0,0,0,0,1
2367864,De Bruyne,Kevin De Bruyne,Midfielder,MCI,9.5,80,0,0,1,0,0,1,0,0,2
2367864,Kovacic,Mateo Kovacic,Midfielder,MCI,6.0,90,1,0,0,1,0,0,0,2,9
2367864,Ederson,Ederson Santana de Moraes,Goalkeeper,MCI,5.5,90,0,0,0,1,0,0,0,0,2
2367864,Rúben Dias,Rúben Santos Gato Alves Dias,Defender,MCI,5.5,90,0,0,0,1,0,0,0,0,2
2367864,Akanji,Manuel Akanji,Defender,MCI,5.5,90,0,0,0,1,0,0,0,0,2
2367864,Haaland,Erling Haaland,Forward,MCI,14.0,80,1,1,1,0,0,0,0,1,10
2367864,Doku,Jéremy Doku,Midfielder,MCI,6.5,90,1,2,0,1,0,0,0,3,16
2367864,Gómez,Sergio Gómez,Defender,MCI,3.8,15,0,0,0,1,0,0,0,0,1
2367864,Álvarez (Julián),Julián Álvarez,Forward,MCI,7.0,90,0,1,0,1,0,0,0,0,5
2367864,Matheus Nunes,Matheus Luiz Nunes,Midfielder,MCI,5.5,90,0,0,0,1,0,0,0,0,2
2367864,Lewis (Rico),Rico Lewis,Defender,MCI,5.0,90,0,0,0,1,0,0,0,0,2
2367864,Gvardiol,Joško Gvardiol,Defender,MCI,6.0,90,1,1,0,1,0,0,0,1,12
2367864,Bobb,Oscar Bobb,Midfielder,MCI,5.5,15,0,0,0,1,0,0,0,0,1
2367865,Ritchie,Matt Ritchie,Midfielder,NEW,4.3,7,0,0,0,0,0,0,0,0,1
2367865,Dubravka,Martin Dubravka,Goalkeeper,NEW,4.0,90,0,0,1,0,0,0,0,0,6
2367865,Burn,Dan Burn,Defender,NEW,5.0,90,0,0,1,0,0,0,0,0,6
2367865,Dummett,Paul Dummett,Defender,NEW,3.9,2,0,0,0,0,0,0,0,0,1
2367865,Krafth,Emil Krafth,Defender,NEW,4.5,90,0,0,1,0,0,0,0,0,6
2367865,Murphy (Jacob),Jacob Murphy,Midfielder,NEW,6.5,77,0,0,1,0,0,0,0,0,3
2367865,Schär,Fabian Schär,Defender,NEW,5.5,90,1,0,1,0,0,0,0,1,13
2367865,Longstaff (Sean),Sean Longstaff,Midfielder,NEW,5.0,90,0,0,1,0,0,0,0,0,3
2367865,Barnes (Harvey),Harvey Barnes,Midfielder,NEW,6.5,87,0,0,1,0,0,0,0,0,3
2367865,Bruno Guimarães,Bruno Guimarães Rodriguez Moura,Midfielder,NEW,6.5,90,0,1,1,0,0,0,0,0,6
2367865,Anderson,Elliot Anderson,Midfielder,NEW,5.5,88,0,0,1,0,0,0,0,0,3
2367865,Isak,Alexander Isak,Forward,NEW,10.5,90,2,0,1,0,0,0,0,2,12
2367865,Gordon (Anthony),Anthony Gordon,Midfielder,NEW,7.5,90,1,2,1,0,0,0,0,3,17
2367865,Livramento,Valentino Livramento,Defender,NEW,5.0,18,0,0,0,0,0,0,0,0,1
2367865,White (Joe),Joe White,Midfielder,NEW,4.5,3,0,0,0,0,0,0,0,0,1
2367865,Lewis Hall,Lewis Hall,Defender,NEW,5.5,7,0,0,0,0,0,0,0,0,1
2367865,Son,Heung-Min Son,Midfielder,TOT,8.5,56,0,0,0,3,0,0,0,0,1
2367865,Højbjerg,Pierre-Emile Højbjerg,Midfielder,TOT,5.0,39,0,0,0,1,0,0,0,0,1
2367865,Werner,Timo Werner,Forward,TOT,6.2,90,0,0,0,4,0,0,0,0,2
2367865,Maddison,James Maddison,Midfielder,TOT,7.0,80,0,0,0,3,0,1,0,0,1
2367865,Vicario,Guglielmo Vicario,Goalkeeper,TOT,5.0,90,0,0,0,4,0,0,0,0,0
2367865,Lo Celso,Giovani Lo Celso,Midfielder,TOT,4.9,15,0,0,0,1,0,0,0,0,1
2367865,Bentancur,Rodrigo Bentancur,Midfielder,TOT,5.5,56,0,0,0,3,0,0,0,0,1
2367865,Romero,Cristian Romero,Defender,TOT,5.0,90,0,0,0,4,0,1,0,0,0
2367865,Bissouma,Yves Bissouma,Midfielder,TOT,5.5,56,0,0,0,3,0,1,0,0,0
2367865,Emerson Royal,Emerson Aparecido Leite de Souza Junior,Defender,TOT,4.5,45,0,0,0,2,0,0,0,0,0
2367865,Johnson (Brennan),Brennan Johnson,Midfielder,TOT,7.0,90,0,0,0,4,0,0,0,0,2
2367865,Porro,Pedro Porro,Defender,TOT,5.5,48,0,0,0,2,0,0,0,0,0
2367865,Kulusevski,Dejan Kulusevski,Midfielder,TOT,6.5,38,0,0,0,1,0,0,0,0,1
2367865,Sarr (Pape),Pape Sarr,Midfielder,TOT,5.0,39,0,0,0,1,0,0,0,0,1
2367865,Destiny Udogie,Iyenoma Destiny Udogie,Defender,TOT,4.5,90,0,0,0,4,0,0,0,0,0
2367865,van de Ven,Micky van de Ven,Defender,TOT,4.5,90,0,0,0,4,0,1,0,0,0
2367866,Wood,Chris Wood,Forward,NFO,7.5,90,0,0,0,2,0,0,0,0,2
2367866,Sels,Matz Sels,Goalkeeper,NFO,5.0,90,0,0,0,2,0,0,0,0,1
2367866,Origi,Divock Origi,Forward,NFO,5.0,26,0,0,0,0,0,0,0,0,1
2367866,Aina,Ola Aina,Defender,NFO,5.0,89,0,0,0,2,0,0,0,0,1
2367866,Yates,Ryan Yates,Midfielder,NFO,5.0,65,0,0,0,2,0,0,0,0,2
2367866,Hudson-Odoi,Callum Hudson-Odoi,Midfielder,NFO,6.0,90,0,0,0,2,0,0,0,0,2
2367866,Williams (Neco),Neco Williams,Defender,NFO,5.0,90,0,0,0,2,0,0,0,0,1
2367866,Gibbs-White,Morgan Gibbs-White,Midfielder,NFO,7.5,90,1,0,0,2,0,1,0,0,6
2367866,Nicolás Domínguez,Nicolás Domínguez,Midfielder,NFO,5.0,31,0,0,0,0,0,0,0,0,1
2367866,Reyna,Giovanni Reyna,Midfielder,NFO,4.6,70,0,1,0,2,0,0,0,0,5
2367866,Nuno Tavares,Nuno Tavares,Defender,NFO,4.0,8,0,0,0,0,0,0,0,0,1
2367866,Omobamidele,Andrew Omobamidele,Defender,NFO,4.2,90,0,0,0,2,0,0,0,0,1
2367866,Danilo,Danilo dos Santos de Oliveira,Midfielder,NFO,4.7,89,1,0,0,2,0,0,0,2,9
2367866,Rodrigo Ribeiro,Rodrigo Duarte Ribeiro,Forward,NFO,4.5,8,0,0,0,0,0,0,0,0,1
2367866,Murillo,Murillo Santiago Costa dos Santos,Defender,NFO,5.5,90,0,0,0,2,0,1,0,0,0
2367866,Doherty,Matt Doherty,Defender,WOL,4.5,58,0,0,0,2,0,0,0,0,0
2367866,Sarabia,Pablo Sarabia,Midfielder,WOL,5.0,87,0,0,0,2,0,0,0,0,2
2367866,José Sá,José Pedro Malheiro de Sá,Goalkeeper,WOL,4.5,90,0,1,0,2,0,0,0,2,8
2367866,Lemina (Mario),Mario Lemina,Midfielder,WOL,4.8,90,0,0,0,2,0,1,0,0,1
2367866,Hwang Hee-Chan,Hee-Chan Hwang,Midfielder,WOL,6.0,38,0,0,0,0,0,0,0,0,1
2367866,Semedo,Nelson Semedo,Defender,WOL,4.5,87,0,0,0,2,0,0,0,0,1
2367866,Kilman,Max Kilman,Defender,WOL,4.5,90,0,0,0,2,0,0,0,0,1
2367866,Doyle,Tommy Doyle,Midfielder,WOL,4.7,90,0,0,0,2,0,0,0,0,2
2367866,Bueno (Santiago),Santiago Bueno,Defender,WOL,4.5,90,0,0,0,2,0,0,0,0,1
2367866,Matheus Cunha,Matheus Santos Carneiro Da Cunha,Forward,WOL,8.0,75,2,0,0,2,0,1,0,3,12
2367866,João Gomes,João Victor Gomes da Silva,Midfielder,WOL,5.5,58,0,0,0,2,0,1,0,0,0
2367866,Traoré (Boubacar),Boubacar Traoré,Midfielder,WOL,5.0,21,0,0,0,0,0,0,0,0,1
2367866,Bueno (Hugo),Hugo Bueno,Defender,WOL,4.5,39,0,0,0,0,0,0,0,0,1
2367866,Chirewa,Tawanda Chirewa,Midfielder,WOL,4.5,10,0,0,0,0,0,0,0,0,1
2367866,Toti,Toti António Gomes,Defender,WOL,4.5,90,0,1,0,2,0,0,0,0,4
2367866,Fraser (Nathan),Nathan Fraser,Forward,WOL,4.5,9,0,0,0,0,0,0,0,0,1
2367867,Willian,Willian Borges Da Silva,Midfielder,FUL,5.0,83,0,0,1,0,0,0,0,0,3
2367867,Leno,Bernd Leno,Goalkeeper,FUL,5.0,90,0,0,1,0,0,0,0,2,9
2367867,DeCordova-Reid,Bobby DeCordova-Reid,Midfielder,FUL,5.2,23,0,0,0,0,0,1,0,0,0
2367867,Tosin,Oluwatosin Adarabioyo,Defender,FUL,4.5,90,0,0,1,0,0,0,0,0,6
2367867,Iwobi,Alex Iwobi,Midfielder,FUL,6.5,71,0,1,1,0,0,0,0,0,6
2367867,Reed,Harrison Reed,Midfielder,FUL,4.5,5,0,0,0,0,0,0,0,0,1
2367867,Wilson (Harry),Harry Wilson,Midfielder,FUL,5.5,23,0,0,0,0,0,0,0,0,1
2367867,João Palhinha,João Maria Lobo Alves Palhinha Gonçalves,Midfielder,FUL,5.9,90,0,0,1,0,0,0,0,0,3
2367867,Pereira (Andreas),Andreas Pereira,Midfielder,FUL,5.5,72,2,0,1,0,0,1,0,3,15
2367867,Traoré (Adama),Adama Traoré,Midfielder,FUL,5.5,11,0,0,0,0,0,0,0,0,1
2367867,Castagne,Timothy Castagne,Defender,FUL,4.5,90,0,0,1,0,0,0,0,0,6
2367867,Robinson (Antonee),Antonee Robinson,Defender,FUL,5.0,90,0,0,1,0,0,0,0,0,6
2367867,Lukic,Sasa Lukic,Midfielder,FUL,5.0,90,0,0,1,0,0,0,0,0,3
2367867,Bassey,Calvin Bassey,Defender,FUL,4.5,90,0,0,1,0,0,0,0,1,7
2367867,Rodrigo Muniz,Rodrigo Muniz Carvalho,Forward,FUL,5.5,83,0,0,1,0,0,0,0,0,2
2367867,Broja,Armando Broja,Forward,FUL,5.3,11,0,0,0,0,0,0,0,0,1
2367867,Fabianski,Lukasz Fabianski,Goalkeeper,WHU,3.9,90,0,0,0,2,0,0,0,0,3
2367867,Antonio,Michail Antonio,Forward,WHU,5.2,80,0,0,0,2,0,0,0,0,2
2367867,Ings,Danny Ings,Forward,WHU,4.8,90,0,0,0,2,0,0,0,0,2
2367867,Ward-Prowse,James Ward-Prowse,Midfielder,WHU,6.0,67,0,0,0,1,0,0,0,0,2
2367867,Zouma,Kurt Zouma,Defender,WHU,4.4,37,0,0,0,1,0,0,0,0,1
2367867,Emerson,Emerson Palmieri dos Santos,Defender,WHU,4.5,90,0,0,0,2,0,0,0,0,1
2367867,Cornet,Maxwel Cornet,Midfielder,WHU,5.0,12,0,0,0,0,0,0,0,0,1
2367867,Coufal,Vladimir Coufal,Defender,WHU,4.1,67,0,0,0,1,0,0,0,0,2
2367867,Aguerd,Nayef Aguerd,Defender,WHU,4.5,90,0,0,0,2,0,0,0,0,1
2367867,Álvarez (Edson),Edson Álvarez,Midfielder,WHU,5.0,90,0,0,0,2,0,0,0,0,2
2367867,Soucek,Tomas Soucek,Midfielder,WHU,6.0,28,0,0,0,1,0,0,0,0,1
2367867,Johnson (Ben),Ben Johnson,Defender,WHU,3.8,28,0,0,0,1,0,0,0,0,1
2367867,Lucas Paquetá,Lucas Tolentino Coelho de Lima,Midfielder,WHU,6.0,90,0,0,0,2,0,1,0,0,1
2367867,Mavropanos,Konstantinos Mavropanos,Defender,WHU,4.5,58,0,0,0,1,0,0,0,0,1
2367867,Kudus,Mohammed Kudus,Midfielder,WHU,6.5,90,0,0,0,2,0,0,0,0,2
2367867,Earthy,George Earthy,Midfielder,WHU,4.5,3,0,0,0,0,0,0,0,0,1
2367868,Martinez,Emiliano Martinez,Goalkeeper,AVL,5.0,90,0,0,0,1,0,0,0,0,3
2367868,Digne,Lucas Digne,Defender,AVL,4.5,90,0,0,0,1,0,0,0,0,2
2367868,McGinn,John McGinn,Midfielder,AVL,5.5,90,0,0,0,1,0,0,0,0,2
2367868,Diego Carlos,Diego Carlos Santos Silva,Defender,AVL,4.5,9,0,0,0,0,0,0,0,0,1
2367868,Tielemans,Youri Tielemans,Midfielder,AVL,6.0,90,0,0,0,1,0,0,0,0,2
2367868,Watkins,Ollie Watkins,Forward,AVL,9.0,90,0,2,0,1,0,0,0,1,9
2367868,Cash,Matthew Cash,Defender,AVL,4.5,90,0,0,0,1,0,1,0,0,1
2367868,Konsa Ngoyo,Ezri Konsa Ngoyo,Defender,AVL,4.5,90,0,0,0,1,0,0,0,0,2
2367868,Bailey,Leon Bailey,Midfielder,AVL,5.5,85,1,1,0,1,0,0,0,3,13
2367868,Diaby,Moussa Diaby,Midfielder,AVL,6.5,90,1,0,0,1,0,0,0,2,9
2367868,Rogers,Morgan Rogers,Midfielder,AVL,7.0,90,1,0,0,1,0,0,0,0,7
2367868,Torres,Pau Torres,Defender,AVL,4.5,90,0,0,0,1,0,0,0,0,2
2367868,Hayden (Kaine),Kaine Hayden,Defender,AVL,4.0,1,0,0,0,0,0,0,0,0,1
2367868,Durán,Jhon Durán,Forward,AVL,5.7,3,0,0,0,0,0,0,0,0,1
2367868,Smith (Adam),Adam Smith,Defender,BOU,4.5,45,0,0,0,1,0,1,0,0,0
2367868,Neto,Norberto Murara Neto,Goalkeeper,BOU,4.5,90,0,0,0,3,0,0,0,0,1
2367868,Solanke,Dominic Solanke,Forward,BOU,7.5,90,1,0,0,3,0,0,0,0,6
2367868,Cook (Lewis),Lewis Cook,Midfielder,BOU,5.0,90,0,0,0,3,0,0,0,0,2
2367868,Christie,Ryan Christie,Midfielder,BOU,5.0,74,0,0,0,2,0,0,0,0,2
2367868,Unal,Enes Unal,Forward,BOU,5.5,14,0,0,0,0,0,0,0,0,1
2367868,Billing,Philip Billing,Midfielder,BOU,5.0,20,0,0,0,1,0,0,0,0,1
2367868,Senesi,Marcos Senesi,Defender,BOU,4.5,62,0,0,0,2,0,1,0,0,0
2367868,Kluivert,Justin Kluivert,Midfielder,BOU,7.0,74,0,0,0,2,0,0,0,0,2
2367868,Aarons,Maximillian Aarons,Defender,BOU,4.3,45,0,0,0,2,0,0,0,0,0
2367868,Kelly (Lloyd),Lloyd Kelly,Defender,BOU,4.2,90,0,0,0,3,0,0,0,0,1
2367868,Semenyo,Antoine Semenyo,Forward,BOU,7.0,33,0,0,0,1,0,0,0,0,1
2367868,Zabarnyi,Illia Zabarnyi,Defender,BOU,5.0,90,0,0,0,3,0,1,0,0,0
2367868,Scott,Alex Scott,Midfielder,BOU,5.0,21,0,0,0,1,0,0,0,0,1
2367868,Dango Ouattara,Dango Ouattara,Midfielder,BOU,6.0,80,0,0,0,3,0,0,0,0,2
2367868,Kerkez,Milos Kerkez,Defender,BOU,6.0,90,0,1,0,3,0,0,0,0,4
2367869,Welbeck,Danny Welbeck,Forward,BHA,6.5,29,1,0,0,0,0,0,0,0,5
2367869,Groß,Pascal Groß,Midfielder,BHA,6.5,90,0,0,0,2,0,0,0,0,2
2367869,Dunk,Lewis Dunk,Defender,BHA,4.5,45,0,0,0,1,0,1,0,0,0
2367869,Webster,Adam Webster,Defender,BHA,4.5,90,0,0,0,2,0,0,0,0,1
2367869,Igor Julio,Igor Julio dos Santos de Paulo,Defender,BHA,4.5,90,0,0,0,2,0,0,0,0,1
2367869,Lamptey,Tariq Lamptey,Defender,BHA,4.5,83,0,0,0,2,0,0,0,0,1
2367869,Gilmour,Billy Gilmour,Midfielder,BHA,5.0,68,0,0,0,2,0,0,0,0,2
2367869,Offiah,Odeluga Offiah,Defender,BHA,4.0,14,0,0,0,0,0,0,0,0,1
2367869,Ansu Fati,Anssumane Fati,Midfielder,BHA,6.4,14,0,0,0,0,0,0,0,0,1
2367869,Enciso,Julio Enciso,Midfielder,BHA,5.5,83,0,0,0,2,0,0,0,0,2
2367869,João Pedro,João Pedro Junqueira de Jesus,Forward,BHA,7.5,90,0,1,0,2,0,0,0,0,5
2367869,Verbruggen,Bart Verbruggen,Goalkeeper,BHA,4.5,90,0,0,0,2,0,1,0,0,1
2367869,Baleba,Carlos Baleba,Midfielder,BHA,5.0,29,0,0,0,0,0,0,0,0,1
2367869,Adingra,Simon Adingra,Midfielder,BHA,5.5,90,0,0,0,2,0,0,0,0,2
2367869,Buonanotte,Facundo Buonanotte,Midfielder,BHA,5.0,68,0,0,0,2,0,0,0,0,2
2367869,Barco,Valentín Barco,Defender,BHA,4.0,45,0,0,0,1,0,0,0,0,1
2367869,Thiago Silva,Thiago Emiliano da Silva,Defender,CHE,5.0,12,0,0,0,1,0,0,0,0,1
2367869,Sterling (Raheem),Raheem Sterling,Midfielder,CHE,6.7,30,0,0,0,1,0,1,0,0,0
2367869,Cucurella,Marc Cucurella,Defender,CHE,6.0,90,0,1,0,1,0,0,0,0,5
2367869,Chalobah,Trevoh Chalobah,Defender,CHE,5.0,90,0,0,0,1,0,0,0,0,2
2367869,Nkunku,Christopher Nkunku,Forward,CHE,6.0,58,1,0,0,1,0,0,0,2,7
2367869,James,Reece James,Defender,CHE,5.5,17,0,0,0,0,0,0,1,0,0
2367869,Gallagher,Conor Gallagher,Midfielder,CHE,5.9,90,0,0,0,1,0,0,0,0,2
2367869,Badiashile,Benoît Badiashile,Defender,CHE,4.5,90,0,0,0,1,0,0,0,0,2
2367869,Palmer,Cole Palmer,Midfielder,CHE,10.5,90,1,0,0,1,0,0,0,1,8
2367869,Madueke,Noni Madueke,Midfielder,CHE,7.0,67,0,0,1,0,0,0,0,0,3
2367869,Petrovic,Dorde Petrovic,Goalkeeper,CHE,4.5,90,0,0,0,1,0,0,0,0,2
2367869,Mudryk,Mykhailo Mudryk,Midfielder,CHE,5.0,35,0,0,0,0,0,0,0,0,1
2367869,Gusto,Malo Gusto,Defender,CHE,5.0,67,0,1,1,0,0,0,0,3,12
2367869,Moises Caicedo,Moises Caicedo,Midfielder,CHE,5.5,90,0,0,0,1,0,1,0,0,1
2367869,Ugochukwu,Lesley Ugochukwu,Midfielder,CHE,4.4,3,0,0,0,0,0,0,0,0,1
2367869,Casadei,Cesare Casadei,Midfielder,CHE,4.4,3,0,0,0,0,0,0,0,0,1
2367869,Jackson (Nicolas),Nicolas Jackson,Forward,CHE,6.5,86,0,0,1,0,0,0,0,0,2
2367870,Clyne,Nathaniel Clyne,Defender,CRY,4.0,90,0,0,0,2,0,0,0,0,1
2367870,Ayew (Jordan),Jordan Ayew,Midfielder,CRY,5.1,29,0,0,0,1,0,0,0,0,1
2367870,Schlupp,Jeffrey Schlupp,Midfielder,CRY,4.6,15,0,0,0,1,0,0,0,0,1
2367870,Hughes,Will Hughes,Midfielder,CRY,5.0,77,0,1,0,1,0,1,0,0,4
2367870,Henderson (Dean),Dean Henderson,Goalkeeper,CRY,5.0,90,0,0,0,2,1,0,0,0,0
2367870,Riedewald,Jairo Riedewald,Midfielder,CRY,4.3,16,0,0,0,1,0,0,0,0,1
2367870,Andersen (Joachim),Joachim Andersen,Defender,CRY,4.5,90,0,1,0,2,0,0,0,0,4
2367870,Edouard,Odsonne Edouard,Forward,CRY,5.0,28,0,0,0,1,0,0,0,0,1
2367870,Mateta,Jean-Philippe Mateta,Forward,CRY,7.5,65,2,1,0,1,0,0,0,3,16
2367870,Eze,Eberechi Eze,Midfielder,CRY,7.5,78,1,1,0,1,0,0,0,1,11
2367870,Mitchell,Tyrick Mitchell,Defender,CRY,5.0,90,0,0,0,2,0,1,0,0,0
2367870,Muñoz,Daniel Muñoz,Defender,CRY,5.5,90,0,0,0,2,0,0,0,0,1
2367870,Richards (Chris),Chris Richards,Defender,CRY,4.5,90,0,0,0,2,0,0,0,0,1
2367870,Olise,Michael Olise,Midfielder,CRY,5.7,65,1,1,0,1,0,0,0,2,12
2367870,Ahamada,Naouirou Ahamada,Midfielder,CRY,4.5,35,0,0,0,1,0,1,0,0,0
2367870,Wharton,Adam Wharton,Midfielder,CRY,5.0,58,0,0,0,1,0,0,0,0,2
2367870,Fabianski,Lukasz Fabianski,Goalkeeper,WHU,3.9,90,0,0,0,5,0,0,0,0,1
2367870,Ogbonna,Angelo Ogbonna,Defender,WHU,4.2,45,0,0,0,4,0,0,0,0,0
2367870,Cresswell,Aaron Cresswell,Defender,WHU,3.9,45,0,0,0,1,0,0,0,0,1
2367870,Antonio,Michail Antonio,Forward,WHU,5.2,71,1,0,0,5,0,1,0,0,5
2367870,Ings,Danny Ings,Forward,WHU,4.8,22,0,0,0,0,0,0,0,0,1
2367870,Ward-Prowse,James Ward-Prowse,Midfielder,WHU,6.0,90,0,0,0,5,0,0,0,0,2
2367870,Zouma,Kurt Zouma,Defender,WHU,4.4,90,0,0,0,5,0,0,0,0,0
2367870,Emerson,Emerson Palmieri dos Santos,Defender,WHU,4.5,90,0,0,0,5,1,0,0,0,0
2367870,Cornet,Maxwel Cornet,Midfielder,WHU,5.0,11,0,0,0,0,0,0,0,0,1
2367870,Phillips (Kalvin),Kalvin Phillips,Midfielder,WHU,5.0,22,0,0,0,0,0,0,0,0,1
2367870,Coufal,Vladimir Coufal,Defender,WHU,4.1,90,0,0,0,5,0,0,0,0,0
2367870,Álvarez (Edson),Edson Álvarez,Midfielder,WHU,5.0,71,0,0,0,5,0,0,0,0,2
2367870,Soucek,Tomas Soucek,Midfielder,WHU,6.0,45,0,1,0,4,0,1,0,0,3
2367870,Johnson (Ben),Ben Johnson,Defender,WHU,3.8,45,0,0,0,1,0,0,0,0,1
2367870,Lucas Paquetá,Lucas Tolentino Coelho de Lima,Midfielder,WHU,6.0,90,0,0,0,5,0,0,0,0,2
2367870,Kudus,Mohammed Kudus,Midfielder,WHU,6.5,82,0,0,0,5,0,0,0,0,2
2367871,Tarkowski,James Tarkowski,Defender,EVE,5.5,90,0,0,1,0,0,0,0,0,6
2367871,Young (Ashley),Ashley Young,Defender,EVE,4.2,90,0,0,1,0,0,0,0,0,6
2367871,Gueye,Idrissa Gueye,Midfielder,EVE,5.5,90,1,0,1,0,0,0,0,3,11
2367871,Pickford,Jordan Pickford,Goalkeeper,EVE,5.5,90,0,0,1,0,0,0,0,1,8
2367871,André Gomes,André Filipe Tavares Gomes,Midfielder,EVE,4.4,63,0,0,1,0,0,0,0,0,3
2367871,Doucouré,Abdoulaye Doucouré,Midfielder,EVE,5.1,90,0,1,1,0,0,1,0,0,5
2367871,Calvert-Lewin,Dominic Calvert-Lewin,Forward,EVE,5.4,63,0,0,1,0,0,0,0,0,2
2367871,Harrison (Jack),Jack Harrison,Midfielder,EVE,5.5,90,0,0,1,0,0,1,0,0,2
2367871,Mykolenko,Vitaliy Mykolenko,Defender,EVE,5.0,90,0,0,1,0,0,0,0,0,6
2367871,Garner,James Garner,Midfielder,EVE,5.0,32,0,0,0,0,0,0,0,0,1
2367871,McNeil,Dwight McNeil,Midfielder,EVE,6.0,90,1,0,1,0,0,0,0,2,10
2367871,Branthwaite,Jarrad Branthwaite,Defender,EVE,5.5,90,0,0,1,0,0,1,0,0,5
2367871,Beto,Norberto Bercique Gomes Betuncal,Forward,EVE,5.5,25,0,0,0,0,0,0,0,0,1
2367871,Youssef Chermiti,Youssef Ramalho Chermiti,Forward,EVE,5.0,7,0,0,0,0,0,1,0,0,0
2367871,Wood,Chris Wood,Forward,NFO,7.5,90,0,0,0,2,0,0,0,0,2
2367871,Sels,Matz Sels,Goalkeeper,NFO,5.0,90,0,0,0,2,0,0,0,0,1
2367871,Origi,Divock Origi,Forward,NFO,5.0,19,0,0,0,0,0,0,0,0,1
2367871,Aina,Ola Aina,Defender,NFO,5.0,90,0,0,0,2,0,0,0,0,1
2367871,Niakhaté,Moussa Niakhaté,Defender,NFO,4.5,90,0,0,0,2,0,0,0,0,1
2367871,Yates,Ryan Yates,Midfielder,NFO,5.0,19,0,0,0,0,0,1,0,0,0
2367871,Hudson-Odoi,Callum Hudson-Odoi,Midfielder,NFO,6.0,76,0,0,0,2,0,0,0,0,2
2367871,Williams (Neco),Neco Williams,Defender,NFO,5.0,90,0,0,0,2,0,0,0,0,1
2367871,Gibbs-White,Morgan Gibbs-White,Midfielder,NFO,7.5,90,0,0,0,2,0,0,0,0,2
2367871,Nicolás Domínguez,Nicolás Domínguez,Midfielder,NFO,5.0,76,0,0,0,2,0,0,0,0,2
2367871,Reyna,Giovanni Reyna,Midfielder,NFO,4.6,53,0,0,0,1,0,0,0,0,1
2367871,Elanga,Anthony Elanga,Midfielder,NFO,7.0,43,0,0,0,1,0,0,0,0,1
2367871,Danilo,Danilo dos Santos de Oliveira,Midfielder,NFO,4.7,76,0,0,0,2,0,0,0,0,2
2367871,Rodrigo Ribeiro,Rodrigo Duarte Ribeiro,Forward,NFO,4.5,19,0,0,0,0,0,0,0,0,1
2367871,Murillo,Murillo Santiago Costa dos Santos,Defender,NFO,5.5,90,0,0,0,2,0,1,0,0,0
2367872,Cairney,Tom Cairney,Midfielder,FUL,5.0,26,0,0,0,1,0,0,0,0,1
2367872,Leno,Bernd Leno,Goalkeeper,FUL,5.0,90,0,0,0,3,0,0,0,0,2
2367872,DeCordova-Reid,Bobby DeCordova-Reid,Midfielder,FUL,5.2,70,0,0,0,2,0,0,0,0,2
2367872,Tosin,Oluwatosin Adarabioyo,Defender,FUL,4.5,90,0,0,0,3,0,1,0,0,0
2367872,Iwobi,Alex Iwobi,Midfielder,FUL,6.5,84,0,0,0,3,0,0,0,0,2
2367872,Wilson (Harry),Harry Wilson,Midfielder,FUL,5.5,26,0,0,0,1,0,0,0,0,1
2367872,João Palhinha,João Maria Lobo Alves Palhinha Gonçalves,Midfielder,FUL,5.9,70,0,0,0,2,0,1,0,0,1
2367872,Pereira (Andreas),Andreas Pereira,Midfielder,FUL,5.5,90,0,0,0,3,0,0,0,0,2
2367872,Traoré (Adama),Adama Traoré,Midfielder,FUL,5.5,12,0,0,0,0,0,0,0,0,1
2367872,Castagne,Timothy Castagne,Defender,FUL,4.5,90,1,0,0,3,0,1,0,0,6
2367872,Robinson (Antonee),Antonee Robinson,Defender,FUL,5.0,90,0,0,0,3,0,0,0,0,1
2367872,Lukic,Sasa Lukic,Midfielder,FUL,5.0,90,0,0,0,3,0,0,0,0,2
2367872,Bassey,Calvin Bassey,Defender,FUL,4.5,90,0,0,0,3,0,0,0,0,1
2367872,Rodrigo Muniz,Rodrigo Muniz Carvalho,Forward,FUL,5.5,90,0,1,0,3,0,0,0,0,5
2367872,van Dijk,Virgil van Dijk,Defender,LIV,6.0,90,0,0,0,1,0,0,0,0,2
2367872,Alisson,Alisson Ramses Becker,Goalkeeper,LIV,5.5,90,0,0,0,1,0,0,0,0,3
2367872,Salah,Mohamed Salah,Midfielder,LIV,14.5,22,0,0,0,0,0,0,0,0,1
2367872,Robertson (Andrew),Andrew Robertson,Defender,LIV,6.0,90,0,0,0,1,0,0,0,0,2
2367872,Endo,Wataru Endo,Midfielder,LIV,5.0,90,0,0,0,1,0,0,0,0,2
2367872,Alexander-Arnold,Trent Alexander-Arnold,Defender,LIV,7.2,79,1,0,0,1,0,0,0,1,9
2367872,Gomez,Joseph Gomez,Defender,LIV,5.0,17,0,0,0,0,0,0,0,0,1
2367872,Diogo Jota,Diogo José Teixeira da Silva,Midfielder,LIV,7.2,74,1,1,0,1,0,0,0,2,12
2367872,Mac Allister,Alexis Mac Allister,Midfielder,LIV,6.5,23,0,0,0,0,0,0,0,0,1
2367872,Gakpo,Cody Gakpo,Forward,LIV,7.5,86,0,1,0,1,0,0,0,0,5
2367872,Díaz,Luis Díaz,Midfielder,LIV,8.0,74,0,0,0,1,0,0,0,0,2
2367872,Szoboszlai,Dominik Szoboszlai,Midfielder,LIV,6.5,10,0,0,0,0,0,0,0,0,1
2367872,Gravenberch,Ryan Gravenberch,Midfielder,LIV,5.5,74,1,0,0,1,0,0,0,3,10
2367872,Quansah,Jarell Quansah,Defender,LIV,3.9,90,0,0,0,1,0,0,0,0,2
2367872,Elliott,Harvey Elliott,Midfielder,LIV,5.5,90,0,1,0,1,0,0,0,0,5
2367872,Núñez,Darwin Núñez,Forward,LIV,6.5,23,0,0,0,0,0,0,0,0,1
2367873,Maupay,Neal Maupay,Forward,BRE,4.9,15,0,0,0,1,0,0,0,0,1
2367873,Flekken,Mark Flekken,Goalkeeper,BRE,4.5,90,0,0,0,1,0,0,0,0,2
2367873,Norgaard,Christian Norgaard,Midfielder,BRE,5.5,26,0,0,0,1,0,0,0,0,1
2367873,Ajer,Kristoffer Ajer,Defender,BRE,4.5,76,0,0,1,0,0,0,0,0,6
2367873,Reguilón,Sergio Reguilón,Defender,BRE,4.1,90,0,1,0,1,0,0,0,2,7
2367873,Janelt,Vitaly Janelt,Midfielder,BRE,5.0,90,0,1,0,1,0,0,0,0,5
2367873,Jensen,Mathias Jensen,Midfielder,BRE,5.0,82,0,0,1,0,0,0,0,0,3
2367873,Wissa,Yoane Wissa,Forward,BRE,7.5,82,2,0,1,0,0,0,0,3,13
2367873,Roerslev,Mads Roerslev,Defender,BRE,4.5,21,0,0,0,1,0,0,0,0,1
2367873,Pinnock,Ethan Pinnock,Defender,BRE,4.5,90,1,0,0,1,0,1,0,0,7
2367873,Lewis-Potter,Keane Lewis-Potter,Midfielder,BRE,5.0,71,1,0,1,0,0,0,0,0,8
2367873,Collins,Nathan Collins,Defender,BRE,5.0,90,0,0,0,1,0,0,0,0,2
2367873,Damsgaard,Mikkel Damsgaard,Midfielder,BRE,6.0,71,0,0,1,0,0,1,0,0,2
2367873,Mbeumo,Bryan Mbeumo,Midfielder,BRE,8.0,90,0,2,0,1,0,0,0,1,9
2367873,Yarmolyuk,Ehor Yarmolyuk,Midfielder,BRE,5.0,15,0,0,0,1,0,0,0,0,1
2367873,Schade,Kevin Schade,Midfielder,BRE,7.0,26,1,0,0,1,0,0,0,0,6
2367873,Kaminski,Thomas Kaminski,Goalkeeper,LUT,4.0,90,0,0,0,5,0,0,0,0,1
2367873,Townsend,Andros Townsend,Midfielder,LUT,5.0,26,0,0,0,1,0,0,0,0,1
2367873,Berry,Luke Berry,Midfielder,LUT,4.6,45,1,0,0,3,0,0,0,0,6
2367873,Barkley,Ross Barkley,Midfielder,LUT,5.0,90,0,0,0,5,0,0,0,0,2
2367873,Clark (Jordan),Jordan Clark,Midfielder,LUT,4.8,80,0,0,0,4,0,0,0,0,2
2367873,Ruddock Mpanzu,Pelly Ruddock Mpanzu,Midfielder,LUT,4.6,16,0,0,0,1,0,0,0,0,1
2367873,Burke,Reece Burke,Defender,LUT,4.0,45,0,0,0,2,0,0,0,0,0
2367873,Morris,Carlton Morris,Forward,LUT,4.7,90,0,0,0,5,0,0,0,0,2
2367873,Onyedinma,Fred Onyedinma,Midfielder,LUT,5.0,60,0,0,0,4,0,0,0,0,1
2367873,Osho,Gabriel Osho,Defender,LUT,4.4,90,0,0,0,5,0,0,0,0,0
2367873,Hashioka,Daiki Hashioka,Defender,LUT,4.0,26,0,0,0,1,0,0,0,0,1
2367873,Chong,Tahith Chong,Midfielder,LUT,4.4,70,0,0,0,4,0,0,0,0,2
2367873,Doughty,Alfie Doughty,Defender,LUT,4.3,90,0,0,0,5,0,1,0,0,0
2367873,Mengi,Teden Mengi,Defender,LUT,3.9,90,0,0,0,5,0,0,0,0,0
2367873,Sambi Lokonga,Albert Sambi Lokonga,Midfielder,LUT,4.5,71,0,0,0,4,0,0,0,0,2
2367873,Issa Kabore,Issa Kabore,Defender,LUT,4.5,33,0,0,0,1,0,0,0,0,1
2367874,Evans,Jonny Evans,Defender,MUN,4.4,90,0,0,0,2,0,0,0,0,1
2367874,Casemiro,Carlos Henrique Jose Francisco Venancio,Midfielder,MUN,5.5,90,0,0,0,2,0,1,0,0,1
2367874,Eriksen,Christian Eriksen,Midfielder,MUN,5.2,8,0,0,0,1,0,0,0,0,1
2367874,Bruno Fernandes,Bruno Miguel Borges Fernandes,Midfielder,MUN,9.0,89,0,1,0,1,0,0,0,0,5
2367874,Amrabat,Sofyan Amrabat,Midfielder,MUN,5.0,90,0,0,0,2,0,1,0,0,1
2367874,Rashford,Marcus Rashford,Midfielder,MUN,7.0,15,0,0,0,1,0,0,0,0,1
2367874,McTominay,Scott McTominay,Midfielder,MUN,4.9,90,0,0,0,2,0,0,0,0,2
2367874,Onana,André Onana,Goalkeeper,MUN,5.0,90,0,0,0,2,0,0,0,0,2
2367874,Wan-Bissaka,Aaron Wan-Bissaka,Defender,MUN,4.5,90,0,0,0,2,0,0,0,0,1
2367874,Dalot,José Diogo Dalot Teixeira,Defender,MUN,4.5,90,0,0,0,2,0,0,0,0,1
2367874,Martínez,Lisandro Martínez,Defender,MUN,5.0,15,0,0,0,1,0,0,0,0,1
2367874,Garnacho,Alejandro Garnacho Ferreyra,Midfielder,MUN,6.5,81,0,0,0,1,0,0,0,0,2
2367874,Amad Diallo,Amad Diallo Traore,Midfielder,MUN,6.5,81,1,1,0,1,0,1,0,3,12
2367874,Højlund,Rasmus Højlund,Forward,MUN,6.5,15,1,0,0,1,0,0,0,1,6
2367874,Mainoo,Kobbie Mainoo,Midfielder,MUN,5.0,82,1,0,0,1,0,0,0,2,9
2367874,Dubravka,Martin Dubravka,Goalkeeper,NEW,4.0,90,0,0,0,3,0,0,0,0,2
2367874,Trippier,Kieran Trippier,Defender,NEW,5.0,62,0,0,0,2,0,0,0,0,1
2367874,Burn,Dan Burn,Defender,NEW,5.0,90,0,0,0,3,0,0,0,0,1
2367874,Krafth,Emil Krafth,Defender,NEW,4.5,90,0,0,0,3,0,0,0,0,1
2367874,Murphy (Jacob),Jacob Murphy,Midfielder,NEW,6.5,61,0,1,0,2,0,0,0,0,5
2367874,Schär,Fabian Schär,Defender,NEW,5.5,35,0,0,0,1,0,1,0,0,0
2367874,Almirón,Miguel Almirón,Midfielder,NEW,5.4,35,0,0,0,1,0,0,0,0,1
2367874,Longstaff (Sean),Sean Longstaff,Midfielder,NEW,5.0,76,0,0,0,2,0,0,0,0,2
2367874,Joelinton,Joelinton Cássio Apolinário de Lira,Midfielder,NEW,6.0,36,0,0,0,1,0,0,0,0,1
2367874,Barnes (Harvey),Harvey Barnes,Midfielder,NEW,6.5,21,0,0,0,1,0,0,0,0,1
2367874,Bruno Guimarães,Bruno Guimarães Rodriguez Moura,Midfielder,NEW,6.5,90,0,0,0,3,0,0,0,0,2
2367874,Anderson,Elliot Anderson,Midfielder,NEW,5.5,61,0,0,0,2,0,1,0,0,1
2367874,Isak,Alexander Isak,Forward,NEW,10.5,90,0,0,0,3,0,0,0,0,2
2367874,Gordon (Anthony),Anthony Gordon,Midfielder,NEW,7.5,90,1,0,0,3,0,1,0,0,6
2367874,Lewis Hall,Lewis Hall,Defender,NEW,5.5,90,1,0,0,3,0,0,0,0,7
2367875,Gudmundsson,Johann Berg Gudmundsson,Midfielder,BUR,4.8,25,1,0,0,0,0,0,0,0,6
2367875,Taylor (Charlie),Charlie Taylor,Defender,BUR,3.9,90,0,0,0,1,0,0,0,0,2
2367875,Cullen,Josh Cullen,Midfielder,BUR,5.0,90,0,1,0,1,0,0,0,0,5
2367875,Brownhill,Josh Brownhill,Midfielder,BUR,4.7,36,0,0,0,0,0,0,0,0,1
2367875,Bruun Larsen,Jacob Bruun Larsen,Midfielder,BUR,5.5,59,1,0,0,1,0,0,0,0,6
2367875,Berge,Sander Berge,Midfielder,BUR,5.0,90,0,0,0,1,0,0,0,0,2
2367875,O'Shea,Dara O'Shea,Defender,BUR,3.8,90,0,0,0,1,0,0,0,0,2
2367875,Muric,Arijanet Muric,Goalkeeper,BUR,4.4,90,0,0,0,1,0,0,0,2,7
2367875,Foster,Lyle Foster,Forward,BUR,5.0,81,1,0,0,1,0,0,0,0,6
2367875,Vitinho,Victor Alexander da Silva,Defender,BUR,4.4,70,0,1,0,1,0,0,0,0,5
2367875,Esteve,Maxime Esteve,Defender,BUR,4.0,90,0,0,0,1,0,0,0,0,2
2367875,Amdouni,Zeki Amdouni,Forward,BUR,5.0,14,0,0,0,0,0,0,0,0,1
2367875,Assignon,Lorenz Assignon,Defender,BUR,4.0,90,1,1,0,1,0,0,0,3,14
2367875,Fofana (David Datro),David Datro Fofana,Forward,BUR,5.4,14,0,0,0,0,0,0,0,0,1
2367875,Odobert,Wilson Odobert,Midfielder,BUR,5.5,81,0,1,0,1,0,0,0,0,5
2367875,Norwood,Oliver Norwood,Midfielder,SHU,4.8,19,0,0,0,0,0,0,0,0,1
2367875,Osborn,Ben Osborn,Midfielder,SHU,4.8,90,0,0,0,4,0,1,0,0,1
2367875,McBurnie,Oliver McBurnie,Forward,SHU,5.4,76,0,0,0,4,0,0,0,0,2
2367875,Grbic,Ivo Grbic,Goalkeeper,SHU,4.5,90,0,0,0,4,0,0,0,0,1
2367875,Hamer,Gustavo Hamer,Midfielder,SHU,4.9,76,1,0,0,4,0,0,0,1,8
2367875,Trusty,Auston Trusty,Defender,SHU,3.9,90,0,0,0,4,0,0,0,0,0
2367875,Brereton,Ben Brereton,Midfielder,SHU,4.8,90,0,0,0,4,0,0,0,0,2
2367875,Bogle,Jayden Bogle,Defender,SHU,4.5,90,0,0,0,4,0,0,0,0,0
2367875,Ahmedhodzic,Anel Ahmedhodzic,Defender,SHU,4.3,90,0,0,0,4,0,0,0,0,0
2367875,Vinicius Souza,Vinicius de Souza Costa,Midfielder,SHU,5.0,67,0,0,0,3,0,0,0,0,2
2367875,Mcatee,James Mcatee,Midfielder,SHU,5.5,90,0,1,0,4,0,0,0,0,5
2367875,Archer,Cameron Archer,Forward,SHU,4.8,28,0,0,0,1,0,0,0,0,1
2367875,Arblaster,Oliver Arblaster,Midfielder,SHU,4.5,90,0,0,0,4,0,0,0,0,2
2367875,Brooks (Andre),Andre Brooks,Midfielder,SHU,4.4,19,0,0,0,0,0,0,0,0,1
2367876,Walker,Kyle Walker,Defender,MCI,4.5,90,0,0,1,0,0,0,0,1,7
2367876,De Bruyne,Kevin De Bruyne,Midfielder,MCI,9.5,62,0,1,1,0,0,0,0,0,6
2367876,Ortega Moreno,Stefan Ortega Moreno,Goalkeeper,MCI,5.0,32,0,0,0,0,0,0,0,0,2
2367876,Kovacic,Mateo Kovacic,Midfielder,MCI,6.0,90,0,0,1,0,0,1,0,0,2
2367876,Ederson,Ederson Santana de Moraes,Goalkeeper,MCI,5.5,62,0,0,1,0,0,0,0,0,7
2367876,Bernardo Silva,Bernardo Mota Veiga de Carvalho e Silva,Midfielder,MCI,6.5,90,0,0,1,0,0,1,0,0,2
2367876,Rúben Dias,Rúben Santos Gato Alves Dias,Defender,MCI,5.5,90,0,0,1,0,0,0,0,2,8
2367876,Foden,Phil Foden,Midfielder,MCI,8.0,90,0,0,1,0,0,1,0,0,2
2367876,Akanji,Manuel Akanji,Defender,MCI,5.5,90,0,0,1,0,0,0,0,0,6
2367876,Rodri,Rodrigo Hernández Cascante,Midfielder,MCI,6.5,90,0,0,1,0,0,0,0,0,3
2367876,Haaland,Erling Haaland,Forward,MCI,14.0,88,2,0,1,0,0,0,0,3,13
2367876,Doku,Jéremy Doku,Midfielder,MCI,6.5,32,0,1,0,0,0,0,0,0,4
2367876,Álvarez (Julián),Julián Álvarez,Forward,MCI,7.0,7,0,0,0,0,0,0,0,0,1
2367876,Gvardiol,Joško Gvardiol,Defender,MCI,6.0,90,0,0,1,0,0,0,0,0,6
2367876,Son,Heung-Min Son,Midfielder,TOT,8.5,90,0,0,0,2,0,0,0,0,2
2367876,Højbjerg,Pierre-Emile Højbjerg,Midfielder,TOT,5.0,78,0,0,0,1,0,0,0,0,2
2367876,Maddison,James Maddison,Midfielder,TOT,7.0,86,0,0,0,2,0,0,0,0,2
2367876,Vicario,Guglielmo Vicario,Goalkeeper,TOT,5.0,90,0,0,0,2,0,0,0,0,2
2367876,Lo Celso,Giovani Lo Celso,Midfielder,TOT,4.9,17,0,0,0,1,0,0,0,0,1
2367876,Bentancur,Rodrigo Bentancur,Midfielder,TOT,5.5,54,0,0,0,1,0,1,0,0,0
2367876,Skipp,Oliver Skipp,Midfielder,TOT,4.7,17,0,0,0,1,0,0,0,0,1
2367876,Romero,Cristian Romero,Defender,TOT,5.0,90,0,0,0,2,0,1,0,0,0
2367876,Johnson (Brennan),Brennan Johnson,Midfielder,TOT,7.0,90,0,0,0,2,0,0,0,0,2
2367876,Porro,Pedro Porro,Defender,TOT,5.5,90,0,0,0,2,0,0,0,0,1
2367876,Kulusevski,Dejan Kulusevski,Midfielder,TOT,6.5,40,0,0,0,1,0,0,0,0,1
2367876,Sarr (Pape),Pape Sarr,Midfielder,TOT,5.0,78,0,0,0,1,0,1,0,0,1
2367876,van de Ven,Micky van de Ven,Defender,TOT,4.5,90,0,0,0,2,0,0,0,0,1
2367876,Dragusin,Radu Dragusin,Defender,TOT,4.5,90,0,0,0,2,0,0,0,0,1
2367876,Moore (Mikey),Mikey Moore,Midfielder,TOT,5.0,9,0,0,0,0,0,0,0,0,1
2367877,Trossard,Leandro Trossard,Midfielder,ARS,7.0,71,1,0,1,0,0,1,0,0,7
2367877,Raya Martin,David Raya Martin,Goalkeeper,ARS,5.5,90,0,0,1,0,0,0,0,3,10
2367877,Partey,Thomas Partey,Midfielder,ARS,4.9,15,0,0,0,0,0,0,0,0,1
2367877,Odegaard,Martin Odegaard,Midfielder,ARS,8.0,90,1,0,1,0,0,0,0,1,9
2367877,White (Ben),Ben White,Defender,ARS,5.5,90,0,0,1,0,0,0,0,0,6
2367877,Rice,Declan Rice,Midfielder,ARS,6.5,90,0,0,1,0,0,1,0,0,2
2367877,Jesus,Gabriel Fernando de Jesus,Forward,ARS,6.5,80,0,1,1,0,0,0,0,0,5
2367877,Havertz,Kai Havertz,Midfielder,ARS,7.5,90,0,0,1,0,0,0,0,0,3
2367877,Saka,Bukayo Saka,Midfielder,ARS,10.0,90,0,0,1,0,0,0,0,0,3
2367877,Gabriel Magalhães,Gabriel dos Santos Magalhães,Defender,ARS,6.0,90,0,0,1,0,0,0,0,0,6
2367877,Kiwior,Jakub Kiwior,Defender,ARS,5.5,90,0,0,1,0,0,0,0,0,6
2367877,Martinelli,Gabriel Teodoro Martinelli Silva,Midfielder,ARS,7.0,24,0,0,0,0,0,0,0,0,1
2367877,Saliba,William Saliba,Defender,ARS,6.0,90,0,0,1,0,0,0,0,2,8
2367877,Doherty,Matt Doherty,Defender,WOL,4.5,75,0,0,0,1,0,0,0,0,2
2367877,Sarabia,Pablo Sarabia,Midfielder,WOL,5.0,20,0,0,0,1,0,0,0,0,1
2367877,José Sá,José Pedro Malheiro de Sá,Goalkeeper,WOL,4.5,90,0,0,0,2,0,0,0,0,3
2367877,Lemina (Mario),Mario Lemina,Midfielder,WOL,4.8,44,0,0,0,1,0,0,0,0,1
2367877,Hwang Hee-Chan,Hee-Chan Hwang,Midfielder,WOL,6.0,51,0,0,0,1,0,1,0,0,0
2367877,Kilman,Max Kilman,Defender,WOL,4.5,90,0,0,0,2,0,1,0,0,0
2367877,Doyle,Tommy Doyle,Midfielder,WOL,4.7,90,0,0,0,2,0,0,0,0,2
2367877,Bueno (Santiago),Santiago Bueno,Defender,WOL,4.5,90,0,0,0,2,0,0,0,0,1
2367877,João Gomes,João Victor Gomes da Silva,Midfielder,WOL,5.5,90,0,0,0,2,0,0,0,0,2
2367877,Ait Nouri,Rayan Ait Nouri,Defender,WOL,6.0,20,0,0,0,1,0,0,0,0,1
2367877,Traoré (Boubacar),Boubacar Traoré,Midfielder,WOL,5.0,90,0,0,0,2,0,0,0,0,2
2367877,Bueno (Hugo),Hugo Bueno,Defender,WOL,4.5,90,0,0,0,2,0,0,0,0,1
2367877,Chirewa,Tawanda Chirewa,Midfielder,WOL,4.5,75,0,0,0,1,0,0,0,0,2
2367877,Toti,Toti António Gomes,Defender,WOL,4.5,90,0,0,0,2,0,1,0,0,0
2367878,Smith (Adam),Adam Smith,Defender,BOU,4.5,90,0,0,1,0,0,0,0,1,7
2367878,Solanke,Dominic Solanke,Forward,BOU,7.5,90,0,0,1,0,0,0,0,0,2
2367878,Cook (Lewis),Lewis Cook,Midfielder,BOU,5.0,90,0,0,1,0,0,0,0,0,3
2367878,Christie,Ryan Christie,Midfielder,BOU,5.0,27,0,1,0,0,0,0,0,0,4
2367878,Unal,Enes Unal,Forward,BOU,5.5,67,1,1,1,0,0,0,0,3,12
2367878,Senesi,Marcos Senesi,Defender,BOU,4.5,90,1,0,1,0,0,1,0,2,13
2367878,Kluivert,Justin Kluivert,Midfielder,BOU,7.0,90,1,0,1,0,0,1,0,0,7
2367878,Travers,Mark Travers,Goalkeeper,BOU,4.5,90,0,0,1,0,0,0,0,0,6
2367878,Aarons,Maximillian Aarons,Defender,BOU,4.3,17,0,0,0,0,0,0,0,0,1
2367878,Kelly (Lloyd),Lloyd Kelly,Defender,BOU,4.2,90,0,0,1,0,0,0,0,0,6
2367878,Semenyo,Antoine Semenyo,Forward,BOU,7.0,90,0,0,1,0,0,0,0,0,2
2367878,Hill (James),James Hill,Defender,BOU,4.0,4,0,0,0,0,0,0,0,0,1
2367878,Scott,Alex Scott,Midfielder,BOU,5.0,77,0,0,1,0,0,0,0,0,3
2367878,Dango Ouattara,Dango Ouattara,Midfielder,BOU,6.0,90,0,1,1,0,0,0,0,0,6
2367878,Sadi,Dominic Sadi,Midfielder,BOU,4.5,3,0,0,0,0,0,0,0,0,1
2367878,Welbeck,Danny Welbeck,Forward,BHA,6.5,45,0,0,0,2,0,0,0,0,1
2367878,Groß,Pascal Groß,Midfielder,BHA,6.5,90,0,0,0,3,0,0,0,0,2
2367878,Dunk,Lewis Dunk,Defender,BHA,4.5,90,0,0,0,3,0,0,0,0,1
2367878,Webster,Adam Webster,Defender,BHA,4.5,21,0,0,0,1,0,0,0,0,1
2367878,Veltman,Joël Veltman,Defender,BHA,4.5,21,0,0,0,1,0,0,0,0,1
2367878,Igor Julio,Igor Julio dos Santos de Paulo,Defender,BHA,4.5,74,0,0,0,2,0,0,0,0,1
2367878,Gilmour,Billy Gilmour,Midfielder,BHA,5.0,90,0,0,0,3,0,1,0,0,1
2367878,Offiah,Odeluga Offiah,Defender,BHA,4.0,73,0,0,0,2,0,0,0,0,1
2367878,Enciso,Julio Enciso,Midfielder,BHA,5.5,29,0,0,0,1,0,0,0,0,1
2367878,João Pedro,João Pedro Junqueira de Jesus,Forward,BHA,7.5,88,0,0,0,3,0,0,0,0,2
2367878,Verbruggen,Bart Verbruggen,Goalkeeper,BHA,4.5,90,0,0,0,3,0,0,0,0,2
2367878,Baleba,Carlos Baleba,Midfielder,BHA,5.0,7,0,0,0,0,0,0,0,0,1
2367878,Adingra,Simon Adingra,Midfielder,BHA,5.5,66,0,0,0,2,0,0,0,0,2
2367878,Buonanotte,Facundo Buonanotte,Midfielder,BHA,5.0,90,0,0,0,3,0,0,0,0,2
2367878,Barco,Valentín Barco,Defender,BHA,4.0,90,0,0,0,3,0,1,0,0,0
2367878,O’Mahony,Mark O’Mahony,Forward,BHA,4.5,45,0,0,0,1,0,0,0,0,1
2367879,Martinez,Emiliano Martinez,Goalkeeper,AVL,5.0,45,0,0,0,0,0,0,0,0,1
2367879,Digne,Lucas Digne,Defender,AVL,4.5,90,0,0,0,2,0,0,0,0,1
2367879,Olsen,Robin Olsen,Goalkeeper,AVL,4.5,45,0,0,0,2,0,0,0,0,0
2367879,McGinn,John McGinn,Midfielder,AVL,5.5,90,0,1,0,2,0,0,0,0,5
2367879,Diego Carlos,Diego Carlos Santos Silva,Defender,AVL,4.5,22,0,0,0,1,0,0,0,0,1
2367879,Tielemans,Youri Tielemans,Midfielder,AVL,6.0,24,0,0,0,0,0,0,0,0,1
2367879,Watkins,Ollie Watkins,Forward,AVL,9.0,90,0,0,0,2,0,0,0,0,2
2367879,Cash,Matthew Cash,Defender,AVL,4.5,90,0,1,0,2,0,0,0,0,4
2367879,Konsa Ngoyo,Ezri Konsa Ngoyo,Defender,AVL,4.5,90,0,0,0,2,0,0,0,0,1
2367879,Bailey,Leon Bailey,Midfielder,AVL,5.5,72,0,0,0,1,0,1,0,0,1
2367879,Douglas Luiz,Douglas Luiz Soares de Paulo,Midfielder,AVL,5.4,73,0,0,0,1,0,1,0,0,1
2367879,Diaby,Moussa Diaby,Midfielder,AVL,6.5,60,0,0,0,2,0,0,0,0,1
2367879,Rogers,Morgan Rogers,Midfielder,AVL,7.0,90,1,0,0,2,0,1,0,0,6
2367879,Torres,Pau Torres,Defender,AVL,4.5,90,0,0,0,2,0,0,0,0,1
2367879,Durán,Jhon Durán,Forward,AVL,5.7,14,0,0,0,0,0,0,0,0,1
2367879,Iroegbunam,Tim Iroegbunam,Midfielder,AVL,5.0,22,0,0,0,1,0,0,0,0,1
2367879,Thiago Silva,Thiago Emiliano da Silva,Defender,CHE,5.0,86,0,0,0,2,0,1,0,0,0
2367879,Cucurella,Marc Cucurella,Defender,CHE,6.0,90,0,0,0,2,1,0,0,0,0
2367879,Chalobah,Trevoh Chalobah,Defender,CHE,5.0,90,0,0,0,2,0,0,0,1,2
2367879,Disasi,Axel Disasi,Defender,CHE,4.2,9,0,0,0,0,0,0,0,0,1
2367879,Gallagher,Conor Gallagher,Midfielder,CHE,5.9,90,1,0,0,2,0,0,0,2,9
2367879,Badiashile,Benoît Badiashile,Defender,CHE,4.5,90,0,0,0,2,0,1,0,0,0
2367879,Palmer,Cole Palmer,Midfielder,CHE,10.5,90,0,0,0,2,0,0,0,0,2
2367879,Madueke,Noni Madueke,Midfielder,CHE,7.0,90,1,1,0,2,0,1,0,3,12
2367879,Petrovic,Dorde Petrovic,Goalkeeper,CHE,4.5,90,0,0,0,2,0,0,0,0,2
2367879,Mudryk,Mykhailo Mudryk,Midfielder,CHE,5.0,86,0,0,0,2,0,1,0,0,1
2367879,Moises Caicedo,Moises Caicedo,Midfielder,CHE,5.5,90,0,0,0,2,0,1,0,0,1
2367879,Casadei,Cesare Casadei,Midfielder,CHE,4.4,9,0,0,0,0,0,0,0,0,1
2367879,Jackson (Nicolas),Nicolas Jackson,Forward,CHE,6.5,90,0,0,0,2,0,0,0,0,2
2367880,Flekken,Mark Flekken,Goalkeeper,BRE,4.5,90,0,0,0,1,0,0,0,0,2
2367880,Norgaard,Christian Norgaard,Midfielder,BRE,5.5,76,0,0,0,1,0,0,0,0,2
2367880,Toney,Ivan Toney,Forward,BRE,7.3,90,0,0,0,1,0,0,0,0,2
2367880,Ajer,Kristoffer Ajer,Defender,BRE,4.5,83,0,0,0,1,0,0,0,0,2
2367880,Reguilón,Sergio Reguilón,Defender,BRE,4.1,76,0,0,0,1,0,1,0,0,1
2367880,Janelt,Vitaly Janelt,Midfielder,BRE,5.0,66,0,0,0,1,0,0,0,0,2
2367880,Jensen,Mathias Jensen,Midfielder,BRE,5.0,90,0,0,0,1,0,0,0,0,2
2367880,Wissa,Yoane Wissa,Forward,BRE,7.5,66,0,0,0,1,0,0,0,0,2
2367880,Roerslev,Mads Roerslev,Defender,BRE,4.5,14,0,0,0,0,0,0,0,0,1
2367880,Pinnock,Ethan Pinnock,Defender,BRE,4.5,90,0,0,0,1,0,0,0,0,2
2367880,Lewis-Potter,Keane Lewis-Potter,Midfielder,BRE,5.0,30,0,0,0,0,0,0,0,0,1
2367880,Collins,Nathan Collins,Defender,BRE,5.0,90,0,0,0,1,0,0,0,0,2
2367880,Damsgaard,Mikkel Damsgaard,Midfielder,BRE,6.0,31,0,0,0,0,0,0,0,0,1
2367880,Mbeumo,Bryan Mbeumo,Midfielder,BRE,8.0,90,0,0,0,1,0,1,0,0,1
2367880,Yarmolyuk,Ehor Yarmolyuk,Midfielder,BRE,5.0,20,0,0,0,0,0,0,0,0,1
2367880,Schade,Kevin Schade,Midfielder,BRE,7.0,21,0,0,0,0,0,0,0,0,1
2367880,Tarkowski,James Tarkowski,Defender,EVE,5.5,90,0,0,1,0,0,1,0,0,5
2367880,Young (Ashley),Ashley Young,Defender,EVE,4.2,90,0,0,1,0,0,0,0,1,7
2367880,Gueye,Idrissa Gueye,Midfielder,EVE,5.5,77,1,0,1,0,0,0,0,2,10
2367880,Keane,Michael Keane,Defender,EVE,4.5,3,0,0,0,0,0,0,0,0,1
2367880,Pickford,Jordan Pickford,Goalkeeper,EVE,5.5,90,0,0,1,0,0,0,0,3,10
2367880,Doucouré,Abdoulaye Doucouré,Midfielder,EVE,5.1,90,0,0,1,0,0,0,0,0,3
2367880,Godfrey,Ben Godfrey,Defender,EVE,4.0,90,0,0,1,0,0,0,0,0,6
2367880,Harrison (Jack),Jack Harrison,Midfielder,EVE,5.5,90,0,0,1,0,0,0,0,0,3
2367880,Garner,James Garner,Midfielder,EVE,5.0,90,0,0,1,0,0,0,0,0,3
2367880,McNeil,Dwight McNeil,Midfielder,EVE,6.0,90,0,0,1,0,0,0,0,0,3
2367880,Mvom Onana,Amadou Mvom Onana,Midfielder,EVE,5.0,20,0,0,0,0,0,0,0,0,1
2367880,Branthwaite,Jarrad Branthwaite,Defender,EVE,5.5,90,0,0,1,0,0,0,0,0,6
2367880,Youssef Chermiti,Youssef Ramalho Chermiti,Forward,EVE,5.0,90,0,0,1,0,0,0,0,0,2
2367881,Clyne,Nathaniel Clyne,Defender,CRY,4.0,90,0,0,0,1,0,0,0,0,2
2367881,Ayew (Jordan),Jordan Ayew,Midfielder,CRY,5.1,74,0,0,0,1,0,0,0,0,2
2367881,Schlupp,Jeffrey Schlupp,Midfielder,CRY,4.6,22,1,0,0,0,0,0,0,3,9
2367881,Hughes,Will Hughes,Midfielder,CRY,5.0,90,0,0,0,1,0,1,0,0,1
2367881,Henderson (Dean),Dean Henderson,Goalkeeper,CRY,5.0,90,0,0,0,1,0,0,0,0,2
2367881,Andersen (Joachim),Joachim Andersen,Defender,CRY,4.5,90,0,0,0,1,0,1,0,0,1
2367881,Edouard,Odsonne Edouard,Forward,CRY,5.0,29,0,0,0,0,0,0,0,0,1
2367881,Mateta,Jean-Philippe Mateta,Forward,CRY,7.5,67,0,0,0,1,0,0,0,0,2
2367881,Mitchell,Tyrick Mitchell,Defender,CRY,5.0,83,0,0,0,1,0,0,0,0,2
2367881,Muñoz,Daniel Muñoz,Defender,CRY,5.5,90,0,0,0,1,0,0,0,0,2
2367881,Richards (Chris),Chris Richards,Defender,CRY,4.5,90,0,0,0,1,0,0,0,0,2
2367881,Olise,Michael Olise,Midfielder,CRY,5.7,90,0,0,0,1,0,0,0,0,2
2367881,Ahamada,Naouirou Ahamada,Midfielder,CRY,4.5,12,0,0,0,0,0,0,0,0,1
2367881,Wharton,Adam Wharton,Midfielder,CRY,5.0,90,0,1,0,1,0,0,0,3,8
2367881,Willian,Willian Borges Da Silva,Midfielder,FUL,5.0,29,0,0,0,1,0,0,0,0,1
2367881,Cairney,Tom Cairney,Midfielder,FUL,5.0,13,0,0,0,1,0,0,0,0,1
2367881,Leno,Bernd Leno,Goalkeeper,FUL,5.0,90,0,0,0,1,0,0,0,0,3
2367881,DeCordova-Reid,Bobby DeCordova-Reid,Midfielder,FUL,5.2,67,0,0,1,0,0,0,0,0,3
2367881,Iwobi,Alex Iwobi,Midfielder,FUL,6.5,90,0,0,0,1,0,0,0,0,2
2367881,Reed,Harrison Reed,Midfielder,FUL,4.5,83,0,0,1,0,0,0,0,0,3
2367881,Wilson (Harry),Harry Wilson,Midfielder,FUL,5.5,12,0,0,0,1,0,0,0,0,1
2367881,João Palhinha,João Maria Lobo Alves Palhinha Gonçalves,Midfielder,FUL,5.9,67,0,0,1,0,0,0,0,0,3
2367881,Pereira (Andreas),Andreas Pereira,Midfielder,FUL,5.5,83,0,0,1,0,0,0,0,0,3
2367881,Castagne,Timothy Castagne,Defender,FUL,4.5,90,0,1,0,1,0,0,0,1,6
2367881,Robinson (Antonee),Antonee Robinson,Defender,FUL,5.0,90,0,0,0,1,0,0,0,0,2
2367881,Lukic,Sasa Lukic,Midfielder,FUL,5.0,29,0,0,0,1,0,0,0,0,1
2367881,Diop,Issa Diop,Defender,FUL,4.5,90,0,0,0,1,0,0,0,0,2
2367881,Bassey,Calvin Bassey,Defender,FUL,4.5,90,0,0,0,1,0,0,0,0,2
2367881,Rodrigo Muniz,Rodrigo Muniz Carvalho,Forward,FUL,5.5,83,1,0,1,0,0,0,0,0,6
2367881,Broja,Armando Broja,Forward,FUL,5.3,13,0,0,0,1,0,0,0,0,1
2367882,Gudmundsson,Johann Berg Gudmundsson,Midfielder,BUR,4.8,23,0,0,0,1,0,0,0,0,1
2367882,Cullen,Josh Cullen,Midfielder,BUR,5.0,90,0,0,0,1,0,1,0,0,1
2367882,Bruun Larsen,Jacob Bruun Larsen,Midfielder,BUR,5.5,71,0,0,1,0,0,0,0,0,3
2367882,Berge,Sander Berge,Midfielder,BUR,5.0,90,0,0,0,1,0,0,0,0,2
2367882,O'Shea,Dara O'Shea,Defender,BUR,3.8,90,0,0,0,1,0,0,0,0,2
2367882,Muric,Arijanet Muric,Goalkeeper,BUR,4.4,90,0,0,0,1,0,0,0,3,8
2367882,Foster,Lyle Foster,Forward,BUR,5.0,90,0,0,0,1,0,0,0,0,2
2367882,Vitinho,Victor Alexander da Silva,Defender,BUR,4.4,90,0,0,0,1,0,0,0,0,2
2367882,Esteve,Maxime Esteve,Defender,BUR,4.0,90,0,0,0,1,0,1,0,0,1
2367882,Amdouni,Zeki Amdouni,Forward,BUR,5.0,39,1,0,0,1,0,0,0,2,7
2367882,Assignon,Lorenz Assignon,Defender,BUR,4.0,90,0,0,0,1,0,0,0,0,2
2367882,Fofana (David Datro),David Datro Fofana,Forward,BUR,5.4,55,0,0,0,0,0,0,0,0,1
2367882,Odobert,Wilson Odobert,Midfielder,BUR,5.5,90,0,0,0,1,0,1,0,0,1
2367882,Casemiro,Carlos Henrique Jose Francisco Venancio,Midfielder,MUN,5.5,90,0,0,0,1,0,0,0,0,2
2367882,Eriksen,Christian Eriksen,Midfielder,MUN,5.2,79,0,0,1,0,0,0,0,0,3
2367882,Maguire,Harry Maguire,Defender,MUN,4.5,90,0,0,0,1,0,0,0,0,2
2367882,Bruno Fernandes,Bruno Miguel Borges Fernandes,Midfielder,MUN,9.0,90,0,0,0,1,0,0,0,2,4
2367882,Amrabat,Sofyan Amrabat,Midfielder,MUN,5.0,15,0,0,0,1,0,0,0,0,1
2367882,Mount,Mason Mount,Midfielder,MUN,6.0,5,0,0,0,0,0,0,0,0,1
2367882,McTominay,Scott McTominay,Midfielder,MUN,4.9,26,0,0,0,1,0,0,0,0,1
2367882,Onana,André Onana,Goalkeeper,MUN,5.0,90,0,0,0,1,0,0,0,0,4
2367882,Wan-Bissaka,Aaron Wan-Bissaka,Defender,MUN,4.5,90,0,0,0,1,0,0,0,0,2
2367882,Dalot,José Diogo Dalot Teixeira,Defender,MUN,4.5,90,0,0,0,1,0,0,0,0,2
2367882,Antony,Antony Matheus dos Santos,Midfielder,MUN,6.0,90,1,0,0,1,0,1,0,0,6
2367882,Garnacho,Alejandro Garnacho Ferreyra,Midfielder,MUN,6.5,90,0,0,0,1,0,0,0,0,2
2367882,Amad Diallo,Amad Diallo Traore,Midfielder,MUN,6.5,31,0,0,0,1,0,0,0,0,1
2367882,Højlund,Rasmus Højlund,Forward,MUN,6.5,63,0,0,1,0,0,0,0,0,2
2367882,Mainoo,Kobbie Mainoo,Midfielder,MUN,5.0,64,0,0,1,0,0,0,0,0,3
2367883,Ritchie,Matt Ritchie,Midfielder,NEW,4.3,15,0,0,0,0,0,0,0,0,1
2367883,Dubravka,Martin Dubravka,Goalkeeper,NEW,4.0,90,0,0,0,1,0,0,0,0,3
2367883,Wilson (Callum),Callum Wilson,Forward,NEW,6.9,31,1,0,0,0,0,0,0,0,5
2367883,Burn,Dan Burn,Defender,NEW,5.0,90,0,0,0,1,0,0,0,0,2
2367883,Krafth,Emil Krafth,Defender,NEW,4.5,45,0,0,0,0,0,0,0,0,1
2367883,Murphy (Jacob),Jacob Murphy,Midfielder,NEW,6.5,66,0,1,0,1,0,0,0,0,5
2367883,Schär,Fabian Schär,Defender,NEW,5.5,45,0,0,0,1,0,0,0,0,1
2367883,Longstaff (Sean),Sean Longstaff,Midfielder,NEW,5.0,90,0,0,0,1,0,0,0,0,2
2367883,Barnes (Harvey),Harvey Barnes,Midfielder,NEW,6.5,31,0,1,0,0,0,0,0,0,4
2367883,Bruno Guimarães,Bruno Guimarães Rodriguez Moura,Midfielder,NEW,6.5,90,1,0,0,1,0,0,0,1,8
2367883,Anderson,Elliot Anderson,Midfielder,NEW,5.5,66,0,0,0,1,0,0,0,0,2
2367883,Isak,Alexander Isak,Forward,NEW,10.5,90,2,0,0,1,0,0,0,3,13
2367883,Gordon (Anthony),Anthony Gordon,Midfielder,NEW,7.5,81,0,2,0,1,0,0,0,2,10
2367883,Livramento,Valentino Livramento,Defender,NEW,5.0,90,0,0,0,1,0,0,0,0,2
2367883,Lewis Hall,Lewis Hall,Defender,NEW,5.5,81,0,0,0,1,0,0,0,0,2
2367883,Murphy (Alex),Alex Murphy,Defender,NEW,4.0,15,0,0,0,0,0,0,0,0,1
2367883,Foderingham,Wes Foderingham,Goalkeeper,SHU,4.0,90,0,0,0,5,0,0,0,0,1
2367883,Robinson (Jack),Jack Robinson,Defender,SHU,4.3,30,0,0,0,1,0,0,0,0,1
2367883,Osborn,Ben Osborn,Midfielder,SHU,4.8,90,0,0,0,5,1,0,0,0,0
2367883,Holgate,Mason Holgate,Defender,SHU,4.0,66,0,0,0,4,0,0,0,0,0
2367883,Hamer,Gustavo Hamer,Midfielder,SHU,4.9,78,0,1,0,5,0,0,0,0,5
2367883,Trusty,Auston Trusty,Defender,SHU,3.9,90,0,0,0,5,0,0,0,0,0
2367883,Brereton,Ben Brereton,Midfielder,SHU,4.8,90,0,0,0,5,0,0,0,0,2
2367883,Bogle,Jayden Bogle,Defender,SHU,4.5,90,0,0,0,5,0,0,0,0,0
2367883,Ahmedhodzic,Anel Ahmedhodzic,Defender,SHU,4.3,90,1,0,0,5,0,0,0,0,6
2367883,Vinicius Souza,Vinicius de Souza Costa,Midfielder,SHU,5.0,27,0,0,0,1,0,0,0,0,1
2367883,Archer,Cameron Archer,Forward,SHU,4.8,66,0,0,0,4,0,0,0,0,2
2367883,Ben Slimane,Anis Ben Slimane,Midfielder,SHU,4.7,18,0,0,0,0,0,0,0,0,1
2367883,Arblaster,Oliver Arblaster,Midfielder,SHU,4.5,90,0,0,0,5,0,0,0,0,2
2367883,Osula,William Osula,Forward,SHU,5.5,30,0,0,0,1,0,0,0,0,1
2367883,Brooks (Andre),Andre Brooks,Midfielder,SHU,4.4,70,0,0,0,4,0,0,0,0,2
2367884,Walker,Kyle Walker,Defender,MCI,4.5,90,0,0,1,0,0,0,0,2,8
2367884,De Bruyne,Kevin De Bruyne,Midfielder,MCI,9.5,88,0,2,1,0,0,0,0,2,11
2367884,Ortega Moreno,Stefan Ortega Moreno,Goalkeeper,MCI,5.0,45,0,0,0,0,0,0,0,0,1
2367884,Kovacic,Mateo Kovacic,Midfielder,MCI,6.0,45,0,0,0,0,0,0,0,0,1
2367884,Grealish,Jack Grealish,Midfielder,MCI,6.5,60,0,0,1,0,0,0,0,0,3
2367884,Ederson,Ederson Santana de Moraes,Goalkeeper,MCI,5.5,45,0,0,0,0,0,0,0,0,1
2367884,Aké,Nathan Aké,Defender,MCI,5.5,90,0,0,1,0,0,0,0,0,6
2367884,Bernardo Silva,Bernardo Mota Veiga de Carvalho e Silva,Midfielder,MCI,6.5,90,0,0,1,0,0,0,0,0,3
2367884,Akanji,Manuel Akanji,Defender,MCI,5.5,90,0,0,1,0,0,0,0,2,8
2367884,Rodri,Rodrigo Hernández Cascante,Midfielder,MCI,6.5,90,0,0,1,0,0,0,0,0,3
2367884,Haaland,Erling Haaland,Forward,MCI,14.0,34,1,0,0,0,0,0,0,0,5
2367884,Doku,Jéremy Doku,Midfielder,MCI,6.5,45,0,0,0,0,0,0,0,0,1
2367884,Álvarez (Julián),Julián Álvarez,Forward,MCI,7.0,88,0,0,1,0,0,0,0,0,2
2367884,Matheus Nunes,Matheus Luiz Nunes,Midfielder,MCI,5.5,7,0,0,0,0,0,0,0,0,1
2367884,Gvardiol,Joško Gvardiol,Defender,MCI,6.0,90,1,0,1,0,0,0,0,3,15
2367884,Bobb,Oscar Bobb,Midfielder,MCI,5.5,7,0,0,0,0,0,0,0,0,1
2367884,Wood,Chris Wood,Forward,NFO,7.5,90,0,0,0,2,0,0,0,0,2
2367884,Sels,Matz Sels,Goalkeeper,NFO,5.0,90,0,0,0,2,0,0,0,0,2
2367884,Boly,Willy Boly,Defender,NFO,4.0,83,0,0,0,2,0,0,0,0,1
2367884,Aina,Ola Aina,Defender,NFO,5.0,90,0,0,0,2,0,0,0,0,1
2367884,Niakhaté,Moussa Niakhaté,Defender,NFO,4.5,90,0,0,0,2,0,0,0,0,1
2367884,Yates,Ryan Yates,Midfielder,NFO,5.0,22,0,0,0,0,0,0,0,0,1
2367884,Hudson-Odoi,Callum Hudson-Odoi,Midfielder,NFO,6.0,90,0,0,0,2,0,0,0,0,2
2367884,Sangaré,Ibrahim Sangaré,Midfielder,NFO,5.0,11,0,0,0,0,0,0,0,0,1
2367884,Williams (Neco),Neco Williams,Defender,NFO,5.0,31,0,0,0,1,0,0,0,0,1
2367884,Montiel,Gonzalo Montiel,Defender,NFO,4.4,60,0,0,0,1,0,0,0,0,1
2367884,Gibbs-White,Morgan Gibbs-White,Midfielder,NFO,7.5,90,0,0,0,2,0,0,0,0,2
2367884,Reyna,Giovanni Reyna,Midfielder,NFO,4.6,22,0,0,0,0,0,0,0,0,1
2367884,Elanga,Anthony Elanga,Midfielder,NFO,7.0,73,0,0,0,2,0,0,0,0,2
2367884,Omobamidele,Andrew Omobamidele,Defender,NFO,4.2,22,0,0,0,0,0,0,0,0,1
2367884,Danilo,Danilo dos Santos de Oliveira,Midfielder,NFO,4.7,72,0,0,0,2,0,0,0,0,2
2367884,Murillo,Murillo Santiago Costa dos Santos,Defender,NFO,5.5,73,0,0,0,2,0,0,0,0,1
2367885,Trossard,Leandro Trossard,Midfielder,ARS,7.0,63,0,0,1,0,0,0,0,0,3
2367885,Raya Martin,David Raya Martin,Goalkeeper,ARS,5.5,90,0,0,0,2,0,0,0,0,1
2367885,Partey,Thomas Partey,Midfielder,ARS,4.9,90,0,0,0,2,0,1,0,0,1
2367885,Odegaard,Martin Odegaard,Midfielder,ARS,8.0,86,0,0,0,2,0,0,0,0,2
2367885,White (Ben),Ben White,Defender,ARS,5.5,90,0,0,0,2,0,0,0,0,1
2367885,Rice,Declan Rice,Midfielder,ARS,6.5,90,0,1,0,2,0,0,0,1,6
2367885,Havertz,Kai Havertz,Midfielder,ARS,7.5,90,1,1,0,2,0,0,0,3,13
2367885,Saka,Bukayo Saka,Midfielder,ARS,10.0,90,1,1,0,2,0,0,0,2,12
2367885,Tomiyasu,Takehiro Tomiyasu,Defender,ARS,4.8,90,0,0,0,2,0,0,0,0,1
2367885,Gabriel Magalhães,Gabriel dos Santos Magalhães,Defender,ARS,6.0,90,0,0,0,2,0,0,0,0,1
2367885,Kiwior,Jakub Kiwior,Defender,ARS,5.5,8,0,0,0,0,0,0,0,0,1
2367885,Martinelli,Gabriel Teodoro Martinelli Silva,Midfielder,ARS,7.0,31,0,0,0,2,0,0,0,0,1
2367885,Saliba,William Saliba,Defender,ARS,6.0,90,0,0,0,2,0,0,0,0,1
2367885,Son,Heung-Min Son,Midfielder,TOT,8.5,90,1,0,0,3,0,0,0,0,7
2367885,Davies (Ben),Ben Davies,Defender,TOT,4.5,85,0,1,0,3,0,1,0,0,3
2367885,Højbjerg,Pierre-Emile Højbjerg,Midfielder,TOT,5.0,63,0,0,0,3,1,0,0,0,0
2367885,Werner,Timo Werner,Forward,TOT,6.2,26,0,0,0,2,0,0,0,0,1
2367885,Maddison,James Maddison,Midfielder,TOT,7.0,63,0,0,0,3,0,0,0,0,2
2367885,Vicario,Guglielmo Vicario,Goalkeeper,TOT,5.0,90,0,0,0,3,0,0,0,0,1
2367885,Lo Celso,Giovani Lo Celso,Midfielder,TOT,4.9,9,0,0,0,0,0,0,0,0,1
2367885,Bentancur,Rodrigo Bentancur,Midfielder,TOT,5.5,45,0,0,0,3,0,0,0,0,1
2367885,Richarlison,Richarlison de Andrade,Midfielder,TOT,6.5,31,0,0,0,0,0,0,0,0,1
2367885,Romero,Cristian Romero,Defender,TOT,5.0,90,1,0,0,3,0,0,0,0,7
2367885,Bissouma,Yves Bissouma,Midfielder,TOT,5.5,30,0,0,0,0,0,0,0,0,1
2367885,Johnson (Brennan),Brennan Johnson,Midfielder,TOT,7.0,65,0,0,0,1,0,0,0,0,1
2367885,Porro,Pedro Porro,Defender,TOT,5.5,90,0,0,0,3,0,0,0,0,1
2367885,Kulusevski,Dejan Kulusevski,Midfielder,TOT,6.5,90,0,0,0,3,0,1,0,0,1
2367885,Sarr (Pape),Pape Sarr,Midfielder,TOT,5.0,45,0,0,0,0,0,0,0,0,1
2367885,van de Ven,Micky van de Ven,Defender,TOT,4.5,90,0,0,0,3,0,0,0,0,1
2367886,van Dijk,Virgil van Dijk,Defender,LIV,6.0,90,0,0,0,2,0,0,0,0,1
2367886,Alisson,Alisson Ramses Becker,Goalkeeper,LIV,5.5,90,0,0,0,2,0,0,0,0,3
2367886,Salah,Mohamed Salah,Midfielder,LIV,14.5,16,0,0,0,0,0,0,0,0,1
2367886,Robertson (Andrew),Andrew Robertson,Defender,LIV,6.0,90,1,0,0,2,0,0,0,2,9
2367886,Endo,Wataru Endo,Midfielder,LIV,5.0,78,0,0,0,2,0,1,0,0,1
2367886,Alexander-Arnold,Trent Alexander-Arnold,Defender,LIV,7.2,78,0,0,0,2,0,0,0,0,1
2367886,Gomez,Joseph Gomez,Defender,LIV,5.0,17,0,0,0,0,0,0,0,0,1
2367886,Mac Allister,Alexis Mac Allister,Midfielder,LIV,6.5,90,0,0,0,2,0,1,0,0,1
2367886,Gakpo,Cody Gakpo,Forward,LIV,7.5,90,0,0,0,2,0,0,0,0,2
2367886,Díaz,Luis Díaz,Midfielder,LIV,8.0,78,0,1,0,2,0,0,0,0,5
2367886,Szoboszlai,Dominik Szoboszlai,Midfielder,LIV,6.5,5,0,0,0,0,0,0,0,0,1
2367886,Gravenberch,Ryan Gravenberch,Midfielder,LIV,5.5,90,0,0,0,2,0,0,0,0,2
2367886,Quansah,Jarell Quansah,Defender,LIV,3.9,90,0,0,0,2,0,0,0,0,1
2367886,Elliott,Harvey Elliott,Midfielder,LIV,5.5,90,0,0,0,2,0,0,0,0,2
2367886,Núñez,Darwin Núñez,Forward,LIV,6.5,16,0,0,0,0,0,0,0,0,1
2367886,Ogbonna,Angelo Ogbonna,Defender,WHU,4.2,90,0,0,0,2,0,0,0,0,1
2367886,Antonio,Michail Antonio,Forward,WHU,5.2,90,1,0,0,2,0,0,0,1,7
2367886,Areola,Alphonse Areola,Goalkeeper,WHU,4.5,90,0,0,0,2,1,0,0,0,1
2367886,Ward-Prowse,James Ward-Prowse,Midfielder,WHU,6.0,21,0,0,0,0,0,0,0,0,1
2367886,Zouma,Kurt Zouma,Defender,WHU,4.4,90,0,0,0,2,0,0,0,0,1
2367886,Emerson,Emerson Palmieri dos Santos,Defender,WHU,4.5,90,0,0,0,2,0,0,0,0,1
2367886,Coufal,Vladimir Coufal,Defender,WHU,4.1,90,0,0,0,2,0,0,0,0,1
2367886,Bowen,Jarrod Bowen,Midfielder,WHU,8.0,90,1,1,0,2,0,0,0,3,13
2367886,Álvarez (Edson),Edson Álvarez,Midfielder,WHU,5.0,90,0,0,0,2,0,0,0,0,2
2367886,Soucek,Tomas Soucek,Midfielder,WHU,6.0,73,0,0,0,2,0,0,0,0,2
2367886,Lucas Paquetá,Lucas Tolentino Coelho de Lima,Midfielder,WHU,6.0,90,0,0,0,2,0,0,0,0,2
2367886,Kudus,Mohammed Kudus,Midfielder,WHU,6.5,90,0,1,0,2,0,0,0,0,5
2367887,Kaminski,Thomas Kaminski,Goalkeeper,LUT,4.0,90,0,0,0,2,0,0,0,0,2
2367887,Berry,Luke Berry,Midfielder,LUT,4.6,29,0,0,0,0,0,0,0,0,1
2367887,Barkley,Ross Barkley,Midfielder,LUT,5.0,77,0,0,0,2,0,0,0,0,2
2367887,Woodrow,Cauley Woodrow,Forward,LUT,4.3,29,0,0,0,0,0,0,0,0,1
2367887,Clark (Jordan),Jordan Clark,Midfielder,LUT,4.8,65,0,0,0,2,0,0,0,0,2
2367887,Burke,Reece Burke,Defender,LUT,4.0,90,0,1,0,2,0,0,0,0,4
2367887,Morris,Carlton Morris,Forward,LUT,4.7,90,1,0,0,2,0,0,0,1,7
2367887,Onyedinma,Fred Onyedinma,Midfielder,LUT,5.0,8,0,0,0,0,0,0,0,0,1
2367887,Adebayo,Elijah Adebayo,Forward,LUT,4.8,17,0,0,0,0,0,0,0,0,1
2367887,Osho,Gabriel Osho,Defender,LUT,4.4,90,0,0,0,2,0,0,0,0,1
2367887,Hashioka,Daiki Hashioka,Defender,LUT,4.0,65,0,0,0,2,0,0,0,0,1
2367887,Chong,Tahith Chong,Midfielder,LUT,4.4,90,0,0,0,2,0,0,0,0,2
2367887,Doughty,Alfie Doughty,Defender,LUT,4.3,86,0,0,0,2,0,0,0,0,1
2367887,Mengi,Teden Mengi,Defender,LUT,3.9,90,0,0,0,2,0,0,0,0,1
2367887,Sambi Lokonga,Albert Sambi Lokonga,Midfielder,LUT,4.5,90,0,0,0,2,0,1,0,0,1
2367887,Doherty,Matt Doherty,Defender,WOL,4.5,90,0,0,0,1,0,0,0,0,2
2367887,Sarabia,Pablo Sarabia,Midfielder,WOL,5.0,19,0,0,0,1,0,1,0,0,0
2367887,José Sá,José Pedro Malheiro de Sá,Goalkeeper,WOL,4.5,90,0,0,0,1,0,0,0,0,3
2367887,Lemina (Mario),Mario Lemina,Midfielder,WOL,4.8,90,0,1,0,1,0,0,0,3,8
2367887,Hwang Hee-Chan,Hee-Chan Hwang,Midfielder,WOL,6.0,90,1,0,0,1,0,1,0,0,6
2367887,Semedo,Nelson Semedo,Defender,WOL,4.5,90,0,0,0,1,0,0,0,0,2
2367887,Kilman,Max Kilman,Defender,WOL,4.5,90,0,0,0,1,0,0,0,0,2
2367887,Matheus Cunha,Matheus Santos Carneiro Da Cunha,Forward,WOL,8.0,75,0,1,1,0,0,0,0,0,5
2367887,João Gomes,João Victor Gomes da Silva,Midfielder,WOL,5.5,90,0,0,0,1,0,1,0,0,1
2367887,Ait Nouri,Rayan Ait Nouri,Defender,WOL,6.0,83,0,0,0,1,0,0,0,0,2
2367887,Traoré (Boubacar),Boubacar Traoré,Midfielder,WOL,5.0,90,0,0,0,1,0,0,0,0,2
2367887,Bueno (Hugo),Hugo Bueno,Defender,WOL,4.5,11,0,0,0,0,0,0,0,0,1
2367887,Toti,Toti António Gomes,Defender,WOL,4.5,90,1,0,0,1,0,0,0,3,11
2367888,Trossard,Leandro Trossard,Midfielder,ARS,7.0,81,1,0,1,0,0,0,0,0,8
2367888,Raya Martin,David Raya Martin,Goalkeeper,ARS,5.5,90,0,0,1,0,0,0,0,0,6
2367888,Partey,Thomas Partey,Midfielder,ARS,4.9,90,0,0,1,0,0,1,0,0,2
2367888,Odegaard,Martin Odegaard,Midfielder,ARS,8.0,90,0,0,1,0,0,0,0,0,3
2367888,White (Ben),Ben White,Defender,ARS,5.5,90,0,0,1,0,0,0,0,0,6
2367888,Rice,Declan Rice,Midfielder,ARS,6.5,90,1,1,1,0,0,0,0,3,14
2367888,Jesus,Gabriel Fernando de Jesus,Forward,ARS,6.5,13,0,1,0,0,0,0,0,0,4
2367888,Havertz,Kai Havertz,Midfielder,ARS,7.5,90,0,1,1,0,0,1,0,0,5
2367888,Saka,Bukayo Saka,Midfielder,ARS,10.0,85,1,0,1,0,0,0,0,2,10
2367888,Tomiyasu,Takehiro Tomiyasu,Defender,ARS,4.8,90,0,0,1,0,0,0,0,0,6
2367888,Gabriel Magalhães,Gabriel dos Santos Magalhães,Defender,ARS,6.0,90,0,0,1,0,0,0,0,1,7
2367888,Martinelli,Gabriel Teodoro Martinelli Silva,Midfielder,ARS,7.0,18,0,0,0,0,0,0,0,0,1
2367888,Saliba,William Saliba,Defender,ARS,6.0,90,0,0,1,0,0,0,0,0,6
2367888,Smith (Adam),Adam Smith,Defender,BOU,4.5,89,0,0,0,2,0,1,0,0,0
2367888,Solanke,Dominic Solanke,Forward,BOU,7.5,90,0,0,0,3,0,0,0,0,2
2367888,Cook (Lewis),Lewis Cook,Midfielder,BOU,5.0,90,0,0,0,3,0,0,0,0,2
2367888,Christie,Ryan Christie,Midfielder,BOU,5.0,90,0,0,0,3,0,1,0,0,1
2367888,Unal,Enes Unal,Forward,BOU,5.5,19,0,0,0,1,0,0,0,0,1
2367888,Billing,Philip Billing,Midfielder,BOU,5.0,27,0,0,0,1,0,0,0,0,1
2367888,Senesi,Marcos Senesi,Defender,BOU,4.5,79,0,0,0,2,0,0,0,0,1
2367888,Kluivert,Justin Kluivert,Midfielder,BOU,7.0,89,0,0,0,2,0,0,0,0,2
2367888,Travers,Mark Travers,Goalkeeper,BOU,4.5,90,0,0,0,3,0,0,0,0,3
2367888,Aarons,Maximillian Aarons,Defender,BOU,4.3,10,0,0,0,1,0,0,0,0,1
2367888,Semenyo,Antoine Semenyo,Forward,BOU,7.0,90,0,0,0,3,0,0,0,0,2
2367888,Faivre,Romain Faivre,Midfielder,BOU,4.5,9,0,0,0,1,0,0,0,0,1
2367888,Zabarnyi,Illia Zabarnyi,Defender,BOU,5.0,90,0,0,0,3,0,0,0,0,1
2367888,Scott,Alex Scott,Midfielder,BOU,5.0,71,0,0,0,2,0,1,0,0,1
2367888,Dango Ouattara,Dango Ouattara,Midfielder,BOU,6.0,90,0,0,0,3,0,0,0,0,2
2367889,Flekken,Mark Flekken,Goalkeeper,BRE,4.5,90,0,0,1,0,0,0,0,3,10
2367889,Norgaard,Christian Norgaard,Midfielder,BRE,5.5,80,0,0,1,0,0,0,0,0,3
2367889,Toney,Ivan Toney,Forward,BRE,7.3,90,0,0,1,0,0,0,0,0,2
2367889,Ajer,Kristoffer Ajer,Defender,BRE,4.5,43,0,0,0,0,0,0,0,0,1
2367889,Reguilón,Sergio Reguilón,Defender,BRE,4.1,90,0,0,1,0,0,1,0,3,8
2367889,Janelt,Vitaly Janelt,Midfielder,BRE,5.0,65,0,0,1,0,0,0,0,0,3
2367889,Wissa,Yoane Wissa,Forward,BRE,7.5,29,0,0,0,0,0,0,0,0,1
2367889,Roerslev,Mads Roerslev,Defender,BRE,4.5,48,0,0,0,0,0,0,0,0,1
2367889,Pinnock,Ethan Pinnock,Defender,BRE,4.5,90,0,0,1,0,0,0,0,0,6
2367889,Lewis-Potter,Keane Lewis-Potter,Midfielder,BRE,5.0,65,0,0,1,0,0,0,0,0,3
2367889,Onyeka,Frank Onyeka,Midfielder,BRE,5.0,14,0,0,0,0,0,0,0,0,1
2367889,Collins,Nathan Collins,Defender,BRE,5.0,90,0,0,1,0,0,0,0,1,7
2367889,Damsgaard,Mikkel Damsgaard,Midfielder,BRE,6.0,80,0,0,1,0,0,0,0,0,3
2367889,Mbeumo,Bryan Mbeumo,Midfielder,BRE,8.0,90,0,0,1,0,0,0,0,0,3
2367889,Yarmolyuk,Ehor Yarmolyuk,Midfielder,BRE,5.0,29,0,0,0,0,0,0,0,0,1
2367889,Schade,Kevin Schade,Midfielder,BRE,7.0,15,0,0,0,0,0,0,0,0,1
2367889,Willian,Willian Borges Da Silva,Midfielder,FUL,5.0,64,0,0,1,0,0,0,0,0,3
2367889,Cairney,Tom Cairney,Midfielder,FUL,5.0,21,0,0,0,0,0,0,0,0,1
2367889,Leno,Bernd Leno,Goalkeeper,FUL,5.0,90,0,0,1,0,0,0,0,0,6
2367889,DeCordova-Reid,Bobby DeCordova-Reid,Midfielder,FUL,5.2,21,0,0,0,0,0,0,0,0,1
2367889,Raúl Jiménez,Raul Alonso Jimenez Rodriguez,Forward,FUL,6.5,31,0,0,0,0,0,0,0,0,1
2367889,Iwobi,Alex Iwobi,Midfielder,FUL,6.5,90,0,0,1,0,0,0,0,0,3
2367889,Wilson (Harry),Harry Wilson,Midfielder,FUL,5.5,4,0,0,0,0,0,0,0,0,1
2367889,João Palhinha,João Maria Lobo Alves Palhinha Gonçalves,Midfielder,FUL,5.9,90,0,0,1,0,0,0,0,0,3
2367889,Pereira (Andreas),Andreas Pereira,Midfielder,FUL,5.5,73,0,0,1,0,0,0,0,0,3
2367889,Traoré (Adama),Adama Traoré,Midfielder,FUL,5.5,31,0,0,0,0,0,0,0,0,1
2367889,Castagne,Timothy Castagne,Defender,FUL,4.5,90,0,0,1,0,0,0,0,0,6
2367889,Robinson (Antonee),Antonee Robinson,Defender,FUL,5.0,90,0,0,1,0,0,0,0,1,7
2367889,Lukic,Sasa Lukic,Midfielder,FUL,5.0,73,0,0,1,0,0,0,0,0,3
2367889,Diop,Issa Diop,Defender,FUL,4.5,90,0,0,1,0,0,0,0,0,6
2367889,Bassey,Calvin Bassey,Defender,FUL,4.5,90,0,0,1,0,0,1,0,0,5
2367889,Rodrigo Muniz,Rodrigo Muniz Carvalho,Forward,FUL,5.5,64,0,0,1,0,0,0,0,0,2
2367890,Chambers (Calum),Calum Chambers,Defender,AVL,3.8,10,0,0,0,0,0,0,0,0,1
2367890,Digne,Lucas Digne,Defender,AVL,4.5,87,0,0,0,1,0,0,0,0,2
2367890,Álex Moreno,Alexandre Moreno Lopera,Defender,AVL,4.0,10,0,0,0,0,0,0,0,0,1
2367890,Olsen,Robin Olsen,Goalkeeper,AVL,4.5,90,0,0,0,1,0,0,0,3,12
2367890,McGinn,John McGinn,Midfielder,AVL,5.5,90,0,0,0,1,0,0,0,0,2
2367890,Diego Carlos,Diego Carlos Santos Silva,Defender,AVL,4.5,90,0,0,0,1,0,0,0,0,2
2367890,Watkins,Ollie Watkins,Forward,AVL,9.0,90,0,0,0,1,0,0,0,0,2
2367890,Cash,Matthew Cash,Defender,AVL,4.5,68,0,0,0,1,0,1,0,0,1
2367890,Konsa Ngoyo,Ezri Konsa Ngoyo,Defender,AVL,4.5,87,0,0,0,1,0,0,0,0,2
2367890,Bailey,Leon Bailey,Midfielder,AVL,5.5,90,0,0,0,1,0,0,0,0,2
2367890,Douglas Luiz,Douglas Luiz Soares de Paulo,Midfielder,AVL,5.4,90,0,0,0,1,0,0,0,0,2
2367890,Diaby,Moussa Diaby,Midfielder,AVL,6.5,70,0,0,1,0,0,0,0,0,3
2367890,Rogers,Morgan Rogers,Midfielder,AVL,7.0,22,0,0,0,0,0,0,0,0,1
2367890,Torres,Pau Torres,Defender,AVL,4.5,90,0,0,0,1,0,0,0,0,2
2367890,Durán,Jhon Durán,Forward,AVL,5.7,27,0,0,0,1,0,0,0,0,1
2367890,Welbeck,Danny Welbeck,Forward,BHA,6.5,85,0,0,1,0,0,0,0,0,2
2367890,Groß,Pascal Groß,Midfielder,BHA,6.5,90,0,0,1,0,0,1,0,0,2
2367890,Dunk,Lewis Dunk,Defender,BHA,4.5,90,0,0,1,0,0,0,0,1,7
2367890,Webster,Adam Webster,Defender,BHA,4.5,90,0,0,1,0,0,0,0,2,8
2367890,Veltman,Joël Veltman,Defender,BHA,4.5,90,0,0,1,0,0,0,0,0,6
2367890,Igor Julio,Igor Julio dos Santos de Paulo,Defender,BHA,4.5,90,0,0,1,0,0,0,0,0,6
2367890,Moder,Jakub Moder,Midfielder,BHA,4.4,12,0,0,0,0,0,0,0,0,1
2367890,Gilmour,Billy Gilmour,Midfielder,BHA,5.0,85,0,0,1,0,0,0,0,0,3
2367890,Enciso,Julio Enciso,Midfielder,BHA,5.5,36,0,0,0,0,0,0,0,0,1
2367890,João Pedro,João Pedro Junqueira de Jesus,Forward,BHA,7.5,90,1,0,1,0,0,0,0,1,5
2367890,Verbruggen,Bart Verbruggen,Goalkeeper,BHA,4.5,90,0,0,1,0,0,0,0,0,6
2367890,Baleba,Carlos Baleba,Midfielder,BHA,5.0,12,0,0,0,0,0,0,0,0,1
2367890,Adingra,Simon Adingra,Midfielder,BHA,5.5,90,0,0,1,0,0,1,0,0,2
2367890,Buonanotte,Facundo Buonanotte,Midfielder,BHA,5.0,61,0,0,1,0,0,0,0,0,3
2367890,Barco,Valentín Barco,Defender,BHA,4.0,7,0,0,0,0,0,0,0,0,1
2367891,Gudmundsson,Johann Berg Gudmundsson,Midfielder,BUR,4.8,33,0,1,0,0,0,0,0,0,4
2367891,Cullen,Josh Cullen,Midfielder,BUR,5.0,90,0,0,0,4,0,0,0,0,2
2367891,Brownhill,Josh Brownhill,Midfielder,BUR,4.7,84,0,0,0,4,0,1,0,0,1
2367891,Bruun Larsen,Jacob Bruun Larsen,Midfielder,BUR,5.5,62,0,0,0,4,0,0,0,0,2
2367891,Berge,Sander Berge,Midfielder,BUR,5.0,90,0,0,0,4,0,0,0,0,2
2367891,O'Shea,Dara O'Shea,Defender,BUR,3.8,90,1,0,0,4,0,0,0,0,6
2367891,Muric,Arijanet Muric,Goalkeeper,BUR,4.4,90,0,0,0,4,0,0,0,3,10
2367891,Foster,Lyle Foster,Forward,BUR,5.0,84,0,0,0,4,0,0,0,0,2
2367891,Vitinho,Victor Alexander da Silva,Defender,BUR,4.4,90,0,0,0,4,0,0,0,0,0
2367891,Esteve,Maxime Esteve,Defender,BUR,4.0,42,0,0,0,3,0,1,0,0,0
2367891,Ekdal,Hjalmar Ekdal,Defender,BUR,4.0,51,0,0,0,1,0,0,0,0,1
2367891,Amdouni,Zeki Amdouni,Forward,BUR,5.0,11,0,0,0,0,0,0,0,0,1
2367891,Assignon,Lorenz Assignon,Defender,BUR,4.0,90,0,0,0,4,0,0,0,0,0
2367891,Fofana (David Datro),David Datro Fofana,Forward,BUR,5.4,11,0,0,0,0,0,0,0,0,1
2367891,Odobert,Wilson Odobert,Midfielder,BUR,5.5,90,0,0,0,4,0,0,0,0,2
2367891,Ritchie,Matt Ritchie,Midfielder,NEW,4.3,10,0,0,0,1,0,0,0,0,1
2367891,Dubravka,Martin Dubravka,Goalkeeper,NEW,4.0,90,0,0,0,1,0,0,0,0,3
2367891,Wilson (Callum),Callum Wilson,Forward,NEW,6.9,68,1,0,1,0,0,1,0,0,5
2367891,Burn,Dan Burn,Defender,NEW,5.0,90,0,0,0,1,0,0,0,0,2
2367891,Krafth,Emil Krafth,Defender,NEW,4.5,90,0,0,0,1,0,0,0,0,2
2367891,Murphy (Jacob),Jacob Murphy,Midfielder,NEW,6.5,68,0,2,1,0,0,0,0,1,10
2367891,Almirón,Miguel Almirón,Midfielder,NEW,5.4,19,0,0,0,1,0,0,0,0,1
2367891,Longstaff (Sean),Sean Longstaff,Midfielder,NEW,5.0,76,1,0,1,0,0,0,0,0,8
2367891,Joelinton,Joelinton Cássio Apolinário de Lira,Midfielder,NEW,6.0,19,0,0,0,1,0,0,0,0,1
2367891,Barnes (Harvey),Harvey Barnes,Midfielder,NEW,6.5,27,0,0,0,1,0,0,0,0,1
2367891,Bruno Guimarães,Bruno Guimarães Rodriguez Moura,Midfielder,NEW,6.5,90,1,0,0,1,0,0,0,2,9
2367891,Anderson,Elliot Anderson,Midfielder,NEW,5.5,27,0,0,0,1,0,1,0,0,0
2367891,Isak,Alexander Isak,Forward,NEW,10.5,76,1,1,1,0,0,0,0,0,7
2367891,Gordon (Anthony),Anthony Gordon,Midfielder,NEW,7.5,85,0,1,1,0,0,0,0,0,6
2367891,Livramento,Valentino Livramento,Defender,NEW,5.0,90,0,0,0,1,0,0,0,0,2
2367891,Lewis Hall,Lewis Hall,Defender,NEW,5.5,90,0,0,0,1,0,0,0,0,2
2367892,Thiago Silva,Thiago Emiliano da Silva,Defender,CHE,5.0,78,0,1,1,0,0,0,0,2,11
2367892,Cucurella,Marc Cucurella,Defender,CHE,6.0,90,0,0,1,0,0,1,0,0,5
2367892,Chalobah,Trevoh Chalobah,Defender,CHE,5.0,79,0,0,1,0,0,0,0,0,6
2367892,Nkunku,Christopher Nkunku,Forward,CHE,6.0,18,0,0,0,0,0,0,0,0,1
2367892,Disasi,Axel Disasi,Defender,CHE,4.2,13,0,0,0,0,0,0,0,0,1
2367892,Gallagher,Conor Gallagher,Midfielder,CHE,5.9,90,1,0,1,0,0,0,0,0,8
2367892,Badiashile,Benoît Badiashile,Defender,CHE,4.5,90,0,0,1,0,0,0,0,0,6
2367892,Palmer,Cole Palmer,Midfielder,CHE,10.5,86,1,0,1,0,0,0,0,0,8
2367892,Madueke,Noni Madueke,Midfielder,CHE,7.0,74,1,1,1,0,0,0,0,2,13
2367892,Petrovic,Dorde Petrovic,Goalkeeper,CHE,4.5,90,0,0,1,0,0,0,0,0,6
2367892,Mudryk,Mykhailo Mudryk,Midfielder,CHE,5.0,74,0,0,1,0,0,0,0,0,3
2367892,Gusto,Malo Gusto,Defender,CHE,5.0,13,0,0,0,0,0,0,0,0,1
2367892,Moises Caicedo,Moises Caicedo,Midfielder,CHE,5.5,90,0,1,1,0,0,0,0,0,6
2367892,Casadei,Cesare Casadei,Midfielder,CHE,4.4,18,0,0,0,0,0,0,0,0,1
2367892,Gilchrist,Alfie Gilchrist,Defender,CHE,4.0,6,0,0,0,0,0,0,0,0,1
2367892,Jackson (Nicolas),Nicolas Jackson,Forward,CHE,6.5,90,2,1,1,0,0,0,0,3,16
2367892,Ogbonna,Angelo Ogbonna,Defender,WHU,4.2,90,0,0,0,5,0,1,0,0,0
2367892,Cresswell,Aaron Cresswell,Defender,WHU,3.9,18,0,0,0,1,0,0,0,0,1
2367892,Antonio,Michail Antonio,Forward,WHU,5.2,70,0,0,0,4,0,0,0,0,2
2367892,Areola,Alphonse Areola,Goalkeeper,WHU,4.5,90,0,0,0,5,0,0,0,0,3
2367892,Ings,Danny Ings,Forward,WHU,4.8,22,0,0,0,1,0,0,0,0,1
2367892,Ward-Prowse,James Ward-Prowse,Midfielder,WHU,6.0,45,0,0,0,2,0,0,0,0,1
2367892,Zouma,Kurt Zouma,Defender,WHU,4.4,90,0,0,0,5,0,0,0,0,0
2367892,Emerson,Emerson Palmieri dos Santos,Defender,WHU,4.5,90,0,0,0,5,0,1,0,0,0
2367892,Coufal,Vladimir Coufal,Defender,WHU,4.1,90,0,0,0,5,0,0,0,0,0
2367892,Bowen,Jarrod Bowen,Midfielder,WHU,8.0,90,0,0,0,5,0,0,0,0,2
2367892,Álvarez (Edson),Edson Álvarez,Midfielder,WHU,5.0,45,0,0,0,3,0,0,0,0,1
2367892,Soucek,Tomas Soucek,Midfielder,WHU,6.0,90,0,0,0,5,0,0,0,0,2
2367892,Lucas Paquetá,Lucas Tolentino Coelho de Lima,Midfielder,WHU,6.0,74,0,0,0,4,0,1,0,0,1
2367892,Kudus,Mohammed Kudus,Midfielder,WHU,6.5,90,0,0,0,5,0,0,0,0,2
2367893,Clyne,Nathaniel Clyne,Defender,CRY,4.0,76,0,0,1,0,0,0,0,0,6
2367893,Ayew (Jordan),Jordan Ayew,Midfielder,CRY,5.1,11,0,0,0,0,0,0,0,0,1
2367893,Schlupp,Jeffrey Schlupp,Midfielder,CRY,4.6,11,0,0,0,0,0,0,0,0,1
2367893,Hughes,Will Hughes,Midfielder,CRY,5.0,67,0,0,1,0,0,0,0,0,3
2367893,Henderson (Dean),Dean Henderson,Goalkeeper,CRY,5.0,90,0,0,1,0,0,0,0,0,6
2367893,Riedewald,Jairo Riedewald,Midfielder,CRY,4.3,28,0,0,0,0,0,0,0,0,1
2367893,Andersen (Joachim),Joachim Andersen,Defender,CRY,4.5,90,0,0,1,0,0,0,0,0,6
2367893,Edouard,Odsonne Edouard,Forward,CRY,5.0,28,0,0,0,0,0,1,0,0,0
2367893,Marc Guehi,Addji Keaninkin Marc-Israel Guehi,Defender,CRY,4.5,18,0,0,0,0,0,0,0,0,1
2367893,Mateta,Jean-Philippe Mateta,Forward,CRY,7.5,67,1,0,1,0,0,0,0,0,6
2367893,Eze,Eberechi Eze,Midfielder,CRY,7.5,83,0,0,1,0,0,0,0,0,3
2367893,Mitchell,Tyrick Mitchell,Defender,CRY,5.0,90,1,0,1,0,0,0,0,0,12
2367893,Muñoz,Daniel Muñoz,Defender,CRY,5.5,90,0,2,1,0,0,0,0,1,13
2367893,Richards (Chris),Chris Richards,Defender,CRY,4.5,90,0,1,1,0,0,0,0,2,11
2367893,Olise,Michael Olise,Midfielder,CRY,5.7,83,2,0,1,0,0,0,0,3,16
2367893,Wharton,Adam Wharton,Midfielder,CRY,5.0,90,0,0,1,0,0,0,0,0,3
2367893,Evans,Jonny Evans,Defender,MUN,4.4,90,0,0,0,4,0,0,0,0,0
2367893,Casemiro,Carlos Henrique Jose Francisco Venancio,Midfielder,MUN,5.5,90,0,0,0,4,0,0,0,0,2
2367893,Eriksen,Christian Eriksen,Midfielder,MUN,5.2,90,0,0,0,4,0,0,0,0,2
2367893,Amrabat,Sofyan Amrabat,Midfielder,MUN,5.0,35,0,0,0,1,0,1,0,0,0
2367893,Mount,Mason Mount,Midfielder,MUN,6.0,78,0,0,0,4,0,0,0,0,2
2367893,Onana,André Onana,Goalkeeper,MUN,5.0,90,0,0,0,4,0,0,0,0,2
2367893,Wan-Bissaka,Aaron Wan-Bissaka,Defender,MUN,4.5,90,0,0,0,4,0,0,0,0,0
2367893,Dalot,José Diogo Dalot Teixeira,Defender,MUN,4.5,90,0,0,0,4,0,0,0,0,0
2367893,Antony,Antony Matheus dos Santos,Midfielder,MUN,6.0,59,0,0,0,3,0,0,0,0,1
2367893,Garnacho,Alejandro Garnacho Ferreyra,Midfielder,MUN,6.5,90,0,0,0,4,0,0,0,0,2
2367893,Amad Diallo,Amad Diallo Traore,Midfielder,MUN,6.5,16,0,0,0,0,0,0,0,0,1
2367893,Højlund,Rasmus Højlund,Forward,MUN,6.5,78,0,0,0,4,0,0,0,0,2
2367893,Mainoo,Kobbie Mainoo,Midfielder,MUN,5.0,90,0,0,0,4,0,0,0,0,2
2367893,Wheatley,Ethan Wheatley,Forward,MUN,4.5,16,0,0,0,0,0,0,0,0,1
2367894,van Dijk,Virgil van Dijk,Defender,LIV,6.0,90,0,0,0,2,0,0,0,0,1
2367894,Alisson,Alisson Ramses Becker,Goalkeeper,LIV,5.5,90,0,0,0,2,0,0,0,0,2
2367894,Salah,Mohamed Salah,Midfielder,LIV,14.5,90,1,2,0,2,0,0,0,0,13
2367894,Robertson (Andrew),Andrew Robertson,Defender,LIV,6.0,64,1,0,1,0,0,0,0,1,13
2367894,Endo,Wataru Endo,Midfielder,LIV,5.0,64,0,0,1,0,0,0,0,0,3
2367894,Alexander-Arnold,Trent Alexander-Arnold,Defender,LIV,7.2,90,0,0,0,2,0,1,0,0,0
2367894,Gomez,Joseph Gomez,Defender,LIV,5.0,32,0,0,0,2,0,0,0,0,0
2367894,Mac Allister,Alexis Mac Allister,Midfielder,LIV,6.5,74,0,0,0,1,0,0,0,0,2
2367894,Gakpo,Cody Gakpo,Forward,LIV,7.5,90,1,1,0,2,0,0,0,3,12
2367894,Díaz,Luis Díaz,Midfielder,LIV,8.0,74,0,0,0,1,0,0,0,0,2
2367894,Szoboszlai,Dominik Szoboszlai,Midfielder,LIV,6.5,13,0,0,0,0,0,0,0,0,1
2367894,Gravenberch,Ryan Gravenberch,Midfielder,LIV,5.5,22,0,0,0,1,0,0,0,0,1
2367894,Quansah,Jarell Quansah,Defender,LIV,3.9,90,0,0,0,2,0,0,0,0,1
2367894,Elliott,Harvey Elliott,Midfielder,LIV,5.5,83,1,1,0,2,0,0,0,2,12
2367894,Núñez,Darwin Núñez,Forward,LIV,6.5,22,0,0,0,1,0,0,0,0,1
2367894,Bajcetic,Stefan Bajcetic,Midfielder,LIV,4.5,32,0,0,0,2,0,0,0,0,1
2367894,Son,Heung-Min Son,Midfielder,TOT,8.5,90,1,0,0,4,0,0,0,0,7
2367894,Maddison,James Maddison,Midfielder,TOT,7.0,36,0,0,0,0,0,0,0,0,1
2367894,Vicario,Guglielmo Vicario,Goalkeeper,TOT,5.0,90,0,0,0,4,0,0,0,0,2
2367894,Lo Celso,Giovani Lo Celso,Midfielder,TOT,4.9,22,0,0,0,0,0,0,0,0,1
2367894,Bentancur,Rodrigo Bentancur,Midfielder,TOT,5.5,61,0,0,0,4,0,0,0,0,2
2367894,Skipp,Oliver Skipp,Midfielder,TOT,4.7,36,0,0,0,0,0,0,0,0,1
2367894,Richarlison,Richarlison de Andrade,Midfielder,TOT,6.5,36,1,1,0,0,0,0,0,0,9
2367894,Romero,Cristian Romero,Defender,TOT,5.0,90,0,0,0,4,0,0,0,0,0
2367894,Bissouma,Yves Bissouma,Midfielder,TOT,5.5,90,0,0,0,4,0,1,0,0,1
2367894,Emerson Royal,Emerson Aparecido Leite de Souza Junior,Defender,TOT,4.5,60,0,0,0,4,0,1,0,0,0
2367894,Johnson (Brennan),Brennan Johnson,Midfielder,TOT,7.0,90,0,1,0,4,0,0,0,0,5
2367894,Porro,Pedro Porro,Defender,TOT,5.5,90,0,0,0,4,0,0,0,0,0
2367894,Kulusevski,Dejan Kulusevski,Midfielder,TOT,6.5,61,0,0,0,4,0,0,0,0,2
2367894,Sarr (Pape),Pape Sarr,Midfielder,TOT,5.0,75,0,0,0,4,0,1,0,0,1
2367894,van de Ven,Micky van de Ven,Defender,TOT,4.5,90,0,0,0,4,0,1,0,0,0
2367895,Tarkowski,James Tarkowski,Defender,EVE,5.5,90,0,0,0,1,0,0,0,0,2
2367895,Young (Ashley),Ashley Young,Defender,EVE,4.2,66,0,0,0,1,0,0,0,0,2
2367895,Coleman,Seamus Coleman,Defender,EVE,4.5,31,0,0,0,0,0,0,0,0,1
2367895,Gueye,Idrissa Gueye,Midfielder,EVE,5.5,78,0,0,0,1,0,1,0,0,1
2367895,Pickford,Jordan Pickford,Goalkeeper,EVE,5.5,90,0,0,0,1,0,0,0,0,3
2367895,André Gomes,André Filipe Tavares Gomes,Midfielder,EVE,4.4,44,0,0,0,0,0,1,0,0,0
2367895,Doucouré,Abdoulaye Doucouré,Midfielder,EVE,5.1,52,0,0,0,1,0,0,0,0,1
2367895,Calvert-Lewin,Dominic Calvert-Lewin,Forward,EVE,5.4,78,1,0,0,1,0,0,0,2,8
2367895,Godfrey,Ben Godfrey,Defender,EVE,4.0,90,0,0,0,1,0,0,0,0,2
2367895,Harrison (Jack),Jack Harrison,Midfielder,EVE,5.5,90,0,0,0,1,0,0,0,0,2
2367895,Garner,James Garner,Midfielder,EVE,5.0,53,0,0,0,1,0,1,0,0,0
2367895,McNeil,Dwight McNeil,Midfielder,EVE,6.0,90,0,0,0,1,0,0,0,0,2
2367895,Mvom Onana,Amadou Mvom Onana,Midfielder,EVE,5.0,44,0,0,0,0,0,0,0,0,1
2367895,Branthwaite,Jarrad Branthwaite,Defender,EVE,5.5,90,0,1,0,1,0,0,0,0,5
2367895,Beto,Norberto Bercique Gomes Betuncal,Forward,EVE,5.5,19,0,0,0,0,0,0,0,0,1
2367895,Youssef Chermiti,Youssef Ramalho Chermiti,Forward,EVE,5.0,19,0,0,0,0,0,0,0,0,1
2367895,Kaminski,Thomas Kaminski,Goalkeeper,LUT,4.0,90,0,0,0,1,0,0,0,0,3
2367895,Townsend,Andros Townsend,Midfielder,LUT,5.0,19,0,0,0,0,0,0,0,0,1
2367895,Berry,Luke Berry,Midfielder,LUT,4.6,11,0,0,0,0,0,0,0,0,1
2367895,Barkley,Ross Barkley,Midfielder,LUT,5.0,90,0,0,0,1,0,0,0,0,2
2367895,Woodrow,Cauley Woodrow,Forward,LUT,4.3,28,0,0,0,0,0,0,0,0,1
2367895,Burke,Reece Burke,Defender,LUT,4.0,90,0,0,0,1,0,0,0,0,2
2367895,Morris,Carlton Morris,Forward,LUT,4.7,90,0,0,0,1,0,0,0,0,2
2367895,Onyedinma,Fred Onyedinma,Midfielder,LUT,5.0,69,0,0,0,1,0,0,0,0,2
2367895,Adebayo,Elijah Adebayo,Forward,LUT,4.8,78,1,0,0,1,0,0,0,3,9
2367895,Osho,Gabriel Osho,Defender,LUT,4.4,90,0,0,0,1,0,0,0,0,2
2367895,Chong,Tahith Chong,Midfielder,LUT,4.4,85,0,0,0,1,0,1,0,0,1
2367895,Doughty,Alfie Doughty,Defender,LUT,4.3,90,0,0,0,1,0,0,0,0,2
2367895,Mengi,Teden Mengi,Defender,LUT,3.9,90,0,0,0,1,0,0,0,0,2
2367895,Sambi Lokonga,Albert Sambi Lokonga,Midfielder,LUT,4.5,90,0,1,0,1,0,0,0,1,6
2367896,Walker,Kyle Walker,Defender,MCI,4.5,90,0,0,0,1,0,0,0,0,2
2367896,De Bruyne,Kevin De Bruyne,Midfielder,MCI,9.5,79,0,0,0,1,0,0,0,0,2
2367896,Kovacic,Mateo Kovacic,Midfielder,MCI,6.0,90,0,0,0,1,0,0,0,0,2
2367896,Stones,John Stones,Defender,MCI,5.5,26,0,0,0,0,0,0,0,0,1
2367896,Grealish,Jack Grealish,Midfielder,MCI,6.5,15,0,0,0,0,0,0,0,0,1
2367896,Ederson,Ederson Santana de Moraes,Goalkeeper,MCI,5.5,90,0,0,0,1,0,0,0,0,2
2367896,Aké,Nathan Aké,Defender,MCI,5.5,68,0,0,0,1,0,0,0,0,2
2367896,Bernardo Silva,Bernardo Mota Veiga de Carvalho e Silva,Midfielder,MCI,6.5,79,0,0,0,1,0,0,0,0,2
2367896,Foden,Phil Foden,Midfielder,MCI,8.0,79,0,1,0,1,0,0,0,0,5
2367896,Akanji,Manuel Akanji,Defender,MCI,5.5,90,0,0,0,1,0,0,0,0,2
2367896,Rodri,Rodrigo Hernández Cascante,Midfielder,MCI,6.5,90,0,2,0,1,0,0,0,2,10
2367896,Haaland,Erling Haaland,Forward,MCI,14.0,82,4,0,0,1,0,0,0,3,21
2367896,Doku,Jéremy Doku,Midfielder,MCI,6.5,15,0,0,0,0,0,0,0,0,1
2367896,Álvarez (Julián),Julián Álvarez,Forward,MCI,7.0,12,1,0,0,0,0,0,0,0,5
2367896,Matheus Nunes,Matheus Luiz Nunes,Midfielder,MCI,5.5,15,0,0,0,0,0,0,0,0,1
2367896,Gvardiol,Joško Gvardiol,Defender,MCI,6.0,90,0,1,0,1,0,0,0,1,6
2367896,Sarabia,Pablo Sarabia,Midfielder,WOL,5.0,18,0,0,0,1,0,0,0,0,1
2367896,José Sá,José Pedro Malheiro de Sá,Goalkeeper,WOL,4.5,90,0,0,0,5,0,0,0,0,2
2367896,Lemina (Mario),Mario Lemina,Midfielder,WOL,4.8,45,0,0,0,3,0,1,0,0,0
2367896,Hwang Hee-Chan,Hee-Chan Hwang,Midfielder,WOL,6.0,87,1,0,0,5,0,0,0,0,7
2367896,Semedo,Nelson Semedo,Defender,WOL,4.5,90,0,0,0,5,0,1,0,0,0
2367896,Kilman,Max Kilman,Defender,WOL,4.5,90,0,0,0,5,0,0,0,0,0
2367896,Bellegarde,Jean-Ricner Bellegarde,Midfielder,WOL,5.5,45,0,1,0,2,0,0,0,0,4
2367896,Bueno (Santiago),Santiago Bueno,Defender,WOL,4.5,24,0,0,0,1,0,0,0,0,1
2367896,Matheus Cunha,Matheus Santos Carneiro Da Cunha,Forward,WOL,8.0,76,0,0,0,4,0,0,0,0,2
2367896,João Gomes,João Victor Gomes da Silva,Midfielder,WOL,5.5,90,0,0,0,5,0,1,0,0,1
2367896,Ait Nouri,Rayan Ait Nouri,Defender,WOL,6.0,90,0,0,0,5,0,0,0,0,0
2367896,Traoré (Boubacar),Boubacar Traoré,Midfielder,WOL,5.0,90,0,0,0,5,0,1,0,0,1
2367896,Bueno (Hugo),Hugo Bueno,Defender,WOL,4.5,70,0,0,0,4,0,0,0,0,0
2367896,Chirewa,Tawanda Chirewa,Midfielder,WOL,4.5,7,0,0,0,0,0,0,0,0,1
2367896,Toti,Toti António Gomes,Defender,WOL,4.5,90,0,0,0,5,0,0,0,0,0
2367897,Wood,Chris Wood,Forward,NFO,7.5,89,0,0,0,1,0,0,0,0,2
2367897,Sels,Matz Sels,Goalkeeper,NFO,5.0,90,0,0,0,1,0,0,0,0,3
2367897,Boly,Willy Boly,Defender,NFO,4.0,90,0,1,0,1,0,0,0,1,6
2367897,Toffolo,Harry Toffolo,Defender,NFO,4.2,13,0,0,0,0,0,0,0,0,1
2367897,Aina,Ola Aina,Defender,NFO,5.0,90,0,0,0,1,0,0,0,0,2
2367897,Niakhaté,Moussa Niakhaté,Defender,NFO,4.5,28,0,0,0,0,0,0,0,0,1
2367897,Yates,Ryan Yates,Midfielder,NFO,5.0,90,1,0,0,1,0,0,0,0,7
2367897,Hudson-Odoi,Callum Hudson-Odoi,Midfielder,NFO,6.0,89,2,0,0,1,0,0,0,3,15
2367897,Awoniyi,Taiwo Awoniyi,Forward,NFO,5.5,6,0,0,0,0,0,0,0,0,1
2367897,Montiel,Gonzalo Montiel,Defender,NFO,4.4,82,0,0,0,1,0,1,0,0,1
2367897,Gibbs-White,Morgan Gibbs-White,Midfielder,NFO,7.5,90,0,1,0,1,0,0,0,2,7
2367897,Nicolás Domínguez,Nicolás Domínguez,Midfielder,NFO,5.0,6,0,0,0,0,0,0,0,0,1
2367897,Elanga,Anthony Elanga,Midfielder,NFO,7.0,67,0,0,0,1,0,0,0,0,2
2367897,Danilo,Danilo dos Santos de Oliveira,Midfielder,NFO,4.7,90,0,1,0,1,0,0,0,0,5
2367897,Murillo,Murillo Santiago Costa dos Santos,Defender,NFO,5.5,90,0,0,0,1,0,0,0,0,2
2367897,Foderingham,Wes Foderingham,Goalkeeper,SHU,4.0,90,0,0,0,3,0,0,0,0,1
2367897,Robinson (Jack),Jack Robinson,Defender,SHU,4.3,90,0,0,0,3,0,0,0,0,1
2367897,Osborn,Ben Osborn,Midfielder,SHU,4.8,90,0,0,0,3,0,0,0,0,2
2367897,Hamer,Gustavo Hamer,Midfielder,SHU,4.9,90,0,0,0,3,0,0,0,0,2
2367897,Trusty,Auston Trusty,Defender,SHU,3.9,90,0,0,0,3,0,0,0,0,1
2367897,Brereton,Ben Brereton,Midfielder,SHU,4.8,90,1,0,0,3,0,0,0,1,8
2367897,Bogle,Jayden Bogle,Defender,SHU,4.5,90,0,0,0,3,0,0,0,0,1
2367897,Ahmedhodzic,Anel Ahmedhodzic,Defender,SHU,4.3,90,0,0,0,3,0,0,1,0,0
2367897,Vinicius Souza,Vinicius de Souza Costa,Midfielder,SHU,5.0,21,0,0,0,0,0,0,0,0,1
2367897,Mcatee,James Mcatee,Midfielder,SHU,5.5,29,0,0,0,0,0,0,0,0,1
2367897,Archer,Cameron Archer,Forward,SHU,4.8,73,0,0,0,3,0,0,0,0,2
2367897,Arblaster,Oliver Arblaster,Midfielder,SHU,4.5,90,0,0,0,3,0,0,0,0,2
2367897,Brooks (Andre),Andre Brooks,Midfielder,SHU,4.4,66,0,0,0,3,0,0,0,0,2
2367898,Smith (Adam),Adam Smith,Defender,BOU,4.5,79,0,0,1,0,0,0,0,0,6
2367898,Solanke,Dominic Solanke,Forward,BOU,7.5,90,1,0,0,2,0,0,0,0,6
2367898,Cook (Lewis),Lewis Cook,Midfielder,BOU,5.0,90,0,0,0,2,0,0,0,0,2
2367898,Christie,Ryan Christie,Midfielder,BOU,5.0,79,0,0,1,0,0,0,0,0,3
2367898,Unal,Enes Unal,Forward,BOU,5.5,34,0,0,0,2,0,0,0,0,1
2367898,Adams,Tyler Adams,Midfielder,BOU,5.0,21,0,0,0,2,0,0,0,0,1
2367898,Tavernier,Marcus Tavernier,Midfielder,BOU,5.5,33,0,0,0,2,0,0,0,0,1
2367898,Senesi,Marcos Senesi,Defender,BOU,4.5,90,0,1,0,2,0,1,0,1,4
2367898,Kluivert,Justin Kluivert,Midfielder,BOU,7.0,66,0,0,1,0,0,0,0,0,3
2367898,Travers,Mark Travers,Goalkeeper,BOU,4.5,90,0,0,0,2,0,0,0,0,1
2367898,Kelly (Lloyd),Lloyd Kelly,Defender,BOU,4.2,90,0,0,0,2,0,0,0,0,1
2367898,Semenyo,Antoine Semenyo,Forward,BOU,7.0,90,0,0,0,2,0,0,0,0,2
2367898,Zabarnyi,Illia Zabarnyi,Defender,BOU,5.0,90,0,0,0,2,0,0,0,0,1
2367898,Scott,Alex Scott,Midfielder,BOU,5.0,21,0,0,0,2,0,0,0,0,1
2367898,Dango Ouattara,Dango Ouattara,Midfielder,BOU,6.0,66,0,0,1,0,0,1,0,0,2
2367898,Flekken,Mark Flekken,Goalkeeper,BRE,4.5,90,0,0,0,1,0,0,0,0,3
2367898,Norgaard,Christian Norgaard,Midfielder,BRE,5.5,62,0,0,1,0,0,0,0,0,3
2367898,Toney,Ivan Toney,Forward,BRE,7.3,90,0,0,0,1,0,1,0,0,1
2367898,Ajer,Kristoffer Ajer,Defender,BRE,4.5,61,0,0,1,0,0,0,0,0,6
2367898,Reguilón,Sergio Reguilón,Defender,BRE,4.1,90,0,0,0,1,0,0,0,0,2
2367898,Janelt,Vitaly Janelt,Midfielder,BRE,5.0,82,0,0,1,0,0,0,0,0,3
2367898,Jensen,Mathias Jensen,Midfielder,BRE,5.0,38,0,0,0,1,0,1,0,0,0
2367898,Wissa,Yoane Wissa,Forward,BRE,7.5,38,1,1,0,1,0,0,0,3,11
2367898,Roerslev,Mads Roerslev,Defender,BRE,4.5,39,0,0,0,1,0,0,0,0,1
2367898,Pinnock,Ethan Pinnock,Defender,BRE,4.5,90,0,0,0,1,0,0,0,0,2
2367898,Lewis-Potter,Keane Lewis-Potter,Midfielder,BRE,5.0,62,0,0,1,0,0,0,0,0,3
2367898,Collins,Nathan Collins,Defender,BRE,5.0,90,0,0,0,1,0,0,0,0,2
2367898,Damsgaard,Mikkel Damsgaard,Midfielder,BRE,6.0,72,0,0,1,0,0,0,0,0,3
2367898,Mbeumo,Bryan Mbeumo,Midfielder,BRE,8.0,90,1,1,0,1,0,0,0,2,12
2367898,Yarmolyuk,Ehor Yarmolyuk,Midfielder,BRE,5.0,18,0,0,0,1,0,0,0,0,1
2367898,Schade,Kevin Schade,Midfielder,BRE,7.0,28,0,0,0,1,0,0,0,0,1
2367899,Martinez,Emiliano Martinez,Goalkeeper,AVL,5.0,90,0,0,0,3,1,0,0,0,0
2367899,Chambers (Calum),Calum Chambers,Defender,AVL,3.8,21,0,1,0,0,0,0,0,0,4
2367899,Digne,Lucas Digne,Defender,AVL,4.5,90,0,0,0,3,0,0,0,0,1
2367899,McGinn,John McGinn,Midfielder,AVL,5.5,90,0,0,0,3,0,1,0,0,1
2367899,Diego Carlos,Diego Carlos Santos Silva,Defender,AVL,4.5,90,0,0,0,3,0,0,0,0,1
2367899,Tielemans,Youri Tielemans,Midfielder,AVL,6.0,63,1,0,0,3,0,0,0,1,8
2367899,Watkins,Ollie Watkins,Forward,AVL,9.0,90,0,1,0,3,0,0,0,0,5
2367899,Konsa Ngoyo,Ezri Konsa Ngoyo,Defender,AVL,4.5,90,0,0,0,3,0,0,0,0,1
2367899,Bailey,Leon Bailey,Midfielder,AVL,5.5,90,0,0,0,3,0,0,0,0,2
2367899,Douglas Luiz,Douglas Luiz Soares de Paulo,Midfielder,AVL,5.4,76,0,0,0,3,0,0,0,0,2
2367899,Diaby,Moussa Diaby,Midfielder,AVL,6.5,90,0,1,0,3,0,0,0,0,5
2367899,Torres,Pau Torres,Defender,AVL,4.5,90,0,0,0,3,0,0,0,0,1
2367899,Zaniolo,Nicolò Zaniolo,Midfielder,AVL,5.4,13,0,0,0,0,0,0,0,0,1
2367899,Durán,Jhon Durán,Forward,AVL,5.7,21,2,0,0,0,0,0,0,3,12
2367899,van Dijk,Virgil van Dijk,Defender,LIV,6.0,90,0,0,0,3,0,0,0,0,1
2367899,Alisson,Alisson Ramses Becker,Goalkeeper,LIV,5.5,90,0,0,0,3,0,0,0,0,1
2367899,Salah,Mohamed Salah,Midfielder,LIV,14.5,90,0,0,0,3,0,0,0,0,2
2367899,Endo,Wataru Endo,Midfielder,LIV,5.0,74,0,0,0,1,0,0,0,0,2
2367899,Alexander-Arnold,Trent Alexander-Arnold,Defender,LIV,7.2,90,0,0,0,3,0,0,0,0,1
2367899,Gomez,Joseph Gomez,Defender,LIV,5.0,90,0,1,0,3,0,0,0,0,4
2367899,Jones (Curtis),Curtis Jones,Midfielder,LIV,5.5,22,0,0,0,2,0,0,0,0,1
2367899,Mac Allister,Alexis Mac Allister,Midfielder,LIV,6.5,90,0,0,0,3,0,0,0,0,2
2367899,Gakpo,Cody Gakpo,Forward,LIV,7.5,73,1,0,0,1,0,0,0,0,6
2367899,Díaz,Luis Díaz,Midfielder,LIV,8.0,74,0,0,0,1,0,0,0,0,2
2367899,Szoboszlai,Dominik Szoboszlai,Midfielder,LIV,6.5,22,0,0,0,2,0,0,0,0,1
2367899,Gravenberch,Ryan Gravenberch,Midfielder,LIV,5.5,23,0,0,0,2,0,0,0,0,1
2367899,Quansah,Jarell Quansah,Defender,LIV,3.9,90,1,0,0,3,0,0,0,2,9
2367899,Elliott,Harvey Elliott,Midfielder,LIV,5.5,73,0,1,0,1,0,1,0,0,4
2367899,Núñez,Darwin Núñez,Forward,LIV,6.5,23,0,0,0,2,0,0,0,0,1
2367900,Tarkowski,James Tarkowski,Defender,EVE,5.5,90,0,0,1,0,0,0,0,3,9
2367900,Young (Ashley),Ashley Young,Defender,EVE,4.2,90,0,0,1,0,0,0,0,0,6
2367900,Coleman,Seamus Coleman,Defender,EVE,4.5,90,0,0,1,0,0,0,0,1,7
2367900,Gueye,Idrissa Gueye,Midfielder,EVE,5.5,90,0,0,1,0,0,0,0,0,3
2367900,Pickford,Jordan Pickford,Goalkeeper,EVE,5.5,90,0,0,1,0,0,0,0,2,8
2367900,André Gomes,André Filipe Tavares Gomes,Midfielder,EVE,4.4,22,0,0,0,0,0,0,0,0,1
2367900,Doucouré,Abdoulaye Doucouré,Midfielder,EVE,5.1,69,1,0,1,0,0,0,0,0,8
2367900,Calvert-Lewin,Dominic Calvert-Lewin,Forward,EVE,5.4,79,0,1,1,0,0,1,0,0,4
2367900,Garner,James Garner,Midfielder,EVE,5.0,90,0,0,1,0,0,0,0,0,3
2367900,McNeil,Dwight McNeil,Midfielder,EVE,6.0,69,0,0,1,0,0,0,0,0,3
2367900,Mvom Onana,Amadou Mvom Onana,Midfielder,EVE,5.0,90,0,0,1,0,0,0,0,0,3
2367900,Dobbin,Lewis Dobbin,Midfielder,EVE,5.0,26,0,0,0,0,0,0,0,0,1
2367900,Warrington,Lewis Warrington,Midfielder,EVE,4.5,4,0,0,0,0,0,0,0,0,1
2367900,Branthwaite,Jarrad Branthwaite,Defender,EVE,5.5,90,0,0,1,0,0,0,0,0,6
2367900,Youssef Chermiti,Youssef Ramalho Chermiti,Forward,EVE,5.0,16,0,0,0,0,0,0,0,0,1
2367900,Foderingham,Wes Foderingham,Goalkeeper,SHU,4.0,90,0,0,0,1,0,0,0,0,4
2367900,Robinson (Jack),Jack Robinson,Defender,SHU,4.3,90,0,0,0,1,0,1,0,0,1
2367900,Lowe (Max),Max Lowe,Defender,SHU,4.3,40,0,0,0,0,0,0,0,0,1
2367900,Brewster,Rhian Brewster,Forward,SHU,4.9,14,0,0,0,0,0,0,0,0,1
2367900,Hamer,Gustavo Hamer,Midfielder,SHU,4.9,90,0,0,0,1,0,0,0,0,2
2367900,Trusty,Auston Trusty,Defender,SHU,3.9,90,0,0,0,1,0,0,0,0,2
2367900,Brereton,Ben Brereton,Midfielder,SHU,4.8,90,0,0,0,1,0,0,0,0,2
2367900,Bogle,Jayden Bogle,Defender,SHU,4.5,90,0,0,0,1,0,0,0,0,2
2367900,Vinicius Souza,Vinicius de Souza Costa,Midfielder,SHU,5.0,90,0,0,0,1,0,0,0,0,2
2367900,Larouci,Yasser Larouci,Defender,SHU,4.3,55,0,0,0,1,0,0,0,0,1
2367900,Archer,Cameron Archer,Forward,SHU,4.8,80,0,0,0,1,0,0,0,0,2
2367900,Ben Slimane,Anis Ben Slimane,Midfielder,SHU,4.7,40,0,0,0,0,0,0,0,0,1
2367900,Arblaster,Oliver Arblaster,Midfielder,SHU,4.5,63,0,0,0,1,0,1,0,0,1
2367900,Brooks (Andre),Andre Brooks,Midfielder,SHU,4.4,55,0,0,0,1,0,0,0,0,1
2367900,Curtis,Sam Curtis,Defender,SHU,4.0,32,0,0,0,0,0,0,0,0,1
2367901,Willian,Willian Borges Da Silva,Midfielder,FUL,5.0,45,0,0,0,1,0,0,0,0,1
2367901,Cairney,Tom Cairney,Midfielder,FUL,5.0,45,0,0,0,3,0,0,0,0,1
2367901,Leno,Bernd Leno,Goalkeeper,FUL,5.0,90,0,0,0,4,0,0,0,0,1
2367901,DeCordova-Reid,Bobby DeCordova-Reid,Midfielder,FUL,5.2,45,0,0,0,1,0,0,0,0,1
2367901,Iwobi,Alex Iwobi,Midfielder,FUL,6.5,90,0,0,0,4,0,0,0,0,2
2367901,Wilson (Harry),Harry Wilson,Midfielder,FUL,5.5,23,0,0,0,1,0,0,0,0,1
2367901,João Palhinha,João Maria Lobo Alves Palhinha Gonçalves,Midfielder,FUL,5.9,90,0,0,0,4,0,0,0,0,2
2367901,Pereira (Andreas),Andreas Pereira,Midfielder,FUL,5.5,73,0,0,0,3,0,0,0,0,2
2367901,Traoré (Adama),Adama Traoré,Midfielder,FUL,5.5,45,0,0,0,3,0,0,0,0,1
2367901,Castagne,Timothy Castagne,Defender,FUL,4.5,90,0,0,0,4,0,0,0,0,0
2367901,Robinson (Antonee),Antonee Robinson,Defender,FUL,5.0,90,0,0,0,4,0,1,0,0,0
2367901,Diop,Issa Diop,Defender,FUL,4.5,90,0,0,0,3,0,0,1,0,0
2367901,Bassey,Calvin Bassey,Defender,FUL,4.5,90,0,0,0,4,0,0,0,0,0
2367901,Rodrigo Muniz,Rodrigo Muniz Carvalho,Forward,FUL,5.5,66,0,0,0,2,0,0,0,0,2
2367901,Broja,Armando Broja,Forward,FUL,5.3,30,0,0,0,2,0,0,0,0,1
2367901,Walker,Kyle Walker,Defender,MCI,4.5,71,0,0,1,0,0,0,0,0,6
2367901,De Bruyne,Kevin De Bruyne,Midfielder,MCI,9.5,75,0,1,1,0,0,0,0,0,6
2367901,Kovacic,Mateo Kovacic,Midfielder,MCI,6.0,81,0,0,1,0,0,0,0,0,3
2367901,Ederson,Ederson Santana de Moraes,Goalkeeper,MCI,5.5,90,0,0,1,0,0,0,0,0,6
2367901,Aké,Nathan Aké,Defender,MCI,5.5,21,0,0,0,0,0,0,0,0,1
2367901,Bernardo Silva,Bernardo Mota Veiga de Carvalho e Silva,Midfielder,MCI,6.5,90,0,2,1,0,0,0,0,2,11
2367901,Rúben Dias,Rúben Santos Gato Alves Dias,Defender,MCI,5.5,90,0,0,1,0,0,0,0,0,6
2367901,Foden,Phil Foden,Midfielder,MCI,8.0,82,1,0,1,0,0,0,0,1,9
2367901,Akanji,Manuel Akanji,Defender,MCI,5.5,90,0,0,1,0,0,0,0,0,6
2367901,Rodri,Rodrigo Hernández Cascante,Midfielder,MCI,6.5,90,0,0,1,0,0,0,0,0,3
2367901,Haaland,Erling Haaland,Forward,MCI,14.0,81,0,0,1,0,0,0,0,0,2
2367901,Doku,Jéremy Doku,Midfielder,MCI,6.5,22,0,0,0,0,0,0,0,0,1
2367901,Álvarez (Julián),Julián Álvarez,Forward,MCI,7.0,15,1,0,0,0,0,0,0,0,5
2367901,Lewis (Rico),Rico Lewis,Defender,MCI,5.0,15,0,0,0,0,0,0,0,0,1
2367901,Gvardiol,Joško Gvardiol,Defender,MCI,6.0,90,2,0,1,0,0,0,0,3,21
2367901,Bobb,Oscar Bobb,Midfielder,MCI,5.5,14,0,0,0,0,0,0,0,0,1
2367902,Jorginho,Jorge Luiz Frello Filho,Midfielder,ARS,4.6,4,0,0,0,0,0,0,0,0,1
2367902,Trossard,Leandro Trossard,Midfielder,ARS,7.0,66,1,0,1,0,0,0,0,3,11
2367902,Raya Martin,David Raya Martin,Goalkeeper,ARS,5.5,90,0,0,1,0,0,1,0,0,5
2367902,Partey,Thomas Partey,Midfielder,ARS,4.9,87,0,0,1,0,0,0,0,0,3
2367902,Odegaard,Martin Odegaard,Midfielder,ARS,8.0,87,0,0,1,0,0,0,0,0,3
2367902,White (Ben),Ben White,Defender,ARS,5.5,90,0,0,1,0,0,0,0,0,6
2367902,Rice,Declan Rice,Midfielder,ARS,6.5,90,0,0,1,0,0,0,0,0,3
2367902,Jesus,Gabriel Fernando de Jesus,Forward,ARS,6.5,12,0,0,0,0,0,0,0,0,1
2367902,Havertz,Kai Havertz,Midfielder,ARS,7.5,90,0,1,1,0,0,0,0,0,6
2367902,Saka,Bukayo Saka,Midfielder,ARS,10.0,79,0,0,1,0,0,1,0,0,2
2367902,Tomiyasu,Takehiro Tomiyasu,Defender,ARS,4.8,90,0,0,1,0,0,0,0,0,6
2367902,Gabriel Magalhães,Gabriel dos Santos Magalhães,Defender,ARS,6.0,90,0,0,1,0,0,0,0,1,7
2367902,Kiwior,Jakub Kiwior,Defender,ARS,5.5,4,0,0,0,0,0,0,0,0,1
2367902,Martinelli,Gabriel Teodoro Martinelli Silva,Midfielder,ARS,7.0,26,0,0,0,0,0,0,0,0,1
2367902,Saliba,William Saliba,Defender,ARS,6.0,90,0,0,1,0,0,0,0,3,9
2367902,Evans,Jonny Evans,Defender,MUN,4.4,73,0,0,0,1,0,0,0,0,2
2367902,Casemiro,Carlos Henrique Jose Francisco Venancio,Midfielder,MUN,5.5,90,0,0,0,1,0,0,0,0,2
2367902,Eriksen,Christian Eriksen,Midfielder,MUN,5.2,9,0,0,0,0,0,0,0,0,1
2367902,Amrabat,Sofyan Amrabat,Midfielder,MUN,5.0,83,0,0,0,1,0,0,0,0,2
2367902,McTominay,Scott McTominay,Midfielder,MUN,4.9,90,0,0,0,1,0,0,0,0,2
2367902,Onana,André Onana,Goalkeeper,MUN,5.0,90,0,0,0,1,0,0,0,0,3
2367902,Wan-Bissaka,Aaron Wan-Bissaka,Defender,MUN,4.5,83,0,0,0,1,0,0,0,0,2
2367902,Dalot,José Diogo Dalot Teixeira,Defender,MUN,4.5,90,0,0,0,1,0,0,0,0,2
2367902,Antony,Antony Matheus dos Santos,Midfielder,MUN,6.0,24,0,0,0,0,0,0,0,0,1
2367902,Forson,Omari Forson,Midfielder,MUN,4.4,9,0,0,0,0,0,0,0,0,1
2367902,Garnacho,Alejandro Garnacho Ferreyra,Midfielder,MUN,6.5,90,0,0,0,1,0,0,0,0,2
2367902,Amad Diallo,Amad Diallo Traore,Midfielder,MUN,6.5,68,0,0,0,1,0,0,0,0,2
2367902,Højlund,Rasmus Højlund,Forward,MUN,6.5,83,0,0,0,1,0,0,0,0,2
2367902,Mainoo,Kobbie Mainoo,Midfielder,MUN,5.0,90,0,0,0,1,0,0,0,0,2
2367902,Kambwala,Willy Kambwala,Defender,MUN,3.9,19,0,0,0,0,0,0,0,0,1
2367902,Wheatley,Ethan Wheatley,Forward,MUN,4.5,9,0,0,0,0,0,0,0,0,1
2367903,Welbeck,Danny Welbeck,Forward,BHA,6.5,90,0,1,0,1,0,1,0,0,4
2367903,Groß,Pascal Groß,Midfielder,BHA,6.5,90,0,0,0,1,0,0,0,0,2
2367903,Dunk,Lewis Dunk,Defender,BHA,4.5,90,0,0,0,1,0,0,0,0,2
2367903,Webster,Adam Webster,Defender,BHA,4.5,90,0,0,0,1,0,0,0,0,2
2367903,Veltman,Joël Veltman,Defender,BHA,4.5,38,1,0,0,0,0,0,0,0,7
2367903,Igor Julio,Igor Julio dos Santos de Paulo,Defender,BHA,4.5,90,0,0,0,1,0,0,0,0,2
2367903,Lamptey,Tariq Lamptey,Defender,BHA,4.5,56,0,0,0,1,0,0,0,0,1
2367903,Moder,Jakub Moder,Midfielder,BHA,4.4,28,0,0,0,0,0,0,0,0,1
2367903,Gilmour,Billy Gilmour,Midfielder,BHA,5.0,85,0,0,0,1,0,1,0,0,1
2367903,Offiah,Odeluga Offiah,Defender,BHA,4.0,9,0,0,0,0,0,0,0,0,1
2367903,Enciso,Julio Enciso,Midfielder,BHA,5.5,66,0,0,0,1,0,1,0,0,1
2367903,Baker-Boaitey,Benicio Baker-Boaitey,Midfielder,BHA,4.5,29,0,0,0,0,0,1,0,0,0
2367903,Verbruggen,Bart Verbruggen,Goalkeeper,BHA,4.5,90,0,0,0,1,0,0,0,1,5
2367903,Baleba,Carlos Baleba,Midfielder,BHA,5.0,9,0,0,0,0,0,0,0,0,1
2367903,Adingra,Simon Adingra,Midfielder,BHA,5.5,85,0,0,0,1,0,0,0,0,2
2367903,Buonanotte,Facundo Buonanotte,Midfielder,BHA,5.0,66,0,0,0,1,0,0,0,0,2
2367903,Dubravka,Martin Dubravka,Goalkeeper,NEW,4.0,90,0,0,0,1,0,0,0,0,3
2367903,Trippier,Kieran Trippier,Defender,NEW,5.0,6,0,0,0,0,0,0,0,0,1
2367903,Burn,Dan Burn,Defender,NEW,5.0,90,0,0,0,1,0,0,0,0,2
2367903,Krafth,Emil Krafth,Defender,NEW,4.5,90,0,0,0,1,0,0,0,0,2
2367903,Murphy (Jacob),Jacob Murphy,Midfielder,NEW,6.5,66,0,0,0,1,0,0,0,0,2
2367903,Almirón,Miguel Almirón,Midfielder,NEW,5.4,28,0,0,0,0,0,1,0,0,0
2367903,Longstaff (Sean),Sean Longstaff,Midfielder,NEW,5.0,66,1,0,0,1,0,0,0,2,9
2367903,Joelinton,Joelinton Cássio Apolinário de Lira,Midfielder,NEW,6.0,28,0,0,0,0,0,0,0,0,1
2367903,Barnes (Harvey),Harvey Barnes,Midfielder,NEW,6.5,28,0,0,0,0,0,1,0,0,0
2367903,Bruno Guimarães,Bruno Guimarães Rodriguez Moura,Midfielder,NEW,6.5,90,0,0,0,1,0,0,0,0,2
2367903,Anderson,Elliot Anderson,Midfielder,NEW,5.5,90,0,1,0,1,0,0,0,3,8
2367903,Isak,Alexander Isak,Forward,NEW,10.5,66,0,0,0,1,0,0,0,0,2
2367903,Gordon (Anthony),Anthony Gordon,Midfielder,NEW,7.5,90,0,0,0,1,0,0,0,0,2
2367903,Livramento,Valentino Livramento,Defender,NEW,5.0,90,0,0,0,1,0,0,0,0,2
2367903,Lewis Hall,Lewis Hall,Defender,NEW,5.5,89,0,0,0,1,0,1,0,0,1
2367904,Thiago Silva,Thiago Emiliano da Silva,Defender,CHE,5.0,90,0,0,0,2,0,0,0,0,1
2367904,Sterling (Raheem),Raheem Sterling,Midfielder,CHE,6.7,26,1,0,0,1,0,0,0,0,6
2367904,Cucurella,Marc Cucurella,Defender,CHE,6.0,90,0,0,0,2,0,0,0,0,1
2367904,Chalobah,Trevoh Chalobah,Defender,CHE,5.0,90,0,0,0,2,0,0,0,0,1
2367904,Nkunku,Christopher Nkunku,Forward,CHE,6.0,41,0,0,0,1,0,0,0,0,1
2367904,James,Reece James,Defender,CHE,5.5,20,0,1,0,0,0,0,0,0,4
2367904,Gallagher,Conor Gallagher,Midfielder,CHE,5.9,78,0,0,0,2,0,1,0,0,1
2367904,Badiashile,Benoît Badiashile,Defender,CHE,4.5,57,0,0,0,1,0,1,0,0,0
2367904,Palmer,Cole Palmer,Midfielder,CHE,10.5,90,0,1,0,2,0,0,0,1,6
2367904,Madueke,Noni Madueke,Midfielder,CHE,7.0,57,0,0,0,1,0,0,0,0,1
2367904,Petrovic,Dorde Petrovic,Goalkeeper,CHE,4.5,90,0,0,0,2,0,0,0,0,1
2367904,Mudryk,Mykhailo Mudryk,Midfielder,CHE,5.0,72,1,0,0,1,0,0,0,0,7
2367904,Gusto,Malo Gusto,Defender,CHE,5.0,41,0,0,0,1,0,0,0,0,1
2367904,Moises Caicedo,Moises Caicedo,Midfielder,CHE,5.5,90,0,1,0,2,0,0,0,3,8
2367904,Jackson (Nicolas),Nicolas Jackson,Forward,CHE,6.5,90,1,0,0,2,0,1,0,0,5
2367904,Wood,Chris Wood,Forward,NFO,7.5,90,0,0,0,3,0,0,0,0,2
2367904,Sels,Matz Sels,Goalkeeper,NFO,5.0,90,0,0,0,3,0,0,0,0,1
2367904,Boly,Willy Boly,Defender,NFO,4.0,90,1,0,0,3,0,0,0,3,10
2367904,Toffolo,Harry Toffolo,Defender,NFO,4.2,27,0,0,0,2,0,0,0,0,0
2367904,Aina,Ola Aina,Defender,NFO,5.0,90,0,0,0,3,0,0,0,0,1
2367904,Niakhaté,Moussa Niakhaté,Defender,NFO,4.5,86,0,0,0,3,0,1,0,0,0
2367904,Yates,Ryan Yates,Midfielder,NFO,5.0,71,0,0,0,1,0,0,0,0,2
2367904,Hudson-Odoi,Callum Hudson-Odoi,Midfielder,NFO,6.0,86,1,0,0,3,0,0,0,0,7
2367904,Awoniyi,Taiwo Awoniyi,Forward,NFO,5.5,12,0,0,0,0,0,0,0,0,1
2367904,Montiel,Gonzalo Montiel,Defender,NFO,4.4,71,0,0,0,1,0,0,0,0,2
2367904,Gibbs-White,Morgan Gibbs-White,Midfielder,NFO,7.5,90,0,2,0,3,0,0,0,1,9
2367904,Nicolás Domínguez,Nicolás Domínguez,Midfielder,NFO,5.0,12,0,0,0,0,0,1,0,0,0
2367904,Elanga,Anthony Elanga,Midfielder,NFO,7.0,27,0,0,0,2,0,0,0,0,1
2367904,Danilo,Danilo dos Santos de Oliveira,Midfielder,NFO,4.7,90,0,0,0,3,0,0,0,0,2
2367904,Murillo,Murillo Santiago Costa dos Santos,Defender,NFO,5.5,90,0,0,0,3,0,0,0,0,1
2367905,Taylor (Charlie),Charlie Taylor,Defender,BUR,3.9,90,0,0,0,2,0,1,0,0,0
2367905,Cullen,Josh Cullen,Midfielder,BUR,5.0,86,0,0,0,2,0,1,0,0,1
2367905,Bruun Larsen,Jacob Bruun Larsen,Midfielder,BUR,5.5,79,1,0,0,1,0,1,0,1,7
2367905,Manuel,Benson Manuel,Midfielder,BUR,5.5,24,0,0,0,1,0,0,0,0,1
2367905,Berge,Sander Berge,Midfielder,BUR,5.0,90,0,1,0,2,0,1,0,0,4
2367905,O'Shea,Dara O'Shea,Defender,BUR,3.8,90,0,0,0,2,0,0,0,0,1
2367905,Muric,Arijanet Muric,Goalkeeper,BUR,4.4,90,0,0,0,2,0,0,0,2,5
2367905,Foster,Lyle Foster,Forward,BUR,5.0,85,0,0,0,2,0,0,0,0,2
2367905,Trésor,Mike Trésor,Midfielder,BUR,4.5,17,0,0,0,1,0,0,0,0,1
2367905,Vitinho,Victor Alexander da Silva,Defender,BUR,4.4,72,0,0,0,1,0,0,0,0,2
2367905,Esteve,Maxime Esteve,Defender,BUR,4.0,90,0,0,0,2,0,0,0,0,1
2367905,Amdouni,Zeki Amdouni,Forward,BUR,5.0,10,0,0,0,0,0,0,0,0,1
2367905,Assignon,Lorenz Assignon,Defender,BUR,4.0,90,0,0,0,2,0,1,0,0,0
2367905,Fofana (David Datro),David Datro Fofana,Forward,BUR,5.4,10,0,0,0,0,0,0,0,0,1
2367905,Odobert,Wilson Odobert,Midfielder,BUR,5.5,90,0,0,0,2,0,0,0,0,2
2367905,Son,Heung-Min Son,Midfielder,TOT,8.5,90,0,0,0,1,0,0,0,0,2
2367905,Højbjerg,Pierre-Emile Højbjerg,Midfielder,TOT,5.0,9,0,0,0,0,0,0,0,0,1
2367905,Maddison,James Maddison,Midfielder,TOT,7.0,86,0,1,0,1,0,1,0,0,4
2367905,Vicario,Guglielmo Vicario,Goalkeeper,TOT,5.0,90,0,0,0,1,0,0,0,0,2
2367905,Lo Celso,Giovani Lo Celso,Midfielder,TOT,4.9,9,0,0,0,0,0,0,0,0,1
2367905,Bentancur,Rodrigo Bentancur,Midfielder,TOT,5.5,22,0,0,0,0,0,0,0,0,1
2367905,Skipp,Oliver Skipp,Midfielder,TOT,4.7,73,0,0,0,1,0,1,0,0,1
2367905,Romero,Cristian Romero,Defender,TOT,5.0,90,0,0,0,1,0,0,0,0,2
2367905,Bissouma,Yves Bissouma,Midfielder,TOT,5.5,73,0,0,0,1,0,0,0,0,2
2367905,Johnson (Brennan),Brennan Johnson,Midfielder,TOT,7.0,90,0,1,0,1,0,0,0,0,5
2367905,Porro,Pedro Porro,Defender,TOT,5.5,90,1,0,0,1,0,0,0,1,9
2367905,Kulusevski,Dejan Kulusevski,Midfielder,TOT,6.5,73,0,0,0,1,0,0,0,0,2
2367905,Sarr (Pape),Pape Sarr,Midfielder,TOT,5.0,86,0,0,0,1,0,1,0,0,1
2367905,Scarlett,Dane Scarlett,Forward,TOT,4.5,22,0,0,0,0,0,0,0,0,1
2367905,van de Ven,Micky van de Ven,Defender,TOT,4.5,90,1,0,0,1,0,0,0,3,11
2367905,Dragusin,Radu Dragusin,Defender,TOT,4.5,22,0,0,0,0,0,0,0,0,1
2367906,Kaminski,Thomas Kaminski,Goalkeeper,LUT,4.0,90,0,0,0,3,0,0,0,0,2
2367906,Berry,Luke Berry,Midfielder,LUT,4.6,9,0,0,0,0,0,0,0,0,1
2367906,Barkley,Ross Barkley,Midfielder,LUT,5.0,35,0,0,0,0,0,1,0,0,0
2367906,Woodrow,Cauley Woodrow,Forward,LUT,4.3,9,0,0,0,0,0,0,0,0,1
2367906,Clark (Jordan),Jordan Clark,Midfielder,LUT,4.8,56,0,0,0,3,0,0,0,0,1
2367906,Burke,Reece Burke,Defender,LUT,4.0,86,0,0,0,3,0,1,0,0,0
2367906,Morris,Carlton Morris,Forward,LUT,4.7,90,0,0,0,3,0,1,0,0,1
2367906,Onyedinma,Fred Onyedinma,Midfielder,LUT,5.0,73,0,0,0,2,0,0,0,0,2
2367906,Adebayo,Elijah Adebayo,Forward,LUT,4.8,90,0,0,0,3,0,0,0,0,2
2367906,Osho,Gabriel Osho,Defender,LUT,4.4,90,0,0,0,3,0,0,0,0,1
2367906,Chong,Tahith Chong,Midfielder,LUT,4.4,90,0,0,0,3,0,0,0,0,2
2367906,Ogbene,Chiedozie Ogbene,Forward,LUT,4.8,23,0,0,0,1,0,0,0,0,1
2367906,Doughty,Alfie Doughty,Defender,LUT,4.3,86,0,1,0,3,0,0,0,0,4
2367906,Mengi,Teden Mengi,Defender,LUT,3.9,90,0,0,0,3,0,0,0,0,1
2367906,Sambi Lokonga,Albert Sambi Lokonga,Midfielder,LUT,4.5,90,1,0,0,3,0,0,0,2,9
2367906,Ogbonna,Angelo Ogbonna,Defender,WHU,4.2,90,0,0,0,1,0,0,0,0,2
2367906,Cresswell,Aaron Cresswell,Defender,WHU,3.9,12,0,0,0,0,0,0,0,0,1
2367906,Antonio,Michail Antonio,Forward,WHU,5.2,75,0,0,0,1,0,0,0,0,2
2367906,Areola,Alphonse Areola,Goalkeeper,WHU,4.5,90,0,0,0,1,0,0,0,0,2
2367906,Ings,Danny Ings,Forward,WHU,4.8,12,0,0,0,0,0,0,0,0,1
2367906,Ward-Prowse,James Ward-Prowse,Midfielder,WHU,6.0,90,1,0,0,1,0,0,0,1,8
2367906,Zouma,Kurt Zouma,Defender,WHU,4.4,90,0,0,0,1,0,0,0,0,2
2367906,Emerson,Emerson Palmieri dos Santos,Defender,WHU,4.5,83,0,0,0,1,0,1,0,0,1
2367906,Coufal,Vladimir Coufal,Defender,WHU,4.1,90,0,0,0,1,0,0,0,0,2
2367906,Bowen,Jarrod Bowen,Midfielder,WHU,8.0,90,0,0,0,1,0,0,0,0,2
2367906,Soucek,Tomas Soucek,Midfielder,WHU,6.0,90,1,0,0,1,0,0,0,3,10
2367906,Lucas Paquetá,Lucas Tolentino Coelho de Lima,Midfielder,WHU,6.0,83,0,0,0,1,0,0,0,0,2
2367906,Kudus,Mohammed Kudus,Midfielder,WHU,6.5,90,0,1,0,1,0,0,0,0,5
2367906,Earthy,George Earthy,Midfielder,WHU,4.5,20,1,0,0,0,0,0,0,0,6
2367906,Casey,Kaelan Casey,Defender,WHU,4.0,4,0,0,0,0,0,0,0,0,1
2367907,Ward,Joel Ward,Defender,CRY,4.3,9,0,0,0,0,0,0,0,0,1
2367907,Clyne,Nathaniel Clyne,Defender,CRY,4.0,90,0,1,0,1,0,0,0,0,5
2367907,Schlupp,Jeffrey Schlupp,Midfielder,CRY,4.6,9,0,0,0,0,0,0,0,0,1
2367907,Hughes,Will Hughes,Midfielder,CRY,5.0,12,0,0,0,0,0,0,0,0,1
2367907,Henderson (Dean),Dean Henderson,Goalkeeper,CRY,5.0,90,0,0,0,1,0,1,0,0,3
2367907,Andersen (Joachim),Joachim Andersen,Defender,CRY,4.5,90,0,0,0,1,0,0,0,0,2
2367907,Edouard,Odsonne Edouard,Forward,CRY,5.0,28,0,0,0,0,0,0,0,0,1
2367907,Marc Guehi,Addji Keaninkin Marc-Israel Guehi,Defender,CRY,4.5,27,0,0,0,0,0,0,0,0,1
2367907,Mateta,Jean-Philippe Mateta,Forward,CRY,7.5,68,1,0,0,1,0,0,0,3,9
2367907,Eze,Eberechi Eze,Midfielder,CRY,7.5,86,1,0,0,1,0,0,0,1,8
2367907,Mitchell,Tyrick Mitchell,Defender,CRY,5.0,68,0,0,0,1,0,0,0,0,2
2367907,Muñoz,Daniel Muñoz,Defender,CRY,5.5,90,0,0,0,1,0,1,0,0,1
2367907,Richards (Chris),Chris Richards,Defender,CRY,4.5,90,0,0,0,1,0,0,0,0,2
2367907,Olise,Michael Olise,Midfielder,CRY,5.7,86,1,1,0,1,0,0,0,2,12
2367907,Ahamada,Naouirou Ahamada,Midfielder,CRY,4.5,73,0,0,0,1,0,0,1,0,0
2367907,Wharton,Adam Wharton,Midfielder,CRY,5.0,90,0,1,0,1,0,0,0,0,5
2367907,Bentley,Daniel Bentley,Goalkeeper,WOL,4.0,90,0,0,0,3,0,0,0,0,1
2367907,Doherty,Matt Doherty,Defender,WOL,4.5,77,0,0,0,3,0,0,0,0,1
2367907,Sarabia,Pablo Sarabia,Midfielder,WOL,5.0,35,0,0,0,1,0,1,0,0,0
2367907,Lemina (Mario),Mario Lemina,Midfielder,WOL,4.8,90,0,0,0,3,0,0,0,0,2
2367907,Hwang Hee-Chan,Hee-Chan Hwang,Midfielder,WOL,6.0,90,0,0,0,3,0,0,0,0,2
2367907,Semedo,Nelson Semedo,Defender,WOL,4.5,90,0,0,0,3,0,0,0,0,1
2367907,Kilman,Max Kilman,Defender,WOL,4.5,90,0,0,0,3,0,0,0,0,1
2367907,Doyle,Tommy Doyle,Midfielder,WOL,4.7,18,0,0,0,0,0,0,0,0,1
2367907,Bellegarde,Jean-Ricner Bellegarde,Midfielder,WOL,5.5,45,0,0,0,1,0,0,0,0,1
2367907,Matheus Cunha,Matheus Santos Carneiro Da Cunha,Forward,WOL,8.0,90,1,0,0,3,0,1,0,0,5
2367907,João Gomes,João Victor Gomes da Silva,Midfielder,WOL,5.5,90,0,0,0,3,0,0,0,0,2
2367907,Ait Nouri,Rayan Ait Nouri,Defender,WOL,6.0,60,0,0,0,2,0,0,0,0,1
2367907,Traoré (Boubacar),Boubacar Traoré,Midfielder,WOL,5.0,45,0,0,0,2,0,1,0,0,0
2367907,Toti,Toti António Gomes,Defender,WOL,4.5,88,0,0,0,3,0,0,0,0,1
2367907,Enso González,Enso González,Midfielder,WOL,4.5,8,0,0,0,0,0,0,0,0,1
2367908,Trossard,Leandro Trossard,Midfielder,ARS,7.0,76,0,0,0,1,0,0,0,0,2
2367908,Raya Martin,David Raya Martin,Goalkeeper,ARS,5.5,90,0,0,0,1,0,0,0,0,2
2367908,Partey,Thomas Partey,Midfielder,ARS,4.9,67,0,0,0,1,0,1,0,0,1
2367908,Odegaard,Martin Odegaard,Midfielder,ARS,8.0,90,0,2,0,1,0,0,0,2,10
2367908,White (Ben),Ben White,Defender,ARS,5.5,67,0,0,0,1,0,0,0,0,2
2367908,Rice,Declan Rice,Midfielder,ARS,6.5,90,0,0,0,1,0,1,0,0,1
2367908,Jesus,Gabriel Fernando de Jesus,Forward,ARS,6.5,18,0,0,0,0,0,0,0,0,1
2367908,Zinchenko,Oleksandr Zinchenko,Defender,ARS,5.0,36,0,0,0,0,0,0,0,0,1
2367908,Smith-Rowe,Emile Smith-Rowe,Midfielder,ARS,6.0,27,0,0,0,0,0,0,0,0,1
2367908,Havertz,Kai Havertz,Midfielder,ARS,7.5,90,1,0,0,1,0,1,0,0,6
2367908,Tomiyasu,Takehiro Tomiyasu,Defender,ARS,4.8,90,1,0,0,1,0,0,0,1,9
2367908,Gabriel Magalhães,Gabriel dos Santos Magalhães,Defender,ARS,6.0,57,0,0,0,1,0,0,0,0,1
2367908,Martinelli,Gabriel Teodoro Martinelli Silva,Midfielder,ARS,7.0,90,0,0,0,1,0,0,0,0,2
2367908,Jurriën Timber,Jurriën Timber,Defender,ARS,5.5,27,0,0,0,0,0,1,0,0,0
2367908,Saliba,William Saliba,Defender,ARS,6.0,90,0,0,0,1,0,0,0,0,2
2367908,Tarkowski,James Tarkowski,Defender,EVE,5.5,90,0,0,0,2,0,1,0,0,0
2367908,Young (Ashley),Ashley Young,Defender,EVE,4.2,90,0,0,0,2,0,0,0,0,1
2367908,Coleman,Seamus Coleman,Defender,EVE,4.5,90,0,0,0,2,0,0,0,0,1
2367908,Gueye,Idrissa Gueye,Midfielder,EVE,5.5,90,1,0,0,2,0,0,0,3,10
2367908,Pickford,Jordan Pickford,Goalkeeper,EVE,5.5,90,0,0,0,2,0,1,0,0,1
2367908,Doucouré,Abdoulaye Doucouré,Midfielder,EVE,5.1,89,0,0,0,2,0,1,0,0,1
2367908,Calvert-Lewin,Dominic Calvert-Lewin,Forward,EVE,5.4,72,0,0,0,1,0,0,0,0,2
2367908,Garner,James Garner,Midfielder,EVE,5.0,90,0,0,0,2,0,0,0,0,2
2367908,McNeil,Dwight McNeil,Midfielder,EVE,6.0,90,0,1,0,2,0,0,0,0,5
2367908,Mvom Onana,Amadou Mvom Onana,Midfielder,EVE,5.0,90,0,0,0,2,0,0,0,0,2
2367908,Branthwaite,Jarrad Branthwaite,Defender,EVE,5.5,90,0,0,0,2,0,0,0,0,1
2367908,Beto,Norberto Bercique Gomes Betuncal,Forward,EVE,5.5,5,0,0,0,0,0,0,0,0,1
2367908,Youssef Chermiti,Youssef Ramalho Chermiti,Forward,EVE,5.0,21,0,0,0,1,0,0,0,0,1
2367909,Zanka,Mathias Jorgensen,Defender,BRE,4.5,90,0,0,0,4,0,0,0,0,0
2367909,Maupay,Neal Maupay,Forward,BRE,4.9,23,0,0,0,1,0,1,0,0,0
2367909,Flekken,Mark Flekken,Goalkeeper,BRE,4.5,90,0,0,0,4,0,0,0,0,1
2367909,Norgaard,Christian Norgaard,Midfielder,BRE,5.5,90,0,0,0,4,0,0,0,0,2
2367909,Toney,Ivan Toney,Forward,BRE,7.3,90,0,1,0,4,0,1,0,0,4
2367909,Reguilón,Sergio Reguilón,Defender,BRE,4.1,73,0,0,0,3,0,0,0,0,1
2367909,Janelt,Vitaly Janelt,Midfielder,BRE,5.0,73,1,0,0,3,0,0,0,0,7
2367909,Ghoddos,Saman Ghoddos,Midfielder,BRE,4.5,33,0,0,0,1,0,0,0,0,1
2367909,Jensen,Mathias Jensen,Midfielder,BRE,5.0,63,0,0,0,3,0,1,0,0,1
2367909,Wissa,Yoane Wissa,Forward,BRE,7.5,82,1,1,0,4,0,1,0,1,9
2367909,Roerslev,Mads Roerslev,Defender,BRE,4.5,63,0,0,0,3,0,0,0,0,1
2367909,Pinnock,Ethan Pinnock,Defender,BRE,4.5,90,0,0,0,4,0,0,0,0,0
2367909,Damsgaard,Mikkel Damsgaard,Midfielder,BRE,6.0,33,0,0,0,1,0,0,0,0,1
2367909,Mbeumo,Bryan Mbeumo,Midfielder,BRE,8.0,90,0,0,0,4,0,0,0,0,2
2367909,Yarmolyuk,Ehor Yarmolyuk,Midfielder,BRE,5.0,15,0,0,0,0,0,0,0,0,1
2367909,Schade,Kevin Schade,Midfielder,BRE,7.0,23,0,0,0,1,0,0,0,0,1
2367909,Wilson (Callum),Callum Wilson,Forward,NEW,6.9,17,0,0,0,0,0,0,0,0,1
2367909,Trippier,Kieran Trippier,Defender,NEW,5.0,18,0,0,0,0,0,0,0,0,1
2367909,Burn,Dan Burn,Defender,NEW,5.0,90,0,0,0,2,0,1,0,0,0
2367909,Pope,Nick Pope,Goalkeeper,NEW,5.0,90,0,0,0,2,0,1,0,0,1
2367909,Dummett,Paul Dummett,Defender,NEW,3.9,6,0,0,0,0,0,0,0,0,1
2367909,Krafth,Emil Krafth,Defender,NEW,4.5,90,0,0,0,2,0,1,0,0,0
2367909,Murphy (Jacob),Jacob Murphy,Midfielder,NEW,6.5,68,1,0,0,1,0,0,0,0,7
2367909,Schär,Fabian Schär,Defender,NEW,5.5,90,0,0,0,2,0,0,0,0,1
2367909,Almirón,Miguel Almirón,Midfielder,NEW,5.4,29,0,0,0,1,0,0,0,0,1
2367909,Longstaff (Sean),Sean Longstaff,Midfielder,NEW,5.0,90,0,0,0,2,0,0,0,0,2
2367909,Joelinton,Joelinton Cássio Apolinário de Lira,Midfielder,NEW,6.0,79,0,0,0,2,0,1,0,0,1
2367909,Barnes (Harvey),Harvey Barnes,Midfielder,NEW,6.5,68,1,0,0,1,0,0,0,0,7
2367909,Bruno Guimarães,Bruno Guimarães Rodriguez Moura,Midfielder,NEW,6.5,90,1,2,0,2,0,0,0,3,16
2367909,Anderson,Elliot Anderson,Midfielder,NEW,5.5,29,0,0,0,1,0,0,0,0,1
2367909,Isak,Alexander Isak,Forward,NEW,10.5,79,1,2,0,2,0,0,0,2,14
2367909,Lewis Hall,Lewis Hall,Defender,NEW,5.5,90,0,0,0,2,0,0,0,0,1
2367910,Lallana,Adam Lallana,Midfielder,BHA,5.0,56,0,0,0,0,0,0,0,0,1
2367910,Steele,Jason Steele,Goalkeeper,BHA,4.5,90,0,0,0,2,0,0,0,0,1
2367910,Welbeck,Danny Welbeck,Forward,BHA,6.5,90,0,0,0,2,0,0,0,0,2
2367910,Groß,Pascal Groß,Midfielder,BHA,6.5,90,0,0,0,2,0,0,0,0,2
2367910,Webster,Adam Webster,Defender,BHA,4.5,90,0,0,0,2,0,0,0,0,1
2367910,Igor Julio,Igor Julio dos Santos de Paulo,Defender,BHA,4.5,90,0,0,0,2,0,0,0,0,1
2367910,Lamptey,Tariq Lamptey,Defender,BHA,4.5,16,0,0,0,1,0,0,0,0,1
2367910,Moder,Jakub Moder,Midfielder,BHA,4.4,90,0,0,0,2,0,0,0,0,2
2367910,Gilmour,Billy Gilmour,Midfielder,BHA,5.0,15,0,0,0,1,0,1,0,0,0
2367910,Ansu Fati,Anssumane Fati,Midfielder,BHA,6.4,16,0,0,0,1,0,0,0,0,1
2367910,Enciso,Julio Enciso,Midfielder,BHA,5.5,38,0,0,0,2,0,0,0,0,1
2367910,João Pedro,João Pedro Junqueira de Jesus,Forward,BHA,7.5,90,0,0,0,2,0,0,0,0,2
2367910,Baleba,Carlos Baleba,Midfielder,BHA,5.0,78,0,0,0,1,0,0,0,0,2
2367910,Adingra,Simon Adingra,Midfielder,BHA,5.5,78,0,0,0,1,0,0,0,0,2
2367910,Barco,Valentín Barco,Defender,BHA,4.0,78,0,0,0,1,0,0,0,0,2
2367910,Evans,Jonny Evans,Defender,MUN,4.4,35,0,0,0,0,0,0,0,0,1
2367910,Casemiro,Carlos Henrique Jose Francisco Venancio,Midfielder,MUN,5.5,90,0,1,1,0,0,1,0,0,5
2367910,Eriksen,Christian Eriksen,Midfielder,MUN,5.2,21,0,1,0,0,0,0,0,0,4
2367910,Varane,Raphael Varane,Defender,MUN,4.9,25,0,0,0,0,0,0,0,0,1
2367910,Bruno Fernandes,Bruno Miguel Borges Fernandes,Midfielder,MUN,9.0,59,0,0,0,0,0,1,0,0,0
2367910,Amrabat,Sofyan Amrabat,Midfielder,MUN,5.0,69,0,0,1,0,0,1,0,0,2
2367910,Rashford,Marcus Rashford,Midfielder,MUN,7.0,22,0,0,0,0,0,0,0,0,1
2367910,McTominay,Scott McTominay,Midfielder,MUN,4.9,90,0,0,1,0,0,0,0,0,3
2367910,Onana,André Onana,Goalkeeper,MUN,5.0,90,0,0,1,0,0,0,0,1,7
2367910,Wan-Bissaka,Aaron Wan-Bissaka,Defender,MUN,4.5,90,0,0,1,0,0,0,0,0,6
2367910,Dalot,José Diogo Dalot Teixeira,Defender,MUN,4.5,90,1,0,1,0,0,0,0,3,15
2367910,Martínez,Lisandro Martínez,Defender,MUN,5.0,59,0,0,0,0,0,0,0,0,1
2367910,Garnacho,Alejandro Garnacho Ferreyra,Midfielder,MUN,6.5,90,0,0,1,0,0,0,0,0,3
2367910,Amad Diallo,Amad Diallo Traore,Midfielder,MUN,6.5,72,0,0,1,0,0,0,0,0,3
2367910,Højlund,Rasmus Højlund,Forward,MUN,6.5,34,1,0,0,0,0,0,0,2,7
2367910,Mainoo,Kobbie Mainoo,Midfielder,MUN,5.0,72,0,0,1,0,0,0,0,0,3
2367911,Cork,Jack Cork,Midfielder,BUR,4.8,11,0,0,0,0,0,0,0,0,1
2367911,Rodriguez,Jay Rodriguez,Forward,BUR,5.3,17,0,0,0,0,0,0,0,0,1
2367911,Gudmundsson,Johann Berg Gudmundsson,Midfielder,BUR,4.8,44,0,0,0,0,0,0,0,0,1
2367911,Taylor (Charlie),Charlie Taylor,Defender,BUR,3.9,72,0,0,0,2,0,0,0,0,1
2367911,Cullen,Josh Cullen,Midfielder,BUR,5.0,79,1,0,0,2,0,0,0,2,9
2367911,Brownhill,Josh Brownhill,Midfielder,BUR,4.7,17,0,0,0,0,0,0,0,0,1
2367911,Bruun Larsen,Jacob Bruun Larsen,Midfielder,BUR,5.5,45,0,0,0,2,0,0,0,0,1
2367911,Berge,Sander Berge,Midfielder,BUR,5.0,90,0,0,0,2,0,0,0,0,2
2367911,O'Shea,Dara O'Shea,Defender,BUR,3.8,90,0,0,0,2,0,0,0,0,1
2367911,Muric,Arijanet Muric,Goalkeeper,BUR,4.4,90,0,0,0,2,0,0,0,0,2
2367911,Foster,Lyle Foster,Forward,BUR,5.0,90,0,0,0,2,0,0,0,0,2
2367911,Vitinho,Victor Alexander da Silva,Defender,BUR,4.4,44,0,1,0,0,0,0,0,0,4
2367911,Esteve,Maxime Esteve,Defender,BUR,4.0,90,0,0,0,2,0,1,0,0,0
2367911,Amdouni,Zeki Amdouni,Forward,BUR,5.0,73,0,0,0,2,0,0,0,0,2
2367911,Assignon,Lorenz Assignon,Defender,BUR,4.0,45,0,0,0,2,0,0,0,0,0
2367911,Odobert,Wilson Odobert,Midfielder,BUR,5.5,90,0,0,0,2,0,0,0,0,2
2367911,Kouyaté,Cheikhou Kouyaté,Midfielder,NFO,4.8,5,0,0,0,0,0,0,0,0,1
2367911,Wood,Chris Wood,Forward,NFO,7.5,76,2,0,0,1,0,0,0,3,13
2367911,Sels,Matz Sels,Goalkeeper,NFO,5.0,90,0,0,0,1,0,0,0,0,2
2367911,Boly,Willy Boly,Defender,NFO,4.0,90,0,0,0,1,0,0,0,0,2
2367911,Toffolo,Harry Toffolo,Defender,NFO,4.2,90,0,0,0,1,0,0,0,0,2
2367911,Niakhaté,Moussa Niakhaté,Defender,NFO,4.5,14,0,0,0,0,0,0,0,0,1
2367911,Yates,Ryan Yates,Midfielder,NFO,5.0,55,0,1,0,0,0,0,0,0,4
2367911,Hudson-Odoi,Callum Hudson-Odoi,Midfielder,NFO,6.0,84,0,0,0,1,0,0,0,0,2
2367911,Awoniyi,Taiwo Awoniyi,Forward,NFO,5.5,14,0,0,0,0,0,0,0,0,1
2367911,Sangaré,Ibrahim Sangaré,Midfielder,NFO,5.0,34,0,0,0,1,0,0,0,0,1
2367911,Montiel,Gonzalo Montiel,Defender,NFO,4.4,90,0,0,0,1,0,0,0,1,3
2367911,Gibbs-White,Morgan Gibbs-White,Midfielder,NFO,7.5,90,0,0,0,1,0,0,0,0,2
2367911,Elanga,Anthony Elanga,Midfielder,NFO,7.0,84,0,1,0,1,0,0,0,0,5
2367911,Danilo,Danilo dos Santos de Oliveira,Midfielder,NFO,4.7,76,0,0,0,1,0,0,0,0,2
2367911,Rodrigo Ribeiro,Rodrigo Duarte Ribeiro,Forward,NFO,4.5,5,0,0,0,0,0,0,0,0,1
2367911,Murillo,Murillo Santiago Costa dos Santos,Defender,NFO,5.5,90,0,0,0,1,0,0,0,0,2
2367912,Neto,Norberto Murara Neto,Goalkeeper,BOU,4.5,90,0,0,0,2,0,0,0,0,2
2367912,Solanke,Dominic Solanke,Forward,BOU,7.5,34,0,0,0,0,0,0,0,0,1
2367912,Cook (Lewis),Lewis Cook,Midfielder,BOU,5.0,90,0,0,0,2,0,0,0,0,2
2367912,Christie,Ryan Christie,Midfielder,BOU,5.0,90,0,0,0,2,0,0,0,0,2
2367912,Unal,Enes Unal,Forward,BOU,5.5,67,0,1,0,2,0,0,0,0,5
2367912,Billing,Philip Billing,Midfielder,BOU,5.0,26,0,0,0,0,0,0,0,0,1
2367912,Tavernier,Marcus Tavernier,Midfielder,BOU,5.5,59,0,0,0,2,0,0,0,0,1
2367912,Senesi,Marcos Senesi,Defender,BOU,4.5,80,0,0,0,2,0,1,0,0,0
2367912,Kluivert,Justin Kluivert,Midfielder,BOU,7.0,59,0,0,0,2,0,0,0,0,1
2367912,Aarons,Maximillian Aarons,Defender,BOU,4.3,66,0,0,0,2,0,0,0,0,1
2367912,Kelly (Lloyd),Lloyd Kelly,Defender,BOU,4.2,14,0,0,0,0,0,0,0,0,1
2367912,Semenyo,Antoine Semenyo,Forward,BOU,7.0,90,0,0,0,2,0,1,0,0,1
2367912,Zabarnyi,Illia Zabarnyi,Defender,BOU,5.0,90,0,0,0,2,0,0,0,0,1
2367912,Scott,Alex Scott,Midfielder,BOU,5.0,27,0,0,0,0,0,0,0,0,1
2367912,Dango Ouattara,Dango Ouattara,Midfielder,BOU,6.0,34,0,0,0,0,0,0,0,0,1
2367912,Kerkez,Milos Kerkez,Defender,BOU,6.0,90,0,0,0,2,0,1,0,0,0
2367912,Thiago Silva,Thiago Emiliano da Silva,Defender,CHE,5.0,90,0,0,0,1,0,0,0,0,2
2367912,Sterling (Raheem),Raheem Sterling,Midfielder,CHE,6.7,62,1,0,0,1,0,0,0,2,9
2367912,Cucurella,Marc Cucurella,Defender,CHE,6.0,90,0,0,0,1,0,1,0,0,1
2367912,Chalobah,Trevoh Chalobah,Defender,CHE,5.0,90,0,0,0,1,0,0,0,0,2
2367912,Nkunku,Christopher Nkunku,Forward,CHE,6.0,31,0,0,0,0,0,0,0,0,1
2367912,Gallagher,Conor Gallagher,Midfielder,CHE,5.9,90,0,0,0,1,0,0,0,0,2
2367912,Badiashile,Benoît Badiashile,Defender,CHE,4.5,90,0,0,0,1,1,0,0,0,0
2367912,Palmer,Cole Palmer,Midfielder,CHE,10.5,84,0,1,0,1,0,0,0,1,6
2367912,Madueke,Noni Madueke,Midfielder,CHE,7.0,62,0,0,0,1,0,0,0,0,2
2367912,Petrovic,Dorde Petrovic,Goalkeeper,CHE,4.5,90,0,0,0,1,0,0,0,0,3
2367912,Gusto,Malo Gusto,Defender,CHE,5.0,32,0,0,0,0,0,1,0,0,0
2367912,Moises Caicedo,Moises Caicedo,Midfielder,CHE,5.5,62,1,0,0,1,0,0,0,3,10
2367912,Ugochukwu,Lesley Ugochukwu,Midfielder,CHE,4.4,31,0,0,0,0,0,0,0,0,1
2367912,Casadei,Cesare Casadei,Midfielder,CHE,4.4,9,0,0,0,0,0,0,0,0,1
2367912,Jackson (Nicolas),Nicolas Jackson,Forward,CHE,6.5,90,0,0,0,1,0,0,0,0,2
2367913,Chambers (Calum),Calum Chambers,Defender,AVL,3.8,68,0,0,0,4,0,0,0,0,0
2367913,Digne,Lucas Digne,Defender,AVL,4.5,90,0,0,0,5,0,1,0,0,0
2367913,Olsen,Robin Olsen,Goalkeeper,AVL,4.5,90,0,0,0,5,0,0,0,0,1
2367913,McGinn,John McGinn,Midfielder,AVL,5.5,86,0,0,0,5,0,1,0,0,1
2367913,Diego Carlos,Diego Carlos Santos Silva,Defender,AVL,4.5,90,0,0,0,5,0,0,0,0,0
2367913,Lenglet,Clément Lenglet,Defender,AVL,4.5,90,0,0,0,5,0,1,0,0,0
2367913,Watkins,Ollie Watkins,Forward,AVL,9.0,68,0,0,0,4,0,0,0,0,2
2367913,Konsa Ngoyo,Ezri Konsa Ngoyo,Defender,AVL,4.5,90,0,0,0,5,0,0,0,0,0
2367913,Douglas Luiz,Douglas Luiz Soares de Paulo,Midfielder,AVL,5.4,90,0,0,0,5,0,1,0,0,1
2367913,Diaby,Moussa Diaby,Midfielder,AVL,6.5,86,0,0,0,5,0,0,0,0,2
2367913,Hayden (Kaine),Kaine Hayden,Defender,AVL,4.0,8,0,0,0,0,0,0,0,0,1
2367913,Durán,Jhon Durán,Forward,AVL,5.7,90,0,0,0,5,0,0,0,0,2
2367913,Iroegbunam,Tim Iroegbunam,Midfielder,AVL,5.0,27,0,0,0,1,0,0,0,0,1
2367913,Munroe,Finley Munroe,Defender,AVL,4.0,8,0,0,0,0,0,0,0,0,1
2367913,Kellyman,Omari Kellyman,Midfielder,AVL,4.3,26,0,0,0,1,0,0,0,0,1
2367913,Tomkins,James Tomkins,Defender,CRY,3.9,7,0,0,0,0,0,0,0,0,1
2367913,Clyne,Nathaniel Clyne,Defender,CRY,4.0,90,0,0,1,0,0,0,0,0,6
2367913,Ayew (Jordan),Jordan Ayew,Midfielder,CRY,5.1,7,0,0,0,0,0,0,0,0,1
2367913,Lerma,Jefferson Lerma,Midfielder,CRY,5.0,19,0,0,0,0,0,0,0,0,1
2367913,Henderson (Dean),Dean Henderson,Goalkeeper,CRY,5.0,90,0,0,1,0,0,0,0,0,6
2367913,Riedewald,Jairo Riedewald,Midfielder,CRY,4.3,8,0,0,0,0,0,0,0,0,1
2367913,Andersen (Joachim),Joachim Andersen,Defender,CRY,4.5,87,0,0,1,0,0,1,0,0,5
2367913,Edouard,Odsonne Edouard,Forward,CRY,5.0,19,0,0,0,0,0,0,0,0,1
2367913,Marc Guehi,Addji Keaninkin Marc-Israel Guehi,Defender,CRY,4.5,75,0,0,1,0,0,0,0,0,6
2367913,Mateta,Jean-Philippe Mateta,Forward,CRY,7.5,75,3,1,1,0,0,0,0,3,20
2367913,Eze,Eberechi Eze,Midfielder,CRY,7.5,87,2,1,1,0,0,0,0,2,18
2367913,Mitchell,Tyrick Mitchell,Defender,CRY,5.0,90,0,0,1,0,0,0,0,0,6
2367913,Muñoz,Daniel Muñoz,Defender,CRY,5.5,90,0,1,1,0,0,0,0,1,10
2367913,Richards (Chris),Chris Richards,Defender,CRY,4.5,90,0,0,1,0,0,0,0,0,6
2367913,Olise,Michael Olise,Midfielder,CRY,5.7,90,0,1,1,0,0,0,0,0,6
2367913,Wharton,Adam Wharton,Midfielder,CRY,5.0,87,0,0,1,0,0,0,0,0,3
2367914,van Dijk,Virgil van Dijk,Defender,LIV,6.0,90,0,0,1,0,0,0,0,0,6
2367914,Alisson,Alisson Ramses Becker,Goalkeeper,LIV,5.5,90,0,0,1,0,0,0,0,0,6
2367914,Salah,Mohamed Salah,Midfielder,LIV,14.5,90,0,1,1,0,0,0,0,0,6
2367914,Robertson (Andrew),Andrew Robertson,Defender,LIV,6.0,90,0,0,1,0,0,0,0,2,8
2367914,Endo,Wataru Endo,Midfielder,LIV,5.0,90,0,0,1,0,0,1,0,0,2
2367914,Alexander-Arnold,Trent Alexander-Arnold,Defender,LIV,7.2,69,0,0,1,0,0,0,0,0,6
2367914,Jones (Curtis),Curtis Jones,Midfielder,LIV,5.5,14,0,0,0,0,0,0,0,0,1
2367914,Mac Allister,Alexis Mac Allister,Midfielder,LIV,6.5,69,1,0,1,0,0,0,0,1,9
2367914,Gakpo,Cody Gakpo,Forward,LIV,7.5,80,0,0,1,0,0,0,0,0,2
2367914,Díaz,Luis Díaz,Midfielder,LIV,8.0,70,0,0,1,0,0,0,0,0,3
2367914,Szoboszlai,Dominik Szoboszlai,Midfielder,LIV,6.5,14,0,0,0,0,0,0,0,0,1
2367914,Gravenberch,Ryan Gravenberch,Midfielder,LIV,5.5,25,0,0,0,0,0,0,0,0,1
2367914,Quansah,Jarell Quansah,Defender,LIV,3.9,90,1,0,1,0,0,0,0,3,15
2367914,Elliott,Harvey Elliott,Midfielder,LIV,5.5,80,0,1,1,0,0,0,0,0,6
2367914,Núñez,Darwin Núñez,Forward,LIV,6.5,24,0,0,0,0,0,0,0,0,1
2367914,Bradley,Conor Bradley,Defender,LIV,5.0,25,0,0,0,0,0,0,0,0,1
2367914,Doherty,Matt Doherty,Defender,WOL,4.5,33,0,0,0,0,0,0,0,0,1
2367914,José Sá,José Pedro Malheiro de Sá,Goalkeeper,WOL,4.5,90,0,0,0,2,0,0,0,0,4
2367914,Lemina (Mario),Mario Lemina,Midfielder,WOL,4.8,90,0,0,0,2,0,0,0,0,2
2367914,Hwang Hee-Chan,Hee-Chan Hwang,Midfielder,WOL,6.0,62,0,0,0,2,0,0,0,0,2
2367914,Semedo,Nelson Semedo,Defender,WOL,4.5,27,0,0,0,0,0,0,1,0,0
2367914,Kilman,Max Kilman,Defender,WOL,4.5,90,0,0,0,2,0,0,0,0,1
2367914,Doyle,Tommy Doyle,Midfielder,WOL,4.7,10,0,0,0,0,0,0,0,0,1
2367914,Bellegarde,Jean-Ricner Bellegarde,Midfielder,WOL,5.5,62,0,0,0,2,0,0,0,0,2
2367914,Bueno (Santiago),Santiago Bueno,Defender,WOL,4.5,84,0,0,0,2,0,0,0,0,1
2367914,Neto,Pedro Neto,Midfielder,WOL,7.0,17,0,0,0,0,0,0,0,0,1
2367914,Matheus Cunha,Matheus Santos Carneiro Da Cunha,Forward,WOL,8.0,77,0,0,0,2,0,0,0,0,2
2367914,João Gomes,João Victor Gomes da Silva,Midfielder,WOL,5.5,90,0,0,0,2,0,0,0,0,2
2367914,Ait Nouri,Rayan Ait Nouri,Defender,WOL,6.0,77,0,0,0,2,0,0,0,0,1
2367914,Traoré (Boubacar),Boubacar Traoré,Midfielder,WOL,5.0,32,0,0,0,0,0,0,0,0,1
2367914,Bueno (Hugo),Hugo Bueno,Defender,WOL,4.5,17,0,0,0,0,0,0,0,0,1
2367914,Toti,Toti António Gomes,Defender,WOL,4.5,90,0,0,0,2,0,1,0,0,0
2367915,Cairney,Tom Cairney,Midfielder,FUL,5.0,21,0,0,0,0,0,1,0,0,0
2367915,Leno,Bernd Leno,Goalkeeper,FUL,5.0,90,0,0,0,2,0,0,0,0,2
2367915,Ream,Tim Ream,Defender,FUL,4.5,90,0,0,0,2,0,0,0,0,1
2367915,DeCordova-Reid,Bobby DeCordova-Reid,Midfielder,FUL,5.2,18,0,0,0,0,0,0,0,0,1
2367915,Raúl Jiménez,Raul Alonso Jimenez Rodriguez,Forward,FUL,6.5,90,2,0,0,2,0,0,0,3,13
2367915,Iwobi,Alex Iwobi,Midfielder,FUL,6.5,90,0,0,0,2,0,0,0,0,2
2367915,Reed,Harrison Reed,Midfielder,FUL,4.5,74,0,1,0,2,0,1,0,0,4
2367915,Wilson (Harry),Harry Wilson,Midfielder,FUL,5.5,90,1,2,0,2,0,0,0,2,15
2367915,João Palhinha,João Maria Lobo Alves Palhinha Gonçalves,Midfielder,FUL,5.9,90,0,0,0,2,0,0,0,0,2
2367915,Traoré (Adama),Adama Traoré,Midfielder,FUL,5.5,78,1,1,0,2,0,1,0,1,10
2367915,Castagne,Timothy Castagne,Defender,FUL,4.5,5,0,0,0,0,0,0,0,0,1
2367915,Tete,Kenny Tete,Defender,FUL,4.5,90,0,0,0,2,0,0,0,0,1
2367915,Robinson (Antonee),Antonee Robinson,Defender,FUL,5.0,78,0,0,0,2,0,1,0,0,0
2367915,Ballo-Toure,Fode Ballo-Toure,Defender,FUL,4.5,18,0,0,0,0,0,0,0,0,1
2367915,Bassey,Calvin Bassey,Defender,FUL,4.5,90,0,0,0,2,0,0,0,0,1
2367915,Rodrigo Muniz,Rodrigo Muniz Carvalho,Forward,FUL,5.5,6,0,0,0,0,0,0,0,0,1
2367915,Kaminski,Thomas Kaminski,Goalkeeper,LUT,4.0,75,0,0,0,4,0,0,0,0,0
2367915,Townsend,Andros Townsend,Midfielder,LUT,5.0,20,0,0,0,0,0,0,0,0,1
2367915,Shea,James Shea,Goalkeeper,LUT,4.2,20,0,0,0,0,0,0,0,0,1
2367915,Woodrow,Cauley Woodrow,Forward,LUT,4.3,20,0,0,0,0,0,0,0,0,1
2367915,Clark (Jordan),Jordan Clark,Midfielder,LUT,4.8,69,0,0,0,4,0,1,0,0,1
2367915,Ruddock Mpanzu,Pelly Ruddock Mpanzu,Midfielder,LUT,4.6,26,0,0,0,0,0,0,0,0,1
2367915,Morris,Carlton Morris,Forward,LUT,4.7,90,1,0,0,4,0,1,0,0,5
2367915,Adebayo,Elijah Adebayo,Forward,LUT,4.8,75,0,0,0,4,0,0,0,0,2
2367915,Osho,Gabriel Osho,Defender,LUT,4.4,90,0,0,0,4,0,0,0,0,0
2367915,Hashioka,Daiki Hashioka,Defender,LUT,4.0,90,0,0,0,4,0,0,0,0,0
2367915,Chong,Tahith Chong,Midfielder,LUT,4.4,90,0,0,0,4,0,0,0,0,2
2367915,Ogbene,Chiedozie Ogbene,Forward,LUT,4.8,75,0,2,0,4,0,0,0,0,8
2367915,Doughty,Alfie Doughty,Defender,LUT,4.3,90,1,0,0,4,0,1,0,0,5
2367915,Mengi,Teden Mengi,Defender,LUT,3.9,15,0,0,0,0,0,0,0,0,1
2367915,Sambi Lokonga,Albert Sambi Lokonga,Midfielder,LUT,4.5,90,0,0,0,4,0,1,0,0,1
2367915,Johnson (Joseph),Joseph Johnson,Defender,LUT,4.0,77,0,0,0,4,0,1,0,0,0
2367916,Walker,Kyle Walker,Defender,MCI,4.5,90,0,0,0,1,0,0,0,0,2
2367916,De Bruyne,Kevin De Bruyne,Midfielder,MCI,9.5,90,0,0,0,1,0,0,0,0,2
2367916,Ortega Moreno,Stefan Ortega Moreno,Goalkeeper,MCI,5.0,90,0,0,0,1,0,0,0,0,2
2367916,Kovacic,Mateo Kovacic,Midfielder,MCI,6.0,5,0,0,0,0,0,0,0,0,1
2367916,Aké,Nathan Aké,Defender,MCI,5.5,25,0,0,0,0,0,0,0,0,1
2367916,Bernardo Silva,Bernardo Mota Veiga de Carvalho e Silva,Midfielder,MCI,6.5,90,0,2,0,1,0,0,0,2,10
2367916,Rúben Dias,Rúben Santos Gato Alves Dias,Defender,MCI,5.5,90,0,0,0,1,0,0,0,0,2
2367916,Foden,Phil Foden,Midfielder,MCI,8.0,90,2,0,0,1,0,0,0,3,15
2367916,Akanji,Manuel Akanji,Defender,MCI,5.5,70,0,0,0,1,0,0,0,0,2
2367916,Rodri,Rodrigo Hernández Cascante,Midfielder,MCI,6.5,90,1,0,0,1,0,0,0,1,8
2367916,Haaland,Erling Haaland,Forward,MCI,14.0,90,0,0,0,1,0,0,0,0,2
2367916,Doku,Jéremy Doku,Midfielder,MCI,6.5,90,0,1,0,1,0,0,0,0,5
2367916,Gvardiol,Joško Gvardiol,Defender,MCI,6.0,90,0,0,0,1,0,0,0,0,2
2367916,Cresswell,Aaron Cresswell,Defender,WHU,3.9,90,0,0,0,3,0,0,0,0,1
2367916,Antonio,Michail Antonio,Forward,WHU,5.2,81,0,0,0,3,0,0,0,0,2
2367916,Areola,Alphonse Areola,Goalkeeper,WHU,4.5,90,0,0,0,3,0,0,0,0,4
2367916,Ings,Danny Ings,Forward,WHU,4.8,9,0,0,0,0,0,0,0,0,1
2367916,Ward-Prowse,James Ward-Prowse,Midfielder,WHU,6.0,90,0,0,0,3,0,0,0,0,2
2367916,Zouma,Kurt Zouma,Defender,WHU,4.4,90,0,0,0,3,0,0,0,0,1
2367916,Emerson,Emerson Palmieri dos Santos,Defender,WHU,4.5,70,0,0,0,3,0,0,0,0,1
2367916,Coufal,Vladimir Coufal,Defender,WHU,4.1,90,0,0,0,3,0,0,0,0,1
2367916,Álvarez (Edson),Edson Álvarez,Midfielder,WHU,5.0,24,0,0,0,0,0,1,0,0,0
2367916,Soucek,Tomas Soucek,Midfielder,WHU,6.0,90,0,0,0,3,0,0,0,0,2
2367916,Lucas Paquetá,Lucas Tolentino Coelho de Lima,Midfielder,WHU,6.0,86,0,0,0,3,0,0,0,0,2
2367916,Mavropanos,Konstantinos Mavropanos,Defender,WHU,4.5,90,0,0,0,3,0,0,0,0,1
2367916,Kudus,Mohammed Kudus,Midfielder,WHU,6.5,90,1,0,0,3,0,0,0,0,7
2367916,Earthy,George Earthy,Midfielder,WHU,4.5,14,0,0,0,0,0,0,0,0,1
2367917,Foderingham,Wes Foderingham,Goalkeeper,SHU,4.0,90,0,0,0,3,0,0,0,0,3
2367917,Robinson (Jack),Jack Robinson,Defender,SHU,4.3,90,0,0,0,3,0,1,0,0,0
2367917,Lowe (Max),Max Lowe,Defender,SHU,4.3,69,0,0,0,3,0,0,0,0,1
2367917,Osborn,Ben Osborn,Midfielder,SHU,4.8,2,0,0,0,0,0,0,0,0,1
2367917,Holgate,Mason Holgate,Defender,SHU,4.0,29,0,0,0,0,0,0,0,0,1
2367917,Brewster,Rhian Brewster,Forward,SHU,4.9,36,0,0,0,1,0,0,0,0,1
2367917,Hamer,Gustavo Hamer,Midfielder,SHU,4.9,90,0,0,0,3,0,0,0,0,2
2367917,Trusty,Auston Trusty,Defender,SHU,3.9,90,0,0,0,3,0,0,0,0,1
2367917,Brereton,Ben Brereton,Midfielder,SHU,4.8,69,0,0,0,3,0,0,0,0,2
2367917,Bogle,Jayden Bogle,Defender,SHU,4.5,90,0,0,0,3,0,0,0,0,1
2367917,Ahmedhodzic,Anel Ahmedhodzic,Defender,SHU,4.3,90,0,0,0,3,0,0,0,0,1
2367917,Vinicius Souza,Vinicius de Souza Costa,Midfielder,SHU,5.0,88,0,0,0,3,0,1,0,0,1
2367917,Archer,Cameron Archer,Forward,SHU,4.8,61,0,0,0,2,0,0,0,0,2
2367917,Jebbison,Daniel Jebbison,Forward,SHU,4.5,28,0,0,0,0,0,0,0,0,1
2367917,Arblaster,Oliver Arblaster,Midfielder,SHU,4.5,61,0,0,0,2,0,0,0,0,2
2367917,Brooks (Andre),Andre Brooks,Midfielder,SHU,4.4,36,0,0,0,1,0,0,0,0,1
2367917,Son,Heung-Min Son,Midfielder,TOT,8.5,87,0,1,1,0,0,0,0,1,7
2367917,Højbjerg,Pierre-Emile Højbjerg,Midfielder,TOT,5.0,32,0,0,0,0,0,0,0,0,1
2367917,Maddison,James Maddison,Midfielder,TOT,7.0,87,0,1,1,0,0,0,0,0,6
2367917,Vicario,Guglielmo Vicario,Goalkeeper,TOT,5.0,90,0,0,1,0,0,0,0,0,6
2367917,Bentancur,Rodrigo Bentancur,Midfielder,TOT,5.5,75,0,0,1,0,0,0,0,0,3
2367917,Skipp,Oliver Skipp,Midfielder,TOT,4.7,22,0,0,0,0,0,0,0,0,1
2367917,Romero,Cristian Romero,Defender,TOT,5.0,90,0,0,1,0,0,0,0,0,6
2367917,Emerson Royal,Emerson Aparecido Leite de Souza Junior,Defender,TOT,4.5,22,0,0,0,0,0,0,0,0,1
2367917,Johnson (Brennan),Brennan Johnson,Midfielder,TOT,7.0,90,0,1,1,0,0,0,0,0,6
2367917,Porro,Pedro Porro,Defender,TOT,5.5,75,1,0,1,0,0,0,0,2,14
2367917,Kulusevski,Dejan Kulusevski,Midfielder,TOT,6.5,90,2,0,1,0,0,0,0,3,16
2367917,Sarr (Pape),Pape Sarr,Midfielder,TOT,5.0,66,0,0,1,0,0,0,0,0,3
2367917,Scarlett,Dane Scarlett,Forward,TOT,4.5,10,0,0,0,0,0,0,0,0,1
2367917,van de Ven,Micky van de Ven,Defender,TOT,4.5,90,0,0,1,0,0,0,0,0,6
2367917,Dragusin,Radu Dragusin,Defender,TOT,4.5,90,0,0,1,0,0,0,0,0,6
2367917,Moore (Mikey),Mikey Moore,Midfielder,TOT,5.0,10,0,0,0,0,0,0,0,0,1
