match_id,nick_name,full_name,pos,team,clearences,blocks,interceptions,recoveries,tackles_won
2292810,Xhaka,Granit Xhaka,Midfielder,ARS,3,1,2,5,1
2292810,Partey,Thomas Partey,Midfielder,ARS,1,1,1,8,5
2292810,Odegaard,Martin Odegaard,Midfielder,ARS,1,0,0,7,1
2292810,Tierney,Kieran Tierney,Defender,ARS,1,0,0,0,1
2292810,White (Ben),Ben White,Defender,ARS,4,1,1,6,5
2292810,Eddie Nketiah,Edward Nketiah,Forward,ARS,0,0,0,1,0
2292810,Jesus,Gabriel Fernando de Jesus,Forward,ARS,0,0,1,4,1
2292810,Zinchenko,Oleksandr Zinchenko,Defender,ARS,1,0,3,6,1
2292810,Saka,Bukayo Saka,Midfielder,ARS,2,0,0,4,1
2292810,Ramsdale,Aaron Ramsdale,Goalkeeper,ARS,0,0,0,10,0
2292810,Gabriel Magalhães,Gabriel dos Santos Magalhães,Defender,ARS,3,2,1,3,0
2292810,Sambi Lokonga,Albert Sambi Lokonga,Midfielder,ARS,0,0,0,1,0
2292810,Martinelli,Gabriel Teodoro Martinelli Silva,Midfielder,ARS,1,0,0,2,0
2292810,Saliba,William Saliba,Defender,ARS,7,1,0,7,0
2292810,Guaita,Vicente Guaita,Goalkeeper,CRY,0,0,0,6,0
2292810,Clyne,Nathaniel Clyne,Defender,CRY,2,0,1,1,0
2292810,Milivojevic,Luka Milivojevic,Midfielder,CRY,0,0,0,2,0
2292810,Ayew (Jordan),Jordan Ayew,Midfielder,CRY,1,0,0,4,1
2292810,Zaha,Wilfried Zaha,Midfielder,CRY,0,0,0,9,2
2292810,Schlupp,Jeffrey Schlupp,Midfielder,CRY,0,1,1,6,2
2292810,Hughes (Will),Will Hughes,Midfielder,CRY,0,0,0,0,0
2292810,Andersen,Joachim Andersen,Defender,CRY,9,0,2,5,1
2292810,Edouard,Odsonne Edouard,Forward,CRY,1,0,0,2,0
2292810,Marc Guehi,Addji Keaninkin Marc-Israel Guehi,Defender,CRY,1,2,1,6,0
2292810,Mateta,Jean-Philippe Mateta,Forward,CRY,0,0,0,0,0
2292810,Eze,Eberechi Eze,Midfielder,CRY,0,0,0,5,1
2292810,Mitchell,Tyrick Mitchell,Defender,CRY,3,1,2,8,1
2292810,Doucoure,Cheick Oumar Doucoure,Midfielder,CRY,1,0,1,5,1
2292810,Ebiowei,Malcolm Ebiowei,Midfielder,CRY,0,0,0,0,0
2292811,Coutinho,Philippe Coutinho,Midfielder,AVL,0,0,1,5,0
2292811,Ings,Danny Ings,Forward,AVL,0,0,0,1,0
2292811,Martinez,Emiliano Martinez,Goalkeeper,AVL,0,0,0,6,0
2292811,Digne,Lucas Digne,Defender,AVL,2,0,3,5,0
2292811,McGinn,John McGinn,Midfielder,AVL,0,0,1,8,2
2292811,Diego Carlos,Diego Carlos Santos Silva,Defender,AVL,1,0,0,8,0
2292811,Watkins,Ollie Watkins,Forward,AVL,0,0,0,0,0
2292811,Buendía,Emiliano Buendía,Midfielder,AVL,0,0,0,1,0
2292811,Cash,Matthew Cash,Defender,AVL,1,0,1,5,0
2292811,Konsa Ngoyo,Ezri Konsa Ngoyo,Defender,AVL,4,1,2,7,1
2292811,Bailey,Leon Bailey,Midfielder,AVL,0,0,0,3,1
2292811,Kamara,Boubacar Kamara,Midfielder,AVL,0,1,0,10,1
2292811,Douglas Luiz,Douglas Luiz Soares de Paulo,Midfielder,AVL,0,0,0,0,0
2292811,Ramsey (Jacob),Jacob Ramsey,Midfielder,AVL,0,0,0,7,3
2292811,Archer,Cameron Archer,Forward,AVL,0,0,0,0,0
2292811,Smith (Adam),Adam Smith,Defender,BOU,2,0,2,5,0
2292811,Stanislas,Junior Stanislas,Midfielder,BOU,0,0,0,0,0
2292811,Moore (Kieffer),Kieffer Moore,Forward,BOU,0,0,0,2,1
2292811,Lerma,Jefferson Lerma,Midfielder,BOU,3,0,1,1,1
2292811,Solanke,Dominic Solanke,Forward,BOU,1,0,0,3,1
2292811,Cook (Lewis),Lewis Cook,Midfielder,BOU,0,1,2,2,0
2292811,Pearson,Ben Pearson,Midfielder,BOU,1,0,1,7,1
2292811,Christie,Ryan Christie,Midfielder,BOU,0,0,0,0,0
2292811,Billing,Philip Billing,Midfielder,BOU,3,1,5,8,2
2292811,Tavernier,Marcus Tavernier,Midfielder,BOU,0,0,0,10,1
2292811,Mepham,Chris Mepham,Defender,BOU,13,1,1,2,1
2292811,Travers,Mark Travers,Goalkeeper,BOU,0,0,0,8,0
2292811,Kelly (Lloyd),Lloyd Kelly,Defender,BOU,11,1,1,2,2
2292811,Zemura,Jordan Zemura,Defender,BOU,2,2,0,6,2
2292812,Azpilicueta,César Azpilicueta,Defender,CHE,0,0,1,5,3
2292812,Thiago Silva,Thiago Emiliano da Silva,Defender,CHE,4,1,3,4,0
2292812,Jorginho,Jorge Luiz Frello Filho,Midfielder,CHE,0,0,0,11,0
2292812,Koulibaly,Kalidou Koulibaly,Defender,CHE,3,0,1,4,0
2292812,Sterling (Raheem),Raheem Sterling,Midfielder,CHE,0,0,0,3,1
2292812,Kanté,N'Golo Kanté,Midfielder,CHE,0,0,2,12,2
2292812,Loftus-Cheek,Ruben Loftus-Cheek,Midfielder,CHE,1,0,0,1,1
2292812,Chilwell,Benjamin Chilwell,Defender,CHE,1,0,0,1,0
2292812,Pulisic,Christian Pulisic,Midfielder,CHE,1,0,1,3,1
2292812,Cucurella,Marc Cucurella,Defender,CHE,0,0,0,3,1
2292812,Mount,Mason Mount,Midfielder,CHE,0,1,0,3,0
2292812,Havertz,Kai Havertz,Midfielder,CHE,0,0,0,3,0
2292812,James (Reece),Reece James,Defender,CHE,3,0,1,6,0
2292812,Mendy (Edouard),Edouard Mendy,Goalkeeper,CHE,1,0,0,9,0
2292812,Gallagher,Conor Gallagher,Midfielder,CHE,1,0,0,0,0
2292812,Broja,Armando Broja,Forward,CHE,0,0,0,2,0
2292812,Tarkowski,James Tarkowski,Defender,EVE,3,3,2,9,0
2292812,Alli,Bamidele Alli,Midfielder,EVE,0,0,0,1,0
2292812,Pickford,Jordan Pickford,Goalkeeper,EVE,0,0,0,12,0
2292812,Doucouré,Abdoulaye Doucouré,Midfielder,EVE,1,0,0,9,4
2292812,Iwobi,Alex Iwobi,Midfielder,EVE,3,0,2,7,0
2292812,Mina,Yerry Mina,Defender,EVE,3,1,1,3,0
2292812,Gray (Demarai),Demarai Gray,Midfielder,EVE,0,0,0,6,1
2292812,Holgate,Mason Holgate,Defender,EVE,9,1,1,3,2
2292812,Godfrey,Ben Godfrey,Defender,EVE,0,0,0,0,1
2292812,Rúben Vinagre,Rúben Gonçalo Silva Nascimento Vinagre,Defender,EVE,1,0,0,3,1
2292812,Mykolenko,Vitaliy Mykolenko,Defender,EVE,3,1,2,3,0
2292812,Gordon (Anthony),Anthony Gordon,Midfielder,EVE,0,0,0,3,2
2292812,Patterson (Nathan),Nathan Patterson,Defender,EVE,3,0,0,4,2
2292812,McNeil,Dwight McNeil,Midfielder,EVE,0,0,0,5,4
2292813,Duffy,Shane Duffy,Defender,FUL,0,0,0,0,0
2292813,Cairney,Tom Cairney,Midfielder,FUL,0,0,0,0,0
2292813,Ream,Tim Ream,Defender,FUL,5,1,1,8,0
2292813,Kebano,Neeskens Kebano,Midfielder,FUL,0,0,0,5,0
2292813,DeCordova-Reid,Bobby DeCordova-Reid,Midfielder,FUL,1,0,0,7,1
2292813,Tosin,Oluwatosin Adarabioyo,Defender,FUL,7,0,1,5,0
2292813,Mitrovic,Aleksandar Mitrovic,Forward,FUL,3,1,1,7,0
2292813,Reed,Harrison Reed,Midfielder,FUL,3,1,2,5,2
2292813,João Palhinha,João Maria Lobo Alves Palhinha Gonçalves,Midfielder,FUL,1,0,1,4,4
2292813,Rodák,Marek Rodák,Goalkeeper,FUL,0,0,0,11,0
2292813,Pereira,Andreas Pereira,Midfielder,FUL,0,0,0,3,0
2292813,Tete,Kenny Tete,Defender,FUL,5,0,2,4,5
2292813,Robinson (Antonee),Antonee Robinson,Defender,FUL,5,0,2,10,1
2292813,Solomon,Manor Solomon,Midfielder,FUL,0,0,0,4,0
2292813,Milner,James Milner,Midfielder,LIV,0,0,0,2,0
2292813,Henderson (Jordan),Jordan Henderson,Midfielder,LIV,1,0,1,8,0
2292813,Matip,Joel Matip,Defender,LIV,4,1,2,8,3
2292813,Thiago Alcántara,Thiago Alcántara do Nascimento,Midfielder,LIV,0,0,1,8,0
2292813,Firmino,Roberto Firmino Barbosa de Oliveira,Forward,LIV,0,1,0,3,1
2292813,van Dijk,Virgil van Dijk,Defender,LIV,6,0,0,9,1
2292813,Alisson,Alisson Ramses Becker,Goalkeeper,LIV,0,0,0,10,0
2292813,Fabinho,Fabio Henrique Tavares,Midfielder,LIV,0,1,1,6,1
2292813,Salah,Mohamed Salah,Midfielder,LIV,0,0,1,2,0
2292813,Robertson (Andrew),Andrew Robertson,Defender,LIV,1,1,0,2,1
2292813,Alexander-Arnold,Trent Alexander-Arnold,Defender,LIV,2,0,1,6,2
2292813,Díaz,Luis Díaz,Midfielder,LIV,0,0,0,2,0
2292813,Carvalho,Fabio Carvalho,Midfielder,LIV,0,0,2,0,0
2292813,Elliott (Harvey),Harvey Elliott,Midfielder,LIV,0,0,1,4,0
2292813,Núñez,Darwin Núñez,Forward,LIV,0,0,0,0,0
2292814,Klich,Mateusz Klich,Midfielder,LEE,0,0,0,2,0
2292814,Rodrigo,Rodrigo Moreno Machado,Midfielder,LEE,1,0,2,2,0
2292814,Bamford,Patrick Bamford,Forward,LEE,2,0,0,5,0
2292814,Diego Llorente,Diego Javier Llorente Ríos,Defender,LEE,4,1,2,7,1
2292814,Koch,Robin Koch,Defender,LEE,4,2,1,5,3
2292814,Adams (Tyler),Tyler Adams,Midfielder,LEE,2,0,1,8,2
2292814,Harrison,Jack Harrison,Midfielder,LEE,1,0,1,9,1
2292814,Struijk,Pascal Struijk,Defender,LEE,3,0,3,7,3
2292814,Kristensen,Rasmus Kristensen,Defender,LEE,4,0,2,5,1
2292814,Roca,Marc Roca,Midfielder,LEE,0,0,2,6,1
2292814,Greenwood (Sam),Sam Greenwood,Forward,LEE,0,0,0,0,1
2292814,Aaronson,Brenden Aaronson,Midfielder,LEE,0,0,0,3,1
2292814,Meslier,Illan Meslier,Goalkeeper,LEE,0,0,0,10,0
2292814,Summerville,Crysencio Summerville,Midfielder,LEE,0,0,0,1,0
2292814,Gelhardt,Joe Gelhardt,Forward,LEE,1,0,0,0,0
2292814,Jonny,Jonathan Castro Otto,Defender,WOL,0,0,3,7,2
2292814,José Sá,José Pedro Malheiro de Sá,Goalkeeper,WOL,0,0,0,10,0
2292814,Dendoncker (Leander),Leander Dendoncker,Midfielder,WOL,2,0,5,9,2
2292814,Ruben Neves,Rúben Diogo da Silva Neves,Midfielder,WOL,5,2,1,9,3
2292814,Hwang Hee-Chan,Hee-Chan Hwang,Midfielder,WOL,1,0,0,3,0
2292814,Podence,Daniel Podence,Midfielder,WOL,0,0,0,7,1
2292814,Kilman,Max Kilman,Defender,WOL,6,1,0,9,0
2292814,Gibbs-White,Morgan Gibbs-White,Midfielder,WOL,1,0,1,4,0
2292814,Neto,Pedro Neto,Midfielder,WOL,0,0,2,5,1
2292814,Collins,Nathan Collins,Defender,WOL,1,0,2,5,0
2292814,Ait Nouri,Rayan Ait Nouri,Defender,WOL,0,0,0,6,2
2292814,Campbell,Chem Campbell,Midfielder,WOL,0,0,0,0,0
2292815,Mee,Ben Mee,Defender,BRE,1,0,1,4,0
2292815,Jansson,Pontus Jansson,Defender,BRE,8,0,0,1,1
2292815,Norgaard,Christian Norgaard,Midfielder,BRE,0,1,1,8,1
2292815,Toney,Ivan Toney,Forward,BRE,1,0,1,6,0
2292815,Raya Martin,David Raya Martin,Goalkeeper,BRE,0,0,0,11,0
2292815,Dasilva,Pelenda Joshua Dasilva,Midfielder,BRE,0,1,0,0,0
2292815,Henry,Rico Henry,Defender,BRE,1,0,0,5,0
2292815,Janelt,Vitaly Janelt,Midfielder,BRE,1,0,0,7,1
2292815,Jensen,Mathias Jensen,Midfielder,BRE,0,0,0,2,0
2292815,Wissa,Yoane Wissa,Forward,BRE,1,0,1,2,1
2292815,Bech Sørensen,Mads Bech Sørensen,Defender,BRE,1,0,1,0,0
2292815,Lewis-Potter,Keane Lewis-Potter,Midfielder,BRE,0,1,0,1,0
2292815,Baptiste (Shandon),Shandon Baptiste,Midfielder,BRE,1,0,0,0,1
2292815,Dervisoglu,Halil Dervisoglu,Forward,BRE,0,0,0,0,0
2292815,Mbeumo,Bryan Mbeumo,Midfielder,BRE,1,0,2,6,1
2292815,Hickey,Aaron Hickey,Defender,BRE,0,0,1,2,0
2292815,Evans,Jonny Evans,Defender,LEI,5,0,0,5,0
2292815,Ward (Danny),Danny Ward,Goalkeeper,LEI,0,0,0,9,0
2292815,Vardy,Jamie Vardy,Forward,LEI,3,0,0,3,2
2292815,Amartey,Daniel Amartey,Defender,LEI,0,0,0,8,0
2292815,Castagne,Timothy Castagne,Defender,LEI,0,1,1,5,0
2292815,Tielemans,Youri Tielemans,Midfielder,LEI,0,0,0,8,1
2292815,Maddison,James Maddison,Midfielder,LEI,1,0,0,0,0
2292815,Ndidi,Onyinye Wilfred Ndidi,Midfielder,LEI,0,0,1,10,1
2292815,Dewsbury-Hall,Kiernan Dewsbury-Hall,Midfielder,LEI,0,0,2,2,1
2292815,Justin,James Justin,Defender,LEI,1,0,1,4,3
2292815,Daka,Patson Daka,Forward,LEI,0,0,0,0,0
2292815,Fofana (Wesley),Wesley Fofana,Defender,LEI,2,0,5,6,1
2292816,Wood,Chris Wood,Forward,NEW,1,0,0,1,0
2292816,Wilson (Callum),Callum Wilson,Forward,NEW,0,0,0,1,0
2292816,Trippier,Kieran Trippier,Defender,NEW,1,0,4,15,1
2292816,Burn,Dan Burn,Defender,NEW,5,0,0,6,1
2292816,Fraser (Ryan),Ryan Fraser,Midfielder,NEW,0,0,0,1,0
2292816,Pope,Nick Pope,Goalkeeper,NEW,1,0,0,9,0
2292816,Murphy (Jacob),Jacob Murphy,Midfielder,NEW,0,0,0,0,0
2292816,Schär,Fabian Schär,Defender,NEW,4,2,3,8,0
2292816,Targett,Matt Targett,Defender,NEW,1,0,0,10,3
2292816,Saint-Maximin,Allan Saint-Maximin,Midfielder,NEW,0,0,1,5,0
2292816,Almirón,Miguel Almirón,Midfielder,NEW,1,0,0,5,2
2292816,Longstaff (Sean),Sean Longstaff,Midfielder,NEW,0,0,0,0,1
2292816,Joelinton,Joelinton Cássio Apolinário de Lira,Midfielder,NEW,0,0,2,5,1
2292816,Willock,Joseph Willock,Midfielder,NEW,0,0,0,7,2
2292816,Bruno Guimarães,Bruno Guimarães Rodriguez Moura,Midfielder,NEW,0,0,1,10,2
2292816,Botman,Sven Botman,Defender,NEW,0,0,0,0,0
2292816,Colback,Jack Colback,Midfielder,NFO,1,0,1,4,4
2292816,Lingard,Jesse Lingard,Midfielder,NFO,0,0,2,5,0
2292816,Toffolo,Harry Toffolo,Defender,NFO,5,0,1,7,0
2292816,McKenna,Scott McKenna,Defender,NFO,4,3,1,5,0
2292816,Henderson (Dean),Dean Henderson,Goalkeeper,NFO,2,0,0,16,0
2292816,Mangala,Orel Mangala,Midfielder,NFO,0,0,0,1,0
2292816,Niakhaté,Moussa Niakhaté,Defender,NFO,11,0,1,5,0
2292816,Worrall,Joe Worrall,Defender,NFO,3,1,0,2,2
2292816,Awoniyi,Taiwo Awoniyi,Forward,NFO,0,0,0,1,2
2292816,Williams (Neco),Neco Williams,Defender,NFO,3,1,3,6,1
2292816,Surridge,Sam Surridge,Forward,NFO,3,1,0,1,0
2292816,Johnson (Brennan),Brennan Johnson,Midfielder,NFO,0,0,0,1,0
2292816,O'Brien (Lewis),Lewis O'Brien,Midfielder,NFO,4,0,1,13,2
2292816,Mighten,Alex Mighten,Midfielder,NFO,0,0,0,0,0
2292817,Romeu,Oriol Romeu,Midfielder,SOU,1,0,1,8,0
2292817,Redmond,Nathan Redmond,Midfielder,SOU,0,0,0,0,0
2292817,Stephens,Jack Stephens,Defender,SOU,2,1,1,0,1
2292817,Armstrong (Stuart),Stuart Armstrong,Midfielder,SOU,0,0,0,3,1
2292817,Ward-Prowse,James Ward-Prowse,Midfielder,SOU,0,0,1,1,1
2292817,Armstrong (Adam),Adam Armstrong,Forward,SOU,0,0,0,0,0
2292817,Walker-Peters,Kyle Walker-Peters,Defender,SOU,4,1,1,2,0
2292817,Bednarek,Jan Bednarek,Defender,SOU,3,0,2,7,0
2292817,Aribo,Joe Aribo,Midfielder,SOU,1,0,1,2,1
2292817,Valery,Yann Valery,Defender,SOU,3,0,0,2,0
2292817,Diallo,Ibrahima Diallo,Midfielder,SOU,0,0,1,1,0
2292817,Perraud,Romain Perraud,Defender,SOU,0,0,0,0,0
2292817,Djenepo,Moussa Djenepo,Midfielder,SOU,1,1,1,8,0
2292817,Salisu,Mohammed Salisu,Defender,SOU,3,0,3,7,1
2292817,Bazunu,Gavin Bazunu,Goalkeeper,SOU,0,0,0,12,0
2292817,Lavia,Romeo Lavia,Midfielder,SOU,1,0,1,13,1
2292817,Lloris,Hugo Lloris,Goalkeeper,TOT,0,0,0,8,0
2292817,Perisic,Ivan Perisic,Defender,TOT,1,0,0,0,1
2292817,Kane,Harry Kane,Forward,TOT,2,0,0,3,0
2292817,Son,Heung-Min Son,Midfielder,TOT,0,0,0,4,2
2292817,Doherty,Matt Doherty,Defender,TOT,0,1,0,0,0
2292817,Dier,Eric Dier,Defender,TOT,1,0,1,4,0
2292817,Lucas Moura,Lucas Rodrigues Moura da Silva,Midfielder,TOT,0,0,0,0,1
2292817,Davies (Ben),Ben Davies,Defender,TOT,3,0,0,3,1
2292817,Højbjerg,Pierre-Emile Højbjerg,Midfielder,TOT,2,0,0,6,2
2292817,Lenglet,Clément Lenglet,Defender,TOT,1,0,0,0,0
2292817,Sessegnon (Ryan),Kouassi Ryan Sessegnon,Defender,TOT,2,0,0,2,2
2292817,Bentancur,Rodrigo Bentancur,Midfielder,TOT,2,0,1,10,4
2292817,Romero,Cristian Romero,Defender,TOT,2,0,1,7,0
2292817,Bissouma,Yves Bissouma,Midfielder,TOT,0,1,0,0,1
2292817,Emerson Royal,Emerson Aparecido Leite de Souza Junior,Defender,TOT,2,1,0,6,1
2292817,Kulusevski,Dejan Kulusevski,Midfielder,TOT,0,0,0,8,0
2292818,Lallana,Adam Lallana,Midfielder,BHA,1,0,1,4,0
2292818,Welbeck,Danny Welbeck,Forward,BHA,0,0,1,3,2
2292818,Groß,Pascal Groß,Midfielder,BHA,1,0,0,4,0
2292818,Dunk,Lewis Dunk,Defender,BHA,5,1,0,4,0
2292818,March,Solomon March,Midfielder,BHA,3,1,0,6,0
2292818,Webster (Adam),Adam Webster,Defender,BHA,3,1,1,4,1
2292818,Veltman,Joël Veltman,Defender,BHA,6,2,3,6,2
2292818,Trossard,Leandro Trossard,Midfielder,BHA,0,0,1,7,0
2292818,Sanchez,Robert Sanchez,Goalkeeper,BHA,1,0,0,6,0
2292818,Lamptey,Tariq Lamptey,Defender,BHA,0,0,0,0,0
2292818,Mac Allister,Alexis Mac Allister,Midfielder,BHA,0,1,2,9,1
2292818,Mwepu,Enock Mwepu,Midfielder,BHA,0,1,0,2,1
2292818,Undav,Deniz Undav,Forward,BHA,0,0,0,0,0
2292818,Colwill,Levi Colwill,Defender,BHA,0,0,0,0,0
2292818,Moises Caicedo,Moises Caicedo,Midfielder,BHA,3,0,3,9,2
2292818,Cristiano Ronaldo,Cristiano Ronaldo dos Santos Aveiro,Forward,MUN,1,0,0,0,0
2292818,De Gea,David De Gea,Goalkeeper,MUN,0,0,0,4,0
2292818,Eriksen,Christian Eriksen,Midfielder,MUN,1,1,0,8,2
2292818,Maguire,Harry Maguire,Defender,MUN,2,1,4,9,1
2292818,Fred,Frederico Rodrigues de Paula Santos,Midfielder,MUN,1,0,2,4,0
2292818,Shaw,Luke Shaw,Defender,MUN,0,0,2,5,2
2292818,Bruno Fernandes,Bruno Miguel Borges Fernandes,Midfielder,MUN,0,0,0,4,0
2292818,Rashford,Marcus Rashford,Midfielder,MUN,0,0,1,0,0
2292818,van de Beek,Donny van de Beek,Midfielder,MUN,0,0,0,1,0
2292818,McTominay,Scott McTominay,Midfielder,MUN,0,0,2,5,0
2292818,Sancho,Jadon Sancho,Midfielder,MUN,0,0,0,2,0
2292818,Dalot,José Diogo Dalot Teixeira,Defender,MUN,1,0,3,5,1
2292818,Martínez,Lisandro Martínez,Defender,MUN,4,2,1,15,0
2292818,Malacia,Tyrell Malacia,Defender,MUN,0,0,0,0,2
2292818,Elanga,Anthony Elanga,Midfielder,MUN,0,0,0,0,0
2292818,Garnacho,Alejandro Garnacho Ferreyra,Midfielder,MUN,0,0,0,0,0
2292819,Walker,Kyle Walker,Defender,MCI,1,0,0,4,0
2292819,Gundogan,Ilkay Gundogan,Midfielder,MCI,0,0,0,4,0
2292819,De Bruyne,Kevin De Bruyne,Midfielder,MCI,1,0,0,4,0
2292819,Mahrez,Riyad Mahrez,Midfielder,MCI,0,0,0,0,0
2292819,Grealish,Jack Grealish,Midfielder,MCI,0,0,0,6,0
2292819,João Cancelo,João Pedro Cavaco Cancelo,Defender,MCI,0,0,1,8,1
2292819,Ederson,Ederson Santana de Moraes,Goalkeeper,MCI,0,0,0,7,0
2292819,Aké,Nathan Aké,Defender,MCI,2,2,1,4,0
2292819,Phillips (Kalvin),Kalvin Phillips,Midfielder,MCI,0,0,0,2,0
2292819,Bernardo Silva,Bernardo Mota Veiga de Carvalho e Silva,Midfielder,MCI,0,0,0,0,1
2292819,Rúben Dias,Rúben Santos Gato Alves Dias,Defender,MCI,5,0,0,1,0
2292819,Foden,Phil Foden,Midfielder,MCI,0,0,0,4,1
2292819,Rodri,Rodrigo Hernández Cascante,Midfielder,MCI,1,1,1,7,1
2292819,Haaland,Erling Haaland,Forward,MCI,0,0,0,1,0
2292819,Palmer,Cole Palmer,Midfielder,MCI,0,0,0,0,0
2292819,Álvarez,Julián Álvarez,Forward,MCI,0,0,0,0,0
2292819,Fabianski,Lukasz Fabianski,Goalkeeper,WHU,1,0,0,4,0
2292819,Cresswell (Aaron),Aaron Cresswell,Defender,WHU,4,0,2,5,1
2292819,Antonio,Michail Antonio,Forward,WHU,0,0,0,0,0
2292819,Areola,Alphonse Areola,Goalkeeper,WHU,0,0,0,1,0
2292819,Lanzini,Manuel Lanzini,Midfielder,WHU,0,0,0,3,0
2292819,Zouma,Kurt Zouma,Defender,WHU,2,1,1,1,0
2292819,Coufal,Vladimir Coufal,Defender,WHU,1,0,3,3,1
2292819,Benrahma,Said Benrahma,Midfielder,WHU,0,0,0,0,0
2292819,Bowen,Jarrod Bowen,Midfielder,WHU,0,1,2,3,0
2292819,Scamacca,Gianluca Scamacca,Forward,WHU,0,0,0,2,0
2292819,Rice,Declan Rice,Midfielder,WHU,0,1,0,7,3
2292819,Soucek,Tomas Soucek,Midfielder,WHU,2,0,1,6,1
2292819,Fornals,Pablo Fornals,Midfielder,WHU,0,0,2,6,0
2292819,Downes,Flynn Downes,Midfielder,WHU,0,0,0,0,0
2292819,Coventry,Conor Coventry,Midfielder,WHU,0,0,0,0,0
2292819,Johnson (Ben),Ben Johnson,Defender,WHU,6,1,0,3,0
2292820,Xhaka,Granit Xhaka,Midfielder,ARS,1,0,0,2,0
2292820,Partey,Thomas Partey,Midfielder,ARS,0,0,2,5,1
2292820,Odegaard,Martin Odegaard,Midfielder,ARS,0,0,0,10,1
2292820,Tierney,Kieran Tierney,Defender,ARS,0,0,0,1,0
2292820,White (Ben),Ben White,Defender,ARS,2,1,1,1,0
2292820,Eddie Nketiah,Edward Nketiah,Forward,ARS,0,0,0,0,0
2292820,Jesus,Gabriel Fernando de Jesus,Forward,ARS,0,0,0,1,0
2292820,Zinchenko,Oleksandr Zinchenko,Defender,ARS,1,0,2,6,0
2292820,Smith-Rowe,Emile Smith-Rowe,Midfielder,ARS,0,0,0,1,1
2292820,Saka,Bukayo Saka,Midfielder,ARS,0,0,0,4,1
2292820,Tomiyasu,Takehiro Tomiyasu,Defender,ARS,0,0,0,1,0
2292820,Ramsdale,Aaron Ramsdale,Goalkeeper,ARS,1,0,0,7,0
2292820,Gabriel Magalhães,Gabriel dos Santos Magalhães,Defender,ARS,1,0,0,5,2
2292820,Martinelli,Gabriel Teodoro Martinelli Silva,Midfielder,ARS,0,0,1,3,0
2292820,Saliba,William Saliba,Defender,ARS,5,0,2,10,0
2292820,Evans,Jonny Evans,Defender,LEI,3,0,0,2,0
2292820,Ward (Danny),Danny Ward,Goalkeeper,LEI,1,0,0,5,0
2292820,Vardy,Jamie Vardy,Forward,LEI,2,0,0,1,0
2292820,Praet,Dennis Praet,Midfielder,LEI,0,0,0,4,0
2292820,Amartey,Daniel Amartey,Defender,LEI,1,1,0,5,1
2292820,Castagne,Timothy Castagne,Defender,LEI,2,0,1,7,1
2292820,Tielemans,Youri Tielemans,Midfielder,LEI,0,0,0,3,0
2292820,Maddison,James Maddison,Midfielder,LEI,0,0,0,2,0
2292820,Iheanacho,Kelechi Iheanacho,Forward,LEI,0,0,0,0,0
2292820,Ndidi,Onyinye Wilfred Ndidi,Midfielder,LEI,2,0,0,6,3
2292820,Dewsbury-Hall,Kiernan Dewsbury-Hall,Midfielder,LEI,0,0,2,4,0
2292820,Justin,James Justin,Defender,LEI,2,1,0,5,0
2292820,Daka,Patson Daka,Forward,LEI,1,1,1,0,1
2292820,Fofana (Wesley),Wesley Fofana,Defender,LEI,2,1,4,4,1
2292821,Young (Ashley),Ashley Young,Defender,AVL,0,0,0,0,0
2292821,Coutinho,Philippe Coutinho,Midfielder,AVL,0,0,0,6,1
2292821,Ings,Danny Ings,Forward,AVL,1,0,0,2,0
2292821,Martinez,Emiliano Martinez,Goalkeeper,AVL,1,0,0,8,0
2292821,Chambers (Calum),Calum Chambers,Defender,AVL,0,2,0,0,0
2292821,Digne,Lucas Digne,Defender,AVL,3,0,2,1,1
2292821,McGinn,John McGinn,Midfielder,AVL,0,1,2,9,1
2292821,Mings,Tyrone Mings,Defender,AVL,6,0,2,3,0
2292821,Diego Carlos,Diego Carlos Santos Silva,Defender,AVL,1,2,1,6,0
2292821,Watkins,Ollie Watkins,Forward,AVL,0,0,0,3,1
2292821,Buendía,Emiliano Buendía,Midfielder,AVL,0,0,0,2,0
2292821,Cash,Matthew Cash,Defender,AVL,1,1,2,2,2
2292821,Konsa Ngoyo,Ezri Konsa Ngoyo,Defender,AVL,0,0,0,0,0
2292821,Bailey,Leon Bailey,Midfielder,AVL,0,0,0,0,0
2292821,Kamara,Boubacar Kamara,Midfielder,AVL,2,2,2,9,2
2292821,Ramsey (Jacob),Jacob Ramsey,Midfielder,AVL,1,0,3,4,1
2292821,Tarkowski,James Tarkowski,Defender,EVE,3,0,1,4,2
2292821,Rondón,Salomón Rondón,Forward,EVE,0,0,0,1,0
2292821,Coady,Conor Coady,Defender,EVE,4,1,0,3,1
2292821,Alli,Bamidele Alli,Midfielder,EVE,0,0,0,1,0
2292821,Pickford,Jordan Pickford,Goalkeeper,EVE,1,0,1,8,0
2292821,Doucouré,Abdoulaye Doucouré,Midfielder,EVE,0,0,0,4,0
2292821,Iwobi,Alex Iwobi,Midfielder,EVE,1,0,0,6,2
2292821,Gray (Demarai),Demarai Gray,Midfielder,EVE,0,0,0,3,0
2292821,Davies (Tom),Tom Davies,Midfielder,EVE,1,0,0,4,2
2292821,Holgate,Mason Holgate,Defender,EVE,3,1,2,2,1
2292821,Mykolenko,Vitaliy Mykolenko,Defender,EVE,0,1,2,6,0
2292821,Gordon (Anthony),Anthony Gordon,Midfielder,EVE,0,0,0,3,1
2292821,Patterson (Nathan),Nathan Patterson,Defender,EVE,4,2,1,5,1
2292821,McNeil,Dwight McNeil,Midfielder,EVE,0,0,1,2,1
2292821,Mvom Onana,Amadou Mvom Onana,Midfielder,EVE,0,0,0,1,0
2292822,Mee,Ben Mee,Defender,BRE,1,0,2,3,0
2292822,Jansson,Pontus Jansson,Defender,BRE,2,1,1,4,0
2292822,Norgaard,Christian Norgaard,Midfielder,BRE,3,0,1,9,0
2292822,Toney,Ivan Toney,Forward,BRE,0,0,1,0,0
2292822,Raya Martin,David Raya Martin,Goalkeeper,BRE,1,0,0,10,0
2292822,Dasilva,Pelenda Joshua Dasilva,Midfielder,BRE,0,0,1,3,0
2292822,Henry,Rico Henry,Defender,BRE,2,0,1,4,0
2292822,Janelt,Vitaly Janelt,Midfielder,BRE,1,0,0,1,0
2292822,Jensen,Mathias Jensen,Midfielder,BRE,1,0,0,6,2
2292822,Wissa,Yoane Wissa,Forward,BRE,0,0,0,0,0
2292822,Roerslev,Mads Roerslev,Defender,BRE,1,3,0,3,0
2292822,Bech Sørensen,Mads Bech Sørensen,Defender,BRE,0,0,0,0,0
2292822,Onyeka,Frank Onyeka,Midfielder,BRE,0,0,0,0,0
2292822,Baptiste (Shandon),Shandon Baptiste,Midfielder,BRE,0,0,0,1,1
2292822,Mbeumo,Bryan Mbeumo,Midfielder,BRE,0,0,0,2,0
2292822,Hickey,Aaron Hickey,Defender,BRE,1,0,1,0,1
2292822,Cristiano Ronaldo,Cristiano Ronaldo dos Santos Aveiro,Forward,MUN,2,0,0,2,0
2292822,De Gea,David De Gea,Goalkeeper,MUN,0,0,0,5,0
2292822,Eriksen,Christian Eriksen,Midfielder,MUN,2,0,2,5,0
2292822,Varane,Raphael Varane,Defender,MUN,2,0,0,2,1
2292822,Maguire,Harry Maguire,Defender,MUN,2,3,1,4,0
2292822,Fred,Frederico Rodrigues de Paula Santos,Midfielder,MUN,0,0,1,3,1
2292822,Shaw,Luke Shaw,Defender,MUN,2,0,1,1,0
2292822,Bruno Fernandes,Bruno Miguel Borges Fernandes,Midfielder,MUN,1,0,3,5,1
2292822,Rashford,Marcus Rashford,Midfielder,MUN,1,0,0,1,1
2292822,van de Beek,Donny van de Beek,Midfielder,MUN,0,0,0,0,0
2292822,McTominay,Scott McTominay,Midfielder,MUN,3,0,2,5,1
2292822,Sancho,Jadon Sancho,Midfielder,MUN,0,0,0,2,1
2292822,Dalot,José Diogo Dalot Teixeira,Defender,MUN,3,0,0,7,0
2292822,Martínez,Lisandro Martínez,Defender,MUN,2,0,2,3,1
2292822,Malacia,Tyrell Malacia,Defender,MUN,1,0,0,3,0
2292822,Elanga,Anthony Elanga,Midfielder,MUN,0,0,0,0,0
2292823,Lallana,Adam Lallana,Midfielder,BHA,0,0,1,5,1
2292823,Welbeck,Danny Welbeck,Forward,BHA,0,0,0,2,1
2292823,Groß,Pascal Groß,Midfielder,BHA,1,0,0,1,0
2292823,Dunk,Lewis Dunk,Defender,BHA,7,0,2,7,0
2292823,March,Solomon March,Midfielder,BHA,2,0,2,5,0
2292823,Webster (Adam),Adam Webster,Defender,BHA,3,0,0,4,1
2292823,Veltman,Joël Veltman,Defender,BHA,5,1,1,8,2
2292823,Trossard,Leandro Trossard,Midfielder,BHA,0,0,0,7,0
2292823,Sanchez,Robert Sanchez,Goalkeeper,BHA,0,0,0,8,0
2292823,Lamptey,Tariq Lamptey,Defender,BHA,0,0,0,0,0
2292823,Mac Allister,Alexis Mac Allister,Midfielder,BHA,0,0,0,9,5
2292823,Mwepu,Enock Mwepu,Midfielder,BHA,0,0,0,2,0
2292823,Mitoma,Kaoru Mitoma,Midfielder,BHA,0,0,0,0,1
2292823,Moises Caicedo,Moises Caicedo,Midfielder,BHA,1,0,2,8,3
2292823,Wood,Chris Wood,Forward,NEW,0,0,0,0,0
2292823,Wilson (Callum),Callum Wilson,Forward,NEW,0,0,0,0,0
2292823,Trippier,Kieran Trippier,Defender,NEW,3,1,2,5,2
2292823,Burn,Dan Burn,Defender,NEW,6,1,2,3,2
2292823,Pope,Nick Pope,Goalkeeper,NEW,1,0,0,10,0
2292823,Murphy (Jacob),Jacob Murphy,Midfielder,NEW,0,0,1,1,0
2292823,Schär,Fabian Schär,Defender,NEW,8,1,2,5,0
2292823,Saint-Maximin,Allan Saint-Maximin,Midfielder,NEW,0,0,2,4,0
2292823,Almirón,Miguel Almirón,Midfielder,NEW,2,1,1,4,1
2292823,Longstaff (Sean),Sean Longstaff,Midfielder,NEW,0,0,0,0,0
2292823,Joelinton,Joelinton Cássio Apolinário de Lira,Midfielder,NEW,4,0,0,5,1
2292823,Willock,Joseph Willock,Midfielder,NEW,3,1,2,6,0
2292823,Bruno Guimarães,Bruno Guimarães Rodriguez Moura,Midfielder,NEW,1,0,2,12,0
2292823,Botman,Sven Botman,Defender,NEW,4,0,0,7,1
2292824,Azpilicueta,César Azpilicueta,Defender,CHE,1,0,0,1,0
2292824,Thiago Silva,Thiago Emiliano da Silva,Defender,CHE,0,1,0,5,1
2292824,Jorginho,Jorge Luiz Frello Filho,Midfielder,CHE,0,0,1,6,1
2292824,Koulibaly,Kalidou Koulibaly,Defender,CHE,2,0,1,7,4
2292824,Sterling (Raheem),Raheem Sterling,Midfielder,CHE,0,0,0,2,0
2292824,Kanté,N'Golo Kanté,Midfielder,CHE,0,0,1,5,1
2292824,Loftus-Cheek,Ruben Loftus-Cheek,Midfielder,CHE,1,1,0,7,1
2292824,Pulisic,Christian Pulisic,Midfielder,CHE,0,0,0,0,0
2292824,Cucurella,Marc Cucurella,Defender,CHE,0,0,1,4,1
2292824,Mount,Mason Mount,Midfielder,CHE,0,1,0,8,4
2292824,Havertz,Kai Havertz,Midfielder,CHE,1,0,0,4,0
2292824,James (Reece),Reece James,Defender,CHE,0,0,0,4,3
2292824,Mendy (Edouard),Edouard Mendy,Goalkeeper,CHE,0,0,0,6,0
2292824,Gallagher,Conor Gallagher,Midfielder,CHE,0,0,0,0,2
2292824,Broja,Armando Broja,Forward,CHE,0,0,0,0,0
2292824,Lloris,Hugo Lloris,Goalkeeper,TOT,1,0,0,4,0
2292824,Perisic,Ivan Perisic,Defender,TOT,0,0,1,2,0
2292824,Kane,Harry Kane,Forward,TOT,1,0,0,0,1
2292824,Son,Heung-Min Son,Midfielder,TOT,2,0,1,3,0
2292824,Dier,Eric Dier,Defender,TOT,2,1,5,8,1
2292824,Lucas Moura,Lucas Rodrigues Moura da Silva,Midfielder,TOT,0,0,1,1,0
2292824,Davies (Ben),Ben Davies,Defender,TOT,8,0,1,0,0
2292824,Højbjerg,Pierre-Emile Højbjerg,Midfielder,TOT,6,3,0,7,3
2292824,Sessegnon (Ryan),Kouassi Ryan Sessegnon,Defender,TOT,2,0,1,3,0
2292824,Bentancur,Rodrigo Bentancur,Midfielder,TOT,2,2,1,6,2
2292824,Richarlison,Richarlison de Andrade,Midfielder,TOT,0,0,0,1,0
2292824,Romero,Cristian Romero,Defender,TOT,5,1,1,8,3
2292824,Bissouma,Yves Bissouma,Midfielder,TOT,0,0,0,0,0
2292824,Emerson Royal,Emerson Aparecido Leite de Souza Junior,Defender,TOT,3,0,3,5,1
2292824,Kulusevski,Dejan Kulusevski,Midfielder,TOT,0,0,0,4,1
2292825,Guaita,Vicente Guaita,Goalkeeper,CRY,0,0,0,13,0
2292825,Ward (Joel),Joel Ward,Defender,CRY,6,2,1,5,2
2292825,Clyne,Nathaniel Clyne,Defender,CRY,1,0,2,6,2
2292825,Milivojevic,Luka Milivojevic,Midfielder,CRY,0,0,0,1,0
2292825,Ayew (Jordan),Jordan Ayew,Midfielder,CRY,3,0,1,3,1
2292825,Zaha,Wilfried Zaha,Midfielder,CRY,1,0,0,2,0
2292825,Schlupp,Jeffrey Schlupp,Midfielder,CRY,3,0,2,6,4
2292825,Hughes (Will),Will Hughes,Midfielder,CRY,0,0,0,2,0
2292825,Andersen,Joachim Andersen,Defender,CRY,10,4,3,5,0
2292825,Edouard,Odsonne Edouard,Forward,CRY,1,0,0,0,1
2292825,Marc Guehi,Addji Keaninkin Marc-Israel Guehi,Defender,CRY,6,2,2,6,0
2292825,Eze,Eberechi Eze,Midfielder,CRY,0,0,0,8,0
2292825,Mitchell,Tyrick Mitchell,Defender,CRY,2,0,3,6,4
2292825,Richards (Chris),Chris Richards,Defender,CRY,4,1,1,1,0
2292825,Doucoure,Cheick Oumar Doucoure,Midfielder,CRY,0,1,3,7,0
2292825,Olise,Michael Olise,Midfielder,CRY,0,0,0,1,0
2292825,Milner,James Milner,Midfielder,LIV,1,0,2,3,1
2292825,Henderson (Jordan),Jordan Henderson,Midfielder,LIV,0,0,1,4,0
2292825,van Dijk,Virgil van Dijk,Defender,LIV,3,0,0,14,0
2292825,Alisson,Alisson Ramses Becker,Goalkeeper,LIV,0,0,0,6,0
2292825,Fabinho,Fabio Henrique Tavares,Midfielder,LIV,1,0,2,11,2
2292825,Salah,Mohamed Salah,Midfielder,LIV,0,0,0,1,0
2292825,Robertson (Andrew),Andrew Robertson,Defender,LIV,0,0,1,6,0
2292825,Alexander-Arnold,Trent Alexander-Arnold,Defender,LIV,1,0,1,5,1
2292825,Gomez,Joseph Gomez,Defender,LIV,1,0,1,4,0
2292825,Phillips (Nathaniel),Nathaniel Phillips,Defender,LIV,1,0,2,14,1
2292825,Tsimikas,Konstantinos Tsimikas,Defender,LIV,0,0,0,2,2
2292825,Díaz,Luis Díaz,Midfielder,LIV,0,0,1,3,5
2292825,Carvalho,Fabio Carvalho,Midfielder,LIV,0,0,0,1,0
2292825,Elliott (Harvey),Harvey Elliott,Midfielder,LIV,0,0,2,7,3
2292825,Núñez,Darwin Núñez,Forward,LIV,0,0,0,0,0
2292826,Smith (Adam),Adam Smith,Defender,BOU,3,1,0,6,0
2292826,Stanislas,Junior Stanislas,Midfielder,BOU,0,0,0,0,0
2292826,Lowe (Jamal),Jamal Lowe,Midfielder,BOU,0,0,0,0,0
2292826,Moore (Kieffer),Kieffer Moore,Forward,BOU,0,1,0,0,0
2292826,Lerma,Jefferson Lerma,Midfielder,BOU,3,0,0,1,1
2292826,Stacey,Jack Stacey,Defender,BOU,3,0,1,1,0
2292826,Cook (Lewis),Lewis Cook,Midfielder,BOU,1,0,0,0,1
2292826,Pearson,Ben Pearson,Midfielder,BOU,0,0,0,3,1
2292826,Christie,Ryan Christie,Midfielder,BOU,1,1,0,5,1
2292826,Billing,Philip Billing,Midfielder,BOU,0,0,0,1,0
2292826,Tavernier,Marcus Tavernier,Midfielder,BOU,0,0,0,5,0
2292826,Senesi,Marcos Senesi,Defender,BOU,1,0,0,0,0
2292826,Mepham,Chris Mepham,Defender,BOU,4,0,2,1,1
2292826,Travers,Mark Travers,Goalkeeper,BOU,1,0,0,4,0
2292826,Kelly (Lloyd),Lloyd Kelly,Defender,BOU,2,1,3,1,0
2292826,Walker,Kyle Walker,Defender,MCI,0,0,1,2,0
2292826,Gundogan,Ilkay Gundogan,Midfielder,MCI,0,0,0,6,2
2292826,De Bruyne,Kevin De Bruyne,Midfielder,MCI,0,0,0,1,0
2292826,Stones,John Stones,Defender,MCI,0,0,0,1,0
2292826,Mahrez,Riyad Mahrez,Midfielder,MCI,0,0,0,5,0
2292826,Grealish,Jack Grealish,Midfielder,MCI,0,0,0,3,0
2292826,João Cancelo,João Pedro Cavaco Cancelo,Defender,MCI,0,0,0,5,2
2292826,Ederson,Ederson Santana de Moraes,Goalkeeper,MCI,0,0,0,4,0
2292826,Aké,Nathan Aké,Defender,MCI,1,0,0,5,0
2292826,Bernardo Silva,Bernardo Mota Veiga de Carvalho e Silva,Midfielder,MCI,0,0,1,2,0
2292826,Rúben Dias,Rúben Santos Gato Alves Dias,Defender,MCI,2,0,2,3,0
2292826,Foden,Phil Foden,Midfielder,MCI,0,0,1,2,0
2292826,Rodri,Rodrigo Hernández Cascante,Midfielder,MCI,0,1,0,5,0
2292826,Haaland,Erling Haaland,Forward,MCI,1,0,0,0,0
2292826,Álvarez,Julián Álvarez,Forward,MCI,0,0,0,0,0
2292826,Lewis (Rico),Rico Lewis,Defender,MCI,0,0,0,0,0
2292827,Cook (Steve),Steve Cook,Defender,NFO,3,0,0,1,0
2292827,Lingard,Jesse Lingard,Midfielder,NFO,0,0,0,4,0
2292827,Toffolo,Harry Toffolo,Defender,NFO,4,1,1,6,0
2292827,Cafú,Carlos Miguel Ribeiro Dias,Midfielder,NFO,1,0,0,1,0
2292827,McKenna,Scott McKenna,Defender,NFO,4,1,1,2,0
2292827,Henderson (Dean),Dean Henderson,Goalkeeper,NFO,1,0,0,13,0
2292827,Mangala,Orel Mangala,Midfielder,NFO,0,0,1,1,0
2292827,Niakhaté,Moussa Niakhaté,Defender,NFO,7,1,0,2,0
2292827,Worrall,Joe Worrall,Defender,NFO,2,2,0,0,2
2292827,Awoniyi,Taiwo Awoniyi,Forward,NFO,1,0,0,3,0
2292827,Williams (Neco),Neco Williams,Defender,NFO,4,1,1,6,3
2292827,Surridge,Sam Surridge,Forward,NFO,0,0,0,2,0
2292827,Johnson (Brennan),Brennan Johnson,Midfielder,NFO,0,0,0,4,0
2292827,O'Brien (Lewis),Lewis O'Brien,Midfielder,NFO,1,0,1,12,3
2292827,Fabianski,Lukasz Fabianski,Goalkeeper,WHU,0,0,0,12,0
2292827,Cresswell (Aaron),Aaron Cresswell,Defender,WHU,0,0,0,2,0
2292827,Antonio,Michail Antonio,Forward,WHU,0,0,0,0,0
2292827,Lanzini,Manuel Lanzini,Midfielder,WHU,0,0,0,1,0
2292827,Zouma,Kurt Zouma,Defender,WHU,4,0,2,3,1
2292827,Cornet,Maxwel Cornet,Midfielder,WHU,0,0,0,0,0
2292827,Coufal,Vladimir Coufal,Defender,WHU,0,0,2,7,0
2292827,Benrahma,Said Benrahma,Midfielder,WHU,1,1,0,1,0
2292827,Bowen,Jarrod Bowen,Midfielder,WHU,1,1,1,3,0
2292827,Scamacca,Gianluca Scamacca,Forward,WHU,0,0,0,0,0
2292827,Rice,Declan Rice,Midfielder,WHU,3,0,1,13,1
2292827,Soucek,Tomas Soucek,Midfielder,WHU,5,0,0,2,3
2292827,Fornals,Pablo Fornals,Midfielder,WHU,1,0,0,9,1
2292827,Johnson (Ben),Ben Johnson,Defender,WHU,2,1,1,5,0
2292828,Klich,Mateusz Klich,Midfielder,LEE,0,0,0,0,1
2292828,Forshaw,Adam Forshaw,Midfielder,LEE,0,0,0,1,0
2292828,Rodrigo,Rodrigo Moreno Machado,Midfielder,LEE,1,0,0,1,0
2292828,Bamford,Patrick Bamford,Forward,LEE,0,0,0,0,0
2292828,Diego Llorente,Diego Javier Llorente Ríos,Defender,LEE,4,0,3,7,1
2292828,Koch,Robin Koch,Defender,LEE,8,1,1,7,0
2292828,James (Daniel),Daniel James,Midfielder,LEE,0,0,0,3,2
2292828,Adams (Tyler),Tyler Adams,Midfielder,LEE,1,1,1,7,5
2292828,Harrison,Jack Harrison,Midfielder,LEE,1,0,0,5,1
2292828,Struijk,Pascal Struijk,Defender,LEE,2,1,2,3,6
2292828,Kristensen,Rasmus Kristensen,Defender,LEE,1,0,2,7,1
2292828,Sinisterra,Luis Sinisterra,Midfielder,LEE,0,0,0,0,0
2292828,Roca,Marc Roca,Midfielder,LEE,1,0,1,7,3
2292828,Aaronson,Brenden Aaronson,Midfielder,LEE,0,0,0,6,0
2292828,Meslier,Illan Meslier,Goalkeeper,LEE,1,0,0,11,0
2292828,Stephens,Jack Stephens,Defender,SOU,0,0,0,0,1
2292828,Armstrong (Stuart),Stuart Armstrong,Midfielder,SOU,0,0,0,2,0
2292828,Elyounoussi,Mohammed Elyounoussi,Midfielder,SOU,1,0,1,5,0
2292828,Ward-Prowse,James Ward-Prowse,Midfielder,SOU,0,0,0,7,2
2292828,Armstrong (Adam),Adam Armstrong,Forward,SOU,0,0,0,2,0
2292828,Walker-Peters,Kyle Walker-Peters,Defender,SOU,3,0,0,5,1
2292828,Bednarek,Jan Bednarek,Defender,SOU,3,3,1,5,1
2292828,Aribo,Joe Aribo,Midfielder,SOU,0,0,0,4,1
2292828,Adams (Che),Che Adams,Forward,SOU,1,0,0,2,2
2292828,Djenepo,Moussa Djenepo,Midfielder,SOU,0,0,3,7,0
2292828,Salisu,Mohammed Salisu,Defender,SOU,4,0,1,8,1
2292828,Bazunu,Gavin Bazunu,Goalkeeper,SOU,1,0,0,9,0
2292828,Mara,Sékou Mara,Forward,SOU,0,0,0,0,0
2292828,Bella Kotchap,Armel Bella Kotchap,Defender,SOU,4,0,4,4,0
2292828,Lavia,Romeo Lavia,Midfielder,SOU,0,0,4,9,0
2292829,Cairney,Tom Cairney,Midfielder,FUL,0,0,0,2,0
2292829,Ream,Tim Ream,Defender,FUL,4,1,3,5,1
2292829,Kebano,Neeskens Kebano,Midfielder,FUL,1,0,0,8,0
2292829,DeCordova-Reid,Bobby DeCordova-Reid,Midfielder,FUL,1,0,1,6,1
2292829,Tosin,Oluwatosin Adarabioyo,Defender,FUL,3,0,1,3,0
2292829,Mbabu,Kevin Mbabu,Defender,FUL,0,0,0,0,0
2292829,Mitrovic,Aleksandar Mitrovic,Forward,FUL,2,0,0,3,0
2292829,Reed,Harrison Reed,Midfielder,FUL,0,0,1,8,1
2292829,João Palhinha,João Maria Lobo Alves Palhinha Gonçalves,Midfielder,FUL,2,0,0,2,3
2292829,Rodák,Marek Rodák,Goalkeeper,FUL,1,0,0,7,0
2292829,Pereira,Andreas Pereira,Midfielder,FUL,2,0,0,3,0
2292829,Tete,Kenny Tete,Defender,FUL,1,0,2,5,1
2292829,Robinson (Antonee),Antonee Robinson,Defender,FUL,3,0,1,3,1
2292829,Francois,Tyrese Francois,Midfielder,FUL,1,0,0,1,0
2292829,Stansfield,Jay Stansfield,Forward,FUL,0,0,0,1,0
2292829,Jonny,Jonathan Castro Otto,Defender,WOL,3,0,0,2,3
2292829,José Sá,José Pedro Malheiro de Sá,Goalkeeper,WOL,0,0,0,8,0
2292829,Dendoncker (Leander),Leander Dendoncker,Midfielder,WOL,2,0,4,4,0
2292829,Traoré (Adama),Adama Traoré,Midfielder,WOL,0,0,0,0,0
2292829,Ruben Neves,Rúben Diogo da Silva Neves,Midfielder,WOL,1,1,2,9,3
2292829,Gonçalo Guedes,Gonçalo Manuel Ganchinho Guedes,Midfielder,WOL,0,0,0,0,0
2292829,Hwang Hee-Chan,Hee-Chan Hwang,Midfielder,WOL,0,0,0,2,1
2292829,Semedo,Nelson Semedo,Defender,WOL,0,0,0,3,0
2292829,Podence,Daniel Podence,Midfielder,WOL,0,0,0,1,0
2292829,Kilman,Max Kilman,Defender,WOL,4,0,0,11,0
2292829,Gibbs-White,Morgan Gibbs-White,Midfielder,WOL,1,0,0,10,1
2292829,Neto,Pedro Neto,Midfielder,WOL,0,0,0,5,1
2292829,Collins,Nathan Collins,Defender,WOL,1,0,2,6,1
2292829,Ait Nouri,Rayan Ait Nouri,Defender,WOL,2,0,0,3,1
2292830,Xhaka,Granit Xhaka,Midfielder,ARS,0,0,0,4,0
2292830,Partey,Thomas Partey,Midfielder,ARS,2,0,0,10,1
2292830,Odegaard,Martin Odegaard,Midfielder,ARS,0,0,0,2,0
2292830,Tierney,Kieran Tierney,Defender,ARS,0,0,1,0,0
2292830,White (Ben),Ben White,Defender,ARS,1,0,2,4,1
2292830,Eddie Nketiah,Edward Nketiah,Forward,ARS,0,0,1,1,0
2292830,Jesus,Gabriel Fernando de Jesus,Forward,ARS,0,0,1,3,2
2292830,Zinchenko,Oleksandr Zinchenko,Defender,ARS,1,0,0,10,1
2292830,Smith-Rowe,Emile Smith-Rowe,Midfielder,ARS,1,0,0,1,0
2292830,Saka,Bukayo Saka,Midfielder,ARS,1,0,3,7,0
2292830,Tomiyasu,Takehiro Tomiyasu,Defender,ARS,1,0,0,1,1
2292830,Ramsdale,Aaron Ramsdale,Goalkeeper,ARS,0,0,0,4,0
2292830,Gabriel Magalhães,Gabriel dos Santos Magalhães,Defender,ARS,9,0,0,3,1
2292830,Sambi Lokonga,Albert Sambi Lokonga,Midfielder,ARS,0,0,0,1,0
2292830,Martinelli,Gabriel Teodoro Martinelli Silva,Midfielder,ARS,0,0,0,3,1
2292830,Saliba,William Saliba,Defender,ARS,3,0,2,6,0
2292830,Smith (Adam),Adam Smith,Defender,BOU,0,1,1,6,1
2292830,Moore (Kieffer),Kieffer Moore,Forward,BOU,1,0,0,4,0
2292830,Lerma,Jefferson Lerma,Midfielder,BOU,2,0,0,7,1
2292830,Cook (Lewis),Lewis Cook,Midfielder,BOU,0,0,1,3,2
2292830,Pearson,Ben Pearson,Midfielder,BOU,1,0,0,0,0
2292830,Christie,Ryan Christie,Midfielder,BOU,0,0,1,2,0
2292830,Billing,Philip Billing,Midfielder,BOU,1,2,0,2,0
2292830,Tavernier,Marcus Tavernier,Midfielder,BOU,0,0,0,7,0
2292830,Senesi,Marcos Senesi,Defender,BOU,1,0,0,2,1
2292830,Mepham,Chris Mepham,Defender,BOU,4,0,2,3,0
2292830,Travers,Mark Travers,Goalkeeper,BOU,0,0,0,5,0
2292830,Kelly (Lloyd),Lloyd Kelly,Defender,BOU,0,1,1,4,2
2292830,Anthony,Jaidon Anthony,Midfielder,BOU,0,0,0,5,0
2292830,Zemura,Jordan Zemura,Defender,BOU,1,0,1,5,1
2292831,Coutinho,Philippe Coutinho,Midfielder,AVL,0,0,0,1,0
2292831,Ings,Danny Ings,Forward,AVL,0,0,0,0,0
2292831,Martinez,Emiliano Martinez,Goalkeeper,AVL,0,0,0,4,0
2292831,Digne,Lucas Digne,Defender,AVL,1,1,1,8,3
2292831,McGinn,John McGinn,Midfielder,AVL,0,0,0,6,3
2292831,Mings,Tyrone Mings,Defender,AVL,3,0,2,7,0
2292831,Watkins,Ollie Watkins,Forward,AVL,0,0,0,2,1
2292831,Buendía,Emiliano Buendía,Midfielder,AVL,0,0,0,4,0
2292831,Cash,Matthew Cash,Defender,AVL,0,0,3,3,2
2292831,Konsa Ngoyo,Ezri Konsa Ngoyo,Defender,AVL,2,1,0,5,1
2292831,Bailey,Leon Bailey,Midfielder,AVL,1,0,0,1,0
2292831,Kamara,Boubacar Kamara,Midfielder,AVL,0,0,1,7,2
2292831,Douglas Luiz,Douglas Luiz Soares de Paulo,Midfielder,AVL,0,0,0,1,0
2292831,Ramsey (Jacob),Jacob Ramsey,Midfielder,AVL,1,0,0,7,0
2292831,Guaita,Vicente Guaita,Goalkeeper,CRY,0,0,0,6,0
2292831,Ward (Joel),Joel Ward,Defender,CRY,2,1,0,3,1
2292831,Milivojevic,Luka Milivojevic,Midfielder,CRY,0,0,1,0,0
2292831,Ayew (Jordan),Jordan Ayew,Midfielder,CRY,1,0,1,4,1
2292831,Zaha,Wilfried Zaha,Midfielder,CRY,0,0,0,3,1
2292831,Schlupp,Jeffrey Schlupp,Midfielder,CRY,1,0,0,3,1
2292831,Hughes (Will),Will Hughes,Midfielder,CRY,0,0,0,1,1
2292831,Andersen,Joachim Andersen,Defender,CRY,3,1,0,4,0
2292831,Edouard,Odsonne Edouard,Forward,CRY,2,0,0,1,1
2292831,Marc Guehi,Addji Keaninkin Marc-Israel Guehi,Defender,CRY,2,0,0,3,0
2292831,Mateta,Jean-Philippe Mateta,Forward,CRY,0,0,1,0,0
2292831,Eze,Eberechi Eze,Midfielder,CRY,0,0,0,7,2
2292831,Mitchell,Tyrick Mitchell,Defender,CRY,0,0,0,9,0
2292831,Richards (Chris),Chris Richards,Defender,CRY,0,0,0,1,0
2292831,Doucoure,Cheick Oumar Doucoure,Midfielder,CRY,0,0,0,7,1
2292831,Olise,Michael Olise,Midfielder,CRY,0,0,0,2,0
2292832,Tarkowski,James Tarkowski,Defender,EVE,4,1,1,7,1
2292832,Rondón,Salomón Rondón,Forward,EVE,0,0,0,0,0
2292832,Coady,Conor Coady,Defender,EVE,5,2,0,4,0
2292832,Pickford,Jordan Pickford,Goalkeeper,EVE,0,0,0,10,0
2292832,Iwobi,Alex Iwobi,Midfielder,EVE,0,0,1,17,1
2292832,Gray (Demarai),Demarai Gray,Midfielder,EVE,0,0,0,4,1
2292832,Davies (Tom),Tom Davies,Midfielder,EVE,0,0,1,2,1
2292832,Holgate,Mason Holgate,Defender,EVE,3,0,2,5,1
2292832,Mykolenko,Vitaliy Mykolenko,Defender,EVE,0,0,2,9,0
2292832,Gordon (Anthony),Anthony Gordon,Midfielder,EVE,0,0,0,6,1
2292832,Patterson (Nathan),Nathan Patterson,Defender,EVE,1,0,2,5,2
2292832,McNeil,Dwight McNeil,Midfielder,EVE,0,0,0,3,0
2292832,Mvom Onana,Amadou Mvom Onana,Midfielder,EVE,1,0,2,0,0
2292832,Kouyaté,Cheikhou Kouyaté,Midfielder,NFO,1,0,0,1,0
2292832,Cook (Steve),Steve Cook,Defender,NFO,6,2,0,3,3
2292832,Lingard,Jesse Lingard,Midfielder,NFO,0,0,0,3,0
2292832,Toffolo,Harry Toffolo,Defender,NFO,2,0,1,7,4
2292832,McKenna,Scott McKenna,Defender,NFO,2,0,0,5,0
2292832,Henderson (Dean),Dean Henderson,Goalkeeper,NFO,2,0,0,15,0
2292832,Mangala,Orel Mangala,Midfielder,NFO,0,0,0,8,2
2292832,Yates,Ryan Yates,Midfielder,NFO,1,0,0,1,1
2292832,Worrall,Joe Worrall,Defender,NFO,2,2,0,11,1
2292832,Awoniyi,Taiwo Awoniyi,Forward,NFO,2,0,1,4,0
2292832,Williams (Neco),Neco Williams,Defender,NFO,1,1,0,7,3
2292832,Gibbs-White,Morgan Gibbs-White,Midfielder,NFO,1,0,0,1,1
2292832,Johnson (Brennan),Brennan Johnson,Midfielder,NFO,0,0,0,2,1
2292832,O'Brien (Lewis),Lewis O'Brien,Midfielder,NFO,0,0,0,5,1
2292833,Mee,Ben Mee,Defender,BRE,1,1,1,10,0
2292833,Jansson,Pontus Jansson,Defender,BRE,2,3,1,5,0
2292833,Norgaard,Christian Norgaard,Midfielder,BRE,0,0,2,10,1
2292833,Toney,Ivan Toney,Forward,BRE,0,0,1,2,1
2292833,Raya Martin,David Raya Martin,Goalkeeper,BRE,0,0,0,8,0
2292833,Dasilva,Pelenda Joshua Dasilva,Midfielder,BRE,0,0,0,2,0
2292833,Henry,Rico Henry,Defender,BRE,1,1,0,6,1
2292833,Janelt,Vitaly Janelt,Midfielder,BRE,0,0,0,4,0
2292833,Ghoddos,Saman Ghoddos,Midfielder,BRE,0,0,0,1,0
2292833,Jensen,Mathias Jensen,Midfielder,BRE,0,0,0,2,0
2292833,Wissa,Yoane Wissa,Forward,BRE,1,0,0,1,0
2292833,Lewis-Potter,Keane Lewis-Potter,Midfielder,BRE,0,0,0,2,0
2292833,Baptiste (Shandon),Shandon Baptiste,Midfielder,BRE,1,0,1,0,1
2292833,Mbeumo,Bryan Mbeumo,Midfielder,BRE,1,0,0,3,1
2292833,Hickey,Aaron Hickey,Defender,BRE,1,0,0,1,0
2292833,Duffy,Shane Duffy,Defender,FUL,0,0,0,0,0
2292833,Cairney,Tom Cairney,Midfielder,FUL,0,0,0,2,0
2292833,Leno,Bernd Leno,Goalkeeper,FUL,2,0,0,6,0
2292833,Ream,Tim Ream,Defender,FUL,4,0,2,4,0
2292833,DeCordova-Reid,Bobby DeCordova-Reid,Midfielder,FUL,0,0,0,3,1
2292833,Tosin,Oluwatosin Adarabioyo,Defender,FUL,4,1,2,6,0
2292833,Mbabu,Kevin Mbabu,Defender,FUL,0,0,0,3,0
2292833,Mitrovic,Aleksandar Mitrovic,Forward,FUL,0,1,0,4,1
2292833,Reed,Harrison Reed,Midfielder,FUL,1,0,2,4,0
2292833,João Palhinha,João Maria Lobo Alves Palhinha Gonçalves,Midfielder,FUL,3,0,1,4,2
2292833,Pereira,Andreas Pereira,Midfielder,FUL,0,0,1,5,2
2292833,Tete,Kenny Tete,Defender,FUL,3,1,1,4,2
2292833,Robinson (Antonee),Antonee Robinson,Defender,FUL,3,0,1,4,0
2292833,Stansfield,Jay Stansfield,Forward,FUL,1,1,1,6,0
2292834,Azpilicueta,César Azpilicueta,Defender,CHE,0,0,0,0,0
2292834,Thiago Silva,Thiago Emiliano da Silva,Defender,CHE,3,0,3,9,1
2292834,Jorginho,Jorge Luiz Frello Filho,Midfielder,CHE,0,0,1,6,1
2292834,Koulibaly,Kalidou Koulibaly,Defender,CHE,0,1,4,4,2
2292834,Sterling (Raheem),Raheem Sterling,Midfielder,CHE,1,0,0,3,0
2292834,Ziyech,Hakim Ziyech,Midfielder,CHE,0,0,0,0,0
2292834,Loftus-Cheek,Ruben Loftus-Cheek,Midfielder,CHE,3,0,2,5,1
2292834,Chilwell,Benjamin Chilwell,Defender,CHE,0,0,0,1,0
2292834,Pulisic,Christian Pulisic,Midfielder,CHE,0,0,0,0,0
2292834,Cucurella,Marc Cucurella,Defender,CHE,1,0,1,8,0
2292834,Mount,Mason Mount,Midfielder,CHE,0,1,0,3,2
2292834,Havertz,Kai Havertz,Midfielder,CHE,2,0,0,2,1
2292834,James (Reece),Reece James,Defender,CHE,1,0,3,7,1
2292834,Mendy (Edouard),Edouard Mendy,Goalkeeper,CHE,1,0,0,6,0
2292834,Gallagher,Conor Gallagher,Midfielder,CHE,0,0,3,3,1
2292834,Klich,Mateusz Klich,Midfielder,LEE,0,0,0,0,0
2292834,Forshaw,Adam Forshaw,Midfielder,LEE,0,0,0,1,0
2292834,Rodrigo,Rodrigo Moreno Machado,Midfielder,LEE,2,0,0,3,0
2292834,Diego Llorente,Diego Javier Llorente Ríos,Defender,LEE,3,0,2,5,2
2292834,Koch,Robin Koch,Defender,LEE,1,0,2,7,1
2292834,James (Daniel),Daniel James,Midfielder,LEE,1,0,1,2,0
2292834,Adams (Tyler),Tyler Adams,Midfielder,LEE,1,1,3,5,1
2292834,Harrison,Jack Harrison,Midfielder,LEE,1,1,2,5,1
2292834,Struijk,Pascal Struijk,Defender,LEE,2,0,1,2,3
2292834,Kristensen,Rasmus Kristensen,Defender,LEE,3,1,2,2,2
2292834,Sinisterra,Luis Sinisterra,Midfielder,LEE,0,0,2,4,0
2292834,Roca,Marc Roca,Midfielder,LEE,0,2,0,3,2
2292834,Greenwood (Sam),Sam Greenwood,Forward,LEE,0,0,0,1,1
2292834,Aaronson,Brenden Aaronson,Midfielder,LEE,0,0,1,7,1
2292834,Meslier,Illan Meslier,Goalkeeper,LEE,0,0,0,6,0
2292834,Gelhardt,Joe Gelhardt,Forward,LEE,0,0,0,0,0
2292835,Evans,Jonny Evans,Defender,LEI,3,0,1,7,0
2292835,Ward (Danny),Danny Ward,Goalkeeper,LEI,0,0,0,10,0
2292835,Vardy,Jamie Vardy,Forward,LEI,2,0,0,1,0
2292835,Amartey,Daniel Amartey,Defender,LEI,5,0,0,8,1
2292835,Castagne,Timothy Castagne,Defender,LEI,3,0,1,3,0
2292835,Tielemans,Youri Tielemans,Midfielder,LEI,1,0,0,1,0
2292835,Ayoze Pérez,Ayoze Pérez Gutiérrez,Midfielder,LEI,2,0,0,6,1
2292835,Maddison,James Maddison,Midfielder,LEI,0,0,0,0,0
2292835,Iheanacho,Kelechi Iheanacho,Forward,LEI,0,0,0,0,0
2292835,Barnes,Harvey Barnes,Midfielder,LEI,2,0,0,2,0
2292835,Ndidi,Onyinye Wilfred Ndidi,Midfielder,LEI,0,1,3,11,4
2292835,Dewsbury-Hall,Kiernan Dewsbury-Hall,Midfielder,LEI,1,0,0,6,3
2292835,Justin,James Justin,Defender,LEI,0,0,1,7,2
2292835,Daka,Patson Daka,Forward,LEI,1,0,0,1,0
2292835,Armstrong (Stuart),Stuart Armstrong,Midfielder,SOU,0,0,1,1,0
2292835,Elyounoussi,Mohammed Elyounoussi,Midfielder,SOU,2,0,1,7,1
2292835,Ward-Prowse,James Ward-Prowse,Midfielder,SOU,1,0,0,8,1
2292835,Armstrong (Adam),Adam Armstrong,Forward,SOU,1,0,0,2,0
2292835,Walker-Peters,Kyle Walker-Peters,Defender,SOU,3,0,0,6,0
2292835,Aribo,Joe Aribo,Midfielder,SOU,0,0,1,4,3
2292835,Adams (Che),Che Adams,Forward,SOU,0,0,0,1,0
2292835,Lyanco,Lyanco Evangelista Silveira Neves Vojnovic,Defender,SOU,2,0,1,0,0
2292835,Djenepo,Moussa Djenepo,Midfielder,SOU,1,0,3,10,3
2292835,Salisu,Mohammed Salisu,Defender,SOU,3,1,1,7,2
2292835,Bazunu,Gavin Bazunu,Goalkeeper,SOU,0,0,0,10,0
2292835,Mara,Sékou Mara,Forward,SOU,0,0,0,3,0
2292835,Bella Kotchap,Armel Bella Kotchap,Defender,SOU,7,0,0,7,1
2292835,Lavia,Romeo Lavia,Midfielder,SOU,1,1,2,5,1
2292836,Milner,James Milner,Midfielder,LIV,1,0,0,4,0
2292836,Henderson (Jordan),Jordan Henderson,Midfielder,LIV,0,1,0,6,2
2292836,Firmino,Roberto Firmino Barbosa de Oliveira,Forward,LIV,1,0,0,4,2
2292836,van Dijk,Virgil van Dijk,Defender,LIV,2,1,3,9,0
2292836,Alisson,Alisson Ramses Becker,Goalkeeper,LIV,1,0,0,12,0
2292836,Fabinho,Fabio Henrique Tavares,Midfielder,LIV,0,0,0,1,1
2292836,Salah,Mohamed Salah,Midfielder,LIV,0,0,0,1,1
2292836,Robertson (Andrew),Andrew Robertson,Defender,LIV,0,0,0,5,0
2292836,Alexander-Arnold,Trent Alexander-Arnold,Defender,LIV,0,0,0,10,2
2292836,Gomez,Joseph Gomez,Defender,LIV,2,1,2,11,1
2292836,Tsimikas,Konstantinos Tsimikas,Defender,LIV,0,0,1,0,1
2292836,Díaz,Luis Díaz,Midfielder,LIV,0,0,0,4,1
2292836,Carvalho,Fabio Carvalho,Midfielder,LIV,0,0,0,0,0
2292836,Elliott (Harvey),Harvey Elliott,Midfielder,LIV,0,0,0,2,0
2292836,Cristiano Ronaldo,Cristiano Ronaldo dos Santos Aveiro,Forward,MUN,1,0,0,1,0
2292836,De Gea,David De Gea,Goalkeeper,MUN,0,0,0,6,0
2292836,Eriksen,Christian Eriksen,Midfielder,MUN,1,1,0,7,0
2292836,Varane,Raphael Varane,Defender,MUN,8,0,2,3,1
2292836,Fred,Frederico Rodrigues de Paula Santos,Midfielder,MUN,0,0,0,6,2
2292836,Bruno Fernandes,Bruno Miguel Borges Fernandes,Midfielder,MUN,5,0,3,5,2
2292836,Martial,Anthony Martial,Forward,MUN,0,0,0,1,0
2292836,Rashford,Marcus Rashford,Midfielder,MUN,0,0,0,6,0
2292836,van de Beek,Donny van de Beek,Midfielder,MUN,0,0,0,0,0
2292836,McTominay,Scott McTominay,Midfielder,MUN,2,0,2,7,3
2292836,Sancho,Jadon Sancho,Midfielder,MUN,0,0,0,5,1
2292836,Wan-Bissaka,Aaron Wan-Bissaka,Defender,MUN,2,0,0,1,0
2292836,Dalot,José Diogo Dalot Teixeira,Defender,MUN,4,1,3,3,3
2292836,Martínez,Lisandro Martínez,Defender,MUN,7,3,1,4,1
2292836,Malacia,Tyrell Malacia,Defender,MUN,3,0,1,3,4
2292836,Elanga,Anthony Elanga,Midfielder,MUN,0,0,0,2,0
2292837,Walker,Kyle Walker,Defender,MCI,1,0,0,7,0
2292837,Gundogan,Ilkay Gundogan,Midfielder,MCI,1,0,3,7,1
2292837,De Bruyne,Kevin De Bruyne,Midfielder,MCI,0,0,0,2,1
2292837,Stones,John Stones,Defender,MCI,2,0,0,4,0
2292837,João Cancelo,João Pedro Cavaco Cancelo,Defender,MCI,1,1,1,7,0
2292837,Ederson,Ederson Santana de Moraes,Goalkeeper,MCI,0,0,0,15,0
2292837,Aké,Nathan Aké,Defender,MCI,0,0,0,1,0
2292837,Bernardo Silva,Bernardo Mota Veiga de Carvalho e Silva,Midfielder,MCI,1,0,0,5,1
2292837,Rúben Dias,Rúben Santos Gato Alves Dias,Defender,MCI,1,1,1,2,0
2292837,Foden,Phil Foden,Midfielder,MCI,0,0,0,7,1
2292837,Rodri,Rodrigo Hernández Cascante,Midfielder,MCI,5,1,0,5,1
2292837,Haaland,Erling Haaland,Forward,MCI,0,0,0,0,0
2292837,Wood,Chris Wood,Forward,NEW,1,0,0,3,0
2292837,Wilson (Callum),Callum Wilson,Forward,NEW,0,0,1,3,0
2292837,Trippier,Kieran Trippier,Defender,NEW,2,2,1,7,0
2292837,Burn,Dan Burn,Defender,NEW,3,0,1,4,2
2292837,Pope,Nick Pope,Goalkeeper,NEW,0,0,0,11,0
2292837,Krafth,Emil Krafth,Defender,NEW,0,0,0,0,0
2292837,Murphy (Jacob),Jacob Murphy,Midfielder,NEW,0,0,0,0,0
2292837,Schär,Fabian Schär,Defender,NEW,8,1,5,5,1
2292837,Saint-Maximin,Allan Saint-Maximin,Midfielder,NEW,0,0,0,7,0
2292837,Almirón,Miguel Almirón,Midfielder,NEW,0,0,0,8,0
2292837,Longstaff (Sean),Sean Longstaff,Midfielder,NEW,0,0,0,3,0
2292837,Joelinton,Joelinton Cássio Apolinário de Lira,Midfielder,NEW,2,1,3,5,1
2292837,Willock,Joseph Willock,Midfielder,NEW,0,0,0,3,1
2292837,Bruno Guimarães,Bruno Guimarães Rodriguez Moura,Midfielder,NEW,2,1,1,6,2
2292837,Botman,Sven Botman,Defender,NEW,3,1,1,5,0
2292838,Lloris,Hugo Lloris,Goalkeeper,TOT,0,0,0,11,0
2292838,Perisic,Ivan Perisic,Defender,TOT,1,0,0,5,2
2292838,Kane,Harry Kane,Forward,TOT,0,0,0,3,0
2292838,Son,Heung-Min Son,Midfielder,TOT,0,0,1,2,0
2292838,Dier,Eric Dier,Defender,TOT,4,1,1,5,0
2292838,Davies (Ben),Ben Davies,Defender,TOT,4,1,0,3,0
2292838,Højbjerg,Pierre-Emile Højbjerg,Midfielder,TOT,1,2,1,6,0
2292838,Sánchez,Davinson Sánchez,Defender,TOT,5,2,0,1,2
2292838,Sessegnon (Ryan),Kouassi Ryan Sessegnon,Defender,TOT,0,0,0,3,0
2292838,Bentancur,Rodrigo Bentancur,Midfielder,TOT,1,3,0,5,2
2292838,Richarlison,Richarlison de Andrade,Midfielder,TOT,0,0,0,4,0
2292838,Bissouma,Yves Bissouma,Midfielder,TOT,0,0,0,0,0
2292838,Emerson Royal,Emerson Aparecido Leite de Souza Junior,Defender,TOT,1,0,1,6,2
2292838,Kulusevski,Dejan Kulusevski,Midfielder,TOT,0,0,0,2,0
2292838,Moutinho,João Moutinho,Midfielder,WOL,0,0,0,1,1
2292838,Raúl Jiménez,Raul Alonso Jimenez Rodriguez,Forward,WOL,0,0,0,0,0
2292838,Jonny,Jonathan Castro Otto,Defender,WOL,4,0,0,5,1
2292838,José Sá,José Pedro Malheiro de Sá,Goalkeeper,WOL,0,0,0,8,0
2292838,Dendoncker (Leander),Leander Dendoncker,Midfielder,WOL,0,0,0,3,0
2292838,Traoré (Adama),Adama Traoré,Midfielder,WOL,0,0,0,2,0
2292838,Ruben Neves,Rúben Diogo da Silva Neves,Midfielder,WOL,1,0,3,11,2
2292838,Gonçalo Guedes,Gonçalo Manuel Ganchinho Guedes,Midfielder,WOL,0,0,0,3,0
2292838,Hwang Hee-Chan,Hee-Chan Hwang,Midfielder,WOL,0,0,0,1,0
2292838,Semedo,Nelson Semedo,Defender,WOL,0,0,0,2,3
2292838,Podence,Daniel Podence,Midfielder,WOL,0,0,2,1,1
2292838,Kilman,Max Kilman,Defender,WOL,6,1,1,4,1
2292838,Neto,Pedro Neto,Midfielder,WOL,1,0,0,4,0
2292838,Collins,Nathan Collins,Defender,WOL,2,1,0,7,0
2292838,Ait Nouri,Rayan Ait Nouri,Defender,WOL,2,0,0,1,1
2292838,Matheus Nunes,Matheus Luiz Nunes,Midfielder,WOL,0,0,0,5,2
2292839,Lallana,Adam Lallana,Midfielder,BHA,0,0,0,3,0
2292839,Welbeck,Danny Welbeck,Forward,BHA,1,0,0,1,0
2292839,Groß,Pascal Groß,Midfielder,BHA,0,1,1,2,2
2292839,Dunk,Lewis Dunk,Defender,BHA,3,3,1,6,0
2292839,March,Solomon March,Midfielder,BHA,2,1,0,3,1
2292839,Webster (Adam),Adam Webster,Defender,BHA,3,0,2,5,0
2292839,Veltman,Joël Veltman,Defender,BHA,5,2,0,3,2
2292839,Trossard,Leandro Trossard,Midfielder,BHA,0,0,0,5,0
2292839,Estupiñán,Pervis Estupiñán,Defender,BHA,1,0,0,1,0
2292839,Sanchez,Robert Sanchez,Goalkeeper,BHA,0,0,0,14,0
2292839,Mac Allister,Alexis Mac Allister,Midfielder,BHA,1,0,2,12,0
2292839,Mwepu,Enock Mwepu,Midfielder,BHA,0,0,0,2,1
2292839,Mitoma,Kaoru Mitoma,Midfielder,BHA,0,0,0,0,0
2292839,Moises Caicedo,Moises Caicedo,Midfielder,BHA,0,0,0,5,1
2292839,Fabianski,Lukasz Fabianski,Goalkeeper,WHU,0,0,0,9,0
2292839,Cresswell (Aaron),Aaron Cresswell,Defender,WHU,2,0,1,9,0
2292839,Antonio,Michail Antonio,Forward,WHU,0,0,0,2,0
2292839,Lanzini,Manuel Lanzini,Midfielder,WHU,0,0,0,0,0
2292839,Zouma,Kurt Zouma,Defender,WHU,2,1,2,4,0
2292839,Cornet,Maxwel Cornet,Midfielder,WHU,0,0,0,2,0
2292839,Coufal,Vladimir Coufal,Defender,WHU,2,1,1,1,0
2292839,Benrahma,Said Benrahma,Midfielder,WHU,1,0,0,3,1
2292839,Bowen,Jarrod Bowen,Midfielder,WHU,0,1,0,4,1
2292839,Scamacca,Gianluca Scamacca,Forward,WHU,0,0,0,1,0
2292839,Kehrer,Thilo Kehrer,Defender,WHU,3,0,2,5,0
2292839,Rice,Declan Rice,Midfielder,WHU,1,0,3,12,0
2292839,Soucek,Tomas Soucek,Midfielder,WHU,0,1,2,4,2
2292839,Fornals,Pablo Fornals,Midfielder,WHU,0,0,2,5,0
2292839,Johnson (Ben),Ben Johnson,Defender,WHU,0,0,0,1,1
2292840,Xhaka,Granit Xhaka,Midfielder,ARS,1,0,1,7,0
2292840,Elneny,Mohamed Elneny,Midfielder,ARS,0,0,0,8,1
2292840,Holding,Rob Holding,Defender,ARS,0,0,0,0,0
2292840,Odegaard,Martin Odegaard,Midfielder,ARS,1,0,0,11,2
2292840,Tierney,Kieran Tierney,Defender,ARS,0,1,2,2,0
2292840,White (Ben),Ben White,Defender,ARS,0,1,0,5,2
2292840,Eddie Nketiah,Edward Nketiah,Forward,ARS,1,0,0,0,1
2292840,Jesus,Gabriel Fernando de Jesus,Forward,ARS,0,0,1,3,0
2292840,Saka,Bukayo Saka,Midfielder,ARS,0,0,1,3,0
2292840,Tomiyasu,Takehiro Tomiyasu,Defender,ARS,0,0,1,1,0
2292840,Ramsdale,Aaron Ramsdale,Goalkeeper,ARS,0,0,0,7,0
2292840,Gabriel Magalhães,Gabriel dos Santos Magalhães,Defender,ARS,1,0,1,5,2
2292840,Martinelli,Gabriel Teodoro Martinelli Silva,Midfielder,ARS,0,0,0,2,2
2292840,Saliba,William Saliba,Defender,ARS,1,0,0,6,1
2292840,Cairney,Tom Cairney,Midfielder,FUL,0,0,0,2,0
2292840,Leno,Bernd Leno,Goalkeeper,FUL,0,0,0,13,0
2292840,Ream,Tim Ream,Defender,FUL,7,1,5,4,2
2292840,Chalobah (Nathaniel),Nathaniel Chalobah,Midfielder,FUL,0,0,0,0,0
2292840,Kebano,Neeskens Kebano,Midfielder,FUL,0,0,0,2,0
2292840,DeCordova-Reid,Bobby DeCordova-Reid,Midfielder,FUL,2,2,1,3,0
2292840,Tosin,Oluwatosin Adarabioyo,Defender,FUL,3,2,2,7,2
2292840,Mbabu,Kevin Mbabu,Defender,FUL,1,0,0,0,0
2292840,Mitrovic,Aleksandar Mitrovic,Forward,FUL,2,0,0,2,0
2292840,Reed,Harrison Reed,Midfielder,FUL,2,0,0,3,0
2292840,João Palhinha,João Maria Lobo Alves Palhinha Gonçalves,Midfielder,FUL,3,0,2,6,2
2292840,Pereira,Andreas Pereira,Midfielder,FUL,0,0,0,3,0
2292840,Tete,Kenny Tete,Defender,FUL,3,2,1,4,1
2292840,Robinson (Antonee),Antonee Robinson,Defender,FUL,5,2,3,11,4
2292840,Diop,Issa Diop,Defender,FUL,1,1,0,0,0
2292840,Stansfield,Jay Stansfield,Forward,FUL,0,0,0,0,0
2292841,Coutinho,Philippe Coutinho,Midfielder,AVL,0,0,0,1,0
2292841,Ings,Danny Ings,Forward,AVL,0,0,0,2,0
2292841,Martinez,Emiliano Martinez,Goalkeeper,AVL,0,0,0,9,0
2292841,Chambers (Calum),Calum Chambers,Defender,AVL,1,1,3,7,2
2292841,Digne,Lucas Digne,Defender,AVL,1,1,0,11,1
2292841,McGinn,John McGinn,Midfielder,AVL,0,0,1,6,2
2292841,Watkins,Ollie Watkins,Forward,AVL,0,0,2,3,0
2292841,Buendía,Emiliano Buendía,Midfielder,AVL,0,0,0,2,1
2292841,Cash,Matthew Cash,Defender,AVL,3,0,3,5,2
2292841,Konsa Ngoyo,Ezri Konsa Ngoyo,Defender,AVL,5,0,2,2,1
2292841,Bailey,Leon Bailey,Midfielder,AVL,1,0,0,0,0
2292841,Kamara,Boubacar Kamara,Midfielder,AVL,2,0,0,14,2
2292841,Douglas Luiz,Douglas Luiz Soares de Paulo,Midfielder,AVL,0,0,2,5,0
2292841,Ramsey (Jacob),Jacob Ramsey,Midfielder,AVL,0,0,0,1,0
2292841,Archer,Cameron Archer,Forward,AVL,0,0,0,1,0
2292841,Fabianski,Lukasz Fabianski,Goalkeeper,WHU,0,0,0,11,0
2292841,Cresswell (Aaron),Aaron Cresswell,Defender,WHU,3,0,1,1,1
2292841,Antonio,Michail Antonio,Forward,WHU,1,0,0,2,0
2292841,Zouma,Kurt Zouma,Defender,WHU,11,1,0,6,0
2292841,Emerson,Emerson Palmieri dos Santos,Defender,WHU,0,0,1,2,0
2292841,Coufal,Vladimir Coufal,Defender,WHU,3,0,3,4,0
2292841,Benrahma,Said Benrahma,Midfielder,WHU,0,0,0,6,0
2292841,Bowen,Jarrod Bowen,Midfielder,WHU,1,0,0,5,2
2292841,Scamacca,Gianluca Scamacca,Forward,WHU,1,0,0,0,0
2292841,Kehrer,Thilo Kehrer,Defender,WHU,5,0,2,7,1
2292841,Rice,Declan Rice,Midfielder,WHU,3,1,1,7,0
2292841,Soucek,Tomas Soucek,Midfielder,WHU,1,0,4,8,0
2292841,Fornals,Pablo Fornals,Midfielder,WHU,0,0,2,7,1
2292841,Johnson (Ben),Ben Johnson,Defender,WHU,0,0,2,4,1
2292842,Zanka,Mathias Jorgensen,Defender,BRE,2,2,1,2,0
2292842,Mee,Ben Mee,Defender,BRE,6,2,4,5,0
2292842,Norgaard,Christian Norgaard,Midfielder,BRE,0,0,2,7,1
2292842,Toney,Ivan Toney,Forward,BRE,1,0,0,3,0
2292842,Raya Martin,David Raya Martin,Goalkeeper,BRE,0,0,0,9,0
2292842,Dasilva,Pelenda Joshua Dasilva,Midfielder,BRE,0,0,0,7,1
2292842,Henry,Rico Henry,Defender,BRE,1,1,1,2,1
2292842,Janelt,Vitaly Janelt,Midfielder,BRE,0,0,0,1,0
2292842,Jensen,Mathias Jensen,Midfielder,BRE,0,0,0,5,1
2292842,Wissa,Yoane Wissa,Forward,BRE,0,0,0,1,1
2292842,Bech Sørensen,Mads Bech Sørensen,Defender,BRE,0,0,0,0,0
2292842,Lewis-Potter,Keane Lewis-Potter,Midfielder,BRE,0,0,0,1,0
2292842,Baptiste (Shandon),Shandon Baptiste,Midfielder,BRE,0,0,0,0,0
2292842,Damsgaard,Mikkel Damsgaard,Midfielder,BRE,0,0,0,0,0
2292842,Mbeumo,Bryan Mbeumo,Midfielder,BRE,0,0,0,1,0
2292842,Hickey,Aaron Hickey,Defender,BRE,2,0,0,6,1
2292842,Tarkowski,James Tarkowski,Defender,EVE,10,2,2,3,2
2292842,Rondón,Salomón Rondón,Forward,EVE,0,0,0,0,0
2292842,Coady,Conor Coady,Defender,EVE,4,1,0,5,0
2292842,Keane,Michael Keane,Defender,EVE,4,0,0,0,0
2292842,Pickford,Jordan Pickford,Goalkeeper,EVE,2,0,1,8,0
2292842,Iwobi,Alex Iwobi,Midfielder,EVE,2,0,0,4,2
2292842,Gray (Demarai),Demarai Gray,Midfielder,EVE,0,1,1,4,0
2292842,Davies (Tom),Tom Davies,Midfielder,EVE,2,0,1,0,0
2292842,Holgate,Mason Holgate,Defender,EVE,7,0,1,6,0
2292842,Rúben Vinagre,Rúben Gonçalo Silva Nascimento Vinagre,Defender,EVE,0,0,0,1,1
2292842,Mykolenko,Vitaliy Mykolenko,Defender,EVE,1,0,1,3,1
2292842,Gordon (Anthony),Anthony Gordon,Midfielder,EVE,0,0,0,4,4
2292842,Patterson (Nathan),Nathan Patterson,Defender,EVE,1,0,2,7,2
2292842,McNeil,Dwight McNeil,Midfielder,EVE,0,0,0,3,1
2292842,Mvom Onana,Amadou Mvom Onana,Midfielder,EVE,2,1,1,3,3
2292843,Welbeck,Danny Welbeck,Forward,BHA,1,0,0,1,1
2292843,Groß,Pascal Groß,Midfielder,BHA,0,1,0,1,1
2292843,Dunk,Lewis Dunk,Defender,BHA,0,0,0,8,0
2292843,March,Solomon March,Midfielder,BHA,1,0,0,1,1
2292843,Webster (Adam),Adam Webster,Defender,BHA,2,3,2,11,0
2292843,Veltman,Joël Veltman,Defender,BHA,0,0,0,3,1
2292843,Trossard,Leandro Trossard,Midfielder,BHA,0,0,0,3,0
2292843,Estupiñán,Pervis Estupiñán,Defender,BHA,0,0,2,10,1
2292843,Sanchez,Robert Sanchez,Goalkeeper,BHA,0,0,0,8,0
2292843,Lamptey,Tariq Lamptey,Defender,BHA,1,0,0,1,0
2292843,Mac Allister,Alexis Mac Allister,Midfielder,BHA,1,0,0,8,2
2292843,Mwepu,Enock Mwepu,Midfielder,BHA,0,0,0,1,0
2292843,Mitoma,Kaoru Mitoma,Midfielder,BHA,0,0,0,3,2
2292843,Colwill,Levi Colwill,Defender,BHA,1,0,2,1,0
2292843,van Hecke,Jan-Paul van Hecke,Defender,BHA,0,0,0,1,0
2292843,Moises Caicedo,Moises Caicedo,Midfielder,BHA,0,1,3,6,1
2292843,Klich,Mateusz Klich,Midfielder,LEE,0,0,0,5,2
2292843,Forshaw,Adam Forshaw,Midfielder,LEE,0,0,0,2,0
2292843,Rodrigo,Rodrigo Moreno Machado,Midfielder,LEE,3,0,0,2,1
2292843,Diego Llorente,Diego Javier Llorente Ríos,Defender,LEE,1,0,5,14,2
2292843,Koch,Robin Koch,Defender,LEE,3,0,3,9,1
2292843,James (Daniel),Daniel James,Midfielder,LEE,1,0,1,1,0
2292843,Adams (Tyler),Tyler Adams,Midfielder,LEE,1,0,0,4,2
2292843,Harrison,Jack Harrison,Midfielder,LEE,0,0,1,5,1
2292843,Struijk,Pascal Struijk,Defender,LEE,1,0,2,5,0
2292843,Kristensen,Rasmus Kristensen,Defender,LEE,1,1,2,8,1
2292843,Sinisterra,Luis Sinisterra,Midfielder,LEE,0,0,0,1,0
2292843,Roca,Marc Roca,Midfielder,LEE,2,0,1,3,1
2292843,Aaronson,Brenden Aaronson,Midfielder,LEE,1,0,0,2,1
2292843,Meslier,Illan Meslier,Goalkeeper,LEE,0,0,1,6,0
2292843,Gelhardt,Joe Gelhardt,Forward,LEE,0,0,0,1,0
2292844,Azpilicueta,César Azpilicueta,Defender,CHE,6,0,2,2,0
2292844,Thiago Silva,Thiago Emiliano da Silva,Defender,CHE,4,2,0,4,4
2292844,Jorginho,Jorge Luiz Frello Filho,Midfielder,CHE,0,0,0,5,1
2292844,Kovacic,Mateo Kovacic,Midfielder,CHE,0,0,0,1,0
2292844,Sterling (Raheem),Raheem Sterling,Midfielder,CHE,0,0,0,2,0
2292844,Loftus-Cheek,Ruben Loftus-Cheek,Midfielder,CHE,4,1,0,8,1
2292844,Chilwell,Benjamin Chilwell,Defender,CHE,1,0,1,0,0
2292844,Pulisic,Christian Pulisic,Midfielder,CHE,0,0,0,1,0
2292844,Cucurella,Marc Cucurella,Defender,CHE,2,0,1,6,1
2292844,Chalobah (Trevoh),Trevoh Chalobah,Defender,CHE,3,1,0,4,0
2292844,Mount,Mason Mount,Midfielder,CHE,0,0,1,1,1
2292844,Havertz,Kai Havertz,Midfielder,CHE,4,0,0,1,0
2292844,James (Reece),Reece James,Defender,CHE,1,1,1,7,1
2292844,Mendy (Edouard),Edouard Mendy,Goalkeeper,CHE,0,0,0,6,0
2292844,Gallagher,Conor Gallagher,Midfielder,CHE,0,0,0,4,3
2292844,Evans,Jonny Evans,Defender,LEI,3,0,1,6,1
2292844,Ward (Danny),Danny Ward,Goalkeeper,LEI,0,0,0,4,0
2292844,Vardy,Jamie Vardy,Forward,LEI,0,0,0,2,0
2292844,Praet,Dennis Praet,Midfielder,LEI,1,0,0,2,3
2292844,Amartey,Daniel Amartey,Defender,LEI,1,0,2,10,0
2292844,Castagne,Timothy Castagne,Defender,LEI,3,0,1,4,0
2292844,Tielemans,Youri Tielemans,Midfielder,LEI,2,0,1,6,3
2292844,Ayoze Pérez,Ayoze Pérez Gutiérrez,Midfielder,LEI,0,0,0,2,0
2292844,Iheanacho,Kelechi Iheanacho,Forward,LEI,0,0,0,1,0
2292844,Barnes,Harvey Barnes,Midfielder,LEI,0,0,0,3,0
2292844,Ndidi,Onyinye Wilfred Ndidi,Midfielder,LEI,0,0,0,0,0
2292844,Dewsbury-Hall,Kiernan Dewsbury-Hall,Midfielder,LEI,1,0,1,5,0
2292844,Justin,James Justin,Defender,LEI,3,2,1,7,2
2292844,Soumaré,Boubakary Soumaré,Midfielder,LEI,0,0,0,6,1
2292845,Smith (Adam),Adam Smith,Defender,BOU,0,0,0,2,2
2292845,Moore (Kieffer),Kieffer Moore,Forward,BOU,0,1,0,3,1
2292845,Emiliano Marcondes,Emiliano Marcondes Camargo Hansen,Midfielder,BOU,1,0,0,1,0
2292845,Lerma,Jefferson Lerma,Midfielder,BOU,3,0,1,6,1
2292845,Solanke,Dominic Solanke,Forward,BOU,0,0,0,0,0
2292845,Cook (Lewis),Lewis Cook,Midfielder,BOU,0,0,1,7,1
2292845,Pearson,Ben Pearson,Midfielder,BOU,0,0,0,0,0
2292845,Christie,Ryan Christie,Midfielder,BOU,0,0,1,2,1
2292845,Billing,Philip Billing,Midfielder,BOU,1,0,2,5,0
2292845,Tavernier,Marcus Tavernier,Midfielder,BOU,1,0,0,5,0
2292845,Senesi,Marcos Senesi,Defender,BOU,4,0,2,3,2
2292845,Mepham,Chris Mepham,Defender,BOU,4,0,0,4,0
2292845,Travers,Mark Travers,Goalkeeper,BOU,1,0,0,11,0
2292845,Anthony,Jaidon Anthony,Midfielder,BOU,0,0,0,3,0
2292845,Zemura,Jordan Zemura,Defender,BOU,2,0,4,2,4
2292845,Bevan,Owen Bevan,Defender,BOU,0,0,0,1,0
2292845,Milner,James Milner,Midfielder,LIV,0,0,0,3,0
2292845,Henderson (Jordan),Jordan Henderson,Midfielder,LIV,1,0,2,4,1
2292845,Firmino,Roberto Firmino Barbosa de Oliveira,Forward,LIV,0,0,1,4,0
2292845,van Dijk,Virgil van Dijk,Defender,LIV,1,0,1,9,1
2292845,Alisson,Alisson Ramses Becker,Goalkeeper,LIV,1,0,0,7,0
2292845,Fabinho,Fabio Henrique Tavares,Midfielder,LIV,0,0,0,7,4
2292845,Salah,Mohamed Salah,Midfielder,LIV,0,0,0,2,0
2292845,Robertson (Andrew),Andrew Robertson,Defender,LIV,0,0,0,1,0
2292845,Alexander-Arnold,Trent Alexander-Arnold,Defender,LIV,0,0,2,12,2
2292845,Gomez,Joseph Gomez,Defender,LIV,0,1,2,9,0
2292845,Tsimikas,Konstantinos Tsimikas,Defender,LIV,0,0,0,1,0
2292845,Díaz,Luis Díaz,Midfielder,LIV,0,0,1,7,0
2292845,Carvalho,Fabio Carvalho,Midfielder,LIV,0,0,0,2,2
2292845,Elliott (Harvey),Harvey Elliott,Midfielder,LIV,0,0,0,0,0
2292845,Clark (Bobby),Bobby Clark,Midfielder,LIV,0,0,0,0,0
2292845,Bajcetic,Stefan Bajcetic,Midfielder,LIV,0,0,0,3,0
2292846,Guaita,Vicente Guaita,Goalkeeper,CRY,1,0,0,10,0
2292846,Ward (Joel),Joel Ward,Defender,CRY,4,0,1,5,1
2292846,Clyne,Nathaniel Clyne,Defender,CRY,0,0,0,2,0
2292846,Ayew (Jordan),Jordan Ayew,Midfielder,CRY,1,0,0,4,2
2292846,Schlupp,Jeffrey Schlupp,Midfielder,CRY,0,2,1,4,1
2292846,Hughes (Will),Will Hughes,Midfielder,CRY,1,1,0,0,0
2292846,Andersen,Joachim Andersen,Defender,CRY,8,0,0,2,0
2292846,Edouard,Odsonne Edouard,Forward,CRY,0,0,0,6,0
2292846,Marc Guehi,Addji Keaninkin Marc-Israel Guehi,Defender,CRY,5,0,1,4,1
2292846,Mateta,Jean-Philippe Mateta,Forward,CRY,1,0,0,0,0
2292846,Eze,Eberechi Eze,Midfielder,CRY,0,0,0,4,0
2292846,Mitchell,Tyrick Mitchell,Defender,CRY,1,0,0,3,0
2292846,Richards (Chris),Chris Richards,Defender,CRY,1,0,1,0,0
2292846,Doucoure,Cheick Oumar Doucoure,Midfielder,CRY,3,1,1,2,1
2292846,Olise,Michael Olise,Midfielder,CRY,0,0,0,0,0
2292846,Walker,Kyle Walker,Defender,MCI,0,0,0,6,0
2292846,Gundogan,Ilkay Gundogan,Midfielder,MCI,0,0,0,1,0
2292846,De Bruyne,Kevin De Bruyne,Midfielder,MCI,1,0,0,4,1
2292846,Stones,John Stones,Defender,MCI,1,0,0,7,3
2292846,Mahrez,Riyad Mahrez,Midfielder,MCI,0,0,0,1,1
2292846,João Cancelo,João Pedro Cavaco Cancelo,Defender,MCI,0,0,2,2,2
2292846,Ederson,Ederson Santana de Moraes,Goalkeeper,MCI,0,0,0,7,0
2292846,Bernardo Silva,Bernardo Mota Veiga de Carvalho e Silva,Midfielder,MCI,0,0,0,3,0
2292846,Rúben Dias,Rúben Santos Gato Alves Dias,Defender,MCI,1,0,1,5,1
2292846,Foden,Phil Foden,Midfielder,MCI,0,0,1,6,1
2292846,Rodri,Rodrigo Hernández Cascante,Midfielder,MCI,0,0,1,7,1
2292846,Haaland,Erling Haaland,Forward,MCI,0,0,0,1,0
2292846,Palmer,Cole Palmer,Midfielder,MCI,0,0,0,0,0
2292846,Gómez,Sergio Gómez,Defender,MCI,0,0,0,0,0
2292846,Álvarez,Julián Álvarez,Forward,MCI,0,0,0,1,0
2292847,Kouyaté,Cheikhou Kouyaté,Midfielder,NFO,0,0,0,1,0
2292847,Cook (Steve),Steve Cook,Defender,NFO,0,1,5,1,0
2292847,Freuler,Remo Freuler,Midfielder,NFO,0,0,0,0,0
2292847,Lingard,Jesse Lingard,Midfielder,NFO,0,0,0,3,0
2292847,Toffolo,Harry Toffolo,Defender,NFO,2,0,2,6,1
2292847,McKenna,Scott McKenna,Defender,NFO,3,2,0,6,1
2292847,Henderson (Dean),Dean Henderson,Goalkeeper,NFO,1,0,0,4,0
2292847,Yates,Ryan Yates,Midfielder,NFO,0,0,1,10,0
2292847,Worrall,Joe Worrall,Defender,NFO,1,2,2,8,1
2292847,Awoniyi,Taiwo Awoniyi,Forward,NFO,0,0,0,3,0
2292847,Williams (Neco),Neco Williams,Defender,NFO,0,0,0,5,5
2292847,Surridge,Sam Surridge,Forward,NFO,0,0,0,0,0
2292847,Gibbs-White,Morgan Gibbs-White,Midfielder,NFO,0,0,0,5,1
2292847,Dennis (Emmanuel),Emmanuel Bonaventure Dennis,Forward,NFO,0,0,0,2,0
2292847,Johnson (Brennan),Brennan Johnson,Midfielder,NFO,0,0,2,2,1
2292847,O'Brien (Lewis),Lewis O'Brien,Midfielder,NFO,0,0,1,3,1
2292847,Lloris,Hugo Lloris,Goalkeeper,TOT,2,0,0,13,0
2292847,Perisic,Ivan Perisic,Defender,TOT,1,0,1,2,2
2292847,Kane,Harry Kane,Forward,TOT,0,2,0,3,0
2292847,Son,Heung-Min Son,Midfielder,TOT,0,0,0,1,0
2292847,Dier,Eric Dier,Defender,TOT,1,1,1,3,0
2292847,Davies (Ben),Ben Davies,Defender,TOT,3,1,3,2,1
2292847,Højbjerg,Pierre-Emile Højbjerg,Midfielder,TOT,1,1,5,9,0
2292847,Sánchez,Davinson Sánchez,Defender,TOT,10,0,2,5,1
2292847,Sessegnon (Ryan),Kouassi Ryan Sessegnon,Defender,TOT,1,0,1,0,0
2292847,Bentancur,Rodrigo Bentancur,Midfielder,TOT,2,1,2,7,0
2292847,Richarlison,Richarlison de Andrade,Midfielder,TOT,0,0,1,1,0
2292847,Bissouma,Yves Bissouma,Midfielder,TOT,0,1,1,3,1
2292847,Spence,Djed Spence,Defender,TOT,0,0,0,0,0
2292847,Emerson Royal,Emerson Aparecido Leite de Souza Junior,Defender,TOT,3,0,0,6,2
2292847,Kulusevski,Dejan Kulusevski,Midfielder,TOT,0,0,1,9,0
2292848,Cristiano Ronaldo,Cristiano Ronaldo dos Santos Aveiro,Forward,MUN,0,0,0,1,0
2292848,De Gea,David De Gea,Goalkeeper,MUN,0,0,0,9,0
2292848,Casemiro,Carlos Henrique Jose Francisco Venancio,Midfielder,MUN,1,1,0,2,1
2292848,Eriksen,Christian Eriksen,Midfielder,MUN,2,0,0,7,0
2292848,Varane,Raphael Varane,Defender,MUN,6,0,0,8,0
2292848,Fred,Frederico Rodrigues de Paula Santos,Midfielder,MUN,0,0,0,1,0
2292848,Bruno Fernandes,Bruno Miguel Borges Fernandes,Midfielder,MUN,1,0,0,6,0
2292848,Rashford,Marcus Rashford,Midfielder,MUN,0,0,0,2,1
2292848,McTominay,Scott McTominay,Midfielder,MUN,8,0,0,6,1
2292848,Sancho,Jadon Sancho,Midfielder,MUN,1,0,1,4,0
2292848,Dalot,José Diogo Dalot Teixeira,Defender,MUN,3,1,2,6,2
2292848,Martínez,Lisandro Martínez,Defender,MUN,8,0,4,5,0
2292848,Malacia,Tyrell Malacia,Defender,MUN,3,1,3,5,3
2292848,Elanga,Anthony Elanga,Midfielder,MUN,2,0,0,4,0
2292848,Armstrong (Stuart),Stuart Armstrong,Midfielder,SOU,0,0,0,3,2
2292848,Elyounoussi,Mohammed Elyounoussi,Midfielder,SOU,0,0,0,3,0
2292848,Ward-Prowse,James Ward-Prowse,Midfielder,SOU,1,0,5,7,0
2292848,Armstrong (Adam),Adam Armstrong,Forward,SOU,0,0,0,0,0
2292848,Walker-Peters,Kyle Walker-Peters,Defender,SOU,0,2,3,5,0
2292848,Aribo,Joe Aribo,Midfielder,SOU,0,0,0,5,1
2292848,Adams (Che),Che Adams,Forward,SOU,0,0,0,1,0
2292848,Lyanco,Lyanco Evangelista Silveira Neves Vojnovic,Defender,SOU,0,0,0,0,0
2292848,Perraud,Romain Perraud,Defender,SOU,0,0,0,0,0
2292848,Djenepo,Moussa Djenepo,Midfielder,SOU,0,0,1,8,2
2292848,Salisu,Mohammed Salisu,Defender,SOU,5,0,0,7,1
2292848,Bazunu,Gavin Bazunu,Goalkeeper,SOU,2,0,0,10,0
2292848,Mara,Sékou Mara,Forward,SOU,0,0,0,0,0
2292848,Bella Kotchap,Armel Bella Kotchap,Defender,SOU,1,2,2,6,0
2292848,Lavia,Romeo Lavia,Midfielder,SOU,1,1,2,11,2
2292849,Ritchie,Matt Ritchie,Midfielder,NEW,0,0,0,0,0
2292849,Wood,Chris Wood,Forward,NEW,0,1,0,0,0
2292849,Trippier,Kieran Trippier,Defender,NEW,2,0,0,9,2
2292849,Burn,Dan Burn,Defender,NEW,1,0,1,0,1
2292849,Fraser (Ryan),Ryan Fraser,Midfielder,NEW,0,0,0,1,0
2292849,Pope,Nick Pope,Goalkeeper,NEW,2,0,0,11,0
2292849,Murphy (Jacob),Jacob Murphy,Midfielder,NEW,0,0,0,0,0
2292849,Schär,Fabian Schär,Defender,NEW,1,0,1,6,0
2292849,Targett,Matt Targett,Defender,NEW,1,0,0,3,1
2292849,Saint-Maximin,Allan Saint-Maximin,Midfielder,NEW,0,0,1,5,0
2292849,Almirón,Miguel Almirón,Midfielder,NEW,0,0,0,3,2
2292849,Longstaff (Sean),Sean Longstaff,Midfielder,NEW,1,1,0,5,0
2292849,Joelinton,Joelinton Cássio Apolinário de Lira,Midfielder,NEW,1,0,1,8,1
2292849,Willock,Joseph Willock,Midfielder,NEW,0,0,1,1,2
2292849,Anderson (Elliot),Elliot Anderson,Midfielder,NEW,0,1,0,0,1
2292849,Botman,Sven Botman,Defender,NEW,4,1,1,2,0
2292849,Moutinho,João Moutinho,Midfielder,WOL,0,1,1,6,3
2292849,Raúl Jiménez,Raul Alonso Jimenez Rodriguez,Forward,WOL,2,0,0,1,0
2292849,Jonny,Jonathan Castro Otto,Defender,WOL,2,0,0,5,1
2292849,José Sá,José Pedro Malheiro de Sá,Goalkeeper,WOL,0,0,0,12,0
2292849,Dendoncker (Leander),Leander Dendoncker,Midfielder,WOL,0,0,0,0,0
2292849,Ruben Neves,Rúben Diogo da Silva Neves,Midfielder,WOL,6,3,0,11,1
2292849,Gonçalo Guedes,Gonçalo Manuel Ganchinho Guedes,Midfielder,WOL,0,0,0,4,2
2292849,Hwang Hee-Chan,Hee-Chan Hwang,Midfielder,WOL,0,0,0,1,0
2292849,Semedo,Nelson Semedo,Defender,WOL,8,2,0,5,3
2292849,Podence,Daniel Podence,Midfielder,WOL,0,0,0,1,0
2292849,Kilman,Max Kilman,Defender,WOL,8,3,1,3,0
2292849,Neto,Pedro Neto,Midfielder,WOL,0,0,0,6,0
2292849,Collins,Nathan Collins,Defender,WOL,7,2,2,2,0
2292849,Matheus Nunes,Matheus Luiz Nunes,Midfielder,WOL,2,0,0,5,0
2292850,Smith (Adam),Adam Smith,Defender,BOU,1,1,1,2,3
2292850,Neto,Norberto Murara Neto,Goalkeeper,BOU,0,0,0,7,0
2292850,Fredericks,Ryan Fredericks,Defender,BOU,2,0,0,0,0
2292850,Moore (Kieffer),Kieffer Moore,Forward,BOU,0,0,0,0,1
2292850,Lerma,Jefferson Lerma,Midfielder,BOU,5,0,1,11,2
2292850,Solanke,Dominic Solanke,Forward,BOU,0,2,0,2,0
2292850,Cook (Lewis),Lewis Cook,Midfielder,BOU,1,0,2,8,1
2292850,Christie,Ryan Christie,Midfielder,BOU,0,0,0,9,3
2292850,Billing,Philip Billing,Midfielder,BOU,0,0,0,2,0
2292850,Tavernier,Marcus Tavernier,Midfielder,BOU,2,0,1,8,5
2292850,Mepham,Chris Mepham,Defender,BOU,8,0,1,1,3
2292850,Kelly (Lloyd),Lloyd Kelly,Defender,BOU,4,2,1,5,1
2292850,Anthony,Jaidon Anthony,Midfielder,BOU,1,0,0,2,0
2292850,Zemura,Jordan Zemura,Defender,BOU,1,0,1,5,1
2292850,Moutinho,João Moutinho,Midfielder,WOL,1,1,1,4,0
2292850,Raúl Jiménez,Raul Alonso Jimenez Rodriguez,Forward,WOL,0,0,0,2,0
2292850,Jonny,Jonathan Castro Otto,Defender,WOL,1,0,0,8,0
2292850,José Sá,José Pedro Malheiro de Sá,Goalkeeper,WOL,0,0,0,6,0
2292850,Traoré (Adama),Adama Traoré,Midfielder,WOL,0,0,0,2,0
2292850,Ruben Neves,Rúben Diogo da Silva Neves,Midfielder,WOL,2,0,4,10,3
2292850,Gonçalo Guedes,Gonçalo Manuel Ganchinho Guedes,Midfielder,WOL,0,0,0,1,0
2292850,Semedo,Nelson Semedo,Defender,WOL,0,0,1,6,3
2292850,Podence,Daniel Podence,Midfielder,WOL,0,0,0,2,0
2292850,Kilman,Max Kilman,Defender,WOL,4,0,0,10,2
2292850,Neto,Pedro Neto,Midfielder,WOL,0,0,0,7,2
2292850,Collins,Nathan Collins,Defender,WOL,4,0,0,10,1
2292850,Ait Nouri,Rayan Ait Nouri,Defender,WOL,0,0,0,3,0
2292850,Matheus Nunes,Matheus Luiz Nunes,Midfielder,WOL,1,0,0,5,0
2292851,Xhaka,Granit Xhaka,Midfielder,ARS,2,0,0,5,1
2292851,Holding,Rob Holding,Defender,ARS,0,0,0,1,1
2292851,Odegaard,Martin Odegaard,Midfielder,ARS,1,0,0,7,1
2292851,Tierney,Kieran Tierney,Defender,ARS,0,0,1,4,0
2292851,White (Ben),Ben White,Defender,ARS,0,0,0,3,0
2292851,Eddie Nketiah,Edward Nketiah,Forward,ARS,0,0,0,1,0
2292851,Jesus,Gabriel Fernando de Jesus,Forward,ARS,0,0,0,1,0
2292851,Smith-Rowe,Emile Smith-Rowe,Midfielder,ARS,0,0,0,1,0
2292851,Saka,Bukayo Saka,Midfielder,ARS,0,0,0,3,0
2292851,Tomiyasu,Takehiro Tomiyasu,Defender,ARS,0,0,2,3,2
2292851,Ramsdale,Aaron Ramsdale,Goalkeeper,ARS,0,0,0,9,0
2292851,Gabriel Magalhães,Gabriel dos Santos Magalhães,Defender,ARS,4,0,1,4,1
2292851,Sambi Lokonga,Albert Sambi Lokonga,Midfielder,ARS,1,0,3,4,0
2292851,Martinelli,Gabriel Teodoro Martinelli Silva,Midfielder,ARS,1,0,1,2,1
2292851,Saliba,William Saliba,Defender,ARS,1,0,0,11,0
2292851,Coutinho,Philippe Coutinho,Midfielder,AVL,0,0,0,0,0
2292851,Ings,Danny Ings,Forward,AVL,0,0,0,0,0
2292851,Martinez,Emiliano Martinez,Goalkeeper,AVL,0,0,1,8,0
2292851,Digne,Lucas Digne,Defender,AVL,6,0,3,2,0
2292851,McGinn,John McGinn,Midfielder,AVL,1,0,0,3,0
2292851,Mings,Tyrone Mings,Defender,AVL,6,4,1,8,1
2292851,Watkins,Ollie Watkins,Forward,AVL,2,0,0,0,0
2292851,Buendía,Emiliano Buendía,Midfielder,AVL,1,0,0,5,1
2292851,Cash,Matthew Cash,Defender,AVL,2,0,2,2,0
2292851,Konsa Ngoyo,Ezri Konsa Ngoyo,Defender,AVL,1,1,1,5,1
2292851,Bailey,Leon Bailey,Midfielder,AVL,0,0,1,4,1
2292851,Kamara,Boubacar Kamara,Midfielder,AVL,2,2,1,4,1
2292851,Douglas Luiz,Douglas Luiz Soares de Paulo,Midfielder,AVL,0,0,0,0,0
2292851,Ramsey (Jacob),Jacob Ramsey,Midfielder,AVL,2,1,1,8,1
2292852,Zanka,Mathias Jorgensen,Defender,BRE,0,1,3,2,2
2292852,Mee,Ben Mee,Defender,BRE,2,0,1,5,1
2292852,Toney,Ivan Toney,Forward,BRE,1,0,1,1,2
2292852,Raya Martin,David Raya Martin,Goalkeeper,BRE,0,0,0,6,0
2292852,Dasilva,Pelenda Joshua Dasilva,Midfielder,BRE,0,0,0,1,0
2292852,Henry,Rico Henry,Defender,BRE,0,0,2,6,0
2292852,Janelt,Vitaly Janelt,Midfielder,BRE,0,0,4,11,0
2292852,Ghoddos,Saman Ghoddos,Midfielder,BRE,0,0,0,4,0
2292852,Jensen,Mathias Jensen,Midfielder,BRE,0,0,0,1,2
2292852,Wissa,Yoane Wissa,Forward,BRE,0,0,0,0,0
2292852,Lewis-Potter,Keane Lewis-Potter,Midfielder,BRE,1,0,0,3,0
2292852,Onyeka,Frank Onyeka,Midfielder,BRE,1,0,1,1,0
2292852,Baptiste (Shandon),Shandon Baptiste,Midfielder,BRE,0,0,1,8,0
2292852,Damsgaard,Mikkel Damsgaard,Midfielder,BRE,0,0,0,5,0
2292852,Mbeumo,Bryan Mbeumo,Midfielder,BRE,0,0,0,4,0
2292852,Hickey,Aaron Hickey,Defender,BRE,0,2,1,5,6
2292852,Guaita,Vicente Guaita,Goalkeeper,CRY,0,0,0,8,0
2292852,Ward (Joel),Joel Ward,Defender,CRY,2,0,1,9,1
2292852,Clyne,Nathaniel Clyne,Defender,CRY,3,0,0,2,2
2292852,Milivojevic,Luka Milivojevic,Midfielder,CRY,1,0,1,5,1
2292852,Ayew (Jordan),Jordan Ayew,Midfielder,CRY,0,0,0,1,0
2292852,Zaha,Wilfried Zaha,Midfielder,CRY,0,0,0,2,1
2292852,Schlupp,Jeffrey Schlupp,Midfielder,CRY,0,0,0,3,0
2292852,Andersen,Joachim Andersen,Defender,CRY,11,0,1,9,0
2292852,Edouard,Odsonne Edouard,Forward,CRY,0,0,0,3,0
2292852,Marc Guehi,Addji Keaninkin Marc-Israel Guehi,Defender,CRY,2,1,2,7,0
2292852,Mateta,Jean-Philippe Mateta,Forward,CRY,3,0,0,2,0
2292852,Eze,Eberechi Eze,Midfielder,CRY,1,0,1,5,1
2292852,Mitchell,Tyrick Mitchell,Defender,CRY,0,0,0,1,0
2292852,Doucoure,Cheick Oumar Doucoure,Midfielder,CRY,3,0,2,8,5
2292852,Olise,Michael Olise,Midfielder,CRY,0,0,1,6,1
2292853,Welbeck,Danny Welbeck,Forward,BHA,0,0,0,1,0
2292853,Groß,Pascal Groß,Midfielder,BHA,1,0,1,1,1
2292853,Dunk,Lewis Dunk,Defender,BHA,2,0,1,9,2
2292853,March,Solomon March,Midfielder,BHA,0,0,1,5,1
2292853,Webster (Adam),Adam Webster,Defender,BHA,3,0,0,6,0
2292853,Veltman,Joël Veltman,Defender,BHA,1,0,1,3,0
2292853,Trossard,Leandro Trossard,Midfielder,BHA,0,0,0,3,0
2292853,Estupiñán,Pervis Estupiñán,Defender,BHA,1,0,1,4,1
2292853,Sanchez,Robert Sanchez,Goalkeeper,BHA,0,0,0,6,0
2292853,Lamptey,Tariq Lamptey,Defender,BHA,0,0,2,2,1
2292853,Mac Allister,Alexis Mac Allister,Midfielder,BHA,2,0,3,17,2
2292853,Mwepu,Enock Mwepu,Midfielder,BHA,1,0,0,1,1
2292853,Undav,Deniz Undav,Forward,BHA,0,0,0,0,1
2292853,Mitoma,Kaoru Mitoma,Midfielder,BHA,0,0,0,2,1
2292853,Moises Caicedo,Moises Caicedo,Midfielder,BHA,0,0,1,6,1
2292853,Cairney,Tom Cairney,Midfielder,FUL,0,0,0,3,0
2292853,Leno,Bernd Leno,Goalkeeper,FUL,1,0,0,6,0
2292853,Ream,Tim Ream,Defender,FUL,3,1,1,7,1
2292853,Chalobah (Nathaniel),Nathaniel Chalobah,Midfielder,FUL,1,0,0,0,0
2292853,Kebano,Neeskens Kebano,Midfielder,FUL,0,0,0,9,1
2292853,DeCordova-Reid,Bobby DeCordova-Reid,Midfielder,FUL,0,0,1,4,3
2292853,Tosin,Oluwatosin Adarabioyo,Defender,FUL,3,0,2,2,0
2292853,Mitrovic,Aleksandar Mitrovic,Forward,FUL,0,0,0,4,2
2292853,Reed,Harrison Reed,Midfielder,FUL,0,0,0,4,0
2292853,João Palhinha,João Maria Lobo Alves Palhinha Gonçalves,Midfielder,FUL,2,0,1,5,4
2292853,Pereira,Andreas Pereira,Midfielder,FUL,0,0,0,5,2
2292853,Tete,Kenny Tete,Defender,FUL,5,0,1,5,1
2292853,Robinson (Antonee),Antonee Robinson,Defender,FUL,7,0,0,6,1
2292854,Tarkowski,James Tarkowski,Defender,EVE,5,0,2,5,0
2292854,Coady,Conor Coady,Defender,EVE,5,0,2,3,0
2292854,Pickford,Jordan Pickford,Goalkeeper,EVE,0,0,0,10,0
2292854,Iwobi,Alex Iwobi,Midfielder,EVE,2,0,3,4,0
2292854,Gray (Demarai),Demarai Gray,Midfielder,EVE,2,0,1,6,1
2292854,Davies (Tom),Tom Davies,Midfielder,EVE,2,0,0,3,2
2292854,Mykolenko,Vitaliy Mykolenko,Defender,EVE,5,0,3,5,0
2292854,Gordon (Anthony),Anthony Gordon,Midfielder,EVE,2,0,0,7,1
2292854,Patterson (Nathan),Nathan Patterson,Defender,EVE,8,0,2,7,1
2292854,McNeil,Dwight McNeil,Midfielder,EVE,1,0,3,5,5
2292854,Mvom Onana,Amadou Mvom Onana,Midfielder,EVE,2,1,2,6,3
2292854,Klich,Mateusz Klich,Midfielder,LEE,1,0,0,2,1
2292854,Rodrigo,Rodrigo Moreno Machado,Midfielder,LEE,0,0,0,0,0
2292854,Bamford,Patrick Bamford,Forward,LEE,0,0,0,1,0
2292854,Diego Llorente,Diego Javier Llorente Ríos,Defender,LEE,3,0,0,8,3
2292854,Koch,Robin Koch,Defender,LEE,1,0,1,5,1
2292854,James (Daniel),Daniel James,Midfielder,LEE,0,0,0,1,0
2292854,Adams (Tyler),Tyler Adams,Midfielder,LEE,1,1,2,7,1
2292854,Harrison,Jack Harrison,Midfielder,LEE,0,0,0,6,0
2292854,Struijk,Pascal Struijk,Defender,LEE,2,0,3,10,4
2292854,Kristensen,Rasmus Kristensen,Defender,LEE,0,1,2,7,2
2292854,Sinisterra,Luis Sinisterra,Midfielder,LEE,0,0,0,2,0
2292854,Roca,Marc Roca,Midfielder,LEE,1,1,3,8,1
2292854,Aaronson,Brenden Aaronson,Midfielder,LEE,0,0,0,5,0
2292854,Meslier,Illan Meslier,Goalkeeper,LEE,1,0,0,2,0
2292854,Gelhardt,Joe Gelhardt,Forward,LEE,1,0,0,2,0
2292855,Evans,Jonny Evans,Defender,LEI,1,1,7,9,0
2292855,Ward (Danny),Danny Ward,Goalkeeper,LEI,1,0,0,10,0
2292855,Vardy,Jamie Vardy,Forward,LEI,0,0,0,3,0
2292855,Tielemans,Youri Tielemans,Midfielder,LEI,1,0,1,5,1
2292855,Maddison,James Maddison,Midfielder,LEI,0,0,1,7,1
2292855,Iheanacho,Kelechi Iheanacho,Forward,LEI,1,0,0,0,0
2292855,Barnes,Harvey Barnes,Midfielder,LEI,0,0,1,3,0
2292855,Ndidi,Onyinye Wilfred Ndidi,Midfielder,LEI,5,0,3,13,2
2292855,Dewsbury-Hall,Kiernan Dewsbury-Hall,Midfielder,LEI,0,0,1,9,2
2292855,Justin,James Justin,Defender,LEI,4,1,3,7,1
2292855,Soumaré,Boubakary Soumaré,Midfielder,LEI,0,0,0,7,4
2292855,Thomas,Luke Thomas,Defender,LEI,3,0,0,6,2
2292855,Daka,Patson Daka,Forward,LEI,0,0,0,0,0
2292855,Cristiano Ronaldo,Cristiano Ronaldo dos Santos Aveiro,Forward,MUN,0,0,0,2,0
2292855,De Gea,David De Gea,Goalkeeper,MUN,0,0,0,4,0
2292855,Casemiro,Carlos Henrique Jose Francisco Venancio,Midfielder,MUN,0,1,1,5,0
2292855,Eriksen,Christian Eriksen,Midfielder,MUN,0,0,0,7,0
2292855,Varane,Raphael Varane,Defender,MUN,3,0,1,6,0
2292855,Fred,Frederico Rodrigues de Paula Santos,Midfielder,MUN,0,0,0,1,1
2292855,Bruno Fernandes,Bruno Miguel Borges Fernandes,Midfielder,MUN,2,0,0,9,1
2292855,Rashford,Marcus Rashford,Midfielder,MUN,0,0,0,3,0
2292855,McTominay,Scott McTominay,Midfielder,MUN,1,0,2,8,2
2292855,Sancho,Jadon Sancho,Midfielder,MUN,0,0,1,4,0
2292855,Dalot,José Diogo Dalot Teixeira,Defender,MUN,1,0,1,13,4
2292855,Martínez,Lisandro Martínez,Defender,MUN,3,1,0,7,0
2292855,Malacia,Tyrell Malacia,Defender,MUN,0,1,1,3,0
2292855,Elanga,Anthony Elanga,Midfielder,MUN,0,0,1,3,0
2292856,Lloris,Hugo Lloris,Goalkeeper,TOT,0,0,0,6,0
2292856,Perisic,Ivan Perisic,Defender,TOT,0,0,0,5,0
2292856,Kane,Harry Kane,Forward,TOT,0,0,0,2,0
2292856,Son,Heung-Min Son,Midfielder,TOT,0,0,0,0,0
2292856,Dier,Eric Dier,Defender,TOT,4,0,1,3,1
2292856,Davies (Ben),Ben Davies,Defender,TOT,2,0,0,6,0
2292856,Højbjerg,Pierre-Emile Højbjerg,Midfielder,TOT,2,0,0,4,0
2292856,Sánchez,Davinson Sánchez,Defender,TOT,3,1,3,3,1
2292856,Richarlison,Richarlison de Andrade,Midfielder,TOT,1,0,0,2,0
2292856,Bissouma,Yves Bissouma,Midfielder,TOT,1,0,1,3,0
2292856,Emerson Royal,Emerson Aparecido Leite de Souza Junior,Defender,TOT,3,0,1,5,1
2292856,Kulusevski,Dejan Kulusevski,Midfielder,TOT,0,0,0,4,0
2292856,Fabianski,Lukasz Fabianski,Goalkeeper,WHU,0,0,0,8,0
2292856,Ogbonna,Angelo Ogbonna,Defender,WHU,0,0,0,0,0
2292856,Cresswell (Aaron),Aaron Cresswell,Defender,WHU,5,3,0,2,0
2292856,Antonio,Michail Antonio,Forward,WHU,1,0,2,2,0
2292856,Zouma,Kurt Zouma,Defender,WHU,6,0,0,5,1
2292856,Emerson,Emerson Palmieri dos Santos,Defender,WHU,0,0,0,2,0
2292856,Coufal,Vladimir Coufal,Defender,WHU,1,1,1,2,0
2292856,Benrahma,Said Benrahma,Midfielder,WHU,0,0,0,1,0
2292856,Bowen,Jarrod Bowen,Midfielder,WHU,0,0,1,1,1
2292856,Kehrer,Thilo Kehrer,Defender,WHU,2,1,0,2,0
2292856,Rice,Declan Rice,Midfielder,WHU,1,0,1,12,2
2292856,Soucek,Tomas Soucek,Midfielder,WHU,2,2,2,3,4
2292856,Fornals,Pablo Fornals,Midfielder,WHU,3,0,0,3,1
2292856,Lucas Paquetá,Lucas Tolentino Coelho de Lima,Midfielder,WHU,1,0,0,1,0
2292857,Milner,James Milner,Midfielder,LIV,0,0,1,3,1
2292857,Henderson (Jordan),Jordan Henderson,Midfielder,LIV,0,0,1,3,0
2292857,Firmino,Roberto Firmino Barbosa de Oliveira,Forward,LIV,0,0,0,4,1
2292857,van Dijk,Virgil van Dijk,Defender,LIV,3,0,3,3,0
2292857,Alisson,Alisson Ramses Becker,Goalkeeper,LIV,0,0,0,11,0
2292857,Fabinho,Fabio Henrique Tavares,Midfielder,LIV,1,0,0,5,0
2292857,Salah,Mohamed Salah,Midfielder,LIV,0,0,0,1,0
2292857,Robertson (Andrew),Andrew Robertson,Defender,LIV,0,0,0,0,1
2292857,Alexander-Arnold,Trent Alexander-Arnold,Defender,LIV,0,0,0,11,0
2292857,Gomez,Joseph Gomez,Defender,LIV,0,0,1,10,2
2292857,Tsimikas,Konstantinos Tsimikas,Defender,LIV,0,0,0,1,0
2292857,Díaz,Luis Díaz,Midfielder,LIV,0,0,0,7,0
2292857,Carvalho,Fabio Carvalho,Midfielder,LIV,0,0,0,3,0
2292857,Elliott (Harvey),Harvey Elliott,Midfielder,LIV,0,0,0,7,0
2292857,Wood,Chris Wood,Forward,NEW,1,0,0,2,0
2292857,Trippier,Kieran Trippier,Defender,NEW,6,1,0,6,1
2292857,Burn,Dan Burn,Defender,NEW,8,1,4,6,1
2292857,Fraser (Ryan),Ryan Fraser,Midfielder,NEW,2,1,0,2,0
2292857,Pope,Nick Pope,Goalkeeper,NEW,2,0,0,18,0
2292857,Lascelles,Jamaal Lascelles,Defender,NEW,7,1,0,0,0
2292857,Murphy (Jacob),Jacob Murphy,Midfielder,NEW,0,0,0,2,0
2292857,Targett,Matt Targett,Defender,NEW,5,1,3,6,2
2292857,Almirón,Miguel Almirón,Midfielder,NEW,1,0,0,5,1
2292857,Longstaff (Sean),Sean Longstaff,Midfielder,NEW,3,1,2,7,1
2292857,Joelinton,Joelinton Cássio Apolinário de Lira,Midfielder,NEW,3,0,3,10,0
2292857,Willock,Joseph Willock,Midfielder,NEW,4,2,2,5,2
2292857,Anderson (Elliot),Elliot Anderson,Midfielder,NEW,0,0,0,1,1
2292857,Isak,Alexander Isak,Forward,NEW,0,0,1,1,0
2292858,Walker,Kyle Walker,Defender,MCI,2,0,2,6,1
2292858,Gundogan,Ilkay Gundogan,Midfielder,MCI,0,1,0,5,1
2292858,De Bruyne,Kevin De Bruyne,Midfielder,MCI,0,1,0,1,1
2292858,Stones,John Stones,Defender,MCI,2,0,0,8,0
2292858,Mahrez,Riyad Mahrez,Midfielder,MCI,0,0,1,2,0
2292858,João Cancelo,João Pedro Cavaco Cancelo,Defender,MCI,0,0,0,2,0
2292858,Ederson,Ederson Santana de Moraes,Goalkeeper,MCI,0,0,0,6,0
2292858,Bernardo Silva,Bernardo Mota Veiga de Carvalho e Silva,Midfielder,MCI,0,0,0,3,1
2292858,Rúben Dias,Rúben Santos Gato Alves Dias,Defender,MCI,0,0,0,4,1
2292858,Foden,Phil Foden,Midfielder,MCI,0,0,0,3,0
2292858,Rodri,Rodrigo Hernández Cascante,Midfielder,MCI,0,0,1,6,0
2292858,Haaland,Erling Haaland,Forward,MCI,0,0,0,0,1
2292858,Palmer,Cole Palmer,Midfielder,MCI,0,0,0,0,1
2292858,Gómez,Sergio Gómez,Defender,MCI,0,1,0,2,1
2292858,Álvarez,Julián Álvarez,Forward,MCI,1,0,0,1,2
2292858,Lewis (Rico),Rico Lewis,Defender,MCI,1,0,1,1,1
2292858,Kouyaté,Cheikhou Kouyaté,Midfielder,NFO,3,0,0,1,0
2292858,Colback,Jack Colback,Midfielder,NFO,0,0,0,0,0
2292858,Freuler,Remo Freuler,Midfielder,NFO,1,0,2,3,1
2292858,Toffolo,Harry Toffolo,Defender,NFO,0,0,0,1,0
2292858,McKenna,Scott McKenna,Defender,NFO,5,1,2,4,0
2292858,Henderson (Dean),Dean Henderson,Goalkeeper,NFO,2,0,0,7,0
2292858,Yates,Ryan Yates,Midfielder,NFO,1,0,0,4,0
2292858,Worrall,Joe Worrall,Defender,NFO,7,0,1,4,0
2292858,Awoniyi,Taiwo Awoniyi,Forward,NFO,1,0,0,1,1
2292858,Williams (Neco),Neco Williams,Defender,NFO,1,0,6,10,3
2292858,Gibbs-White,Morgan Gibbs-White,Midfielder,NFO,0,0,0,1,0
2292858,Dennis (Emmanuel),Emmanuel Bonaventure Dennis,Forward,NFO,0,0,0,0,1
2292858,Renan Lodi,Renan Augusto Lodi dos Santos,Defender,NFO,2,0,2,2,0
2292858,Johnson (Brennan),Brennan Johnson,Midfielder,NFO,0,0,0,1,0
2292858,O'Brien (Lewis),Lewis O'Brien,Midfielder,NFO,1,1,1,4,1
2292858,Biancone,Giulian Biancone,Defender,NFO,0,0,0,3,1
2292859,Azpilicueta,César Azpilicueta,Defender,CHE,4,0,2,4,0
2292859,Thiago Silva,Thiago Emiliano da Silva,Defender,CHE,8,3,3,9,0
2292859,Jorginho,Jorge Luiz Frello Filho,Midfielder,CHE,1,0,5,4,2
2292859,Koulibaly,Kalidou Koulibaly,Defender,CHE,5,0,1,3,1
2292859,Kovacic,Mateo Kovacic,Midfielder,CHE,1,0,3,6,2
2292859,Sterling (Raheem),Raheem Sterling,Midfielder,CHE,0,0,0,3,0
2292859,Ziyech,Hakim Ziyech,Midfielder,CHE,1,0,2,7,1
2292859,Loftus-Cheek,Ruben Loftus-Cheek,Midfielder,CHE,0,0,2,5,0
2292859,Chilwell,Benjamin Chilwell,Defender,CHE,2,0,1,3,3
2292859,Pulisic,Christian Pulisic,Midfielder,CHE,0,0,0,3,1
2292859,Cucurella,Marc Cucurella,Defender,CHE,2,1,1,6,1
2292859,Mount,Mason Mount,Midfielder,CHE,0,0,0,3,2
2292859,Havertz,Kai Havertz,Midfielder,CHE,2,0,0,4,0
2292859,Mendy (Edouard),Edouard Mendy,Goalkeeper,CHE,0,0,0,11,0
2292859,Broja,Armando Broja,Forward,CHE,0,0,0,2,0
2292859,Elyounoussi,Mohammed Elyounoussi,Midfielder,SOU,4,0,2,7,6
2292859,Ward-Prowse,James Ward-Prowse,Midfielder,SOU,1,0,1,4,0
2292859,Armstrong (Adam),Adam Armstrong,Forward,SOU,0,0,1,7,1
2292859,Walker-Peters,Kyle Walker-Peters,Defender,SOU,2,0,1,4,1
2292859,Aribo,Joe Aribo,Midfielder,SOU,1,0,0,2,0
2292859,Adams (Che),Che Adams,Forward,SOU,4,0,0,3,0
2292859,Lyanco,Lyanco Evangelista Silveira Neves Vojnovic,Defender,SOU,1,1,0,0,0
2292859,Diallo,Ibrahima Diallo,Midfielder,SOU,1,0,0,5,0
2292859,Perraud,Romain Perraud,Defender,SOU,0,0,5,2,2
2292859,Djenepo,Moussa Djenepo,Midfielder,SOU,0,1,0,2,1
2292859,Salisu,Mohammed Salisu,Defender,SOU,5,1,1,5,1
2292859,Bazunu,Gavin Bazunu,Goalkeeper,SOU,1,0,0,11,0
2292859,Bella Kotchap,Armel Bella Kotchap,Defender,SOU,8,0,1,12,0
2292859,Lavia,Romeo Lavia,Midfielder,SOU,0,1,1,6,1
2292860,Young (Ashley),Ashley Young,Defender,AVL,4,0,0,5,3
2292860,Coutinho,Philippe Coutinho,Midfielder,AVL,0,0,0,0,0
2292860,Martinez,Emiliano Martinez,Goalkeeper,AVL,0,0,0,14,0
2292860,Digne,Lucas Digne,Defender,AVL,0,2,1,8,0
2292860,McGinn,John McGinn,Midfielder,AVL,0,1,2,1,0
2292860,Mings,Tyrone Mings,Defender,AVL,6,0,1,7,0
2292860,Watkins,Ollie Watkins,Forward,AVL,1,0,0,2,1
2292860,Buendía,Emiliano Buendía,Midfielder,AVL,0,0,0,0,0
2292860,Cash,Matthew Cash,Defender,AVL,0,0,0,2,0
2292860,Konsa Ngoyo,Ezri Konsa Ngoyo,Defender,AVL,1,0,0,2,0
2292860,Bailey,Leon Bailey,Midfielder,AVL,0,0,0,1,0
2292860,Kamara,Boubacar Kamara,Midfielder,AVL,1,0,0,6,2
2292860,Douglas Luiz,Douglas Luiz Soares de Paulo,Midfielder,AVL,2,0,0,6,1
2292860,Ramsey (Jacob),Jacob Ramsey,Midfielder,AVL,0,0,0,1,2
2292860,Walker,Kyle Walker,Defender,MCI,1,0,1,5,0
2292860,Gundogan,Ilkay Gundogan,Midfielder,MCI,1,0,0,8,1
2292860,De Bruyne,Kevin De Bruyne,Midfielder,MCI,0,0,1,4,0
2292860,Stones,John Stones,Defender,MCI,1,1,0,3,1
2292860,Mahrez,Riyad Mahrez,Midfielder,MCI,0,0,0,3,0
2292860,João Cancelo,João Pedro Cavaco Cancelo,Defender,MCI,0,0,2,7,2
2292860,Ederson,Ederson Santana de Moraes,Goalkeeper,MCI,0,0,0,1,0
2292860,Aké,Nathan Aké,Defender,MCI,1,0,0,1,0
2292860,Bernardo Silva,Bernardo Mota Veiga de Carvalho e Silva,Midfielder,MCI,0,0,0,0,0
2292860,Rúben Dias,Rúben Santos Gato Alves Dias,Defender,MCI,3,0,0,2,0
2292860,Foden,Phil Foden,Midfielder,MCI,0,0,0,5,1
2292860,Rodri,Rodrigo Hernández Cascante,Midfielder,MCI,0,0,1,17,0
2292860,Haaland,Erling Haaland,Forward,MCI,0,0,0,0,0
2292861,Zanka,Mathias Jorgensen,Defender,BRE,1,0,0,1,0
2292861,Mee,Ben Mee,Defender,BRE,5,0,5,5,2
2292861,Jansson,Pontus Jansson,Defender,BRE,6,2,2,2,0
2292861,Toney,Ivan Toney,Forward,BRE,0,0,0,1,1
2292861,Raya Martin,David Raya Martin,Goalkeeper,BRE,0,0,0,8,0
2292861,Dasilva,Pelenda Joshua Dasilva,Midfielder,BRE,1,0,0,1,1
2292861,Henry,Rico Henry,Defender,BRE,1,1,0,4,1
2292861,Janelt,Vitaly Janelt,Midfielder,BRE,1,0,1,10,4
2292861,Jensen,Mathias Jensen,Midfielder,BRE,1,0,4,9,2
2292861,Wissa,Yoane Wissa,Forward,BRE,0,0,0,2,1
2292861,Lewis-Potter,Keane Lewis-Potter,Midfielder,BRE,0,0,0,3,0
2292861,Onyeka,Frank Onyeka,Midfielder,BRE,2,0,0,3,2
2292861,Baptiste (Shandon),Shandon Baptiste,Midfielder,BRE,0,0,0,5,0
2292861,Damsgaard,Mikkel Damsgaard,Midfielder,BRE,1,0,0,1,1
2292861,Mbeumo,Bryan Mbeumo,Midfielder,BRE,1,0,0,4,0
2292861,Hickey,Aaron Hickey,Defender,BRE,1,0,2,9,2
2292861,Ayling,Luke Ayling,Defender,LEE,0,0,0,2,0
2292861,Klich,Mateusz Klich,Midfielder,LEE,0,0,0,2,2
2292861,Bamford,Patrick Bamford,Forward,LEE,0,0,0,1,0
2292861,Diego Llorente,Diego Javier Llorente Ríos,Defender,LEE,2,0,0,6,1
2292861,Koch,Robin Koch,Defender,LEE,2,1,0,4,1
2292861,Adams (Tyler),Tyler Adams,Midfielder,LEE,0,0,1,13,4
2292861,Harrison,Jack Harrison,Midfielder,LEE,0,0,0,2,0
2292861,Struijk,Pascal Struijk,Defender,LEE,3,0,0,4,1
2292861,Sinisterra,Luis Sinisterra,Midfielder,LEE,0,0,1,4,2
2292861,Roca,Marc Roca,Midfielder,LEE,2,0,0,7,0
2292861,Greenwood (Sam),Sam Greenwood,Forward,LEE,0,0,0,1,0
2292861,Aaronson,Brenden Aaronson,Midfielder,LEE,0,0,0,4,2
2292861,Drameh,Cody Drameh,Defender,LEE,1,0,1,5,4
2292861,Meslier,Illan Meslier,Goalkeeper,LEE,1,0,0,6,0
2292861,Summerville,Crysencio Summerville,Midfielder,LEE,0,0,0,1,0
2292861,Gelhardt,Joe Gelhardt,Forward,LEE,1,0,0,2,0
2292862,Welbeck,Danny Welbeck,Forward,BHA,0,0,0,1,0
2292862,Groß,Pascal Groß,Midfielder,BHA,0,0,2,6,2
2292862,Dunk,Lewis Dunk,Defender,BHA,3,0,0,7,0
2292862,March,Solomon March,Midfielder,BHA,1,0,3,4,1
2292862,Webster (Adam),Adam Webster,Defender,BHA,0,0,1,3,1
2292862,Veltman,Joël Veltman,Defender,BHA,0,0,0,7,1
2292862,Trossard,Leandro Trossard,Midfielder,BHA,0,0,2,2,1
2292862,Estupiñán,Pervis Estupiñán,Defender,BHA,0,0,0,0,0
2292862,Sanchez,Robert Sanchez,Goalkeeper,BHA,0,0,0,3,0
2292862,Lamptey,Tariq Lamptey,Defender,BHA,0,0,0,0,0
2292862,Mac Allister,Alexis Mac Allister,Midfielder,BHA,0,0,2,9,1
2292862,Gilmour,Billy Gilmour,Midfielder,BHA,1,0,0,0,0
2292862,Mwepu,Enock Mwepu,Midfielder,BHA,0,0,1,1,2
2292862,Undav,Deniz Undav,Forward,BHA,0,0,0,0,1
2292862,Moises Caicedo,Moises Caicedo,Midfielder,BHA,0,1,2,6,2
2292862,Evans,Jonny Evans,Defender,LEI,4,1,3,4,1
2292862,Ward (Danny),Danny Ward,Goalkeeper,LEI,2,0,0,11,0
2292862,Vardy,Jamie Vardy,Forward,LEI,2,0,1,0,0
2292862,Amartey,Daniel Amartey,Defender,LEI,1,0,1,2,0
2292862,Castagne,Timothy Castagne,Defender,LEI,2,0,0,1,0
2292862,Tielemans,Youri Tielemans,Midfielder,LEI,1,0,1,3,1
2292862,Maddison,James Maddison,Midfielder,LEI,1,0,1,1,2
2292862,Iheanacho,Kelechi Iheanacho,Forward,LEI,0,1,0,1,0
2292862,Barnes,Harvey Barnes,Midfielder,LEI,0,0,0,1,0
2292862,Ndidi,Onyinye Wilfred Ndidi,Midfielder,LEI,6,2,1,8,2
2292862,Dewsbury-Hall,Kiernan Dewsbury-Hall,Midfielder,LEI,0,0,0,2,0
2292862,Justin,James Justin,Defender,LEI,2,0,0,1,1
2292862,Soumaré,Boubakary Soumaré,Midfielder,LEI,3,0,2,3,0
2292862,Thomas,Luke Thomas,Defender,LEI,2,0,1,6,1
2292862,Daka,Patson Daka,Forward,LEI,0,1,1,0,0
2292863,Thiago Silva,Thiago Emiliano da Silva,Defender,CHE,1,0,2,7,3
2292863,Jorginho,Jorge Luiz Frello Filho,Midfielder,CHE,0,0,0,1,0
2292863,Koulibaly,Kalidou Koulibaly,Defender,CHE,5,0,0,11,0
2292863,Kovacic,Mateo Kovacic,Midfielder,CHE,0,0,0,3,1
2292863,Sterling (Raheem),Raheem Sterling,Midfielder,CHE,0,0,0,0,0
2292863,Loftus-Cheek,Ruben Loftus-Cheek,Midfielder,CHE,2,0,0,5,1
2292863,Chilwell,Benjamin Chilwell,Defender,CHE,0,0,0,3,0
2292863,Pulisic,Christian Pulisic,Midfielder,CHE,0,0,0,1,0
2292863,Cucurella,Marc Cucurella,Defender,CHE,0,1,0,2,1
2292863,Mount,Mason Mount,Midfielder,CHE,1,0,0,3,1
2292863,Havertz,Kai Havertz,Midfielder,CHE,0,0,0,0,1
2292863,James (Reece),Reece James,Defender,CHE,0,0,0,5,1
2292863,Mendy (Edouard),Edouard Mendy,Goalkeeper,CHE,0,0,0,6,0
2292863,Gallagher,Conor Gallagher,Midfielder,CHE,0,0,0,3,1
2292863,Broja,Armando Broja,Forward,CHE,0,0,0,2,0
2292863,Fofana (Wesley),Wesley Fofana,Defender,CHE,2,0,1,6,1
2292863,Fabianski,Lukasz Fabianski,Goalkeeper,WHU,0,0,0,5,0
2292863,Ogbonna,Angelo Ogbonna,Defender,WHU,1,0,0,0,0
2292863,Antonio,Michail Antonio,Forward,WHU,0,1,0,0,2
2292863,Zouma,Kurt Zouma,Defender,WHU,12,0,1,3,0
2292863,Emerson,Emerson Palmieri dos Santos,Defender,WHU,1,0,1,5,0
2292863,Cornet,Maxwel Cornet,Midfielder,WHU,0,0,0,1,0
2292863,Coufal,Vladimir Coufal,Defender,WHU,1,0,3,7,3
2292863,Benrahma,Said Benrahma,Midfielder,WHU,0,0,0,0,0
2292863,Bowen,Jarrod Bowen,Midfielder,WHU,0,0,1,4,0
2292863,Kehrer,Thilo Kehrer,Defender,WHU,3,0,1,1,0
2292863,Rice,Declan Rice,Midfielder,WHU,2,0,5,7,0
2292863,Soucek,Tomas Soucek,Midfielder,WHU,3,1,1,6,1
2292863,Fornals,Pablo Fornals,Midfielder,WHU,0,0,1,9,1
2292863,Lucas Paquetá,Lucas Tolentino Coelho de Lima,Midfielder,WHU,4,1,2,5,2
2292864,Tarkowski,James Tarkowski,Defender,EVE,8,4,4,3,0
2292864,Gueye,Idrissa Gueye,Midfielder,EVE,0,0,2,4,0
2292864,Coady,Conor Coady,Defender,EVE,12,0,0,1,0
2292864,Pickford,Jordan Pickford,Goalkeeper,EVE,0,0,0,8,0
2292864,Maupay,Neal Maupay,Forward,EVE,0,0,0,2,0
2292864,Iwobi,Alex Iwobi,Midfielder,EVE,3,0,0,7,1
2292864,Gray (Demarai),Demarai Gray,Midfielder,EVE,0,0,0,2,1
2292864,Davies (Tom),Tom Davies,Midfielder,EVE,0,0,1,4,0
2292864,Mykolenko,Vitaliy Mykolenko,Defender,EVE,4,0,1,1,1
2292864,Gordon (Anthony),Anthony Gordon,Midfielder,EVE,0,0,0,5,0
2292864,Patterson (Nathan),Nathan Patterson,Defender,EVE,1,1,1,8,2
2292864,McNeil,Dwight McNeil,Midfielder,EVE,1,0,0,0,0
2292864,Mvom Onana,Amadou Mvom Onana,Midfielder,EVE,3,0,1,8,6
2292864,Milner,James Milner,Midfielder,LIV,0,0,2,4,0
2292864,Matip,Joel Matip,Defender,LIV,0,0,0,0,0
2292864,Firmino,Roberto Firmino Barbosa de Oliveira,Forward,LIV,0,0,0,4,1
2292864,van Dijk,Virgil van Dijk,Defender,LIV,5,3,2,3,0
2292864,Alisson,Alisson Ramses Becker,Goalkeeper,LIV,1,0,0,6,0
2292864,Fabinho,Fabio Henrique Tavares,Midfielder,LIV,3,0,1,4,1
2292864,Salah,Mohamed Salah,Midfielder,LIV,0,0,0,0,2
2292864,Robertson (Andrew),Andrew Robertson,Defender,LIV,1,0,0,2,0
2292864,Alexander-Arnold,Trent Alexander-Arnold,Defender,LIV,1,0,1,4,0
2292864,Gomez,Joseph Gomez,Defender,LIV,3,1,3,10,4
2292864,Diogo Jota,Diogo José Teixeira da Silva,Midfielder,LIV,0,0,0,1,1
2292864,Tsimikas,Konstantinos Tsimikas,Defender,LIV,1,1,3,5,1
2292864,Díaz,Luis Díaz,Midfielder,LIV,0,0,0,2,1
2292864,Carvalho,Fabio Carvalho,Midfielder,LIV,0,0,0,1,1
2292864,Elliott (Harvey),Harvey Elliott,Midfielder,LIV,0,0,0,5,0
2292864,Núñez,Darwin Núñez,Forward,LIV,0,0,0,3,0
2292865,Xhaka,Granit Xhaka,Midfielder,ARS,1,0,2,4,2
2292865,Odegaard,Martin Odegaard,Midfielder,ARS,0,0,0,5,0
2292865,White (Ben),Ben White,Defender,ARS,0,0,0,1,1
2292865,Eddie Nketiah,Edward Nketiah,Forward,ARS,0,0,0,0,1
2292865,Jesus,Gabriel Fernando de Jesus,Forward,ARS,0,0,0,7,1
2292865,Zinchenko,Oleksandr Zinchenko,Defender,ARS,0,0,0,3,0
2292865,Smith-Rowe,Emile Smith-Rowe,Midfielder,ARS,0,0,0,0,0
2292865,Saka,Bukayo Saka,Midfielder,ARS,0,0,0,1,1
2292865,Tomiyasu,Takehiro Tomiyasu,Defender,ARS,0,0,1,1,0
2292865,Ramsdale,Aaron Ramsdale,Goalkeeper,ARS,1,0,0,7,0
2292865,Gabriel Magalhães,Gabriel dos Santos Magalhães,Defender,ARS,0,1,0,1,1
2292865,Sambi Lokonga,Albert Sambi Lokonga,Midfielder,ARS,1,0,2,6,0
2292865,Fábio Vieira,Fábio Daniel Vieira,Midfielder,ARS,0,0,1,1,0
2292865,Martinelli,Gabriel Teodoro Martinelli Silva,Midfielder,ARS,0,0,0,4,0
2292865,Saliba,William Saliba,Defender,ARS,3,0,0,13,1
2292865,Cristiano Ronaldo,Cristiano Ronaldo dos Santos Aveiro,Forward,MUN,0,0,0,1,0
2292865,De Gea,David De Gea,Goalkeeper,MUN,1,0,0,7,0
2292865,Casemiro,Carlos Henrique Jose Francisco Venancio,Midfielder,MUN,1,1,2,0,1
2292865,Eriksen,Christian Eriksen,Midfielder,MUN,0,1,0,5,0
2292865,Varane,Raphael Varane,Defender,MUN,5,1,0,1,1
2292865,Maguire,Harry Maguire,Defender,MUN,2,0,0,0,0
2292865,Fred,Frederico Rodrigues de Paula Santos,Midfielder,MUN,0,0,1,3,1
2292865,Bruno Fernandes,Bruno Miguel Borges Fernandes,Midfielder,MUN,2,1,1,7,0
2292865,Rashford,Marcus Rashford,Midfielder,MUN,0,0,0,1,0
2292865,McTominay,Scott McTominay,Midfielder,MUN,4,1,0,5,2
2292865,Sancho,Jadon Sancho,Midfielder,MUN,0,0,0,3,0
2292865,Dalot,José Diogo Dalot Teixeira,Defender,MUN,3,0,0,5,1
2292865,Martínez,Lisandro Martínez,Defender,MUN,4,0,0,4,1
2292865,Malacia,Tyrell Malacia,Defender,MUN,2,0,2,7,0
2292865,Antony,Antony Matheus dos Santos,Midfielder,MUN,0,0,1,1,1
2292866,Guaita,Vicente Guaita,Goalkeeper,CRY,0,0,0,4,0
2292866,Ward (Joel),Joel Ward,Defender,CRY,3,0,1,5,2
2292866,Clyne,Nathaniel Clyne,Defender,CRY,0,1,1,0,0
2292866,Ayew (Jordan),Jordan Ayew,Midfielder,CRY,0,0,0,7,2
2292866,Zaha,Wilfried Zaha,Midfielder,CRY,0,0,1,4,0
2292866,Schlupp,Jeffrey Schlupp,Midfielder,CRY,2,0,0,1,2
2292866,Andersen,Joachim Andersen,Defender,CRY,18,2,3,10,1
2292866,Edouard,Odsonne Edouard,Forward,CRY,0,1,0,0,0
2292866,Marc Guehi,Addji Keaninkin Marc-Israel Guehi,Defender,CRY,7,3,1,7,0
2292866,Mateta,Jean-Philippe Mateta,Forward,CRY,2,0,0,5,1
2292866,Eze,Eberechi Eze,Midfielder,CRY,0,0,0,1,1
2292866,Mitchell,Tyrick Mitchell,Defender,CRY,1,1,2,5,0
2292866,Doucoure,Cheick Oumar Doucoure,Midfielder,CRY,1,3,3,4,5
2292866,Olise,Michael Olise,Midfielder,CRY,0,0,1,0,3
2292866,Wood,Chris Wood,Forward,NEW,0,0,0,0,0
2292866,Trippier,Kieran Trippier,Defender,NEW,2,0,3,9,1
2292866,Burn,Dan Burn,Defender,NEW,1,0,0,0,1
2292866,Fraser (Ryan),Ryan Fraser,Midfielder,NEW,0,0,0,3,1
2292866,Pope,Nick Pope,Goalkeeper,NEW,1,0,0,9,0
2292866,Murphy (Jacob),Jacob Murphy,Midfielder,NEW,1,0,0,1,0
2292866,Schär,Fabian Schär,Defender,NEW,4,3,3,8,1
2292866,Targett,Matt Targett,Defender,NEW,0,0,3,6,0
2292866,Almirón,Miguel Almirón,Midfielder,NEW,0,1,0,4,0
2292866,Longstaff (Sean),Sean Longstaff,Midfielder,NEW,2,1,1,4,1
2292866,Joelinton,Joelinton Cássio Apolinário de Lira,Midfielder,NEW,2,0,1,9,3
2292866,Willock,Joseph Willock,Midfielder,NEW,0,1,2,3,1
2292866,Anderson (Elliot),Elliot Anderson,Midfielder,NEW,0,0,0,3,0
2292866,Isak,Alexander Isak,Forward,NEW,1,0,0,2,1
2292866,Botman,Sven Botman,Defender,NEW,2,0,2,2,1
2292867,Smith (Adam),Adam Smith,Defender,BOU,3,0,1,4,0
2292867,Neto,Norberto Murara Neto,Goalkeeper,BOU,0,0,0,5,0
2292867,Fredericks,Ryan Fredericks,Defender,BOU,2,0,0,1,0
2292867,Moore (Kieffer),Kieffer Moore,Forward,BOU,0,0,0,0,0
2292867,Lerma,Jefferson Lerma,Midfielder,BOU,2,0,1,7,0
2292867,Stacey,Jack Stacey,Defender,BOU,0,0,0,0,0
2292867,Solanke,Dominic Solanke,Forward,BOU,0,0,0,5,1
2292867,Cook (Lewis),Lewis Cook,Midfielder,BOU,3,1,1,7,3
2292867,Christie,Ryan Christie,Midfielder,BOU,1,0,0,3,1
2292867,Billing,Philip Billing,Midfielder,BOU,1,0,0,3,0
2292867,Tavernier,Marcus Tavernier,Midfielder,BOU,0,0,0,3,2
2292867,Mepham,Chris Mepham,Defender,BOU,9,3,0,3,0
2292867,Kelly (Lloyd),Lloyd Kelly,Defender,BOU,6,0,0,9,0
2292867,Anthony,Jaidon Anthony,Midfielder,BOU,0,0,0,1,1
2292867,Zemura,Jordan Zemura,Defender,BOU,2,0,0,4,0
2292867,Kouyaté,Cheikhou Kouyaté,Midfielder,NFO,1,0,1,6,0
2292867,Cook (Steve),Steve Cook,Defender,NFO,5,1,1,3,0
2292867,Colback,Jack Colback,Midfielder,NFO,0,0,0,1,0
2292867,Lingard,Jesse Lingard,Midfielder,NFO,0,0,0,5,0
2292867,McKenna,Scott McKenna,Defender,NFO,2,1,1,3,1
2292867,Henderson (Dean),Dean Henderson,Goalkeeper,NFO,0,0,0,6,0
2292867,Yates,Ryan Yates,Midfielder,NFO,1,1,0,6,1
2292867,Worrall,Joe Worrall,Defender,NFO,4,0,2,8,2
2292867,Awoniyi,Taiwo Awoniyi,Forward,NFO,0,0,0,0,0
2292867,Williams (Neco),Neco Williams,Defender,NFO,1,0,1,1,2
2292867,Gibbs-White,Morgan Gibbs-White,Midfielder,NFO,0,0,0,3,0
2292867,Dennis (Emmanuel),Emmanuel Bonaventure Dennis,Forward,NFO,0,0,0,0,0
2292867,Renan Lodi,Renan Augusto Lodi dos Santos,Defender,NFO,2,0,3,6,0
2292867,Johnson (Brennan),Brennan Johnson,Midfielder,NFO,0,0,0,2,1
2292868,Willian,Willian Borges Da Silva,Midfielder,FUL,0,0,0,2,0
2292868,Cairney,Tom Cairney,Midfielder,FUL,0,0,0,1,0
2292868,Leno,Bernd Leno,Goalkeeper,FUL,0,0,0,9,0
2292868,Ream,Tim Ream,Defender,FUL,7,2,1,7,1
2292868,Kebano,Neeskens Kebano,Midfielder,FUL,1,0,0,1,0
2292868,DeCordova-Reid,Bobby DeCordova-Reid,Midfielder,FUL,1,0,1,1,1
2292868,Tosin,Oluwatosin Adarabioyo,Defender,FUL,6,1,1,6,0
2292868,Mbabu,Kevin Mbabu,Defender,FUL,0,0,2,1,2
2292868,Mitrovic,Aleksandar Mitrovic,Forward,FUL,1,0,0,1,0
2292868,Reed,Harrison Reed,Midfielder,FUL,0,0,0,5,1
2292868,João Palhinha,João Maria Lobo Alves Palhinha Gonçalves,Midfielder,FUL,1,1,0,5,4
2292868,Pereira,Andreas Pereira,Midfielder,FUL,0,0,0,2,0
2292868,Tete,Kenny Tete,Defender,FUL,1,2,2,2,2
2292868,Robinson (Antonee),Antonee Robinson,Defender,FUL,1,0,0,1,0
2292868,James (Daniel),Daniel James,Midfielder,FUL,0,0,0,2,0
2292868,Carlos Vinicius,Carlos Vinicius Alves Morais,Forward,FUL,0,0,0,1,0
2292868,Lloris,Hugo Lloris,Goalkeeper,TOT,0,0,0,8,0
2292868,Perisic,Ivan Perisic,Defender,TOT,0,0,0,1,0
2292868,Kane,Harry Kane,Forward,TOT,0,0,0,3,1
2292868,Son,Heung-Min Son,Midfielder,TOT,0,0,0,3,0
2292868,Dier,Eric Dier,Defender,TOT,1,0,2,2,0
2292868,Højbjerg,Pierre-Emile Højbjerg,Midfielder,TOT,1,0,0,5,0
2292868,Lenglet,Clément Lenglet,Defender,TOT,3,1,0,1,0
2292868,Sessegnon (Ryan),Kouassi Ryan Sessegnon,Defender,TOT,1,0,1,5,2
2292868,Bentancur,Rodrigo Bentancur,Midfielder,TOT,2,0,1,8,0
2292868,Richarlison,Richarlison de Andrade,Midfielder,TOT,1,0,1,7,4
2292868,Romero,Cristian Romero,Defender,TOT,4,0,3,4,1
2292868,Emerson Royal,Emerson Aparecido Leite de Souza Junior,Defender,TOT,4,0,0,4,1
2292868,Kulusevski,Dejan Kulusevski,Midfielder,TOT,0,0,0,2,0
2292869,Armstrong (Stuart),Stuart Armstrong,Midfielder,SOU,0,0,0,2,0
2292869,Elyounoussi,Mohammed Elyounoussi,Midfielder,SOU,0,0,0,6,2
2292869,Ward-Prowse,James Ward-Prowse,Midfielder,SOU,2,0,1,13,0
2292869,Maitland-Niles,Ainsley Maitland-Niles,Midfielder,SOU,1,0,0,0,0
2292869,Armstrong (Adam),Adam Armstrong,Forward,SOU,0,0,0,2,0
2292869,Walker-Peters,Kyle Walker-Peters,Defender,SOU,1,0,1,5,2
2292869,Aribo,Joe Aribo,Midfielder,SOU,1,0,0,5,1
2292869,Adams (Che),Che Adams,Forward,SOU,0,0,1,2,2
2292869,Diallo,Ibrahima Diallo,Midfielder,SOU,0,0,0,4,0
2292869,Perraud,Romain Perraud,Defender,SOU,3,0,1,5,3
2292869,Djenepo,Moussa Djenepo,Midfielder,SOU,1,0,0,1,0
2292869,Salisu,Mohammed Salisu,Defender,SOU,2,1,3,8,2
2292869,Bazunu,Gavin Bazunu,Goalkeeper,SOU,2,0,0,7,0
2292869,Mara,Sékou Mara,Forward,SOU,0,0,0,1,0
2292869,Bella Kotchap,Armel Bella Kotchap,Defender,SOU,5,0,3,5,0
2292869,Edozie,Samuel Edozie,Midfielder,SOU,0,0,0,0,0
2292869,Moutinho,João Moutinho,Midfielder,WOL,1,0,0,5,4
2292869,Jonny,Jonathan Castro Otto,Defender,WOL,2,0,3,11,0
2292869,José Sá,José Pedro Malheiro de Sá,Goalkeeper,WOL,1,0,0,7,0
2292869,Traoré (Adama),Adama Traoré,Midfielder,WOL,0,0,0,1,0
2292869,Ruben Neves,Rúben Diogo da Silva Neves,Midfielder,WOL,6,2,1,7,0
2292869,Gonçalo Guedes,Gonçalo Manuel Ganchinho Guedes,Midfielder,WOL,1,0,0,4,0
2292869,Hwang Hee-Chan,Hee-Chan Hwang,Midfielder,WOL,0,0,0,1,0
2292869,Podence,Daniel Podence,Midfielder,WOL,0,0,0,5,0
2292869,Kilman,Max Kilman,Defender,WOL,4,1,2,4,0
2292869,Neto,Pedro Neto,Midfielder,WOL,0,0,1,4,1
2292869,Kalajdzic,Sasa Kalajdzic,Forward,WOL,0,0,1,2,0
2292869,Collins,Nathan Collins,Defender,WOL,7,1,3,5,0
2292869,Ait Nouri,Rayan Ait Nouri,Defender,WOL,1,0,1,4,2
2292869,Matheus Nunes,Matheus Luiz Nunes,Midfielder,WOL,3,0,0,6,2
2292870,Smith (Adam),Adam Smith,Defender,BOU,2,0,0,0,1
2292870,Neto,Norberto Murara Neto,Goalkeeper,BOU,0,0,0,14,0
2292870,Stephens,Jack Stephens,Defender,BOU,0,0,1,12,0
2292870,Brooks,David Brooks,Midfielder,BOU,0,0,0,0,0
2292870,Lerma,Jefferson Lerma,Midfielder,BOU,2,0,1,8,1
2292870,Solanke,Dominic Solanke,Forward,BOU,0,0,0,3,0
2292870,Cook (Lewis),Lewis Cook,Midfielder,BOU,0,0,1,0,0
2292870,Christie,Ryan Christie,Midfielder,BOU,1,0,3,4,3
2292870,Billing,Philip Billing,Midfielder,BOU,2,0,2,4,0
2292870,Tavernier,Marcus Tavernier,Midfielder,BOU,0,0,2,4,0
2292870,Senesi,Marcos Senesi,Defender,BOU,4,0,3,7,0
2292870,Kelly (Lloyd),Lloyd Kelly,Defender,BOU,0,1,1,5,0
2292870,Traore (Hamed),Hamed Traore,Midfielder,BOU,1,0,0,1,1
2292870,Semenyo,Antoine Semenyo,Forward,BOU,0,0,0,0,0
2292870,Zabarnyi,Illia Zabarnyi,Defender,BOU,0,0,0,0,0
2292870,Dango Ouattara,Dango Ouattara,Midfielder,BOU,1,0,1,4,2
2292870,Steele,Jason Steele,Goalkeeper,BHA,0,0,0,8,0
2292870,Welbeck,Danny Welbeck,Forward,BHA,0,0,0,1,1
2292870,Groß,Pascal Groß,Midfielder,BHA,1,0,0,5,0
2292870,Dunk,Lewis Dunk,Defender,BHA,3,1,2,5,0
2292870,March,Solomon March,Midfielder,BHA,1,0,1,5,0
2292870,Webster (Adam),Adam Webster,Defender,BHA,1,2,0,7,1
2292870,Veltman,Joël Veltman,Defender,BHA,0,0,1,9,1
2292870,Estupiñán,Pervis Estupiñán,Defender,BHA,2,1,1,9,0
2292870,Mac Allister,Alexis Mac Allister,Midfielder,BHA,0,0,0,3,0
2292870,Undav,Deniz Undav,Forward,BHA,0,0,0,0,0
2292870,Mitoma,Kaoru Mitoma,Midfielder,BHA,0,0,1,3,1
2292870,Enciso,Julio Enciso,Midfielder,BHA,0,0,0,0,0
2292870,Moises Caicedo,Moises Caicedo,Midfielder,BHA,0,0,1,8,4
2292870,Ferguson (Evan),Evan Ferguson,Forward,BHA,2,0,0,0,0
2292870,Ayari,Yasin Ayari,Midfielder,BHA,0,0,0,1,1
2292871,Xhaka,Granit Xhaka,Midfielder,ARS,1,0,0,8,1
2292871,Jorginho,Jorge Luiz Frello Filho,Midfielder,ARS,2,0,0,2,0
2292871,Trossard,Leandro Trossard,Midfielder,ARS,0,0,0,1,1
2292871,Partey,Thomas Partey,Midfielder,ARS,0,0,0,5,2
2292871,Odegaard,Martin Odegaard,Midfielder,ARS,0,0,0,7,0
2292871,Tierney,Kieran Tierney,Defender,ARS,0,0,0,1,0
2292871,White (Ben),Ben White,Defender,ARS,1,0,1,6,0
2292871,Eddie Nketiah,Edward Nketiah,Forward,ARS,0,0,0,2,0
2292871,Zinchenko,Oleksandr Zinchenko,Defender,ARS,1,0,2,10,1
2292871,Smith-Rowe,Emile Smith-Rowe,Midfielder,ARS,0,0,0,1,0
2292871,Saka,Bukayo Saka,Midfielder,ARS,0,0,0,1,1
2292871,Ramsdale,Aaron Ramsdale,Goalkeeper,ARS,1,0,0,6,0
2292871,Gabriel Magalhães,Gabriel dos Santos Magalhães,Defender,ARS,1,1,2,3,0
2292871,Fábio Vieira,Fábio Daniel Vieira,Midfielder,ARS,0,0,1,2,0
2292871,Martinelli,Gabriel Teodoro Martinelli Silva,Midfielder,ARS,1,0,1,2,1
2292871,Saliba,William Saliba,Defender,ARS,2,0,0,3,0
2292871,Tarkowski,James Tarkowski,Defender,EVE,6,4,0,3,1
2292871,Coleman,Seamus Coleman,Defender,EVE,1,0,1,4,0
2292871,Gueye,Idrissa Gueye,Midfielder,EVE,0,0,0,3,1
2292871,Keane,Michael Keane,Defender,EVE,2,0,1,4,0
2292871,Pickford,Jordan Pickford,Goalkeeper,EVE,1,0,0,4,0
2292871,Maupay,Neal Maupay,Forward,EVE,0,0,1,1,1
2292871,Doucouré,Abdoulaye Doucouré,Midfielder,EVE,1,0,0,5,0
2292871,Iwobi,Alex Iwobi,Midfielder,EVE,0,0,1,6,1
2292871,Gray (Demarai),Demarai Gray,Midfielder,EVE,0,0,0,2,0
2292871,Davies (Tom),Tom Davies,Midfielder,EVE,1,0,0,1,0
2292871,Holgate,Mason Holgate,Defender,EVE,2,1,0,1,0
2292871,Godfrey,Ben Godfrey,Defender,EVE,3,0,0,1,0
2292871,Mykolenko,Vitaliy Mykolenko,Defender,EVE,3,0,0,6,3
2292871,McNeil,Dwight McNeil,Midfielder,EVE,2,0,7,15,1
2292871,Mvom Onana,Amadou Mvom Onana,Midfielder,EVE,1,0,1,3,0
2292872,Guaita,Vicente Guaita,Goalkeeper,CRY,0,0,0,7,0
2292872,Clyne,Nathaniel Clyne,Defender,CRY,2,0,1,8,1
2292872,Milivojevic,Luka Milivojevic,Midfielder,CRY,0,0,0,0,1
2292872,Ayew (Jordan),Jordan Ayew,Midfielder,CRY,0,0,0,0,0
2292872,Zaha,Wilfried Zaha,Midfielder,CRY,0,0,2,8,0
2292872,Schlupp,Jeffrey Schlupp,Midfielder,CRY,0,0,1,5,0
2292872,Hughes (Will),Will Hughes,Midfielder,CRY,0,2,2,11,1
2292872,Edouard,Odsonne Edouard,Forward,CRY,1,0,0,3,2
2292872,Marc Guehi,Addji Keaninkin Marc-Israel Guehi,Defender,CRY,8,1,1,14,1
2292872,Mateta,Jean-Philippe Mateta,Forward,CRY,0,0,1,1,0
2292872,Eze,Eberechi Eze,Midfielder,CRY,0,0,0,3,0
2292872,Mitchell,Tyrick Mitchell,Defender,CRY,2,0,8,12,0
2292872,Richards (Chris),Chris Richards,Defender,CRY,4,0,2,1,3
2292872,Doucoure,Cheick Oumar Doucoure,Midfielder,CRY,0,0,2,10,1
2292872,Olise,Michael Olise,Midfielder,CRY,0,0,1,6,1
2292872,De Gea,David De Gea,Goalkeeper,MUN,0,0,0,4,0
2292872,Casemiro,Carlos Henrique Jose Francisco Venancio,Midfielder,MUN,6,0,3,14,4
2292872,Eriksen,Christian Eriksen,Midfielder,MUN,0,0,1,8,0
2292872,Varane,Raphael Varane,Defender,MUN,2,0,1,12,2
2292872,Fred,Frederico Rodrigues de Paula Santos,Midfielder,MUN,0,0,1,3,2
2292872,Shaw,Luke Shaw,Defender,MUN,1,0,2,10,0
2292872,Weghorst,Wout Weghorst,Forward,MUN,2,1,0,1,1
2292872,Bruno Fernandes,Bruno Miguel Borges Fernandes,Midfielder,MUN,1,0,0,10,4
2292872,Rashford,Marcus Rashford,Midfielder,MUN,0,0,0,6,0
2292872,McTominay,Scott McTominay,Midfielder,MUN,0,0,0,0,0
2292872,Wan-Bissaka,Aaron Wan-Bissaka,Defender,MUN,2,0,2,6,3
2292872,Martínez,Lisandro Martínez,Defender,MUN,3,1,1,13,2
2292872,Antony,Antony Matheus dos Santos,Midfielder,MUN,1,0,0,6,0
2292872,Garnacho,Alejandro Garnacho Ferreyra,Midfielder,MUN,0,0,1,2,0
2292873,Azpilicueta,César Azpilicueta,Defender,CHE,3,0,1,4,1
2292873,Thiago Silva,Thiago Emiliano da Silva,Defender,CHE,4,1,1,3,1
2292873,Jorginho,Jorge Luiz Frello Filho,Midfielder,CHE,1,0,2,4,1
2292873,Koulibaly,Kalidou Koulibaly,Defender,CHE,2,0,3,12,1
2292873,Kovacic,Mateo Kovacic,Midfielder,CHE,0,0,0,3,2
2292873,Kepa,Kepa Arrizabalaga Revuelta,Goalkeeper,CHE,0,0,0,8,0
2292873,Ziyech,Hakim Ziyech,Midfielder,CHE,0,0,0,0,0
2292873,Cucurella,Marc Cucurella,Defender,CHE,0,0,0,1,0
2292873,Chalobah (Trevoh),Trevoh Chalobah,Defender,CHE,3,1,2,3,0
2292873,Mount,Mason Mount,Midfielder,CHE,1,0,0,5,1
2292873,Zakaria,Denis Zakaria,Midfielder,CHE,2,0,1,5,0
2292873,Havertz,Kai Havertz,Midfielder,CHE,3,0,1,4,2
2292873,Gallagher,Conor Gallagher,Midfielder,CHE,0,0,0,2,0
2292873,João Félix,João Félix Sequeira,Forward,CHE,0,0,0,2,0
2292873,Chukwuemeka,Carney Chukwuemeka,Midfielder,CHE,0,0,0,1,1
2292873,Lewis Hall,Lewis Hall,Defender,CHE,1,0,4,14,1
2292873,Willian,Willian Borges Da Silva,Midfielder,FUL,0,0,0,3,0
2292873,Cairney,Tom Cairney,Midfielder,FUL,0,0,0,1,1
2292873,Leno,Bernd Leno,Goalkeeper,FUL,0,0,0,8,0
2292873,Ream,Tim Ream,Defender,FUL,3,1,3,5,0
2292873,Chalobah (Nathaniel),Nathaniel Chalobah,Midfielder,FUL,0,0,0,0,0
2292873,DeCordova-Reid,Bobby DeCordova-Reid,Midfielder,FUL,1,0,0,3,1
2292873,Tosin,Oluwatosin Adarabioyo,Defender,FUL,7,2,0,6,0
2292873,Reed,Harrison Reed,Midfielder,FUL,0,0,1,3,1
2292873,Wilson (Harry),Harry Wilson,Midfielder,FUL,0,0,0,0,0
2292873,João Palhinha,João Maria Lobo Alves Palhinha Gonçalves,Midfielder,FUL,3,0,1,6,2
2292873,Pereira,Andreas Pereira,Midfielder,FUL,1,0,0,6,0
2292873,Tete,Kenny Tete,Defender,FUL,4,2,2,3,1
2292873,Robinson (Antonee),Antonee Robinson,Defender,FUL,1,0,3,10,0
2292873,James (Daniel),Daniel James,Midfielder,FUL,0,0,0,0,0
2292873,Solomon,Manor Solomon,Midfielder,FUL,0,0,0,1,0
2292873,Carlos Vinicius,Carlos Vinicius Alves Morais,Forward,FUL,2,0,0,1,0
2292874,Ayling,Luke Ayling,Defender,LEE,2,0,2,10,2
2292874,Rodrigo,Rodrigo Moreno Machado,Midfielder,LEE,1,0,1,2,1
2292874,Bamford,Patrick Bamford,Forward,LEE,0,1,1,5,0
2292874,Koch,Robin Koch,Defender,LEE,2,1,0,6,0
2292874,Harrison,Jack Harrison,Midfielder,LEE,2,0,2,7,0
2292874,Struijk,Pascal Struijk,Defender,LEE,6,3,1,8,1
2292874,Kristensen,Rasmus Kristensen,Defender,LEE,0,0,0,0,0
2292874,Sinisterra,Luis Sinisterra,Midfielder,LEE,0,0,2,4,0
2292874,Roca,Marc Roca,Midfielder,LEE,0,0,0,8,2
2292874,McKennie,Weston McKennie,Midfielder,LEE,1,0,0,3,1
2292874,Aaronson,Brenden Aaronson,Midfielder,LEE,0,0,0,1,1
2292874,Meslier,Illan Meslier,Goalkeeper,LEE,0,0,0,8,0
2292874,Firpo,Junior Firpo,Defender,LEE,6,1,1,5,1
2292874,Summerville,Crysencio Summerville,Midfielder,LEE,0,1,0,1,0
2292874,Navas,Keylor Navas,Goalkeeper,NFO,0,0,1,9,0
2292874,Ayew (André),André Ayew,Midfielder,NFO,1,0,0,2,0
2292874,Shelvey (Jonjo),Jonjo Shelvey,Midfielder,NFO,0,0,0,4,1
2292874,Kouyaté,Cheikhou Kouyaté,Midfielder,NFO,0,1,2,0,0
2292874,Freuler,Remo Freuler,Midfielder,NFO,7,2,0,3,0
2292874,Toffolo,Harry Toffolo,Defender,NFO,4,3,1,7,0
2292874,Felipe,Felipe Augusto de Almeida Monteiro,Defender,NFO,9,1,1,15,0
2292874,Mangala,Orel Mangala,Midfielder,NFO,1,0,1,5,0
2292874,Gustavo Scarpa,Gustavo Henrique Furtado Scarpa,Midfielder,NFO,0,0,0,2,1
2292874,Niakhaté,Moussa Niakhaté,Defender,NFO,6,1,0,2,1
2292874,Awoniyi,Taiwo Awoniyi,Forward,NFO,0,0,0,1,0
2292874,Williams (Neco),Neco Williams,Defender,NFO,1,1,1,5,2
2292874,Gibbs-White,Morgan Gibbs-White,Midfielder,NFO,0,0,0,3,0
2292874,Dennis (Emmanuel),Emmanuel Bonaventure Dennis,Forward,NFO,1,0,0,2,0
2292874,Johnson (Brennan),Brennan Johnson,Midfielder,NFO,0,0,1,4,0
2292874,Danilo,Danilo dos Santos de Oliveira,Midfielder,NFO,1,0,0,2,0
2292875,Young (Ashley),Ashley Young,Defender,AVL,3,0,2,4,0
2292875,Martinez,Emiliano Martinez,Goalkeeper,AVL,1,0,0,7,0
2292875,Chambers (Calum),Calum Chambers,Defender,AVL,0,0,0,0,0
2292875,Digne,Lucas Digne,Defender,AVL,0,0,0,0,0
2292875,Álex Moreno,Alexandre Moreno Lopera,Defender,AVL,0,0,0,4,0
2292875,Traore (Bertrand),Bertrand Traore,Midfielder,AVL,0,0,0,1,0
2292875,McGinn,John McGinn,Midfielder,AVL,0,0,0,4,0
2292875,Mings,Tyrone Mings,Defender,AVL,6,0,2,6,0
2292875,Watkins,Ollie Watkins,Forward,AVL,1,1,0,0,0
2292875,Buendía,Emiliano Buendía,Midfielder,AVL,1,0,2,2,1
2292875,Konsa Ngoyo,Ezri Konsa Ngoyo,Defender,AVL,7,0,0,0,1
2292875,Bailey,Leon Bailey,Midfielder,AVL,0,0,0,1,0
2292875,Douglas Luiz,Douglas Luiz Soares de Paulo,Midfielder,AVL,0,0,0,8,1
2292875,Ramsey (Jacob),Jacob Ramsey,Midfielder,AVL,0,0,0,3,0
2292875,Durán,Jhon Durán,Forward,AVL,0,0,0,0,0
2292875,Mendy (Nampalys),Nampalys Mendy,Midfielder,LEI,0,1,2,4,2
2292875,Vardy,Jamie Vardy,Forward,LEI,1,0,0,1,1
2292875,Ricardo Pereira,Ricardo Domingos Barbosa Pereira,Defender,LEI,0,0,0,0,0
2292875,Castagne,Timothy Castagne,Defender,LEI,1,0,4,7,1
2292875,Maddison,James Maddison,Midfielder,LEI,0,0,1,2,2
2292875,Souttar,Harry Souttar,Defender,LEI,5,0,3,2,1
2292875,Barnes,Harvey Barnes,Midfielder,LEI,0,0,0,1,0
2292875,Ndidi,Onyinye Wilfred Ndidi,Midfielder,LEI,1,0,1,8,2
2292875,Iversen,Daniel Iversen,Goalkeeper,LEI,0,0,0,10,0
2292875,Dewsbury-Hall,Kiernan Dewsbury-Hall,Midfielder,LEI,0,0,1,2,2
2292875,Faes,Wout Faes,Defender,LEI,2,2,2,7,0
2292875,Daka,Patson Daka,Forward,LEI,0,0,1,0,0
2292875,Kristiansen,Victor Kristiansen,Defender,LEI,0,2,0,2,2
2292876,Milner,James Milner,Midfielder,LIV,0,0,0,0,0
2292876,Henderson (Jordan),Jordan Henderson,Midfielder,LIV,0,0,1,0,0
2292876,Firmino,Roberto Firmino Barbosa de Oliveira,Forward,LIV,0,0,0,0,0
2292876,van Dijk,Virgil van Dijk,Defender,LIV,2,1,1,7,0
2292876,Alisson,Alisson Ramses Becker,Goalkeeper,LIV,0,0,0,8,0
2292876,Fabinho,Fabio Henrique Tavares,Midfielder,LIV,0,0,3,4,3
2292876,Salah,Mohamed Salah,Midfielder,LIV,0,0,0,3,0
2292876,Alexander-Arnold,Trent Alexander-Arnold,Defender,LIV,0,0,2,7,0
2292876,Diogo Jota,Diogo José Teixeira da Silva,Midfielder,LIV,0,0,0,2,1
2292876,Konaté,Ibrahima Konaté,Defender,LIV,1,0,1,4,2
2292876,Tsimikas,Konstantinos Tsimikas,Defender,LIV,2,0,2,9,1
2292876,Gakpo,Cody Gakpo,Forward,LIV,0,0,0,0,0
2292876,Elliott (Harvey),Harvey Elliott,Midfielder,LIV,0,0,1,7,1
2292876,Núñez,Darwin Núñez,Forward,LIV,0,0,1,4,1
2292876,Bajcetic,Stefan Bajcetic,Midfielder,LIV,0,0,0,8,1
2292876,Costa,Diego Da Silva Costa,Forward,WOL,0,0,0,1,0
2292876,Moutinho,João Moutinho,Midfielder,WOL,1,1,0,0,1
2292876,Dawson,Craig Dawson,Defender,WOL,6,1,1,2,1
2292876,Sarabia,Pablo Sarabia,Midfielder,WOL,0,0,0,1,1
2292876,Raúl Jiménez,Raul Alonso Jimenez Rodriguez,Forward,WOL,0,0,0,3,1
2292876,José Sá,José Pedro Malheiro de Sá,Goalkeeper,WOL,0,0,0,13,0
2292876,Lemina (Mario),Mario Lemina,Midfielder,WOL,1,0,2,7,2
2292876,Traoré (Adama),Adama Traoré,Midfielder,WOL,0,0,0,3,1
2292876,Ruben Neves,Rúben Diogo da Silva Neves,Midfielder,WOL,1,0,4,7,1
2292876,Semedo,Nelson Semedo,Defender,WOL,1,0,1,4,0
2292876,Podence,Daniel Podence,Midfielder,WOL,0,0,1,2,1
2292876,Kilman,Max Kilman,Defender,WOL,4,1,0,8,0
2292876,João Gomes,João Victor Gomes da Silva,Midfielder,WOL,0,0,0,0,0
2292876,Ait Nouri,Rayan Ait Nouri,Defender,WOL,1,0,2,6,1
2292876,Matheus Nunes,Matheus Luiz Nunes,Midfielder,WOL,0,0,0,4,2
2292876,Bueno (Hugo),Hugo Bueno,Defender,WOL,2,0,0,4,0
2292877,Walker,Kyle Walker,Defender,MCI,0,0,0,0,0
2292877,Gundogan,Ilkay Gundogan,Midfielder,MCI,1,0,1,5,1
2292877,Stones,John Stones,Defender,MCI,4,0,0,10,0
2292877,Mahrez,Riyad Mahrez,Midfielder,MCI,0,0,0,3,1
2292877,Grealish,Jack Grealish,Midfielder,MCI,0,0,1,6,1
2292877,Ederson,Ederson Santana de Moraes,Goalkeeper,MCI,0,0,0,4,0
2292877,Aké,Nathan Aké,Defender,MCI,2,0,3,4,3
2292877,Bernardo Silva,Bernardo Mota Veiga de Carvalho e Silva,Midfielder,MCI,0,0,1,2,0
2292877,Rúben Dias,Rúben Santos Gato Alves Dias,Defender,MCI,1,0,0,0,0
2292877,Akanji,Manuel Akanji,Defender,MCI,2,0,1,4,2
2292877,Rodri,Rodrigo Hernández Cascante,Midfielder,MCI,1,1,1,5,2
2292877,Haaland,Erling Haaland,Forward,MCI,1,0,0,0,0
2292877,Álvarez,Julián Álvarez,Forward,MCI,0,0,0,5,0
2292877,Lewis (Rico),Rico Lewis,Defender,MCI,0,1,0,3,1
2292877,Lloris,Hugo Lloris,Goalkeeper,TOT,1,0,0,9,0
2292877,Perisic,Ivan Perisic,Defender,TOT,4,0,1,3,0
2292877,Kane,Harry Kane,Forward,TOT,0,1,0,1,1
2292877,Son,Heung-Min Son,Midfielder,TOT,0,0,0,3,0
2292877,Dier,Eric Dier,Defender,TOT,1,2,2,2,1
2292877,Davies (Ben),Ben Davies,Defender,TOT,2,0,2,3,0
2292877,Højbjerg,Pierre-Emile Højbjerg,Midfielder,TOT,4,0,1,4,0
2292877,Lenglet,Clément Lenglet,Defender,TOT,0,0,0,1,0
2292877,Sessegnon (Ryan),Kouassi Ryan Sessegnon,Defender,TOT,1,0,0,2,0
2292877,Bentancur,Rodrigo Bentancur,Midfielder,TOT,1,1,0,4,1
2292877,Richarlison,Richarlison de Andrade,Midfielder,TOT,0,1,0,0,0
2292877,Romero,Cristian Romero,Defender,TOT,4,0,0,6,2
2292877,Bissouma,Yves Bissouma,Midfielder,TOT,0,0,0,1,0
2292877,Emerson Royal,Emerson Aparecido Leite de Souza Junior,Defender,TOT,6,0,0,2,2
2292877,Kulusevski,Dejan Kulusevski,Midfielder,TOT,2,0,0,8,2
2292878,Mee,Ben Mee,Defender,BRE,6,0,3,6,2
2292878,Jansson,Pontus Jansson,Defender,BRE,0,0,0,1,0
2292878,Norgaard,Christian Norgaard,Midfielder,BRE,2,0,2,11,2
2292878,Toney,Ivan Toney,Forward,BRE,1,1,0,7,1
2292878,Raya Martin,David Raya Martin,Goalkeeper,BRE,0,0,0,11,0
2292878,Henry,Rico Henry,Defender,BRE,3,0,1,2,0
2292878,Janelt,Vitaly Janelt,Midfielder,BRE,0,0,2,1,1
2292878,Jensen,Mathias Jensen,Midfielder,BRE,1,0,1,1,1
2292878,Wissa,Yoane Wissa,Forward,BRE,0,0,0,2,1
2292878,Pinnock,Ethan Pinnock,Defender,BRE,6,1,0,5,0
2292878,Onyeka,Frank Onyeka,Midfielder,BRE,5,0,1,0,0
2292878,Damsgaard,Mikkel Damsgaard,Midfielder,BRE,0,0,1,0,2
2292878,Mbeumo,Bryan Mbeumo,Midfielder,BRE,0,0,1,3,1
2292878,Hickey,Aaron Hickey,Defender,BRE,0,1,1,3,0
2292878,Schade,Kevin Schade,Midfielder,BRE,0,0,1,8,0
2292878,Walcott,Theo Walcott,Midfielder,SOU,0,0,1,3,0
2292878,Elyounoussi,Mohammed Elyounoussi,Midfielder,SOU,0,0,1,5,0
2292878,Ward-Prowse,James Ward-Prowse,Midfielder,SOU,2,0,0,4,1
2292878,Paul Onuachu,Ebere Paul Onuachu,Forward,SOU,0,0,0,1,0
2292878,Walker-Peters,Kyle Walker-Peters,Defender,SOU,1,0,0,4,0
2292878,Bednarek,Jan Bednarek,Defender,SOU,0,0,0,8,1
2292878,Bree,James Bree,Defender,SOU,2,0,0,6,1
2292878,Adams (Che),Che Adams,Forward,SOU,0,1,0,2,0
2292878,Diallo,Ibrahima Diallo,Midfielder,SOU,0,0,0,4,0
2292878,Perraud,Romain Perraud,Defender,SOU,0,0,0,9,0
2292878,Bazunu,Gavin Bazunu,Goalkeeper,SOU,1,0,0,10,0
2292878,Bella Kotchap,Armel Bella Kotchap,Defender,SOU,2,2,0,5,1
2292878,Alcaraz,Carlos Alcaraz,Midfielder,SOU,3,1,0,1,0
2292878,Sulemana,Kamaldeen Sulemana,Midfielder,SOU,0,0,1,4,1
2292878,Lavia,Romeo Lavia,Midfielder,SOU,1,0,0,2,1
2292879,Wilson (Callum),Callum Wilson,Forward,NEW,0,0,0,2,0
2292879,Trippier,Kieran Trippier,Defender,NEW,5,0,2,9,1
2292879,Burn,Dan Burn,Defender,NEW,3,0,0,3,4
2292879,Pope,Nick Pope,Goalkeeper,NEW,0,0,0,6,0
2292879,Manquillo,Javier Manquillo,Defender,NEW,0,0,0,0,1
2292879,Murphy (Jacob),Jacob Murphy,Midfielder,NEW,0,0,1,7,1
2292879,Schär,Fabian Schär,Defender,NEW,0,0,5,8,1
2292879,Targett,Matt Targett,Defender,NEW,0,0,0,2,1
2292879,Saint-Maximin,Allan Saint-Maximin,Midfielder,NEW,0,0,0,6,0
2292879,Longstaff (Sean),Sean Longstaff,Midfielder,NEW,1,0,1,5,0
2292879,Joelinton,Joelinton Cássio Apolinário de Lira,Midfielder,NEW,0,1,1,5,1
2292879,Willock,Joseph Willock,Midfielder,NEW,0,0,0,2,0
2292879,Bruno Guimarães,Bruno Guimarães Rodriguez Moura,Midfielder,NEW,0,0,1,8,2
2292879,Isak,Alexander Isak,Forward,NEW,1,0,1,1,0
2292879,Botman,Sven Botman,Defender,NEW,4,1,1,3,0
2292879,Gordon (Anthony),Anthony Gordon,Midfielder,NEW,0,0,0,1,2
2292879,Fabianski,Lukasz Fabianski,Goalkeeper,WHU,0,0,0,7,0
2292879,Antonio,Michail Antonio,Forward,WHU,0,0,1,1,0
2292879,Ings,Danny Ings,Forward,WHU,0,0,0,1,0
2292879,Zouma,Kurt Zouma,Defender,WHU,2,1,0,0,0
2292879,Emerson,Emerson Palmieri dos Santos,Defender,WHU,2,1,0,6,1
2292879,Cornet,Maxwel Cornet,Midfielder,WHU,0,0,0,1,0
2292879,Coufal,Vladimir Coufal,Defender,WHU,0,0,0,5,1
2292879,Benrahma,Said Benrahma,Midfielder,WHU,0,0,0,6,0
2292879,Bowen,Jarrod Bowen,Midfielder,WHU,0,0,1,4,0
2292879,Kehrer,Thilo Kehrer,Defender,WHU,4,1,0,4,0
2292879,Rice,Declan Rice,Midfielder,WHU,4,0,1,14,0
2292879,Aguerd,Nayef Aguerd,Defender,WHU,1,0,3,6,0
2292879,Soucek,Tomas Soucek,Midfielder,WHU,0,0,1,5,0
2292879,Downes,Flynn Downes,Midfielder,WHU,0,0,0,3,0
2292879,Lucas Paquetá,Lucas Tolentino Coelho de Lima,Midfielder,WHU,3,0,0,5,3
2292880,Young (Ashley),Ashley Young,Defender,AVL,1,0,0,7,1
2292880,Coutinho,Philippe Coutinho,Midfielder,AVL,0,0,1,6,1
2292880,Ings,Danny Ings,Forward,AVL,0,0,0,0,0
2292880,Martinez,Emiliano Martinez,Goalkeeper,AVL,0,0,0,6,0
2292880,Digne,Lucas Digne,Defender,AVL,3,0,0,4,2
2292880,McGinn,John McGinn,Midfielder,AVL,0,1,2,11,4
2292880,Mings,Tyrone Mings,Defender,AVL,6,0,0,9,0
2292880,Dendoncker (Leander),Leander Dendoncker,Midfielder,AVL,0,0,1,0,0
2292880,Watkins,Ollie Watkins,Forward,AVL,4,0,1,2,3
2292880,Buendía,Emiliano Buendía,Midfielder,AVL,0,0,0,6,1
2292880,Konsa Ngoyo,Ezri Konsa Ngoyo,Defender,AVL,5,0,0,4,0
2292880,Bailey,Leon Bailey,Midfielder,AVL,0,0,0,3,1
2292880,Kamara,Boubacar Kamara,Midfielder,AVL,2,0,0,0,1
2292880,Douglas Luiz,Douglas Luiz Soares de Paulo,Midfielder,AVL,0,1,0,5,2
2292880,Ramsey (Jacob),Jacob Ramsey,Midfielder,AVL,0,1,1,8,3
2292880,Armstrong (Stuart),Stuart Armstrong,Midfielder,SOU,0,0,0,2,1
2292880,Elyounoussi,Mohammed Elyounoussi,Midfielder,SOU,1,1,0,7,0
2292880,Ward-Prowse,James Ward-Prowse,Midfielder,SOU,1,0,2,4,2
2292880,Armstrong (Adam),Adam Armstrong,Forward,SOU,1,1,0,10,2
2292880,Walker-Peters,Kyle Walker-Peters,Defender,SOU,0,0,0,7,5
2292880,Aribo,Joe Aribo,Midfielder,SOU,1,0,0,4,0
2292880,Adams (Che),Che Adams,Forward,SOU,2,0,0,3,0
2292880,Diallo,Ibrahima Diallo,Midfielder,SOU,2,0,0,5,0
2292880,Perraud,Romain Perraud,Defender,SOU,2,1,2,2,1
2292880,Djenepo,Moussa Djenepo,Midfielder,SOU,2,0,1,6,2
2292880,Salisu,Mohammed Salisu,Defender,SOU,7,2,0,8,2
2292880,Bazunu,Gavin Bazunu,Goalkeeper,SOU,1,0,0,7,0
2292880,Mara,Sékou Mara,Forward,SOU,0,0,0,1,0
2292880,Bella Kotchap,Armel Bella Kotchap,Defender,SOU,6,0,5,12,2
2292880,Edozie,Samuel Edozie,Midfielder,SOU,0,0,1,0,0
2292880,Juan Larios,Juan Larios López,Defender,SOU,0,0,1,1,1
2292881,Xhaka,Granit Xhaka,Midfielder,ARS,1,0,1,6,0
2292881,Partey,Thomas Partey,Midfielder,ARS,1,0,0,7,1
2292881,Tierney,Kieran Tierney,Defender,ARS,5,0,1,4,1
2292881,White (Ben),Ben White,Defender,ARS,3,0,2,3,0
2292881,Eddie Nketiah,Edward Nketiah,Forward,ARS,0,0,0,0,0
2292881,Jesus,Gabriel Fernando de Jesus,Forward,ARS,0,0,0,3,2
2292881,Saka,Bukayo Saka,Midfielder,ARS,1,0,1,2,1
2292881,Tomiyasu,Takehiro Tomiyasu,Defender,ARS,0,0,0,1,0
2292881,Ramsdale,Aaron Ramsdale,Goalkeeper,ARS,0,0,0,8,0
2292881,Gabriel Magalhães,Gabriel dos Santos Magalhães,Defender,ARS,5,0,0,9,0
2292881,Sambi Lokonga,Albert Sambi Lokonga,Midfielder,ARS,0,0,0,1,1
2292881,Fábio Vieira,Fábio Daniel Vieira,Midfielder,ARS,0,0,0,6,1
2292881,Martinelli,Gabriel Teodoro Martinelli Silva,Midfielder,ARS,1,0,1,4,0
2292881,Saliba,William Saliba,Defender,ARS,2,0,0,7,2
2292881,Marquinhos,Marcus Vinícius Oliveira Alencar,Midfielder,ARS,0,0,0,0,0
2292881,Nwaneri,Ethan Nwaneri,Midfielder,ARS,0,0,0,0,0
2292881,Mee,Ben Mee,Defender,BRE,4,1,4,4,0
2292881,Jansson,Pontus Jansson,Defender,BRE,3,0,1,4,1
2292881,Toney,Ivan Toney,Forward,BRE,1,0,1,1,2
2292881,Raya Martin,David Raya Martin,Goalkeeper,BRE,0,0,0,9,0
2292881,Dasilva,Pelenda Joshua Dasilva,Midfielder,BRE,0,0,0,3,1
2292881,Ajer,Kristoffer Ajer,Defender,BRE,2,0,1,4,0
2292881,Henry,Rico Henry,Defender,BRE,1,0,0,4,1
2292881,Janelt,Vitaly Janelt,Midfielder,BRE,0,0,2,5,0
2292881,Jensen,Mathias Jensen,Midfielder,BRE,2,0,0,7,2
2292881,Wissa,Yoane Wissa,Forward,BRE,0,0,0,2,0
2292881,Onyeka,Frank Onyeka,Midfielder,BRE,0,0,0,3,1
2292881,Baptiste (Shandon),Shandon Baptiste,Midfielder,BRE,0,0,0,2,0
2292881,Damsgaard,Mikkel Damsgaard,Midfielder,BRE,0,0,1,1,1
2292881,Mbeumo,Bryan Mbeumo,Midfielder,BRE,0,0,0,3,0
2292881,Hickey,Aaron Hickey,Defender,BRE,3,0,2,4,4
2292882,Steele,Jason Steele,Goalkeeper,BHA,0,0,0,10,0
2292882,Welbeck,Danny Welbeck,Forward,BHA,0,0,0,2,0
2292882,Groß,Pascal Groß,Midfielder,BHA,1,2,1,2,1
2292882,Dunk,Lewis Dunk,Defender,BHA,2,0,2,6,1
2292882,March,Solomon March,Midfielder,BHA,0,0,1,5,1
2292882,Webster (Adam),Adam Webster,Defender,BHA,0,0,0,0,0
2292882,Veltman,Joël Veltman,Defender,BHA,1,0,1,7,2
2292882,Estupiñán,Pervis Estupiñán,Defender,BHA,2,0,4,6,1
2292882,Mac Allister,Alexis Mac Allister,Midfielder,BHA,0,0,0,5,0
2292882,Sarmiento,Jeremy Sarmiento,Midfielder,BHA,0,0,0,1,0
2292882,Mitoma,Kaoru Mitoma,Midfielder,BHA,0,0,0,1,1
2292882,Colwill,Levi Colwill,Defender,BHA,1,0,2,3,1
2292882,Enciso,Julio Enciso,Midfielder,BHA,0,0,1,3,0
2292882,Moises Caicedo,Moises Caicedo,Midfielder,BHA,1,0,3,11,2
2292882,Ferguson (Evan),Evan Ferguson,Forward,BHA,0,0,0,6,1
2292882,Clyne,Nathaniel Clyne,Defender,CRY,0,0,0,2,1
2292882,Ayew (Jordan),Jordan Ayew,Midfielder,CRY,0,0,0,4,1
2292882,Zaha,Wilfried Zaha,Midfielder,CRY,0,0,2,5,1
2292882,Schlupp,Jeffrey Schlupp,Midfielder,CRY,3,0,1,6,1
2292882,Andersen,Joachim Andersen,Defender,CRY,5,0,0,6,0
2292882,Edouard,Odsonne Edouard,Forward,CRY,0,0,0,2,0
2292882,Marc Guehi,Addji Keaninkin Marc-Israel Guehi,Defender,CRY,1,0,3,9,2
2292882,Mateta,Jean-Philippe Mateta,Forward,CRY,0,0,0,0,0
2292882,Eze,Eberechi Eze,Midfielder,CRY,1,0,0,3,1
2292882,Mitchell,Tyrick Mitchell,Defender,CRY,2,0,1,8,1
2292882,Sambi Lokonga,Albert Sambi Lokonga,Midfielder,CRY,1,1,2,2,0
2292882,Doucoure,Cheick Oumar Doucoure,Midfielder,CRY,1,0,2,5,3
2292882,Olise,Michael Olise,Midfielder,CRY,0,0,2,8,0
2292882,Ahamada,Naouirou Ahamada,Midfielder,CRY,0,0,0,1,0
2292882,Whitworth,Joseph Whitworth,Goalkeeper,CRY,0,0,0,7,0
2292883,Koulibaly,Kalidou Koulibaly,Defender,CHE,5,2,2,12,1
2292883,Kovacic,Mateo Kovacic,Midfielder,CHE,0,0,1,3,1
2292883,Sterling (Raheem),Raheem Sterling,Midfielder,CHE,0,0,0,1,0
2292883,Kepa,Kepa Arrizabalaga Revuelta,Goalkeeper,CHE,1,0,0,8,0
2292883,Kanté,N'Golo Kanté,Midfielder,CHE,1,0,1,8,3
2292883,Chilwell,Benjamin Chilwell,Defender,CHE,0,0,2,2,1
2292883,Cucurella,Marc Cucurella,Defender,CHE,1,0,1,5,4
2292883,Havertz,Kai Havertz,Midfielder,CHE,2,0,0,5,1
2292883,James (Reece),Reece James,Defender,CHE,0,0,0,10,0
2292883,Gallagher,Conor Gallagher,Midfielder,CHE,1,0,0,0,0
2292883,João Félix,João Félix Sequeira,Forward,CHE,0,0,0,3,0
2292883,Fofana (Wesley),Wesley Fofana,Defender,CHE,3,2,5,7,5
2292883,Fernández (Enzo),Enzo Fernández,Midfielder,CHE,0,0,0,12,2
2292883,Mudryk,Mykhailo Mudryk,Midfielder,CHE,0,0,0,1,0
2292883,Milner,James Milner,Midfielder,LIV,1,0,0,3,1
2292883,Henderson (Jordan),Jordan Henderson,Midfielder,LIV,0,0,0,7,0
2292883,Matip,Joel Matip,Defender,LIV,2,1,2,7,1
2292883,Firmino,Roberto Firmino Barbosa de Oliveira,Forward,LIV,0,0,0,6,0
2292883,Alisson,Alisson Ramses Becker,Goalkeeper,LIV,1,0,0,1,0
2292883,Fabinho,Fabio Henrique Tavares,Midfielder,LIV,0,1,1,5,1
2292883,Salah,Mohamed Salah,Midfielder,LIV,0,0,1,0,0
2292883,Robertson (Andrew),Andrew Robertson,Defender,LIV,3,0,0,2,0
2292883,Gomez,Joseph Gomez,Defender,LIV,5,0,1,6,1
2292883,Diogo Jota,Diogo José Teixeira da Silva,Midfielder,LIV,0,0,0,4,0
2292883,Konaté,Ibrahima Konaté,Defender,LIV,2,1,1,12,0
2292883,Jones (Curtis),Curtis Jones,Midfielder,LIV,1,0,0,4,1
2292883,Tsimikas,Konstantinos Tsimikas,Defender,LIV,1,0,0,5,2
2292883,Gakpo,Cody Gakpo,Forward,LIV,0,0,0,1,0
2292883,Núñez,Darwin Núñez,Forward,LIV,0,0,0,5,0
2292884,Tarkowski,James Tarkowski,Defender,EVE,9,5,1,3,0
2292884,Begovic,Asmir Begovic,Goalkeeper,EVE,1,0,0,9,0
2292884,Rondón,Salomón Rondón,Forward,EVE,0,0,0,0,0
2292884,Gueye,Idrissa Gueye,Midfielder,EVE,2,1,3,6,1
2292884,Coady,Conor Coady,Defender,EVE,4,0,3,11,0
2292884,Maupay,Neal Maupay,Forward,EVE,0,0,0,2,0
2292884,Doucouré,Abdoulaye Doucouré,Midfielder,EVE,0,0,0,1,0
2292884,Iwobi,Alex Iwobi,Midfielder,EVE,3,1,0,8,1
2292884,Gray (Demarai),Demarai Gray,Midfielder,EVE,1,0,0,4,0
2292884,Mykolenko,Vitaliy Mykolenko,Defender,EVE,3,0,1,5,3
2292884,Gordon (Anthony),Anthony Gordon,Midfielder,EVE,0,0,0,1,2
2292884,Patterson (Nathan),Nathan Patterson,Defender,EVE,1,0,1,8,3
2292884,McNeil,Dwight McNeil,Midfielder,EVE,0,0,0,0,0
2292884,Mvom Onana,Amadou Mvom Onana,Midfielder,EVE,2,0,1,4,1
2292884,Fabianski,Lukasz Fabianski,Goalkeeper,WHU,0,0,0,5,0
2292884,Cresswell (Aaron),Aaron Cresswell,Defender,WHU,2,0,0,4,1
2292884,Antonio,Michail Antonio,Forward,WHU,0,0,0,1,0
2292884,Zouma,Kurt Zouma,Defender,WHU,2,1,2,3,0
2292884,Emerson,Emerson Palmieri dos Santos,Defender,WHU,0,0,0,0,0
2292884,Cornet,Maxwel Cornet,Midfielder,WHU,0,0,0,0,0
2292884,Coufal,Vladimir Coufal,Defender,WHU,2,0,1,9,3
2292884,Benrahma,Said Benrahma,Midfielder,WHU,0,0,0,3,0
2292884,Bowen,Jarrod Bowen,Midfielder,WHU,0,0,3,9,0
2292884,Scamacca,Gianluca Scamacca,Forward,WHU,0,0,0,0,0
2292884,Kehrer,Thilo Kehrer,Defender,WHU,5,0,3,4,0
2292884,Rice,Declan Rice,Midfielder,WHU,1,0,1,7,2
2292884,Soucek,Tomas Soucek,Midfielder,WHU,1,0,2,4,0
2292884,Fornals,Pablo Fornals,Midfielder,WHU,1,0,2,7,1
2292884,Lucas Paquetá,Lucas Tolentino Coelho de Lima,Midfielder,WHU,2,0,0,4,0
2292885,Ayling,Luke Ayling,Defender,LEE,4,1,3,9,6
2292885,Bamford,Patrick Bamford,Forward,LEE,1,0,0,4,1
2292885,Koch,Robin Koch,Defender,LEE,6,0,2,10,0
2292885,Adams (Tyler),Tyler Adams,Midfielder,LEE,1,1,3,10,1
2292885,Wöber,Maximilian Wöber,Defender,LEE,5,4,2,7,1
2292885,Harrison,Jack Harrison,Midfielder,LEE,0,0,1,3,0
2292885,Struijk,Pascal Struijk,Defender,LEE,1,1,0,1,2
2292885,Sinisterra,Luis Sinisterra,Midfielder,LEE,0,0,0,0,0
2292885,McKennie,Weston McKennie,Midfielder,LEE,7,0,3,6,1
2292885,Greenwood (Sam),Sam Greenwood,Forward,LEE,0,0,0,0,1
2292885,Aaronson,Brenden Aaronson,Midfielder,LEE,0,0,0,2,1
2292885,Meslier,Illan Meslier,Goalkeeper,LEE,0,0,0,9,0
2292885,Firpo,Junior Firpo,Defender,LEE,2,2,0,2,1
2292885,Summerville,Crysencio Summerville,Midfielder,LEE,1,0,1,1,1
2292885,Rutter,Georginio Rutter,Forward,LEE,2,0,1,1,1
2292885,Gnonto,Degnand Wilfried Gnonto,Forward,LEE,0,0,0,5,3
2292885,Mateo Joseph,Mateo Joseph Fernández,Forward,LEE,0,0,0,0,0
2292885,De Gea,David De Gea,Goalkeeper,MUN,0,0,0,4,0
2292885,Varane,Raphael Varane,Defender,MUN,0,0,1,7,1
2292885,Sabitzer,Marcel Sabitzer,Midfielder,MUN,3,1,2,8,0
2292885,Fred,Frederico Rodrigues de Paula Santos,Midfielder,MUN,1,1,1,7,1
2292885,Shaw,Luke Shaw,Defender,MUN,0,0,0,10,2
2292885,Weghorst,Wout Weghorst,Forward,MUN,1,0,0,3,0
2292885,Bruno Fernandes,Bruno Miguel Borges Fernandes,Midfielder,MUN,1,0,0,9,1
2292885,Rashford,Marcus Rashford,Midfielder,MUN,1,0,0,1,1
2292885,Lindelof,Victor Nilsson-Lindelof,Defender,MUN,0,0,0,2,0
2292885,Sancho,Jadon Sancho,Midfielder,MUN,0,0,0,1,1
2292885,Dalot,José Diogo Dalot Teixeira,Defender,MUN,2,0,2,4,2
2292885,Martínez,Lisandro Martínez,Defender,MUN,3,0,2,10,0
2292885,Malacia,Tyrell Malacia,Defender,MUN,1,0,0,1,2
2292885,Pellistri,Facundo Pellistri,Midfielder,MUN,0,0,0,0,0
2292885,Garnacho,Alejandro Garnacho Ferreyra,Midfielder,MUN,0,0,0,5,0
2292886,Smith (Adam),Adam Smith,Defender,BOU,2,0,0,4,1
2292886,Neto,Norberto Murara Neto,Goalkeeper,BOU,1,0,0,18,0
2292886,Stephens,Jack Stephens,Defender,BOU,0,0,0,0,0
2292886,Moore (Kieffer),Kieffer Moore,Forward,BOU,0,0,0,0,0
2292886,Lerma,Jefferson Lerma,Midfielder,BOU,5,2,2,6,0
2292886,Stacey,Jack Stacey,Defender,BOU,1,0,0,2,1
2292886,Solanke,Dominic Solanke,Forward,BOU,0,1,1,4,2
2292886,Cook (Lewis),Lewis Cook,Midfielder,BOU,2,0,0,8,3
2292886,Christie,Ryan Christie,Midfielder,BOU,2,1,3,8,1
2292886,Billing,Philip Billing,Midfielder,BOU,3,1,1,2,3
2292886,Tavernier,Marcus Tavernier,Midfielder,BOU,2,0,0,7,1
2292886,Senesi,Marcos Senesi,Defender,BOU,7,0,1,3,0
2292886,Mepham,Chris Mepham,Defender,BOU,5,0,0,3,0
2292886,Anthony,Jaidon Anthony,Midfielder,BOU,0,0,0,0,0
2292886,Zemura,Jordan Zemura,Defender,BOU,4,0,0,1,2
2292886,Wood,Chris Wood,Forward,NEW,0,0,0,0,1
2292886,Trippier,Kieran Trippier,Defender,NEW,0,0,0,5,0
2292886,Burn,Dan Burn,Defender,NEW,3,1,0,10,0
2292886,Fraser (Ryan),Ryan Fraser,Midfielder,NEW,0,0,0,3,1
2292886,Pope,Nick Pope,Goalkeeper,NEW,0,0,0,6,0
2292886,Murphy (Jacob),Jacob Murphy,Midfielder,NEW,0,0,0,0,0
2292886,Schär,Fabian Schär,Defender,NEW,3,0,0,9,1
2292886,Targett,Matt Targett,Defender,NEW,2,0,0,3,2
2292886,Almirón,Miguel Almirón,Midfielder,NEW,0,0,0,4,1
2292886,Longstaff (Sean),Sean Longstaff,Midfielder,NEW,0,1,0,2,0
2292886,Joelinton,Joelinton Cássio Apolinário de Lira,Midfielder,NEW,1,0,0,5,1
2292886,Willock,Joseph Willock,Midfielder,NEW,0,0,0,3,1
2292886,Bruno Guimarães,Bruno Guimarães Rodriguez Moura,Midfielder,NEW,0,0,1,8,3
2292886,Isak,Alexander Isak,Forward,NEW,0,0,0,3,1
2292887,Willian,Willian Borges Da Silva,Midfielder,FUL,0,0,1,2,1
2292887,Cairney,Tom Cairney,Midfielder,FUL,0,0,0,0,0
2292887,Leno,Bernd Leno,Goalkeeper,FUL,0,0,0,9,0
2292887,Ream,Tim Ream,Defender,FUL,2,0,2,2,0
2292887,Kebano,Neeskens Kebano,Midfielder,FUL,0,0,0,1,1
2292887,DeCordova-Reid,Bobby DeCordova-Reid,Midfielder,FUL,0,0,1,7,0
2292887,Tosin,Oluwatosin Adarabioyo,Defender,FUL,6,0,0,1,0
2292887,Mitrovic,Aleksandar Mitrovic,Forward,FUL,0,1,0,3,1
2292887,Reed,Harrison Reed,Midfielder,FUL,2,0,0,7,0
2292887,João Palhinha,João Maria Lobo Alves Palhinha Gonçalves,Midfielder,FUL,0,0,2,8,1
2292887,Pereira,Andreas Pereira,Midfielder,FUL,0,0,0,7,0
2292887,Tete,Kenny Tete,Defender,FUL,1,2,0,2,1
2292887,James (Daniel),Daniel James,Midfielder,FUL,0,0,0,3,0
2292887,Diop,Issa Diop,Defender,FUL,3,0,0,5,0
2292887,Carlos Vinicius,Carlos Vinicius Alves Morais,Forward,FUL,0,0,0,0,0
2292887,Cook (Steve),Steve Cook,Defender,NFO,3,2,1,1,0
2292887,Freuler,Remo Freuler,Midfielder,NFO,2,0,1,3,1
2292887,Boly,Willy Boly,Defender,NFO,4,0,0,3,0
2292887,Lingard,Jesse Lingard,Midfielder,NFO,0,0,0,2,0
2292887,McKenna,Scott McKenna,Defender,NFO,6,0,1,4,0
2292887,Henderson (Dean),Dean Henderson,Goalkeeper,NFO,0,0,0,11,0
2292887,Yates,Ryan Yates,Midfielder,NFO,1,2,1,3,0
2292887,Worrall,Joe Worrall,Defender,NFO,0,0,0,1,0
2292887,Awoniyi,Taiwo Awoniyi,Forward,NFO,1,1,0,4,0
2292887,Williams (Neco),Neco Williams,Defender,NFO,0,0,1,6,0
2292887,Surridge,Sam Surridge,Forward,NFO,2,0,0,0,0
2292887,Gibbs-White,Morgan Gibbs-White,Midfielder,NFO,0,0,1,3,0
2292887,Dennis (Emmanuel),Emmanuel Bonaventure Dennis,Forward,NFO,0,0,0,0,0
2292887,Renan Lodi,Renan Augusto Lodi dos Santos,Defender,NFO,2,0,1,7,1
2292887,Johnson (Brennan),Brennan Johnson,Midfielder,NFO,0,0,0,2,0
2292887,O'Brien (Lewis),Lewis O'Brien,Midfielder,NFO,0,0,1,4,1
2292888,Evans,Jonny Evans,Defender,LEI,3,1,1,8,0
2292888,Ward (Danny),Danny Ward,Goalkeeper,LEI,0,0,0,5,0
2292888,Vardy,Jamie Vardy,Forward,LEI,0,0,0,1,0
2292888,Castagne,Timothy Castagne,Defender,LEI,0,0,2,2,2
2292888,Tielemans,Youri Tielemans,Midfielder,LEI,0,0,1,9,2
2292888,Maddison,James Maddison,Midfielder,LEI,0,0,1,4,3
2292888,Iheanacho,Kelechi Iheanacho,Forward,LEI,0,0,0,0,0
2292888,Barnes,Harvey Barnes,Midfielder,LEI,0,0,1,6,1
2292888,Ndidi,Onyinye Wilfred Ndidi,Midfielder,LEI,0,1,1,9,0
2292888,Dewsbury-Hall,Kiernan Dewsbury-Hall,Midfielder,LEI,2,0,0,4,0
2292888,Faes,Wout Faes,Defender,LEI,2,1,1,4,1
2292888,Justin,James Justin,Defender,LEI,4,0,0,6,1
2292888,Soumaré,Boubakary Soumaré,Midfielder,LEI,0,0,0,0,1
2292888,Daka,Patson Daka,Forward,LEI,0,0,0,3,1
2292888,Lloris,Hugo Lloris,Goalkeeper,TOT,2,0,0,7,0
2292888,Perisic,Ivan Perisic,Defender,TOT,0,0,0,4,0
2292888,Kane,Harry Kane,Forward,TOT,0,0,0,2,0
2292888,Son,Heung-Min Son,Midfielder,TOT,0,0,0,1,0
2292888,Dier,Eric Dier,Defender,TOT,3,0,1,6,0
2292888,Højbjerg,Pierre-Emile Højbjerg,Midfielder,TOT,0,1,2,9,0
2292888,Lenglet,Clément Lenglet,Defender,TOT,2,1,2,2,0
2292888,Sánchez,Davinson Sánchez,Defender,TOT,1,0,0,4,1
2292888,Sessegnon (Ryan),Kouassi Ryan Sessegnon,Defender,TOT,0,0,1,5,0
2292888,Bentancur,Rodrigo Bentancur,Midfielder,TOT,0,3,4,11,2
2292888,Richarlison,Richarlison de Andrade,Midfielder,TOT,0,0,1,1,0
2292888,Romero,Cristian Romero,Defender,TOT,0,0,1,2,1
2292888,Bissouma,Yves Bissouma,Midfielder,TOT,0,0,2,2,0
2292888,Emerson Royal,Emerson Aparecido Leite de Souza Junior,Defender,TOT,0,0,0,1,0
2292888,Kulusevski,Dejan Kulusevski,Midfielder,TOT,0,0,0,3,0
2292889,Gundogan,Ilkay Gundogan,Midfielder,MCI,0,0,1,2,0
2292889,De Bruyne,Kevin De Bruyne,Midfielder,MCI,0,0,1,2,1
2292889,Stones,John Stones,Defender,MCI,1,1,1,2,1
2292889,Mahrez,Riyad Mahrez,Midfielder,MCI,0,0,0,1,0
2292889,Grealish,Jack Grealish,Midfielder,MCI,0,0,1,8,0
2292889,João Cancelo,João Pedro Cavaco Cancelo,Defender,MCI,0,0,2,7,5
2292889,Ederson,Ederson Santana de Moraes,Goalkeeper,MCI,2,0,0,4,0
2292889,Bernardo Silva,Bernardo Mota Veiga de Carvalho e Silva,Midfielder,MCI,1,0,1,5,1
2292889,Rúben Dias,Rúben Santos Gato Alves Dias,Defender,MCI,2,0,3,4,0
2292889,Foden,Phil Foden,Midfielder,MCI,0,0,0,5,0
2292889,Akanji,Manuel Akanji,Defender,MCI,0,0,1,5,2
2292889,Rodri,Rodrigo Hernández Cascante,Midfielder,MCI,2,0,3,9,1
2292889,Haaland,Erling Haaland,Forward,MCI,0,0,0,0,0
2292889,Palmer,Cole Palmer,Midfielder,MCI,0,0,0,0,0
2292889,Gómez,Sergio Gómez,Defender,MCI,2,0,1,1,0
2292889,Álvarez,Julián Álvarez,Forward,MCI,0,0,0,1,0
2292889,Moutinho,João Moutinho,Midfielder,WOL,1,1,1,4,1
2292889,Jonny,Jonathan Castro Otto,Defender,WOL,1,0,1,5,1
2292889,José Sá,José Pedro Malheiro de Sá,Goalkeeper,WOL,0,0,0,10,0
2292889,Ruben Neves,Rúben Diogo da Silva Neves,Midfielder,WOL,1,0,3,3,2
2292889,Gonçalo Guedes,Gonçalo Manuel Ganchinho Guedes,Midfielder,WOL,0,0,0,6,0
2292889,Hwang Hee-Chan,Hee-Chan Hwang,Midfielder,WOL,0,0,0,1,0
2292889,Semedo,Nelson Semedo,Defender,WOL,0,0,0,1,1
2292889,Podence,Daniel Podence,Midfielder,WOL,0,0,0,1,0
2292889,Kilman,Max Kilman,Defender,WOL,2,0,0,2,0
2292889,Neto,Pedro Neto,Midfielder,WOL,0,0,0,3,1
2292889,Collins,Nathan Collins,Defender,WOL,1,2,0,4,0
2292889,Ait Nouri,Rayan Ait Nouri,Defender,WOL,1,0,0,6,2
2292889,Campbell,Chem Campbell,Midfielder,WOL,0,0,0,0,0
2292889,Matheus Nunes,Matheus Luiz Nunes,Midfielder,WOL,4,0,1,4,2
2292889,Traoré (Boubacar),Boubacar Traoré,Midfielder,WOL,0,1,1,1,1
2292890,Smith (Adam),Adam Smith,Defender,BOU,1,0,1,5,2
2292890,Neto,Norberto Murara Neto,Goalkeeper,BOU,0,0,0,9,0
2292890,Moore (Kieffer),Kieffer Moore,Forward,BOU,2,0,0,1,0
2292890,Lerma,Jefferson Lerma,Midfielder,BOU,5,0,2,10,1
2292890,Solanke,Dominic Solanke,Forward,BOU,2,0,0,7,0
2292890,Cook (Lewis),Lewis Cook,Midfielder,BOU,1,0,0,4,0
2292890,Christie,Ryan Christie,Midfielder,BOU,0,0,0,0,0
2292890,Billing,Philip Billing,Midfielder,BOU,1,0,0,4,0
2292890,Tavernier,Marcus Tavernier,Midfielder,BOU,1,0,0,7,0
2292890,Senesi,Marcos Senesi,Defender,BOU,3,0,3,6,2
2292890,Mepham,Chris Mepham,Defender,BOU,2,4,1,4,2
2292890,Zemura,Jordan Zemura,Defender,BOU,1,0,2,2,1
2292890,Zanka,Mathias Jorgensen,Defender,BRE,1,0,0,3,0
2292890,Mee,Ben Mee,Defender,BRE,4,2,1,4,3
2292890,Jansson,Pontus Jansson,Defender,BRE,4,0,3,0,0
2292890,Toney,Ivan Toney,Forward,BRE,1,1,0,1,0
2292890,Raya Martin,David Raya Martin,Goalkeeper,BRE,0,0,0,10,0
2292890,Dasilva,Pelenda Joshua Dasilva,Midfielder,BRE,0,0,0,0,0
2292890,Ajer,Kristoffer Ajer,Defender,BRE,1,0,0,5,1
2292890,Henry,Rico Henry,Defender,BRE,3,0,1,3,3
2292890,Janelt,Vitaly Janelt,Midfielder,BRE,1,0,0,7,2
2292890,Jensen,Mathias Jensen,Midfielder,BRE,1,0,1,10,2
2292890,Wissa,Yoane Wissa,Forward,BRE,0,0,0,2,0
2292890,Onyeka,Frank Onyeka,Midfielder,BRE,0,0,0,0,0
2292890,Baptiste (Shandon),Shandon Baptiste,Midfielder,BRE,1,0,0,6,1
2292890,Damsgaard,Mikkel Damsgaard,Midfielder,BRE,1,0,0,5,1
2292890,Mbeumo,Bryan Mbeumo,Midfielder,BRE,0,0,0,2,1
2292890,Hickey,Aaron Hickey,Defender,BRE,1,0,1,2,0
2292891,Xhaka,Granit Xhaka,Midfielder,ARS,0,0,0,6,0
2292891,Partey,Thomas Partey,Midfielder,ARS,1,0,3,7,0
2292891,Odegaard,Martin Odegaard,Midfielder,ARS,0,0,1,1,0
2292891,Tierney,Kieran Tierney,Defender,ARS,0,0,0,0,0
2292891,White (Ben),Ben White,Defender,ARS,3,0,0,2,2
2292891,Eddie Nketiah,Edward Nketiah,Forward,ARS,0,0,0,2,0
2292891,Jesus,Gabriel Fernando de Jesus,Forward,ARS,0,1,0,2,2
2292891,Zinchenko,Oleksandr Zinchenko,Defender,ARS,2,0,0,5,1
2292891,Saka,Bukayo Saka,Midfielder,ARS,1,0,0,1,1
2292891,Tomiyasu,Takehiro Tomiyasu,Defender,ARS,0,0,0,0,0
2292891,Ramsdale,Aaron Ramsdale,Goalkeeper,ARS,1,0,0,5,0
2292891,Gabriel Magalhães,Gabriel dos Santos Magalhães,Defender,ARS,2,1,1,6,0
2292891,Sambi Lokonga,Albert Sambi Lokonga,Midfielder,ARS,0,0,0,1,0
2292891,Fábio Vieira,Fábio Daniel Vieira,Midfielder,ARS,0,0,1,2,0
2292891,Martinelli,Gabriel Teodoro Martinelli Silva,Midfielder,ARS,0,0,0,3,2
2292891,Saliba,William Saliba,Defender,ARS,3,0,0,11,2
2292891,Lloris,Hugo Lloris,Goalkeeper,TOT,0,0,0,10,0
2292891,Perisic,Ivan Perisic,Defender,TOT,2,0,0,1,0
2292891,Kane,Harry Kane,Forward,TOT,0,0,0,1,0
2292891,Son,Heung-Min Son,Midfielder,TOT,0,0,0,2,0
2292891,Doherty,Matt Doherty,Defender,TOT,1,0,0,2,0
2292891,Dier,Eric Dier,Defender,TOT,7,0,0,2,1
2292891,Højbjerg,Pierre-Emile Højbjerg,Midfielder,TOT,0,1,1,7,2
2292891,Lenglet,Clément Lenglet,Defender,TOT,2,0,0,2,1
2292891,Sánchez,Davinson Sánchez,Defender,TOT,0,1,1,0,0
2292891,Sessegnon (Ryan),Kouassi Ryan Sessegnon,Defender,TOT,0,0,0,1,1
2292891,Bentancur,Rodrigo Bentancur,Midfielder,TOT,1,2,2,3,1
2292891,Skipp,Oliver Skipp,Midfielder,TOT,1,0,0,4,2
2292891,Richarlison,Richarlison de Andrade,Midfielder,TOT,2,0,0,2,0
2292891,Romero,Cristian Romero,Defender,TOT,6,0,0,6,1
2292891,Bissouma,Yves Bissouma,Midfielder,TOT,1,0,0,0,0
2292891,Emerson Royal,Emerson Aparecido Leite de Souza Junior,Defender,TOT,1,0,1,2,1
2292892,Thiago Silva,Thiago Emiliano da Silva,Defender,CHE,5,0,1,9,1
2292892,Aubameyang,Pierre-Emerick Aubameyang,Forward,CHE,0,0,1,1,0
2292892,Jorginho,Jorge Luiz Frello Filho,Midfielder,CHE,0,0,1,3,1
2292892,Kovacic,Mateo Kovacic,Midfielder,CHE,0,0,1,7,0
2292892,Sterling (Raheem),Raheem Sterling,Midfielder,CHE,0,0,0,4,0
2292892,Kepa,Kepa Arrizabalaga Revuelta,Goalkeeper,CHE,0,0,0,2,1
2292892,Loftus-Cheek,Ruben Loftus-Cheek,Midfielder,CHE,0,0,0,2,0
2292892,Chilwell,Benjamin Chilwell,Defender,CHE,2,0,0,5,1
2292892,Pulisic,Christian Pulisic,Midfielder,CHE,0,0,0,1,1
2292892,Mount,Mason Mount,Midfielder,CHE,1,0,0,3,0
2292892,Havertz,Kai Havertz,Midfielder,CHE,0,0,0,4,1
2292892,James (Reece),Reece James,Defender,CHE,2,0,1,9,2
2292892,Gallagher,Conor Gallagher,Midfielder,CHE,0,0,0,1,1
2292892,Broja,Armando Broja,Forward,CHE,0,0,0,0,0
2292892,Fofana (Wesley),Wesley Fofana,Defender,CHE,1,0,4,6,0
2292892,Guaita,Vicente Guaita,Goalkeeper,CRY,2,0,0,7,0
2292892,Tomkins,James Tomkins,Defender,CRY,2,0,0,7,0
2292892,Ward (Joel),Joel Ward,Defender,CRY,1,1,0,4,2
2292892,Clyne,Nathaniel Clyne,Defender,CRY,0,0,0,0,0
2292892,Ayew (Jordan),Jordan Ayew,Midfielder,CRY,1,1,0,4,1
2292892,Zaha,Wilfried Zaha,Midfielder,CRY,0,0,2,4,4
2292892,Schlupp,Jeffrey Schlupp,Midfielder,CRY,0,0,0,0,0
2292892,Hughes (Will),Will Hughes,Midfielder,CRY,0,0,0,2,0
2292892,Edouard,Odsonne Edouard,Forward,CRY,1,0,0,6,1
2292892,Marc Guehi,Addji Keaninkin Marc-Israel Guehi,Defender,CRY,4,0,2,6,1
2292892,Mateta,Jean-Philippe Mateta,Forward,CRY,0,0,0,0,0
2292892,Eze,Eberechi Eze,Midfielder,CRY,0,0,0,6,0
2292892,Mitchell,Tyrick Mitchell,Defender,CRY,2,0,0,3,1
2292892,Doucoure,Cheick Oumar Doucoure,Midfielder,CRY,1,1,2,4,0
2292892,Olise,Michael Olise,Midfielder,CRY,0,0,1,6,0
2292893,Cairney,Tom Cairney,Midfielder,FUL,0,0,0,3,2
2292893,Leno,Bernd Leno,Goalkeeper,FUL,0,0,0,10,0
2292893,Ream,Tim Ream,Defender,FUL,0,0,1,2,0
2292893,Kurzawa,Layvin Kurzawa,Defender,FUL,1,0,1,2,1
2292893,Chalobah (Nathaniel),Nathaniel Chalobah,Midfielder,FUL,1,0,0,0,1
2292893,Kebano,Neeskens Kebano,Midfielder,FUL,0,0,0,2,1
2292893,DeCordova-Reid,Bobby DeCordova-Reid,Midfielder,FUL,2,0,0,3,0
2292893,Tosin,Oluwatosin Adarabioyo,Defender,FUL,4,0,0,2,0
2292893,Mbabu,Kevin Mbabu,Defender,FUL,1,0,1,2,0
2292893,Mitrovic,Aleksandar Mitrovic,Forward,FUL,1,0,0,0,0
2292893,Reed,Harrison Reed,Midfielder,FUL,0,1,4,5,3
2292893,Pereira,Andreas Pereira,Midfielder,FUL,0,1,0,4,1
2292893,James (Daniel),Daniel James,Midfielder,FUL,3,1,0,7,1
2292893,Diop,Issa Diop,Defender,FUL,1,1,1,3,0
2292893,Carlos Vinicius,Carlos Vinicius Alves Morais,Forward,FUL,0,0,0,3,0
2292893,Wilson (Callum),Callum Wilson,Forward,NEW,0,0,0,0,0
2292893,Trippier,Kieran Trippier,Defender,NEW,3,0,1,8,1
2292893,Burn,Dan Burn,Defender,NEW,2,0,1,4,1
2292893,Fraser (Ryan),Ryan Fraser,Midfielder,NEW,0,0,0,1,0
2292893,Pope,Nick Pope,Goalkeeper,NEW,0,0,0,9,0
2292893,Lascelles,Jamaal Lascelles,Defender,NEW,1,1,0,0,0
2292893,Murphy (Jacob),Jacob Murphy,Midfielder,NEW,0,0,0,4,1
2292893,Schär,Fabian Schär,Defender,NEW,3,0,0,6,0
2292893,Targett,Matt Targett,Defender,NEW,0,0,0,1,0
2292893,Almirón,Miguel Almirón,Midfielder,NEW,0,0,0,3,1
2292893,Longstaff (Sean),Sean Longstaff,Midfielder,NEW,1,0,0,5,2
2292893,Lewis (Jamal),Jamal Lewis,Defender,NEW,0,0,0,2,0
2292893,Willock,Joseph Willock,Midfielder,NEW,0,0,0,1,1
2292893,Bruno Guimarães,Bruno Guimarães Rodriguez Moura,Midfielder,NEW,1,0,0,5,1
2292893,Anderson (Elliot),Elliot Anderson,Midfielder,NEW,0,0,1,3,1
2292893,Botman,Sven Botman,Defender,NEW,3,0,1,5,1
2292894,Young (Ashley),Ashley Young,Defender,AVL,1,0,1,7,1
2292894,Coutinho,Philippe Coutinho,Midfielder,AVL,0,0,0,1,1
2292894,Ings,Danny Ings,Forward,AVL,0,0,0,0,0
2292894,Martinez,Emiliano Martinez,Goalkeeper,AVL,1,0,0,13,0
2292894,McGinn,John McGinn,Midfielder,AVL,0,1,2,11,2
2292894,Mings,Tyrone Mings,Defender,AVL,0,0,1,6,0
2292894,Augustinsson,Ludwig Augustinsson,Defender,AVL,1,0,0,4,1
2292894,Bednarek,Jan Bednarek,Defender,AVL,0,0,1,2,2
2292894,Watkins,Ollie Watkins,Forward,AVL,0,0,0,1,0
2292894,Buendía,Emiliano Buendía,Midfielder,AVL,0,0,0,1,0
2292894,Konsa Ngoyo,Ezri Konsa Ngoyo,Defender,AVL,3,1,0,8,0
2292894,Bailey,Leon Bailey,Midfielder,AVL,0,0,0,2,0
2292894,Douglas Luiz,Douglas Luiz Soares de Paulo,Midfielder,AVL,1,1,3,10,2
2292894,Ramsey (Jacob),Jacob Ramsey,Midfielder,AVL,0,0,2,7,2
2292894,Cooper,Liam Cooper,Defender,LEE,8,0,0,4,0
2292894,Ayling,Luke Ayling,Defender,LEE,0,1,0,1,1
2292894,Klich,Mateusz Klich,Midfielder,LEE,0,0,0,2,0
2292894,Rodrigo,Rodrigo Moreno Machado,Midfielder,LEE,4,0,0,1,0
2292894,Bamford,Patrick Bamford,Forward,LEE,0,0,0,0,0
2292894,Koch,Robin Koch,Defender,LEE,5,1,1,8,0
2292894,Adams (Tyler),Tyler Adams,Midfielder,LEE,0,1,1,6,0
2292894,Harrison,Jack Harrison,Midfielder,LEE,0,0,0,6,1
2292894,Struijk,Pascal Struijk,Defender,LEE,1,0,2,3,0
2292894,Kristensen,Rasmus Kristensen,Defender,LEE,3,0,2,3,1
2292894,Sinisterra,Luis Sinisterra,Midfielder,LEE,0,0,0,1,2
2292894,Roca,Marc Roca,Midfielder,LEE,0,1,0,4,2
2292894,Aaronson,Brenden Aaronson,Midfielder,LEE,0,0,0,6,0
2292894,Meslier,Illan Meslier,Goalkeeper,LEE,0,0,0,14,0
2292894,Firpo,Junior Firpo,Defender,LEE,1,0,0,3,2
2292894,Summerville,Crysencio Summerville,Midfielder,LEE,0,1,0,1,0
2292895,Evans,Jonny Evans,Defender,LEI,2,1,2,2,0
2292895,Albrighton,Marc Albrighton,Midfielder,LEI,0,0,0,0,0
2292895,Ward (Danny),Danny Ward,Goalkeeper,LEI,1,0,0,5,0
2292895,Vardy,Jamie Vardy,Forward,LEI,1,0,0,2,0
2292895,Praet,Dennis Praet,Midfielder,LEI,0,0,0,0,0
2292895,Castagne,Timothy Castagne,Defender,LEI,0,0,1,5,1
2292895,Tielemans,Youri Tielemans,Midfielder,LEI,0,1,0,9,0
2292895,Maddison,James Maddison,Midfielder,LEI,1,0,2,6,1
2292895,Barnes,Harvey Barnes,Midfielder,LEI,0,0,0,4,1
2292895,Ndidi,Onyinye Wilfred Ndidi,Midfielder,LEI,2,0,3,3,0
2292895,Dewsbury-Hall,Kiernan Dewsbury-Hall,Midfielder,LEI,1,0,3,4,1
2292895,Faes,Wout Faes,Defender,LEI,3,0,1,4,0
2292895,Justin,James Justin,Defender,LEI,2,0,1,4,0
2292895,Soumaré,Boubakary Soumaré,Midfielder,LEI,2,0,1,3,3
2292895,Daka,Patson Daka,Forward,LEI,1,0,0,1,0
2292895,Kouyaté,Cheikhou Kouyaté,Midfielder,NFO,0,0,1,1,1
2292895,Cook (Steve),Steve Cook,Defender,NFO,6,1,2,8,1
2292895,Aurier,Serge Aurier,Defender,NFO,0,0,1,4,1
2292895,Freuler,Remo Freuler,Midfielder,NFO,1,0,1,4,0
2292895,Lingard,Jesse Lingard,Midfielder,NFO,0,0,0,2,1
2292895,McKenna,Scott McKenna,Defender,NFO,3,0,0,2,0
2292895,Henderson (Dean),Dean Henderson,Goalkeeper,NFO,0,0,0,7,0
2292895,Mangala,Orel Mangala,Midfielder,NFO,0,0,0,1,1
2292895,Yates,Ryan Yates,Midfielder,NFO,0,0,0,3,0
2292895,Awoniyi,Taiwo Awoniyi,Forward,NFO,2,0,0,0,0
2292895,Williams (Neco),Neco Williams,Defender,NFO,2,1,4,3,2
2292895,Gibbs-White,Morgan Gibbs-White,Midfielder,NFO,0,0,1,4,0
2292895,Dennis (Emmanuel),Emmanuel Bonaventure Dennis,Forward,NFO,0,0,0,0,0
2292895,Renan Lodi,Renan Augusto Lodi dos Santos,Defender,NFO,1,0,3,6,2
2292895,Johnson (Brennan),Brennan Johnson,Midfielder,NFO,0,1,0,2,0
2292895,O'Brien (Lewis),Lewis O'Brien,Midfielder,NFO,0,0,0,4,0
2292896,Lallana,Adam Lallana,Midfielder,BHA,0,0,0,0,0
2292896,Welbeck,Danny Welbeck,Forward,BHA,2,0,0,0,0
2292896,Groß,Pascal Groß,Midfielder,BHA,0,0,0,1,0
2292896,Dunk,Lewis Dunk,Defender,BHA,5,0,1,4,1
2292896,March,Solomon March,Midfielder,BHA,2,0,1,3,1
2292896,Webster (Adam),Adam Webster,Defender,BHA,3,1,3,12,1
2292896,Veltman,Joël Veltman,Defender,BHA,7,0,2,3,2
2292896,Trossard,Leandro Trossard,Midfielder,BHA,0,0,1,4,0
2292896,Estupiñán,Pervis Estupiñán,Defender,BHA,2,1,2,4,2
2292896,Sanchez,Robert Sanchez,Goalkeeper,BHA,1,0,0,14,0
2292896,Lamptey,Tariq Lamptey,Defender,BHA,0,0,0,0,0
2292896,Mac Allister,Alexis Mac Allister,Midfielder,BHA,1,0,2,8,2
2292896,Mitoma,Kaoru Mitoma,Midfielder,BHA,1,0,1,1,0
2292896,Moises Caicedo,Moises Caicedo,Midfielder,BHA,2,0,1,5,0
2292896,Milner,James Milner,Midfielder,LIV,0,0,0,1,0
2292896,Henderson (Jordan),Jordan Henderson,Midfielder,LIV,0,0,0,3,0
2292896,Matip,Joel Matip,Defender,LIV,5,0,1,9,1
2292896,Thiago Alcántara,Thiago Alcántara do Nascimento,Midfielder,LIV,2,0,1,8,2
2292896,Firmino,Roberto Firmino Barbosa de Oliveira,Forward,LIV,0,0,0,3,0
2292896,van Dijk,Virgil van Dijk,Defender,LIV,3,0,2,3,1
2292896,Alisson,Alisson Ramses Becker,Goalkeeper,LIV,0,0,0,10,0
2292896,Fabinho,Fabio Henrique Tavares,Midfielder,LIV,1,0,3,8,1
2292896,Salah,Mohamed Salah,Midfielder,LIV,1,0,0,3,0
2292896,Alexander-Arnold,Trent Alexander-Arnold,Defender,LIV,3,0,1,10,2
2292896,Diogo Jota,Diogo José Teixeira da Silva,Midfielder,LIV,0,0,0,1,1
2292896,Tsimikas,Konstantinos Tsimikas,Defender,LIV,1,0,0,3,0
2292896,Díaz,Luis Díaz,Midfielder,LIV,0,0,0,1,1
2292896,Carvalho,Fabio Carvalho,Midfielder,LIV,0,0,1,2,0
2292896,Elliott (Harvey),Harvey Elliott,Midfielder,LIV,0,0,0,2,0
2292896,Núñez,Darwin Núñez,Forward,LIV,0,0,0,1,0
2292897,Walker,Kyle Walker,Defender,MCI,0,0,0,1,0
2292897,Gundogan,Ilkay Gundogan,Midfielder,MCI,2,1,1,2,1
2292897,De Bruyne,Kevin De Bruyne,Midfielder,MCI,0,0,0,4,0
2292897,Mahrez,Riyad Mahrez,Midfielder,MCI,0,0,1,3,1
2292897,Grealish,Jack Grealish,Midfielder,MCI,0,0,1,5,0
2292897,João Cancelo,João Pedro Cavaco Cancelo,Defender,MCI,0,0,5,7,1
2292897,Ederson,Ederson Santana de Moraes,Goalkeeper,MCI,2,0,0,8,0
2292897,Aké,Nathan Aké,Defender,MCI,1,1,0,2,0
2292897,Laporte,Aymeric Laporte,Defender,MCI,0,0,0,0,0
2292897,Bernardo Silva,Bernardo Mota Veiga de Carvalho e Silva,Midfielder,MCI,0,0,0,6,1
2292897,Foden,Phil Foden,Midfielder,MCI,0,0,1,5,1
2292897,Akanji,Manuel Akanji,Defender,MCI,2,0,0,8,2
2292897,Haaland,Erling Haaland,Forward,MCI,0,0,1,2,0
2292897,Palmer,Cole Palmer,Midfielder,MCI,0,0,0,0,0
2292897,Gómez,Sergio Gómez,Defender,MCI,1,1,1,2,0
2292897,Álvarez,Julián Álvarez,Forward,MCI,0,0,0,0,1
2292897,De Gea,David De Gea,Goalkeeper,MUN,0,0,0,2,0
2292897,Casemiro,Carlos Henrique Jose Francisco Venancio,Midfielder,MUN,1,0,1,1,0
2292897,Eriksen,Christian Eriksen,Midfielder,MUN,1,1,0,4,0
2292897,Varane,Raphael Varane,Defender,MUN,1,1,0,0,0
2292897,Fred,Frederico Rodrigues de Paula Santos,Midfielder,MUN,0,0,0,1,0
2292897,Shaw,Luke Shaw,Defender,MUN,1,0,0,2,0
2292897,Bruno Fernandes,Bruno Miguel Borges Fernandes,Midfielder,MUN,0,0,0,4,0
2292897,Martial,Anthony Martial,Forward,MUN,0,0,0,0,0
2292897,Rashford,Marcus Rashford,Midfielder,MUN,0,0,0,1,0
2292897,Lindelof,Victor Nilsson-Lindelof,Defender,MUN,1,1,0,1,1
2292897,McTominay,Scott McTominay,Midfielder,MUN,2,1,1,4,2
2292897,Sancho,Jadon Sancho,Midfielder,MUN,0,0,1,7,0
2292897,Dalot,José Diogo Dalot Teixeira,Defender,MUN,0,2,1,7,0
2292897,Martínez,Lisandro Martínez,Defender,MUN,3,1,2,4,1
2292897,Malacia,Tyrell Malacia,Defender,MUN,0,0,0,1,1
2292897,Antony,Antony Matheus dos Santos,Midfielder,MUN,0,0,1,5,0
2292898,Tarkowski,James Tarkowski,Defender,EVE,5,1,1,3,0
2292898,Rondón,Salomón Rondón,Forward,EVE,0,1,0,0,0
2292898,Coleman,Seamus Coleman,Defender,EVE,3,2,2,5,0
2292898,Gueye,Idrissa Gueye,Midfielder,EVE,2,0,2,11,3
2292898,Coady,Conor Coady,Defender,EVE,4,1,0,1,0
2292898,Pickford,Jordan Pickford,Goalkeeper,EVE,2,0,0,8,0
2292898,Maupay,Neal Maupay,Forward,EVE,0,0,0,2,2
2292898,Doucouré,Abdoulaye Doucouré,Midfielder,EVE,0,0,0,0,0
2292898,Iwobi,Alex Iwobi,Midfielder,EVE,0,0,1,6,1
2292898,Gray (Demarai),Demarai Gray,Midfielder,EVE,1,0,1,4,1
2292898,Davies (Tom),Tom Davies,Midfielder,EVE,1,0,0,1,0
2292898,Mykolenko,Vitaliy Mykolenko,Defender,EVE,4,2,3,7,3
2292898,Gordon (Anthony),Anthony Gordon,Midfielder,EVE,1,0,0,3,1
2292898,McNeil,Dwight McNeil,Midfielder,EVE,0,0,1,7,1
2292898,Mvom Onana,Amadou Mvom Onana,Midfielder,EVE,1,0,0,2,1
2292898,Armstrong (Stuart),Stuart Armstrong,Midfielder,SOU,0,0,0,7,1
2292898,Elyounoussi,Mohammed Elyounoussi,Midfielder,SOU,0,0,0,1,0
2292898,Ward-Prowse,James Ward-Prowse,Midfielder,SOU,1,0,1,6,1
2292898,Maitland-Niles,Ainsley Maitland-Niles,Midfielder,SOU,0,0,0,2,1
2292898,Armstrong (Adam),Adam Armstrong,Forward,SOU,0,0,0,0,0
2292898,Walker-Peters,Kyle Walker-Peters,Defender,SOU,3,0,2,6,0
2292898,Caleta-Car,Duje Caleta-Car,Defender,SOU,4,1,1,4,0
2292898,Aribo,Joe Aribo,Midfielder,SOU,2,0,0,9,3
2292898,Adams (Che),Che Adams,Forward,SOU,2,0,0,1,1
2292898,Perraud,Romain Perraud,Defender,SOU,0,0,1,2,0
2292898,Bazunu,Gavin Bazunu,Goalkeeper,SOU,2,0,0,7,0
2292898,Mara,Sékou Mara,Forward,SOU,1,0,0,2,2
2292898,Bella Kotchap,Armel Bella Kotchap,Defender,SOU,1,2,2,6,1
2292898,Edozie,Samuel Edozie,Midfielder,SOU,0,0,0,1,0
2292898,Juan Larios,Juan Larios López,Defender,SOU,1,0,1,4,1
2292899,Fabianski,Lukasz Fabianski,Goalkeeper,WHU,0,0,0,8,0
2292899,Cresswell (Aaron),Aaron Cresswell,Defender,WHU,5,0,2,3,1
2292899,Antonio,Michail Antonio,Forward,WHU,0,0,0,0,0
2292899,Dawson,Craig Dawson,Defender,WHU,1,0,0,1,1
2292899,Zouma,Kurt Zouma,Defender,WHU,8,1,0,2,0
2292899,Emerson,Emerson Palmieri dos Santos,Defender,WHU,1,0,0,0,0
2292899,Cornet,Maxwel Cornet,Midfielder,WHU,0,0,0,2,1
2292899,Bowen,Jarrod Bowen,Midfielder,WHU,1,1,1,2,1
2292899,Scamacca,Gianluca Scamacca,Forward,WHU,1,0,0,3,0
2292899,Kehrer,Thilo Kehrer,Defender,WHU,4,0,1,3,3
2292899,Rice,Declan Rice,Midfielder,WHU,0,1,2,11,2
2292899,Soucek,Tomas Soucek,Midfielder,WHU,4,1,0,8,1
2292899,Fornals,Pablo Fornals,Midfielder,WHU,0,0,0,8,2
2292899,Lucas Paquetá,Lucas Tolentino Coelho de Lima,Midfielder,WHU,2,0,2,4,1
2292899,Costa,Diego Da Silva Costa,Forward,WOL,0,0,0,0,0
2292899,Moutinho,João Moutinho,Midfielder,WOL,0,0,1,6,1
2292899,Jonny,Jonathan Castro Otto,Defender,WOL,2,0,2,9,0
2292899,José Sá,José Pedro Malheiro de Sá,Goalkeeper,WOL,0,0,0,4,0
2292899,Traoré (Adama),Adama Traoré,Midfielder,WOL,0,0,0,3,1
2292899,Ruben Neves,Rúben Diogo da Silva Neves,Midfielder,WOL,1,2,1,8,1
2292899,Gonçalo Guedes,Gonçalo Manuel Ganchinho Guedes,Midfielder,WOL,0,0,0,2,0
2292899,Semedo,Nelson Semedo,Defender,WOL,0,1,0,1,0
2292899,Podence,Daniel Podence,Midfielder,WOL,0,0,0,4,1
2292899,Kilman,Max Kilman,Defender,WOL,2,4,3,3,0
2292899,Neto,Pedro Neto,Midfielder,WOL,0,0,0,1,0
2292899,Ait Nouri,Rayan Ait Nouri,Defender,WOL,1,0,0,7,1
2292899,Campbell,Chem Campbell,Midfielder,WOL,0,0,0,3,0
2292899,Matheus Nunes,Matheus Luiz Nunes,Midfielder,WOL,0,0,0,3,1
2292899,Traoré (Boubacar),Boubacar Traoré,Midfielder,WOL,0,1,1,1,1
2292900,Smith (Adam),Adam Smith,Defender,BOU,2,0,4,6,1
2292900,Neto,Norberto Murara Neto,Goalkeeper,BOU,0,0,0,9,0
2292900,Fredericks,Ryan Fredericks,Defender,BOU,1,0,0,2,0
2292900,Moore (Kieffer),Kieffer Moore,Forward,BOU,0,0,0,0,1
2292900,Lerma,Jefferson Lerma,Midfielder,BOU,1,0,1,8,0
2292900,Stacey,Jack Stacey,Defender,BOU,1,0,1,1,1
2292900,Solanke,Dominic Solanke,Forward,BOU,0,0,0,2,0
2292900,Cook (Lewis),Lewis Cook,Midfielder,BOU,0,0,0,6,1
2292900,Christie,Ryan Christie,Midfielder,BOU,0,0,1,8,1
2292900,Billing,Philip Billing,Midfielder,BOU,0,0,0,5,2
2292900,Tavernier,Marcus Tavernier,Midfielder,BOU,0,0,1,5,0
2292900,Senesi,Marcos Senesi,Defender,BOU,3,2,1,5,2
2292900,Mepham,Chris Mepham,Defender,BOU,4,0,1,3,2
2292900,Anthony,Jaidon Anthony,Midfielder,BOU,0,0,0,1,0
2292900,Evans,Jonny Evans,Defender,LEI,7,1,1,2,2
2292900,Ward (Danny),Danny Ward,Goalkeeper,LEI,0,0,0,9,0
2292900,Vardy,Jamie Vardy,Forward,LEI,0,0,0,0,0
2292900,Amartey,Daniel Amartey,Defender,LEI,2,0,0,3,0
2292900,Castagne,Timothy Castagne,Defender,LEI,3,0,0,7,2
2292900,Tielemans,Youri Tielemans,Midfielder,LEI,1,0,1,7,2
2292900,Ayoze Pérez,Ayoze Pérez Gutiérrez,Midfielder,LEI,0,0,0,0,1
2292900,Maddison,James Maddison,Midfielder,LEI,0,0,0,3,1
2292900,Iheanacho,Kelechi Iheanacho,Forward,LEI,0,0,0,0,0
2292900,Barnes,Harvey Barnes,Midfielder,LEI,0,0,0,4,3
2292900,Dewsbury-Hall,Kiernan Dewsbury-Hall,Midfielder,LEI,2,1,2,4,1
2292900,Faes,Wout Faes,Defender,LEI,5,2,2,6,5
2292900,Justin,James Justin,Defender,LEI,2,0,0,4,2
2292900,Soumaré,Boubakary Soumaré,Midfielder,LEI,1,0,0,7,3
2292900,Daka,Patson Daka,Forward,LEI,0,0,0,1,0
2292901,Xhaka,Granit Xhaka,Midfielder,ARS,5,1,0,1,1
2292901,Partey,Thomas Partey,Midfielder,ARS,7,0,2,4,0
2292901,Odegaard,Martin Odegaard,Midfielder,ARS,0,0,0,3,1
2292901,Tierney,Kieran Tierney,Defender,ARS,0,0,0,0,0
2292901,White (Ben),Ben White,Defender,ARS,2,0,0,2,1
2292901,Eddie Nketiah,Edward Nketiah,Forward,ARS,0,0,0,0,0
2292901,Jesus,Gabriel Fernando de Jesus,Forward,ARS,1,0,0,4,1
2292901,Saka,Bukayo Saka,Midfielder,ARS,1,0,1,3,1
2292901,Tomiyasu,Takehiro Tomiyasu,Defender,ARS,6,0,1,6,2
2292901,Ramsdale,Aaron Ramsdale,Goalkeeper,ARS,2,0,0,9,0
2292901,Gabriel Magalhães,Gabriel dos Santos Magalhães,Defender,ARS,5,2,0,4,1
2292901,Fábio Vieira,Fábio Daniel Vieira,Midfielder,ARS,0,0,0,1,1
2292901,Martinelli,Gabriel Teodoro Martinelli Silva,Midfielder,ARS,0,0,0,6,0
2292901,Saliba,William Saliba,Defender,ARS,2,0,2,7,1
2292901,Henderson (Jordan),Jordan Henderson,Midfielder,LIV,1,1,0,6,0
2292901,Matip,Joel Matip,Defender,LIV,6,0,1,3,0
2292901,Thiago Alcántara,Thiago Alcántara do Nascimento,Midfielder,LIV,0,0,2,3,1
2292901,Firmino,Roberto Firmino Barbosa de Oliveira,Forward,LIV,0,0,0,1,1
2292901,van Dijk,Virgil van Dijk,Defender,LIV,4,2,0,3,0
2292901,Alisson,Alisson Ramses Becker,Goalkeeper,LIV,0,0,0,14,0
2292901,Fabinho,Fabio Henrique Tavares,Midfielder,LIV,1,0,0,1,0
2292901,Salah,Mohamed Salah,Midfielder,LIV,0,0,0,2,0
2292901,Alexander-Arnold,Trent Alexander-Arnold,Defender,LIV,0,0,1,2,0
2292901,Gomez,Joseph Gomez,Defender,LIV,2,0,1,1,3
2292901,Diogo Jota,Diogo José Teixeira da Silva,Midfielder,LIV,0,0,1,3,1
2292901,Konaté,Ibrahima Konaté,Defender,LIV,0,0,1,2,0
2292901,Tsimikas,Konstantinos Tsimikas,Defender,LIV,2,0,1,4,1
2292901,Díaz,Luis Díaz,Midfielder,LIV,0,0,0,1,0
2292901,Elliott (Harvey),Harvey Elliott,Midfielder,LIV,0,0,0,0,0
2292901,Núñez,Darwin Núñez,Forward,LIV,1,0,0,1,0
2292902,Lallana,Adam Lallana,Midfielder,BHA,0,0,0,1,2
2292902,Welbeck,Danny Welbeck,Forward,BHA,0,0,0,1,0
2292902,Groß,Pascal Groß,Midfielder,BHA,1,0,0,2,1
2292902,Dunk,Lewis Dunk,Defender,BHA,1,1,4,6,1
2292902,March,Solomon March,Midfielder,BHA,1,0,1,6,0
2292902,Webster (Adam),Adam Webster,Defender,BHA,1,0,1,9,1
2292902,Veltman,Joël Veltman,Defender,BHA,2,0,0,7,1
2292902,Trossard,Leandro Trossard,Midfielder,BHA,0,0,0,4,0
2292902,Estupiñán,Pervis Estupiñán,Defender,BHA,1,0,1,0,0
2292902,Sanchez,Robert Sanchez,Goalkeeper,BHA,0,0,0,3,0
2292902,Lamptey,Tariq Lamptey,Defender,BHA,0,0,0,0,0
2292902,Mac Allister,Alexis Mac Allister,Midfielder,BHA,0,0,1,14,3
2292902,Gilmour,Billy Gilmour,Midfielder,BHA,0,0,0,0,0
2292902,Mitoma,Kaoru Mitoma,Midfielder,BHA,0,0,0,1,0
2292902,Moises Caicedo,Moises Caicedo,Midfielder,BHA,0,0,2,6,0
2292902,Lloris,Hugo Lloris,Goalkeeper,TOT,0,0,0,9,0
2292902,Perisic,Ivan Perisic,Defender,TOT,0,0,0,1,0
2292902,Kane,Harry Kane,Forward,TOT,0,0,0,3,1
2292902,Son,Heung-Min Son,Midfielder,TOT,0,0,1,2,1
2292902,Doherty,Matt Doherty,Defender,TOT,2,1,3,5,0
2292902,Dier,Eric Dier,Defender,TOT,2,0,0,5,1
2292902,Davies (Ben),Ben Davies,Defender,TOT,2,1,0,5,0
2292902,Højbjerg,Pierre-Emile Højbjerg,Midfielder,TOT,4,1,4,11,0
2292902,Sessegnon (Ryan),Kouassi Ryan Sessegnon,Defender,TOT,3,0,1,7,1
2292902,Bentancur,Rodrigo Bentancur,Midfielder,TOT,3,0,0,7,4
2292902,Skipp,Oliver Skipp,Midfielder,TOT,0,0,0,1,0
2292902,Richarlison,Richarlison de Andrade,Midfielder,TOT,0,0,0,1,1
2292902,Romero,Cristian Romero,Defender,TOT,1,1,1,6,2
2292902,Bissouma,Yves Bissouma,Midfielder,TOT,2,1,1,5,1
2292903,Azpilicueta,César Azpilicueta,Defender,CHE,1,0,2,4,2
2292903,Jorginho,Jorge Luiz Frello Filho,Midfielder,CHE,0,0,1,12,2
2292903,Koulibaly,Kalidou Koulibaly,Defender,CHE,4,0,1,8,4
2292903,Kovacic,Mateo Kovacic,Midfielder,CHE,0,0,0,1,0
2292903,Kepa,Kepa Arrizabalaga Revuelta,Goalkeeper,CHE,0,0,0,7,1
2292903,Ziyech,Hakim Ziyech,Midfielder,CHE,0,0,0,0,0
2292903,Loftus-Cheek,Ruben Loftus-Cheek,Midfielder,CHE,0,0,0,3,0
2292903,Pulisic,Christian Pulisic,Midfielder,CHE,0,0,0,1,1
2292903,Cucurella,Marc Cucurella,Defender,CHE,2,1,1,5,0
2292903,Chalobah (Trevoh),Trevoh Chalobah,Defender,CHE,3,0,1,3,1
2292903,Mount,Mason Mount,Midfielder,CHE,0,0,0,4,0
2292903,Havertz,Kai Havertz,Midfielder,CHE,0,0,0,3,0
2292903,James (Reece),Reece James,Defender,CHE,0,0,0,0,0
2292903,Gallagher,Conor Gallagher,Midfielder,CHE,2,0,2,10,4
2292903,Broja,Armando Broja,Forward,CHE,0,0,0,0,0
2292903,Chukwuemeka,Carney Chukwuemeka,Midfielder,CHE,0,0,0,0,0
2292903,Costa,Diego Da Silva Costa,Forward,WOL,1,0,0,1,0
2292903,Moutinho,João Moutinho,Midfielder,WOL,2,0,3,4,3
2292903,Jonny,Jonathan Castro Otto,Defender,WOL,2,2,1,2,0
2292903,José Sá,José Pedro Malheiro de Sá,Goalkeeper,WOL,0,0,0,7,0
2292903,Traoré (Adama),Adama Traoré,Midfielder,WOL,0,0,0,3,0
2292903,Gonçalo Guedes,Gonçalo Manuel Ganchinho Guedes,Midfielder,WOL,1,0,0,1,0
2292903,Hwang Hee-Chan,Hee-Chan Hwang,Midfielder,WOL,0,0,0,1,0
2292903,Semedo,Nelson Semedo,Defender,WOL,3,0,0,3,2
2292903,Podence,Daniel Podence,Midfielder,WOL,1,0,0,3,0
2292903,Kilman,Max Kilman,Defender,WOL,1,0,0,7,0
2292903,Hodge,Joseph Hodge,Midfielder,WOL,0,0,0,1,1
2292903,Ait Nouri,Rayan Ait Nouri,Defender,WOL,0,0,1,0,0
2292903,Campbell,Chem Campbell,Midfielder,WOL,0,0,0,1,0
2292903,Matheus Nunes,Matheus Luiz Nunes,Midfielder,WOL,1,0,0,5,2
2292903,Toti,Toti António Gomes,Defender,WOL,5,1,0,4,1
2292904,Guaita,Vicente Guaita,Goalkeeper,CRY,0,0,0,12,0
2292904,Ward (Joel),Joel Ward,Defender,CRY,3,0,3,4,1
2292904,Milivojevic,Luka Milivojevic,Midfielder,CRY,0,0,0,0,0
2292904,Ayew (Jordan),Jordan Ayew,Midfielder,CRY,1,0,0,3,0
2292904,Zaha,Wilfried Zaha,Midfielder,CRY,0,0,0,4,1
2292904,Schlupp,Jeffrey Schlupp,Midfielder,CRY,2,2,4,7,2
2292904,Hughes (Will),Will Hughes,Midfielder,CRY,0,0,0,0,1
2292904,Andersen,Joachim Andersen,Defender,CRY,6,0,2,4,0
2292904,Edouard,Odsonne Edouard,Forward,CRY,1,1,0,2,0
2292904,Marc Guehi,Addji Keaninkin Marc-Israel Guehi,Defender,CRY,4,1,0,3,1
2292904,Mateta,Jean-Philippe Mateta,Forward,CRY,0,0,0,0,0
2292904,Eze,Eberechi Eze,Midfielder,CRY,0,0,1,14,0
2292904,Mitchell,Tyrick Mitchell,Defender,CRY,0,0,0,0,0
2292904,Doucoure,Cheick Oumar Doucoure,Midfielder,CRY,1,0,3,9,1
2292904,Olise,Michael Olise,Midfielder,CRY,1,0,0,7,0
2292904,Cooper,Liam Cooper,Defender,LEE,2,0,1,10,2
2292904,Ayling,Luke Ayling,Defender,LEE,0,0,0,0,1
2292904,Klich,Mateusz Klich,Midfielder,LEE,0,0,0,0,0
2292904,Rodrigo,Rodrigo Moreno Machado,Midfielder,LEE,0,1,0,5,0
2292904,Bamford,Patrick Bamford,Forward,LEE,1,0,0,2,1
2292904,Koch,Robin Koch,Defender,LEE,6,0,2,6,0
2292904,Adams (Tyler),Tyler Adams,Midfielder,LEE,1,0,1,10,4
2292904,Harrison,Jack Harrison,Midfielder,LEE,0,0,0,5,1
2292904,Struijk,Pascal Struijk,Defender,LEE,0,0,0,5,3
2292904,Kristensen,Rasmus Kristensen,Defender,LEE,2,2,4,3,0
2292904,Roca,Marc Roca,Midfielder,LEE,0,0,2,4,0
2292904,Aaronson,Brenden Aaronson,Midfielder,LEE,0,0,0,5,0
2292904,Meslier,Illan Meslier,Goalkeeper,LEE,0,0,0,10,0
2292904,Summerville,Crysencio Summerville,Midfielder,LEE,0,0,0,3,1
2292904,Gelhardt,Joe Gelhardt,Forward,LEE,0,0,0,0,0
2292905,Tarkowski,James Tarkowski,Defender,EVE,3,2,1,6,0
2292905,Rondón,Salomón Rondón,Forward,EVE,0,0,0,0,0
2292905,Coleman,Seamus Coleman,Defender,EVE,2,0,2,3,2
2292905,Gueye,Idrissa Gueye,Midfielder,EVE,0,0,2,11,0
2292905,Coady,Conor Coady,Defender,EVE,2,0,2,6,0
2292905,Pickford,Jordan Pickford,Goalkeeper,EVE,1,0,0,7,0
2292905,Maupay,Neal Maupay,Forward,EVE,0,0,1,1,0
2292905,Iwobi,Alex Iwobi,Midfielder,EVE,0,0,2,13,1
2292905,Gray (Demarai),Demarai Gray,Midfielder,EVE,0,0,0,3,1
2292905,Calvert-Lewin,Dominic Calvert-Lewin,Forward,EVE,0,0,0,0,0
2292905,Mykolenko,Vitaliy Mykolenko,Defender,EVE,1,1,1,9,1
2292905,Gordon (Anthony),Anthony Gordon,Midfielder,EVE,0,0,1,1,1
2292905,Garner,James Garner,Midfielder,EVE,0,0,0,2,0
2292905,McNeil,Dwight McNeil,Midfielder,EVE,0,0,1,0,0
2292905,Mvom Onana,Amadou Mvom Onana,Midfielder,EVE,0,0,2,8,0
2292905,Cristiano Ronaldo,Cristiano Ronaldo dos Santos Aveiro,Forward,MUN,1,0,0,2,1
2292905,De Gea,David De Gea,Goalkeeper,MUN,1,0,0,8,0
2292905,Casemiro,Carlos Henrique Jose Francisco Venancio,Midfielder,MUN,4,0,1,9,1
2292905,Eriksen,Christian Eriksen,Midfielder,MUN,1,0,0,9,1
2292905,Varane,Raphael Varane,Defender,MUN,2,1,0,0,0
2292905,Shaw,Luke Shaw,Defender,MUN,2,1,2,8,0
2292905,Bruno Fernandes,Bruno Miguel Borges Fernandes,Midfielder,MUN,0,0,0,7,0
2292905,Martial,Anthony Martial,Forward,MUN,0,0,0,0,0
2292905,Rashford,Marcus Rashford,Midfielder,MUN,1,1,0,6,0
2292905,Lindelof,Victor Nilsson-Lindelof,Defender,MUN,4,0,2,2,1
2292905,McTominay,Scott McTominay,Midfielder,MUN,1,0,0,0,0
2292905,Dalot,José Diogo Dalot Teixeira,Defender,MUN,3,2,0,8,1
2292905,Martínez,Lisandro Martínez,Defender,MUN,4,1,0,6,1
2292905,Antony,Antony Matheus dos Santos,Midfielder,MUN,1,0,0,4,0
2292906,De Bruyne,Kevin De Bruyne,Midfielder,MCI,0,0,0,3,0
2292906,Mahrez,Riyad Mahrez,Midfielder,MCI,1,0,0,5,1
2292906,Grealish,Jack Grealish,Midfielder,MCI,0,0,0,1,0
2292906,João Cancelo,João Pedro Cavaco Cancelo,Defender,MCI,1,0,1,7,0
2292906,Ederson,Ederson Santana de Moraes,Goalkeeper,MCI,0,0,0,5,0
2292906,Aké,Nathan Aké,Defender,MCI,0,0,1,4,2
2292906,Bernardo Silva,Bernardo Mota Veiga de Carvalho e Silva,Midfielder,MCI,0,0,1,6,0
2292906,Rúben Dias,Rúben Santos Gato Alves Dias,Defender,MCI,2,1,2,5,0
2292906,Foden,Phil Foden,Midfielder,MCI,0,0,0,5,0
2292906,Akanji,Manuel Akanji,Defender,MCI,1,0,1,4,4
2292906,Rodri,Rodrigo Hernández Cascante,Midfielder,MCI,0,1,1,10,1
2292906,Haaland,Erling Haaland,Forward,MCI,0,0,0,2,0
2292906,Palmer,Cole Palmer,Midfielder,MCI,0,0,1,2,0
2292906,Gómez,Sergio Gómez,Defender,MCI,1,0,0,0,0
2292906,Álvarez,Julián Álvarez,Forward,MCI,0,0,0,0,0
2292906,Lewis (Rico),Rico Lewis,Defender,MCI,0,0,0,3,0
2292906,Armstrong (Stuart),Stuart Armstrong,Midfielder,SOU,1,0,1,3,0
2292906,Elyounoussi,Mohammed Elyounoussi,Midfielder,SOU,0,0,0,2,0
2292906,Ward-Prowse,James Ward-Prowse,Midfielder,SOU,0,0,2,1,2
2292906,Armstrong (Adam),Adam Armstrong,Forward,SOU,0,0,0,1,0
2292906,Walker-Peters,Kyle Walker-Peters,Defender,SOU,2,1,2,4,2
2292906,Aribo,Joe Aribo,Midfielder,SOU,0,1,0,2,1
2292906,Adams (Che),Che Adams,Forward,SOU,1,1,0,4,0
2292906,Diallo,Ibrahima Diallo,Midfielder,SOU,0,0,1,9,0
2292906,Perraud,Romain Perraud,Defender,SOU,1,0,0,3,1
2292906,Djenepo,Moussa Djenepo,Midfielder,SOU,1,0,1,3,0
2292906,Salisu,Mohammed Salisu,Defender,SOU,7,1,0,3,3
2292906,Bazunu,Gavin Bazunu,Goalkeeper,SOU,0,0,0,11,0
2292906,Mara,Sékou Mara,Forward,SOU,0,0,0,1,0
2292906,Bella Kotchap,Armel Bella Kotchap,Defender,SOU,7,0,3,7,0
2292906,Juan Larios,Juan Larios López,Defender,SOU,0,0,1,0,0
2292907,Mee,Ben Mee,Defender,BRE,0,2,2,3,1
2292907,Toney,Ivan Toney,Forward,BRE,4,1,0,2,0
2292907,Raya Martin,David Raya Martin,Goalkeeper,BRE,0,0,0,14,0
2292907,Dasilva,Pelenda Joshua Dasilva,Midfielder,BRE,1,0,0,2,1
2292907,Ajer,Kristoffer Ajer,Defender,BRE,2,0,2,3,1
2292907,Henry,Rico Henry,Defender,BRE,0,0,2,2,1
2292907,Janelt,Vitaly Janelt,Midfielder,BRE,1,0,0,4,1
2292907,Ghoddos,Saman Ghoddos,Midfielder,BRE,0,0,0,0,0
2292907,Jensen,Mathias Jensen,Midfielder,BRE,0,0,1,6,1
2292907,Wissa,Yoane Wissa,Forward,BRE,1,0,0,1,0
2292907,Pinnock,Ethan Pinnock,Defender,BRE,5,1,2,6,0
2292907,Onyeka,Frank Onyeka,Midfielder,BRE,0,0,0,1,1
2292907,Baptiste (Shandon),Shandon Baptiste,Midfielder,BRE,1,0,2,6,0
2292907,Damsgaard,Mikkel Damsgaard,Midfielder,BRE,0,0,0,0,0
2292907,Mbeumo,Bryan Mbeumo,Midfielder,BRE,0,0,0,2,0
2292907,Hickey,Aaron Hickey,Defender,BRE,0,2,2,3,0
2292907,Wood,Chris Wood,Forward,NEW,0,0,0,0,0
2292907,Wilson (Callum),Callum Wilson,Forward,NEW,0,0,0,3,0
2292907,Trippier,Kieran Trippier,Defender,NEW,0,0,2,5,0
2292907,Burn,Dan Burn,Defender,NEW,5,1,0,2,0
2292907,Pope,Nick Pope,Goalkeeper,NEW,2,0,0,7,0
2292907,Murphy (Jacob),Jacob Murphy,Midfielder,NEW,0,0,0,1,0
2292907,Schär,Fabian Schär,Defender,NEW,5,0,1,4,1
2292907,Targett,Matt Targett,Defender,NEW,0,0,1,1,0
2292907,Saint-Maximin,Allan Saint-Maximin,Midfielder,NEW,0,0,0,3,0
2292907,Almirón,Miguel Almirón,Midfielder,NEW,0,0,0,5,0
2292907,Longstaff (Sean),Sean Longstaff,Midfielder,NEW,0,0,0,5,0
2292907,Joelinton,Joelinton Cássio Apolinário de Lira,Midfielder,NEW,3,0,0,1,0
2292907,Willock,Joseph Willock,Midfielder,NEW,2,0,1,3,0
2292907,Bruno Guimarães,Bruno Guimarães Rodriguez Moura,Midfielder,NEW,1,0,0,7,1
2292907,Anderson (Elliot),Elliot Anderson,Midfielder,NEW,0,0,1,1,0
2292907,Botman,Sven Botman,Defender,NEW,3,1,0,7,4
2292908,Young (Ashley),Ashley Young,Defender,AVL,2,1,1,6,0
2292908,Coutinho,Philippe Coutinho,Midfielder,AVL,0,0,0,1,0
2292908,Ings,Danny Ings,Forward,AVL,0,0,0,0,0
2292908,Martinez,Emiliano Martinez,Goalkeeper,AVL,0,0,0,7,0
2292908,McGinn,John McGinn,Midfielder,AVL,0,0,0,4,1
2292908,Mings,Tyrone Mings,Defender,AVL,2,0,2,3,1
2292908,Dendoncker (Leander),Leander Dendoncker,Midfielder,AVL,0,0,0,1,0
2292908,Watkins,Ollie Watkins,Forward,AVL,1,0,0,2,0
2292908,Buendía,Emiliano Buendía,Midfielder,AVL,0,0,1,7,1
2292908,Cash,Matthew Cash,Defender,AVL,0,0,1,4,3
2292908,Konsa Ngoyo,Ezri Konsa Ngoyo,Defender,AVL,1,1,0,7,0
2292908,Douglas Luiz,Douglas Luiz Soares de Paulo,Midfielder,AVL,1,0,1,13,0
2292908,Ramsey (Jacob),Jacob Ramsey,Midfielder,AVL,1,0,3,1,4
2292908,Archer,Cameron Archer,Forward,AVL,0,0,0,1,0
2292908,Kouyaté,Cheikhou Kouyaté,Midfielder,NFO,2,1,1,9,2
2292908,Cook (Steve),Steve Cook,Defender,NFO,4,0,0,5,0
2292908,Aurier,Serge Aurier,Defender,NFO,3,1,2,2,0
2292908,Freuler,Remo Freuler,Midfielder,NFO,3,2,1,6,1
2292908,Toffolo,Harry Toffolo,Defender,NFO,1,1,0,3,0
2292908,McKenna,Scott McKenna,Defender,NFO,5,1,1,4,1
2292908,Henderson (Dean),Dean Henderson,Goalkeeper,NFO,0,0,0,9,0
2292908,Yates,Ryan Yates,Midfielder,NFO,4,1,0,8,1
2292908,Williams (Neco),Neco Williams,Defender,NFO,0,0,1,4,2
2292908,Surridge,Sam Surridge,Forward,NFO,0,0,0,2,0
2292908,Gibbs-White,Morgan Gibbs-White,Midfielder,NFO,1,1,1,5,2
2292908,Dennis (Emmanuel),Emmanuel Bonaventure Dennis,Forward,NFO,0,0,0,2,0
2292908,Johnson (Brennan),Brennan Johnson,Midfielder,NFO,0,0,0,2,0
2292908,O'Brien (Lewis),Lewis O'Brien,Midfielder,NFO,0,0,0,0,0
2292909,Duffy,Shane Duffy,Defender,FUL,0,0,0,0,0
2292909,Cairney,Tom Cairney,Midfielder,FUL,0,0,0,2,0
2292909,Leno,Bernd Leno,Goalkeeper,FUL,0,0,0,5,0
2292909,Ream,Tim Ream,Defender,FUL,1,3,1,7,0
2292909,Kebano,Neeskens Kebano,Midfielder,FUL,1,0,0,5,1
2292909,DeCordova-Reid,Bobby DeCordova-Reid,Midfielder,FUL,1,0,1,8,2
2292909,Tosin,Oluwatosin Adarabioyo,Defender,FUL,8,1,1,3,1
2292909,Reed,Harrison Reed,Midfielder,FUL,3,0,1,4,1
2292909,Wilson (Harry),Harry Wilson,Midfielder,FUL,0,0,0,1,0
2292909,João Palhinha,João Maria Lobo Alves Palhinha Gonçalves,Midfielder,FUL,1,0,0,3,0
2292909,Pereira,Andreas Pereira,Midfielder,FUL,0,0,0,5,0
2292909,Onomah,Josh Onomah,Midfielder,FUL,0,0,0,1,0
2292909,Robinson (Antonee),Antonee Robinson,Defender,FUL,2,1,0,11,2
2292909,James (Daniel),Daniel James,Midfielder,FUL,0,0,1,3,1
2292909,Carlos Vinicius,Carlos Vinicius Alves Morais,Forward,FUL,0,0,0,2,0
2292909,Fabianski,Lukasz Fabianski,Goalkeeper,WHU,0,0,0,7,0
2292909,Cresswell (Aaron),Aaron Cresswell,Defender,WHU,2,1,1,5,0
2292909,Antonio,Michail Antonio,Forward,WHU,0,0,0,1,0
2292909,Dawson,Craig Dawson,Defender,WHU,2,0,0,4,3
2292909,Zouma,Kurt Zouma,Defender,WHU,5,0,2,6,0
2292909,Emerson,Emerson Palmieri dos Santos,Defender,WHU,0,0,0,2,0
2292909,Bowen,Jarrod Bowen,Midfielder,WHU,0,0,0,2,0
2292909,Scamacca,Gianluca Scamacca,Forward,WHU,0,0,0,2,1
2292909,Kehrer,Thilo Kehrer,Defender,WHU,0,0,2,3,1
2292909,Rice,Declan Rice,Midfielder,WHU,1,0,3,9,2
2292909,Soucek,Tomas Soucek,Midfielder,WHU,0,1,4,4,0
2292909,Fornals,Pablo Fornals,Midfielder,WHU,1,0,0,7,0
2292909,Downes,Flynn Downes,Midfielder,WHU,0,0,0,1,0
2292909,Lucas Paquetá,Lucas Tolentino Coelho de Lima,Midfielder,WHU,0,0,0,7,1
2292910,Young (Ashley),Ashley Young,Defender,AVL,2,0,1,6,2
2292910,Coutinho,Philippe Coutinho,Midfielder,AVL,0,0,0,2,1
2292910,Ings,Danny Ings,Forward,AVL,0,0,0,5,1
2292910,Martinez,Emiliano Martinez,Goalkeeper,AVL,0,0,0,10,0
2292910,McGinn,John McGinn,Midfielder,AVL,0,0,0,2,3
2292910,Mings,Tyrone Mings,Defender,AVL,2,1,0,7,0
2292910,Dendoncker (Leander),Leander Dendoncker,Midfielder,AVL,0,0,0,0,0
2292910,Watkins,Ollie Watkins,Forward,AVL,0,0,1,4,0
2292910,Buendía,Emiliano Buendía,Midfielder,AVL,0,0,0,0,0
2292910,Cash,Matthew Cash,Defender,AVL,0,0,0,8,1
2292910,Konsa Ngoyo,Ezri Konsa Ngoyo,Defender,AVL,2,0,3,5,0
2292910,Bailey,Leon Bailey,Midfielder,AVL,0,0,0,3,0
2292910,Douglas Luiz,Douglas Luiz Soares de Paulo,Midfielder,AVL,0,0,3,4,1
2292910,Ramsey (Jacob),Jacob Ramsey,Midfielder,AVL,0,0,0,4,1
2292910,Azpilicueta,César Azpilicueta,Defender,CHE,1,0,0,3,0
2292910,Thiago Silva,Thiago Emiliano da Silva,Defender,CHE,5,1,1,5,0
2292910,Aubameyang,Pierre-Emerick Aubameyang,Forward,CHE,0,0,0,1,0
2292910,Jorginho,Jorge Luiz Frello Filho,Midfielder,CHE,0,1,0,2,0
2292910,Koulibaly,Kalidou Koulibaly,Defender,CHE,5,0,2,3,0
2292910,Kovacic,Mateo Kovacic,Midfielder,CHE,1,0,0,6,2
2292910,Sterling (Raheem),Raheem Sterling,Midfielder,CHE,0,0,1,1,1
2292910,Kepa,Kepa Arrizabalaga Revuelta,Goalkeeper,CHE,1,0,0,7,0
2292910,Loftus-Cheek,Ruben Loftus-Cheek,Midfielder,CHE,1,0,1,8,1
2292910,Chilwell,Benjamin Chilwell,Defender,CHE,0,0,1,6,0
2292910,Cucurella,Marc Cucurella,Defender,CHE,0,1,0,4,0
2292910,Chalobah (Trevoh),Trevoh Chalobah,Defender,CHE,6,0,1,5,1
2292910,Mount,Mason Mount,Midfielder,CHE,0,1,0,6,0
2292910,Havertz,Kai Havertz,Midfielder,CHE,0,0,0,1,1
2292910,Gallagher,Conor Gallagher,Midfielder,CHE,0,0,1,1,0
2292910,Broja,Armando Broja,Forward,CHE,0,0,0,0,0
2292911,Mee,Ben Mee,Defender,BRE,4,4,1,6,0
2292911,Toney,Ivan Toney,Forward,BRE,3,0,0,1,0
2292911,Raya Martin,David Raya Martin,Goalkeeper,BRE,0,0,0,10,0
2292911,Canos,Sergi Canos,Midfielder,BRE,0,0,0,3,0
2292911,Dasilva,Pelenda Joshua Dasilva,Midfielder,BRE,1,1,0,1,0
2292911,Ajer,Kristoffer Ajer,Defender,BRE,3,2,0,7,1
2292911,Henry,Rico Henry,Defender,BRE,3,0,0,3,0
2292911,Janelt,Vitaly Janelt,Midfielder,BRE,2,2,2,6,1
2292911,Ghoddos,Saman Ghoddos,Midfielder,BRE,1,0,0,0,0
2292911,Jensen,Mathias Jensen,Midfielder,BRE,0,0,4,5,1
2292911,Wissa,Yoane Wissa,Forward,BRE,0,0,0,5,0
2292911,Roerslev,Mads Roerslev,Defender,BRE,1,0,1,2,0
2292911,Pinnock,Ethan Pinnock,Defender,BRE,6,1,1,3,2
2292911,Onyeka,Frank Onyeka,Midfielder,BRE,1,0,2,4,1
2292911,Baptiste (Shandon),Shandon Baptiste,Midfielder,BRE,1,0,1,1,1
2292911,Mbeumo,Bryan Mbeumo,Midfielder,BRE,1,0,0,4,0
2292911,Lallana,Adam Lallana,Midfielder,BHA,0,0,0,0,1
2292911,Welbeck,Danny Welbeck,Forward,BHA,1,0,0,1,0
2292911,Groß,Pascal Groß,Midfielder,BHA,0,0,0,2,1
2292911,Dunk,Lewis Dunk,Defender,BHA,2,1,2,8,1
2292911,March,Solomon March,Midfielder,BHA,2,0,0,5,0
2292911,Webster (Adam),Adam Webster,Defender,BHA,2,0,1,8,0
2292911,Veltman,Joël Veltman,Defender,BHA,1,0,2,3,1
2292911,Trossard,Leandro Trossard,Midfielder,BHA,0,0,0,3,2
2292911,Estupiñán,Pervis Estupiñán,Defender,BHA,1,0,1,2,2
2292911,Sanchez,Robert Sanchez,Goalkeeper,BHA,0,0,0,8,0
2292911,Mac Allister,Alexis Mac Allister,Midfielder,BHA,0,0,0,9,2
2292911,Undav,Deniz Undav,Forward,BHA,0,0,0,0,0
2292911,Mitoma,Kaoru Mitoma,Midfielder,BHA,0,0,0,1,2
2292911,Moises Caicedo,Moises Caicedo,Midfielder,BHA,0,0,1,7,3
2292912,Smith (Adam),Adam Smith,Defender,BOU,7,2,0,1,0
2292912,Neto,Norberto Murara Neto,Goalkeeper,BOU,0,0,0,9,0
2292912,Fredericks,Ryan Fredericks,Defender,BOU,6,0,0,4,0
2292912,Moore (Kieffer),Kieffer Moore,Forward,BOU,0,0,0,0,0
2292912,Lerma,Jefferson Lerma,Midfielder,BOU,4,1,2,6,1
2292912,Stacey,Jack Stacey,Defender,BOU,1,0,0,0,0
2292912,Solanke,Dominic Solanke,Forward,BOU,1,0,0,2,0
2292912,Cook (Lewis),Lewis Cook,Midfielder,BOU,1,1,0,9,0
2292912,Christie,Ryan Christie,Midfielder,BOU,3,0,1,5,2
2292912,Billing,Philip Billing,Midfielder,BOU,2,0,0,4,2
2292912,Tavernier,Marcus Tavernier,Midfielder,BOU,2,1,0,6,2
2292912,Senesi,Marcos Senesi,Defender,BOU,8,2,2,5,0
2292912,Mepham,Chris Mepham,Defender,BOU,9,0,0,4,0
2292912,Anthony,Jaidon Anthony,Midfielder,BOU,1,0,0,1,0
2292912,Zemura,Jordan Zemura,Defender,BOU,1,0,0,0,0
2292912,Willian,Willian Borges Da Silva,Midfielder,FUL,0,0,0,1,0
2292912,Cairney,Tom Cairney,Midfielder,FUL,0,0,1,4,0
2292912,Leno,Bernd Leno,Goalkeeper,FUL,0,0,0,7,0
2292912,Ream,Tim Ream,Defender,FUL,2,0,0,10,2
2292912,Kebano,Neeskens Kebano,Midfielder,FUL,0,0,0,2,0
2292912,DeCordova-Reid,Bobby DeCordova-Reid,Midfielder,FUL,1,0,2,7,3
2292912,Mitrovic,Aleksandar Mitrovic,Forward,FUL,0,0,0,2,0
2292912,Reed,Harrison Reed,Midfielder,FUL,2,0,1,1,0
2292912,Wilson (Harry),Harry Wilson,Midfielder,FUL,1,0,0,2,1
2292912,João Palhinha,João Maria Lobo Alves Palhinha Gonçalves,Midfielder,FUL,0,0,1,9,2
2292912,Pereira,Andreas Pereira,Midfielder,FUL,0,0,0,1,0
2292912,Robinson (Antonee),Antonee Robinson,Defender,FUL,1,0,0,5,0
2292912,James (Daniel),Daniel James,Midfielder,FUL,0,0,0,2,1
2292912,Diop,Issa Diop,Defender,FUL,1,0,0,6,0
2292912,Carlos Vinicius,Carlos Vinicius Alves Morais,Forward,FUL,0,0,0,0,0
2292913,Xhaka,Granit Xhaka,Midfielder,ARS,2,0,1,4,0
2292913,Holding,Rob Holding,Defender,ARS,0,0,0,0,0
2292913,Partey,Thomas Partey,Midfielder,ARS,0,0,3,12,2
2292913,Odegaard,Martin Odegaard,Midfielder,ARS,0,0,0,4,0
2292913,Tierney,Kieran Tierney,Defender,ARS,2,0,0,1,0
2292913,White (Ben),Ben White,Defender,ARS,1,2,2,1,0
2292913,Eddie Nketiah,Edward Nketiah,Forward,ARS,0,0,0,1,0
2292913,Jesus,Gabriel Fernando de Jesus,Forward,ARS,1,0,0,1,1
2292913,Saka,Bukayo Saka,Midfielder,ARS,0,0,0,6,1
2292913,Tomiyasu,Takehiro Tomiyasu,Defender,ARS,3,0,2,5,1
2292913,Ramsdale,Aaron Ramsdale,Goalkeeper,ARS,0,0,0,10,1
2292913,Gabriel Magalhães,Gabriel dos Santos Magalhães,Defender,ARS,4,4,3,2,3
2292913,Fábio Vieira,Fábio Daniel Vieira,Midfielder,ARS,0,0,0,1,0
2292913,Martinelli,Gabriel Teodoro Martinelli Silva,Midfielder,ARS,0,0,1,6,0
2292913,Saliba,William Saliba,Defender,ARS,2,1,0,12,1
2292913,Cooper,Liam Cooper,Defender,LEE,1,0,4,6,1
2292913,Klich,Mateusz Klich,Midfielder,LEE,0,0,0,1,0
2292913,Rodrigo,Rodrigo Moreno Machado,Midfielder,LEE,0,0,0,2,0
2292913,Bamford,Patrick Bamford,Forward,LEE,1,0,0,1,0
2292913,Koch,Robin Koch,Defender,LEE,1,1,1,2,2
2292913,Adams (Tyler),Tyler Adams,Midfielder,LEE,0,0,1,11,1
2292913,Harrison,Jack Harrison,Midfielder,LEE,0,0,0,7,0
2292913,Struijk,Pascal Struijk,Defender,LEE,0,0,2,6,3
2292913,Kristensen,Rasmus Kristensen,Defender,LEE,0,0,3,4,2
2292913,Sinisterra,Luis Sinisterra,Midfielder,LEE,1,0,2,8,1
2292913,Roca,Marc Roca,Midfielder,LEE,0,0,0,6,4
2292913,Aaronson,Brenden Aaronson,Midfielder,LEE,0,1,0,4,0
2292913,Meslier,Illan Meslier,Goalkeeper,LEE,1,0,0,13,0
2292913,Summerville,Crysencio Summerville,Midfielder,LEE,0,0,0,0,0
2292913,Gelhardt,Joe Gelhardt,Forward,LEE,0,0,0,1,0
2292914,Guaita,Vicente Guaita,Goalkeeper,CRY,0,0,0,12,0
2292914,Ward (Joel),Joel Ward,Defender,CRY,5,0,0,3,3
2292914,Milivojevic,Luka Milivojevic,Midfielder,CRY,0,0,1,3,1
2292914,Ayew (Jordan),Jordan Ayew,Midfielder,CRY,2,0,0,4,2
2292914,Zaha,Wilfried Zaha,Midfielder,CRY,1,0,1,5,0
2292914,Schlupp,Jeffrey Schlupp,Midfielder,CRY,1,0,0,4,0
2292914,Riedewald,Jairo Riedewald,Midfielder,CRY,2,0,0,4,1
2292914,Andersen,Joachim Andersen,Defender,CRY,5,0,0,8,0
2292914,Edouard,Odsonne Edouard,Forward,CRY,1,1,0,2,0
2292914,Marc Guehi,Addji Keaninkin Marc-Israel Guehi,Defender,CRY,5,2,3,5,0
2292914,Mateta,Jean-Philippe Mateta,Forward,CRY,0,1,0,0,0
2292914,Eze,Eberechi Eze,Midfielder,CRY,0,0,1,6,1
2292914,Mitchell,Tyrick Mitchell,Defender,CRY,0,0,0,6,0
2292914,Doucoure,Cheick Oumar Doucoure,Midfielder,CRY,0,0,1,3,1
2292914,Olise,Michael Olise,Midfielder,CRY,0,0,0,0,0
2292914,Mendy (Nampalys),Nampalys Mendy,Midfielder,LEI,0,0,1,2,0
2292914,Ward (Danny),Danny Ward,Goalkeeper,LEI,0,0,0,6,0
2292914,Vardy,Jamie Vardy,Forward,LEI,0,0,0,1,0
2292914,Praet,Dennis Praet,Midfielder,LEI,0,0,0,1,1
2292914,Amartey,Daniel Amartey,Defender,LEI,1,0,0,5,0
2292914,Castagne,Timothy Castagne,Defender,LEI,4,0,2,4,3
2292914,Tielemans,Youri Tielemans,Midfielder,LEI,2,0,1,9,0
2292914,Maddison,James Maddison,Midfielder,LEI,0,0,0,2,1
2292914,Iheanacho,Kelechi Iheanacho,Forward,LEI,0,0,0,1,0
2292914,Barnes,Harvey Barnes,Midfielder,LEI,0,0,0,2,0
2292914,Dewsbury-Hall,Kiernan Dewsbury-Hall,Midfielder,LEI,0,0,0,4,1
2292914,Faes,Wout Faes,Defender,LEI,0,1,3,9,1
2292914,Justin,James Justin,Defender,LEI,2,0,3,1,2
2292914,Soumaré,Boubakary Soumaré,Midfielder,LEI,2,1,1,4,3
2292914,Daka,Patson Daka,Forward,LEI,1,0,0,6,0
2292915,Milner,James Milner,Midfielder,LIV,4,1,0,6,1
2292915,Henderson (Jordan),Jordan Henderson,Midfielder,LIV,0,0,2,2,0
2292915,Thiago Alcántara,Thiago Alcántara do Nascimento,Midfielder,LIV,0,1,2,3,3
2292915,Firmino,Roberto Firmino Barbosa de Oliveira,Forward,LIV,0,0,1,6,2
2292915,van Dijk,Virgil van Dijk,Defender,LIV,7,1,1,4,0
2292915,Alisson,Alisson Ramses Becker,Goalkeeper,LIV,0,0,0,13,0
2292915,Fabinho,Fabio Henrique Tavares,Midfielder,LIV,3,0,2,3,0
2292915,Salah,Mohamed Salah,Midfielder,LIV,0,0,1,1,0
2292915,Robertson (Andrew),Andrew Robertson,Defender,LIV,5,1,0,10,0
2292915,Alexander-Arnold,Trent Alexander-Arnold,Defender,LIV,0,0,0,1,0
2292915,Gomez,Joseph Gomez,Defender,LIV,6,1,1,10,1
2292915,Diogo Jota,Diogo José Teixeira da Silva,Midfielder,LIV,1,0,1,5,4
2292915,Tsimikas,Konstantinos Tsimikas,Defender,LIV,0,0,0,0,0
2292915,Carvalho,Fabio Carvalho,Midfielder,LIV,0,0,0,2,1
2292915,Elliott (Harvey),Harvey Elliott,Midfielder,LIV,1,0,0,6,0
2292915,Núñez,Darwin Núñez,Forward,LIV,0,0,0,2,0
2292915,Gundogan,Ilkay Gundogan,Midfielder,MCI,1,0,1,7,0
2292915,De Bruyne,Kevin De Bruyne,Midfielder,MCI,1,0,0,4,0
2292915,João Cancelo,João Pedro Cavaco Cancelo,Defender,MCI,0,0,1,6,3
2292915,Ederson,Ederson Santana de Moraes,Goalkeeper,MCI,1,0,0,6,0
2292915,Aké,Nathan Aké,Defender,MCI,1,0,1,4,1
2292915,Bernardo Silva,Bernardo Mota Veiga de Carvalho e Silva,Midfielder,MCI,0,1,1,7,2
2292915,Rúben Dias,Rúben Santos Gato Alves Dias,Defender,MCI,3,0,2,9,1
2292915,Foden,Phil Foden,Midfielder,MCI,1,1,0,3,0
2292915,Akanji,Manuel Akanji,Defender,MCI,2,0,0,6,1
2292915,Rodri,Rodrigo Hernández Cascante,Midfielder,MCI,2,0,1,12,6
2292915,Haaland,Erling Haaland,Forward,MCI,3,0,0,2,0
2292915,Álvarez,Julián Álvarez,Forward,MCI,0,0,0,0,0
2292916,Cristiano Ronaldo,Cristiano Ronaldo dos Santos Aveiro,Forward,MUN,0,0,0,0,0
2292916,De Gea,David De Gea,Goalkeeper,MUN,1,0,0,8,0
2292916,Casemiro,Carlos Henrique Jose Francisco Venancio,Midfielder,MUN,0,1,1,3,2
2292916,Varane,Raphael Varane,Defender,MUN,4,1,0,6,0
2292916,Fred,Frederico Rodrigues de Paula Santos,Midfielder,MUN,0,0,2,9,0
2292916,Shaw,Luke Shaw,Defender,MUN,2,0,1,6,1
2292916,Bruno Fernandes,Bruno Miguel Borges Fernandes,Midfielder,MUN,0,0,2,8,3
2292916,Rashford,Marcus Rashford,Midfielder,MUN,0,0,0,0,0
2292916,Sancho,Jadon Sancho,Midfielder,MUN,0,0,1,4,0
2292916,Dalot,José Diogo Dalot Teixeira,Defender,MUN,2,0,1,3,3
2292916,Martínez,Lisandro Martínez,Defender,MUN,0,0,2,7,1
2292916,Antony,Antony Matheus dos Santos,Midfielder,MUN,0,0,0,7,1
2292916,Wood,Chris Wood,Forward,NEW,0,0,0,0,0
2292916,Wilson (Callum),Callum Wilson,Forward,NEW,1,0,0,0,1
2292916,Trippier,Kieran Trippier,Defender,NEW,2,0,3,8,0
2292916,Burn,Dan Burn,Defender,NEW,1,0,2,2,0
2292916,Fraser (Ryan),Ryan Fraser,Midfielder,NEW,0,0,0,1,0
2292916,Pope,Nick Pope,Goalkeeper,NEW,0,0,0,8,0
2292916,Lascelles,Jamaal Lascelles,Defender,NEW,2,0,0,0,0
2292916,Murphy (Jacob),Jacob Murphy,Midfielder,NEW,0,0,0,5,1
2292916,Schär,Fabian Schär,Defender,NEW,7,2,3,8,0
2292916,Targett,Matt Targett,Defender,NEW,1,0,0,0,0
2292916,Almirón,Miguel Almirón,Midfielder,NEW,1,0,0,5,0
2292916,Longstaff (Sean),Sean Longstaff,Midfielder,NEW,0,1,2,5,0
2292916,Joelinton,Joelinton Cássio Apolinário de Lira,Midfielder,NEW,1,0,1,6,2
2292916,Willock,Joseph Willock,Midfielder,NEW,0,0,0,0,0
2292916,Bruno Guimarães,Bruno Guimarães Rodriguez Moura,Midfielder,NEW,0,0,1,8,0
2292916,Botman,Sven Botman,Defender,NEW,3,2,1,3,0
2292917,Armstrong (Stuart),Stuart Armstrong,Midfielder,SOU,2,0,0,1,0
2292917,Elyounoussi,Mohammed Elyounoussi,Midfielder,SOU,3,0,1,8,1
2292917,Ward-Prowse,James Ward-Prowse,Midfielder,SOU,2,0,3,7,0
2292917,Maitland-Niles,Ainsley Maitland-Niles,Midfielder,SOU,2,1,2,3,0
2292917,Armstrong (Adam),Adam Armstrong,Forward,SOU,1,2,0,5,0
2292917,Walker-Peters,Kyle Walker-Peters,Defender,SOU,0,1,0,5,1
2292917,Caleta-Car,Duje Caleta-Car,Defender,SOU,4,1,1,1,0
2292917,Aribo,Joe Aribo,Midfielder,SOU,1,0,2,2,0
2292917,Adams (Che),Che Adams,Forward,SOU,2,1,0,1,1
2292917,Diallo,Ibrahima Diallo,Midfielder,SOU,1,0,0,4,1
2292917,Perraud,Romain Perraud,Defender,SOU,1,0,0,3,0
2292917,Salisu,Mohammed Salisu,Defender,SOU,9,6,3,6,1
2292917,Bazunu,Gavin Bazunu,Goalkeeper,SOU,1,0,0,8,0
2292917,Mara,Sékou Mara,Forward,SOU,1,0,0,0,0
2292917,Bella Kotchap,Armel Bella Kotchap,Defender,SOU,1,0,1,4,0
2292917,Edozie,Samuel Edozie,Midfielder,SOU,0,0,0,0,0
2292917,Fabianski,Lukasz Fabianski,Goalkeeper,WHU,0,0,0,8,0
2292917,Cresswell (Aaron),Aaron Cresswell,Defender,WHU,3,0,1,6,0
2292917,Antonio,Michail Antonio,Forward,WHU,0,0,0,0,0
2292917,Lanzini,Manuel Lanzini,Midfielder,WHU,0,0,0,1,0
2292917,Emerson,Emerson Palmieri dos Santos,Defender,WHU,0,0,0,3,1
2292917,Coufal,Vladimir Coufal,Defender,WHU,4,0,1,4,2
2292917,Benrahma,Said Benrahma,Midfielder,WHU,0,0,0,3,0
2292917,Bowen,Jarrod Bowen,Midfielder,WHU,1,0,0,3,1
2292917,Scamacca,Gianluca Scamacca,Forward,WHU,1,0,0,1,0
2292917,Kehrer,Thilo Kehrer,Defender,WHU,2,0,3,8,2
2292917,Rice,Declan Rice,Midfielder,WHU,1,0,1,8,1
2292917,Soucek,Tomas Soucek,Midfielder,WHU,3,0,0,4,3
2292917,Johnson (Ben),Ben Johnson,Defender,WHU,2,1,0,10,0
2292917,Lucas Paquetá,Lucas Tolentino Coelho de Lima,Midfielder,WHU,2,0,1,4,2
2292918,Tarkowski,James Tarkowski,Defender,EVE,7,5,0,8,1
2292918,Rondón,Salomón Rondón,Forward,EVE,0,0,0,0,0
2292918,Coleman,Seamus Coleman,Defender,EVE,3,0,1,3,0
2292918,Gueye,Idrissa Gueye,Midfielder,EVE,2,0,2,8,0
2292918,Coady,Conor Coady,Defender,EVE,3,2,0,8,2
2292918,Pickford,Jordan Pickford,Goalkeeper,EVE,0,0,0,8,0
2292918,Maupay,Neal Maupay,Forward,EVE,0,0,0,3,0
2292918,Iwobi,Alex Iwobi,Midfielder,EVE,0,0,0,8,0
2292918,Gray (Demarai),Demarai Gray,Midfielder,EVE,1,0,0,1,0
2292918,Calvert-Lewin,Dominic Calvert-Lewin,Forward,EVE,0,0,0,0,0
2292918,Mykolenko,Vitaliy Mykolenko,Defender,EVE,2,1,2,1,0
2292918,Garner,James Garner,Midfielder,EVE,0,0,1,0,1
2292918,McNeil,Dwight McNeil,Midfielder,EVE,4,0,0,4,3
2292918,Mvom Onana,Amadou Mvom Onana,Midfielder,EVE,2,0,0,3,3
2292918,Lloris,Hugo Lloris,Goalkeeper,TOT,0,0,0,6,0
2292918,Perisic,Ivan Perisic,Defender,TOT,1,0,1,5,1
2292918,Kane,Harry Kane,Forward,TOT,1,0,0,5,1
2292918,Son,Heung-Min Son,Midfielder,TOT,0,1,0,2,0
2292918,Doherty,Matt Doherty,Defender,TOT,0,0,0,9,1
2292918,Dier,Eric Dier,Defender,TOT,1,0,0,1,0
2292918,Lucas Moura,Lucas Rodrigues Moura da Silva,Midfielder,TOT,0,0,0,0,0
2292918,Davies (Ben),Ben Davies,Defender,TOT,0,0,0,2,0
2292918,Højbjerg,Pierre-Emile Højbjerg,Midfielder,TOT,0,0,0,5,0
2292918,Sánchez,Davinson Sánchez,Defender,TOT,1,0,1,1,0
2292918,Bentancur,Rodrigo Bentancur,Midfielder,TOT,0,0,0,5,0
2292918,Skipp,Oliver Skipp,Midfielder,TOT,0,0,0,0,0
2292918,Richarlison,Richarlison de Andrade,Midfielder,TOT,0,0,0,4,1
2292918,Romero,Cristian Romero,Defender,TOT,2,0,1,6,1
2292918,Bissouma,Yves Bissouma,Midfielder,TOT,0,0,0,3,1
2292918,Spence,Djed Spence,Defender,TOT,0,0,0,0,0
2292919,Kouyaté,Cheikhou Kouyaté,Midfielder,NFO,2,0,0,2,2
2292919,Cook (Steve),Steve Cook,Defender,NFO,5,0,1,2,0
2292919,Freuler,Remo Freuler,Midfielder,NFO,1,0,3,0,0
2292919,Lingard,Jesse Lingard,Midfielder,NFO,0,0,1,1,0
2292919,Toffolo,Harry Toffolo,Defender,NFO,4,0,0,4,0
2292919,McKenna,Scott McKenna,Defender,NFO,5,0,0,5,1
2292919,Henderson (Dean),Dean Henderson,Goalkeeper,NFO,0,0,0,12,0
2292919,Mangala,Orel Mangala,Midfielder,NFO,0,0,0,0,0
2292919,Yates,Ryan Yates,Midfielder,NFO,4,1,1,6,0
2292919,Awoniyi,Taiwo Awoniyi,Forward,NFO,0,0,0,1,0
2292919,Williams (Neco),Neco Williams,Defender,NFO,0,0,0,4,1
2292919,Surridge,Sam Surridge,Forward,NFO,0,0,0,0,0
2292919,Gibbs-White,Morgan Gibbs-White,Midfielder,NFO,0,0,1,6,1
2292919,Dennis (Emmanuel),Emmanuel Bonaventure Dennis,Forward,NFO,0,0,0,3,0
2292919,Johnson (Brennan),Brennan Johnson,Midfielder,NFO,0,0,0,5,1
2292919,Costa,Diego Da Silva Costa,Forward,WOL,1,0,0,1,0
2292919,Moutinho,João Moutinho,Midfielder,WOL,1,1,1,5,1
2292919,Jonny,Jonathan Castro Otto,Defender,WOL,0,1,1,4,0
2292919,José Sá,José Pedro Malheiro de Sá,Goalkeeper,WOL,0,0,0,6,0
2292919,Traoré (Adama),Adama Traoré,Midfielder,WOL,2,0,0,3,0
2292919,Ruben Neves,Rúben Diogo da Silva Neves,Midfielder,WOL,1,0,1,6,0
2292919,Hwang Hee-Chan,Hee-Chan Hwang,Midfielder,WOL,0,0,0,0,0
2292919,Semedo,Nelson Semedo,Defender,WOL,0,0,0,1,0
2292919,Podence,Daniel Podence,Midfielder,WOL,0,0,0,5,3
2292919,Kilman,Max Kilman,Defender,WOL,6,0,0,6,1
2292919,Hodge,Joseph Hodge,Midfielder,WOL,0,0,0,0,0
2292919,Ait Nouri,Rayan Ait Nouri,Defender,WOL,0,0,1,5,1
2292919,Matheus Nunes,Matheus Luiz Nunes,Midfielder,WOL,0,0,1,1,1
2292919,Traoré (Boubacar),Boubacar Traoré,Midfielder,WOL,0,0,0,4,0
2292919,Bueno (Hugo),Hugo Bueno,Defender,WOL,2,0,0,0,0
2292919,Toti,Toti António Gomes,Defender,WOL,9,0,0,5,1
2292920,Smith (Adam),Adam Smith,Defender,BOU,0,1,1,8,0
2292920,Stanislas,Junior Stanislas,Midfielder,BOU,0,1,0,0,0
2292920,Neto,Norberto Murara Neto,Goalkeeper,BOU,0,0,0,8,0
2292920,Fredericks,Ryan Fredericks,Defender,BOU,1,1,0,3,0
2292920,Moore (Kieffer),Kieffer Moore,Forward,BOU,0,0,0,0,1
2292920,Lerma,Jefferson Lerma,Midfielder,BOU,3,0,1,11,0
2292920,Solanke,Dominic Solanke,Forward,BOU,1,0,0,1,0
2292920,Cook (Lewis),Lewis Cook,Midfielder,BOU,0,0,1,11,0
2292920,Rothwell,Joe Rothwell,Midfielder,BOU,0,0,0,1,0
2292920,Christie,Ryan Christie,Midfielder,BOU,0,0,1,5,1
2292920,Billing,Philip Billing,Midfielder,BOU,2,0,0,5,3
2292920,Tavernier,Marcus Tavernier,Midfielder,BOU,1,0,0,3,0
2292920,Senesi,Marcos Senesi,Defender,BOU,0,0,2,4,0
2292920,Mepham,Chris Mepham,Defender,BOU,2,1,1,6,0
2292920,Dembélé,Siriki Dembélé,Midfielder,BOU,0,0,1,0,0
2292920,Armstrong (Stuart),Stuart Armstrong,Midfielder,SOU,0,0,0,3,0
2292920,Elyounoussi,Mohammed Elyounoussi,Midfielder,SOU,3,0,1,5,0
2292920,Ward-Prowse,James Ward-Prowse,Midfielder,SOU,2,1,1,5,2
2292920,Maitland-Niles,Ainsley Maitland-Niles,Midfielder,SOU,2,0,0,8,0
2292920,Armstrong (Adam),Adam Armstrong,Forward,SOU,0,0,0,1,0
2292920,Walker-Peters,Kyle Walker-Peters,Defender,SOU,0,0,0,5,0
2292920,Caleta-Car,Duje Caleta-Car,Defender,SOU,4,0,2,9,2
2292920,Aribo,Joe Aribo,Midfielder,SOU,1,0,1,6,2
2292920,Adams (Che),Che Adams,Forward,SOU,1,0,0,0,1
2292920,Lyanco,Lyanco Evangelista Silveira Neves Vojnovic,Defender,SOU,1,1,0,5,1
2292920,Diallo,Ibrahima Diallo,Midfielder,SOU,0,0,0,1,0
2292920,Perraud,Romain Perraud,Defender,SOU,2,1,3,6,1
2292920,Djenepo,Moussa Djenepo,Midfielder,SOU,0,0,0,0,0
2292920,Salisu,Mohammed Salisu,Defender,SOU,6,1,1,4,2
2292920,Bazunu,Gavin Bazunu,Goalkeeper,SOU,0,0,0,8,0
2292920,Juan Larios,Juan Larios López,Defender,SOU,1,0,0,0,0
2292921,Xhaka,Granit Xhaka,Midfielder,ARS,0,0,1,4,1
2292921,Jorginho,Jorge Luiz Frello Filho,Midfielder,ARS,1,1,3,8,0
2292921,Trossard,Leandro Trossard,Midfielder,ARS,0,0,0,0,0
2292921,Odegaard,Martin Odegaard,Midfielder,ARS,0,0,0,4,0
2292921,White (Ben),Ben White,Defender,ARS,0,0,0,0,0
2292921,Eddie Nketiah,Edward Nketiah,Forward,ARS,0,0,0,2,0
2292921,Zinchenko,Oleksandr Zinchenko,Defender,ARS,0,0,2,8,1
2292921,Saka,Bukayo Saka,Midfielder,ARS,0,0,1,2,2
2292921,Tomiyasu,Takehiro Tomiyasu,Defender,ARS,1,0,0,4,1
2292921,Ramsdale,Aaron Ramsdale,Goalkeeper,ARS,0,0,0,8,0
2292921,Gabriel Magalhães,Gabriel dos Santos Magalhães,Defender,ARS,2,1,0,4,0
2292921,Fábio Vieira,Fábio Daniel Vieira,Midfielder,ARS,0,0,0,0,0
2292921,Martinelli,Gabriel Teodoro Martinelli Silva,Midfielder,ARS,0,0,0,4,0
2292921,Saliba,William Saliba,Defender,ARS,1,0,1,7,0
2292921,Walker,Kyle Walker,Defender,MCI,0,0,2,6,4
2292921,Gundogan,Ilkay Gundogan,Midfielder,MCI,0,0,0,4,0
2292921,De Bruyne,Kevin De Bruyne,Midfielder,MCI,1,0,1,2,0
2292921,Mahrez,Riyad Mahrez,Midfielder,MCI,0,0,0,4,1
2292921,Grealish,Jack Grealish,Midfielder,MCI,1,0,0,6,0
2292921,Ederson,Ederson Santana de Moraes,Goalkeeper,MCI,0,0,0,8,0
2292921,Aké,Nathan Aké,Defender,MCI,5,0,1,4,0
2292921,Phillips (Kalvin),Kalvin Phillips,Midfielder,MCI,1,0,1,0,1
2292921,Bernardo Silva,Bernardo Mota Veiga de Carvalho e Silva,Midfielder,MCI,0,0,2,9,3
2292921,Rúben Dias,Rúben Santos Gato Alves Dias,Defender,MCI,0,4,0,4,2
2292921,Foden,Phil Foden,Midfielder,MCI,0,0,0,1,0
2292921,Akanji,Manuel Akanji,Defender,MCI,2,0,0,1,0
2292921,Rodri,Rodrigo Hernández Cascante,Midfielder,MCI,3,1,4,7,0
2292921,Haaland,Erling Haaland,Forward,MCI,0,0,0,3,1
2292922,Zanka,Mathias Jorgensen,Defender,BRE,0,0,2,5,1
2292922,Mee,Ben Mee,Defender,BRE,5,2,0,7,1
2292922,Toney,Ivan Toney,Forward,BRE,0,0,0,7,0
2292922,Raya Martin,David Raya Martin,Goalkeeper,BRE,0,0,0,16,0
2292922,Dasilva,Pelenda Joshua Dasilva,Midfielder,BRE,0,1,1,1,0
2292922,Henry,Rico Henry,Defender,BRE,2,0,0,4,0
2292922,Janelt,Vitaly Janelt,Midfielder,BRE,2,1,2,3,2
2292922,Ghoddos,Saman Ghoddos,Midfielder,BRE,0,0,0,1,0
2292922,Jensen,Mathias Jensen,Midfielder,BRE,0,0,3,4,2
2292922,Wissa,Yoane Wissa,Forward,BRE,2,0,0,1,1
2292922,Roerslev,Mads Roerslev,Defender,BRE,1,0,1,3,1
2292922,Pinnock,Ethan Pinnock,Defender,BRE,11,1,1,4,0
2292922,Onyeka,Frank Onyeka,Midfielder,BRE,0,0,0,3,1
2292922,Baptiste (Shandon),Shandon Baptiste,Midfielder,BRE,2,1,0,2,0
2292922,Mbeumo,Bryan Mbeumo,Midfielder,BRE,0,0,0,5,0
2292922,Azpilicueta,César Azpilicueta,Defender,CHE,5,0,0,4,1
2292922,Aubameyang,Pierre-Emerick Aubameyang,Forward,CHE,0,0,0,0,0
2292922,Jorginho,Jorge Luiz Frello Filho,Midfielder,CHE,1,0,1,5,1
2292922,Koulibaly,Kalidou Koulibaly,Defender,CHE,1,1,2,4,0
2292922,Kovacic,Mateo Kovacic,Midfielder,CHE,0,0,1,8,1
2292922,Sterling (Raheem),Raheem Sterling,Midfielder,CHE,0,0,0,4,1
2292922,Kepa,Kepa Arrizabalaga Revuelta,Goalkeeper,CHE,0,0,0,10,0
2292922,Loftus-Cheek,Ruben Loftus-Cheek,Midfielder,CHE,1,0,1,6,0
2292922,Pulisic,Christian Pulisic,Midfielder,CHE,1,0,0,0,0
2292922,Cucurella,Marc Cucurella,Defender,CHE,4,0,1,5,2
2292922,Chalobah (Trevoh),Trevoh Chalobah,Defender,CHE,5,0,0,6,0
2292922,Mount,Mason Mount,Midfielder,CHE,0,0,0,4,0
2292922,Havertz,Kai Havertz,Midfielder,CHE,1,0,0,2,1
2292922,Gallagher,Conor Gallagher,Midfielder,CHE,0,0,0,1,0
2292922,Broja,Armando Broja,Forward,CHE,1,0,0,3,1
2292922,Chukwuemeka,Carney Chukwuemeka,Midfielder,CHE,0,0,0,2,0
2292923,Lallana,Adam Lallana,Midfielder,BHA,0,0,0,3,0
2292923,Welbeck,Danny Welbeck,Forward,BHA,2,0,0,1,0
2292923,Groß,Pascal Groß,Midfielder,BHA,0,0,0,2,0
2292923,Dunk,Lewis Dunk,Defender,BHA,2,0,2,6,0
2292923,March,Solomon March,Midfielder,BHA,0,0,1,2,1
2292923,Webster (Adam),Adam Webster,Defender,BHA,2,0,0,7,1
2292923,Veltman,Joël Veltman,Defender,BHA,1,0,0,4,0
2292923,Trossard,Leandro Trossard,Midfielder,BHA,0,0,1,4,2
2292923,Sanchez,Robert Sanchez,Goalkeeper,BHA,0,0,0,5,0
2292923,Lamptey,Tariq Lamptey,Defender,BHA,0,0,0,0,0
2292923,Mac Allister,Alexis Mac Allister,Midfielder,BHA,0,0,3,5,1
2292923,Undav,Deniz Undav,Forward,BHA,0,0,0,1,0
2292923,Moises Caicedo,Moises Caicedo,Midfielder,BHA,1,0,0,4,2
2292923,Kouyaté,Cheikhou Kouyaté,Midfielder,NFO,1,0,0,1,1
2292923,Cook (Steve),Steve Cook,Defender,NFO,7,0,0,0,0
2292923,Aurier,Serge Aurier,Defender,NFO,1,1,0,3,1
2292923,Freuler,Remo Freuler,Midfielder,NFO,1,0,0,5,1
2292923,Lingard,Jesse Lingard,Midfielder,NFO,1,0,0,1,0
2292923,Toffolo,Harry Toffolo,Defender,NFO,1,0,1,1,1
2292923,McKenna,Scott McKenna,Defender,NFO,5,1,1,3,0
2292923,Henderson (Dean),Dean Henderson,Goalkeeper,NFO,0,0,0,12,0
2292923,Mangala,Orel Mangala,Midfielder,NFO,1,0,0,4,0
2292923,Yates,Ryan Yates,Midfielder,NFO,1,2,1,4,1
2292923,Worrall,Joe Worrall,Defender,NFO,0,0,0,0,1
2292923,Awoniyi,Taiwo Awoniyi,Forward,NFO,0,0,0,0,0
2292923,Williams (Neco),Neco Williams,Defender,NFO,2,0,5,5,2
2292923,Gibbs-White,Morgan Gibbs-White,Midfielder,NFO,0,1,0,2,0
2292923,Johnson (Brennan),Brennan Johnson,Midfielder,NFO,0,0,0,0,0
2292923,Biancone,Giulian Biancone,Defender,NFO,0,0,1,2,0
2292924,Guaita,Vicente Guaita,Goalkeeper,CRY,0,0,0,5,0
2292924,Ward (Joel),Joel Ward,Defender,CRY,4,1,2,3,0
2292924,Ayew (Jordan),Jordan Ayew,Midfielder,CRY,0,0,0,2,1
2292924,Zaha,Wilfried Zaha,Midfielder,CRY,0,0,2,7,2
2292924,Schlupp,Jeffrey Schlupp,Midfielder,CRY,0,0,0,13,3
2292924,Riedewald,Jairo Riedewald,Midfielder,CRY,0,0,0,0,0
2292924,Andersen,Joachim Andersen,Defender,CRY,4,0,0,4,0
2292924,Edouard,Odsonne Edouard,Forward,CRY,1,0,2,2,2
2292924,Marc Guehi,Addji Keaninkin Marc-Israel Guehi,Defender,CRY,2,0,1,12,0
2292924,Mateta,Jean-Philippe Mateta,Forward,CRY,0,0,0,1,0
2292924,Eze,Eberechi Eze,Midfielder,CRY,0,0,0,7,1
2292924,Mitchell,Tyrick Mitchell,Defender,CRY,2,0,0,4,1
2292924,Doucoure,Cheick Oumar Doucoure,Midfielder,CRY,1,0,3,6,2
2292924,Olise,Michael Olise,Midfielder,CRY,1,0,1,2,0
2292924,Costa,Diego Da Silva Costa,Forward,WOL,0,1,0,0,0
2292924,Moutinho,João Moutinho,Midfielder,WOL,0,0,1,4,2
2292924,José Sá,José Pedro Malheiro de Sá,Goalkeeper,WOL,0,0,0,6,0
2292924,Traoré (Adama),Adama Traoré,Midfielder,WOL,1,0,0,3,1
2292924,Ruben Neves,Rúben Diogo da Silva Neves,Midfielder,WOL,0,1,1,7,0
2292924,Gonçalo Guedes,Gonçalo Manuel Ganchinho Guedes,Midfielder,WOL,0,0,0,1,0
2292924,Hwang Hee-Chan,Hee-Chan Hwang,Midfielder,WOL,0,0,0,1,0
2292924,Semedo,Nelson Semedo,Defender,WOL,0,1,1,5,3
2292924,Podence,Daniel Podence,Midfielder,WOL,1,0,0,5,2
2292924,Kilman,Max Kilman,Defender,WOL,4,1,1,11,0
2292924,Hodge,Joseph Hodge,Midfielder,WOL,0,0,0,3,0
2292924,Collins,Nathan Collins,Defender,WOL,7,1,0,3,1
2292924,Matheus Nunes,Matheus Luiz Nunes,Midfielder,WOL,0,0,1,6,3
2292924,Traoré (Boubacar),Boubacar Traoré,Midfielder,WOL,0,0,1,8,1
2292924,Bueno (Hugo),Hugo Bueno,Defender,WOL,3,0,3,6,2
2292925,Young (Ashley),Ashley Young,Defender,AVL,1,0,1,5,2
2292925,Ings,Danny Ings,Forward,AVL,0,0,0,2,0
2292925,Martinez,Emiliano Martinez,Goalkeeper,AVL,0,0,0,8,0
2292925,McGinn,John McGinn,Midfielder,AVL,1,0,0,5,2
2292925,Mings,Tyrone Mings,Defender,AVL,3,2,2,3,0
2292925,Dendoncker (Leander),Leander Dendoncker,Midfielder,AVL,0,0,0,2,0
2292925,Bednarek,Jan Bednarek,Defender,AVL,3,0,1,2,1
2292925,Watkins,Ollie Watkins,Forward,AVL,0,0,0,2,0
2292925,Buendía,Emiliano Buendía,Midfielder,AVL,0,0,0,1,0
2292925,Cash,Matthew Cash,Defender,AVL,2,0,0,2,0
2292925,Konsa Ngoyo,Ezri Konsa Ngoyo,Defender,AVL,1,0,1,4,0
2292925,Bailey,Leon Bailey,Midfielder,AVL,0,0,0,0,0
2292925,Douglas Luiz,Douglas Luiz Soares de Paulo,Midfielder,AVL,0,0,0,6,1
2292925,Ramsey (Jacob),Jacob Ramsey,Midfielder,AVL,0,3,0,5,0
2292925,Archer,Cameron Archer,Forward,AVL,0,0,0,0,0
2292925,Willian,Willian Borges Da Silva,Midfielder,FUL,0,0,0,5,1
2292925,Cairney,Tom Cairney,Midfielder,FUL,0,0,0,0,0
2292925,Leno,Bernd Leno,Goalkeeper,FUL,1,0,0,9,0
2292925,Ream,Tim Ream,Defender,FUL,1,1,1,5,1
2292925,Kebano,Neeskens Kebano,Midfielder,FUL,0,0,0,3,1
2292925,DeCordova-Reid,Bobby DeCordova-Reid,Midfielder,FUL,2,0,0,7,0
2292925,Mitrovic,Aleksandar Mitrovic,Forward,FUL,2,0,0,0,0
2292925,Reed,Harrison Reed,Midfielder,FUL,1,0,0,3,0
2292925,Wilson (Harry),Harry Wilson,Midfielder,FUL,0,0,0,0,0
2292925,João Palhinha,João Maria Lobo Alves Palhinha Gonçalves,Midfielder,FUL,1,0,0,3,3
2292925,Pereira,Andreas Pereira,Midfielder,FUL,1,0,1,5,0
2292925,Robinson (Antonee),Antonee Robinson,Defender,FUL,1,2,0,5,1
2292925,James (Daniel),Daniel James,Midfielder,FUL,0,0,0,0,0
2292925,Diop,Issa Diop,Defender,FUL,3,0,0,2,0
2292925,Carlos Vinicius,Carlos Vinicius Alves Morais,Forward,FUL,0,0,0,0,0
2292925,Harris,Luke Harris,Midfielder,FUL,0,0,0,0,0
2292926,Cooper,Liam Cooper,Defender,LEE,2,2,3,3,2
2292926,Klich,Mateusz Klich,Midfielder,LEE,0,0,0,1,1
2292926,Rodrigo,Rodrigo Moreno Machado,Midfielder,LEE,0,0,0,2,1
2292926,Bamford,Patrick Bamford,Forward,LEE,0,1,0,2,1
2292926,Diego Llorente,Diego Javier Llorente Ríos,Defender,LEE,5,0,3,10,0
2292926,Koch,Robin Koch,Defender,LEE,0,0,0,2,0
2292926,Adams (Tyler),Tyler Adams,Midfielder,LEE,0,0,2,4,1
2292926,Harrison,Jack Harrison,Midfielder,LEE,0,0,0,0,0
2292926,Kristensen,Rasmus Kristensen,Defender,LEE,4,0,0,4,4
2292926,Sinisterra,Luis Sinisterra,Midfielder,LEE,0,0,1,4,2
2292926,Roca,Marc Roca,Midfielder,LEE,0,0,1,3,1
2292926,Aaronson,Brenden Aaronson,Midfielder,LEE,0,0,0,9,1
2292926,Meslier,Illan Meslier,Goalkeeper,LEE,0,0,0,10,0
2292926,Firpo,Junior Firpo,Defender,LEE,0,0,1,4,2
2292926,Summerville,Crysencio Summerville,Midfielder,LEE,1,0,1,4,0
2292926,Gelhardt,Joe Gelhardt,Forward,LEE,1,0,0,2,0
2292926,Mendy (Nampalys),Nampalys Mendy,Midfielder,LEI,0,0,0,0,0
2292926,Ward (Danny),Danny Ward,Goalkeeper,LEI,1,0,0,12,0
2292926,Vardy,Jamie Vardy,Forward,LEI,1,0,0,4,0
2292926,Praet,Dennis Praet,Midfielder,LEI,1,0,1,7,2
2292926,Amartey,Daniel Amartey,Defender,LEI,4,1,1,4,2
2292926,Castagne,Timothy Castagne,Defender,LEI,2,1,0,8,1
2292926,Tielemans,Youri Tielemans,Midfielder,LEI,0,0,2,8,3
2292926,Ayoze Pérez,Ayoze Pérez Gutiérrez,Midfielder,LEI,0,0,0,1,1
2292926,Iheanacho,Kelechi Iheanacho,Forward,LEI,0,0,0,0,0
2292926,Barnes,Harvey Barnes,Midfielder,LEI,1,0,0,1,0
2292926,Dewsbury-Hall,Kiernan Dewsbury-Hall,Midfielder,LEI,0,0,0,10,0
2292926,Faes,Wout Faes,Defender,LEI,3,1,0,5,3
2292926,Justin,James Justin,Defender,LEI,3,0,1,8,0
2292926,Soumaré,Boubakary Soumaré,Midfielder,LEI,2,0,0,5,1
2292926,Daka,Patson Daka,Forward,LEI,1,0,0,1,1
2292927,Milner,James Milner,Midfielder,LIV,1,0,0,1,0
2292927,Henderson (Jordan),Jordan Henderson,Midfielder,LIV,1,0,1,7,2
2292927,Thiago Alcántara,Thiago Alcántara do Nascimento,Midfielder,LIV,0,0,2,7,1
2292927,Firmino,Roberto Firmino Barbosa de Oliveira,Forward,LIV,1,0,0,4,1
2292927,van Dijk,Virgil van Dijk,Defender,LIV,5,1,0,7,0
2292927,Alisson,Alisson Ramses Becker,Goalkeeper,LIV,0,0,0,5,0
2292927,Fabinho,Fabio Henrique Tavares,Midfielder,LIV,0,0,0,2,0
2292927,Salah,Mohamed Salah,Midfielder,LIV,0,0,0,2,0
2292927,Robertson (Andrew),Andrew Robertson,Defender,LIV,1,0,1,1,0
2292927,Alexander-Arnold,Trent Alexander-Arnold,Defender,LIV,0,0,2,8,0
2292927,Gomez,Joseph Gomez,Defender,LIV,3,0,1,5,1
2292927,Jones (Curtis),Curtis Jones,Midfielder,LIV,0,0,0,1,1
2292927,Tsimikas,Konstantinos Tsimikas,Defender,LIV,1,0,0,4,0
2292927,Carvalho,Fabio Carvalho,Midfielder,LIV,0,0,1,5,2
2292927,Elliott (Harvey),Harvey Elliott,Midfielder,LIV,1,0,0,4,0
2292927,Núñez,Darwin Núñez,Forward,LIV,1,0,0,2,0
2292927,Fabianski,Lukasz Fabianski,Goalkeeper,WHU,0,0,0,10,0
2292927,Cresswell (Aaron),Aaron Cresswell,Defender,WHU,1,2,3,7,1
2292927,Antonio,Michail Antonio,Forward,WHU,1,0,0,1,0
2292927,Zouma,Kurt Zouma,Defender,WHU,2,1,1,1,0
2292927,Benrahma,Said Benrahma,Midfielder,WHU,0,0,0,2,0
2292927,Bowen,Jarrod Bowen,Midfielder,WHU,1,1,0,6,2
2292927,Scamacca,Gianluca Scamacca,Forward,WHU,1,0,1,0,0
2292927,Kehrer,Thilo Kehrer,Defender,WHU,5,0,1,4,1
2292927,Rice,Declan Rice,Midfielder,WHU,2,2,1,11,0
2292927,Soucek,Tomas Soucek,Midfielder,WHU,0,0,0,4,3
2292927,Fornals,Pablo Fornals,Midfielder,WHU,0,0,0,5,0
2292927,Downes,Flynn Downes,Midfielder,WHU,1,0,0,4,0
2292927,Johnson (Ben),Ben Johnson,Defender,WHU,4,0,1,7,1
2292928,De Gea,David De Gea,Goalkeeper,MUN,2,0,0,5,0
2292928,Casemiro,Carlos Henrique Jose Francisco Venancio,Midfielder,MUN,1,0,2,10,4
2292928,Eriksen,Christian Eriksen,Midfielder,MUN,0,0,0,0,0
2292928,Varane,Raphael Varane,Defender,MUN,5,1,0,7,0
2292928,Fred,Frederico Rodrigues de Paula Santos,Midfielder,MUN,1,0,2,7,1
2292928,Shaw,Luke Shaw,Defender,MUN,1,0,0,3,3
2292928,Bruno Fernandes,Bruno Miguel Borges Fernandes,Midfielder,MUN,0,0,1,8,2
2292928,Rashford,Marcus Rashford,Midfielder,MUN,0,0,0,2,0
2292928,McTominay,Scott McTominay,Midfielder,MUN,0,0,0,1,0
2292928,Sancho,Jadon Sancho,Midfielder,MUN,0,0,0,5,0
2292928,Dalot,José Diogo Dalot Teixeira,Defender,MUN,1,0,1,8,0
2292928,Martínez,Lisandro Martínez,Defender,MUN,4,1,1,5,2
2292928,Elanga,Anthony Elanga,Midfielder,MUN,0,0,0,1,0
2292928,Antony,Antony Matheus dos Santos,Midfielder,MUN,0,0,0,1,0
2292928,Lloris,Hugo Lloris,Goalkeeper,TOT,1,0,0,11,0
2292928,Perisic,Ivan Perisic,Defender,TOT,0,1,3,5,0
2292928,Kane,Harry Kane,Forward,TOT,0,0,0,1,0
2292928,Son,Heung-Min Son,Midfielder,TOT,0,0,2,3,1
2292928,Doherty,Matt Doherty,Defender,TOT,1,1,1,3,1
2292928,Dier,Eric Dier,Defender,TOT,4,2,2,1,0
2292928,Lucas Moura,Lucas Rodrigues Moura da Silva,Midfielder,TOT,0,0,0,0,0
2292928,Davies (Ben),Ben Davies,Defender,TOT,1,2,2,2,1
2292928,Højbjerg,Pierre-Emile Højbjerg,Midfielder,TOT,0,0,2,6,0
2292928,Sánchez,Davinson Sánchez,Defender,TOT,0,0,1,0,0
2292928,Sessegnon (Ryan),Kouassi Ryan Sessegnon,Defender,TOT,1,0,0,1,0
2292928,Bentancur,Rodrigo Bentancur,Midfielder,TOT,0,2,0,8,0
2292928,Skipp,Oliver Skipp,Midfielder,TOT,0,0,0,0,0
2292928,Romero,Cristian Romero,Defender,TOT,2,1,3,6,2
2292928,Bissouma,Yves Bissouma,Midfielder,TOT,0,0,1,6,0
2292928,Spence,Djed Spence,Defender,TOT,0,0,0,1,0
2292929,Tarkowski,James Tarkowski,Defender,EVE,6,1,3,4,0
2292929,Coleman,Seamus Coleman,Defender,EVE,3,0,1,8,0
2292929,Gueye,Idrissa Gueye,Midfielder,EVE,2,0,0,13,2
2292929,Coady,Conor Coady,Defender,EVE,3,2,0,2,0
2292929,Pickford,Jordan Pickford,Goalkeeper,EVE,0,0,0,8,0
2292929,Maupay,Neal Maupay,Forward,EVE,0,0,0,0,0
2292929,Iwobi,Alex Iwobi,Midfielder,EVE,0,0,0,2,0
2292929,Gray (Demarai),Demarai Gray,Midfielder,EVE,1,0,1,3,0
2292929,Calvert-Lewin,Dominic Calvert-Lewin,Forward,EVE,0,0,0,0,0
2292929,Mykolenko,Vitaliy Mykolenko,Defender,EVE,2,0,1,5,0
2292929,Gordon (Anthony),Anthony Gordon,Midfielder,EVE,1,0,1,5,2
2292929,Garner,James Garner,Midfielder,EVE,0,0,0,1,1
2292929,McNeil,Dwight McNeil,Midfielder,EVE,0,0,0,2,1
2292929,Mvom Onana,Amadou Mvom Onana,Midfielder,EVE,1,0,0,4,2
2292929,Wood,Chris Wood,Forward,NEW,0,0,0,0,0
2292929,Wilson (Callum),Callum Wilson,Forward,NEW,0,0,0,3,0
2292929,Trippier,Kieran Trippier,Defender,NEW,1,0,2,3,3
2292929,Burn,Dan Burn,Defender,NEW,2,0,2,6,1
2292929,Fraser (Ryan),Ryan Fraser,Midfielder,NEW,0,0,0,2,0
2292929,Pope,Nick Pope,Goalkeeper,NEW,1,0,0,8,0
2292929,Murphy (Jacob),Jacob Murphy,Midfielder,NEW,0,0,0,1,0
2292929,Schär,Fabian Schär,Defender,NEW,2,0,1,8,1
2292929,Almirón,Miguel Almirón,Midfielder,NEW,0,0,0,1,2
2292929,Longstaff (Sean),Sean Longstaff,Midfielder,NEW,0,0,0,6,2
2292929,Joelinton,Joelinton Cássio Apolinário de Lira,Midfielder,NEW,0,0,1,5,2
2292929,Willock,Joseph Willock,Midfielder,NEW,0,0,2,4,1
2292929,Bruno Guimarães,Bruno Guimarães Rodriguez Moura,Midfielder,NEW,0,0,1,8,1
2292929,Anderson (Elliot),Elliot Anderson,Midfielder,NEW,0,0,0,2,0
2292929,Botman,Sven Botman,Defender,NEW,3,0,0,5,1
2292930,Young (Ashley),Ashley Young,Defender,AVL,2,1,3,4,1
2292930,Coutinho,Philippe Coutinho,Midfielder,AVL,0,0,0,2,1
2292930,Ings,Danny Ings,Forward,AVL,2,0,1,0,0
2292930,Martinez,Emiliano Martinez,Goalkeeper,AVL,0,0,0,10,0
2292930,Chambers (Calum),Calum Chambers,Defender,AVL,0,0,0,1,0
2292930,McGinn,John McGinn,Midfielder,AVL,1,0,0,0,2
2292930,Mings,Tyrone Mings,Defender,AVL,8,0,0,4,0
2292930,Dendoncker (Leander),Leander Dendoncker,Midfielder,AVL,3,0,2,6,1
2292930,Watkins,Ollie Watkins,Forward,AVL,0,0,0,4,0
2292930,Buendía,Emiliano Buendía,Midfielder,AVL,1,0,0,5,3
2292930,Cash,Matthew Cash,Defender,AVL,2,0,1,6,1
2292930,Konsa Ngoyo,Ezri Konsa Ngoyo,Defender,AVL,6,1,1,4,2
2292930,Bailey,Leon Bailey,Midfielder,AVL,0,0,0,2,0
2292930,Douglas Luiz,Douglas Luiz Soares de Paulo,Midfielder,AVL,0,0,2,10,1
2292930,Ramsey (Jacob),Jacob Ramsey,Midfielder,AVL,0,0,2,2,0
2292930,Archer,Cameron Archer,Forward,AVL,0,0,0,0,0
2292930,Zanka,Mathias Jorgensen,Defender,BRE,2,0,0,6,0
2292930,Toney,Ivan Toney,Forward,BRE,0,0,0,3,2
2292930,Raya Martin,David Raya Martin,Goalkeeper,BRE,1,0,0,6,0
2292930,Canos,Sergi Canos,Midfielder,BRE,0,0,0,2,0
2292930,Dasilva,Pelenda Joshua Dasilva,Midfielder,BRE,0,0,0,3,0
2292930,Ajer,Kristoffer Ajer,Defender,BRE,1,1,2,4,1
2292930,Henry,Rico Henry,Defender,BRE,3,2,1,6,1
2292930,Janelt,Vitaly Janelt,Midfielder,BRE,0,0,2,4,0
2292930,Jensen,Mathias Jensen,Midfielder,BRE,1,0,1,4,1
2292930,Wissa,Yoane Wissa,Forward,BRE,0,0,0,5,2
2292930,Roerslev,Mads Roerslev,Defender,BRE,0,0,0,0,1
2292930,Pinnock,Ethan Pinnock,Defender,BRE,4,1,1,4,0
2292930,Onyeka,Frank Onyeka,Midfielder,BRE,0,0,0,3,1
2292930,Baptiste (Shandon),Shandon Baptiste,Midfielder,BRE,0,0,0,1,0
2292930,Damsgaard,Mikkel Damsgaard,Midfielder,BRE,0,0,1,5,1
2292930,Mbeumo,Bryan Mbeumo,Midfielder,BRE,0,0,0,2,0
2292931,Azpilicueta,César Azpilicueta,Defender,CHE,1,0,2,4,0
2292931,Thiago Silva,Thiago Emiliano da Silva,Defender,CHE,5,0,1,7,0
2292931,Aubameyang,Pierre-Emerick Aubameyang,Forward,CHE,0,0,1,1,0
2292931,Jorginho,Jorge Luiz Frello Filho,Midfielder,CHE,0,1,0,8,3
2292931,Kovacic,Mateo Kovacic,Midfielder,CHE,2,0,0,2,0
2292931,Sterling (Raheem),Raheem Sterling,Midfielder,CHE,0,0,0,4,1
2292931,Kepa,Kepa Arrizabalaga Revuelta,Goalkeeper,CHE,0,0,0,9,0
2292931,Loftus-Cheek,Ruben Loftus-Cheek,Midfielder,CHE,1,0,2,4,0
2292931,Chilwell,Benjamin Chilwell,Defender,CHE,2,0,2,3,0
2292931,Pulisic,Christian Pulisic,Midfielder,CHE,1,0,0,0,0
2292931,Cucurella,Marc Cucurella,Defender,CHE,2,0,0,0,0
2292931,Chalobah (Trevoh),Trevoh Chalobah,Defender,CHE,3,0,2,4,1
2292931,Mount,Mason Mount,Midfielder,CHE,0,0,1,9,0
2292931,Broja,Armando Broja,Forward,CHE,0,0,0,0,0
2292931,Chukwuemeka,Carney Chukwuemeka,Midfielder,CHE,1,0,0,0,0
2292931,De Gea,David De Gea,Goalkeeper,MUN,0,0,0,4,0
2292931,Casemiro,Carlos Henrique Jose Francisco Venancio,Midfielder,MUN,3,0,1,10,1
2292931,Eriksen,Christian Eriksen,Midfielder,MUN,1,0,0,7,1
2292931,Varane,Raphael Varane,Defender,MUN,2,0,1,3,0
2292931,Fred,Frederico Rodrigues de Paula Santos,Midfielder,MUN,0,0,0,2,1
2292931,Shaw,Luke Shaw,Defender,MUN,0,0,5,9,0
2292931,Bruno Fernandes,Bruno Miguel Borges Fernandes,Midfielder,MUN,1,0,0,8,1
2292931,Rashford,Marcus Rashford,Midfielder,MUN,1,0,0,0,0
2292931,Lindelof,Victor Nilsson-Lindelof,Defender,MUN,1,0,0,1,0
2292931,McTominay,Scott McTominay,Midfielder,MUN,0,0,0,0,1
2292931,Sancho,Jadon Sancho,Midfielder,MUN,0,0,0,2,0
2292931,Dalot,José Diogo Dalot Teixeira,Defender,MUN,0,0,3,6,1
2292931,Martínez,Lisandro Martínez,Defender,MUN,7,1,1,1,2
2292931,Elanga,Anthony Elanga,Midfielder,MUN,0,0,0,0,0
2292931,Antony,Antony Matheus dos Santos,Midfielder,MUN,0,0,1,2,0
2292932,Guaita,Vicente Guaita,Goalkeeper,CRY,0,0,0,4,0
2292932,Ward (Joel),Joel Ward,Defender,CRY,0,0,1,4,0
2292932,Milivojevic,Luka Milivojevic,Midfielder,CRY,2,1,0,4,0
2292932,Ayew (Jordan),Jordan Ayew,Midfielder,CRY,1,0,0,6,2
2292932,Zaha,Wilfried Zaha,Midfielder,CRY,0,0,0,3,1
2292932,Schlupp,Jeffrey Schlupp,Midfielder,CRY,0,0,0,1,2
2292932,Andersen,Joachim Andersen,Defender,CRY,4,1,0,6,2
2292932,Edouard,Odsonne Edouard,Forward,CRY,1,0,0,1,0
2292932,Marc Guehi,Addji Keaninkin Marc-Israel Guehi,Defender,CRY,4,0,0,2,0
2292932,Mateta,Jean-Philippe Mateta,Forward,CRY,1,0,0,1,0
2292932,Eze,Eberechi Eze,Midfielder,CRY,0,0,0,7,1
2292932,Mitchell,Tyrick Mitchell,Defender,CRY,3,0,1,6,1
2292932,Olise,Michael Olise,Midfielder,CRY,0,0,0,3,2
2292932,Ebiowei,Malcolm Ebiowei,Midfielder,CRY,0,0,0,0,1
2292932,Tarkowski,James Tarkowski,Defender,EVE,7,1,3,1,0
2292932,Coleman,Seamus Coleman,Defender,EVE,2,0,0,4,5
2292932,Gueye,Idrissa Gueye,Midfielder,EVE,0,0,3,8,1
2292932,Coady,Conor Coady,Defender,EVE,2,1,0,4,2
2292932,Pickford,Jordan Pickford,Goalkeeper,EVE,0,0,0,4,0
2292932,Maupay,Neal Maupay,Forward,EVE,0,0,0,0,0
2292932,Doucouré,Abdoulaye Doucouré,Midfielder,EVE,0,0,0,0,0
2292932,Iwobi,Alex Iwobi,Midfielder,EVE,0,0,0,4,1
2292932,Gray (Demarai),Demarai Gray,Midfielder,EVE,1,0,0,2,1
2292932,Davies (Tom),Tom Davies,Midfielder,EVE,0,0,0,0,0
2292932,Calvert-Lewin,Dominic Calvert-Lewin,Forward,EVE,0,0,0,2,1
2292932,Mykolenko,Vitaliy Mykolenko,Defender,EVE,0,1,1,5,1
2292932,Gordon (Anthony),Anthony Gordon,Midfielder,EVE,2,0,0,7,2
2292932,Garner,James Garner,Midfielder,EVE,0,0,0,2,1
2292932,McNeil,Dwight McNeil,Midfielder,EVE,0,0,0,1,0
2292932,Mvom Onana,Amadou Mvom Onana,Midfielder,EVE,2,0,0,5,5
2292933,Willian,Willian Borges Da Silva,Midfielder,FUL,0,0,1,9,1
2292933,Duffy,Shane Duffy,Defender,FUL,0,0,0,0,0
2292933,Cairney,Tom Cairney,Midfielder,FUL,0,0,0,0,0
2292933,Leno,Bernd Leno,Goalkeeper,FUL,0,0,0,9,0
2292933,Ream,Tim Ream,Defender,FUL,5,2,1,6,0
2292933,Kebano,Neeskens Kebano,Midfielder,FUL,0,0,0,1,0
2292933,DeCordova-Reid,Bobby DeCordova-Reid,Midfielder,FUL,3,0,0,7,2
2292933,Tosin,Oluwatosin Adarabioyo,Defender,FUL,4,1,1,5,1
2292933,Mitrovic,Aleksandar Mitrovic,Forward,FUL,0,0,0,4,0
2292933,Reed,Harrison Reed,Midfielder,FUL,1,1,0,7,2
2292933,Wilson (Harry),Harry Wilson,Midfielder,FUL,0,0,0,3,0
2292933,João Palhinha,João Maria Lobo Alves Palhinha Gonçalves,Midfielder,FUL,2,0,2,5,3
2292933,Pereira,Andreas Pereira,Midfielder,FUL,0,0,1,3,0
2292933,Robinson (Antonee),Antonee Robinson,Defender,FUL,1,0,4,9,0
2292933,Carlos Vinicius,Carlos Vinicius Alves Morais,Forward,FUL,0,0,0,0,0
2292933,Cooper,Liam Cooper,Defender,LEE,0,0,3,5,1
2292933,Ayling,Luke Ayling,Defender,LEE,0,2,1,5,0
2292933,Klich,Mateusz Klich,Midfielder,LEE,0,0,0,3,0
2292933,Rodrigo,Rodrigo Moreno Machado,Midfielder,LEE,0,0,0,1,1
2292933,Bamford,Patrick Bamford,Forward,LEE,0,0,0,0,0
2292933,Koch,Robin Koch,Defender,LEE,3,0,1,6,1
2292933,Harrison,Jack Harrison,Midfielder,LEE,1,0,0,6,0
2292933,Struijk,Pascal Struijk,Defender,LEE,2,0,4,3,1
2292933,Sinisterra,Luis Sinisterra,Midfielder,LEE,0,0,0,9,1
2292933,Roca,Marc Roca,Midfielder,LEE,0,2,2,7,2
2292933,Greenwood (Sam),Sam Greenwood,Forward,LEE,0,0,1,5,0
2292933,Aaronson,Brenden Aaronson,Midfielder,LEE,1,0,0,5,0
2292933,Meslier,Illan Meslier,Goalkeeper,LEE,0,0,0,7,0
2292933,Summerville,Crysencio Summerville,Midfielder,LEE,0,0,0,3,2
2292933,Gelhardt,Joe Gelhardt,Forward,LEE,0,0,0,0,0
2292934,Lallana,Adam Lallana,Midfielder,BHA,0,0,0,4,0
2292934,Welbeck,Danny Welbeck,Forward,BHA,3,0,2,2,0
2292934,Groß,Pascal Groß,Midfielder,BHA,0,0,0,1,1
2292934,Dunk,Lewis Dunk,Defender,BHA,3,1,0,5,0
2292934,March,Solomon March,Midfielder,BHA,0,0,2,7,1
2292934,Webster (Adam),Adam Webster,Defender,BHA,2,2,2,6,0
2292934,Veltman,Joël Veltman,Defender,BHA,2,0,2,2,2
2292934,Trossard,Leandro Trossard,Midfielder,BHA,0,0,1,8,0
2292934,Estupiñán,Pervis Estupiñán,Defender,BHA,0,0,0,0,0
2292934,Sanchez,Robert Sanchez,Goalkeeper,BHA,0,0,0,7,0
2292934,Lamptey,Tariq Lamptey,Defender,BHA,1,0,0,4,1
2292934,Mac Allister,Alexis Mac Allister,Midfielder,BHA,0,0,0,3,1
2292934,Gilmour,Billy Gilmour,Midfielder,BHA,0,0,0,0,0
2292934,Sarmiento,Jeremy Sarmiento,Midfielder,BHA,0,0,0,0,0
2292934,Undav,Deniz Undav,Forward,BHA,0,0,0,0,0
2292934,Moises Caicedo,Moises Caicedo,Midfielder,BHA,0,0,0,4,0
2292934,De Bruyne,Kevin De Bruyne,Midfielder,MCI,0,0,0,7,2
2292934,Mahrez,Riyad Mahrez,Midfielder,MCI,0,0,0,3,0
2292934,Grealish,Jack Grealish,Midfielder,MCI,0,0,0,3,0
2292934,João Cancelo,João Pedro Cavaco Cancelo,Defender,MCI,1,0,1,5,4
2292934,Ederson,Ederson Santana de Moraes,Goalkeeper,MCI,0,0,0,8,0
2292934,Laporte,Aymeric Laporte,Defender,MCI,3,1,0,6,0
2292934,Bernardo Silva,Bernardo Mota Veiga de Carvalho e Silva,Midfielder,MCI,2,0,3,2,1
2292934,Rúben Dias,Rúben Santos Gato Alves Dias,Defender,MCI,3,0,1,4,0
2292934,Foden,Phil Foden,Midfielder,MCI,0,0,0,2,0
2292934,Akanji,Manuel Akanji,Defender,MCI,0,1,3,2,0
2292934,Rodri,Rodrigo Hernández Cascante,Midfielder,MCI,2,1,0,10,2
2292934,Haaland,Erling Haaland,Forward,MCI,0,0,0,1,0
2292934,Palmer,Cole Palmer,Midfielder,MCI,1,0,0,4,0
2292934,Álvarez,Julián Álvarez,Forward,MCI,0,0,0,0,0
2292935,Milner,James Milner,Midfielder,LIV,0,1,1,2,0
2292935,Henderson (Jordan),Jordan Henderson,Midfielder,LIV,0,0,0,3,0
2292935,Oxlade-Chamberlain,Alex Oxlade-Chamberlain,Midfielder,LIV,0,0,0,0,0
2292935,Firmino,Roberto Firmino Barbosa de Oliveira,Forward,LIV,0,0,0,2,2
2292935,van Dijk,Virgil van Dijk,Defender,LIV,3,0,2,5,0
2292935,Alisson,Alisson Ramses Becker,Goalkeeper,LIV,0,0,0,9,0
2292935,Fabinho,Fabio Henrique Tavares,Midfielder,LIV,0,0,0,6,0
2292935,Salah,Mohamed Salah,Midfielder,LIV,0,0,0,0,0
2292935,Robertson (Andrew),Andrew Robertson,Defender,LIV,0,0,0,7,1
2292935,Alexander-Arnold,Trent Alexander-Arnold,Defender,LIV,0,0,0,3,0
2292935,Gomez,Joseph Gomez,Defender,LIV,4,1,0,6,1
2292935,Jones (Curtis),Curtis Jones,Midfielder,LIV,0,0,1,9,0
2292935,Carvalho,Fabio Carvalho,Midfielder,LIV,0,0,0,1,2
2292935,Elliott (Harvey),Harvey Elliott,Midfielder,LIV,0,0,0,8,1
2292935,Kouyaté,Cheikhou Kouyaté,Midfielder,NFO,2,0,0,11,3
2292935,Cook (Steve),Steve Cook,Defender,NFO,7,0,1,1,0
2292935,Aurier,Serge Aurier,Defender,NFO,5,0,0,3,6
2292935,Freuler,Remo Freuler,Midfielder,NFO,2,0,1,7,2
2292935,Lingard,Jesse Lingard,Midfielder,NFO,2,0,1,5,1
2292935,McKenna,Scott McKenna,Defender,NFO,10,1,1,6,0
2292935,Henderson (Dean),Dean Henderson,Goalkeeper,NFO,0,0,0,6,0
2292935,Mangala,Orel Mangala,Midfielder,NFO,0,0,0,0,0
2292935,Yates,Ryan Yates,Midfielder,NFO,7,0,0,7,2
2292935,Worrall,Joe Worrall,Defender,NFO,1,0,0,0,0
2292935,Awoniyi,Taiwo Awoniyi,Forward,NFO,0,0,0,3,1
2292935,Williams (Neco),Neco Williams,Defender,NFO,1,0,1,4,0
2292935,Gibbs-White,Morgan Gibbs-White,Midfielder,NFO,0,0,3,9,0
2292935,Renan Lodi,Renan Augusto Lodi dos Santos,Defender,NFO,1,0,0,1,0
2292935,Johnson (Brennan),Brennan Johnson,Midfielder,NFO,0,0,0,1,0
2292936,Xhaka,Granit Xhaka,Midfielder,ARS,2,0,0,6,0
2292936,Partey,Thomas Partey,Midfielder,ARS,1,0,2,10,1
2292936,Odegaard,Martin Odegaard,Midfielder,ARS,1,0,0,3,1
2292936,Tierney,Kieran Tierney,Defender,ARS,1,0,0,1,0
2292936,White (Ben),Ben White,Defender,ARS,2,1,0,7,0
2292936,Eddie Nketiah,Edward Nketiah,Forward,ARS,0,0,0,1,0
2292936,Jesus,Gabriel Fernando de Jesus,Forward,ARS,1,1,0,3,1
2292936,Saka,Bukayo Saka,Midfielder,ARS,0,0,2,7,2
2292936,Tomiyasu,Takehiro Tomiyasu,Defender,ARS,1,0,3,5,2
2292936,Ramsdale,Aaron Ramsdale,Goalkeeper,ARS,0,0,0,7,0
2292936,Gabriel Magalhães,Gabriel dos Santos Magalhães,Defender,ARS,10,1,0,3,1
2292936,Fábio Vieira,Fábio Daniel Vieira,Midfielder,ARS,0,0,0,2,0
2292936,Martinelli,Gabriel Teodoro Martinelli Silva,Midfielder,ARS,2,0,0,2,0
2292936,Saliba,William Saliba,Defender,ARS,4,1,0,4,1
2292936,Walcott,Theo Walcott,Midfielder,SOU,0,0,0,2,1
2292936,Armstrong (Stuart),Stuart Armstrong,Midfielder,SOU,0,0,0,1,1
2292936,Elyounoussi,Mohammed Elyounoussi,Midfielder,SOU,2,1,0,4,0
2292936,Ward-Prowse,James Ward-Prowse,Midfielder,SOU,0,0,1,6,0
2292936,Armstrong (Adam),Adam Armstrong,Forward,SOU,0,0,0,4,1
2292936,Caleta-Car,Duje Caleta-Car,Defender,SOU,2,3,2,2,2
2292936,Aribo,Joe Aribo,Midfielder,SOU,0,0,0,5,2
2292936,Adams (Che),Che Adams,Forward,SOU,0,0,0,1,0
2292936,Lyanco,Lyanco Evangelista Silveira Neves Vojnovic,Defender,SOU,4,1,0,7,0
2292936,Diallo,Ibrahima Diallo,Midfielder,SOU,1,0,0,8,4
2292936,Perraud,Romain Perraud,Defender,SOU,1,0,0,1,2
2292936,Salisu,Mohammed Salisu,Defender,SOU,4,0,0,6,1
2292936,Bazunu,Gavin Bazunu,Goalkeeper,SOU,1,0,0,7,0
2292936,Edozie,Samuel Edozie,Midfielder,SOU,1,0,0,3,0
2292937,Shelvey (Jonjo),Jonjo Shelvey,Midfielder,NEW,0,0,0,1,0
2292937,Wood,Chris Wood,Forward,NEW,0,0,0,0,0
2292937,Wilson (Callum),Callum Wilson,Forward,NEW,1,0,0,0,0
2292937,Trippier,Kieran Trippier,Defender,NEW,2,3,0,6,3
2292937,Burn,Dan Burn,Defender,NEW,1,1,0,4,0
2292937,Pope,Nick Pope,Goalkeeper,NEW,1,0,0,14,0
2292937,Murphy (Jacob),Jacob Murphy,Midfielder,NEW,0,0,0,2,1
2292937,Schär,Fabian Schär,Defender,NEW,5,3,0,5,0
2292937,Almirón,Miguel Almirón,Midfielder,NEW,0,0,1,6,2
2292937,Longstaff (Sean),Sean Longstaff,Midfielder,NEW,0,0,1,5,0
2292937,Joelinton,Joelinton Cássio Apolinário de Lira,Midfielder,NEW,1,0,1,4,4
2292937,Willock,Joseph Willock,Midfielder,NEW,0,0,0,4,0
2292937,Bruno Guimarães,Bruno Guimarães Rodriguez Moura,Midfielder,NEW,1,0,3,9,1
2292937,Botman,Sven Botman,Defender,NEW,3,1,1,5,0
2292937,Lloris,Hugo Lloris,Goalkeeper,TOT,0,0,0,9,0
2292937,Perisic,Ivan Perisic,Defender,TOT,0,0,0,1,0
2292937,Kane,Harry Kane,Forward,TOT,1,0,0,2,0
2292937,Son,Heung-Min Son,Midfielder,TOT,0,0,0,2,0
2292937,Doherty,Matt Doherty,Defender,TOT,0,0,0,0,1
2292937,Dier,Eric Dier,Defender,TOT,9,1,2,4,0
2292937,Lucas Moura,Lucas Rodrigues Moura da Silva,Midfielder,TOT,0,0,0,4,2
2292937,Davies (Ben),Ben Davies,Defender,TOT,0,0,0,0,0
2292937,Lenglet,Clément Lenglet,Defender,TOT,0,2,0,6,0
2292937,Sánchez,Davinson Sánchez,Defender,TOT,3,0,0,5,0
2292937,Sessegnon (Ryan),Kouassi Ryan Sessegnon,Defender,TOT,1,1,0,4,2
2292937,Bentancur,Rodrigo Bentancur,Midfielder,TOT,0,0,4,7,4
2292937,Skipp,Oliver Skipp,Midfielder,TOT,0,0,0,2,0
2292937,Bissouma,Yves Bissouma,Midfielder,TOT,0,0,1,6,1
2292937,Emerson Royal,Emerson Aparecido Leite de Souza Junior,Defender,TOT,3,0,0,9,0
2292938,Smith (Adam),Adam Smith,Defender,BOU,0,0,0,4,1
2292938,Neto,Norberto Murara Neto,Goalkeeper,BOU,0,0,0,3,0
2292938,Fredericks,Ryan Fredericks,Defender,BOU,2,0,0,0,1
2292938,Moore (Kieffer),Kieffer Moore,Forward,BOU,1,0,0,1,1
2292938,Lerma,Jefferson Lerma,Midfielder,BOU,1,0,0,4,1
2292938,Solanke,Dominic Solanke,Forward,BOU,1,0,0,1,0
2292938,Cook (Lewis),Lewis Cook,Midfielder,BOU,2,2,1,12,1
2292938,Christie,Ryan Christie,Midfielder,BOU,0,0,0,2,2
2292938,Billing,Philip Billing,Midfielder,BOU,1,0,1,4,2
2292938,Tavernier,Marcus Tavernier,Midfielder,BOU,1,0,1,5,1
2292938,Senesi,Marcos Senesi,Defender,BOU,6,2,1,7,3
2292938,Mepham,Chris Mepham,Defender,BOU,7,4,1,4,0
2292938,Travers,Mark Travers,Goalkeeper,BOU,0,0,0,2,0
2292938,Anthony,Jaidon Anthony,Midfielder,BOU,1,0,0,4,2
2292938,Zemura,Jordan Zemura,Defender,BOU,0,0,1,1,1
2292938,Fabianski,Lukasz Fabianski,Goalkeeper,WHU,0,0,0,9,0
2292938,Cresswell (Aaron),Aaron Cresswell,Defender,WHU,2,0,1,7,0
2292938,Antonio,Michail Antonio,Forward,WHU,0,0,0,0,0
2292938,Zouma,Kurt Zouma,Defender,WHU,4,0,2,2,0
2292938,Coufal,Vladimir Coufal,Defender,WHU,0,0,0,0,0
2292938,Benrahma,Said Benrahma,Midfielder,WHU,0,0,0,3,0
2292938,Bowen,Jarrod Bowen,Midfielder,WHU,0,0,2,4,1
2292938,Scamacca,Gianluca Scamacca,Forward,WHU,0,0,0,4,0
2292938,Kehrer,Thilo Kehrer,Defender,WHU,1,0,0,5,0
2292938,Rice,Declan Rice,Midfielder,WHU,2,0,1,12,1
2292938,Soucek,Tomas Soucek,Midfielder,WHU,0,0,1,5,3
2292938,Fornals,Pablo Fornals,Midfielder,WHU,0,0,0,0,0
2292938,Downes,Flynn Downes,Midfielder,WHU,0,0,0,2,2
2292938,Johnson (Ben),Ben Johnson,Defender,WHU,0,0,1,6,3
2292939,Albrighton,Marc Albrighton,Midfielder,LEI,0,0,0,1,0
2292939,Mendy (Nampalys),Nampalys Mendy,Midfielder,LEI,0,0,0,4,0
2292939,Ward (Danny),Danny Ward,Goalkeeper,LEI,1,0,0,13,0
2292939,Vardy,Jamie Vardy,Forward,LEI,2,0,0,0,0
2292939,Praet,Dennis Praet,Midfielder,LEI,0,0,0,2,0
2292939,Amartey,Daniel Amartey,Defender,LEI,4,2,1,4,0
2292939,Castagne,Timothy Castagne,Defender,LEI,5,3,1,5,2
2292939,Tielemans,Youri Tielemans,Midfielder,LEI,0,1,1,4,1
2292939,Maddison,James Maddison,Midfielder,LEI,0,0,1,4,0
2292939,Barnes,Harvey Barnes,Midfielder,LEI,0,0,0,4,2
2292939,Dewsbury-Hall,Kiernan Dewsbury-Hall,Midfielder,LEI,1,0,1,4,1
2292939,Faes,Wout Faes,Defender,LEI,6,1,0,4,0
2292939,Justin,James Justin,Defender,LEI,1,2,1,3,1
2292939,Soumaré,Boubakary Soumaré,Midfielder,LEI,2,0,1,4,0
2292939,Thomas,Luke Thomas,Defender,LEI,0,0,0,0,0
2292939,Daka,Patson Daka,Forward,LEI,0,0,1,1,1
2292939,Costa,Diego Da Silva Costa,Forward,WOL,0,0,0,0,0
2292939,Moutinho,João Moutinho,Midfielder,WOL,0,0,0,7,0
2292939,Jonny,Jonathan Castro Otto,Defender,WOL,1,0,0,11,2
2292939,José Sá,José Pedro Malheiro de Sá,Goalkeeper,WOL,2,0,0,10,0
2292939,Traoré (Adama),Adama Traoré,Midfielder,WOL,0,0,0,4,0
2292939,Ruben Neves,Rúben Diogo da Silva Neves,Midfielder,WOL,0,0,0,5,0
2292939,Hwang Hee-Chan,Hee-Chan Hwang,Midfielder,WOL,0,0,0,1,0
2292939,Semedo,Nelson Semedo,Defender,WOL,1,0,3,4,0
2292939,Podence,Daniel Podence,Midfielder,WOL,0,0,0,4,0
2292939,Kilman,Max Kilman,Defender,WOL,1,0,2,4,0
2292939,Collins,Nathan Collins,Defender,WOL,1,0,1,7,2
2292939,Campbell,Chem Campbell,Midfielder,WOL,0,0,1,0,1
2292939,Matheus Nunes,Matheus Luiz Nunes,Midfielder,WOL,0,0,0,1,1
2292939,Traoré (Boubacar),Boubacar Traoré,Midfielder,WOL,0,0,0,1,0
2292939,Bueno (Hugo),Hugo Bueno,Defender,WOL,1,0,0,4,1
2292940,Smith (Adam),Adam Smith,Defender,BOU,5,0,0,2,1
2292940,Fredericks,Ryan Fredericks,Defender,BOU,1,0,0,0,0
2292940,Stephens,Jack Stephens,Defender,BOU,0,0,0,2,0
2292940,Moore (Kieffer),Kieffer Moore,Forward,BOU,4,2,0,3,3
2292940,Lerma,Jefferson Lerma,Midfielder,BOU,1,1,1,4,1
2292940,Solanke,Dominic Solanke,Forward,BOU,3,1,0,3,0
2292940,Cook (Lewis),Lewis Cook,Midfielder,BOU,2,0,2,6,0
2292940,Billing,Philip Billing,Midfielder,BOU,1,0,0,2,1
2292940,Tavernier,Marcus Tavernier,Midfielder,BOU,1,0,1,4,2
2292940,Senesi,Marcos Senesi,Defender,BOU,10,0,1,5,0
2292940,Mepham,Chris Mepham,Defender,BOU,8,1,1,5,0
2292940,Travers,Mark Travers,Goalkeeper,BOU,1,0,0,4,0
2292940,Anthony,Jaidon Anthony,Midfielder,BOU,0,0,0,1,0
2292940,Zemura,Jordan Zemura,Defender,BOU,2,1,1,4,1
2292940,Lloris,Hugo Lloris,Goalkeeper,TOT,1,0,0,8,1
2292940,Perisic,Ivan Perisic,Defender,TOT,0,0,1,3,0
2292940,Kane,Harry Kane,Forward,TOT,0,0,0,3,0
2292940,Son,Heung-Min Son,Midfielder,TOT,0,0,0,0,0
2292940,Dier,Eric Dier,Defender,TOT,2,0,0,2,1
2292940,Lucas Moura,Lucas Rodrigues Moura da Silva,Midfielder,TOT,0,0,1,1,1
2292940,Davies (Ben),Ben Davies,Defender,TOT,2,0,0,1,0
2292940,Højbjerg,Pierre-Emile Højbjerg,Midfielder,TOT,0,0,0,6,0
2292940,Lenglet,Clément Lenglet,Defender,TOT,2,0,2,10,2
2292940,Sánchez,Davinson Sánchez,Defender,TOT,1,0,1,4,0
2292940,Sessegnon (Ryan),Kouassi Ryan Sessegnon,Defender,TOT,0,0,0,3,1
2292940,Bentancur,Rodrigo Bentancur,Midfielder,TOT,0,0,0,6,0
2292940,Skipp,Oliver Skipp,Midfielder,TOT,0,0,0,0,0
2292940,Bissouma,Yves Bissouma,Midfielder,TOT,0,0,0,6,0
2292940,Emerson Royal,Emerson Aparecido Leite de Souza Junior,Defender,TOT,2,0,1,4,0
2292940,Gil,Bryan Gil,Midfielder,TOT,0,0,0,0,1
2292941,Cedric,Cedric Ricardo Alves Soares,Defender,ARS,1,0,0,0,0
2292941,Xhaka,Granit Xhaka,Midfielder,ARS,0,0,0,3,0
2292941,Partey,Thomas Partey,Midfielder,ARS,1,0,0,7,1
2292941,Odegaard,Martin Odegaard,Midfielder,ARS,1,0,1,2,0
2292941,Tierney,Kieran Tierney,Defender,ARS,1,0,0,1,0
2292941,White (Ben),Ben White,Defender,ARS,3,1,0,4,1
2292941,Nelson (Reiss),Reiss Nelson,Midfielder,ARS,0,0,0,5,0
2292941,Eddie Nketiah,Edward Nketiah,Forward,ARS,0,0,0,0,0
2292941,Jesus,Gabriel Fernando de Jesus,Forward,ARS,0,0,1,5,3
2292941,Saka,Bukayo Saka,Midfielder,ARS,0,0,0,2,0
2292941,Tomiyasu,Takehiro Tomiyasu,Defender,ARS,0,0,1,3,1
2292941,Ramsdale,Aaron Ramsdale,Goalkeeper,ARS,1,0,0,8,0
2292941,Gabriel Magalhães,Gabriel dos Santos Magalhães,Defender,ARS,2,0,1,8,1
2292941,Fábio Vieira,Fábio Daniel Vieira,Midfielder,ARS,0,0,0,2,0
2292941,Martinelli,Gabriel Teodoro Martinelli Silva,Midfielder,ARS,0,0,2,2,0
2292941,Saliba,William Saliba,Defender,ARS,1,0,1,7,2
2292941,Kouyaté,Cheikhou Kouyaté,Midfielder,NFO,4,0,2,6,2
2292941,Cook (Steve),Steve Cook,Defender,NFO,2,3,1,2,0
2292941,Aurier,Serge Aurier,Defender,NFO,5,1,0,0,5
2292941,Freuler,Remo Freuler,Midfielder,NFO,2,1,1,5,1
2292941,Lingard,Jesse Lingard,Midfielder,NFO,1,0,0,2,1
2292941,McKenna,Scott McKenna,Defender,NFO,6,1,0,1,1
2292941,Henderson (Dean),Dean Henderson,Goalkeeper,NFO,0,0,0,5,0
2292941,Yates,Ryan Yates,Midfielder,NFO,4,1,0,4,2
2292941,Worrall,Joe Worrall,Defender,NFO,3,0,0,5,0
2292941,Awoniyi,Taiwo Awoniyi,Forward,NFO,0,0,0,0,0
2292941,Williams (Neco),Neco Williams,Defender,NFO,1,0,1,2,0
2292941,Gibbs-White,Morgan Gibbs-White,Midfielder,NFO,1,0,0,5,0
2292941,Dennis (Emmanuel),Emmanuel Bonaventure Dennis,Forward,NFO,0,0,0,1,0
2292941,Renan Lodi,Renan Augusto Lodi dos Santos,Defender,NFO,1,2,0,4,2
2292941,Johnson (Brennan),Brennan Johnson,Midfielder,NFO,0,0,0,1,0
2292941,O'Brien (Lewis),Lewis O'Brien,Midfielder,NFO,0,1,0,1,0
2292942,Mee,Ben Mee,Defender,BRE,4,1,0,9,0
2292942,Toney,Ivan Toney,Forward,BRE,1,0,0,1,1
2292942,Raya Martin,David Raya Martin,Goalkeeper,BRE,0,0,0,9,0
2292942,Canos,Sergi Canos,Midfielder,BRE,0,0,0,0,0
2292942,Dasilva,Pelenda Joshua Dasilva,Midfielder,BRE,0,0,0,2,1
2292942,Ajer,Kristoffer Ajer,Defender,BRE,0,1,0,4,3
2292942,Henry,Rico Henry,Defender,BRE,1,0,1,3,2
2292942,Janelt,Vitaly Janelt,Midfielder,BRE,3,0,0,8,0
2292942,Jensen,Mathias Jensen,Midfielder,BRE,1,0,0,1,0
2292942,Wissa,Yoane Wissa,Forward,BRE,1,0,1,2,1
2292942,Roerslev,Mads Roerslev,Defender,BRE,0,0,0,1,0
2292942,Pinnock,Ethan Pinnock,Defender,BRE,5,0,0,4,0
2292942,Lewis-Potter,Keane Lewis-Potter,Midfielder,BRE,1,0,0,2,0
2292942,Onyeka,Frank Onyeka,Midfielder,BRE,1,1,2,3,0
2292942,Damsgaard,Mikkel Damsgaard,Midfielder,BRE,0,0,0,3,1
2292942,Mbeumo,Bryan Mbeumo,Midfielder,BRE,0,0,1,2,0
2292942,Costa,Diego Da Silva Costa,Forward,WOL,1,0,0,3,0
2292942,Moutinho,João Moutinho,Midfielder,WOL,1,0,0,2,0
2292942,José Sá,José Pedro Malheiro de Sá,Goalkeeper,WOL,1,0,0,7,0
2292942,Traoré (Adama),Adama Traoré,Midfielder,WOL,1,0,0,1,0
2292942,Ruben Neves,Rúben Diogo da Silva Neves,Midfielder,WOL,2,1,2,11,1
2292942,Gonçalo Guedes,Gonçalo Manuel Ganchinho Guedes,Midfielder,WOL,0,0,0,1,0
2292942,Semedo,Nelson Semedo,Defender,WOL,2,0,0,7,3
2292942,Podence,Daniel Podence,Midfielder,WOL,2,0,0,8,1
2292942,Kilman,Max Kilman,Defender,WOL,6,0,2,7,1
2292942,Collins,Nathan Collins,Defender,WOL,5,2,2,2,0
2292942,Matheus Nunes,Matheus Luiz Nunes,Midfielder,WOL,1,0,0,0,0
2292942,Traoré (Boubacar),Boubacar Traoré,Midfielder,WOL,1,0,1,5,0
2292942,Bueno (Hugo),Hugo Bueno,Defender,WOL,4,0,1,5,0
2292943,Lallana,Adam Lallana,Midfielder,BHA,0,0,0,2,0
2292943,Groß,Pascal Groß,Midfielder,BHA,0,1,0,1,2
2292943,Dunk,Lewis Dunk,Defender,BHA,6,1,0,7,1
2292943,March,Solomon March,Midfielder,BHA,4,0,1,2,0
2292943,Webster (Adam),Adam Webster,Defender,BHA,7,1,0,7,1
2292943,Trossard,Leandro Trossard,Midfielder,BHA,0,0,0,4,0
2292943,Estupiñán,Pervis Estupiñán,Defender,BHA,2,0,1,3,2
2292943,Sanchez,Robert Sanchez,Goalkeeper,BHA,1,0,0,13,0
2292943,Lamptey,Tariq Lamptey,Defender,BHA,0,0,0,3,0
2292943,Mac Allister,Alexis Mac Allister,Midfielder,BHA,0,0,3,7,3
2292943,Sarmiento,Jeremy Sarmiento,Midfielder,BHA,0,0,0,1,0
2292943,Mitoma,Kaoru Mitoma,Midfielder,BHA,1,0,0,7,2
2292943,Enciso,Julio Enciso,Midfielder,BHA,0,0,0,1,0
2292943,Moises Caicedo,Moises Caicedo,Midfielder,BHA,0,0,1,5,0
2292943,Thiago Silva,Thiago Emiliano da Silva,Defender,CHE,3,5,1,8,1
2292943,Aubameyang,Pierre-Emerick Aubameyang,Forward,CHE,0,0,0,1,0
2292943,Kovacic,Mateo Kovacic,Midfielder,CHE,2,0,2,5,0
2292943,Sterling (Raheem),Raheem Sterling,Midfielder,CHE,0,0,0,2,0
2292943,Kepa,Kepa Arrizabalaga Revuelta,Goalkeeper,CHE,3,0,0,2,0
2292943,Ziyech,Hakim Ziyech,Midfielder,CHE,0,0,1,0,0
2292943,Loftus-Cheek,Ruben Loftus-Cheek,Midfielder,CHE,1,0,0,10,1
2292943,Chilwell,Benjamin Chilwell,Defender,CHE,0,0,0,0,0
2292943,Pulisic,Christian Pulisic,Midfielder,CHE,1,0,1,0,1
2292943,Cucurella,Marc Cucurella,Defender,CHE,1,0,0,5,0
2292943,Chalobah (Trevoh),Trevoh Chalobah,Defender,CHE,0,0,1,7,1
2292943,Mount,Mason Mount,Midfielder,CHE,0,0,0,1,0
2292943,Havertz,Kai Havertz,Midfielder,CHE,2,0,0,2,0
2292943,Mendy (Edouard),Edouard Mendy,Goalkeeper,CHE,0,0,0,6,0
2292943,Gallagher,Conor Gallagher,Midfielder,CHE,3,0,1,4,0
2292943,Broja,Armando Broja,Forward,CHE,0,0,0,1,0
2292944,Guaita,Vicente Guaita,Goalkeeper,CRY,2,0,0,9,0
2292944,Ward (Joel),Joel Ward,Defender,CRY,10,1,1,6,2
2292944,Milivojevic,Luka Milivojevic,Midfielder,CRY,4,0,2,4,3
2292944,Ayew (Jordan),Jordan Ayew,Midfielder,CRY,1,0,0,3,1
2292944,Zaha,Wilfried Zaha,Midfielder,CRY,0,0,0,8,2
2292944,Schlupp,Jeffrey Schlupp,Midfielder,CRY,1,0,1,8,2
2292944,Hughes (Will),Will Hughes,Midfielder,CRY,0,0,0,0,0
2292944,Riedewald,Jairo Riedewald,Midfielder,CRY,0,0,0,0,0
2292944,Andersen,Joachim Andersen,Defender,CRY,7,0,0,8,1
2292944,Edouard,Odsonne Edouard,Forward,CRY,0,1,0,4,0
2292944,Marc Guehi,Addji Keaninkin Marc-Israel Guehi,Defender,CRY,1,1,0,10,1
2292944,Eze,Eberechi Eze,Midfielder,CRY,1,0,0,2,1
2292944,Mitchell,Tyrick Mitchell,Defender,CRY,1,1,0,4,2
2292944,Olise,Michael Olise,Midfielder,CRY,4,0,0,9,1
2292944,Armstrong (Stuart),Stuart Armstrong,Midfielder,SOU,1,0,0,5,0
2292944,Elyounoussi,Mohammed Elyounoussi,Midfielder,SOU,1,0,1,3,2
2292944,Ward-Prowse,James Ward-Prowse,Midfielder,SOU,0,0,0,4,1
2292944,Maitland-Niles,Ainsley Maitland-Niles,Midfielder,SOU,1,0,0,10,1
2292944,Caleta-Car,Duje Caleta-Car,Defender,SOU,3,2,1,4,0
2292944,Aribo,Joe Aribo,Midfielder,SOU,2,0,0,5,4
2292944,Adams (Che),Che Adams,Forward,SOU,0,0,0,1,2
2292944,Lyanco,Lyanco Evangelista Silveira Neves Vojnovic,Defender,SOU,2,2,2,9,1
2292944,Diallo,Ibrahima Diallo,Midfielder,SOU,1,0,0,3,0
2292944,Perraud,Romain Perraud,Defender,SOU,1,0,0,3,1
2292944,Djenepo,Moussa Djenepo,Midfielder,SOU,0,0,0,1,1
2292944,Salisu,Mohammed Salisu,Defender,SOU,7,1,1,10,0
2292944,Bazunu,Gavin Bazunu,Goalkeeper,SOU,1,0,1,11,0
2292944,Mara,Sékou Mara,Forward,SOU,0,0,0,0,0
2292944,Edozie,Samuel Edozie,Midfielder,SOU,0,0,0,0,0
2292945,Tarkowski,James Tarkowski,Defender,EVE,4,5,1,4,1
2292945,Coleman,Seamus Coleman,Defender,EVE,0,1,0,3,0
2292945,Gueye,Idrissa Gueye,Midfielder,EVE,0,1,1,7,2
2292945,Coady,Conor Coady,Defender,EVE,8,0,0,4,0
2292945,Pickford,Jordan Pickford,Goalkeeper,EVE,3,0,0,6,0
2292945,Maupay,Neal Maupay,Forward,EVE,0,0,0,1,0
2292945,Iwobi,Alex Iwobi,Midfielder,EVE,0,0,0,5,0
2292945,Gray (Demarai),Demarai Gray,Midfielder,EVE,3,0,0,8,1
2292945,Calvert-Lewin,Dominic Calvert-Lewin,Forward,EVE,3,0,0,5,0
2292945,Mykolenko,Vitaliy Mykolenko,Defender,EVE,5,1,2,1,1
2292945,Gordon (Anthony),Anthony Gordon,Midfielder,EVE,2,0,0,6,1
2292945,Garner,James Garner,Midfielder,EVE,0,0,2,1,2
2292945,Patterson (Nathan),Nathan Patterson,Defender,EVE,1,0,0,1,0
2292945,McNeil,Dwight McNeil,Midfielder,EVE,1,0,0,0,0
2292945,Mvom Onana,Amadou Mvom Onana,Midfielder,EVE,2,0,0,5,1
2292945,Willian,Willian Borges Da Silva,Midfielder,FUL,1,0,0,7,0
2292945,Cairney,Tom Cairney,Midfielder,FUL,0,0,0,1,0
2292945,Leno,Bernd Leno,Goalkeeper,FUL,0,0,0,9,0
2292945,Ream,Tim Ream,Defender,FUL,1,0,0,5,0
2292945,Kebano,Neeskens Kebano,Midfielder,FUL,1,0,1,4,0
2292945,DeCordova-Reid,Bobby DeCordova-Reid,Midfielder,FUL,1,0,1,5,0
2292945,Mitrovic,Aleksandar Mitrovic,Forward,FUL,0,0,0,2,0
2292945,Reed,Harrison Reed,Midfielder,FUL,1,0,0,0,0
2292945,Wilson (Harry),Harry Wilson,Midfielder,FUL,0,0,0,0,0
2292945,João Palhinha,João Maria Lobo Alves Palhinha Gonçalves,Midfielder,FUL,2,1,0,10,3
2292945,Pereira,Andreas Pereira,Midfielder,FUL,0,0,0,1,0
2292945,Tete,Kenny Tete,Defender,FUL,0,0,0,0,1
2292945,Robinson (Antonee),Antonee Robinson,Defender,FUL,0,1,0,7,1
2292945,Diop,Issa Diop,Defender,FUL,1,0,1,6,1
2292946,Mendy (Nampalys),Nampalys Mendy,Midfielder,LEI,0,1,0,1,0
2292946,Ward (Danny),Danny Ward,Goalkeeper,LEI,0,0,0,12,0
2292946,Vardy,Jamie Vardy,Forward,LEI,0,0,0,1,0
2292946,Amartey,Daniel Amartey,Defender,LEI,4,0,0,2,1
2292946,Castagne,Timothy Castagne,Defender,LEI,0,0,0,3,3
2292946,Tielemans,Youri Tielemans,Midfielder,LEI,2,2,1,6,1
2292946,Maddison,James Maddison,Midfielder,LEI,0,0,1,5,1
2292946,Iheanacho,Kelechi Iheanacho,Forward,LEI,0,0,0,3,0
2292946,Barnes,Harvey Barnes,Midfielder,LEI,0,0,0,2,0
2292946,Dewsbury-Hall,Kiernan Dewsbury-Hall,Midfielder,LEI,0,0,1,0,0
2292946,Söyüncü,Caglar Söyüncü,Defender,LEI,2,1,0,2,1
2292946,Faes,Wout Faes,Defender,LEI,3,0,0,4,0
2292946,Justin,James Justin,Defender,LEI,3,0,0,2,2
2292946,Daka,Patson Daka,Forward,LEI,0,0,0,0,0
2292946,Gundogan,Ilkay Gundogan,Midfielder,MCI,0,0,1,3,0
2292946,De Bruyne,Kevin De Bruyne,Midfielder,MCI,1,0,1,5,0
2292946,Stones,John Stones,Defender,MCI,1,0,0,4,1
2292946,Grealish,Jack Grealish,Midfielder,MCI,0,0,0,4,1
2292946,João Cancelo,João Pedro Cavaco Cancelo,Defender,MCI,0,0,1,6,0
2292946,Ederson,Ederson Santana de Moraes,Goalkeeper,MCI,0,0,0,11,0
2292946,Laporte,Aymeric Laporte,Defender,MCI,0,0,0,3,1
2292946,Bernardo Silva,Bernardo Mota Veiga de Carvalho e Silva,Midfielder,MCI,0,0,0,2,0
2292946,Rúben Dias,Rúben Santos Gato Alves Dias,Defender,MCI,2,1,0,2,0
2292946,Foden,Phil Foden,Midfielder,MCI,0,0,0,0,0
2292946,Akanji,Manuel Akanji,Defender,MCI,0,0,0,2,0
2292946,Rodri,Rodrigo Hernández Cascante,Midfielder,MCI,2,0,3,10,1
2292946,Álvarez,Julián Álvarez,Forward,MCI,0,0,0,2,0
2292947,Cooper,Liam Cooper,Defender,LEE,10,0,1,8,1
2292947,Ayling,Luke Ayling,Defender,LEE,2,0,1,0,0
2292947,Rodrigo,Rodrigo Moreno Machado,Midfielder,LEE,0,0,0,3,0
2292947,Bamford,Patrick Bamford,Forward,LEE,1,0,0,0,0
2292947,Koch,Robin Koch,Defender,LEE,7,3,1,3,1
2292947,Adams (Tyler),Tyler Adams,Midfielder,LEE,2,0,2,12,1
2292947,Harrison,Jack Harrison,Midfielder,LEE,2,0,0,5,0
2292947,Struijk,Pascal Struijk,Defender,LEE,6,1,1,5,2
2292947,Kristensen,Rasmus Kristensen,Defender,LEE,6,0,2,8,1
2292947,Roca,Marc Roca,Midfielder,LEE,2,0,2,6,1
2292947,Aaronson,Brenden Aaronson,Midfielder,LEE,2,0,0,4,0
2292947,Meslier,Illan Meslier,Goalkeeper,LEE,1,0,0,15,0
2292947,Summerville,Crysencio Summerville,Midfielder,LEE,1,0,0,6,0
2292947,Gnonto,Degnand Wilfried Gnonto,Forward,LEE,2,0,0,2,0
2292947,Milner,James Milner,Midfielder,LIV,1,0,0,1,0
2292947,Henderson (Jordan),Jordan Henderson,Midfielder,LIV,0,0,1,3,0
2292947,Thiago Alcántara,Thiago Alcántara do Nascimento,Midfielder,LIV,1,0,1,9,3
2292947,Firmino,Roberto Firmino Barbosa de Oliveira,Forward,LIV,0,0,2,5,0
2292947,van Dijk,Virgil van Dijk,Defender,LIV,6,0,1,3,0
2292947,Alisson,Alisson Ramses Becker,Goalkeeper,LIV,0,0,0,13,0
2292947,Fabinho,Fabio Henrique Tavares,Midfielder,LIV,1,1,3,7,1
2292947,Salah,Mohamed Salah,Midfielder,LIV,0,0,0,5,0
2292947,Robertson (Andrew),Andrew Robertson,Defender,LIV,2,0,0,11,0
2292947,Alexander-Arnold,Trent Alexander-Arnold,Defender,LIV,1,0,1,6,3
2292947,Gomez,Joseph Gomez,Defender,LIV,2,1,0,9,1
2292947,Jones (Curtis),Curtis Jones,Midfielder,LIV,0,0,0,2,1
2292947,Elliott (Harvey),Harvey Elliott,Midfielder,LIV,1,0,0,7,0
2292947,Núñez,Darwin Núñez,Forward,LIV,0,0,0,1,0
2292948,Cristiano Ronaldo,Cristiano Ronaldo dos Santos Aveiro,Forward,MUN,3,0,0,2,0
2292948,De Gea,David De Gea,Goalkeeper,MUN,1,0,0,4,0
2292948,Casemiro,Carlos Henrique Jose Francisco Venancio,Midfielder,MUN,4,0,1,9,2
2292948,Eriksen,Christian Eriksen,Midfielder,MUN,2,0,1,11,1
2292948,Maguire,Harry Maguire,Defender,MUN,8,3,0,0,0
2292948,Fred,Frederico Rodrigues de Paula Santos,Midfielder,MUN,0,0,0,2,0
2292948,Shaw,Luke Shaw,Defender,MUN,1,0,0,5,2
2292948,Bruno Fernandes,Bruno Miguel Borges Fernandes,Midfielder,MUN,1,0,0,7,5
2292948,Rashford,Marcus Rashford,Midfielder,MUN,0,0,1,4,0
2292948,McTominay,Scott McTominay,Midfielder,MUN,3,0,0,4,0
2292948,Dalot,José Diogo Dalot Teixeira,Defender,MUN,5,0,3,5,4
2292948,Martínez,Lisandro Martínez,Defender,MUN,3,4,1,3,1
2292948,Elanga,Anthony Elanga,Midfielder,MUN,0,0,0,2,0
2292948,Fabianski,Lukasz Fabianski,Goalkeeper,WHU,0,0,0,7,0
2292948,Cresswell (Aaron),Aaron Cresswell,Defender,WHU,2,1,0,6,0
2292948,Antonio,Michail Antonio,Forward,WHU,0,0,0,2,0
2292948,Dawson,Craig Dawson,Defender,WHU,5,1,0,4,0
2292948,Areola,Alphonse Areola,Goalkeeper,WHU,0,0,0,3,0
2292948,Zouma,Kurt Zouma,Defender,WHU,5,0,0,4,0
2292948,Benrahma,Said Benrahma,Midfielder,WHU,0,0,2,5,1
2292948,Bowen,Jarrod Bowen,Midfielder,WHU,0,0,0,7,0
2292948,Scamacca,Gianluca Scamacca,Forward,WHU,0,0,0,1,0
2292948,Kehrer,Thilo Kehrer,Defender,WHU,2,1,1,8,3
2292948,Rice,Declan Rice,Midfielder,WHU,1,2,2,5,1
2292948,Soucek,Tomas Soucek,Midfielder,WHU,2,1,2,3,2
2292948,Fornals,Pablo Fornals,Midfielder,WHU,0,0,0,1,0
2292948,Downes,Flynn Downes,Midfielder,WHU,0,0,1,4,0
2292949,Young (Ashley),Ashley Young,Defender,AVL,2,1,2,5,1
2292949,Coutinho,Philippe Coutinho,Midfielder,AVL,0,0,0,2,1
2292949,Ings,Danny Ings,Forward,AVL,1,0,0,1,0
2292949,Martinez,Emiliano Martinez,Goalkeeper,AVL,0,0,0,5,0
2292949,Digne,Lucas Digne,Defender,AVL,2,0,0,1,0
2292949,Olsen,Robin Olsen,Goalkeeper,AVL,0,0,0,8,0
2292949,McGinn,John McGinn,Midfielder,AVL,0,0,1,1,0
2292949,Mings,Tyrone Mings,Defender,AVL,2,1,4,5,0
2292949,Dendoncker (Leander),Leander Dendoncker,Midfielder,AVL,0,0,2,4,1
2292949,Watkins,Ollie Watkins,Forward,AVL,0,0,1,8,0
2292949,Buendía,Emiliano Buendía,Midfielder,AVL,0,0,0,5,2
2292949,Cash,Matthew Cash,Defender,AVL,1,0,1,4,1
2292949,Konsa Ngoyo,Ezri Konsa Ngoyo,Defender,AVL,5,0,0,4,0
2292949,Bailey,Leon Bailey,Midfielder,AVL,1,0,0,3,0
2292949,Douglas Luiz,Douglas Luiz Soares de Paulo,Midfielder,AVL,0,0,0,5,3
2292949,Ramsey (Jacob),Jacob Ramsey,Midfielder,AVL,0,0,0,0,0
2292949,Shelvey (Jonjo),Jonjo Shelvey,Midfielder,NEW,0,0,0,1,0
2292949,Wood,Chris Wood,Forward,NEW,0,0,0,0,0
2292949,Wilson (Callum),Callum Wilson,Forward,NEW,0,0,0,2,0
2292949,Trippier,Kieran Trippier,Defender,NEW,2,1,0,7,2
2292949,Burn,Dan Burn,Defender,NEW,0,1,0,4,1
2292949,Pope,Nick Pope,Goalkeeper,NEW,0,0,0,8,0
2292949,Lascelles,Jamaal Lascelles,Defender,NEW,0,0,0,0,0
2292949,Murphy (Jacob),Jacob Murphy,Midfielder,NEW,0,0,0,1,0
2292949,Schär,Fabian Schär,Defender,NEW,1,0,0,7,0
2292949,Targett,Matt Targett,Defender,NEW,0,0,0,1,0
2292949,Saint-Maximin,Allan Saint-Maximin,Midfielder,NEW,0,0,0,0,0
2292949,Almirón,Miguel Almirón,Midfielder,NEW,0,0,0,3,1
2292949,Longstaff (Sean),Sean Longstaff,Midfielder,NEW,2,0,0,5,1
2292949,Joelinton,Joelinton Cássio Apolinário de Lira,Midfielder,NEW,0,0,1,7,2
2292949,Willock,Joseph Willock,Midfielder,NEW,0,0,1,6,2
2292949,Bruno Guimarães,Bruno Guimarães Rodriguez Moura,Midfielder,NEW,0,1,3,11,0
2292949,Botman,Sven Botman,Defender,NEW,2,0,1,4,0
2292950,Young (Ashley),Ashley Young,Defender,AVL,3,0,0,1,0
2292950,Ings,Danny Ings,Forward,AVL,0,0,0,2,0
2292950,Martinez,Emiliano Martinez,Goalkeeper,AVL,0,0,0,12,0
2292950,Digne,Lucas Digne,Defender,AVL,1,1,0,1,0
2292950,Sanson,Morgan Sanson,Midfielder,AVL,0,0,0,0,0
2292950,McGinn,John McGinn,Midfielder,AVL,0,0,0,1,0
2292950,Mings,Tyrone Mings,Defender,AVL,8,1,2,4,0
2292950,Dendoncker (Leander),Leander Dendoncker,Midfielder,AVL,1,1,1,6,1
2292950,Watkins,Ollie Watkins,Forward,AVL,1,0,0,0,0
2292950,Buendía,Emiliano Buendía,Midfielder,AVL,2,0,2,7,0
2292950,Cash,Matthew Cash,Defender,AVL,1,0,3,4,1
2292950,Konsa Ngoyo,Ezri Konsa Ngoyo,Defender,AVL,5,0,1,2,0
2292950,Bailey,Leon Bailey,Midfielder,AVL,0,0,1,3,0
2292950,Kamara,Boubacar Kamara,Midfielder,AVL,1,0,0,0,1
2292950,Douglas Luiz,Douglas Luiz Soares de Paulo,Midfielder,AVL,0,0,4,4,0
2292950,Ramsey (Jacob),Jacob Ramsey,Midfielder,AVL,1,0,1,4,2
2292950,Cristiano Ronaldo,Cristiano Ronaldo dos Santos Aveiro,Forward,MUN,0,0,1,1,1
2292950,De Gea,David De Gea,Goalkeeper,MUN,0,0,0,5,0
2292950,Casemiro,Carlos Henrique Jose Francisco Venancio,Midfielder,MUN,0,0,1,4,1
2292950,Eriksen,Christian Eriksen,Midfielder,MUN,0,0,0,7,1
2292950,Shaw,Luke Shaw,Defender,MUN,1,0,1,4,1
2292950,Martial,Anthony Martial,Forward,MUN,0,0,0,0,0
2292950,Rashford,Marcus Rashford,Midfielder,MUN,0,0,0,4,0
2292950,van de Beek,Donny van de Beek,Midfielder,MUN,0,0,0,0,0
2292950,Lindelof,Victor Nilsson-Lindelof,Defender,MUN,1,0,1,3,0
2292950,Dalot,José Diogo Dalot Teixeira,Defender,MUN,0,0,2,6,3
2292950,Martínez,Lisandro Martínez,Defender,MUN,3,0,2,4,2
2292950,Malacia,Tyrell Malacia,Defender,MUN,0,0,1,0,0
2292950,Elanga,Anthony Elanga,Midfielder,MUN,0,0,0,1,0
2292950,Garnacho,Alejandro Garnacho Ferreyra,Midfielder,MUN,0,0,0,2,1
2292951,Xhaka,Granit Xhaka,Midfielder,ARS,2,1,0,6,4
2292951,Elneny,Mohamed Elneny,Midfielder,ARS,0,0,0,2,0
2292951,Holding,Rob Holding,Defender,ARS,0,0,0,0,0
2292951,Partey,Thomas Partey,Midfielder,ARS,3,0,1,12,0
2292951,Odegaard,Martin Odegaard,Midfielder,ARS,0,1,0,3,0
2292951,Tierney,Kieran Tierney,Defender,ARS,1,0,1,3,0
2292951,White (Ben),Ben White,Defender,ARS,4,0,1,3,0
2292951,Jesus,Gabriel Fernando de Jesus,Forward,ARS,2,0,2,2,2
2292951,Zinchenko,Oleksandr Zinchenko,Defender,ARS,1,0,1,6,2
2292951,Saka,Bukayo Saka,Midfielder,ARS,0,0,0,6,1
2292951,Ramsdale,Aaron Ramsdale,Goalkeeper,ARS,1,0,0,4,0
2292951,Gabriel Magalhães,Gabriel dos Santos Magalhães,Defender,ARS,4,0,1,7,0
2292951,Martinelli,Gabriel Teodoro Martinelli Silva,Midfielder,ARS,1,0,0,6,0
2292951,Saliba,William Saliba,Defender,ARS,3,1,2,13,1
2292951,Azpilicueta,César Azpilicueta,Defender,CHE,4,1,2,4,4
2292951,Thiago Silva,Thiago Emiliano da Silva,Defender,CHE,2,2,2,5,1
2292951,Aubameyang,Pierre-Emerick Aubameyang,Forward,CHE,2,0,0,0,0
2292951,Jorginho,Jorge Luiz Frello Filho,Midfielder,CHE,2,0,2,12,2
2292951,Kovacic,Mateo Kovacic,Midfielder,CHE,0,0,0,2,0
2292951,Sterling (Raheem),Raheem Sterling,Midfielder,CHE,0,0,0,6,0
2292951,Loftus-Cheek,Ruben Loftus-Cheek,Midfielder,CHE,1,0,0,3,0
2292951,Pulisic,Christian Pulisic,Midfielder,CHE,0,0,0,0,1
2292951,Cucurella,Marc Cucurella,Defender,CHE,1,0,0,5,2
2292951,Chalobah (Trevoh),Trevoh Chalobah,Defender,CHE,3,0,2,6,1
2292951,Mount,Mason Mount,Midfielder,CHE,1,0,0,4,0
2292951,Havertz,Kai Havertz,Midfielder,CHE,2,0,0,2,1
2292951,Mendy (Edouard),Edouard Mendy,Goalkeeper,CHE,0,0,0,7,0
2292951,Gallagher,Conor Gallagher,Midfielder,CHE,0,0,0,3,1
2292951,Broja,Armando Broja,Forward,CHE,0,0,1,1,0
2292952,Tarkowski,James Tarkowski,Defender,EVE,2,5,2,2,0
2292952,Coleman,Seamus Coleman,Defender,EVE,0,0,2,5,1
2292952,Gueye,Idrissa Gueye,Midfielder,EVE,0,1,4,5,3
2292952,Coady,Conor Coady,Defender,EVE,3,0,0,1,0
2292952,Pickford,Jordan Pickford,Goalkeeper,EVE,2,0,0,10,0
2292952,Maupay,Neal Maupay,Forward,EVE,0,0,0,1,0
2292952,Doucouré,Abdoulaye Doucouré,Midfielder,EVE,0,0,0,0,0
2292952,Iwobi,Alex Iwobi,Midfielder,EVE,1,0,0,6,2
2292952,Gray (Demarai),Demarai Gray,Midfielder,EVE,0,0,1,4,1
2292952,Calvert-Lewin,Dominic Calvert-Lewin,Forward,EVE,0,0,0,2,0
2292952,Mykolenko,Vitaliy Mykolenko,Defender,EVE,6,1,0,7,0
2292952,Gordon (Anthony),Anthony Gordon,Midfielder,EVE,0,0,0,1,0
2292952,Garner,James Garner,Midfielder,EVE,1,0,1,7,0
2292952,Patterson (Nathan),Nathan Patterson,Defender,EVE,1,0,0,2,0
2292952,McNeil,Dwight McNeil,Midfielder,EVE,2,0,0,2,0
2292952,Mvom Onana,Amadou Mvom Onana,Midfielder,EVE,1,0,1,3,0
2292952,Albrighton,Marc Albrighton,Midfielder,LEI,1,1,0,1,0
2292952,Mendy (Nampalys),Nampalys Mendy,Midfielder,LEI,0,0,0,1,0
2292952,Ward (Danny),Danny Ward,Goalkeeper,LEI,1,0,0,7,0
2292952,Vardy,Jamie Vardy,Forward,LEI,1,0,0,0,0
2292952,Amartey,Daniel Amartey,Defender,LEI,4,1,0,4,0
2292952,Castagne,Timothy Castagne,Defender,LEI,1,0,2,2,2
2292952,Tielemans,Youri Tielemans,Midfielder,LEI,0,0,1,11,1
2292952,Maddison,James Maddison,Midfielder,LEI,0,0,2,3,0
2292952,Barnes,Harvey Barnes,Midfielder,LEI,0,0,0,4,0
2292952,Ndidi,Onyinye Wilfred Ndidi,Midfielder,LEI,1,1,0,3,0
2292952,Dewsbury-Hall,Kiernan Dewsbury-Hall,Midfielder,LEI,1,0,0,8,0
2292952,Faes,Wout Faes,Defender,LEI,4,1,0,6,1
2292952,Justin,James Justin,Defender,LEI,7,0,3,5,1
2292952,Soumaré,Boubakary Soumaré,Midfielder,LEI,2,0,3,8,3
2292952,Daka,Patson Daka,Forward,LEI,0,0,0,0,0
2292953,Smith (Adam),Adam Smith,Defender,BOU,3,0,1,3,1
2292953,Stanislas,Junior Stanislas,Midfielder,BOU,0,0,0,1,0
2292953,Fredericks,Ryan Fredericks,Defender,BOU,4,0,0,1,0
2292953,Moore (Kieffer),Kieffer Moore,Forward,BOU,3,0,0,1,0
2292953,Lerma,Jefferson Lerma,Midfielder,BOU,2,1,0,10,1
2292953,Stacey,Jack Stacey,Defender,BOU,1,0,0,1,2
2292953,Solanke,Dominic Solanke,Forward,BOU,4,0,0,5,0
2292953,Cook (Lewis),Lewis Cook,Midfielder,BOU,2,2,2,10,3
2292953,Rothwell,Joe Rothwell,Midfielder,BOU,0,0,0,0,0
2292953,Billing,Philip Billing,Midfielder,BOU,2,0,1,4,1
2292953,Tavernier,Marcus Tavernier,Midfielder,BOU,1,0,0,9,2
2292953,Senesi,Marcos Senesi,Defender,BOU,4,3,3,2,1
2292953,Mepham,Chris Mepham,Defender,BOU,5,2,0,5,0
2292953,Travers,Mark Travers,Goalkeeper,BOU,0,0,0,7,0
2292953,Cooper,Liam Cooper,Defender,LEE,4,0,2,6,0
2292953,Ayling,Luke Ayling,Defender,LEE,0,0,0,0,0
2292953,Rodrigo,Rodrigo Moreno Machado,Midfielder,LEE,0,0,0,3,0
2292953,Koch,Robin Koch,Defender,LEE,2,0,1,6,1
2292953,Adams (Tyler),Tyler Adams,Midfielder,LEE,0,0,1,7,4
2292953,Harrison,Jack Harrison,Midfielder,LEE,0,0,0,3,1
2292953,Struijk,Pascal Struijk,Defender,LEE,2,2,1,7,1
2292953,Kristensen,Rasmus Kristensen,Defender,LEE,3,0,0,3,3
2292953,Roca,Marc Roca,Midfielder,LEE,0,0,0,5,1
2292953,Greenwood (Sam),Sam Greenwood,Forward,LEE,0,0,0,7,1
2292953,Aaronson,Brenden Aaronson,Midfielder,LEE,0,0,0,3,0
2292953,Meslier,Illan Meslier,Goalkeeper,LEE,2,0,0,7,0
2292953,Summerville,Crysencio Summerville,Midfielder,LEE,0,0,1,3,2
2292953,Gelhardt,Joe Gelhardt,Forward,LEE,0,0,0,0,1
2292953,Gnonto,Degnand Wilfried Gnonto,Forward,LEE,0,0,0,2,2
2292954,Willian,Willian Borges Da Silva,Midfielder,FUL,0,0,0,3,0
2292954,Cairney,Tom Cairney,Midfielder,FUL,0,0,0,1,0
2292954,Leno,Bernd Leno,Goalkeeper,FUL,1,0,0,10,0
2292954,Ream,Tim Ream,Defender,FUL,2,3,0,3,0
2292954,Mbabu,Kevin Mbabu,Defender,FUL,0,0,0,0,0
2292954,Reed,Harrison Reed,Midfielder,FUL,2,0,0,6,1
2292954,Wilson (Harry),Harry Wilson,Midfielder,FUL,0,0,1,5,1
2292954,João Palhinha,João Maria Lobo Alves Palhinha Gonçalves,Midfielder,FUL,2,0,1,1,3
2292954,Pereira,Andreas Pereira,Midfielder,FUL,0,1,0,7,0
2292954,Tete,Kenny Tete,Defender,FUL,3,0,3,0,3
2292954,Robinson (Antonee),Antonee Robinson,Defender,FUL,3,1,0,6,0
2292954,James (Daniel),Daniel James,Midfielder,FUL,0,0,0,1,0
2292954,Diop,Issa Diop,Defender,FUL,6,1,0,3,3
2292954,Carlos Vinicius,Carlos Vinicius Alves Morais,Forward,FUL,1,0,0,0,0
2292954,Harris,Luke Harris,Midfielder,FUL,0,0,0,0,0
2292954,Gundogan,Ilkay Gundogan,Midfielder,MCI,0,0,0,3,0
2292954,De Bruyne,Kevin De Bruyne,Midfielder,MCI,0,0,0,6,0
2292954,Stones,John Stones,Defender,MCI,2,0,1,6,0
2292954,Grealish,Jack Grealish,Midfielder,MCI,0,0,0,4,0
2292954,João Cancelo,João Pedro Cavaco Cancelo,Defender,MCI,0,0,0,2,0
2292954,Ederson,Ederson Santana de Moraes,Goalkeeper,MCI,0,0,0,3,0
2292954,Aké,Nathan Aké,Defender,MCI,0,0,2,3,0
2292954,Bernardo Silva,Bernardo Mota Veiga de Carvalho e Silva,Midfielder,MCI,0,0,0,5,0
2292954,Rúben Dias,Rúben Santos Gato Alves Dias,Defender,MCI,0,0,0,0,0
2292954,Foden,Phil Foden,Midfielder,MCI,1,0,0,2,0
2292954,Akanji,Manuel Akanji,Defender,MCI,1,0,0,7,0
2292954,Rodri,Rodrigo Hernández Cascante,Midfielder,MCI,0,1,2,12,1
2292954,Haaland,Erling Haaland,Forward,MCI,0,0,0,0,0
2292954,Álvarez,Julián Álvarez,Forward,MCI,0,0,0,1,1
2292955,Zanka,Mathias Jorgensen,Defender,BRE,1,0,0,1,0
2292955,Mee,Ben Mee,Defender,BRE,4,1,0,5,0
2292955,Raya Martin,David Raya Martin,Goalkeeper,BRE,2,0,0,7,0
2292955,Canos,Sergi Canos,Midfielder,BRE,1,1,0,1,0
2292955,Dasilva,Pelenda Joshua Dasilva,Midfielder,BRE,0,0,0,2,0
2292955,Henry,Rico Henry,Defender,BRE,2,0,2,5,0
2292955,Janelt,Vitaly Janelt,Midfielder,BRE,1,0,0,4,1
2292955,Ghoddos,Saman Ghoddos,Midfielder,BRE,0,0,0,0,0
2292955,Jensen,Mathias Jensen,Midfielder,BRE,0,0,0,2,1
2292955,Wissa,Yoane Wissa,Forward,BRE,1,0,0,2,1
2292955,Roerslev,Mads Roerslev,Defender,BRE,4,0,0,3,1
2292955,Pinnock,Ethan Pinnock,Defender,BRE,9,1,2,3,1
2292955,Lewis-Potter,Keane Lewis-Potter,Midfielder,BRE,0,0,0,4,0
2292955,Onyeka,Frank Onyeka,Midfielder,BRE,2,0,0,7,1
2292955,Damsgaard,Mikkel Damsgaard,Midfielder,BRE,1,0,0,3,2
2292955,Mbeumo,Bryan Mbeumo,Midfielder,BRE,1,0,0,7,1
2292955,Kouyaté,Cheikhou Kouyaté,Midfielder,NFO,3,0,0,2,0
2292955,Cook (Steve),Steve Cook,Defender,NFO,2,1,0,8,0
2292955,Aurier,Serge Aurier,Defender,NFO,2,0,1,8,0
2292955,Freuler,Remo Freuler,Midfielder,NFO,1,0,1,4,0
2292955,Lingard,Jesse Lingard,Midfielder,NFO,0,0,0,0,0
2292955,McKenna,Scott McKenna,Defender,NFO,6,0,1,3,1
2292955,Henderson (Dean),Dean Henderson,Goalkeeper,NFO,0,0,0,5,0
2292955,Yates,Ryan Yates,Midfielder,NFO,2,0,0,7,3
2292955,Awoniyi,Taiwo Awoniyi,Forward,NFO,0,0,0,0,0
2292955,Williams (Neco),Neco Williams,Defender,NFO,0,0,2,6,5
2292955,Surridge,Sam Surridge,Forward,NFO,0,0,0,0,0
2292955,Gibbs-White,Morgan Gibbs-White,Midfielder,NFO,0,0,0,3,0
2292955,Dennis (Emmanuel),Emmanuel Bonaventure Dennis,Forward,NFO,1,0,0,5,1
2292955,Johnson (Brennan),Brennan Johnson,Midfielder,NFO,0,0,0,6,1
2292955,O'Brien (Lewis),Lewis O'Brien,Midfielder,NFO,0,0,0,1,0
2292956,Shelvey (Jonjo),Jonjo Shelvey,Midfielder,NEW,0,0,0,2,0
2292956,Wood,Chris Wood,Forward,NEW,1,1,0,4,1
2292956,Wilson (Callum),Callum Wilson,Forward,NEW,2,0,0,1,0
2292956,Trippier,Kieran Trippier,Defender,NEW,3,0,1,6,2
2292956,Burn,Dan Burn,Defender,NEW,7,1,0,4,0
2292956,Pope,Nick Pope,Goalkeeper,NEW,0,0,0,14,0
2292956,Manquillo,Javier Manquillo,Defender,NEW,0,0,0,1,0
2292956,Murphy (Jacob),Jacob Murphy,Midfielder,NEW,0,0,0,3,0
2292956,Schär,Fabian Schär,Defender,NEW,6,1,0,5,0
2292956,Saint-Maximin,Allan Saint-Maximin,Midfielder,NEW,0,0,0,2,0
2292956,Almirón,Miguel Almirón,Midfielder,NEW,0,0,0,5,0
2292956,Longstaff (Sean),Sean Longstaff,Midfielder,NEW,0,0,1,2,1
2292956,Willock,Joseph Willock,Midfielder,NEW,1,0,0,6,2
2292956,Bruno Guimarães,Bruno Guimarães Rodriguez Moura,Midfielder,NEW,0,1,1,10,2
2292956,Anderson (Elliot),Elliot Anderson,Midfielder,NEW,0,0,0,0,0
2292956,Botman,Sven Botman,Defender,NEW,4,1,1,6,1
2292956,Walcott,Theo Walcott,Midfielder,SOU,0,0,0,2,0
2292956,Armstrong (Stuart),Stuart Armstrong,Midfielder,SOU,1,0,0,6,1
2292956,Elyounoussi,Mohammed Elyounoussi,Midfielder,SOU,0,0,2,10,1
2292956,Ward-Prowse,James Ward-Prowse,Midfielder,SOU,1,0,1,5,1
2292956,Maitland-Niles,Ainsley Maitland-Niles,Midfielder,SOU,1,0,1,2,2
2292956,Armstrong (Adam),Adam Armstrong,Forward,SOU,0,0,1,1,0
2292956,Caleta-Car,Duje Caleta-Car,Defender,SOU,0,0,1,1,0
2292956,Aribo,Joe Aribo,Midfielder,SOU,0,0,0,1,0
2292956,Adams (Che),Che Adams,Forward,SOU,1,0,0,0,0
2292956,Perraud,Romain Perraud,Defender,SOU,0,0,1,3,2
2292956,Salisu,Mohammed Salisu,Defender,SOU,4,0,1,9,1
2292956,Bazunu,Gavin Bazunu,Goalkeeper,SOU,1,0,0,7,0
2292956,Bella Kotchap,Armel Bella Kotchap,Defender,SOU,7,1,3,11,1
2292956,Edozie,Samuel Edozie,Midfielder,SOU,0,0,1,0,1
2292956,Lavia,Romeo Lavia,Midfielder,SOU,0,0,1,7,1
2292956,Juan Larios,Juan Larios López,Defender,SOU,1,0,0,4,4
2292957,Henderson (Jordan),Jordan Henderson,Midfielder,LIV,0,0,0,1,0
2292957,Thiago Alcántara,Thiago Alcántara do Nascimento,Midfielder,LIV,2,0,0,7,2
2292957,Oxlade-Chamberlain,Alex Oxlade-Chamberlain,Midfielder,LIV,0,0,0,0,0
2292957,Firmino,Roberto Firmino Barbosa de Oliveira,Forward,LIV,0,0,2,2,0
2292957,van Dijk,Virgil van Dijk,Defender,LIV,4,0,0,5,0
2292957,Alisson,Alisson Ramses Becker,Goalkeeper,LIV,2,0,0,13,0
2292957,Fabinho,Fabio Henrique Tavares,Midfielder,LIV,2,1,2,10,1
2292957,Salah,Mohamed Salah,Midfielder,LIV,1,0,0,3,0
2292957,Robertson (Andrew),Andrew Robertson,Defender,LIV,3,0,2,3,0
2292957,Alexander-Arnold,Trent Alexander-Arnold,Defender,LIV,3,1,1,7,0
2292957,Gomez,Joseph Gomez,Defender,LIV,1,0,0,0,0
2292957,Konaté,Ibrahima Konaté,Defender,LIV,9,0,2,11,2
2292957,Jones (Curtis),Curtis Jones,Midfielder,LIV,1,0,0,0,0
2292957,Elliott (Harvey),Harvey Elliott,Midfielder,LIV,1,1,0,4,1
2292957,Núñez,Darwin Núñez,Forward,LIV,2,0,2,6,1
2292957,Lloris,Hugo Lloris,Goalkeeper,TOT,0,0,0,5,0
2292957,Perisic,Ivan Perisic,Defender,TOT,0,0,0,7,2
2292957,Kane,Harry Kane,Forward,TOT,0,1,0,4,0
2292957,Doherty,Matt Doherty,Defender,TOT,0,0,2,1,0
2292957,Dier,Eric Dier,Defender,TOT,3,1,3,5,2
2292957,Lucas Moura,Lucas Rodrigues Moura da Silva,Midfielder,TOT,0,0,0,0,1
2292957,Davies (Ben),Ben Davies,Defender,TOT,2,0,2,8,0
2292957,Højbjerg,Pierre-Emile Højbjerg,Midfielder,TOT,2,0,3,12,0
2292957,Lenglet,Clément Lenglet,Defender,TOT,2,0,0,6,1
2292957,Sessegnon (Ryan),Kouassi Ryan Sessegnon,Defender,TOT,1,0,0,3,0
2292957,Bentancur,Rodrigo Bentancur,Midfielder,TOT,0,0,1,9,1
2292957,Bissouma,Yves Bissouma,Midfielder,TOT,1,1,1,5,2
2292957,Emerson Royal,Emerson Aparecido Leite de Souza Junior,Defender,TOT,1,1,1,4,2
2292957,Kulusevski,Dejan Kulusevski,Midfielder,TOT,0,0,0,2,0
2292958,Guaita,Vicente Guaita,Goalkeeper,CRY,0,0,0,11,0
2292958,Clyne,Nathaniel Clyne,Defender,CRY,1,0,0,7,1
2292958,Milivojevic,Luka Milivojevic,Midfielder,CRY,1,0,1,2,0
2292958,Ayew (Jordan),Jordan Ayew,Midfielder,CRY,0,0,1,6,2
2292958,Zaha,Wilfried Zaha,Midfielder,CRY,0,0,0,2,0
2292958,Schlupp,Jeffrey Schlupp,Midfielder,CRY,1,0,1,7,3
2292958,Andersen,Joachim Andersen,Defender,CRY,2,0,0,5,0
2292958,Marc Guehi,Addji Keaninkin Marc-Israel Guehi,Defender,CRY,2,0,1,3,1
2292958,Eze,Eberechi Eze,Midfielder,CRY,0,0,0,8,0
2292958,Mitchell,Tyrick Mitchell,Defender,CRY,2,0,0,7,1
2292958,Doucoure,Cheick Oumar Doucoure,Midfielder,CRY,0,0,0,5,1
2292958,Olise,Michael Olise,Midfielder,CRY,0,0,0,4,0
2292958,Fabianski,Lukasz Fabianski,Goalkeeper,WHU,2,0,0,15,0
2292958,Cresswell (Aaron),Aaron Cresswell,Defender,WHU,2,0,1,5,0
2292958,Antonio,Michail Antonio,Forward,WHU,0,0,0,0,0
2292958,Dawson,Craig Dawson,Defender,WHU,5,2,2,8,2
2292958,Lanzini,Manuel Lanzini,Midfielder,WHU,0,0,0,2,0
2292958,Zouma,Kurt Zouma,Defender,WHU,3,0,0,7,0
2292958,Benrahma,Said Benrahma,Midfielder,WHU,0,0,0,6,1
2292958,Bowen,Jarrod Bowen,Midfielder,WHU,0,0,0,2,0
2292958,Scamacca,Gianluca Scamacca,Forward,WHU,0,0,0,1,1
2292958,Kehrer,Thilo Kehrer,Defender,WHU,0,1,1,5,0
2292958,Rice,Declan Rice,Midfielder,WHU,0,1,1,8,0
2292958,Soucek,Tomas Soucek,Midfielder,WHU,2,1,4,3,0
2292958,Fornals,Pablo Fornals,Midfielder,WHU,0,0,0,0,0
2292958,Downes,Flynn Downes,Midfielder,WHU,0,0,0,2,0
2292958,Lucas Paquetá,Lucas Tolentino Coelho de Lima,Midfielder,WHU,0,2,0,5,5
2292959,Lallana,Adam Lallana,Midfielder,BHA,0,0,0,0,0
2292959,Welbeck,Danny Welbeck,Forward,BHA,0,0,0,0,1
2292959,Groß,Pascal Groß,Midfielder,BHA,0,0,0,4,2
2292959,Dunk,Lewis Dunk,Defender,BHA,5,1,1,7,0
2292959,March,Solomon March,Midfielder,BHA,2,0,0,3,1
2292959,Webster (Adam),Adam Webster,Defender,BHA,3,0,0,7,0
2292959,Veltman,Joël Veltman,Defender,BHA,0,0,0,0,0
2292959,Trossard,Leandro Trossard,Midfielder,BHA,0,0,0,4,0
2292959,Estupiñán,Pervis Estupiñán,Defender,BHA,1,0,2,4,0
2292959,Sanchez,Robert Sanchez,Goalkeeper,BHA,0,0,1,11,0
2292959,Mac Allister,Alexis Mac Allister,Midfielder,BHA,0,0,0,4,2
2292959,Gilmour,Billy Gilmour,Midfielder,BHA,0,0,0,0,0
2292959,Undav,Deniz Undav,Forward,BHA,0,0,0,0,0
2292959,Mitoma,Kaoru Mitoma,Midfielder,BHA,0,0,0,5,2
2292959,Moises Caicedo,Moises Caicedo,Midfielder,BHA,1,0,1,6,3
2292959,Moutinho,João Moutinho,Midfielder,WOL,0,0,1,4,0
2292959,Jonny,Jonathan Castro Otto,Defender,WOL,0,0,0,3,0
2292959,José Sá,José Pedro Malheiro de Sá,Goalkeeper,WOL,0,0,0,10,0
2292959,Traoré (Adama),Adama Traoré,Midfielder,WOL,0,1,0,1,0
2292959,Ruben Neves,Rúben Diogo da Silva Neves,Midfielder,WOL,3,0,0,3,1
2292959,Gonçalo Guedes,Gonçalo Manuel Ganchinho Guedes,Midfielder,WOL,0,0,0,4,0
2292959,Hwang Hee-Chan,Hee-Chan Hwang,Midfielder,WOL,0,0,0,0,1
2292959,Ronan,Connor Ronan,Midfielder,WOL,0,0,0,0,0
2292959,Semedo,Nelson Semedo,Defender,WOL,2,0,0,2,1
2292959,Podence,Daniel Podence,Midfielder,WOL,0,0,1,0,0
2292959,Kilman,Max Kilman,Defender,WOL,4,0,2,6,1
2292959,Collins,Nathan Collins,Defender,WOL,6,3,1,5,1
2292959,Ait Nouri,Rayan Ait Nouri,Defender,WOL,0,0,0,1,0
2292959,Traoré (Boubacar),Boubacar Traoré,Midfielder,WOL,0,0,2,1,0
2292959,Bueno (Hugo),Hugo Bueno,Defender,WOL,3,0,0,5,2
2292960,Smith (Adam),Adam Smith,Defender,BOU,2,1,0,5,4
2292960,Stephens,Jack Stephens,Defender,BOU,2,2,0,2,1
2292960,Moore (Kieffer),Kieffer Moore,Forward,BOU,1,0,0,1,0
2292960,Lerma,Jefferson Lerma,Midfielder,BOU,2,0,0,9,1
2292960,Solanke,Dominic Solanke,Forward,BOU,1,0,0,4,0
2292960,Cook (Lewis),Lewis Cook,Midfielder,BOU,0,1,1,6,0
2292960,Pearson,Ben Pearson,Midfielder,BOU,0,0,0,1,0
2292960,Christie,Ryan Christie,Midfielder,BOU,1,0,0,2,0
2292960,Billing,Philip Billing,Midfielder,BOU,2,1,0,3,1
2292960,Tavernier,Marcus Tavernier,Midfielder,BOU,2,0,0,6,0
2292960,Senesi,Marcos Senesi,Defender,BOU,5,1,0,7,2
2292960,Travers,Mark Travers,Goalkeeper,BOU,1,0,0,6,0
2292960,Anthony,Jaidon Anthony,Midfielder,BOU,2,0,0,0,0
2292960,Zemura,Jordan Zemura,Defender,BOU,1,0,0,5,1
2292960,Tarkowski,James Tarkowski,Defender,EVE,1,3,0,3,2
2292960,Coleman,Seamus Coleman,Defender,EVE,0,0,1,5,2
2292960,Gueye,Idrissa Gueye,Midfielder,EVE,1,0,1,13,5
2292960,Coady,Conor Coady,Defender,EVE,2,0,1,4,0
2292960,Pickford,Jordan Pickford,Goalkeeper,EVE,0,0,0,8,0
2292960,Maupay,Neal Maupay,Forward,EVE,0,0,0,1,0
2292960,Doucouré,Abdoulaye Doucouré,Midfielder,EVE,0,0,0,0,1
2292960,Iwobi,Alex Iwobi,Midfielder,EVE,0,0,0,4,2
2292960,Gray (Demarai),Demarai Gray,Midfielder,EVE,1,0,1,4,1
2292960,Mykolenko,Vitaliy Mykolenko,Defender,EVE,0,0,1,3,0
2292960,Gordon (Anthony),Anthony Gordon,Midfielder,EVE,0,0,0,1,0
2292960,Patterson (Nathan),Nathan Patterson,Defender,EVE,1,0,1,4,1
2292960,McNeil,Dwight McNeil,Midfielder,EVE,0,0,1,3,1
2292960,Mvom Onana,Amadou Mvom Onana,Midfielder,EVE,0,0,0,7,1
2292960,Cannon,Thomas Cannon,Forward,EVE,0,0,0,0,0
2292961,Young (Ashley),Ashley Young,Defender,AVL,0,0,1,4,1
2292961,Ings,Danny Ings,Forward,AVL,2,0,0,2,3
2292961,Martinez,Emiliano Martinez,Goalkeeper,AVL,2,0,0,5,0
2292961,Digne,Lucas Digne,Defender,AVL,2,0,2,8,0
2292961,McGinn,John McGinn,Midfielder,AVL,1,0,0,9,2
2292961,Mings,Tyrone Mings,Defender,AVL,11,1,1,3,0
2292961,Dendoncker (Leander),Leander Dendoncker,Midfielder,AVL,1,1,0,0,0
2292961,Augustinsson,Ludwig Augustinsson,Defender,AVL,0,0,0,2,0
2292961,Buendía,Emiliano Buendía,Midfielder,AVL,0,0,2,3,0
2292961,Cash,Matthew Cash,Defender,AVL,3,1,1,6,1
2292961,Konsa Ngoyo,Ezri Konsa Ngoyo,Defender,AVL,6,1,1,3,0
2292961,Bailey,Leon Bailey,Midfielder,AVL,0,0,0,2,0
2292961,Kamara,Boubacar Kamara,Midfielder,AVL,5,0,0,5,1
2292961,Douglas Luiz,Douglas Luiz Soares de Paulo,Midfielder,AVL,0,0,1,4,4
2292961,Ramsey (Jacob),Jacob Ramsey,Midfielder,AVL,1,0,0,1,0
2292961,Archer,Cameron Archer,Forward,AVL,0,0,0,0,0
2292961,Lallana,Adam Lallana,Midfielder,BHA,0,0,0,0,0
2292961,Welbeck,Danny Welbeck,Forward,BHA,1,1,0,0,0
2292961,Groß,Pascal Groß,Midfielder,BHA,0,0,1,2,0
2292961,Dunk,Lewis Dunk,Defender,BHA,1,1,2,10,0
2292961,March,Solomon March,Midfielder,BHA,0,0,1,2,1
2292961,Veltman,Joël Veltman,Defender,BHA,0,0,0,0,0
2292961,Trossard,Leandro Trossard,Midfielder,BHA,0,0,0,4,1
2292961,Estupiñán,Pervis Estupiñán,Defender,BHA,2,0,3,8,0
2292961,Sanchez,Robert Sanchez,Goalkeeper,BHA,1,0,0,4,0
2292961,Lamptey,Tariq Lamptey,Defender,BHA,0,0,1,2,0
2292961,Mac Allister,Alexis Mac Allister,Midfielder,BHA,0,0,2,10,2
2292961,Undav,Deniz Undav,Forward,BHA,0,0,0,0,0
2292961,Colwill,Levi Colwill,Defender,BHA,2,1,3,8,1
2292961,Enciso,Julio Enciso,Midfielder,BHA,0,0,0,1,0
2292961,Moises Caicedo,Moises Caicedo,Midfielder,BHA,0,0,2,5,1
2292962,Willian,Willian Borges Da Silva,Midfielder,FUL,0,0,1,3,0
2292962,Cairney,Tom Cairney,Midfielder,FUL,0,1,0,3,0
2292962,Leno,Bernd Leno,Goalkeeper,FUL,1,0,0,15,0
2292962,Ream,Tim Ream,Defender,FUL,4,0,2,4,0
2292962,DeCordova-Reid,Bobby DeCordova-Reid,Midfielder,FUL,0,0,0,8,1
2292962,Wilson (Harry),Harry Wilson,Midfielder,FUL,0,0,0,2,0
2292962,João Palhinha,João Maria Lobo Alves Palhinha Gonçalves,Midfielder,FUL,1,0,2,6,4
2292962,Pereira,Andreas Pereira,Midfielder,FUL,0,0,1,5,0
2292962,Onomah,Josh Onomah,Midfielder,FUL,0,0,0,0,0
2292962,Robinson (Antonee),Antonee Robinson,Defender,FUL,1,0,0,7,1
2292962,James (Daniel),Daniel James,Midfielder,FUL,0,0,0,3,0
2292962,Diop,Issa Diop,Defender,FUL,2,1,1,4,2
2292962,Carlos Vinicius,Carlos Vinicius Alves Morais,Forward,FUL,2,0,0,1,0
2292962,De Gea,David De Gea,Goalkeeper,MUN,1,0,0,7,0
2292962,Casemiro,Carlos Henrique Jose Francisco Venancio,Midfielder,MUN,6,0,2,5,3
2292962,Eriksen,Christian Eriksen,Midfielder,MUN,1,0,1,6,1
2292962,Shaw,Luke Shaw,Defender,MUN,2,0,1,8,1
2292962,Bruno Fernandes,Bruno Miguel Borges Fernandes,Midfielder,MUN,1,0,1,4,0
2292962,Martial,Anthony Martial,Forward,MUN,1,0,0,0,0
2292962,Rashford,Marcus Rashford,Midfielder,MUN,0,1,0,6,0
2292962,Lindelof,Victor Nilsson-Lindelof,Defender,MUN,11,1,1,11,1
2292962,McTominay,Scott McTominay,Midfielder,MUN,1,0,0,0,0
2292962,Martínez,Lisandro Martínez,Defender,MUN,8,0,2,9,0
2292962,Malacia,Tyrell Malacia,Defender,MUN,4,0,0,5,1
2292962,Elanga,Anthony Elanga,Midfielder,MUN,1,0,0,3,0
2292962,Garnacho,Alejandro Garnacho Ferreyra,Midfielder,MUN,0,0,0,0,0
2292963,Milner,James Milner,Midfielder,LIV,0,0,1,2,1
2292963,Thiago Alcántara,Thiago Alcántara do Nascimento,Midfielder,LIV,0,0,0,9,1
2292963,Oxlade-Chamberlain,Alex Oxlade-Chamberlain,Midfielder,LIV,0,0,0,1,0
2292963,Firmino,Roberto Firmino Barbosa de Oliveira,Forward,LIV,0,0,0,3,0
2292963,van Dijk,Virgil van Dijk,Defender,LIV,6,0,1,3,0
2292963,Alisson,Alisson Ramses Becker,Goalkeeper,LIV,1,0,0,8,0
2292963,Fabinho,Fabio Henrique Tavares,Midfielder,LIV,0,0,0,5,0
2292963,Salah,Mohamed Salah,Midfielder,LIV,0,0,0,1,1
2292963,Robertson (Andrew),Andrew Robertson,Defender,LIV,1,0,0,4,0
2292963,Alexander-Arnold,Trent Alexander-Arnold,Defender,LIV,2,1,2,6,1
2292963,Gomez,Joseph Gomez,Defender,LIV,4,0,1,8,1
2292963,Phillips (Nathaniel),Nathaniel Phillips,Defender,LIV,0,0,0,0,0
2292963,Tsimikas,Konstantinos Tsimikas,Defender,LIV,0,0,0,0,0
2292963,Carvalho,Fabio Carvalho,Midfielder,LIV,0,0,1,1,0
2292963,Elliott (Harvey),Harvey Elliott,Midfielder,LIV,0,0,1,5,0
2292963,Núñez,Darwin Núñez,Forward,LIV,0,0,0,3,0
2292963,Walcott,Theo Walcott,Midfielder,SOU,0,0,1,0,0
2292963,Armstrong (Stuart),Stuart Armstrong,Midfielder,SOU,0,0,1,1,0
2292963,Elyounoussi,Mohammed Elyounoussi,Midfielder,SOU,2,0,0,4,0
2292963,Ward-Prowse,James Ward-Prowse,Midfielder,SOU,2,0,1,10,0
2292963,Maitland-Niles,Ainsley Maitland-Niles,Midfielder,SOU,0,0,0,2,1
2292963,Armstrong (Adam),Adam Armstrong,Forward,SOU,0,0,0,1,0
2292963,Caleta-Car,Duje Caleta-Car,Defender,SOU,1,0,1,3,0
2292963,Aribo,Joe Aribo,Midfielder,SOU,0,0,0,2,0
2292963,Adams (Che),Che Adams,Forward,SOU,0,0,2,4,0
2292963,Lyanco,Lyanco Evangelista Silveira Neves Vojnovic,Defender,SOU,0,1,0,3,0
2292963,Perraud,Romain Perraud,Defender,SOU,1,0,1,7,1
2292963,Salisu,Mohammed Salisu,Defender,SOU,5,1,0,4,3
2292963,Bazunu,Gavin Bazunu,Goalkeeper,SOU,0,0,0,13,0
2292963,Bella Kotchap,Armel Bella Kotchap,Defender,SOU,6,0,2,1,1
2292963,Edozie,Samuel Edozie,Midfielder,SOU,1,0,0,1,1
2292963,Lavia,Romeo Lavia,Midfielder,SOU,0,0,1,6,1
2292964,Zanka,Mathias Jorgensen,Defender,BRE,10,6,3,3,0
2292964,Mee,Ben Mee,Defender,BRE,4,3,0,2,0
2292964,Norgaard,Christian Norgaard,Midfielder,BRE,2,0,2,0,0
2292964,Toney,Ivan Toney,Forward,BRE,2,0,0,4,0
2292964,Raya Martin,David Raya Martin,Goalkeeper,BRE,0,0,0,13,0
2292964,Dasilva,Pelenda Joshua Dasilva,Midfielder,BRE,0,0,0,1,0
2292964,Henry,Rico Henry,Defender,BRE,6,1,1,8,1
2292964,Janelt,Vitaly Janelt,Midfielder,BRE,1,1,1,3,1
2292964,Jensen,Mathias Jensen,Midfielder,BRE,1,0,1,4,0
2292964,Wissa,Yoane Wissa,Forward,BRE,0,0,1,2,0
2292964,Roerslev,Mads Roerslev,Defender,BRE,3,1,0,4,0
2292964,Pinnock,Ethan Pinnock,Defender,BRE,16,1,0,3,0
2292964,Onyeka,Frank Onyeka,Midfielder,BRE,0,1,0,3,1
2292964,Mbeumo,Bryan Mbeumo,Midfielder,BRE,1,0,0,3,0
2292964,Gundogan,Ilkay Gundogan,Midfielder,MCI,0,0,1,5,0
2292964,De Bruyne,Kevin De Bruyne,Midfielder,MCI,0,1,0,3,1
2292964,Stones,John Stones,Defender,MCI,1,0,1,2,1
2292964,João Cancelo,João Pedro Cavaco Cancelo,Defender,MCI,0,0,0,4,0
2292964,Ederson,Ederson Santana de Moraes,Goalkeeper,MCI,1,0,0,10,0
2292964,Laporte,Aymeric Laporte,Defender,MCI,7,1,1,2,0
2292964,Bernardo Silva,Bernardo Mota Veiga de Carvalho e Silva,Midfielder,MCI,0,0,0,9,2
2292964,Foden,Phil Foden,Midfielder,MCI,1,0,0,5,0
2292964,Akanji,Manuel Akanji,Defender,MCI,2,0,0,6,0
2292964,Rodri,Rodrigo Hernández Cascante,Midfielder,MCI,0,0,0,9,3
2292964,Haaland,Erling Haaland,Forward,MCI,0,0,0,0,0
2292964,Álvarez,Julián Álvarez,Forward,MCI,0,0,0,1,0
2292965,Azpilicueta,César Azpilicueta,Defender,CHE,3,0,1,0,0
2292965,Thiago Silva,Thiago Emiliano da Silva,Defender,CHE,6,1,2,8,0
2292965,Jorginho,Jorge Luiz Frello Filho,Midfielder,CHE,0,0,1,4,2
2292965,Koulibaly,Kalidou Koulibaly,Defender,CHE,3,0,0,6,1
2292965,Kovacic,Mateo Kovacic,Midfielder,CHE,1,1,3,8,1
2292965,Ziyech,Hakim Ziyech,Midfielder,CHE,1,0,0,0,2
2292965,Loftus-Cheek,Ruben Loftus-Cheek,Midfielder,CHE,0,0,0,0,0
2292965,Pulisic,Christian Pulisic,Midfielder,CHE,0,0,0,3,0
2292965,Cucurella,Marc Cucurella,Defender,CHE,0,0,1,1,1
2292965,Chalobah (Trevoh),Trevoh Chalobah,Defender,CHE,2,0,1,5,3
2292965,Mount,Mason Mount,Midfielder,CHE,1,0,0,2,2
2292965,Havertz,Kai Havertz,Midfielder,CHE,0,0,0,1,1
2292965,Mendy (Edouard),Edouard Mendy,Goalkeeper,CHE,1,0,0,11,0
2292965,Gallagher,Conor Gallagher,Midfielder,CHE,1,1,1,6,2
2292965,Broja,Armando Broja,Forward,CHE,0,1,0,4,0
2292965,Lewis Hall,Lewis Hall,Defender,CHE,1,0,3,3,0
2292965,Wood,Chris Wood,Forward,NEW,0,0,0,3,1
2292965,Wilson (Callum),Callum Wilson,Forward,NEW,0,0,0,0,0
2292965,Trippier,Kieran Trippier,Defender,NEW,1,0,1,8,4
2292965,Burn,Dan Burn,Defender,NEW,3,0,2,3,1
2292965,Pope,Nick Pope,Goalkeeper,NEW,2,0,0,5,0
2292965,Murphy (Jacob),Jacob Murphy,Midfielder,NEW,0,0,0,0,0
2292965,Schär,Fabian Schär,Defender,NEW,4,1,1,7,1
2292965,Targett,Matt Targett,Defender,NEW,0,0,0,0,0
2292965,Almirón,Miguel Almirón,Midfielder,NEW,0,0,0,5,1
2292965,Longstaff (Sean),Sean Longstaff,Midfielder,NEW,0,0,0,2,1
2292965,Joelinton,Joelinton Cássio Apolinário de Lira,Midfielder,NEW,0,0,2,6,3
2292965,Willock,Joseph Willock,Midfielder,NEW,0,0,1,6,2
2292965,Bruno Guimarães,Bruno Guimarães Rodriguez Moura,Midfielder,NEW,1,0,1,11,1
2292965,Botman,Sven Botman,Defender,NEW,2,0,2,1,0
2292966,Guaita,Vicente Guaita,Goalkeeper,CRY,1,0,0,5,0
2292966,Ward (Joel),Joel Ward,Defender,CRY,0,0,0,0,0
2292966,Clyne,Nathaniel Clyne,Defender,CRY,1,0,1,3,0
2292966,Ayew (Jordan),Jordan Ayew,Midfielder,CRY,0,0,0,4,3
2292966,Zaha,Wilfried Zaha,Midfielder,CRY,0,0,0,1,0
2292966,Schlupp,Jeffrey Schlupp,Midfielder,CRY,0,0,2,4,1
2292966,Hughes (Will),Will Hughes,Midfielder,CRY,0,0,0,2,0
2292966,Andersen,Joachim Andersen,Defender,CRY,5,0,2,8,0
2292966,Edouard,Odsonne Edouard,Forward,CRY,0,0,0,0,0
2292966,Marc Guehi,Addji Keaninkin Marc-Israel Guehi,Defender,CRY,1,0,4,5,0
2292966,Mateta,Jean-Philippe Mateta,Forward,CRY,0,0,0,0,0
2292966,Eze,Eberechi Eze,Midfielder,CRY,0,0,0,4,1
2292966,Mitchell,Tyrick Mitchell,Defender,CRY,3,1,0,4,0
2292966,Doucoure,Cheick Oumar Doucoure,Midfielder,CRY,1,0,1,5,1
2292966,Olise,Michael Olise,Midfielder,CRY,0,0,0,5,0
2292966,Ebiowei,Malcolm Ebiowei,Midfielder,CRY,0,0,0,0,0
2292966,Kouyaté,Cheikhou Kouyaté,Midfielder,NFO,0,0,0,4,4
2292966,Colback,Jack Colback,Midfielder,NFO,1,0,0,1,1
2292966,Aurier,Serge Aurier,Defender,NFO,5,0,2,8,0
2292966,Freuler,Remo Freuler,Midfielder,NFO,2,0,1,5,2
2292966,Boly,Willy Boly,Defender,NFO,5,0,1,2,0
2292966,Lingard,Jesse Lingard,Midfielder,NFO,0,0,0,3,0
2292966,Henderson (Dean),Dean Henderson,Goalkeeper,NFO,1,0,0,4,0
2292966,Yates,Ryan Yates,Midfielder,NFO,3,0,1,9,1
2292966,Worrall,Joe Worrall,Defender,NFO,7,0,4,6,0
2292966,Williams (Neco),Neco Williams,Defender,NFO,1,0,0,0,0
2292966,Surridge,Sam Surridge,Forward,NFO,0,1,0,0,1
2292966,Gibbs-White,Morgan Gibbs-White,Midfielder,NFO,0,0,0,5,1
2292966,Renan Lodi,Renan Augusto Lodi dos Santos,Defender,NFO,1,0,1,8,1
2292966,Johnson (Brennan),Brennan Johnson,Midfielder,NFO,0,0,0,3,2
2292966,O'Brien (Lewis),Lewis O'Brien,Midfielder,NFO,0,0,0,0,0
2292967,Cooper,Liam Cooper,Defender,LEE,4,0,2,10,1
2292967,Ayling,Luke Ayling,Defender,LEE,1,0,0,0,0
2292967,Rodrigo,Rodrigo Moreno Machado,Midfielder,LEE,2,1,0,1,1
2292967,Koch,Robin Koch,Defender,LEE,4,1,3,6,0
2292967,Adams (Tyler),Tyler Adams,Midfielder,LEE,2,0,0,10,2
2292967,Struijk,Pascal Struijk,Defender,LEE,2,0,0,5,3
2292967,Kristensen,Rasmus Kristensen,Defender,LEE,2,1,0,4,0
2292967,Roca,Marc Roca,Midfielder,LEE,0,0,0,7,0
2292967,Greenwood (Sam),Sam Greenwood,Forward,LEE,0,1,0,1,0
2292967,Aaronson,Brenden Aaronson,Midfielder,LEE,1,0,0,5,0
2292967,Meslier,Illan Meslier,Goalkeeper,LEE,3,0,0,7,0
2292967,Summerville,Crysencio Summerville,Midfielder,LEE,0,0,1,5,3
2292967,Gelhardt,Joe Gelhardt,Forward,LEE,0,0,0,0,0
2292967,Gnonto,Degnand Wilfried Gnonto,Forward,LEE,0,0,0,3,0
2292967,Mateo Joseph,Mateo Joseph Fernández,Forward,LEE,1,0,0,0,0
2292967,Lloris,Hugo Lloris,Goalkeeper,TOT,2,0,0,6,0
2292967,Perisic,Ivan Perisic,Defender,TOT,1,0,2,5,2
2292967,Kane,Harry Kane,Forward,TOT,0,0,1,2,0
2292967,Doherty,Matt Doherty,Defender,TOT,1,1,0,1,0
2292967,Dier,Eric Dier,Defender,TOT,2,0,1,3,1
2292967,Lucas Moura,Lucas Rodrigues Moura da Silva,Midfielder,TOT,0,0,0,0,0
2292967,Davies (Ben),Ben Davies,Defender,TOT,0,0,2,7,2
2292967,Højbjerg,Pierre-Emile Højbjerg,Midfielder,TOT,1,0,1,6,0
2292967,Lenglet,Clément Lenglet,Defender,TOT,0,0,0,1,1
2292967,Sánchez,Davinson Sánchez,Defender,TOT,0,2,1,0,0
2292967,Bentancur,Rodrigo Bentancur,Midfielder,TOT,1,0,2,12,1
2292967,Richarlison,Richarlison de Andrade,Midfielder,TOT,1,0,1,3,0
2292967,Bissouma,Yves Bissouma,Midfielder,TOT,0,0,0,1,0
2292967,Emerson Royal,Emerson Aparecido Leite de Souza Junior,Defender,TOT,0,1,1,4,1
2292967,Kulusevski,Dejan Kulusevski,Midfielder,TOT,0,0,0,5,0
2292968,Mendy (Nampalys),Nampalys Mendy,Midfielder,LEI,0,0,3,2,0
2292968,Ward (Danny),Danny Ward,Goalkeeper,LEI,2,0,0,12,0
2292968,Vardy,Jamie Vardy,Forward,LEI,2,0,0,1,0
2292968,Praet,Dennis Praet,Midfielder,LEI,0,0,0,5,1
2292968,Amartey,Daniel Amartey,Defender,LEI,5,1,2,6,0
2292968,Castagne,Timothy Castagne,Defender,LEI,5,0,2,8,1
2292968,Tielemans,Youri Tielemans,Midfielder,LEI,0,0,1,3,1
2292968,Ayoze Pérez,Ayoze Pérez Gutiérrez,Midfielder,LEI,0,0,0,3,1
2292968,Maddison,James Maddison,Midfielder,LEI,0,0,0,0,0
2292968,Barnes,Harvey Barnes,Midfielder,LEI,0,0,0,3,1
2292968,Ndidi,Onyinye Wilfred Ndidi,Midfielder,LEI,1,0,2,3,0
2292968,Dewsbury-Hall,Kiernan Dewsbury-Hall,Midfielder,LEI,0,1,0,4,0
2292968,Faes,Wout Faes,Defender,LEI,5,1,2,7,1
2292968,Soumaré,Boubakary Soumaré,Midfielder,LEI,1,0,4,4,2
2292968,Thomas,Luke Thomas,Defender,LEI,3,0,4,6,1
2292968,Daka,Patson Daka,Forward,LEI,1,0,0,3,0
2292968,Fabianski,Lukasz Fabianski,Goalkeeper,WHU,0,0,0,5,0
2292968,Cresswell (Aaron),Aaron Cresswell,Defender,WHU,0,0,1,6,1
2292968,Dawson,Craig Dawson,Defender,WHU,2,0,1,10,0
2292968,Zouma,Kurt Zouma,Defender,WHU,1,0,0,1,0
2292968,Benrahma,Said Benrahma,Midfielder,WHU,1,0,1,8,0
2292968,Bowen,Jarrod Bowen,Midfielder,WHU,0,0,0,5,1
2292968,Scamacca,Gianluca Scamacca,Forward,WHU,0,0,1,5,1
2292968,Kehrer,Thilo Kehrer,Defender,WHU,2,0,3,6,1
2292968,Rice,Declan Rice,Midfielder,WHU,1,0,1,10,1
2292968,Aguerd,Nayef Aguerd,Defender,WHU,1,1,1,6,1
2292968,Soucek,Tomas Soucek,Midfielder,WHU,0,0,1,6,2
2292968,Fornals,Pablo Fornals,Midfielder,WHU,0,0,0,1,0
2292968,Lucas Paquetá,Lucas Tolentino Coelho de Lima,Midfielder,WHU,1,0,0,5,4
2292969,Cedric,Cedric Ricardo Alves Soares,Defender,ARS,0,0,0,0,0
2292969,Xhaka,Granit Xhaka,Midfielder,ARS,0,0,0,0,0
2292969,Elneny,Mohamed Elneny,Midfielder,ARS,0,0,0,0,0
2292969,Partey,Thomas Partey,Midfielder,ARS,1,0,0,4,2
2292969,Odegaard,Martin Odegaard,Midfielder,ARS,0,0,0,7,0
2292969,White (Ben),Ben White,Defender,ARS,0,0,0,7,1
2292969,Nelson (Reiss),Reiss Nelson,Midfielder,ARS,0,0,0,0,0
2292969,Jesus,Gabriel Fernando de Jesus,Forward,ARS,3,0,2,3,0
2292969,Zinchenko,Oleksandr Zinchenko,Defender,ARS,2,0,0,7,1
2292969,Saka,Bukayo Saka,Midfielder,ARS,0,0,0,2,0
2292969,Ramsdale,Aaron Ramsdale,Goalkeeper,ARS,0,0,0,8,0
2292969,Gabriel Magalhães,Gabriel dos Santos Magalhães,Defender,ARS,1,1,3,6,0
2292969,Fábio Vieira,Fábio Daniel Vieira,Midfielder,ARS,0,0,1,3,0
2292969,Martinelli,Gabriel Teodoro Martinelli Silva,Midfielder,ARS,0,1,1,1,1
2292969,Saliba,William Saliba,Defender,ARS,1,1,0,6,0
2292969,Moutinho,João Moutinho,Midfielder,WOL,0,0,1,5,0
2292969,José Sá,José Pedro Malheiro de Sá,Goalkeeper,WOL,2,0,0,6,0
2292969,Traoré (Adama),Adama Traoré,Midfielder,WOL,0,0,0,5,0
2292969,Ruben Neves,Rúben Diogo da Silva Neves,Midfielder,WOL,4,0,1,3,1
2292969,Gonçalo Guedes,Gonçalo Manuel Ganchinho Guedes,Midfielder,WOL,0,0,1,7,3
2292969,Semedo,Nelson Semedo,Defender,WOL,2,0,0,4,0
2292969,Podence,Daniel Podence,Midfielder,WOL,0,0,0,3,1
2292969,Kilman,Max Kilman,Defender,WOL,4,2,0,2,0
2292969,Collins,Nathan Collins,Defender,WOL,3,1,0,3,1
2292969,Matheus Nunes,Matheus Luiz Nunes,Midfielder,WOL,0,0,0,1,0
2292969,Traoré (Boubacar),Boubacar Traoré,Midfielder,WOL,0,0,1,4,1
2292969,Bueno (Hugo),Hugo Bueno,Defender,WOL,3,0,1,6,2
2292969,Lembikisa,Dexter Lembikisa,Defender,WOL,0,0,0,2,0
2292969,Toti,Toti António Gomes,Defender,WOL,5,1,1,0,0
2292970,Xhaka,Granit Xhaka,Midfielder,ARS,1,0,0,5,0
2292970,Elneny,Mohamed Elneny,Midfielder,ARS,0,0,0,0,0
2292970,Partey,Thomas Partey,Midfielder,ARS,0,0,1,8,2
2292970,Odegaard,Martin Odegaard,Midfielder,ARS,0,0,0,7,1
2292970,Tierney,Kieran Tierney,Defender,ARS,0,0,1,7,0
2292970,White (Ben),Ben White,Defender,ARS,4,0,1,9,1
2292970,Eddie Nketiah,Edward Nketiah,Forward,ARS,0,0,0,3,0
2292970,Zinchenko,Oleksandr Zinchenko,Defender,ARS,0,0,0,5,0
2292970,Saka,Bukayo Saka,Midfielder,ARS,0,0,0,2,1
2292970,Ramsdale,Aaron Ramsdale,Goalkeeper,ARS,2,0,0,5,0
2292970,Gabriel Magalhães,Gabriel dos Santos Magalhães,Defender,ARS,3,0,0,9,3
2292970,Fábio Vieira,Fábio Daniel Vieira,Midfielder,ARS,1,0,0,0,0
2292970,Martinelli,Gabriel Teodoro Martinelli Silva,Midfielder,ARS,0,0,0,0,1
2292970,Saliba,William Saliba,Defender,ARS,2,0,1,5,1
2292970,Fabianski,Lukasz Fabianski,Goalkeeper,WHU,0,0,0,5,0
2292970,Cresswell (Aaron),Aaron Cresswell,Defender,WHU,1,1,1,6,0
2292970,Antonio,Michail Antonio,Forward,WHU,0,0,0,3,2
2292970,Dawson,Craig Dawson,Defender,WHU,7,3,1,6,0
2292970,Coufal,Vladimir Coufal,Defender,WHU,5,1,1,9,1
2292970,Benrahma,Said Benrahma,Midfielder,WHU,0,0,1,4,1
2292970,Bowen,Jarrod Bowen,Midfielder,WHU,0,0,2,3,0
2292970,Kehrer,Thilo Kehrer,Defender,WHU,1,0,0,5,0
2292970,Rice,Declan Rice,Midfielder,WHU,2,0,1,7,1
2292970,Soucek,Tomas Soucek,Midfielder,WHU,3,0,0,4,0
2292970,Fornals,Pablo Fornals,Midfielder,WHU,0,0,0,3,1
2292970,Lucas Paquetá,Lucas Tolentino Coelho de Lima,Midfielder,WHU,0,0,0,6,1
2292970,Mubama,Divin Mubama,Forward,WHU,0,0,0,0,0
2292971,Young (Ashley),Ashley Young,Defender,AVL,2,0,0,14,0
2292971,Coutinho,Philippe Coutinho,Midfielder,AVL,0,1,0,1,0
2292971,Ings,Danny Ings,Forward,AVL,0,0,0,0,0
2292971,Digne,Lucas Digne,Defender,AVL,2,0,0,9,1
2292971,Olsen,Robin Olsen,Goalkeeper,AVL,1,0,0,10,0
2292971,McGinn,John McGinn,Midfielder,AVL,0,0,1,3,0
2292971,Mings,Tyrone Mings,Defender,AVL,1,0,1,9,0
2292971,Dendoncker (Leander),Leander Dendoncker,Midfielder,AVL,0,0,0,0,0
2292971,Watkins,Ollie Watkins,Forward,AVL,1,0,0,1,0
2292971,Buendía,Emiliano Buendía,Midfielder,AVL,0,0,2,4,0
2292971,Konsa Ngoyo,Ezri Konsa Ngoyo,Defender,AVL,5,0,1,3,1
2292971,Bailey,Leon Bailey,Midfielder,AVL,2,0,0,1,0
2292971,Kamara,Boubacar Kamara,Midfielder,AVL,0,0,1,5,0
2292971,Douglas Luiz,Douglas Luiz Soares de Paulo,Midfielder,AVL,0,0,0,6,1
2292971,Henderson (Jordan),Jordan Henderson,Midfielder,LIV,0,1,0,3,0
2292971,Matip,Joel Matip,Defender,LIV,4,0,2,5,1
2292971,Thiago Alcántara,Thiago Alcántara do Nascimento,Midfielder,LIV,2,0,1,7,0
2292971,Oxlade-Chamberlain,Alex Oxlade-Chamberlain,Midfielder,LIV,1,0,0,4,0
2292971,van Dijk,Virgil van Dijk,Defender,LIV,9,0,3,5,0
2292971,Alisson,Alisson Ramses Becker,Goalkeeper,LIV,0,0,0,10,0
2292971,Fabinho,Fabio Henrique Tavares,Midfielder,LIV,3,1,1,6,2
2292971,Salah,Mohamed Salah,Midfielder,LIV,0,0,0,6,0
2292971,Robertson (Andrew),Andrew Robertson,Defender,LIV,1,1,0,5,2
2292971,Alexander-Arnold,Trent Alexander-Arnold,Defender,LIV,1,0,2,6,0
2292971,Gomez,Joseph Gomez,Defender,LIV,0,0,1,2,0
2292971,Keita,Naby Keita,Midfielder,LIV,0,0,0,4,0
2292971,Elliott (Harvey),Harvey Elliott,Midfielder,LIV,1,0,0,1,0
2292971,Núñez,Darwin Núñez,Forward,LIV,0,0,0,0,0
2292971,Doak,Ben Doak,Midfielder,LIV,0,0,0,3,1
2292971,Bajcetic,Stefan Bajcetic,Midfielder,LIV,1,0,1,4,1
2292972,Zanka,Mathias Jorgensen,Defender,BRE,1,2,2,3,0
2292972,Mee,Ben Mee,Defender,BRE,6,0,0,8,1
2292972,Norgaard,Christian Norgaard,Midfielder,BRE,2,0,3,9,1
2292972,Toney,Ivan Toney,Forward,BRE,0,1,0,5,0
2292972,Raya Martin,David Raya Martin,Goalkeeper,BRE,0,0,0,14,0
2292972,Dasilva,Pelenda Joshua Dasilva,Midfielder,BRE,0,0,0,0,0
2292972,Henry,Rico Henry,Defender,BRE,0,0,1,9,0
2292972,Janelt,Vitaly Janelt,Midfielder,BRE,0,1,0,8,1
2292972,Ghoddos,Saman Ghoddos,Midfielder,BRE,1,1,1,4,0
2292972,Jensen,Mathias Jensen,Midfielder,BRE,0,0,0,9,0
2292972,Wissa,Yoane Wissa,Forward,BRE,0,0,0,0,0
2292972,Roerslev,Mads Roerslev,Defender,BRE,0,0,0,4,0
2292972,Pinnock,Ethan Pinnock,Defender,BRE,12,0,2,4,1
2292972,Mbeumo,Bryan Mbeumo,Midfielder,BRE,2,0,0,5,0
2292972,Forster,Fraser Forster,Goalkeeper,TOT,0,0,0,10,0
2292972,Perisic,Ivan Perisic,Defender,TOT,1,0,0,7,1
2292972,Kane,Harry Kane,Forward,TOT,1,0,0,1,0
2292972,Son,Heung-Min Son,Midfielder,TOT,0,0,0,6,0
2292972,Doherty,Matt Doherty,Defender,TOT,2,0,1,3,1
2292972,Dier,Eric Dier,Defender,TOT,2,0,1,8,0
2292972,Davies (Ben),Ben Davies,Defender,TOT,0,0,0,0,0
2292972,Højbjerg,Pierre-Emile Højbjerg,Midfielder,TOT,2,0,1,9,1
2292972,Lenglet,Clément Lenglet,Defender,TOT,6,1,2,9,1
2292972,Sánchez,Davinson Sánchez,Defender,TOT,0,0,0,2,1
2292972,Tanganga,Japhet Tanganga,Defender,TOT,3,0,0,4,1
2292972,Bissouma,Yves Bissouma,Midfielder,TOT,2,0,0,8,2
2292972,Kulusevski,Dejan Kulusevski,Midfielder,TOT,0,0,0,10,0
2292973,Smith (Adam),Adam Smith,Defender,BOU,2,0,0,3,1
2292973,Moore (Kieffer),Kieffer Moore,Forward,BOU,0,0,0,0,0
2292973,Lerma,Jefferson Lerma,Midfielder,BOU,0,0,1,4,0
2292973,Stacey,Jack Stacey,Defender,BOU,0,0,0,3,0
2292973,Solanke,Dominic Solanke,Forward,BOU,0,0,1,2,0
2292973,Cook (Lewis),Lewis Cook,Midfielder,BOU,1,0,1,5,2
2292973,Christie,Ryan Christie,Midfielder,BOU,0,0,1,1,0
2292973,Billing,Philip Billing,Midfielder,BOU,2,0,3,5,1
2292973,Senesi,Marcos Senesi,Defender,BOU,3,0,1,8,3
2292973,Travers,Mark Travers,Goalkeeper,BOU,0,0,0,9,0
2292973,Kelly (Lloyd),Lloyd Kelly,Defender,BOU,6,1,1,5,0
2292973,Dembélé,Siriki Dembélé,Midfielder,BOU,0,0,0,1,0
2292973,Anthony,Jaidon Anthony,Midfielder,BOU,1,0,0,1,1
2292973,Zemura,Jordan Zemura,Defender,BOU,0,1,0,5,3
2292973,Azpilicueta,César Azpilicueta,Defender,CHE,2,0,0,1,1
2292973,Thiago Silva,Thiago Emiliano da Silva,Defender,CHE,6,0,1,5,1
2292973,Aubameyang,Pierre-Emerick Aubameyang,Forward,CHE,1,0,0,3,0
2292973,Jorginho,Jorge Luiz Frello Filho,Midfielder,CHE,0,0,1,13,0
2292973,Koulibaly,Kalidou Koulibaly,Defender,CHE,3,0,1,3,1
2292973,Sterling (Raheem),Raheem Sterling,Midfielder,CHE,0,0,0,2,0
2292973,Kepa,Kepa Arrizabalaga Revuelta,Goalkeeper,CHE,2,0,0,7,0
2292973,Pulisic,Christian Pulisic,Midfielder,CHE,0,0,0,4,0
2292973,Cucurella,Marc Cucurella,Defender,CHE,3,0,0,10,1
2292973,Chalobah (Trevoh),Trevoh Chalobah,Defender,CHE,0,0,1,1,0
2292973,Mount,Mason Mount,Midfielder,CHE,0,1,1,4,2
2292973,Zakaria,Denis Zakaria,Midfielder,CHE,3,0,0,5,2
2292973,Havertz,Kai Havertz,Midfielder,CHE,4,0,0,1,0
2292973,James (Reece),Reece James,Defender,CHE,0,0,1,4,1
2292973,Gallagher,Conor Gallagher,Midfielder,CHE,0,0,0,0,1
2292974,Guaita,Vicente Guaita,Goalkeeper,CRY,1,0,0,13,0
2292974,Tomkins,James Tomkins,Defender,CRY,1,0,2,5,0
2292974,Ward (Joel),Joel Ward,Defender,CRY,0,3,1,2,0
2292974,Clyne,Nathaniel Clyne,Defender,CRY,6,0,1,6,0
2292974,Milivojevic,Luka Milivojevic,Midfielder,CRY,0,0,0,0,0
2292974,Ayew (Jordan),Jordan Ayew,Midfielder,CRY,2,1,1,6,3
2292974,Zaha,Wilfried Zaha,Midfielder,CRY,0,0,0,1,0
2292974,Schlupp,Jeffrey Schlupp,Midfielder,CRY,5,0,1,5,1
2292974,Hughes (Will),Will Hughes,Midfielder,CRY,0,1,0,1,0
2292974,Riedewald,Jairo Riedewald,Midfielder,CRY,2,0,0,0,0
2292974,Andersen,Joachim Andersen,Defender,CRY,10,1,1,8,2
2292974,Eze,Eberechi Eze,Midfielder,CRY,0,0,1,5,0
2292974,Mitchell,Tyrick Mitchell,Defender,CRY,1,0,1,1,1
2292974,Richards (Chris),Chris Richards,Defender,CRY,4,0,0,0,0
2292974,Doucoure,Cheick Oumar Doucoure,Midfielder,CRY,2,1,2,3,3
2292974,Olise,Michael Olise,Midfielder,CRY,2,0,0,4,1
2292974,Willian,Willian Borges Da Silva,Midfielder,FUL,0,0,0,5,0
2292974,Cairney,Tom Cairney,Midfielder,FUL,1,0,0,2,0
2292974,Leno,Bernd Leno,Goalkeeper,FUL,0,0,0,3,0
2292974,Ream,Tim Ream,Defender,FUL,0,1,1,5,2
2292974,DeCordova-Reid,Bobby DeCordova-Reid,Midfielder,FUL,0,0,2,3,1
2292974,Mitrovic,Aleksandar Mitrovic,Forward,FUL,0,0,0,3,0
2292974,Reed,Harrison Reed,Midfielder,FUL,0,0,0,8,1
2292974,Wilson (Harry),Harry Wilson,Midfielder,FUL,0,0,0,0,0
2292974,João Palhinha,João Maria Lobo Alves Palhinha Gonçalves,Midfielder,FUL,1,0,0,9,2
2292974,Pereira,Andreas Pereira,Midfielder,FUL,0,0,0,4,0
2292974,Tete,Kenny Tete,Defender,FUL,1,0,1,5,1
2292974,Robinson (Antonee),Antonee Robinson,Defender,FUL,0,0,0,10,0
2292974,James (Daniel),Daniel James,Midfielder,FUL,0,0,0,0,0
2292974,Diop,Issa Diop,Defender,FUL,0,0,5,9,2
2292974,Carlos Vinicius,Carlos Vinicius Alves Morais,Forward,FUL,0,0,0,0,0
2292974,Harris,Luke Harris,Midfielder,FUL,0,0,0,0,0
2292975,Tarkowski,James Tarkowski,Defender,EVE,2,0,0,7,1
2292975,Gueye,Idrissa Gueye,Midfielder,EVE,2,1,2,8,1
2292975,Pickford,Jordan Pickford,Goalkeeper,EVE,1,0,0,8,0
2292975,Maupay,Neal Maupay,Forward,EVE,0,0,0,4,1
2292975,Doucouré,Abdoulaye Doucouré,Midfielder,EVE,0,0,0,0,0
2292975,Iwobi,Alex Iwobi,Midfielder,EVE,0,0,1,6,0
2292975,Mina,Yerry Mina,Defender,EVE,4,0,0,4,1
2292975,Gray (Demarai),Demarai Gray,Midfielder,EVE,0,0,1,0,1
2292975,Godfrey,Ben Godfrey,Defender,EVE,1,0,0,0,0
2292975,Mykolenko,Vitaliy Mykolenko,Defender,EVE,2,0,0,7,0
2292975,Gordon (Anthony),Anthony Gordon,Midfielder,EVE,1,0,2,2,4
2292975,Patterson (Nathan),Nathan Patterson,Defender,EVE,3,0,0,7,0
2292975,McNeil,Dwight McNeil,Midfielder,EVE,0,0,0,3,1
2292975,Mvom Onana,Amadou Mvom Onana,Midfielder,EVE,0,0,1,4,3
2292975,Cannon,Thomas Cannon,Forward,EVE,0,0,0,0,0
2292975,Costa,Diego Da Silva Costa,Forward,WOL,0,0,1,2,0
2292975,Moutinho,João Moutinho,Midfielder,WOL,0,0,3,3,1
2292975,José Sá,José Pedro Malheiro de Sá,Goalkeeper,WOL,0,0,0,11,0
2292975,Traoré (Adama),Adama Traoré,Midfielder,WOL,0,0,0,0,0
2292975,Ruben Neves,Rúben Diogo da Silva Neves,Midfielder,WOL,2,1,2,5,1
2292975,Gonçalo Guedes,Gonçalo Manuel Ganchinho Guedes,Midfielder,WOL,0,0,0,0,1
2292975,Hwang Hee-Chan,Hee-Chan Hwang,Midfielder,WOL,0,0,0,3,0
2292975,Semedo,Nelson Semedo,Defender,WOL,1,0,4,5,1
2292975,Podence,Daniel Podence,Midfielder,WOL,1,0,0,7,2
2292975,Kilman,Max Kilman,Defender,WOL,2,0,0,5,0
2292975,Hodge,Joseph Hodge,Midfielder,WOL,1,0,0,8,1
2292975,Collins,Nathan Collins,Defender,WOL,6,1,0,3,2
2292975,Ait Nouri,Rayan Ait Nouri,Defender,WOL,2,0,1,3,1
2292975,Matheus Nunes,Matheus Luiz Nunes,Midfielder,WOL,0,0,0,3,0
2292975,Bueno (Hugo),Hugo Bueno,Defender,WOL,1,0,0,3,2
2292975,Toti,Toti António Gomes,Defender,WOL,3,0,1,1,0
2292976,Cooper,Liam Cooper,Defender,LEE,0,0,1,4,1
2292976,Ayling,Luke Ayling,Defender,LEE,0,1,0,0,0
2292976,Klich,Mateusz Klich,Midfielder,LEE,0,0,0,1,0
2292976,Forshaw,Adam Forshaw,Midfielder,LEE,1,0,0,3,0
2292976,Rodrigo,Rodrigo Moreno Machado,Midfielder,LEE,1,0,0,2,0
2292976,Diego Llorente,Diego Javier Llorente Ríos,Defender,LEE,2,1,0,0,0
2292976,Koch,Robin Koch,Defender,LEE,4,0,1,5,0
2292976,Struijk,Pascal Struijk,Defender,LEE,6,0,2,7,0
2292976,Kristensen,Rasmus Kristensen,Defender,LEE,3,3,0,1,1
2292976,Roca,Marc Roca,Midfielder,LEE,1,0,0,4,0
2292976,Greenwood (Sam),Sam Greenwood,Forward,LEE,0,0,0,5,1
2292976,Aaronson,Brenden Aaronson,Midfielder,LEE,0,0,0,2,0
2292976,Meslier,Illan Meslier,Goalkeeper,LEE,1,0,0,9,0
2292976,Gelhardt,Joe Gelhardt,Forward,LEE,0,0,0,0,1
2292976,Gyabi,Darko Gyabi,Midfielder,LEE,0,0,0,3,2
2292976,Gnonto,Degnand Wilfried Gnonto,Forward,LEE,0,0,0,6,0
2292976,Gundogan,Ilkay Gundogan,Midfielder,MCI,0,1,0,4,1
2292976,De Bruyne,Kevin De Bruyne,Midfielder,MCI,1,0,0,2,1
2292976,Stones,John Stones,Defender,MCI,1,1,1,5,0
2292976,Mahrez,Riyad Mahrez,Midfielder,MCI,0,0,0,0,0
2292976,Grealish,Jack Grealish,Midfielder,MCI,0,0,1,2,0
2292976,João Cancelo,João Pedro Cavaco Cancelo,Defender,MCI,0,0,2,2,0
2292976,Ederson,Ederson Santana de Moraes,Goalkeeper,MCI,1,0,0,6,0
2292976,Aké,Nathan Aké,Defender,MCI,1,0,0,8,1
2292976,Foden,Phil Foden,Midfielder,MCI,1,0,0,1,1
2292976,Akanji,Manuel Akanji,Defender,MCI,2,0,0,7,0
2292976,Rodri,Rodrigo Hernández Cascante,Midfielder,MCI,1,1,1,14,3
2292976,Haaland,Erling Haaland,Forward,MCI,0,1,0,2,0
2292976,Palmer,Cole Palmer,Midfielder,MCI,0,0,0,0,0
2292976,Lewis (Rico),Rico Lewis,Defender,MCI,2,0,0,0,0
2292977,Ward (Danny),Danny Ward,Goalkeeper,LEI,0,0,0,13,1
2292977,Vardy,Jamie Vardy,Forward,LEI,1,0,0,0,0
2292977,Praet,Dennis Praet,Midfielder,LEI,0,0,0,1,0
2292977,Amartey,Daniel Amartey,Defender,LEI,5,1,1,7,1
2292977,Castagne,Timothy Castagne,Defender,LEI,3,1,2,5,2
2292977,Tielemans,Youri Tielemans,Midfielder,LEI,0,0,0,7,4
2292977,Ayoze Pérez,Ayoze Pérez Gutiérrez,Midfielder,LEI,0,0,2,4,2
2292977,Iheanacho,Kelechi Iheanacho,Forward,LEI,0,0,0,0,0
2292977,Barnes,Harvey Barnes,Midfielder,LEI,0,0,0,1,0
2292977,Ndidi,Onyinye Wilfred Ndidi,Midfielder,LEI,0,0,1,0,1
2292977,Dewsbury-Hall,Kiernan Dewsbury-Hall,Midfielder,LEI,0,0,0,6,1
2292977,Faes,Wout Faes,Defender,LEI,0,0,2,9,0
2292977,Soumaré,Boubakary Soumaré,Midfielder,LEI,1,1,1,5,1
2292977,Thomas,Luke Thomas,Defender,LEI,3,0,2,10,3
2292977,Daka,Patson Daka,Forward,LEI,0,0,0,1,0
2292977,Ritchie,Matt Ritchie,Midfielder,NEW,0,0,0,1,0
2292977,Wood,Chris Wood,Forward,NEW,0,0,1,3,1
2292977,Trippier,Kieran Trippier,Defender,NEW,0,0,4,7,3
2292977,Burn,Dan Burn,Defender,NEW,3,1,2,6,0
2292977,Pope,Nick Pope,Goalkeeper,NEW,0,0,0,12,0
2292977,Murphy (Jacob),Jacob Murphy,Midfielder,NEW,0,0,0,0,0
2292977,Schär,Fabian Schär,Defender,NEW,7,0,2,6,0
2292977,Saint-Maximin,Allan Saint-Maximin,Midfielder,NEW,0,0,0,0,0
2292977,Almirón,Miguel Almirón,Midfielder,NEW,2,0,1,5,0
2292977,Longstaff (Sean),Sean Longstaff,Midfielder,NEW,0,1,0,6,0
2292977,Joelinton,Joelinton Cássio Apolinário de Lira,Midfielder,NEW,3,1,3,3,1
2292977,Willock,Joseph Willock,Midfielder,NEW,0,0,0,7,1
2292977,Bruno Guimarães,Bruno Guimarães Rodriguez Moura,Midfielder,NEW,0,0,1,8,1
2292977,Anderson (Elliot),Elliot Anderson,Midfielder,NEW,0,0,0,0,0
2292977,Botman,Sven Botman,Defender,NEW,6,1,0,7,0
2292978,De Gea,David De Gea,Goalkeeper,MUN,0,0,0,7,0
2292978,Casemiro,Carlos Henrique Jose Francisco Venancio,Midfielder,MUN,3,1,3,7,3
2292978,Eriksen,Christian Eriksen,Midfielder,MUN,2,0,0,5,0
2292978,Varane,Raphael Varane,Defender,MUN,4,0,2,4,0
2292978,Maguire,Harry Maguire,Defender,MUN,1,1,0,1,0
2292978,Fred,Frederico Rodrigues de Paula Santos,Midfielder,MUN,0,0,0,3,0
2292978,Shaw,Luke Shaw,Defender,MUN,2,0,3,11,1
2292978,Bruno Fernandes,Bruno Miguel Borges Fernandes,Midfielder,MUN,1,0,1,4,3
2292978,Martial,Anthony Martial,Forward,MUN,1,0,0,0,0
2292978,Rashford,Marcus Rashford,Midfielder,MUN,1,0,1,2,0
2292978,van de Beek,Donny van de Beek,Midfielder,MUN,1,0,0,0,0
2292978,Wan-Bissaka,Aaron Wan-Bissaka,Defender,MUN,0,0,1,6,1
2292978,Malacia,Tyrell Malacia,Defender,MUN,4,0,3,6,1
2292978,Elanga,Anthony Elanga,Midfielder,MUN,0,0,0,0,0
2292978,Antony,Antony Matheus dos Santos,Midfielder,MUN,0,0,0,5,0
2292978,Garnacho,Alejandro Garnacho Ferreyra,Midfielder,MUN,0,0,0,0,0
2292978,Hennessey,Wayne Hennessey,Goalkeeper,NFO,0,0,0,2,0
2292978,Aurier,Serge Aurier,Defender,NFO,3,0,0,9,1
2292978,Freuler,Remo Freuler,Midfielder,NFO,2,2,0,7,1
2292978,Boly,Willy Boly,Defender,NFO,6,1,3,4,1
2292978,Lingard,Jesse Lingard,Midfielder,NFO,0,0,0,1,0
2292978,Toffolo,Harry Toffolo,Defender,NFO,1,0,0,2,0
2292978,Mangala,Orel Mangala,Midfielder,NFO,0,0,1,5,0
2292978,Yates,Ryan Yates,Midfielder,NFO,3,0,1,8,2
2292978,Worrall,Joe Worrall,Defender,NFO,4,2,1,3,1
2292978,Awoniyi,Taiwo Awoniyi,Forward,NFO,0,0,0,3,1
2292978,Williams (Neco),Neco Williams,Defender,NFO,1,1,1,3,1
2292978,Surridge,Sam Surridge,Forward,NFO,0,0,0,0,0
2292978,Dennis (Emmanuel),Emmanuel Bonaventure Dennis,Forward,NFO,0,0,0,5,1
2292978,Renan Lodi,Renan Augusto Lodi dos Santos,Defender,NFO,2,0,1,3,2
2292978,Johnson (Brennan),Brennan Johnson,Midfielder,NFO,0,0,0,3,0
2292978,O'Brien (Lewis),Lewis O'Brien,Midfielder,NFO,1,0,0,2,0
2292979,Lallana,Adam Lallana,Midfielder,BHA,0,0,0,2,0
2292979,Groß,Pascal Groß,Midfielder,BHA,0,1,0,10,1
2292979,Dunk,Lewis Dunk,Defender,BHA,3,1,1,6,0
2292979,March,Solomon March,Midfielder,BHA,0,0,0,2,2
2292979,Veltman,Joël Veltman,Defender,BHA,2,0,2,7,2
2292979,Trossard,Leandro Trossard,Midfielder,BHA,0,0,0,2,0
2292979,Estupiñán,Pervis Estupiñán,Defender,BHA,1,1,0,4,0
2292979,Sanchez,Robert Sanchez,Goalkeeper,BHA,0,0,0,8,0
2292979,Lamptey,Tariq Lamptey,Defender,BHA,0,0,0,1,1
2292979,Gilmour,Billy Gilmour,Midfielder,BHA,0,0,0,0,0
2292979,Sarmiento,Jeremy Sarmiento,Midfielder,BHA,0,0,1,0,1
2292979,Mitoma,Kaoru Mitoma,Midfielder,BHA,0,0,0,3,0
2292979,Colwill,Levi Colwill,Defender,BHA,2,0,1,8,0
2292979,Moises Caicedo,Moises Caicedo,Midfielder,BHA,3,0,1,8,1
2292979,Ferguson (Evan),Evan Ferguson,Forward,BHA,0,0,0,2,0
2292979,Armstrong (Stuart),Stuart Armstrong,Midfielder,SOU,1,0,0,3,1
2292979,Elyounoussi,Mohammed Elyounoussi,Midfielder,SOU,1,0,1,0,1
2292979,Ward-Prowse,James Ward-Prowse,Midfielder,SOU,0,0,3,6,2
2292979,Maitland-Niles,Ainsley Maitland-Niles,Midfielder,SOU,4,0,0,2,2
2292979,Armstrong (Adam),Adam Armstrong,Forward,SOU,0,0,0,0,0
2292979,Walker-Peters,Kyle Walker-Peters,Defender,SOU,1,0,0,4,0
2292979,Aribo,Joe Aribo,Midfielder,SOU,0,0,1,2,0
2292979,Adams (Che),Che Adams,Forward,SOU,1,0,0,3,1
2292979,Lyanco,Lyanco Evangelista Silveira Neves Vojnovic,Defender,SOU,3,0,3,7,2
2292979,Diallo,Ibrahima Diallo,Midfielder,SOU,0,0,1,7,0
2292979,Perraud,Romain Perraud,Defender,SOU,1,0,0,0,0
2292979,Djenepo,Moussa Djenepo,Midfielder,SOU,0,0,1,2,0
2292979,Salisu,Mohammed Salisu,Defender,SOU,4,1,1,6,0
2292979,Bazunu,Gavin Bazunu,Goalkeeper,SOU,1,0,0,10,0
2292979,Mara,Sékou Mara,Forward,SOU,0,0,0,1,1
2292979,Edozie,Samuel Edozie,Midfielder,SOU,0,0,1,3,0
2292980,Smith (Adam),Adam Smith,Defender,BOU,0,1,0,3,2
2292980,Lowe (Jamal),Jamal Lowe,Midfielder,BOU,0,0,0,0,0
2292980,Moore (Kieffer),Kieffer Moore,Forward,BOU,3,1,0,1,0
2292980,Lerma,Jefferson Lerma,Midfielder,BOU,3,1,2,9,1
2292980,Solanke,Dominic Solanke,Forward,BOU,3,0,0,4,0
2292980,Cook (Lewis),Lewis Cook,Midfielder,BOU,0,0,0,3,2
2292980,Rothwell,Joe Rothwell,Midfielder,BOU,0,0,0,2,0
2292980,Christie,Ryan Christie,Midfielder,BOU,0,0,0,1,0
2292980,Billing,Philip Billing,Midfielder,BOU,0,0,0,2,0
2292980,Senesi,Marcos Senesi,Defender,BOU,2,0,1,12,2
2292980,Travers,Mark Travers,Goalkeeper,BOU,1,0,0,9,0
2292980,Kelly (Lloyd),Lloyd Kelly,Defender,BOU,3,1,2,6,0
2292980,Dembélé,Siriki Dembélé,Midfielder,BOU,0,0,0,4,1
2292980,Anthony,Jaidon Anthony,Midfielder,BOU,0,0,0,2,2
2292980,Zemura,Jordan Zemura,Defender,BOU,0,1,1,5,0
2292980,Guaita,Vicente Guaita,Goalkeeper,CRY,0,0,0,9,0
2292980,Ward (Joel),Joel Ward,Defender,CRY,2,0,0,8,0
2292980,Clyne,Nathaniel Clyne,Defender,CRY,2,0,3,4,2
2292980,Ayew (Jordan),Jordan Ayew,Midfielder,CRY,0,0,0,3,2
2292980,Zaha,Wilfried Zaha,Midfielder,CRY,2,0,1,6,1
2292980,Schlupp,Jeffrey Schlupp,Midfielder,CRY,2,0,1,7,2
2292980,Hughes (Will),Will Hughes,Midfielder,CRY,0,0,0,0,0
2292980,Andersen,Joachim Andersen,Defender,CRY,8,0,1,6,1
2292980,Edouard,Odsonne Edouard,Forward,CRY,1,0,0,2,2
2292980,Marc Guehi,Addji Keaninkin Marc-Israel Guehi,Defender,CRY,4,1,1,7,2
2292980,Mateta,Jean-Philippe Mateta,Forward,CRY,0,0,0,0,0
2292980,Eze,Eberechi Eze,Midfielder,CRY,0,0,1,6,1
2292980,Doucoure,Cheick Oumar Doucoure,Midfielder,CRY,1,0,2,10,2
2292980,Olise,Michael Olise,Midfielder,CRY,0,0,1,5,2
2292981,Xhaka,Granit Xhaka,Midfielder,ARS,2,1,0,4,0
2292981,Elneny,Mohamed Elneny,Midfielder,ARS,0,0,0,0,0
2292981,Holding,Rob Holding,Defender,ARS,0,0,0,1,0
2292981,Partey,Thomas Partey,Midfielder,ARS,1,0,0,5,1
2292981,Odegaard,Martin Odegaard,Midfielder,ARS,0,0,0,6,0
2292981,Tierney,Kieran Tierney,Defender,ARS,2,0,2,1,1
2292981,White (Ben),Ben White,Defender,ARS,1,0,1,4,1
2292981,Eddie Nketiah,Edward Nketiah,Forward,ARS,2,0,0,1,2
2292981,Zinchenko,Oleksandr Zinchenko,Defender,ARS,0,0,1,6,1
2292981,Saka,Bukayo Saka,Midfielder,ARS,2,0,2,3,2
2292981,Tomiyasu,Takehiro Tomiyasu,Defender,ARS,1,0,1,0,0
2292981,Ramsdale,Aaron Ramsdale,Goalkeeper,ARS,1,0,0,6,0
2292981,Gabriel Magalhães,Gabriel dos Santos Magalhães,Defender,ARS,2,1,1,6,0
2292981,Martinelli,Gabriel Teodoro Martinelli Silva,Midfielder,ARS,0,0,0,2,1
2292981,Saliba,William Saliba,Defender,ARS,9,0,1,5,0
2292981,Lallana,Adam Lallana,Midfielder,BHA,0,0,0,1,0
2292981,Groß,Pascal Groß,Midfielder,BHA,0,0,0,9,1
2292981,Dunk,Lewis Dunk,Defender,BHA,0,1,2,8,0
2292981,March,Solomon March,Midfielder,BHA,0,0,1,2,0
2292981,Trossard,Leandro Trossard,Midfielder,BHA,0,0,0,1,0
2292981,Estupiñán,Pervis Estupiñán,Defender,BHA,0,1,2,5,1
2292981,Sanchez,Robert Sanchez,Goalkeeper,BHA,1,0,1,6,0
2292981,Lamptey,Tariq Lamptey,Defender,BHA,0,2,2,4,2
2292981,Gilmour,Billy Gilmour,Midfielder,BHA,1,0,0,2,0
2292981,Sarmiento,Jeremy Sarmiento,Midfielder,BHA,0,0,0,0,0
2292981,Mitoma,Kaoru Mitoma,Midfielder,BHA,0,0,1,7,0
2292981,Colwill,Levi Colwill,Defender,BHA,3,0,0,6,0
2292981,Enciso,Julio Enciso,Midfielder,BHA,0,0,0,1,0
2292981,Ferguson (Evan),Evan Ferguson,Forward,BHA,0,0,0,0,0
2292982,Willian,Willian Borges Da Silva,Midfielder,FUL,1,0,2,6,0
2292982,Cairney,Tom Cairney,Midfielder,FUL,1,0,1,5,0
2292982,Leno,Bernd Leno,Goalkeeper,FUL,1,0,0,10,0
2292982,Ream,Tim Ream,Defender,FUL,3,0,1,12,0
2292982,DeCordova-Reid,Bobby DeCordova-Reid,Midfielder,FUL,1,0,1,3,0
2292982,Tosin,Oluwatosin Adarabioyo,Defender,FUL,0,0,0,0,0
2292982,Mitrovic,Aleksandar Mitrovic,Forward,FUL,1,0,0,2,1
2292982,Reed,Harrison Reed,Midfielder,FUL,1,0,0,3,1
2292982,João Palhinha,João Maria Lobo Alves Palhinha Gonçalves,Midfielder,FUL,4,1,4,11,3
2292982,Pereira,Andreas Pereira,Midfielder,FUL,1,0,0,2,0
2292982,Tete,Kenny Tete,Defender,FUL,2,0,2,4,2
2292982,Robinson (Antonee),Antonee Robinson,Defender,FUL,1,1,0,8,1
2292982,James (Daniel),Daniel James,Midfielder,FUL,0,0,0,3,1
2292982,Diop,Issa Diop,Defender,FUL,5,0,1,10,1
2292982,Armstrong (Stuart),Stuart Armstrong,Midfielder,SOU,0,0,0,2,0
2292982,Elyounoussi,Mohammed Elyounoussi,Midfielder,SOU,1,0,1,13,2
2292982,Ward-Prowse,James Ward-Prowse,Midfielder,SOU,0,0,2,7,3
2292982,Maitland-Niles,Ainsley Maitland-Niles,Midfielder,SOU,2,0,5,1,2
2292982,Armstrong (Adam),Adam Armstrong,Forward,SOU,0,0,0,0,0
2292982,Walker-Peters,Kyle Walker-Peters,Defender,SOU,0,0,1,7,1
2292982,Aribo,Joe Aribo,Midfielder,SOU,0,0,1,6,0
2292982,Adams (Che),Che Adams,Forward,SOU,1,0,0,1,0
2292982,Lyanco,Lyanco Evangelista Silveira Neves Vojnovic,Defender,SOU,5,0,1,5,1
2292982,Perraud,Romain Perraud,Defender,SOU,0,0,0,1,0
2292982,Salisu,Mohammed Salisu,Defender,SOU,2,0,2,11,0
2292982,Bazunu,Gavin Bazunu,Goalkeeper,SOU,3,0,0,11,0
2292982,Mara,Sékou Mara,Forward,SOU,0,0,0,0,2
2292982,Bella Kotchap,Armel Bella Kotchap,Defender,SOU,2,1,0,3,0
2292982,Edozie,Samuel Edozie,Midfielder,SOU,0,0,2,3,3
2292982,Lavia,Romeo Lavia,Midfielder,SOU,0,0,0,0,0
2292983,Ward (Danny),Danny Ward,Goalkeeper,LEI,0,0,0,13,0
2292983,Vardy,Jamie Vardy,Forward,LEI,0,1,1,1,0
2292983,Amartey,Daniel Amartey,Defender,LEI,9,1,0,3,0
2292983,Castagne,Timothy Castagne,Defender,LEI,3,1,0,5,0
2292983,Tielemans,Youri Tielemans,Midfielder,LEI,1,0,0,4,0
2292983,Ayoze Pérez,Ayoze Pérez Gutiérrez,Midfielder,LEI,0,0,0,9,2
2292983,Iheanacho,Kelechi Iheanacho,Forward,LEI,0,0,0,2,0
2292983,Barnes,Harvey Barnes,Midfielder,LEI,0,0,1,2,0
2292983,Ndidi,Onyinye Wilfred Ndidi,Midfielder,LEI,1,1,0,4,0
2292983,Dewsbury-Hall,Kiernan Dewsbury-Hall,Midfielder,LEI,1,0,0,9,2
2292983,Faes,Wout Faes,Defender,LEI,5,2,1,3,0
2292983,Soumaré,Boubakary Soumaré,Midfielder,LEI,0,0,3,6,0
2292983,Thomas,Luke Thomas,Defender,LEI,0,0,4,4,1
2292983,Daka,Patson Daka,Forward,LEI,0,0,0,0,0
2292983,Henderson (Jordan),Jordan Henderson,Midfielder,LIV,0,0,0,11,2
2292983,Matip,Joel Matip,Defender,LIV,2,0,2,9,0
2292983,Thiago Alcántara,Thiago Alcántara do Nascimento,Midfielder,LIV,0,1,3,9,3
2292983,Oxlade-Chamberlain,Alex Oxlade-Chamberlain,Midfielder,LIV,1,1,0,3,1
2292983,van Dijk,Virgil van Dijk,Defender,LIV,3,0,0,3,0
2292983,Alisson,Alisson Ramses Becker,Goalkeeper,LIV,1,0,0,7,0
2292983,Salah,Mohamed Salah,Midfielder,LIV,0,0,1,3,1
2292983,Robertson (Andrew),Andrew Robertson,Defender,LIV,1,0,1,1,0
2292983,Alexander-Arnold,Trent Alexander-Arnold,Defender,LIV,0,0,4,6,3
2292983,Gomez,Joseph Gomez,Defender,LIV,0,0,0,1,0
2292983,Keita,Naby Keita,Midfielder,LIV,0,0,0,1,0
2292983,Tsimikas,Konstantinos Tsimikas,Defender,LIV,0,0,0,2,0
2292983,Elliott (Harvey),Harvey Elliott,Midfielder,LIV,0,0,0,6,2
2292983,Núñez,Darwin Núñez,Forward,LIV,2,0,0,2,0
2292983,Bajcetic,Stefan Bajcetic,Midfielder,LIV,0,0,0,0,0
2292984,Tarkowski,James Tarkowski,Defender,EVE,11,2,1,3,0
2292984,Coleman,Seamus Coleman,Defender,EVE,2,1,0,2,1
2292984,Gueye,Idrissa Gueye,Midfielder,EVE,2,1,2,4,0
2292984,Coady,Conor Coady,Defender,EVE,4,0,1,2,0
2292984,Pickford,Jordan Pickford,Goalkeeper,EVE,1,0,0,6,0
2292984,Maupay,Neal Maupay,Forward,EVE,0,0,0,1,0
2292984,Doucouré,Abdoulaye Doucouré,Midfielder,EVE,1,0,0,0,0
2292984,Iwobi,Alex Iwobi,Midfielder,EVE,3,0,2,5,3
2292984,Gray (Demarai),Demarai Gray,Midfielder,EVE,0,1,1,5,0
2292984,Davies (Tom),Tom Davies,Midfielder,EVE,0,0,0,0,0
2292984,Calvert-Lewin,Dominic Calvert-Lewin,Forward,EVE,0,0,0,0,0
2292984,Godfrey,Ben Godfrey,Defender,EVE,0,1,1,6,0
2292984,Mykolenko,Vitaliy Mykolenko,Defender,EVE,7,0,0,6,2
2292984,Patterson (Nathan),Nathan Patterson,Defender,EVE,1,0,1,4,1
2292984,Mvom Onana,Amadou Mvom Onana,Midfielder,EVE,1,1,2,3,0
2292984,Gundogan,Ilkay Gundogan,Midfielder,MCI,0,0,1,1,0
2292984,De Bruyne,Kevin De Bruyne,Midfielder,MCI,0,0,1,4,0
2292984,Stones,John Stones,Defender,MCI,2,0,0,3,1
2292984,Mahrez,Riyad Mahrez,Midfielder,MCI,0,0,0,4,0
2292984,Grealish,Jack Grealish,Midfielder,MCI,0,0,0,1,1
2292984,Ederson,Ederson Santana de Moraes,Goalkeeper,MCI,0,0,0,5,0
2292984,Aké,Nathan Aké,Defender,MCI,3,0,0,4,0
2292984,Bernardo Silva,Bernardo Mota Veiga de Carvalho e Silva,Midfielder,MCI,0,1,0,4,0
2292984,Foden,Phil Foden,Midfielder,MCI,0,0,0,0,0
2292984,Akanji,Manuel Akanji,Defender,MCI,1,0,0,8,1
2292984,Rodri,Rodrigo Hernández Cascante,Midfielder,MCI,1,0,1,10,3
2292984,Haaland,Erling Haaland,Forward,MCI,0,0,0,1,0
2292984,Álvarez,Julián Álvarez,Forward,MCI,0,0,0,0,0
2292984,Lewis (Rico),Rico Lewis,Defender,MCI,0,0,0,2,1
2292985,Cooper,Liam Cooper,Defender,LEE,6,0,3,1,4
2292985,Ayling,Luke Ayling,Defender,LEE,1,0,1,3,0
2292985,Klich,Mateusz Klich,Midfielder,LEE,0,0,0,3,1
2292985,Forshaw,Adam Forshaw,Midfielder,LEE,0,0,0,3,1
2292985,Rodrigo,Rodrigo Moreno Machado,Midfielder,LEE,0,0,0,1,0
2292985,Koch,Robin Koch,Defender,LEE,5,0,1,3,1
2292985,Adams (Tyler),Tyler Adams,Midfielder,LEE,2,1,2,9,1
2292985,Harrison,Jack Harrison,Midfielder,LEE,0,0,0,7,1
2292985,Struijk,Pascal Struijk,Defender,LEE,6,1,1,7,3
2292985,Kristensen,Rasmus Kristensen,Defender,LEE,1,0,0,1,1
2292985,Roca,Marc Roca,Midfielder,LEE,0,0,1,2,4
2292985,Aaronson,Brenden Aaronson,Midfielder,LEE,0,0,0,3,0
2292985,Meslier,Illan Meslier,Goalkeeper,LEE,1,0,0,18,0
2292985,Summerville,Crysencio Summerville,Midfielder,LEE,0,0,0,1,0
2292985,Gelhardt,Joe Gelhardt,Forward,LEE,0,0,0,0,0
2292985,Gnonto,Degnand Wilfried Gnonto,Forward,LEE,0,0,1,6,1
2292985,Wood,Chris Wood,Forward,NEW,1,0,0,1,0
2292985,Wilson (Callum),Callum Wilson,Forward,NEW,0,0,0,0,0
2292985,Trippier,Kieran Trippier,Defender,NEW,0,0,1,5,3
2292985,Burn,Dan Burn,Defender,NEW,2,1,0,6,0
2292985,Pope,Nick Pope,Goalkeeper,NEW,1,0,0,7,0
2292985,Murphy (Jacob),Jacob Murphy,Midfielder,NEW,0,0,0,0,0
2292985,Schär,Fabian Schär,Defender,NEW,1,0,3,10,0
2292985,Saint-Maximin,Allan Saint-Maximin,Midfielder,NEW,0,0,0,2,0
2292985,Almirón,Miguel Almirón,Midfielder,NEW,0,0,1,10,0
2292985,Longstaff (Sean),Sean Longstaff,Midfielder,NEW,2,1,2,8,0
2292985,Joelinton,Joelinton Cássio Apolinário de Lira,Midfielder,NEW,1,1,1,7,2
2292985,Willock,Joseph Willock,Midfielder,NEW,0,0,0,1,0
2292985,Bruno Guimarães,Bruno Guimarães Rodriguez Moura,Midfielder,NEW,0,0,1,5,3
2292985,Botman,Sven Botman,Defender,NEW,2,1,1,4,0
2292986,Azpilicueta,César Azpilicueta,Defender,CHE,2,2,0,2,1
2292986,Thiago Silva,Thiago Emiliano da Silva,Defender,CHE,6,0,1,6,1
2292986,Aubameyang,Pierre-Emerick Aubameyang,Forward,CHE,0,0,0,0,0
2292986,Jorginho,Jorge Luiz Frello Filho,Midfielder,CHE,0,0,1,5,1
2292986,Koulibaly,Kalidou Koulibaly,Defender,CHE,2,0,0,1,2
2292986,Kovacic,Mateo Kovacic,Midfielder,CHE,1,0,1,2,0
2292986,Sterling (Raheem),Raheem Sterling,Midfielder,CHE,1,0,0,2,0
2292986,Kepa,Kepa Arrizabalaga Revuelta,Goalkeeper,CHE,0,0,0,8,0
2292986,Ziyech,Hakim Ziyech,Midfielder,CHE,0,0,0,3,1
2292986,Pulisic,Christian Pulisic,Midfielder,CHE,0,0,0,5,0
2292986,Cucurella,Marc Cucurella,Defender,CHE,4,0,0,7,3
2292986,Mount,Mason Mount,Midfielder,CHE,0,1,0,4,0
2292986,Zakaria,Denis Zakaria,Midfielder,CHE,0,0,0,2,0
2292986,Havertz,Kai Havertz,Midfielder,CHE,2,0,0,0,0
2292986,Gallagher,Conor Gallagher,Midfielder,CHE,0,0,0,1,0
2292986,Chukwuemeka,Carney Chukwuemeka,Midfielder,CHE,0,0,0,0,0
2292986,Colback,Jack Colback,Midfielder,NFO,0,0,0,1,0
2292986,Aurier,Serge Aurier,Defender,NFO,3,0,0,2,2
2292986,Freuler,Remo Freuler,Midfielder,NFO,0,0,5,8,2
2292986,Boly,Willy Boly,Defender,NFO,5,1,2,10,2
2292986,Henderson (Dean),Dean Henderson,Goalkeeper,NFO,0,0,0,6,0
2292986,Mangala,Orel Mangala,Midfielder,NFO,0,0,1,6,0
2292986,Yates,Ryan Yates,Midfielder,NFO,0,0,1,2,0
2292986,Worrall,Joe Worrall,Defender,NFO,4,1,1,3,0
2292986,Awoniyi,Taiwo Awoniyi,Forward,NFO,1,1,0,4,2
2292986,Williams (Neco),Neco Williams,Defender,NFO,1,0,0,2,0
2292986,Surridge,Sam Surridge,Forward,NFO,0,0,0,1,0
2292986,Gibbs-White,Morgan Gibbs-White,Midfielder,NFO,0,0,0,2,0
2292986,Renan Lodi,Renan Augusto Lodi dos Santos,Defender,NFO,1,0,1,6,1
2292986,Johnson (Brennan),Brennan Johnson,Midfielder,NFO,0,0,0,3,1
2292987,Young (Ashley),Ashley Young,Defender,AVL,6,1,2,5,0
2292987,Coutinho,Philippe Coutinho,Midfielder,AVL,0,0,1,3,1
2292987,Ings,Danny Ings,Forward,AVL,0,0,0,0,0
2292987,Chambers (Calum),Calum Chambers,Defender,AVL,0,0,0,1,0
2292987,Digne,Lucas Digne,Defender,AVL,3,0,0,2,0
2292987,Olsen,Robin Olsen,Goalkeeper,AVL,0,0,0,12,0
2292987,McGinn,John McGinn,Midfielder,AVL,1,0,0,3,0
2292987,Mings,Tyrone Mings,Defender,AVL,1,0,4,4,0
2292987,Bednarek,Jan Bednarek,Defender,AVL,2,1,0,0,0
2292987,Watkins,Ollie Watkins,Forward,AVL,2,0,0,3,0
2292987,Buendía,Emiliano Buendía,Midfielder,AVL,1,0,1,6,1
2292987,Cash,Matthew Cash,Defender,AVL,0,0,0,3,2
2292987,Konsa Ngoyo,Ezri Konsa Ngoyo,Defender,AVL,4,0,0,2,0
2292987,Bailey,Leon Bailey,Midfielder,AVL,0,0,0,3,2
2292987,Kamara,Boubacar Kamara,Midfielder,AVL,0,1,3,6,2
2292987,Douglas Luiz,Douglas Luiz Soares de Paulo,Midfielder,AVL,1,0,2,8,1
2292987,Lloris,Hugo Lloris,Goalkeeper,TOT,0,0,0,4,0
2292987,Perisic,Ivan Perisic,Defender,TOT,0,0,1,4,1
2292987,Kane,Harry Kane,Forward,TOT,1,0,0,2,1
2292987,Son,Heung-Min Son,Midfielder,TOT,0,1,0,5,2
2292987,Doherty,Matt Doherty,Defender,TOT,0,1,0,3,0
2292987,Davies (Ben),Ben Davies,Defender,TOT,1,0,0,4,1
2292987,Højbjerg,Pierre-Emile Højbjerg,Midfielder,TOT,1,1,2,5,2
2292987,Lenglet,Clément Lenglet,Defender,TOT,3,1,3,7,0
2292987,Sessegnon (Ryan),Kouassi Ryan Sessegnon,Defender,TOT,1,0,1,2,0
2292987,Skipp,Oliver Skipp,Midfielder,TOT,0,0,0,3,0
2292987,Romero,Cristian Romero,Defender,TOT,1,0,2,10,0
2292987,Bissouma,Yves Bissouma,Midfielder,TOT,0,1,1,6,0
2292987,Spence,Djed Spence,Defender,TOT,0,0,0,0,0
2292987,Emerson Royal,Emerson Aparecido Leite de Souza Junior,Defender,TOT,0,0,0,1,0
2292987,Gil,Bryan Gil,Midfielder,TOT,0,0,0,1,0
2292987,Sarr (Pape),Pape Sarr,Midfielder,TOT,1,0,1,1,1
2292988,Zanka,Mathias Jorgensen,Defender,BRE,4,0,2,2,3
2292988,Mee,Ben Mee,Defender,BRE,1,2,2,6,0
2292988,Jansson,Pontus Jansson,Defender,BRE,0,0,0,0,0
2292988,Norgaard,Christian Norgaard,Midfielder,BRE,4,1,1,4,1
2292988,Toney,Ivan Toney,Forward,BRE,1,2,1,4,0
2292988,Raya Martin,David Raya Martin,Goalkeeper,BRE,1,0,0,9,0
2292988,Dasilva,Pelenda Joshua Dasilva,Midfielder,BRE,0,0,0,2,0
2292988,Henry,Rico Henry,Defender,BRE,2,0,0,6,0
2292988,Janelt,Vitaly Janelt,Midfielder,BRE,1,0,1,4,1
2292988,Ghoddos,Saman Ghoddos,Midfielder,BRE,0,0,1,2,0
2292988,Jensen,Mathias Jensen,Midfielder,BRE,2,0,0,3,0
2292988,Wissa,Yoane Wissa,Forward,BRE,1,0,0,3,0
2292988,Roerslev,Mads Roerslev,Defender,BRE,3,0,1,5,2
2292988,Pinnock,Ethan Pinnock,Defender,BRE,14,1,0,2,0
2292988,Mbeumo,Bryan Mbeumo,Midfielder,BRE,0,0,0,5,1
2292988,Fabianski,Lukasz Fabianski,Goalkeeper,WHU,0,0,0,6,0
2292988,Ogbonna,Angelo Ogbonna,Defender,WHU,3,0,1,9,0
2292988,Cresswell (Aaron),Aaron Cresswell,Defender,WHU,3,0,3,4,0
2292988,Antonio,Michail Antonio,Forward,WHU,0,0,0,1,0
2292988,Dawson,Craig Dawson,Defender,WHU,1,0,1,5,0
2292988,Emerson,Emerson Palmieri dos Santos,Defender,WHU,0,0,0,2,0
2292988,Coufal,Vladimir Coufal,Defender,WHU,1,1,2,4,1
2292988,Benrahma,Said Benrahma,Midfielder,WHU,0,0,0,5,1
2292988,Bowen,Jarrod Bowen,Midfielder,WHU,0,0,0,2,0
2292988,Scamacca,Gianluca Scamacca,Forward,WHU,1,0,0,1,0
2292988,Rice,Declan Rice,Midfielder,WHU,0,0,0,11,1
2292988,Soucek,Tomas Soucek,Midfielder,WHU,0,0,0,0,0
2292988,Lucas Paquetá,Lucas Tolentino Coelho de Lima,Midfielder,WHU,1,0,0,9,2
2292989,De Gea,David De Gea,Goalkeeper,MUN,0,0,0,7,0
2292989,Casemiro,Carlos Henrique Jose Francisco Venancio,Midfielder,MUN,1,0,1,10,2
2292989,Eriksen,Christian Eriksen,Midfielder,MUN,0,0,1,2,1
2292989,Varane,Raphael Varane,Defender,MUN,7,3,0,3,0
2292989,Maguire,Harry Maguire,Defender,MUN,2,0,0,0,0
2292989,Fred,Frederico Rodrigues de Paula Santos,Midfielder,MUN,0,0,0,5,0
2292989,Shaw,Luke Shaw,Defender,MUN,1,1,2,10,1
2292989,Bruno Fernandes,Bruno Miguel Borges Fernandes,Midfielder,MUN,1,0,1,5,0
2292989,Martial,Anthony Martial,Forward,MUN,0,0,1,2,0
2292989,Rashford,Marcus Rashford,Midfielder,MUN,0,1,1,3,0
2292989,van de Beek,Donny van de Beek,Midfielder,MUN,0,0,0,0,0
2292989,Wan-Bissaka,Aaron Wan-Bissaka,Defender,MUN,2,1,4,3,1
2292989,Malacia,Tyrell Malacia,Defender,MUN,7,0,2,10,0
2292989,Elanga,Anthony Elanga,Midfielder,MUN,0,0,0,0,0
2292989,Antony,Antony Matheus dos Santos,Midfielder,MUN,0,0,1,6,0
2292989,Garnacho,Alejandro Garnacho Ferreyra,Midfielder,MUN,0,0,1,2,0
2292989,Costa,Diego Da Silva Costa,Forward,WOL,1,0,1,1,0
2292989,Moutinho,João Moutinho,Midfielder,WOL,0,0,0,7,0
2292989,Raúl Jiménez,Raul Alonso Jimenez Rodriguez,Forward,WOL,0,0,0,0,0
2292989,Jonny,Jonathan Castro Otto,Defender,WOL,0,0,2,4,0
2292989,José Sá,José Pedro Malheiro de Sá,Goalkeeper,WOL,0,0,0,15,0
2292989,Traoré (Adama),Adama Traoré,Midfielder,WOL,0,0,1,2,0
2292989,Ruben Neves,Rúben Diogo da Silva Neves,Midfielder,WOL,1,0,2,3,0
2292989,Hwang Hee-Chan,Hee-Chan Hwang,Midfielder,WOL,0,0,1,5,2
2292989,Semedo,Nelson Semedo,Defender,WOL,2,0,1,6,1
2292989,Podence,Daniel Podence,Midfielder,WOL,0,0,1,4,0
2292989,Kilman,Max Kilman,Defender,WOL,3,2,1,4,1
2292989,Collins,Nathan Collins,Defender,WOL,3,2,2,3,0
2292989,Ait Nouri,Rayan Ait Nouri,Defender,WOL,0,0,0,2,0
2292989,Matheus Nunes,Matheus Luiz Nunes,Midfielder,WOL,1,1,2,6,2
2292989,Bueno (Hugo),Hugo Bueno,Defender,WOL,0,0,0,5,0
2292989,Toti,Toti António Gomes,Defender,WOL,0,0,0,3,0
2292990,Xhaka,Granit Xhaka,Midfielder,ARS,1,0,0,5,1
2292990,Partey,Thomas Partey,Midfielder,ARS,3,1,1,9,1
2292990,Odegaard,Martin Odegaard,Midfielder,ARS,0,0,0,2,2
2292990,White (Ben),Ben White,Defender,ARS,1,0,1,2,3
2292990,Eddie Nketiah,Edward Nketiah,Forward,ARS,0,0,0,4,0
2292990,Zinchenko,Oleksandr Zinchenko,Defender,ARS,3,0,0,4,0
2292990,Saka,Bukayo Saka,Midfielder,ARS,1,0,0,4,0
2292990,Tomiyasu,Takehiro Tomiyasu,Defender,ARS,0,0,0,2,0
2292990,Ramsdale,Aaron Ramsdale,Goalkeeper,ARS,1,0,0,6,0
2292990,Gabriel Magalhães,Gabriel dos Santos Magalhães,Defender,ARS,3,0,1,5,1
2292990,Martinelli,Gabriel Teodoro Martinelli Silva,Midfielder,ARS,0,0,0,5,0
2292990,Saliba,William Saliba,Defender,ARS,4,1,0,6,0
2292990,Wood,Chris Wood,Forward,NEW,2,0,0,0,0
2292990,Wilson (Callum),Callum Wilson,Forward,NEW,0,0,0,1,0
2292990,Trippier,Kieran Trippier,Defender,NEW,0,2,0,7,1
2292990,Burn,Dan Burn,Defender,NEW,6,0,0,5,0
2292990,Pope,Nick Pope,Goalkeeper,NEW,0,0,0,10,0
2292990,Murphy (Jacob),Jacob Murphy,Midfielder,NEW,0,0,0,1,0
2292990,Schär,Fabian Schär,Defender,NEW,4,0,2,4,2
2292990,Saint-Maximin,Allan Saint-Maximin,Midfielder,NEW,0,0,0,0,1
2292990,Almirón,Miguel Almirón,Midfielder,NEW,0,0,0,1,4
2292990,Longstaff (Sean),Sean Longstaff,Midfielder,NEW,4,0,0,7,1
2292990,Joelinton,Joelinton Cássio Apolinário de Lira,Midfielder,NEW,1,0,2,6,5
2292990,Willock,Joseph Willock,Midfielder,NEW,1,2,0,6,0
2292990,Bruno Guimarães,Bruno Guimarães Rodriguez Moura,Midfielder,NEW,2,0,1,4,1
2292990,Botman,Sven Botman,Defender,NEW,6,1,0,2,1
2292991,Young (Ashley),Ashley Young,Defender,AVL,1,0,0,5,0
2292991,Coutinho,Philippe Coutinho,Midfielder,AVL,0,0,0,1,1
2292991,Ings,Danny Ings,Forward,AVL,1,1,0,1,0
2292991,Martinez,Emiliano Martinez,Goalkeeper,AVL,2,0,0,2,0
2292991,Digne,Lucas Digne,Defender,AVL,1,0,1,4,0
2292991,Mings,Tyrone Mings,Defender,AVL,4,0,2,8,0
2292991,Dendoncker (Leander),Leander Dendoncker,Midfielder,AVL,0,0,0,0,1
2292991,Augustinsson,Ludwig Augustinsson,Defender,AVL,0,0,0,3,0
2292991,Watkins,Ollie Watkins,Forward,AVL,3,0,0,2,0
2292991,Buendía,Emiliano Buendía,Midfielder,AVL,0,0,1,6,1
2292991,Cash,Matthew Cash,Defender,AVL,2,1,2,1,2
2292991,Konsa Ngoyo,Ezri Konsa Ngoyo,Defender,AVL,4,0,0,6,0
2292991,Bailey,Leon Bailey,Midfielder,AVL,0,0,0,3,0
2292991,Kamara,Boubacar Kamara,Midfielder,AVL,0,1,0,5,0
2292991,Douglas Luiz,Douglas Luiz Soares de Paulo,Midfielder,AVL,1,0,0,2,0
2292991,Costa,Diego Da Silva Costa,Forward,WOL,1,0,0,4,0
2292991,Moutinho,João Moutinho,Midfielder,WOL,0,0,0,4,0
2292991,José Sá,José Pedro Malheiro de Sá,Goalkeeper,WOL,0,0,0,8,0
2292991,Traoré (Adama),Adama Traoré,Midfielder,WOL,0,0,0,1,0
2292991,Ruben Neves,Rúben Diogo da Silva Neves,Midfielder,WOL,5,0,1,9,3
2292991,Hwang Hee-Chan,Hee-Chan Hwang,Midfielder,WOL,1,0,0,3,0
2292991,Semedo,Nelson Semedo,Defender,WOL,3,1,1,3,2
2292991,Podence,Daniel Podence,Midfielder,WOL,0,0,0,3,2
2292991,Kilman,Max Kilman,Defender,WOL,11,2,0,3,3
2292991,Hodge,Joseph Hodge,Midfielder,WOL,1,0,0,0,0
2292991,Matheus Cunha,Matheus Santos Carneiro Da Cunha,Forward,WOL,2,1,0,1,0
2292991,Collins,Nathan Collins,Defender,WOL,5,1,0,2,1
2292991,Ait Nouri,Rayan Ait Nouri,Defender,WOL,2,0,2,0,2
2292991,Matheus Nunes,Matheus Luiz Nunes,Midfielder,WOL,0,0,0,8,2
2292991,Bueno (Hugo),Hugo Bueno,Defender,WOL,3,0,2,4,2
2292991,Toti,Toti António Gomes,Defender,WOL,1,2,0,2,0
2292992,Zanka,Mathias Jorgensen,Defender,BRE,4,0,1,6,1
2292992,Mee,Ben Mee,Defender,BRE,4,2,0,6,0
2292992,Norgaard,Christian Norgaard,Midfielder,BRE,6,2,3,11,1
2292992,Raya Martin,David Raya Martin,Goalkeeper,BRE,0,0,0,15,0
2292992,Canos,Sergi Canos,Midfielder,BRE,0,0,0,0,0
2292992,Dasilva,Pelenda Joshua Dasilva,Midfielder,BRE,0,0,0,2,0
2292992,Henry,Rico Henry,Defender,BRE,5,0,2,9,1
2292992,Janelt,Vitaly Janelt,Midfielder,BRE,2,0,1,5,1
2292992,Ghoddos,Saman Ghoddos,Midfielder,BRE,0,0,1,7,0
2292992,Jensen,Mathias Jensen,Midfielder,BRE,0,0,2,4,1
2292992,Wissa,Yoane Wissa,Forward,BRE,0,0,0,2,0
2292992,Roerslev,Mads Roerslev,Defender,BRE,5,0,0,8,1
2292992,Bech Sørensen,Mads Bech Sørensen,Defender,BRE,0,0,0,0,0
2292992,Pinnock,Ethan Pinnock,Defender,BRE,11,4,2,3,1
2292992,Lewis-Potter,Keane Lewis-Potter,Midfielder,BRE,0,0,0,0,0
2292992,Mbeumo,Bryan Mbeumo,Midfielder,BRE,0,0,1,5,0
2292992,Matip,Joel Matip,Defender,LIV,2,0,0,5,0
2292992,Thiago Alcántara,Thiago Alcántara do Nascimento,Midfielder,LIV,1,0,0,5,1
2292992,Oxlade-Chamberlain,Alex Oxlade-Chamberlain,Midfielder,LIV,0,0,0,7,1
2292992,van Dijk,Virgil van Dijk,Defender,LIV,0,0,0,4,0
2292992,Alisson,Alisson Ramses Becker,Goalkeeper,LIV,2,0,0,7,0
2292992,Fabinho,Fabio Henrique Tavares,Midfielder,LIV,1,1,1,9,2
2292992,Salah,Mohamed Salah,Midfielder,LIV,0,0,0,1,0
2292992,Robertson (Andrew),Andrew Robertson,Defender,LIV,1,0,1,3,0
2292992,Alexander-Arnold,Trent Alexander-Arnold,Defender,LIV,1,0,1,5,0
2292992,Keita,Naby Keita,Midfielder,LIV,0,0,0,8,0
2292992,Konaté,Ibrahima Konaté,Defender,LIV,1,0,1,11,1
2292992,Jones (Curtis),Curtis Jones,Midfielder,LIV,0,0,0,0,0
2292992,Tsimikas,Konstantinos Tsimikas,Defender,LIV,3,0,0,2,0
2292992,Elliott (Harvey),Harvey Elliott,Midfielder,LIV,0,0,0,1,0
2292992,Núñez,Darwin Núñez,Forward,LIV,2,0,0,1,0
2292993,Azpilicueta,César Azpilicueta,Defender,CHE,2,1,0,3,1
2292993,Thiago Silva,Thiago Emiliano da Silva,Defender,CHE,5,0,1,5,2
2292993,Aubameyang,Pierre-Emerick Aubameyang,Forward,CHE,0,0,0,2,0
2292993,Koulibaly,Kalidou Koulibaly,Defender,CHE,3,1,2,4,0
2292993,Kovacic,Mateo Kovacic,Midfielder,CHE,1,0,1,5,3
2292993,Sterling (Raheem),Raheem Sterling,Midfielder,CHE,0,0,0,0,0
2292993,Kepa,Kepa Arrizabalaga Revuelta,Goalkeeper,CHE,0,0,0,14,0
2292993,Ziyech,Hakim Ziyech,Midfielder,CHE,0,0,0,4,1
2292993,Pulisic,Christian Pulisic,Midfielder,CHE,0,0,0,1,0
2292993,Cucurella,Marc Cucurella,Defender,CHE,1,1,2,7,1
2292993,Zakaria,Denis Zakaria,Midfielder,CHE,1,0,1,6,1
2292993,Havertz,Kai Havertz,Midfielder,CHE,0,0,2,7,0
2292993,Gallagher,Conor Gallagher,Midfielder,CHE,0,0,0,1,0
2292993,Chukwuemeka,Carney Chukwuemeka,Midfielder,CHE,0,0,2,5,2
2292993,Lewis Hall,Lewis Hall,Defender,CHE,1,0,1,2,0
2292993,Hutchinson,Omari Hutchinson,Midfielder,CHE,0,0,1,1,0
2292993,Walker,Kyle Walker,Defender,MCI,0,0,0,5,0
2292993,Gundogan,Ilkay Gundogan,Midfielder,MCI,0,0,2,11,3
2292993,De Bruyne,Kevin De Bruyne,Midfielder,MCI,1,0,0,2,1
2292993,Stones,John Stones,Defender,MCI,4,1,1,3,1
2292993,Mahrez,Riyad Mahrez,Midfielder,MCI,0,0,0,2,0
2292993,Grealish,Jack Grealish,Midfielder,MCI,1,0,0,1,1
2292993,João Cancelo,João Pedro Cavaco Cancelo,Defender,MCI,0,0,0,2,1
2292993,Ederson,Ederson Santana de Moraes,Goalkeeper,MCI,0,0,0,6,0
2292993,Aké,Nathan Aké,Defender,MCI,1,0,2,8,0
2292993,Phillips (Kalvin),Kalvin Phillips,Midfielder,MCI,1,0,0,0,0
2292993,Bernardo Silva,Bernardo Mota Veiga de Carvalho e Silva,Midfielder,MCI,0,1,1,3,1
2292993,Foden,Phil Foden,Midfielder,MCI,0,0,0,4,1
2292993,Akanji,Manuel Akanji,Defender,MCI,1,0,1,6,1
2292993,Rodri,Rodrigo Hernández Cascante,Midfielder,MCI,3,1,2,8,1
2292993,Haaland,Erling Haaland,Forward,MCI,2,0,1,3,0
2292993,Lewis (Rico),Rico Lewis,Defender,MCI,0,0,0,2,2
2292994,Guaita,Vicente Guaita,Goalkeeper,CRY,0,0,0,10,0
2292994,Ward (Joel),Joel Ward,Defender,CRY,1,3,0,2,2
2292994,Clyne,Nathaniel Clyne,Defender,CRY,1,0,2,6,1
2292994,Ayew (Jordan),Jordan Ayew,Midfielder,CRY,0,0,1,2,0
2292994,Zaha,Wilfried Zaha,Midfielder,CRY,0,0,1,3,0
2292994,Schlupp,Jeffrey Schlupp,Midfielder,CRY,1,0,1,6,3
2292994,Hughes (Will),Will Hughes,Midfielder,CRY,0,0,0,1,0
2292994,Andersen,Joachim Andersen,Defender,CRY,2,0,1,6,2
2292994,Edouard,Odsonne Edouard,Forward,CRY,0,0,0,2,0
2292994,Marc Guehi,Addji Keaninkin Marc-Israel Guehi,Defender,CRY,2,1,0,7,1
2292994,Mateta,Jean-Philippe Mateta,Forward,CRY,1,0,0,1,0
2292994,Eze,Eberechi Eze,Midfielder,CRY,0,0,0,3,0
2292994,Doucoure,Cheick Oumar Doucoure,Midfielder,CRY,2,1,2,12,3
2292994,Olise,Michael Olise,Midfielder,CRY,0,0,0,2,1
2292994,Lloris,Hugo Lloris,Goalkeeper,TOT,1,0,1,9,0
2292994,Perisic,Ivan Perisic,Defender,TOT,2,1,2,2,1
2292994,Kane,Harry Kane,Forward,TOT,2,0,0,3,0
2292994,Son,Heung-Min Son,Midfielder,TOT,0,0,1,9,1
2292994,Doherty,Matt Doherty,Defender,TOT,1,1,1,2,3
2292994,Dier,Eric Dier,Defender,TOT,6,3,0,5,0
2292994,Davies (Ben),Ben Davies,Defender,TOT,0,0,0,0,0
2292994,Højbjerg,Pierre-Emile Højbjerg,Midfielder,TOT,2,1,1,10,2
2292994,Lenglet,Clément Lenglet,Defender,TOT,4,0,1,3,1
2292994,Sessegnon (Ryan),Kouassi Ryan Sessegnon,Defender,TOT,1,0,0,0,0
2292994,Skipp,Oliver Skipp,Midfielder,TOT,3,0,0,9,0
2292994,Romero,Cristian Romero,Defender,TOT,3,0,0,8,2
2292994,Emerson Royal,Emerson Aparecido Leite de Souza Junior,Defender,TOT,0,0,1,0,2
2292994,Gil,Bryan Gil,Midfielder,TOT,1,0,1,2,0
2292994,White (Harvey),Harvey White,Midfielder,TOT,0,0,0,0,0
2292994,Sarr (Pape),Pape Sarr,Midfielder,TOT,1,0,0,2,2
2292995,Lallana,Adam Lallana,Midfielder,BHA,0,0,0,0,0
2292995,Groß,Pascal Groß,Midfielder,BHA,0,0,1,2,0
2292995,Dunk,Lewis Dunk,Defender,BHA,3,0,0,3,0
2292995,March,Solomon March,Midfielder,BHA,0,1,1,7,2
2292995,Veltman,Joël Veltman,Defender,BHA,2,0,0,2,1
2292995,Estupiñán,Pervis Estupiñán,Defender,BHA,3,0,2,5,2
2292995,Sanchez,Robert Sanchez,Goalkeeper,BHA,0,0,1,10,0
2292995,Lamptey,Tariq Lamptey,Defender,BHA,0,0,0,1,0
2292995,Mac Allister,Alexis Mac Allister,Midfielder,BHA,0,0,0,2,0
2292995,Sarmiento,Jeremy Sarmiento,Midfielder,BHA,0,0,0,1,2
2292995,Mitoma,Kaoru Mitoma,Midfielder,BHA,0,0,0,5,2
2292995,Colwill,Levi Colwill,Defender,BHA,4,0,0,3,0
2292995,Enciso,Julio Enciso,Midfielder,BHA,0,0,0,1,0
2292995,Moises Caicedo,Moises Caicedo,Midfielder,BHA,1,0,3,9,1
2292995,Ferguson (Evan),Evan Ferguson,Forward,BHA,0,0,0,3,0
2292995,Moran,Andrew Moran,Midfielder,BHA,0,0,0,0,0
2292995,Tarkowski,James Tarkowski,Defender,EVE,6,0,2,4,1
2292995,Coleman,Seamus Coleman,Defender,EVE,1,0,0,2,1
2292995,Gueye,Idrissa Gueye,Midfielder,EVE,0,1,5,3,1
2292995,Coady,Conor Coady,Defender,EVE,3,0,1,1,1
2292995,Pickford,Jordan Pickford,Goalkeeper,EVE,0,0,0,8,0
2292995,Maupay,Neal Maupay,Forward,EVE,0,0,0,1,0
2292995,Doucouré,Abdoulaye Doucouré,Midfielder,EVE,0,0,0,2,0
2292995,Iwobi,Alex Iwobi,Midfielder,EVE,0,0,0,7,1
2292995,Gray (Demarai),Demarai Gray,Midfielder,EVE,0,0,1,3,1
2292995,Davies (Tom),Tom Davies,Midfielder,EVE,0,1,0,4,1
2292995,Calvert-Lewin,Dominic Calvert-Lewin,Forward,EVE,1,0,0,2,0
2292995,Simms,Ellis Simms,Forward,EVE,0,0,0,0,0
2292995,Mykolenko,Vitaliy Mykolenko,Defender,EVE,2,2,0,5,1
2292995,Patterson (Nathan),Nathan Patterson,Defender,EVE,1,0,0,5,2
2292995,McNeil,Dwight McNeil,Midfielder,EVE,1,0,0,3,0
2292995,Price,Isaac Price,Midfielder,EVE,0,1,0,0,0
2292996,Cooper,Liam Cooper,Defender,LEE,2,0,4,5,4
2292996,Ayling,Luke Ayling,Defender,LEE,4,0,3,10,0
2292996,Klich,Mateusz Klich,Midfielder,LEE,0,0,0,2,0
2292996,Rodrigo,Rodrigo Moreno Machado,Midfielder,LEE,0,0,0,3,0
2292996,Koch,Robin Koch,Defender,LEE,6,1,2,3,1
2292996,Adams (Tyler),Tyler Adams,Midfielder,LEE,4,0,3,8,2
2292996,Harrison,Jack Harrison,Midfielder,LEE,0,0,0,1,0
2292996,Struijk,Pascal Struijk,Defender,LEE,0,0,0,6,3
2292996,Roca,Marc Roca,Midfielder,LEE,3,0,1,1,0
2292996,Greenwood (Sam),Sam Greenwood,Forward,LEE,0,0,0,3,0
2292996,Aaronson,Brenden Aaronson,Midfielder,LEE,0,1,0,2,0
2292996,Meslier,Illan Meslier,Goalkeeper,LEE,1,0,0,7,0
2292996,Summerville,Crysencio Summerville,Midfielder,LEE,0,0,0,4,1
2292996,Gelhardt,Joe Gelhardt,Forward,LEE,0,0,0,0,0
2292996,Gnonto,Degnand Wilfried Gnonto,Forward,LEE,0,0,0,2,2
2292996,Fabianski,Lukasz Fabianski,Goalkeeper,WHU,0,0,0,2,0
2292996,Cresswell (Aaron),Aaron Cresswell,Defender,WHU,0,0,1,0,0
2292996,Antonio,Michail Antonio,Forward,WHU,0,1,0,1,0
2292996,Dawson,Craig Dawson,Defender,WHU,3,0,1,7,1
2292996,Coufal,Vladimir Coufal,Defender,WHU,2,0,2,6,3
2292996,Benrahma,Said Benrahma,Midfielder,WHU,1,0,0,1,0
2292996,Bowen,Jarrod Bowen,Midfielder,WHU,2,0,0,4,0
2292996,Scamacca,Gianluca Scamacca,Forward,WHU,0,0,2,2,1
2292996,Kehrer,Thilo Kehrer,Defender,WHU,3,1,0,3,1
2292996,Rice,Declan Rice,Midfielder,WHU,1,0,3,9,0
2292996,Aguerd,Nayef Aguerd,Defender,WHU,2,0,0,1,1
2292996,Soucek,Tomas Soucek,Midfielder,WHU,1,1,1,1,0
2292996,Fornals,Pablo Fornals,Midfielder,WHU,0,0,1,9,0
2292996,Downes,Flynn Downes,Midfielder,WHU,1,0,1,2,1
2292996,Lucas Paquetá,Lucas Tolentino Coelho de Lima,Midfielder,WHU,1,0,1,4,1
2292997,Willian,Willian Borges Da Silva,Midfielder,FUL,0,0,1,3,1
2292997,Cairney,Tom Cairney,Midfielder,FUL,0,0,0,3,0
2292997,Leno,Bernd Leno,Goalkeeper,FUL,1,0,0,7,0
2292997,Ream,Tim Ream,Defender,FUL,8,0,1,7,0
2292997,DeCordova-Reid,Bobby DeCordova-Reid,Midfielder,FUL,1,0,0,4,0
2292997,Tosin,Oluwatosin Adarabioyo,Defender,FUL,8,0,2,11,1
2292997,Mitrovic,Aleksandar Mitrovic,Forward,FUL,1,1,0,5,0
2292997,Reed,Harrison Reed,Midfielder,FUL,1,0,0,6,0
2292997,Wilson (Harry),Harry Wilson,Midfielder,FUL,2,0,0,0,1
2292997,João Palhinha,João Maria Lobo Alves Palhinha Gonçalves,Midfielder,FUL,3,0,2,7,2
2292997,Pereira,Andreas Pereira,Midfielder,FUL,0,1,0,1,1
2292997,Tete,Kenny Tete,Defender,FUL,5,1,3,4,2
2292997,Robinson (Antonee),Antonee Robinson,Defender,FUL,1,0,1,10,0
2292997,Diop,Issa Diop,Defender,FUL,1,0,0,0,0
2292997,Albrighton,Marc Albrighton,Midfielder,LEI,1,0,1,8,0
2292997,Mendy (Nampalys),Nampalys Mendy,Midfielder,LEI,0,0,0,2,0
2292997,Ward (Danny),Danny Ward,Goalkeeper,LEI,1,0,0,4,0
2292997,Vardy,Jamie Vardy,Forward,LEI,1,0,0,0,0
2292997,Amartey,Daniel Amartey,Defender,LEI,2,1,0,6,0
2292997,Castagne,Timothy Castagne,Defender,LEI,2,0,2,6,3
2292997,Tielemans,Youri Tielemans,Midfielder,LEI,0,0,2,12,1
2292997,Ayoze Pérez,Ayoze Pérez Gutiérrez,Midfielder,LEI,0,0,0,10,0
2292997,Iheanacho,Kelechi Iheanacho,Forward,LEI,0,0,0,1,0
2292997,Barnes,Harvey Barnes,Midfielder,LEI,0,0,0,2,1
2292997,Ndidi,Onyinye Wilfred Ndidi,Midfielder,LEI,1,0,2,4,4
2292997,Faes,Wout Faes,Defender,LEI,5,0,1,12,2
2292997,Soumaré,Boubakary Soumaré,Midfielder,LEI,0,0,0,0,1
2292997,Thomas,Luke Thomas,Defender,LEI,2,1,5,5,2
2292998,Smith (Adam),Adam Smith,Defender,BOU,1,1,0,2,0
2292998,Moore (Kieffer),Kieffer Moore,Forward,BOU,2,0,0,0,0
2292998,Lerma,Jefferson Lerma,Midfielder,BOU,1,0,1,6,0
2292998,Stacey,Jack Stacey,Defender,BOU,1,1,0,3,0
2292998,Solanke,Dominic Solanke,Forward,BOU,1,0,0,1,0
2292998,Cook (Lewis),Lewis Cook,Midfielder,BOU,3,1,1,5,1
2292998,Rothwell,Joe Rothwell,Midfielder,BOU,0,0,0,0,0
2292998,Christie,Ryan Christie,Midfielder,BOU,0,0,5,7,0
2292998,Billing,Philip Billing,Midfielder,BOU,1,0,0,4,0
2292998,Senesi,Marcos Senesi,Defender,BOU,2,1,0,7,1
2292998,Mepham,Chris Mepham,Defender,BOU,1,0,1,4,3
2292998,Travers,Mark Travers,Goalkeeper,BOU,1,0,0,5,0
2292998,Kelly (Lloyd),Lloyd Kelly,Defender,BOU,4,1,1,7,1
2292998,Dembélé,Siriki Dembélé,Midfielder,BOU,1,0,0,2,0
2292998,Anthony,Jaidon Anthony,Midfielder,BOU,0,1,3,10,0
2292998,De Gea,David De Gea,Goalkeeper,MUN,1,0,0,3,0
2292998,Casemiro,Carlos Henrique Jose Francisco Venancio,Midfielder,MUN,0,0,0,6,0
2292998,Eriksen,Christian Eriksen,Midfielder,MUN,1,0,0,3,2
2292998,Maguire,Harry Maguire,Defender,MUN,3,0,2,9,2
2292998,Fred,Frederico Rodrigues de Paula Santos,Midfielder,MUN,0,0,1,5,0
2292998,Shaw,Luke Shaw,Defender,MUN,3,0,0,12,0
2292998,Bruno Fernandes,Bruno Miguel Borges Fernandes,Midfielder,MUN,0,0,0,5,1
2292998,Martial,Anthony Martial,Forward,MUN,0,0,0,2,0
2292998,Rashford,Marcus Rashford,Midfielder,MUN,0,0,1,3,0
2292998,van de Beek,Donny van de Beek,Midfielder,MUN,0,1,1,2,0
2292998,Lindelof,Victor Nilsson-Lindelof,Defender,MUN,2,0,1,6,0
2292998,Wan-Bissaka,Aaron Wan-Bissaka,Defender,MUN,1,0,2,4,1
2292998,Dalot,José Diogo Dalot Teixeira,Defender,MUN,0,0,1,4,0
2292998,Martínez,Lisandro Martínez,Defender,MUN,0,0,0,1,0
2292998,Elanga,Anthony Elanga,Midfielder,MUN,0,0,0,0,0
2292998,Garnacho,Alejandro Garnacho Ferreyra,Midfielder,MUN,0,0,1,1,0
2292999,Colback,Jack Colback,Midfielder,NFO,1,0,0,2,2
2292999,Aurier,Serge Aurier,Defender,NFO,6,0,5,7,1
2292999,Freuler,Remo Freuler,Midfielder,NFO,3,0,0,5,1
2292999,Boly,Willy Boly,Defender,NFO,7,0,2,3,0
2292999,Toffolo,Harry Toffolo,Defender,NFO,1,1,0,0,0
2292999,Henderson (Dean),Dean Henderson,Goalkeeper,NFO,1,0,0,9,0
2292999,Mangala,Orel Mangala,Midfielder,NFO,1,0,1,3,1
2292999,Gustavo Scarpa,Gustavo Henrique Furtado Scarpa,Midfielder,NFO,0,0,0,0,0
2292999,Yates,Ryan Yates,Midfielder,NFO,0,0,0,6,0
2292999,Worrall,Joe Worrall,Defender,NFO,6,0,2,2,0
2292999,Awoniyi,Taiwo Awoniyi,Forward,NFO,2,0,0,6,1
2292999,Williams (Neco),Neco Williams,Defender,NFO,0,0,0,1,0
2292999,Surridge,Sam Surridge,Forward,NFO,1,0,0,6,0
2292999,Gibbs-White,Morgan Gibbs-White,Midfielder,NFO,0,0,0,1,1
2292999,Renan Lodi,Renan Augusto Lodi dos Santos,Defender,NFO,3,1,0,10,2
2292999,Johnson (Brennan),Brennan Johnson,Midfielder,NFO,0,0,0,4,2
2292999,Armstrong (Stuart),Stuart Armstrong,Midfielder,SOU,0,0,0,1,0
2292999,Elyounoussi,Mohammed Elyounoussi,Midfielder,SOU,0,0,0,4,0
2292999,Ward-Prowse,James Ward-Prowse,Midfielder,SOU,1,0,2,6,0
2292999,Armstrong (Adam),Adam Armstrong,Forward,SOU,0,0,0,2,0
2292999,Walker-Peters,Kyle Walker-Peters,Defender,SOU,0,0,0,6,0
2292999,Caleta-Car,Duje Caleta-Car,Defender,SOU,4,0,1,6,0
2292999,Aribo,Joe Aribo,Midfielder,SOU,0,0,1,3,0
2292999,Adams (Che),Che Adams,Forward,SOU,0,0,1,1,0
2292999,Lyanco,Lyanco Evangelista Silveira Neves Vojnovic,Defender,SOU,2,1,0,6,0
2292999,Perraud,Romain Perraud,Defender,SOU,1,0,0,2,2
2292999,Salisu,Mohammed Salisu,Defender,SOU,5,0,2,8,1
2292999,Bazunu,Gavin Bazunu,Goalkeeper,SOU,0,0,0,5,0
2292999,Mara,Sékou Mara,Forward,SOU,0,0,0,5,1
2292999,Bella Kotchap,Armel Bella Kotchap,Defender,SOU,3,0,1,3,1
2292999,Edozie,Samuel Edozie,Midfielder,SOU,0,0,0,1,0
2292999,Lavia,Romeo Lavia,Midfielder,SOU,1,0,1,5,2
2293000,Young (Ashley),Ashley Young,Defender,AVL,2,2,1,7,4
2293000,Coutinho,Philippe Coutinho,Midfielder,AVL,0,0,0,4,0
2293000,Ings,Danny Ings,Forward,AVL,3,0,0,1,1
2293000,Martinez,Emiliano Martinez,Goalkeeper,AVL,0,0,0,10,0
2293000,Digne,Lucas Digne,Defender,AVL,0,0,0,1,0
2293000,Álex Moreno,Alexandre Moreno Lopera,Defender,AVL,3,1,0,9,0
2293000,Sanson,Morgan Sanson,Midfielder,AVL,0,0,0,1,1
2293000,Mings,Tyrone Mings,Defender,AVL,6,1,3,3,0
2293000,Watkins,Ollie Watkins,Forward,AVL,0,0,0,0,0
2293000,Buendía,Emiliano Buendía,Midfielder,AVL,1,0,1,3,2
2293000,Konsa Ngoyo,Ezri Konsa Ngoyo,Defender,AVL,5,2,3,7,0
2293000,Bailey,Leon Bailey,Midfielder,AVL,1,0,0,5,0
2293000,Kamara,Boubacar Kamara,Midfielder,AVL,2,2,0,6,2
2293000,Douglas Luiz,Douglas Luiz Soares de Paulo,Midfielder,AVL,2,1,4,7,2
2293000,Ramsey (Jacob),Jacob Ramsey,Midfielder,AVL,3,0,1,1,1
2293000,Cooper,Liam Cooper,Defender,LEE,1,1,0,11,1
2293000,Ayling,Luke Ayling,Defender,LEE,0,0,3,8,2
2293000,Rodrigo,Rodrigo Moreno Machado,Midfielder,LEE,0,0,0,2,0
2293000,Bamford,Patrick Bamford,Forward,LEE,0,0,0,1,0
2293000,Koch,Robin Koch,Defender,LEE,1,0,4,6,2
2293000,Adams (Tyler),Tyler Adams,Midfielder,LEE,0,0,1,9,3
2293000,Wöber,Maximilian Wöber,Defender,LEE,2,0,0,1,1
2293000,Harrison,Jack Harrison,Midfielder,LEE,0,0,0,2,1
2293000,Struijk,Pascal Struijk,Defender,LEE,0,0,2,2,0
2293000,Roca,Marc Roca,Midfielder,LEE,0,1,2,4,2
2293000,Greenwood (Sam),Sam Greenwood,Forward,LEE,0,0,0,2,0
2293000,Aaronson,Brenden Aaronson,Midfielder,LEE,0,0,0,4,2
2293000,Meslier,Illan Meslier,Goalkeeper,LEE,1,0,0,5,0
2293000,Firpo,Junior Firpo,Defender,LEE,2,0,0,1,0
2293000,Gelhardt,Joe Gelhardt,Forward,LEE,0,0,0,1,0
2293000,Gnonto,Degnand Wilfried Gnonto,Forward,LEE,0,0,0,5,0
2293001,Neto,Norberto Murara Neto,Goalkeeper,BOU,0,0,0,7,0
2293001,Moore (Kieffer),Kieffer Moore,Forward,BOU,1,0,0,1,2
2293001,Lerma,Jefferson Lerma,Midfielder,BOU,2,0,1,7,1
2293001,Stacey,Jack Stacey,Defender,BOU,4,0,3,4,0
2293001,Cook (Lewis),Lewis Cook,Midfielder,BOU,2,0,1,1,1
2293001,Rothwell,Joe Rothwell,Midfielder,BOU,0,0,0,0,0
2293001,Pearson,Ben Pearson,Midfielder,BOU,2,0,1,7,1
2293001,Christie,Ryan Christie,Midfielder,BOU,0,0,3,7,2
2293001,Billing,Philip Billing,Midfielder,BOU,0,0,0,3,1
2293001,Senesi,Marcos Senesi,Defender,BOU,8,0,1,7,0
2293001,Mepham,Chris Mepham,Defender,BOU,6,0,1,5,0
2293001,Kelly (Lloyd),Lloyd Kelly,Defender,BOU,6,1,2,1,0
2293001,Dembélé,Siriki Dembélé,Midfielder,BOU,0,0,0,1,0
2293001,Anthony,Jaidon Anthony,Midfielder,BOU,0,0,0,6,3
2293001,Zanka,Mathias Jorgensen,Defender,BRE,1,0,0,0,0
2293001,Mee,Ben Mee,Defender,BRE,5,0,3,8,1
2293001,Norgaard,Christian Norgaard,Midfielder,BRE,0,1,2,11,3
2293001,Toney,Ivan Toney,Forward,BRE,0,0,0,4,0
2293001,Raya Martin,David Raya Martin,Goalkeeper,BRE,0,0,0,7,0
2293001,Dasilva,Pelenda Joshua Dasilva,Midfielder,BRE,0,0,0,2,2
2293001,Ajer,Kristoffer Ajer,Defender,BRE,1,0,1,2,0
2293001,Janelt,Vitaly Janelt,Midfielder,BRE,2,1,0,6,3
2293001,Jensen,Mathias Jensen,Midfielder,BRE,0,0,0,8,0
2293001,Wissa,Yoane Wissa,Forward,BRE,1,0,0,2,0
2293001,Roerslev,Mads Roerslev,Defender,BRE,0,0,1,2,1
2293001,Pinnock,Ethan Pinnock,Defender,BRE,9,0,0,7,0
2293001,Lewis-Potter,Keane Lewis-Potter,Midfielder,BRE,0,0,0,2,0
2293001,Damsgaard,Mikkel Damsgaard,Midfielder,BRE,0,0,0,0,0
2293001,Mbeumo,Bryan Mbeumo,Midfielder,BRE,0,0,0,5,1
2293001,Schade,Kevin Schade,Midfielder,BRE,0,0,0,0,0
2293002,Lallana,Adam Lallana,Midfielder,BHA,0,0,0,0,0
2293002,Welbeck,Danny Welbeck,Forward,BHA,0,0,0,0,0
2293002,Groß,Pascal Groß,Midfielder,BHA,1,0,3,3,1
2293002,Dunk,Lewis Dunk,Defender,BHA,1,1,0,8,1
2293002,March,Solomon March,Midfielder,BHA,0,0,0,5,0
2293002,Webster (Adam),Adam Webster,Defender,BHA,0,0,0,0,0
2293002,Veltman,Joël Veltman,Defender,BHA,1,0,0,5,3
2293002,Estupiñán,Pervis Estupiñán,Defender,BHA,0,0,2,8,1
2293002,Sanchez,Robert Sanchez,Goalkeeper,BHA,2,0,0,11,0
2293002,Lamptey,Tariq Lamptey,Defender,BHA,0,0,0,0,0
2293002,Mac Allister,Alexis Mac Allister,Midfielder,BHA,0,0,0,7,0
2293002,Sarmiento,Jeremy Sarmiento,Midfielder,BHA,0,0,0,0,0
2293002,Mitoma,Kaoru Mitoma,Midfielder,BHA,0,0,0,1,0
2293002,Colwill,Levi Colwill,Defender,BHA,2,0,0,8,0
2293002,Moises Caicedo,Moises Caicedo,Midfielder,BHA,0,0,1,11,3
2293002,Ferguson (Evan),Evan Ferguson,Forward,BHA,0,0,1,0,0
2293002,Henderson (Jordan),Jordan Henderson,Midfielder,LIV,0,0,1,5,1
2293002,Matip,Joel Matip,Defender,LIV,4,0,2,4,0
2293002,Thiago Alcántara,Thiago Alcántara do Nascimento,Midfielder,LIV,2,0,5,5,2
2293002,Oxlade-Chamberlain,Alex Oxlade-Chamberlain,Midfielder,LIV,1,0,1,4,2
2293002,Alisson,Alisson Ramses Becker,Goalkeeper,LIV,2,0,0,10,0
2293002,Fabinho,Fabio Henrique Tavares,Midfielder,LIV,1,0,1,3,0
2293002,Salah,Mohamed Salah,Midfielder,LIV,1,0,1,5,0
2293002,Robertson (Andrew),Andrew Robertson,Defender,LIV,4,1,2,6,3
2293002,Alexander-Arnold,Trent Alexander-Arnold,Defender,LIV,1,2,1,5,0
2293002,Gomez,Joseph Gomez,Defender,LIV,1,1,0,1,0
2293002,Keita,Naby Keita,Midfielder,LIV,1,0,1,2,0
2293002,Konaté,Ibrahima Konaté,Defender,LIV,6,1,1,8,3
2293002,Gakpo,Cody Gakpo,Forward,LIV,0,0,0,0,0
2293002,Elliott (Harvey),Harvey Elliott,Midfielder,LIV,0,0,0,4,0
2293002,Doak,Ben Doak,Midfielder,LIV,0,0,0,2,1
2293003,Azpilicueta,César Azpilicueta,Defender,CHE,0,0,0,1,0
2293003,Thiago Silva,Thiago Emiliano da Silva,Defender,CHE,7,0,1,6,1
2293003,Aubameyang,Pierre-Emerick Aubameyang,Forward,CHE,1,0,0,1,0
2293003,Jorginho,Jorge Luiz Frello Filho,Midfielder,CHE,0,0,0,9,2
2293003,Koulibaly,Kalidou Koulibaly,Defender,CHE,0,0,0,1,0
2293003,Kovacic,Mateo Kovacic,Midfielder,CHE,0,0,0,0,0
2293003,Kepa,Kepa Arrizabalaga Revuelta,Goalkeeper,CHE,1,0,0,5,0
2293003,Ziyech,Hakim Ziyech,Midfielder,CHE,0,0,1,7,4
2293003,Chalobah (Trevoh),Trevoh Chalobah,Defender,CHE,2,1,2,4,2
2293003,Mount,Mason Mount,Midfielder,CHE,0,0,1,2,0
2293003,Havertz,Kai Havertz,Midfielder,CHE,1,0,0,2,1
2293003,Gallagher,Conor Gallagher,Midfielder,CHE,0,2,0,5,3
2293003,Badiashile,Benoît Badiashile,Defender,CHE,9,0,0,6,2
2293003,Chukwuemeka,Carney Chukwuemeka,Midfielder,CHE,0,0,2,3,1
2293003,Lewis Hall,Lewis Hall,Defender,CHE,1,0,0,3,2
2293003,Guaita,Vicente Guaita,Goalkeeper,CRY,1,0,0,11,0
2293003,Tomkins,James Tomkins,Defender,CRY,4,0,1,0,0
2293003,Clyne,Nathaniel Clyne,Defender,CRY,2,0,0,4,1
2293003,Ayew (Jordan),Jordan Ayew,Midfielder,CRY,3,0,0,5,2
2293003,Zaha,Wilfried Zaha,Midfielder,CRY,0,1,0,0,1
2293003,Schlupp,Jeffrey Schlupp,Midfielder,CRY,2,0,1,5,1
2293003,Hughes (Will),Will Hughes,Midfielder,CRY,0,0,0,2,0
2293003,Andersen,Joachim Andersen,Defender,CRY,2,0,0,2,1
2293003,Edouard,Odsonne Edouard,Forward,CRY,0,0,0,1,0
2293003,Marc Guehi,Addji Keaninkin Marc-Israel Guehi,Defender,CRY,5,1,0,4,0
2293003,Mateta,Jean-Philippe Mateta,Forward,CRY,0,0,0,1,0
2293003,Eze,Eberechi Eze,Midfielder,CRY,0,0,1,4,0
2293003,Mitchell,Tyrick Mitchell,Defender,CRY,4,1,1,3,2
2293003,Doucoure,Cheick Oumar Doucoure,Midfielder,CRY,1,2,4,7,2
2293003,Olise,Michael Olise,Midfielder,CRY,0,0,0,6,1
2293004,Tarkowski,James Tarkowski,Defender,EVE,5,1,0,1,0
2293004,Coleman,Seamus Coleman,Defender,EVE,2,1,2,5,0
2293004,Gueye,Idrissa Gueye,Midfielder,EVE,1,1,1,6,1
2293004,Coady,Conor Coady,Defender,EVE,2,1,0,8,0
2293004,Pickford,Jordan Pickford,Goalkeeper,EVE,0,0,0,12,0
2293004,Iwobi,Alex Iwobi,Midfielder,EVE,1,0,1,4,0
2293004,Gray (Demarai),Demarai Gray,Midfielder,EVE,2,0,0,2,1
2293004,Calvert-Lewin,Dominic Calvert-Lewin,Forward,EVE,1,0,1,3,0
2293004,Godfrey,Ben Godfrey,Defender,EVE,1,1,1,3,2
2293004,Simms,Ellis Simms,Forward,EVE,0,0,0,1,0
2293004,Mykolenko,Vitaliy Mykolenko,Defender,EVE,1,1,1,3,1
2293004,Gordon (Anthony),Anthony Gordon,Midfielder,EVE,0,0,0,1,0
2293004,Mvom Onana,Amadou Mvom Onana,Midfielder,EVE,2,0,3,8,1
2293004,Elyounoussi,Mohammed Elyounoussi,Midfielder,SOU,1,0,0,4,0
2293004,Ward-Prowse,James Ward-Prowse,Midfielder,SOU,1,0,0,3,0
2293004,Maitland-Niles,Ainsley Maitland-Niles,Midfielder,SOU,0,0,0,2,0
2293004,Armstrong (Adam),Adam Armstrong,Forward,SOU,0,0,0,3,1
2293004,Walker-Peters,Kyle Walker-Peters,Defender,SOU,1,0,1,3,1
2293004,Caleta-Car,Duje Caleta-Car,Defender,SOU,15,0,1,4,2
2293004,Adams (Che),Che Adams,Forward,SOU,1,0,0,7,1
2293004,Lyanco,Lyanco Evangelista Silveira Neves Vojnovic,Defender,SOU,1,0,1,10,2
2293004,Diallo,Ibrahima Diallo,Midfielder,SOU,0,1,1,5,1
2293004,Perraud,Romain Perraud,Defender,SOU,0,0,0,0,0
2293004,Salisu,Mohammed Salisu,Defender,SOU,8,1,1,6,2
2293004,Bazunu,Gavin Bazunu,Goalkeeper,SOU,2,0,0,10,0
2293004,Mara,Sékou Mara,Forward,SOU,0,0,0,1,0
2293004,Edozie,Samuel Edozie,Midfielder,SOU,0,0,0,4,1
2293004,Alcaraz,Carlos Alcaraz,Midfielder,SOU,1,1,0,1,0
2293004,Lavia,Romeo Lavia,Midfielder,SOU,0,0,0,1,1
2293005,Walker,Kyle Walker,Defender,MCI,0,1,0,5,0
2293005,De Bruyne,Kevin De Bruyne,Midfielder,MCI,0,0,0,3,0
2293005,Mahrez,Riyad Mahrez,Midfielder,MCI,0,0,1,4,0
2293005,Grealish,Jack Grealish,Midfielder,MCI,0,0,0,1,0
2293005,João Cancelo,João Pedro Cavaco Cancelo,Defender,MCI,3,0,0,1,0
2293005,Ederson,Ederson Santana de Moraes,Goalkeeper,MCI,0,0,0,6,0
2293005,Aké,Nathan Aké,Defender,MCI,1,1,0,8,0
2293005,Bernardo Silva,Bernardo Mota Veiga de Carvalho e Silva,Midfielder,MCI,0,0,0,2,1
2293005,Foden,Phil Foden,Midfielder,MCI,0,0,0,1,0
2293005,Akanji,Manuel Akanji,Defender,MCI,0,2,2,6,0
2293005,Rodri,Rodrigo Hernández Cascante,Midfielder,MCI,0,0,1,12,0
2293005,Haaland,Erling Haaland,Forward,MCI,1,0,0,0,0
2293005,De Gea,David De Gea,Goalkeeper,MUN,0,0,0,10,0
2293005,Casemiro,Carlos Henrique Jose Francisco Venancio,Midfielder,MUN,4,1,1,7,0
2293005,Eriksen,Christian Eriksen,Midfielder,MUN,0,0,0,1,0
2293005,Varane,Raphael Varane,Defender,MUN,5,1,0,6,0
2293005,Maguire,Harry Maguire,Defender,MUN,1,0,0,0,0
2293005,Fred,Frederico Rodrigues de Paula Santos,Midfielder,MUN,0,0,1,4,1
2293005,Shaw,Luke Shaw,Defender,MUN,6,0,0,2,0
2293005,Bruno Fernandes,Bruno Miguel Borges Fernandes,Midfielder,MUN,1,0,0,5,0
2293005,Martial,Anthony Martial,Forward,MUN,0,0,0,0,0
2293005,Rashford,Marcus Rashford,Midfielder,MUN,0,0,0,3,1
2293005,McTominay,Scott McTominay,Midfielder,MUN,0,0,0,0,0
2293005,Wan-Bissaka,Aaron Wan-Bissaka,Defender,MUN,1,0,1,5,3
2293005,Martínez,Lisandro Martínez,Defender,MUN,3,0,0,0,0
2293005,Malacia,Tyrell Malacia,Defender,MUN,5,0,2,8,3
2293005,Antony,Antony Matheus dos Santos,Midfielder,MUN,0,0,0,2,0
2293005,Garnacho,Alejandro Garnacho Ferreyra,Midfielder,MUN,0,0,1,1,0
2293006,Willian,Willian Borges Da Silva,Midfielder,FUL,0,0,0,4,0
2293006,Cairney,Tom Cairney,Midfielder,FUL,0,0,0,0,0
2293006,Leno,Bernd Leno,Goalkeeper,FUL,1,0,0,14,0
2293006,Ream,Tim Ream,Defender,FUL,3,0,2,6,0
2293006,Kurzawa,Layvin Kurzawa,Defender,FUL,1,1,1,3,1
2293006,DeCordova-Reid,Bobby DeCordova-Reid,Midfielder,FUL,3,0,1,5,0
2293006,Tosin,Oluwatosin Adarabioyo,Defender,FUL,0,0,0,0,0
2293006,Mitrovic,Aleksandar Mitrovic,Forward,FUL,2,0,0,2,0
2293006,Reed,Harrison Reed,Midfielder,FUL,2,1,0,10,1
2293006,Wilson (Harry),Harry Wilson,Midfielder,FUL,0,0,0,0,0
2293006,João Palhinha,João Maria Lobo Alves Palhinha Gonçalves,Midfielder,FUL,4,1,0,4,4
2293006,Pereira,Andreas Pereira,Midfielder,FUL,0,0,0,2,0
2293006,Tete,Kenny Tete,Defender,FUL,7,0,2,5,3
2293006,James (Daniel),Daniel James,Midfielder,FUL,0,0,0,1,0
2293006,Diop,Issa Diop,Defender,FUL,3,5,3,0,1
2293006,Carlos Vinicius,Carlos Vinicius Alves Morais,Forward,FUL,0,0,0,0,0
2293006,Wood,Chris Wood,Forward,NEW,0,0,0,0,0
2293006,Wilson (Callum),Callum Wilson,Forward,NEW,0,0,0,2,0
2293006,Trippier,Kieran Trippier,Defender,NEW,1,0,0,6,0
2293006,Burn,Dan Burn,Defender,NEW,1,0,0,3,3
2293006,Pope,Nick Pope,Goalkeeper,NEW,2,0,0,6,0
2293006,Murphy (Jacob),Jacob Murphy,Midfielder,NEW,0,0,1,1,0
2293006,Schär,Fabian Schär,Defender,NEW,3,0,0,11,1
2293006,Saint-Maximin,Allan Saint-Maximin,Midfielder,NEW,0,0,0,2,1
2293006,Almirón,Miguel Almirón,Midfielder,NEW,0,0,2,5,2
2293006,Longstaff (Sean),Sean Longstaff,Midfielder,NEW,0,0,1,4,1
2293006,Joelinton,Joelinton Cássio Apolinário de Lira,Midfielder,NEW,2,0,2,6,3
2293006,Willock,Joseph Willock,Midfielder,NEW,0,0,0,3,1
2293006,Bruno Guimarães,Bruno Guimarães Rodriguez Moura,Midfielder,NEW,0,0,2,1,0
2293006,Isak,Alexander Isak,Forward,NEW,0,0,0,2,0
2293006,Botman,Sven Botman,Defender,NEW,3,1,0,4,1
2293007,Albrighton,Marc Albrighton,Midfielder,LEI,2,0,0,3,0
2293007,Mendy (Nampalys),Nampalys Mendy,Midfielder,LEI,0,1,1,5,1
2293007,Ward (Danny),Danny Ward,Goalkeeper,LEI,0,0,0,13,0
2293007,Vardy,Jamie Vardy,Forward,LEI,0,0,0,1,0
2293007,Praet,Dennis Praet,Midfielder,LEI,0,0,0,1,0
2293007,Amartey,Daniel Amartey,Defender,LEI,1,3,0,6,0
2293007,Castagne,Timothy Castagne,Defender,LEI,3,0,0,2,1
2293007,Tielemans,Youri Tielemans,Midfielder,LEI,1,0,0,8,0
2293007,Iheanacho,Kelechi Iheanacho,Forward,LEI,0,0,0,1,0
2293007,Barnes,Harvey Barnes,Midfielder,LEI,0,0,0,3,1
2293007,Ndidi,Onyinye Wilfred Ndidi,Midfielder,LEI,1,1,1,5,2
2293007,Faes,Wout Faes,Defender,LEI,4,0,2,6,1
2293007,Brunt,Lewis Brunt,Defender,LEI,2,0,0,1,0
2293007,Thomas,Luke Thomas,Defender,LEI,1,1,1,5,1
2293007,Colback,Jack Colback,Midfielder,NFO,1,0,1,2,0
2293007,Aurier,Serge Aurier,Defender,NFO,6,1,2,13,2
2293007,Freuler,Remo Freuler,Midfielder,NFO,2,0,1,12,1
2293007,McKenna,Scott McKenna,Defender,NFO,4,1,1,4,0
2293007,Henderson (Dean),Dean Henderson,Goalkeeper,NFO,2,0,0,9,0
2293007,Mangala,Orel Mangala,Midfielder,NFO,1,0,1,5,1
2293007,Gustavo Scarpa,Gustavo Henrique Furtado Scarpa,Midfielder,NFO,0,0,0,7,1
2293007,Yates,Ryan Yates,Midfielder,NFO,0,0,0,2,0
2293007,Worrall,Joe Worrall,Defender,NFO,6,0,1,7,0
2293007,Williams (Neco),Neco Williams,Defender,NFO,0,0,0,0,0
2293007,Surridge,Sam Surridge,Forward,NFO,0,0,0,2,0
2293007,Gibbs-White,Morgan Gibbs-White,Midfielder,NFO,0,0,1,2,0
2293007,Renan Lodi,Renan Augusto Lodi dos Santos,Defender,NFO,3,0,1,1,0
2293007,Johnson (Brennan),Brennan Johnson,Midfielder,NFO,0,0,0,3,1
2293007,O'Brien (Lewis),Lewis O'Brien,Midfielder,NFO,1,0,0,2,0
2293008,Xhaka,Granit Xhaka,Midfielder,ARS,1,3,2,6,1
2293008,Partey,Thomas Partey,Midfielder,ARS,1,2,1,8,2
2293008,Odegaard,Martin Odegaard,Midfielder,ARS,1,0,0,3,0
2293008,Tierney,Kieran Tierney,Defender,ARS,0,0,0,1,1
2293008,White (Ben),Ben White,Defender,ARS,8,0,0,4,1
2293008,Eddie Nketiah,Edward Nketiah,Forward,ARS,2,0,0,3,1
2293008,Zinchenko,Oleksandr Zinchenko,Defender,ARS,2,0,0,4,0
2293008,Smith-Rowe,Emile Smith-Rowe,Midfielder,ARS,0,0,0,0,0
2293008,Saka,Bukayo Saka,Midfielder,ARS,1,0,0,4,0
2293008,Tomiyasu,Takehiro Tomiyasu,Defender,ARS,0,0,0,0,1
2293008,Ramsdale,Aaron Ramsdale,Goalkeeper,ARS,1,0,0,10,0
2293008,Gabriel Magalhães,Gabriel dos Santos Magalhães,Defender,ARS,6,1,2,6,0
2293008,Fábio Vieira,Fábio Daniel Vieira,Midfielder,ARS,0,0,0,0,0
2293008,Martinelli,Gabriel Teodoro Martinelli Silva,Midfielder,ARS,0,0,0,7,1
2293008,Saliba,William Saliba,Defender,ARS,5,0,1,3,0
2293008,Lloris,Hugo Lloris,Goalkeeper,TOT,0,0,0,7,0
2293008,Perisic,Ivan Perisic,Defender,TOT,0,0,0,1,0
2293008,Kane,Harry Kane,Forward,TOT,2,1,0,1,0
2293008,Son,Heung-Min Son,Midfielder,TOT,0,0,0,3,0
2293008,Doherty,Matt Doherty,Defender,TOT,5,0,0,2,3
2293008,Dier,Eric Dier,Defender,TOT,4,1,2,6,0
2293008,Davies (Ben),Ben Davies,Defender,TOT,0,0,0,0,0
2293008,Højbjerg,Pierre-Emile Højbjerg,Midfielder,TOT,2,1,2,12,1
2293008,Lenglet,Clément Lenglet,Defender,TOT,2,0,0,0,1
2293008,Sessegnon (Ryan),Kouassi Ryan Sessegnon,Defender,TOT,1,0,0,7,2
2293008,Richarlison,Richarlison de Andrade,Midfielder,TOT,0,0,0,0,0
2293008,Romero,Cristian Romero,Defender,TOT,2,1,3,6,1
2293008,Bissouma,Yves Bissouma,Midfielder,TOT,0,0,0,2,1
2293008,Gil,Bryan Gil,Midfielder,TOT,0,0,0,0,0
2293008,Kulusevski,Dejan Kulusevski,Midfielder,TOT,2,0,1,3,0
2293008,Sarr (Pape),Pape Sarr,Midfielder,TOT,1,0,3,7,2
2293009,Fabianski,Lukasz Fabianski,Goalkeeper,WHU,0,0,0,6,0
2293009,Ogbonna,Angelo Ogbonna,Defender,WHU,4,0,3,6,0
2293009,Cresswell (Aaron),Aaron Cresswell,Defender,WHU,1,0,1,2,1
2293009,Antonio,Michail Antonio,Forward,WHU,0,1,0,2,0
2293009,Coufal,Vladimir Coufal,Defender,WHU,4,0,0,6,0
2293009,Benrahma,Said Benrahma,Midfielder,WHU,1,0,1,3,1
2293009,Bowen,Jarrod Bowen,Midfielder,WHU,0,0,2,2,0
2293009,Scamacca,Gianluca Scamacca,Forward,WHU,0,0,0,0,1
2293009,Rice,Declan Rice,Midfielder,WHU,1,0,1,12,1
2293009,Aguerd,Nayef Aguerd,Defender,WHU,3,4,0,9,0
2293009,Soucek,Tomas Soucek,Midfielder,WHU,0,1,2,2,0
2293009,Fornals,Pablo Fornals,Midfielder,WHU,1,1,1,6,0
2293009,Lucas Paquetá,Lucas Tolentino Coelho de Lima,Midfielder,WHU,2,0,0,10,0
2293009,Moutinho,João Moutinho,Midfielder,WOL,2,0,0,3,1
2293009,Raúl Jiménez,Raul Alonso Jimenez Rodriguez,Forward,WOL,0,0,0,1,0
2293009,José Sá,José Pedro Malheiro de Sá,Goalkeeper,WOL,1,0,0,9,0
2293009,Lemina (Mario),Mario Lemina,Midfielder,WOL,2,0,0,2,0
2293009,Traoré (Adama),Adama Traoré,Midfielder,WOL,0,0,0,1,1
2293009,Ruben Neves,Rúben Diogo da Silva Neves,Midfielder,WOL,3,2,1,8,0
2293009,Hwang Hee-Chan,Hee-Chan Hwang,Midfielder,WOL,0,0,0,2,1
2293009,Semedo,Nelson Semedo,Defender,WOL,6,1,2,8,1
2293009,Podence,Daniel Podence,Midfielder,WOL,0,0,0,2,0
2293009,Kilman,Max Kilman,Defender,WOL,8,3,0,3,3
2293009,Matheus Cunha,Matheus Santos Carneiro Da Cunha,Forward,WOL,0,0,0,5,0
2293009,Collins,Nathan Collins,Defender,WOL,8,0,1,6,1
2293009,Ait Nouri,Rayan Ait Nouri,Defender,WOL,2,0,0,1,1
2293009,Matheus Nunes,Matheus Luiz Nunes,Midfielder,WOL,1,0,0,6,0
2293009,Bueno (Hugo),Hugo Bueno,Defender,WOL,1,1,0,6,0
2293009,Toti,Toti António Gomes,Defender,WOL,1,1,0,0,0
2293010,Smith (Adam),Adam Smith,Defender,BOU,2,0,1,7,0
2293010,Neto,Norberto Murara Neto,Goalkeeper,BOU,1,0,0,9,0
2293010,Stephens,Jack Stephens,Defender,BOU,5,1,0,5,1
2293010,Moore (Kieffer),Kieffer Moore,Forward,BOU,2,0,1,6,0
2293010,Lerma,Jefferson Lerma,Midfielder,BOU,7,0,2,9,0
2293010,Rothwell,Joe Rothwell,Midfielder,BOU,0,0,1,1,0
2293010,Pearson,Ben Pearson,Midfielder,BOU,0,0,0,1,0
2293010,Christie,Ryan Christie,Midfielder,BOU,1,0,1,5,0
2293010,Kelly (Lloyd),Lloyd Kelly,Defender,BOU,5,0,1,3,1
2293010,Dembélé,Siriki Dembélé,Midfielder,BOU,0,0,0,1,0
2293010,Anthony,Jaidon Anthony,Midfielder,BOU,2,0,0,2,1
2293010,Zemura,Jordan Zemura,Defender,BOU,2,0,1,8,2
2293010,Dango Ouattara,Dango Ouattara,Midfielder,BOU,2,2,1,5,1
2293010,Hennessey,Wayne Hennessey,Goalkeeper,NFO,1,0,0,7,0
2293010,Wood,Chris Wood,Forward,NFO,0,1,1,0,0
2293010,Aurier,Serge Aurier,Defender,NFO,2,0,1,8,2
2293010,Freuler,Remo Freuler,Midfielder,NFO,1,0,2,6,1
2293010,Boly,Willy Boly,Defender,NFO,1,1,3,5,0
2293010,McKenna,Scott McKenna,Defender,NFO,2,0,0,0,0
2293010,Mangala,Orel Mangala,Midfielder,NFO,0,1,0,4,0
2293010,Gustavo Scarpa,Gustavo Henrique Furtado Scarpa,Midfielder,NFO,1,0,0,3,0
2293010,Yates,Ryan Yates,Midfielder,NFO,2,0,0,3,0
2293010,Worrall,Joe Worrall,Defender,NFO,2,2,0,10,1
2293010,Williams (Neco),Neco Williams,Defender,NFO,0,0,0,1,0
2293010,Surridge,Sam Surridge,Forward,NFO,0,0,0,0,0
2293010,Gibbs-White,Morgan Gibbs-White,Midfielder,NFO,1,0,1,4,0
2293010,Renan Lodi,Renan Augusto Lodi dos Santos,Defender,NFO,4,0,3,10,3
2293010,Johnson (Brennan),Brennan Johnson,Midfielder,NFO,0,0,0,2,1
2293010,Danilo,Danilo dos Santos de Oliveira,Midfielder,NFO,3,0,0,5,2
2293011,Xhaka,Granit Xhaka,Midfielder,ARS,1,0,0,3,1
2293011,Trossard,Leandro Trossard,Midfielder,ARS,0,0,0,1,0
2293011,Holding,Rob Holding,Defender,ARS,0,0,0,0,0
2293011,Partey,Thomas Partey,Midfielder,ARS,2,0,2,8,2
2293011,Odegaard,Martin Odegaard,Midfielder,ARS,0,0,0,3,3
2293011,White (Ben),Ben White,Defender,ARS,1,0,0,6,2
2293011,Eddie Nketiah,Edward Nketiah,Forward,ARS,1,0,0,0,1
2293011,Zinchenko,Oleksandr Zinchenko,Defender,ARS,1,0,2,6,1
2293011,Saka,Bukayo Saka,Midfielder,ARS,0,0,0,4,0
2293011,Tomiyasu,Takehiro Tomiyasu,Defender,ARS,1,0,1,5,2
2293011,Ramsdale,Aaron Ramsdale,Goalkeeper,ARS,0,0,0,4,0
2293011,Gabriel Magalhães,Gabriel dos Santos Magalhães,Defender,ARS,2,2,1,6,2
2293011,Martinelli,Gabriel Teodoro Martinelli Silva,Midfielder,ARS,0,0,0,3,0
2293011,Saliba,William Saliba,Defender,ARS,1,0,3,17,0
2293011,De Gea,David De Gea,Goalkeeper,MUN,0,0,0,3,0
2293011,Eriksen,Christian Eriksen,Midfielder,MUN,3,3,2,11,0
2293011,Varane,Raphael Varane,Defender,MUN,8,2,2,3,0
2293011,Fred,Frederico Rodrigues de Paula Santos,Midfielder,MUN,1,0,0,1,0
2293011,Shaw,Luke Shaw,Defender,MUN,1,4,1,5,1
2293011,Weghorst,Wout Weghorst,Forward,MUN,0,0,5,5,0
2293011,Bruno Fernandes,Bruno Miguel Borges Fernandes,Midfielder,MUN,3,1,1,7,3
2293011,Rashford,Marcus Rashford,Midfielder,MUN,0,0,0,1,0
2293011,McTominay,Scott McTominay,Midfielder,MUN,9,1,0,5,3
2293011,Wan-Bissaka,Aaron Wan-Bissaka,Defender,MUN,6,0,1,7,2
2293011,Martínez,Lisandro Martínez,Defender,MUN,3,2,4,7,1
2293011,Antony,Antony Matheus dos Santos,Midfielder,MUN,0,0,0,5,1
2293011,Garnacho,Alejandro Garnacho Ferreyra,Midfielder,MUN,0,0,0,0,0
2293012,Guaita,Vicente Guaita,Goalkeeper,CRY,0,0,0,8,0
2293012,Ward (Joel),Joel Ward,Defender,CRY,3,0,3,3,0
2293012,Clyne,Nathaniel Clyne,Defender,CRY,0,0,0,1,0
2293012,Ayew (Jordan),Jordan Ayew,Midfielder,CRY,2,0,0,8,0
2293012,Zaha,Wilfried Zaha,Midfielder,CRY,1,0,3,1,0
2293012,Schlupp,Jeffrey Schlupp,Midfielder,CRY,0,0,2,4,0
2293012,Hughes (Will),Will Hughes,Midfielder,CRY,0,0,1,3,1
2293012,Edouard,Odsonne Edouard,Forward,CRY,2,0,1,1,0
2293012,Marc Guehi,Addji Keaninkin Marc-Israel Guehi,Defender,CRY,4,1,1,6,3
2293012,Mateta,Jean-Philippe Mateta,Forward,CRY,2,0,0,1,0
2293012,Eze,Eberechi Eze,Midfielder,CRY,0,0,1,7,3
2293012,Mitchell,Tyrick Mitchell,Defender,CRY,5,0,1,7,4
2293012,Richards (Chris),Chris Richards,Defender,CRY,8,0,1,2,1
2293012,Doucoure,Cheick Oumar Doucoure,Midfielder,CRY,2,0,2,7,3
2293012,Olise,Michael Olise,Midfielder,CRY,0,1,0,2,2
2293012,Ozoh,David Ozoh,Midfielder,CRY,0,0,0,0,0
2293012,Wilson (Callum),Callum Wilson,Forward,NEW,0,0,0,1,0
2293012,Trippier,Kieran Trippier,Defender,NEW,2,1,1,7,2
2293012,Burn,Dan Burn,Defender,NEW,3,0,1,7,0
2293012,Pope,Nick Pope,Goalkeeper,NEW,0,0,0,3,0
2293012,Murphy (Jacob),Jacob Murphy,Midfielder,NEW,0,0,0,0,0
2293012,Schär,Fabian Schär,Defender,NEW,8,0,2,11,1
2293012,Saint-Maximin,Allan Saint-Maximin,Midfielder,NEW,0,0,0,4,0
2293012,Almirón,Miguel Almirón,Midfielder,NEW,0,0,1,4,3
2293012,Longstaff (Sean),Sean Longstaff,Midfielder,NEW,2,0,2,7,2
2293012,Joelinton,Joelinton Cássio Apolinário de Lira,Midfielder,NEW,0,0,1,6,1
2293012,Willock,Joseph Willock,Midfielder,NEW,0,2,0,3,0
2293012,Bruno Guimarães,Bruno Guimarães Rodriguez Moura,Midfielder,NEW,2,0,1,3,0
2293012,Isak,Alexander Isak,Forward,NEW,0,0,0,1,0
2293012,Botman,Sven Botman,Defender,NEW,5,1,0,8,0
2293013,Willian,Willian Borges Da Silva,Midfielder,FUL,1,0,0,12,0
2293013,Cairney,Tom Cairney,Midfielder,FUL,0,0,0,2,0
2293013,Leno,Bernd Leno,Goalkeeper,FUL,0,0,0,5,0
2293013,Ream,Tim Ream,Defender,FUL,3,0,0,7,1
2293013,DeCordova-Reid,Bobby DeCordova-Reid,Midfielder,FUL,2,1,0,3,1
2293013,Mitrovic,Aleksandar Mitrovic,Forward,FUL,1,0,0,2,1
2293013,Reed,Harrison Reed,Midfielder,FUL,0,0,0,1,0
2293013,Wilson (Harry),Harry Wilson,Midfielder,FUL,0,0,0,0,0
2293013,João Palhinha,João Maria Lobo Alves Palhinha Gonçalves,Midfielder,FUL,1,0,3,6,2
2293013,Pereira,Andreas Pereira,Midfielder,FUL,0,0,0,4,0
2293013,Tete,Kenny Tete,Defender,FUL,3,1,0,6,1
2293013,Robinson (Antonee),Antonee Robinson,Defender,FUL,2,1,4,8,2
2293013,Diop,Issa Diop,Defender,FUL,1,0,3,5,2
2293013,Solomon,Manor Solomon,Midfielder,FUL,0,0,0,3,0
2293013,Carlos Vinicius,Carlos Vinicius Alves Morais,Forward,FUL,0,0,0,0,0
2293013,Lloris,Hugo Lloris,Goalkeeper,TOT,0,0,0,7,0
2293013,Perisic,Ivan Perisic,Defender,TOT,3,0,1,7,1
2293013,Kane,Harry Kane,Forward,TOT,0,0,0,3,0
2293013,Son,Heung-Min Son,Midfielder,TOT,0,0,1,2,1
2293013,Dier,Eric Dier,Defender,TOT,8,0,0,3,2
2293013,Davies (Ben),Ben Davies,Defender,TOT,6,1,0,3,0
2293013,Højbjerg,Pierre-Emile Højbjerg,Midfielder,TOT,1,0,4,10,0
2293013,Bentancur,Rodrigo Bentancur,Midfielder,TOT,3,0,0,5,2
2293013,Richarlison,Richarlison de Andrade,Midfielder,TOT,0,0,0,2,0
2293013,Romero,Cristian Romero,Defender,TOT,4,0,1,4,1
2293013,Bissouma,Yves Bissouma,Midfielder,TOT,0,0,0,2,0
2293013,Emerson Royal,Emerson Aparecido Leite de Souza Junior,Defender,TOT,6,0,0,5,4
2293013,Kulusevski,Dejan Kulusevski,Midfielder,TOT,0,0,0,10,1
2293014,Mee,Ben Mee,Defender,BRE,0,1,0,5,0
2293014,Norgaard,Christian Norgaard,Midfielder,BRE,0,0,3,13,3
2293014,Toney,Ivan Toney,Forward,BRE,1,0,3,5,0
2293014,Raya Martin,David Raya Martin,Goalkeeper,BRE,1,0,0,21,0
2293014,Dasilva,Pelenda Joshua Dasilva,Midfielder,BRE,0,1,0,4,0
2293014,Ajer,Kristoffer Ajer,Defender,BRE,5,0,1,2,0
2293014,Henry,Rico Henry,Defender,BRE,1,0,0,6,2
2293014,Janelt,Vitaly Janelt,Midfielder,BRE,0,0,0,2,0
2293014,Jensen,Mathias Jensen,Midfielder,BRE,2,0,3,7,0
2293014,Wissa,Yoane Wissa,Forward,BRE,0,0,1,1,0
2293014,Roerslev,Mads Roerslev,Defender,BRE,3,0,2,3,1
2293014,Pinnock,Ethan Pinnock,Defender,BRE,9,1,1,2,0
2293014,Mbeumo,Bryan Mbeumo,Midfielder,BRE,0,0,0,4,0
2293014,Ayling,Luke Ayling,Defender,LEE,3,0,1,9,3
2293014,Rodrigo,Rodrigo Moreno Machado,Midfielder,LEE,2,0,1,3,0
2293014,Bamford,Patrick Bamford,Forward,LEE,0,0,0,0,0
2293014,Koch,Robin Koch,Defender,LEE,3,1,1,10,1
2293014,Adams (Tyler),Tyler Adams,Midfielder,LEE,1,0,1,13,1
2293014,Wöber,Maximilian Wöber,Defender,LEE,0,0,3,6,1
2293014,Harrison,Jack Harrison,Midfielder,LEE,1,0,0,3,0
2293014,Struijk,Pascal Struijk,Defender,LEE,3,0,0,4,0
2293014,Sinisterra,Luis Sinisterra,Midfielder,LEE,0,0,0,0,0
2293014,Roca,Marc Roca,Midfielder,LEE,2,0,0,5,1
2293014,Greenwood (Sam),Sam Greenwood,Forward,LEE,0,0,0,0,0
2293014,Aaronson,Brenden Aaronson,Midfielder,LEE,0,0,0,5,0
2293014,Meslier,Illan Meslier,Goalkeeper,LEE,1,0,0,8,0
2293014,Gnonto,Degnand Wilfried Gnonto,Forward,LEE,0,0,0,3,1
2293015,Lallana,Adam Lallana,Midfielder,BHA,0,0,0,0,0
2293015,Welbeck,Danny Welbeck,Forward,BHA,0,0,0,0,0
2293015,Groß,Pascal Groß,Midfielder,BHA,0,1,0,8,1
2293015,Dunk,Lewis Dunk,Defender,BHA,1,2,2,5,0
2293015,March,Solomon March,Midfielder,BHA,1,0,3,1,0
2293015,Veltman,Joël Veltman,Defender,BHA,1,1,0,6,1
2293015,Estupiñán,Pervis Estupiñán,Defender,BHA,1,1,1,6,1
2293015,Sanchez,Robert Sanchez,Goalkeeper,BHA,1,0,0,4,0
2293015,Lamptey,Tariq Lamptey,Defender,BHA,0,0,0,1,0
2293015,Mac Allister,Alexis Mac Allister,Midfielder,BHA,0,0,0,2,0
2293015,Mitoma,Kaoru Mitoma,Midfielder,BHA,0,0,2,7,1
2293015,van Hecke,Jan-Paul van Hecke,Defender,BHA,2,0,4,3,1
2293015,Moises Caicedo,Moises Caicedo,Midfielder,BHA,1,0,2,4,1
2293015,Ferguson (Evan),Evan Ferguson,Forward,BHA,0,0,0,1,0
2293015,Albrighton,Marc Albrighton,Midfielder,LEI,0,1,0,0,1
2293015,Mendy (Nampalys),Nampalys Mendy,Midfielder,LEI,0,0,0,2,1
2293015,Ward (Danny),Danny Ward,Goalkeeper,LEI,0,0,0,7,0
2293015,Vardy,Jamie Vardy,Forward,LEI,1,0,0,1,1
2293015,Praet,Dennis Praet,Midfielder,LEI,0,0,0,2,0
2293015,Amartey,Daniel Amartey,Defender,LEI,8,0,0,1,0
2293015,Castagne,Timothy Castagne,Defender,LEI,1,0,1,5,3
2293015,Tielemans,Youri Tielemans,Midfielder,LEI,2,0,3,11,3
2293015,Maddison,James Maddison,Midfielder,LEI,0,0,0,0,0
2293015,Barnes,Harvey Barnes,Midfielder,LEI,1,0,1,2,0
2293015,Dewsbury-Hall,Kiernan Dewsbury-Hall,Midfielder,LEI,1,0,0,4,0
2293015,Faes,Wout Faes,Defender,LEI,2,1,0,4,1
2293015,Thomas,Luke Thomas,Defender,LEI,2,0,4,2,0
2293015,Daka,Patson Daka,Forward,LEI,0,0,0,0,1
2293016,Azpilicueta,César Azpilicueta,Defender,CHE,1,0,0,1,0
2293016,Thiago Silva,Thiago Emiliano da Silva,Defender,CHE,6,3,2,1,0
2293016,Aubameyang,Pierre-Emerick Aubameyang,Forward,CHE,0,0,0,0,0
2293016,Jorginho,Jorge Luiz Frello Filho,Midfielder,CHE,1,1,4,9,3
2293016,Kepa,Kepa Arrizabalaga Revuelta,Goalkeeper,CHE,1,0,0,8,0
2293016,Ziyech,Hakim Ziyech,Midfielder,CHE,3,0,0,7,0
2293016,Cucurella,Marc Cucurella,Defender,CHE,5,0,1,4,1
2293016,Chalobah (Trevoh),Trevoh Chalobah,Defender,CHE,3,0,0,4,0
2293016,Mount,Mason Mount,Midfielder,CHE,1,0,2,5,1
2293016,Havertz,Kai Havertz,Midfielder,CHE,1,0,3,5,0
2293016,Gallagher,Conor Gallagher,Midfielder,CHE,2,0,2,3,0
2293016,Badiashile,Benoît Badiashile,Defender,CHE,4,1,2,7,0
2293016,Mudryk,Mykhailo Mudryk,Midfielder,CHE,1,1,0,4,3
2293016,Chukwuemeka,Carney Chukwuemeka,Midfielder,CHE,0,0,0,2,0
2293016,Lewis Hall,Lewis Hall,Defender,CHE,1,0,2,7,0
2293016,Milner,James Milner,Midfielder,LIV,0,0,1,3,0
2293016,Henderson (Jordan),Jordan Henderson,Midfielder,LIV,0,0,0,2,0
2293016,Thiago Alcántara,Thiago Alcántara do Nascimento,Midfielder,LIV,1,1,0,12,3
2293016,Alisson,Alisson Ramses Becker,Goalkeeper,LIV,1,0,0,10,0
2293016,Fabinho,Fabio Henrique Tavares,Midfielder,LIV,0,0,2,3,0
2293016,Salah,Mohamed Salah,Midfielder,LIV,0,0,0,2,2
2293016,Robertson (Andrew),Andrew Robertson,Defender,LIV,1,0,0,6,2
2293016,Alexander-Arnold,Trent Alexander-Arnold,Defender,LIV,0,0,0,4,0
2293016,Gomez,Joseph Gomez,Defender,LIV,4,2,4,11,1
2293016,Keita,Naby Keita,Midfielder,LIV,0,0,0,3,1
2293016,Konaté,Ibrahima Konaté,Defender,LIV,5,0,4,7,1
2293016,Jones (Curtis),Curtis Jones,Midfielder,LIV,0,0,0,0,0
2293016,Gakpo,Cody Gakpo,Forward,LIV,0,0,0,2,1
2293016,Elliott (Harvey),Harvey Elliott,Midfielder,LIV,0,0,2,1,0
2293016,Núñez,Darwin Núñez,Forward,LIV,0,0,0,0,2
2293016,Bajcetic,Stefan Bajcetic,Midfielder,LIV,1,0,2,6,0
2293017,Gundogan,Ilkay Gundogan,Midfielder,MCI,2,0,2,10,0
2293017,De Bruyne,Kevin De Bruyne,Midfielder,MCI,1,0,0,4,0
2293017,Stones,John Stones,Defender,MCI,1,1,0,5,0
2293017,Mahrez,Riyad Mahrez,Midfielder,MCI,0,0,1,3,1
2293017,Grealish,Jack Grealish,Midfielder,MCI,1,0,0,4,2
2293017,Ederson,Ederson Santana de Moraes,Goalkeeper,MCI,0,0,0,7,0
2293017,Aké,Nathan Aké,Defender,MCI,4,1,2,2,0
2293017,Laporte,Aymeric Laporte,Defender,MCI,4,0,0,5,0
2293017,Phillips (Kalvin),Kalvin Phillips,Midfielder,MCI,1,0,0,1,0
2293017,Bernardo Silva,Bernardo Mota Veiga de Carvalho e Silva,Midfielder,MCI,0,0,0,2,0
2293017,Akanji,Manuel Akanji,Defender,MCI,1,2,0,1,1
2293017,Rodri,Rodrigo Hernández Cascante,Midfielder,MCI,1,0,1,9,1
2293017,Haaland,Erling Haaland,Forward,MCI,0,0,0,1,0
2293017,Palmer,Cole Palmer,Midfielder,MCI,0,0,0,1,0
2293017,Álvarez,Julián Álvarez,Forward,MCI,0,0,0,0,0
2293017,Lewis (Rico),Rico Lewis,Defender,MCI,0,0,0,3,0
2293017,Moutinho,João Moutinho,Midfielder,WOL,0,0,0,3,2
2293017,Sarabia,Pablo Sarabia,Midfielder,WOL,0,0,0,4,0
2293017,Raúl Jiménez,Raul Alonso Jimenez Rodriguez,Forward,WOL,1,0,0,0,1
2293017,José Sá,José Pedro Malheiro de Sá,Goalkeeper,WOL,0,0,0,5,0
2293017,Lemina (Mario),Mario Lemina,Midfielder,WOL,1,0,0,4,1
2293017,Traoré (Adama),Adama Traoré,Midfielder,WOL,1,0,0,1,0
2293017,Ruben Neves,Rúben Diogo da Silva Neves,Midfielder,WOL,1,0,3,7,0
2293017,Hwang Hee-Chan,Hee-Chan Hwang,Midfielder,WOL,0,0,0,2,1
2293017,Semedo,Nelson Semedo,Defender,WOL,4,1,2,4,0
2293017,Podence,Daniel Podence,Midfielder,WOL,0,0,0,1,0
2293017,Kilman,Max Kilman,Defender,WOL,4,0,0,2,0
2293017,Matheus Cunha,Matheus Santos Carneiro Da Cunha,Forward,WOL,0,0,1,2,0
2293017,Collins,Nathan Collins,Defender,WOL,3,1,4,6,0
2293017,Ait Nouri,Rayan Ait Nouri,Defender,WOL,1,0,0,1,0
2293017,Matheus Nunes,Matheus Luiz Nunes,Midfielder,WOL,2,0,1,3,1
2293017,Bueno (Hugo),Hugo Bueno,Defender,WOL,1,0,0,5,2
2293018,Young (Ashley),Ashley Young,Defender,AVL,2,1,0,4,1
2293018,Coutinho,Philippe Coutinho,Midfielder,AVL,0,0,0,1,1
2293018,Martinez,Emiliano Martinez,Goalkeeper,AVL,3,0,0,15,0
2293018,Álex Moreno,Alexandre Moreno Lopera,Defender,AVL,0,0,0,6,2
2293018,Mings,Tyrone Mings,Defender,AVL,1,0,2,3,0
2293018,Dendoncker (Leander),Leander Dendoncker,Midfielder,AVL,1,0,0,1,0
2293018,Watkins,Ollie Watkins,Forward,AVL,0,0,0,4,0
2293018,Buendía,Emiliano Buendía,Midfielder,AVL,0,0,0,8,0
2293018,Cash,Matthew Cash,Defender,AVL,0,0,0,0,0
2293018,Konsa Ngoyo,Ezri Konsa Ngoyo,Defender,AVL,0,0,0,4,0
2293018,Bailey,Leon Bailey,Midfielder,AVL,0,0,1,5,0
2293018,Kamara,Boubacar Kamara,Midfielder,AVL,0,0,2,10,0
2293018,Douglas Luiz,Douglas Luiz Soares de Paulo,Midfielder,AVL,0,0,0,2,0
2293018,Ramsey (Jacob),Jacob Ramsey,Midfielder,AVL,2,0,1,8,5
2293018,Orsic,Mislav Orsic,Midfielder,SOU,0,0,0,1,1
2293018,Elyounoussi,Mohammed Elyounoussi,Midfielder,SOU,0,0,0,1,0
2293018,Ward-Prowse,James Ward-Prowse,Midfielder,SOU,1,0,0,6,0
2293018,Armstrong (Adam),Adam Armstrong,Forward,SOU,1,0,1,2,1
2293018,Walker-Peters,Kyle Walker-Peters,Defender,SOU,2,0,0,9,2
2293018,Caleta-Car,Duje Caleta-Car,Defender,SOU,5,1,2,7,1
2293018,Adams (Che),Che Adams,Forward,SOU,0,0,0,2,0
2293018,Lyanco,Lyanco Evangelista Silveira Neves Vojnovic,Defender,SOU,4,1,4,6,1
2293018,Diallo,Ibrahima Diallo,Midfielder,SOU,0,0,0,14,3
2293018,Perraud,Romain Perraud,Defender,SOU,1,0,0,3,0
2293018,Djenepo,Moussa Djenepo,Midfielder,SOU,0,0,0,0,0
2293018,Salisu,Mohammed Salisu,Defender,SOU,7,1,5,7,1
2293018,Bazunu,Gavin Bazunu,Goalkeeper,SOU,0,0,0,8,0
2293018,Mara,Sékou Mara,Forward,SOU,0,0,0,0,0
2293018,Edozie,Samuel Edozie,Midfielder,SOU,1,0,0,4,0
2293018,Lavia,Romeo Lavia,Midfielder,SOU,1,0,0,2,1
2293019,Tarkowski,James Tarkowski,Defender,EVE,5,2,0,7,2
2293019,Coleman,Seamus Coleman,Defender,EVE,0,0,0,3,0
2293019,Gueye,Idrissa Gueye,Midfielder,EVE,1,0,1,10,1
2293019,Coady,Conor Coady,Defender,EVE,3,2,2,4,1
2293019,Pickford,Jordan Pickford,Goalkeeper,EVE,0,0,0,4,0
2293019,Iwobi,Alex Iwobi,Midfielder,EVE,0,0,0,6,1
2293019,Mina,Yerry Mina,Defender,EVE,2,0,1,5,3
2293019,Gray (Demarai),Demarai Gray,Midfielder,EVE,0,0,1,1,0
2293019,Davies (Tom),Tom Davies,Midfielder,EVE,0,0,0,3,1
2293019,Calvert-Lewin,Dominic Calvert-Lewin,Forward,EVE,0,0,0,1,0
2293019,Mykolenko,Vitaliy Mykolenko,Defender,EVE,1,0,1,3,0
2293019,McNeil,Dwight McNeil,Midfielder,EVE,0,0,0,4,0
2293019,Mvom Onana,Amadou Mvom Onana,Midfielder,EVE,0,0,1,8,1
2293019,Fabianski,Lukasz Fabianski,Goalkeeper,WHU,0,0,0,4,0
2293019,Ogbonna,Angelo Ogbonna,Defender,WHU,15,0,1,2,1
2293019,Antonio,Michail Antonio,Forward,WHU,0,0,0,2,2
2293019,Ings,Danny Ings,Forward,WHU,0,0,0,3,1
2293019,Zouma,Kurt Zouma,Defender,WHU,9,1,0,8,0
2293019,Emerson,Emerson Palmieri dos Santos,Defender,WHU,1,0,2,2,0
2293019,Coufal,Vladimir Coufal,Defender,WHU,3,0,1,5,1
2293019,Benrahma,Said Benrahma,Midfielder,WHU,2,0,0,5,0
2293019,Bowen,Jarrod Bowen,Midfielder,WHU,1,0,1,4,0
2293019,Rice,Declan Rice,Midfielder,WHU,3,1,3,11,0
2293019,Aguerd,Nayef Aguerd,Defender,WHU,10,0,0,8,3
2293019,Soucek,Tomas Soucek,Midfielder,WHU,2,0,2,0,0
2293019,Downes,Flynn Downes,Midfielder,WHU,0,0,0,2,0
2293019,Johnson (Ben),Ben Johnson,Defender,WHU,0,0,1,2,1
2293019,Lucas Paquetá,Lucas Tolentino Coelho de Lima,Midfielder,WHU,3,0,2,3,0
2293020,Young (Ashley),Ashley Young,Defender,AVL,1,0,1,4,3
2293020,Coutinho,Philippe Coutinho,Midfielder,AVL,0,0,0,1,0
2293020,Martinez,Emiliano Martinez,Goalkeeper,AVL,0,0,0,9,0
2293020,Digne,Lucas Digne,Defender,AVL,1,0,0,2,0
2293020,Álex Moreno,Alexandre Moreno Lopera,Defender,AVL,0,0,0,2,0
2293020,Mings,Tyrone Mings,Defender,AVL,3,0,2,3,0
2293020,Dendoncker (Leander),Leander Dendoncker,Midfielder,AVL,0,0,0,0,0
2293020,Watkins,Ollie Watkins,Forward,AVL,1,0,1,1,0
2293020,Buendía,Emiliano Buendía,Midfielder,AVL,0,0,0,2,0
2293020,Cash,Matthew Cash,Defender,AVL,0,0,0,4,0
2293020,Konsa Ngoyo,Ezri Konsa Ngoyo,Defender,AVL,1,0,0,12,1
2293020,Bailey,Leon Bailey,Midfielder,AVL,0,0,0,2,0
2293020,Kamara,Boubacar Kamara,Midfielder,AVL,0,0,1,6,1
2293020,Douglas Luiz,Douglas Luiz Soares de Paulo,Midfielder,AVL,0,0,0,9,1
2293020,Ramsey (Jacob),Jacob Ramsey,Midfielder,AVL,0,0,0,3,0
2293020,Durán,Jhon Durán,Forward,AVL,0,0,0,2,0
2293020,Mendy (Nampalys),Nampalys Mendy,Midfielder,LEI,1,0,0,1,0
2293020,Ward (Danny),Danny Ward,Goalkeeper,LEI,2,0,0,5,0
2293020,Vardy,Jamie Vardy,Forward,LEI,0,0,0,2,0
2293020,Praet,Dennis Praet,Midfielder,LEI,1,1,0,1,0
2293020,Castagne,Timothy Castagne,Defender,LEI,4,1,0,9,3
2293020,Tielemans,Youri Tielemans,Midfielder,LEI,1,2,2,13,2
2293020,Maddison,James Maddison,Midfielder,LEI,0,0,0,3,0
2293020,Iheanacho,Kelechi Iheanacho,Forward,LEI,2,0,0,2,0
2293020,Souttar,Harry Souttar,Defender,LEI,7,1,0,2,1
2293020,Barnes,Harvey Barnes,Midfielder,LEI,0,0,0,4,0
2293020,Dewsbury-Hall,Kiernan Dewsbury-Hall,Midfielder,LEI,2,1,2,5,2
2293020,Söyüncü,Caglar Söyüncü,Defender,LEI,0,0,1,0,0
2293020,Faes,Wout Faes,Defender,LEI,5,3,2,2,3
2293020,Tetê,Mateus Cardoso Lemos Martins,Midfielder,LEI,0,0,1,10,0
2293020,Thomas,Luke Thomas,Defender,LEI,1,0,1,1,0
2293020,Kristiansen,Victor Kristiansen,Defender,LEI,3,0,0,4,5
2293021,Zanka,Mathias Jorgensen,Defender,BRE,0,0,0,1,0
2293021,Mee,Ben Mee,Defender,BRE,2,2,1,5,1
2293021,Norgaard,Christian Norgaard,Midfielder,BRE,2,1,2,8,0
2293021,Toney,Ivan Toney,Forward,BRE,2,1,0,4,0
2293021,Raya Martin,David Raya Martin,Goalkeeper,BRE,0,0,0,12,0
2293021,Dasilva,Pelenda Joshua Dasilva,Midfielder,BRE,1,0,1,4,0
2293021,Henry,Rico Henry,Defender,BRE,3,0,1,9,2
2293021,Janelt,Vitaly Janelt,Midfielder,BRE,0,0,0,3,0
2293021,Jensen,Mathias Jensen,Midfielder,BRE,0,0,1,10,3
2293021,Wissa,Yoane Wissa,Forward,BRE,1,0,0,3,0
2293021,Roerslev,Mads Roerslev,Defender,BRE,0,1,0,2,0
2293021,Pinnock,Ethan Pinnock,Defender,BRE,7,0,0,4,2
2293021,Damsgaard,Mikkel Damsgaard,Midfielder,BRE,0,0,0,1,0
2293021,Mbeumo,Bryan Mbeumo,Midfielder,BRE,0,0,0,6,0
2293021,Hickey,Aaron Hickey,Defender,BRE,0,0,1,4,0
2293021,Schade,Kevin Schade,Midfielder,BRE,0,0,0,0,0
2293021,Walcott,Theo Walcott,Midfielder,SOU,0,0,0,0,0
2293021,Elyounoussi,Mohammed Elyounoussi,Midfielder,SOU,3,0,1,2,0
2293021,Ward-Prowse,James Ward-Prowse,Midfielder,SOU,3,0,0,5,1
2293021,Paul Onuachu,Ebere Paul Onuachu,Forward,SOU,1,0,0,2,0
2293021,Armstrong (Adam),Adam Armstrong,Forward,SOU,0,0,0,1,0
2293021,Bednarek,Jan Bednarek,Defender,SOU,4,1,10,8,2
2293021,Bree,James Bree,Defender,SOU,1,0,2,3,0
2293021,Adams (Che),Che Adams,Forward,SOU,1,1,0,1,1
2293021,Diallo,Ibrahima Diallo,Midfielder,SOU,2,0,1,4,1
2293021,Perraud,Romain Perraud,Defender,SOU,2,1,0,5,2
2293021,Salisu,Mohammed Salisu,Defender,SOU,9,2,2,11,0
2293021,Bazunu,Gavin Bazunu,Goalkeeper,SOU,0,0,0,7,0
2293021,Edozie,Samuel Edozie,Midfielder,SOU,3,0,1,9,2
2293021,Alcaraz,Carlos Alcaraz,Midfielder,SOU,0,0,0,3,1
2293021,Sulemana,Kamaldeen Sulemana,Midfielder,SOU,0,0,0,3,0
2293021,Lavia,Romeo Lavia,Midfielder,SOU,0,0,0,7,0
2293022,Smith (Adam),Adam Smith,Defender,BOU,1,0,0,2,1
2293022,Neto,Norberto Murara Neto,Goalkeeper,BOU,0,0,0,12,0
2293022,Lerma,Jefferson Lerma,Midfielder,BOU,6,2,1,5,3
2293022,Rothwell,Joe Rothwell,Midfielder,BOU,1,0,1,1,1
2293022,Christie,Ryan Christie,Midfielder,BOU,0,0,0,0,0
2293022,Billing,Philip Billing,Midfielder,BOU,0,0,1,10,0
2293022,Senesi,Marcos Senesi,Defender,BOU,6,0,2,5,2
2293022,Mepham,Chris Mepham,Defender,BOU,3,3,1,1,0
2293022,Viña,Matias Viña,Defender,BOU,0,0,0,0,1
2293022,Traore (Hamed),Hamed Traore,Midfielder,BOU,0,0,1,7,3
2293022,Semenyo,Antoine Semenyo,Forward,BOU,0,0,0,2,0
2293022,Anthony,Jaidon Anthony,Midfielder,BOU,0,0,0,1,0
2293022,Zemura,Jordan Zemura,Defender,BOU,1,2,1,4,0
2293022,Dango Ouattara,Dango Ouattara,Midfielder,BOU,4,0,1,5,1
2293022,Welbeck,Danny Welbeck,Forward,BHA,0,0,0,2,0
2293022,Groß,Pascal Groß,Midfielder,BHA,1,0,0,7,0
2293022,Dunk,Lewis Dunk,Defender,BHA,0,1,0,6,1
2293022,March,Solomon March,Midfielder,BHA,0,0,0,5,1
2293022,Webster (Adam),Adam Webster,Defender,BHA,0,0,0,0,0
2293022,Veltman,Joël Veltman,Defender,BHA,0,1,0,5,1
2293022,Estupiñán,Pervis Estupiñán,Defender,BHA,1,1,0,4,3
2293022,Sanchez,Robert Sanchez,Goalkeeper,BHA,0,0,0,7,0
2293022,Lamptey,Tariq Lamptey,Defender,BHA,0,0,0,7,1
2293022,Gilmour,Billy Gilmour,Midfielder,BHA,1,0,1,6,0
2293022,Sarmiento,Jeremy Sarmiento,Midfielder,BHA,0,0,0,1,0
2293022,Undav,Deniz Undav,Forward,BHA,1,0,0,4,1
2293022,Mitoma,Kaoru Mitoma,Midfielder,BHA,0,0,0,1,0
2293022,Enciso,Julio Enciso,Midfielder,BHA,0,0,0,0,0
2293022,Moises Caicedo,Moises Caicedo,Midfielder,BHA,0,0,1,3,1
2293022,Buonanotte,Facundo Buonanotte,Midfielder,BHA,0,0,0,1,0
2293023,Azpilicueta,César Azpilicueta,Defender,CHE,1,0,1,1,1
2293023,Thiago Silva,Thiago Emiliano da Silva,Defender,CHE,3,1,2,5,0
2293023,Sterling (Raheem),Raheem Sterling,Midfielder,CHE,0,0,0,3,1
2293023,Kepa,Kepa Arrizabalaga Revuelta,Goalkeeper,CHE,0,0,0,11,0
2293023,Ziyech,Hakim Ziyech,Midfielder,CHE,0,0,0,5,1
2293023,Chilwell,Benjamin Chilwell,Defender,CHE,0,0,0,0,0
2293023,Cucurella,Marc Cucurella,Defender,CHE,1,1,0,13,2
2293023,Mount,Mason Mount,Midfielder,CHE,0,0,1,6,0
2293023,Havertz,Kai Havertz,Midfielder,CHE,0,0,0,2,0
2293023,James (Reece),Reece James,Defender,CHE,1,0,0,5,1
2293023,Gallagher,Conor Gallagher,Midfielder,CHE,0,0,1,4,0
2293023,Badiashile,Benoît Badiashile,Defender,CHE,5,0,2,3,0
2293023,Madueke,Noni Madueke,Midfielder,CHE,0,0,0,5,1
2293023,Fernández (Enzo),Enzo Fernández,Midfielder,CHE,3,1,2,10,5
2293023,Mudryk,Mykhailo Mudryk,Midfielder,CHE,0,0,0,2,1
2293023,Fofana (David Datro),David Datro Fofana,Forward,CHE,0,0,0,0,0
2293023,Willian,Willian Borges Da Silva,Midfielder,FUL,0,0,0,3,2
2293023,Cairney,Tom Cairney,Midfielder,FUL,0,0,0,0,1
2293023,Leno,Bernd Leno,Goalkeeper,FUL,0,0,0,9,0
2293023,Ream,Tim Ream,Defender,FUL,3,2,3,10,0
2293023,Kurzawa,Layvin Kurzawa,Defender,FUL,0,0,0,0,0
2293023,DeCordova-Reid,Bobby DeCordova-Reid,Midfielder,FUL,0,0,0,2,1
2293023,Mitrovic,Aleksandar Mitrovic,Forward,FUL,0,0,1,3,0
2293023,Reed,Harrison Reed,Midfielder,FUL,2,0,1,3,0
2293023,Wilson (Harry),Harry Wilson,Midfielder,FUL,1,0,0,4,3
2293023,João Palhinha,João Maria Lobo Alves Palhinha Gonçalves,Midfielder,FUL,2,0,4,11,3
2293023,Pereira,Andreas Pereira,Midfielder,FUL,0,0,0,6,0
2293023,Tete,Kenny Tete,Defender,FUL,3,0,3,6,0
2293023,Robinson (Antonee),Antonee Robinson,Defender,FUL,2,0,5,6,2
2293023,Diop,Issa Diop,Defender,FUL,7,1,1,6,1
2293023,Solomon,Manor Solomon,Midfielder,FUL,0,0,1,2,1
2293023,Carlos Vinicius,Carlos Vinicius Alves Morais,Forward,FUL,0,0,0,1,0
2293024,Xhaka,Granit Xhaka,Midfielder,ARS,0,0,0,5,0
2293024,Jorginho,Jorge Luiz Frello Filho,Midfielder,ARS,0,0,0,3,1
2293024,Trossard,Leandro Trossard,Midfielder,ARS,0,0,0,1,2
2293024,Partey,Thomas Partey,Midfielder,ARS,1,0,0,3,0
2293024,Odegaard,Martin Odegaard,Midfielder,ARS,0,0,1,6,0
2293024,White (Ben),Ben White,Defender,ARS,1,0,0,2,1
2293024,Eddie Nketiah,Edward Nketiah,Forward,ARS,0,0,0,0,2
2293024,Zinchenko,Oleksandr Zinchenko,Defender,ARS,2,0,0,8,0
2293024,Saka,Bukayo Saka,Midfielder,ARS,1,0,1,4,1
2293024,Tomiyasu,Takehiro Tomiyasu,Defender,ARS,0,0,0,1,2
2293024,Ramsdale,Aaron Ramsdale,Goalkeeper,ARS,1,0,0,11,0
2293024,Gabriel Magalhães,Gabriel dos Santos Magalhães,Defender,ARS,3,1,0,7,1
2293024,Fábio Vieira,Fábio Daniel Vieira,Midfielder,ARS,0,0,0,1,0
2293024,Martinelli,Gabriel Teodoro Martinelli Silva,Midfielder,ARS,0,0,0,3,0
2293024,Saliba,William Saliba,Defender,ARS,3,2,0,8,1
2293024,Tarkowski,James Tarkowski,Defender,EVE,5,1,2,4,0
2293024,Coleman,Seamus Coleman,Defender,EVE,6,0,1,2,1
2293024,Gueye,Idrissa Gueye,Midfielder,EVE,0,0,1,10,1
2293024,Coady,Conor Coady,Defender,EVE,1,2,0,2,1
2293024,Pickford,Jordan Pickford,Goalkeeper,EVE,0,0,0,7,0
2293024,Maupay,Neal Maupay,Forward,EVE,0,0,1,1,0
2293024,Doucouré,Abdoulaye Doucouré,Midfielder,EVE,0,1,2,9,1
2293024,Iwobi,Alex Iwobi,Midfielder,EVE,1,0,0,2,2
2293024,Calvert-Lewin,Dominic Calvert-Lewin,Forward,EVE,0,0,0,2,0
2293024,Mykolenko,Vitaliy Mykolenko,Defender,EVE,5,1,1,3,2
2293024,McNeil,Dwight McNeil,Midfielder,EVE,1,0,1,6,1
2293024,Mvom Onana,Amadou Mvom Onana,Midfielder,EVE,1,1,2,8,2
2293025,Guaita,Vicente Guaita,Goalkeeper,CRY,0,0,0,4,0
2293025,Clyne,Nathaniel Clyne,Defender,CRY,1,1,3,6,0
2293025,Ayew (Jordan),Jordan Ayew,Midfielder,CRY,2,0,1,7,1
2293025,Schlupp,Jeffrey Schlupp,Midfielder,CRY,1,1,0,1,0
2293025,Hughes (Will),Will Hughes,Midfielder,CRY,0,0,1,5,0
2293025,Edouard,Odsonne Edouard,Forward,CRY,1,1,0,0,1
2293025,Marc Guehi,Addji Keaninkin Marc-Israel Guehi,Defender,CRY,3,0,1,4,3
2293025,Mateta,Jean-Philippe Mateta,Forward,CRY,0,0,0,1,0
2293025,Eze,Eberechi Eze,Midfielder,CRY,0,0,0,0,0
2293025,Mitchell,Tyrick Mitchell,Defender,CRY,0,0,1,5,1
2293025,Richards (Chris),Chris Richards,Defender,CRY,4,0,3,3,1
2293025,Sambi Lokonga,Albert Sambi Lokonga,Midfielder,CRY,1,0,0,6,1
2293025,Doucoure,Cheick Oumar Doucoure,Midfielder,CRY,2,0,2,11,1
2293025,Olise,Michael Olise,Midfielder,CRY,0,0,1,2,0
2293025,Ahamada,Naouirou Ahamada,Midfielder,CRY,0,0,0,0,0
2293025,De Gea,David De Gea,Goalkeeper,MUN,0,0,0,5,0
2293025,Casemiro,Carlos Henrique Jose Francisco Venancio,Midfielder,MUN,1,0,1,5,1
2293025,Varane,Raphael Varane,Defender,MUN,2,1,0,2,1
2293025,Maguire,Harry Maguire,Defender,MUN,0,0,0,0,0
2293025,Sabitzer,Marcel Sabitzer,Midfielder,MUN,1,0,0,1,0
2293025,Fred,Frederico Rodrigues de Paula Santos,Midfielder,MUN,0,0,0,9,3
2293025,Shaw,Luke Shaw,Defender,MUN,2,0,1,3,0
2293025,Weghorst,Wout Weghorst,Forward,MUN,0,0,0,2,0
2293025,Bruno Fernandes,Bruno Miguel Borges Fernandes,Midfielder,MUN,3,0,1,5,2
2293025,Rashford,Marcus Rashford,Midfielder,MUN,0,0,0,4,2
2293025,Lindelof,Victor Nilsson-Lindelof,Defender,MUN,0,0,0,0,0
2293025,Wan-Bissaka,Aaron Wan-Bissaka,Defender,MUN,1,0,2,3,2
2293025,Martínez,Lisandro Martínez,Defender,MUN,5,1,0,7,1
2293025,Antony,Antony Matheus dos Santos,Midfielder,MUN,0,0,0,6,0
2293025,Garnacho,Alejandro Garnacho Ferreyra,Midfielder,MUN,0,0,0,1,0
2293026,Wilson (Callum),Callum Wilson,Forward,NEW,0,0,0,2,0
2293026,Trippier,Kieran Trippier,Defender,NEW,3,0,0,10,1
2293026,Burn,Dan Burn,Defender,NEW,7,0,1,4,1
2293026,Pope,Nick Pope,Goalkeeper,NEW,0,0,0,4,0
2293026,Murphy (Jacob),Jacob Murphy,Midfielder,NEW,0,0,0,1,1
2293026,Schär,Fabian Schär,Defender,NEW,3,0,3,4,0
2293026,Saint-Maximin,Allan Saint-Maximin,Midfielder,NEW,0,0,0,2,1
2293026,Almirón,Miguel Almirón,Midfielder,NEW,1,0,0,5,0
2293026,Longstaff (Sean),Sean Longstaff,Midfielder,NEW,0,0,0,5,0
2293026,Joelinton,Joelinton Cássio Apolinário de Lira,Midfielder,NEW,2,1,1,13,2
2293026,Willock,Joseph Willock,Midfielder,NEW,0,0,1,4,1
2293026,Anderson (Elliot),Elliot Anderson,Midfielder,NEW,0,0,0,1,0
2293026,Botman,Sven Botman,Defender,NEW,7,2,3,9,1
2293026,Gordon (Anthony),Anthony Gordon,Midfielder,NEW,0,0,0,0,0
2293026,Fabianski,Lukasz Fabianski,Goalkeeper,WHU,0,0,0,8,0
2293026,Ogbonna,Angelo Ogbonna,Defender,WHU,3,0,2,5,0
2293026,Antonio,Michail Antonio,Forward,WHU,0,0,1,2,0
2293026,Ings,Danny Ings,Forward,WHU,0,1,0,2,0
2293026,Emerson,Emerson Palmieri dos Santos,Defender,WHU,3,0,2,5,1
2293026,Coufal,Vladimir Coufal,Defender,WHU,3,1,3,9,3
2293026,Benrahma,Said Benrahma,Midfielder,WHU,0,0,1,5,0
2293026,Bowen,Jarrod Bowen,Midfielder,WHU,0,0,0,7,0
2293026,Kehrer,Thilo Kehrer,Defender,WHU,0,0,1,1,1
2293026,Rice,Declan Rice,Midfielder,WHU,1,0,3,12,2
2293026,Aguerd,Nayef Aguerd,Defender,WHU,5,1,2,2,3
2293026,Soucek,Tomas Soucek,Midfielder,WHU,2,0,0,0,0
2293026,Fornals,Pablo Fornals,Midfielder,WHU,0,0,0,2,0
2293026,Downes,Flynn Downes,Midfielder,WHU,0,0,0,0,0
2293026,Johnson (Ben),Ben Johnson,Defender,WHU,3,0,0,1,1
2293026,Lucas Paquetá,Lucas Tolentino Coelho de Lima,Midfielder,WHU,1,0,2,5,0
2293027,Cooper,Liam Cooper,Defender,LEE,2,0,1,8,1
2293027,Ayling,Luke Ayling,Defender,LEE,0,1,0,7,0
2293027,Bamford,Patrick Bamford,Forward,LEE,0,0,0,2,0
2293027,Adams (Tyler),Tyler Adams,Midfielder,LEE,1,0,0,12,2
2293027,Wöber,Maximilian Wöber,Defender,LEE,2,0,0,7,2
2293027,Harrison,Jack Harrison,Midfielder,LEE,0,0,0,5,0
2293027,Struijk,Pascal Struijk,Defender,LEE,2,1,0,8,6
2293027,Sinisterra,Luis Sinisterra,Midfielder,LEE,0,0,0,3,1
2293027,Roca,Marc Roca,Midfielder,LEE,0,0,1,6,1
2293027,McKennie,Weston McKennie,Midfielder,LEE,1,0,0,5,0
2293027,Greenwood (Sam),Sam Greenwood,Forward,LEE,0,0,0,1,0
2293027,Meslier,Illan Meslier,Goalkeeper,LEE,0,0,0,8,0
2293027,Firpo,Junior Firpo,Defender,LEE,1,0,0,0,0
2293027,Summerville,Crysencio Summerville,Midfielder,LEE,0,0,0,2,1
2293027,Rutter,Georginio Rutter,Forward,LEE,0,0,0,0,0
2293027,Gnonto,Degnand Wilfried Gnonto,Forward,LEE,0,0,0,5,0
2293027,Navas,Keylor Navas,Goalkeeper,NFO,1,0,0,12,0
2293027,Ayew (André),André Ayew,Midfielder,NFO,1,0,0,0,0
2293027,Colback,Jack Colback,Midfielder,NFO,0,0,0,3,2
2293027,Wood,Chris Wood,Forward,NFO,0,0,0,2,0
2293027,Aurier,Serge Aurier,Defender,NFO,0,0,2,6,1
2293027,Freuler,Remo Freuler,Midfielder,NFO,0,0,5,7,1
2293027,Boly,Willy Boly,Defender,NFO,9,1,1,7,3
2293027,McKenna,Scott McKenna,Defender,NFO,7,1,0,6,1
2293027,Mangala,Orel Mangala,Midfielder,NFO,0,0,2,2,2
2293027,Williams (Neco),Neco Williams,Defender,NFO,3,0,2,11,3
2293027,Surridge,Sam Surridge,Forward,NFO,0,0,0,1,0
2293027,Gibbs-White,Morgan Gibbs-White,Midfielder,NFO,0,0,1,8,0
2293027,Renan Lodi,Renan Augusto Lodi dos Santos,Defender,NFO,3,0,2,8,1
2293027,Johnson (Brennan),Brennan Johnson,Midfielder,NFO,1,0,0,4,1
2293027,Danilo,Danilo dos Santos de Oliveira,Midfielder,NFO,0,1,0,4,2
2293028,Walker,Kyle Walker,Defender,MCI,0,0,1,7,1
2293028,Gundogan,Ilkay Gundogan,Midfielder,MCI,0,0,0,0,0
2293028,De Bruyne,Kevin De Bruyne,Midfielder,MCI,0,0,0,1,0
2293028,Mahrez,Riyad Mahrez,Midfielder,MCI,0,0,0,2,0
2293028,Grealish,Jack Grealish,Midfielder,MCI,2,0,0,7,2
2293028,Ederson,Ederson Santana de Moraes,Goalkeeper,MCI,0,0,0,5,0
2293028,Aké,Nathan Aké,Defender,MCI,3,1,1,6,0
2293028,Bernardo Silva,Bernardo Mota Veiga de Carvalho e Silva,Midfielder,MCI,0,0,1,2,2
2293028,Akanji,Manuel Akanji,Defender,MCI,1,1,2,5,1
2293028,Rodri,Rodrigo Hernández Cascante,Midfielder,MCI,0,1,1,11,0
2293028,Haaland,Erling Haaland,Forward,MCI,2,1,0,4,0
2293028,Álvarez,Julián Álvarez,Forward,MCI,0,0,0,2,1
2293028,Lewis (Rico),Rico Lewis,Defender,MCI,3,0,1,4,2
2293028,Lloris,Hugo Lloris,Goalkeeper,TOT,0,0,0,10,0
2293028,Perisic,Ivan Perisic,Defender,TOT,3,0,1,4,0
2293028,Kane,Harry Kane,Forward,TOT,0,0,0,0,0
2293028,Son,Heung-Min Son,Midfielder,TOT,0,0,0,6,0
2293028,Dier,Eric Dier,Defender,TOT,4,2,0,5,0
2293028,Davies (Ben),Ben Davies,Defender,TOT,3,0,0,3,0
2293028,Højbjerg,Pierre-Emile Højbjerg,Midfielder,TOT,2,1,2,8,2
2293028,Sánchez,Davinson Sánchez,Defender,TOT,0,0,0,0,0
2293028,Sessegnon (Ryan),Kouassi Ryan Sessegnon,Defender,TOT,0,0,0,1,0
2293028,Bentancur,Rodrigo Bentancur,Midfielder,TOT,3,0,2,4,3
2293028,Romero,Cristian Romero,Defender,TOT,3,2,2,4,1
2293028,Bissouma,Yves Bissouma,Midfielder,TOT,0,0,0,0,0
2293028,Emerson Royal,Emerson Aparecido Leite de Souza Junior,Defender,TOT,6,0,2,5,1
2293028,Kulusevski,Dejan Kulusevski,Midfielder,TOT,0,0,0,7,1
2293029,Milner,James Milner,Midfielder,LIV,0,0,2,0,0
2293029,Henderson (Jordan),Jordan Henderson,Midfielder,LIV,1,0,0,5,0
2293029,Matip,Joel Matip,Defender,LIV,1,0,0,5,0
2293029,Thiago Alcántara,Thiago Alcántara do Nascimento,Midfielder,LIV,0,0,0,12,1
2293029,Oxlade-Chamberlain,Alex Oxlade-Chamberlain,Midfielder,LIV,0,0,0,0,0
2293029,Alisson,Alisson Ramses Becker,Goalkeeper,LIV,0,0,0,6,0
2293029,Salah,Mohamed Salah,Midfielder,LIV,0,0,0,4,1
2293029,Robertson (Andrew),Andrew Robertson,Defender,LIV,0,0,3,4,0
2293029,Alexander-Arnold,Trent Alexander-Arnold,Defender,LIV,0,0,1,4,1
2293029,Gomez,Joseph Gomez,Defender,LIV,4,1,1,5,1
2293029,Keita,Naby Keita,Midfielder,LIV,0,0,0,6,1
2293029,Tsimikas,Konstantinos Tsimikas,Defender,LIV,1,0,0,0,0
2293029,Gakpo,Cody Gakpo,Forward,LIV,0,1,2,5,1
2293029,Elliott (Harvey),Harvey Elliott,Midfielder,LIV,0,0,0,1,0
2293029,Núñez,Darwin Núñez,Forward,LIV,0,0,0,0,0
2293029,Bajcetic,Stefan Bajcetic,Midfielder,LIV,0,0,1,6,1
2293029,Moutinho,João Moutinho,Midfielder,WOL,1,0,0,4,0
2293029,Dawson,Craig Dawson,Defender,WOL,7,2,0,8,0
2293029,Sarabia,Pablo Sarabia,Midfielder,WOL,0,0,0,2,0
2293029,Raúl Jiménez,Raul Alonso Jimenez Rodriguez,Forward,WOL,1,0,0,1,1
2293029,Jonny,Jonathan Castro Otto,Defender,WOL,0,0,0,1,0
2293029,José Sá,José Pedro Malheiro de Sá,Goalkeeper,WOL,0,0,0,6,0
2293029,Lemina (Mario),Mario Lemina,Midfielder,WOL,4,1,0,5,1
2293029,Traoré (Adama),Adama Traoré,Midfielder,WOL,1,0,0,3,1
2293029,Ruben Neves,Rúben Diogo da Silva Neves,Midfielder,WOL,7,2,0,5,2
2293029,Hwang Hee-Chan,Hee-Chan Hwang,Midfielder,WOL,0,0,0,3,0
2293029,Semedo,Nelson Semedo,Defender,WOL,5,2,0,6,1
2293029,Podence,Daniel Podence,Midfielder,WOL,0,0,0,0,0
2293029,Kilman,Max Kilman,Defender,WOL,6,5,0,6,0
2293029,Matheus Cunha,Matheus Santos Carneiro Da Cunha,Forward,WOL,1,0,1,4,0
2293029,Ait Nouri,Rayan Ait Nouri,Defender,WOL,6,0,1,5,1
2293029,Matheus Nunes,Matheus Luiz Nunes,Midfielder,WOL,0,0,2,10,3
2293030,Smith (Adam),Adam Smith,Defender,BOU,0,0,1,1,0
2293030,Neto,Norberto Murara Neto,Goalkeeper,BOU,0,0,0,7,0
2293030,Fredericks,Ryan Fredericks,Defender,BOU,2,0,0,1,0
2293030,Stephens,Jack Stephens,Defender,BOU,7,0,0,5,3
2293030,Lerma,Jefferson Lerma,Midfielder,BOU,5,1,3,11,0
2293030,Solanke,Dominic Solanke,Forward,BOU,2,0,0,3,0
2293030,Billing,Philip Billing,Midfielder,BOU,1,0,4,6,2
2293030,Tavernier,Marcus Tavernier,Midfielder,BOU,1,0,0,3,0
2293030,Senesi,Marcos Senesi,Defender,BOU,3,1,2,4,1
2293030,Mepham,Chris Mepham,Defender,BOU,5,1,2,1,0
2293030,Traore (Hamed),Hamed Traore,Midfielder,BOU,0,0,0,7,0
2293030,Semenyo,Antoine Semenyo,Forward,BOU,0,0,1,1,0
2293030,Anthony,Jaidon Anthony,Midfielder,BOU,0,0,2,5,3
2293030,Zemura,Jordan Zemura,Defender,BOU,3,0,0,6,1
2293030,Dango Ouattara,Dango Ouattara,Midfielder,BOU,0,0,2,2,1
2293030,Trippier,Kieran Trippier,Defender,NEW,3,1,0,2,1
2293030,Burn,Dan Burn,Defender,NEW,4,1,0,3,1
2293030,Pope,Nick Pope,Goalkeeper,NEW,2,0,0,12,0
2293030,Murphy (Jacob),Jacob Murphy,Midfielder,NEW,0,0,0,1,0
2293030,Schär,Fabian Schär,Defender,NEW,1,0,5,6,0
2293030,Saint-Maximin,Allan Saint-Maximin,Midfielder,NEW,0,0,0,5,0
2293030,Almirón,Miguel Almirón,Midfielder,NEW,0,0,0,7,1
2293030,Longstaff (Sean),Sean Longstaff,Midfielder,NEW,1,0,0,9,2
2293030,Joelinton,Joelinton Cássio Apolinário de Lira,Midfielder,NEW,1,0,1,10,0
2293030,Willock,Joseph Willock,Midfielder,NEW,1,0,0,4,1
2293030,Anderson (Elliot),Elliot Anderson,Midfielder,NEW,0,0,0,1,0
2293030,Isak,Alexander Isak,Forward,NEW,0,0,0,0,0
2293030,Botman,Sven Botman,Defender,NEW,1,0,3,4,2
2293030,Gordon (Anthony),Anthony Gordon,Midfielder,NEW,0,0,0,3,1
2293031,Xhaka,Granit Xhaka,Midfielder,ARS,3,1,0,5,0
2293031,Trossard,Leandro Trossard,Midfielder,ARS,0,0,0,0,0
2293031,Partey,Thomas Partey,Midfielder,ARS,1,0,1,10,2
2293031,Odegaard,Martin Odegaard,Midfielder,ARS,1,1,0,5,0
2293031,White (Ben),Ben White,Defender,ARS,2,0,0,2,1
2293031,Eddie Nketiah,Edward Nketiah,Forward,ARS,0,1,0,2,0
2293031,Zinchenko,Oleksandr Zinchenko,Defender,ARS,0,0,0,8,1
2293031,Saka,Bukayo Saka,Midfielder,ARS,1,0,0,3,1
2293031,Ramsdale,Aaron Ramsdale,Goalkeeper,ARS,0,0,0,8,0
2293031,Gabriel Magalhães,Gabriel dos Santos Magalhães,Defender,ARS,3,0,1,4,1
2293031,Fábio Vieira,Fábio Daniel Vieira,Midfielder,ARS,0,0,0,0,0
2293031,Martinelli,Gabriel Teodoro Martinelli Silva,Midfielder,ARS,0,0,0,1,0
2293031,Saliba,William Saliba,Defender,ARS,5,0,2,3,0
2293031,Mee,Ben Mee,Defender,BRE,5,2,0,5,0
2293031,Norgaard,Christian Norgaard,Midfielder,BRE,4,0,1,6,0
2293031,Toney,Ivan Toney,Forward,BRE,1,0,0,4,1
2293031,Raya Martin,David Raya Martin,Goalkeeper,BRE,0,0,0,16,0
2293031,Dasilva,Pelenda Joshua Dasilva,Midfielder,BRE,0,1,0,0,0
2293031,Ajer,Kristoffer Ajer,Defender,BRE,2,1,0,5,1
2293031,Henry,Rico Henry,Defender,BRE,3,0,0,2,0
2293031,Janelt,Vitaly Janelt,Midfielder,BRE,0,1,1,5,2
2293031,Jensen,Mathias Jensen,Midfielder,BRE,3,1,1,7,1
2293031,Wissa,Yoane Wissa,Forward,BRE,0,0,0,0,0
2293031,Roerslev,Mads Roerslev,Defender,BRE,5,0,1,2,2
2293031,Pinnock,Ethan Pinnock,Defender,BRE,10,0,2,2,1
2293031,Mbeumo,Bryan Mbeumo,Midfielder,BRE,0,0,0,2,0
2293031,Schade,Kevin Schade,Midfielder,BRE,1,0,0,0,0
2293032,Groß,Pascal Groß,Midfielder,BHA,2,0,1,3,1
2293032,Dunk,Lewis Dunk,Defender,BHA,3,0,0,12,0
2293032,March,Solomon March,Midfielder,BHA,0,0,0,6,3
2293032,Webster (Adam),Adam Webster,Defender,BHA,1,2,2,4,1
2293032,Veltman,Joël Veltman,Defender,BHA,5,1,1,3,1
2293032,Estupiñán,Pervis Estupiñán,Defender,BHA,3,0,2,8,2
2293032,Sanchez,Robert Sanchez,Goalkeeper,BHA,0,0,0,2,0
2293032,Lamptey,Tariq Lamptey,Defender,BHA,0,0,1,2,0
2293032,Mac Allister,Alexis Mac Allister,Midfielder,BHA,0,0,0,2,1
2293032,Undav,Deniz Undav,Forward,BHA,0,0,0,0,0
2293032,Mitoma,Kaoru Mitoma,Midfielder,BHA,1,0,0,6,2
2293032,Moises Caicedo,Moises Caicedo,Midfielder,BHA,2,0,4,11,2
2293032,Ferguson (Evan),Evan Ferguson,Forward,BHA,0,0,0,1,0
2293032,Guaita,Vicente Guaita,Goalkeeper,CRY,0,0,0,9,0
2293032,Tomkins,James Tomkins,Defender,CRY,4,1,0,6,2
2293032,Clyne,Nathaniel Clyne,Defender,CRY,3,1,0,7,0
2293032,Ayew (Jordan),Jordan Ayew,Midfielder,CRY,0,0,2,5,3
2293032,Schlupp,Jeffrey Schlupp,Midfielder,CRY,0,0,1,2,0
2293032,Hughes (Will),Will Hughes,Midfielder,CRY,0,0,4,4,3
2293032,Edouard,Odsonne Edouard,Forward,CRY,3,0,0,2,0
2293032,Marc Guehi,Addji Keaninkin Marc-Israel Guehi,Defender,CRY,5,2,2,2,1
2293032,Mateta,Jean-Philippe Mateta,Forward,CRY,2,0,0,2,0
2293032,Eze,Eberechi Eze,Midfielder,CRY,0,0,0,1,0
2293032,Mitchell,Tyrick Mitchell,Defender,CRY,2,0,1,8,1
2293032,Sambi Lokonga,Albert Sambi Lokonga,Midfielder,CRY,0,1,1,1,1
2293032,Doucoure,Cheick Oumar Doucoure,Midfielder,CRY,2,0,2,5,1
2293032,Olise,Michael Olise,Midfielder,CRY,0,0,2,6,2
2293032,Ahamada,Naouirou Ahamada,Midfielder,CRY,0,0,0,2,0
2293033,Willian,Willian Borges Da Silva,Midfielder,FUL,0,0,1,4,0
2293033,Cedric,Cedric Ricardo Alves Soares,Defender,FUL,0,0,0,1,0
2293033,Leno,Bernd Leno,Goalkeeper,FUL,1,0,0,5,0
2293033,Ream,Tim Ream,Defender,FUL,4,0,3,13,1
2293033,DeCordova-Reid,Bobby DeCordova-Reid,Midfielder,FUL,1,0,1,6,0
2293033,Mitrovic,Aleksandar Mitrovic,Forward,FUL,0,0,1,1,0
2293033,Reed,Harrison Reed,Midfielder,FUL,1,0,1,4,1
2293033,Wilson (Harry),Harry Wilson,Midfielder,FUL,0,0,0,1,0
2293033,João Palhinha,João Maria Lobo Alves Palhinha Gonçalves,Midfielder,FUL,3,0,3,6,0
2293033,Pereira,Andreas Pereira,Midfielder,FUL,0,0,0,4,0
2293033,Tete,Kenny Tete,Defender,FUL,2,1,0,3,1
2293033,Robinson (Antonee),Antonee Robinson,Defender,FUL,1,1,3,6,1
2293033,Lukic,Sasa Lukic,Midfielder,FUL,0,0,0,0,0
2293033,Diop,Issa Diop,Defender,FUL,3,0,2,6,1
2293033,Solomon,Manor Solomon,Midfielder,FUL,0,0,0,2,0
2293033,Carlos Vinicius,Carlos Vinicius Alves Morais,Forward,FUL,0,0,0,0,0
2293033,Navas,Keylor Navas,Goalkeeper,NFO,0,0,0,7,0
2293033,Ayew (André),André Ayew,Midfielder,NFO,0,0,0,0,0
2293033,Shelvey (Jonjo),Jonjo Shelvey,Midfielder,NFO,0,0,0,1,0
2293033,Wood,Chris Wood,Forward,NFO,1,0,0,1,0
2293033,Aurier,Serge Aurier,Defender,NFO,0,1,2,6,2
2293033,Freuler,Remo Freuler,Midfielder,NFO,1,0,0,8,0
2293033,Boly,Willy Boly,Defender,NFO,1,0,0,1,0
2293033,Felipe,Felipe Augusto de Almeida Monteiro,Defender,NFO,5,0,5,8,0
2293033,McKenna,Scott McKenna,Defender,NFO,0,0,0,1,0
2293033,Mangala,Orel Mangala,Midfielder,NFO,1,1,3,2,0
2293033,Gustavo Scarpa,Gustavo Henrique Furtado Scarpa,Midfielder,NFO,1,0,0,0,0
2293033,Worrall,Joe Worrall,Defender,NFO,3,0,0,5,2
2293033,Gibbs-White,Morgan Gibbs-White,Midfielder,NFO,1,0,0,3,0
2293033,Dennis (Emmanuel),Emmanuel Bonaventure Dennis,Forward,NFO,0,0,0,0,2
2293033,Renan Lodi,Renan Augusto Lodi dos Santos,Defender,NFO,3,0,0,7,1
2293033,Johnson (Brennan),Brennan Johnson,Midfielder,NFO,0,0,0,1,1
2293034,Ayling,Luke Ayling,Defender,LEE,1,0,1,9,4
2293034,Bamford,Patrick Bamford,Forward,LEE,0,0,0,0,1
2293034,Koch,Robin Koch,Defender,LEE,6,0,1,3,0
2293034,Adams (Tyler),Tyler Adams,Midfielder,LEE,1,1,2,5,1
2293034,Wöber,Maximilian Wöber,Defender,LEE,1,0,0,4,3
2293034,Harrison,Jack Harrison,Midfielder,LEE,1,0,1,5,1
2293034,McKennie,Weston McKennie,Midfielder,LEE,0,0,1,6,1
2293034,Greenwood (Sam),Sam Greenwood,Forward,LEE,0,0,0,0,0
2293034,Aaronson,Brenden Aaronson,Midfielder,LEE,0,0,0,1,0
2293034,Meslier,Illan Meslier,Goalkeeper,LEE,2,0,0,6,0
2293034,Firpo,Junior Firpo,Defender,LEE,0,0,2,10,1
2293034,Summerville,Crysencio Summerville,Midfielder,LEE,2,0,1,15,0
2293034,Rutter,Georginio Rutter,Forward,LEE,0,0,0,1,0
2293034,Gnonto,Degnand Wilfried Gnonto,Forward,LEE,0,0,1,7,1
2293034,De Gea,David De Gea,Goalkeeper,MUN,1,0,0,4,0
2293034,Maguire,Harry Maguire,Defender,MUN,3,2,0,6,1
2293034,Sabitzer,Marcel Sabitzer,Midfielder,MUN,1,0,3,5,4
2293034,Fred,Frederico Rodrigues de Paula Santos,Midfielder,MUN,2,0,0,10,6
2293034,Shaw,Luke Shaw,Defender,MUN,3,3,1,7,2
2293034,Weghorst,Wout Weghorst,Forward,MUN,2,1,0,9,0
2293034,Bruno Fernandes,Bruno Miguel Borges Fernandes,Midfielder,MUN,2,0,0,9,2
2293034,Rashford,Marcus Rashford,Midfielder,MUN,0,0,0,4,1
2293034,Sancho,Jadon Sancho,Midfielder,MUN,1,0,0,5,1
2293034,Wan-Bissaka,Aaron Wan-Bissaka,Defender,MUN,2,0,0,1,0
2293034,Dalot,José Diogo Dalot Teixeira,Defender,MUN,0,0,0,3,1
2293034,Martínez,Lisandro Martínez,Defender,MUN,0,0,0,2,2
2293034,Malacia,Tyrell Malacia,Defender,MUN,0,0,2,5,1
2293034,Elanga,Anthony Elanga,Midfielder,MUN,0,0,0,0,0
2293034,Garnacho,Alejandro Garnacho Ferreyra,Midfielder,MUN,0,0,0,1,0
2293035,Mendy (Nampalys),Nampalys Mendy,Midfielder,LEI,0,0,2,11,2
2293035,Ward (Danny),Danny Ward,Goalkeeper,LEI,0,0,0,10,0
2293035,Vardy,Jamie Vardy,Forward,LEI,0,0,0,0,0
2293035,Praet,Dennis Praet,Midfielder,LEI,0,0,1,2,0
2293035,Ricardo Pereira,Ricardo Domingos Barbosa Pereira,Defender,LEI,0,0,0,2,0
2293035,Castagne,Timothy Castagne,Defender,LEI,2,0,0,5,1
2293035,Maddison,James Maddison,Midfielder,LEI,0,0,0,5,1
2293035,Iheanacho,Kelechi Iheanacho,Forward,LEI,0,0,0,3,1
2293035,Souttar,Harry Souttar,Defender,LEI,1,1,1,8,3
2293035,Barnes,Harvey Barnes,Midfielder,LEI,1,0,1,4,1
2293035,Ndidi,Onyinye Wilfred Ndidi,Midfielder,LEI,0,0,0,3,2
2293035,Dewsbury-Hall,Kiernan Dewsbury-Hall,Midfielder,LEI,0,0,2,10,2
2293035,Faes,Wout Faes,Defender,LEI,2,0,5,5,0
2293035,Tetê,Mateus Cardoso Lemos Martins,Midfielder,LEI,0,0,0,4,0
2293035,Kristiansen,Victor Kristiansen,Defender,LEI,2,0,0,5,4
2293035,Forster,Fraser Forster,Goalkeeper,TOT,1,0,0,7,0
2293035,Perisic,Ivan Perisic,Defender,TOT,1,0,1,4,0
2293035,Kane,Harry Kane,Forward,TOT,0,0,0,1,0
2293035,Son,Heung-Min Son,Midfielder,TOT,0,0,0,5,0
2293035,Dier,Eric Dier,Defender,TOT,0,1,1,5,1
2293035,Davies (Ben),Ben Davies,Defender,TOT,1,0,1,4,1
2293035,Højbjerg,Pierre-Emile Højbjerg,Midfielder,TOT,3,1,2,9,1
2293035,Sánchez,Davinson Sánchez,Defender,TOT,1,0,0,4,0
2293035,Tanganga,Japhet Tanganga,Defender,TOT,2,0,2,4,1
2293035,Bentancur,Rodrigo Bentancur,Midfielder,TOT,0,1,0,11,1
2293035,Richarlison,Richarlison de Andrade,Midfielder,TOT,0,0,0,3,0
2293035,Danjuma Groeneveld,Arnaut Danjuma Groeneveld,Midfielder,TOT,0,0,0,0,0
2293035,Emerson Royal,Emerson Aparecido Leite de Souza Junior,Defender,TOT,0,0,0,0,0
2293035,Porro,Pedro Porro,Defender,TOT,1,0,1,5,0
2293035,Kulusevski,Dejan Kulusevski,Midfielder,TOT,0,0,0,6,1
2293035,Sarr (Pape),Pape Sarr,Midfielder,TOT,0,0,1,0,0
2293036,Tarkowski,James Tarkowski,Defender,EVE,8,2,0,6,1
2293036,Coleman,Seamus Coleman,Defender,EVE,3,1,2,5,1
2293036,Gueye,Idrissa Gueye,Midfielder,EVE,0,0,4,13,2
2293036,Coady,Conor Coady,Defender,EVE,2,1,1,1,0
2293036,Pickford,Jordan Pickford,Goalkeeper,EVE,0,0,0,13,0
2293036,Maupay,Neal Maupay,Forward,EVE,0,0,0,1,0
2293036,Doucouré,Abdoulaye Doucouré,Midfielder,EVE,0,0,1,7,0
2293036,Iwobi,Alex Iwobi,Midfielder,EVE,1,0,0,5,0
2293036,Gray (Demarai),Demarai Gray,Midfielder,EVE,0,0,0,2,0
2293036,Davies (Tom),Tom Davies,Midfielder,EVE,0,0,1,0,0
2293036,Simms,Ellis Simms,Forward,EVE,0,0,0,1,0
2293036,Mykolenko,Vitaliy Mykolenko,Defender,EVE,5,0,4,1,2
2293036,McNeil,Dwight McNeil,Midfielder,EVE,1,0,0,3,1
2293036,Mvom Onana,Amadou Mvom Onana,Midfielder,EVE,0,0,1,4,1
2293036,Milner,James Milner,Midfielder,LIV,0,0,0,2,1
2293036,Henderson (Jordan),Jordan Henderson,Midfielder,LIV,0,0,0,5,1
2293036,Matip,Joel Matip,Defender,LIV,4,0,1,7,1
2293036,Firmino,Roberto Firmino Barbosa de Oliveira,Forward,LIV,0,0,0,1,0
2293036,Alisson,Alisson Ramses Becker,Goalkeeper,LIV,0,0,0,7,0
2293036,Fabinho,Fabio Henrique Tavares,Midfielder,LIV,1,0,0,3,0
2293036,Salah,Mohamed Salah,Midfielder,LIV,0,0,0,3,1
2293036,Robertson (Andrew),Andrew Robertson,Defender,LIV,1,0,1,10,0
2293036,Alexander-Arnold,Trent Alexander-Arnold,Defender,LIV,0,0,1,5,4
2293036,Gomez,Joseph Gomez,Defender,LIV,3,1,1,5,2
2293036,Keita,Naby Keita,Midfielder,LIV,1,0,0,0,2
2293036,Diogo Jota,Diogo José Teixeira da Silva,Midfielder,LIV,0,0,0,3,0
2293036,Gakpo,Cody Gakpo,Forward,LIV,0,0,0,5,1
2293036,Elliott (Harvey),Harvey Elliott,Midfielder,LIV,0,0,1,2,1
2293036,Núñez,Darwin Núñez,Forward,LIV,0,0,0,3,0
2293036,Bajcetic,Stefan Bajcetic,Midfielder,LIV,1,0,2,5,1
2293037,Young (Ashley),Ashley Young,Defender,AVL,3,0,1,2,0
2293037,Coutinho,Philippe Coutinho,Midfielder,AVL,1,0,1,1,1
2293037,Martinez,Emiliano Martinez,Goalkeeper,AVL,0,0,0,9,0
2293037,Chambers (Calum),Calum Chambers,Defender,AVL,2,1,3,6,0
2293037,Digne,Lucas Digne,Defender,AVL,0,0,1,1,1
2293037,Álex Moreno,Alexandre Moreno Lopera,Defender,AVL,0,0,1,3,0
2293037,McGinn,John McGinn,Midfielder,AVL,0,0,1,0,0
2293037,Watkins,Ollie Watkins,Forward,AVL,2,0,1,1,0
2293037,Buendía,Emiliano Buendía,Midfielder,AVL,0,0,2,1,0
2293037,Cash,Matthew Cash,Defender,AVL,2,0,0,1,0
2293037,Konsa Ngoyo,Ezri Konsa Ngoyo,Defender,AVL,1,3,1,6,0
2293037,Bailey,Leon Bailey,Midfielder,AVL,0,0,0,3,0
2293037,Kamara,Boubacar Kamara,Midfielder,AVL,0,2,1,5,0
2293037,Douglas Luiz,Douglas Luiz Soares de Paulo,Midfielder,AVL,0,0,2,6,1
2293037,Ramsey (Jacob),Jacob Ramsey,Midfielder,AVL,3,0,0,1,0
2293037,Durán,Jhon Durán,Forward,AVL,1,0,1,0,0
2293037,Walker,Kyle Walker,Defender,MCI,0,0,0,6,0
2293037,Gundogan,Ilkay Gundogan,Midfielder,MCI,1,0,0,1,0
2293037,De Bruyne,Kevin De Bruyne,Midfielder,MCI,0,0,0,2,0
2293037,Mahrez,Riyad Mahrez,Midfielder,MCI,0,0,0,1,0
2293037,Grealish,Jack Grealish,Midfielder,MCI,0,0,0,2,0
2293037,Ederson,Ederson Santana de Moraes,Goalkeeper,MCI,0,0,1,6,0
2293037,Aké,Nathan Aké,Defender,MCI,0,0,0,2,0
2293037,Laporte,Aymeric Laporte,Defender,MCI,1,1,1,7,0
2293037,Bernardo Silva,Bernardo Mota Veiga de Carvalho e Silva,Midfielder,MCI,0,0,0,9,3
2293037,Rúben Dias,Rúben Santos Gato Alves Dias,Defender,MCI,0,0,0,3,0
2293037,Foden,Phil Foden,Midfielder,MCI,0,0,0,0,0
2293037,Akanji,Manuel Akanji,Defender,MCI,0,0,0,2,0
2293037,Rodri,Rodrigo Hernández Cascante,Midfielder,MCI,1,1,1,7,0
2293037,Haaland,Erling Haaland,Forward,MCI,0,0,0,0,0
2293037,Álvarez,Julián Álvarez,Forward,MCI,0,0,0,3,0
2293038,Armstrong (Stuart),Stuart Armstrong,Midfielder,SOU,0,0,0,0,0
2293038,Ward-Prowse,James Ward-Prowse,Midfielder,SOU,0,0,0,5,0
2293038,Paul Onuachu,Ebere Paul Onuachu,Forward,SOU,0,0,0,0,0
2293038,Maitland-Niles,Ainsley Maitland-Niles,Midfielder,SOU,3,0,1,8,2
2293038,Bednarek,Jan Bednarek,Defender,SOU,4,2,0,4,2
2293038,Bree,James Bree,Defender,SOU,1,1,2,2,0
2293038,Aribo,Joe Aribo,Midfielder,SOU,0,0,0,3,0
2293038,Adams (Che),Che Adams,Forward,SOU,0,0,0,1,0
2293038,Lyanco,Lyanco Evangelista Silveira Neves Vojnovic,Defender,SOU,0,0,0,1,2
2293038,Perraud,Romain Perraud,Defender,SOU,0,0,2,2,0
2293038,Salisu,Mohammed Salisu,Defender,SOU,7,2,1,11,3
2293038,Bazunu,Gavin Bazunu,Goalkeeper,SOU,0,0,0,3,0
2293038,Edozie,Samuel Edozie,Midfielder,SOU,0,0,0,0,0
2293038,Alcaraz,Carlos Alcaraz,Midfielder,SOU,0,1,1,12,1
2293038,Sulemana,Kamaldeen Sulemana,Midfielder,SOU,0,0,0,4,0
2293038,Lavia,Romeo Lavia,Midfielder,SOU,0,1,3,10,1
2293038,Costa,Diego Da Silva Costa,Forward,WOL,2,0,0,0,0
2293038,Moutinho,João Moutinho,Midfielder,WOL,1,1,0,2,2
2293038,Dawson,Craig Dawson,Defender,WOL,7,2,0,4,1
2293038,Sarabia,Pablo Sarabia,Midfielder,WOL,0,0,0,8,1
2293038,Jonny,Jonathan Castro Otto,Defender,WOL,2,0,0,1,0
2293038,José Sá,José Pedro Malheiro de Sá,Goalkeeper,WOL,0,0,0,7,0
2293038,Lemina (Mario),Mario Lemina,Midfielder,WOL,0,0,2,4,1
2293038,Traoré (Adama),Adama Traoré,Midfielder,WOL,0,0,0,5,0
2293038,Ruben Neves,Rúben Diogo da Silva Neves,Midfielder,WOL,3,1,1,10,1
2293038,Semedo,Nelson Semedo,Defender,WOL,1,0,0,2,3
2293038,Kilman,Max Kilman,Defender,WOL,7,1,0,5,0
2293038,Matheus Cunha,Matheus Santos Carneiro Da Cunha,Forward,WOL,0,0,0,3,0
2293038,João Gomes,João Victor Gomes da Silva,Midfielder,WOL,1,0,0,2,0
2293038,Ait Nouri,Rayan Ait Nouri,Defender,WOL,3,0,0,5,1
2293038,Matheus Nunes,Matheus Luiz Nunes,Midfielder,WOL,4,0,2,6,1
2293038,Bueno (Hugo),Hugo Bueno,Defender,WOL,0,0,1,6,1
2293039,Thiago Silva,Thiago Emiliano da Silva,Defender,CHE,5,1,1,5,2
2293039,Kepa,Kepa Arrizabalaga Revuelta,Goalkeeper,CHE,0,0,0,5,0
2293039,Ziyech,Hakim Ziyech,Midfielder,CHE,0,0,0,2,0
2293039,Loftus-Cheek,Ruben Loftus-Cheek,Midfielder,CHE,1,0,0,2,2
2293039,Chilwell,Benjamin Chilwell,Defender,CHE,1,0,1,0,2
2293039,Cucurella,Marc Cucurella,Defender,CHE,1,0,1,1,3
2293039,Mount,Mason Mount,Midfielder,CHE,0,0,0,1,0
2293039,Havertz,Kai Havertz,Midfielder,CHE,0,0,0,3,1
2293039,James (Reece),Reece James,Defender,CHE,3,0,1,7,1
2293039,Gallagher,Conor Gallagher,Midfielder,CHE,1,0,1,1,0
2293039,Badiashile,Benoît Badiashile,Defender,CHE,4,0,0,6,0
2293039,Madueke,Noni Madueke,Midfielder,CHE,0,1,0,1,1
2293039,João Félix,João Félix Sequeira,Forward,CHE,0,0,0,1,2
2293039,Fernández (Enzo),Enzo Fernández,Midfielder,CHE,0,1,2,7,1
2293039,Mudryk,Mykhailo Mudryk,Midfielder,CHE,0,0,0,4,2
2293039,Fabianski,Lukasz Fabianski,Goalkeeper,WHU,1,0,0,8,0
2293039,Ogbonna,Angelo Ogbonna,Defender,WHU,2,0,0,2,1
2293039,Antonio,Michail Antonio,Forward,WHU,1,1,0,0,0
2293039,Ings,Danny Ings,Forward,WHU,0,0,0,0,0
2293039,Emerson,Emerson Palmieri dos Santos,Defender,WHU,4,0,0,2,3
2293039,Coufal,Vladimir Coufal,Defender,WHU,1,0,0,3,2
2293039,Benrahma,Said Benrahma,Midfielder,WHU,0,0,0,3,1
2293039,Bowen,Jarrod Bowen,Midfielder,WHU,0,0,2,5,0
2293039,Kehrer,Thilo Kehrer,Defender,WHU,5,0,1,3,2
2293039,Rice,Declan Rice,Midfielder,WHU,4,1,0,6,0
2293039,Aguerd,Nayef Aguerd,Defender,WHU,3,0,3,4,1
2293039,Soucek,Tomas Soucek,Midfielder,WHU,2,2,0,2,1
2293039,Downes,Flynn Downes,Midfielder,WHU,0,0,1,3,2
2293039,Johnson (Ben),Ben Johnson,Defender,WHU,2,0,0,1,1
2293039,Lucas Paquetá,Lucas Tolentino Coelho de Lima,Midfielder,WHU,0,0,0,2,0
2293040,Xhaka,Granit Xhaka,Midfielder,ARS,0,1,0,1,0
2293040,Jorginho,Jorge Luiz Frello Filho,Midfielder,ARS,0,0,0,3,1
2293040,Trossard,Leandro Trossard,Midfielder,ARS,0,0,0,2,0
2293040,Holding,Rob Holding,Defender,ARS,0,0,0,0,0
2293040,Odegaard,Martin Odegaard,Midfielder,ARS,0,0,0,5,0
2293040,Tierney,Kieran Tierney,Defender,ARS,0,0,0,0,1
2293040,White (Ben),Ben White,Defender,ARS,0,0,0,3,1
2293040,Eddie Nketiah,Edward Nketiah,Forward,ARS,0,0,0,5,1
2293040,Zinchenko,Oleksandr Zinchenko,Defender,ARS,1,0,0,6,1
2293040,Saka,Bukayo Saka,Midfielder,ARS,0,0,0,3,2
2293040,Tomiyasu,Takehiro Tomiyasu,Defender,ARS,0,0,0,0,0
2293040,Ramsdale,Aaron Ramsdale,Goalkeeper,ARS,0,0,0,6,0
2293040,Gabriel Magalhães,Gabriel dos Santos Magalhães,Defender,ARS,1,0,0,2,1
2293040,Fábio Vieira,Fábio Daniel Vieira,Midfielder,ARS,0,0,0,1,0
2293040,Martinelli,Gabriel Teodoro Martinelli Silva,Midfielder,ARS,0,0,0,1,0
2293040,Saliba,William Saliba,Defender,ARS,4,0,0,8,2
2293040,Coutinho,Philippe Coutinho,Midfielder,AVL,0,0,0,2,4
2293040,Martinez,Emiliano Martinez,Goalkeeper,AVL,1,0,0,13,0
2293040,Digne,Lucas Digne,Defender,AVL,0,0,0,1,0
2293040,Álex Moreno,Alexandre Moreno Lopera,Defender,AVL,3,0,1,2,1
2293040,McGinn,John McGinn,Midfielder,AVL,2,0,1,3,3
2293040,Mings,Tyrone Mings,Defender,AVL,5,1,1,1,0
2293040,Dendoncker (Leander),Leander Dendoncker,Midfielder,AVL,0,1,0,1,0
2293040,Watkins,Ollie Watkins,Forward,AVL,1,0,1,1,1
2293040,Buendía,Emiliano Buendía,Midfielder,AVL,0,0,1,6,2
2293040,Cash,Matthew Cash,Defender,AVL,2,0,3,7,1
2293040,Konsa Ngoyo,Ezri Konsa Ngoyo,Defender,AVL,4,3,1,0,0
2293040,Bailey,Leon Bailey,Midfielder,AVL,1,0,0,1,0
2293040,Kamara,Boubacar Kamara,Midfielder,AVL,4,0,2,4,3
2293040,Douglas Luiz,Douglas Luiz Soares de Paulo,Midfielder,AVL,1,2,2,5,2
2293040,Ramsey (Jacob),Jacob Ramsey,Midfielder,AVL,1,0,0,1,1
2293040,Durán,Jhon Durán,Forward,AVL,0,0,0,0,0
2293041,Mee,Ben Mee,Defender,BRE,2,1,4,3,1
2293041,Norgaard,Christian Norgaard,Midfielder,BRE,3,0,0,9,1
2293041,Toney,Ivan Toney,Forward,BRE,1,0,0,3,0
2293041,Raya Martin,David Raya Martin,Goalkeeper,BRE,0,0,0,10,0
2293041,Dasilva,Pelenda Joshua Dasilva,Midfielder,BRE,0,0,0,1,0
2293041,Henry,Rico Henry,Defender,BRE,0,1,0,2,2
2293041,Janelt,Vitaly Janelt,Midfielder,BRE,1,0,0,1,0
2293041,Jensen,Mathias Jensen,Midfielder,BRE,0,0,1,4,1
2293041,Wissa,Yoane Wissa,Forward,BRE,0,0,1,3,0
2293041,Pinnock,Ethan Pinnock,Defender,BRE,4,1,2,6,1
2293041,Lewis-Potter,Keane Lewis-Potter,Midfielder,BRE,0,0,0,2,0
2293041,Baptiste (Shandon),Shandon Baptiste,Midfielder,BRE,0,0,0,1,0
2293041,Damsgaard,Mikkel Damsgaard,Midfielder,BRE,0,0,1,2,0
2293041,Mbeumo,Bryan Mbeumo,Midfielder,BRE,1,0,0,3,0
2293041,Hickey,Aaron Hickey,Defender,BRE,0,0,0,3,0
2293041,Schade,Kevin Schade,Midfielder,BRE,0,0,0,0,0
2293041,Guaita,Vicente Guaita,Goalkeeper,CRY,0,0,0,12,0
2293041,Clyne,Nathaniel Clyne,Defender,CRY,2,0,3,8,2
2293041,Ayew (Jordan),Jordan Ayew,Midfielder,CRY,0,0,2,8,1
2293041,Schlupp,Jeffrey Schlupp,Midfielder,CRY,2,0,1,0,1
2293041,Andersen,Joachim Andersen,Defender,CRY,15,0,3,2,0
2293041,Edouard,Odsonne Edouard,Forward,CRY,0,0,0,0,0
2293041,Marc Guehi,Addji Keaninkin Marc-Israel Guehi,Defender,CRY,2,1,1,5,0
2293041,Mateta,Jean-Philippe Mateta,Forward,CRY,3,0,1,0,0
2293041,Eze,Eberechi Eze,Midfielder,CRY,2,0,0,4,1
2293041,Mitchell,Tyrick Mitchell,Defender,CRY,0,0,0,5,1
2293041,Richards (Chris),Chris Richards,Defender,CRY,2,0,0,0,0
2293041,Sambi Lokonga,Albert Sambi Lokonga,Midfielder,CRY,1,0,1,3,2
2293041,Doucoure,Cheick Oumar Doucoure,Midfielder,CRY,6,0,1,3,0
2293041,Olise,Michael Olise,Midfielder,CRY,0,0,1,4,1
2293041,Ahamada,Naouirou Ahamada,Midfielder,CRY,0,0,0,2,0
2293042,Groß,Pascal Groß,Midfielder,BHA,0,0,0,7,1
2293042,Dunk,Lewis Dunk,Defender,BHA,1,0,2,4,0
2293042,March,Solomon March,Midfielder,BHA,0,0,0,6,2
2293042,Webster (Adam),Adam Webster,Defender,BHA,0,0,0,4,0
2293042,Veltman,Joël Veltman,Defender,BHA,2,0,1,10,0
2293042,Estupiñán,Pervis Estupiñán,Defender,BHA,0,0,0,9,0
2293042,Sanchez,Robert Sanchez,Goalkeeper,BHA,0,0,0,5,0
2293042,Lamptey,Tariq Lamptey,Defender,BHA,0,1,1,3,0
2293042,Mac Allister,Alexis Mac Allister,Midfielder,BHA,0,0,1,2,0
2293042,Undav,Deniz Undav,Forward,BHA,0,0,0,1,0
2293042,Mitoma,Kaoru Mitoma,Midfielder,BHA,0,0,3,2,0
2293042,Moises Caicedo,Moises Caicedo,Midfielder,BHA,0,1,0,7,1
2293042,Ferguson (Evan),Evan Ferguson,Forward,BHA,0,1,0,1,0
2293042,Buonanotte,Facundo Buonanotte,Midfielder,BHA,0,0,0,1,0
2293042,Willian,Willian Borges Da Silva,Midfielder,FUL,0,0,0,3,0
2293042,Leno,Bernd Leno,Goalkeeper,FUL,1,0,0,12,0
2293042,Ream,Tim Ream,Defender,FUL,3,1,1,4,2
2293042,DeCordova-Reid,Bobby DeCordova-Reid,Midfielder,FUL,0,0,1,1,0
2293042,Reed,Harrison Reed,Midfielder,FUL,0,0,0,3,0
2293042,Wilson (Harry),Harry Wilson,Midfielder,FUL,2,0,1,3,1
2293042,João Palhinha,João Maria Lobo Alves Palhinha Gonçalves,Midfielder,FUL,4,0,2,6,0
2293042,Pereira,Andreas Pereira,Midfielder,FUL,0,0,0,3,0
2293042,Tete,Kenny Tete,Defender,FUL,1,0,2,6,1
2293042,Robinson (Antonee),Antonee Robinson,Defender,FUL,3,0,0,5,1
2293042,Diop,Issa Diop,Defender,FUL,5,3,4,2,0
2293042,Solomon,Manor Solomon,Midfielder,FUL,0,0,0,2,0
2293042,Carlos Vinicius,Carlos Vinicius Alves Morais,Forward,FUL,0,0,0,1,0
2293043,Azpilicueta,César Azpilicueta,Defender,CHE,1,0,1,2,2
2293043,Koulibaly,Kalidou Koulibaly,Defender,CHE,0,1,0,1,1
2293043,Kovacic,Mateo Kovacic,Midfielder,CHE,0,0,0,3,1
2293043,Sterling (Raheem),Raheem Sterling,Midfielder,CHE,0,0,0,2,0
2293043,Kepa,Kepa Arrizabalaga Revuelta,Goalkeeper,CHE,0,0,0,9,0
2293043,Chilwell,Benjamin Chilwell,Defender,CHE,1,0,2,2,0
2293043,Chalobah (Trevoh),Trevoh Chalobah,Defender,CHE,1,0,1,1,0
2293043,Mount,Mason Mount,Midfielder,CHE,0,0,0,2,0
2293043,Havertz,Kai Havertz,Midfielder,CHE,1,0,0,0,0
2293043,Gallagher,Conor Gallagher,Midfielder,CHE,0,0,0,2,0
2293043,Badiashile,Benoît Badiashile,Defender,CHE,1,0,1,8,3
2293043,Madueke,Noni Madueke,Midfielder,CHE,0,0,0,1,1
2293043,João Félix,João Félix Sequeira,Forward,CHE,0,0,0,5,1
2293043,Fofana (Wesley),Wesley Fofana,Defender,CHE,0,0,1,5,0
2293043,Fernández (Enzo),Enzo Fernández,Midfielder,CHE,0,0,2,8,3
2293043,Mudryk,Mykhailo Mudryk,Midfielder,CHE,0,0,0,1,0
2293043,Fofana (David Datro),David Datro Fofana,Forward,CHE,0,0,0,5,1
2293043,Walcott,Theo Walcott,Midfielder,SOU,1,0,2,3,1
2293043,Armstrong (Stuart),Stuart Armstrong,Midfielder,SOU,0,0,0,1,1
2293043,Elyounoussi,Mohammed Elyounoussi,Midfielder,SOU,2,0,2,5,1
2293043,Ward-Prowse,James Ward-Prowse,Midfielder,SOU,4,0,4,9,2
2293043,Paul Onuachu,Ebere Paul Onuachu,Forward,SOU,0,1,0,2,0
2293043,Maitland-Niles,Ainsley Maitland-Niles,Midfielder,SOU,2,2,0,9,4
2293043,Armstrong (Adam),Adam Armstrong,Forward,SOU,0,0,0,0,1
2293043,Bednarek,Jan Bednarek,Defender,SOU,2,3,1,2,3
2293043,Lyanco,Lyanco Evangelista Silveira Neves Vojnovic,Defender,SOU,1,0,1,1,0
2293043,Diallo,Ibrahima Diallo,Midfielder,SOU,2,0,1,2,0
2293043,Perraud,Romain Perraud,Defender,SOU,3,1,0,7,5
2293043,Bazunu,Gavin Bazunu,Goalkeeper,SOU,0,0,0,12,0
2293043,Mara,Sékou Mara,Forward,SOU,2,0,0,2,1
2293043,Bella Kotchap,Armel Bella Kotchap,Defender,SOU,8,0,2,6,1
2293043,Alcaraz,Carlos Alcaraz,Midfielder,SOU,0,0,0,0,0
2293043,Sulemana,Kamaldeen Sulemana,Midfielder,SOU,0,0,0,1,1
2293043,Lavia,Romeo Lavia,Midfielder,SOU,0,1,0,4,1
2293044,Tarkowski,James Tarkowski,Defender,EVE,4,3,1,6,0
2293044,Coleman,Seamus Coleman,Defender,EVE,2,0,1,9,3
2293044,Gueye,Idrissa Gueye,Midfielder,EVE,1,0,2,7,1
2293044,Coady,Conor Coady,Defender,EVE,3,0,1,6,0
2293044,Pickford,Jordan Pickford,Goalkeeper,EVE,0,0,0,11,0
2293044,Maupay,Neal Maupay,Forward,EVE,0,0,0,2,1
2293044,Doucouré,Abdoulaye Doucouré,Midfielder,EVE,1,0,2,9,2
2293044,Iwobi,Alex Iwobi,Midfielder,EVE,0,0,1,10,4
2293044,Davies (Tom),Tom Davies,Midfielder,EVE,0,0,0,1,0
2293044,Simms,Ellis Simms,Forward,EVE,0,0,0,1,0
2293044,Mykolenko,Vitaliy Mykolenko,Defender,EVE,5,1,1,4,0
2293044,McNeil,Dwight McNeil,Midfielder,EVE,0,0,1,8,1
2293044,Mvom Onana,Amadou Mvom Onana,Midfielder,EVE,2,0,0,4,1
2293044,Ayling,Luke Ayling,Defender,LEE,1,1,0,8,0
2293044,Bamford,Patrick Bamford,Forward,LEE,1,0,0,1,0
2293044,Koch,Robin Koch,Defender,LEE,5,1,3,3,2
2293044,Adams (Tyler),Tyler Adams,Midfielder,LEE,3,1,0,9,0
2293044,Wöber,Maximilian Wöber,Defender,LEE,2,1,2,5,0
2293044,Harrison,Jack Harrison,Midfielder,LEE,0,0,1,5,0
2293044,Kristensen,Rasmus Kristensen,Defender,LEE,0,0,0,6,2
2293044,McKennie,Weston McKennie,Midfielder,LEE,2,0,1,1,0
2293044,Greenwood (Sam),Sam Greenwood,Forward,LEE,0,0,0,1,2
2293044,Aaronson,Brenden Aaronson,Midfielder,LEE,0,0,0,2,1
2293044,Meslier,Illan Meslier,Goalkeeper,LEE,0,0,0,18,0
2293044,Firpo,Junior Firpo,Defender,LEE,3,0,2,9,3
2293044,Summerville,Crysencio Summerville,Midfielder,LEE,0,0,0,5,2
2293044,Rutter,Georginio Rutter,Forward,LEE,0,0,1,0,1
2293044,Gnonto,Degnand Wilfried Gnonto,Forward,LEE,0,0,1,6,1
2293045,Mendy (Nampalys),Nampalys Mendy,Midfielder,LEI,1,0,2,3,0
2293045,Ward (Danny),Danny Ward,Goalkeeper,LEI,0,0,0,3,0
2293045,Vardy,Jamie Vardy,Forward,LEI,0,0,0,0,0
2293045,Praet,Dennis Praet,Midfielder,LEI,0,0,1,2,0
2293045,Castagne,Timothy Castagne,Defender,LEI,5,1,0,9,2
2293045,Tielemans,Youri Tielemans,Midfielder,LEI,1,0,0,7,1
2293045,Maddison,James Maddison,Midfielder,LEI,0,0,0,7,2
2293045,Iheanacho,Kelechi Iheanacho,Forward,LEI,2,0,0,0,0
2293045,Souttar,Harry Souttar,Defender,LEI,2,4,1,5,1
2293045,Barnes,Harvey Barnes,Midfielder,LEI,0,0,0,4,0
2293045,Dewsbury-Hall,Kiernan Dewsbury-Hall,Midfielder,LEI,1,0,2,3,1
2293045,Faes,Wout Faes,Defender,LEI,1,2,4,9,0
2293045,Tetê,Mateus Cardoso Lemos Martins,Midfielder,LEI,0,0,0,9,3
2293045,Soumaré,Boubakary Soumaré,Midfielder,LEI,0,0,0,1,2
2293045,Kristiansen,Victor Kristiansen,Defender,LEI,1,1,0,7,2
2293045,De Gea,David De Gea,Goalkeeper,MUN,0,0,0,5,0
2293045,Sabitzer,Marcel Sabitzer,Midfielder,MUN,3,0,0,13,2
2293045,Fred,Frederico Rodrigues de Paula Santos,Midfielder,MUN,2,0,1,5,1
2293045,Shaw,Luke Shaw,Defender,MUN,3,0,2,0,2
2293045,Weghorst,Wout Weghorst,Forward,MUN,1,0,1,5,2
2293045,Bruno Fernandes,Bruno Miguel Borges Fernandes,Midfielder,MUN,1,0,0,10,1
2293045,Rashford,Marcus Rashford,Midfielder,MUN,0,0,0,2,1
2293045,Lindelof,Victor Nilsson-Lindelof,Defender,MUN,8,1,4,8,3
2293045,McTominay,Scott McTominay,Midfielder,MUN,0,0,0,1,1
2293045,Sancho,Jadon Sancho,Midfielder,MUN,0,0,0,5,0
2293045,Wan-Bissaka,Aaron Wan-Bissaka,Defender,MUN,0,0,0,3,1
2293045,Dalot,José Diogo Dalot Teixeira,Defender,MUN,2,1,1,8,1
2293045,Martínez,Lisandro Martínez,Defender,MUN,0,3,0,7,1
2293045,Elanga,Anthony Elanga,Midfielder,MUN,0,0,1,1,0
2293045,Garnacho,Alejandro Garnacho Ferreyra,Midfielder,MUN,1,0,0,2,0
2293045,Mainoo,Kobbie Mainoo,Midfielder,MUN,0,1,0,0,0
2293046,Milner,James Milner,Midfielder,LIV,0,0,0,3,2
2293046,Henderson (Jordan),Jordan Henderson,Midfielder,LIV,1,0,0,2,0
2293046,Firmino,Roberto Firmino Barbosa de Oliveira,Forward,LIV,0,0,0,0,0
2293046,van Dijk,Virgil van Dijk,Defender,LIV,7,2,1,4,0
2293046,Alisson,Alisson Ramses Becker,Goalkeeper,LIV,0,0,0,8,0
2293046,Fabinho,Fabio Henrique Tavares,Midfielder,LIV,2,1,0,5,1
2293046,Salah,Mohamed Salah,Midfielder,LIV,0,0,0,4,0
2293046,Robertson (Andrew),Andrew Robertson,Defender,LIV,4,0,1,7,0
2293046,Alexander-Arnold,Trent Alexander-Arnold,Defender,LIV,3,0,0,6,1
2293046,Gomez,Joseph Gomez,Defender,LIV,1,0,1,7,1
2293046,Diogo Jota,Diogo José Teixeira da Silva,Midfielder,LIV,0,0,0,0,0
2293046,Gakpo,Cody Gakpo,Forward,LIV,1,0,0,1,0
2293046,Elliott (Harvey),Harvey Elliott,Midfielder,LIV,0,0,1,4,1
2293046,Núñez,Darwin Núñez,Forward,LIV,1,0,0,1,0
2293046,Bajcetic,Stefan Bajcetic,Midfielder,LIV,0,0,0,2,1
2293046,Ritchie,Matt Ritchie,Midfielder,NEW,0,0,1,2,1
2293046,Dubravka,Martin Dubravka,Goalkeeper,NEW,0,0,0,10,0
2293046,Wilson (Callum),Callum Wilson,Forward,NEW,0,0,0,0,0
2293046,Trippier,Kieran Trippier,Defender,NEW,2,0,2,3,1
2293046,Burn,Dan Burn,Defender,NEW,6,0,0,6,1
2293046,Pope,Nick Pope,Goalkeeper,NEW,1,0,0,2,0
2293046,Murphy (Jacob),Jacob Murphy,Midfielder,NEW,0,0,0,2,1
2293046,Schär,Fabian Schär,Defender,NEW,3,0,0,3,0
2293046,Saint-Maximin,Allan Saint-Maximin,Midfielder,NEW,0,0,0,3,0
2293046,Almirón,Miguel Almirón,Midfielder,NEW,1,0,0,5,1
2293046,Longstaff (Sean),Sean Longstaff,Midfielder,NEW,1,0,1,4,2
2293046,Joelinton,Joelinton Cássio Apolinário de Lira,Midfielder,NEW,1,1,1,5,1
2293046,Anderson (Elliot),Elliot Anderson,Midfielder,NEW,0,0,0,1,0
2293046,Isak,Alexander Isak,Forward,NEW,0,1,0,2,0
2293046,Botman,Sven Botman,Defender,NEW,7,0,1,8,1
2293046,Gordon (Anthony),Anthony Gordon,Midfielder,NEW,0,0,1,4,0
2293047,Walker,Kyle Walker,Defender,MCI,0,1,1,8,0
2293047,Gundogan,Ilkay Gundogan,Midfielder,MCI,0,0,1,5,1
2293047,De Bruyne,Kevin De Bruyne,Midfielder,MCI,0,0,0,3,0
2293047,Grealish,Jack Grealish,Midfielder,MCI,0,0,0,2,0
2293047,Ederson,Ederson Santana de Moraes,Goalkeeper,MCI,0,0,0,4,0
2293047,Aké,Nathan Aké,Defender,MCI,0,0,0,0,0
2293047,Laporte,Aymeric Laporte,Defender,MCI,2,0,0,10,1
2293047,Bernardo Silva,Bernardo Mota Veiga de Carvalho e Silva,Midfielder,MCI,1,0,0,6,1
2293047,Rúben Dias,Rúben Santos Gato Alves Dias,Defender,MCI,0,0,0,6,1
2293047,Foden,Phil Foden,Midfielder,MCI,0,0,0,2,0
2293047,Rodri,Rodrigo Hernández Cascante,Midfielder,MCI,2,0,0,12,3
2293047,Haaland,Erling Haaland,Forward,MCI,0,0,0,0,0
2293047,Álvarez,Julián Álvarez,Forward,MCI,0,0,0,1,0
2293047,Navas,Keylor Navas,Goalkeeper,NFO,2,0,0,14,0
2293047,Ayew (André),André Ayew,Midfielder,NFO,1,0,0,2,1
2293047,Shelvey (Jonjo),Jonjo Shelvey,Midfielder,NFO,2,1,0,5,0
2293047,Colback,Jack Colback,Midfielder,NFO,2,0,1,2,1
2293047,Wood,Chris Wood,Forward,NFO,0,0,0,0,0
2293047,Aurier,Serge Aurier,Defender,NFO,2,1,1,4,1
2293047,Freuler,Remo Freuler,Midfielder,NFO,1,0,0,5,1
2293047,Toffolo,Harry Toffolo,Defender,NFO,1,1,0,1,0
2293047,Felipe,Felipe Augusto de Almeida Monteiro,Defender,NFO,10,1,4,4,1
2293047,Mangala,Orel Mangala,Midfielder,NFO,0,0,1,0,1
2293047,Worrall,Joe Worrall,Defender,NFO,10,2,0,5,0
2293047,Williams (Neco),Neco Williams,Defender,NFO,0,0,0,1,0
2293047,Gibbs-White,Morgan Gibbs-White,Midfielder,NFO,1,0,0,5,1
2293047,Renan Lodi,Renan Augusto Lodi dos Santos,Defender,NFO,2,0,0,1,1
2293047,Johnson (Brennan),Brennan Johnson,Midfielder,NFO,0,0,1,4,0
2293047,Danilo,Danilo dos Santos de Oliveira,Midfielder,NFO,3,0,0,2,0
2293048,Forster,Fraser Forster,Goalkeeper,TOT,0,0,0,6,0
2293048,Perisic,Ivan Perisic,Defender,TOT,1,0,0,1,0
2293048,Kane,Harry Kane,Forward,TOT,0,0,0,3,0
2293048,Son,Heung-Min Son,Midfielder,TOT,0,0,0,2,0
2293048,Dier,Eric Dier,Defender,TOT,2,1,2,9,1
2293048,Lucas Moura,Lucas Rodrigues Moura da Silva,Midfielder,TOT,0,0,0,1,0
2293048,Davies (Ben),Ben Davies,Defender,TOT,6,0,0,2,0
2293048,Højbjerg,Pierre-Emile Højbjerg,Midfielder,TOT,4,0,0,9,1
2293048,Lenglet,Clément Lenglet,Defender,TOT,1,0,1,9,0
2293048,Skipp,Oliver Skipp,Midfielder,TOT,2,0,1,9,3
2293048,Richarlison,Richarlison de Andrade,Midfielder,TOT,0,0,0,2,2
2293048,Romero,Cristian Romero,Defender,TOT,6,0,4,7,2
2293048,Emerson Royal,Emerson Aparecido Leite de Souza Junior,Defender,TOT,5,0,0,5,1
2293048,Kulusevski,Dejan Kulusevski,Midfielder,TOT,0,0,0,6,3
2293048,Sarr (Pape),Pape Sarr,Midfielder,TOT,1,0,0,0,0
2293048,Fabianski,Lukasz Fabianski,Goalkeeper,WHU,1,0,0,6,0
2293048,Ogbonna,Angelo Ogbonna,Defender,WHU,2,1,1,8,0
2293048,Antonio,Michail Antonio,Forward,WHU,0,0,0,3,0
2293048,Ings,Danny Ings,Forward,WHU,0,0,0,0,1
2293048,Emerson,Emerson Palmieri dos Santos,Defender,WHU,3,0,1,3,0
2293048,Coufal,Vladimir Coufal,Defender,WHU,0,0,1,10,1
2293048,Benrahma,Said Benrahma,Midfielder,WHU,0,0,0,2,0
2293048,Bowen,Jarrod Bowen,Midfielder,WHU,0,1,1,2,1
2293048,Kehrer,Thilo Kehrer,Defender,WHU,3,1,1,8,3
2293048,Rice,Declan Rice,Midfielder,WHU,1,0,2,6,0
2293048,Aguerd,Nayef Aguerd,Defender,WHU,3,1,2,6,0
2293048,Soucek,Tomas Soucek,Midfielder,WHU,3,2,4,7,3
2293048,Fornals,Pablo Fornals,Midfielder,WHU,0,0,0,3,1
2293048,Downes,Flynn Downes,Midfielder,WHU,0,0,0,1,1
2293048,Johnson (Ben),Ben Johnson,Defender,WHU,0,0,0,0,0
2293049,Smith (Adam),Adam Smith,Defender,BOU,5,1,0,2,0
2293049,Neto,Norberto Murara Neto,Goalkeeper,BOU,1,0,0,12,0
2293049,Stephens,Jack Stephens,Defender,BOU,11,3,0,4,1
2293049,Lerma,Jefferson Lerma,Midfielder,BOU,5,0,0,5,0
2293049,Solanke,Dominic Solanke,Forward,BOU,3,0,0,3,0
2293049,Rothwell,Joe Rothwell,Midfielder,BOU,0,0,0,1,0
2293049,Billing,Philip Billing,Midfielder,BOU,4,2,2,1,0
2293049,Tavernier,Marcus Tavernier,Midfielder,BOU,0,0,1,4,1
2293049,Senesi,Marcos Senesi,Defender,BOU,8,0,1,10,1
2293049,Mepham,Chris Mepham,Defender,BOU,3,0,0,2,0
2293049,Viña,Matias Viña,Defender,BOU,2,0,0,1,0
2293049,Traore (Hamed),Hamed Traore,Midfielder,BOU,0,0,1,9,1
2293049,Semenyo,Antoine Semenyo,Forward,BOU,0,0,0,4,0
2293049,Anthony,Jaidon Anthony,Midfielder,BOU,1,0,0,1,0
2293049,Zemura,Jordan Zemura,Defender,BOU,1,0,0,5,0
2293049,Dango Ouattara,Dango Ouattara,Midfielder,BOU,2,0,1,2,0
2293049,Costa,Diego Da Silva Costa,Forward,WOL,0,0,0,0,0
2293049,Moutinho,João Moutinho,Midfielder,WOL,0,0,0,3,0
2293049,Dawson,Craig Dawson,Defender,WOL,1,1,0,5,0
2293049,Sarabia,Pablo Sarabia,Midfielder,WOL,0,0,0,5,0
2293049,Raúl Jiménez,Raul Alonso Jimenez Rodriguez,Forward,WOL,0,0,0,1,0
2293049,José Sá,José Pedro Malheiro de Sá,Goalkeeper,WOL,0,0,0,8,0
2293049,Traoré (Adama),Adama Traoré,Midfielder,WOL,1,0,0,4,0
2293049,Ruben Neves,Rúben Diogo da Silva Neves,Midfielder,WOL,2,0,1,7,3
2293049,Semedo,Nelson Semedo,Defender,WOL,1,1,1,11,0
2293049,Podence,Daniel Podence,Midfielder,WOL,0,0,0,2,0
2293049,Kilman,Max Kilman,Defender,WOL,5,1,0,16,1
2293049,Matheus Cunha,Matheus Santos Carneiro Da Cunha,Forward,WOL,1,0,0,2,0
2293049,João Gomes,João Victor Gomes da Silva,Midfielder,WOL,1,0,0,2,1
2293049,Ait Nouri,Rayan Ait Nouri,Defender,WOL,0,0,0,0,3
2293049,Matheus Nunes,Matheus Luiz Nunes,Midfielder,WOL,1,0,0,3,3
2293049,Bueno (Hugo),Hugo Bueno,Defender,WOL,0,0,0,4,0
2293050,Smith (Adam),Adam Smith,Defender,BOU,0,1,0,4,0
2293050,Neto,Norberto Murara Neto,Goalkeeper,BOU,0,0,0,8,0
2293050,Fredericks,Ryan Fredericks,Defender,BOU,0,0,0,0,1
2293050,Stephens,Jack Stephens,Defender,BOU,2,3,1,1,0
2293050,Lerma,Jefferson Lerma,Midfielder,BOU,0,0,1,10,1
2293050,Solanke,Dominic Solanke,Forward,BOU,0,0,0,2,0
2293050,Rothwell,Joe Rothwell,Midfielder,BOU,0,0,0,4,0
2293050,Billing,Philip Billing,Midfielder,BOU,1,0,0,4,0
2293050,Senesi,Marcos Senesi,Defender,BOU,4,2,1,5,1
2293050,Mepham,Chris Mepham,Defender,BOU,3,1,4,3,1
2293050,Traore (Hamed),Hamed Traore,Midfielder,BOU,0,0,0,5,3
2293050,Anthony,Jaidon Anthony,Midfielder,BOU,1,0,1,1,0
2293050,Zemura,Jordan Zemura,Defender,BOU,1,0,2,5,0
2293050,Dango Ouattara,Dango Ouattara,Midfielder,BOU,0,0,0,5,1
2293050,Walker,Kyle Walker,Defender,MCI,0,0,0,2,0
2293050,Gundogan,Ilkay Gundogan,Midfielder,MCI,0,0,0,3,1
2293050,Mahrez,Riyad Mahrez,Midfielder,MCI,0,0,1,1,1
2293050,Grealish,Jack Grealish,Midfielder,MCI,1,1,1,7,3
2293050,Ederson,Ederson Santana de Moraes,Goalkeeper,MCI,2,0,0,9,0
2293050,Aké,Nathan Aké,Defender,MCI,0,0,1,5,1
2293050,Phillips (Kalvin),Kalvin Phillips,Midfielder,MCI,1,1,1,3,2
2293050,Rúben Dias,Rúben Santos Gato Alves Dias,Defender,MCI,7,1,1,4,2
2293050,Foden,Phil Foden,Midfielder,MCI,0,0,0,4,1
2293050,Akanji,Manuel Akanji,Defender,MCI,2,0,0,7,2
2293050,Rodri,Rodrigo Hernández Cascante,Midfielder,MCI,0,1,0,3,1
2293050,Haaland,Erling Haaland,Forward,MCI,1,1,0,2,0
2293050,Gómez,Sergio Gómez,Defender,MCI,0,0,0,1,1
2293050,Álvarez,Julián Álvarez,Forward,MCI,1,0,0,3,1
2293050,Lewis (Rico),Rico Lewis,Defender,MCI,1,0,1,5,1
2293050,Perrone,Máximo Perrone,Midfielder,MCI,0,0,0,3,0
2293051,Guaita,Vicente Guaita,Goalkeeper,CRY,0,0,0,8,0
2293051,Clyne,Nathaniel Clyne,Defender,CRY,0,0,0,2,1
2293051,Ayew (Jordan),Jordan Ayew,Midfielder,CRY,2,0,1,3,2
2293051,Schlupp,Jeffrey Schlupp,Midfielder,CRY,1,0,0,3,2
2293051,Andersen,Joachim Andersen,Defender,CRY,7,1,1,4,0
2293051,Edouard,Odsonne Edouard,Forward,CRY,0,0,0,1,0
2293051,Marc Guehi,Addji Keaninkin Marc-Israel Guehi,Defender,CRY,7,0,1,7,1
2293051,Mateta,Jean-Philippe Mateta,Forward,CRY,0,0,0,5,0
2293051,Eze,Eberechi Eze,Midfielder,CRY,0,0,0,1,0
2293051,Mitchell,Tyrick Mitchell,Defender,CRY,5,0,1,7,2
2293051,Sambi Lokonga,Albert Sambi Lokonga,Midfielder,CRY,1,0,1,12,1
2293051,Doucoure,Cheick Oumar Doucoure,Midfielder,CRY,0,1,1,8,2
2293051,Olise,Michael Olise,Midfielder,CRY,0,0,0,4,0
2293051,Milner,James Milner,Midfielder,LIV,1,0,0,4,1
2293051,Henderson (Jordan),Jordan Henderson,Midfielder,LIV,2,0,1,8,0
2293051,Matip,Joel Matip,Defender,LIV,4,1,0,8,0
2293051,Firmino,Roberto Firmino Barbosa de Oliveira,Forward,LIV,0,0,0,0,0
2293051,van Dijk,Virgil van Dijk,Defender,LIV,2,0,0,6,2
2293051,Alisson,Alisson Ramses Becker,Goalkeeper,LIV,1,0,0,7,0
2293051,Fabinho,Fabio Henrique Tavares,Midfielder,LIV,2,0,0,1,1
2293051,Salah,Mohamed Salah,Midfielder,LIV,0,0,0,4,0
2293051,Robertson (Andrew),Andrew Robertson,Defender,LIV,1,0,1,8,2
2293051,Alexander-Arnold,Trent Alexander-Arnold,Defender,LIV,0,1,0,3,0
2293051,Keita,Naby Keita,Midfielder,LIV,1,0,1,5,0
2293051,Diogo Jota,Diogo José Teixeira da Silva,Midfielder,LIV,0,0,0,4,0
2293051,Gakpo,Cody Gakpo,Forward,LIV,0,0,0,3,1
2293051,Elliott (Harvey),Harvey Elliott,Midfielder,LIV,0,0,2,2,1
2293051,Bajcetic,Stefan Bajcetic,Midfielder,LIV,1,0,0,1,1
2293052,Martinez,Emiliano Martinez,Goalkeeper,AVL,0,0,0,15,0
2293052,Digne,Lucas Digne,Defender,AVL,3,0,1,3,0
2293052,Álex Moreno,Alexandre Moreno Lopera,Defender,AVL,1,1,0,0,1
2293052,McGinn,John McGinn,Midfielder,AVL,0,0,1,5,1
2293052,Mings,Tyrone Mings,Defender,AVL,6,1,0,7,0
2293052,Watkins,Ollie Watkins,Forward,AVL,1,0,0,2,0
2293052,Buendía,Emiliano Buendía,Midfielder,AVL,0,0,1,2,0
2293052,Cash,Matthew Cash,Defender,AVL,5,0,0,8,3
2293052,Konsa Ngoyo,Ezri Konsa Ngoyo,Defender,AVL,8,1,0,5,1
2293052,Bailey,Leon Bailey,Midfielder,AVL,0,0,1,2,0
2293052,Kamara,Boubacar Kamara,Midfielder,AVL,0,0,1,6,1
2293052,Douglas Luiz,Douglas Luiz Soares de Paulo,Midfielder,AVL,1,0,2,5,1
2293052,Ramsey (Jacob),Jacob Ramsey,Midfielder,AVL,2,1,0,7,0
2293052,Tarkowski,James Tarkowski,Defender,EVE,4,0,2,6,0
2293052,Coleman,Seamus Coleman,Defender,EVE,4,0,2,7,2
2293052,Gueye,Idrissa Gueye,Midfielder,EVE,2,0,3,7,3
2293052,Coady,Conor Coady,Defender,EVE,3,0,0,7,1
2293052,Pickford,Jordan Pickford,Goalkeeper,EVE,0,0,0,6,0
2293052,Maupay,Neal Maupay,Forward,EVE,0,0,0,1,0
2293052,Doucouré,Abdoulaye Doucouré,Midfielder,EVE,0,0,2,7,0
2293052,Iwobi,Alex Iwobi,Midfielder,EVE,1,0,0,6,2
2293052,Gray (Demarai),Demarai Gray,Midfielder,EVE,0,0,0,0,0
2293052,Davies (Tom),Tom Davies,Midfielder,EVE,0,0,0,2,0
2293052,Simms,Ellis Simms,Forward,EVE,0,0,0,0,0
2293052,Mykolenko,Vitaliy Mykolenko,Defender,EVE,0,0,1,3,0
2293052,McNeil,Dwight McNeil,Midfielder,EVE,0,0,1,7,1
2293052,Mvom Onana,Amadou Mvom Onana,Midfielder,EVE,1,0,1,6,1
2293053,Willian,Willian Borges Da Silva,Midfielder,FUL,1,0,1,3,0
2293053,Leno,Bernd Leno,Goalkeeper,FUL,1,0,0,5,0
2293053,Ream,Tim Ream,Defender,FUL,7,0,2,11,0
2293053,DeCordova-Reid,Bobby DeCordova-Reid,Midfielder,FUL,0,0,1,1,1
2293053,Reed,Harrison Reed,Midfielder,FUL,0,0,0,5,2
2293053,Wilson (Harry),Harry Wilson,Midfielder,FUL,0,0,1,0,0
2293053,João Palhinha,João Maria Lobo Alves Palhinha Gonçalves,Midfielder,FUL,1,0,1,11,2
2293053,Pereira,Andreas Pereira,Midfielder,FUL,0,0,0,0,0
2293053,Tete,Kenny Tete,Defender,FUL,2,0,0,5,2
2293053,Robinson (Antonee),Antonee Robinson,Defender,FUL,1,0,2,9,1
2293053,Lukic,Sasa Lukic,Midfielder,FUL,0,0,1,1,2
2293053,Diop,Issa Diop,Defender,FUL,1,1,4,11,0
2293053,Solomon,Manor Solomon,Midfielder,FUL,0,0,1,3,1
2293053,Carlos Vinicius,Carlos Vinicius Alves Morais,Forward,FUL,1,0,0,3,0
2293053,Costa,Diego Da Silva Costa,Forward,WOL,0,0,0,0,0
2293053,Moutinho,João Moutinho,Midfielder,WOL,1,0,0,4,0
2293053,Dawson,Craig Dawson,Defender,WOL,2,0,2,9,1
2293053,Sarabia,Pablo Sarabia,Midfielder,WOL,0,0,0,6,2
2293053,Raúl Jiménez,Raul Alonso Jimenez Rodriguez,Forward,WOL,0,0,0,5,1
2293053,José Sá,José Pedro Malheiro de Sá,Goalkeeper,WOL,0,0,0,8,0
2293053,Lemina (Mario),Mario Lemina,Midfielder,WOL,1,0,1,7,2
2293053,Traoré (Adama),Adama Traoré,Midfielder,WOL,0,0,1,0,1
2293053,Ruben Neves,Rúben Diogo da Silva Neves,Midfielder,WOL,4,1,0,7,2
2293053,Semedo,Nelson Semedo,Defender,WOL,4,0,2,10,3
2293053,Podence,Daniel Podence,Midfielder,WOL,0,0,0,2,0
2293053,Kilman,Max Kilman,Defender,WOL,3,0,1,3,0
2293053,Matheus Cunha,Matheus Santos Carneiro Da Cunha,Forward,WOL,0,1,1,4,1
2293053,Matheus Nunes,Matheus Luiz Nunes,Midfielder,WOL,1,1,1,5,1
2293053,Bueno (Hugo),Hugo Bueno,Defender,WOL,0,0,1,8,0
2293054,Ayling,Luke Ayling,Defender,LEE,1,0,0,5,1
2293054,Bamford,Patrick Bamford,Forward,LEE,0,0,0,0,0
2293054,Koch,Robin Koch,Defender,LEE,3,0,1,2,2
2293054,Adams (Tyler),Tyler Adams,Midfielder,LEE,0,0,1,8,3
2293054,Wöber,Maximilian Wöber,Defender,LEE,6,1,2,6,0
2293054,Harrison,Jack Harrison,Midfielder,LEE,0,0,1,8,2
2293054,Roca,Marc Roca,Midfielder,LEE,0,0,0,1,0
2293054,McKennie,Weston McKennie,Midfielder,LEE,0,0,0,8,2
2293054,Aaronson,Brenden Aaronson,Midfielder,LEE,0,0,0,1,1
2293054,Meslier,Illan Meslier,Goalkeeper,LEE,1,0,0,6,0
2293054,Firpo,Junior Firpo,Defender,LEE,0,2,3,5,1
2293054,Summerville,Crysencio Summerville,Midfielder,LEE,1,0,0,3,0
2293054,Rutter,Georginio Rutter,Forward,LEE,0,0,0,0,1
2293054,Gnonto,Degnand Wilfried Gnonto,Forward,LEE,0,0,0,5,2
2293054,Walcott,Theo Walcott,Midfielder,SOU,1,0,0,2,0
2293054,Armstrong (Stuart),Stuart Armstrong,Midfielder,SOU,0,0,1,2,1
2293054,Elyounoussi,Mohammed Elyounoussi,Midfielder,SOU,1,0,1,4,0
2293054,Ward-Prowse,James Ward-Prowse,Midfielder,SOU,1,0,0,10,0
2293054,Paul Onuachu,Ebere Paul Onuachu,Forward,SOU,0,0,0,2,0
2293054,Maitland-Niles,Ainsley Maitland-Niles,Midfielder,SOU,4,0,1,8,1
2293054,Armstrong (Adam),Adam Armstrong,Forward,SOU,0,0,0,0,0
2293054,Walker-Peters,Kyle Walker-Peters,Defender,SOU,0,1,0,0,2
2293054,Bednarek,Jan Bednarek,Defender,SOU,11,2,2,4,2
2293054,Diallo,Ibrahima Diallo,Midfielder,SOU,0,0,0,5,3
2293054,Perraud,Romain Perraud,Defender,SOU,1,0,0,2,1
2293054,Bazunu,Gavin Bazunu,Goalkeeper,SOU,0,0,0,8,0
2293054,Mara,Sékou Mara,Forward,SOU,1,0,0,3,1
2293054,Bella Kotchap,Armel Bella Kotchap,Defender,SOU,7,0,5,3,2
2293054,Sulemana,Kamaldeen Sulemana,Midfielder,SOU,0,0,0,2,0
2293054,Lavia,Romeo Lavia,Midfielder,SOU,2,0,1,9,2
2293055,Xhaka,Granit Xhaka,Midfielder,ARS,0,0,0,4,1
2293055,Jorginho,Jorge Luiz Frello Filho,Midfielder,ARS,0,0,1,10,2
2293055,Trossard,Leandro Trossard,Midfielder,ARS,0,0,1,5,1
2293055,Partey,Thomas Partey,Midfielder,ARS,0,0,0,3,0
2293055,Odegaard,Martin Odegaard,Midfielder,ARS,0,0,0,6,0
2293055,White (Ben),Ben White,Defender,ARS,5,0,0,6,1
2293055,Eddie Nketiah,Edward Nketiah,Forward,ARS,0,0,0,1,0
2293055,Zinchenko,Oleksandr Zinchenko,Defender,ARS,1,0,2,4,0
2293055,Saka,Bukayo Saka,Midfielder,ARS,0,0,1,5,1
2293055,Tomiyasu,Takehiro Tomiyasu,Defender,ARS,0,0,0,0,0
2293055,Ramsdale,Aaron Ramsdale,Goalkeeper,ARS,0,0,0,7,0
2293055,Gabriel Magalhães,Gabriel dos Santos Magalhães,Defender,ARS,5,0,1,6,0
2293055,Martinelli,Gabriel Teodoro Martinelli Silva,Midfielder,ARS,0,0,0,1,0
2293055,Saliba,William Saliba,Defender,ARS,0,0,0,4,0
2293055,Ward (Danny),Danny Ward,Goalkeeper,LEI,0,0,0,4,0
2293055,Vardy,Jamie Vardy,Forward,LEI,1,0,0,0,0
2293055,Praet,Dennis Praet,Midfielder,LEI,0,1,1,6,0
2293055,Ricardo Pereira,Ricardo Domingos Barbosa Pereira,Defender,LEI,0,0,0,1,0
2293055,Castagne,Timothy Castagne,Defender,LEI,5,0,2,1,0
2293055,Tielemans,Youri Tielemans,Midfielder,LEI,0,0,0,2,0
2293055,Iheanacho,Kelechi Iheanacho,Forward,LEI,0,0,0,1,0
2293055,Souttar,Harry Souttar,Defender,LEI,3,0,1,7,0
2293055,Barnes,Harvey Barnes,Midfielder,LEI,1,0,1,4,0
2293055,Ndidi,Onyinye Wilfred Ndidi,Midfielder,LEI,1,2,0,5,2
2293055,Dewsbury-Hall,Kiernan Dewsbury-Hall,Midfielder,LEI,1,1,0,5,4
2293055,Faes,Wout Faes,Defender,LEI,4,1,0,9,1
2293055,Tetê,Mateus Cardoso Lemos Martins,Midfielder,LEI,0,0,0,4,0
2293055,Soumaré,Boubakary Soumaré,Midfielder,LEI,0,0,0,1,0
2293055,Daka,Patson Daka,Forward,LEI,0,0,0,1,0
2293055,Kristiansen,Victor Kristiansen,Defender,LEI,4,0,1,8,1
2293056,Mee,Ben Mee,Defender,BRE,2,0,0,3,1
2293056,Jansson,Pontus Jansson,Defender,BRE,5,2,0,6,0
2293056,Norgaard,Christian Norgaard,Midfielder,BRE,1,0,1,7,2
2293056,Toney,Ivan Toney,Forward,BRE,3,1,0,5,0
2293056,Raya Martin,David Raya Martin,Goalkeeper,BRE,0,0,0,7,0
2293056,Dasilva,Pelenda Joshua Dasilva,Midfielder,BRE,0,0,0,2,0
2293056,Henry,Rico Henry,Defender,BRE,3,0,0,3,1
2293056,Jensen,Mathias Jensen,Midfielder,BRE,0,2,1,6,0
2293056,Wissa,Yoane Wissa,Forward,BRE,0,0,0,0,0
2293056,Roerslev,Mads Roerslev,Defender,BRE,3,0,1,1,2
2293056,Pinnock,Ethan Pinnock,Defender,BRE,8,2,3,3,3
2293056,Baptiste (Shandon),Shandon Baptiste,Midfielder,BRE,0,0,1,2,2
2293056,Damsgaard,Mikkel Damsgaard,Midfielder,BRE,1,0,2,5,1
2293056,Mbeumo,Bryan Mbeumo,Midfielder,BRE,0,0,1,0,0
2293056,Hickey,Aaron Hickey,Defender,BRE,0,0,0,3,0
2293056,Schade,Kevin Schade,Midfielder,BRE,0,0,0,1,1
2293056,De Gea,David De Gea,Goalkeeper,MUN,0,0,0,5,0
2293056,Varane,Raphael Varane,Defender,MUN,5,0,0,1,1
2293056,Sabitzer,Marcel Sabitzer,Midfielder,MUN,0,0,0,3,0
2293056,Fred,Frederico Rodrigues de Paula Santos,Midfielder,MUN,0,0,0,3,1
2293056,Shaw,Luke Shaw,Defender,MUN,0,0,1,1,0
2293056,Bruno Fernandes,Bruno Miguel Borges Fernandes,Midfielder,MUN,0,0,2,10,1
2293056,Martial,Anthony Martial,Forward,MUN,0,0,0,0,0
2293056,Rashford,Marcus Rashford,Midfielder,MUN,0,0,0,2,0
2293056,Lindelof,Victor Nilsson-Lindelof,Defender,MUN,0,0,0,0,0
2293056,McTominay,Scott McTominay,Midfielder,MUN,2,1,0,4,0
2293056,Sancho,Jadon Sancho,Midfielder,MUN,1,0,1,2,1
2293056,Dalot,José Diogo Dalot Teixeira,Defender,MUN,2,0,1,4,1
2293056,Martínez,Lisandro Martínez,Defender,MUN,2,0,2,7,3
2293056,Malacia,Tyrell Malacia,Defender,MUN,2,0,0,7,2
2293056,Antony,Antony Matheus dos Santos,Midfielder,MUN,0,0,1,2,1
2293057,Steele,Jason Steele,Goalkeeper,BHA,1,0,0,13,0
2293057,Welbeck,Danny Welbeck,Forward,BHA,1,0,0,0,0
2293057,Groß,Pascal Groß,Midfielder,BHA,3,1,0,4,2
2293057,Dunk,Lewis Dunk,Defender,BHA,3,3,1,13,1
2293057,Estupiñán,Pervis Estupiñán,Defender,BHA,1,0,0,7,3
2293057,Mac Allister,Alexis Mac Allister,Midfielder,BHA,2,0,0,2,0
2293057,Gilmour,Billy Gilmour,Midfielder,BHA,1,0,1,2,0
2293057,Offiah,Odeluga Offiah,Defender,BHA,1,0,0,3,1
2293057,Undav,Deniz Undav,Forward,BHA,0,0,0,2,0
2293057,Mitoma,Kaoru Mitoma,Midfielder,BHA,0,0,0,2,0
2293057,van Hecke,Jan-Paul van Hecke,Defender,BHA,2,4,0,6,3
2293057,Enciso,Julio Enciso,Midfielder,BHA,0,0,0,1,0
2293057,Moises Caicedo,Moises Caicedo,Midfielder,BHA,1,0,0,5,0
2293057,Ferguson (Evan),Evan Ferguson,Forward,BHA,0,0,0,0,0
2293057,Peupion,Cameron Peupion,Midfielder,BHA,0,0,0,0,0
2293057,Buonanotte,Facundo Buonanotte,Midfielder,BHA,0,0,0,2,0
2293057,Wilson (Callum),Callum Wilson,Forward,NEW,0,0,0,3,0
2293057,Trippier,Kieran Trippier,Defender,NEW,1,0,1,9,1
2293057,Burn,Dan Burn,Defender,NEW,0,0,0,7,2
2293057,Pope,Nick Pope,Goalkeeper,NEW,2,0,0,10,0
2293057,Manquillo,Javier Manquillo,Defender,NEW,0,0,0,1,0
2293057,Schär,Fabian Schär,Defender,NEW,3,0,0,6,0
2293057,Targett,Matt Targett,Defender,NEW,0,0,0,0,0
2293057,Saint-Maximin,Allan Saint-Maximin,Midfielder,NEW,0,0,0,0,0
2293057,Almirón,Miguel Almirón,Midfielder,NEW,0,0,2,11,2
2293057,Joelinton,Joelinton Cássio Apolinário de Lira,Midfielder,NEW,1,1,2,6,0
2293057,Willock,Joseph Willock,Midfielder,NEW,0,0,0,2,0
2293057,Bruno Guimarães,Bruno Guimarães Rodriguez Moura,Midfielder,NEW,1,0,4,6,4
2293057,Anderson (Elliot),Elliot Anderson,Midfielder,NEW,0,0,0,1,0
2293057,Isak,Alexander Isak,Forward,NEW,0,1,0,4,1
2293057,Botman,Sven Botman,Defender,NEW,1,1,0,5,0
2293057,Gordon (Anthony),Anthony Gordon,Midfielder,NEW,0,0,0,0,0
2293058,Thiago Silva,Thiago Emiliano da Silva,Defender,CHE,1,0,0,1,2
2293058,Aubameyang,Pierre-Emerick Aubameyang,Forward,CHE,0,0,0,0,0
2293058,Koulibaly,Kalidou Koulibaly,Defender,CHE,9,0,1,5,0
2293058,Sterling (Raheem),Raheem Sterling,Midfielder,CHE,0,0,0,2,1
2293058,Kepa,Kepa Arrizabalaga Revuelta,Goalkeeper,CHE,1,0,0,7,0
2293058,Ziyech,Hakim Ziyech,Midfielder,CHE,0,0,0,5,0
2293058,Loftus-Cheek,Ruben Loftus-Cheek,Midfielder,CHE,0,0,1,5,2
2293058,Chilwell,Benjamin Chilwell,Defender,CHE,1,0,3,8,2
2293058,Mount,Mason Mount,Midfielder,CHE,0,0,1,2,2
2293058,Zakaria,Denis Zakaria,Midfielder,CHE,0,0,1,1,1
2293058,Havertz,Kai Havertz,Midfielder,CHE,0,0,0,0,1
2293058,James (Reece),Reece James,Defender,CHE,5,0,1,8,1
2293058,João Félix,João Félix Sequeira,Forward,CHE,0,0,0,4,1
2293058,Fofana (Wesley),Wesley Fofana,Defender,CHE,4,1,2,3,2
2293058,Fernández (Enzo),Enzo Fernández,Midfielder,CHE,1,0,2,9,0
2293058,Mudryk,Mykhailo Mudryk,Midfielder,CHE,0,0,0,1,0
2293058,Forster,Fraser Forster,Goalkeeper,TOT,0,0,0,9,0
2293058,Kane,Harry Kane,Forward,TOT,2,0,0,2,1
2293058,Son,Heung-Min Son,Midfielder,TOT,1,0,0,2,0
2293058,Dier,Eric Dier,Defender,TOT,6,1,0,1,1
2293058,Davies (Ben),Ben Davies,Defender,TOT,5,0,2,2,1
2293058,Højbjerg,Pierre-Emile Højbjerg,Midfielder,TOT,1,1,2,7,2
2293058,Lenglet,Clément Lenglet,Defender,TOT,0,0,1,3,1
2293058,Skipp,Oliver Skipp,Midfielder,TOT,0,0,3,5,1
2293058,Richarlison,Richarlison de Andrade,Midfielder,TOT,1,0,0,7,4
2293058,Romero,Cristian Romero,Defender,TOT,2,1,0,7,1
2293058,Emerson Royal,Emerson Aparecido Leite de Souza Junior,Defender,TOT,3,0,0,9,4
2293058,Porro,Pedro Porro,Defender,TOT,1,0,1,1,0
2293058,Kulusevski,Dejan Kulusevski,Midfielder,TOT,0,0,1,2,0
2293059,Navas,Keylor Navas,Goalkeeper,NFO,2,0,0,10,0
2293059,Ayew (André),André Ayew,Midfielder,NFO,1,0,0,1,0
2293059,Shelvey (Jonjo),Jonjo Shelvey,Midfielder,NFO,2,1,0,4,0
2293059,Colback,Jack Colback,Midfielder,NFO,0,0,0,4,2
2293059,Wood,Chris Wood,Forward,NFO,1,0,0,0,0
2293059,Freuler,Remo Freuler,Midfielder,NFO,0,1,0,4,1
2293059,Lingard,Jesse Lingard,Midfielder,NFO,0,0,1,2,0
2293059,Toffolo,Harry Toffolo,Defender,NFO,0,0,0,2,0
2293059,Felipe,Felipe Augusto de Almeida Monteiro,Defender,NFO,5,2,2,6,1
2293059,Worrall,Joe Worrall,Defender,NFO,6,0,1,3,1
2293059,Williams (Neco),Neco Williams,Defender,NFO,3,0,0,8,2
2293059,Surridge,Sam Surridge,Forward,NFO,0,0,0,0,0
2293059,Gibbs-White,Morgan Gibbs-White,Midfielder,NFO,0,0,0,7,0
2293059,Renan Lodi,Renan Augusto Lodi dos Santos,Defender,NFO,1,1,1,6,1
2293059,Johnson (Brennan),Brennan Johnson,Midfielder,NFO,0,0,0,6,1
2293059,Fabianski,Lukasz Fabianski,Goalkeeper,WHU,0,0,0,3,0
2293059,Ogbonna,Angelo Ogbonna,Defender,WHU,1,0,1,5,1
2293059,Cresswell (Aaron),Aaron Cresswell,Defender,WHU,1,0,0,4,0
2293059,Antonio,Michail Antonio,Forward,WHU,0,0,0,1,0
2293059,Areola,Alphonse Areola,Goalkeeper,WHU,0,0,0,1,0
2293059,Ings,Danny Ings,Forward,WHU,1,0,0,3,0
2293059,Lanzini,Manuel Lanzini,Midfielder,WHU,0,0,0,1,0
2293059,Coufal,Vladimir Coufal,Defender,WHU,0,0,0,3,0
2293059,Benrahma,Said Benrahma,Midfielder,WHU,0,0,0,3,2
2293059,Bowen,Jarrod Bowen,Midfielder,WHU,1,0,3,6,0
2293059,Rice,Declan Rice,Midfielder,WHU,2,1,0,11,0
2293059,Aguerd,Nayef Aguerd,Defender,WHU,5,0,2,4,0
2293059,Soucek,Tomas Soucek,Midfielder,WHU,2,0,1,6,1
2293059,Fornals,Pablo Fornals,Midfielder,WHU,0,0,0,1,0
2293059,Johnson (Ben),Ben Johnson,Defender,WHU,1,1,0,10,2
2293059,Lucas Paquetá,Lucas Tolentino Coelho de Lima,Midfielder,WHU,1,0,0,9,3
2293060,Xhaka,Granit Xhaka,Midfielder,ARS,0,0,0,0,0
2293060,Trossard,Leandro Trossard,Midfielder,ARS,0,0,0,1,0
2293060,Partey,Thomas Partey,Midfielder,ARS,2,0,0,13,2
2293060,Odegaard,Martin Odegaard,Midfielder,ARS,0,0,1,7,0
2293060,White (Ben),Ben White,Defender,ARS,1,0,0,1,0
2293060,Nelson (Reiss),Reiss Nelson,Midfielder,ARS,0,0,0,2,0
2293060,Zinchenko,Oleksandr Zinchenko,Defender,ARS,0,0,0,3,3
2293060,Smith-Rowe,Emile Smith-Rowe,Midfielder,ARS,0,0,0,0,0
2293060,Saka,Bukayo Saka,Midfielder,ARS,0,0,0,4,1
2293060,Tomiyasu,Takehiro Tomiyasu,Defender,ARS,0,0,1,3,1
2293060,Ramsdale,Aaron Ramsdale,Goalkeeper,ARS,0,0,0,6,0
2293060,Gabriel Magalhães,Gabriel dos Santos Magalhães,Defender,ARS,1,0,0,6,0
2293060,Fábio Vieira,Fábio Daniel Vieira,Midfielder,ARS,0,0,0,7,2
2293060,Martinelli,Gabriel Teodoro Martinelli Silva,Midfielder,ARS,0,0,0,1,0
2293060,Saliba,William Saliba,Defender,ARS,1,0,0,11,1
2293060,Smith (Adam),Adam Smith,Defender,BOU,6,0,1,4,0
2293060,Neto,Norberto Murara Neto,Goalkeeper,BOU,1,0,0,13,0
2293060,Fredericks,Ryan Fredericks,Defender,BOU,3,1,1,1,0
2293060,Stephens,Jack Stephens,Defender,BOU,10,1,2,4,1
2293060,Solanke,Dominic Solanke,Forward,BOU,4,0,0,2,1
2293060,Cook (Lewis),Lewis Cook,Midfielder,BOU,3,0,0,1,0
2293060,Rothwell,Joe Rothwell,Midfielder,BOU,1,2,2,4,0
2293060,Christie,Ryan Christie,Midfielder,BOU,0,0,0,1,0
2293060,Billing,Philip Billing,Midfielder,BOU,4,1,2,6,3
2293060,Senesi,Marcos Senesi,Defender,BOU,12,2,1,7,0
2293060,Mepham,Chris Mepham,Defender,BOU,7,2,0,0,3
2293060,Semenyo,Antoine Semenyo,Forward,BOU,3,1,0,1,0
2293060,Anthony,Jaidon Anthony,Midfielder,BOU,0,0,0,2,0
2293060,Zemura,Jordan Zemura,Defender,BOU,2,2,1,5,4
2293060,Dango Ouattara,Dango Ouattara,Midfielder,BOU,3,0,2,6,0
2293061,Martinez,Emiliano Martinez,Goalkeeper,AVL,0,0,0,4,0
2293061,Chambers (Calum),Calum Chambers,Defender,AVL,0,0,0,2,1
2293061,Digne,Lucas Digne,Defender,AVL,0,0,0,2,0
2293061,Álex Moreno,Alexandre Moreno Lopera,Defender,AVL,1,0,0,5,0
2293061,McGinn,John McGinn,Midfielder,AVL,0,0,1,6,0
2293061,Mings,Tyrone Mings,Defender,AVL,3,0,1,5,0
2293061,Watkins,Ollie Watkins,Forward,AVL,1,0,0,1,1
2293061,Buendía,Emiliano Buendía,Midfielder,AVL,0,0,0,8,0
2293061,Cash,Matthew Cash,Defender,AVL,1,0,0,3,2
2293061,Konsa Ngoyo,Ezri Konsa Ngoyo,Defender,AVL,3,1,1,2,0
2293061,Bailey,Leon Bailey,Midfielder,AVL,0,0,1,2,0
2293061,Kamara,Boubacar Kamara,Midfielder,AVL,0,0,2,2,0
2293061,Douglas Luiz,Douglas Luiz Soares de Paulo,Midfielder,AVL,0,0,1,3,0
2293061,Ramsey (Jacob),Jacob Ramsey,Midfielder,AVL,1,0,0,4,4
2293061,Durán,Jhon Durán,Forward,AVL,0,0,0,0,0
2293061,Guaita,Vicente Guaita,Goalkeeper,CRY,0,0,0,5,0
2293061,McArthur,James McArthur,Midfielder,CRY,0,0,0,0,0
2293061,Clyne,Nathaniel Clyne,Defender,CRY,0,0,1,5,2
2293061,Ayew (Jordan),Jordan Ayew,Midfielder,CRY,1,0,0,7,2
2293061,Zaha,Wilfried Zaha,Midfielder,CRY,0,0,0,3,0
2293061,Hughes (Will),Will Hughes,Midfielder,CRY,0,0,1,2,0
2293061,Andersen,Joachim Andersen,Defender,CRY,2,0,1,6,0
2293061,Marc Guehi,Addji Keaninkin Marc-Israel Guehi,Defender,CRY,0,0,0,6,1
2293061,Mateta,Jean-Philippe Mateta,Forward,CRY,0,0,0,1,0
2293061,Eze,Eberechi Eze,Midfielder,CRY,0,0,1,2,0
2293061,Mitchell,Tyrick Mitchell,Defender,CRY,3,2,4,4,2
2293061,Sambi Lokonga,Albert Sambi Lokonga,Midfielder,CRY,1,1,1,5,3
2293061,Doucoure,Cheick Oumar Doucoure,Midfielder,CRY,0,0,0,4,0
2293061,Olise,Michael Olise,Midfielder,CRY,0,0,0,4,2
2293061,Ahamada,Naouirou Ahamada,Midfielder,CRY,0,0,0,0,1
2293062,Mee,Ben Mee,Defender,BRE,5,0,1,2,0
2293062,Norgaard,Christian Norgaard,Midfielder,BRE,3,0,0,9,3
2293062,Toney,Ivan Toney,Forward,BRE,1,0,0,6,0
2293062,Raya Martin,David Raya Martin,Goalkeeper,BRE,0,0,0,5,0
2293062,Dasilva,Pelenda Joshua Dasilva,Midfielder,BRE,0,0,0,1,0
2293062,Henry,Rico Henry,Defender,BRE,4,0,2,8,2
2293062,Janelt,Vitaly Janelt,Midfielder,BRE,0,0,0,1,1
2293062,Jensen,Mathias Jensen,Midfielder,BRE,0,0,0,7,0
2293062,Wissa,Yoane Wissa,Forward,BRE,1,0,1,1,0
2293062,Roerslev,Mads Roerslev,Defender,BRE,0,0,1,0,0
2293062,Pinnock,Ethan Pinnock,Defender,BRE,5,0,2,5,2
2293062,Damsgaard,Mikkel Damsgaard,Midfielder,BRE,3,0,3,6,1
2293062,Mbeumo,Bryan Mbeumo,Midfielder,BRE,1,0,0,5,2
2293062,Hickey,Aaron Hickey,Defender,BRE,2,0,1,4,3
2293062,Schade,Kevin Schade,Midfielder,BRE,0,0,0,2,1
2293062,Willian,Willian Borges Da Silva,Midfielder,FUL,1,0,0,2,0
2293062,Cedric,Cedric Ricardo Alves Soares,Defender,FUL,1,0,0,2,1
2293062,Leno,Bernd Leno,Goalkeeper,FUL,0,0,0,9,0
2293062,Ream,Tim Ream,Defender,FUL,7,0,1,9,0
2293062,DeCordova-Reid,Bobby DeCordova-Reid,Midfielder,FUL,0,0,1,0,0
2293062,Mitrovic,Aleksandar Mitrovic,Forward,FUL,1,0,0,1,1
2293062,Reed,Harrison Reed,Midfielder,FUL,0,1,1,9,0
2293062,Wilson (Harry),Harry Wilson,Midfielder,FUL,0,0,0,0,1
2293062,Pereira,Andreas Pereira,Midfielder,FUL,1,0,0,2,0
2293062,Tete,Kenny Tete,Defender,FUL,4,0,3,4,0
2293062,Robinson (Antonee),Antonee Robinson,Defender,FUL,1,0,4,3,1
2293062,Lukic,Sasa Lukic,Midfielder,FUL,1,0,0,5,0
2293062,Diop,Issa Diop,Defender,FUL,5,0,1,5,1
2293062,Solomon,Manor Solomon,Midfielder,FUL,0,0,2,4,2
2293062,Carlos Vinicius,Carlos Vinicius Alves Morais,Forward,FUL,0,0,0,3,0
2293063,Steele,Jason Steele,Goalkeeper,BHA,1,0,0,8,0
2293063,Welbeck,Danny Welbeck,Forward,BHA,0,0,0,0,0
2293063,Groß,Pascal Groß,Midfielder,BHA,0,0,1,4,0
2293063,Dunk,Lewis Dunk,Defender,BHA,2,0,0,4,0
2293063,March,Solomon March,Midfielder,BHA,1,0,0,3,2
2293063,Webster (Adam),Adam Webster,Defender,BHA,0,1,0,6,0
2293063,Veltman,Joël Veltman,Defender,BHA,0,0,0,5,1
2293063,Estupiñán,Pervis Estupiñán,Defender,BHA,0,0,0,7,1
2293063,Lamptey,Tariq Lamptey,Defender,BHA,0,0,0,0,0
2293063,Mac Allister,Alexis Mac Allister,Midfielder,BHA,0,0,0,7,2
2293063,Sarmiento,Jeremy Sarmiento,Midfielder,BHA,0,0,0,0,0
2293063,Mitoma,Kaoru Mitoma,Midfielder,BHA,0,0,0,6,1
2293063,Enciso,Julio Enciso,Midfielder,BHA,0,0,0,1,0
2293063,Moises Caicedo,Moises Caicedo,Midfielder,BHA,0,0,2,7,2
2293063,Ferguson (Evan),Evan Ferguson,Forward,BHA,1,0,0,1,1
2293063,Buonanotte,Facundo Buonanotte,Midfielder,BHA,0,0,0,1,0
2293063,Ogbonna,Angelo Ogbonna,Defender,WHU,3,0,0,1,0
2293063,Areola,Alphonse Areola,Goalkeeper,WHU,0,0,0,4,0
2293063,Ings,Danny Ings,Forward,WHU,0,1,1,2,0
2293063,Lanzini,Manuel Lanzini,Midfielder,WHU,0,0,1,1,0
2293063,Zouma,Kurt Zouma,Defender,WHU,1,0,0,0,0
2293063,Emerson,Emerson Palmieri dos Santos,Defender,WHU,3,0,1,5,0
2293063,Benrahma,Said Benrahma,Midfielder,WHU,1,0,0,1,0
2293063,Bowen,Jarrod Bowen,Midfielder,WHU,1,0,2,1,0
2293063,Rice,Declan Rice,Midfielder,WHU,2,0,1,4,0
2293063,Aguerd,Nayef Aguerd,Defender,WHU,2,3,0,7,1
2293063,Soucek,Tomas Soucek,Midfielder,WHU,3,0,1,6,0
2293063,Fornals,Pablo Fornals,Midfielder,WHU,0,0,0,1,0
2293063,Downes,Flynn Downes,Midfielder,WHU,0,0,1,0,1
2293063,Johnson (Ben),Ben Johnson,Defender,WHU,1,0,2,7,3
2293063,Lucas Paquetá,Lucas Tolentino Coelho de Lima,Midfielder,WHU,3,0,0,3,0
2293064,Koulibaly,Kalidou Koulibaly,Defender,CHE,3,3,2,6,2
2293064,Kovacic,Mateo Kovacic,Midfielder,CHE,0,0,1,9,3
2293064,Sterling (Raheem),Raheem Sterling,Midfielder,CHE,0,0,0,4,1
2293064,Kepa,Kepa Arrizabalaga Revuelta,Goalkeeper,CHE,0,0,0,6,0
2293064,Loftus-Cheek,Ruben Loftus-Cheek,Midfielder,CHE,2,0,2,6,1
2293064,Chilwell,Benjamin Chilwell,Defender,CHE,3,0,0,3,3
2293064,Chalobah (Trevoh),Trevoh Chalobah,Defender,CHE,0,0,1,0,1
2293064,Zakaria,Denis Zakaria,Midfielder,CHE,1,0,0,2,1
2293064,Havertz,Kai Havertz,Midfielder,CHE,3,0,0,3,0
2293064,Gallagher,Conor Gallagher,Midfielder,CHE,0,0,1,2,1
2293064,Badiashile,Benoît Badiashile,Defender,CHE,0,0,3,13,1
2293064,Madueke,Noni Madueke,Midfielder,CHE,0,0,0,0,0
2293064,João Félix,João Félix Sequeira,Forward,CHE,0,0,0,3,0
2293064,Fofana (Wesley),Wesley Fofana,Defender,CHE,1,0,1,1,0
2293064,Fernández (Enzo),Enzo Fernández,Midfielder,CHE,0,0,1,8,1
2293064,Chukwuemeka,Carney Chukwuemeka,Midfielder,CHE,0,0,0,1,2
2293064,Ayling,Luke Ayling,Defender,LEE,0,0,0,2,2
2293064,Koch,Robin Koch,Defender,LEE,3,0,2,4,1
2293064,Adams (Tyler),Tyler Adams,Midfielder,LEE,1,0,4,6,3
2293064,Wöber,Maximilian Wöber,Defender,LEE,4,1,2,6,2
2293064,Harrison,Jack Harrison,Midfielder,LEE,1,0,0,7,1
2293064,McKennie,Weston McKennie,Midfielder,LEE,1,0,0,9,1
2293064,Greenwood (Sam),Sam Greenwood,Forward,LEE,0,1,0,0,0
2293064,Aaronson,Brenden Aaronson,Midfielder,LEE,1,0,0,2,0
2293064,Meslier,Illan Meslier,Goalkeeper,LEE,0,0,0,10,0
2293064,Firpo,Junior Firpo,Defender,LEE,0,0,2,8,2
2293064,Summerville,Crysencio Summerville,Midfielder,LEE,0,0,1,6,1
2293064,Rutter,Georginio Rutter,Forward,LEE,1,0,1,2,2
2293064,Gnonto,Degnand Wilfried Gnonto,Forward,LEE,0,0,0,1,0
2293064,Mateo Joseph,Mateo Joseph Fernández,Forward,LEE,0,0,0,0,0
2293065,Milner,James Milner,Midfielder,LIV,1,0,0,0,0
2293065,Henderson (Jordan),Jordan Henderson,Midfielder,LIV,1,0,1,11,2
2293065,Firmino,Roberto Firmino Barbosa de Oliveira,Forward,LIV,0,0,0,0,0
2293065,van Dijk,Virgil van Dijk,Defender,LIV,3,0,0,2,1
2293065,Alisson,Alisson Ramses Becker,Goalkeeper,LIV,0,0,0,10,0
2293065,Fabinho,Fabio Henrique Tavares,Midfielder,LIV,0,0,3,5,0
2293065,Salah,Mohamed Salah,Midfielder,LIV,0,0,0,4,0
2293065,Robertson (Andrew),Andrew Robertson,Defender,LIV,0,0,1,7,3
2293065,Alexander-Arnold,Trent Alexander-Arnold,Defender,LIV,2,0,1,5,4
2293065,Diogo Jota,Diogo José Teixeira da Silva,Midfielder,LIV,0,0,0,1,0
2293065,Konaté,Ibrahima Konaté,Defender,LIV,3,1,0,4,0
2293065,Jones (Curtis),Curtis Jones,Midfielder,LIV,1,0,0,0,0
2293065,Gakpo,Cody Gakpo,Forward,LIV,0,0,0,2,1
2293065,Elliott (Harvey),Harvey Elliott,Midfielder,LIV,0,0,1,10,3
2293065,Núñez,Darwin Núñez,Forward,LIV,0,0,0,1,0
2293065,Bajcetic,Stefan Bajcetic,Midfielder,LIV,0,0,2,2,0
2293065,De Gea,David De Gea,Goalkeeper,MUN,1,0,0,5,0
2293065,Casemiro,Carlos Henrique Jose Francisco Venancio,Midfielder,MUN,6,1,2,5,0
2293065,Varane,Raphael Varane,Defender,MUN,2,0,0,5,0
2293065,Sabitzer,Marcel Sabitzer,Midfielder,MUN,0,0,0,1,0
2293065,Fred,Frederico Rodrigues de Paula Santos,Midfielder,MUN,0,0,2,4,0
2293065,Shaw,Luke Shaw,Defender,MUN,4,1,0,4,0
2293065,Weghorst,Wout Weghorst,Forward,MUN,0,0,1,2,0
2293065,Bruno Fernandes,Bruno Miguel Borges Fernandes,Midfielder,MUN,1,0,0,3,1
2293065,Rashford,Marcus Rashford,Midfielder,MUN,0,0,0,4,1
2293065,McTominay,Scott McTominay,Midfielder,MUN,0,0,1,1,1
2293065,Dalot,José Diogo Dalot Teixeira,Defender,MUN,6,0,2,6,4
2293065,Martínez,Lisandro Martínez,Defender,MUN,4,3,1,8,2
2293065,Malacia,Tyrell Malacia,Defender,MUN,1,0,0,0,1
2293065,Elanga,Anthony Elanga,Midfielder,MUN,0,0,0,0,0
2293065,Antony,Antony Matheus dos Santos,Midfielder,MUN,0,0,0,7,0
2293065,Garnacho,Alejandro Garnacho Ferreyra,Midfielder,MUN,0,0,0,2,0
2293066,Walker,Kyle Walker,Defender,MCI,3,0,1,6,0
2293066,Gundogan,Ilkay Gundogan,Midfielder,MCI,1,0,0,9,1
2293066,De Bruyne,Kevin De Bruyne,Midfielder,MCI,1,0,0,3,0
2293066,Grealish,Jack Grealish,Midfielder,MCI,0,0,0,10,1
2293066,Ederson,Ederson Santana de Moraes,Goalkeeper,MCI,0,0,0,4,0
2293066,Aké,Nathan Aké,Defender,MCI,6,1,0,4,0
2293066,Bernardo Silva,Bernardo Mota Veiga de Carvalho e Silva,Midfielder,MCI,0,0,1,1,1
2293066,Rúben Dias,Rúben Santos Gato Alves Dias,Defender,MCI,4,1,2,5,1
2293066,Foden,Phil Foden,Midfielder,MCI,2,0,0,4,0
2293066,Akanji,Manuel Akanji,Defender,MCI,2,0,0,7,0
2293066,Rodri,Rodrigo Hernández Cascante,Midfielder,MCI,3,0,0,10,2
2293066,Haaland,Erling Haaland,Forward,MCI,0,0,0,1,0
2293066,Wilson (Callum),Callum Wilson,Forward,NEW,0,0,0,2,0
2293066,Trippier,Kieran Trippier,Defender,NEW,1,0,3,5,1
2293066,Burn,Dan Burn,Defender,NEW,2,1,0,5,0
2293066,Pope,Nick Pope,Goalkeeper,NEW,0,0,0,7,0
2293066,Lascelles,Jamaal Lascelles,Defender,NEW,6,0,0,4,0
2293066,Murphy (Jacob),Jacob Murphy,Midfielder,NEW,0,0,0,0,0
2293066,Targett,Matt Targett,Defender,NEW,0,0,0,0,0
2293066,Saint-Maximin,Allan Saint-Maximin,Midfielder,NEW,0,0,0,1,0
2293066,Almirón,Miguel Almirón,Midfielder,NEW,0,0,0,3,0
2293066,Longstaff (Sean),Sean Longstaff,Midfielder,NEW,1,0,0,2,0
2293066,Joelinton,Joelinton Cássio Apolinário de Lira,Midfielder,NEW,1,0,4,6,2
2293066,Willock,Joseph Willock,Midfielder,NEW,0,0,1,2,0
2293066,Bruno Guimarães,Bruno Guimarães Rodriguez Moura,Midfielder,NEW,1,0,2,4,1
2293066,Isak,Alexander Isak,Forward,NEW,0,0,0,0,1
2293066,Botman,Sven Botman,Defender,NEW,5,1,1,9,1
2293066,Gordon (Anthony),Anthony Gordon,Midfielder,NEW,0,0,0,1,1
2293067,Tarkowski,James Tarkowski,Defender,EVE,5,3,0,6,1
2293067,Coleman,Seamus Coleman,Defender,EVE,2,0,1,5,2
2293067,Gueye,Idrissa Gueye,Midfielder,EVE,0,0,2,12,3
2293067,Keane,Michael Keane,Defender,EVE,9,0,0,4,0
2293067,Pickford,Jordan Pickford,Goalkeeper,EVE,1,0,0,8,0
2293067,Maupay,Neal Maupay,Forward,EVE,0,0,0,0,0
2293067,Doucouré,Abdoulaye Doucouré,Midfielder,EVE,1,0,1,7,2
2293067,Iwobi,Alex Iwobi,Midfielder,EVE,0,0,1,11,1
2293067,Gray (Demarai),Demarai Gray,Midfielder,EVE,0,0,0,3,1
2293067,Davies (Tom),Tom Davies,Midfielder,EVE,0,0,0,0,0
2293067,Godfrey,Ben Godfrey,Defender,EVE,9,0,3,5,1
2293067,McNeil,Dwight McNeil,Midfielder,EVE,0,0,2,7,1
2293067,Mvom Onana,Amadou Mvom Onana,Midfielder,EVE,0,1,3,3,1
2293067,Navas,Keylor Navas,Goalkeeper,NFO,0,0,0,6,0
2293067,Ayew (André),André Ayew,Midfielder,NFO,0,0,0,0,0
2293067,Shelvey (Jonjo),Jonjo Shelvey,Midfielder,NFO,1,0,2,5,0
2293067,Colback,Jack Colback,Midfielder,NFO,1,0,0,4,1
2293067,Wood,Chris Wood,Forward,NFO,0,0,0,1,0
2293067,Aurier,Serge Aurier,Defender,NFO,0,1,0,7,4
2293067,Freuler,Remo Freuler,Midfielder,NFO,3,1,0,5,1
2293067,Felipe,Felipe Augusto de Almeida Monteiro,Defender,NFO,6,0,3,11,2
2293067,Yates,Ryan Yates,Midfielder,NFO,2,0,0,1,0
2293067,Worrall,Joe Worrall,Defender,NFO,4,2,2,8,1
2293067,Gibbs-White,Morgan Gibbs-White,Midfielder,NFO,0,1,0,8,1
2293067,Dennis (Emmanuel),Emmanuel Bonaventure Dennis,Forward,NFO,0,0,0,4,2
2293067,Renan Lodi,Renan Augusto Lodi dos Santos,Defender,NFO,2,0,2,11,4
2293067,Johnson (Brennan),Brennan Johnson,Midfielder,NFO,0,0,0,2,1
2293068,Mendy (Nampalys),Nampalys Mendy,Midfielder,LEI,0,1,0,3,0
2293068,Ward (Danny),Danny Ward,Goalkeeper,LEI,0,0,0,5,0
2293068,Vardy,Jamie Vardy,Forward,LEI,0,0,0,3,0
2293068,Praet,Dennis Praet,Midfielder,LEI,0,0,0,4,1
2293068,Ricardo Pereira,Ricardo Domingos Barbosa Pereira,Defender,LEI,2,0,0,6,1
2293068,Castagne,Timothy Castagne,Defender,LEI,5,0,3,12,1
2293068,Maddison,James Maddison,Midfielder,LEI,0,0,1,3,1
2293068,Iheanacho,Kelechi Iheanacho,Forward,LEI,0,0,0,5,1
2293068,Souttar,Harry Souttar,Defender,LEI,0,1,0,7,1
2293068,Barnes,Harvey Barnes,Midfielder,LEI,0,0,0,3,2
2293068,Ndidi,Onyinye Wilfred Ndidi,Midfielder,LEI,0,0,2,4,4
2293068,Dewsbury-Hall,Kiernan Dewsbury-Hall,Midfielder,LEI,0,0,1,9,0
2293068,Faes,Wout Faes,Defender,LEI,3,1,3,6,0
2293068,Tetê,Mateus Cardoso Lemos Martins,Midfielder,LEI,0,0,0,4,2
2293068,Walcott,Theo Walcott,Midfielder,SOU,0,0,0,7,0
2293068,Armstrong (Stuart),Stuart Armstrong,Midfielder,SOU,0,0,0,2,0
2293068,Elyounoussi,Mohammed Elyounoussi,Midfielder,SOU,1,0,3,1,0
2293068,Ward-Prowse,James Ward-Prowse,Midfielder,SOU,1,1,1,3,0
2293068,Maitland-Niles,Ainsley Maitland-Niles,Midfielder,SOU,3,0,2,9,2
2293068,Armstrong (Adam),Adam Armstrong,Forward,SOU,0,0,1,2,0
2293068,Walker-Peters,Kyle Walker-Peters,Defender,SOU,2,0,1,5,1
2293068,Bednarek,Jan Bednarek,Defender,SOU,5,0,3,6,1
2293068,Adams (Che),Che Adams,Forward,SOU,0,0,0,3,0
2293068,Bazunu,Gavin Bazunu,Goalkeeper,SOU,1,0,0,8,0
2293068,Mara,Sékou Mara,Forward,SOU,0,0,1,1,1
2293068,Bella Kotchap,Armel Bella Kotchap,Defender,SOU,4,0,3,9,1
2293068,Alcaraz,Carlos Alcaraz,Midfielder,SOU,1,0,0,1,0
2293068,Sulemana,Kamaldeen Sulemana,Midfielder,SOU,1,0,0,4,1
2293068,Lavia,Romeo Lavia,Midfielder,SOU,1,2,1,14,2
2293069,Forster,Fraser Forster,Goalkeeper,TOT,0,0,0,4,0
2293069,Perisic,Ivan Perisic,Defender,TOT,1,0,1,1,1
2293069,Kane,Harry Kane,Forward,TOT,0,0,0,1,1
2293069,Son,Heung-Min Son,Midfielder,TOT,0,0,0,0,0
2293069,Lucas Moura,Lucas Rodrigues Moura da Silva,Midfielder,TOT,0,0,0,0,0
2293069,Davies (Ben),Ben Davies,Defender,TOT,2,0,0,2,0
2293069,Højbjerg,Pierre-Emile Højbjerg,Midfielder,TOT,1,0,1,13,0
2293069,Lenglet,Clément Lenglet,Defender,TOT,0,0,0,5,0
2293069,Skipp,Oliver Skipp,Midfielder,TOT,1,0,0,10,0
2293069,Richarlison,Richarlison de Andrade,Midfielder,TOT,0,0,0,0,0
2293069,Romero,Cristian Romero,Defender,TOT,3,0,2,5,1
2293069,Emerson Royal,Emerson Aparecido Leite de Souza Junior,Defender,TOT,0,0,0,0,0
2293069,Porro,Pedro Porro,Defender,TOT,2,0,0,3,0
2293069,Kulusevski,Dejan Kulusevski,Midfielder,TOT,0,0,2,2,0
2293069,Costa,Diego Da Silva Costa,Forward,WOL,1,0,0,0,0
2293069,Moutinho,João Moutinho,Midfielder,WOL,1,0,1,2,0
2293069,Dawson,Craig Dawson,Defender,WOL,8,2,0,2,0
2293069,Sarabia,Pablo Sarabia,Midfielder,WOL,1,0,0,4,0
2293069,Raúl Jiménez,Raul Alonso Jimenez Rodriguez,Forward,WOL,1,0,0,1,2
2293069,Jonny,Jonathan Castro Otto,Defender,WOL,3,1,0,3,3
2293069,José Sá,José Pedro Malheiro de Sá,Goalkeeper,WOL,1,0,0,8,0
2293069,Lemina (Mario),Mario Lemina,Midfielder,WOL,2,2,1,3,0
2293069,Traoré (Adama),Adama Traoré,Midfielder,WOL,0,0,0,2,0
2293069,Ruben Neves,Rúben Diogo da Silva Neves,Midfielder,WOL,4,0,1,2,3
2293069,Semedo,Nelson Semedo,Defender,WOL,1,0,1,6,1
2293069,Kilman,Max Kilman,Defender,WOL,4,1,0,8,0
2293069,Neto,Pedro Neto,Midfielder,WOL,1,0,0,4,0
2293069,Matheus Cunha,Matheus Santos Carneiro Da Cunha,Forward,WOL,0,0,0,1,0
2293069,Collins,Nathan Collins,Defender,WOL,1,3,0,2,0
2293069,Matheus Nunes,Matheus Luiz Nunes,Midfielder,WOL,0,0,0,8,0
2293070,Smith (Adam),Adam Smith,Defender,BOU,4,0,1,5,0
2293070,Neto,Norberto Murara Neto,Goalkeeper,BOU,0,0,0,10,0
2293070,Fredericks,Ryan Fredericks,Defender,BOU,2,0,0,0,0
2293070,Stephens,Jack Stephens,Defender,BOU,1,0,1,1,1
2293070,Lerma,Jefferson Lerma,Midfielder,BOU,1,1,3,10,0
2293070,Solanke,Dominic Solanke,Forward,BOU,3,0,0,5,0
2293070,Cook (Lewis),Lewis Cook,Midfielder,BOU,0,0,1,1,0
2293070,Rothwell,Joe Rothwell,Midfielder,BOU,0,0,1,8,1
2293070,Christie,Ryan Christie,Midfielder,BOU,0,0,1,3,0
2293070,Billing,Philip Billing,Midfielder,BOU,3,0,2,4,2
2293070,Senesi,Marcos Senesi,Defender,BOU,7,0,0,5,2
2293070,Kelly (Lloyd),Lloyd Kelly,Defender,BOU,5,0,2,6,1
2293070,Viña,Matias Viña,Defender,BOU,1,0,0,2,0
2293070,Semenyo,Antoine Semenyo,Forward,BOU,0,0,1,2,0
2293070,Anthony,Jaidon Anthony,Midfielder,BOU,1,0,0,5,0
2293070,Dango Ouattara,Dango Ouattara,Midfielder,BOU,5,0,0,2,0
2293070,Milner,James Milner,Midfielder,LIV,0,0,2,2,2
2293070,Henderson (Jordan),Jordan Henderson,Midfielder,LIV,0,0,0,6,2
2293070,Firmino,Roberto Firmino Barbosa de Oliveira,Forward,LIV,0,0,0,1,0
2293070,van Dijk,Virgil van Dijk,Defender,LIV,2,0,1,3,3
2293070,Alisson,Alisson Ramses Becker,Goalkeeper,LIV,0,0,0,7,0
2293070,Fabinho,Fabio Henrique Tavares,Midfielder,LIV,0,0,0,7,2
2293070,Salah,Mohamed Salah,Midfielder,LIV,0,0,0,1,0
2293070,Robertson (Andrew),Andrew Robertson,Defender,LIV,0,0,1,7,1
2293070,Alexander-Arnold,Trent Alexander-Arnold,Defender,LIV,1,0,4,8,3
2293070,Diogo Jota,Diogo José Teixeira da Silva,Midfielder,LIV,0,0,0,4,1
2293070,Konaté,Ibrahima Konaté,Defender,LIV,7,0,1,10,0
2293070,Gakpo,Cody Gakpo,Forward,LIV,0,0,0,5,1
2293070,Carvalho,Fabio Carvalho,Midfielder,LIV,0,0,0,0,0
2293070,Elliott (Harvey),Harvey Elliott,Midfielder,LIV,0,0,1,1,0
2293070,Núñez,Darwin Núñez,Forward,LIV,1,0,0,1,0
2293070,Bajcetic,Stefan Bajcetic,Midfielder,LIV,0,0,1,3,0
2293071,Guaita,Vicente Guaita,Goalkeeper,CRY,1,0,0,7,0
2293071,Ward (Joel),Joel Ward,Defender,CRY,0,0,1,1,0
2293071,Clyne,Nathaniel Clyne,Defender,CRY,0,1,0,1,0
2293071,Milivojevic,Luka Milivojevic,Midfielder,CRY,0,0,2,4,0
2293071,Ayew (Jordan),Jordan Ayew,Midfielder,CRY,2,0,1,8,0
2293071,Zaha,Wilfried Zaha,Midfielder,CRY,0,0,0,4,0
2293071,Schlupp,Jeffrey Schlupp,Midfielder,CRY,1,1,0,2,1
2293071,Andersen,Joachim Andersen,Defender,CRY,9,1,0,1,0
2293071,Edouard,Odsonne Edouard,Forward,CRY,0,0,0,0,0
2293071,Marc Guehi,Addji Keaninkin Marc-Israel Guehi,Defender,CRY,5,1,2,3,0
2293071,Eze,Eberechi Eze,Midfielder,CRY,0,0,0,0,0
2293071,Mitchell,Tyrick Mitchell,Defender,CRY,2,1,1,2,3
2293071,Sambi Lokonga,Albert Sambi Lokonga,Midfielder,CRY,3,0,1,3,2
2293071,Olise,Michael Olise,Midfielder,CRY,0,0,1,10,1
2293071,Ahamada,Naouirou Ahamada,Midfielder,CRY,0,0,0,3,1
2293071,Walker,Kyle Walker,Defender,MCI,0,0,0,0,0
2293071,Gundogan,Ilkay Gundogan,Midfielder,MCI,1,0,0,5,0
2293071,De Bruyne,Kevin De Bruyne,Midfielder,MCI,0,0,0,0,1
2293071,Stones,John Stones,Defender,MCI,1,2,1,4,1
2293071,Grealish,Jack Grealish,Midfielder,MCI,0,1,0,3,0
2293071,Ederson,Ederson Santana de Moraes,Goalkeeper,MCI,0,0,0,3,0
2293071,Aké,Nathan Aké,Defender,MCI,2,0,1,3,0
2293071,Bernardo Silva,Bernardo Mota Veiga de Carvalho e Silva,Midfielder,MCI,0,0,0,2,0
2293071,Rúben Dias,Rúben Santos Gato Alves Dias,Defender,MCI,2,0,1,5,1
2293071,Foden,Phil Foden,Midfielder,MCI,1,0,2,2,0
2293071,Akanji,Manuel Akanji,Defender,MCI,3,1,3,6,0
2293071,Rodri,Rodrigo Hernández Cascante,Midfielder,MCI,0,0,0,16,2
2293071,Haaland,Erling Haaland,Forward,MCI,0,0,0,2,0
2293071,Álvarez,Julián Álvarez,Forward,MCI,1,0,1,2,2
2293072,Mee,Ben Mee,Defender,BRE,1,0,0,4,1
2293072,Norgaard,Christian Norgaard,Midfielder,BRE,0,0,0,5,2
2293072,Toney,Ivan Toney,Forward,BRE,0,0,0,2,0
2293072,Raya Martin,David Raya Martin,Goalkeeper,BRE,1,0,0,15,0
2293072,Dasilva,Pelenda Joshua Dasilva,Midfielder,BRE,0,0,0,0,0
2293072,Henry,Rico Henry,Defender,BRE,1,0,2,9,1
2293072,Janelt,Vitaly Janelt,Midfielder,BRE,0,0,0,5,0
2293072,Ghoddos,Saman Ghoddos,Midfielder,BRE,0,0,0,0,0
2293072,Jensen,Mathias Jensen,Midfielder,BRE,1,0,1,4,0
2293072,Wissa,Yoane Wissa,Forward,BRE,0,0,0,0,0
2293072,Pinnock,Ethan Pinnock,Defender,BRE,3,0,0,5,1
2293072,Onyeka,Frank Onyeka,Midfielder,BRE,0,0,0,1,0
2293072,Damsgaard,Mikkel Damsgaard,Midfielder,BRE,0,1,0,6,1
2293072,Mbeumo,Bryan Mbeumo,Midfielder,BRE,1,0,0,5,3
2293072,Hickey,Aaron Hickey,Defender,BRE,2,0,1,4,0
2293072,Schade,Kevin Schade,Midfielder,BRE,0,0,0,1,0
2293072,Tarkowski,James Tarkowski,Defender,EVE,7,1,1,2,3
2293072,Coleman,Seamus Coleman,Defender,EVE,4,0,1,4,1
2293072,Gueye,Idrissa Gueye,Midfielder,EVE,3,0,2,16,0
2293072,Keane,Michael Keane,Defender,EVE,5,0,1,4,1
2293072,Pickford,Jordan Pickford,Goalkeeper,EVE,0,0,0,8,0
2293072,Maupay,Neal Maupay,Forward,EVE,0,0,0,0,0
2293072,Doucouré,Abdoulaye Doucouré,Midfielder,EVE,0,0,1,6,0
2293072,Iwobi,Alex Iwobi,Midfielder,EVE,1,0,2,7,2
2293072,Gray (Demarai),Demarai Gray,Midfielder,EVE,0,0,0,6,1
2293072,Davies (Tom),Tom Davies,Midfielder,EVE,0,0,0,1,1
2293072,Godfrey,Ben Godfrey,Defender,EVE,1,0,0,3,3
2293072,Mykolenko,Vitaliy Mykolenko,Defender,EVE,0,0,0,0,0
2293072,McNeil,Dwight McNeil,Midfielder,EVE,3,2,1,6,1
2293072,Mvom Onana,Amadou Mvom Onana,Midfielder,EVE,1,0,1,4,1
2293073,Xhaka,Granit Xhaka,Midfielder,ARS,1,0,0,6,1
2293073,Trossard,Leandro Trossard,Midfielder,ARS,0,0,1,6,1
2293073,Partey,Thomas Partey,Midfielder,ARS,2,1,2,11,1
2293073,Odegaard,Martin Odegaard,Midfielder,ARS,0,0,0,4,1
2293073,Tierney,Kieran Tierney,Defender,ARS,1,0,0,0,1
2293073,White (Ben),Ben White,Defender,ARS,1,0,0,3,0
2293073,Nelson (Reiss),Reiss Nelson,Midfielder,ARS,1,0,0,1,1
2293073,Jesus,Gabriel Fernando de Jesus,Forward,ARS,0,0,0,1,1
2293073,Zinchenko,Oleksandr Zinchenko,Defender,ARS,1,0,1,3,0
2293073,Saka,Bukayo Saka,Midfielder,ARS,1,0,0,4,1
2293073,Tomiyasu,Takehiro Tomiyasu,Defender,ARS,0,0,0,0,2
2293073,Ramsdale,Aaron Ramsdale,Goalkeeper,ARS,0,0,0,8,0
2293073,Gabriel Magalhães,Gabriel dos Santos Magalhães,Defender,ARS,2,1,0,3,1
2293073,Fábio Vieira,Fábio Daniel Vieira,Midfielder,ARS,0,0,0,1,0
2293073,Martinelli,Gabriel Teodoro Martinelli Silva,Midfielder,ARS,0,0,0,5,0
2293073,Saliba,William Saliba,Defender,ARS,7,2,1,6,3
2293073,Leno,Bernd Leno,Goalkeeper,FUL,0,0,0,10,0
2293073,Ream,Tim Ream,Defender,FUL,2,0,1,6,0
2293073,DeCordova-Reid,Bobby DeCordova-Reid,Midfielder,FUL,0,0,0,3,0
2293073,Tosin,Oluwatosin Adarabioyo,Defender,FUL,5,0,1,7,1
2293073,Mitrovic,Aleksandar Mitrovic,Forward,FUL,2,1,0,2,0
2293073,Reed,Harrison Reed,Midfielder,FUL,1,1,0,3,1
2293073,Wilson (Harry),Harry Wilson,Midfielder,FUL,0,0,0,1,0
2293073,Pereira,Andreas Pereira,Midfielder,FUL,0,0,0,7,0
2293073,Tete,Kenny Tete,Defender,FUL,1,1,1,4,2
2293073,Robinson (Antonee),Antonee Robinson,Defender,FUL,1,0,4,5,1
2293073,James (Daniel),Daniel James,Midfielder,FUL,0,0,0,2,0
2293073,Lukic,Sasa Lukic,Midfielder,FUL,0,1,0,6,0
2293073,Solomon,Manor Solomon,Midfielder,FUL,0,0,0,2,3
2293074,Steele,Jason Steele,Goalkeeper,BHA,0,0,0,8,0
2293074,Welbeck,Danny Welbeck,Forward,BHA,0,0,0,1,0
2293074,Groß,Pascal Groß,Midfielder,BHA,1,1,0,3,2
2293074,Dunk,Lewis Dunk,Defender,BHA,0,0,0,8,2
2293074,March,Solomon March,Midfielder,BHA,0,0,1,6,1
2293074,Webster (Adam),Adam Webster,Defender,BHA,4,2,1,4,2
2293074,Veltman,Joël Veltman,Defender,BHA,0,0,2,1,0
2293074,Estupiñán,Pervis Estupiñán,Defender,BHA,1,0,0,7,3
2293074,Mac Allister,Alexis Mac Allister,Midfielder,BHA,0,0,0,5,0
2293074,Mitoma,Kaoru Mitoma,Midfielder,BHA,0,0,1,6,1
2293074,van Hecke,Jan-Paul van Hecke,Defender,BHA,1,0,0,0,0
2293074,Moises Caicedo,Moises Caicedo,Midfielder,BHA,0,1,3,11,1
2293074,Ferguson (Evan),Evan Ferguson,Forward,BHA,0,0,0,1,1
2293074,Ayling,Luke Ayling,Defender,LEE,3,0,0,3,0
2293074,Rodrigo,Rodrigo Moreno Machado,Midfielder,LEE,0,0,1,2,0
2293074,Bamford,Patrick Bamford,Forward,LEE,0,1,2,1,0
2293074,Koch,Robin Koch,Defender,LEE,9,0,1,5,1
2293074,Adams (Tyler),Tyler Adams,Midfielder,LEE,0,0,2,6,1
2293074,Wöber,Maximilian Wöber,Defender,LEE,8,1,5,2,2
2293074,Harrison,Jack Harrison,Midfielder,LEE,1,0,2,7,1
2293074,Sinisterra,Luis Sinisterra,Midfielder,LEE,0,0,0,0,0
2293074,Roca,Marc Roca,Midfielder,LEE,0,0,2,7,1
2293074,McKennie,Weston McKennie,Midfielder,LEE,3,0,1,2,0
2293074,Aaronson,Brenden Aaronson,Midfielder,LEE,0,0,1,7,0
2293074,Meslier,Illan Meslier,Goalkeeper,LEE,1,0,0,10,0
2293074,Firpo,Junior Firpo,Defender,LEE,1,1,2,6,1
2293074,Summerville,Crysencio Summerville,Midfielder,LEE,0,0,2,5,1
2293074,Rutter,Georginio Rutter,Forward,LEE,0,0,0,0,2
2293074,Gnonto,Degnand Wilfried Gnonto,Forward,LEE,0,0,0,3,0
2293075,Koulibaly,Kalidou Koulibaly,Defender,CHE,5,1,1,9,1
2293075,Kovacic,Mateo Kovacic,Midfielder,CHE,2,0,1,8,1
2293075,Kepa,Kepa Arrizabalaga Revuelta,Goalkeeper,CHE,1,0,0,11,0
2293075,Loftus-Cheek,Ruben Loftus-Cheek,Midfielder,CHE,1,0,0,3,0
2293075,Chilwell,Benjamin Chilwell,Defender,CHE,0,0,0,8,0
2293075,Pulisic,Christian Pulisic,Midfielder,CHE,0,0,1,1,0
2293075,Cucurella,Marc Cucurella,Defender,CHE,3,2,2,9,6
2293075,Chalobah (Trevoh),Trevoh Chalobah,Defender,CHE,1,0,0,1,0
2293075,Havertz,Kai Havertz,Midfielder,CHE,0,0,0,6,2
2293075,Gallagher,Conor Gallagher,Midfielder,CHE,1,2,2,2,1
2293075,Badiashile,Benoît Badiashile,Defender,CHE,0,0,0,2,0
2293075,João Félix,João Félix Sequeira,Forward,CHE,0,0,1,0,0
2293075,Fofana (Wesley),Wesley Fofana,Defender,CHE,2,2,1,1,1
2293075,Fernández (Enzo),Enzo Fernández,Midfielder,CHE,1,0,0,5,2
2293075,Mudryk,Mykhailo Mudryk,Midfielder,CHE,0,0,0,3,0
2293075,Chukwuemeka,Carney Chukwuemeka,Midfielder,CHE,0,0,0,1,0
2293075,Evans,Jonny Evans,Defender,LEI,1,0,0,1,0
2293075,Mendy (Nampalys),Nampalys Mendy,Midfielder,LEI,0,0,2,4,2
2293075,Ward (Danny),Danny Ward,Goalkeeper,LEI,1,0,0,7,0
2293075,Vardy,Jamie Vardy,Forward,LEI,0,0,0,0,0
2293075,Ricardo Pereira,Ricardo Domingos Barbosa Pereira,Defender,LEI,1,0,2,7,1
2293075,Amartey,Daniel Amartey,Defender,LEI,0,0,0,6,0
2293075,Castagne,Timothy Castagne,Defender,LEI,0,0,4,8,2
2293075,Maddison,James Maddison,Midfielder,LEI,0,0,1,4,1
2293075,Iheanacho,Kelechi Iheanacho,Forward,LEI,1,0,0,1,0
2293075,Souttar,Harry Souttar,Defender,LEI,4,1,0,5,0
2293075,Barnes,Harvey Barnes,Midfielder,LEI,0,0,0,1,0
2293075,Dewsbury-Hall,Kiernan Dewsbury-Hall,Midfielder,LEI,0,0,2,1,2
2293075,Faes,Wout Faes,Defender,LEI,2,2,1,3,3
2293075,Tetê,Mateus Cardoso Lemos Martins,Midfielder,LEI,0,0,0,5,0
2293075,Soumaré,Boubakary Soumaré,Midfielder,LEI,0,0,3,4,0
2293075,Daka,Patson Daka,Forward,LEI,0,0,0,4,0
2293076,De Gea,David De Gea,Goalkeeper,MUN,0,0,0,7,0
2293076,Casemiro,Carlos Henrique Jose Francisco Venancio,Midfielder,MUN,0,1,0,4,3
2293076,Varane,Raphael Varane,Defender,MUN,3,2,0,3,0
2293076,Maguire,Harry Maguire,Defender,MUN,1,0,0,0,0
2293076,Fred,Frederico Rodrigues de Paula Santos,Midfielder,MUN,0,0,0,1,1
2293076,Shaw,Luke Shaw,Defender,MUN,2,1,0,4,1
2293076,Weghorst,Wout Weghorst,Forward,MUN,1,0,0,0,0
2293076,Bruno Fernandes,Bruno Miguel Borges Fernandes,Midfielder,MUN,1,1,0,9,0
2293076,Rashford,Marcus Rashford,Midfielder,MUN,4,1,0,3,0
2293076,McTominay,Scott McTominay,Midfielder,MUN,4,1,1,4,0
2293076,Sancho,Jadon Sancho,Midfielder,MUN,0,1,0,9,1
2293076,Wan-Bissaka,Aaron Wan-Bissaka,Defender,MUN,3,1,1,3,1
2293076,Martínez,Lisandro Martínez,Defender,MUN,5,0,1,9,0
2293076,Antony,Antony Matheus dos Santos,Midfielder,MUN,0,0,0,2,1
2293076,Pellistri,Facundo Pellistri,Midfielder,MUN,0,0,0,0,0
2293076,Garnacho,Alejandro Garnacho Ferreyra,Midfielder,MUN,1,0,0,1,0
2293076,Walcott,Theo Walcott,Midfielder,SOU,0,0,2,4,0
2293076,Armstrong (Stuart),Stuart Armstrong,Midfielder,SOU,1,0,0,4,2
2293076,Ward-Prowse,James Ward-Prowse,Midfielder,SOU,1,0,4,10,2
2293076,Paul Onuachu,Ebere Paul Onuachu,Forward,SOU,0,0,0,0,0
2293076,Armstrong (Adam),Adam Armstrong,Forward,SOU,0,0,0,0,0
2293076,Walker-Peters,Kyle Walker-Peters,Defender,SOU,3,1,3,7,3
2293076,Bednarek,Jan Bednarek,Defender,SOU,5,0,2,7,1
2293076,Adams (Che),Che Adams,Forward,SOU,1,0,0,1,0
2293076,Perraud,Romain Perraud,Defender,SOU,1,1,1,3,0
2293076,Bazunu,Gavin Bazunu,Goalkeeper,SOU,1,0,0,5,0
2293076,Mara,Sékou Mara,Forward,SOU,0,0,0,1,0
2293076,Bella Kotchap,Armel Bella Kotchap,Defender,SOU,4,1,3,9,1
2293076,Alcaraz,Carlos Alcaraz,Midfielder,SOU,0,0,0,3,0
2293076,Sulemana,Kamaldeen Sulemana,Midfielder,SOU,0,0,0,2,0
2293076,Lavia,Romeo Lavia,Midfielder,SOU,2,0,0,8,1
2293077,Ritchie,Matt Ritchie,Midfielder,NEW,0,0,0,0,0
2293077,Wilson (Callum),Callum Wilson,Forward,NEW,0,0,0,1,0
2293077,Trippier,Kieran Trippier,Defender,NEW,4,0,0,8,0
2293077,Burn,Dan Burn,Defender,NEW,1,0,2,4,1
2293077,Pope,Nick Pope,Goalkeeper,NEW,0,0,0,8,0
2293077,Murphy (Jacob),Jacob Murphy,Midfielder,NEW,1,0,0,3,0
2293077,Schär,Fabian Schär,Defender,NEW,7,0,0,5,1
2293077,Saint-Maximin,Allan Saint-Maximin,Midfielder,NEW,0,0,0,7,0
2293077,Almirón,Miguel Almirón,Midfielder,NEW,0,0,0,0,0
2293077,Longstaff (Sean),Sean Longstaff,Midfielder,NEW,0,0,0,4,1
2293077,Willock,Joseph Willock,Midfielder,NEW,2,0,1,4,1
2293077,Bruno Guimarães,Bruno Guimarães Rodriguez Moura,Midfielder,NEW,0,0,0,3,1
2293077,Isak,Alexander Isak,Forward,NEW,0,0,0,1,1
2293077,Botman,Sven Botman,Defender,NEW,3,0,2,4,0
2293077,Moutinho,João Moutinho,Midfielder,WOL,1,0,2,3,3
2293077,Dawson,Craig Dawson,Defender,WOL,9,2,1,6,0
2293077,Raúl Jiménez,Raul Alonso Jimenez Rodriguez,Forward,WOL,2,0,0,3,0
2293077,Jonny,Jonathan Castro Otto,Defender,WOL,1,1,0,0,0
2293077,José Sá,José Pedro Malheiro de Sá,Goalkeeper,WOL,0,0,0,12,0
2293077,Lemina (Mario),Mario Lemina,Midfielder,WOL,1,0,1,6,3
2293077,Traoré (Adama),Adama Traoré,Midfielder,WOL,1,0,0,0,0
2293077,Ruben Neves,Rúben Diogo da Silva Neves,Midfielder,WOL,1,0,1,7,0
2293077,Hwang Hee-Chan,Hee-Chan Hwang,Midfielder,WOL,0,0,0,1,0
2293077,Semedo,Nelson Semedo,Defender,WOL,5,1,0,4,1
2293077,Podence,Daniel Podence,Midfielder,WOL,0,0,0,7,1
2293077,Kilman,Max Kilman,Defender,WOL,3,4,0,5,1
2293077,Neto,Pedro Neto,Midfielder,WOL,0,0,0,1,0
2293077,Collins,Nathan Collins,Defender,WOL,0,0,1,2,1
2293077,Ait Nouri,Rayan Ait Nouri,Defender,WOL,0,0,0,1,0
2293077,Matheus Nunes,Matheus Luiz Nunes,Midfielder,WOL,1,0,0,1,2
2293078,Navas,Keylor Navas,Goalkeeper,NFO,0,0,0,12,0
2293078,Ayew (André),André Ayew,Midfielder,NFO,0,0,0,0,0
2293078,Shelvey (Jonjo),Jonjo Shelvey,Midfielder,NFO,3,0,1,5,0
2293078,Wood,Chris Wood,Forward,NFO,0,0,0,0,0
2293078,Aurier,Serge Aurier,Defender,NFO,1,0,1,3,1
2293078,Freuler,Remo Freuler,Midfielder,NFO,0,0,0,6,0
2293078,Lingard,Jesse Lingard,Midfielder,NFO,0,0,0,0,1
2293078,Felipe,Felipe Augusto de Almeida Monteiro,Defender,NFO,3,1,3,7,1
2293078,Mangala,Orel Mangala,Midfielder,NFO,0,1,0,5,0
2293078,Yates,Ryan Yates,Midfielder,NFO,0,0,0,1,0
2293078,Worrall,Joe Worrall,Defender,NFO,8,1,1,4,0
2293078,Williams (Neco),Neco Williams,Defender,NFO,1,0,0,0,0
2293078,Gibbs-White,Morgan Gibbs-White,Midfielder,NFO,0,0,0,6,0
2293078,Dennis (Emmanuel),Emmanuel Bonaventure Dennis,Forward,NFO,0,1,0,3,2
2293078,Renan Lodi,Renan Augusto Lodi dos Santos,Defender,NFO,1,1,1,3,2
2293078,Johnson (Brennan),Brennan Johnson,Midfielder,NFO,0,0,0,1,0
2293078,Forster,Fraser Forster,Goalkeeper,TOT,1,0,0,4,0
2293078,Kane,Harry Kane,Forward,TOT,0,0,0,2,0
2293078,Son,Heung-Min Son,Midfielder,TOT,0,0,1,4,0
2293078,Dier,Eric Dier,Defender,TOT,5,0,1,2,0
2293078,Lucas Moura,Lucas Rodrigues Moura da Silva,Midfielder,TOT,0,0,0,0,0
2293078,Davies (Ben),Ben Davies,Defender,TOT,2,0,1,4,0
2293078,Højbjerg,Pierre-Emile Højbjerg,Midfielder,TOT,4,0,0,4,1
2293078,Lenglet,Clément Lenglet,Defender,TOT,3,0,0,6,1
2293078,Skipp,Oliver Skipp,Midfielder,TOT,1,0,1,5,1
2293078,Richarlison,Richarlison de Andrade,Midfielder,TOT,1,0,1,4,2
2293078,Romero,Cristian Romero,Defender,TOT,9,1,2,7,1
2293078,Porro,Pedro Porro,Defender,TOT,1,0,1,5,0
2293078,Kulusevski,Dejan Kulusevski,Midfielder,TOT,0,0,0,3,0
2293078,Sarr (Pape),Pape Sarr,Midfielder,TOT,0,0,0,0,0
2293079,Young (Ashley),Ashley Young,Defender,AVL,1,1,0,2,0
2293079,Martinez,Emiliano Martinez,Goalkeeper,AVL,1,0,0,9,0
2293079,Chambers (Calum),Calum Chambers,Defender,AVL,0,0,0,2,0
2293079,Digne,Lucas Digne,Defender,AVL,1,0,0,1,1
2293079,Álex Moreno,Alexandre Moreno Lopera,Defender,AVL,0,1,1,3,1
2293079,Traore (Bertrand),Bertrand Traore,Midfielder,AVL,0,0,0,0,0
2293079,McGinn,John McGinn,Midfielder,AVL,2,0,2,5,0
2293079,Mings,Tyrone Mings,Defender,AVL,6,0,1,5,0
2293079,Watkins,Ollie Watkins,Forward,AVL,2,1,0,1,1
2293079,Buendía,Emiliano Buendía,Midfielder,AVL,2,0,1,1,2
2293079,Cash,Matthew Cash,Defender,AVL,3,1,0,7,0
2293079,Konsa Ngoyo,Ezri Konsa Ngoyo,Defender,AVL,1,0,0,3,0
2293079,Bailey,Leon Bailey,Midfielder,AVL,2,0,0,5,0
2293079,Douglas Luiz,Douglas Luiz Soares de Paulo,Midfielder,AVL,2,0,0,1,2
2293079,Ramsey (Jacob),Jacob Ramsey,Midfielder,AVL,1,0,1,4,1
2293079,Durán,Jhon Durán,Forward,AVL,0,0,0,0,0
2293079,Areola,Alphonse Areola,Goalkeeper,WHU,0,0,0,8,0
2293079,Ings,Danny Ings,Forward,WHU,0,0,0,3,0
2293079,Zouma,Kurt Zouma,Defender,WHU,5,1,1,1,1
2293079,Emerson,Emerson Palmieri dos Santos,Defender,WHU,3,2,1,7,3
2293079,Cornet,Maxwel Cornet,Midfielder,WHU,0,0,0,1,0
2293079,Benrahma,Said Benrahma,Midfielder,WHU,0,0,0,5,0
2293079,Bowen,Jarrod Bowen,Midfielder,WHU,1,0,1,4,0
2293079,Kehrer,Thilo Kehrer,Defender,WHU,5,0,3,9,0
2293079,Rice,Declan Rice,Midfielder,WHU,1,0,2,4,4
2293079,Aguerd,Nayef Aguerd,Defender,WHU,7,1,0,5,0
2293079,Soucek,Tomas Soucek,Midfielder,WHU,0,0,3,3,1
2293079,Fornals,Pablo Fornals,Midfielder,WHU,0,0,0,1,0
2293079,Lucas Paquetá,Lucas Tolentino Coelho de Lima,Midfielder,WHU,0,0,1,5,1
2293080,Xhaka,Granit Xhaka,Midfielder,ARS,0,0,0,5,4
2293080,Jorginho,Jorge Luiz Frello Filho,Midfielder,ARS,0,0,0,1,0
2293080,Trossard,Leandro Trossard,Midfielder,ARS,0,0,0,2,0
2293080,Holding,Rob Holding,Defender,ARS,5,0,0,7,1
2293080,Partey,Thomas Partey,Midfielder,ARS,0,0,0,11,2
2293080,Odegaard,Martin Odegaard,Midfielder,ARS,0,1,0,9,1
2293080,Tierney,Kieran Tierney,Defender,ARS,0,0,0,4,0
2293080,White (Ben),Ben White,Defender,ARS,3,0,3,6,0
2293080,Jesus,Gabriel Fernando de Jesus,Forward,ARS,0,0,0,0,0
2293080,Zinchenko,Oleksandr Zinchenko,Defender,ARS,0,1,1,4,1
2293080,Smith-Rowe,Emile Smith-Rowe,Midfielder,ARS,0,0,0,0,0
2293080,Saka,Bukayo Saka,Midfielder,ARS,0,0,0,3,0
2293080,Ramsdale,Aaron Ramsdale,Goalkeeper,ARS,0,0,0,3,0
2293080,Gabriel Magalhães,Gabriel dos Santos Magalhães,Defender,ARS,2,1,0,3,0
2293080,Kiwior,Jakub Kiwior,Defender,ARS,0,0,0,0,0
2293080,Martinelli,Gabriel Teodoro Martinelli Silva,Midfielder,ARS,0,0,0,4,0
2293080,Tomkins,James Tomkins,Defender,CRY,8,1,2,3,0
2293080,Ward (Joel),Joel Ward,Defender,CRY,9,0,1,0,2
2293080,Milivojevic,Luka Milivojevic,Midfielder,CRY,2,2,4,5,0
2293080,Ayew (Jordan),Jordan Ayew,Midfielder,CRY,0,0,1,0,0
2293080,Zaha,Wilfried Zaha,Midfielder,CRY,0,0,0,5,0
2293080,Schlupp,Jeffrey Schlupp,Midfielder,CRY,0,0,0,5,0
2293080,Hughes (Will),Will Hughes,Midfielder,CRY,1,0,0,1,1
2293080,Edouard,Odsonne Edouard,Forward,CRY,2,0,0,2,0
2293080,Marc Guehi,Addji Keaninkin Marc-Israel Guehi,Defender,CRY,7,1,4,8,1
2293080,Eze,Eberechi Eze,Midfielder,CRY,0,0,0,0,0
2293080,Mitchell,Tyrick Mitchell,Defender,CRY,0,1,0,3,1
2293080,Doucoure,Cheick Oumar Doucoure,Midfielder,CRY,1,0,4,8,3
2293080,Olise,Michael Olise,Midfielder,CRY,1,0,2,5,2
2293080,Ahamada,Naouirou Ahamada,Midfielder,CRY,0,0,0,0,0
2293080,Whitworth,Joseph Whitworth,Goalkeeper,CRY,1,0,0,7,0
2293081,Martinez,Emiliano Martinez,Goalkeeper,AVL,1,0,0,8,0
2293081,Chambers (Calum),Calum Chambers,Defender,AVL,0,0,0,0,0
2293081,Álex Moreno,Alexandre Moreno Lopera,Defender,AVL,1,0,0,2,1
2293081,Traore (Bertrand),Bertrand Traore,Midfielder,AVL,0,0,0,0,0
2293081,McGinn,John McGinn,Midfielder,AVL,0,0,0,8,1
2293081,Mings,Tyrone Mings,Defender,AVL,2,2,1,10,1
2293081,Watkins,Ollie Watkins,Forward,AVL,1,0,0,0,0
2293081,Buendía,Emiliano Buendía,Midfielder,AVL,0,0,0,2,1
2293081,Cash,Matthew Cash,Defender,AVL,3,0,1,7,4
2293081,Konsa Ngoyo,Ezri Konsa Ngoyo,Defender,AVL,0,0,0,2,1
2293081,Bailey,Leon Bailey,Midfielder,AVL,0,0,0,1,0
2293081,Douglas Luiz,Douglas Luiz Soares de Paulo,Midfielder,AVL,0,0,2,7,0
2293081,Ramsey (Jacob),Jacob Ramsey,Midfielder,AVL,0,0,1,7,1
2293081,Durán,Jhon Durán,Forward,AVL,0,0,0,0,0
2293081,Smith (Adam),Adam Smith,Defender,BOU,2,0,1,1,1
2293081,Neto,Norberto Murara Neto,Goalkeeper,BOU,0,0,0,5,0
2293081,Stephens,Jack Stephens,Defender,BOU,2,2,3,3,2
2293081,Brooks,David Brooks,Midfielder,BOU,2,0,0,0,0
2293081,Moore (Kieffer),Kieffer Moore,Forward,BOU,0,0,0,0,0
2293081,Lerma,Jefferson Lerma,Midfielder,BOU,1,3,3,8,2
2293081,Solanke,Dominic Solanke,Forward,BOU,1,1,0,2,0
2293081,Rothwell,Joe Rothwell,Midfielder,BOU,0,0,0,1,1
2293081,Billing,Philip Billing,Midfielder,BOU,1,0,1,9,1
2293081,Senesi,Marcos Senesi,Defender,BOU,5,0,1,4,2
2293081,Kelly (Lloyd),Lloyd Kelly,Defender,BOU,3,1,2,6,0
2293081,Viña,Matias Viña,Defender,BOU,0,0,0,0,0
2293081,Traore (Hamed),Hamed Traore,Midfielder,BOU,0,0,0,3,3
2293081,Semenyo,Antoine Semenyo,Forward,BOU,0,0,0,3,0
2293081,Anthony,Jaidon Anthony,Midfielder,BOU,0,0,1,6,0
2293081,Dango Ouattara,Dango Ouattara,Midfielder,BOU,0,0,0,5,3
2293082,Mee,Ben Mee,Defender,BRE,2,1,1,7,2
2293082,Jansson,Pontus Jansson,Defender,BRE,0,0,0,0,0
2293082,Norgaard,Christian Norgaard,Midfielder,BRE,2,2,2,13,4
2293082,Toney,Ivan Toney,Forward,BRE,1,0,0,2,0
2293082,Raya Martin,David Raya Martin,Goalkeeper,BRE,0,0,1,6,0
2293082,Dasilva,Pelenda Joshua Dasilva,Midfielder,BRE,0,0,1,1,0
2293082,Henry,Rico Henry,Defender,BRE,0,0,0,3,2
2293082,Jensen,Mathias Jensen,Midfielder,BRE,0,0,2,3,2
2293082,Wissa,Yoane Wissa,Forward,BRE,0,0,0,3,0
2293082,Pinnock,Ethan Pinnock,Defender,BRE,5,2,0,6,1
2293082,Baptiste (Shandon),Shandon Baptiste,Midfielder,BRE,1,0,0,3,0
2293082,Damsgaard,Mikkel Damsgaard,Midfielder,BRE,0,0,0,3,1
2293082,Mbeumo,Bryan Mbeumo,Midfielder,BRE,1,0,0,3,1
2293082,Hickey,Aaron Hickey,Defender,BRE,2,1,1,8,4
2293082,Schade,Kevin Schade,Midfielder,BRE,0,0,0,3,0
2293082,Vardy,Jamie Vardy,Forward,LEI,0,0,0,1,0
2293082,Praet,Dennis Praet,Midfielder,LEI,1,0,1,1,0
2293082,Ricardo Pereira,Ricardo Domingos Barbosa Pereira,Defender,LEI,7,0,1,6,1
2293082,Amartey,Daniel Amartey,Defender,LEI,3,2,0,8,0
2293082,Castagne,Timothy Castagne,Defender,LEI,5,1,3,5,0
2293082,Maddison,James Maddison,Midfielder,LEI,0,0,0,4,0
2293082,Iheanacho,Kelechi Iheanacho,Forward,LEI,0,0,0,0,0
2293082,Souttar,Harry Souttar,Defender,LEI,8,1,3,5,1
2293082,Barnes,Harvey Barnes,Midfielder,LEI,0,1,0,3,0
2293082,Ndidi,Onyinye Wilfred Ndidi,Midfielder,LEI,4,0,3,8,2
2293082,Iversen,Daniel Iversen,Goalkeeper,LEI,0,0,0,6,0
2293082,Dewsbury-Hall,Kiernan Dewsbury-Hall,Midfielder,LEI,1,2,3,8,0
2293082,Tetê,Mateus Cardoso Lemos Martins,Midfielder,LEI,0,0,0,1,1
2293082,Soumaré,Boubakary Soumaré,Midfielder,LEI,0,0,0,3,0
2293082,Daka,Patson Daka,Forward,LEI,0,0,0,3,0
2293083,Steele,Jason Steele,Goalkeeper,BHA,0,0,0,6,0
2293083,Welbeck,Danny Welbeck,Forward,BHA,1,1,0,0,0
2293083,Dunk,Lewis Dunk,Defender,BHA,1,0,0,11,1
2293083,March,Solomon March,Midfielder,BHA,0,0,0,0,0
2293083,Webster (Adam),Adam Webster,Defender,BHA,0,0,1,7,1
2293083,Estupiñán,Pervis Estupiñán,Defender,BHA,1,0,1,6,1
2293083,Mac Allister,Alexis Mac Allister,Midfielder,BHA,0,0,0,12,2
2293083,Gilmour,Billy Gilmour,Midfielder,BHA,0,1,2,6,0
2293083,Undav,Deniz Undav,Forward,BHA,0,0,0,0,0
2293083,Mitoma,Kaoru Mitoma,Midfielder,BHA,0,0,3,9,2
2293083,Colwill,Levi Colwill,Defender,BHA,2,1,0,3,0
2293083,Enciso,Julio Enciso,Midfielder,BHA,0,0,0,2,1
2293083,Moises Caicedo,Moises Caicedo,Midfielder,BHA,0,2,2,10,0
2293083,Buonanotte,Facundo Buonanotte,Midfielder,BHA,0,0,1,1,0
2293083,De Gea,David De Gea,Goalkeeper,MUN,0,0,0,9,0
2293083,Casemiro,Carlos Henrique Jose Francisco Venancio,Midfielder,MUN,0,0,0,14,4
2293083,Sabitzer,Marcel Sabitzer,Midfielder,MUN,0,0,0,0,0
2293083,Fred,Frederico Rodrigues de Paula Santos,Midfielder,MUN,1,0,1,6,2
2293083,Shaw,Luke Shaw,Defender,MUN,4,3,1,10,1
2293083,Weghorst,Wout Weghorst,Forward,MUN,1,0,0,0,0
2293083,Bruno Fernandes,Bruno Miguel Borges Fernandes,Midfielder,MUN,0,0,0,2,1
2293083,Martial,Anthony Martial,Forward,MUN,1,0,0,3,0
2293083,Rashford,Marcus Rashford,Midfielder,MUN,0,0,0,1,0
2293083,Lindelof,Victor Nilsson-Lindelof,Defender,MUN,4,0,1,3,2
2293083,Sancho,Jadon Sancho,Midfielder,MUN,0,0,0,1,0
2293083,Wan-Bissaka,Aaron Wan-Bissaka,Defender,MUN,1,2,1,6,2
2293083,Dalot,José Diogo Dalot Teixeira,Defender,MUN,1,0,2,8,1
2293083,Antony,Antony Matheus dos Santos,Midfielder,MUN,0,0,0,5,0
2293084,Koulibaly,Kalidou Koulibaly,Defender,CHE,1,1,0,6,1
2293084,Kovacic,Mateo Kovacic,Midfielder,CHE,0,0,1,8,1
2293084,Kepa,Kepa Arrizabalaga Revuelta,Goalkeeper,CHE,0,0,0,10,0
2293084,Loftus-Cheek,Ruben Loftus-Cheek,Midfielder,CHE,0,0,0,0,1
2293084,Chilwell,Benjamin Chilwell,Defender,CHE,1,0,2,3,1
2293084,Pulisic,Christian Pulisic,Midfielder,CHE,0,1,1,2,0
2293084,Chalobah (Trevoh),Trevoh Chalobah,Defender,CHE,0,0,0,0,0
2293084,Havertz,Kai Havertz,Midfielder,CHE,0,0,1,3,0
2293084,James (Reece),Reece James,Defender,CHE,1,1,0,2,1
2293084,Gallagher,Conor Gallagher,Midfielder,CHE,0,0,0,0,0
2293084,Badiashile,Benoît Badiashile,Defender,CHE,2,1,2,8,0
2293084,João Félix,João Félix Sequeira,Forward,CHE,0,0,0,0,1
2293084,Fofana (Wesley),Wesley Fofana,Defender,CHE,3,0,1,4,2
2293084,Fernández (Enzo),Enzo Fernández,Midfielder,CHE,1,0,0,4,3
2293084,Chukwuemeka,Carney Chukwuemeka,Midfielder,CHE,0,0,0,0,0
2293084,Tarkowski,James Tarkowski,Defender,EVE,7,7,1,4,1
2293084,Coleman,Seamus Coleman,Defender,EVE,3,1,1,3,1
2293084,Gueye,Idrissa Gueye,Midfielder,EVE,0,0,1,4,3
2293084,Keane,Michael Keane,Defender,EVE,11,0,1,9,0
2293084,Pickford,Jordan Pickford,Goalkeeper,EVE,0,0,0,8,0
2293084,Doucouré,Abdoulaye Doucouré,Midfielder,EVE,1,1,0,2,1
2293084,Iwobi,Alex Iwobi,Midfielder,EVE,0,0,0,8,0
2293084,Gray (Demarai),Demarai Gray,Midfielder,EVE,0,0,0,2,1
2293084,Godfrey,Ben Godfrey,Defender,EVE,7,1,1,3,1
2293084,Simms,Ellis Simms,Forward,EVE,0,0,0,1,0
2293084,Mykolenko,Vitaliy Mykolenko,Defender,EVE,1,0,0,1,0
2293084,McNeil,Dwight McNeil,Midfielder,EVE,0,0,0,5,4
2293084,Mvom Onana,Amadou Mvom Onana,Midfielder,EVE,1,0,1,6,1
2293085,Willian,Willian Borges Da Silva,Midfielder,FUL,1,0,0,3,0
2293085,Cedric,Cedric Ricardo Alves Soares,Defender,FUL,2,1,1,7,2
2293085,Cairney,Tom Cairney,Midfielder,FUL,0,0,0,3,0
2293085,Leno,Bernd Leno,Goalkeeper,FUL,1,0,0,7,0
2293085,Kebano,Neeskens Kebano,Midfielder,FUL,0,0,0,0,0
2293085,DeCordova-Reid,Bobby DeCordova-Reid,Midfielder,FUL,0,0,0,0,0
2293085,Tosin,Oluwatosin Adarabioyo,Defender,FUL,8,0,1,6,0
2293085,Reed,Harrison Reed,Midfielder,FUL,0,1,0,0,0
2293085,Wilson (Harry),Harry Wilson,Midfielder,FUL,0,0,0,1,0
2293085,João Palhinha,João Maria Lobo Alves Palhinha Gonçalves,Midfielder,FUL,2,0,2,5,4
2293085,Robinson (Antonee),Antonee Robinson,Defender,FUL,8,0,1,4,2
2293085,James (Daniel),Daniel James,Midfielder,FUL,0,0,0,0,0
2293085,Lukic,Sasa Lukic,Midfielder,FUL,1,0,3,2,0
2293085,Diop,Issa Diop,Defender,FUL,7,0,3,13,0
2293085,Solomon,Manor Solomon,Midfielder,FUL,0,0,0,2,0
2293085,Carlos Vinicius,Carlos Vinicius Alves Morais,Forward,FUL,3,0,0,1,0
2293085,Milner,James Milner,Midfielder,LIV,0,0,0,0,0
2293085,Henderson (Jordan),Jordan Henderson,Midfielder,LIV,2,0,0,8,1
2293085,van Dijk,Virgil van Dijk,Defender,LIV,6,1,0,3,1
2293085,Alisson,Alisson Ramses Becker,Goalkeeper,LIV,0,0,0,5,0
2293085,Fabinho,Fabio Henrique Tavares,Midfielder,LIV,0,0,0,6,2
2293085,Salah,Mohamed Salah,Midfielder,LIV,1,0,0,3,0
2293085,Robertson (Andrew),Andrew Robertson,Defender,LIV,1,0,0,2,0
2293085,Alexander-Arnold,Trent Alexander-Arnold,Defender,LIV,2,1,2,15,1
2293085,Diogo Jota,Diogo José Teixeira da Silva,Midfielder,LIV,0,0,0,2,0
2293085,Konaté,Ibrahima Konaté,Defender,LIV,4,0,1,4,0
2293085,Jones (Curtis),Curtis Jones,Midfielder,LIV,0,1,0,3,2
2293085,Tsimikas,Konstantinos Tsimikas,Defender,LIV,2,0,2,2,0
2293085,Gakpo,Cody Gakpo,Forward,LIV,0,0,0,0,0
2293085,Díaz,Luis Díaz,Midfielder,LIV,0,0,1,2,0
2293085,Elliott (Harvey),Harvey Elliott,Midfielder,LIV,0,0,0,5,1
2293085,Núñez,Darwin Núñez,Forward,LIV,0,0,0,2,0
2293086,Walker,Kyle Walker,Defender,MCI,2,0,1,5,0
2293086,Ortega Moreno,Stefan Ortega Moreno,Goalkeeper,MCI,0,0,0,8,0
2293086,Stones,John Stones,Defender,MCI,1,0,2,9,0
2293086,Mahrez,Riyad Mahrez,Midfielder,MCI,0,0,1,3,1
2293086,Grealish,Jack Grealish,Midfielder,MCI,1,0,0,5,1
2293086,Aké,Nathan Aké,Defender,MCI,2,0,0,1,2
2293086,Phillips (Kalvin),Kalvin Phillips,Midfielder,MCI,0,0,0,0,0
2293086,Bernardo Silva,Bernardo Mota Veiga de Carvalho e Silva,Midfielder,MCI,0,1,0,6,0
2293086,Rúben Dias,Rúben Santos Gato Alves Dias,Defender,MCI,0,0,0,5,2
2293086,Foden,Phil Foden,Midfielder,MCI,1,0,0,0,0
2293086,Akanji,Manuel Akanji,Defender,MCI,0,0,0,0,0
2293086,Rodri,Rodrigo Hernández Cascante,Midfielder,MCI,2,0,1,10,2
2293086,Haaland,Erling Haaland,Forward,MCI,1,0,0,1,0
2293086,Álvarez,Julián Álvarez,Forward,MCI,0,0,0,6,1
2293086,Fabianski,Lukasz Fabianski,Goalkeeper,WHU,0,0,0,6,0
2293086,Ogbonna,Angelo Ogbonna,Defender,WHU,8,1,2,4,0
2293086,Cresswell (Aaron),Aaron Cresswell,Defender,WHU,2,0,0,9,0
2293086,Antonio,Michail Antonio,Forward,WHU,1,0,0,1,0
2293086,Ings,Danny Ings,Forward,WHU,0,0,0,1,0
2293086,Emerson,Emerson Palmieri dos Santos,Defender,WHU,2,0,0,1,1
2293086,Coufal,Vladimir Coufal,Defender,WHU,5,0,3,6,1
2293086,Benrahma,Said Benrahma,Midfielder,WHU,0,0,0,0,0
2293086,Bowen,Jarrod Bowen,Midfielder,WHU,0,0,0,6,1
2293086,Kehrer,Thilo Kehrer,Defender,WHU,3,0,2,4,1
2293086,Fornals,Pablo Fornals,Midfielder,WHU,0,0,1,4,1
2293086,Downes,Flynn Downes,Midfielder,WHU,2,0,1,3,1
2293086,Johnson (Ben),Ben Johnson,Defender,WHU,0,0,0,2,0
2293086,Lucas Paquetá,Lucas Tolentino Coelho de Lima,Midfielder,WHU,1,0,2,4,2
2293087,Ritchie,Matt Ritchie,Midfielder,NEW,0,0,0,0,0
2293087,Trippier,Kieran Trippier,Defender,NEW,1,0,2,6,3
2293087,Burn,Dan Burn,Defender,NEW,2,0,1,4,2
2293087,Pope,Nick Pope,Goalkeeper,NEW,0,0,0,7,0
2293087,Murphy (Jacob),Jacob Murphy,Midfielder,NEW,0,0,0,6,0
2293087,Schär,Fabian Schär,Defender,NEW,1,0,0,5,0
2293087,Saint-Maximin,Allan Saint-Maximin,Midfielder,NEW,0,0,0,2,0
2293087,Longstaff (Sean),Sean Longstaff,Midfielder,NEW,0,0,2,2,0
2293087,Willock,Joseph Willock,Midfielder,NEW,0,0,3,8,2
2293087,Bruno Guimarães,Bruno Guimarães Rodriguez Moura,Midfielder,NEW,0,0,0,11,2
2293087,Anderson (Elliot),Elliot Anderson,Midfielder,NEW,0,0,0,3,2
2293087,Isak,Alexander Isak,Forward,NEW,4,0,0,1,0
2293087,Botman,Sven Botman,Defender,NEW,1,0,0,6,0
2293087,Navas,Keylor Navas,Goalkeeper,NFO,0,0,0,11,0
2293087,Ayew (André),André Ayew,Midfielder,NFO,1,0,0,2,1
2293087,Shelvey (Jonjo),Jonjo Shelvey,Midfielder,NFO,1,0,1,6,0
2293087,Aurier,Serge Aurier,Defender,NFO,5,2,2,5,3
2293087,Freuler,Remo Freuler,Midfielder,NFO,1,0,0,1,0
2293087,Felipe,Felipe Augusto de Almeida Monteiro,Defender,NFO,7,3,1,8,3
2293087,Gustavo Scarpa,Gustavo Henrique Furtado Scarpa,Midfielder,NFO,0,0,0,0,0
2293087,Niakhaté,Moussa Niakhaté,Defender,NFO,2,0,1,1,0
2293087,Yates,Ryan Yates,Midfielder,NFO,1,0,1,1,1
2293087,Williams (Neco),Neco Williams,Defender,NFO,0,0,0,1,0
2293087,Surridge,Sam Surridge,Forward,NFO,0,0,0,0,0
2293087,Gibbs-White,Morgan Gibbs-White,Midfielder,NFO,0,0,0,5,0
2293087,Dennis (Emmanuel),Emmanuel Bonaventure Dennis,Forward,NFO,1,0,0,6,0
2293087,Renan Lodi,Renan Augusto Lodi dos Santos,Defender,NFO,4,0,4,5,1
2293087,Johnson (Brennan),Brennan Johnson,Midfielder,NFO,0,0,0,1,0
2293088,Walcott,Theo Walcott,Midfielder,SOU,0,0,0,4,0
2293088,Armstrong (Stuart),Stuart Armstrong,Midfielder,SOU,0,0,0,2,0
2293088,Elyounoussi,Mohammed Elyounoussi,Midfielder,SOU,0,0,1,4,3
2293088,Ward-Prowse,James Ward-Prowse,Midfielder,SOU,0,1,2,4,1
2293088,Maitland-Niles,Ainsley Maitland-Niles,Midfielder,SOU,5,1,1,2,1
2293088,Walker-Peters,Kyle Walker-Peters,Defender,SOU,0,0,1,3,0
2293088,Bednarek,Jan Bednarek,Defender,SOU,1,0,1,1,0
2293088,Adams (Che),Che Adams,Forward,SOU,0,0,0,1,1
2293088,Perraud,Romain Perraud,Defender,SOU,4,0,0,7,0
2293088,Salisu,Mohammed Salisu,Defender,SOU,6,3,1,6,1
2293088,Bazunu,Gavin Bazunu,Goalkeeper,SOU,0,0,0,4,0
2293088,Mara,Sékou Mara,Forward,SOU,0,0,0,2,1
2293088,Bella Kotchap,Armel Bella Kotchap,Defender,SOU,0,0,0,2,0
2293088,Alcaraz,Carlos Alcaraz,Midfielder,SOU,2,0,0,3,0
2293088,Sulemana,Kamaldeen Sulemana,Midfielder,SOU,0,0,0,1,1
2293088,Lavia,Romeo Lavia,Midfielder,SOU,0,0,1,7,1
2293088,Forster,Fraser Forster,Goalkeeper,TOT,0,0,0,8,0
2293088,Perisic,Ivan Perisic,Defender,TOT,0,1,0,4,0
2293088,Kane,Harry Kane,Forward,TOT,0,0,0,0,0
2293088,Son,Heung-Min Son,Midfielder,TOT,0,0,1,3,1
2293088,Dier,Eric Dier,Defender,TOT,4,0,1,7,0
2293088,Davies (Ben),Ben Davies,Defender,TOT,1,0,0,1,0
2293088,Højbjerg,Pierre-Emile Højbjerg,Midfielder,TOT,1,0,2,6,2
2293088,Lenglet,Clément Lenglet,Defender,TOT,3,1,1,7,6
2293088,Skipp,Oliver Skipp,Midfielder,TOT,1,1,1,6,2
2293088,Richarlison,Richarlison de Andrade,Midfielder,TOT,0,0,0,0,0
2293088,Romero,Cristian Romero,Defender,TOT,3,1,2,3,1
2293088,Emerson Royal,Emerson Aparecido Leite de Souza Junior,Defender,TOT,2,0,0,0,0
2293088,Porro,Pedro Porro,Defender,TOT,3,0,0,1,1
2293088,Kulusevski,Dejan Kulusevski,Midfielder,TOT,1,0,1,6,0
2293088,Sarr (Pape),Pape Sarr,Midfielder,TOT,0,1,0,3,0
2293089,Ayling,Luke Ayling,Defender,LEE,6,0,0,5,2
2293089,Rodrigo,Rodrigo Moreno Machado,Midfielder,LEE,0,0,0,1,0
2293089,Bamford,Patrick Bamford,Forward,LEE,1,0,2,3,1
2293089,Koch,Robin Koch,Defender,LEE,11,0,0,3,0
2293089,Wöber,Maximilian Wöber,Defender,LEE,8,2,1,8,1
2293089,Harrison,Jack Harrison,Midfielder,LEE,1,0,1,5,0
2293089,Struijk,Pascal Struijk,Defender,LEE,0,0,0,2,1
2293089,Kristensen,Rasmus Kristensen,Defender,LEE,2,0,0,1,2
2293089,Roca,Marc Roca,Midfielder,LEE,0,1,0,7,1
2293089,McKennie,Weston McKennie,Midfielder,LEE,1,1,3,2,0
2293089,Aaronson,Brenden Aaronson,Midfielder,LEE,0,1,0,9,2
2293089,Meslier,Illan Meslier,Goalkeeper,LEE,2,0,0,7,0
2293089,Firpo,Junior Firpo,Defender,LEE,1,0,1,6,2
2293089,Summerville,Crysencio Summerville,Midfielder,LEE,0,0,0,4,1
2293089,Gnonto,Degnand Wilfried Gnonto,Forward,LEE,1,0,1,3,1
2293089,Moutinho,João Moutinho,Midfielder,WOL,0,0,1,5,2
2293089,Dawson,Craig Dawson,Defender,WOL,3,1,0,5,1
2293089,Sarabia,Pablo Sarabia,Midfielder,WOL,0,0,1,1,0
2293089,Raúl Jiménez,Raul Alonso Jimenez Rodriguez,Forward,WOL,0,0,0,1,0
2293089,Jonny,Jonathan Castro Otto,Defender,WOL,1,0,1,10,2
2293089,José Sá,José Pedro Malheiro de Sá,Goalkeeper,WOL,0,0,0,6,0
2293089,Lemina (Mario),Mario Lemina,Midfielder,WOL,2,0,2,8,3
2293089,Traoré (Adama),Adama Traoré,Midfielder,WOL,0,0,0,1,0
2293089,Ruben Neves,Rúben Diogo da Silva Neves,Midfielder,WOL,0,0,3,10,2
2293089,Semedo,Nelson Semedo,Defender,WOL,0,0,0,1,0
2293089,Podence,Daniel Podence,Midfielder,WOL,0,0,0,2,1
2293089,Kilman,Max Kilman,Defender,WOL,1,0,1,7,0
2293089,Neto,Pedro Neto,Midfielder,WOL,0,0,0,1,0
2293089,Matheus Cunha,Matheus Santos Carneiro Da Cunha,Forward,WOL,0,0,0,1,0
2293089,Collins,Nathan Collins,Defender,WOL,0,0,0,4,2
2293089,João Gomes,João Victor Gomes da Silva,Midfielder,WOL,0,1,0,7,2
2293089,Matheus Nunes,Matheus Luiz Nunes,Midfielder,WOL,0,0,0,0,0
2293090,Smith (Adam),Adam Smith,Defender,BOU,1,0,0,3,0
2293090,Neto,Norberto Murara Neto,Goalkeeper,BOU,0,0,0,11,0
2293090,Stephens,Jack Stephens,Defender,BOU,1,1,1,4,0
2293090,Lerma,Jefferson Lerma,Midfielder,BOU,2,0,2,7,1
2293090,Solanke,Dominic Solanke,Forward,BOU,0,0,0,2,0
2293090,Rothwell,Joe Rothwell,Midfielder,BOU,1,0,1,2,1
2293090,Christie,Ryan Christie,Midfielder,BOU,0,0,0,2,1
2293090,Billing,Philip Billing,Midfielder,BOU,1,0,0,3,5
2293090,Tavernier,Marcus Tavernier,Midfielder,BOU,0,0,0,7,0
2293090,Senesi,Marcos Senesi,Defender,BOU,1,1,2,6,1
2293090,Kelly (Lloyd),Lloyd Kelly,Defender,BOU,3,0,0,4,2
2293090,Traore (Hamed),Hamed Traore,Midfielder,BOU,0,0,0,1,0
2293090,Semenyo,Antoine Semenyo,Forward,BOU,0,0,0,0,0
2293090,Anthony,Jaidon Anthony,Midfielder,BOU,1,0,1,4,2
2293090,Dango Ouattara,Dango Ouattara,Midfielder,BOU,0,0,1,4,0
2293090,Cedric,Cedric Ricardo Alves Soares,Defender,FUL,0,0,0,0,0
2293090,Cairney,Tom Cairney,Midfielder,FUL,0,0,0,1,0
2293090,Leno,Bernd Leno,Goalkeeper,FUL,0,0,0,3,0
2293090,Ream,Tim Ream,Defender,FUL,4,1,0,7,0
2293090,DeCordova-Reid,Bobby DeCordova-Reid,Midfielder,FUL,0,0,1,7,2
2293090,Reed,Harrison Reed,Midfielder,FUL,0,1,1,3,1
2293090,Wilson (Harry),Harry Wilson,Midfielder,FUL,0,0,0,0,0
2293090,João Palhinha,João Maria Lobo Alves Palhinha Gonçalves,Midfielder,FUL,2,0,2,4,0
2293090,Pereira,Andreas Pereira,Midfielder,FUL,0,0,0,4,0
2293090,Tete,Kenny Tete,Defender,FUL,0,0,0,7,2
2293090,Robinson (Antonee),Antonee Robinson,Defender,FUL,3,1,0,5,1
2293090,James (Daniel),Daniel James,Midfielder,FUL,0,0,0,1,1
2293090,Lukic,Sasa Lukic,Midfielder,FUL,0,0,0,1,1
2293090,Diop,Issa Diop,Defender,FUL,5,0,0,7,1
2293090,Solomon,Manor Solomon,Midfielder,FUL,1,0,0,4,2
2293090,Carlos Vinicius,Carlos Vinicius Alves Morais,Forward,FUL,0,0,0,0,0
2293091,Xhaka,Granit Xhaka,Midfielder,ARS,0,0,2,4,1
2293091,Jorginho,Jorge Luiz Frello Filho,Midfielder,ARS,0,0,0,2,1
2293091,Trossard,Leandro Trossard,Midfielder,ARS,0,0,2,1,0
2293091,Holding,Rob Holding,Defender,ARS,4,1,0,8,1
2293091,Partey,Thomas Partey,Midfielder,ARS,1,0,1,5,0
2293091,Odegaard,Martin Odegaard,Midfielder,ARS,0,0,0,6,3
2293091,Tierney,Kieran Tierney,Defender,ARS,0,0,0,0,0
2293091,White (Ben),Ben White,Defender,ARS,4,0,0,3,2
2293091,Jesus,Gabriel Fernando de Jesus,Forward,ARS,0,0,0,4,1
2293091,Zinchenko,Oleksandr Zinchenko,Defender,ARS,1,0,1,7,0
2293091,Smith-Rowe,Emile Smith-Rowe,Midfielder,ARS,0,0,0,0,0
2293091,Saka,Bukayo Saka,Midfielder,ARS,0,0,0,2,0
2293091,Ramsdale,Aaron Ramsdale,Goalkeeper,ARS,0,0,0,3,0
2293091,Gabriel Magalhães,Gabriel dos Santos Magalhães,Defender,ARS,6,0,1,5,0
2293091,Fábio Vieira,Fábio Daniel Vieira,Midfielder,ARS,0,0,0,0,0
2293091,Martinelli,Gabriel Teodoro Martinelli Silva,Midfielder,ARS,1,0,1,6,0
2293091,Cooper,Liam Cooper,Defender,LEE,0,0,1,1,1
2293091,Ayling,Luke Ayling,Defender,LEE,1,1,0,6,0
2293091,Rodrigo,Rodrigo Moreno Machado,Midfielder,LEE,0,0,0,2,0
2293091,Bamford,Patrick Bamford,Forward,LEE,0,0,0,1,1
2293091,Koch,Robin Koch,Defender,LEE,3,2,3,2,1
2293091,Harrison,Jack Harrison,Midfielder,LEE,1,0,1,2,0
2293091,Struijk,Pascal Struijk,Defender,LEE,3,2,1,3,0
2293091,Kristensen,Rasmus Kristensen,Defender,LEE,1,1,3,4,1
2293091,Sinisterra,Luis Sinisterra,Midfielder,LEE,0,0,0,9,4
2293091,Roca,Marc Roca,Midfielder,LEE,2,0,0,5,4
2293091,McKennie,Weston McKennie,Midfielder,LEE,0,0,0,0,0
2293091,Aaronson,Brenden Aaronson,Midfielder,LEE,0,0,2,4,0
2293091,Meslier,Illan Meslier,Goalkeeper,LEE,1,0,0,7,0
2293091,Firpo,Junior Firpo,Defender,LEE,1,0,2,4,0
2293091,Summerville,Crysencio Summerville,Midfielder,LEE,0,0,0,0,0
2293091,Rutter,Georginio Rutter,Forward,LEE,0,0,0,1,0
2293092,Mee,Ben Mee,Defender,BRE,1,2,1,5,0
2293092,Jansson,Pontus Jansson,Defender,BRE,8,1,1,2,1
2293092,Norgaard,Christian Norgaard,Midfielder,BRE,2,0,2,3,1
2293092,Toney,Ivan Toney,Forward,BRE,3,0,3,3,0
2293092,Raya Martin,David Raya Martin,Goalkeeper,BRE,2,0,0,17,0
2293092,Dasilva,Pelenda Joshua Dasilva,Midfielder,BRE,0,0,0,0,0
2293092,Henry,Rico Henry,Defender,BRE,4,0,0,2,0
2293092,Ghoddos,Saman Ghoddos,Midfielder,BRE,0,0,0,0,1
2293092,Jensen,Mathias Jensen,Midfielder,BRE,1,2,0,4,2
2293092,Wissa,Yoane Wissa,Forward,BRE,2,0,0,1,0
2293092,Pinnock,Ethan Pinnock,Defender,BRE,11,4,1,0,1
2293092,Damsgaard,Mikkel Damsgaard,Midfielder,BRE,0,0,0,0,1
2293092,Mbeumo,Bryan Mbeumo,Midfielder,BRE,1,0,0,5,0
2293092,Hickey,Aaron Hickey,Defender,BRE,2,0,1,4,0
2293092,Steele,Jason Steele,Goalkeeper,BHA,0,0,0,8,0
2293092,Welbeck,Danny Welbeck,Forward,BHA,0,0,0,1,0
2293092,Groß,Pascal Groß,Midfielder,BHA,0,0,0,5,2
2293092,Dunk,Lewis Dunk,Defender,BHA,1,0,0,5,0
2293092,March,Solomon March,Midfielder,BHA,1,0,0,2,0
2293092,Veltman,Joël Veltman,Defender,BHA,1,0,0,4,3
2293092,Estupiñán,Pervis Estupiñán,Defender,BHA,0,0,2,8,0
2293092,Mac Allister,Alexis Mac Allister,Midfielder,BHA,0,1,0,4,0
2293092,Undav,Deniz Undav,Forward,BHA,0,0,0,0,0
2293092,Mitoma,Kaoru Mitoma,Midfielder,BHA,0,0,0,0,1
2293092,Colwill,Levi Colwill,Defender,BHA,2,0,0,2,0
2293092,Enciso,Julio Enciso,Midfielder,BHA,0,0,0,2,0
2293092,Moises Caicedo,Moises Caicedo,Midfielder,BHA,0,0,0,7,0
2293092,Buonanotte,Facundo Buonanotte,Midfielder,BHA,0,0,0,0,0
2293093,Young (Ashley),Ashley Young,Defender,AVL,6,1,0,3,0
2293093,Martinez,Emiliano Martinez,Goalkeeper,AVL,0,0,0,6,0
2293093,Chambers (Calum),Calum Chambers,Defender,AVL,2,0,1,1,3
2293093,Digne,Lucas Digne,Defender,AVL,1,0,0,1,0
2293093,Álex Moreno,Alexandre Moreno Lopera,Defender,AVL,7,0,1,9,2
2293093,McGinn,John McGinn,Midfielder,AVL,0,0,0,4,0
2293093,Mings,Tyrone Mings,Defender,AVL,5,3,1,7,0
2293093,Dendoncker (Leander),Leander Dendoncker,Midfielder,AVL,0,0,0,0,0
2293093,Watkins,Ollie Watkins,Forward,AVL,3,0,0,3,0
2293093,Buendía,Emiliano Buendía,Midfielder,AVL,1,0,1,3,1
2293093,Konsa Ngoyo,Ezri Konsa Ngoyo,Defender,AVL,3,0,0,4,2
2293093,Bailey,Leon Bailey,Midfielder,AVL,0,0,0,0,0
2293093,Kamara,Boubacar Kamara,Midfielder,AVL,2,0,0,2,1
2293093,Douglas Luiz,Douglas Luiz Soares de Paulo,Midfielder,AVL,0,0,2,5,1
2293093,Ramsey (Jacob),Jacob Ramsey,Midfielder,AVL,2,1,2,8,4
2293093,Koulibaly,Kalidou Koulibaly,Defender,CHE,2,0,3,9,3
2293093,Kovacic,Mateo Kovacic,Midfielder,CHE,0,0,0,5,0
2293093,Kepa,Kepa Arrizabalaga Revuelta,Goalkeeper,CHE,0,0,0,6,0
2293093,Kanté,N'Golo Kanté,Midfielder,CHE,0,0,0,4,0
2293093,Loftus-Cheek,Ruben Loftus-Cheek,Midfielder,CHE,0,0,0,4,0
2293093,Chilwell,Benjamin Chilwell,Defender,CHE,0,0,1,6,0
2293093,Pulisic,Christian Pulisic,Midfielder,CHE,0,0,0,1,0
2293093,Cucurella,Marc Cucurella,Defender,CHE,1,0,2,5,1
2293093,Havertz,Kai Havertz,Midfielder,CHE,0,0,0,4,0
2293093,James (Reece),Reece James,Defender,CHE,0,0,1,8,4
2293093,Gallagher,Conor Gallagher,Midfielder,CHE,0,0,0,0,0
2293093,Madueke,Noni Madueke,Midfielder,CHE,1,0,1,1,1
2293093,João Félix,João Félix Sequeira,Forward,CHE,0,0,0,2,1
2293093,Fernández (Enzo),Enzo Fernández,Midfielder,CHE,0,0,1,4,2
2293093,Mudryk,Mykhailo Mudryk,Midfielder,CHE,0,0,0,3,1
2293094,Guaita,Vicente Guaita,Goalkeeper,CRY,0,0,0,9,0
2293094,Ward (Joel),Joel Ward,Defender,CRY,1,0,2,6,1
2293094,Ayew (Jordan),Jordan Ayew,Midfielder,CRY,1,0,0,4,0
2293094,Zaha,Wilfried Zaha,Midfielder,CRY,0,0,0,0,1
2293094,Schlupp,Jeffrey Schlupp,Midfielder,CRY,0,0,0,2,0
2293094,Hughes (Will),Will Hughes,Midfielder,CRY,0,0,0,1,0
2293094,Andersen,Joachim Andersen,Defender,CRY,4,0,0,8,0
2293094,Edouard,Odsonne Edouard,Forward,CRY,0,0,0,1,1
2293094,Marc Guehi,Addji Keaninkin Marc-Israel Guehi,Defender,CRY,3,1,1,6,0
2293094,Mateta,Jean-Philippe Mateta,Forward,CRY,1,0,0,0,0
2293094,Eze,Eberechi Eze,Midfielder,CRY,0,0,1,8,2
2293094,Mitchell,Tyrick Mitchell,Defender,CRY,3,0,1,5,2
2293094,Doucoure,Cheick Oumar Doucoure,Midfielder,CRY,0,0,2,8,0
2293094,Olise,Michael Olise,Midfielder,CRY,0,0,2,8,1
2293094,Ricardo Pereira,Ricardo Domingos Barbosa Pereira,Defender,LEI,4,1,0,3,1
2293094,Castagne,Timothy Castagne,Defender,LEI,2,1,1,9,3
2293094,Maddison,James Maddison,Midfielder,LEI,0,0,0,3,1
2293094,Iheanacho,Kelechi Iheanacho,Forward,LEI,0,0,0,0,0
2293094,Souttar,Harry Souttar,Defender,LEI,6,0,2,0,0
2293094,Barnes,Harvey Barnes,Midfielder,LEI,0,0,1,3,0
2293094,Ndidi,Onyinye Wilfred Ndidi,Midfielder,LEI,7,2,6,4,1
2293094,Iversen,Daniel Iversen,Goalkeeper,LEI,1,0,0,9,0
2293094,Dewsbury-Hall,Kiernan Dewsbury-Hall,Midfielder,LEI,2,5,0,3,2
2293094,Faes,Wout Faes,Defender,LEI,5,5,1,5,1
2293094,Tetê,Mateus Cardoso Lemos Martins,Midfielder,LEI,1,0,1,6,0
2293094,Thomas,Luke Thomas,Defender,LEI,2,0,1,2,2
2293094,Daka,Patson Daka,Forward,LEI,0,0,0,1,0
2293094,Kristiansen,Victor Kristiansen,Defender,LEI,1,0,1,6,1
2293095,Tarkowski,James Tarkowski,Defender,EVE,1,1,3,8,0
2293095,Coleman,Seamus Coleman,Defender,EVE,0,0,0,6,1
2293095,Gueye,Idrissa Gueye,Midfielder,EVE,0,0,1,8,3
2293095,Keane,Michael Keane,Defender,EVE,4,1,0,7,0
2293095,Pickford,Jordan Pickford,Goalkeeper,EVE,0,0,1,4,0
2293095,Doucouré,Abdoulaye Doucouré,Midfielder,EVE,0,0,0,4,1
2293095,Iwobi,Alex Iwobi,Midfielder,EVE,0,0,0,11,1
2293095,Gray (Demarai),Demarai Gray,Midfielder,EVE,0,0,0,2,1
2293095,Davies (Tom),Tom Davies,Midfielder,EVE,0,0,0,0,1
2293095,Godfrey,Ben Godfrey,Defender,EVE,4,0,1,10,1
2293095,Simms,Ellis Simms,Forward,EVE,1,0,0,0,0
2293095,Mykolenko,Vitaliy Mykolenko,Defender,EVE,3,0,1,2,3
2293095,Garner,James Garner,Midfielder,EVE,0,0,0,1,0
2293095,McNeil,Dwight McNeil,Midfielder,EVE,3,0,0,4,2
2293095,Mvom Onana,Amadou Mvom Onana,Midfielder,EVE,1,0,1,11,1
2293095,Lloris,Hugo Lloris,Goalkeeper,TOT,2,0,0,14,0
2293095,Perisic,Ivan Perisic,Defender,TOT,4,0,1,3,2
2293095,Kane,Harry Kane,Forward,TOT,0,0,1,5,0
2293095,Son,Heung-Min Son,Midfielder,TOT,0,0,0,4,0
2293095,Dier,Eric Dier,Defender,TOT,4,2,0,2,1
2293095,Lucas Moura,Lucas Rodrigues Moura da Silva,Midfielder,TOT,0,0,0,0,0
2293095,Højbjerg,Pierre-Emile Højbjerg,Midfielder,TOT,1,0,3,9,0
2293095,Lenglet,Clément Lenglet,Defender,TOT,1,0,0,10,3
2293095,Sánchez,Davinson Sánchez,Defender,TOT,1,0,0,0,0
2293095,Skipp,Oliver Skipp,Midfielder,TOT,1,0,0,6,0
2293095,Romero,Cristian Romero,Defender,TOT,5,1,0,6,1
2293095,Porro,Pedro Porro,Defender,TOT,1,1,0,11,0
2293095,Kulusevski,Dejan Kulusevski,Midfielder,TOT,1,0,0,8,1
2293096,Milner,James Milner,Midfielder,LIV,0,0,0,0,0
2293096,Henderson (Jordan),Jordan Henderson,Midfielder,LIV,0,0,2,5,1
2293096,Oxlade-Chamberlain,Alex Oxlade-Chamberlain,Midfielder,LIV,0,1,0,1,0
2293096,Firmino,Roberto Firmino Barbosa de Oliveira,Forward,LIV,0,0,0,0,0
2293096,van Dijk,Virgil van Dijk,Defender,LIV,7,0,1,3,3
2293096,Alisson,Alisson Ramses Becker,Goalkeeper,LIV,0,0,0,6,0
2293096,Fabinho,Fabio Henrique Tavares,Midfielder,LIV,0,2,1,6,1
2293096,Salah,Mohamed Salah,Midfielder,LIV,0,0,0,0,0
2293096,Robertson (Andrew),Andrew Robertson,Defender,LIV,1,1,0,4,2
2293096,Alexander-Arnold,Trent Alexander-Arnold,Defender,LIV,2,1,2,4,1
2293096,Diogo Jota,Diogo José Teixeira da Silva,Midfielder,LIV,1,0,1,6,0
2293096,Konaté,Ibrahima Konaté,Defender,LIV,4,0,1,3,0
2293096,Tsimikas,Konstantinos Tsimikas,Defender,LIV,0,0,0,2,0
2293096,Gakpo,Cody Gakpo,Forward,LIV,0,0,0,1,0
2293096,Elliott (Harvey),Harvey Elliott,Midfielder,LIV,0,0,1,5,0
2293096,Núñez,Darwin Núñez,Forward,LIV,0,0,0,0,0
2293096,Gundogan,Ilkay Gundogan,Midfielder,MCI,0,0,0,3,0
2293096,De Bruyne,Kevin De Bruyne,Midfielder,MCI,1,0,1,3,0
2293096,Stones,John Stones,Defender,MCI,2,0,0,2,0
2293096,Mahrez,Riyad Mahrez,Midfielder,MCI,0,0,0,5,0
2293096,Grealish,Jack Grealish,Midfielder,MCI,0,0,0,3,0
2293096,Ederson,Ederson Santana de Moraes,Goalkeeper,MCI,0,0,0,4,0
2293096,Aké,Nathan Aké,Defender,MCI,3,2,1,5,0
2293096,Bernardo Silva,Bernardo Mota Veiga de Carvalho e Silva,Midfielder,MCI,0,0,1,0,0
2293096,Rúben Dias,Rúben Santos Gato Alves Dias,Defender,MCI,3,0,1,2,0
2293096,Akanji,Manuel Akanji,Defender,MCI,0,1,0,4,0
2293096,Rodri,Rodrigo Hernández Cascante,Midfielder,MCI,0,0,0,12,0
2293096,Palmer,Cole Palmer,Midfielder,MCI,0,0,0,1,0
2293096,Álvarez,Julián Álvarez,Forward,MCI,1,0,0,0,0
2293097,De Gea,David De Gea,Goalkeeper,MUN,1,0,0,3,0
2293097,Varane,Raphael Varane,Defender,MUN,3,2,0,5,0
2293097,Sabitzer,Marcel Sabitzer,Midfielder,MUN,2,0,1,5,1
2293097,Fred,Frederico Rodrigues de Paula Santos,Midfielder,MUN,1,0,0,2,1
2293097,Shaw,Luke Shaw,Defender,MUN,2,0,0,6,3
2293097,Weghorst,Wout Weghorst,Forward,MUN,0,0,0,0,0
2293097,Bruno Fernandes,Bruno Miguel Borges Fernandes,Midfielder,MUN,1,1,2,3,0
2293097,Martial,Anthony Martial,Forward,MUN,0,0,0,1,0
2293097,Rashford,Marcus Rashford,Midfielder,MUN,0,0,0,4,0
2293097,Lindelof,Victor Nilsson-Lindelof,Defender,MUN,1,1,1,1,0
2293097,McTominay,Scott McTominay,Midfielder,MUN,2,0,1,8,1
2293097,Sancho,Jadon Sancho,Midfielder,MUN,0,0,0,2,1
2293097,Dalot,José Diogo Dalot Teixeira,Defender,MUN,5,0,1,6,1
2293097,Martínez,Lisandro Martínez,Defender,MUN,3,2,2,9,3
2293097,Antony,Antony Matheus dos Santos,Midfielder,MUN,0,0,1,7,1
2293097,Pellistri,Facundo Pellistri,Midfielder,MUN,1,0,0,0,0
2293097,Wilson (Callum),Callum Wilson,Forward,NEW,0,0,0,2,0
2293097,Trippier,Kieran Trippier,Defender,NEW,5,0,2,9,0
2293097,Burn,Dan Burn,Defender,NEW,0,0,0,6,5
2293097,Pope,Nick Pope,Goalkeeper,NEW,0,0,0,6,0
2293097,Murphy (Jacob),Jacob Murphy,Midfielder,NEW,0,0,1,1,0
2293097,Schär,Fabian Schär,Defender,NEW,2,1,1,3,2
2293097,Saint-Maximin,Allan Saint-Maximin,Midfielder,NEW,0,0,0,2,0
2293097,Longstaff (Sean),Sean Longstaff,Midfielder,NEW,0,0,0,8,2
2293097,Joelinton,Joelinton Cássio Apolinário de Lira,Midfielder,NEW,0,0,1,0,0
2293097,Willock,Joseph Willock,Midfielder,NEW,0,0,1,6,2
2293097,Bruno Guimarães,Bruno Guimarães Rodriguez Moura,Midfielder,NEW,0,0,1,9,1
2293097,Anderson (Elliot),Elliot Anderson,Midfielder,NEW,0,0,1,1,0
2293097,Isak,Alexander Isak,Forward,NEW,0,0,0,3,1
2293097,Botman,Sven Botman,Defender,NEW,1,1,3,6,0
2293097,Gordon (Anthony),Anthony Gordon,Midfielder,NEW,0,0,0,3,2
2293098,Navas,Keylor Navas,Goalkeeper,NFO,0,0,0,9,0
2293098,Kouyaté,Cheikhou Kouyaté,Midfielder,NFO,0,0,0,0,0
2293098,Freuler,Remo Freuler,Midfielder,NFO,1,0,1,9,0
2293098,Toffolo,Harry Toffolo,Defender,NFO,0,1,1,1,0
2293098,Felipe,Felipe Augusto de Almeida Monteiro,Defender,NFO,5,0,1,8,1
2293098,Mangala,Orel Mangala,Midfielder,NFO,1,1,0,3,1
2293098,Niakhaté,Moussa Niakhaté,Defender,NFO,3,0,1,4,0
2293098,Worrall,Joe Worrall,Defender,NFO,0,1,0,0,0
2293098,Awoniyi,Taiwo Awoniyi,Forward,NFO,0,0,0,0,0
2293098,Williams (Neco),Neco Williams,Defender,NFO,1,1,0,7,1
2293098,Gibbs-White,Morgan Gibbs-White,Midfielder,NFO,0,0,0,5,2
2293098,Dennis (Emmanuel),Emmanuel Bonaventure Dennis,Forward,NFO,0,0,2,2,1
2293098,Renan Lodi,Renan Augusto Lodi dos Santos,Defender,NFO,2,0,0,3,1
2293098,Johnson (Brennan),Brennan Johnson,Midfielder,NFO,0,0,0,2,0
2293098,Danilo,Danilo dos Santos de Oliveira,Midfielder,NFO,0,0,0,3,1
2293098,Costa,Diego Da Silva Costa,Forward,WOL,1,0,0,0,0
2293098,Moutinho,João Moutinho,Midfielder,WOL,2,0,0,3,1
2293098,Dawson,Craig Dawson,Defender,WOL,2,0,1,1,0
2293098,Sarabia,Pablo Sarabia,Midfielder,WOL,0,0,0,1,1
2293098,José Sá,José Pedro Malheiro de Sá,Goalkeeper,WOL,0,0,0,9,0
2293098,Lemina (Mario),Mario Lemina,Midfielder,WOL,1,0,0,3,2
2293098,Traoré (Adama),Adama Traoré,Midfielder,WOL,1,0,0,2,0
2293098,Ruben Neves,Rúben Diogo da Silva Neves,Midfielder,WOL,3,1,1,4,0
2293098,Semedo,Nelson Semedo,Defender,WOL,0,2,1,4,1
2293098,Podence,Daniel Podence,Midfielder,WOL,0,0,0,1,0
2293098,Kilman,Max Kilman,Defender,WOL,7,0,0,11,0
2293098,Neto,Pedro Neto,Midfielder,WOL,1,0,0,1,0
2293098,Matheus Cunha,Matheus Santos Carneiro Da Cunha,Forward,WOL,1,0,1,2,0
2293098,Matheus Nunes,Matheus Luiz Nunes,Midfielder,WOL,0,0,0,3,0
2293098,Bueno (Hugo),Hugo Bueno,Defender,WOL,1,0,0,4,0
2293098,Toti,Toti António Gomes,Defender,WOL,2,0,2,6,1
2293099,Walcott,Theo Walcott,Midfielder,SOU,1,0,0,2,0
2293099,Armstrong (Stuart),Stuart Armstrong,Midfielder,SOU,0,0,1,6,2
2293099,Elyounoussi,Mohammed Elyounoussi,Midfielder,SOU,2,0,0,2,0
2293099,Ward-Prowse,James Ward-Prowse,Midfielder,SOU,3,0,1,6,0
2293099,Paul Onuachu,Ebere Paul Onuachu,Forward,SOU,0,0,0,1,1
2293099,Maitland-Niles,Ainsley Maitland-Niles,Midfielder,SOU,0,0,1,0,1
2293099,Walker-Peters,Kyle Walker-Peters,Defender,SOU,1,0,1,6,1
2293099,Bednarek,Jan Bednarek,Defender,SOU,1,2,5,7,0
2293099,Caleta-Car,Duje Caleta-Car,Defender,SOU,11,0,1,7,1
2293099,Perraud,Romain Perraud,Defender,SOU,3,0,1,5,4
2293099,Bazunu,Gavin Bazunu,Goalkeeper,SOU,0,0,0,8,0
2293099,Mara,Sékou Mara,Forward,SOU,0,0,0,0,0
2293099,Alcaraz,Carlos Alcaraz,Midfielder,SOU,0,0,0,2,1
2293099,Sulemana,Kamaldeen Sulemana,Midfielder,SOU,0,0,0,3,2
2293099,Lavia,Romeo Lavia,Midfielder,SOU,0,0,3,8,2
2293099,Fabianski,Lukasz Fabianski,Goalkeeper,WHU,1,0,0,9,0
2293099,Cresswell (Aaron),Aaron Cresswell,Defender,WHU,0,0,1,0,0
2293099,Antonio,Michail Antonio,Forward,WHU,0,0,0,0,0
2293099,Ings,Danny Ings,Forward,WHU,0,0,1,1,1
2293099,Zouma,Kurt Zouma,Defender,WHU,1,0,1,7,1
2293099,Emerson,Emerson Palmieri dos Santos,Defender,WHU,0,0,1,3,0
2293099,Benrahma,Said Benrahma,Midfielder,WHU,0,0,3,4,0
2293099,Bowen,Jarrod Bowen,Midfielder,WHU,0,1,1,6,1
2293099,Kehrer,Thilo Kehrer,Defender,WHU,3,0,1,1,1
2293099,Rice,Declan Rice,Midfielder,WHU,1,1,3,10,4
2293099,Aguerd,Nayef Aguerd,Defender,WHU,4,0,0,9,2
2293099,Soucek,Tomas Soucek,Midfielder,WHU,0,0,0,3,1
2293099,Fornals,Pablo Fornals,Midfielder,WHU,0,0,0,0,0
2293099,Downes,Flynn Downes,Midfielder,WHU,0,0,0,1,0
2293099,Lucas Paquetá,Lucas Tolentino Coelho de Lima,Midfielder,WHU,1,0,1,12,8
2293100,Young (Ashley),Ashley Young,Defender,AVL,6,0,0,1,0
2293100,Martinez,Emiliano Martinez,Goalkeeper,AVL,1,0,0,8,0
2293100,Álex Moreno,Alexandre Moreno Lopera,Defender,AVL,2,0,0,4,2
2293100,Traore (Bertrand),Bertrand Traore,Midfielder,AVL,0,0,0,1,0
2293100,McGinn,John McGinn,Midfielder,AVL,0,0,1,5,0
2293100,Mings,Tyrone Mings,Defender,AVL,1,0,2,5,0
2293100,Dendoncker (Leander),Leander Dendoncker,Midfielder,AVL,0,0,0,0,0
2293100,Watkins,Ollie Watkins,Forward,AVL,3,0,0,1,1
2293100,Buendía,Emiliano Buendía,Midfielder,AVL,1,1,0,7,0
2293100,Konsa Ngoyo,Ezri Konsa Ngoyo,Defender,AVL,2,0,0,3,0
2293100,Bailey,Leon Bailey,Midfielder,AVL,0,0,0,0,0
2293100,Douglas Luiz,Douglas Luiz Soares de Paulo,Midfielder,AVL,2,1,0,4,5
2293100,Ramsey (Jacob),Jacob Ramsey,Midfielder,AVL,1,1,1,4,0
2293100,Navas,Keylor Navas,Goalkeeper,NFO,1,0,0,4,0
2293100,Ayew (André),André Ayew,Midfielder,NFO,1,0,0,0,0
2293100,Shelvey (Jonjo),Jonjo Shelvey,Midfielder,NFO,1,0,1,2,0
2293100,Kouyaté,Cheikhou Kouyaté,Midfielder,NFO,0,0,1,2,0
2293100,Freuler,Remo Freuler,Midfielder,NFO,0,0,1,2,2
2293100,Toffolo,Harry Toffolo,Defender,NFO,1,0,1,2,2
2293100,Felipe,Felipe Augusto de Almeida Monteiro,Defender,NFO,5,0,0,3,2
2293100,Mangala,Orel Mangala,Midfielder,NFO,0,0,0,0,0
2293100,Niakhaté,Moussa Niakhaté,Defender,NFO,1,1,1,5,1
2293100,Worrall,Joe Worrall,Defender,NFO,1,0,0,2,1
2293100,Awoniyi,Taiwo Awoniyi,Forward,NFO,0,0,0,0,0
2293100,Williams (Neco),Neco Williams,Defender,NFO,0,0,0,7,3
2293100,Gibbs-White,Morgan Gibbs-White,Midfielder,NFO,0,0,0,2,0
2293100,Johnson (Brennan),Brennan Johnson,Midfielder,NFO,0,0,0,0,0
2293100,Danilo,Danilo dos Santos de Oliveira,Midfielder,NFO,0,0,0,4,0
2293101,Zanka,Mathias Jorgensen,Defender,BRE,2,0,0,4,0
2293101,Mee,Ben Mee,Defender,BRE,1,0,2,7,1
2293101,Jansson,Pontus Jansson,Defender,BRE,0,0,0,0,0
2293101,Norgaard,Christian Norgaard,Midfielder,BRE,2,0,2,3,0
2293101,Toney,Ivan Toney,Forward,BRE,2,1,0,2,1
2293101,Raya Martin,David Raya Martin,Goalkeeper,BRE,0,0,0,7,0
2293101,Dasilva,Pelenda Joshua Dasilva,Midfielder,BRE,2,0,0,3,2
2293101,Henry,Rico Henry,Defender,BRE,1,0,1,8,1
2293101,Janelt,Vitaly Janelt,Midfielder,BRE,0,0,0,1,0
2293101,Jensen,Mathias Jensen,Midfielder,BRE,1,0,0,2,2
2293101,Wissa,Yoane Wissa,Forward,BRE,0,0,0,1,0
2293101,Pinnock,Ethan Pinnock,Defender,BRE,4,1,1,4,3
2293101,Baptiste (Shandon),Shandon Baptiste,Midfielder,BRE,0,0,0,0,0
2293101,Mbeumo,Bryan Mbeumo,Midfielder,BRE,0,0,0,1,0
2293101,Hickey,Aaron Hickey,Defender,BRE,0,0,0,6,2
2293101,Schade,Kevin Schade,Midfielder,BRE,0,0,1,4,2
2293101,Ritchie,Matt Ritchie,Midfielder,NEW,0,0,0,0,0
2293101,Wilson (Callum),Callum Wilson,Forward,NEW,0,0,0,4,0
2293101,Trippier,Kieran Trippier,Defender,NEW,2,0,0,8,1
2293101,Burn,Dan Burn,Defender,NEW,3,0,2,2,1
2293101,Pope,Nick Pope,Goalkeeper,NEW,1,0,0,10,0
2293101,Lascelles,Jamaal Lascelles,Defender,NEW,0,0,0,0,0
2293101,Murphy (Jacob),Jacob Murphy,Midfielder,NEW,0,0,0,4,0
2293101,Schär,Fabian Schär,Defender,NEW,6,1,0,3,0
2293101,Longstaff (Sean),Sean Longstaff,Midfielder,NEW,0,0,0,0,0
2293101,Joelinton,Joelinton Cássio Apolinário de Lira,Midfielder,NEW,4,0,2,8,3
2293101,Willock,Joseph Willock,Midfielder,NEW,0,0,1,4,0
2293101,Bruno Guimarães,Bruno Guimarães Rodriguez Moura,Midfielder,NEW,1,1,0,8,0
2293101,Anderson (Elliot),Elliot Anderson,Midfielder,NEW,0,0,1,0,0
2293101,Isak,Alexander Isak,Forward,NEW,1,0,0,2,0
2293101,Botman,Sven Botman,Defender,NEW,8,0,1,7,2
2293101,Gordon (Anthony),Anthony Gordon,Midfielder,NEW,0,0,0,2,3
2293102,Willian,Willian Borges Da Silva,Midfielder,FUL,0,0,0,5,0
2293102,Cedric,Cedric Ricardo Alves Soares,Defender,FUL,2,0,0,1,2
2293102,Cairney,Tom Cairney,Midfielder,FUL,0,0,1,4,0
2293102,Leno,Bernd Leno,Goalkeeper,FUL,0,0,0,5,0
2293102,Ream,Tim Ream,Defender,FUL,3,0,0,3,0
2293102,DeCordova-Reid,Bobby DeCordova-Reid,Midfielder,FUL,0,0,0,5,0
2293102,Tosin,Oluwatosin Adarabioyo,Defender,FUL,10,0,2,6,0
2293102,Reed,Harrison Reed,Midfielder,FUL,0,0,1,2,0
2293102,Wilson (Harry),Harry Wilson,Midfielder,FUL,0,0,0,1,0
2293102,João Palhinha,João Maria Lobo Alves Palhinha Gonçalves,Midfielder,FUL,1,0,0,2,2
2293102,Pereira,Andreas Pereira,Midfielder,FUL,2,0,0,3,0
2293102,Tete,Kenny Tete,Defender,FUL,2,0,1,1,1
2293102,Robinson (Antonee),Antonee Robinson,Defender,FUL,5,0,0,4,2
2293102,James (Daniel),Daniel James,Midfielder,FUL,0,0,0,0,0
2293102,Solomon,Manor Solomon,Midfielder,FUL,1,0,0,2,2
2293102,Carlos Vinicius,Carlos Vinicius Alves Morais,Forward,FUL,0,0,0,0,0
2293102,Fabianski,Lukasz Fabianski,Goalkeeper,WHU,1,0,0,7,0
2293102,Ogbonna,Angelo Ogbonna,Defender,WHU,12,2,3,3,1
2293102,Cresswell (Aaron),Aaron Cresswell,Defender,WHU,4,1,2,5,1
2293102,Antonio,Michail Antonio,Forward,WHU,1,0,0,2,1
2293102,Ings,Danny Ings,Forward,WHU,3,0,1,4,0
2293102,Zouma,Kurt Zouma,Defender,WHU,13,2,1,3,0
2293102,Cornet,Maxwel Cornet,Midfielder,WHU,0,0,0,0,1
2293102,Coufal,Vladimir Coufal,Defender,WHU,10,0,4,5,0
2293102,Benrahma,Said Benrahma,Midfielder,WHU,1,0,0,1,1
2293102,Bowen,Jarrod Bowen,Midfielder,WHU,1,0,1,4,0
2293102,Rice,Declan Rice,Midfielder,WHU,7,1,3,6,1
2293102,Soucek,Tomas Soucek,Midfielder,WHU,8,1,1,6,0
2293102,Fornals,Pablo Fornals,Midfielder,WHU,0,1,0,8,0
2293102,Downes,Flynn Downes,Midfielder,WHU,0,1,0,3,0
2293103,McArthur,James McArthur,Midfielder,CRY,0,0,0,1,1
2293103,Ward (Joel),Joel Ward,Defender,CRY,3,0,1,4,1
2293103,Clyne,Nathaniel Clyne,Defender,CRY,0,0,0,0,0
2293103,Milivojevic,Luka Milivojevic,Midfielder,CRY,0,0,0,0,1
2293103,Ayew (Jordan),Jordan Ayew,Midfielder,CRY,0,0,0,6,2
2293103,Schlupp,Jeffrey Schlupp,Midfielder,CRY,2,0,0,6,2
2293103,Johnstone,Sam Johnstone,Goalkeeper,CRY,1,0,0,13,0
2293103,Hughes (Will),Will Hughes,Midfielder,CRY,0,0,0,4,1
2293103,Andersen,Joachim Andersen,Defender,CRY,4,0,0,4,1
2293103,Edouard,Odsonne Edouard,Forward,CRY,0,0,0,3,1
2293103,Marc Guehi,Addji Keaninkin Marc-Israel Guehi,Defender,CRY,5,0,2,14,0
2293103,Mateta,Jean-Philippe Mateta,Forward,CRY,0,0,0,0,0
2293103,Eze,Eberechi Eze,Midfielder,CRY,0,0,0,6,0
2293103,Mitchell,Tyrick Mitchell,Defender,CRY,2,0,2,6,4
2293103,Doucoure,Cheick Oumar Doucoure,Midfielder,CRY,0,0,1,3,0
2293103,Olise,Michael Olise,Midfielder,CRY,0,0,2,7,2
2293103,Ayling,Luke Ayling,Defender,LEE,4,0,4,11,3
2293103,Rodrigo,Rodrigo Moreno Machado,Midfielder,LEE,0,0,0,3,2
2293103,Bamford,Patrick Bamford,Forward,LEE,1,0,0,2,0
2293103,Koch,Robin Koch,Defender,LEE,7,1,1,10,2
2293103,Harrison,Jack Harrison,Midfielder,LEE,1,0,1,7,1
2293103,Struijk,Pascal Struijk,Defender,LEE,2,0,0,5,2
2293103,Kristensen,Rasmus Kristensen,Defender,LEE,0,0,0,2,0
2293103,Sinisterra,Luis Sinisterra,Midfielder,LEE,0,1,0,6,0
2293103,Roca,Marc Roca,Midfielder,LEE,2,0,0,6,1
2293103,McKennie,Weston McKennie,Midfielder,LEE,3,1,4,11,2
2293103,Aaronson,Brenden Aaronson,Midfielder,LEE,0,0,0,3,0
2293103,Meslier,Illan Meslier,Goalkeeper,LEE,0,0,0,10,1
2293103,Firpo,Junior Firpo,Defender,LEE,2,0,3,3,3
2293103,Rutter,Georginio Rutter,Forward,LEE,0,0,0,1,1
2293103,Gnonto,Degnand Wilfried Gnonto,Forward,LEE,0,1,0,1,1
2293104,Smith (Adam),Adam Smith,Defender,BOU,1,1,1,8,1
2293104,Neto,Norberto Murara Neto,Goalkeeper,BOU,1,0,0,10,0
2293104,Stephens,Jack Stephens,Defender,BOU,5,0,3,2,0
2293104,Lerma,Jefferson Lerma,Midfielder,BOU,1,0,0,6,1
2293104,Solanke,Dominic Solanke,Forward,BOU,2,0,0,2,0
2293104,Cook (Lewis),Lewis Cook,Midfielder,BOU,0,0,2,3,0
2293104,Rothwell,Joe Rothwell,Midfielder,BOU,0,0,0,6,1
2293104,Christie,Ryan Christie,Midfielder,BOU,0,0,0,8,0
2293104,Billing,Philip Billing,Midfielder,BOU,2,0,1,8,0
2293104,Tavernier,Marcus Tavernier,Midfielder,BOU,0,0,1,1,0
2293104,Mepham,Chris Mepham,Defender,BOU,9,1,2,4,0
2293104,Kelly (Lloyd),Lloyd Kelly,Defender,BOU,1,0,1,2,1
2293104,Semenyo,Antoine Semenyo,Forward,BOU,1,0,0,0,0
2293104,Dango Ouattara,Dango Ouattara,Midfielder,BOU,2,0,0,4,1
2293104,Vardy,Jamie Vardy,Forward,LEI,0,1,0,1,0
2293104,Praet,Dennis Praet,Midfielder,LEI,0,0,0,1,0
2293104,Ricardo Pereira,Ricardo Domingos Barbosa Pereira,Defender,LEI,0,0,1,1,1
2293104,Amartey,Daniel Amartey,Defender,LEI,10,3,0,10,2
2293104,Castagne,Timothy Castagne,Defender,LEI,0,0,1,7,1
2293104,Maddison,James Maddison,Midfielder,LEI,0,0,0,4,0
2293104,Iheanacho,Kelechi Iheanacho,Forward,LEI,1,0,0,2,0
2293104,Barnes,Harvey Barnes,Midfielder,LEI,1,0,0,3,0
2293104,Ndidi,Onyinye Wilfred Ndidi,Midfielder,LEI,2,0,0,5,0
2293104,Iversen,Daniel Iversen,Goalkeeper,LEI,1,0,0,7,0
2293104,Faes,Wout Faes,Defender,LEI,4,3,1,8,2
2293104,Tetê,Mateus Cardoso Lemos Martins,Midfielder,LEI,0,0,0,1,0
2293104,Soumaré,Boubakary Soumaré,Midfielder,LEI,3,0,1,7,1
2293104,Daka,Patson Daka,Forward,LEI,0,0,0,0,0
2293104,Kristiansen,Victor Kristiansen,Defender,LEI,4,1,0,3,1
2293105,Xhaka,Granit Xhaka,Midfielder,ARS,2,0,0,7,2
2293105,Trossard,Leandro Trossard,Midfielder,ARS,0,0,0,0,0
2293105,Holding,Rob Holding,Defender,ARS,9,1,2,5,0
2293105,Partey,Thomas Partey,Midfielder,ARS,3,0,2,9,4
2293105,Odegaard,Martin Odegaard,Midfielder,ARS,0,0,0,3,1
2293105,Tierney,Kieran Tierney,Defender,ARS,0,0,0,1,0
2293105,White (Ben),Ben White,Defender,ARS,4,0,2,6,1
2293105,Jesus,Gabriel Fernando de Jesus,Forward,ARS,0,0,0,4,0
2293105,Zinchenko,Oleksandr Zinchenko,Defender,ARS,2,1,1,8,0
2293105,Saka,Bukayo Saka,Midfielder,ARS,0,0,0,6,2
2293105,Ramsdale,Aaron Ramsdale,Goalkeeper,ARS,1,0,0,5,0
2293105,Gabriel Magalhães,Gabriel dos Santos Magalhães,Defender,ARS,7,3,3,10,0
2293105,Kiwior,Jakub Kiwior,Defender,ARS,0,0,0,0,0
2293105,Martinelli,Gabriel Teodoro Martinelli Silva,Midfielder,ARS,0,0,0,2,1
2293105,Henderson (Jordan),Jordan Henderson,Midfielder,LIV,0,0,2,7,1
2293105,Thiago Alcántara,Thiago Alcántara do Nascimento,Midfielder,LIV,0,0,1,0,1
2293105,Firmino,Roberto Firmino Barbosa de Oliveira,Forward,LIV,0,0,0,5,1
2293105,van Dijk,Virgil van Dijk,Defender,LIV,4,0,2,5,0
2293105,Alisson,Alisson Ramses Becker,Goalkeeper,LIV,0,0,0,12,0
2293105,Fabinho,Fabio Henrique Tavares,Midfielder,LIV,0,1,1,2,1
2293105,Salah,Mohamed Salah,Midfielder,LIV,0,0,0,2,0
2293105,Robertson (Andrew),Andrew Robertson,Defender,LIV,1,0,1,5,1
2293105,Alexander-Arnold,Trent Alexander-Arnold,Defender,LIV,1,0,1,7,2
2293105,Diogo Jota,Diogo José Teixeira da Silva,Midfielder,LIV,4,0,0,3,0
2293105,Konaté,Ibrahima Konaté,Defender,LIV,0,1,3,8,3
2293105,Jones (Curtis),Curtis Jones,Midfielder,LIV,1,0,0,5,1
2293105,Gakpo,Cody Gakpo,Forward,LIV,0,0,0,7,1
2293105,Núñez,Darwin Núñez,Forward,LIV,0,0,0,1,0
2293106,Tarkowski,James Tarkowski,Defender,EVE,2,0,0,4,1
2293106,Coleman,Seamus Coleman,Defender,EVE,2,0,0,7,2
2293106,Gueye,Idrissa Gueye,Midfielder,EVE,1,1,1,7,7
2293106,Keane,Michael Keane,Defender,EVE,4,3,0,6,0
2293106,Pickford,Jordan Pickford,Goalkeeper,EVE,0,0,0,11,0
2293106,Maupay,Neal Maupay,Forward,EVE,0,0,2,0,0
2293106,Iwobi,Alex Iwobi,Midfielder,EVE,1,0,0,2,2
2293106,Gray (Demarai),Demarai Gray,Midfielder,EVE,1,1,1,2,2
2293106,Davies (Tom),Tom Davies,Midfielder,EVE,0,0,0,2,0
2293106,Godfrey,Ben Godfrey,Defender,EVE,0,1,0,2,1
2293106,Simms,Ellis Simms,Forward,EVE,0,0,0,1,0
2293106,Mykolenko,Vitaliy Mykolenko,Defender,EVE,0,1,1,4,1
2293106,Garner,James Garner,Midfielder,EVE,0,0,1,3,1
2293106,Patterson (Nathan),Nathan Patterson,Defender,EVE,1,0,0,1,0
2293106,McNeil,Dwight McNeil,Midfielder,EVE,0,1,0,6,2
2293106,Mvom Onana,Amadou Mvom Onana,Midfielder,EVE,2,0,0,3,1
2293106,De Gea,David De Gea,Goalkeeper,MUN,0,0,0,3,0
2293106,Eriksen,Christian Eriksen,Midfielder,MUN,0,0,0,1,0
2293106,Maguire,Harry Maguire,Defender,MUN,2,1,0,8,0
2293106,Sabitzer,Marcel Sabitzer,Midfielder,MUN,0,1,0,4,0
2293106,Fred,Frederico Rodrigues de Paula Santos,Midfielder,MUN,0,0,0,1,0
2293106,Weghorst,Wout Weghorst,Forward,MUN,0,0,0,0,0
2293106,Bruno Fernandes,Bruno Miguel Borges Fernandes,Midfielder,MUN,2,1,0,7,0
2293106,Martial,Anthony Martial,Forward,MUN,0,0,0,1,0
2293106,Rashford,Marcus Rashford,Midfielder,MUN,2,0,1,8,0
2293106,McTominay,Scott McTominay,Midfielder,MUN,2,0,1,6,1
2293106,Sancho,Jadon Sancho,Midfielder,MUN,1,0,1,7,0
2293106,Wan-Bissaka,Aaron Wan-Bissaka,Defender,MUN,4,1,0,5,1
2293106,Martínez,Lisandro Martínez,Defender,MUN,6,1,1,7,0
2293106,Malacia,Tyrell Malacia,Defender,MUN,3,1,2,8,3
2293106,Antony,Antony Matheus dos Santos,Midfielder,MUN,0,0,1,5,1
2293107,Walker,Kyle Walker,Defender,MCI,0,0,0,2,0
2293107,Gundogan,Ilkay Gundogan,Midfielder,MCI,0,0,2,11,2
2293107,De Bruyne,Kevin De Bruyne,Midfielder,MCI,0,0,1,3,0
2293107,Stones,John Stones,Defender,MCI,1,0,0,1,0
2293107,Mahrez,Riyad Mahrez,Midfielder,MCI,0,0,0,3,0
2293107,Grealish,Jack Grealish,Midfielder,MCI,0,0,1,2,1
2293107,Ederson,Ederson Santana de Moraes,Goalkeeper,MCI,0,0,0,5,1
2293107,Aké,Nathan Aké,Defender,MCI,0,0,1,1,0
2293107,Phillips (Kalvin),Kalvin Phillips,Midfielder,MCI,0,0,0,1,0
2293107,Bernardo Silva,Bernardo Mota Veiga de Carvalho e Silva,Midfielder,MCI,0,0,0,0,0
2293107,Rúben Dias,Rúben Santos Gato Alves Dias,Defender,MCI,3,1,0,7,1
2293107,Akanji,Manuel Akanji,Defender,MCI,0,0,0,4,1
2293107,Rodri,Rodrigo Hernández Cascante,Midfielder,MCI,0,0,1,8,0
2293107,Haaland,Erling Haaland,Forward,MCI,0,0,0,0,0
2293107,Gómez,Sergio Gómez,Defender,MCI,0,0,0,0,0
2293107,Álvarez,Julián Álvarez,Forward,MCI,0,0,0,2,1
2293107,Walcott,Theo Walcott,Midfielder,SOU,1,0,1,2,0
2293107,Armstrong (Stuart),Stuart Armstrong,Midfielder,SOU,0,0,1,1,0
2293107,Elyounoussi,Mohammed Elyounoussi,Midfielder,SOU,0,0,1,0,3
2293107,Ward-Prowse,James Ward-Prowse,Midfielder,SOU,3,1,0,6,2
2293107,Maitland-Niles,Ainsley Maitland-Niles,Midfielder,SOU,3,0,1,4,1
2293107,Walker-Peters,Kyle Walker-Peters,Defender,SOU,1,0,0,9,0
2293107,Bednarek,Jan Bednarek,Defender,SOU,7,2,2,2,1
2293107,Diallo,Ibrahima Diallo,Midfielder,SOU,0,0,0,0,1
2293107,Perraud,Romain Perraud,Defender,SOU,0,0,0,2,0
2293107,Djenepo,Moussa Djenepo,Midfielder,SOU,0,0,0,1,0
2293107,Bazunu,Gavin Bazunu,Goalkeeper,SOU,0,0,0,8,0
2293107,Mara,Sékou Mara,Forward,SOU,0,0,0,1,0
2293107,Bella Kotchap,Armel Bella Kotchap,Defender,SOU,3,0,0,9,0
2293107,Alcaraz,Carlos Alcaraz,Midfielder,SOU,1,0,0,3,0
2293107,Sulemana,Kamaldeen Sulemana,Midfielder,SOU,0,0,1,1,0
2293107,Lavia,Romeo Lavia,Midfielder,SOU,2,0,1,1,1
2293108,Steele,Jason Steele,Goalkeeper,BHA,0,0,0,6,0
2293108,Welbeck,Danny Welbeck,Forward,BHA,2,0,0,2,0
2293108,Groß,Pascal Groß,Midfielder,BHA,1,0,0,5,2
2293108,Dunk,Lewis Dunk,Defender,BHA,2,1,0,4,1
2293108,March,Solomon March,Midfielder,BHA,0,0,0,2,0
2293108,Webster (Adam),Adam Webster,Defender,BHA,1,1,1,2,0
2293108,Veltman,Joël Veltman,Defender,BHA,1,0,0,3,1
2293108,Estupiñán,Pervis Estupiñán,Defender,BHA,1,0,1,9,1
2293108,Mac Allister,Alexis Mac Allister,Midfielder,BHA,1,0,0,6,1
2293108,Mitoma,Kaoru Mitoma,Midfielder,BHA,0,0,0,3,0
2293108,Colwill,Levi Colwill,Defender,BHA,2,0,0,3,0
2293108,Enciso,Julio Enciso,Midfielder,BHA,0,0,0,0,0
2293108,Moises Caicedo,Moises Caicedo,Midfielder,BHA,0,0,2,9,2
2293108,Ferguson (Evan),Evan Ferguson,Forward,BHA,1,0,0,0,0
2293108,Lloris,Hugo Lloris,Goalkeeper,TOT,0,0,0,4,0
2293108,Perisic,Ivan Perisic,Defender,TOT,4,2,0,4,2
2293108,Kane,Harry Kane,Forward,TOT,1,0,0,1,2
2293108,Son,Heung-Min Son,Midfielder,TOT,0,0,1,4,0
2293108,Dier,Eric Dier,Defender,TOT,6,1,2,5,0
2293108,Højbjerg,Pierre-Emile Højbjerg,Midfielder,TOT,2,0,0,3,2
2293108,Lenglet,Clément Lenglet,Defender,TOT,4,1,1,5,1
2293108,Tanganga,Japhet Tanganga,Defender,TOT,0,0,0,0,0
2293108,Skipp,Oliver Skipp,Midfielder,TOT,1,1,0,4,0
2293108,Danjuma Groeneveld,Arnaut Danjuma Groeneveld,Midfielder,TOT,0,0,0,0,0
2293108,Romero,Cristian Romero,Defender,TOT,4,2,0,9,1
2293108,Porro,Pedro Porro,Defender,TOT,0,0,1,8,2
2293108,Kulusevski,Dejan Kulusevski,Midfielder,TOT,0,0,2,5,0
2293108,Sarr (Pape),Pape Sarr,Midfielder,TOT,0,0,0,1,0
2293109,Aubameyang,Pierre-Emerick Aubameyang,Forward,CHE,0,0,0,1,0
2293109,Koulibaly,Kalidou Koulibaly,Defender,CHE,8,1,2,6,4
2293109,Kovacic,Mateo Kovacic,Midfielder,CHE,2,0,0,6,2
2293109,Sterling (Raheem),Raheem Sterling,Midfielder,CHE,0,0,0,2,0
2293109,Kepa,Kepa Arrizabalaga Revuelta,Goalkeeper,CHE,0,0,0,12,0
2293109,Chilwell,Benjamin Chilwell,Defender,CHE,0,0,0,1,1
2293109,Pulisic,Christian Pulisic,Midfielder,CHE,0,0,0,1,0
2293109,Cucurella,Marc Cucurella,Defender,CHE,2,0,0,4,1
2293109,Chalobah (Trevoh),Trevoh Chalobah,Defender,CHE,2,0,0,1,0
2293109,Havertz,Kai Havertz,Midfielder,CHE,4,0,0,1,0
2293109,James (Reece),Reece James,Defender,CHE,3,0,0,5,2
2293109,Gallagher,Conor Gallagher,Midfielder,CHE,0,0,0,4,1
2293109,João Félix,João Félix Sequeira,Forward,CHE,0,0,0,3,0
2293109,Fofana (Wesley),Wesley Fofana,Defender,CHE,4,1,0,7,1
2293109,Fernández (Enzo),Enzo Fernández,Midfielder,CHE,1,0,1,5,3
2293109,Mudryk,Mykhailo Mudryk,Midfielder,CHE,0,0,0,1,0
2293109,Costa,Diego Da Silva Costa,Forward,WOL,1,0,0,0,0
2293109,Moutinho,João Moutinho,Midfielder,WOL,1,0,0,1,1
2293109,Dawson,Craig Dawson,Defender,WOL,3,3,0,3,0
2293109,Sarabia,Pablo Sarabia,Midfielder,WOL,0,0,0,2,1
2293109,José Sá,José Pedro Malheiro de Sá,Goalkeeper,WOL,1,0,0,10,0
2293109,Lemina (Mario),Mario Lemina,Midfielder,WOL,0,1,2,4,1
2293109,Traoré (Adama),Adama Traoré,Midfielder,WOL,0,0,0,1,0
2293109,Hwang Hee-Chan,Hee-Chan Hwang,Midfielder,WOL,0,0,1,2,0
2293109,Semedo,Nelson Semedo,Defender,WOL,4,0,1,10,2
2293109,Podence,Daniel Podence,Midfielder,WOL,0,0,1,1,0
2293109,Kilman,Max Kilman,Defender,WOL,10,2,0,5,0
2293109,Matheus Cunha,Matheus Santos Carneiro Da Cunha,Forward,WOL,0,0,1,5,0
2293109,Collins,Nathan Collins,Defender,WOL,0,0,0,0,0
2293109,João Gomes,João Victor Gomes da Silva,Midfielder,WOL,4,1,2,10,3
2293109,Matheus Nunes,Matheus Luiz Nunes,Midfielder,WOL,1,0,0,8,3
2293109,Toti,Toti António Gomes,Defender,WOL,3,1,2,6,2
2293110,Young (Ashley),Ashley Young,Defender,AVL,0,0,0,3,1
2293110,Martinez,Emiliano Martinez,Goalkeeper,AVL,1,0,0,10,0
2293110,Chambers (Calum),Calum Chambers,Defender,AVL,1,0,0,0,0
2293110,Álex Moreno,Alexandre Moreno Lopera,Defender,AVL,1,0,0,5,0
2293110,McGinn,John McGinn,Midfielder,AVL,0,0,0,8,2
2293110,Mings,Tyrone Mings,Defender,AVL,6,3,0,4,2
2293110,Dendoncker (Leander),Leander Dendoncker,Midfielder,AVL,1,0,2,4,4
2293110,Watkins,Ollie Watkins,Forward,AVL,1,0,0,0,0
2293110,Buendía,Emiliano Buendía,Midfielder,AVL,0,0,0,10,1
2293110,Konsa Ngoyo,Ezri Konsa Ngoyo,Defender,AVL,3,0,0,6,0
2293110,Douglas Luiz,Douglas Luiz Soares de Paulo,Midfielder,AVL,0,0,3,4,1
2293110,Ramsey (Jacob),Jacob Ramsey,Midfielder,AVL,0,0,1,4,0
2293110,Durán,Jhon Durán,Forward,AVL,0,0,0,1,0
2293110,Wilson (Callum),Callum Wilson,Forward,NEW,0,0,0,0,0
2293110,Trippier,Kieran Trippier,Defender,NEW,2,0,0,7,5
2293110,Burn,Dan Burn,Defender,NEW,1,2,2,4,1
2293110,Pope,Nick Pope,Goalkeeper,NEW,1,0,0,5,0
2293110,Murphy (Jacob),Jacob Murphy,Midfielder,NEW,0,0,1,6,0
2293110,Schär,Fabian Schär,Defender,NEW,5,0,1,3,2
2293110,Targett,Matt Targett,Defender,NEW,0,0,0,0,0
2293110,Almirón,Miguel Almirón,Midfielder,NEW,0,0,0,1,1
2293110,Longstaff (Sean),Sean Longstaff,Midfielder,NEW,0,0,0,3,0
2293110,Joelinton,Joelinton Cássio Apolinário de Lira,Midfielder,NEW,0,0,0,7,0
2293110,Willock,Joseph Willock,Midfielder,NEW,0,0,0,4,1
2293110,Bruno Guimarães,Bruno Guimarães Rodriguez Moura,Midfielder,NEW,0,0,1,5,0
2293110,Anderson (Elliot),Elliot Anderson,Midfielder,NEW,0,0,0,2,0
2293110,Isak,Alexander Isak,Forward,NEW,0,0,0,0,0
2293110,Botman,Sven Botman,Defender,NEW,2,1,2,9,1
2293110,Gordon (Anthony),Anthony Gordon,Midfielder,NEW,0,0,0,3,0
2293111,Welbeck,Danny Welbeck,Forward,BHA,1,0,0,3,0
2293111,Groß,Pascal Groß,Midfielder,BHA,0,0,0,3,1
2293111,Dunk,Lewis Dunk,Defender,BHA,1,1,0,8,2
2293111,March,Solomon March,Midfielder,BHA,1,0,1,6,2
2293111,Webster (Adam),Adam Webster,Defender,BHA,3,0,0,5,0
2293111,Veltman,Joël Veltman,Defender,BHA,0,0,0,1,0
2293111,Estupiñán,Pervis Estupiñán,Defender,BHA,1,0,3,6,1
2293111,Sanchez,Robert Sanchez,Goalkeeper,BHA,1,0,0,6,0
2293111,Mac Allister,Alexis Mac Allister,Midfielder,BHA,0,0,1,6,0
2293111,Mitoma,Kaoru Mitoma,Midfielder,BHA,1,0,0,5,0
2293111,van Hecke,Jan-Paul van Hecke,Defender,BHA,0,0,0,0,0
2293111,Enciso,Julio Enciso,Midfielder,BHA,1,0,0,2,0
2293111,Moises Caicedo,Moises Caicedo,Midfielder,BHA,0,0,1,9,7
2293111,Ferguson (Evan),Evan Ferguson,Forward,BHA,0,0,0,1,0
2293111,Kovacic,Mateo Kovacic,Midfielder,CHE,0,0,1,4,0
2293111,Sterling (Raheem),Raheem Sterling,Midfielder,CHE,0,0,0,1,0
2293111,Kepa,Kepa Arrizabalaga Revuelta,Goalkeeper,CHE,3,0,0,13,0
2293111,Ziyech,Hakim Ziyech,Midfielder,CHE,0,0,0,3,0
2293111,Chilwell,Benjamin Chilwell,Defender,CHE,2,0,0,2,3
2293111,Pulisic,Christian Pulisic,Midfielder,CHE,0,0,0,1,0
2293111,Chalobah (Trevoh),Trevoh Chalobah,Defender,CHE,5,0,1,5,3
2293111,Mount,Mason Mount,Midfielder,CHE,0,0,0,0,1
2293111,Zakaria,Denis Zakaria,Midfielder,CHE,1,1,0,0,0
2293111,James (Reece),Reece James,Defender,CHE,0,0,2,2,1
2293111,Gallagher,Conor Gallagher,Midfielder,CHE,1,3,3,7,1
2293111,Badiashile,Benoît Badiashile,Defender,CHE,4,0,3,11,1
2293111,João Félix,João Félix Sequeira,Forward,CHE,0,0,0,0,1
2293111,Fofana (Wesley),Wesley Fofana,Defender,CHE,2,0,2,0,2
2293111,Fernández (Enzo),Enzo Fernández,Midfielder,CHE,0,0,1,2,0
2293111,Mudryk,Mykhailo Mudryk,Midfielder,CHE,0,0,0,6,0
2293112,Tarkowski,James Tarkowski,Defender,EVE,6,3,1,11,1
2293112,Gueye,Idrissa Gueye,Midfielder,EVE,3,1,0,5,1
2293112,Keane,Michael Keane,Defender,EVE,0,0,2,5,0
2293112,Pickford,Jordan Pickford,Goalkeeper,EVE,0,0,0,13,0
2293112,Maupay,Neal Maupay,Forward,EVE,0,0,0,0,0
2293112,Iwobi,Alex Iwobi,Midfielder,EVE,0,0,1,7,1
2293112,Gray (Demarai),Demarai Gray,Midfielder,EVE,0,0,0,5,2
2293112,Davies (Tom),Tom Davies,Midfielder,EVE,0,0,0,0,0
2293112,Godfrey,Ben Godfrey,Defender,EVE,0,1,0,0,1
2293112,Simms,Ellis Simms,Forward,EVE,0,0,0,1,0
2293112,Mykolenko,Vitaliy Mykolenko,Defender,EVE,3,0,1,8,2
2293112,Garner,James Garner,Midfielder,EVE,0,0,0,7,1
2293112,Patterson (Nathan),Nathan Patterson,Defender,EVE,0,0,1,2,0
2293112,McNeil,Dwight McNeil,Midfielder,EVE,1,0,1,10,1
2293112,Willian,Willian Borges Da Silva,Midfielder,FUL,0,0,1,2,1
2293112,Cairney,Tom Cairney,Midfielder,FUL,0,0,0,4,0
2293112,Leno,Bernd Leno,Goalkeeper,FUL,0,0,0,12,0
2293112,Ream,Tim Ream,Defender,FUL,4,0,1,4,1
2293112,DeCordova-Reid,Bobby DeCordova-Reid,Midfielder,FUL,0,0,1,2,0
2293112,Tosin,Oluwatosin Adarabioyo,Defender,FUL,9,1,4,5,0
2293112,Reed,Harrison Reed,Midfielder,FUL,1,0,0,5,2
2293112,Wilson (Harry),Harry Wilson,Midfielder,FUL,1,1,0,8,1
2293112,João Palhinha,João Maria Lobo Alves Palhinha Gonçalves,Midfielder,FUL,2,0,0,11,2
2293112,Pereira,Andreas Pereira,Midfielder,FUL,0,0,1,3,1
2293112,Tete,Kenny Tete,Defender,FUL,2,0,2,7,0
2293112,Robinson (Antonee),Antonee Robinson,Defender,FUL,0,0,3,9,2
2293112,James (Daniel),Daniel James,Midfielder,FUL,0,0,0,4,1
2293112,Lukic,Sasa Lukic,Midfielder,FUL,0,0,0,0,0
2293112,Carlos Vinicius,Carlos Vinicius Alves Morais,Forward,FUL,0,0,0,0,0
2293113,Forshaw,Adam Forshaw,Midfielder,LEE,1,0,0,0,0
2293113,Rodrigo,Rodrigo Moreno Machado,Midfielder,LEE,0,0,0,1,0
2293113,Koch,Robin Koch,Defender,LEE,4,1,0,6,0
2293113,Harrison,Jack Harrison,Midfielder,LEE,0,0,1,6,2
2293113,Struijk,Pascal Struijk,Defender,LEE,4,0,2,8,2
2293113,Kristensen,Rasmus Kristensen,Defender,LEE,2,1,1,4,0
2293113,Sinisterra,Luis Sinisterra,Midfielder,LEE,0,0,0,4,1
2293113,Roca,Marc Roca,Midfielder,LEE,1,0,2,10,2
2293113,McKennie,Weston McKennie,Midfielder,LEE,0,0,3,7,0
2293113,Aaronson,Brenden Aaronson,Midfielder,LEE,0,0,0,1,0
2293113,Meslier,Illan Meslier,Goalkeeper,LEE,2,0,0,8,0
2293113,Firpo,Junior Firpo,Defender,LEE,3,0,1,5,0
2293113,Summerville,Crysencio Summerville,Midfielder,LEE,0,0,1,0,0
2293113,Rutter,Georginio Rutter,Forward,LEE,0,0,0,1,0
2293113,Gnonto,Degnand Wilfried Gnonto,Forward,LEE,0,0,0,0,0
2293113,Milner,James Milner,Midfielder,LIV,0,0,0,0,0
2293113,Henderson (Jordan),Jordan Henderson,Midfielder,LIV,0,0,2,8,1
2293113,Thiago Alcántara,Thiago Alcántara do Nascimento,Midfielder,LIV,0,0,0,2,0
2293113,Firmino,Roberto Firmino Barbosa de Oliveira,Forward,LIV,0,0,0,0,0
2293113,van Dijk,Virgil van Dijk,Defender,LIV,1,2,1,4,1
2293113,Alisson,Alisson Ramses Becker,Goalkeeper,LIV,1,0,0,7,0
2293113,Fabinho,Fabio Henrique Tavares,Midfielder,LIV,2,0,1,9,0
2293113,Salah,Mohamed Salah,Midfielder,LIV,0,0,0,3,0
2293113,Robertson (Andrew),Andrew Robertson,Defender,LIV,5,0,0,7,0
2293113,Alexander-Arnold,Trent Alexander-Arnold,Defender,LIV,2,0,1,11,2
2293113,Diogo Jota,Diogo José Teixeira da Silva,Midfielder,LIV,1,0,0,6,0
2293113,Konaté,Ibrahima Konaté,Defender,LIV,3,1,2,4,4
2293113,Jones (Curtis),Curtis Jones,Midfielder,LIV,1,0,0,4,2
2293113,Gakpo,Cody Gakpo,Forward,LIV,0,0,1,1,0
2293113,Díaz,Luis Díaz,Midfielder,LIV,0,0,0,0,0
2293113,Núñez,Darwin Núñez,Forward,LIV,0,0,0,2,0
2293114,Mendy (Nampalys),Nampalys Mendy,Midfielder,LEI,0,0,0,1,1
2293114,Vardy,Jamie Vardy,Forward,LEI,2,0,0,1,0
2293114,Praet,Dennis Praet,Midfielder,LEI,0,0,0,0,0
2293114,Castagne,Timothy Castagne,Defender,LEI,3,0,1,3,0
2293114,Tielemans,Youri Tielemans,Midfielder,LEI,0,0,0,2,1
2293114,Maddison,James Maddison,Midfielder,LEI,0,0,0,6,1
2293114,Iheanacho,Kelechi Iheanacho,Forward,LEI,0,0,0,0,0
2293114,Souttar,Harry Souttar,Defender,LEI,3,2,0,4,0
2293114,Ndidi,Onyinye Wilfred Ndidi,Midfielder,LEI,2,0,2,5,0
2293114,Iversen,Daniel Iversen,Goalkeeper,LEI,1,0,0,6,0
2293114,Dewsbury-Hall,Kiernan Dewsbury-Hall,Midfielder,LEI,2,1,0,3,0
2293114,Söyüncü,Caglar Söyüncü,Defender,LEI,6,0,1,4,3
2293114,Faes,Wout Faes,Defender,LEI,3,0,1,4,1
2293114,Thomas,Luke Thomas,Defender,LEI,2,0,0,5,0
2293114,Daka,Patson Daka,Forward,LEI,0,0,0,0,0
2293114,Kristiansen,Victor Kristiansen,Defender,LEI,1,0,1,1,0
2293114,Walker,Kyle Walker,Defender,MCI,1,0,0,4,0
2293114,De Bruyne,Kevin De Bruyne,Midfielder,MCI,0,0,0,2,0
2293114,Stones,John Stones,Defender,MCI,1,0,0,3,0
2293114,Mahrez,Riyad Mahrez,Midfielder,MCI,0,0,0,3,1
2293114,Grealish,Jack Grealish,Midfielder,MCI,0,0,0,2,1
2293114,Ederson,Ederson Santana de Moraes,Goalkeeper,MCI,0,0,0,6,0
2293114,Laporte,Aymeric Laporte,Defender,MCI,1,0,0,4,1
2293114,Phillips (Kalvin),Kalvin Phillips,Midfielder,MCI,0,0,0,1,1
2293114,Bernardo Silva,Bernardo Mota Veiga de Carvalho e Silva,Midfielder,MCI,0,1,0,6,0
2293114,Rúben Dias,Rúben Santos Gato Alves Dias,Defender,MCI,2,1,0,2,0
2293114,Akanji,Manuel Akanji,Defender,MCI,1,0,0,2,2
2293114,Rodri,Rodrigo Hernández Cascante,Midfielder,MCI,1,0,1,1,0
2293114,Haaland,Erling Haaland,Forward,MCI,0,0,0,0,0
2293114,Palmer,Cole Palmer,Midfielder,MCI,1,0,0,3,0
2293114,Gómez,Sergio Gómez,Defender,MCI,1,1,0,1,0
2293114,Álvarez,Julián Álvarez,Forward,MCI,0,0,0,0,0
2293115,De Gea,David De Gea,Goalkeeper,MUN,1,0,0,3,0
2293115,Casemiro,Carlos Henrique Jose Francisco Venancio,Midfielder,MUN,1,0,2,7,1
2293115,Eriksen,Christian Eriksen,Midfielder,MUN,0,1,2,3,1
2293115,Maguire,Harry Maguire,Defender,MUN,8,0,3,10,1
2293115,Fred,Frederico Rodrigues de Paula Santos,Midfielder,MUN,0,0,0,1,1
2293115,Weghorst,Wout Weghorst,Forward,MUN,0,0,0,2,0
2293115,Bruno Fernandes,Bruno Miguel Borges Fernandes,Midfielder,MUN,1,0,0,9,1
2293115,Martial,Anthony Martial,Forward,MUN,1,0,0,3,1
2293115,Lindelof,Victor Nilsson-Lindelof,Defender,MUN,2,0,1,9,0
2293115,Sancho,Jadon Sancho,Midfielder,MUN,0,0,0,7,0
2293115,Wan-Bissaka,Aaron Wan-Bissaka,Defender,MUN,1,1,2,4,1
2293115,Dalot,José Diogo Dalot Teixeira,Defender,MUN,0,0,1,6,2
2293115,Antony,Antony Matheus dos Santos,Midfielder,MUN,0,0,1,2,1
2293115,Navas,Keylor Navas,Goalkeeper,NFO,2,0,0,2,0
2293115,Freuler,Remo Freuler,Midfielder,NFO,0,0,1,2,1
2293115,Lingard,Jesse Lingard,Midfielder,NFO,0,0,0,0,0
2293115,Felipe,Felipe Augusto de Almeida Monteiro,Defender,NFO,5,1,4,7,4
2293115,McKenna,Scott McKenna,Defender,NFO,4,0,0,3,0
2293115,Mangala,Orel Mangala,Midfielder,NFO,0,0,1,0,0
2293115,Niakhaté,Moussa Niakhaté,Defender,NFO,2,0,1,10,0
2293115,Awoniyi,Taiwo Awoniyi,Forward,NFO,1,1,0,3,1
2293115,Williams (Neco),Neco Williams,Defender,NFO,3,0,1,6,1
2293115,Surridge,Sam Surridge,Forward,NFO,0,0,0,0,0
2293115,Gibbs-White,Morgan Gibbs-White,Midfielder,NFO,0,0,1,5,0
2293115,Dennis (Emmanuel),Emmanuel Bonaventure Dennis,Forward,NFO,0,0,0,1,0
2293115,Renan Lodi,Renan Augusto Lodi dos Santos,Defender,NFO,5,0,0,8,4
2293115,Johnson (Brennan),Brennan Johnson,Midfielder,NFO,0,0,0,2,0
2293115,Danilo,Danilo dos Santos de Oliveira,Midfielder,NFO,4,3,2,8,0
2293116,Tomkins,James Tomkins,Defender,CRY,0,0,0,0,0
2293116,Ward (Joel),Joel Ward,Defender,CRY,5,1,1,3,1
2293116,Milivojevic,Luka Milivojevic,Midfielder,CRY,0,0,0,0,0
2293116,Ayew (Jordan),Jordan Ayew,Midfielder,CRY,0,0,0,5,1
2293116,Schlupp,Jeffrey Schlupp,Midfielder,CRY,0,1,0,4,3
2293116,Johnstone,Sam Johnstone,Goalkeeper,CRY,0,0,0,8,0
2293116,Hughes (Will),Will Hughes,Midfielder,CRY,0,0,0,3,3
2293116,Andersen,Joachim Andersen,Defender,CRY,2,1,0,7,0
2293116,Edouard,Odsonne Edouard,Forward,CRY,3,0,0,0,1
2293116,Marc Guehi,Addji Keaninkin Marc-Israel Guehi,Defender,CRY,3,0,1,8,1
2293116,Mateta,Jean-Philippe Mateta,Forward,CRY,0,0,0,0,0
2293116,Eze,Eberechi Eze,Midfielder,CRY,0,0,0,5,3
2293116,Mitchell,Tyrick Mitchell,Defender,CRY,1,0,3,7,2
2293116,Sambi Lokonga,Albert Sambi Lokonga,Midfielder,CRY,0,0,0,1,0
2293116,Doucoure,Cheick Oumar Doucoure,Midfielder,CRY,2,0,2,6,0
2293116,Olise,Michael Olise,Midfielder,CRY,1,0,1,3,2
2293116,Walcott,Theo Walcott,Midfielder,SOU,0,0,0,1,0
2293116,Armstrong (Stuart),Stuart Armstrong,Midfielder,SOU,0,0,1,0,0
2293116,Ward-Prowse,James Ward-Prowse,Midfielder,SOU,0,0,2,6,1
2293116,Paul Onuachu,Ebere Paul Onuachu,Forward,SOU,1,0,0,1,0
2293116,Maitland-Niles,Ainsley Maitland-Niles,Midfielder,SOU,1,1,5,4,2
2293116,Walker-Peters,Kyle Walker-Peters,Defender,SOU,0,0,2,7,1
2293116,Bednarek,Jan Bednarek,Defender,SOU,1,1,3,6,0
2293116,Aribo,Joe Aribo,Midfielder,SOU,0,0,0,2,0
2293116,Djenepo,Moussa Djenepo,Midfielder,SOU,0,0,0,0,0
2293116,Bazunu,Gavin Bazunu,Goalkeeper,SOU,1,0,0,10,0
2293116,Bella Kotchap,Armel Bella Kotchap,Defender,SOU,2,1,1,4,1
2293116,Edozie,Samuel Edozie,Midfielder,SOU,0,0,0,0,1
2293116,Alcaraz,Carlos Alcaraz,Midfielder,SOU,0,0,0,2,0
2293116,Sulemana,Kamaldeen Sulemana,Midfielder,SOU,0,0,0,1,0
2293116,Lavia,Romeo Lavia,Midfielder,SOU,1,1,2,8,1
2293117,Smith (Adam),Adam Smith,Defender,BOU,1,1,1,1,0
2293117,Neto,Norberto Murara Neto,Goalkeeper,BOU,2,0,0,12,0
2293117,Stephens,Jack Stephens,Defender,BOU,4,3,4,7,0
2293117,Lerma,Jefferson Lerma,Midfielder,BOU,3,0,4,4,0
2293117,Solanke,Dominic Solanke,Forward,BOU,0,0,0,2,0
2293117,Rothwell,Joe Rothwell,Midfielder,BOU,3,0,1,3,1
2293117,Christie,Ryan Christie,Midfielder,BOU,1,0,1,8,0
2293117,Billing,Philip Billing,Midfielder,BOU,0,0,0,6,1
2293117,Tavernier,Marcus Tavernier,Midfielder,BOU,2,1,1,4,3
2293117,Senesi,Marcos Senesi,Defender,BOU,3,0,0,1,0
2293117,Mepham,Chris Mepham,Defender,BOU,9,2,5,3,1
2293117,Kelly (Lloyd),Lloyd Kelly,Defender,BOU,7,1,0,5,2
2293117,Viña,Matias Viña,Defender,BOU,1,0,1,2,3
2293117,Anthony,Jaidon Anthony,Midfielder,BOU,0,0,0,3,1
2293117,Dango Ouattara,Dango Ouattara,Midfielder,BOU,0,0,0,1,0
2293117,Lloris,Hugo Lloris,Goalkeeper,TOT,0,0,0,5,0
2293117,Perisic,Ivan Perisic,Defender,TOT,1,0,0,9,0
2293117,Kane,Harry Kane,Forward,TOT,0,0,0,6,0
2293117,Son,Heung-Min Son,Midfielder,TOT,0,0,0,2,0
2293117,Dier,Eric Dier,Defender,TOT,1,0,1,4,1
2293117,Højbjerg,Pierre-Emile Højbjerg,Midfielder,TOT,0,0,1,7,2
2293117,Lenglet,Clément Lenglet,Defender,TOT,1,0,1,4,1
2293117,Sánchez,Davinson Sánchez,Defender,TOT,1,0,0,0,0
2293117,Skipp,Oliver Skipp,Midfielder,TOT,0,1,1,5,1
2293117,Richarlison,Richarlison de Andrade,Midfielder,TOT,0,0,0,0,0
2293117,Danjuma Groeneveld,Arnaut Danjuma Groeneveld,Midfielder,TOT,0,0,0,0,0
2293117,Romero,Cristian Romero,Defender,TOT,1,0,2,9,1
2293117,Porro,Pedro Porro,Defender,TOT,1,0,3,8,2
2293117,Kulusevski,Dejan Kulusevski,Midfielder,TOT,0,0,2,4,3
2293118,Xhaka,Granit Xhaka,Midfielder,ARS,1,0,1,5,1
2293118,Jorginho,Jorge Luiz Frello Filho,Midfielder,ARS,1,0,0,2,0
2293118,Trossard,Leandro Trossard,Midfielder,ARS,0,0,0,1,0
2293118,Holding,Rob Holding,Defender,ARS,5,2,0,4,0
2293118,Partey,Thomas Partey,Midfielder,ARS,0,0,0,3,1
2293118,Odegaard,Martin Odegaard,Midfielder,ARS,1,2,0,1,0
2293118,Tierney,Kieran Tierney,Defender,ARS,2,1,0,3,2
2293118,White (Ben),Ben White,Defender,ARS,3,1,0,4,0
2293118,Nelson (Reiss),Reiss Nelson,Midfielder,ARS,0,0,0,0,0
2293118,Eddie Nketiah,Edward Nketiah,Forward,ARS,0,0,0,0,0
2293118,Jesus,Gabriel Fernando de Jesus,Forward,ARS,0,0,1,4,1
2293118,Saka,Bukayo Saka,Midfielder,ARS,0,0,1,4,0
2293118,Ramsdale,Aaron Ramsdale,Goalkeeper,ARS,0,0,0,5,0
2293118,Gabriel Magalhães,Gabriel dos Santos Magalhães,Defender,ARS,9,1,0,10,4
2293118,Fábio Vieira,Fábio Daniel Vieira,Midfielder,ARS,0,0,0,0,0
2293118,Martinelli,Gabriel Teodoro Martinelli Silva,Midfielder,ARS,1,0,0,1,0
2293118,Fabianski,Lukasz Fabianski,Goalkeeper,WHU,0,0,0,8,0
2293118,Cresswell (Aaron),Aaron Cresswell,Defender,WHU,1,0,1,4,1
2293118,Antonio,Michail Antonio,Forward,WHU,0,0,1,4,0
2293118,Zouma,Kurt Zouma,Defender,WHU,4,0,2,4,0
2293118,Cornet,Maxwel Cornet,Midfielder,WHU,0,0,0,0,0
2293118,Coufal,Vladimir Coufal,Defender,WHU,4,0,1,2,1
2293118,Benrahma,Said Benrahma,Midfielder,WHU,0,0,0,3,1
2293118,Bowen,Jarrod Bowen,Midfielder,WHU,1,0,2,6,0
2293118,Kehrer,Thilo Kehrer,Defender,WHU,2,0,2,4,1
2293118,Rice,Declan Rice,Midfielder,WHU,1,0,4,11,3
2293118,Soucek,Tomas Soucek,Midfielder,WHU,1,1,2,1,0
2293118,Fornals,Pablo Fornals,Midfielder,WHU,0,0,0,2,0
2293118,Downes,Flynn Downes,Midfielder,WHU,0,0,0,0,0
2293118,Lucas Paquetá,Lucas Tolentino Coelho de Lima,Midfielder,WHU,0,0,0,6,1
2293119,Mee,Ben Mee,Defender,BRE,3,0,1,3,0
2293119,Norgaard,Christian Norgaard,Midfielder,BRE,2,1,2,5,2
2293119,Toney,Ivan Toney,Forward,BRE,1,0,0,4,0
2293119,Raya Martin,David Raya Martin,Goalkeeper,BRE,1,0,0,16,0
2293119,Dasilva,Pelenda Joshua Dasilva,Midfielder,BRE,0,1,0,4,0
2293119,Henry,Rico Henry,Defender,BRE,0,0,2,6,2
2293119,Janelt,Vitaly Janelt,Midfielder,BRE,0,0,0,3,0
2293119,Ghoddos,Saman Ghoddos,Midfielder,BRE,0,0,1,3,0
2293119,Jensen,Mathias Jensen,Midfielder,BRE,1,0,0,3,1
2293119,Wissa,Yoane Wissa,Forward,BRE,0,0,0,3,0
2293119,Pinnock,Ethan Pinnock,Defender,BRE,3,0,4,4,4
2293119,Baptiste (Shandon),Shandon Baptiste,Midfielder,BRE,0,0,0,1,0
2293119,Damsgaard,Mikkel Damsgaard,Midfielder,BRE,0,0,0,3,0
2293119,Mbeumo,Bryan Mbeumo,Midfielder,BRE,0,0,2,1,1
2293119,Hickey,Aaron Hickey,Defender,BRE,1,0,0,5,0
2293119,Schade,Kevin Schade,Midfielder,BRE,1,0,1,1,1
2293119,Costa,Diego Da Silva Costa,Forward,WOL,3,0,0,3,0
2293119,Moutinho,João Moutinho,Midfielder,WOL,0,0,0,1,0
2293119,Dawson,Craig Dawson,Defender,WOL,3,2,0,6,1
2293119,Sarabia,Pablo Sarabia,Midfielder,WOL,1,0,0,1,0
2293119,José Sá,José Pedro Malheiro de Sá,Goalkeeper,WOL,1,0,0,9,0
2293119,Lemina (Mario),Mario Lemina,Midfielder,WOL,1,0,0,2,2
2293119,Traoré (Adama),Adama Traoré,Midfielder,WOL,0,0,1,1,0
2293119,Hwang Hee-Chan,Hee-Chan Hwang,Midfielder,WOL,0,0,0,1,0
2293119,Semedo,Nelson Semedo,Defender,WOL,0,0,0,8,0
2293119,Kilman,Max Kilman,Defender,WOL,3,2,0,11,1
2293119,Neto,Pedro Neto,Midfielder,WOL,0,0,0,0,0
2293119,Matheus Cunha,Matheus Santos Carneiro Da Cunha,Forward,WOL,0,0,1,2,0
2293119,João Gomes,João Victor Gomes da Silva,Midfielder,WOL,4,0,0,7,2
2293119,Matheus Nunes,Matheus Luiz Nunes,Midfielder,WOL,0,0,0,7,4
2293119,Bueno (Hugo),Hugo Bueno,Defender,WOL,0,0,0,1,0
2293119,Toti,Toti António Gomes,Defender,WOL,4,0,2,6,1
2293120,Smith (Adam),Adam Smith,Defender,BOU,1,0,1,2,1
2293120,Neto,Norberto Murara Neto,Goalkeeper,BOU,0,0,0,10,0
2293120,Stephens,Jack Stephens,Defender,BOU,3,0,0,13,1
2293120,Moore (Kieffer),Kieffer Moore,Forward,BOU,1,0,0,2,0
2293120,Lerma,Jefferson Lerma,Midfielder,BOU,0,1,0,8,0
2293120,Solanke,Dominic Solanke,Forward,BOU,0,1,1,2,0
2293120,Cook (Lewis),Lewis Cook,Midfielder,BOU,1,0,0,0,0
2293120,Rothwell,Joe Rothwell,Midfielder,BOU,0,0,0,3,1
2293120,Christie,Ryan Christie,Midfielder,BOU,0,0,0,1,1
2293120,Billing,Philip Billing,Midfielder,BOU,1,0,2,4,0
2293120,Tavernier,Marcus Tavernier,Midfielder,BOU,0,1,0,4,1
2293120,Mepham,Chris Mepham,Defender,BOU,4,1,3,7,0
2293120,Kelly (Lloyd),Lloyd Kelly,Defender,BOU,0,0,0,4,1
2293120,Viña,Matias Viña,Defender,BOU,0,0,1,1,1
2293120,Anthony,Jaidon Anthony,Midfielder,BOU,1,0,1,3,0
2293120,Dango Ouattara,Dango Ouattara,Midfielder,BOU,0,0,0,3,0
2293120,Fabianski,Lukasz Fabianski,Goalkeeper,WHU,0,0,0,9,0
2293120,Cresswell (Aaron),Aaron Cresswell,Defender,WHU,1,0,0,4,0
2293120,Antonio,Michail Antonio,Forward,WHU,0,0,0,2,0
2293120,Ings,Danny Ings,Forward,WHU,0,0,0,0,0
2293120,Zouma,Kurt Zouma,Defender,WHU,10,2,4,3,0
2293120,Cornet,Maxwel Cornet,Midfielder,WHU,0,0,0,1,0
2293120,Coufal,Vladimir Coufal,Defender,WHU,5,0,1,6,1
2293120,Benrahma,Said Benrahma,Midfielder,WHU,0,0,0,5,0
2293120,Bowen,Jarrod Bowen,Midfielder,WHU,0,0,2,6,0
2293120,Kehrer,Thilo Kehrer,Defender,WHU,0,0,0,1,1
2293120,Rice,Declan Rice,Midfielder,WHU,0,0,1,12,2
2293120,Aguerd,Nayef Aguerd,Defender,WHU,7,3,1,3,0
2293120,Soucek,Tomas Soucek,Midfielder,WHU,4,0,3,5,2
2293120,Fornals,Pablo Fornals,Midfielder,WHU,0,0,1,4,0
2293120,Downes,Flynn Downes,Midfielder,WHU,0,0,0,1,0
2293120,Lucas Paquetá,Lucas Tolentino Coelho de Lima,Midfielder,WHU,1,0,1,5,3
2293121,Trossard,Leandro Trossard,Midfielder,ARS,0,0,0,4,0
2293121,Holding,Rob Holding,Defender,ARS,0,0,0,7,1
2293121,Partey,Thomas Partey,Midfielder,ARS,0,0,1,10,2
2293121,Odegaard,Martin Odegaard,Midfielder,ARS,0,0,1,2,1
2293121,White (Ben),Ben White,Defender,ARS,0,0,1,11,1
2293121,Nelson (Reiss),Reiss Nelson,Midfielder,ARS,0,0,0,1,0
2293121,Eddie Nketiah,Edward Nketiah,Forward,ARS,0,0,0,0,0
2293121,Jesus,Gabriel Fernando de Jesus,Forward,ARS,0,0,0,2,1
2293121,Zinchenko,Oleksandr Zinchenko,Defender,ARS,2,0,0,8,0
2293121,Saka,Bukayo Saka,Midfielder,ARS,0,0,0,4,2
2293121,Ramsdale,Aaron Ramsdale,Goalkeeper,ARS,0,0,0,6,0
2293121,Gabriel Magalhães,Gabriel dos Santos Magalhães,Defender,ARS,1,0,1,6,1
2293121,Fábio Vieira,Fábio Daniel Vieira,Midfielder,ARS,0,0,0,1,0
2293121,Martinelli,Gabriel Teodoro Martinelli Silva,Midfielder,ARS,0,0,0,3,1
2293121,Walcott,Theo Walcott,Midfielder,SOU,1,0,0,0,1
2293121,Elyounoussi,Mohammed Elyounoussi,Midfielder,SOU,1,1,4,7,2
2293121,Ward-Prowse,James Ward-Prowse,Midfielder,SOU,1,1,3,9,3
2293121,Paul Onuachu,Ebere Paul Onuachu,Forward,SOU,1,0,0,0,1
2293121,Armstrong (Adam),Adam Armstrong,Forward,SOU,1,0,0,3,0
2293121,Walker-Peters,Kyle Walker-Peters,Defender,SOU,4,0,0,3,2
2293121,Bednarek,Jan Bednarek,Defender,SOU,0,0,3,0,1
2293121,Caleta-Car,Duje Caleta-Car,Defender,SOU,8,1,1,0,0
2293121,Lyanco,Lyanco Evangelista Silveira Neves Vojnovic,Defender,SOU,6,1,0,1,0
2293121,Diallo,Ibrahima Diallo,Midfielder,SOU,1,0,0,1,1
2293121,Perraud,Romain Perraud,Defender,SOU,5,1,1,8,2
2293121,Bazunu,Gavin Bazunu,Goalkeeper,SOU,1,0,0,7,0
2293121,Bella Kotchap,Armel Bella Kotchap,Defender,SOU,7,2,2,8,1
2293121,Alcaraz,Carlos Alcaraz,Midfielder,SOU,0,1,0,4,0
2293121,Sulemana,Kamaldeen Sulemana,Midfielder,SOU,1,0,0,2,0
2293121,Lavia,Romeo Lavia,Midfielder,SOU,3,1,1,8,1
2293122,Young (Ashley),Ashley Young,Defender,AVL,1,1,0,7,0
2293122,Martinez,Emiliano Martinez,Goalkeeper,AVL,1,0,0,10,0
2293122,Chambers (Calum),Calum Chambers,Defender,AVL,2,0,0,1,0
2293122,Digne,Lucas Digne,Defender,AVL,0,0,0,0,0
2293122,Álex Moreno,Alexandre Moreno Lopera,Defender,AVL,0,0,1,1,1
2293122,Traore (Bertrand),Bertrand Traore,Midfielder,AVL,0,0,1,1,0
2293122,Olsen,Robin Olsen,Goalkeeper,AVL,0,0,0,4,0
2293122,McGinn,John McGinn,Midfielder,AVL,3,0,0,3,1
2293122,Mings,Tyrone Mings,Defender,AVL,8,0,0,6,0
2293122,Dendoncker (Leander),Leander Dendoncker,Midfielder,AVL,3,1,0,0,0
2293122,Watkins,Ollie Watkins,Forward,AVL,1,2,0,0,0
2293122,Buendía,Emiliano Buendía,Midfielder,AVL,0,0,2,4,0
2293122,Konsa Ngoyo,Ezri Konsa Ngoyo,Defender,AVL,2,0,0,13,0
2293122,Douglas Luiz,Douglas Luiz Soares de Paulo,Midfielder,AVL,1,1,1,6,1
2293122,Ramsey (Jacob),Jacob Ramsey,Midfielder,AVL,1,0,0,6,0
2293122,Mee,Ben Mee,Defender,BRE,8,0,2,6,1
2293122,Norgaard,Christian Norgaard,Midfielder,BRE,0,0,0,4,1
2293122,Toney,Ivan Toney,Forward,BRE,0,0,0,3,0
2293122,Raya Martin,David Raya Martin,Goalkeeper,BRE,0,0,0,3,0
2293122,Dasilva,Pelenda Joshua Dasilva,Midfielder,BRE,0,0,0,0,0
2293122,Henry,Rico Henry,Defender,BRE,1,0,1,6,1
2293122,Janelt,Vitaly Janelt,Midfielder,BRE,0,0,1,5,1
2293122,Jensen,Mathias Jensen,Midfielder,BRE,1,0,0,6,1
2293122,Wissa,Yoane Wissa,Forward,BRE,0,0,0,0,0
2293122,Pinnock,Ethan Pinnock,Defender,BRE,3,1,4,5,0
2293122,Onyeka,Frank Onyeka,Midfielder,BRE,1,0,0,2,0
2293122,Damsgaard,Mikkel Damsgaard,Midfielder,BRE,1,0,0,1,0
2293122,Mbeumo,Bryan Mbeumo,Midfielder,BRE,1,0,1,5,0
2293122,Hickey,Aaron Hickey,Defender,BRE,0,0,1,5,0
2293122,Schade,Kevin Schade,Midfielder,BRE,0,0,1,6,1
2293123,Steele,Jason Steele,Goalkeeper,BHA,0,0,0,3,0
2293123,Welbeck,Danny Welbeck,Forward,BHA,0,0,1,2,1
2293123,Groß,Pascal Groß,Midfielder,BHA,1,0,0,7,0
2293123,Veltman,Joël Veltman,Defender,BHA,0,0,0,1,0
2293123,Estupiñán,Pervis Estupiñán,Defender,BHA,2,1,0,6,1
2293123,Mac Allister,Alexis Mac Allister,Midfielder,BHA,0,0,0,2,0
2293123,Gilmour,Billy Gilmour,Midfielder,BHA,0,0,2,6,0
2293123,Undav,Deniz Undav,Forward,BHA,0,0,0,0,0
2293123,Mitoma,Kaoru Mitoma,Midfielder,BHA,0,0,2,11,1
2293123,Colwill,Levi Colwill,Defender,BHA,1,1,0,5,0
2293123,van Hecke,Jan-Paul van Hecke,Defender,BHA,2,0,2,4,2
2293123,Enciso,Julio Enciso,Midfielder,BHA,0,0,0,1,0
2293123,Moises Caicedo,Moises Caicedo,Midfielder,BHA,0,1,4,7,1
2293123,Ferguson (Evan),Evan Ferguson,Forward,BHA,0,0,0,1,0
2293123,Buonanotte,Facundo Buonanotte,Midfielder,BHA,0,0,0,5,0
2293123,Walker,Kyle Walker,Defender,MCI,2,0,0,7,0
2293123,Gundogan,Ilkay Gundogan,Midfielder,MCI,0,0,1,7,1
2293123,De Bruyne,Kevin De Bruyne,Midfielder,MCI,0,0,0,3,1
2293123,Ortega Moreno,Stefan Ortega Moreno,Goalkeeper,MCI,0,0,0,6,0
2293123,Stones,John Stones,Defender,MCI,2,2,0,4,1
2293123,Mahrez,Riyad Mahrez,Midfielder,MCI,0,1,0,5,1
2293123,Phillips (Kalvin),Kalvin Phillips,Midfielder,MCI,0,0,0,0,0
2293123,Bernardo Silva,Bernardo Mota Veiga de Carvalho e Silva,Midfielder,MCI,1,1,1,7,0
2293123,Foden,Phil Foden,Midfielder,MCI,1,1,0,0,0
2293123,Rodri,Rodrigo Hernández Cascante,Midfielder,MCI,2,0,0,8,0
2293123,Haaland,Erling Haaland,Forward,MCI,0,0,0,0,0
2293123,Palmer,Cole Palmer,Midfielder,MCI,0,1,0,1,0
2293123,Gómez,Sergio Gómez,Defender,MCI,0,0,0,1,0
2293123,Álvarez,Julián Álvarez,Forward,MCI,0,0,0,0,0
2293123,Lewis (Rico),Rico Lewis,Defender,MCI,4,1,1,11,0
2293124,Ward (Joel),Joel Ward,Defender,CRY,1,2,0,9,1
2293124,Milivojevic,Luka Milivojevic,Midfielder,CRY,0,0,0,1,0
2293124,Ayew (Jordan),Jordan Ayew,Midfielder,CRY,1,0,2,8,0
2293124,Schlupp,Jeffrey Schlupp,Midfielder,CRY,0,0,1,5,1
2293124,Johnstone,Sam Johnstone,Goalkeeper,CRY,2,0,0,13,0
2293124,Hughes (Will),Will Hughes,Midfielder,CRY,0,0,0,2,0
2293124,Andersen,Joachim Andersen,Defender,CRY,5,0,0,6,0
2293124,Edouard,Odsonne Edouard,Forward,CRY,0,0,0,0,0
2293124,Marc Guehi,Addji Keaninkin Marc-Israel Guehi,Defender,CRY,4,0,0,7,1
2293124,Mateta,Jean-Philippe Mateta,Forward,CRY,1,0,0,0,0
2293124,Eze,Eberechi Eze,Midfielder,CRY,0,0,0,8,2
2293124,Mitchell,Tyrick Mitchell,Defender,CRY,3,0,1,5,3
2293124,Doucoure,Cheick Oumar Doucoure,Midfielder,CRY,4,0,1,4,1
2293124,Olise,Michael Olise,Midfielder,CRY,0,0,0,4,2
2293124,Tarkowski,James Tarkowski,Defender,EVE,5,1,0,4,1
2293124,Gueye,Idrissa Gueye,Midfielder,EVE,2,1,1,9,1
2293124,Keane,Michael Keane,Defender,EVE,7,1,4,7,0
2293124,Pickford,Jordan Pickford,Goalkeeper,EVE,0,0,0,15,0
2293124,Maupay,Neal Maupay,Forward,EVE,0,0,0,0,0
2293124,Iwobi,Alex Iwobi,Midfielder,EVE,0,1,0,6,0
2293124,Gray (Demarai),Demarai Gray,Midfielder,EVE,1,0,0,3,0
2293124,Calvert-Lewin,Dominic Calvert-Lewin,Forward,EVE,2,0,1,0,0
2293124,Holgate,Mason Holgate,Defender,EVE,1,0,1,4,3
2293124,Godfrey,Ben Godfrey,Defender,EVE,1,0,0,0,0
2293124,Mykolenko,Vitaliy Mykolenko,Defender,EVE,1,0,3,9,3
2293124,Garner,James Garner,Midfielder,EVE,1,0,2,8,1
2293124,McNeil,Dwight McNeil,Midfielder,EVE,1,1,0,6,0
2293125,Willian,Willian Borges Da Silva,Midfielder,FUL,0,0,0,2,0
2293125,Cairney,Tom Cairney,Midfielder,FUL,0,0,0,1,0
2293125,Leno,Bernd Leno,Goalkeeper,FUL,0,0,0,11,0
2293125,Ream,Tim Ream,Defender,FUL,4,1,0,8,0
2293125,Kebano,Neeskens Kebano,Midfielder,FUL,0,0,0,0,0
2293125,DeCordova-Reid,Bobby DeCordova-Reid,Midfielder,FUL,1,0,0,2,0
2293125,Tosin,Oluwatosin Adarabioyo,Defender,FUL,11,2,1,5,2
2293125,Reed,Harrison Reed,Midfielder,FUL,0,0,0,7,1
2293125,Wilson (Harry),Harry Wilson,Midfielder,FUL,3,0,1,7,2
2293125,João Palhinha,João Maria Lobo Alves Palhinha Gonçalves,Midfielder,FUL,0,0,2,9,2
2293125,Pereira,Andreas Pereira,Midfielder,FUL,0,0,0,2,2
2293125,Tete,Kenny Tete,Defender,FUL,1,1,4,8,1
2293125,Robinson (Antonee),Antonee Robinson,Defender,FUL,3,0,1,8,1
2293125,Lukic,Sasa Lukic,Midfielder,FUL,0,0,0,1,0
2293125,Solomon,Manor Solomon,Midfielder,FUL,0,0,0,1,0
2293125,Carlos Vinicius,Carlos Vinicius Alves Morais,Forward,FUL,0,0,0,1,0
2293125,Cooper,Liam Cooper,Defender,LEE,5,2,3,10,2
2293125,Forshaw,Adam Forshaw,Midfielder,LEE,0,0,1,2,1
2293125,Rodrigo,Rodrigo Moreno Machado,Midfielder,LEE,1,0,0,2,0
2293125,Bamford,Patrick Bamford,Forward,LEE,1,0,0,3,0
2293125,Koch,Robin Koch,Defender,LEE,5,0,1,8,1
2293125,Wöber,Maximilian Wöber,Defender,LEE,4,0,1,6,1
2293125,Harrison,Jack Harrison,Midfielder,LEE,0,0,2,5,0
2293125,Kristensen,Rasmus Kristensen,Defender,LEE,5,0,2,3,3
2293125,Sinisterra,Luis Sinisterra,Midfielder,LEE,1,0,0,3,0
2293125,Roca,Marc Roca,Midfielder,LEE,0,1,0,5,1
2293125,McKennie,Weston McKennie,Midfielder,LEE,1,1,3,2,2
2293125,Aaronson,Brenden Aaronson,Midfielder,LEE,0,0,1,4,1
2293125,Meslier,Illan Meslier,Goalkeeper,LEE,4,0,0,11,0
2293125,Summerville,Crysencio Summerville,Midfielder,LEE,0,0,0,8,0
2293125,Gnonto,Degnand Wilfried Gnonto,Forward,LEE,0,0,0,1,0
2293126,Mendy (Nampalys),Nampalys Mendy,Midfielder,LEI,0,0,0,0,0
2293126,Vardy,Jamie Vardy,Forward,LEI,1,0,0,0,0
2293126,Praet,Dennis Praet,Midfielder,LEI,1,0,0,3,0
2293126,Castagne,Timothy Castagne,Defender,LEI,1,0,1,6,0
2293126,Tielemans,Youri Tielemans,Midfielder,LEI,1,0,0,3,1
2293126,Iheanacho,Kelechi Iheanacho,Forward,LEI,0,0,0,2,0
2293126,Ndidi,Onyinye Wilfred Ndidi,Midfielder,LEI,2,0,1,4,1
2293126,Iversen,Daniel Iversen,Goalkeeper,LEI,0,0,0,3,0
2293126,Dewsbury-Hall,Kiernan Dewsbury-Hall,Midfielder,LEI,1,1,1,3,0
2293126,Söyüncü,Caglar Söyüncü,Defender,LEI,7,2,1,7,1
2293126,Faes,Wout Faes,Defender,LEI,3,3,1,8,1
2293126,Tetê,Mateus Cardoso Lemos Martins,Midfielder,LEI,1,0,0,3,2
2293126,Soumaré,Boubakary Soumaré,Midfielder,LEI,2,0,2,9,2
2293126,Daka,Patson Daka,Forward,LEI,0,0,1,3,1
2293126,Kristiansen,Victor Kristiansen,Defender,LEI,4,0,0,5,3
2293126,Costa,Diego Da Silva Costa,Forward,WOL,0,0,0,3,0
2293126,Moutinho,João Moutinho,Midfielder,WOL,0,0,0,1,0
2293126,Dawson,Craig Dawson,Defender,WOL,4,0,1,6,0
2293126,Sarabia,Pablo Sarabia,Midfielder,WOL,1,0,0,2,0
2293126,José Sá,José Pedro Malheiro de Sá,Goalkeeper,WOL,0,0,0,11,0
2293126,Lemina (Mario),Mario Lemina,Midfielder,WOL,0,0,1,3,2
2293126,Ruben Neves,Rúben Diogo da Silva Neves,Midfielder,WOL,0,0,1,7,0
2293126,Hwang Hee-Chan,Hee-Chan Hwang,Midfielder,WOL,0,0,0,2,1
2293126,Semedo,Nelson Semedo,Defender,WOL,3,0,3,5,1
2293126,Podence,Daniel Podence,Midfielder,WOL,0,0,0,0,0
2293126,Kilman,Max Kilman,Defender,WOL,2,1,0,2,1
2293126,Neto,Pedro Neto,Midfielder,WOL,0,0,0,1,0
2293126,Matheus Cunha,Matheus Santos Carneiro Da Cunha,Forward,WOL,0,1,1,8,1
2293126,João Gomes,João Victor Gomes da Silva,Midfielder,WOL,0,0,0,11,2
2293126,Matheus Nunes,Matheus Luiz Nunes,Midfielder,WOL,0,0,0,7,0
2293126,Toti,Toti António Gomes,Defender,WOL,1,1,0,6,0
2293127,Milner,James Milner,Midfielder,LIV,0,0,0,0,0
2293127,Henderson (Jordan),Jordan Henderson,Midfielder,LIV,0,0,0,2,2
2293127,Thiago Alcántara,Thiago Alcántara do Nascimento,Midfielder,LIV,1,0,1,1,0
2293127,van Dijk,Virgil van Dijk,Defender,LIV,3,0,1,6,0
2293127,Alisson,Alisson Ramses Becker,Goalkeeper,LIV,0,0,0,12,0
2293127,Fabinho,Fabio Henrique Tavares,Midfielder,LIV,0,0,0,3,2
2293127,Salah,Mohamed Salah,Midfielder,LIV,0,0,0,3,0
2293127,Robertson (Andrew),Andrew Robertson,Defender,LIV,0,0,0,7,1
2293127,Alexander-Arnold,Trent Alexander-Arnold,Defender,LIV,1,0,1,10,1
2293127,Diogo Jota,Diogo José Teixeira da Silva,Midfielder,LIV,2,0,0,2,0
2293127,Konaté,Ibrahima Konaté,Defender,LIV,4,0,2,1,2
2293127,Jones (Curtis),Curtis Jones,Midfielder,LIV,0,0,0,1,0
2293127,Gakpo,Cody Gakpo,Forward,LIV,0,0,0,1,0
2293127,Díaz,Luis Díaz,Midfielder,LIV,0,0,0,0,0
2293127,Núñez,Darwin Núñez,Forward,LIV,0,0,0,1,0
2293127,Navas,Keylor Navas,Goalkeeper,NFO,0,0,0,7,0
2293127,Ayew (André),André Ayew,Midfielder,NFO,0,0,0,0,0
2293127,Freuler,Remo Freuler,Midfielder,NFO,3,0,1,5,1
2293127,Felipe,Felipe Augusto de Almeida Monteiro,Defender,NFO,5,1,2,8,2
2293127,McKenna,Scott McKenna,Defender,NFO,0,0,1,1,0
2293127,Mangala,Orel Mangala,Midfielder,NFO,2,0,0,5,3
2293127,Niakhaté,Moussa Niakhaté,Defender,NFO,5,3,5,4,0
2293127,Worrall,Joe Worrall,Defender,NFO,3,0,1,1,1
2293127,Awoniyi,Taiwo Awoniyi,Forward,NFO,1,1,0,3,0
2293127,Williams (Neco),Neco Williams,Defender,NFO,2,1,2,4,3
2293127,Surridge,Sam Surridge,Forward,NFO,0,0,0,0,0
2293127,Gibbs-White,Morgan Gibbs-White,Midfielder,NFO,0,0,0,2,0
2293127,Dennis (Emmanuel),Emmanuel Bonaventure Dennis,Forward,NFO,0,0,0,1,1
2293127,Renan Lodi,Renan Augusto Lodi dos Santos,Defender,NFO,4,0,0,7,0
2293127,Johnson (Brennan),Brennan Johnson,Midfielder,NFO,0,0,0,0,0
2293127,Danilo,Danilo dos Santos de Oliveira,Midfielder,NFO,2,0,0,3,0
2293128,Azpilicueta,César Azpilicueta,Defender,CHE,4,1,2,3,2
2293128,Kepa,Kepa Arrizabalaga Revuelta,Goalkeeper,CHE,0,0,0,9,0
2293128,Ziyech,Hakim Ziyech,Midfielder,CHE,0,0,0,0,0
2293128,Loftus-Cheek,Ruben Loftus-Cheek,Midfielder,CHE,0,0,0,2,0
2293128,Pulisic,Christian Pulisic,Midfielder,CHE,0,0,0,2,0
2293128,Chalobah (Trevoh),Trevoh Chalobah,Defender,CHE,1,2,1,7,1
2293128,Havertz,Kai Havertz,Midfielder,CHE,0,0,0,1,0
2293128,Gallagher,Conor Gallagher,Midfielder,CHE,0,0,1,4,2
2293128,Madueke,Noni Madueke,Midfielder,CHE,0,0,0,4,0
2293128,João Félix,João Félix Sequeira,Forward,CHE,0,0,0,0,0
2293128,Fofana (Wesley),Wesley Fofana,Defender,CHE,1,2,0,8,0
2293128,Fernández (Enzo),Enzo Fernández,Midfielder,CHE,0,0,1,9,3
2293128,Mudryk,Mykhailo Mudryk,Midfielder,CHE,1,0,0,2,2
2293128,Chukwuemeka,Carney Chukwuemeka,Midfielder,CHE,0,0,1,4,1
2293128,Lewis Hall,Lewis Hall,Defender,CHE,1,0,0,8,2
2293128,Fofana (David Datro),David Datro Fofana,Forward,CHE,0,0,0,1,0
2293128,De Gea,David De Gea,Goalkeeper,MUN,0,0,0,5,0
2293128,Casemiro,Carlos Henrique Jose Francisco Venancio,Midfielder,MUN,1,1,0,13,2
2293128,Eriksen,Christian Eriksen,Midfielder,MUN,0,0,0,3,0
2293128,Varane,Raphael Varane,Defender,MUN,1,0,0,3,1
2293128,Fred,Frederico Rodrigues de Paula Santos,Midfielder,MUN,0,1,1,3,0
2293128,Shaw,Luke Shaw,Defender,MUN,1,0,0,2,1
2293128,Bruno Fernandes,Bruno Miguel Borges Fernandes,Midfielder,MUN,0,0,0,5,1
2293128,Martial,Anthony Martial,Forward,MUN,0,0,0,2,0
2293128,Rashford,Marcus Rashford,Midfielder,MUN,0,0,0,2,0
2293128,Lindelof,Victor Nilsson-Lindelof,Defender,MUN,1,1,2,4,3
2293128,McTominay,Scott McTominay,Midfielder,MUN,0,0,0,0,0
2293128,Sancho,Jadon Sancho,Midfielder,MUN,0,0,0,5,0
2293128,Wan-Bissaka,Aaron Wan-Bissaka,Defender,MUN,4,1,1,4,2
2293128,Malacia,Tyrell Malacia,Defender,MUN,3,0,0,2,0
2293128,Antony,Antony Matheus dos Santos,Midfielder,MUN,0,0,0,1,0
2293128,Garnacho,Alejandro Garnacho Ferreyra,Midfielder,MUN,0,0,0,0,0
2293129,Wilson (Callum),Callum Wilson,Forward,NEW,0,0,0,0,0
2293129,Trippier,Kieran Trippier,Defender,NEW,1,0,0,3,0
2293129,Burn,Dan Burn,Defender,NEW,3,1,1,4,1
2293129,Pope,Nick Pope,Goalkeeper,NEW,0,0,0,9,0
2293129,Lascelles,Jamaal Lascelles,Defender,NEW,1,0,0,1,0
2293129,Manquillo,Javier Manquillo,Defender,NEW,1,0,1,4,1
2293129,Murphy (Jacob),Jacob Murphy,Midfielder,NEW,0,0,1,4,0
2293129,Schär,Fabian Schär,Defender,NEW,0,0,1,5,4
2293129,Almirón,Miguel Almirón,Midfielder,NEW,0,0,0,2,0
2293129,Longstaff (Sean),Sean Longstaff,Midfielder,NEW,0,0,0,3,0
2293129,Joelinton,Joelinton Cássio Apolinário de Lira,Midfielder,NEW,1,0,2,4,0
2293129,Willock,Joseph Willock,Midfielder,NEW,0,0,0,2,0
2293129,Bruno Guimarães,Bruno Guimarães Rodriguez Moura,Midfielder,NEW,0,0,0,14,1
2293129,Isak,Alexander Isak,Forward,NEW,0,0,0,2,0
2293129,Botman,Sven Botman,Defender,NEW,1,2,0,4,0
2293129,Gordon (Anthony),Anthony Gordon,Midfielder,NEW,0,0,0,1,0
2293129,Lloris,Hugo Lloris,Goalkeeper,TOT,0,0,0,1,0
2293129,Forster,Fraser Forster,Goalkeeper,TOT,0,0,0,2,0
2293129,Perisic,Ivan Perisic,Defender,TOT,4,0,1,4,2
2293129,Kane,Harry Kane,Forward,TOT,0,0,0,1,0
2293129,Son,Heung-Min Son,Midfielder,TOT,0,0,0,3,0
2293129,Dier,Eric Dier,Defender,TOT,0,2,0,9,1
2293129,Højbjerg,Pierre-Emile Højbjerg,Midfielder,TOT,1,2,1,6,0
2293129,Sánchez,Davinson Sánchez,Defender,TOT,1,2,1,3,2
2293129,Skipp,Oliver Skipp,Midfielder,TOT,2,1,3,5,1
2293129,Richarlison,Richarlison de Andrade,Midfielder,TOT,0,0,0,0,0
2293129,Danjuma Groeneveld,Arnaut Danjuma Groeneveld,Midfielder,TOT,0,0,0,0,0
2293129,Romero,Cristian Romero,Defender,TOT,7,3,1,5,0
2293129,Porro,Pedro Porro,Defender,TOT,1,0,0,14,3
2293129,Kulusevski,Dejan Kulusevski,Midfielder,TOT,0,0,0,6,1
2293129,Sarr (Pape),Pape Sarr,Midfielder,TOT,0,0,0,1,1
2293130,Young (Ashley),Ashley Young,Defender,AVL,1,0,0,3,1
2293130,Martinez,Emiliano Martinez,Goalkeeper,AVL,0,0,0,8,0
2293130,Chambers (Calum),Calum Chambers,Defender,AVL,2,0,0,0,0
2293130,Digne,Lucas Digne,Defender,AVL,0,0,0,0,0
2293130,Álex Moreno,Alexandre Moreno Lopera,Defender,AVL,3,0,0,1,0
2293130,Traore (Bertrand),Bertrand Traore,Midfielder,AVL,0,0,0,2,0
2293130,McGinn,John McGinn,Midfielder,AVL,2,0,0,8,1
2293130,Mings,Tyrone Mings,Defender,AVL,2,0,0,4,0
2293130,Dendoncker (Leander),Leander Dendoncker,Midfielder,AVL,1,0,0,4,0
2293130,Watkins,Ollie Watkins,Forward,AVL,0,0,0,2,1
2293130,Buendía,Emiliano Buendía,Midfielder,AVL,0,0,0,1,1
2293130,Konsa Ngoyo,Ezri Konsa Ngoyo,Defender,AVL,7,0,0,3,0
2293130,Douglas Luiz,Douglas Luiz Soares de Paulo,Midfielder,AVL,1,0,2,6,2
2293130,Ramsey (Jacob),Jacob Ramsey,Midfielder,AVL,1,0,0,2,1
2293130,Cedric,Cedric Ricardo Alves Soares,Defender,FUL,0,0,0,0,0
2293130,Cairney,Tom Cairney,Midfielder,FUL,0,1,0,1,0
2293130,Leno,Bernd Leno,Goalkeeper,FUL,0,0,0,6,0
2293130,Ream,Tim Ream,Defender,FUL,2,2,0,3,1
2293130,Kebano,Neeskens Kebano,Midfielder,FUL,0,0,0,3,0
2293130,DeCordova-Reid,Bobby DeCordova-Reid,Midfielder,FUL,0,0,1,6,0
2293130,Tosin,Oluwatosin Adarabioyo,Defender,FUL,6,2,0,11,1
2293130,Reed,Harrison Reed,Midfielder,FUL,0,1,0,4,1
2293130,Wilson (Harry),Harry Wilson,Midfielder,FUL,0,0,0,1,0
2293130,João Palhinha,João Maria Lobo Alves Palhinha Gonçalves,Midfielder,FUL,3,0,0,3,2
2293130,Pereira,Andreas Pereira,Midfielder,FUL,0,0,0,2,0
2293130,Tete,Kenny Tete,Defender,FUL,0,1,3,6,1
2293130,Robinson (Antonee),Antonee Robinson,Defender,FUL,2,0,2,3,2
2293130,James (Daniel),Daniel James,Midfielder,FUL,1,0,0,2,0
2293130,Solomon,Manor Solomon,Midfielder,FUL,0,0,0,3,0
2293130,Carlos Vinicius,Carlos Vinicius Alves Morais,Forward,FUL,0,0,0,0,0
2293131,Tarkowski,James Tarkowski,Defender,EVE,4,1,2,7,1
2293131,Gueye,Idrissa Gueye,Midfielder,EVE,0,0,1,13,2
2293131,Keane,Michael Keane,Defender,EVE,4,1,3,8,1
2293131,Pickford,Jordan Pickford,Goalkeeper,EVE,0,0,0,7,0
2293131,Maupay,Neal Maupay,Forward,EVE,0,0,0,0,0
2293131,Doucouré,Abdoulaye Doucouré,Midfielder,EVE,0,1,1,5,2
2293131,Iwobi,Alex Iwobi,Midfielder,EVE,1,0,1,6,1
2293131,Calvert-Lewin,Dominic Calvert-Lewin,Forward,EVE,3,0,0,1,0
2293131,Godfrey,Ben Godfrey,Defender,EVE,4,1,1,2,0
2293131,Simms,Ellis Simms,Forward,EVE,0,0,0,0,0
2293131,Mykolenko,Vitaliy Mykolenko,Defender,EVE,2,0,3,8,0
2293131,Garner,James Garner,Midfielder,EVE,0,0,0,2,0
2293131,McNeil,Dwight McNeil,Midfielder,EVE,1,1,0,4,0
2293131,Mvom Onana,Amadou Mvom Onana,Midfielder,EVE,5,0,5,9,2
2293131,Wilson (Callum),Callum Wilson,Forward,NEW,0,0,0,2,1
2293131,Trippier,Kieran Trippier,Defender,NEW,3,0,0,8,1
2293131,Burn,Dan Burn,Defender,NEW,0,0,0,4,0
2293131,Pope,Nick Pope,Goalkeeper,NEW,0,0,0,15,0
2293131,Murphy (Jacob),Jacob Murphy,Midfielder,NEW,0,0,0,1,0
2293131,Schär,Fabian Schär,Defender,NEW,5,1,1,2,0
2293131,Targett,Matt Targett,Defender,NEW,1,0,1,6,0
2293131,Almirón,Miguel Almirón,Midfielder,NEW,1,0,0,5,0
2293131,Longstaff (Sean),Sean Longstaff,Midfielder,NEW,1,1,0,5,0
2293131,Joelinton,Joelinton Cássio Apolinário de Lira,Midfielder,NEW,0,0,3,4,0
2293131,Willock,Joseph Willock,Midfielder,NEW,0,0,2,1,0
2293131,Bruno Guimarães,Bruno Guimarães Rodriguez Moura,Midfielder,NEW,1,0,1,9,3
2293131,Anderson (Elliot),Elliot Anderson,Midfielder,NEW,0,0,0,0,0
2293131,Isak,Alexander Isak,Forward,NEW,0,0,0,0,0
2293131,Botman,Sven Botman,Defender,NEW,2,1,1,7,2
2293131,Gordon (Anthony),Anthony Gordon,Midfielder,NEW,0,0,0,1,0
2293132,Cooper,Liam Cooper,Defender,LEE,6,1,2,6,0
2293132,Ayling,Luke Ayling,Defender,LEE,1,1,2,7,1
2293132,Rodrigo,Rodrigo Moreno Machado,Midfielder,LEE,1,0,1,4,1
2293132,Bamford,Patrick Bamford,Forward,LEE,2,2,0,2,0
2293132,Koch,Robin Koch,Defender,LEE,4,0,0,3,0
2293132,Harrison,Jack Harrison,Midfielder,LEE,2,0,3,7,0
2293132,Sinisterra,Luis Sinisterra,Midfielder,LEE,0,0,0,3,0
2293132,Roca,Marc Roca,Midfielder,LEE,3,1,0,11,1
2293132,McKennie,Weston McKennie,Midfielder,LEE,1,0,0,8,0
2293132,Aaronson,Brenden Aaronson,Midfielder,LEE,0,0,0,0,2
2293132,Meslier,Illan Meslier,Goalkeeper,LEE,1,0,0,7,0
2293132,Firpo,Junior Firpo,Defender,LEE,2,1,0,4,3
2293132,Summerville,Crysencio Summerville,Midfielder,LEE,2,0,3,4,3
2293132,Vardy,Jamie Vardy,Forward,LEI,0,0,0,0,0
2293132,Praet,Dennis Praet,Midfielder,LEI,0,0,0,1,0
2293132,Castagne,Timothy Castagne,Defender,LEI,4,0,0,5,1
2293132,Tielemans,Youri Tielemans,Midfielder,LEI,2,0,3,7,3
2293132,Maddison,James Maddison,Midfielder,LEI,0,0,0,1,1
2293132,Iheanacho,Kelechi Iheanacho,Forward,LEI,1,0,0,3,0
2293132,Barnes,Harvey Barnes,Midfielder,LEI,1,0,0,0,0
2293132,Iversen,Daniel Iversen,Goalkeeper,LEI,1,0,0,9,0
2293132,Söyüncü,Caglar Söyüncü,Defender,LEI,1,2,0,7,2
2293132,Faes,Wout Faes,Defender,LEI,2,1,0,7,0
2293132,Tetê,Mateus Cardoso Lemos Martins,Midfielder,LEI,0,0,0,2,0
2293132,Soumaré,Boubakary Soumaré,Midfielder,LEI,0,1,2,13,4
2293132,Daka,Patson Daka,Forward,LEI,0,0,0,4,1
2293132,Kristiansen,Victor Kristiansen,Defender,LEI,2,0,0,6,1
2293133,Steele,Jason Steele,Goalkeeper,BHA,1,0,0,7,0
2293133,Welbeck,Danny Welbeck,Forward,BHA,0,0,0,1,0
2293133,Groß,Pascal Groß,Midfielder,BHA,0,0,0,3,3
2293133,Dunk,Lewis Dunk,Defender,BHA,4,2,1,15,0
2293133,March,Solomon March,Midfielder,BHA,1,0,0,2,3
2293133,Estupiñán,Pervis Estupiñán,Defender,BHA,0,0,1,7,0
2293133,Mac Allister,Alexis Mac Allister,Midfielder,BHA,1,0,0,8,2
2293133,Offiah,Odeluga Offiah,Defender,BHA,0,0,0,0,0
2293133,Undav,Deniz Undav,Forward,BHA,0,0,0,1,0
2293133,Mitoma,Kaoru Mitoma,Midfielder,BHA,0,0,1,2,0
2293133,Colwill,Levi Colwill,Defender,BHA,3,0,1,6,1
2293133,Enciso,Julio Enciso,Midfielder,BHA,0,0,1,3,0
2293133,Moises Caicedo,Moises Caicedo,Midfielder,BHA,3,0,2,3,0
2293133,Buonanotte,Facundo Buonanotte,Midfielder,BHA,2,0,0,4,0
2293133,Navas,Keylor Navas,Goalkeeper,NFO,1,0,0,10,0
2293133,Ayew (André),André Ayew,Midfielder,NFO,0,0,0,1,1
2293133,Kouyaté,Cheikhou Kouyaté,Midfielder,NFO,2,0,0,3,1
2293133,Aurier,Serge Aurier,Defender,NFO,3,0,3,4,2
2293133,Toffolo,Harry Toffolo,Defender,NFO,0,0,0,0,0
2293133,Felipe,Felipe Augusto de Almeida Monteiro,Defender,NFO,0,0,1,4,0
2293133,Mangala,Orel Mangala,Midfielder,NFO,2,1,3,4,1
2293133,Niakhaté,Moussa Niakhaté,Defender,NFO,0,0,1,1,0
2293133,Worrall,Joe Worrall,Defender,NFO,4,1,1,6,1
2293133,Awoniyi,Taiwo Awoniyi,Forward,NFO,0,0,2,5,0
2293133,Williams (Neco),Neco Williams,Defender,NFO,4,0,0,1,2
2293133,Gibbs-White,Morgan Gibbs-White,Midfielder,NFO,0,0,1,1,0
2293133,Renan Lodi,Renan Augusto Lodi dos Santos,Defender,NFO,2,1,0,4,1
2293133,Johnson (Brennan),Brennan Johnson,Midfielder,NFO,0,0,0,5,2
2293133,Danilo,Danilo dos Santos de Oliveira,Midfielder,NFO,1,1,2,6,0
2293134,De Gea,David De Gea,Goalkeeper,MUN,0,0,0,5,0
2293134,Casemiro,Carlos Henrique Jose Francisco Venancio,Midfielder,MUN,5,0,1,9,1
2293134,Eriksen,Christian Eriksen,Midfielder,MUN,0,0,0,2,0
2293134,Fred,Frederico Rodrigues de Paula Santos,Midfielder,MUN,0,0,0,3,0
2293134,Shaw,Luke Shaw,Defender,MUN,1,1,3,10,1
2293134,Weghorst,Wout Weghorst,Forward,MUN,0,0,0,1,1
2293134,Bruno Fernandes,Bruno Miguel Borges Fernandes,Midfielder,MUN,1,0,1,3,0
2293134,Martial,Anthony Martial,Forward,MUN,0,0,0,1,1
2293134,Rashford,Marcus Rashford,Midfielder,MUN,1,0,1,4,0
2293134,Lindelof,Victor Nilsson-Lindelof,Defender,MUN,5,1,1,4,1
2293134,Sancho,Jadon Sancho,Midfielder,MUN,1,1,0,3,0
2293134,Wan-Bissaka,Aaron Wan-Bissaka,Defender,MUN,1,0,1,3,2
2293134,Dalot,José Diogo Dalot Teixeira,Defender,MUN,1,0,3,8,2
2293134,Malacia,Tyrell Malacia,Defender,MUN,2,0,1,0,4
2293134,Antony,Antony Matheus dos Santos,Midfielder,MUN,0,0,2,1,0
2293134,Forster,Fraser Forster,Goalkeeper,TOT,1,0,0,4,0
2293134,Perisic,Ivan Perisic,Defender,TOT,1,1,1,5,0
2293134,Kane,Harry Kane,Forward,TOT,0,0,0,10,1
2293134,Son,Heung-Min Son,Midfielder,TOT,0,0,0,4,1
2293134,Dier,Eric Dier,Defender,TOT,4,1,1,8,1
2293134,Davies (Ben),Ben Davies,Defender,TOT,0,0,0,0,0
2293134,Højbjerg,Pierre-Emile Højbjerg,Midfielder,TOT,4,0,1,3,0
2293134,Lenglet,Clément Lenglet,Defender,TOT,3,0,1,2,0
2293134,Tanganga,Japhet Tanganga,Defender,TOT,1,0,0,0,0
2293134,Skipp,Oliver Skipp,Midfielder,TOT,1,0,2,5,2
2293134,Richarlison,Richarlison de Andrade,Midfielder,TOT,2,0,0,3,1
2293134,Danjuma Groeneveld,Arnaut Danjuma Groeneveld,Midfielder,TOT,0,0,0,0,0
2293134,Romero,Cristian Romero,Defender,TOT,4,3,4,8,4
2293134,Porro,Pedro Porro,Defender,TOT,3,0,2,6,2
2293134,Kulusevski,Dejan Kulusevski,Midfielder,TOT,0,0,1,5,1
2293135,Milner,James Milner,Midfielder,LIV,0,0,0,1,1
2293135,Henderson (Jordan),Jordan Henderson,Midfielder,LIV,1,0,1,4,0
2293135,Matip,Joel Matip,Defender,LIV,4,0,4,6,1
2293135,Thiago Alcántara,Thiago Alcántara do Nascimento,Midfielder,LIV,0,0,1,4,0
2293135,van Dijk,Virgil van Dijk,Defender,LIV,7,0,1,7,0
2293135,Alisson,Alisson Ramses Becker,Goalkeeper,LIV,0,0,0,10,0
2293135,Fabinho,Fabio Henrique Tavares,Midfielder,LIV,3,1,3,6,3
2293135,Salah,Mohamed Salah,Midfielder,LIV,0,0,0,5,0
2293135,Robertson (Andrew),Andrew Robertson,Defender,LIV,0,0,1,10,0
2293135,Alexander-Arnold,Trent Alexander-Arnold,Defender,LIV,2,0,4,6,0
2293135,Diogo Jota,Diogo José Teixeira da Silva,Midfielder,LIV,0,0,0,5,3
2293135,Jones (Curtis),Curtis Jones,Midfielder,LIV,0,0,2,4,3
2293135,Gakpo,Cody Gakpo,Forward,LIV,0,0,1,7,0
2293135,Díaz,Luis Díaz,Midfielder,LIV,0,0,0,2,0
2293135,Núñez,Darwin Núñez,Forward,LIV,0,0,0,0,0
2293135,Fabianski,Lukasz Fabianski,Goalkeeper,WHU,1,0,0,4,0
2293135,Cresswell (Aaron),Aaron Cresswell,Defender,WHU,1,0,1,7,0
2293135,Antonio,Michail Antonio,Forward,WHU,0,0,0,1,0
2293135,Ings,Danny Ings,Forward,WHU,0,0,0,0,1
2293135,Zouma,Kurt Zouma,Defender,WHU,4,1,8,8,0
2293135,Cornet,Maxwel Cornet,Midfielder,WHU,0,0,1,1,0
2293135,Coufal,Vladimir Coufal,Defender,WHU,0,0,2,15,1
2293135,Benrahma,Said Benrahma,Midfielder,WHU,1,0,0,2,0
2293135,Bowen,Jarrod Bowen,Midfielder,WHU,0,1,1,6,1
2293135,Rice,Declan Rice,Midfielder,WHU,1,1,4,15,0
2293135,Aguerd,Nayef Aguerd,Defender,WHU,4,4,0,8,2
2293135,Soucek,Tomas Soucek,Midfielder,WHU,1,0,1,3,2
2293135,Lucas Paquetá,Lucas Tolentino Coelho de Lima,Midfielder,WHU,0,0,0,4,4
2293136,Ward (Joel),Joel Ward,Defender,CRY,1,0,0,0,1
2293136,Milivojevic,Luka Milivojevic,Midfielder,CRY,0,1,0,1,0
2293136,Ayew (Jordan),Jordan Ayew,Midfielder,CRY,0,0,0,1,0
2293136,Schlupp,Jeffrey Schlupp,Midfielder,CRY,0,0,0,1,1
2293136,Johnstone,Sam Johnstone,Goalkeeper,CRY,1,0,0,6,0
2293136,Hughes (Will),Will Hughes,Midfielder,CRY,2,1,1,4,0
2293136,Andersen,Joachim Andersen,Defender,CRY,1,0,0,2,0
2293136,Edouard,Odsonne Edouard,Forward,CRY,0,0,0,0,0
2293136,Marc Guehi,Addji Keaninkin Marc-Israel Guehi,Defender,CRY,4,0,1,9,0
2293136,Mateta,Jean-Philippe Mateta,Forward,CRY,0,0,0,0,0
2293136,Eze,Eberechi Eze,Midfielder,CRY,1,0,0,7,0
2293136,Mitchell,Tyrick Mitchell,Defender,CRY,1,0,2,6,2
2293136,Richards (Chris),Chris Richards,Defender,CRY,3,0,0,7,1
2293136,Sambi Lokonga,Albert Sambi Lokonga,Midfielder,CRY,1,0,0,1,0
2293136,Olise,Michael Olise,Midfielder,CRY,0,0,2,2,1
2293136,Costa,Diego Da Silva Costa,Forward,WOL,3,0,0,1,1
2293136,Dawson,Craig Dawson,Defender,WOL,4,2,0,4,0
2293136,José Sá,José Pedro Malheiro de Sá,Goalkeeper,WOL,0,0,0,7,0
2293136,Lemina (Mario),Mario Lemina,Midfielder,WOL,2,0,0,8,0
2293136,Traoré (Adama),Adama Traoré,Midfielder,WOL,1,0,0,1,0
2293136,Ruben Neves,Rúben Diogo da Silva Neves,Midfielder,WOL,2,1,4,9,2
2293136,Hwang Hee-Chan,Hee-Chan Hwang,Midfielder,WOL,1,0,1,4,2
2293136,Semedo,Nelson Semedo,Defender,WOL,5,0,1,8,1
2293136,Kilman,Max Kilman,Defender,WOL,5,2,0,2,0
2293136,Neto,Pedro Neto,Midfielder,WOL,0,0,0,0,0
2293136,Matheus Cunha,Matheus Santos Carneiro Da Cunha,Forward,WOL,0,0,0,3,0
2293136,Collins,Nathan Collins,Defender,WOL,0,0,0,0,0
2293136,João Gomes,João Victor Gomes da Silva,Midfielder,WOL,0,1,1,4,1
2293136,Matheus Nunes,Matheus Luiz Nunes,Midfielder,WOL,1,0,1,3,0
2293136,Bueno (Hugo),Hugo Bueno,Defender,WOL,4,0,0,4,1
2293136,Toti,Toti António Gomes,Defender,WOL,0,0,0,1,0
2293137,Zanka,Mathias Jorgensen,Defender,BRE,3,1,0,5,0
2293137,Mee,Ben Mee,Defender,BRE,3,1,0,5,1
2293137,Toney,Ivan Toney,Forward,BRE,0,0,1,2,0
2293137,Raya Martin,David Raya Martin,Goalkeeper,BRE,0,0,0,8,0
2293137,Henry,Rico Henry,Defender,BRE,1,0,0,7,0
2293137,Janelt,Vitaly Janelt,Midfielder,BRE,2,1,4,7,1
2293137,Jensen,Mathias Jensen,Midfielder,BRE,0,0,2,1,0
2293137,Wissa,Yoane Wissa,Forward,BRE,0,0,0,5,0
2293137,Roerslev,Mads Roerslev,Defender,BRE,1,0,0,3,0
2293137,Pinnock,Ethan Pinnock,Defender,BRE,10,0,1,2,1
2293137,Onyeka,Frank Onyeka,Midfielder,BRE,2,0,0,2,1
2293137,Baptiste (Shandon),Shandon Baptiste,Midfielder,BRE,1,0,1,4,1
2293137,Damsgaard,Mikkel Damsgaard,Midfielder,BRE,0,0,0,4,1
2293137,Mbeumo,Bryan Mbeumo,Midfielder,BRE,0,0,0,2,0
2293137,Hickey,Aaron Hickey,Defender,BRE,0,0,0,0,0
2293137,Schade,Kevin Schade,Midfielder,BRE,0,0,0,1,0
2293137,Azpilicueta,César Azpilicueta,Defender,CHE,1,0,1,1,0
2293137,Thiago Silva,Thiago Emiliano da Silva,Defender,CHE,2,0,1,5,1
2293137,Aubameyang,Pierre-Emerick Aubameyang,Forward,CHE,0,0,0,0,0
2293137,Kovacic,Mateo Kovacic,Midfielder,CHE,1,0,1,5,0
2293137,Sterling (Raheem),Raheem Sterling,Midfielder,CHE,0,0,0,0,0
2293137,Kepa,Kepa Arrizabalaga Revuelta,Goalkeeper,CHE,1,0,0,6,0
2293137,Kanté,N'Golo Kanté,Midfielder,CHE,1,0,1,11,2
2293137,Chilwell,Benjamin Chilwell,Defender,CHE,2,1,1,7,0
2293137,Chalobah (Trevoh),Trevoh Chalobah,Defender,CHE,1,0,4,3,0
2293137,Gallagher,Conor Gallagher,Midfielder,CHE,0,0,0,1,1
2293137,Madueke,Noni Madueke,Midfielder,CHE,0,0,0,1,0
2293137,João Félix,João Félix Sequeira,Forward,CHE,0,0,0,0,0
2293137,Fofana (Wesley),Wesley Fofana,Defender,CHE,6,0,0,7,2
2293137,Fernández (Enzo),Enzo Fernández,Midfielder,CHE,3,0,0,5,0
2293137,Mudryk,Mykhailo Mudryk,Midfielder,CHE,0,0,0,4,0
2293138,Xhaka,Granit Xhaka,Midfielder,ARS,0,0,0,2,0
2293138,Jorginho,Jorge Luiz Frello Filho,Midfielder,ARS,0,0,2,2,0
2293138,Trossard,Leandro Trossard,Midfielder,ARS,0,0,0,0,0
2293138,Holding,Rob Holding,Defender,ARS,2,1,1,7,1
2293138,Partey,Thomas Partey,Midfielder,ARS,1,0,0,5,1
2293138,Odegaard,Martin Odegaard,Midfielder,ARS,0,0,0,7,0
2293138,White (Ben),Ben White,Defender,ARS,3,1,1,3,0
2293138,Nelson (Reiss),Reiss Nelson,Midfielder,ARS,0,0,0,1,0
2293138,Eddie Nketiah,Edward Nketiah,Forward,ARS,0,0,0,0,0
2293138,Jesus,Gabriel Fernando de Jesus,Forward,ARS,0,0,0,1,1
2293138,Zinchenko,Oleksandr Zinchenko,Defender,ARS,1,0,1,8,0
2293138,Smith-Rowe,Emile Smith-Rowe,Midfielder,ARS,0,0,0,1,0
2293138,Saka,Bukayo Saka,Midfielder,ARS,1,0,0,0,0
2293138,Ramsdale,Aaron Ramsdale,Goalkeeper,ARS,2,0,0,3,0
2293138,Gabriel Magalhães,Gabriel dos Santos Magalhães,Defender,ARS,1,0,0,4,0
2293138,Martinelli,Gabriel Teodoro Martinelli Silva,Midfielder,ARS,1,0,0,0,1
2293138,Walker,Kyle Walker,Defender,MCI,2,0,4,4,1
2293138,Gundogan,Ilkay Gundogan,Midfielder,MCI,0,0,2,5,0
2293138,De Bruyne,Kevin De Bruyne,Midfielder,MCI,0,0,0,3,0
2293138,Stones,John Stones,Defender,MCI,0,0,0,0,1
2293138,Mahrez,Riyad Mahrez,Midfielder,MCI,0,0,0,0,0
2293138,Grealish,Jack Grealish,Midfielder,MCI,0,0,1,6,1
2293138,Ederson,Ederson Santana de Moraes,Goalkeeper,MCI,0,0,0,5,0
2293138,Bernardo Silva,Bernardo Mota Veiga de Carvalho e Silva,Midfielder,MCI,0,0,1,2,1
2293138,Rúben Dias,Rúben Santos Gato Alves Dias,Defender,MCI,1,0,1,6,0
2293138,Foden,Phil Foden,Midfielder,MCI,0,0,0,2,0
2293138,Akanji,Manuel Akanji,Defender,MCI,1,0,0,2,2
2293138,Rodri,Rodrigo Hernández Cascante,Midfielder,MCI,2,1,0,8,1
2293138,Haaland,Erling Haaland,Forward,MCI,0,1,0,3,0
2293138,Álvarez,Julián Álvarez,Forward,MCI,1,0,0,0,1
2293139,Smith (Adam),Adam Smith,Defender,BOU,2,0,0,0,0
2293139,Neto,Norberto Murara Neto,Goalkeeper,BOU,1,0,0,4,0
2293139,Moore (Kieffer),Kieffer Moore,Forward,BOU,1,0,0,0,0
2293139,Lerma,Jefferson Lerma,Midfielder,BOU,0,0,3,10,1
2293139,Solanke,Dominic Solanke,Forward,BOU,1,0,0,0,0
2293139,Rothwell,Joe Rothwell,Midfielder,BOU,0,1,2,10,4
2293139,Christie,Ryan Christie,Midfielder,BOU,2,0,0,7,1
2293139,Billing,Philip Billing,Midfielder,BOU,4,0,1,2,1
2293139,Tavernier,Marcus Tavernier,Midfielder,BOU,0,1,0,7,1
2293139,Senesi,Marcos Senesi,Defender,BOU,2,1,0,4,0
2293139,Mepham,Chris Mepham,Defender,BOU,5,0,0,4,3
2293139,Kelly (Lloyd),Lloyd Kelly,Defender,BOU,8,0,0,10,0
2293139,Viña,Matias Viña,Defender,BOU,4,0,0,6,0
2293139,Zabarnyi,Illia Zabarnyi,Defender,BOU,2,0,0,0,1
2293139,Dango Ouattara,Dango Ouattara,Midfielder,BOU,0,0,0,0,0
2293139,Walcott,Theo Walcott,Midfielder,SOU,0,1,1,2,0
2293139,McCarthy,Alex McCarthy,Goalkeeper,SOU,1,0,0,10,0
2293139,Armstrong (Stuart),Stuart Armstrong,Midfielder,SOU,0,0,1,4,3
2293139,Elyounoussi,Mohammed Elyounoussi,Midfielder,SOU,1,0,1,3,1
2293139,Ward-Prowse,James Ward-Prowse,Midfielder,SOU,1,0,3,6,0
2293139,Maitland-Niles,Ainsley Maitland-Niles,Midfielder,SOU,1,0,0,3,0
2293139,Armstrong (Adam),Adam Armstrong,Forward,SOU,0,0,0,2,1
2293139,Walker-Peters,Kyle Walker-Peters,Defender,SOU,1,1,1,2,2
2293139,Bednarek,Jan Bednarek,Defender,SOU,4,2,4,7,1
2293139,Caleta-Car,Duje Caleta-Car,Defender,SOU,4,2,0,6,2
2293139,Adams (Che),Che Adams,Forward,SOU,0,0,0,2,0
2293139,Lyanco,Lyanco Evangelista Silveira Neves Vojnovic,Defender,SOU,3,3,0,2,0
2293139,Perraud,Romain Perraud,Defender,SOU,0,0,1,4,3
2293139,Alcaraz,Carlos Alcaraz,Midfielder,SOU,1,0,0,3,0
2293139,Sulemana,Kamaldeen Sulemana,Midfielder,SOU,0,0,0,0,0
2293139,Lavia,Romeo Lavia,Midfielder,SOU,1,0,1,5,2
2293140,Smith (Adam),Adam Smith,Defender,BOU,3,0,1,3,2
2293140,Neto,Norberto Murara Neto,Goalkeeper,BOU,0,0,0,10,0
2293140,Moore (Kieffer),Kieffer Moore,Forward,BOU,0,0,0,0,0
2293140,Lerma,Jefferson Lerma,Midfielder,BOU,1,0,0,6,0
2293140,Stacey,Jack Stacey,Defender,BOU,0,0,0,0,0
2293140,Solanke,Dominic Solanke,Forward,BOU,1,0,0,2,1
2293140,Cook (Lewis),Lewis Cook,Midfielder,BOU,1,0,0,1,0
2293140,Rothwell,Joe Rothwell,Midfielder,BOU,0,0,0,3,1
2293140,Christie,Ryan Christie,Midfielder,BOU,1,0,1,12,0
2293140,Billing,Philip Billing,Midfielder,BOU,1,0,0,0,0
2293140,Senesi,Marcos Senesi,Defender,BOU,5,1,1,9,2
2293140,Kelly (Lloyd),Lloyd Kelly,Defender,BOU,3,0,1,13,1
2293140,Viña,Matias Viña,Defender,BOU,2,0,1,4,0
2293140,Semenyo,Antoine Semenyo,Forward,BOU,0,0,0,0,0
2293140,Anthony,Jaidon Anthony,Midfielder,BOU,0,0,0,2,1
2293140,Dango Ouattara,Dango Ouattara,Midfielder,BOU,2,0,1,4,4
2293140,Cooper,Liam Cooper,Defender,LEE,1,2,1,0,0
2293140,Ayling,Luke Ayling,Defender,LEE,0,0,0,5,1
2293140,Forshaw,Adam Forshaw,Midfielder,LEE,0,0,1,2,0
2293140,Rodrigo,Rodrigo Moreno Machado,Midfielder,LEE,0,0,0,1,0
2293140,Bamford,Patrick Bamford,Forward,LEE,0,0,0,2,0
2293140,Koch,Robin Koch,Defender,LEE,6,0,0,7,1
2293140,Wöber,Maximilian Wöber,Defender,LEE,1,0,0,4,3
2293140,Harrison,Jack Harrison,Midfielder,LEE,3,1,0,7,0
2293140,Kristensen,Rasmus Kristensen,Defender,LEE,2,0,3,8,1
2293140,Roca,Marc Roca,Midfielder,LEE,0,0,0,8,0
2293140,McKennie,Weston McKennie,Midfielder,LEE,0,0,0,6,1
2293140,Meslier,Illan Meslier,Goalkeeper,LEE,1,0,0,8,0
2293140,Summerville,Crysencio Summerville,Midfielder,LEE,0,0,0,2,1
2293140,Gnonto,Degnand Wilfried Gnonto,Forward,LEE,0,0,1,4,0
2293141,Xhaka,Granit Xhaka,Midfielder,ARS,0,0,0,2,0
2293141,Jorginho,Jorge Luiz Frello Filho,Midfielder,ARS,0,1,0,9,0
2293141,Trossard,Leandro Trossard,Midfielder,ARS,0,0,0,6,0
2293141,Holding,Rob Holding,Defender,ARS,1,0,0,0,0
2293141,Partey,Thomas Partey,Midfielder,ARS,0,0,0,0,0
2293141,Odegaard,Martin Odegaard,Midfielder,ARS,2,0,1,5,0
2293141,Tierney,Kieran Tierney,Defender,ARS,1,0,0,0,1
2293141,White (Ben),Ben White,Defender,ARS,0,0,1,8,0
2293141,Nelson (Reiss),Reiss Nelson,Midfielder,ARS,0,0,0,2,0
2293141,Jesus,Gabriel Fernando de Jesus,Forward,ARS,1,0,0,6,0
2293141,Zinchenko,Oleksandr Zinchenko,Defender,ARS,2,0,1,5,2
2293141,Saka,Bukayo Saka,Midfielder,ARS,0,0,0,2,0
2293141,Ramsdale,Aaron Ramsdale,Goalkeeper,ARS,0,0,0,10,0
2293141,Gabriel Magalhães,Gabriel dos Santos Magalhães,Defender,ARS,1,0,1,1,1
2293141,Kiwior,Jakub Kiwior,Defender,ARS,4,1,3,7,0
2293141,Martinelli,Gabriel Teodoro Martinelli Silva,Midfielder,ARS,0,0,0,0,0
2293141,Azpilicueta,César Azpilicueta,Defender,CHE,2,0,0,1,2
2293141,Thiago Silva,Thiago Emiliano da Silva,Defender,CHE,7,4,0,5,1
2293141,Aubameyang,Pierre-Emerick Aubameyang,Forward,CHE,0,0,0,0,0
2293141,Kovacic,Mateo Kovacic,Midfielder,CHE,2,0,1,5,2
2293141,Sterling (Raheem),Raheem Sterling,Midfielder,CHE,0,0,0,4,0
2293141,Kepa,Kepa Arrizabalaga Revuelta,Goalkeeper,CHE,1,0,0,1,0
2293141,Kanté,N'Golo Kanté,Midfielder,CHE,0,0,1,10,1
2293141,Ziyech,Hakim Ziyech,Midfielder,CHE,0,0,0,1,0
2293141,Chilwell,Benjamin Chilwell,Defender,CHE,4,0,1,3,0
2293141,Chalobah (Trevoh),Trevoh Chalobah,Defender,CHE,0,0,0,0,0
2293141,Havertz,Kai Havertz,Midfielder,CHE,1,0,0,0,0
2293141,Gallagher,Conor Gallagher,Midfielder,CHE,0,0,0,1,1
2293141,Madueke,Noni Madueke,Midfielder,CHE,1,0,3,6,1
2293141,Fofana (Wesley),Wesley Fofana,Defender,CHE,3,0,1,5,2
2293141,Fernández (Enzo),Enzo Fernández,Midfielder,CHE,0,0,0,7,1
2293141,Mudryk,Mykhailo Mudryk,Midfielder,CHE,0,0,0,0,0
2293142,Mee,Ben Mee,Defender,BRE,3,1,2,10,0
2293142,Toney,Ivan Toney,Forward,BRE,0,0,0,2,0
2293142,Raya Martin,David Raya Martin,Goalkeeper,BRE,0,0,0,6,0
2293142,Dasilva,Pelenda Joshua Dasilva,Midfielder,BRE,0,0,0,4,0
2293142,Henry,Rico Henry,Defender,BRE,1,0,1,4,0
2293142,Janelt,Vitaly Janelt,Midfielder,BRE,0,0,2,7,0
2293142,Ghoddos,Saman Ghoddos,Midfielder,BRE,0,0,0,1,0
2293142,Jensen,Mathias Jensen,Midfielder,BRE,0,0,0,4,0
2293142,Wissa,Yoane Wissa,Forward,BRE,0,0,0,0,1
2293142,Pinnock,Ethan Pinnock,Defender,BRE,0,0,0,8,1
2293142,Onyeka,Frank Onyeka,Midfielder,BRE,0,0,0,0,0
2293142,Baptiste (Shandon),Shandon Baptiste,Midfielder,BRE,0,0,0,0,0
2293142,Damsgaard,Mikkel Damsgaard,Midfielder,BRE,1,0,1,2,0
2293142,Mbeumo,Bryan Mbeumo,Midfielder,BRE,0,0,0,3,1
2293142,Hickey,Aaron Hickey,Defender,BRE,0,0,0,7,1
2293142,Schade,Kevin Schade,Midfielder,BRE,0,0,0,2,1
2293142,Navas,Keylor Navas,Goalkeeper,NFO,0,0,0,8,0
2293142,Ayew (André),André Ayew,Midfielder,NFO,1,1,0,1,0
2293142,Kouyaté,Cheikhou Kouyaté,Midfielder,NFO,0,0,1,0,1
2293142,Aurier,Serge Aurier,Defender,NFO,7,0,0,4,1
2293142,Felipe,Felipe Augusto de Almeida Monteiro,Defender,NFO,5,0,1,3,2
2293142,Mangala,Orel Mangala,Midfielder,NFO,0,1,0,4,0
2293142,Niakhaté,Moussa Niakhaté,Defender,NFO,9,1,2,8,2
2293142,Yates,Ryan Yates,Midfielder,NFO,0,0,0,1,0
2293142,Worrall,Joe Worrall,Defender,NFO,7,0,0,4,2
2293142,Awoniyi,Taiwo Awoniyi,Forward,NFO,3,0,0,3,0
2293142,Gibbs-White,Morgan Gibbs-White,Midfielder,NFO,0,0,0,4,0
2293142,Renan Lodi,Renan Augusto Lodi dos Santos,Defender,NFO,2,0,1,8,2
2293142,Johnson (Brennan),Brennan Johnson,Midfielder,NFO,3,0,0,3,1
2293142,Danilo,Danilo dos Santos de Oliveira,Midfielder,NFO,4,0,2,8,2
2293143,Steele,Jason Steele,Goalkeeper,BHA,2,0,0,4,0
2293143,Welbeck,Danny Welbeck,Forward,BHA,1,0,0,5,0
2293143,Groß,Pascal Groß,Midfielder,BHA,1,0,1,7,1
2293143,Dunk,Lewis Dunk,Defender,BHA,2,0,2,7,2
2293143,March,Solomon March,Midfielder,BHA,3,0,2,4,2
2293143,Webster (Adam),Adam Webster,Defender,BHA,4,1,1,6,0
2293143,Veltman,Joël Veltman,Defender,BHA,1,0,0,2,0
2293143,Estupiñán,Pervis Estupiñán,Defender,BHA,0,1,1,8,0
2293143,Mac Allister,Alexis Mac Allister,Midfielder,BHA,0,0,0,0,0
2293143,Gilmour,Billy Gilmour,Midfielder,BHA,0,0,0,9,1
2293143,Undav,Deniz Undav,Forward,BHA,0,0,0,5,1
2293143,Mitoma,Kaoru Mitoma,Midfielder,BHA,0,0,0,1,2
2293143,Enciso,Julio Enciso,Midfielder,BHA,0,0,0,2,0
2293143,Moises Caicedo,Moises Caicedo,Midfielder,BHA,0,0,0,2,0
2293143,Ayari,Yasin Ayari,Midfielder,BHA,0,0,0,0,0
2293143,Buonanotte,Facundo Buonanotte,Midfielder,BHA,0,0,2,1,0
2293143,Costa,Diego Da Silva Costa,Forward,WOL,0,0,0,1,0
2293143,Dawson,Craig Dawson,Defender,WOL,2,0,1,1,1
2293143,José Sá,José Pedro Malheiro de Sá,Goalkeeper,WOL,0,0,0,4,0
2293143,Lemina (Mario),Mario Lemina,Midfielder,WOL,0,0,0,6,0
2293143,Traoré (Adama),Adama Traoré,Midfielder,WOL,0,0,0,0,0
2293143,Ruben Neves,Rúben Diogo da Silva Neves,Midfielder,WOL,1,1,1,6,0
2293143,Hwang Hee-Chan,Hee-Chan Hwang,Midfielder,WOL,0,1,1,1,0
2293143,Semedo,Nelson Semedo,Defender,WOL,0,0,1,2,2
2293143,Podence,Daniel Podence,Midfielder,WOL,0,0,1,1,0
2293143,Kilman,Max Kilman,Defender,WOL,3,1,2,8,2
2293143,Neto,Pedro Neto,Midfielder,WOL,0,1,0,4,0
2293143,Collins,Nathan Collins,Defender,WOL,3,3,0,2,1
2293143,João Gomes,João Victor Gomes da Silva,Midfielder,WOL,0,0,1,4,0
2293143,Matheus Nunes,Matheus Luiz Nunes,Midfielder,WOL,2,0,1,7,2
2293143,Bueno (Hugo),Hugo Bueno,Defender,WOL,1,0,1,4,1
2293143,Toti,Toti António Gomes,Defender,WOL,1,0,0,4,0
2293144,Ward (Joel),Joel Ward,Defender,CRY,5,0,0,6,4
2293144,Milivojevic,Luka Milivojevic,Midfielder,CRY,0,0,0,2,0
2293144,Ayew (Jordan),Jordan Ayew,Midfielder,CRY,0,0,0,6,1
2293144,Zaha,Wilfried Zaha,Midfielder,CRY,0,0,0,1,1
2293144,Schlupp,Jeffrey Schlupp,Midfielder,CRY,3,0,0,11,2
2293144,Johnstone,Sam Johnstone,Goalkeeper,CRY,1,0,0,6,0
2293144,Andersen,Joachim Andersen,Defender,CRY,7,1,0,8,3
2293144,Edouard,Odsonne Edouard,Forward,CRY,0,0,0,0,0
2293144,Marc Guehi,Addji Keaninkin Marc-Israel Guehi,Defender,CRY,5,0,1,7,2
2293144,Eze,Eberechi Eze,Midfielder,CRY,0,0,1,3,0
2293144,Mitchell,Tyrick Mitchell,Defender,CRY,1,0,2,7,0
2293144,Doucoure,Cheick Oumar Doucoure,Midfielder,CRY,4,0,0,15,0
2293144,Olise,Michael Olise,Midfielder,CRY,3,0,1,9,0
2293144,Fabianski,Lukasz Fabianski,Goalkeeper,WHU,0,0,0,4,0
2293144,Ogbonna,Angelo Ogbonna,Defender,WHU,1,0,2,4,0
2293144,Cresswell (Aaron),Aaron Cresswell,Defender,WHU,3,1,1,3,0
2293144,Antonio,Michail Antonio,Forward,WHU,2,1,0,4,0
2293144,Ings,Danny Ings,Forward,WHU,1,0,0,1,0
2293144,Zouma,Kurt Zouma,Defender,WHU,0,0,0,0,0
2293144,Emerson,Emerson Palmieri dos Santos,Defender,WHU,1,0,1,5,2
2293144,Cornet,Maxwel Cornet,Midfielder,WHU,0,0,0,0,0
2293144,Coufal,Vladimir Coufal,Defender,WHU,1,0,1,7,1
2293144,Benrahma,Said Benrahma,Midfielder,WHU,0,0,0,3,2
2293144,Bowen,Jarrod Bowen,Midfielder,WHU,0,1,0,3,1
2293144,Rice,Declan Rice,Midfielder,WHU,0,1,2,9,2
2293144,Aguerd,Nayef Aguerd,Defender,WHU,6,0,2,11,3
2293144,Soucek,Tomas Soucek,Midfielder,WHU,4,1,2,5,1
2293144,Fornals,Pablo Fornals,Midfielder,WHU,0,0,0,6,1
2293144,Lucas Paquetá,Lucas Tolentino Coelho de Lima,Midfielder,WHU,1,1,0,1,2
2293145,Cairney,Tom Cairney,Midfielder,FUL,0,0,1,3,1
2293145,Leno,Bernd Leno,Goalkeeper,FUL,1,0,0,9,0
2293145,Ream,Tim Ream,Defender,FUL,1,0,0,0,0
2293145,DeCordova-Reid,Bobby DeCordova-Reid,Midfielder,FUL,1,0,0,2,1
2293145,Tosin,Oluwatosin Adarabioyo,Defender,FUL,9,0,0,5,0
2293145,Reed,Harrison Reed,Midfielder,FUL,3,0,1,3,1
2293145,Wilson (Harry),Harry Wilson,Midfielder,FUL,0,0,0,1,0
2293145,João Palhinha,João Maria Lobo Alves Palhinha Gonçalves,Midfielder,FUL,1,0,1,4,3
2293145,Pereira,Andreas Pereira,Midfielder,FUL,0,0,1,3,0
2293145,Tete,Kenny Tete,Defender,FUL,2,0,3,2,3
2293145,Robinson (Antonee),Antonee Robinson,Defender,FUL,4,0,2,10,3
2293145,James (Daniel),Daniel James,Midfielder,FUL,0,0,0,0,0
2293145,Lukic,Sasa Lukic,Midfielder,FUL,1,0,0,0,0
2293145,Diop,Issa Diop,Defender,FUL,8,0,0,1,0
2293145,Solomon,Manor Solomon,Midfielder,FUL,0,0,0,5,1
2293145,Carlos Vinicius,Carlos Vinicius Alves Morais,Forward,FUL,0,0,0,0,1
2293145,Walker,Kyle Walker,Defender,MCI,1,0,1,8,0
2293145,Gundogan,Ilkay Gundogan,Midfielder,MCI,1,0,0,5,1
2293145,Stones,John Stones,Defender,MCI,7,0,1,4,1
2293145,Mahrez,Riyad Mahrez,Midfielder,MCI,0,0,1,5,2
2293145,Grealish,Jack Grealish,Midfielder,MCI,0,1,0,5,0
2293145,Ederson,Ederson Santana de Moraes,Goalkeeper,MCI,0,0,0,3,0
2293145,Bernardo Silva,Bernardo Mota Veiga de Carvalho e Silva,Midfielder,MCI,0,0,0,2,0
2293145,Rúben Dias,Rúben Santos Gato Alves Dias,Defender,MCI,3,0,0,6,0
2293145,Foden,Phil Foden,Midfielder,MCI,0,0,0,1,1
2293145,Akanji,Manuel Akanji,Defender,MCI,0,1,0,8,1
2293145,Rodri,Rodrigo Hernández Cascante,Midfielder,MCI,2,0,2,4,2
2293145,Haaland,Erling Haaland,Forward,MCI,0,0,0,2,0
2293145,Álvarez,Julián Álvarez,Forward,MCI,0,0,0,3,2
2293146,Tarkowski,James Tarkowski,Defender,EVE,4,4,1,7,0
2293146,Coleman,Seamus Coleman,Defender,EVE,0,0,1,0,0
2293146,Gueye,Idrissa Gueye,Midfielder,EVE,1,0,1,11,0
2293146,Keane,Michael Keane,Defender,EVE,4,1,1,5,2
2293146,Pickford,Jordan Pickford,Goalkeeper,EVE,0,0,1,10,0
2293146,Doucouré,Abdoulaye Doucouré,Midfielder,EVE,1,0,0,5,4
2293146,Iwobi,Alex Iwobi,Midfielder,EVE,0,0,0,8,1
2293146,Calvert-Lewin,Dominic Calvert-Lewin,Forward,EVE,2,0,0,1,0
2293146,Mykolenko,Vitaliy Mykolenko,Defender,EVE,3,1,2,1,1
2293146,Garner,James Garner,Midfielder,EVE,1,0,0,6,0
2293146,Patterson (Nathan),Nathan Patterson,Defender,EVE,1,0,0,4,1
2293146,McNeil,Dwight McNeil,Midfielder,EVE,1,0,4,12,0
2293146,Vardy,Jamie Vardy,Forward,LEI,2,1,0,2,0
2293146,Praet,Dennis Praet,Midfielder,LEI,0,0,0,1,0
2293146,Castagne,Timothy Castagne,Defender,LEI,3,1,0,4,0
2293146,Tielemans,Youri Tielemans,Midfielder,LEI,1,1,2,4,2
2293146,Maddison,James Maddison,Midfielder,LEI,1,0,1,7,1
2293146,Barnes,Harvey Barnes,Midfielder,LEI,0,0,0,5,1
2293146,Ndidi,Onyinye Wilfred Ndidi,Midfielder,LEI,3,0,1,7,0
2293146,Iversen,Daniel Iversen,Goalkeeper,LEI,1,0,0,12,0
2293146,Söyüncü,Caglar Söyüncü,Defender,LEI,12,0,1,13,1
2293146,Faes,Wout Faes,Defender,LEI,5,2,0,6,1
2293146,Soumaré,Boubakary Soumaré,Midfielder,LEI,2,0,1,3,0
2293146,Thomas,Luke Thomas,Defender,LEI,2,1,0,6,3
2293146,Daka,Patson Daka,Forward,LEI,1,0,0,1,1
2293146,Kristiansen,Victor Kristiansen,Defender,LEI,0,0,0,0,0
2293147,Milner,James Milner,Midfielder,LIV,0,0,0,1,0
2293147,Henderson (Jordan),Jordan Henderson,Midfielder,LIV,0,0,0,2,2
2293147,van Dijk,Virgil van Dijk,Defender,LIV,0,1,0,6,0
2293147,Alisson,Alisson Ramses Becker,Goalkeeper,LIV,0,0,0,10,0
2293147,Fabinho,Fabio Henrique Tavares,Midfielder,LIV,0,0,0,7,1
2293147,Salah,Mohamed Salah,Midfielder,LIV,0,0,0,4,1
2293147,Robertson (Andrew),Andrew Robertson,Defender,LIV,2,0,0,5,1
2293147,Alexander-Arnold,Trent Alexander-Arnold,Defender,LIV,0,0,0,8,0
2293147,Diogo Jota,Diogo José Teixeira da Silva,Midfielder,LIV,0,0,0,2,0
2293147,Konaté,Ibrahima Konaté,Defender,LIV,2,0,1,5,2
2293147,Jones (Curtis),Curtis Jones,Midfielder,LIV,2,0,0,2,0
2293147,Gakpo,Cody Gakpo,Forward,LIV,0,0,0,2,2
2293147,Díaz,Luis Díaz,Midfielder,LIV,0,0,0,4,1
2293147,Elliott (Harvey),Harvey Elliott,Midfielder,LIV,1,0,0,5,0
2293147,Núñez,Darwin Núñez,Forward,LIV,0,0,0,1,1
2293147,Forster,Fraser Forster,Goalkeeper,TOT,0,0,0,11,0
2293147,Perisic,Ivan Perisic,Defender,TOT,5,1,2,5,3
2293147,Kane,Harry Kane,Forward,TOT,0,0,0,3,0
2293147,Son,Heung-Min Son,Midfielder,TOT,0,0,0,4,1
2293147,Dier,Eric Dier,Defender,TOT,5,0,1,5,1
2293147,Lucas Moura,Lucas Rodrigues Moura da Silva,Midfielder,TOT,0,0,0,1,0
2293147,Davies (Ben),Ben Davies,Defender,TOT,0,1,0,5,1
2293147,Højbjerg,Pierre-Emile Højbjerg,Midfielder,TOT,0,0,1,4,2
2293147,Skipp,Oliver Skipp,Midfielder,TOT,1,2,0,4,3
2293147,Richarlison,Richarlison de Andrade,Midfielder,TOT,0,0,0,0,0
2293147,Danjuma Groeneveld,Arnaut Danjuma Groeneveld,Midfielder,TOT,0,0,0,0,0
2293147,Romero,Cristian Romero,Defender,TOT,4,0,0,4,2
2293147,Porro,Pedro Porro,Defender,TOT,1,0,2,6,2
2293147,Kulusevski,Dejan Kulusevski,Midfielder,TOT,1,0,1,4,0
2293147,Sarr (Pape),Pape Sarr,Midfielder,TOT,1,0,1,1,0
2293148,Young (Ashley),Ashley Young,Defender,AVL,2,0,1,6,0
2293148,Martinez,Emiliano Martinez,Goalkeeper,AVL,4,0,0,17,0
2293148,Chambers (Calum),Calum Chambers,Defender,AVL,0,0,0,2,0
2293148,Digne,Lucas Digne,Defender,AVL,0,0,1,1,1
2293148,Álex Moreno,Alexandre Moreno Lopera,Defender,AVL,2,0,0,4,0
2293148,Traore (Bertrand),Bertrand Traore,Midfielder,AVL,0,0,0,1,1
2293148,McGinn,John McGinn,Midfielder,AVL,0,0,0,3,1
2293148,Mings,Tyrone Mings,Defender,AVL,7,0,0,6,0
2293148,Dendoncker (Leander),Leander Dendoncker,Midfielder,AVL,0,0,0,5,1
2293148,Watkins,Ollie Watkins,Forward,AVL,0,0,0,1,0
2293148,Buendía,Emiliano Buendía,Midfielder,AVL,1,0,0,2,0
2293148,Konsa Ngoyo,Ezri Konsa Ngoyo,Defender,AVL,1,2,0,5,2
2293148,Douglas Luiz,Douglas Luiz Soares de Paulo,Midfielder,AVL,1,0,0,5,1
2293148,Ramsey (Jacob),Jacob Ramsey,Midfielder,AVL,0,0,0,3,0
2293148,Durán,Jhon Durán,Forward,AVL,0,0,0,0,0
2293148,De Gea,David De Gea,Goalkeeper,MUN,1,0,0,2,0
2293148,Casemiro,Carlos Henrique Jose Francisco Venancio,Midfielder,MUN,2,0,2,7,2
2293148,Eriksen,Christian Eriksen,Midfielder,MUN,0,0,0,6,0
2293148,Maguire,Harry Maguire,Defender,MUN,1,0,0,1,0
2293148,Sabitzer,Marcel Sabitzer,Midfielder,MUN,1,0,1,10,0
2293148,Fred,Frederico Rodrigues de Paula Santos,Midfielder,MUN,1,0,0,1,0
2293148,Shaw,Luke Shaw,Defender,MUN,1,1,3,6,1
2293148,Bruno Fernandes,Bruno Miguel Borges Fernandes,Midfielder,MUN,0,0,2,3,2
2293148,Martial,Anthony Martial,Forward,MUN,0,1,0,0,0
2293148,Rashford,Marcus Rashford,Midfielder,MUN,0,0,0,3,0
2293148,Lindelof,Victor Nilsson-Lindelof,Defender,MUN,4,1,1,7,0
2293148,Sancho,Jadon Sancho,Midfielder,MUN,0,0,1,5,2
2293148,Dalot,José Diogo Dalot Teixeira,Defender,MUN,4,0,1,9,2
2293148,Malacia,Tyrell Malacia,Defender,MUN,0,0,1,5,2
2293148,Antony,Antony Matheus dos Santos,Midfielder,MUN,0,0,0,1,0
2293149,Ritchie,Matt Ritchie,Midfielder,NEW,0,0,0,0,0
2293149,Wilson (Callum),Callum Wilson,Forward,NEW,0,0,0,0,0
2293149,Trippier,Kieran Trippier,Defender,NEW,0,0,1,9,0
2293149,Burn,Dan Burn,Defender,NEW,1,0,3,9,1
2293149,Pope,Nick Pope,Goalkeeper,NEW,1,0,0,5,0
2293149,Murphy (Jacob),Jacob Murphy,Midfielder,NEW,0,0,0,5,1
2293149,Schär,Fabian Schär,Defender,NEW,0,0,0,8,0
2293149,Almirón,Miguel Almirón,Midfielder,NEW,0,0,0,1,0
2293149,Joelinton,Joelinton Cássio Apolinário de Lira,Midfielder,NEW,2,0,0,9,2
2293149,Willock,Joseph Willock,Midfielder,NEW,0,0,2,4,0
2293149,Bruno Guimarães,Bruno Guimarães Rodriguez Moura,Midfielder,NEW,0,0,0,10,2
2293149,Anderson (Elliot),Elliot Anderson,Midfielder,NEW,0,0,0,0,0
2293149,Isak,Alexander Isak,Forward,NEW,0,0,1,3,0
2293149,Botman,Sven Botman,Defender,NEW,3,0,1,5,0
2293149,Gordon (Anthony),Anthony Gordon,Midfielder,NEW,0,0,1,2,1
2293149,Walcott,Theo Walcott,Midfielder,SOU,0,0,1,0,0
2293149,McCarthy,Alex McCarthy,Goalkeeper,SOU,1,0,0,12,0
2293149,Armstrong (Stuart),Stuart Armstrong,Midfielder,SOU,0,0,0,3,2
2293149,Elyounoussi,Mohammed Elyounoussi,Midfielder,SOU,0,0,0,0,0
2293149,Ward-Prowse,James Ward-Prowse,Midfielder,SOU,2,0,1,4,0
2293149,Maitland-Niles,Ainsley Maitland-Niles,Midfielder,SOU,1,1,0,0,0
2293149,Armstrong (Adam),Adam Armstrong,Forward,SOU,0,0,0,0,0
2293149,Walker-Peters,Kyle Walker-Peters,Defender,SOU,2,0,1,8,1
2293149,Bednarek,Jan Bednarek,Defender,SOU,9,5,1,5,0
2293149,Adams (Che),Che Adams,Forward,SOU,2,0,0,0,0
2293149,Lyanco,Lyanco Evangelista Silveira Neves Vojnovic,Defender,SOU,3,1,2,3,3
2293149,Djenepo,Moussa Djenepo,Midfielder,SOU,1,0,0,4,2
2293149,Bella Kotchap,Armel Bella Kotchap,Defender,SOU,12,0,1,6,2
2293149,Alcaraz,Carlos Alcaraz,Midfielder,SOU,0,0,0,2,1
2293149,Sulemana,Kamaldeen Sulemana,Midfielder,SOU,2,0,1,5,2
2293149,Lavia,Romeo Lavia,Midfielder,SOU,0,0,0,9,3
2293150,Smith (Adam),Adam Smith,Defender,BOU,1,0,2,4,1
2293150,Neto,Norberto Murara Neto,Goalkeeper,BOU,1,0,0,7,1
2293150,Brooks,David Brooks,Midfielder,BOU,0,0,0,0,0
2293150,Lerma,Jefferson Lerma,Midfielder,BOU,1,1,0,5,2
2293150,Solanke,Dominic Solanke,Forward,BOU,1,0,0,1,1
2293150,Cook (Lewis),Lewis Cook,Midfielder,BOU,1,0,1,2,0
2293150,Rothwell,Joe Rothwell,Midfielder,BOU,0,0,0,3,0
2293150,Christie,Ryan Christie,Midfielder,BOU,0,0,0,1,0
2293150,Billing,Philip Billing,Midfielder,BOU,1,0,0,3,0
2293150,Senesi,Marcos Senesi,Defender,BOU,3,0,4,8,2
2293150,Kelly (Lloyd),Lloyd Kelly,Defender,BOU,7,0,0,6,1
2293150,Viña,Matias Viña,Defender,BOU,4,0,0,5,0
2293150,Semenyo,Antoine Semenyo,Forward,BOU,0,0,0,0,0
2293150,Anthony,Jaidon Anthony,Midfielder,BOU,0,0,0,0,0
2293150,Dango Ouattara,Dango Ouattara,Midfielder,BOU,5,0,1,3,1
2293150,Azpilicueta,César Azpilicueta,Defender,CHE,0,0,1,0,0
2293150,Thiago Silva,Thiago Emiliano da Silva,Defender,CHE,2,0,0,8,2
2293150,Sterling (Raheem),Raheem Sterling,Midfielder,CHE,0,0,0,0,0
2293150,Kepa,Kepa Arrizabalaga Revuelta,Goalkeeper,CHE,0,0,1,7,0
2293150,Kanté,N'Golo Kanté,Midfielder,CHE,0,0,0,5,1
2293150,Ziyech,Hakim Ziyech,Midfielder,CHE,0,0,1,2,2
2293150,Loftus-Cheek,Ruben Loftus-Cheek,Midfielder,CHE,0,0,0,2,1
2293150,Chilwell,Benjamin Chilwell,Defender,CHE,0,1,0,1,0
2293150,Chalobah (Trevoh),Trevoh Chalobah,Defender,CHE,3,0,2,4,2
2293150,Havertz,Kai Havertz,Midfielder,CHE,1,0,0,1,0
2293150,Gallagher,Conor Gallagher,Midfielder,CHE,0,1,1,6,2
2293150,Badiashile,Benoît Badiashile,Defender,CHE,1,0,2,3,0
2293150,Madueke,Noni Madueke,Midfielder,CHE,1,0,0,4,0
2293150,João Félix,João Félix Sequeira,Forward,CHE,0,0,0,0,0
2293150,Fernández (Enzo),Enzo Fernández,Midfielder,CHE,1,0,1,9,1
2293150,Mudryk,Mykhailo Mudryk,Midfielder,CHE,0,0,0,3,0
2293151,Steele,Jason Steele,Goalkeeper,BHA,0,0,0,8,0
2293151,Welbeck,Danny Welbeck,Forward,BHA,2,0,1,1,0
2293151,Groß,Pascal Groß,Midfielder,BHA,0,0,0,4,2
2293151,Dunk,Lewis Dunk,Defender,BHA,1,1,1,12,0
2293151,March,Solomon March,Midfielder,BHA,0,0,0,2,1
2293151,Webster (Adam),Adam Webster,Defender,BHA,2,2,0,5,0
2293151,Estupiñán,Pervis Estupiñán,Defender,BHA,0,0,0,4,0
2293151,Mac Allister,Alexis Mac Allister,Midfielder,BHA,0,0,0,1,2
2293151,Gilmour,Billy Gilmour,Midfielder,BHA,0,0,0,1,0
2293151,Undav,Deniz Undav,Forward,BHA,0,1,0,1,0
2293151,Mitoma,Kaoru Mitoma,Midfielder,BHA,0,0,1,5,1
2293151,Colwill,Levi Colwill,Defender,BHA,0,0,2,6,0
2293151,Enciso,Julio Enciso,Midfielder,BHA,0,0,0,3,1
2293151,Moises Caicedo,Moises Caicedo,Midfielder,BHA,1,0,0,5,0
2293151,Ferguson (Evan),Evan Ferguson,Forward,BHA,0,0,1,2,0
2293151,Buonanotte,Facundo Buonanotte,Midfielder,BHA,0,0,0,1,0
2293151,Tarkowski,James Tarkowski,Defender,EVE,11,2,3,2,0
2293151,Gueye,Idrissa Gueye,Midfielder,EVE,1,2,1,6,1
2293151,Pickford,Jordan Pickford,Goalkeeper,EVE,0,0,0,6,0
2293151,Maupay,Neal Maupay,Forward,EVE,0,0,0,0,0
2293151,Doucouré,Abdoulaye Doucouré,Midfielder,EVE,2,0,1,5,1
2293151,Iwobi,Alex Iwobi,Midfielder,EVE,2,0,1,14,0
2293151,Mina,Yerry Mina,Defender,EVE,13,2,1,0,2
2293151,Calvert-Lewin,Dominic Calvert-Lewin,Forward,EVE,4,0,1,5,0
2293151,Mykolenko,Vitaliy Mykolenko,Defender,EVE,9,0,3,6,2
2293151,Garner,James Garner,Midfielder,EVE,3,0,3,7,2
2293151,Patterson (Nathan),Nathan Patterson,Defender,EVE,6,1,2,6,2
2293151,McNeil,Dwight McNeil,Midfielder,EVE,1,1,0,8,1
2293151,Mvom Onana,Amadou Mvom Onana,Midfielder,EVE,0,1,0,1,0
2293152,Willian,Willian Borges Da Silva,Midfielder,FUL,1,0,0,3,0
2293152,Duffy,Shane Duffy,Defender,FUL,0,0,0,2,0
2293152,Cairney,Tom Cairney,Midfielder,FUL,0,1,0,4,1
2293152,Leno,Bernd Leno,Goalkeeper,FUL,1,0,0,9,0
2293152,Kebano,Neeskens Kebano,Midfielder,FUL,0,0,0,0,2
2293152,DeCordova-Reid,Bobby DeCordova-Reid,Midfielder,FUL,0,0,0,0,1
2293152,Tosin,Oluwatosin Adarabioyo,Defender,FUL,6,0,0,2,0
2293152,Reed,Harrison Reed,Midfielder,FUL,0,1,0,4,1
2293152,Wilson (Harry),Harry Wilson,Midfielder,FUL,0,0,0,5,0
2293152,João Palhinha,João Maria Lobo Alves Palhinha Gonçalves,Midfielder,FUL,0,1,2,11,7
2293152,Tete,Kenny Tete,Defender,FUL,4,0,1,5,1
2293152,Robinson (Antonee),Antonee Robinson,Defender,FUL,0,1,3,9,0
2293152,Lukic,Sasa Lukic,Midfielder,FUL,0,0,0,3,0
2293152,Diop,Issa Diop,Defender,FUL,2,1,0,3,1
2293152,Solomon,Manor Solomon,Midfielder,FUL,0,0,0,2,0
2293152,Carlos Vinicius,Carlos Vinicius Alves Morais,Forward,FUL,0,0,0,2,0
2293152,Vardy,Jamie Vardy,Forward,LEI,0,0,0,3,0
2293152,Praet,Dennis Praet,Midfielder,LEI,0,0,0,1,1
2293152,Castagne,Timothy Castagne,Defender,LEI,1,0,2,8,0
2293152,Tielemans,Youri Tielemans,Midfielder,LEI,0,0,1,4,0
2293152,Maddison,James Maddison,Midfielder,LEI,0,0,0,1,1
2293152,Barnes,Harvey Barnes,Midfielder,LEI,0,0,1,2,0
2293152,Ndidi,Onyinye Wilfred Ndidi,Midfielder,LEI,0,0,0,3,0
2293152,Iversen,Daniel Iversen,Goalkeeper,LEI,0,0,0,6,0
2293152,Dewsbury-Hall,Kiernan Dewsbury-Hall,Midfielder,LEI,0,0,0,3,0
2293152,Söyüncü,Caglar Söyüncü,Defender,LEI,1,3,3,9,1
2293152,Faes,Wout Faes,Defender,LEI,2,0,2,8,1
2293152,Tetê,Mateus Cardoso Lemos Martins,Midfielder,LEI,0,0,0,2,0
2293152,Soumaré,Boubakary Soumaré,Midfielder,LEI,0,1,2,5,0
2293152,Thomas,Luke Thomas,Defender,LEI,0,0,2,2,1
2293152,Daka,Patson Daka,Forward,LEI,0,0,0,0,0
2293152,Kristiansen,Victor Kristiansen,Defender,LEI,0,0,0,6,3
2293153,Zanka,Mathias Jorgensen,Defender,BRE,3,0,0,4,0
2293153,Mee,Ben Mee,Defender,BRE,6,1,1,5,0
2293153,Toney,Ivan Toney,Forward,BRE,2,0,1,3,1
2293153,Raya Martin,David Raya Martin,Goalkeeper,BRE,0,0,0,6,0
2293153,Dasilva,Pelenda Joshua Dasilva,Midfielder,BRE,0,0,1,1,0
2293153,Henry,Rico Henry,Defender,BRE,1,0,2,9,0
2293153,Janelt,Vitaly Janelt,Midfielder,BRE,0,1,0,2,0
2293153,Jensen,Mathias Jensen,Midfielder,BRE,2,0,2,4,2
2293153,Wissa,Yoane Wissa,Forward,BRE,0,0,0,1,0
2293153,Pinnock,Ethan Pinnock,Defender,BRE,3,1,1,4,0
2293153,Onyeka,Frank Onyeka,Midfielder,BRE,0,0,0,3,1
2293153,Baptiste (Shandon),Shandon Baptiste,Midfielder,BRE,0,0,0,1,1
2293153,Damsgaard,Mikkel Damsgaard,Midfielder,BRE,0,0,0,2,0
2293153,Mbeumo,Bryan Mbeumo,Midfielder,BRE,0,0,0,3,0
2293153,Hickey,Aaron Hickey,Defender,BRE,0,1,0,5,1
2293153,Schade,Kevin Schade,Midfielder,BRE,1,0,0,1,0
2293153,Milner,James Milner,Midfielder,LIV,1,0,0,0,0
2293153,Henderson (Jordan),Jordan Henderson,Midfielder,LIV,0,0,0,2,0
2293153,van Dijk,Virgil van Dijk,Defender,LIV,10,1,1,3,0
2293153,Alisson,Alisson Ramses Becker,Goalkeeper,LIV,0,0,0,10,0
2293153,Fabinho,Fabio Henrique Tavares,Midfielder,LIV,5,0,1,3,1
2293153,Salah,Mohamed Salah,Midfielder,LIV,0,0,1,4,0
2293153,Robertson (Andrew),Andrew Robertson,Defender,LIV,1,0,0,1,0
2293153,Alexander-Arnold,Trent Alexander-Arnold,Defender,LIV,3,0,0,6,1
2293153,Diogo Jota,Diogo José Teixeira da Silva,Midfielder,LIV,0,0,0,2,0
2293153,Konaté,Ibrahima Konaté,Defender,LIV,1,0,1,3,1
2293153,Jones (Curtis),Curtis Jones,Midfielder,LIV,1,0,0,4,1
2293153,Tsimikas,Konstantinos Tsimikas,Defender,LIV,0,0,0,1,0
2293153,Gakpo,Cody Gakpo,Forward,LIV,0,0,0,2,1
2293153,Díaz,Luis Díaz,Midfielder,LIV,0,0,0,1,0
2293153,Núñez,Darwin Núñez,Forward,LIV,2,0,0,0,0
2293154,Ayling,Luke Ayling,Defender,LEE,6,0,1,3,1
2293154,Robles,Joel Robles,Goalkeeper,LEE,0,0,0,8,0
2293154,Forshaw,Adam Forshaw,Midfielder,LEE,0,0,0,3,1
2293154,Rodrigo,Rodrigo Moreno Machado,Midfielder,LEE,0,0,0,0,1
2293154,Bamford,Patrick Bamford,Forward,LEE,0,0,0,5,0
2293154,Wöber,Maximilian Wöber,Defender,LEE,10,1,2,5,0
2293154,Harrison,Jack Harrison,Midfielder,LEE,2,0,0,0,0
2293154,Struijk,Pascal Struijk,Defender,LEE,0,0,0,0,1
2293154,Kristensen,Rasmus Kristensen,Defender,LEE,1,1,0,5,0
2293154,Roca,Marc Roca,Midfielder,LEE,1,0,0,2,0
2293154,McKennie,Weston McKennie,Midfielder,LEE,2,0,1,8,1
2293154,Greenwood (Sam),Sam Greenwood,Forward,LEE,0,0,0,1,0
2293154,Aaronson,Brenden Aaronson,Midfielder,LEE,0,0,0,1,0
2293154,Firpo,Junior Firpo,Defender,LEE,4,0,0,3,0
2293154,Summerville,Crysencio Summerville,Midfielder,LEE,0,0,0,1,0
2293154,Gnonto,Degnand Wilfried Gnonto,Forward,LEE,0,0,0,4,0
2293154,Walker,Kyle Walker,Defender,MCI,0,0,0,7,0
2293154,Gundogan,Ilkay Gundogan,Midfielder,MCI,0,0,0,11,0
2293154,De Bruyne,Kevin De Bruyne,Midfielder,MCI,0,0,2,5,1
2293154,Mahrez,Riyad Mahrez,Midfielder,MCI,0,0,1,1,0
2293154,Ederson,Ederson Santana de Moraes,Goalkeeper,MCI,1,0,0,7,0
2293154,Aké,Nathan Aké,Defender,MCI,3,0,1,5,1
2293154,Laporte,Aymeric Laporte,Defender,MCI,1,0,0,7,1
2293154,Bernardo Silva,Bernardo Mota Veiga de Carvalho e Silva,Midfielder,MCI,0,0,0,0,0
2293154,Foden,Phil Foden,Midfielder,MCI,0,0,0,4,0
2293154,Akanji,Manuel Akanji,Defender,MCI,1,0,0,7,0
2293154,Rodri,Rodrigo Hernández Cascante,Midfielder,MCI,0,0,0,0,0
2293154,Haaland,Erling Haaland,Forward,MCI,1,0,1,2,0
2293154,Álvarez,Julián Álvarez,Forward,MCI,0,0,0,4,1
2293154,Lewis (Rico),Rico Lewis,Defender,MCI,0,1,0,6,1
2293155,Xhaka,Granit Xhaka,Midfielder,ARS,4,1,0,6,2
2293155,Jorginho,Jorge Luiz Frello Filho,Midfielder,ARS,2,0,2,9,1
2293155,Trossard,Leandro Trossard,Midfielder,ARS,0,0,0,1,1
2293155,Partey,Thomas Partey,Midfielder,ARS,0,0,0,1,0
2293155,Odegaard,Martin Odegaard,Midfielder,ARS,1,0,0,4,1
2293155,Tierney,Kieran Tierney,Defender,ARS,2,0,0,3,1
2293155,White (Ben),Ben White,Defender,ARS,3,1,1,5,0
2293155,Nelson (Reiss),Reiss Nelson,Midfielder,ARS,2,0,0,0,0
2293155,Eddie Nketiah,Edward Nketiah,Forward,ARS,0,0,0,0,0
2293155,Jesus,Gabriel Fernando de Jesus,Forward,ARS,0,0,1,4,1
2293155,Zinchenko,Oleksandr Zinchenko,Defender,ARS,3,0,1,5,0
2293155,Saka,Bukayo Saka,Midfielder,ARS,0,0,0,4,4
2293155,Ramsdale,Aaron Ramsdale,Goalkeeper,ARS,1,0,0,13,0
2293155,Gabriel Magalhães,Gabriel dos Santos Magalhães,Defender,ARS,2,0,2,5,1
2293155,Kiwior,Jakub Kiwior,Defender,ARS,4,1,1,2,2
2293155,Martinelli,Gabriel Teodoro Martinelli Silva,Midfielder,ARS,0,0,0,3,4
2293155,Wilson (Callum),Callum Wilson,Forward,NEW,0,0,0,1,0
2293155,Trippier,Kieran Trippier,Defender,NEW,2,1,2,8,1
2293155,Burn,Dan Burn,Defender,NEW,3,0,0,1,0
2293155,Pope,Nick Pope,Goalkeeper,NEW,1,0,0,8,0
2293155,Murphy (Jacob),Jacob Murphy,Midfielder,NEW,0,0,1,3,0
2293155,Schär,Fabian Schär,Defender,NEW,0,1,1,7,2
2293155,Targett,Matt Targett,Defender,NEW,0,0,0,0,0
2293155,Saint-Maximin,Allan Saint-Maximin,Midfielder,NEW,0,0,0,1,0
2293155,Almirón,Miguel Almirón,Midfielder,NEW,0,0,1,0,0
2293155,Joelinton,Joelinton Cássio Apolinário de Lira,Midfielder,NEW,0,0,1,6,2
2293155,Willock,Joseph Willock,Midfielder,NEW,1,0,1,5,0
2293155,Bruno Guimarães,Bruno Guimarães Rodriguez Moura,Midfielder,NEW,1,0,0,4,1
2293155,Anderson (Elliot),Elliot Anderson,Midfielder,NEW,0,0,1,2,0
2293155,Isak,Alexander Isak,Forward,NEW,0,0,0,4,1
2293155,Botman,Sven Botman,Defender,NEW,2,0,0,6,2
2293155,Gordon (Anthony),Anthony Gordon,Midfielder,NEW,0,0,0,1,0
2293156,Navas,Keylor Navas,Goalkeeper,NFO,2,0,0,5,0
2293156,Kouyaté,Cheikhou Kouyaté,Midfielder,NFO,1,0,0,2,1
2293156,Aurier,Serge Aurier,Defender,NFO,1,1,2,4,1
2293156,Boly,Willy Boly,Defender,NFO,1,0,0,1,0
2293156,Toffolo,Harry Toffolo,Defender,NFO,1,0,0,1,0
2293156,Felipe,Felipe Augusto de Almeida Monteiro,Defender,NFO,6,1,3,7,1
2293156,Mangala,Orel Mangala,Midfielder,NFO,0,1,0,7,2
2293156,Niakhaté,Moussa Niakhaté,Defender,NFO,2,1,2,10,0
2293156,Yates,Ryan Yates,Midfielder,NFO,0,0,0,0,0
2293156,Worrall,Joe Worrall,Defender,NFO,0,0,1,3,1
2293156,Awoniyi,Taiwo Awoniyi,Forward,NFO,3,0,0,3,0
2293156,Surridge,Sam Surridge,Forward,NFO,0,0,0,1,0
2293156,Gibbs-White,Morgan Gibbs-White,Midfielder,NFO,1,1,1,4,0
2293156,Renan Lodi,Renan Augusto Lodi dos Santos,Defender,NFO,1,0,1,4,2
2293156,Johnson (Brennan),Brennan Johnson,Midfielder,NFO,0,0,0,3,0
2293156,Danilo,Danilo dos Santos de Oliveira,Midfielder,NFO,0,0,2,7,0
2293156,Walcott,Theo Walcott,Midfielder,SOU,1,0,0,5,0
2293156,McCarthy,Alex McCarthy,Goalkeeper,SOU,1,0,0,3,0
2293156,Armstrong (Stuart),Stuart Armstrong,Midfielder,SOU,0,0,0,5,0
2293156,Ward-Prowse,James Ward-Prowse,Midfielder,SOU,1,0,1,6,0
2293156,Paul Onuachu,Ebere Paul Onuachu,Forward,SOU,1,0,0,0,0
2293156,Maitland-Niles,Ainsley Maitland-Niles,Midfielder,SOU,1,1,0,8,1
2293156,Armstrong (Adam),Adam Armstrong,Forward,SOU,0,0,0,1,1
2293156,Walker-Peters,Kyle Walker-Peters,Defender,SOU,0,0,0,4,0
2293156,Bednarek,Jan Bednarek,Defender,SOU,3,0,4,3,1
2293156,Adams (Che),Che Adams,Forward,SOU,1,0,0,4,0
2293156,Lyanco,Lyanco Evangelista Silveira Neves Vojnovic,Defender,SOU,2,1,1,7,0
2293156,Bella Kotchap,Armel Bella Kotchap,Defender,SOU,1,0,0,3,0
2293156,Edozie,Samuel Edozie,Midfielder,SOU,0,0,0,1,1
2293156,Alcaraz,Carlos Alcaraz,Midfielder,SOU,0,0,0,3,0
2293156,Sulemana,Kamaldeen Sulemana,Midfielder,SOU,0,0,1,1,0
2293156,Lavia,Romeo Lavia,Midfielder,SOU,1,0,2,8,0
2293157,Ward (Joel),Joel Ward,Defender,CRY,3,0,2,10,6
2293157,Ayew (Jordan),Jordan Ayew,Midfielder,CRY,1,0,0,0,0
2293157,Zaha,Wilfried Zaha,Midfielder,CRY,1,0,1,4,1
2293157,Schlupp,Jeffrey Schlupp,Midfielder,CRY,1,0,0,3,2
2293157,Johnstone,Sam Johnstone,Goalkeeper,CRY,0,0,0,6,0
2293157,Hughes (Will),Will Hughes,Midfielder,CRY,0,0,0,0,0
2293157,Andersen,Joachim Andersen,Defender,CRY,3,0,0,7,2
2293157,Edouard,Odsonne Edouard,Forward,CRY,0,0,0,0,0
2293157,Marc Guehi,Addji Keaninkin Marc-Israel Guehi,Defender,CRY,2,0,2,6,0
2293157,Eze,Eberechi Eze,Midfielder,CRY,2,0,1,3,0
2293157,Mitchell,Tyrick Mitchell,Defender,CRY,1,1,2,7,0
2293157,Doucoure,Cheick Oumar Doucoure,Midfielder,CRY,2,1,2,6,0
2293157,Olise,Michael Olise,Midfielder,CRY,0,0,2,2,0
2293157,Forster,Fraser Forster,Goalkeeper,TOT,0,0,0,5,0
2293157,Kane,Harry Kane,Forward,TOT,1,1,0,4,0
2293157,Son,Heung-Min Son,Midfielder,TOT,0,0,2,4,0
2293157,Dier,Eric Dier,Defender,TOT,1,0,0,0,0
2293157,Davies (Ben),Ben Davies,Defender,TOT,2,0,2,3,0
2293157,Højbjerg,Pierre-Emile Højbjerg,Midfielder,TOT,1,0,0,3,1
2293157,Lenglet,Clément Lenglet,Defender,TOT,1,0,1,4,0
2293157,Skipp,Oliver Skipp,Midfielder,TOT,0,1,1,4,0
2293157,Richarlison,Richarlison de Andrade,Midfielder,TOT,0,0,0,2,1
2293157,Danjuma Groeneveld,Arnaut Danjuma Groeneveld,Midfielder,TOT,0,0,0,0,0
2293157,Romero,Cristian Romero,Defender,TOT,8,0,5,12,1
2293157,Emerson Royal,Emerson Aparecido Leite de Souza Junior,Defender,TOT,3,0,2,4,2
2293157,Porro,Pedro Porro,Defender,TOT,2,0,1,3,1
2293157,Kulusevski,Dejan Kulusevski,Midfielder,TOT,0,0,0,0,0
2293158,De Gea,David De Gea,Goalkeeper,MUN,2,0,0,7,0
2293158,Casemiro,Carlos Henrique Jose Francisco Venancio,Midfielder,MUN,3,2,1,8,2
2293158,Eriksen,Christian Eriksen,Midfielder,MUN,1,1,0,7,0
2293158,Sabitzer,Marcel Sabitzer,Midfielder,MUN,0,0,1,2,1
2293158,Fred,Frederico Rodrigues de Paula Santos,Midfielder,MUN,0,0,0,2,0
2293158,Shaw,Luke Shaw,Defender,MUN,2,1,0,6,1
2293158,Weghorst,Wout Weghorst,Forward,MUN,0,0,0,2,0
2293158,Bruno Fernandes,Bruno Miguel Borges Fernandes,Midfielder,MUN,0,0,0,1,1
2293158,Martial,Anthony Martial,Forward,MUN,0,0,0,1,0
2293158,Rashford,Marcus Rashford,Midfielder,MUN,1,0,0,3,0
2293158,Lindelof,Victor Nilsson-Lindelof,Defender,MUN,6,1,3,9,1
2293158,Sancho,Jadon Sancho,Midfielder,MUN,0,0,0,0,0
2293158,Wan-Bissaka,Aaron Wan-Bissaka,Defender,MUN,0,1,3,3,0
2293158,Dalot,José Diogo Dalot Teixeira,Defender,MUN,0,0,0,1,0
2293158,Malacia,Tyrell Malacia,Defender,MUN,3,0,1,3,0
2293158,Antony,Antony Matheus dos Santos,Midfielder,MUN,0,0,1,3,1
2293158,Fabianski,Lukasz Fabianski,Goalkeeper,WHU,0,0,0,6,0
2293158,Ogbonna,Angelo Ogbonna,Defender,WHU,3,1,0,5,0
2293158,Cresswell (Aaron),Aaron Cresswell,Defender,WHU,1,0,1,3,2
2293158,Antonio,Michail Antonio,Forward,WHU,0,0,0,1,0
2293158,Emerson,Emerson Palmieri dos Santos,Defender,WHU,0,0,0,0,0
2293158,Benrahma,Said Benrahma,Midfielder,WHU,1,0,0,5,1
2293158,Bowen,Jarrod Bowen,Midfielder,WHU,4,0,2,5,0
2293158,Kehrer,Thilo Kehrer,Defender,WHU,3,0,1,4,1
2293158,Rice,Declan Rice,Midfielder,WHU,0,0,4,12,0
2293158,Aguerd,Nayef Aguerd,Defender,WHU,5,2,0,4,0
2293158,Soucek,Tomas Soucek,Midfielder,WHU,2,0,2,7,0
2293158,Fornals,Pablo Fornals,Midfielder,WHU,0,0,0,1,1
2293158,Downes,Flynn Downes,Midfielder,WHU,0,0,0,0,0
2293158,Johnson (Ben),Ben Johnson,Defender,WHU,0,0,0,0,0
2293158,Lucas Paquetá,Lucas Tolentino Coelho de Lima,Midfielder,WHU,0,0,0,8,2
2293159,Young (Ashley),Ashley Young,Defender,AVL,0,0,0,5,1
2293159,Martinez,Emiliano Martinez,Goalkeeper,AVL,0,0,0,8,0
2293159,Digne,Lucas Digne,Defender,AVL,1,0,1,1,0
2293159,Álex Moreno,Alexandre Moreno Lopera,Defender,AVL,2,0,0,3,1
2293159,Traore (Bertrand),Bertrand Traore,Midfielder,AVL,0,0,1,2,0
2293159,McGinn,John McGinn,Midfielder,AVL,1,0,0,8,1
2293159,Mings,Tyrone Mings,Defender,AVL,3,0,3,1,0
2293159,Diego Carlos,Diego Carlos Santos Silva,Defender,AVL,0,0,0,0,0
2293159,Watkins,Ollie Watkins,Forward,AVL,3,0,0,1,0
2293159,Buendía,Emiliano Buendía,Midfielder,AVL,0,1,0,1,0
2293159,Konsa Ngoyo,Ezri Konsa Ngoyo,Defender,AVL,1,1,2,6,2
2293159,Bailey,Leon Bailey,Midfielder,AVL,1,0,0,1,0
2293159,Kamara,Boubacar Kamara,Midfielder,AVL,0,0,0,1,0
2293159,Douglas Luiz,Douglas Luiz Soares de Paulo,Midfielder,AVL,0,0,0,7,0
2293159,Ramsey (Jacob),Jacob Ramsey,Midfielder,AVL,0,0,1,4,1
2293159,Durán,Jhon Durán,Forward,AVL,0,0,0,1,1
2293159,Costa,Diego Da Silva Costa,Forward,WOL,0,0,0,0,0
2293159,Moutinho,João Moutinho,Midfielder,WOL,0,0,0,0,0
2293159,Dawson,Craig Dawson,Defender,WOL,2,2,1,2,0
2293159,José Sá,José Pedro Malheiro de Sá,Goalkeeper,WOL,0,0,0,5,0
2293159,Lemina (Mario),Mario Lemina,Midfielder,WOL,2,1,2,9,2
2293159,Traoré (Adama),Adama Traoré,Midfielder,WOL,1,0,0,1,0
2293159,Ruben Neves,Rúben Diogo da Silva Neves,Midfielder,WOL,2,0,0,7,1
2293159,Hwang Hee-Chan,Hee-Chan Hwang,Midfielder,WOL,1,0,0,0,0
2293159,Semedo,Nelson Semedo,Defender,WOL,1,1,1,5,0
2293159,Kilman,Max Kilman,Defender,WOL,6,1,0,5,0
2293159,Neto,Pedro Neto,Midfielder,WOL,0,0,1,3,0
2293159,Matheus Cunha,Matheus Santos Carneiro Da Cunha,Forward,WOL,1,0,2,3,2
2293159,Collins,Nathan Collins,Defender,WOL,0,0,0,0,0
2293159,Matheus Nunes,Matheus Luiz Nunes,Midfielder,WOL,3,1,1,4,2
2293159,Toti,Toti António Gomes,Defender,WOL,3,1,1,1,2
2293160,Xhaka,Granit Xhaka,Midfielder,ARS,0,0,0,2,0
2293160,Jorginho,Jorge Luiz Frello Filho,Midfielder,ARS,0,0,1,6,2
2293160,Trossard,Leandro Trossard,Midfielder,ARS,0,0,1,5,0
2293160,Partey,Thomas Partey,Midfielder,ARS,0,0,0,1,0
2293160,Odegaard,Martin Odegaard,Midfielder,ARS,0,0,0,2,0
2293160,Tierney,Kieran Tierney,Defender,ARS,1,0,1,4,1
2293160,White (Ben),Ben White,Defender,ARS,0,1,0,4,1
2293160,Nelson (Reiss),Reiss Nelson,Midfielder,ARS,0,0,0,1,0
2293160,Eddie Nketiah,Edward Nketiah,Forward,ARS,0,0,0,0,0
2293160,Jesus,Gabriel Fernando de Jesus,Forward,ARS,1,0,0,1,0
2293160,Smith-Rowe,Emile Smith-Rowe,Midfielder,ARS,0,0,0,1,0
2293160,Saka,Bukayo Saka,Midfielder,ARS,0,0,0,4,1
2293160,Ramsdale,Aaron Ramsdale,Goalkeeper,ARS,1,0,0,8,0
2293160,Gabriel Magalhães,Gabriel dos Santos Magalhães,Defender,ARS,1,0,2,3,0
2293160,Kiwior,Jakub Kiwior,Defender,ARS,2,0,2,7,1
2293160,Martinelli,Gabriel Teodoro Martinelli Silva,Midfielder,ARS,0,0,0,3,0
2293160,Steele,Jason Steele,Goalkeeper,BHA,0,0,0,9,0
2293160,Welbeck,Danny Welbeck,Forward,BHA,0,0,0,0,0
2293160,Groß,Pascal Groß,Midfielder,BHA,1,0,0,3,1
2293160,Dunk,Lewis Dunk,Defender,BHA,2,2,2,5,0
2293160,Estupiñán,Pervis Estupiñán,Defender,BHA,1,0,1,5,1
2293160,Mac Allister,Alexis Mac Allister,Midfielder,BHA,0,0,0,5,1
2293160,Gilmour,Billy Gilmour,Midfielder,BHA,1,1,0,3,0
2293160,Undav,Deniz Undav,Forward,BHA,0,0,0,2,0
2293160,Mitoma,Kaoru Mitoma,Midfielder,BHA,1,0,0,7,1
2293160,Colwill,Levi Colwill,Defender,BHA,5,0,3,5,2
2293160,Enciso,Julio Enciso,Midfielder,BHA,0,0,1,5,1
2293160,Moises Caicedo,Moises Caicedo,Midfielder,BHA,1,0,1,5,2
2293160,Ferguson (Evan),Evan Ferguson,Forward,BHA,1,0,0,3,0
2293160,Buonanotte,Facundo Buonanotte,Midfielder,BHA,0,1,0,1,0
2293161,Young (Ashley),Ashley Young,Defender,AVL,2,1,0,6,2
2293161,Martinez,Emiliano Martinez,Goalkeeper,AVL,0,0,0,6,0
2293161,Álex Moreno,Alexandre Moreno Lopera,Defender,AVL,3,0,2,6,2
2293161,McGinn,John McGinn,Midfielder,AVL,0,0,3,12,0
2293161,Mings,Tyrone Mings,Defender,AVL,5,0,3,3,1
2293161,Watkins,Ollie Watkins,Forward,AVL,1,0,0,1,0
2293161,Buendía,Emiliano Buendía,Midfielder,AVL,0,0,0,3,0
2293161,Cash,Matthew Cash,Defender,AVL,0,0,0,0,0
2293161,Konsa Ngoyo,Ezri Konsa Ngoyo,Defender,AVL,2,0,1,3,1
2293161,Bailey,Leon Bailey,Midfielder,AVL,0,0,0,4,0
2293161,Kamara,Boubacar Kamara,Midfielder,AVL,0,0,0,1,0
2293161,Douglas Luiz,Douglas Luiz Soares de Paulo,Midfielder,AVL,1,0,0,6,0
2293161,Ramsey (Jacob),Jacob Ramsey,Midfielder,AVL,0,0,1,3,1
2293161,Durán,Jhon Durán,Forward,AVL,0,0,1,1,1
2293161,Forster,Fraser Forster,Goalkeeper,TOT,0,0,0,10,0
2293161,Perisic,Ivan Perisic,Defender,TOT,0,0,0,1,0
2293161,Kane,Harry Kane,Forward,TOT,0,0,0,3,1
2293161,Son,Heung-Min Son,Midfielder,TOT,0,0,1,1,0
2293161,Davies (Ben),Ben Davies,Defender,TOT,1,0,0,2,0
2293161,Højbjerg,Pierre-Emile Højbjerg,Midfielder,TOT,1,0,3,5,1
2293161,Lenglet,Clément Lenglet,Defender,TOT,6,0,0,4,0
2293161,Skipp,Oliver Skipp,Midfielder,TOT,0,0,0,3,0
2293161,Richarlison,Richarlison de Andrade,Midfielder,TOT,0,0,0,2,0
2293161,Danjuma Groeneveld,Arnaut Danjuma Groeneveld,Midfielder,TOT,0,0,0,0,0
2293161,Romero,Cristian Romero,Defender,TOT,2,0,3,8,2
2293161,Bissouma,Yves Bissouma,Midfielder,TOT,0,0,0,0,0
2293161,Emerson Royal,Emerson Aparecido Leite de Souza Junior,Defender,TOT,1,0,2,2,3
2293161,Porro,Pedro Porro,Defender,TOT,2,0,2,6,0
2293161,Kulusevski,Dejan Kulusevski,Midfielder,TOT,0,0,1,4,0
2293162,Mee,Ben Mee,Defender,BRE,1,0,0,6,0
2293162,Raya Martin,David Raya Martin,Goalkeeper,BRE,0,0,0,10,0
2293162,Dasilva,Pelenda Joshua Dasilva,Midfielder,BRE,0,0,0,2,0
2293162,Henry,Rico Henry,Defender,BRE,2,0,0,7,1
2293162,Janelt,Vitaly Janelt,Midfielder,BRE,0,0,1,7,1
2293162,Ghoddos,Saman Ghoddos,Midfielder,BRE,0,0,0,0,0
2293162,Jensen,Mathias Jensen,Midfielder,BRE,0,0,0,3,1
2293162,Wissa,Yoane Wissa,Forward,BRE,0,0,0,4,0
2293162,Roerslev,Mads Roerslev,Defender,BRE,2,0,0,2,0
2293162,Pinnock,Ethan Pinnock,Defender,BRE,8,0,2,11,0
2293162,Onyeka,Frank Onyeka,Midfielder,BRE,0,0,1,1,1
2293162,Baptiste (Shandon),Shandon Baptiste,Midfielder,BRE,0,0,0,1,0
2293162,Damsgaard,Mikkel Damsgaard,Midfielder,BRE,1,0,0,6,4
2293162,Mbeumo,Bryan Mbeumo,Midfielder,BRE,0,0,1,6,2
2293162,Hickey,Aaron Hickey,Defender,BRE,1,0,0,8,1
2293162,Schade,Kevin Schade,Midfielder,BRE,0,0,0,0,0
2293162,Fabianski,Lukasz Fabianski,Goalkeeper,WHU,0,0,0,7,0
2293162,Ogbonna,Angelo Ogbonna,Defender,WHU,9,1,1,3,0
2293162,Ings,Danny Ings,Forward,WHU,0,0,0,1,3
2293162,Lanzini,Manuel Lanzini,Midfielder,WHU,0,0,0,9,2
2293162,Emerson,Emerson Palmieri dos Santos,Defender,WHU,2,0,3,6,1
2293162,Cornet,Maxwel Cornet,Midfielder,WHU,2,0,1,5,1
2293162,Benrahma,Said Benrahma,Midfielder,WHU,0,0,0,4,0
2293162,Bowen,Jarrod Bowen,Midfielder,WHU,0,0,0,0,0
2293162,Rice,Declan Rice,Midfielder,WHU,0,0,0,1,1
2293162,Aguerd,Nayef Aguerd,Defender,WHU,8,2,1,5,0
2293162,Soucek,Tomas Soucek,Midfielder,WHU,2,0,0,4,0
2293162,Fornals,Pablo Fornals,Midfielder,WHU,0,0,0,5,0
2293162,Downes,Flynn Downes,Midfielder,WHU,0,1,1,2,0
2293162,Johnson (Ben),Ben Johnson,Defender,WHU,3,0,1,8,0
2293162,Mubama,Divin Mubama,Forward,WHU,0,0,0,0,1
2293163,Thiago Silva,Thiago Emiliano da Silva,Defender,CHE,3,0,0,5,0
2293163,Kovacic,Mateo Kovacic,Midfielder,CHE,0,0,0,2,1
2293163,Sterling (Raheem),Raheem Sterling,Midfielder,CHE,1,0,1,4,2
2293163,Ziyech,Hakim Ziyech,Midfielder,CHE,0,0,0,0,0
2293163,Loftus-Cheek,Ruben Loftus-Cheek,Midfielder,CHE,0,0,0,2,0
2293163,Chalobah (Trevoh),Trevoh Chalobah,Defender,CHE,4,1,1,6,2
2293163,Havertz,Kai Havertz,Midfielder,CHE,0,0,0,0,0
2293163,Mendy (Edouard),Edouard Mendy,Goalkeeper,CHE,0,0,0,6,0
2293163,Gallagher,Conor Gallagher,Midfielder,CHE,1,0,0,7,1
2293163,Badiashile,Benoît Badiashile,Defender,CHE,3,0,1,9,1
2293163,Madueke,Noni Madueke,Midfielder,CHE,2,0,0,2,2
2293163,João Félix,João Félix Sequeira,Forward,CHE,1,0,0,0,0
2293163,Fernández (Enzo),Enzo Fernández,Midfielder,CHE,0,0,0,3,0
2293163,Lewis Hall,Lewis Hall,Defender,CHE,1,0,0,4,0
2293163,Navas,Keylor Navas,Goalkeeper,NFO,0,0,0,13,0
2293163,Kouyaté,Cheikhou Kouyaté,Midfielder,NFO,1,0,1,0,0
2293163,Aurier,Serge Aurier,Defender,NFO,1,1,1,6,2
2293163,Toffolo,Harry Toffolo,Defender,NFO,0,0,0,1,0
2293163,Felipe,Felipe Augusto de Almeida Monteiro,Defender,NFO,11,2,1,2,1
2293163,Mangala,Orel Mangala,Midfielder,NFO,1,0,3,4,2
2293163,Niakhaté,Moussa Niakhaté,Defender,NFO,4,0,3,7,1
2293163,Yates,Ryan Yates,Midfielder,NFO,1,0,1,5,3
2293163,Worrall,Joe Worrall,Defender,NFO,3,1,2,5,1
2293163,Awoniyi,Taiwo Awoniyi,Forward,NFO,0,0,0,1,1
2293163,Gibbs-White,Morgan Gibbs-White,Midfielder,NFO,0,0,1,5,2
2293163,Renan Lodi,Renan Augusto Lodi dos Santos,Defender,NFO,3,0,4,6,2
2293163,Johnson (Brennan),Brennan Johnson,Midfielder,NFO,0,0,0,0,0
2293163,Danilo,Danilo dos Santos de Oliveira,Midfielder,NFO,0,0,0,4,0
2293164,Smith (Adam),Adam Smith,Defender,BOU,0,0,1,1,0
2293164,Neto,Norberto Murara Neto,Goalkeeper,BOU,1,0,0,10,0
2293164,Brooks,David Brooks,Midfielder,BOU,0,0,0,0,0
2293164,Moore (Kieffer),Kieffer Moore,Forward,BOU,2,0,0,0,0
2293164,Lerma,Jefferson Lerma,Midfielder,BOU,3,0,3,11,3
2293164,Solanke,Dominic Solanke,Forward,BOU,3,1,1,3,1
2293164,Cook (Lewis),Lewis Cook,Midfielder,BOU,0,0,0,2,0
2293164,Rothwell,Joe Rothwell,Midfielder,BOU,1,0,0,3,1
2293164,Christie,Ryan Christie,Midfielder,BOU,0,1,1,3,0
2293164,Billing,Philip Billing,Midfielder,BOU,0,0,0,1,0
2293164,Mepham,Chris Mepham,Defender,BOU,7,0,0,3,2
2293164,Kelly (Lloyd),Lloyd Kelly,Defender,BOU,5,1,1,9,1
2293164,Viña,Matias Viña,Defender,BOU,1,1,1,1,2
2293164,Anthony,Jaidon Anthony,Midfielder,BOU,0,0,1,1,0
2293164,Zabarnyi,Illia Zabarnyi,Defender,BOU,6,0,1,5,0
2293164,Dango Ouattara,Dango Ouattara,Midfielder,BOU,2,1,1,5,0
2293164,McArthur,James McArthur,Midfielder,CRY,0,0,1,2,0
2293164,Ward (Joel),Joel Ward,Defender,CRY,1,0,1,4,1
2293164,Ayew (Jordan),Jordan Ayew,Midfielder,CRY,0,1,0,4,1
2293164,Zaha,Wilfried Zaha,Midfielder,CRY,0,0,0,2,0
2293164,Johnstone,Sam Johnstone,Goalkeeper,CRY,0,0,0,2,0
2293164,Hughes (Will),Will Hughes,Midfielder,CRY,1,2,3,5,3
2293164,Riedewald,Jairo Riedewald,Midfielder,CRY,0,0,0,4,0
2293164,Andersen,Joachim Andersen,Defender,CRY,3,0,2,7,5
2293164,Edouard,Odsonne Edouard,Forward,CRY,0,0,0,1,0
2293164,Marc Guehi,Addji Keaninkin Marc-Israel Guehi,Defender,CRY,0,0,0,9,0
2293164,Eze,Eberechi Eze,Midfielder,CRY,0,0,2,7,0
2293164,Mitchell,Tyrick Mitchell,Defender,CRY,3,1,0,3,4
2293164,Doucoure,Cheick Oumar Doucoure,Midfielder,CRY,1,0,0,9,1
2293164,Olise,Michael Olise,Midfielder,CRY,0,0,0,10,1
2293165,Tarkowski,James Tarkowski,Defender,EVE,3,1,2,1,0
2293165,Gueye,Idrissa Gueye,Midfielder,EVE,0,0,1,1,3
2293165,Coady,Conor Coady,Defender,EVE,0,0,0,2,0
2293165,Pickford,Jordan Pickford,Goalkeeper,EVE,0,0,0,5,0
2293165,Maupay,Neal Maupay,Forward,EVE,0,0,0,0,0
2293165,Doucouré,Abdoulaye Doucouré,Midfielder,EVE,0,0,1,4,1
2293165,Iwobi,Alex Iwobi,Midfielder,EVE,1,0,0,6,0
2293165,Mina,Yerry Mina,Defender,EVE,2,0,2,3,0
2293165,Gray (Demarai),Demarai Gray,Midfielder,EVE,0,0,0,0,1
2293165,Calvert-Lewin,Dominic Calvert-Lewin,Forward,EVE,2,0,0,2,0
2293165,Holgate,Mason Holgate,Defender,EVE,1,0,0,2,0
2293165,Garner,James Garner,Midfielder,EVE,2,0,0,4,1
2293165,Patterson (Nathan),Nathan Patterson,Defender,EVE,1,0,1,0,3
2293165,McNeil,Dwight McNeil,Midfielder,EVE,3,1,4,6,2
2293165,Mvom Onana,Amadou Mvom Onana,Midfielder,EVE,0,0,0,1,0
2293165,Walker,Kyle Walker,Defender,MCI,4,0,1,2,1
2293165,Gundogan,Ilkay Gundogan,Midfielder,MCI,0,0,0,2,0
2293165,Mahrez,Riyad Mahrez,Midfielder,MCI,1,0,1,4,1
2293165,Grealish,Jack Grealish,Midfielder,MCI,0,0,0,1,0
2293165,Ederson,Ederson Santana de Moraes,Goalkeeper,MCI,0,0,0,7,0
2293165,Laporte,Aymeric Laporte,Defender,MCI,5,0,0,5,1
2293165,Phillips (Kalvin),Kalvin Phillips,Midfielder,MCI,0,0,0,1,0
2293165,Bernardo Silva,Bernardo Mota Veiga de Carvalho e Silva,Midfielder,MCI,0,0,0,2,0
2293165,Rúben Dias,Rúben Santos Gato Alves Dias,Defender,MCI,4,2,0,3,0
2293165,Foden,Phil Foden,Midfielder,MCI,1,0,0,5,0
2293165,Akanji,Manuel Akanji,Defender,MCI,1,0,2,5,1
2293165,Rodri,Rodrigo Hernández Cascante,Midfielder,MCI,2,0,1,7,0
2293165,Haaland,Erling Haaland,Forward,MCI,1,0,0,1,0
2293165,Gómez,Sergio Gómez,Defender,MCI,0,0,0,0,0
2293165,Álvarez,Julián Álvarez,Forward,MCI,0,0,0,1,1
2293166,Ayling,Luke Ayling,Defender,LEE,4,0,1,9,4
2293166,Robles,Joel Robles,Goalkeeper,LEE,0,0,0,6,0
2293166,Forshaw,Adam Forshaw,Midfielder,LEE,0,1,1,3,3
2293166,Rodrigo,Rodrigo Moreno Machado,Midfielder,LEE,1,2,0,4,0
2293166,Bamford,Patrick Bamford,Forward,LEE,0,0,0,5,0
2293166,Koch,Robin Koch,Defender,LEE,5,1,0,4,0
2293166,Wöber,Maximilian Wöber,Defender,LEE,4,1,4,2,0
2293166,Harrison,Jack Harrison,Midfielder,LEE,0,0,1,3,0
2293166,Struijk,Pascal Struijk,Defender,LEE,2,0,1,0,1
2293166,Kristensen,Rasmus Kristensen,Defender,LEE,5,1,2,3,0
2293166,McKennie,Weston McKennie,Midfielder,LEE,2,0,2,5,1
2293166,Greenwood (Sam),Sam Greenwood,Forward,LEE,0,0,0,3,0
2293166,Aaronson,Brenden Aaronson,Midfielder,LEE,0,0,0,1,0
2293166,Firpo,Junior Firpo,Defender,LEE,0,0,3,5,3
2293166,Gnonto,Degnand Wilfried Gnonto,Forward,LEE,0,0,0,3,0
2293166,Wilson (Callum),Callum Wilson,Forward,NEW,0,0,0,2,1
2293166,Trippier,Kieran Trippier,Defender,NEW,4,1,1,7,0
2293166,Burn,Dan Burn,Defender,NEW,2,1,1,5,2
2293166,Pope,Nick Pope,Goalkeeper,NEW,2,0,0,5,0
2293166,Schär,Fabian Schär,Defender,NEW,5,0,2,3,0
2293166,Saint-Maximin,Allan Saint-Maximin,Midfielder,NEW,0,0,0,1,0
2293166,Almirón,Miguel Almirón,Midfielder,NEW,0,0,0,3,2
2293166,Joelinton,Joelinton Cássio Apolinário de Lira,Midfielder,NEW,0,0,4,11,3
2293166,Willock,Joseph Willock,Midfielder,NEW,0,0,0,6,3
2293166,Bruno Guimarães,Bruno Guimarães Rodriguez Moura,Midfielder,NEW,2,0,3,5,0
2293166,Anderson (Elliot),Elliot Anderson,Midfielder,NEW,0,0,0,0,0
2293166,Isak,Alexander Isak,Forward,NEW,0,0,1,2,1
2293166,Botman,Sven Botman,Defender,NEW,5,0,1,4,0
2293166,Gordon (Anthony),Anthony Gordon,Midfielder,NEW,0,0,0,1,0
2293167,Evans,Jonny Evans,Defender,LEI,1,1,0,7,1
2293167,Vardy,Jamie Vardy,Forward,LEI,1,0,0,2,1
2293167,Ricardo Pereira,Ricardo Domingos Barbosa Pereira,Defender,LEI,3,1,0,4,1
2293167,Castagne,Timothy Castagne,Defender,LEI,2,0,2,8,0
2293167,Tielemans,Youri Tielemans,Midfielder,LEI,0,0,2,7,3
2293167,Maddison,James Maddison,Midfielder,LEI,0,0,0,4,2
2293167,Souttar,Harry Souttar,Defender,LEI,0,0,0,0,0
2293167,Barnes,Harvey Barnes,Midfielder,LEI,1,0,0,6,0
2293167,Ndidi,Onyinye Wilfred Ndidi,Midfielder,LEI,0,1,2,5,5
2293167,Iversen,Daniel Iversen,Goalkeeper,LEI,0,0,0,6,0
2293167,Faes,Wout Faes,Defender,LEI,8,1,2,7,2
2293167,Tetê,Mateus Cardoso Lemos Martins,Midfielder,LEI,0,0,0,1,0
2293167,Soumaré,Boubakary Soumaré,Midfielder,LEI,0,0,3,4,1
2293167,Thomas,Luke Thomas,Defender,LEI,0,1,1,2,1
2293167,Daka,Patson Daka,Forward,LEI,0,0,2,0,0
2293167,Milner,James Milner,Midfielder,LIV,0,0,0,2,0
2293167,Henderson (Jordan),Jordan Henderson,Midfielder,LIV,0,0,0,5,1
2293167,van Dijk,Virgil van Dijk,Defender,LIV,4,0,0,8,0
2293167,Alisson,Alisson Ramses Becker,Goalkeeper,LIV,2,0,0,8,0
2293167,Fabinho,Fabio Henrique Tavares,Midfielder,LIV,0,0,1,6,2
2293167,Salah,Mohamed Salah,Midfielder,LIV,0,0,0,6,1
2293167,Robertson (Andrew),Andrew Robertson,Defender,LIV,0,0,0,7,0
2293167,Alexander-Arnold,Trent Alexander-Arnold,Defender,LIV,0,0,1,9,0
2293167,Diogo Jota,Diogo José Teixeira da Silva,Midfielder,LIV,0,0,0,0,0
2293167,Konaté,Ibrahima Konaté,Defender,LIV,2,0,1,4,2
2293167,Jones (Curtis),Curtis Jones,Midfielder,LIV,0,0,0,5,3
2293167,Gakpo,Cody Gakpo,Forward,LIV,1,0,0,2,2
2293167,Díaz,Luis Díaz,Midfielder,LIV,0,0,2,7,1
2293167,Carvalho,Fabio Carvalho,Midfielder,LIV,0,0,1,1,0
2293167,Elliott (Harvey),Harvey Elliott,Midfielder,LIV,0,0,0,0,0
2293168,De Gea,David De Gea,Goalkeeper,MUN,0,0,0,3,0
2293168,Casemiro,Carlos Henrique Jose Francisco Venancio,Midfielder,MUN,4,0,2,12,2
2293168,Eriksen,Christian Eriksen,Midfielder,MUN,1,0,0,5,1
2293168,Varane,Raphael Varane,Defender,MUN,6,0,1,6,0
2293168,Maguire,Harry Maguire,Defender,MUN,2,0,0,1,0
2293168,Fred,Frederico Rodrigues de Paula Santos,Midfielder,MUN,1,0,1,3,0
2293168,Shaw,Luke Shaw,Defender,MUN,2,0,3,8,4
2293168,Weghorst,Wout Weghorst,Forward,MUN,1,0,0,0,0
2293168,Bruno Fernandes,Bruno Miguel Borges Fernandes,Midfielder,MUN,1,0,1,4,0
2293168,Martial,Anthony Martial,Forward,MUN,0,0,0,1,0
2293168,Lindelof,Victor Nilsson-Lindelof,Defender,MUN,2,0,0,7,0
2293168,Sancho,Jadon Sancho,Midfielder,MUN,0,0,0,4,1
2293168,Wan-Bissaka,Aaron Wan-Bissaka,Defender,MUN,3,0,0,3,0
2293168,Antony,Antony Matheus dos Santos,Midfielder,MUN,0,0,0,7,0
2293168,Garnacho,Alejandro Garnacho Ferreyra,Midfielder,MUN,0,0,0,2,0
2293168,Costa,Diego Da Silva Costa,Forward,WOL,1,0,0,2,0
2293168,Dawson,Craig Dawson,Defender,WOL,2,2,2,5,0
2293168,Bentley,Daniel Bentley,Goalkeeper,WOL,0,0,0,5,0
2293168,Raúl Jiménez,Raul Alonso Jimenez Rodriguez,Forward,WOL,0,0,0,1,0
2293168,Lemina (Mario),Mario Lemina,Midfielder,WOL,0,3,0,4,1
2293168,Traoré (Adama),Adama Traoré,Midfielder,WOL,0,0,0,0,0
2293168,Ruben Neves,Rúben Diogo da Silva Neves,Midfielder,WOL,1,0,3,7,2
2293168,Hwang Hee-Chan,Hee-Chan Hwang,Midfielder,WOL,0,0,1,2,0
2293168,Semedo,Nelson Semedo,Defender,WOL,3,0,1,5,2
2293168,Podence,Daniel Podence,Midfielder,WOL,0,0,0,1,0
2293168,Kilman,Max Kilman,Defender,WOL,2,0,0,9,1
2293168,Neto,Pedro Neto,Midfielder,WOL,0,0,0,1,0
2293168,Matheus Cunha,Matheus Santos Carneiro Da Cunha,Forward,WOL,2,0,0,3,0
2293168,Matheus Nunes,Matheus Luiz Nunes,Midfielder,WOL,2,0,0,7,1
2293168,Bueno (Hugo),Hugo Bueno,Defender,WOL,0,0,0,3,0
2293168,Toti,Toti António Gomes,Defender,WOL,2,0,0,3,0
2293169,Willian,Willian Borges Da Silva,Midfielder,FUL,0,0,0,3,0
2293169,Cairney,Tom Cairney,Midfielder,FUL,0,0,0,9,0
2293169,Leno,Bernd Leno,Goalkeeper,FUL,1,0,0,9,0
2293169,Kebano,Neeskens Kebano,Midfielder,FUL,0,0,0,1,2
2293169,DeCordova-Reid,Bobby DeCordova-Reid,Midfielder,FUL,0,0,0,1,0
2293169,Tosin,Oluwatosin Adarabioyo,Defender,FUL,1,0,1,2,0
2293169,Mitrovic,Aleksandar Mitrovic,Forward,FUL,0,0,0,1,0
2293169,Reed,Harrison Reed,Midfielder,FUL,0,1,1,7,0
2293169,Wilson (Harry),Harry Wilson,Midfielder,FUL,1,0,2,2,0
2293169,João Palhinha,João Maria Lobo Alves Palhinha Gonçalves,Midfielder,FUL,0,0,0,2,0
2293169,Tete,Kenny Tete,Defender,FUL,0,0,0,2,1
2293169,Robinson (Antonee),Antonee Robinson,Defender,FUL,2,0,2,6,1
2293169,Lukic,Sasa Lukic,Midfielder,FUL,0,0,0,3,0
2293169,Diop,Issa Diop,Defender,FUL,1,1,4,2,1
2293169,Solomon,Manor Solomon,Midfielder,FUL,0,0,0,3,0
2293169,Carlos Vinicius,Carlos Vinicius Alves Morais,Forward,FUL,0,0,0,2,0
2293169,Walcott,Theo Walcott,Midfielder,SOU,1,0,0,4,1
2293169,McCarthy,Alex McCarthy,Goalkeeper,SOU,0,0,0,3,0
2293169,Armstrong (Stuart),Stuart Armstrong,Midfielder,SOU,2,0,1,4,1
2293169,Elyounoussi,Mohammed Elyounoussi,Midfielder,SOU,0,0,0,0,0
2293169,Ward-Prowse,James Ward-Prowse,Midfielder,SOU,3,1,2,6,3
2293169,Paul Onuachu,Ebere Paul Onuachu,Forward,SOU,0,0,0,5,0
2293169,Maitland-Niles,Ainsley Maitland-Niles,Midfielder,SOU,3,0,2,3,0
2293169,Armstrong (Adam),Adam Armstrong,Forward,SOU,0,0,0,0,0
2293169,Walker-Peters,Kyle Walker-Peters,Defender,SOU,2,0,0,5,1
2293169,Bednarek,Jan Bednarek,Defender,SOU,7,1,2,9,0
2293169,Lyanco,Lyanco Evangelista Silveira Neves Vojnovic,Defender,SOU,6,3,0,3,2
2293169,Djenepo,Moussa Djenepo,Midfielder,SOU,0,0,0,3,0
2293169,Mara,Sékou Mara,Forward,SOU,0,0,0,0,0
2293169,Alcaraz,Carlos Alcaraz,Midfielder,SOU,0,0,0,3,1
2293169,Sulemana,Kamaldeen Sulemana,Midfielder,SOU,0,0,1,2,0
2293169,Lavia,Romeo Lavia,Midfielder,SOU,1,0,1,3,0
2293170,Smith (Adam),Adam Smith,Defender,BOU,1,0,1,2,0
2293170,Neto,Norberto Murara Neto,Goalkeeper,BOU,0,0,0,12,0
2293170,Brooks,David Brooks,Midfielder,BOU,2,0,1,1,0
2293170,Moore (Kieffer),Kieffer Moore,Forward,BOU,1,0,0,0,0
2293170,Lerma,Jefferson Lerma,Midfielder,BOU,1,0,3,9,1
2293170,Solanke,Dominic Solanke,Forward,BOU,1,0,2,5,1
2293170,Cook (Lewis),Lewis Cook,Midfielder,BOU,2,1,1,6,0
2293170,Christie,Ryan Christie,Midfielder,BOU,1,1,1,6,1
2293170,Senesi,Marcos Senesi,Defender,BOU,5,1,5,3,1
2293170,Kelly (Lloyd),Lloyd Kelly,Defender,BOU,2,1,2,9,1
2293170,Viña,Matias Viña,Defender,BOU,1,0,0,4,2
2293170,Anthony,Jaidon Anthony,Midfielder,BOU,1,1,0,6,0
2293170,Zabarnyi,Illia Zabarnyi,Defender,BOU,2,2,1,5,0
2293170,Dango Ouattara,Dango Ouattara,Midfielder,BOU,0,0,1,4,0
2293170,De Gea,David De Gea,Goalkeeper,MUN,0,0,1,6,0
2293170,Casemiro,Carlos Henrique Jose Francisco Venancio,Midfielder,MUN,2,0,2,12,2
2293170,Eriksen,Christian Eriksen,Midfielder,MUN,0,0,1,10,5
2293170,Varane,Raphael Varane,Defender,MUN,3,1,0,4,0
2293170,Fred,Frederico Rodrigues de Paula Santos,Midfielder,MUN,1,0,0,2,0
2293170,Shaw,Luke Shaw,Defender,MUN,0,0,0,11,4
2293170,Weghorst,Wout Weghorst,Forward,MUN,0,0,0,2,1
2293170,Bruno Fernandes,Bruno Miguel Borges Fernandes,Midfielder,MUN,0,0,1,5,1
2293170,Martial,Anthony Martial,Forward,MUN,0,1,0,1,1
2293170,Lindelof,Victor Nilsson-Lindelof,Defender,MUN,6,1,0,1,3
2293170,McTominay,Scott McTominay,Midfielder,MUN,1,0,0,1,0
2293170,Sancho,Jadon Sancho,Midfielder,MUN,0,0,0,9,0
2293170,Wan-Bissaka,Aaron Wan-Bissaka,Defender,MUN,1,0,0,3,2
2293170,Antony,Antony Matheus dos Santos,Midfielder,MUN,0,0,0,6,0
2293170,Garnacho,Alejandro Garnacho Ferreyra,Midfielder,MUN,0,0,0,2,0
2293171,Steele,Jason Steele,Goalkeeper,BHA,0,0,0,5,0
2293171,Welbeck,Danny Welbeck,Forward,BHA,1,0,0,2,0
2293171,Groß,Pascal Groß,Midfielder,BHA,0,0,0,3,2
2293171,Dunk,Lewis Dunk,Defender,BHA,0,0,0,4,1
2293171,Veltman,Joël Veltman,Defender,BHA,2,0,0,2,1
2293171,Estupiñán,Pervis Estupiñán,Defender,BHA,2,0,0,8,0
2293171,Mac Allister,Alexis Mac Allister,Midfielder,BHA,0,0,0,3,0
2293171,Gilmour,Billy Gilmour,Midfielder,BHA,0,0,0,0,1
2293171,Undav,Deniz Undav,Forward,BHA,0,0,0,1,0
2293171,Mitoma,Kaoru Mitoma,Midfielder,BHA,0,0,1,7,0
2293171,Colwill,Levi Colwill,Defender,BHA,1,0,1,4,2
2293171,van Hecke,Jan-Paul van Hecke,Defender,BHA,0,0,0,0,0
2293171,Enciso,Julio Enciso,Midfielder,BHA,0,0,0,3,1
2293171,Moises Caicedo,Moises Caicedo,Midfielder,BHA,1,0,3,7,0
2293171,Ferguson (Evan),Evan Ferguson,Forward,BHA,1,0,0,0,0
2293171,Buonanotte,Facundo Buonanotte,Midfielder,BHA,0,1,0,2,1
2293171,Walcott,Theo Walcott,Midfielder,SOU,0,0,0,6,1
2293171,McCarthy,Alex McCarthy,Goalkeeper,SOU,0,0,0,9,0
2293171,Armstrong (Stuart),Stuart Armstrong,Midfielder,SOU,0,0,1,0,0
2293171,Elyounoussi,Mohammed Elyounoussi,Midfielder,SOU,1,0,1,3,1
2293171,Ward-Prowse,James Ward-Prowse,Midfielder,SOU,0,1,2,1,1
2293171,Walker-Peters,Kyle Walker-Peters,Defender,SOU,0,0,1,3,0
2293171,Bednarek,Jan Bednarek,Defender,SOU,7,2,1,2,1
2293171,Bree,James Bree,Defender,SOU,3,0,1,3,1
2293171,Aribo,Joe Aribo,Midfielder,SOU,1,0,2,2,1
2293171,Lyanco,Lyanco Evangelista Silveira Neves Vojnovic,Defender,SOU,4,2,1,3,1
2293171,Livramento,Valentino Livramento,Defender,SOU,1,0,1,1,1
2293171,Doyle (Kamari),Kamari Doyle,Midfielder,SOU,0,0,0,0,0
2293171,Ballard,Dominic Ballard,Forward,SOU,0,0,1,1,0
2293171,Alcaraz,Carlos Alcaraz,Midfielder,SOU,0,0,0,3,0
2293171,Sulemana,Kamaldeen Sulemana,Midfielder,SOU,0,0,0,0,0
2293171,Lavia,Romeo Lavia,Midfielder,SOU,2,2,2,9,2
2293172,Ward (Joel),Joel Ward,Defender,CRY,1,1,0,2,0
2293172,Ayew (Jordan),Jordan Ayew,Midfielder,CRY,0,1,0,7,0
2293172,Johnstone,Sam Johnstone,Goalkeeper,CRY,0,0,0,5,0
2293172,Hughes (Will),Will Hughes,Midfielder,CRY,2,0,3,5,0
2293172,Andersen,Joachim Andersen,Defender,CRY,4,0,1,4,0
2293172,Edouard,Odsonne Edouard,Forward,CRY,0,0,0,3,0
2293172,Marc Guehi,Addji Keaninkin Marc-Israel Guehi,Defender,CRY,4,1,2,4,2
2293172,Mateta,Jean-Philippe Mateta,Forward,CRY,0,0,0,0,0
2293172,Eze,Eberechi Eze,Midfielder,CRY,0,0,0,4,0
2293172,Mitchell,Tyrick Mitchell,Defender,CRY,4,0,1,5,1
2293172,Doucoure,Cheick Oumar Doucoure,Midfielder,CRY,1,1,2,5,0
2293172,Olise,Michael Olise,Midfielder,CRY,0,0,0,5,1
2293172,Willian,Willian Borges Da Silva,Midfielder,FUL,0,0,0,2,1
2293172,Cairney,Tom Cairney,Midfielder,FUL,0,0,1,5,0
2293172,Leno,Bernd Leno,Goalkeeper,FUL,1,0,0,9,0
2293172,DeCordova-Reid,Bobby DeCordova-Reid,Midfielder,FUL,0,0,0,0,0
2293172,Tosin,Oluwatosin Adarabioyo,Defender,FUL,9,1,1,1,2
2293172,Mitrovic,Aleksandar Mitrovic,Forward,FUL,0,0,0,1,0
2293172,Reed,Harrison Reed,Midfielder,FUL,0,1,0,2,1
2293172,Wilson (Harry),Harry Wilson,Midfielder,FUL,1,0,0,4,1
2293172,João Palhinha,João Maria Lobo Alves Palhinha Gonçalves,Midfielder,FUL,0,0,1,7,0
2293172,Tete,Kenny Tete,Defender,FUL,2,1,4,11,1
2293172,Robinson (Antonee),Antonee Robinson,Defender,FUL,1,0,1,7,1
2293172,Diop,Issa Diop,Defender,FUL,7,0,1,4,0
2293172,Solomon,Manor Solomon,Midfielder,FUL,0,0,0,1,0
2293173,Young (Ashley),Ashley Young,Defender,AVL,3,0,3,0,2
2293173,Martinez,Emiliano Martinez,Goalkeeper,AVL,3,0,0,27,0
2293173,Digne,Lucas Digne,Defender,AVL,4,0,0,3,1
2293173,Álex Moreno,Alexandre Moreno Lopera,Defender,AVL,1,0,0,0,0
2293173,McGinn,John McGinn,Midfielder,AVL,0,0,0,4,1
2293173,Mings,Tyrone Mings,Defender,AVL,10,0,5,4,1
2293173,Dendoncker (Leander),Leander Dendoncker,Midfielder,AVL,1,0,2,2,0
2293173,Watkins,Ollie Watkins,Forward,AVL,2,0,1,0,0
2293173,Buendía,Emiliano Buendía,Midfielder,AVL,1,0,0,5,1
2293173,Cash,Matthew Cash,Defender,AVL,3,1,1,6,3
2293173,Konsa Ngoyo,Ezri Konsa Ngoyo,Defender,AVL,2,3,2,1,1
2293173,Bailey,Leon Bailey,Midfielder,AVL,1,0,0,3,0
2293173,Kamara,Boubacar Kamara,Midfielder,AVL,0,0,1,6,2
2293173,Douglas Luiz,Douglas Luiz Soares de Paulo,Midfielder,AVL,2,0,0,6,3
2293173,Ramsey (Jacob),Jacob Ramsey,Midfielder,AVL,4,0,0,7,0
2293173,Durán,Jhon Durán,Forward,AVL,1,0,0,0,0
2293173,Milner,James Milner,Midfielder,LIV,0,0,0,4,2
2293173,Henderson (Jordan),Jordan Henderson,Midfielder,LIV,0,0,0,1,0
2293173,Firmino,Roberto Firmino Barbosa de Oliveira,Forward,LIV,0,0,0,1,0
2293173,van Dijk,Virgil van Dijk,Defender,LIV,7,0,2,9,0
2293173,Alisson,Alisson Ramses Becker,Goalkeeper,LIV,3,0,0,11,0
2293173,Fabinho,Fabio Henrique Tavares,Midfielder,LIV,4,0,2,3,1
2293173,Salah,Mohamed Salah,Midfielder,LIV,0,0,0,4,0
2293173,Robertson (Andrew),Andrew Robertson,Defender,LIV,1,0,0,8,0
2293173,Alexander-Arnold,Trent Alexander-Arnold,Defender,LIV,1,0,1,4,0
2293173,Diogo Jota,Diogo José Teixeira da Silva,Midfielder,LIV,0,0,0,1,0
2293173,Konaté,Ibrahima Konaté,Defender,LIV,2,0,2,6,3
2293173,Jones (Curtis),Curtis Jones,Midfielder,LIV,1,1,0,5,2
2293173,Tsimikas,Konstantinos Tsimikas,Defender,LIV,0,0,0,1,1
2293173,Gakpo,Cody Gakpo,Forward,LIV,0,0,0,8,1
2293173,Díaz,Luis Díaz,Midfielder,LIV,1,0,1,3,0
2293173,Elliott (Harvey),Harvey Elliott,Midfielder,LIV,0,0,0,2,1
2293174,Azpilicueta,César Azpilicueta,Defender,CHE,1,0,0,6,1
2293174,Thiago Silva,Thiago Emiliano da Silva,Defender,CHE,3,2,3,2,1
2293174,Koulibaly,Kalidou Koulibaly,Defender,CHE,1,1,0,1,2
2293174,Sterling (Raheem),Raheem Sterling,Midfielder,CHE,0,0,0,3,0
2293174,Kepa,Kepa Arrizabalaga Revuelta,Goalkeeper,CHE,0,0,0,4,0
2293174,Loftus-Cheek,Ruben Loftus-Cheek,Midfielder,CHE,1,0,1,2,0
2293174,Pulisic,Christian Pulisic,Midfielder,CHE,0,0,0,0,0
2293174,Chalobah (Trevoh),Trevoh Chalobah,Defender,CHE,3,0,0,5,0
2293174,Havertz,Kai Havertz,Midfielder,CHE,1,0,0,4,1
2293174,Gallagher,Conor Gallagher,Midfielder,CHE,0,1,0,3,2
2293174,Madueke,Noni Madueke,Midfielder,CHE,1,0,0,1,1
2293174,Fofana (Wesley),Wesley Fofana,Defender,CHE,1,2,1,3,0
2293174,Fernández (Enzo),Enzo Fernández,Midfielder,CHE,0,0,0,5,0
2293174,Mudryk,Mykhailo Mudryk,Midfielder,CHE,0,0,0,0,0
2293174,Chukwuemeka,Carney Chukwuemeka,Midfielder,CHE,0,0,1,2,0
2293174,Lewis Hall,Lewis Hall,Defender,CHE,1,0,0,4,4
2293174,Walker,Kyle Walker,Defender,MCI,2,0,0,4,0
2293174,De Bruyne,Kevin De Bruyne,Midfielder,MCI,0,0,0,2,0
2293174,Ortega Moreno,Stefan Ortega Moreno,Goalkeeper,MCI,0,0,0,12,0
2293174,Stones,John Stones,Defender,MCI,0,1,0,0,0
2293174,Mahrez,Riyad Mahrez,Midfielder,MCI,0,0,0,3,1
2293174,Laporte,Aymeric Laporte,Defender,MCI,2,1,0,2,1
2293174,Phillips (Kalvin),Kalvin Phillips,Midfielder,MCI,2,1,2,7,0
2293174,Foden,Phil Foden,Midfielder,MCI,1,0,0,2,0
2293174,Akanji,Manuel Akanji,Defender,MCI,1,0,0,4,1
2293174,Rodri,Rodrigo Hernández Cascante,Midfielder,MCI,1,0,0,0,0
2293174,Haaland,Erling Haaland,Forward,MCI,0,0,0,0,0
2293174,Palmer,Cole Palmer,Midfielder,MCI,0,0,0,2,0
2293174,Gómez,Sergio Gómez,Defender,MCI,1,0,0,7,2
2293174,Álvarez,Julián Álvarez,Forward,MCI,0,0,1,4,1
2293174,Lewis (Rico),Rico Lewis,Defender,MCI,1,0,1,2,0
2293175,Evans,Jonny Evans,Defender,LEI,10,3,0,2,0
2293175,Mendy (Nampalys),Nampalys Mendy,Midfielder,LEI,0,0,0,0,0
2293175,Vardy,Jamie Vardy,Forward,LEI,2,0,0,2,0
2293175,Castagne,Timothy Castagne,Defender,LEI,9,0,0,7,0
2293175,Tielemans,Youri Tielemans,Midfielder,LEI,3,1,0,7,0
2293175,Maddison,James Maddison,Midfielder,LEI,0,0,0,2,1
2293175,Iheanacho,Kelechi Iheanacho,Forward,LEI,0,0,0,0,0
2293175,Souttar,Harry Souttar,Defender,LEI,6,1,1,0,1
2293175,Barnes,Harvey Barnes,Midfielder,LEI,1,0,0,2,0
2293175,Ndidi,Onyinye Wilfred Ndidi,Midfielder,LEI,0,2,2,6,4
2293175,Iversen,Daniel Iversen,Goalkeeper,LEI,1,0,0,6,0
2293175,Faes,Wout Faes,Defender,LEI,7,0,1,2,1
2293175,Soumaré,Boubakary Soumaré,Midfielder,LEI,2,0,1,4,0
2293175,Thomas,Luke Thomas,Defender,LEI,4,0,0,1,1
2293175,Daka,Patson Daka,Forward,LEI,0,0,0,1,0
2293175,Wilson (Callum),Callum Wilson,Forward,NEW,0,0,0,1,0
2293175,Trippier,Kieran Trippier,Defender,NEW,1,0,0,12,1
2293175,Burn,Dan Burn,Defender,NEW,2,0,1,10,0
2293175,Pope,Nick Pope,Goalkeeper,NEW,0,0,0,9,0
2293175,Murphy (Jacob),Jacob Murphy,Midfielder,NEW,0,0,0,1,0
2293175,Schär,Fabian Schär,Defender,NEW,4,0,2,2,0
2293175,Saint-Maximin,Allan Saint-Maximin,Midfielder,NEW,0,0,0,0,0
2293175,Almirón,Miguel Almirón,Midfielder,NEW,0,0,0,0,0
2293175,Longstaff (Sean),Sean Longstaff,Midfielder,NEW,0,0,0,3,0
2293175,Bruno Guimarães,Bruno Guimarães Rodriguez Moura,Midfielder,NEW,1,0,0,9,1
2293175,Anderson (Elliot),Elliot Anderson,Midfielder,NEW,0,0,1,5,0
2293175,Isak,Alexander Isak,Forward,NEW,0,0,0,0,0
2293175,Botman,Sven Botman,Defender,NEW,1,0,0,6,0
2293175,Gordon (Anthony),Anthony Gordon,Midfielder,NEW,0,0,0,0,0
2293176,Xhaka,Granit Xhaka,Midfielder,ARS,1,0,2,3,0
2293176,Jorginho,Jorge Luiz Frello Filho,Midfielder,ARS,1,0,0,8,1
2293176,Trossard,Leandro Trossard,Midfielder,ARS,0,0,0,5,0
2293176,Partey,Thomas Partey,Midfielder,ARS,1,0,2,7,0
2293176,Odegaard,Martin Odegaard,Midfielder,ARS,1,0,0,4,1
2293176,Tierney,Kieran Tierney,Defender,ARS,0,0,1,1,0
2293176,White (Ben),Ben White,Defender,ARS,2,0,0,7,0
2293176,Eddie Nketiah,Edward Nketiah,Forward,ARS,0,0,0,0,0
2293176,Jesus,Gabriel Fernando de Jesus,Forward,ARS,1,0,0,6,1
2293176,Saka,Bukayo Saka,Midfielder,ARS,0,0,0,2,0
2293176,Ramsdale,Aaron Ramsdale,Goalkeeper,ARS,1,0,0,9,0
2293176,Gabriel Magalhães,Gabriel dos Santos Magalhães,Defender,ARS,3,1,1,6,0
2293176,Fábio Vieira,Fábio Daniel Vieira,Midfielder,ARS,1,0,0,2,0
2293176,Kiwior,Jakub Kiwior,Defender,ARS,0,0,0,0,0
2293176,Hennessey,Wayne Hennessey,Goalkeeper,NFO,0,0,0,1,0
2293176,Navas,Keylor Navas,Goalkeeper,NFO,0,0,0,10,0
2293176,Kouyaté,Cheikhou Kouyaté,Midfielder,NFO,0,0,0,0,1
2293176,Aurier,Serge Aurier,Defender,NFO,4,0,1,4,1
2293176,Boly,Willy Boly,Defender,NFO,0,0,0,1,0
2293176,Felipe,Felipe Augusto de Almeida Monteiro,Defender,NFO,2,0,4,7,2
2293176,Mangala,Orel Mangala,Midfielder,NFO,1,0,3,5,1
2293176,Niakhaté,Moussa Niakhaté,Defender,NFO,1,0,1,4,2
2293176,Yates,Ryan Yates,Midfielder,NFO,4,0,0,6,1
2293176,Worrall,Joe Worrall,Defender,NFO,6,0,0,2,2
2293176,Awoniyi,Taiwo Awoniyi,Forward,NFO,1,0,0,0,0
2293176,Gibbs-White,Morgan Gibbs-White,Midfielder,NFO,1,0,0,8,1
2293176,Renan Lodi,Renan Augusto Lodi dos Santos,Defender,NFO,2,0,1,5,1
2293176,Johnson (Brennan),Brennan Johnson,Midfielder,NFO,0,0,1,0,0
2293176,Danilo,Danilo dos Santos de Oliveira,Midfielder,NFO,0,1,1,4,0
2293177,Zanka,Mathias Jorgensen,Defender,BRE,2,0,0,2,0
2293177,Mee,Ben Mee,Defender,BRE,3,6,1,6,1
2293177,Raya Martin,David Raya Martin,Goalkeeper,BRE,0,0,0,12,0
2293177,Dasilva,Pelenda Joshua Dasilva,Midfielder,BRE,0,0,0,1,0
2293177,Henry,Rico Henry,Defender,BRE,1,1,1,6,0
2293177,Janelt,Vitaly Janelt,Midfielder,BRE,1,0,1,4,1
2293177,Jensen,Mathias Jensen,Midfielder,BRE,0,0,0,7,1
2293177,Wissa,Yoane Wissa,Forward,BRE,0,0,0,2,0
2293177,Roerslev,Mads Roerslev,Defender,BRE,0,0,0,0,0
2293177,Pinnock,Ethan Pinnock,Defender,BRE,7,0,0,0,0
2293177,Onyeka,Frank Onyeka,Midfielder,BRE,1,0,1,5,1
2293177,Baptiste (Shandon),Shandon Baptiste,Midfielder,BRE,1,0,0,0,0
2293177,Damsgaard,Mikkel Damsgaard,Midfielder,BRE,0,1,0,1,1
2293177,Mbeumo,Bryan Mbeumo,Midfielder,BRE,2,1,0,5,0
2293177,Hickey,Aaron Hickey,Defender,BRE,1,0,0,6,0
2293177,Schade,Kevin Schade,Midfielder,BRE,1,0,0,2,1
2293177,Forster,Fraser Forster,Goalkeeper,TOT,0,0,0,8,0
2293177,Perisic,Ivan Perisic,Defender,TOT,0,0,0,1,0
2293177,Kane,Harry Kane,Forward,TOT,0,0,0,1,0
2293177,Son,Heung-Min Son,Midfielder,TOT,1,0,0,2,1
2293177,Lucas Moura,Lucas Rodrigues Moura da Silva,Midfielder,TOT,0,0,0,1,0
2293177,Davies (Ben),Ben Davies,Defender,TOT,4,0,0,5,0
2293177,Lenglet,Clément Lenglet,Defender,TOT,4,1,0,7,1
2293177,Sánchez,Davinson Sánchez,Defender,TOT,4,0,0,7,2
2293177,Skipp,Oliver Skipp,Midfielder,TOT,0,0,1,5,0
2293177,Richarlison,Richarlison de Andrade,Midfielder,TOT,0,0,0,0,0
2293177,Danjuma Groeneveld,Arnaut Danjuma Groeneveld,Midfielder,TOT,0,0,0,1,0
2293177,Bissouma,Yves Bissouma,Midfielder,TOT,0,0,0,5,0
2293177,Emerson Royal,Emerson Aparecido Leite de Souza Junior,Defender,TOT,1,0,0,3,1
2293177,Porro,Pedro Porro,Defender,TOT,0,0,0,2,1
2293177,Kulusevski,Dejan Kulusevski,Midfielder,TOT,0,0,0,3,0
2293178,Ayling,Luke Ayling,Defender,LEE,1,2,1,5,1
2293178,Robles,Joel Robles,Goalkeeper,LEE,2,0,0,10,0
2293178,Forshaw,Adam Forshaw,Midfielder,LEE,0,0,0,4,1
2293178,Rodrigo,Rodrigo Moreno Machado,Midfielder,LEE,1,0,0,6,1
2293178,Bamford,Patrick Bamford,Forward,LEE,1,0,0,1,0
2293178,Koch,Robin Koch,Defender,LEE,1,2,1,3,0
2293178,Wöber,Maximilian Wöber,Defender,LEE,7,2,0,5,1
2293178,Harrison,Jack Harrison,Midfielder,LEE,0,0,0,2,0
2293178,Struijk,Pascal Struijk,Defender,LEE,1,0,1,9,4
2293178,Kristensen,Rasmus Kristensen,Defender,LEE,4,0,2,15,3
2293178,Roca,Marc Roca,Midfielder,LEE,0,0,0,1,0
2293178,McKennie,Weston McKennie,Midfielder,LEE,1,0,0,3,0
2293178,Greenwood (Sam),Sam Greenwood,Forward,LEE,0,0,0,0,0
2293178,Aaronson,Brenden Aaronson,Midfielder,LEE,0,0,0,1,1
2293178,Summerville,Crysencio Summerville,Midfielder,LEE,0,0,1,1,0
2293178,Gnonto,Degnand Wilfried Gnonto,Forward,LEE,0,0,0,5,2
2293178,Fabianski,Lukasz Fabianski,Goalkeeper,WHU,1,0,0,14,0
2293178,Ogbonna,Angelo Ogbonna,Defender,WHU,6,1,0,4,0
2293178,Ings,Danny Ings,Forward,WHU,0,0,0,4,1
2293178,Lanzini,Manuel Lanzini,Midfielder,WHU,0,0,1,3,0
2293178,Zouma,Kurt Zouma,Defender,WHU,2,0,0,2,0
2293178,Emerson,Emerson Palmieri dos Santos,Defender,WHU,2,1,1,1,1
2293178,Coufal,Vladimir Coufal,Defender,WHU,2,1,1,4,1
2293178,Bowen,Jarrod Bowen,Midfielder,WHU,0,0,1,5,1
2293178,Kehrer,Thilo Kehrer,Defender,WHU,2,0,2,1,0
2293178,Rice,Declan Rice,Midfielder,WHU,3,0,0,8,0
2293178,Soucek,Tomas Soucek,Midfielder,WHU,3,0,3,3,0
2293178,Fornals,Pablo Fornals,Midfielder,WHU,1,0,1,4,0
2293178,Johnson (Ben),Ben Johnson,Defender,WHU,0,0,0,0,0
2293178,Lucas Paquetá,Lucas Tolentino Coelho de Lima,Midfielder,WHU,0,0,1,5,4
2293178,Mubama,Divin Mubama,Forward,WHU,0,0,0,1,0
2293179,Tarkowski,James Tarkowski,Defender,EVE,0,1,2,3,0
2293179,Gueye,Idrissa Gueye,Midfielder,EVE,0,0,0,7,0
2293179,Keane,Michael Keane,Defender,EVE,1,0,1,3,0
2293179,Pickford,Jordan Pickford,Goalkeeper,EVE,0,0,0,6,0
2293179,Maupay,Neal Maupay,Forward,EVE,0,0,0,1,0
2293179,Doucouré,Abdoulaye Doucouré,Midfielder,EVE,0,0,0,2,1
2293179,Iwobi,Alex Iwobi,Midfielder,EVE,0,0,4,7,0
2293179,Mina,Yerry Mina,Defender,EVE,1,0,0,11,1
2293179,Gray (Demarai),Demarai Gray,Midfielder,EVE,0,0,1,2,2
2293179,Calvert-Lewin,Dominic Calvert-Lewin,Forward,EVE,0,1,0,2,1
2293179,Holgate,Mason Holgate,Defender,EVE,0,0,0,0,0
2293179,Garner,James Garner,Midfielder,EVE,1,0,0,9,1
2293179,Patterson (Nathan),Nathan Patterson,Defender,EVE,0,0,0,0,1
2293179,McNeil,Dwight McNeil,Midfielder,EVE,2,0,2,7,3
2293179,Mvom Onana,Amadou Mvom Onana,Midfielder,EVE,0,0,2,3,0
2293179,Costa,Diego Da Silva Costa,Forward,WOL,0,0,0,2,0
2293179,Dawson,Craig Dawson,Defender,WOL,8,1,2,6,0
2293179,Bentley,Daniel Bentley,Goalkeeper,WOL,0,0,0,14,1
2293179,Sarabia,Pablo Sarabia,Midfielder,WOL,1,0,1,5,0
2293179,Lemina (Mario),Mario Lemina,Midfielder,WOL,0,0,0,2,0
2293179,Traoré (Adama),Adama Traoré,Midfielder,WOL,2,0,0,5,1
2293179,Ruben Neves,Rúben Diogo da Silva Neves,Midfielder,WOL,5,0,0,6,1
2293179,Hwang Hee-Chan,Hee-Chan Hwang,Midfielder,WOL,0,1,0,1,0
2293179,Semedo,Nelson Semedo,Defender,WOL,3,1,0,3,0
2293179,Podence,Daniel Podence,Midfielder,WOL,0,0,0,1,0
2293179,Matheus Cunha,Matheus Santos Carneiro Da Cunha,Forward,WOL,1,0,0,1,0
2293179,Collins,Nathan Collins,Defender,WOL,4,2,0,6,0
2293179,João Gomes,João Victor Gomes da Silva,Midfielder,WOL,0,0,0,9,1
2293179,Matheus Nunes,Matheus Luiz Nunes,Midfielder,WOL,0,1,1,2,0
2293179,Traoré (Boubacar),Boubacar Traoré,Midfielder,WOL,0,0,0,0,0
2293179,Toti,Toti António Gomes,Defender,WOL,3,0,1,10,1
2293180,Xhaka,Granit Xhaka,Midfielder,ARS,2,0,0,1,1
2293180,Jorginho,Jorge Luiz Frello Filho,Midfielder,ARS,1,0,0,4,4
2293180,Trossard,Leandro Trossard,Midfielder,ARS,2,0,1,4,1
2293180,Partey,Thomas Partey,Midfielder,ARS,2,0,0,4,1
2293180,Odegaard,Martin Odegaard,Midfielder,ARS,0,0,0,5,1
2293180,Tierney,Kieran Tierney,Defender,ARS,0,0,0,0,0
2293180,White (Ben),Ben White,Defender,ARS,2,0,0,1,0
2293180,Nelson (Reiss),Reiss Nelson,Midfielder,ARS,1,0,0,3,0
2293180,Eddie Nketiah,Edward Nketiah,Forward,ARS,0,0,0,0,0
2293180,Jesus,Gabriel Fernando de Jesus,Forward,ARS,2,1,1,4,2
2293180,Smith-Rowe,Emile Smith-Rowe,Midfielder,ARS,0,0,0,2,0
2293180,Saka,Bukayo Saka,Midfielder,ARS,0,0,0,2,2
2293180,Ramsdale,Aaron Ramsdale,Goalkeeper,ARS,0,0,0,2,0
2293180,Gabriel Magalhães,Gabriel dos Santos Magalhães,Defender,ARS,2,0,0,5,0
2293180,Fábio Vieira,Fábio Daniel Vieira,Midfielder,ARS,0,0,0,1,0
2293180,Kiwior,Jakub Kiwior,Defender,ARS,0,1,0,4,2
2293180,Raúl Jiménez,Raul Alonso Jimenez Rodriguez,Forward,WOL,0,0,0,1,0
2293180,José Sá,José Pedro Malheiro de Sá,Goalkeeper,WOL,0,0,0,10,0
2293180,Lemina (Mario),Mario Lemina,Midfielder,WOL,3,0,0,4,1
2293180,Traoré (Adama),Adama Traoré,Midfielder,WOL,4,0,0,4,0
2293180,Ruben Neves,Rúben Diogo da Silva Neves,Midfielder,WOL,1,0,0,1,1
2293180,Hwang Hee-Chan,Hee-Chan Hwang,Midfielder,WOL,0,0,0,1,0
2293180,Semedo,Nelson Semedo,Defender,WOL,5,0,0,3,0
2293180,Kilman,Max Kilman,Defender,WOL,2,0,0,2,0
2293180,Hodge,Joseph Hodge,Midfielder,WOL,0,0,0,1,0
2293180,Collins,Nathan Collins,Defender,WOL,5,2,0,1,0
2293180,João Gomes,João Victor Gomes da Silva,Midfielder,WOL,1,0,0,3,1
2293180,Ait Nouri,Rayan Ait Nouri,Defender,WOL,0,0,0,1,0
2293180,Matheus Nunes,Matheus Luiz Nunes,Midfielder,WOL,0,0,1,1,0
2293180,Traoré (Boubacar),Boubacar Traoré,Midfielder,WOL,0,0,0,2,1
2293180,Bueno (Hugo),Hugo Bueno,Defender,WOL,0,0,0,3,0
2293180,Toti,Toti António Gomes,Defender,WOL,1,0,1,3,0
2293181,Martinez,Emiliano Martinez,Goalkeeper,AVL,0,0,0,6,0
2293181,Digne,Lucas Digne,Defender,AVL,1,0,1,5,0
2293181,McGinn,John McGinn,Midfielder,AVL,0,0,2,7,0
2293181,Mings,Tyrone Mings,Defender,AVL,4,0,2,1,0
2293181,Watkins,Ollie Watkins,Forward,AVL,0,0,1,0,2
2293181,Buendía,Emiliano Buendía,Midfielder,AVL,0,0,0,2,0
2293181,Cash,Matthew Cash,Defender,AVL,0,0,1,8,1
2293181,Konsa Ngoyo,Ezri Konsa Ngoyo,Defender,AVL,1,0,2,6,1
2293181,Bailey,Leon Bailey,Midfielder,AVL,0,0,1,3,1
2293181,Kamara,Boubacar Kamara,Midfielder,AVL,0,1,1,6,0
2293181,Douglas Luiz,Douglas Luiz Soares de Paulo,Midfielder,AVL,1,0,1,6,1
2293181,Ramsey (Jacob),Jacob Ramsey,Midfielder,AVL,0,0,0,1,0
2293181,Steele,Jason Steele,Goalkeeper,BHA,1,0,0,9,0
2293181,Groß,Pascal Groß,Midfielder,BHA,0,1,0,3,0
2293181,Webster (Adam),Adam Webster,Defender,BHA,1,0,0,4,0
2293181,Veltman,Joël Veltman,Defender,BHA,0,0,0,3,0
2293181,Estupiñán,Pervis Estupiñán,Defender,BHA,1,0,0,3,0
2293181,Mac Allister,Alexis Mac Allister,Midfielder,BHA,1,0,0,5,1
2293181,Undav,Deniz Undav,Forward,BHA,0,0,0,3,0
2293181,Mitoma,Kaoru Mitoma,Midfielder,BHA,0,0,0,0,0
2293181,Colwill,Levi Colwill,Defender,BHA,6,0,0,3,0
2293181,van Hecke,Jan-Paul van Hecke,Defender,BHA,2,1,0,1,0
2293181,Enciso,Julio Enciso,Midfielder,BHA,0,0,1,4,0
2293181,Moises Caicedo,Moises Caicedo,Midfielder,BHA,2,0,1,7,0
2293181,Ferguson (Evan),Evan Ferguson,Forward,BHA,0,0,0,2,0
2293181,Ayari,Yasin Ayari,Midfielder,BHA,0,0,0,2,1
2293181,Hinshelwood,Jack Hinshelwood,Midfielder,BHA,0,0,0,0,0
2293181,Buonanotte,Facundo Buonanotte,Midfielder,BHA,0,0,1,5,0
2293182,Zanka,Mathias Jorgensen,Defender,BRE,2,0,2,3,1
2293182,Mee,Ben Mee,Defender,BRE,1,1,1,6,2
2293182,Raya Martin,David Raya Martin,Goalkeeper,BRE,0,0,0,4,0
2293182,Dasilva,Pelenda Joshua Dasilva,Midfielder,BRE,0,0,0,3,0
2293182,Henry,Rico Henry,Defender,BRE,5,0,1,9,1
2293182,Janelt,Vitaly Janelt,Midfielder,BRE,0,0,1,4,0
2293182,Ghoddos,Saman Ghoddos,Midfielder,BRE,0,0,0,1,0
2293182,Wissa,Yoane Wissa,Forward,BRE,1,0,0,4,2
2293182,Roerslev,Mads Roerslev,Defender,BRE,0,0,0,0,0
2293182,Pinnock,Ethan Pinnock,Defender,BRE,6,6,0,4,2
2293182,Onyeka,Frank Onyeka,Midfielder,BRE,0,1,2,5,1
2293182,Baptiste (Shandon),Shandon Baptiste,Midfielder,BRE,0,1,0,0,0
2293182,Damsgaard,Mikkel Damsgaard,Midfielder,BRE,0,0,0,5,1
2293182,Mbeumo,Bryan Mbeumo,Midfielder,BRE,1,0,3,3,1
2293182,Hickey,Aaron Hickey,Defender,BRE,1,0,0,4,0
2293182,Schade,Kevin Schade,Midfielder,BRE,0,0,0,1,0
2293182,Walker,Kyle Walker,Defender,MCI,0,0,2,5,1
2293182,Mahrez,Riyad Mahrez,Midfielder,MCI,0,0,0,3,0
2293182,Ederson,Ederson Santana de Moraes,Goalkeeper,MCI,0,0,0,10,0
2293182,Aké,Nathan Aké,Defender,MCI,5,1,1,2,1
2293182,Laporte,Aymeric Laporte,Defender,MCI,4,0,1,4,2
2293182,Phillips (Kalvin),Kalvin Phillips,Midfielder,MCI,2,1,1,3,0
2293182,Foden,Phil Foden,Midfielder,MCI,0,0,0,4,1
2293182,Palmer,Cole Palmer,Midfielder,MCI,0,0,0,6,0
2293182,Gómez,Sergio Gómez,Defender,MCI,2,0,0,4,0
2293182,Álvarez,Julián Álvarez,Forward,MCI,0,0,0,1,0
2293182,Charles,Shea Charles,Midfielder,MCI,2,0,1,1,0
2293182,Lewis (Rico),Rico Lewis,Defender,MCI,0,1,1,1,0
2293183,Azpilicueta,César Azpilicueta,Defender,CHE,0,0,0,2,3
2293183,Thiago Silva,Thiago Emiliano da Silva,Defender,CHE,3,1,1,6,0
2293183,Kovacic,Mateo Kovacic,Midfielder,CHE,0,0,0,4,0
2293183,Sterling (Raheem),Raheem Sterling,Midfielder,CHE,0,0,0,2,1
2293183,Kepa,Kepa Arrizabalaga Revuelta,Goalkeeper,CHE,0,0,0,9,0
2293183,Loftus-Cheek,Ruben Loftus-Cheek,Midfielder,CHE,1,0,0,6,0
2293183,Pulisic,Christian Pulisic,Midfielder,CHE,0,0,0,0,0
2293183,Chalobah (Trevoh),Trevoh Chalobah,Defender,CHE,1,1,0,1,1
2293183,Havertz,Kai Havertz,Midfielder,CHE,1,0,0,0,0
2293183,Gallagher,Conor Gallagher,Midfielder,CHE,0,0,3,1,1
2293183,Madueke,Noni Madueke,Midfielder,CHE,1,1,0,4,0
2293183,João Félix,João Félix Sequeira,Forward,CHE,0,0,0,0,0
2293183,Fofana (Wesley),Wesley Fofana,Defender,CHE,0,0,0,4,0
2293183,Fernández (Enzo),Enzo Fernández,Midfielder,CHE,0,0,2,6,0
2293183,Chukwuemeka,Carney Chukwuemeka,Midfielder,CHE,0,0,0,1,0
2293183,Lewis Hall,Lewis Hall,Defender,CHE,2,0,1,3,3
2293183,Dubravka,Martin Dubravka,Goalkeeper,NEW,1,0,0,7,0
2293183,Wilson (Callum),Callum Wilson,Forward,NEW,1,0,0,0,0
2293183,Trippier,Kieran Trippier,Defender,NEW,2,1,1,2,0
2293183,Burn,Dan Burn,Defender,NEW,0,1,0,0,0
2293183,Murphy (Jacob),Jacob Murphy,Midfielder,NEW,0,0,0,1,0
2293183,Schär,Fabian Schär,Defender,NEW,8,1,1,3,0
2293183,Targett,Matt Targett,Defender,NEW,2,2,1,7,1
2293183,Saint-Maximin,Allan Saint-Maximin,Midfielder,NEW,0,0,1,5,0
2293183,Almirón,Miguel Almirón,Midfielder,NEW,3,0,0,5,0
2293183,Lewis (Jamal),Jamal Lewis,Defender,NEW,0,0,0,0,0
2293183,Bruno Guimarães,Bruno Guimarães Rodriguez Moura,Midfielder,NEW,0,0,2,2,2
2293183,Anderson (Elliot),Elliot Anderson,Midfielder,NEW,1,1,0,2,0
2293183,Isak,Alexander Isak,Forward,NEW,1,0,0,4,0
2293183,Botman,Sven Botman,Defender,NEW,8,2,2,3,1
2293183,Gordon (Anthony),Anthony Gordon,Midfielder,NEW,1,1,0,2,2
2293183,Miley,Lewis Miley,Midfielder,NEW,0,0,0,1,0
2293184,McArthur,James McArthur,Midfielder,CRY,1,1,0,2,0
2293184,Ward (Joel),Joel Ward,Defender,CRY,1,0,1,5,1
2293184,Ayew (Jordan),Jordan Ayew,Midfielder,CRY,1,0,0,4,0
2293184,Johnstone,Sam Johnstone,Goalkeeper,CRY,0,0,0,3,0
2293184,Hughes (Will),Will Hughes,Midfielder,CRY,1,0,0,5,1
2293184,Riedewald,Jairo Riedewald,Midfielder,CRY,0,0,0,0,0
2293184,Andersen,Joachim Andersen,Defender,CRY,2,0,0,8,0
2293184,Edouard,Odsonne Edouard,Forward,CRY,0,0,0,2,0
2293184,Marc Guehi,Addji Keaninkin Marc-Israel Guehi,Defender,CRY,3,0,0,10,0
2293184,Mateta,Jean-Philippe Mateta,Forward,CRY,1,0,0,1,0
2293184,Eze,Eberechi Eze,Midfielder,CRY,0,0,0,6,1
2293184,Mitchell,Tyrick Mitchell,Defender,CRY,1,0,0,4,1
2293184,Doucoure,Cheick Oumar Doucoure,Midfielder,CRY,1,0,0,6,1
2293184,Olise,Michael Olise,Midfielder,CRY,0,0,1,2,1
2293184,Ahamada,Naouirou Ahamada,Midfielder,CRY,0,0,0,0,0
2293184,Hennessey,Wayne Hennessey,Goalkeeper,NFO,1,0,0,9,0
2293184,Ayew (André),André Ayew,Midfielder,NFO,0,0,0,0,0
2293184,Kouyaté,Cheikhou Kouyaté,Midfielder,NFO,0,0,0,4,2
2293184,Aurier,Serge Aurier,Defender,NFO,0,0,0,6,1
2293184,Boly,Willy Boly,Defender,NFO,6,0,0,3,0
2293184,Toffolo,Harry Toffolo,Defender,NFO,2,0,1,2,0
2293184,Mangala,Orel Mangala,Midfielder,NFO,2,0,1,4,2
2293184,Niakhaté,Moussa Niakhaté,Defender,NFO,1,0,0,8,2
2293184,Yates,Ryan Yates,Midfielder,NFO,2,0,1,3,0
2293184,Worrall,Joe Worrall,Defender,NFO,2,3,2,5,1
2293184,Awoniyi,Taiwo Awoniyi,Forward,NFO,1,0,1,4,0
2293184,Surridge,Sam Surridge,Forward,NFO,1,0,0,1,0
2293184,Gibbs-White,Morgan Gibbs-White,Midfielder,NFO,1,0,0,5,0
2293184,Dennis (Emmanuel),Emmanuel Bonaventure Dennis,Forward,NFO,0,0,0,1,0
2293184,Renan Lodi,Renan Augusto Lodi dos Santos,Defender,NFO,0,0,0,3,1
2293184,Johnson (Brennan),Brennan Johnson,Midfielder,NFO,0,0,0,2,1
2293185,Smith (Adam),Adam Smith,Defender,BOU,1,0,0,7,1
2293185,Brooks,David Brooks,Midfielder,BOU,0,0,1,3,0
2293185,Moore (Kieffer),Kieffer Moore,Forward,BOU,1,0,0,0,0
2293185,Lerma,Jefferson Lerma,Midfielder,BOU,1,0,0,1,0
2293185,Solanke,Dominic Solanke,Forward,BOU,3,0,0,2,0
2293185,Christie,Ryan Christie,Midfielder,BOU,1,0,0,4,0
2293185,Billing,Philip Billing,Midfielder,BOU,1,0,0,7,2
2293185,Senesi,Marcos Senesi,Defender,BOU,5,0,1,8,1
2293185,Travers,Mark Travers,Goalkeeper,BOU,0,0,0,8,0
2293185,Kelly (Lloyd),Lloyd Kelly,Defender,BOU,8,1,3,9,0
2293185,Viña,Matias Viña,Defender,BOU,1,0,0,2,2
2293185,Anthony,Jaidon Anthony,Midfielder,BOU,1,1,0,1,0
2293185,Zabarnyi,Illia Zabarnyi,Defender,BOU,4,0,1,8,1
2293185,Dango Ouattara,Dango Ouattara,Midfielder,BOU,1,0,0,0,0
2293185,Tarkowski,James Tarkowski,Defender,EVE,8,0,3,2,2
2293185,Gueye,Idrissa Gueye,Midfielder,EVE,2,0,3,10,5
2293185,Coady,Conor Coady,Defender,EVE,3,1,0,2,0
2293185,Pickford,Jordan Pickford,Goalkeeper,EVE,0,0,0,6,0
2293185,Doucouré,Abdoulaye Doucouré,Midfielder,EVE,1,0,1,7,0
2293185,Iwobi,Alex Iwobi,Midfielder,EVE,0,0,0,8,0
2293185,Mina,Yerry Mina,Defender,EVE,3,1,1,5,1
2293185,Gray (Demarai),Demarai Gray,Midfielder,EVE,0,0,1,0,0
2293185,Simms,Ellis Simms,Forward,EVE,0,0,0,0,0
2293185,Garner,James Garner,Midfielder,EVE,4,1,2,8,1
2293185,McNeil,Dwight McNeil,Midfielder,EVE,2,0,0,8,0
2293185,Mvom Onana,Amadou Mvom Onana,Midfielder,EVE,0,0,2,2,0
2293186,Cooper,Liam Cooper,Defender,LEE,2,0,2,9,1
2293186,Ayling,Luke Ayling,Defender,LEE,1,0,1,10,2
2293186,Robles,Joel Robles,Goalkeeper,LEE,0,0,0,7,0
2293186,Forshaw,Adam Forshaw,Midfielder,LEE,0,0,1,13,2
2293186,Rodrigo,Rodrigo Moreno Machado,Midfielder,LEE,0,0,0,1,0
2293186,Koch,Robin Koch,Defender,LEE,1,0,0,11,2
2293186,Wöber,Maximilian Wöber,Defender,LEE,0,0,3,1,0
2293186,Harrison,Jack Harrison,Midfielder,LEE,0,0,0,6,0
2293186,Struijk,Pascal Struijk,Defender,LEE,2,0,0,4,1
2293186,Kristensen,Rasmus Kristensen,Defender,LEE,0,1,1,8,3
2293186,McKennie,Weston McKennie,Midfielder,LEE,0,0,0,3,0
2293186,Aaronson,Brenden Aaronson,Midfielder,LEE,0,0,0,4,0
2293186,Firpo,Junior Firpo,Defender,LEE,0,0,1,4,0
2293186,Rutter,Georginio Rutter,Forward,LEE,0,0,0,0,1
2293186,Gnonto,Degnand Wilfried Gnonto,Forward,LEE,0,0,0,0,0
2293186,Forster,Fraser Forster,Goalkeeper,TOT,0,0,0,12,0
2293186,Kane,Harry Kane,Forward,TOT,3,1,0,5,0
2293186,Son,Heung-Min Son,Midfielder,TOT,0,0,0,6,0
2293186,Lucas Moura,Lucas Rodrigues Moura da Silva,Midfielder,TOT,0,0,0,0,0
2293186,Davies (Ben),Ben Davies,Defender,TOT,4,1,0,2,2
2293186,Lenglet,Clément Lenglet,Defender,TOT,13,2,1,5,1
2293186,Sánchez,Davinson Sánchez,Defender,TOT,9,2,1,6,1
2293186,Skipp,Oliver Skipp,Midfielder,TOT,3,1,3,12,1
2293186,Richarlison,Richarlison de Andrade,Midfielder,TOT,0,0,0,1,0
2293186,Bissouma,Yves Bissouma,Midfielder,TOT,3,1,3,4,3
2293186,Emerson Royal,Emerson Aparecido Leite de Souza Junior,Defender,TOT,9,0,2,10,1
2293186,Porro,Pedro Porro,Defender,TOT,1,1,1,6,2
2293186,Kulusevski,Dejan Kulusevski,Midfielder,TOT,0,0,0,4,0
2293186,Matthew Craig,Matthew Craig,Midfielder,TOT,0,0,0,0,1
2293186,Sarr (Pape),Pape Sarr,Midfielder,TOT,1,1,0,6,0
2293186,Abbott (George),George Abbott,Midfielder,TOT,0,0,1,0,0
2293187,Evans,Jonny Evans,Defender,LEI,6,2,2,5,0
2293187,Mendy (Nampalys),Nampalys Mendy,Midfielder,LEI,0,0,0,0,0
2293187,Vardy,Jamie Vardy,Forward,LEI,1,0,0,0,0
2293187,Ricardo Pereira,Ricardo Domingos Barbosa Pereira,Defender,LEI,1,0,0,0,1
2293187,Castagne,Timothy Castagne,Defender,LEI,0,1,0,2,2
2293187,Tielemans,Youri Tielemans,Midfielder,LEI,1,0,1,5,1
2293187,Maddison,James Maddison,Midfielder,LEI,0,1,0,8,1
2293187,Iheanacho,Kelechi Iheanacho,Forward,LEI,0,0,0,1,0
2293187,Barnes,Harvey Barnes,Midfielder,LEI,0,0,0,7,0
2293187,Iversen,Daniel Iversen,Goalkeeper,LEI,0,0,0,4,0
2293187,Dewsbury-Hall,Kiernan Dewsbury-Hall,Midfielder,LEI,0,0,1,5,1
2293187,Faes,Wout Faes,Defender,LEI,6,0,0,5,0
2293187,Soumaré,Boubakary Soumaré,Midfielder,LEI,1,0,2,3,1
2293187,Thomas,Luke Thomas,Defender,LEI,1,0,1,6,0
2293187,Fabianski,Lukasz Fabianski,Goalkeeper,WHU,1,0,0,3,0
2293187,Cresswell (Aaron),Aaron Cresswell,Defender,WHU,1,1,0,1,0
2293187,Antonio,Michail Antonio,Forward,WHU,1,0,0,1,0
2293187,Ings,Danny Ings,Forward,WHU,0,0,0,1,0
2293187,Lanzini,Manuel Lanzini,Midfielder,WHU,0,0,0,0,0
2293187,Emerson,Emerson Palmieri dos Santos,Defender,WHU,1,0,0,4,0
2293187,Cornet,Maxwel Cornet,Midfielder,WHU,1,0,0,1,0
2293187,Coufal,Vladimir Coufal,Defender,WHU,3,0,0,8,3
2293187,Benrahma,Said Benrahma,Midfielder,WHU,0,0,0,2,1
2293187,Bowen,Jarrod Bowen,Midfielder,WHU,1,0,0,1,0
2293187,Kehrer,Thilo Kehrer,Defender,WHU,5,0,0,8,0
2293187,Rice,Declan Rice,Midfielder,WHU,1,0,1,4,0
2293187,Aguerd,Nayef Aguerd,Defender,WHU,2,2,1,7,1
2293187,Fornals,Pablo Fornals,Midfielder,WHU,0,0,0,2,3
2293187,Downes,Flynn Downes,Midfielder,WHU,0,0,1,10,1
2293187,Lucas Paquetá,Lucas Tolentino Coelho de Lima,Midfielder,WHU,0,0,0,3,1
2293188,Willian,Willian Borges Da Silva,Midfielder,FUL,1,0,0,5,0
2293188,Cairney,Tom Cairney,Midfielder,FUL,1,0,0,4,0
2293188,Leno,Bernd Leno,Goalkeeper,FUL,1,0,0,8,0
2293188,Tosin,Oluwatosin Adarabioyo,Defender,FUL,1,1,2,3,2
2293188,Mitrovic,Aleksandar Mitrovic,Forward,FUL,1,0,0,0,0
2293188,Reed,Harrison Reed,Midfielder,FUL,0,0,0,3,0
2293188,Wilson (Harry),Harry Wilson,Midfielder,FUL,0,1,0,2,1
2293188,João Palhinha,João Maria Lobo Alves Palhinha Gonçalves,Midfielder,FUL,1,0,3,6,3
2293188,Tete,Kenny Tete,Defender,FUL,3,1,3,11,2
2293188,Robinson (Antonee),Antonee Robinson,Defender,FUL,1,1,1,5,1
2293188,James (Daniel),Daniel James,Midfielder,FUL,0,0,0,1,0
2293188,Lukic,Sasa Lukic,Midfielder,FUL,0,1,1,6,0
2293188,Diop,Issa Diop,Defender,FUL,7,1,0,3,1
2293188,Solomon,Manor Solomon,Midfielder,FUL,0,0,1,0,0
2293188,Carlos Vinicius,Carlos Vinicius Alves Morais,Forward,FUL,0,0,0,0,0
2293188,De Gea,David De Gea,Goalkeeper,MUN,0,0,0,3,0
2293188,Casemiro,Carlos Henrique Jose Francisco Venancio,Midfielder,MUN,0,0,0,7,1
2293188,Eriksen,Christian Eriksen,Midfielder,MUN,0,0,0,1,1
2293188,Maguire,Harry Maguire,Defender,MUN,3,0,3,6,1
2293188,Fred,Frederico Rodrigues de Paula Santos,Midfielder,MUN,0,0,1,4,3
2293188,Weghorst,Wout Weghorst,Forward,MUN,0,0,0,0,0
2293188,Bruno Fernandes,Bruno Miguel Borges Fernandes,Midfielder,MUN,0,0,1,7,1
2293188,Martial,Anthony Martial,Forward,MUN,0,0,0,1,0
2293188,Rashford,Marcus Rashford,Midfielder,MUN,0,0,0,1,1
2293188,Lindelof,Victor Nilsson-Lindelof,Defender,MUN,4,0,2,5,1
2293188,McTominay,Scott McTominay,Midfielder,MUN,0,1,1,3,0
2293188,Sancho,Jadon Sancho,Midfielder,MUN,0,0,0,6,0
2293188,Dalot,José Diogo Dalot Teixeira,Defender,MUN,3,0,2,3,1
2293188,Malacia,Tyrell Malacia,Defender,MUN,0,0,3,8,3
2293188,Pellistri,Facundo Pellistri,Midfielder,MUN,0,0,0,1,1
2293188,Garnacho,Alejandro Garnacho Ferreyra,Midfielder,MUN,0,0,1,4,1
2293189,Milner,James Milner,Midfielder,LIV,0,0,0,7,2
2293189,Henderson (Jordan),Jordan Henderson,Midfielder,LIV,0,0,1,4,1
2293189,Matip,Joel Matip,Defender,LIV,0,0,4,2,0
2293189,Firmino,Roberto Firmino Barbosa de Oliveira,Forward,LIV,0,0,1,5,0
2293189,Fabinho,Fabio Henrique Tavares,Midfielder,LIV,1,0,1,2,0
2293189,Salah,Mohamed Salah,Midfielder,LIV,0,0,0,2,1
2293189,Alexander-Arnold,Trent Alexander-Arnold,Defender,LIV,0,0,0,4,3
2293189,Gomez,Joseph Gomez,Defender,LIV,1,0,2,5,0
2293189,Diogo Jota,Diogo José Teixeira da Silva,Midfielder,LIV,0,0,0,3,3
2293189,Kelleher,Caoimhin Kelleher,Goalkeeper,LIV,0,0,0,7,0
2293189,Jones (Curtis),Curtis Jones,Midfielder,LIV,0,0,0,7,0
2293189,Tsimikas,Konstantinos Tsimikas,Defender,LIV,0,0,3,6,0
2293189,Gakpo,Cody Gakpo,Forward,LIV,0,0,0,2,2
2293189,Díaz,Luis Díaz,Midfielder,LIV,0,0,0,4,1
2293189,Elliott (Harvey),Harvey Elliott,Midfielder,LIV,0,0,1,4,2
2293189,Walcott,Theo Walcott,Midfielder,SOU,0,0,0,4,1
2293189,McCarthy,Alex McCarthy,Goalkeeper,SOU,0,0,1,12,0
2293189,Armstrong (Stuart),Stuart Armstrong,Midfielder,SOU,0,0,0,3,1
2293189,Elyounoussi,Mohammed Elyounoussi,Midfielder,SOU,0,0,0,2,1
2293189,Ward-Prowse,James Ward-Prowse,Midfielder,SOU,2,3,2,6,2
2293189,Armstrong (Adam),Adam Armstrong,Forward,SOU,0,0,1,2,0
2293189,Walker-Peters,Kyle Walker-Peters,Defender,SOU,2,0,4,7,2
2293189,Bednarek,Jan Bednarek,Defender,SOU,10,1,2,5,3
2293189,Bree,James Bree,Defender,SOU,4,0,1,3,1
2293189,Lyanco,Lyanco Evangelista Silveira Neves Vojnovic,Defender,SOU,11,6,3,4,0
2293189,Livramento,Valentino Livramento,Defender,SOU,2,0,1,3,0
2293189,Ballard,Dominic Ballard,Forward,SOU,0,0,0,1,0
2293189,Amo-Ameyaw,Samuel Amo-Ameyaw,Midfielder,SOU,0,0,0,1,0
2293189,Alcaraz,Carlos Alcaraz,Midfielder,SOU,2,1,0,4,0
2293189,Sulemana,Kamaldeen Sulemana,Midfielder,SOU,0,0,1,3,1
2293189,Lavia,Romeo Lavia,Midfielder,SOU,1,0,1,2,3
